python : Setting default log level to "WARN".
At line:15 char:1792
+ ... ARK_AUTH_SOCKET_TIMEOUT="600"; python 06_sna_analysis.py 2>&1 | Tee-O ...
+                                    ~~~~~~~~~~~~~~~~~~~~~~~~~~~~~~
    + CategoryInfo          : NotSpecified: (Setting default log level to "WARN".:String) [], RemoteException
    + FullyQualifiedErrorId : NativeCommandError
 
To adjust logging level use sc.setLogLevel(newLevel). For SparkR, use setLogLevel(newLevel).
26/09/04 21:16:57 WARN SparkConf: Note that spark.local.dir will be overridden by the value set by the cluster manager 
(via SPARK_LOCAL_DIRS in mesos/standalone/kubernetes and LOCAL_DIRS in YARN).
26/09/04 21:16:58 WARN Utils: The configured local directories are not expected to be URIs; however, got suspicious val
ues [d:/bigmaths/_tmp/spark-local]. Please check your configured local directories.
[load] CO_ACTOR 单向边 110822
[load] 演员 22313，平均度 9.93

[Stage 0:>                                                          (0 + 4) / 4]

[Stage 0:==============>                                            (1 + 3) / 4]

[Stage 0:=============================>                             (2 + 2) / 4]

                                                                                

[Stage 1:>                                                          (0 + 4) / 4]
C:\Users\admin\AppData\Roaming\TRAE SOLO CN\ModularData\ai-agent\vm\tools\python\Lib\site-packages\pyspark\python\lib\p
yspark.zip\pyspark\shuffle.py:65: UserWarning: Please install psutil to have better support with spilling
C:\Users\admin\AppData\Roaming\TRAE SOLO CN\ModularData\ai-agent\vm\tools\python\Lib\site-packages\pyspark\python\lib\p
yspark.zip\pyspark\shuffle.py:65: UserWarning: Please install psutil to have better support with spilling
C:\Users\admin\AppData\Roaming\TRAE SOLO CN\ModularData\ai-agent\vm\tools\python\Lib\site-packages\pyspark\python\lib\p
yspark.zip\pyspark\shuffle.py:65: UserWarning: Please install psutil to have better support with spilling
C:\Users\admin\AppData\Roaming\TRAE SOLO CN\ModularData\ai-agent\vm\tools\python\Lib\site-packages\pyspark\python\lib\p
yspark.zip\pyspark\shuffle.py:65: UserWarning: Please install psutil to have better support with spilling

[Stage 2:>                                                          (0 + 4) / 4]
C:\Users\admin\AppData\Roaming\TRAE SOLO CN\ModularData\ai-agent\vm\tools\python\Lib\site-packages\pyspark\python\lib\p
yspark.zip\pyspark\shuffle.py:65: UserWarning: Please install psutil to have better support with spilling
C:\Users\admin\AppData\Roaming\TRAE SOLO CN\ModularData\ai-agent\vm\tools\python\Lib\site-packages\pyspark\python\lib\p
yspark.zip\pyspark\shuffle.py:65: UserWarning: Please install psutil to have better support with spilling
C:\Users\admin\AppData\Roaming\TRAE SOLO CN\ModularData\ai-agent\vm\tools\python\Lib\site-packages\pyspark\python\lib\p
yspark.zip\pyspark\shuffle.py:65: UserWarning: Please install psutil to have better support with spilling
C:\Users\admin\AppData\Roaming\TRAE SOLO CN\ModularData\ai-agent\vm\tools\python\Lib\site-packages\pyspark\python\lib\p
yspark.zip\pyspark\shuffle.py:65: UserWarning: Please install psutil to have better support with spilling

[triangle] T=299737 传递性=0.7812 平均局部聚类=0.9575
[component] 连通分量 1155 个，巨片 2915 人（13.1%）
                                                                                
C:\Users\admin\AppData\Roaming\TRAE SOLO CN\ModularData\ai-agent\vm\tools\python\Lib\site-packages\pyspark\python\lib\p
yspark.zip\pyspark\shuffle.py:65: UserWarning: Please install psutil to have better support with spilling

[Stage 3:>                  (0 + 0) / 4][Stage 4:>                  (0 + 4) / 4]
C:\Users\admin\AppData\Roaming\TRAE SOLO CN\ModularData\ai-agent\vm\tools\python\Lib\site-packages\pyspark\python\lib\p
yspark.zip\pyspark\shuffle.py:65: UserWarning: Please install psutil to have better support with spilling
C:\Users\admin\AppData\Roaming\TRAE SOLO CN\ModularData\ai-agent\vm\tools\python\Lib\site-packages\pyspark\python\lib\p
yspark.zip\pyspark\shuffle.py:65: UserWarning: Please install psutil to have better support with spilling
C:\Users\admin\AppData\Roaming\TRAE SOLO CN\ModularData\ai-agent\vm\tools\python\Lib\site-packages\pyspark\python\lib\p
yspark.zip\pyspark\shuffle.py:65: UserWarning: Please install psutil to have better support with spilling

[Stage 3:>                  (0 + 3) / 4][Stage 4:==============>    (3 + 1) / 4]
C:\Users\admin\AppData\Roaming\TRAE SOLO CN\ModularData\ai-agent\vm\tools\python\Lib\site-packages\pyspark\python\lib\p
yspark.zip\pyspark\shuffle.py:65: UserWarning: Please install psutil to have better support with spilling

[Stage 3:>                                                          (0 + 4) / 4]
C:\Users\admin\AppData\Roaming\TRAE SOLO CN\ModularData\ai-agent\vm\tools\python\Lib\site-packages\pyspark\python\lib\p
yspark.zip\pyspark\shuffle.py:65: UserWarning: Please install psutil to have better support with spilling
C:\Users\admin\AppData\Roaming\TRAE SOLO CN\ModularData\ai-agent\vm\tools\python\Lib\site-packages\pyspark\python\lib\p
yspark.zip\pyspark\shuffle.py:65: UserWarning: Please install psutil to have better support with spilling

[Stage 3:=============================>                             (2 + 2) / 4]
C:\Users\admin\AppData\Roaming\TRAE SOLO CN\ModularData\ai-agent\vm\tools\python\Lib\site-packages\pyspark\python\lib\p
yspark.zip\pyspark\shuffle.py:65: UserWarning: Please install psutil to have better support with spilling

[Stage 3:============================================>              (3 + 1) / 4]

[Stage 5:>                                                          (0 + 4) / 4]
C:\Users\admin\AppData\Roaming\TRAE SOLO CN\ModularData\ai-agent\vm\tools\python\Lib\site-packages\pyspark\python\lib\p
yspark.zip\pyspark\shuffle.py:65: UserWarning: Please install psutil to have better support with spilling
C:\Users\admin\AppData\Roaming\TRAE SOLO CN\ModularData\ai-agent\vm\tools\python\Lib\site-packages\pyspark\python\lib\p
yspark.zip\pyspark\shuffle.py:65: UserWarning: Please install psutil to have better support with spilling
C:\Users\admin\AppData\Roaming\TRAE SOLO CN\ModularData\ai-agent\vm\tools\python\Lib\site-packages\pyspark\python\lib\p
yspark.zip\pyspark\shuffle.py:65: UserWarning: Please install psutil to have better support with spilling
C:\Users\admin\AppData\Roaming\TRAE SOLO CN\ModularData\ai-agent\vm\tools\python\Lib\site-packages\pyspark\python\lib\p
yspark.zip\pyspark\shuffle.py:65: UserWarning: Please install psutil to have better support with spilling

[Stage 5:==============>                                            (1 + 3) / 4]

[Stage 6:>                                                          (0 + 4) / 4]
C:\Users\admin\AppData\Roaming\TRAE SOLO CN\ModularData\ai-agent\vm\tools\python\Lib\site-packages\pyspark\python\lib\p
yspark.zip\pyspark\shuffle.py:65: UserWarning: Please install psutil to have better support with spilling
C:\Users\admin\AppData\Roaming\TRAE SOLO CN\ModularData\ai-agent\vm\tools\python\Lib\site-packages\pyspark\python\lib\p
yspark.zip\pyspark\shuffle.py:65: UserWarning: Please install psutil to have better support with spilling
C:\Users\admin\AppData\Roaming\TRAE SOLO CN\ModularData\ai-agent\vm\tools\python\Lib\site-packages\pyspark\python\lib\p
yspark.zip\pyspark\shuffle.py:65: UserWarning: Please install psutil to have better support with spilling
C:\Users\admin\AppData\Roaming\TRAE SOLO CN\ModularData\ai-agent\vm\tools\python\Lib\site-packages\pyspark\python\lib\p
yspark.zip\pyspark\shuffle.py:65: UserWarning: Please install psutil to have better support with spilling
C:\Users\admin\AppData\Roaming\TRAE SOLO CN\ModularData\ai-agent\vm\tools\python\Lib\site-packages\pyspark\python\lib\p
yspark.zip\pyspark\shuffle.py:65: UserWarning: Please install psutil to have better support with spilling
C:\Users\admin\AppData\Roaming\TRAE SOLO CN\ModularData\ai-agent\vm\tools\python\Lib\site-packages\pyspark\python\lib\p
yspark.zip\pyspark\shuffle.py:65: UserWarning: Please install psutil to have better support with spilling
C:\Users\admin\AppData\Roaming\TRAE SOLO CN\ModularData\ai-agent\vm\tools\python\Lib\site-packages\pyspark\python\lib\p
yspark.zip\pyspark\shuffle.py:65: UserWarning: Please install psutil to have better support with spilling
C:\Users\admin\AppData\Roaming\TRAE SOLO CN\ModularData\ai-agent\vm\tools\python\Lib\site-packages\pyspark\python\lib\p
yspark.zip\pyspark\shuffle.py:65: UserWarning: Please install psutil to have better support with spilling
C:\Users\admin\AppData\Roaming\TRAE SOLO CN\ModularData\ai-agent\vm\tools\python\Lib\site-packages\pyspark\python\lib\p
yspark.zip\pyspark\shuffle.py:65: UserWarning: Please install psutil to have better support with spilling
C:\Users\admin\AppData\Roaming\TRAE SOLO CN\ModularData\ai-agent\vm\tools\python\Lib\site-packages\pyspark\python\lib\p
yspark.zip\pyspark\shuffle.py:65: UserWarning: Please install psutil to have better support with spilling
C:\Users\admin\AppData\Roaming\TRAE SOLO CN\ModularData\ai-agent\vm\tools\python\Lib\site-packages\pyspark\python\lib\p
yspark.zip\pyspark\shuffle.py:65: UserWarning: Please install psutil to have better support with spilling
C:\Users\admin\AppData\Roaming\TRAE SOLO CN\ModularData\ai-agent\vm\tools\python\Lib\site-packages\pyspark\python\lib\p
yspark.zip\pyspark\shuffle.py:65: UserWarning: Please install psutil to have better support with spilling

[Stage 6:=============================>                             (2 + 2) / 4]

[bfs] round=1 new_pairs=657 cumulative=657
                                                                                

[Stage 10:>                                                         (0 + 4) / 4]
C:\Users\admin\AppData\Roaming\TRAE SOLO CN\ModularData\ai-agent\vm\tools\python\Lib\site-packages\pyspark\python\lib\p
yspark.zip\pyspark\shuffle.py:65: UserWarning: Please install psutil to have better support with spilling
C:\Users\admin\AppData\Roaming\TRAE SOLO CN\ModularData\ai-agent\vm\tools\python\Lib\site-packages\pyspark\python\lib\p
yspark.zip\pyspark\shuffle.py:65: UserWarning: Please install psutil to have better support with spilling
C:\Users\admin\AppData\Roaming\TRAE SOLO CN\ModularData\ai-agent\vm\tools\python\Lib\site-packages\pyspark\python\lib\p
yspark.zip\pyspark\shuffle.py:65: UserWarning: Please install psutil to have better support with spilling
C:\Users\admin\AppData\Roaming\TRAE SOLO CN\ModularData\ai-agent\vm\tools\python\Lib\site-packages\pyspark\python\lib\p
yspark.zip\pyspark\shuffle.py:65: UserWarning: Please install psutil to have better support with spilling

[Stage 10:==============>                                           (1 + 3) / 4]

[Stage 11:>                                                         (0 + 4) / 4]
C:\Users\admin\AppData\Roaming\TRAE SOLO CN\ModularData\ai-agent\vm\tools\python\Lib\site-packages\pyspark\python\lib\p
yspark.zip\pyspark\shuffle.py:65: UserWarning: Please install psutil to have better support with spilling
C:\Users\admin\AppData\Roaming\TRAE SOLO CN\ModularData\ai-agent\vm\tools\python\Lib\site-packages\pyspark\python\lib\p
yspark.zip\pyspark\shuffle.py:65: UserWarning: Please install psutil to have better support with spilling
C:\Users\admin\AppData\Roaming\TRAE SOLO CN\ModularData\ai-agent\vm\tools\python\Lib\site-packages\pyspark\python\lib\p
yspark.zip\pyspark\shuffle.py:65: UserWarning: Please install psutil to have better support with spilling
C:\Users\admin\AppData\Roaming\TRAE SOLO CN\ModularData\ai-agent\vm\tools\python\Lib\site-packages\pyspark\python\lib\p
yspark.zip\pyspark\shuffle.py:65: UserWarning: Please install psutil to have better support with spilling
C:\Users\admin\AppData\Roaming\TRAE SOLO CN\ModularData\ai-agent\vm\tools\python\Lib\site-packages\pyspark\python\lib\p
yspark.zip\pyspark\shuffle.py:65: UserWarning: Please install psutil to have better support with spilling
C:\Users\admin\AppData\Roaming\TRAE SOLO CN\ModularData\ai-agent\vm\tools\python\Lib\site-packages\pyspark\python\lib\p
yspark.zip\pyspark\shuffle.py:65: UserWarning: Please install psutil to have better support with spilling
C:\Users\admin\AppData\Roaming\TRAE SOLO CN\ModularData\ai-agent\vm\tools\python\Lib\site-packages\pyspark\python\lib\p
yspark.zip\pyspark\shuffle.py:65: UserWarning: Please install psutil to have better support with spilling
C:\Users\admin\AppData\Roaming\TRAE SOLO CN\ModularData\ai-agent\vm\tools\python\Lib\site-packages\pyspark\python\lib\p
yspark.zip\pyspark\shuffle.py:65: UserWarning: Please install psutil to have better support with spilling
C:\Users\admin\AppData\Roaming\TRAE SOLO CN\ModularData\ai-agent\vm\tools\python\Lib\site-packages\pyspark\python\lib\p
yspark.zip\pyspark\shuffle.py:65: UserWarning: Please install psutil to have better support with spilling
C:\Users\admin\AppData\Roaming\TRAE SOLO CN\ModularData\ai-agent\vm\tools\python\Lib\site-packages\pyspark\python\lib\p
yspark.zip\pyspark\shuffle.py:65: UserWarning: Please install psutil to have better support with spilling
C:\Users\admin\AppData\Roaming\TRAE SOLO CN\ModularData\ai-agent\vm\tools\python\Lib\site-packages\pyspark\python\lib\p
yspark.zip\pyspark\shuffle.py:65: UserWarning: Please install psutil to have better support with spilling
C:\Users\admin\AppData\Roaming\TRAE SOLO CN\ModularData\ai-agent\vm\tools\python\Lib\site-packages\pyspark\python\lib\p
yspark.zip\pyspark\shuffle.py:65: UserWarning: Please install psutil to have better support with spilling

[Stage 11:=============================>                            (2 + 2) / 4]

[bfs] round=2 new_pairs=2137 cumulative=2794
                                                                                

[Stage 16:>                                                         (0 + 4) / 4]
C:\Users\admin\AppData\Roaming\TRAE SOLO CN\ModularData\ai-agent\vm\tools\python\Lib\site-packages\pyspark\python\lib\p
yspark.zip\pyspark\shuffle.py:65: UserWarning: Please install psutil to have better support with spilling
C:\Users\admin\AppData\Roaming\TRAE SOLO CN\ModularData\ai-agent\vm\tools\python\Lib\site-packages\pyspark\python\lib\p
yspark.zip\pyspark\shuffle.py:65: UserWarning: Please install psutil to have better support with spilling
C:\Users\admin\AppData\Roaming\TRAE SOLO CN\ModularData\ai-agent\vm\tools\python\Lib\site-packages\pyspark\python\lib\p
yspark.zip\pyspark\shuffle.py:65: UserWarning: Please install psutil to have better support with spilling
C:\Users\admin\AppData\Roaming\TRAE SOLO CN\ModularData\ai-agent\vm\tools\python\Lib\site-packages\pyspark\python\lib\p
yspark.zip\pyspark\shuffle.py:65: UserWarning: Please install psutil to have better support with spilling

[Stage 16:==============>                                           (1 + 3) / 4]

[Stage 16:===========================================>              (3 + 1) / 4]

[Stage 17:>                                                         (0 + 4) / 4]
C:\Users\admin\AppData\Roaming\TRAE SOLO CN\ModularData\ai-agent\vm\tools\python\Lib\site-packages\pyspark\python\lib\p
yspark.zip\pyspark\shuffle.py:65: UserWarning: Please install psutil to have better support with spilling
C:\Users\admin\AppData\Roaming\TRAE SOLO CN\ModularData\ai-agent\vm\tools\python\Lib\site-packages\pyspark\python\lib\p
yspark.zip\pyspark\shuffle.py:65: UserWarning: Please install psutil to have better support with spilling
C:\Users\admin\AppData\Roaming\TRAE SOLO CN\ModularData\ai-agent\vm\tools\python\Lib\site-packages\pyspark\python\lib\p
yspark.zip\pyspark\shuffle.py:65: UserWarning: Please install psutil to have better support with spilling
C:\Users\admin\AppData\Roaming\TRAE SOLO CN\ModularData\ai-agent\vm\tools\python\Lib\site-packages\pyspark\python\lib\p
yspark.zip\pyspark\shuffle.py:65: UserWarning: Please install psutil to have better support with spilling
C:\Users\admin\AppData\Roaming\TRAE SOLO CN\ModularData\ai-agent\vm\tools\python\Lib\site-packages\pyspark\python\lib\p
yspark.zip\pyspark\shuffle.py:65: UserWarning: Please install psutil to have better support with spilling
C:\Users\admin\AppData\Roaming\TRAE SOLO CN\ModularData\ai-agent\vm\tools\python\Lib\site-packages\pyspark\python\lib\p
yspark.zip\pyspark\shuffle.py:65: UserWarning: Please install psutil to have better support with spilling
C:\Users\admin\AppData\Roaming\TRAE SOLO CN\ModularData\ai-agent\vm\tools\python\Lib\site-packages\pyspark\python\lib\p
yspark.zip\pyspark\shuffle.py:65: UserWarning: Please install psutil to have better support with spilling
C:\Users\admin\AppData\Roaming\TRAE SOLO CN\ModularData\ai-agent\vm\tools\python\Lib\site-packages\pyspark\python\lib\p
yspark.zip\pyspark\shuffle.py:65: UserWarning: Please install psutil to have better support with spilling
C:\Users\admin\AppData\Roaming\TRAE SOLO CN\ModularData\ai-agent\vm\tools\python\Lib\site-packages\pyspark\python\lib\p
yspark.zip\pyspark\shuffle.py:65: UserWarning: Please install psutil to have better support with spilling
C:\Users\admin\AppData\Roaming\TRAE SOLO CN\ModularData\ai-agent\vm\tools\python\Lib\site-packages\pyspark\python\lib\p
yspark.zip\pyspark\shuffle.py:65: UserWarning: Please install psutil to have better support with spilling
C:\Users\admin\AppData\Roaming\TRAE SOLO CN\ModularData\ai-agent\vm\tools\python\Lib\site-packages\pyspark\python\lib\p
yspark.zip\pyspark\shuffle.py:65: UserWarning: Please install psutil to have better support with spilling
C:\Users\admin\AppData\Roaming\TRAE SOLO CN\ModularData\ai-agent\vm\tools\python\Lib\site-packages\pyspark\python\lib\p
yspark.zip\pyspark\shuffle.py:65: UserWarning: Please install psutil to have better support with spilling

[Stage 17:==============>                                           (1 + 3) / 4]

[Stage 17:=============================>                            (2 + 2) / 4]

[bfs] round=3 new_pairs=5224 cumulative=8018
                                                                                

[Stage 23:>                                                         (0 + 4) / 4]
C:\Users\admin\AppData\Roaming\TRAE SOLO CN\ModularData\ai-agent\vm\tools\python\Lib\site-packages\pyspark\python\lib\p
yspark.zip\pyspark\shuffle.py:65: UserWarning: Please install psutil to have better support with spilling
C:\Users\admin\AppData\Roaming\TRAE SOLO CN\ModularData\ai-agent\vm\tools\python\Lib\site-packages\pyspark\python\lib\p
yspark.zip\pyspark\shuffle.py:65: UserWarning: Please install psutil to have better support with spilling
C:\Users\admin\AppData\Roaming\TRAE SOLO CN\ModularData\ai-agent\vm\tools\python\Lib\site-packages\pyspark\python\lib\p
yspark.zip\pyspark\shuffle.py:65: UserWarning: Please install psutil to have better support with spilling
C:\Users\admin\AppData\Roaming\TRAE SOLO CN\ModularData\ai-agent\vm\tools\python\Lib\site-packages\pyspark\python\lib\p
yspark.zip\pyspark\shuffle.py:65: UserWarning: Please install psutil to have better support with spilling

[Stage 23:==============>                                           (1 + 3) / 4]

[Stage 23:=============================>                            (2 + 2) / 4]

[Stage 24:>                                                         (0 + 4) / 4]
C:\Users\admin\AppData\Roaming\TRAE SOLO CN\ModularData\ai-agent\vm\tools\python\Lib\site-packages\pyspark\python\lib\p
yspark.zip\pyspark\shuffle.py:65: UserWarning: Please install psutil to have better support with spilling
C:\Users\admin\AppData\Roaming\TRAE SOLO CN\ModularData\ai-agent\vm\tools\python\Lib\site-packages\pyspark\python\lib\p
yspark.zip\pyspark\shuffle.py:65: UserWarning: Please install psutil to have better support with spilling
C:\Users\admin\AppData\Roaming\TRAE SOLO CN\ModularData\ai-agent\vm\tools\python\Lib\site-packages\pyspark\python\lib\p
yspark.zip\pyspark\shuffle.py:65: UserWarning: Please install psutil to have better support with spilling
C:\Users\admin\AppData\Roaming\TRAE SOLO CN\ModularData\ai-agent\vm\tools\python\Lib\site-packages\pyspark\python\lib\p
yspark.zip\pyspark\shuffle.py:65: UserWarning: Please install psutil to have better support with spilling
C:\Users\admin\AppData\Roaming\TRAE SOLO CN\ModularData\ai-agent\vm\tools\python\Lib\site-packages\pyspark\python\lib\p
yspark.zip\pyspark\shuffle.py:65: UserWarning: Please install psutil to have better support with spilling
C:\Users\admin\AppData\Roaming\TRAE SOLO CN\ModularData\ai-agent\vm\tools\python\Lib\site-packages\pyspark\python\lib\p
yspark.zip\pyspark\shuffle.py:65: UserWarning: Please install psutil to have better support with spilling
C:\Users\admin\AppData\Roaming\TRAE SOLO CN\ModularData\ai-agent\vm\tools\python\Lib\site-packages\pyspark\python\lib\p
yspark.zip\pyspark\shuffle.py:65: UserWarning: Please install psutil to have better support with spilling
C:\Users\admin\AppData\Roaming\TRAE SOLO CN\ModularData\ai-agent\vm\tools\python\Lib\site-packages\pyspark\python\lib\p
yspark.zip\pyspark\shuffle.py:65: UserWarning: Please install psutil to have better support with spilling
C:\Users\admin\AppData\Roaming\TRAE SOLO CN\ModularData\ai-agent\vm\tools\python\Lib\site-packages\pyspark\python\lib\p
yspark.zip\pyspark\shuffle.py:65: UserWarning: Please install psutil to have better support with spilling
C:\Users\admin\AppData\Roaming\TRAE SOLO CN\ModularData\ai-agent\vm\tools\python\Lib\site-packages\pyspark\python\lib\p
yspark.zip\pyspark\shuffle.py:65: UserWarning: Please install psutil to have better support with spilling
C:\Users\admin\AppData\Roaming\TRAE SOLO CN\ModularData\ai-agent\vm\tools\python\Lib\site-packages\pyspark\python\lib\p
yspark.zip\pyspark\shuffle.py:65: UserWarning: Please install psutil to have better support with spilling
C:\Users\admin\AppData\Roaming\TRAE SOLO CN\ModularData\ai-agent\vm\tools\python\Lib\site-packages\pyspark\python\lib\p
yspark.zip\pyspark\shuffle.py:65: UserWarning: Please install psutil to have better support with spilling

[Stage 24:==============>                                           (1 + 3) / 4]

[Stage 24:=============================>                            (2 + 2) / 4]

[bfs] round=4 new_pairs=9394 cumulative=17412
                                                                                

[Stage 31:>                                                         (0 + 4) / 4]
C:\Users\admin\AppData\Roaming\TRAE SOLO CN\ModularData\ai-agent\vm\tools\python\Lib\site-packages\pyspark\python\lib\p
yspark.zip\pyspark\shuffle.py:65: UserWarning: Please install psutil to have better support with spilling
C:\Users\admin\AppData\Roaming\TRAE SOLO CN\ModularData\ai-agent\vm\tools\python\Lib\site-packages\pyspark\python\lib\p
yspark.zip\pyspark\shuffle.py:65: UserWarning: Please install psutil to have better support with spilling
C:\Users\admin\AppData\Roaming\TRAE SOLO CN\ModularData\ai-agent\vm\tools\python\Lib\site-packages\pyspark\python\lib\p
yspark.zip\pyspark\shuffle.py:65: UserWarning: Please install psutil to have better support with spilling
C:\Users\admin\AppData\Roaming\TRAE SOLO CN\ModularData\ai-agent\vm\tools\python\Lib\site-packages\pyspark\python\lib\p
yspark.zip\pyspark\shuffle.py:65: UserWarning: Please install psutil to have better support with spilling

[Stage 31:==============>                                           (1 + 3) / 4]

[Stage 31:=============================>                            (2 + 2) / 4]

[Stage 32:>                                                         (0 + 4) / 4]
C:\Users\admin\AppData\Roaming\TRAE SOLO CN\ModularData\ai-agent\vm\tools\python\Lib\site-packages\pyspark\python\lib\p
yspark.zip\pyspark\shuffle.py:65: UserWarning: Please install psutil to have better support with spilling
C:\Users\admin\AppData\Roaming\TRAE SOLO CN\ModularData\ai-agent\vm\tools\python\Lib\site-packages\pyspark\python\lib\p
yspark.zip\pyspark\shuffle.py:65: UserWarning: Please install psutil to have better support with spilling
C:\Users\admin\AppData\Roaming\TRAE SOLO CN\ModularData\ai-agent\vm\tools\python\Lib\site-packages\pyspark\python\lib\p
yspark.zip\pyspark\shuffle.py:65: UserWarning: Please install psutil to have better support with spilling
C:\Users\admin\AppData\Roaming\TRAE SOLO CN\ModularData\ai-agent\vm\tools\python\Lib\site-packages\pyspark\python\lib\p
yspark.zip\pyspark\shuffle.py:65: UserWarning: Please install psutil to have better support with spilling
C:\Users\admin\AppData\Roaming\TRAE SOLO CN\ModularData\ai-agent\vm\tools\python\Lib\site-packages\pyspark\python\lib\p
yspark.zip\pyspark\shuffle.py:65: UserWarning: Please install psutil to have better support with spilling
C:\Users\admin\AppData\Roaming\TRAE SOLO CN\ModularData\ai-agent\vm\tools\python\Lib\site-packages\pyspark\python\lib\p
yspark.zip\pyspark\shuffle.py:65: UserWarning: Please install psutil to have better support with spilling
C:\Users\admin\AppData\Roaming\TRAE SOLO CN\ModularData\ai-agent\vm\tools\python\Lib\site-packages\pyspark\python\lib\p
yspark.zip\pyspark\shuffle.py:65: UserWarning: Please install psutil to have better support with spilling
C:\Users\admin\AppData\Roaming\TRAE SOLO CN\ModularData\ai-agent\vm\tools\python\Lib\site-packages\pyspark\python\lib\p
yspark.zip\pyspark\shuffle.py:65: UserWarning: Please install psutil to have better support with spilling
C:\Users\admin\AppData\Roaming\TRAE SOLO CN\ModularData\ai-agent\vm\tools\python\Lib\site-packages\pyspark\python\lib\p
yspark.zip\pyspark\shuffle.py:65: UserWarning: Please install psutil to have better support with spilling
C:\Users\admin\AppData\Roaming\TRAE SOLO CN\ModularData\ai-agent\vm\tools\python\Lib\site-packages\pyspark\python\lib\p
yspark.zip\pyspark\shuffle.py:65: UserWarning: Please install psutil to have better support with spilling
C:\Users\admin\AppData\Roaming\TRAE SOLO CN\ModularData\ai-agent\vm\tools\python\Lib\site-packages\pyspark\python\lib\p
yspark.zip\pyspark\shuffle.py:65: UserWarning: Please install psutil to have better support with spilling
C:\Users\admin\AppData\Roaming\TRAE SOLO CN\ModularData\ai-agent\vm\tools\python\Lib\site-packages\pyspark\python\lib\p
yspark.zip\pyspark\shuffle.py:65: UserWarning: Please install psutil to have better support with spilling

[Stage 32:==============>                                           (1 + 3) / 4]

[Stage 32:=============================>                            (2 + 2) / 4]

[bfs] round=5 new_pairs=12464 cumulative=29876
                                                                                

[Stage 40:>                                                         (0 + 4) / 4]
C:\Users\admin\AppData\Roaming\TRAE SOLO CN\ModularData\ai-agent\vm\tools\python\Lib\site-packages\pyspark\python\lib\p
yspark.zip\pyspark\shuffle.py:65: UserWarning: Please install psutil to have better support with spilling
C:\Users\admin\AppData\Roaming\TRAE SOLO CN\ModularData\ai-agent\vm\tools\python\Lib\site-packages\pyspark\python\lib\p
yspark.zip\pyspark\shuffle.py:65: UserWarning: Please install psutil to have better support with spilling
C:\Users\admin\AppData\Roaming\TRAE SOLO CN\ModularData\ai-agent\vm\tools\python\Lib\site-packages\pyspark\python\lib\p
yspark.zip\pyspark\shuffle.py:65: UserWarning: Please install psutil to have better support with spilling
C:\Users\admin\AppData\Roaming\TRAE SOLO CN\ModularData\ai-agent\vm\tools\python\Lib\site-packages\pyspark\python\lib\p
yspark.zip\pyspark\shuffle.py:65: UserWarning: Please install psutil to have better support with spilling

[Stage 40:==============>                                           (1 + 3) / 4]

[Stage 40:=============================>                            (2 + 2) / 4]

[Stage 41:>                                                         (0 + 4) / 4]
C:\Users\admin\AppData\Roaming\TRAE SOLO CN\ModularData\ai-agent\vm\tools\python\Lib\site-packages\pyspark\python\lib\p
yspark.zip\pyspark\shuffle.py:65: UserWarning: Please install psutil to have better support with spilling
C:\Users\admin\AppData\Roaming\TRAE SOLO CN\ModularData\ai-agent\vm\tools\python\Lib\site-packages\pyspark\python\lib\p
yspark.zip\pyspark\shuffle.py:65: UserWarning: Please install psutil to have better support with spilling
C:\Users\admin\AppData\Roaming\TRAE SOLO CN\ModularData\ai-agent\vm\tools\python\Lib\site-packages\pyspark\python\lib\p
yspark.zip\pyspark\shuffle.py:65: UserWarning: Please install psutil to have better support with spilling
C:\Users\admin\AppData\Roaming\TRAE SOLO CN\ModularData\ai-agent\vm\tools\python\Lib\site-packages\pyspark\python\lib\p
yspark.zip\pyspark\shuffle.py:65: UserWarning: Please install psutil to have better support with spilling
C:\Users\admin\AppData\Roaming\TRAE SOLO CN\ModularData\ai-agent\vm\tools\python\Lib\site-packages\pyspark\python\lib\p
yspark.zip\pyspark\shuffle.py:65: UserWarning: Please install psutil to have better support with spilling
C:\Users\admin\AppData\Roaming\TRAE SOLO CN\ModularData\ai-agent\vm\tools\python\Lib\site-packages\pyspark\python\lib\p
yspark.zip\pyspark\shuffle.py:65: UserWarning: Please install psutil to have better support with spilling
C:\Users\admin\AppData\Roaming\TRAE SOLO CN\ModularData\ai-agent\vm\tools\python\Lib\site-packages\pyspark\python\lib\p
yspark.zip\pyspark\shuffle.py:65: UserWarning: Please install psutil to have better support with spilling
C:\Users\admin\AppData\Roaming\TRAE SOLO CN\ModularData\ai-agent\vm\tools\python\Lib\site-packages\pyspark\python\lib\p
yspark.zip\pyspark\shuffle.py:65: UserWarning: Please install psutil to have better support with spilling
C:\Users\admin\AppData\Roaming\TRAE SOLO CN\ModularData\ai-agent\vm\tools\python\Lib\site-packages\pyspark\python\lib\p
yspark.zip\pyspark\shuffle.py:65: UserWarning: Please install psutil to have better support with spilling
C:\Users\admin\AppData\Roaming\TRAE SOLO CN\ModularData\ai-agent\vm\tools\python\Lib\site-packages\pyspark\python\lib\p
yspark.zip\pyspark\shuffle.py:65: UserWarning: Please install psutil to have better support with spilling
C:\Users\admin\AppData\Roaming\TRAE SOLO CN\ModularData\ai-agent\vm\tools\python\Lib\site-packages\pyspark\python\lib\p
yspark.zip\pyspark\shuffle.py:65: UserWarning: Please install psutil to have better support with spilling
C:\Users\admin\AppData\Roaming\TRAE SOLO CN\ModularData\ai-agent\vm\tools\python\Lib\site-packages\pyspark\python\lib\p
yspark.zip\pyspark\shuffle.py:65: UserWarning: Please install psutil to have better support with spilling

[Stage 41:==============>                                           (1 + 3) / 4]

[Stage 41:=============================>                            (2 + 2) / 4]

[bfs] round=6 new_pairs=12878 cumulative=42754
                                                                                

[Stage 50:>                                                         (0 + 4) / 4]
C:\Users\admin\AppData\Roaming\TRAE SOLO CN\ModularData\ai-agent\vm\tools\python\Lib\site-packages\pyspark\python\lib\p
yspark.zip\pyspark\shuffle.py:65: UserWarning: Please install psutil to have better support with spilling
C:\Users\admin\AppData\Roaming\TRAE SOLO CN\ModularData\ai-agent\vm\tools\python\Lib\site-packages\pyspark\python\lib\p
yspark.zip\pyspark\shuffle.py:65: UserWarning: Please install psutil to have better support with spilling
C:\Users\admin\AppData\Roaming\TRAE SOLO CN\ModularData\ai-agent\vm\tools\python\Lib\site-packages\pyspark\python\lib\p
yspark.zip\pyspark\shuffle.py:65: UserWarning: Please install psutil to have better support with spilling
C:\Users\admin\AppData\Roaming\TRAE SOLO CN\ModularData\ai-agent\vm\tools\python\Lib\site-packages\pyspark\python\lib\p
yspark.zip\pyspark\shuffle.py:65: UserWarning: Please install psutil to have better support with spilling

[Stage 50:==============>                                           (1 + 3) / 4]

[Stage 50:===========================================>              (3 + 1) / 4]

[Stage 51:>                                                         (0 + 4) / 4]
C:\Users\admin\AppData\Roaming\TRAE SOLO CN\ModularData\ai-agent\vm\tools\python\Lib\site-packages\pyspark\python\lib\p
yspark.zip\pyspark\shuffle.py:65: UserWarning: Please install psutil to have better support with spilling
C:\Users\admin\AppData\Roaming\TRAE SOLO CN\ModularData\ai-agent\vm\tools\python\Lib\site-packages\pyspark\python\lib\p
yspark.zip\pyspark\shuffle.py:65: UserWarning: Please install psutil to have better support with spilling
C:\Users\admin\AppData\Roaming\TRAE SOLO CN\ModularData\ai-agent\vm\tools\python\Lib\site-packages\pyspark\python\lib\p
yspark.zip\pyspark\shuffle.py:65: UserWarning: Please install psutil to have better support with spilling
C:\Users\admin\AppData\Roaming\TRAE SOLO CN\ModularData\ai-agent\vm\tools\python\Lib\site-packages\pyspark\python\lib\p
yspark.zip\pyspark\shuffle.py:65: UserWarning: Please install psutil to have better support with spilling
C:\Users\admin\AppData\Roaming\TRAE SOLO CN\ModularData\ai-agent\vm\tools\python\Lib\site-packages\pyspark\python\lib\p
yspark.zip\pyspark\shuffle.py:65: UserWarning: Please install psutil to have better support with spilling
C:\Users\admin\AppData\Roaming\TRAE SOLO CN\ModularData\ai-agent\vm\tools\python\Lib\site-packages\pyspark\python\lib\p
yspark.zip\pyspark\shuffle.py:65: UserWarning: Please install psutil to have better support with spilling
C:\Users\admin\AppData\Roaming\TRAE SOLO CN\ModularData\ai-agent\vm\tools\python\Lib\site-packages\pyspark\python\lib\p
yspark.zip\pyspark\shuffle.py:65: UserWarning: Please install psutil to have better support with spilling
C:\Users\admin\AppData\Roaming\TRAE SOLO CN\ModularData\ai-agent\vm\tools\python\Lib\site-packages\pyspark\python\lib\p
yspark.zip\pyspark\shuffle.py:65: UserWarning: Please install psutil to have better support with spilling
C:\Users\admin\AppData\Roaming\TRAE SOLO CN\ModularData\ai-agent\vm\tools\python\Lib\site-packages\pyspark\python\lib\p
yspark.zip\pyspark\shuffle.py:65: UserWarning: Please install psutil to have better support with spilling
C:\Users\admin\AppData\Roaming\TRAE SOLO CN\ModularData\ai-agent\vm\tools\python\Lib\site-packages\pyspark\python\lib\p
yspark.zip\pyspark\shuffle.py:65: UserWarning: Please install psutil to have better support with spilling
C:\Users\admin\AppData\Roaming\TRAE SOLO CN\ModularData\ai-agent\vm\tools\python\Lib\site-packages\pyspark\python\lib\p
yspark.zip\pyspark\shuffle.py:65: UserWarning: Please install psutil to have better support with spilling
C:\Users\admin\AppData\Roaming\TRAE SOLO CN\ModularData\ai-agent\vm\tools\python\Lib\site-packages\pyspark\python\lib\p
yspark.zip\pyspark\shuffle.py:65: UserWarning: Please install psutil to have better support with spilling

[Stage 51:==============>                                           (1 + 3) / 4]

[Stage 51:=============================>                            (2 + 2) / 4]

[bfs] round=7 new_pairs=12967 cumulative=55721
                                                                                

[Stage 61:>                                                         (0 + 4) / 4]
C:\Users\admin\AppData\Roaming\TRAE SOLO CN\ModularData\ai-agent\vm\tools\python\Lib\site-packages\pyspark\python\lib\p
yspark.zip\pyspark\shuffle.py:65: UserWarning: Please install psutil to have better support with spilling
C:\Users\admin\AppData\Roaming\TRAE SOLO CN\ModularData\ai-agent\vm\tools\python\Lib\site-packages\pyspark\python\lib\p
yspark.zip\pyspark\shuffle.py:65: UserWarning: Please install psutil to have better support with spilling
C:\Users\admin\AppData\Roaming\TRAE SOLO CN\ModularData\ai-agent\vm\tools\python\Lib\site-packages\pyspark\python\lib\p
yspark.zip\pyspark\shuffle.py:65: UserWarning: Please install psutil to have better support with spilling
C:\Users\admin\AppData\Roaming\TRAE SOLO CN\ModularData\ai-agent\vm\tools\python\Lib\site-packages\pyspark\python\lib\p
yspark.zip\pyspark\shuffle.py:65: UserWarning: Please install psutil to have better support with spilling

[Stage 61:==============>                                           (1 + 3) / 4]

[Stage 62:>                                                         (0 + 4) / 4]
C:\Users\admin\AppData\Roaming\TRAE SOLO CN\ModularData\ai-agent\vm\tools\python\Lib\site-packages\pyspark\python\lib\p
yspark.zip\pyspark\shuffle.py:65: UserWarning: Please install psutil to have better support with spilling
C:\Users\admin\AppData\Roaming\TRAE SOLO CN\ModularData\ai-agent\vm\tools\python\Lib\site-packages\pyspark\python\lib\p
yspark.zip\pyspark\shuffle.py:65: UserWarning: Please install psutil to have better support with spilling
C:\Users\admin\AppData\Roaming\TRAE SOLO CN\ModularData\ai-agent\vm\tools\python\Lib\site-packages\pyspark\python\lib\p
yspark.zip\pyspark\shuffle.py:65: UserWarning: Please install psutil to have better support with spilling
C:\Users\admin\AppData\Roaming\TRAE SOLO CN\ModularData\ai-agent\vm\tools\python\Lib\site-packages\pyspark\python\lib\p
yspark.zip\pyspark\shuffle.py:65: UserWarning: Please install psutil to have better support with spilling
C:\Users\admin\AppData\Roaming\TRAE SOLO CN\ModularData\ai-agent\vm\tools\python\Lib\site-packages\pyspark\python\lib\p
yspark.zip\pyspark\shuffle.py:65: UserWarning: Please install psutil to have better support with spilling
C:\Users\admin\AppData\Roaming\TRAE SOLO CN\ModularData\ai-agent\vm\tools\python\Lib\site-packages\pyspark\python\lib\p
yspark.zip\pyspark\shuffle.py:65: UserWarning: Please install psutil to have better support with spilling
C:\Users\admin\AppData\Roaming\TRAE SOLO CN\ModularData\ai-agent\vm\tools\python\Lib\site-packages\pyspark\python\lib\p
yspark.zip\pyspark\shuffle.py:65: UserWarning: Please install psutil to have better support with spilling
C:\Users\admin\AppData\Roaming\TRAE SOLO CN\ModularData\ai-agent\vm\tools\python\Lib\site-packages\pyspark\python\lib\p
yspark.zip\pyspark\shuffle.py:65: UserWarning: Please install psutil to have better support with spilling
C:\Users\admin\AppData\Roaming\TRAE SOLO CN\ModularData\ai-agent\vm\tools\python\Lib\site-packages\pyspark\python\lib\p
yspark.zip\pyspark\shuffle.py:65: UserWarning: Please install psutil to have better support with spilling
C:\Users\admin\AppData\Roaming\TRAE SOLO CN\ModularData\ai-agent\vm\tools\python\Lib\site-packages\pyspark\python\lib\p
yspark.zip\pyspark\shuffle.py:65: UserWarning: Please install psutil to have better support with spilling
C:\Users\admin\AppData\Roaming\TRAE SOLO CN\ModularData\ai-agent\vm\tools\python\Lib\site-packages\pyspark\python\lib\p
yspark.zip\pyspark\shuffle.py:65: UserWarning: Please install psutil to have better support with spilling
C:\Users\admin\AppData\Roaming\TRAE SOLO CN\ModularData\ai-agent\vm\tools\python\Lib\site-packages\pyspark\python\lib\p
yspark.zip\pyspark\shuffle.py:65: UserWarning: Please install psutil to have better support with spilling

[Stage 62:=============================>                            (2 + 2) / 4]

[bfs] round=8 new_pairs=13920 cumulative=69641
                                                                                

[Stage 73:>                                                         (0 + 4) / 4]
C:\Users\admin\AppData\Roaming\TRAE SOLO CN\ModularData\ai-agent\vm\tools\python\Lib\site-packages\pyspark\python\lib\p
yspark.zip\pyspark\shuffle.py:65: UserWarning: Please install psutil to have better support with spilling
C:\Users\admin\AppData\Roaming\TRAE SOLO CN\ModularData\ai-agent\vm\tools\python\Lib\site-packages\pyspark\python\lib\p
yspark.zip\pyspark\shuffle.py:65: UserWarning: Please install psutil to have better support with spilling
C:\Users\admin\AppData\Roaming\TRAE SOLO CN\ModularData\ai-agent\vm\tools\python\Lib\site-packages\pyspark\python\lib\p
yspark.zip\pyspark\shuffle.py:65: UserWarning: Please install psutil to have better support with spilling
C:\Users\admin\AppData\Roaming\TRAE SOLO CN\ModularData\ai-agent\vm\tools\python\Lib\site-packages\pyspark\python\lib\p
yspark.zip\pyspark\shuffle.py:65: UserWarning: Please install psutil to have better support with spilling

[Stage 73:==============>                                           (1 + 3) / 4]

[Stage 73:===========================================>              (3 + 1) / 4]

[Stage 74:>                                                         (0 + 4) / 4]
C:\Users\admin\AppData\Roaming\TRAE SOLO CN\ModularData\ai-agent\vm\tools\python\Lib\site-packages\pyspark\python\lib\p
yspark.zip\pyspark\shuffle.py:65: UserWarning: Please install psutil to have better support with spilling
C:\Users\admin\AppData\Roaming\TRAE SOLO CN\ModularData\ai-agent\vm\tools\python\Lib\site-packages\pyspark\python\lib\p
yspark.zip\pyspark\shuffle.py:65: UserWarning: Please install psutil to have better support with spilling
C:\Users\admin\AppData\Roaming\TRAE SOLO CN\ModularData\ai-agent\vm\tools\python\Lib\site-packages\pyspark\python\lib\p
yspark.zip\pyspark\shuffle.py:65: UserWarning: Please install psutil to have better support with spilling
C:\Users\admin\AppData\Roaming\TRAE SOLO CN\ModularData\ai-agent\vm\tools\python\Lib\site-packages\pyspark\python\lib\p
yspark.zip\pyspark\shuffle.py:65: UserWarning: Please install psutil to have better support with spilling
C:\Users\admin\AppData\Roaming\TRAE SOLO CN\ModularData\ai-agent\vm\tools\python\Lib\site-packages\pyspark\python\lib\p
yspark.zip\pyspark\shuffle.py:65: UserWarning: Please install psutil to have better support with spilling
C:\Users\admin\AppData\Roaming\TRAE SOLO CN\ModularData\ai-agent\vm\tools\python\Lib\site-packages\pyspark\python\lib\p
yspark.zip\pyspark\shuffle.py:65: UserWarning: Please install psutil to have better support with spilling
C:\Users\admin\AppData\Roaming\TRAE SOLO CN\ModularData\ai-agent\vm\tools\python\Lib\site-packages\pyspark\python\lib\p
yspark.zip\pyspark\shuffle.py:65: UserWarning: Please install psutil to have better support with spilling
C:\Users\admin\AppData\Roaming\TRAE SOLO CN\ModularData\ai-agent\vm\tools\python\Lib\site-packages\pyspark\python\lib\p
yspark.zip\pyspark\shuffle.py:65: UserWarning: Please install psutil to have better support with spilling
C:\Users\admin\AppData\Roaming\TRAE SOLO CN\ModularData\ai-agent\vm\tools\python\Lib\site-packages\pyspark\python\lib\p
yspark.zip\pyspark\shuffle.py:65: UserWarning: Please install psutil to have better support with spilling
C:\Users\admin\AppData\Roaming\TRAE SOLO CN\ModularData\ai-agent\vm\tools\python\Lib\site-packages\pyspark\python\lib\p
yspark.zip\pyspark\shuffle.py:65: UserWarning: Please install psutil to have better support with spilling
C:\Users\admin\AppData\Roaming\TRAE SOLO CN\ModularData\ai-agent\vm\tools\python\Lib\site-packages\pyspark\python\lib\p
yspark.zip\pyspark\shuffle.py:65: UserWarning: Please install psutil to have better support with spilling
C:\Users\admin\AppData\Roaming\TRAE SOLO CN\ModularData\ai-agent\vm\tools\python\Lib\site-packages\pyspark\python\lib\p
yspark.zip\pyspark\shuffle.py:65: UserWarning: Please install psutil to have better support with spilling

[Stage 74:==============>                                           (1 + 3) / 4]

[Stage 74:=============================>                            (2 + 2) / 4]

[bfs] round=9 new_pairs=12476 cumulative=82117
                                                                                

[Stage 86:>                                                         (0 + 4) / 4]
C:\Users\admin\AppData\Roaming\TRAE SOLO CN\ModularData\ai-agent\vm\tools\python\Lib\site-packages\pyspark\python\lib\p
yspark.zip\pyspark\shuffle.py:65: UserWarning: Please install psutil to have better support with spilling
C:\Users\admin\AppData\Roaming\TRAE SOLO CN\ModularData\ai-agent\vm\tools\python\Lib\site-packages\pyspark\python\lib\p
yspark.zip\pyspark\shuffle.py:65: UserWarning: Please install psutil to have better support with spilling
C:\Users\admin\AppData\Roaming\TRAE SOLO CN\ModularData\ai-agent\vm\tools\python\Lib\site-packages\pyspark\python\lib\p
yspark.zip\pyspark\shuffle.py:65: UserWarning: Please install psutil to have better support with spilling
C:\Users\admin\AppData\Roaming\TRAE SOLO CN\ModularData\ai-agent\vm\tools\python\Lib\site-packages\pyspark\python\lib\p
yspark.zip\pyspark\shuffle.py:65: UserWarning: Please install psutil to have better support with spilling

[Stage 86:==============>                                           (1 + 3) / 4]

[Stage 86:=============================>                            (2 + 2) / 4]

[Stage 87:>                                                         (0 + 4) / 4]
C:\Users\admin\AppData\Roaming\TRAE SOLO CN\ModularData\ai-agent\vm\tools\python\Lib\site-packages\pyspark\python\lib\p
yspark.zip\pyspark\shuffle.py:65: UserWarning: Please install psutil to have better support with spilling
C:\Users\admin\AppData\Roaming\TRAE SOLO CN\ModularData\ai-agent\vm\tools\python\Lib\site-packages\pyspark\python\lib\p
yspark.zip\pyspark\shuffle.py:65: UserWarning: Please install psutil to have better support with spilling
C:\Users\admin\AppData\Roaming\TRAE SOLO CN\ModularData\ai-agent\vm\tools\python\Lib\site-packages\pyspark\python\lib\p
yspark.zip\pyspark\shuffle.py:65: UserWarning: Please install psutil to have better support with spilling
C:\Users\admin\AppData\Roaming\TRAE SOLO CN\ModularData\ai-agent\vm\tools\python\Lib\site-packages\pyspark\python\lib\p
yspark.zip\pyspark\shuffle.py:65: UserWarning: Please install psutil to have better support with spilling
C:\Users\admin\AppData\Roaming\TRAE SOLO CN\ModularData\ai-agent\vm\tools\python\Lib\site-packages\pyspark\python\lib\p
yspark.zip\pyspark\shuffle.py:65: UserWarning: Please install psutil to have better support with spilling
C:\Users\admin\AppData\Roaming\TRAE SOLO CN\ModularData\ai-agent\vm\tools\python\Lib\site-packages\pyspark\python\lib\p
yspark.zip\pyspark\shuffle.py:65: UserWarning: Please install psutil to have better support with spilling
C:\Users\admin\AppData\Roaming\TRAE SOLO CN\ModularData\ai-agent\vm\tools\python\Lib\site-packages\pyspark\python\lib\p
yspark.zip\pyspark\shuffle.py:65: UserWarning: Please install psutil to have better support with spilling
C:\Users\admin\AppData\Roaming\TRAE SOLO CN\ModularData\ai-agent\vm\tools\python\Lib\site-packages\pyspark\python\lib\p
yspark.zip\pyspark\shuffle.py:65: UserWarning: Please install psutil to have better support with spilling
C:\Users\admin\AppData\Roaming\TRAE SOLO CN\ModularData\ai-agent\vm\tools\python\Lib\site-packages\pyspark\python\lib\p
yspark.zip\pyspark\shuffle.py:65: UserWarning: Please install psutil to have better support with spilling
C:\Users\admin\AppData\Roaming\TRAE SOLO CN\ModularData\ai-agent\vm\tools\python\Lib\site-packages\pyspark\python\lib\p
yspark.zip\pyspark\shuffle.py:65: UserWarning: Please install psutil to have better support with spilling
C:\Users\admin\AppData\Roaming\TRAE SOLO CN\ModularData\ai-agent\vm\tools\python\Lib\site-packages\pyspark\python\lib\p
yspark.zip\pyspark\shuffle.py:65: UserWarning: Please install psutil to have better support with spilling
C:\Users\admin\AppData\Roaming\TRAE SOLO CN\ModularData\ai-agent\vm\tools\python\Lib\site-packages\pyspark\python\lib\p
yspark.zip\pyspark\shuffle.py:65: UserWarning: Please install psutil to have better support with spilling

[Stage 87:==============>                                           (1 + 3) / 4]

[Stage 87:=============================>                            (2 + 2) / 4]

[bfs] round=10 new_pairs=11155 cumulative=93272
                                                                                

[Stage 100:>                                                        (0 + 4) / 4]
C:\Users\admin\AppData\Roaming\TRAE SOLO CN\ModularData\ai-agent\vm\tools\python\Lib\site-packages\pyspark\python\lib\p
yspark.zip\pyspark\shuffle.py:65: UserWarning: Please install psutil to have better support with spilling
C:\Users\admin\AppData\Roaming\TRAE SOLO CN\ModularData\ai-agent\vm\tools\python\Lib\site-packages\pyspark\python\lib\p
yspark.zip\pyspark\shuffle.py:65: UserWarning: Please install psutil to have better support with spilling
C:\Users\admin\AppData\Roaming\TRAE SOLO CN\ModularData\ai-agent\vm\tools\python\Lib\site-packages\pyspark\python\lib\p
yspark.zip\pyspark\shuffle.py:65: UserWarning: Please install psutil to have better support with spilling
C:\Users\admin\AppData\Roaming\TRAE SOLO CN\ModularData\ai-agent\vm\tools\python\Lib\site-packages\pyspark\python\lib\p
yspark.zip\pyspark\shuffle.py:65: UserWarning: Please install psutil to have better support with spilling

[Stage 100:==============>                                          (1 + 3) / 4]

[Stage 101:>                                                        (0 + 4) / 4]
C:\Users\admin\AppData\Roaming\TRAE SOLO CN\ModularData\ai-agent\vm\tools\python\Lib\site-packages\pyspark\python\lib\p
yspark.zip\pyspark\shuffle.py:65: UserWarning: Please install psutil to have better support with spilling
C:\Users\admin\AppData\Roaming\TRAE SOLO CN\ModularData\ai-agent\vm\tools\python\Lib\site-packages\pyspark\python\lib\p
yspark.zip\pyspark\shuffle.py:65: UserWarning: Please install psutil to have better support with spilling
C:\Users\admin\AppData\Roaming\TRAE SOLO CN\ModularData\ai-agent\vm\tools\python\Lib\site-packages\pyspark\python\lib\p
yspark.zip\pyspark\shuffle.py:65: UserWarning: Please install psutil to have better support with spilling
C:\Users\admin\AppData\Roaming\TRAE SOLO CN\ModularData\ai-agent\vm\tools\python\Lib\site-packages\pyspark\python\lib\p
yspark.zip\pyspark\shuffle.py:65: UserWarning: Please install psutil to have better support with spilling
C:\Users\admin\AppData\Roaming\TRAE SOLO CN\ModularData\ai-agent\vm\tools\python\Lib\site-packages\pyspark\python\lib\p
yspark.zip\pyspark\shuffle.py:65: UserWarning: Please install psutil to have better support with spilling
C:\Users\admin\AppData\Roaming\TRAE SOLO CN\ModularData\ai-agent\vm\tools\python\Lib\site-packages\pyspark\python\lib\p
yspark.zip\pyspark\shuffle.py:65: UserWarning: Please install psutil to have better support with spilling
C:\Users\admin\AppData\Roaming\TRAE SOLO CN\ModularData\ai-agent\vm\tools\python\Lib\site-packages\pyspark\python\lib\p
yspark.zip\pyspark\shuffle.py:65: UserWarning: Please install psutil to have better support with spilling
C:\Users\admin\AppData\Roaming\TRAE SOLO CN\ModularData\ai-agent\vm\tools\python\Lib\site-packages\pyspark\python\lib\p
yspark.zip\pyspark\shuffle.py:65: UserWarning: Please install psutil to have better support with spilling
C:\Users\admin\AppData\Roaming\TRAE SOLO CN\ModularData\ai-agent\vm\tools\python\Lib\site-packages\pyspark\python\lib\p
yspark.zip\pyspark\shuffle.py:65: UserWarning: Please install psutil to have better support with spilling
C:\Users\admin\AppData\Roaming\TRAE SOLO CN\ModularData\ai-agent\vm\tools\python\Lib\site-packages\pyspark\python\lib\p
yspark.zip\pyspark\shuffle.py:65: UserWarning: Please install psutil to have better support with spilling
C:\Users\admin\AppData\Roaming\TRAE SOLO CN\ModularData\ai-agent\vm\tools\python\Lib\site-packages\pyspark\python\lib\p
yspark.zip\pyspark\shuffle.py:65: UserWarning: Please install psutil to have better support with spilling
C:\Users\admin\AppData\Roaming\TRAE SOLO CN\ModularData\ai-agent\vm\tools\python\Lib\site-packages\pyspark\python\lib\p
yspark.zip\pyspark\shuffle.py:65: UserWarning: Please install psutil to have better support with spilling

[Stage 101:==============>                                          (1 + 3) / 4]

[Stage 101:============================>                            (2 + 2) / 4]

[bfs] round=11 new_pairs=10500 cumulative=103772
                                                                                

[Stage 115:>                                                        (0 + 4) / 4]
C:\Users\admin\AppData\Roaming\TRAE SOLO CN\ModularData\ai-agent\vm\tools\python\Lib\site-packages\pyspark\python\lib\p
yspark.zip\pyspark\shuffle.py:65: UserWarning: Please install psutil to have better support with spilling
C:\Users\admin\AppData\Roaming\TRAE SOLO CN\ModularData\ai-agent\vm\tools\python\Lib\site-packages\pyspark\python\lib\p
yspark.zip\pyspark\shuffle.py:65: UserWarning: Please install psutil to have better support with spilling
C:\Users\admin\AppData\Roaming\TRAE SOLO CN\ModularData\ai-agent\vm\tools\python\Lib\site-packages\pyspark\python\lib\p
yspark.zip\pyspark\shuffle.py:65: UserWarning: Please install psutil to have better support with spilling
C:\Users\admin\AppData\Roaming\TRAE SOLO CN\ModularData\ai-agent\vm\tools\python\Lib\site-packages\pyspark\python\lib\p
yspark.zip\pyspark\shuffle.py:65: UserWarning: Please install psutil to have better support with spilling

[Stage 115:==============>                                          (1 + 3) / 4]

[Stage 116:>                                                        (0 + 4) / 4]
C:\Users\admin\AppData\Roaming\TRAE SOLO CN\ModularData\ai-agent\vm\tools\python\Lib\site-packages\pyspark\python\lib\p
yspark.zip\pyspark\shuffle.py:65: UserWarning: Please install psutil to have better support with spilling
C:\Users\admin\AppData\Roaming\TRAE SOLO CN\ModularData\ai-agent\vm\tools\python\Lib\site-packages\pyspark\python\lib\p
yspark.zip\pyspark\shuffle.py:65: UserWarning: Please install psutil to have better support with spilling
C:\Users\admin\AppData\Roaming\TRAE SOLO CN\ModularData\ai-agent\vm\tools\python\Lib\site-packages\pyspark\python\lib\p
yspark.zip\pyspark\shuffle.py:65: UserWarning: Please install psutil to have better support with spilling
C:\Users\admin\AppData\Roaming\TRAE SOLO CN\ModularData\ai-agent\vm\tools\python\Lib\site-packages\pyspark\python\lib\p
yspark.zip\pyspark\shuffle.py:65: UserWarning: Please install psutil to have better support with spilling
C:\Users\admin\AppData\Roaming\TRAE SOLO CN\ModularData\ai-agent\vm\tools\python\Lib\site-packages\pyspark\python\lib\p
yspark.zip\pyspark\shuffle.py:65: UserWarning: Please install psutil to have better support with spilling
C:\Users\admin\AppData\Roaming\TRAE SOLO CN\ModularData\ai-agent\vm\tools\python\Lib\site-packages\pyspark\python\lib\p
yspark.zip\pyspark\shuffle.py:65: UserWarning: Please install psutil to have better support with spilling
C:\Users\admin\AppData\Roaming\TRAE SOLO CN\ModularData\ai-agent\vm\tools\python\Lib\site-packages\pyspark\python\lib\p
yspark.zip\pyspark\shuffle.py:65: UserWarning: Please install psutil to have better support with spilling
C:\Users\admin\AppData\Roaming\TRAE SOLO CN\ModularData\ai-agent\vm\tools\python\Lib\site-packages\pyspark\python\lib\p
yspark.zip\pyspark\shuffle.py:65: UserWarning: Please install psutil to have better support with spilling
C:\Users\admin\AppData\Roaming\TRAE SOLO CN\ModularData\ai-agent\vm\tools\python\Lib\site-packages\pyspark\python\lib\p
yspark.zip\pyspark\shuffle.py:65: UserWarning: Please install psutil to have better support with spilling
C:\Users\admin\AppData\Roaming\TRAE SOLO CN\ModularData\ai-agent\vm\tools\python\Lib\site-packages\pyspark\python\lib\p
yspark.zip\pyspark\shuffle.py:65: UserWarning: Please install psutil to have better support with spilling
C:\Users\admin\AppData\Roaming\TRAE SOLO CN\ModularData\ai-agent\vm\tools\python\Lib\site-packages\pyspark\python\lib\p
yspark.zip\pyspark\shuffle.py:65: UserWarning: Please install psutil to have better support with spilling
C:\Users\admin\AppData\Roaming\TRAE SOLO CN\ModularData\ai-agent\vm\tools\python\Lib\site-packages\pyspark\python\lib\p
yspark.zip\pyspark\shuffle.py:65: UserWarning: Please install psutil to have better support with spilling

[Stage 116:==============>                                          (1 + 3) / 4]

[Stage 116:============================>                            (2 + 2) / 4]

[Stage 116:==========================================>              (3 + 1) / 4]

[bfs] round=12 new_pairs=10962 cumulative=114734
                                                                                

[Stage 131:>                                                        (0 + 4) / 4]
C:\Users\admin\AppData\Roaming\TRAE SOLO CN\ModularData\ai-agent\vm\tools\python\Lib\site-packages\pyspark\python\lib\p
yspark.zip\pyspark\shuffle.py:65: UserWarning: Please install psutil to have better support with spilling
C:\Users\admin\AppData\Roaming\TRAE SOLO CN\ModularData\ai-agent\vm\tools\python\Lib\site-packages\pyspark\python\lib\p
yspark.zip\pyspark\shuffle.py:65: UserWarning: Please install psutil to have better support with spilling
C:\Users\admin\AppData\Roaming\TRAE SOLO CN\ModularData\ai-agent\vm\tools\python\Lib\site-packages\pyspark\python\lib\p
yspark.zip\pyspark\shuffle.py:65: UserWarning: Please install psutil to have better support with spilling
C:\Users\admin\AppData\Roaming\TRAE SOLO CN\ModularData\ai-agent\vm\tools\python\Lib\site-packages\pyspark\python\lib\p
yspark.zip\pyspark\shuffle.py:65: UserWarning: Please install psutil to have better support with spilling

[Stage 131:==============>                                          (1 + 3) / 4]

[Stage 131:============================>                            (2 + 2) / 4]

[Stage 132:>                                                        (0 + 4) / 4]
C:\Users\admin\AppData\Roaming\TRAE SOLO CN\ModularData\ai-agent\vm\tools\python\Lib\site-packages\pyspark\python\lib\p
yspark.zip\pyspark\shuffle.py:65: UserWarning: Please install psutil to have better support with spilling
C:\Users\admin\AppData\Roaming\TRAE SOLO CN\ModularData\ai-agent\vm\tools\python\Lib\site-packages\pyspark\python\lib\p
yspark.zip\pyspark\shuffle.py:65: UserWarning: Please install psutil to have better support with spilling
C:\Users\admin\AppData\Roaming\TRAE SOLO CN\ModularData\ai-agent\vm\tools\python\Lib\site-packages\pyspark\python\lib\p
yspark.zip\pyspark\shuffle.py:65: UserWarning: Please install psutil to have better support with spilling
C:\Users\admin\AppData\Roaming\TRAE SOLO CN\ModularData\ai-agent\vm\tools\python\Lib\site-packages\pyspark\python\lib\p
yspark.zip\pyspark\shuffle.py:65: UserWarning: Please install psutil to have better support with spilling
C:\Users\admin\AppData\Roaming\TRAE SOLO CN\ModularData\ai-agent\vm\tools\python\Lib\site-packages\pyspark\python\lib\p
yspark.zip\pyspark\shuffle.py:65: UserWarning: Please install psutil to have better support with spilling
C:\Users\admin\AppData\Roaming\TRAE SOLO CN\ModularData\ai-agent\vm\tools\python\Lib\site-packages\pyspark\python\lib\p
yspark.zip\pyspark\shuffle.py:65: UserWarning: Please install psutil to have better support with spilling
C:\Users\admin\AppData\Roaming\TRAE SOLO CN\ModularData\ai-agent\vm\tools\python\Lib\site-packages\pyspark\python\lib\p
yspark.zip\pyspark\shuffle.py:65: UserWarning: Please install psutil to have better support with spilling
C:\Users\admin\AppData\Roaming\TRAE SOLO CN\ModularData\ai-agent\vm\tools\python\Lib\site-packages\pyspark\python\lib\p
yspark.zip\pyspark\shuffle.py:65: UserWarning: Please install psutil to have better support with spilling
C:\Users\admin\AppData\Roaming\TRAE SOLO CN\ModularData\ai-agent\vm\tools\python\Lib\site-packages\pyspark\python\lib\p
yspark.zip\pyspark\shuffle.py:65: UserWarning: Please install psutil to have better support with spilling
C:\Users\admin\AppData\Roaming\TRAE SOLO CN\ModularData\ai-agent\vm\tools\python\Lib\site-packages\pyspark\python\lib\p
yspark.zip\pyspark\shuffle.py:65: UserWarning: Please install psutil to have better support with spilling
C:\Users\admin\AppData\Roaming\TRAE SOLO CN\ModularData\ai-agent\vm\tools\python\Lib\site-packages\pyspark\python\lib\p
yspark.zip\pyspark\shuffle.py:65: UserWarning: Please install psutil to have better support with spilling
C:\Users\admin\AppData\Roaming\TRAE SOLO CN\ModularData\ai-agent\vm\tools\python\Lib\site-packages\pyspark\python\lib\p
yspark.zip\pyspark\shuffle.py:65: UserWarning: Please install psutil to have better support with spilling

[Stage 132:==============>                                          (1 + 3) / 4]

[Stage 132:============================>                            (2 + 2) / 4]

[bfs] round=13 new_pairs=10590 cumulative=125324
                                                                                

[Stage 148:>                                                        (0 + 4) / 4]
C:\Users\admin\AppData\Roaming\TRAE SOLO CN\ModularData\ai-agent\vm\tools\python\Lib\site-packages\pyspark\python\lib\p
yspark.zip\pyspark\shuffle.py:65: UserWarning: Please install psutil to have better support with spilling
C:\Users\admin\AppData\Roaming\TRAE SOLO CN\ModularData\ai-agent\vm\tools\python\Lib\site-packages\pyspark\python\lib\p
yspark.zip\pyspark\shuffle.py:65: UserWarning: Please install psutil to have better support with spilling
C:\Users\admin\AppData\Roaming\TRAE SOLO CN\ModularData\ai-agent\vm\tools\python\Lib\site-packages\pyspark\python\lib\p
yspark.zip\pyspark\shuffle.py:65: UserWarning: Please install psutil to have better support with spilling
C:\Users\admin\AppData\Roaming\TRAE SOLO CN\ModularData\ai-agent\vm\tools\python\Lib\site-packages\pyspark\python\lib\p
yspark.zip\pyspark\shuffle.py:65: UserWarning: Please install psutil to have better support with spilling

[Stage 148:==============>                                          (1 + 3) / 4]

[Stage 149:>                                                        (0 + 4) / 4]
C:\Users\admin\AppData\Roaming\TRAE SOLO CN\ModularData\ai-agent\vm\tools\python\Lib\site-packages\pyspark\python\lib\p
yspark.zip\pyspark\shuffle.py:65: UserWarning: Please install psutil to have better support with spilling
C:\Users\admin\AppData\Roaming\TRAE SOLO CN\ModularData\ai-agent\vm\tools\python\Lib\site-packages\pyspark\python\lib\p
yspark.zip\pyspark\shuffle.py:65: UserWarning: Please install psutil to have better support with spilling
C:\Users\admin\AppData\Roaming\TRAE SOLO CN\ModularData\ai-agent\vm\tools\python\Lib\site-packages\pyspark\python\lib\p
yspark.zip\pyspark\shuffle.py:65: UserWarning: Please install psutil to have better support with spilling
C:\Users\admin\AppData\Roaming\TRAE SOLO CN\ModularData\ai-agent\vm\tools\python\Lib\site-packages\pyspark\python\lib\p
yspark.zip\pyspark\shuffle.py:65: UserWarning: Please install psutil to have better support with spilling
C:\Users\admin\AppData\Roaming\TRAE SOLO CN\ModularData\ai-agent\vm\tools\python\Lib\site-packages\pyspark\python\lib\p
yspark.zip\pyspark\shuffle.py:65: UserWarning: Please install psutil to have better support with spilling
C:\Users\admin\AppData\Roaming\TRAE SOLO CN\ModularData\ai-agent\vm\tools\python\Lib\site-packages\pyspark\python\lib\p
yspark.zip\pyspark\shuffle.py:65: UserWarning: Please install psutil to have better support with spilling
C:\Users\admin\AppData\Roaming\TRAE SOLO CN\ModularData\ai-agent\vm\tools\python\Lib\site-packages\pyspark\python\lib\p
yspark.zip\pyspark\shuffle.py:65: UserWarning: Please install psutil to have better support with spilling
C:\Users\admin\AppData\Roaming\TRAE SOLO CN\ModularData\ai-agent\vm\tools\python\Lib\site-packages\pyspark\python\lib\p
yspark.zip\pyspark\shuffle.py:65: UserWarning: Please install psutil to have better support with spilling
C:\Users\admin\AppData\Roaming\TRAE SOLO CN\ModularData\ai-agent\vm\tools\python\Lib\site-packages\pyspark\python\lib\p
yspark.zip\pyspark\shuffle.py:65: UserWarning: Please install psutil to have better support with spilling
C:\Users\admin\AppData\Roaming\TRAE SOLO CN\ModularData\ai-agent\vm\tools\python\Lib\site-packages\pyspark\python\lib\p
yspark.zip\pyspark\shuffle.py:65: UserWarning: Please install psutil to have better support with spilling
C:\Users\admin\AppData\Roaming\TRAE SOLO CN\ModularData\ai-agent\vm\tools\python\Lib\site-packages\pyspark\python\lib\p
yspark.zip\pyspark\shuffle.py:65: UserWarning: Please install psutil to have better support with spilling
C:\Users\admin\AppData\Roaming\TRAE SOLO CN\ModularData\ai-agent\vm\tools\python\Lib\site-packages\pyspark\python\lib\p
yspark.zip\pyspark\shuffle.py:65: UserWarning: Please install psutil to have better support with spilling

[Stage 149:==============>                                          (1 + 3) / 4]

[Stage 149:============================>                            (2 + 2) / 4]

[Stage 149:==========================================>              (3 + 1) / 4]

[bfs] round=14 new_pairs=10412 cumulative=135736
                                                                                

[Stage 166:>                                                        (0 + 4) / 4]
C:\Users\admin\AppData\Roaming\TRAE SOLO CN\ModularData\ai-agent\vm\tools\python\Lib\site-packages\pyspark\python\lib\p
yspark.zip\pyspark\shuffle.py:65: UserWarning: Please install psutil to have better support with spilling
C:\Users\admin\AppData\Roaming\TRAE SOLO CN\ModularData\ai-agent\vm\tools\python\Lib\site-packages\pyspark\python\lib\p
yspark.zip\pyspark\shuffle.py:65: UserWarning: Please install psutil to have better support with spilling
C:\Users\admin\AppData\Roaming\TRAE SOLO CN\ModularData\ai-agent\vm\tools\python\Lib\site-packages\pyspark\python\lib\p
yspark.zip\pyspark\shuffle.py:65: UserWarning: Please install psutil to have better support with spilling
C:\Users\admin\AppData\Roaming\TRAE SOLO CN\ModularData\ai-agent\vm\tools\python\Lib\site-packages\pyspark\python\lib\p
yspark.zip\pyspark\shuffle.py:65: UserWarning: Please install psutil to have better support with spilling

[Stage 166:==============>                                          (1 + 3) / 4]

[Stage 166:==========================================>              (3 + 1) / 4]

[Stage 167:>                                                        (0 + 4) / 4]
C:\Users\admin\AppData\Roaming\TRAE SOLO CN\ModularData\ai-agent\vm\tools\python\Lib\site-packages\pyspark\python\lib\p
yspark.zip\pyspark\shuffle.py:65: UserWarning: Please install psutil to have better support with spilling
C:\Users\admin\AppData\Roaming\TRAE SOLO CN\ModularData\ai-agent\vm\tools\python\Lib\site-packages\pyspark\python\lib\p
yspark.zip\pyspark\shuffle.py:65: UserWarning: Please install psutil to have better support with spilling
C:\Users\admin\AppData\Roaming\TRAE SOLO CN\ModularData\ai-agent\vm\tools\python\Lib\site-packages\pyspark\python\lib\p
yspark.zip\pyspark\shuffle.py:65: UserWarning: Please install psutil to have better support with spilling
C:\Users\admin\AppData\Roaming\TRAE SOLO CN\ModularData\ai-agent\vm\tools\python\Lib\site-packages\pyspark\python\lib\p
yspark.zip\pyspark\shuffle.py:65: UserWarning: Please install psutil to have better support with spilling
C:\Users\admin\AppData\Roaming\TRAE SOLO CN\ModularData\ai-agent\vm\tools\python\Lib\site-packages\pyspark\python\lib\p
yspark.zip\pyspark\shuffle.py:65: UserWarning: Please install psutil to have better support with spilling
C:\Users\admin\AppData\Roaming\TRAE SOLO CN\ModularData\ai-agent\vm\tools\python\Lib\site-packages\pyspark\python\lib\p
yspark.zip\pyspark\shuffle.py:65: UserWarning: Please install psutil to have better support with spilling
C:\Users\admin\AppData\Roaming\TRAE SOLO CN\ModularData\ai-agent\vm\tools\python\Lib\site-packages\pyspark\python\lib\p
yspark.zip\pyspark\shuffle.py:65: UserWarning: Please install psutil to have better support with spilling
C:\Users\admin\AppData\Roaming\TRAE SOLO CN\ModularData\ai-agent\vm\tools\python\Lib\site-packages\pyspark\python\lib\p
yspark.zip\pyspark\shuffle.py:65: UserWarning: Please install psutil to have better support with spilling
C:\Users\admin\AppData\Roaming\TRAE SOLO CN\ModularData\ai-agent\vm\tools\python\Lib\site-packages\pyspark\python\lib\p
yspark.zip\pyspark\shuffle.py:65: UserWarning: Please install psutil to have better support with spilling
C:\Users\admin\AppData\Roaming\TRAE SOLO CN\ModularData\ai-agent\vm\tools\python\Lib\site-packages\pyspark\python\lib\p
yspark.zip\pyspark\shuffle.py:65: UserWarning: Please install psutil to have better support with spilling
C:\Users\admin\AppData\Roaming\TRAE SOLO CN\ModularData\ai-agent\vm\tools\python\Lib\site-packages\pyspark\python\lib\p
yspark.zip\pyspark\shuffle.py:65: UserWarning: Please install psutil to have better support with spilling
C:\Users\admin\AppData\Roaming\TRAE SOLO CN\ModularData\ai-agent\vm\tools\python\Lib\site-packages\pyspark\python\lib\p
yspark.zip\pyspark\shuffle.py:65: UserWarning: Please install psutil to have better support with spilling

[Stage 167:==============>                                          (1 + 3) / 4]

[Stage 167:============================>                            (2 + 2) / 4]

[bfs] round=15 new_pairs=10235 cumulative=145971
                                                                                

[Stage 185:>                                                        (0 + 4) / 4]
C:\Users\admin\AppData\Roaming\TRAE SOLO CN\ModularData\ai-agent\vm\tools\python\Lib\site-packages\pyspark\python\lib\p
yspark.zip\pyspark\shuffle.py:65: UserWarning: Please install psutil to have better support with spilling
C:\Users\admin\AppData\Roaming\TRAE SOLO CN\ModularData\ai-agent\vm\tools\python\Lib\site-packages\pyspark\python\lib\p
yspark.zip\pyspark\shuffle.py:65: UserWarning: Please install psutil to have better support with spilling
C:\Users\admin\AppData\Roaming\TRAE SOLO CN\ModularData\ai-agent\vm\tools\python\Lib\site-packages\pyspark\python\lib\p
yspark.zip\pyspark\shuffle.py:65: UserWarning: Please install psutil to have better support with spilling
C:\Users\admin\AppData\Roaming\TRAE SOLO CN\ModularData\ai-agent\vm\tools\python\Lib\site-packages\pyspark\python\lib\p
yspark.zip\pyspark\shuffle.py:65: UserWarning: Please install psutil to have better support with spilling

[Stage 185:==============>                                          (1 + 3) / 4]

[Stage 186:>                                                        (0 + 4) / 4]
C:\Users\admin\AppData\Roaming\TRAE SOLO CN\ModularData\ai-agent\vm\tools\python\Lib\site-packages\pyspark\python\lib\p
yspark.zip\pyspark\shuffle.py:65: UserWarning: Please install psutil to have better support with spilling
C:\Users\admin\AppData\Roaming\TRAE SOLO CN\ModularData\ai-agent\vm\tools\python\Lib\site-packages\pyspark\python\lib\p
yspark.zip\pyspark\shuffle.py:65: UserWarning: Please install psutil to have better support with spilling
C:\Users\admin\AppData\Roaming\TRAE SOLO CN\ModularData\ai-agent\vm\tools\python\Lib\site-packages\pyspark\python\lib\p
yspark.zip\pyspark\shuffle.py:65: UserWarning: Please install psutil to have better support with spilling
C:\Users\admin\AppData\Roaming\TRAE SOLO CN\ModularData\ai-agent\vm\tools\python\Lib\site-packages\pyspark\python\lib\p
yspark.zip\pyspark\shuffle.py:65: UserWarning: Please install psutil to have better support with spilling
C:\Users\admin\AppData\Roaming\TRAE SOLO CN\ModularData\ai-agent\vm\tools\python\Lib\site-packages\pyspark\python\lib\p
yspark.zip\pyspark\shuffle.py:65: UserWarning: Please install psutil to have better support with spilling
C:\Users\admin\AppData\Roaming\TRAE SOLO CN\ModularData\ai-agent\vm\tools\python\Lib\site-packages\pyspark\python\lib\p
yspark.zip\pyspark\shuffle.py:65: UserWarning: Please install psutil to have better support with spilling
C:\Users\admin\AppData\Roaming\TRAE SOLO CN\ModularData\ai-agent\vm\tools\python\Lib\site-packages\pyspark\python\lib\p
yspark.zip\pyspark\shuffle.py:65: UserWarning: Please install psutil to have better support with spilling
C:\Users\admin\AppData\Roaming\TRAE SOLO CN\ModularData\ai-agent\vm\tools\python\Lib\site-packages\pyspark\python\lib\p
yspark.zip\pyspark\shuffle.py:65: UserWarning: Please install psutil to have better support with spilling
C:\Users\admin\AppData\Roaming\TRAE SOLO CN\ModularData\ai-agent\vm\tools\python\Lib\site-packages\pyspark\python\lib\p
yspark.zip\pyspark\shuffle.py:65: UserWarning: Please install psutil to have better support with spilling
C:\Users\admin\AppData\Roaming\TRAE SOLO CN\ModularData\ai-agent\vm\tools\python\Lib\site-packages\pyspark\python\lib\p
yspark.zip\pyspark\shuffle.py:65: UserWarning: Please install psutil to have better support with spilling
C:\Users\admin\AppData\Roaming\TRAE SOLO CN\ModularData\ai-agent\vm\tools\python\Lib\site-packages\pyspark\python\lib\p
yspark.zip\pyspark\shuffle.py:65: UserWarning: Please install psutil to have better support with spilling
C:\Users\admin\AppData\Roaming\TRAE SOLO CN\ModularData\ai-agent\vm\tools\python\Lib\site-packages\pyspark\python\lib\p
yspark.zip\pyspark\shuffle.py:65: UserWarning: Please install psutil to have better support with spilling

[Stage 186:==============>                                          (1 + 3) / 4]

[Stage 186:============================>                            (2 + 2) / 4]

[bfs] round=16 new_pairs=8525 cumulative=154496
                                                                                

[Stage 205:>                                                        (0 + 4) / 4]
C:\Users\admin\AppData\Roaming\TRAE SOLO CN\ModularData\ai-agent\vm\tools\python\Lib\site-packages\pyspark\python\lib\p
yspark.zip\pyspark\shuffle.py:65: UserWarning: Please install psutil to have better support with spilling
C:\Users\admin\AppData\Roaming\TRAE SOLO CN\ModularData\ai-agent\vm\tools\python\Lib\site-packages\pyspark\python\lib\p
yspark.zip\pyspark\shuffle.py:65: UserWarning: Please install psutil to have better support with spilling
C:\Users\admin\AppData\Roaming\TRAE SOLO CN\ModularData\ai-agent\vm\tools\python\Lib\site-packages\pyspark\python\lib\p
yspark.zip\pyspark\shuffle.py:65: UserWarning: Please install psutil to have better support with spilling
C:\Users\admin\AppData\Roaming\TRAE SOLO CN\ModularData\ai-agent\vm\tools\python\Lib\site-packages\pyspark\python\lib\p
yspark.zip\pyspark\shuffle.py:65: UserWarning: Please install psutil to have better support with spilling

[Stage 205:==============>                                          (1 + 3) / 4]

[Stage 206:>                                                        (0 + 4) / 4]
C:\Users\admin\AppData\Roaming\TRAE SOLO CN\ModularData\ai-agent\vm\tools\python\Lib\site-packages\pyspark\python\lib\p
yspark.zip\pyspark\shuffle.py:65: UserWarning: Please install psutil to have better support with spilling
C:\Users\admin\AppData\Roaming\TRAE SOLO CN\ModularData\ai-agent\vm\tools\python\Lib\site-packages\pyspark\python\lib\p
yspark.zip\pyspark\shuffle.py:65: UserWarning: Please install psutil to have better support with spilling
C:\Users\admin\AppData\Roaming\TRAE SOLO CN\ModularData\ai-agent\vm\tools\python\Lib\site-packages\pyspark\python\lib\p
yspark.zip\pyspark\shuffle.py:65: UserWarning: Please install psutil to have better support with spilling
C:\Users\admin\AppData\Roaming\TRAE SOLO CN\ModularData\ai-agent\vm\tools\python\Lib\site-packages\pyspark\python\lib\p
yspark.zip\pyspark\shuffle.py:65: UserWarning: Please install psutil to have better support with spilling
C:\Users\admin\AppData\Roaming\TRAE SOLO CN\ModularData\ai-agent\vm\tools\python\Lib\site-packages\pyspark\python\lib\p
yspark.zip\pyspark\shuffle.py:65: UserWarning: Please install psutil to have better support with spilling
C:\Users\admin\AppData\Roaming\TRAE SOLO CN\ModularData\ai-agent\vm\tools\python\Lib\site-packages\pyspark\python\lib\p
yspark.zip\pyspark\shuffle.py:65: UserWarning: Please install psutil to have better support with spilling
C:\Users\admin\AppData\Roaming\TRAE SOLO CN\ModularData\ai-agent\vm\tools\python\Lib\site-packages\pyspark\python\lib\p
yspark.zip\pyspark\shuffle.py:65: UserWarning: Please install psutil to have better support with spilling
C:\Users\admin\AppData\Roaming\TRAE SOLO CN\ModularData\ai-agent\vm\tools\python\Lib\site-packages\pyspark\python\lib\p
yspark.zip\pyspark\shuffle.py:65: UserWarning: Please install psutil to have better support with spilling
C:\Users\admin\AppData\Roaming\TRAE SOLO CN\ModularData\ai-agent\vm\tools\python\Lib\site-packages\pyspark\python\lib\p
yspark.zip\pyspark\shuffle.py:65: UserWarning: Please install psutil to have better support with spilling
C:\Users\admin\AppData\Roaming\TRAE SOLO CN\ModularData\ai-agent\vm\tools\python\Lib\site-packages\pyspark\python\lib\p
yspark.zip\pyspark\shuffle.py:65: UserWarning: Please install psutil to have better support with spilling
C:\Users\admin\AppData\Roaming\TRAE SOLO CN\ModularData\ai-agent\vm\tools\python\Lib\site-packages\pyspark\python\lib\p
yspark.zip\pyspark\shuffle.py:65: UserWarning: Please install psutil to have better support with spilling
C:\Users\admin\AppData\Roaming\TRAE SOLO CN\ModularData\ai-agent\vm\tools\python\Lib\site-packages\pyspark\python\lib\p
yspark.zip\pyspark\shuffle.py:65: UserWarning: Please install psutil to have better support with spilling

[Stage 206:==============>                                          (1 + 3) / 4]

[Stage 206:============================>                            (2 + 2) / 4]

[Stage 206:==========================================>              (3 + 1) / 4]

[bfs] round=17 new_pairs=5682 cumulative=160178
                                                                                

[Stage 226:>                                                        (0 + 4) / 4]
C:\Users\admin\AppData\Roaming\TRAE SOLO CN\ModularData\ai-agent\vm\tools\python\Lib\site-packages\pyspark\python\lib\p
yspark.zip\pyspark\shuffle.py:65: UserWarning: Please install psutil to have better support with spilling
C:\Users\admin\AppData\Roaming\TRAE SOLO CN\ModularData\ai-agent\vm\tools\python\Lib\site-packages\pyspark\python\lib\p
yspark.zip\pyspark\shuffle.py:65: UserWarning: Please install psutil to have better support with spilling
C:\Users\admin\AppData\Roaming\TRAE SOLO CN\ModularData\ai-agent\vm\tools\python\Lib\site-packages\pyspark\python\lib\p
yspark.zip\pyspark\shuffle.py:65: UserWarning: Please install psutil to have better support with spilling
C:\Users\admin\AppData\Roaming\TRAE SOLO CN\ModularData\ai-agent\vm\tools\python\Lib\site-packages\pyspark\python\lib\p
yspark.zip\pyspark\shuffle.py:65: UserWarning: Please install psutil to have better support with spilling

[Stage 226:==============>                                          (1 + 3) / 4]

[Stage 227:>                                                        (0 + 4) / 4]
C:\Users\admin\AppData\Roaming\TRAE SOLO CN\ModularData\ai-agent\vm\tools\python\Lib\site-packages\pyspark\python\lib\p
yspark.zip\pyspark\shuffle.py:65: UserWarning: Please install psutil to have better support with spilling
C:\Users\admin\AppData\Roaming\TRAE SOLO CN\ModularData\ai-agent\vm\tools\python\Lib\site-packages\pyspark\python\lib\p
yspark.zip\pyspark\shuffle.py:65: UserWarning: Please install psutil to have better support with spilling
C:\Users\admin\AppData\Roaming\TRAE SOLO CN\ModularData\ai-agent\vm\tools\python\Lib\site-packages\pyspark\python\lib\p
yspark.zip\pyspark\shuffle.py:65: UserWarning: Please install psutil to have better support with spilling
C:\Users\admin\AppData\Roaming\TRAE SOLO CN\ModularData\ai-agent\vm\tools\python\Lib\site-packages\pyspark\python\lib\p
yspark.zip\pyspark\shuffle.py:65: UserWarning: Please install psutil to have better support with spilling
C:\Users\admin\AppData\Roaming\TRAE SOLO CN\ModularData\ai-agent\vm\tools\python\Lib\site-packages\pyspark\python\lib\p
yspark.zip\pyspark\shuffle.py:65: UserWarning: Please install psutil to have better support with spilling
C:\Users\admin\AppData\Roaming\TRAE SOLO CN\ModularData\ai-agent\vm\tools\python\Lib\site-packages\pyspark\python\lib\p
yspark.zip\pyspark\shuffle.py:65: UserWarning: Please install psutil to have better support with spilling
C:\Users\admin\AppData\Roaming\TRAE SOLO CN\ModularData\ai-agent\vm\tools\python\Lib\site-packages\pyspark\python\lib\p
yspark.zip\pyspark\shuffle.py:65: UserWarning: Please install psutil to have better support with spilling
C:\Users\admin\AppData\Roaming\TRAE SOLO CN\ModularData\ai-agent\vm\tools\python\Lib\site-packages\pyspark\python\lib\p
yspark.zip\pyspark\shuffle.py:65: UserWarning: Please install psutil to have better support with spilling
C:\Users\admin\AppData\Roaming\TRAE SOLO CN\ModularData\ai-agent\vm\tools\python\Lib\site-packages\pyspark\python\lib\p
yspark.zip\pyspark\shuffle.py:65: UserWarning: Please install psutil to have better support with spilling
C:\Users\admin\AppData\Roaming\TRAE SOLO CN\ModularData\ai-agent\vm\tools\python\Lib\site-packages\pyspark\python\lib\p
yspark.zip\pyspark\shuffle.py:65: UserWarning: Please install psutil to have better support with spilling
C:\Users\admin\AppData\Roaming\TRAE SOLO CN\ModularData\ai-agent\vm\tools\python\Lib\site-packages\pyspark\python\lib\p
yspark.zip\pyspark\shuffle.py:65: UserWarning: Please install psutil to have better support with spilling
C:\Users\admin\AppData\Roaming\TRAE SOLO CN\ModularData\ai-agent\vm\tools\python\Lib\site-packages\pyspark\python\lib\p
yspark.zip\pyspark\shuffle.py:65: UserWarning: Please install psutil to have better support with spilling

[Stage 227:==============>                                          (1 + 3) / 4]

[Stage 227:============================>                            (2 + 2) / 4]

[Stage 227:==========================================>              (3 + 1) / 4]

[bfs] round=18 new_pairs=4694 cumulative=164872
                                                                                

[Stage 248:>                                                        (0 + 4) / 4]
C:\Users\admin\AppData\Roaming\TRAE SOLO CN\ModularData\ai-agent\vm\tools\python\Lib\site-packages\pyspark\python\lib\p
yspark.zip\pyspark\shuffle.py:65: UserWarning: Please install psutil to have better support with spilling
C:\Users\admin\AppData\Roaming\TRAE SOLO CN\ModularData\ai-agent\vm\tools\python\Lib\site-packages\pyspark\python\lib\p
yspark.zip\pyspark\shuffle.py:65: UserWarning: Please install psutil to have better support with spilling
C:\Users\admin\AppData\Roaming\TRAE SOLO CN\ModularData\ai-agent\vm\tools\python\Lib\site-packages\pyspark\python\lib\p
yspark.zip\pyspark\shuffle.py:65: UserWarning: Please install psutil to have better support with spilling
C:\Users\admin\AppData\Roaming\TRAE SOLO CN\ModularData\ai-agent\vm\tools\python\Lib\site-packages\pyspark\python\lib\p
yspark.zip\pyspark\shuffle.py:65: UserWarning: Please install psutil to have better support with spilling

[Stage 248:==============>                                          (1 + 3) / 4]

[Stage 248:==========================================>              (3 + 1) / 4]

[Stage 249:>                                                        (0 + 4) / 4]
C:\Users\admin\AppData\Roaming\TRAE SOLO CN\ModularData\ai-agent\vm\tools\python\Lib\site-packages\pyspark\python\lib\p
yspark.zip\pyspark\shuffle.py:65: UserWarning: Please install psutil to have better support with spilling
C:\Users\admin\AppData\Roaming\TRAE SOLO CN\ModularData\ai-agent\vm\tools\python\Lib\site-packages\pyspark\python\lib\p
yspark.zip\pyspark\shuffle.py:65: UserWarning: Please install psutil to have better support with spilling
C:\Users\admin\AppData\Roaming\TRAE SOLO CN\ModularData\ai-agent\vm\tools\python\Lib\site-packages\pyspark\python\lib\p
yspark.zip\pyspark\shuffle.py:65: UserWarning: Please install psutil to have better support with spilling
C:\Users\admin\AppData\Roaming\TRAE SOLO CN\ModularData\ai-agent\vm\tools\python\Lib\site-packages\pyspark\python\lib\p
yspark.zip\pyspark\shuffle.py:65: UserWarning: Please install psutil to have better support with spilling
C:\Users\admin\AppData\Roaming\TRAE SOLO CN\ModularData\ai-agent\vm\tools\python\Lib\site-packages\pyspark\python\lib\p
yspark.zip\pyspark\shuffle.py:65: UserWarning: Please install psutil to have better support with spilling
C:\Users\admin\AppData\Roaming\TRAE SOLO CN\ModularData\ai-agent\vm\tools\python\Lib\site-packages\pyspark\python\lib\p
yspark.zip\pyspark\shuffle.py:65: UserWarning: Please install psutil to have better support with spilling
C:\Users\admin\AppData\Roaming\TRAE SOLO CN\ModularData\ai-agent\vm\tools\python\Lib\site-packages\pyspark\python\lib\p
yspark.zip\pyspark\shuffle.py:65: UserWarning: Please install psutil to have better support with spilling
C:\Users\admin\AppData\Roaming\TRAE SOLO CN\ModularData\ai-agent\vm\tools\python\Lib\site-packages\pyspark\python\lib\p
yspark.zip\pyspark\shuffle.py:65: UserWarning: Please install psutil to have better support with spilling
C:\Users\admin\AppData\Roaming\TRAE SOLO CN\ModularData\ai-agent\vm\tools\python\Lib\site-packages\pyspark\python\lib\p
yspark.zip\pyspark\shuffle.py:65: UserWarning: Please install psutil to have better support with spilling
C:\Users\admin\AppData\Roaming\TRAE SOLO CN\ModularData\ai-agent\vm\tools\python\Lib\site-packages\pyspark\python\lib\p
yspark.zip\pyspark\shuffle.py:65: UserWarning: Please install psutil to have better support with spilling
C:\Users\admin\AppData\Roaming\TRAE SOLO CN\ModularData\ai-agent\vm\tools\python\Lib\site-packages\pyspark\python\lib\p
yspark.zip\pyspark\shuffle.py:65: UserWarning: Please install psutil to have better support with spilling
C:\Users\admin\AppData\Roaming\TRAE SOLO CN\ModularData\ai-agent\vm\tools\python\Lib\site-packages\pyspark\python\lib\p
yspark.zip\pyspark\shuffle.py:65: UserWarning: Please install psutil to have better support with spilling

[Stage 249:==============>                                          (1 + 3) / 4]

[Stage 249:============================>                            (2 + 2) / 4]

[bfs] round=19 new_pairs=4613 cumulative=169485
                                                                                

[Stage 271:>                                                        (0 + 4) / 4]
C:\Users\admin\AppData\Roaming\TRAE SOLO CN\ModularData\ai-agent\vm\tools\python\Lib\site-packages\pyspark\python\lib\p
yspark.zip\pyspark\shuffle.py:65: UserWarning: Please install psutil to have better support with spilling
C:\Users\admin\AppData\Roaming\TRAE SOLO CN\ModularData\ai-agent\vm\tools\python\Lib\site-packages\pyspark\python\lib\p
yspark.zip\pyspark\shuffle.py:65: UserWarning: Please install psutil to have better support with spilling
C:\Users\admin\AppData\Roaming\TRAE SOLO CN\ModularData\ai-agent\vm\tools\python\Lib\site-packages\pyspark\python\lib\p
yspark.zip\pyspark\shuffle.py:65: UserWarning: Please install psutil to have better support with spilling
C:\Users\admin\AppData\Roaming\TRAE SOLO CN\ModularData\ai-agent\vm\tools\python\Lib\site-packages\pyspark\python\lib\p
yspark.zip\pyspark\shuffle.py:65: UserWarning: Please install psutil to have better support with spilling

[Stage 271:==============>                                          (1 + 3) / 4]

[Stage 271:==========================================>              (3 + 1) / 4]

[Stage 272:>                                                        (0 + 4) / 4]
C:\Users\admin\AppData\Roaming\TRAE SOLO CN\ModularData\ai-agent\vm\tools\python\Lib\site-packages\pyspark\python\lib\p
yspark.zip\pyspark\shuffle.py:65: UserWarning: Please install psutil to have better support with spilling
C:\Users\admin\AppData\Roaming\TRAE SOLO CN\ModularData\ai-agent\vm\tools\python\Lib\site-packages\pyspark\python\lib\p
yspark.zip\pyspark\shuffle.py:65: UserWarning: Please install psutil to have better support with spilling
C:\Users\admin\AppData\Roaming\TRAE SOLO CN\ModularData\ai-agent\vm\tools\python\Lib\site-packages\pyspark\python\lib\p
yspark.zip\pyspark\shuffle.py:65: UserWarning: Please install psutil to have better support with spilling
C:\Users\admin\AppData\Roaming\TRAE SOLO CN\ModularData\ai-agent\vm\tools\python\Lib\site-packages\pyspark\python\lib\p
yspark.zip\pyspark\shuffle.py:65: UserWarning: Please install psutil to have better support with spilling
C:\Users\admin\AppData\Roaming\TRAE SOLO CN\ModularData\ai-agent\vm\tools\python\Lib\site-packages\pyspark\python\lib\p
yspark.zip\pyspark\shuffle.py:65: UserWarning: Please install psutil to have better support with spilling
C:\Users\admin\AppData\Roaming\TRAE SOLO CN\ModularData\ai-agent\vm\tools\python\Lib\site-packages\pyspark\python\lib\p
yspark.zip\pyspark\shuffle.py:65: UserWarning: Please install psutil to have better support with spilling
C:\Users\admin\AppData\Roaming\TRAE SOLO CN\ModularData\ai-agent\vm\tools\python\Lib\site-packages\pyspark\python\lib\p
yspark.zip\pyspark\shuffle.py:65: UserWarning: Please install psutil to have better support with spilling
C:\Users\admin\AppData\Roaming\TRAE SOLO CN\ModularData\ai-agent\vm\tools\python\Lib\site-packages\pyspark\python\lib\p
yspark.zip\pyspark\shuffle.py:65: UserWarning: Please install psutil to have better support with spilling
C:\Users\admin\AppData\Roaming\TRAE SOLO CN\ModularData\ai-agent\vm\tools\python\Lib\site-packages\pyspark\python\lib\p
yspark.zip\pyspark\shuffle.py:65: UserWarning: Please install psutil to have better support with spilling
C:\Users\admin\AppData\Roaming\TRAE SOLO CN\ModularData\ai-agent\vm\tools\python\Lib\site-packages\pyspark\python\lib\p
yspark.zip\pyspark\shuffle.py:65: UserWarning: Please install psutil to have better support with spilling
C:\Users\admin\AppData\Roaming\TRAE SOLO CN\ModularData\ai-agent\vm\tools\python\Lib\site-packages\pyspark\python\lib\p
yspark.zip\pyspark\shuffle.py:65: UserWarning: Please install psutil to have better support with spilling
C:\Users\admin\AppData\Roaming\TRAE SOLO CN\ModularData\ai-agent\vm\tools\python\Lib\site-packages\pyspark\python\lib\p
yspark.zip\pyspark\shuffle.py:65: UserWarning: Please install psutil to have better support with spilling

[Stage 272:==============>                                          (1 + 3) / 4]

[Stage 272:============================>                            (2 + 2) / 4]

[bfs] round=20 new_pairs=3444 cumulative=172929
                                                                                

[Stage 295:>                                                        (0 + 4) / 4]
C:\Users\admin\AppData\Roaming\TRAE SOLO CN\ModularData\ai-agent\vm\tools\python\Lib\site-packages\pyspark\python\lib\p
yspark.zip\pyspark\shuffle.py:65: UserWarning: Please install psutil to have better support with spilling
C:\Users\admin\AppData\Roaming\TRAE SOLO CN\ModularData\ai-agent\vm\tools\python\Lib\site-packages\pyspark\python\lib\p
yspark.zip\pyspark\shuffle.py:65: UserWarning: Please install psutil to have better support with spilling
C:\Users\admin\AppData\Roaming\TRAE SOLO CN\ModularData\ai-agent\vm\tools\python\Lib\site-packages\pyspark\python\lib\p
yspark.zip\pyspark\shuffle.py:65: UserWarning: Please install psutil to have better support with spilling
C:\Users\admin\AppData\Roaming\TRAE SOLO CN\ModularData\ai-agent\vm\tools\python\Lib\site-packages\pyspark\python\lib\p
yspark.zip\pyspark\shuffle.py:65: UserWarning: Please install psutil to have better support with spilling

[Stage 295:==============>                                          (1 + 3) / 4]

[Stage 295:==========================================>              (3 + 1) / 4]

[Stage 296:>                                                        (0 + 4) / 4]
C:\Users\admin\AppData\Roaming\TRAE SOLO CN\ModularData\ai-agent\vm\tools\python\Lib\site-packages\pyspark\python\lib\p
yspark.zip\pyspark\shuffle.py:65: UserWarning: Please install psutil to have better support with spilling
C:\Users\admin\AppData\Roaming\TRAE SOLO CN\ModularData\ai-agent\vm\tools\python\Lib\site-packages\pyspark\python\lib\p
yspark.zip\pyspark\shuffle.py:65: UserWarning: Please install psutil to have better support with spilling
C:\Users\admin\AppData\Roaming\TRAE SOLO CN\ModularData\ai-agent\vm\tools\python\Lib\site-packages\pyspark\python\lib\p
yspark.zip\pyspark\shuffle.py:65: UserWarning: Please install psutil to have better support with spilling
C:\Users\admin\AppData\Roaming\TRAE SOLO CN\ModularData\ai-agent\vm\tools\python\Lib\site-packages\pyspark\python\lib\p
yspark.zip\pyspark\shuffle.py:65: UserWarning: Please install psutil to have better support with spilling
C:\Users\admin\AppData\Roaming\TRAE SOLO CN\ModularData\ai-agent\vm\tools\python\Lib\site-packages\pyspark\python\lib\p
yspark.zip\pyspark\shuffle.py:65: UserWarning: Please install psutil to have better support with spilling
C:\Users\admin\AppData\Roaming\TRAE SOLO CN\ModularData\ai-agent\vm\tools\python\Lib\site-packages\pyspark\python\lib\p
yspark.zip\pyspark\shuffle.py:65: UserWarning: Please install psutil to have better support with spilling
C:\Users\admin\AppData\Roaming\TRAE SOLO CN\ModularData\ai-agent\vm\tools\python\Lib\site-packages\pyspark\python\lib\p
yspark.zip\pyspark\shuffle.py:65: UserWarning: Please install psutil to have better support with spilling
C:\Users\admin\AppData\Roaming\TRAE SOLO CN\ModularData\ai-agent\vm\tools\python\Lib\site-packages\pyspark\python\lib\p
yspark.zip\pyspark\shuffle.py:65: UserWarning: Please install psutil to have better support with spilling
C:\Users\admin\AppData\Roaming\TRAE SOLO CN\ModularData\ai-agent\vm\tools\python\Lib\site-packages\pyspark\python\lib\p
yspark.zip\pyspark\shuffle.py:65: UserWarning: Please install psutil to have better support with spilling
C:\Users\admin\AppData\Roaming\TRAE SOLO CN\ModularData\ai-agent\vm\tools\python\Lib\site-packages\pyspark\python\lib\p
yspark.zip\pyspark\shuffle.py:65: UserWarning: Please install psutil to have better support with spilling
C:\Users\admin\AppData\Roaming\TRAE SOLO CN\ModularData\ai-agent\vm\tools\python\Lib\site-packages\pyspark\python\lib\p
yspark.zip\pyspark\shuffle.py:65: UserWarning: Please install psutil to have better support with spilling
C:\Users\admin\AppData\Roaming\TRAE SOLO CN\ModularData\ai-agent\vm\tools\python\Lib\site-packages\pyspark\python\lib\p
yspark.zip\pyspark\shuffle.py:65: UserWarning: Please install psutil to have better support with spilling

[Stage 296:==============>                                          (1 + 3) / 4]

[Stage 296:============================>                            (2 + 2) / 4]

[bfs] round=21 new_pairs=2336 cumulative=175265
                                                                                

[Stage 320:>                                                        (0 + 4) / 4]
C:\Users\admin\AppData\Roaming\TRAE SOLO CN\ModularData\ai-agent\vm\tools\python\Lib\site-packages\pyspark\python\lib\p
yspark.zip\pyspark\shuffle.py:65: UserWarning: Please install psutil to have better support with spilling
C:\Users\admin\AppData\Roaming\TRAE SOLO CN\ModularData\ai-agent\vm\tools\python\Lib\site-packages\pyspark\python\lib\p
yspark.zip\pyspark\shuffle.py:65: UserWarning: Please install psutil to have better support with spilling
C:\Users\admin\AppData\Roaming\TRAE SOLO CN\ModularData\ai-agent\vm\tools\python\Lib\site-packages\pyspark\python\lib\p
yspark.zip\pyspark\shuffle.py:65: UserWarning: Please install psutil to have better support with spilling
C:\Users\admin\AppData\Roaming\TRAE SOLO CN\ModularData\ai-agent\vm\tools\python\Lib\site-packages\pyspark\python\lib\p
yspark.zip\pyspark\shuffle.py:65: UserWarning: Please install psutil to have better support with spilling

[Stage 320:==============>                                          (1 + 3) / 4]

[Stage 320:============================>                            (2 + 2) / 4]

[Stage 321:>                                                        (0 + 4) / 4]
C:\Users\admin\AppData\Roaming\TRAE SOLO CN\ModularData\ai-agent\vm\tools\python\Lib\site-packages\pyspark\python\lib\p
yspark.zip\pyspark\shuffle.py:65: UserWarning: Please install psutil to have better support with spilling
C:\Users\admin\AppData\Roaming\TRAE SOLO CN\ModularData\ai-agent\vm\tools\python\Lib\site-packages\pyspark\python\lib\p
yspark.zip\pyspark\shuffle.py:65: UserWarning: Please install psutil to have better support with spilling
C:\Users\admin\AppData\Roaming\TRAE SOLO CN\ModularData\ai-agent\vm\tools\python\Lib\site-packages\pyspark\python\lib\p
yspark.zip\pyspark\shuffle.py:65: UserWarning: Please install psutil to have better support with spilling
C:\Users\admin\AppData\Roaming\TRAE SOLO CN\ModularData\ai-agent\vm\tools\python\Lib\site-packages\pyspark\python\lib\p
yspark.zip\pyspark\shuffle.py:65: UserWarning: Please install psutil to have better support with spilling
C:\Users\admin\AppData\Roaming\TRAE SOLO CN\ModularData\ai-agent\vm\tools\python\Lib\site-packages\pyspark\python\lib\p
yspark.zip\pyspark\shuffle.py:65: UserWarning: Please install psutil to have better support with spilling
C:\Users\admin\AppData\Roaming\TRAE SOLO CN\ModularData\ai-agent\vm\tools\python\Lib\site-packages\pyspark\python\lib\p
yspark.zip\pyspark\shuffle.py:65: UserWarning: Please install psutil to have better support with spilling
C:\Users\admin\AppData\Roaming\TRAE SOLO CN\ModularData\ai-agent\vm\tools\python\Lib\site-packages\pyspark\python\lib\p
yspark.zip\pyspark\shuffle.py:65: UserWarning: Please install psutil to have better support with spilling
C:\Users\admin\AppData\Roaming\TRAE SOLO CN\ModularData\ai-agent\vm\tools\python\Lib\site-packages\pyspark\python\lib\p
yspark.zip\pyspark\shuffle.py:65: UserWarning: Please install psutil to have better support with spilling
C:\Users\admin\AppData\Roaming\TRAE SOLO CN\ModularData\ai-agent\vm\tools\python\Lib\site-packages\pyspark\python\lib\p
yspark.zip\pyspark\shuffle.py:65: UserWarning: Please install psutil to have better support with spilling
C:\Users\admin\AppData\Roaming\TRAE SOLO CN\ModularData\ai-agent\vm\tools\python\Lib\site-packages\pyspark\python\lib\p
yspark.zip\pyspark\shuffle.py:65: UserWarning: Please install psutil to have better support with spilling
C:\Users\admin\AppData\Roaming\TRAE SOLO CN\ModularData\ai-agent\vm\tools\python\Lib\site-packages\pyspark\python\lib\p
yspark.zip\pyspark\shuffle.py:65: UserWarning: Please install psutil to have better support with spilling
C:\Users\admin\AppData\Roaming\TRAE SOLO CN\ModularData\ai-agent\vm\tools\python\Lib\site-packages\pyspark\python\lib\p
yspark.zip\pyspark\shuffle.py:65: UserWarning: Please install psutil to have better support with spilling

[Stage 321:============================>                            (2 + 2) / 4]

[Stage 321:==========================================>              (3 + 1) / 4]

[bfs] round=22 new_pairs=1719 cumulative=176984
                                                                                

[Stage 346:>                                                        (0 + 4) / 4]
C:\Users\admin\AppData\Roaming\TRAE SOLO CN\ModularData\ai-agent\vm\tools\python\Lib\site-packages\pyspark\python\lib\p
yspark.zip\pyspark\shuffle.py:65: UserWarning: Please install psutil to have better support with spilling
C:\Users\admin\AppData\Roaming\TRAE SOLO CN\ModularData\ai-agent\vm\tools\python\Lib\site-packages\pyspark\python\lib\p
yspark.zip\pyspark\shuffle.py:65: UserWarning: Please install psutil to have better support with spilling
C:\Users\admin\AppData\Roaming\TRAE SOLO CN\ModularData\ai-agent\vm\tools\python\Lib\site-packages\pyspark\python\lib\p
yspark.zip\pyspark\shuffle.py:65: UserWarning: Please install psutil to have better support with spilling
C:\Users\admin\AppData\Roaming\TRAE SOLO CN\ModularData\ai-agent\vm\tools\python\Lib\site-packages\pyspark\python\lib\p
yspark.zip\pyspark\shuffle.py:65: UserWarning: Please install psutil to have better support with spilling

[Stage 346:==============>                                          (1 + 3) / 4]

[Stage 346:==========================================>              (3 + 1) / 4]

[Stage 347:>                                                        (0 + 4) / 4]
C:\Users\admin\AppData\Roaming\TRAE SOLO CN\ModularData\ai-agent\vm\tools\python\Lib\site-packages\pyspark\python\lib\p
yspark.zip\pyspark\shuffle.py:65: UserWarning: Please install psutil to have better support with spilling
C:\Users\admin\AppData\Roaming\TRAE SOLO CN\ModularData\ai-agent\vm\tools\python\Lib\site-packages\pyspark\python\lib\p
yspark.zip\pyspark\shuffle.py:65: UserWarning: Please install psutil to have better support with spilling
C:\Users\admin\AppData\Roaming\TRAE SOLO CN\ModularData\ai-agent\vm\tools\python\Lib\site-packages\pyspark\python\lib\p
yspark.zip\pyspark\shuffle.py:65: UserWarning: Please install psutil to have better support with spilling
C:\Users\admin\AppData\Roaming\TRAE SOLO CN\ModularData\ai-agent\vm\tools\python\Lib\site-packages\pyspark\python\lib\p
yspark.zip\pyspark\shuffle.py:65: UserWarning: Please install psutil to have better support with spilling
C:\Users\admin\AppData\Roaming\TRAE SOLO CN\ModularData\ai-agent\vm\tools\python\Lib\site-packages\pyspark\python\lib\p
yspark.zip\pyspark\shuffle.py:65: UserWarning: Please install psutil to have better support with spilling
C:\Users\admin\AppData\Roaming\TRAE SOLO CN\ModularData\ai-agent\vm\tools\python\Lib\site-packages\pyspark\python\lib\p
yspark.zip\pyspark\shuffle.py:65: UserWarning: Please install psutil to have better support with spilling
C:\Users\admin\AppData\Roaming\TRAE SOLO CN\ModularData\ai-agent\vm\tools\python\Lib\site-packages\pyspark\python\lib\p
yspark.zip\pyspark\shuffle.py:65: UserWarning: Please install psutil to have better support with spilling
C:\Users\admin\AppData\Roaming\TRAE SOLO CN\ModularData\ai-agent\vm\tools\python\Lib\site-packages\pyspark\python\lib\p
yspark.zip\pyspark\shuffle.py:65: UserWarning: Please install psutil to have better support with spilling
C:\Users\admin\AppData\Roaming\TRAE SOLO CN\ModularData\ai-agent\vm\tools\python\Lib\site-packages\pyspark\python\lib\p
yspark.zip\pyspark\shuffle.py:65: UserWarning: Please install psutil to have better support with spilling
C:\Users\admin\AppData\Roaming\TRAE SOLO CN\ModularData\ai-agent\vm\tools\python\Lib\site-packages\pyspark\python\lib\p
yspark.zip\pyspark\shuffle.py:65: UserWarning: Please install psutil to have better support with spilling
C:\Users\admin\AppData\Roaming\TRAE SOLO CN\ModularData\ai-agent\vm\tools\python\Lib\site-packages\pyspark\python\lib\p
yspark.zip\pyspark\shuffle.py:65: UserWarning: Please install psutil to have better support with spilling
C:\Users\admin\AppData\Roaming\TRAE SOLO CN\ModularData\ai-agent\vm\tools\python\Lib\site-packages\pyspark\python\lib\p
yspark.zip\pyspark\shuffle.py:65: UserWarning: Please install psutil to have better support with spilling

[Stage 347:==============>                                          (1 + 3) / 4]

[Stage 347:============================>                            (2 + 2) / 4]

[bfs] round=23 new_pairs=1446 cumulative=178430
                                                                                

[Stage 373:>                                                        (0 + 4) / 4]
C:\Users\admin\AppData\Roaming\TRAE SOLO CN\ModularData\ai-agent\vm\tools\python\Lib\site-packages\pyspark\python\lib\p
yspark.zip\pyspark\shuffle.py:65: UserWarning: Please install psutil to have better support with spilling
C:\Users\admin\AppData\Roaming\TRAE SOLO CN\ModularData\ai-agent\vm\tools\python\Lib\site-packages\pyspark\python\lib\p
yspark.zip\pyspark\shuffle.py:65: UserWarning: Please install psutil to have better support with spilling
C:\Users\admin\AppData\Roaming\TRAE SOLO CN\ModularData\ai-agent\vm\tools\python\Lib\site-packages\pyspark\python\lib\p
yspark.zip\pyspark\shuffle.py:65: UserWarning: Please install psutil to have better support with spilling
C:\Users\admin\AppData\Roaming\TRAE SOLO CN\ModularData\ai-agent\vm\tools\python\Lib\site-packages\pyspark\python\lib\p
yspark.zip\pyspark\shuffle.py:65: UserWarning: Please install psutil to have better support with spilling

[Stage 373:==============>                                          (1 + 3) / 4]

[Stage 374:>                                                        (0 + 4) / 4]
C:\Users\admin\AppData\Roaming\TRAE SOLO CN\ModularData\ai-agent\vm\tools\python\Lib\site-packages\pyspark\python\lib\p
yspark.zip\pyspark\shuffle.py:65: UserWarning: Please install psutil to have better support with spilling
C:\Users\admin\AppData\Roaming\TRAE SOLO CN\ModularData\ai-agent\vm\tools\python\Lib\site-packages\pyspark\python\lib\p
yspark.zip\pyspark\shuffle.py:65: UserWarning: Please install psutil to have better support with spilling
C:\Users\admin\AppData\Roaming\TRAE SOLO CN\ModularData\ai-agent\vm\tools\python\Lib\site-packages\pyspark\python\lib\p
yspark.zip\pyspark\shuffle.py:65: UserWarning: Please install psutil to have better support with spilling
C:\Users\admin\AppData\Roaming\TRAE SOLO CN\ModularData\ai-agent\vm\tools\python\Lib\site-packages\pyspark\python\lib\p
yspark.zip\pyspark\shuffle.py:65: UserWarning: Please install psutil to have better support with spilling
C:\Users\admin\AppData\Roaming\TRAE SOLO CN\ModularData\ai-agent\vm\tools\python\Lib\site-packages\pyspark\python\lib\p
yspark.zip\pyspark\shuffle.py:65: UserWarning: Please install psutil to have better support with spilling
C:\Users\admin\AppData\Roaming\TRAE SOLO CN\ModularData\ai-agent\vm\tools\python\Lib\site-packages\pyspark\python\lib\p
yspark.zip\pyspark\shuffle.py:65: UserWarning: Please install psutil to have better support with spilling
C:\Users\admin\AppData\Roaming\TRAE SOLO CN\ModularData\ai-agent\vm\tools\python\Lib\site-packages\pyspark\python\lib\p
yspark.zip\pyspark\shuffle.py:65: UserWarning: Please install psutil to have better support with spilling
C:\Users\admin\AppData\Roaming\TRAE SOLO CN\ModularData\ai-agent\vm\tools\python\Lib\site-packages\pyspark\python\lib\p
yspark.zip\pyspark\shuffle.py:65: UserWarning: Please install psutil to have better support with spilling
C:\Users\admin\AppData\Roaming\TRAE SOLO CN\ModularData\ai-agent\vm\tools\python\Lib\site-packages\pyspark\python\lib\p
yspark.zip\pyspark\shuffle.py:65: UserWarning: Please install psutil to have better support with spilling
C:\Users\admin\AppData\Roaming\TRAE SOLO CN\ModularData\ai-agent\vm\tools\python\Lib\site-packages\pyspark\python\lib\p
yspark.zip\pyspark\shuffle.py:65: UserWarning: Please install psutil to have better support with spilling
C:\Users\admin\AppData\Roaming\TRAE SOLO CN\ModularData\ai-agent\vm\tools\python\Lib\site-packages\pyspark\python\lib\p
yspark.zip\pyspark\shuffle.py:65: UserWarning: Please install psutil to have better support with spilling
C:\Users\admin\AppData\Roaming\TRAE SOLO CN\ModularData\ai-agent\vm\tools\python\Lib\site-packages\pyspark\python\lib\p
yspark.zip\pyspark\shuffle.py:65: UserWarning: Please install psutil to have better support with spilling

[Stage 374:==============>                                          (1 + 3) / 4]

[Stage 374:============================>                            (2 + 2) / 4]

[bfs] round=24 new_pairs=1257 cumulative=179687
                                                                                

[Stage 401:>                                                        (0 + 4) / 4]
C:\Users\admin\AppData\Roaming\TRAE SOLO CN\ModularData\ai-agent\vm\tools\python\Lib\site-packages\pyspark\python\lib\p
yspark.zip\pyspark\shuffle.py:65: UserWarning: Please install psutil to have better support with spilling
C:\Users\admin\AppData\Roaming\TRAE SOLO CN\ModularData\ai-agent\vm\tools\python\Lib\site-packages\pyspark\python\lib\p
yspark.zip\pyspark\shuffle.py:65: UserWarning: Please install psutil to have better support with spilling
C:\Users\admin\AppData\Roaming\TRAE SOLO CN\ModularData\ai-agent\vm\tools\python\Lib\site-packages\pyspark\python\lib\p
yspark.zip\pyspark\shuffle.py:65: UserWarning: Please install psutil to have better support with spilling
C:\Users\admin\AppData\Roaming\TRAE SOLO CN\ModularData\ai-agent\vm\tools\python\Lib\site-packages\pyspark\python\lib\p
yspark.zip\pyspark\shuffle.py:65: UserWarning: Please install psutil to have better support with spilling

[Stage 401:==============>                                          (1 + 3) / 4]

[Stage 401:==========================================>              (3 + 1) / 4]

[Stage 402:>                                                        (0 + 4) / 4]
C:\Users\admin\AppData\Roaming\TRAE SOLO CN\ModularData\ai-agent\vm\tools\python\Lib\site-packages\pyspark\python\lib\p
yspark.zip\pyspark\shuffle.py:65: UserWarning: Please install psutil to have better support with spilling
C:\Users\admin\AppData\Roaming\TRAE SOLO CN\ModularData\ai-agent\vm\tools\python\Lib\site-packages\pyspark\python\lib\p
yspark.zip\pyspark\shuffle.py:65: UserWarning: Please install psutil to have better support with spilling
C:\Users\admin\AppData\Roaming\TRAE SOLO CN\ModularData\ai-agent\vm\tools\python\Lib\site-packages\pyspark\python\lib\p
yspark.zip\pyspark\shuffle.py:65: UserWarning: Please install psutil to have better support with spilling
C:\Users\admin\AppData\Roaming\TRAE SOLO CN\ModularData\ai-agent\vm\tools\python\Lib\site-packages\pyspark\python\lib\p
yspark.zip\pyspark\shuffle.py:65: UserWarning: Please install psutil to have better support with spilling
C:\Users\admin\AppData\Roaming\TRAE SOLO CN\ModularData\ai-agent\vm\tools\python\Lib\site-packages\pyspark\python\lib\p
yspark.zip\pyspark\shuffle.py:65: UserWarning: Please install psutil to have better support with spilling
C:\Users\admin\AppData\Roaming\TRAE SOLO CN\ModularData\ai-agent\vm\tools\python\Lib\site-packages\pyspark\python\lib\p
yspark.zip\pyspark\shuffle.py:65: UserWarning: Please install psutil to have better support with spilling
C:\Users\admin\AppData\Roaming\TRAE SOLO CN\ModularData\ai-agent\vm\tools\python\Lib\site-packages\pyspark\python\lib\p
yspark.zip\pyspark\shuffle.py:65: UserWarning: Please install psutil to have better support with spilling
C:\Users\admin\AppData\Roaming\TRAE SOLO CN\ModularData\ai-agent\vm\tools\python\Lib\site-packages\pyspark\python\lib\p
yspark.zip\pyspark\shuffle.py:65: UserWarning: Please install psutil to have better support with spilling
C:\Users\admin\AppData\Roaming\TRAE SOLO CN\ModularData\ai-agent\vm\tools\python\Lib\site-packages\pyspark\python\lib\p
yspark.zip\pyspark\shuffle.py:65: UserWarning: Please install psutil to have better support with spilling
C:\Users\admin\AppData\Roaming\TRAE SOLO CN\ModularData\ai-agent\vm\tools\python\Lib\site-packages\pyspark\python\lib\p
yspark.zip\pyspark\shuffle.py:65: UserWarning: Please install psutil to have better support with spilling
C:\Users\admin\AppData\Roaming\TRAE SOLO CN\ModularData\ai-agent\vm\tools\python\Lib\site-packages\pyspark\python\lib\p
yspark.zip\pyspark\shuffle.py:65: UserWarning: Please install psutil to have better support with spilling
C:\Users\admin\AppData\Roaming\TRAE SOLO CN\ModularData\ai-agent\vm\tools\python\Lib\site-packages\pyspark\python\lib\p
yspark.zip\pyspark\shuffle.py:65: UserWarning: Please install psutil to have better support with spilling

[Stage 402:==============>                                          (1 + 3) / 4]

[Stage 402:============================>                            (2 + 2) / 4]

[bfs] round=25 new_pairs=1068 cumulative=180755
                                                                                

[Stage 430:>                                                        (0 + 4) / 4]
C:\Users\admin\AppData\Roaming\TRAE SOLO CN\ModularData\ai-agent\vm\tools\python\Lib\site-packages\pyspark\python\lib\p
yspark.zip\pyspark\shuffle.py:65: UserWarning: Please install psutil to have better support with spilling
C:\Users\admin\AppData\Roaming\TRAE SOLO CN\ModularData\ai-agent\vm\tools\python\Lib\site-packages\pyspark\python\lib\p
yspark.zip\pyspark\shuffle.py:65: UserWarning: Please install psutil to have better support with spilling
C:\Users\admin\AppData\Roaming\TRAE SOLO CN\ModularData\ai-agent\vm\tools\python\Lib\site-packages\pyspark\python\lib\p
yspark.zip\pyspark\shuffle.py:65: UserWarning: Please install psutil to have better support with spilling
C:\Users\admin\AppData\Roaming\TRAE SOLO CN\ModularData\ai-agent\vm\tools\python\Lib\site-packages\pyspark\python\lib\p
yspark.zip\pyspark\shuffle.py:65: UserWarning: Please install psutil to have better support with spilling

[Stage 430:==============>                                          (1 + 3) / 4]

[Stage 430:==========================================>              (3 + 1) / 4]

[Stage 431:>                                                        (0 + 4) / 4]
C:\Users\admin\AppData\Roaming\TRAE SOLO CN\ModularData\ai-agent\vm\tools\python\Lib\site-packages\pyspark\python\lib\p
yspark.zip\pyspark\shuffle.py:65: UserWarning: Please install psutil to have better support with spilling
C:\Users\admin\AppData\Roaming\TRAE SOLO CN\ModularData\ai-agent\vm\tools\python\Lib\site-packages\pyspark\python\lib\p
yspark.zip\pyspark\shuffle.py:65: UserWarning: Please install psutil to have better support with spilling
C:\Users\admin\AppData\Roaming\TRAE SOLO CN\ModularData\ai-agent\vm\tools\python\Lib\site-packages\pyspark\python\lib\p
yspark.zip\pyspark\shuffle.py:65: UserWarning: Please install psutil to have better support with spilling
C:\Users\admin\AppData\Roaming\TRAE SOLO CN\ModularData\ai-agent\vm\tools\python\Lib\site-packages\pyspark\python\lib\p
yspark.zip\pyspark\shuffle.py:65: UserWarning: Please install psutil to have better support with spilling
C:\Users\admin\AppData\Roaming\TRAE SOLO CN\ModularData\ai-agent\vm\tools\python\Lib\site-packages\pyspark\python\lib\p
yspark.zip\pyspark\shuffle.py:65: UserWarning: Please install psutil to have better support with spilling
C:\Users\admin\AppData\Roaming\TRAE SOLO CN\ModularData\ai-agent\vm\tools\python\Lib\site-packages\pyspark\python\lib\p
yspark.zip\pyspark\shuffle.py:65: UserWarning: Please install psutil to have better support with spilling
C:\Users\admin\AppData\Roaming\TRAE SOLO CN\ModularData\ai-agent\vm\tools\python\Lib\site-packages\pyspark\python\lib\p
yspark.zip\pyspark\shuffle.py:65: UserWarning: Please install psutil to have better support with spilling
C:\Users\admin\AppData\Roaming\TRAE SOLO CN\ModularData\ai-agent\vm\tools\python\Lib\site-packages\pyspark\python\lib\p
yspark.zip\pyspark\shuffle.py:65: UserWarning: Please install psutil to have better support with spilling
C:\Users\admin\AppData\Roaming\TRAE SOLO CN\ModularData\ai-agent\vm\tools\python\Lib\site-packages\pyspark\python\lib\p
yspark.zip\pyspark\shuffle.py:65: UserWarning: Please install psutil to have better support with spilling
C:\Users\admin\AppData\Roaming\TRAE SOLO CN\ModularData\ai-agent\vm\tools\python\Lib\site-packages\pyspark\python\lib\p
yspark.zip\pyspark\shuffle.py:65: UserWarning: Please install psutil to have better support with spilling
C:\Users\admin\AppData\Roaming\TRAE SOLO CN\ModularData\ai-agent\vm\tools\python\Lib\site-packages\pyspark\python\lib\p
yspark.zip\pyspark\shuffle.py:65: UserWarning: Please install psutil to have better support with spilling
C:\Users\admin\AppData\Roaming\TRAE SOLO CN\ModularData\ai-agent\vm\tools\python\Lib\site-packages\pyspark\python\lib\p
yspark.zip\pyspark\shuffle.py:65: UserWarning: Please install psutil to have better support with spilling

[Stage 431:==============>                                          (1 + 3) / 4]

[Stage 431:============================>                            (2 + 2) / 4]

[bfs] round=26 new_pairs=937 cumulative=181692
                                                                                

[Stage 460:>                                                        (0 + 4) / 4]
C:\Users\admin\AppData\Roaming\TRAE SOLO CN\ModularData\ai-agent\vm\tools\python\Lib\site-packages\pyspark\python\lib\p
yspark.zip\pyspark\shuffle.py:65: UserWarning: Please install psutil to have better support with spilling
C:\Users\admin\AppData\Roaming\TRAE SOLO CN\ModularData\ai-agent\vm\tools\python\Lib\site-packages\pyspark\python\lib\p
yspark.zip\pyspark\shuffle.py:65: UserWarning: Please install psutil to have better support with spilling
C:\Users\admin\AppData\Roaming\TRAE SOLO CN\ModularData\ai-agent\vm\tools\python\Lib\site-packages\pyspark\python\lib\p
yspark.zip\pyspark\shuffle.py:65: UserWarning: Please install psutil to have better support with spilling
C:\Users\admin\AppData\Roaming\TRAE SOLO CN\ModularData\ai-agent\vm\tools\python\Lib\site-packages\pyspark\python\lib\p
yspark.zip\pyspark\shuffle.py:65: UserWarning: Please install psutil to have better support with spilling

[Stage 460:==============>                                          (1 + 3) / 4]

[Stage 461:>                                                        (0 + 4) / 4]
C:\Users\admin\AppData\Roaming\TRAE SOLO CN\ModularData\ai-agent\vm\tools\python\Lib\site-packages\pyspark\python\lib\p
yspark.zip\pyspark\shuffle.py:65: UserWarning: Please install psutil to have better support with spilling
C:\Users\admin\AppData\Roaming\TRAE SOLO CN\ModularData\ai-agent\vm\tools\python\Lib\site-packages\pyspark\python\lib\p
yspark.zip\pyspark\shuffle.py:65: UserWarning: Please install psutil to have better support with spilling
C:\Users\admin\AppData\Roaming\TRAE SOLO CN\ModularData\ai-agent\vm\tools\python\Lib\site-packages\pyspark\python\lib\p
yspark.zip\pyspark\shuffle.py:65: UserWarning: Please install psutil to have better support with spilling
C:\Users\admin\AppData\Roaming\TRAE SOLO CN\ModularData\ai-agent\vm\tools\python\Lib\site-packages\pyspark\python\lib\p
yspark.zip\pyspark\shuffle.py:65: UserWarning: Please install psutil to have better support with spilling
C:\Users\admin\AppData\Roaming\TRAE SOLO CN\ModularData\ai-agent\vm\tools\python\Lib\site-packages\pyspark\python\lib\p
yspark.zip\pyspark\shuffle.py:65: UserWarning: Please install psutil to have better support with spilling
C:\Users\admin\AppData\Roaming\TRAE SOLO CN\ModularData\ai-agent\vm\tools\python\Lib\site-packages\pyspark\python\lib\p
yspark.zip\pyspark\shuffle.py:65: UserWarning: Please install psutil to have better support with spilling
C:\Users\admin\AppData\Roaming\TRAE SOLO CN\ModularData\ai-agent\vm\tools\python\Lib\site-packages\pyspark\python\lib\p
yspark.zip\pyspark\shuffle.py:65: UserWarning: Please install psutil to have better support with spilling
C:\Users\admin\AppData\Roaming\TRAE SOLO CN\ModularData\ai-agent\vm\tools\python\Lib\site-packages\pyspark\python\lib\p
yspark.zip\pyspark\shuffle.py:65: UserWarning: Please install psutil to have better support with spilling
C:\Users\admin\AppData\Roaming\TRAE SOLO CN\ModularData\ai-agent\vm\tools\python\Lib\site-packages\pyspark\python\lib\p
yspark.zip\pyspark\shuffle.py:65: UserWarning: Please install psutil to have better support with spilling
C:\Users\admin\AppData\Roaming\TRAE SOLO CN\ModularData\ai-agent\vm\tools\python\Lib\site-packages\pyspark\python\lib\p
yspark.zip\pyspark\shuffle.py:65: UserWarning: Please install psutil to have better support with spilling
C:\Users\admin\AppData\Roaming\TRAE SOLO CN\ModularData\ai-agent\vm\tools\python\Lib\site-packages\pyspark\python\lib\p
yspark.zip\pyspark\shuffle.py:65: UserWarning: Please install psutil to have better support with spilling
C:\Users\admin\AppData\Roaming\TRAE SOLO CN\ModularData\ai-agent\vm\tools\python\Lib\site-packages\pyspark\python\lib\p
yspark.zip\pyspark\shuffle.py:65: UserWarning: Please install psutil to have better support with spilling

[Stage 461:==============>                                          (1 + 3) / 4]

[Stage 461:============================>                            (2 + 2) / 4]

[bfs] round=27 new_pairs=792 cumulative=182484
                                                                                

[Stage 491:>                                                        (0 + 4) / 4]
C:\Users\admin\AppData\Roaming\TRAE SOLO CN\ModularData\ai-agent\vm\tools\python\Lib\site-packages\pyspark\python\lib\p
yspark.zip\pyspark\shuffle.py:65: UserWarning: Please install psutil to have better support with spilling
C:\Users\admin\AppData\Roaming\TRAE SOLO CN\ModularData\ai-agent\vm\tools\python\Lib\site-packages\pyspark\python\lib\p
yspark.zip\pyspark\shuffle.py:65: UserWarning: Please install psutil to have better support with spilling
C:\Users\admin\AppData\Roaming\TRAE SOLO CN\ModularData\ai-agent\vm\tools\python\Lib\site-packages\pyspark\python\lib\p
yspark.zip\pyspark\shuffle.py:65: UserWarning: Please install psutil to have better support with spilling
C:\Users\admin\AppData\Roaming\TRAE SOLO CN\ModularData\ai-agent\vm\tools\python\Lib\site-packages\pyspark\python\lib\p
yspark.zip\pyspark\shuffle.py:65: UserWarning: Please install psutil to have better support with spilling

[Stage 491:==============>                                          (1 + 3) / 4]

[Stage 492:>                                                        (0 + 4) / 4]
C:\Users\admin\AppData\Roaming\TRAE SOLO CN\ModularData\ai-agent\vm\tools\python\Lib\site-packages\pyspark\python\lib\p
yspark.zip\pyspark\shuffle.py:65: UserWarning: Please install psutil to have better support with spilling
C:\Users\admin\AppData\Roaming\TRAE SOLO CN\ModularData\ai-agent\vm\tools\python\Lib\site-packages\pyspark\python\lib\p
yspark.zip\pyspark\shuffle.py:65: UserWarning: Please install psutil to have better support with spilling
C:\Users\admin\AppData\Roaming\TRAE SOLO CN\ModularData\ai-agent\vm\tools\python\Lib\site-packages\pyspark\python\lib\p
yspark.zip\pyspark\shuffle.py:65: UserWarning: Please install psutil to have better support with spilling
C:\Users\admin\AppData\Roaming\TRAE SOLO CN\ModularData\ai-agent\vm\tools\python\Lib\site-packages\pyspark\python\lib\p
yspark.zip\pyspark\shuffle.py:65: UserWarning: Please install psutil to have better support with spilling
C:\Users\admin\AppData\Roaming\TRAE SOLO CN\ModularData\ai-agent\vm\tools\python\Lib\site-packages\pyspark\python\lib\p
yspark.zip\pyspark\shuffle.py:65: UserWarning: Please install psutil to have better support with spilling
C:\Users\admin\AppData\Roaming\TRAE SOLO CN\ModularData\ai-agent\vm\tools\python\Lib\site-packages\pyspark\python\lib\p
yspark.zip\pyspark\shuffle.py:65: UserWarning: Please install psutil to have better support with spilling
C:\Users\admin\AppData\Roaming\TRAE SOLO CN\ModularData\ai-agent\vm\tools\python\Lib\site-packages\pyspark\python\lib\p
yspark.zip\pyspark\shuffle.py:65: UserWarning: Please install psutil to have better support with spilling
C:\Users\admin\AppData\Roaming\TRAE SOLO CN\ModularData\ai-agent\vm\tools\python\Lib\site-packages\pyspark\python\lib\p
yspark.zip\pyspark\shuffle.py:65: UserWarning: Please install psutil to have better support with spilling
C:\Users\admin\AppData\Roaming\TRAE SOLO CN\ModularData\ai-agent\vm\tools\python\Lib\site-packages\pyspark\python\lib\p
yspark.zip\pyspark\shuffle.py:65: UserWarning: Please install psutil to have better support with spilling
C:\Users\admin\AppData\Roaming\TRAE SOLO CN\ModularData\ai-agent\vm\tools\python\Lib\site-packages\pyspark\python\lib\p
yspark.zip\pyspark\shuffle.py:65: UserWarning: Please install psutil to have better support with spilling
C:\Users\admin\AppData\Roaming\TRAE SOLO CN\ModularData\ai-agent\vm\tools\python\Lib\site-packages\pyspark\python\lib\p
yspark.zip\pyspark\shuffle.py:65: UserWarning: Please install psutil to have better support with spilling
C:\Users\admin\AppData\Roaming\TRAE SOLO CN\ModularData\ai-agent\vm\tools\python\Lib\site-packages\pyspark\python\lib\p
yspark.zip\pyspark\shuffle.py:65: UserWarning: Please install psutil to have better support with spilling

[Stage 492:==============>                                          (1 + 3) / 4]

[Stage 492:============================>                            (2 + 2) / 4]

[bfs] round=28 new_pairs=485 cumulative=182969
                                                                                

[Stage 523:>                                                        (0 + 4) / 4]
C:\Users\admin\AppData\Roaming\TRAE SOLO CN\ModularData\ai-agent\vm\tools\python\Lib\site-packages\pyspark\python\lib\p
yspark.zip\pyspark\shuffle.py:65: UserWarning: Please install psutil to have better support with spilling
C:\Users\admin\AppData\Roaming\TRAE SOLO CN\ModularData\ai-agent\vm\tools\python\Lib\site-packages\pyspark\python\lib\p
yspark.zip\pyspark\shuffle.py:65: UserWarning: Please install psutil to have better support with spilling
C:\Users\admin\AppData\Roaming\TRAE SOLO CN\ModularData\ai-agent\vm\tools\python\Lib\site-packages\pyspark\python\lib\p
yspark.zip\pyspark\shuffle.py:65: UserWarning: Please install psutil to have better support with spilling
C:\Users\admin\AppData\Roaming\TRAE SOLO CN\ModularData\ai-agent\vm\tools\python\Lib\site-packages\pyspark\python\lib\p
yspark.zip\pyspark\shuffle.py:65: UserWarning: Please install psutil to have better support with spilling

[Stage 523:==============>                                          (1 + 3) / 4]

[Stage 524:>                                                        (0 + 4) / 4]
C:\Users\admin\AppData\Roaming\TRAE SOLO CN\ModularData\ai-agent\vm\tools\python\Lib\site-packages\pyspark\python\lib\p
yspark.zip\pyspark\shuffle.py:65: UserWarning: Please install psutil to have better support with spilling
C:\Users\admin\AppData\Roaming\TRAE SOLO CN\ModularData\ai-agent\vm\tools\python\Lib\site-packages\pyspark\python\lib\p
yspark.zip\pyspark\shuffle.py:65: UserWarning: Please install psutil to have better support with spilling
C:\Users\admin\AppData\Roaming\TRAE SOLO CN\ModularData\ai-agent\vm\tools\python\Lib\site-packages\pyspark\python\lib\p
yspark.zip\pyspark\shuffle.py:65: UserWarning: Please install psutil to have better support with spilling
C:\Users\admin\AppData\Roaming\TRAE SOLO CN\ModularData\ai-agent\vm\tools\python\Lib\site-packages\pyspark\python\lib\p
yspark.zip\pyspark\shuffle.py:65: UserWarning: Please install psutil to have better support with spilling
C:\Users\admin\AppData\Roaming\TRAE SOLO CN\ModularData\ai-agent\vm\tools\python\Lib\site-packages\pyspark\python\lib\p
yspark.zip\pyspark\shuffle.py:65: UserWarning: Please install psutil to have better support with spilling
C:\Users\admin\AppData\Roaming\TRAE SOLO CN\ModularData\ai-agent\vm\tools\python\Lib\site-packages\pyspark\python\lib\p
yspark.zip\pyspark\shuffle.py:65: UserWarning: Please install psutil to have better support with spilling
C:\Users\admin\AppData\Roaming\TRAE SOLO CN\ModularData\ai-agent\vm\tools\python\Lib\site-packages\pyspark\python\lib\p
yspark.zip\pyspark\shuffle.py:65: UserWarning: Please install psutil to have better support with spilling
C:\Users\admin\AppData\Roaming\TRAE SOLO CN\ModularData\ai-agent\vm\tools\python\Lib\site-packages\pyspark\python\lib\p
yspark.zip\pyspark\shuffle.py:65: UserWarning: Please install psutil to have better support with spilling
C:\Users\admin\AppData\Roaming\TRAE SOLO CN\ModularData\ai-agent\vm\tools\python\Lib\site-packages\pyspark\python\lib\p
yspark.zip\pyspark\shuffle.py:65: UserWarning: Please install psutil to have better support with spilling
C:\Users\admin\AppData\Roaming\TRAE SOLO CN\ModularData\ai-agent\vm\tools\python\Lib\site-packages\pyspark\python\lib\p
yspark.zip\pyspark\shuffle.py:65: UserWarning: Please install psutil to have better support with spilling
C:\Users\admin\AppData\Roaming\TRAE SOLO CN\ModularData\ai-agent\vm\tools\python\Lib\site-packages\pyspark\python\lib\p
yspark.zip\pyspark\shuffle.py:65: UserWarning: Please install psutil to have better support with spilling
C:\Users\admin\AppData\Roaming\TRAE SOLO CN\ModularData\ai-agent\vm\tools\python\Lib\site-packages\pyspark\python\lib\p
yspark.zip\pyspark\shuffle.py:65: UserWarning: Please install psutil to have better support with spilling

[Stage 524:==============>                                          (1 + 3) / 4]

[Stage 524:============================>                            (2 + 2) / 4]

[bfs] round=29 new_pairs=262 cumulative=183231
                                                                                

[Stage 556:>                                                        (0 + 4) / 4]
C:\Users\admin\AppData\Roaming\TRAE SOLO CN\ModularData\ai-agent\vm\tools\python\Lib\site-packages\pyspark\python\lib\p
yspark.zip\pyspark\shuffle.py:65: UserWarning: Please install psutil to have better support with spilling
C:\Users\admin\AppData\Roaming\TRAE SOLO CN\ModularData\ai-agent\vm\tools\python\Lib\site-packages\pyspark\python\lib\p
yspark.zip\pyspark\shuffle.py:65: UserWarning: Please install psutil to have better support with spilling
C:\Users\admin\AppData\Roaming\TRAE SOLO CN\ModularData\ai-agent\vm\tools\python\Lib\site-packages\pyspark\python\lib\p
yspark.zip\pyspark\shuffle.py:65: UserWarning: Please install psutil to have better support with spilling
C:\Users\admin\AppData\Roaming\TRAE SOLO CN\ModularData\ai-agent\vm\tools\python\Lib\site-packages\pyspark\python\lib\p
yspark.zip\pyspark\shuffle.py:65: UserWarning: Please install psutil to have better support with spilling

[Stage 556:==============>                                          (1 + 3) / 4]

[Stage 557:>                                                        (0 + 4) / 4]
C:\Users\admin\AppData\Roaming\TRAE SOLO CN\ModularData\ai-agent\vm\tools\python\Lib\site-packages\pyspark\python\lib\p
yspark.zip\pyspark\shuffle.py:65: UserWarning: Please install psutil to have better support with spilling
C:\Users\admin\AppData\Roaming\TRAE SOLO CN\ModularData\ai-agent\vm\tools\python\Lib\site-packages\pyspark\python\lib\p
yspark.zip\pyspark\shuffle.py:65: UserWarning: Please install psutil to have better support with spilling
C:\Users\admin\AppData\Roaming\TRAE SOLO CN\ModularData\ai-agent\vm\tools\python\Lib\site-packages\pyspark\python\lib\p
yspark.zip\pyspark\shuffle.py:65: UserWarning: Please install psutil to have better support with spilling
C:\Users\admin\AppData\Roaming\TRAE SOLO CN\ModularData\ai-agent\vm\tools\python\Lib\site-packages\pyspark\python\lib\p
yspark.zip\pyspark\shuffle.py:65: UserWarning: Please install psutil to have better support with spilling
C:\Users\admin\AppData\Roaming\TRAE SOLO CN\ModularData\ai-agent\vm\tools\python\Lib\site-packages\pyspark\python\lib\p
yspark.zip\pyspark\shuffle.py:65: UserWarning: Please install psutil to have better support with spilling
C:\Users\admin\AppData\Roaming\TRAE SOLO CN\ModularData\ai-agent\vm\tools\python\Lib\site-packages\pyspark\python\lib\p
yspark.zip\pyspark\shuffle.py:65: UserWarning: Please install psutil to have better support with spilling
C:\Users\admin\AppData\Roaming\TRAE SOLO CN\ModularData\ai-agent\vm\tools\python\Lib\site-packages\pyspark\python\lib\p
yspark.zip\pyspark\shuffle.py:65: UserWarning: Please install psutil to have better support with spilling
C:\Users\admin\AppData\Roaming\TRAE SOLO CN\ModularData\ai-agent\vm\tools\python\Lib\site-packages\pyspark\python\lib\p
yspark.zip\pyspark\shuffle.py:65: UserWarning: Please install psutil to have better support with spilling
C:\Users\admin\AppData\Roaming\TRAE SOLO CN\ModularData\ai-agent\vm\tools\python\Lib\site-packages\pyspark\python\lib\p
yspark.zip\pyspark\shuffle.py:65: UserWarning: Please install psutil to have better support with spilling
C:\Users\admin\AppData\Roaming\TRAE SOLO CN\ModularData\ai-agent\vm\tools\python\Lib\site-packages\pyspark\python\lib\p
yspark.zip\pyspark\shuffle.py:65: UserWarning: Please install psutil to have better support with spilling
C:\Users\admin\AppData\Roaming\TRAE SOLO CN\ModularData\ai-agent\vm\tools\python\Lib\site-packages\pyspark\python\lib\p
yspark.zip\pyspark\shuffle.py:65: UserWarning: Please install psutil to have better support with spilling
C:\Users\admin\AppData\Roaming\TRAE SOLO CN\ModularData\ai-agent\vm\tools\python\Lib\site-packages\pyspark\python\lib\p
yspark.zip\pyspark\shuffle.py:65: UserWarning: Please install psutil to have better support with spilling

[Stage 557:==============>                                          (1 + 3) / 4]

[Stage 557:============================>                            (2 + 2) / 4]

[bfs] round=30 new_pairs=144 cumulative=183375
                                                                                

[Stage 590:>                                                        (0 + 4) / 4]
C:\Users\admin\AppData\Roaming\TRAE SOLO CN\ModularData\ai-agent\vm\tools\python\Lib\site-packages\pyspark\python\lib\p
yspark.zip\pyspark\shuffle.py:65: UserWarning: Please install psutil to have better support with spilling
C:\Users\admin\AppData\Roaming\TRAE SOLO CN\ModularData\ai-agent\vm\tools\python\Lib\site-packages\pyspark\python\lib\p
yspark.zip\pyspark\shuffle.py:65: UserWarning: Please install psutil to have better support with spilling
C:\Users\admin\AppData\Roaming\TRAE SOLO CN\ModularData\ai-agent\vm\tools\python\Lib\site-packages\pyspark\python\lib\p
yspark.zip\pyspark\shuffle.py:65: UserWarning: Please install psutil to have better support with spilling
C:\Users\admin\AppData\Roaming\TRAE SOLO CN\ModularData\ai-agent\vm\tools\python\Lib\site-packages\pyspark\python\lib\p
yspark.zip\pyspark\shuffle.py:65: UserWarning: Please install psutil to have better support with spilling

[Stage 590:==============>                                          (1 + 3) / 4]

[Stage 590:==========================================>              (3 + 1) / 4]

[Stage 591:>                                                        (0 + 4) / 4]
C:\Users\admin\AppData\Roaming\TRAE SOLO CN\ModularData\ai-agent\vm\tools\python\Lib\site-packages\pyspark\python\lib\p
yspark.zip\pyspark\shuffle.py:65: UserWarning: Please install psutil to have better support with spilling
C:\Users\admin\AppData\Roaming\TRAE SOLO CN\ModularData\ai-agent\vm\tools\python\Lib\site-packages\pyspark\python\lib\p
yspark.zip\pyspark\shuffle.py:65: UserWarning: Please install psutil to have better support with spilling
C:\Users\admin\AppData\Roaming\TRAE SOLO CN\ModularData\ai-agent\vm\tools\python\Lib\site-packages\pyspark\python\lib\p
yspark.zip\pyspark\shuffle.py:65: UserWarning: Please install psutil to have better support with spilling
C:\Users\admin\AppData\Roaming\TRAE SOLO CN\ModularData\ai-agent\vm\tools\python\Lib\site-packages\pyspark\python\lib\p
yspark.zip\pyspark\shuffle.py:65: UserWarning: Please install psutil to have better support with spilling
C:\Users\admin\AppData\Roaming\TRAE SOLO CN\ModularData\ai-agent\vm\tools\python\Lib\site-packages\pyspark\python\lib\p
yspark.zip\pyspark\shuffle.py:65: UserWarning: Please install psutil to have better support with spilling
C:\Users\admin\AppData\Roaming\TRAE SOLO CN\ModularData\ai-agent\vm\tools\python\Lib\site-packages\pyspark\python\lib\p
yspark.zip\pyspark\shuffle.py:65: UserWarning: Please install psutil to have better support with spilling
C:\Users\admin\AppData\Roaming\TRAE SOLO CN\ModularData\ai-agent\vm\tools\python\Lib\site-packages\pyspark\python\lib\p
yspark.zip\pyspark\shuffle.py:65: UserWarning: Please install psutil to have better support with spilling
C:\Users\admin\AppData\Roaming\TRAE SOLO CN\ModularData\ai-agent\vm\tools\python\Lib\site-packages\pyspark\python\lib\p
yspark.zip\pyspark\shuffle.py:65: UserWarning: Please install psutil to have better support with spilling
C:\Users\admin\AppData\Roaming\TRAE SOLO CN\ModularData\ai-agent\vm\tools\python\Lib\site-packages\pyspark\python\lib\p
yspark.zip\pyspark\shuffle.py:65: UserWarning: Please install psutil to have better support with spilling
C:\Users\admin\AppData\Roaming\TRAE SOLO CN\ModularData\ai-agent\vm\tools\python\Lib\site-packages\pyspark\python\lib\p
yspark.zip\pyspark\shuffle.py:65: UserWarning: Please install psutil to have better support with spilling
C:\Users\admin\AppData\Roaming\TRAE SOLO CN\ModularData\ai-agent\vm\tools\python\Lib\site-packages\pyspark\python\lib\p
yspark.zip\pyspark\shuffle.py:65: UserWarning: Please install psutil to have better support with spilling
C:\Users\admin\AppData\Roaming\TRAE SOLO CN\ModularData\ai-agent\vm\tools\python\Lib\site-packages\pyspark\python\lib\p
yspark.zip\pyspark\shuffle.py:65: UserWarning: Please install psutil to have better support with spilling

[Stage 591:==============>                                          (1 + 3) / 4]

[Stage 591:============================>                            (2 + 2) / 4]

[bfs] round=31 new_pairs=117 cumulative=183492
                                                                                

[Stage 625:>                                                        (0 + 4) / 4]
C:\Users\admin\AppData\Roaming\TRAE SOLO CN\ModularData\ai-agent\vm\tools\python\Lib\site-packages\pyspark\python\lib\p
yspark.zip\pyspark\shuffle.py:65: UserWarning: Please install psutil to have better support with spilling
C:\Users\admin\AppData\Roaming\TRAE SOLO CN\ModularData\ai-agent\vm\tools\python\Lib\site-packages\pyspark\python\lib\p
yspark.zip\pyspark\shuffle.py:65: UserWarning: Please install psutil to have better support with spilling
C:\Users\admin\AppData\Roaming\TRAE SOLO CN\ModularData\ai-agent\vm\tools\python\Lib\site-packages\pyspark\python\lib\p
yspark.zip\pyspark\shuffle.py:65: UserWarning: Please install psutil to have better support with spilling
C:\Users\admin\AppData\Roaming\TRAE SOLO CN\ModularData\ai-agent\vm\tools\python\Lib\site-packages\pyspark\python\lib\p
yspark.zip\pyspark\shuffle.py:65: UserWarning: Please install psutil to have better support with spilling

[Stage 625:==============>                                          (1 + 3) / 4]

[Stage 625:============================>                            (2 + 2) / 4]

[Stage 626:>                                                        (0 + 4) / 4]
C:\Users\admin\AppData\Roaming\TRAE SOLO CN\ModularData\ai-agent\vm\tools\python\Lib\site-packages\pyspark\python\lib\p
yspark.zip\pyspark\shuffle.py:65: UserWarning: Please install psutil to have better support with spilling
C:\Users\admin\AppData\Roaming\TRAE SOLO CN\ModularData\ai-agent\vm\tools\python\Lib\site-packages\pyspark\python\lib\p
yspark.zip\pyspark\shuffle.py:65: UserWarning: Please install psutil to have better support with spilling
C:\Users\admin\AppData\Roaming\TRAE SOLO CN\ModularData\ai-agent\vm\tools\python\Lib\site-packages\pyspark\python\lib\p
yspark.zip\pyspark\shuffle.py:65: UserWarning: Please install psutil to have better support with spilling
C:\Users\admin\AppData\Roaming\TRAE SOLO CN\ModularData\ai-agent\vm\tools\python\Lib\site-packages\pyspark\python\lib\p
yspark.zip\pyspark\shuffle.py:65: UserWarning: Please install psutil to have better support with spilling
C:\Users\admin\AppData\Roaming\TRAE SOLO CN\ModularData\ai-agent\vm\tools\python\Lib\site-packages\pyspark\python\lib\p
yspark.zip\pyspark\shuffle.py:65: UserWarning: Please install psutil to have better support with spilling
C:\Users\admin\AppData\Roaming\TRAE SOLO CN\ModularData\ai-agent\vm\tools\python\Lib\site-packages\pyspark\python\lib\p
yspark.zip\pyspark\shuffle.py:65: UserWarning: Please install psutil to have better support with spilling
C:\Users\admin\AppData\Roaming\TRAE SOLO CN\ModularData\ai-agent\vm\tools\python\Lib\site-packages\pyspark\python\lib\p
yspark.zip\pyspark\shuffle.py:65: UserWarning: Please install psutil to have better support with spilling
C:\Users\admin\AppData\Roaming\TRAE SOLO CN\ModularData\ai-agent\vm\tools\python\Lib\site-packages\pyspark\python\lib\p
yspark.zip\pyspark\shuffle.py:65: UserWarning: Please install psutil to have better support with spilling
C:\Users\admin\AppData\Roaming\TRAE SOLO CN\ModularData\ai-agent\vm\tools\python\Lib\site-packages\pyspark\python\lib\p
yspark.zip\pyspark\shuffle.py:65: UserWarning: Please install psutil to have better support with spilling
C:\Users\admin\AppData\Roaming\TRAE SOLO CN\ModularData\ai-agent\vm\tools\python\Lib\site-packages\pyspark\python\lib\p
yspark.zip\pyspark\shuffle.py:65: UserWarning: Please install psutil to have better support with spilling
C:\Users\admin\AppData\Roaming\TRAE SOLO CN\ModularData\ai-agent\vm\tools\python\Lib\site-packages\pyspark\python\lib\p
yspark.zip\pyspark\shuffle.py:65: UserWarning: Please install psutil to have better support with spilling
C:\Users\admin\AppData\Roaming\TRAE SOLO CN\ModularData\ai-agent\vm\tools\python\Lib\site-packages\pyspark\python\lib\p
yspark.zip\pyspark\shuffle.py:65: UserWarning: Please install psutil to have better support with spilling

[Stage 626:==============>                                          (1 + 3) / 4]

[Stage 626:============================>                            (2 + 2) / 4]

[bfs] round=32 new_pairs=63 cumulative=183555
                                                                                

[Stage 661:>                                                        (0 + 4) / 4]
C:\Users\admin\AppData\Roaming\TRAE SOLO CN\ModularData\ai-agent\vm\tools\python\Lib\site-packages\pyspark\python\lib\p
yspark.zip\pyspark\shuffle.py:65: UserWarning: Please install psutil to have better support with spilling
C:\Users\admin\AppData\Roaming\TRAE SOLO CN\ModularData\ai-agent\vm\tools\python\Lib\site-packages\pyspark\python\lib\p
yspark.zip\pyspark\shuffle.py:65: UserWarning: Please install psutil to have better support with spilling
C:\Users\admin\AppData\Roaming\TRAE SOLO CN\ModularData\ai-agent\vm\tools\python\Lib\site-packages\pyspark\python\lib\p
yspark.zip\pyspark\shuffle.py:65: UserWarning: Please install psutil to have better support with spilling
C:\Users\admin\AppData\Roaming\TRAE SOLO CN\ModularData\ai-agent\vm\tools\python\Lib\site-packages\pyspark\python\lib\p
yspark.zip\pyspark\shuffle.py:65: UserWarning: Please install psutil to have better support with spilling

[Stage 661:==============>                                          (1 + 3) / 4]

[Stage 661:============================>                            (2 + 2) / 4]

[Stage 662:>                                                        (0 + 4) / 4]
C:\Users\admin\AppData\Roaming\TRAE SOLO CN\ModularData\ai-agent\vm\tools\python\Lib\site-packages\pyspark\python\lib\p
yspark.zip\pyspark\shuffle.py:65: UserWarning: Please install psutil to have better support with spilling
C:\Users\admin\AppData\Roaming\TRAE SOLO CN\ModularData\ai-agent\vm\tools\python\Lib\site-packages\pyspark\python\lib\p
yspark.zip\pyspark\shuffle.py:65: UserWarning: Please install psutil to have better support with spilling
C:\Users\admin\AppData\Roaming\TRAE SOLO CN\ModularData\ai-agent\vm\tools\python\Lib\site-packages\pyspark\python\lib\p
yspark.zip\pyspark\shuffle.py:65: UserWarning: Please install psutil to have better support with spilling
C:\Users\admin\AppData\Roaming\TRAE SOLO CN\ModularData\ai-agent\vm\tools\python\Lib\site-packages\pyspark\python\lib\p
yspark.zip\pyspark\shuffle.py:65: UserWarning: Please install psutil to have better support with spilling
C:\Users\admin\AppData\Roaming\TRAE SOLO CN\ModularData\ai-agent\vm\tools\python\Lib\site-packages\pyspark\python\lib\p
yspark.zip\pyspark\shuffle.py:65: UserWarning: Please install psutil to have better support with spilling
C:\Users\admin\AppData\Roaming\TRAE SOLO CN\ModularData\ai-agent\vm\tools\python\Lib\site-packages\pyspark\python\lib\p
yspark.zip\pyspark\shuffle.py:65: UserWarning: Please install psutil to have better support with spilling
C:\Users\admin\AppData\Roaming\TRAE SOLO CN\ModularData\ai-agent\vm\tools\python\Lib\site-packages\pyspark\python\lib\p
yspark.zip\pyspark\shuffle.py:65: UserWarning: Please install psutil to have better support with spilling
C:\Users\admin\AppData\Roaming\TRAE SOLO CN\ModularData\ai-agent\vm\tools\python\Lib\site-packages\pyspark\python\lib\p
yspark.zip\pyspark\shuffle.py:65: UserWarning: Please install psutil to have better support with spilling
C:\Users\admin\AppData\Roaming\TRAE SOLO CN\ModularData\ai-agent\vm\tools\python\Lib\site-packages\pyspark\python\lib\p
yspark.zip\pyspark\shuffle.py:65: UserWarning: Please install psutil to have better support with spilling
C:\Users\admin\AppData\Roaming\TRAE SOLO CN\ModularData\ai-agent\vm\tools\python\Lib\site-packages\pyspark\python\lib\p
yspark.zip\pyspark\shuffle.py:65: UserWarning: Please install psutil to have better support with spilling
C:\Users\admin\AppData\Roaming\TRAE SOLO CN\ModularData\ai-agent\vm\tools\python\Lib\site-packages\pyspark\python\lib\p
yspark.zip\pyspark\shuffle.py:65: UserWarning: Please install psutil to have better support with spilling
C:\Users\admin\AppData\Roaming\TRAE SOLO CN\ModularData\ai-agent\vm\tools\python\Lib\site-packages\pyspark\python\lib\p
yspark.zip\pyspark\shuffle.py:65: UserWarning: Please install psutil to have better support with spilling

[Stage 662:==============>                                          (1 + 3) / 4]

[Stage 662:============================>                            (2 + 2) / 4]

[bfs] round=33 new_pairs=27 cumulative=183582
                                                                                

[Stage 698:>                                                        (0 + 4) / 4]
C:\Users\admin\AppData\Roaming\TRAE SOLO CN\ModularData\ai-agent\vm\tools\python\Lib\site-packages\pyspark\python\lib\p
yspark.zip\pyspark\shuffle.py:65: UserWarning: Please install psutil to have better support with spilling
C:\Users\admin\AppData\Roaming\TRAE SOLO CN\ModularData\ai-agent\vm\tools\python\Lib\site-packages\pyspark\python\lib\p
yspark.zip\pyspark\shuffle.py:65: UserWarning: Please install psutil to have better support with spilling
C:\Users\admin\AppData\Roaming\TRAE SOLO CN\ModularData\ai-agent\vm\tools\python\Lib\site-packages\pyspark\python\lib\p
yspark.zip\pyspark\shuffle.py:65: UserWarning: Please install psutil to have better support with spilling
C:\Users\admin\AppData\Roaming\TRAE SOLO CN\ModularData\ai-agent\vm\tools\python\Lib\site-packages\pyspark\python\lib\p
yspark.zip\pyspark\shuffle.py:65: UserWarning: Please install psutil to have better support with spilling

[Stage 698:==============>                                          (1 + 3) / 4]

[Stage 698:============================>                            (2 + 2) / 4]

[Stage 699:>                                                        (0 + 4) / 4]
C:\Users\admin\AppData\Roaming\TRAE SOLO CN\ModularData\ai-agent\vm\tools\python\Lib\site-packages\pyspark\python\lib\p
yspark.zip\pyspark\shuffle.py:65: UserWarning: Please install psutil to have better support with spilling
C:\Users\admin\AppData\Roaming\TRAE SOLO CN\ModularData\ai-agent\vm\tools\python\Lib\site-packages\pyspark\python\lib\p
yspark.zip\pyspark\shuffle.py:65: UserWarning: Please install psutil to have better support with spilling
C:\Users\admin\AppData\Roaming\TRAE SOLO CN\ModularData\ai-agent\vm\tools\python\Lib\site-packages\pyspark\python\lib\p
yspark.zip\pyspark\shuffle.py:65: UserWarning: Please install psutil to have better support with spilling
C:\Users\admin\AppData\Roaming\TRAE SOLO CN\ModularData\ai-agent\vm\tools\python\Lib\site-packages\pyspark\python\lib\p
yspark.zip\pyspark\shuffle.py:65: UserWarning: Please install psutil to have better support with spilling
C:\Users\admin\AppData\Roaming\TRAE SOLO CN\ModularData\ai-agent\vm\tools\python\Lib\site-packages\pyspark\python\lib\p
yspark.zip\pyspark\shuffle.py:65: UserWarning: Please install psutil to have better support with spilling
C:\Users\admin\AppData\Roaming\TRAE SOLO CN\ModularData\ai-agent\vm\tools\python\Lib\site-packages\pyspark\python\lib\p
yspark.zip\pyspark\shuffle.py:65: UserWarning: Please install psutil to have better support with spilling
C:\Users\admin\AppData\Roaming\TRAE SOLO CN\ModularData\ai-agent\vm\tools\python\Lib\site-packages\pyspark\python\lib\p
yspark.zip\pyspark\shuffle.py:65: UserWarning: Please install psutil to have better support with spilling
C:\Users\admin\AppData\Roaming\TRAE SOLO CN\ModularData\ai-agent\vm\tools\python\Lib\site-packages\pyspark\python\lib\p
yspark.zip\pyspark\shuffle.py:65: UserWarning: Please install psutil to have better support with spilling
C:\Users\admin\AppData\Roaming\TRAE SOLO CN\ModularData\ai-agent\vm\tools\python\Lib\site-packages\pyspark\python\lib\p
yspark.zip\pyspark\shuffle.py:65: UserWarning: Please install psutil to have better support with spilling
C:\Users\admin\AppData\Roaming\TRAE SOLO CN\ModularData\ai-agent\vm\tools\python\Lib\site-packages\pyspark\python\lib\p
yspark.zip\pyspark\shuffle.py:65: UserWarning: Please install psutil to have better support with spilling
C:\Users\admin\AppData\Roaming\TRAE SOLO CN\ModularData\ai-agent\vm\tools\python\Lib\site-packages\pyspark\python\lib\p
yspark.zip\pyspark\shuffle.py:65: UserWarning: Please install psutil to have better support with spilling
C:\Users\admin\AppData\Roaming\TRAE SOLO CN\ModularData\ai-agent\vm\tools\python\Lib\site-packages\pyspark\python\lib\p
yspark.zip\pyspark\shuffle.py:65: UserWarning: Please install psutil to have better support with spilling

[Stage 699:==============>                                          (1 + 3) / 4]

[Stage 699:============================>                            (2 + 2) / 4]

[Stage 699:==========================================>              (3 + 1) / 4]

                                                                                

[Stage 736:>                                                        (0 + 4) / 4]
C:\Users\admin\AppData\Roaming\TRAE SOLO CN\ModularData\ai-agent\vm\tools\python\Lib\site-packages\pyspark\python\lib\p
yspark.zip\pyspark\shuffle.py:65: UserWarning: Please install psutil to have better support with spilling
C:\Users\admin\AppData\Roaming\TRAE SOLO CN\ModularData\ai-agent\vm\tools\python\Lib\site-packages\pyspark\python\lib\p
yspark.zip\pyspark\shuffle.py:65: UserWarning: Please install psutil to have better support with spilling
C:\Users\admin\AppData\Roaming\TRAE SOLO CN\ModularData\ai-agent\vm\tools\python\Lib\site-packages\pyspark\python\lib\p
yspark.zip\pyspark\shuffle.py:65: UserWarning: Please install psutil to have better support with spilling
C:\Users\admin\AppData\Roaming\TRAE SOLO CN\ModularData\ai-agent\vm\tools\python\Lib\site-packages\pyspark\python\lib\p
yspark.zip\pyspark\shuffle.py:65: UserWarning: Please install psutil to have better support with spilling

[Stage 736:==========================================>              (3 + 1) / 4]

[Stage 737:>                                                        (0 + 4) / 4]
C:\Users\admin\AppData\Roaming\TRAE SOLO CN\ModularData\ai-agent\vm\tools\python\Lib\site-packages\pyspark\python\lib\p
yspark.zip\pyspark\shuffle.py:65: UserWarning: Please install psutil to have better support with spilling
C:\Users\admin\AppData\Roaming\TRAE SOLO CN\ModularData\ai-agent\vm\tools\python\Lib\site-packages\pyspark\python\lib\p
yspark.zip\pyspark\shuffle.py:65: UserWarning: Please install psutil to have better support with spilling
C:\Users\admin\AppData\Roaming\TRAE SOLO CN\ModularData\ai-agent\vm\tools\python\Lib\site-packages\pyspark\python\lib\p
yspark.zip\pyspark\shuffle.py:65: UserWarning: Please install psutil to have better support with spilling
C:\Users\admin\AppData\Roaming\TRAE SOLO CN\ModularData\ai-agent\vm\tools\python\Lib\site-packages\pyspark\python\lib\p
yspark.zip\pyspark\shuffle.py:65: UserWarning: Please install psutil to have better support with spilling
C:\Users\admin\AppData\Roaming\TRAE SOLO CN\ModularData\ai-agent\vm\tools\python\Lib\site-packages\pyspark\python\lib\p
yspark.zip\pyspark\shuffle.py:65: UserWarning: Please install psutil to have better support with spilling

[Stage 737:>                                                        (0 + 4) / 4]
C:\Users\admin\AppData\Roaming\TRAE SOLO CN\ModularData\ai-agent\vm\tools\python\Lib\site-packages\pyspark\python\lib\p
yspark.zip\pyspark\shuffle.py:65: UserWarning: Please install psutil to have better support with spilling
26/09/04 21:30:40 ERROR Executor: Exception in task 0.0 in stage 737.0 (TID 296)
org.apache.spark.api.python.PythonException: Traceback (most recent call last):
  File "C:\Users\admin\AppData\Roaming\TRAE SOLO CN\ModularData\ai-agent\vm\tools\python\Lib\site-packages\pyspark\pyth
on\lib\pyspark.zip\pyspark\worker.py", line 1247, in main
  File "C:\Users\admin\AppData\Roaming\TRAE SOLO CN\ModularData\ai-agent\vm\tools\python\Lib\site-packages\pyspark\pyth
on\lib\pyspark.zip\pyspark\worker.py", line 1237, in process
  File "C:\Users\admin\AppData\Roaming\TRAE SOLO CN\ModularData\ai-agent\vm\tools\python\lib\site-packages\pyspark\rdd.
py", line 5434, in pipeline_func
    return func(split, prev_func(split, iterator))
  File "C:\Users\admin\AppData\Roaming\TRAE SOLO CN\ModularData\ai-agent\vm\tools\python\lib\site-packages\pyspark\rdd.
py", line 5434, in pipeline_func
    return func(split, prev_func(split, iterator))
  File "C:\Users\admin\AppData\Roaming\TRAE SOLO CN\ModularData\ai-agent\vm\tools\python\lib\site-packages\pyspark\rdd.
py", line 5434, in pipeline_func
    return func(split, prev_func(split, iterator))
  [Previous line repeated 1 more time]
  File "C:\Users\admin\AppData\Roaming\TRAE SOLO CN\ModularData\ai-agent\vm\tools\python\lib\site-packages\pyspark\rdd.
py", line 840, in func
    return f(iterator)
  File "C:\Users\admin\AppData\Roaming\TRAE SOLO CN\ModularData\ai-agent\vm\tools\python\lib\site-packages\pyspark\rdd.
py", line 4175, in combine
    merger.mergeValues(iterator)
  File "C:\Users\admin\AppData\Roaming\TRAE SOLO CN\ModularData\ai-agent\vm\tools\python\Lib\site-packages\pyspark\pyth
on\lib\pyspark.zip\pyspark\shuffle.py", line 256, in mergeValues
    for k, v in iterator:
  File "C:\Users\admin\AppData\Roaming\TRAE SOLO CN\ModularData\ai-agent\vm\tools\python\Lib\site-packages\pyspark\pyth
on\lib\pyspark.zip\pyspark\serializers.py", line 152, in load_stream
    yield self._read_with_length(stream)
  File "C:\Users\admin\AppData\Roaming\TRAE SOLO CN\ModularData\ai-agent\vm\tools\python\Lib\site-packages\pyspark\pyth
on\lib\pyspark.zip\pyspark\serializers.py", line 171, in _read_with_length
    obj = stream.read(length)
  File "socket.py", line 705, in readinto
TimeoutError: timed out

	at org.apache.spark.api.python.BasePythonRunner$ReaderIterator.handlePythonException(PythonRunner.scala:572)
	at org.apache.spark.api.python.PythonRunner$$anon$3.read(PythonRunner.scala:784)
	at org.apache.spark.api.python.PythonRunner$$anon$3.read(PythonRunner.scala:766)
	at org.apache.spark.api.python.BasePythonRunner$ReaderIterator.hasNext(PythonRunner.scala:525)
	at org.apache.spark.InterruptibleIterator.hasNext(InterruptibleIterator.scala:37)
	at scala.collection.Iterator.foreach(Iterator.scala:943)
	at scala.collection.Iterator.foreach$(Iterator.scala:943)
	at org.apache.spark.InterruptibleIterator.foreach(InterruptibleIterator.scala:28)
	at scala.collection.generic.Growable.$plus$plus$eq(Growable.scala:62)
	at scala.collection.generic.Growable.$plus$plus$eq$(Growable.scala:53)
	at scala.collection.mutable.ArrayBuffer.$plus$plus$eq(ArrayBuffer.scala:105)
	at scala.collection.mutable.ArrayBuffer.$plus$plus$eq(ArrayBuffer.scala:49)
	at scala.collection.TraversableOnce.to(TraversableOnce.scala:366)
	at scala.collection.TraversableOnce.to$(TraversableOnce.scala:364)
	at org.apache.spark.InterruptibleIterator.to(InterruptibleIterator.scala:28)
	at scala.collection.TraversableOnce.toBuffer(TraversableOnce.scala:358)
	at scala.collection.TraversableOnce.toBuffer$(TraversableOnce.scala:358)
	at org.apache.spark.InterruptibleIterator.toBuffer(InterruptibleIterator.scala:28)
	at scala.collection.TraversableOnce.toArray(TraversableOnce.scala:345)
	at scala.collection.TraversableOnce.toArray$(TraversableOnce.scala:339)
	at org.apache.spark.InterruptibleIterator.toArray(InterruptibleIterator.scala:28)
	at org.apache.spark.rdd.RDD.$anonfun$collect$2(RDD.scala:1049)
	at org.apache.spark.SparkContext.$anonfun$runJob$5(SparkContext.scala:2433)
	at org.apache.spark.scheduler.ResultTask.runTask(ResultTask.scala:93)
	at org.apache.spark.TaskContext.runTaskWithListeners(TaskContext.scala:166)
	at org.apache.spark.scheduler.Task.run(Task.scala:141)
	at org.apache.spark.executor.Executor$TaskRunner.$anonfun$run$4(Executor.scala:620)
	at org.apache.spark.util.SparkErrorUtils.tryWithSafeFinally(SparkErrorUtils.scala:64)
	at org.apache.spark.util.SparkErrorUtils.tryWithSafeFinally$(SparkErrorUtils.scala:61)
	at org.apache.spark.util.Utils$.tryWithSafeFinally(Utils.scala:94)
	at org.apache.spark.executor.Executor$TaskRunner.run(Executor.scala:623)
	at java.base/java.util.concurrent.ThreadPoolExecutor.runWorker(Unknown Source)
	at java.base/java.util.concurrent.ThreadPoolExecutor$Worker.run(Unknown Source)
	at java.base/java.lang.Thread.run(Unknown Source)
26/09/04 21:30:40 ERROR TaskSetManager: Task 0 in stage 737.0 failed 1 times; aborting job
Traceback (most recent call last):
  File "D:\bigmaths\movie-actor-graph\pipeline\06_sna_analysis.py", line 563, in <module>
    sys.exit(main())
  File "D:\bigmaths\movie-actor-graph\pipeline\06_sna_analysis.py", line 415, in main
    hist, avg_path, diameter, closeness = multisource_bfs(sc, nbr, nodes, sources)
  File "D:\bigmaths\movie-actor-graph\pipeline\06_sna_analysis.py", line 178, in multisource_bfs
    closeness = dict(masks.join(distsum).map(closeness_of).collect())
  File "C:\Users\admin\AppData\Roaming\TRAE SOLO CN\ModularData\ai-agent\vm\tools\python\lib\site-packages\pyspark\rdd.
py", line 1833, in collect
    sock_info = self.ctx._jvm.PythonRDD.collectAndServe(self._jrdd.rdd())
  File "C:\Users\admin\AppData\Roaming\TRAE SOLO CN\ModularData\ai-agent\vm\tools\python\lib\site-packages\py4j\java_ga
teway.py", line 1322, in __call__
    return_value = get_return_value(
  File "C:\Users\admin\AppData\Roaming\TRAE SOLO CN\ModularData\ai-agent\vm\tools\python\lib\site-packages\py4j\protoco
l.py", line 326, in get_return_value
    raise Py4JJavaError(
py4j.protocol.Py4JJavaError: An error occurred while calling z:org.apache.spark.api.python.PythonRDD.collectAndServe.
: org.apache.spark.SparkException: Job aborted due to stage failure: Task 0 in stage 737.0 failed 1 times, most recent 
failure: Lost task 0.0 in stage 737.0 (TID 296) (hy executor driver): org.apache.spark.api.python.PythonException: Trac
eback (most recent call last):
  File "C:\Users\admin\AppData\Roaming\TRAE SOLO CN\ModularData\ai-agent\vm\tools\python\Lib\site-packages\pyspark\pyth
on\lib\pyspark.zip\pyspark\worker.py", line 1247, in main
  File "C:\Users\admin\AppData\Roaming\TRAE SOLO CN\ModularData\ai-agent\vm\tools\python\Lib\site-packages\pyspark\pyth
on\lib\pyspark.zip\pyspark\worker.py", line 1237, in process
  File "C:\Users\admin\AppData\Roaming\TRAE SOLO CN\ModularData\ai-agent\vm\tools\python\lib\site-packages\pyspark\rdd.
py", line 5434, in pipeline_func
    return func(split, prev_func(split, iterator))
  File "C:\Users\admin\AppData\Roaming\TRAE SOLO CN\ModularData\ai-agent\vm\tools\python\lib\site-packages\pyspark\rdd.
py", line 5434, in pipeline_func
    return func(split, prev_func(split, iterator))
  File "C:\Users\admin\AppData\Roaming\TRAE SOLO CN\ModularData\ai-agent\vm\tools\python\lib\site-packages\pyspark\rdd.
py", line 5434, in pipeline_func
    return func(split, prev_func(split, iterator))
  [Previous line repeated 1 more time]
  File "C:\Users\admin\AppData\Roaming\TRAE SOLO CN\ModularData\ai-agent\vm\tools\python\lib\site-packages\pyspark\rdd.
py", line 840, in func
    return f(iterator)
  File "C:\Users\admin\AppData\Roaming\TRAE SOLO CN\ModularData\ai-agent\vm\tools\python\lib\site-packages\pyspark\rdd.
py", line 4175, in combine
    merger.mergeValues(iterator)
  File "C:\Users\admin\AppData\Roaming\TRAE SOLO CN\ModularData\ai-agent\vm\tools\python\Lib\site-packages\pyspark\pyth
on\lib\pyspark.zip\pyspark\shuffle.py", line 256, in mergeValues
    for k, v in iterator:
  File "C:\Users\admin\AppData\Roaming\TRAE SOLO CN\ModularData\ai-agent\vm\tools\python\Lib\site-packages\pyspark\pyth
on\lib\pyspark.zip\pyspark\serializers.py", line 152, in load_stream
    yield self._read_with_length(stream)
  File "C:\Users\admin\AppData\Roaming\TRAE SOLO CN\ModularData\ai-agent\vm\tools\python\Lib\site-packages\pyspark\pyth
on\lib\pyspark.zip\pyspark\serializers.py", line 171, in _read_with_length
    obj = stream.read(length)
  File "socket.py", line 705, in readinto
TimeoutError: timed out


	at org.apache.spark.api.python.BasePythonRunner$ReaderIterator.handlePythonException(PythonRunner.scala:572)

	at org.apache.spark.api.python.PythonRunner$$anon$3.read(PythonRunner.scala:784)

	at org.apache.spark.api.python.PythonRunner$$anon$3.read(PythonRunner.scala:766)

	at org.apache.spark.api.python.BasePythonRunner$ReaderIterator.hasNext(PythonRunner.scala:525)

	at org.apache.spark.InterruptibleIterator.hasNext(InterruptibleIterator.scala:37)

	at scala.collection.Iterator.foreach(Iterator.scala:943)

	at scala.collection.Iterator.foreach$(Iterator.scala:943)

	at org.apache.spark.InterruptibleIterator.foreach(InterruptibleIterator.scala:28)

	at scala.collection.generic.Growable.$plus$plus$eq(Growable.scala:62)

	at scala.collection.generic.Growable.$plus$plus$eq$(Growable.scala:53)

	at scala.collection.mutable.ArrayBuffer.$plus$plus$eq(ArrayBuffer.scala:105)

	at scala.collection.mutable.ArrayBuffer.$plus$plus$eq(ArrayBuffer.scala:49)

	at scala.collection.TraversableOnce.to(TraversableOnce.scala:366)

	at scala.collection.TraversableOnce.to$(TraversableOnce.scala:364)

	at org.apache.spark.InterruptibleIterator.to(InterruptibleIterator.scala:28)

	at scala.collection.TraversableOnce.toBuffer(TraversableOnce.scala:358)

	at scala.collection.TraversableOnce.toBuffer$(TraversableOnce.scala:358)

	at org.apache.spark.InterruptibleIterator.toBuffer(InterruptibleIterator.scala:28)

	at scala.collection.TraversableOnce.toArray(TraversableOnce.scala:345)

	at scala.collection.TraversableOnce.toArray$(TraversableOnce.scala:339)

	at org.apache.spark.InterruptibleIterator.toArray(InterruptibleIterator.scala:28)

	at org.apache.spark.rdd.RDD.$anonfun$collect$2(RDD.scala:1049)

	at org.apache.spark.SparkContext.$anonfun$runJob$5(SparkContext.scala:2433)

	at org.apache.spark.scheduler.ResultTask.runTask(ResultTask.scala:93)

	at org.apache.spark.TaskContext.runTaskWithListeners(TaskContext.scala:166)

	at org.apache.spark.scheduler.Task.run(Task.scala:141)

	at org.apache.spark.executor.Executor$TaskRunner.$anonfun$run$4(Executor.scala:620)

	at org.apache.spark.util.SparkErrorUtils.tryWithSafeFinally(SparkErrorUtils.scala:64)

	at org.apache.spark.util.SparkErrorUtils.tryWithSafeFinally$(SparkErrorUtils.scala:61)

	at org.apache.spark.util.Utils$.tryWithSafeFinally(Utils.scala:94)

	at org.apache.spark.executor.Executor$TaskRunner.run(Executor.scala:623)

	at java.base/java.util.concurrent.ThreadPoolExecutor.runWorker(Unknown Source)

	at java.base/java.util.concurrent.ThreadPoolExecutor$Worker.run(Unknown Source)

	at java.base/java.lang.Thread.run(Unknown Source)


Driver stacktrace:

	at org.apache.spark.scheduler.DAGScheduler.failJobAndIndependentStages(DAGScheduler.scala:2856)

	at org.apache.spark.scheduler.DAGScheduler.$anonfun$abortStage$2(DAGScheduler.scala:2792)

	at org.apache.spark.scheduler.DAGScheduler.$anonfun$abortStage$2$adapted(DAGScheduler.scala:2791)

	at scala.collection.mutable.ResizableArray.foreach(ResizableArray.scala:62)

	at scala.collection.mutable.ResizableArray.foreach$(ResizableArray.scala:55)

	at scala.collection.mutable.ArrayBuffer.foreach(ArrayBuffer.scala:49)

	at org.apache.spark.scheduler.DAGScheduler.abortStage(DAGScheduler.scala:2791)

	at org.apache.spark.scheduler.DAGScheduler.$anonfun$handleTaskSetFailed$1(DAGScheduler.scala:1247)

	at org.apache.spark.scheduler.DAGScheduler.$anonfun$handleTaskSetFailed$1$adapted(DAGScheduler.scala:1247)

	at scala.Option.foreach(Option.scala:407)

	at org.apache.spark.scheduler.DAGScheduler.handleTaskSetFailed(DAGScheduler.scala:1247)

	at org.apache.spark.scheduler.DAGSchedulerEventProcessLoop.doOnReceive(DAGScheduler.scala:3060)

	at org.apache.spark.scheduler.DAGSchedulerEventProcessLoop.onReceive(DAGScheduler.scala:2994)

	at org.apache.spark.scheduler.DAGSchedulerEventProcessLoop.onReceive(DAGScheduler.scala:2983)

	at org.apache.spark.util.EventLoop$$anon$1.run(EventLoop.scala:49)

	at org.apache.spark.scheduler.DAGScheduler.runJob(DAGScheduler.scala:989)

	at org.apache.spark.SparkContext.runJob(SparkContext.scala:2393)

	at org.apache.spark.SparkContext.runJob(SparkContext.scala:2414)

	at org.apache.spark.SparkContext.runJob(SparkContext.scala:2433)

	at org.apache.spark.SparkContext.runJob(SparkContext.scala:2458)

	at org.apache.spark.rdd.RDD.$anonfun$collect$1(RDD.scala:1049)

	at org.apache.spark.rdd.RDDOperationScope$.withScope(RDDOperationScope.scala:151)

	at org.apache.spark.rdd.RDDOperationScope$.withScope(RDDOperationScope.scala:112)

	at org.apache.spark.rdd.RDD.withScope(RDD.scala:410)

	at org.apache.spark.rdd.RDD.collect(RDD.scala:1048)

	at org.apache.spark.api.python.PythonRDD$.collectAndServe(PythonRDD.scala:195)

	at org.apache.spark.api.python.PythonRDD.collectAndServe(PythonRDD.scala)

	at jdk.internal.reflect.GeneratedMethodAccessor65.invoke(Unknown Source)

	at java.base/jdk.internal.reflect.DelegatingMethodAccessorImpl.invoke(Unknown Source)

	at java.base/java.lang.reflect.Method.invoke(Unknown Source)

	at py4j.reflection.MethodInvoker.invoke(MethodInvoker.java:244)

	at py4j.reflection.ReflectionEngine.invoke(ReflectionEngine.java:374)

	at py4j.Gateway.invoke(Gateway.java:282)

	at py4j.commands.AbstractCommand.invokeMethod(AbstractCommand.java:132)

	at py4j.commands.CallCommand.execute(CallCommand.java:79)

	at py4j.ClientServerConnection.waitForCommands(ClientServerConnection.java:182)

	at py4j.ClientServerConnection.run(ClientServerConnection.java:106)

	at java.base/java.lang.Thread.run(Unknown Source)

Caused by: org.apache.spark.api.python.PythonException: Traceback (most recent call last):
  File "C:\Users\admin\AppData\Roaming\TRAE SOLO CN\ModularData\ai-agent\vm\tools\python\Lib\site-packages\pyspark\pyth
on\lib\pyspark.zip\pyspark\worker.py", line 1247, in main
  File "C:\Users\admin\AppData\Roaming\TRAE SOLO CN\ModularData\ai-agent\vm\tools\python\Lib\site-packages\pyspark\pyth
on\lib\pyspark.zip\pyspark\worker.py", line 1237, in process
  File "C:\Users\admin\AppData\Roaming\TRAE SOLO CN\ModularData\ai-agent\vm\tools\python\lib\site-packages\pyspark\rdd.
py", line 5434, in pipeline_func
    return func(split, prev_func(split, iterator))
  File "C:\Users\admin\AppData\Roaming\TRAE SOLO CN\ModularData\ai-agent\vm\tools\python\lib\site-packages\pyspark\rdd.
py", line 5434, in pipeline_func
    return func(split, prev_func(split, iterator))
  File "C:\Users\admin\AppData\Roaming\TRAE SOLO CN\ModularData\ai-agent\vm\tools\python\lib\site-packages\pyspark\rdd.
py", line 5434, in pipeline_func
    return func(split, prev_func(split, iterator))
  [Previous line repeated 1 more time]
  File "C:\Users\admin\AppData\Roaming\TRAE SOLO CN\ModularData\ai-agent\vm\tools\python\lib\site-packages\pyspark\rdd.
py", line 840, in func
    return f(iterator)
  File "C:\Users\admin\AppData\Roaming\TRAE SOLO CN\ModularData\ai-agent\vm\tools\python\lib\site-packages\pyspark\rdd.
py", line 4175, in combine
    merger.mergeValues(iterator)
  File "C:\Users\admin\AppData\Roaming\TRAE SOLO CN\ModularData\ai-agent\vm\tools\python\Lib\site-packages\pyspark\pyth
on\lib\pyspark.zip\pyspark\shuffle.py", line 256, in mergeValues
    for k, v in iterator:
  File "C:\Users\admin\AppData\Roaming\TRAE SOLO CN\ModularData\ai-agent\vm\tools\python\Lib\site-packages\pyspark\pyth
on\lib\pyspark.zip\pyspark\serializers.py", line 152, in load_stream
    yield self._read_with_length(stream)
  File "C:\Users\admin\AppData\Roaming\TRAE SOLO CN\ModularData\ai-agent\vm\tools\python\Lib\site-packages\pyspark\pyth
on\lib\pyspark.zip\pyspark\serializers.py", line 171, in _read_with_length
    obj = stream.read(length)
  File "socket.py", line 705, in readinto
TimeoutError: timed out


	at org.apache.spark.api.python.BasePythonRunner$ReaderIterator.handlePythonException(PythonRunner.scala:572)

	at org.apache.spark.api.python.PythonRunner$$anon$3.read(PythonRunner.scala:784)

	at org.apache.spark.api.python.PythonRunner$$anon$3.read(PythonRunner.scala:766)

	at org.apache.spark.api.python.BasePythonRunner$ReaderIterator.hasNext(PythonRunner.scala:525)

	at org.apache.spark.InterruptibleIterator.hasNext(InterruptibleIterator.scala:37)

	at scala.collection.Iterator.foreach(Iterator.scala:943)

	at scala.collection.Iterator.foreach$(Iterator.scala:943)

	at org.apache.spark.InterruptibleIterator.foreach(InterruptibleIterator.scala:28)

	at scala.collection.generic.Growable.$plus$plus$eq(Growable.scala:62)

	at scala.collection.generic.Growable.$plus$plus$eq$(Growable.scala:53)

	at scala.collection.mutable.ArrayBuffer.$plus$plus$eq(ArrayBuffer.scala:105)

	at scala.collection.mutable.ArrayBuffer.$plus$plus$eq(ArrayBuffer.scala:49)

	at scala.collection.TraversableOnce.to(TraversableOnce.scala:366)

	at scala.collection.TraversableOnce.to$(TraversableOnce.scala:364)

	at org.apache.spark.InterruptibleIterator.to(InterruptibleIterator.scala:28)

	at scala.collection.TraversableOnce.toBuffer(TraversableOnce.scala:358)

	at scala.collection.TraversableOnce.toBuffer$(TraversableOnce.scala:358)

	at org.apache.spark.InterruptibleIterator.toBuffer(InterruptibleIterator.scala:28)

	at scala.collection.TraversableOnce.toArray(TraversableOnce.scala:345)

	at scala.collection.TraversableOnce.toArray$(TraversableOnce.scala:339)

	at org.apache.spark.InterruptibleIterator.toArray(InterruptibleIterator.scala:28)

	at org.apache.spark.rdd.RDD.$anonfun$collect$2(RDD.scala:1049)

	at org.apache.spark.SparkContext.$anonfun$runJob$5(SparkContext.scala:2433)

	at org.apache.spark.scheduler.ResultTask.runTask(ResultTask.scala:93)

	at org.apache.spark.TaskContext.runTaskWithListeners(TaskContext.scala:166)

	at org.apache.spark.scheduler.Task.run(Task.scala:141)

	at org.apache.spark.executor.Executor$TaskRunner.$anonfun$run$4(Executor.scala:620)

	at org.apache.spark.util.SparkErrorUtils.tryWithSafeFinally(SparkErrorUtils.scala:64)

	at org.apache.spark.util.SparkErrorUtils.tryWithSafeFinally$(SparkErrorUtils.scala:61)

	at org.apache.spark.util.Utils$.tryWithSafeFinally(Utils.scala:94)

	at org.apache.spark.executor.Executor$TaskRunner.run(Executor.scala:623)

	at java.base/java.util.concurrent.ThreadPoolExecutor.runWorker(Unknown Source)

	at java.base/java.util.concurrent.ThreadPoolExecutor$Worker.run(Unknown Source)

	... 1 more


SUCCESS: The process with PID 32532 (child process of PID 38072) has been terminated.
SUCCESS: The process with PID 32080 (child process of PID 38072) has been terminated.
SUCCESS: The process with PID 33136 (child process of PID 42988) has been terminated.
SUCCESS: The process with PID 39272 (child process of PID 42988) has been terminated.
SUCCESS: The process with PID 41780 (child process of PID 34380) has been terminated.
SUCCESS: The process with PID 42048 (child process of PID 34380) has been terminated.
SUCCESS: The process with PID 33084 (child process of PID 30792) has been terminated.
SUCCESS: The process with PID 25180 (child process of PID 30792) has been terminated.
SUCCESS: The process with PID 35796 (child process of PID 37604) has been terminated.
SUCCESS: The process with PID 41844 (child process of PID 37604) has been terminated.
SUCCESS: The process with PID 38072 (child process of PID 41092) has been terminated.
SUCCESS: The process with PID 42988 (child process of PID 41092) has been terminated.
SUCCESS: The process with PID 34380 (child process of PID 41092) has been terminated.
SUCCESS: The process with PID 30792 (child process of PID 41092) has been terminated.
SUCCESS: The process with PID 37604 (child process of PID 41092) has been terminated.
SUCCESS: The process with PID 41092 (child process of PID 37244) has been terminated.
SUCCESS: The process with PID 37244 (child process of PID 5688) has been terminated.
SUCCESS: The process with PID 5688 (child process of PID 41412) has been terminated.
python : Setting default log level to "WARN".
At line:15 char:1771
+ ... \pipeline"; python 06_sna_analysis.py *>> "d:\bigmaths\movie-actor-gr ...
+                 ~~~~~~~~~~~~~~~~~~~~~~~~~~~~~~~~~~~~~~~~~~~~~~~~~~~~~~~~~
    + CategoryInfo          : NotSpecified: (Setting default log level to "WARN".:String) [], RemoteException
    + FullyQualifiedErrorId : NativeCommandError
 
To adjust logging level use sc.setLogLevel(newLevel). For SparkR, use setLogLevel(newLevel).
26/09/04 21:41:10 WARN SparkConf: Note that spark.local.dir will be overridden by the value set by the cluster manager 
(via SPARK_LOCAL_DIRS in mesos/standalone/kubernetes and LOCAL_DIRS in YARN).
26/09/04 21:41:10 WARN Utils: The configured local directories are not expected to be URIs; however, got suspicious val
ues [d:/bigmaths/_tmp/spark-local]. Please check your configured local directories.
[load] CO_ACTOR 单向边 110822
[load] 演员 22313，平均度 9.93

[Stage 0:>                                                          (0 + 4) / 4]

[Stage 0:=============================>                             (2 + 2) / 4]

[Stage 0:============================================>              (3 + 1) / 4]

                                                                                

[Stage 1:>                                                          (0 + 4) / 4]
C:\Users\admin\AppData\Roaming\TRAE SOLO CN\ModularData\ai-agent\vm\tools\python\Lib\site-packages\pyspark\python\lib\p
yspark.zip\pyspark\shuffle.py:65: UserWarning: Please install psutil to have better support with spilling
C:\Users\admin\AppData\Roaming\TRAE SOLO CN\ModularData\ai-agent\vm\tools\python\Lib\site-packages\pyspark\python\lib\p
yspark.zip\pyspark\shuffle.py:65: UserWarning: Please install psutil to have better support with spilling
C:\Users\admin\AppData\Roaming\TRAE SOLO CN\ModularData\ai-agent\vm\tools\python\Lib\site-packages\pyspark\python\lib\p
yspark.zip\pyspark\shuffle.py:65: UserWarning: Please install psutil to have better support with spilling

[Stage 1:============================================>              (3 + 1) / 4]
C:\Users\admin\AppData\Roaming\TRAE SOLO CN\ModularData\ai-agent\vm\tools\python\Lib\site-packages\pyspark\python\lib\p
yspark.zip\pyspark\shuffle.py:65: UserWarning: Please install psutil to have better support with spilling

[Stage 2:>                                                          (0 + 4) / 4]
C:\Users\admin\AppData\Roaming\TRAE SOLO CN\ModularData\ai-agent\vm\tools\python\Lib\site-packages\pyspark\python\lib\p
yspark.zip\pyspark\shuffle.py:65: UserWarning: Please install psutil to have better support with spilling
C:\Users\admin\AppData\Roaming\TRAE SOLO CN\ModularData\ai-agent\vm\tools\python\Lib\site-packages\pyspark\python\lib\p
yspark.zip\pyspark\shuffle.py:65: UserWarning: Please install psutil to have better support with spilling
C:\Users\admin\AppData\Roaming\TRAE SOLO CN\ModularData\ai-agent\vm\tools\python\Lib\site-packages\pyspark\python\lib\p
yspark.zip\pyspark\shuffle.py:65: UserWarning: Please install psutil to have better support with spilling
C:\Users\admin\AppData\Roaming\TRAE SOLO CN\ModularData\ai-agent\vm\tools\python\Lib\site-packages\pyspark\python\lib\p
yspark.zip\pyspark\shuffle.py:65: UserWarning: Please install psutil to have better support with spilling

[triangle] T=299737 传递性=0.7812 平均局部聚类=0.9575
[component] 连通分量 1155 个，巨片 2915 人（13.1%）
                                                                                
C:\Users\admin\AppData\Roaming\TRAE SOLO CN\ModularData\ai-agent\vm\tools\python\Lib\site-packages\pyspark\python\lib\p
yspark.zip\pyspark\shuffle.py:65: UserWarning: Please install psutil to have better support with spilling

[Stage 3:>                  (0 + 0) / 4][Stage 4:>                  (0 + 4) / 4]
C:\Users\admin\AppData\Roaming\TRAE SOLO CN\ModularData\ai-agent\vm\tools\python\Lib\site-packages\pyspark\python\lib\p
yspark.zip\pyspark\shuffle.py:65: UserWarning: Please install psutil to have better support with spilling
C:\Users\admin\AppData\Roaming\TRAE SOLO CN\ModularData\ai-agent\vm\tools\python\Lib\site-packages\pyspark\python\lib\p
yspark.zip\pyspark\shuffle.py:65: UserWarning: Please install psutil to have better support with spilling

[Stage 3:>                  (0 + 3) / 4][Stage 4:==============>    (3 + 1) / 4]
C:\Users\admin\AppData\Roaming\TRAE SOLO CN\ModularData\ai-agent\vm\tools\python\Lib\site-packages\pyspark\python\lib\p
yspark.zip\pyspark\shuffle.py:65: UserWarning: Please install psutil to have better support with spilling

[Stage 3:>                                                          (0 + 4) / 4]
C:\Users\admin\AppData\Roaming\TRAE SOLO CN\ModularData\ai-agent\vm\tools\python\Lib\site-packages\pyspark\python\lib\p
yspark.zip\pyspark\shuffle.py:65: UserWarning: Please install psutil to have better support with spilling
C:\Users\admin\AppData\Roaming\TRAE SOLO CN\ModularData\ai-agent\vm\tools\python\Lib\site-packages\pyspark\python\lib\p
yspark.zip\pyspark\shuffle.py:65: UserWarning: Please install psutil to have better support with spilling
C:\Users\admin\AppData\Roaming\TRAE SOLO CN\ModularData\ai-agent\vm\tools\python\Lib\site-packages\pyspark\python\lib\p
yspark.zip\pyspark\shuffle.py:65: UserWarning: Please install psutil to have better support with spilling

[Stage 3:=============================>                             (2 + 2) / 4]

[Stage 3:============================================>              (3 + 1) / 4]
C:\Users\admin\AppData\Roaming\TRAE SOLO CN\ModularData\ai-agent\vm\tools\python\Lib\site-packages\pyspark\python\lib\p
yspark.zip\pyspark\shuffle.py:65: UserWarning: Please install psutil to have better support with spilling

[Stage 5:>                                                          (0 + 4) / 4]
C:\Users\admin\AppData\Roaming\TRAE SOLO CN\ModularData\ai-agent\vm\tools\python\Lib\site-packages\pyspark\python\lib\p
yspark.zip\pyspark\shuffle.py:65: UserWarning: Please install psutil to have better support with spilling
C:\Users\admin\AppData\Roaming\TRAE SOLO CN\ModularData\ai-agent\vm\tools\python\Lib\site-packages\pyspark\python\lib\p
yspark.zip\pyspark\shuffle.py:65: UserWarning: Please install psutil to have better support with spilling
C:\Users\admin\AppData\Roaming\TRAE SOLO CN\ModularData\ai-agent\vm\tools\python\Lib\site-packages\pyspark\python\lib\p
yspark.zip\pyspark\shuffle.py:65: UserWarning: Please install psutil to have better support with spilling
C:\Users\admin\AppData\Roaming\TRAE SOLO CN\ModularData\ai-agent\vm\tools\python\Lib\site-packages\pyspark\python\lib\p
yspark.zip\pyspark\shuffle.py:65: UserWarning: Please install psutil to have better support with spilling

[Stage 5:==============>                                            (1 + 3) / 4]

[Stage 5:=============================>                             (2 + 2) / 4]

[Stage 6:>                                                          (0 + 4) / 4]
C:\Users\admin\AppData\Roaming\TRAE SOLO CN\ModularData\ai-agent\vm\tools\python\Lib\site-packages\pyspark\python\lib\p
yspark.zip\pyspark\shuffle.py:65: UserWarning: Please install psutil to have better support with spilling
C:\Users\admin\AppData\Roaming\TRAE SOLO CN\ModularData\ai-agent\vm\tools\python\Lib\site-packages\pyspark\python\lib\p
yspark.zip\pyspark\shuffle.py:65: UserWarning: Please install psutil to have better support with spilling
C:\Users\admin\AppData\Roaming\TRAE SOLO CN\ModularData\ai-agent\vm\tools\python\Lib\site-packages\pyspark\python\lib\p
yspark.zip\pyspark\shuffle.py:65: UserWarning: Please install psutil to have better support with spilling
C:\Users\admin\AppData\Roaming\TRAE SOLO CN\ModularData\ai-agent\vm\tools\python\Lib\site-packages\pyspark\python\lib\p
yspark.zip\pyspark\shuffle.py:65: UserWarning: Please install psutil to have better support with spilling
C:\Users\admin\AppData\Roaming\TRAE SOLO CN\ModularData\ai-agent\vm\tools\python\Lib\site-packages\pyspark\python\lib\p
yspark.zip\pyspark\shuffle.py:65: UserWarning: Please install psutil to have better support with spilling
C:\Users\admin\AppData\Roaming\TRAE SOLO CN\ModularData\ai-agent\vm\tools\python\Lib\site-packages\pyspark\python\lib\p
yspark.zip\pyspark\shuffle.py:65: UserWarning: Please install psutil to have better support with spilling
C:\Users\admin\AppData\Roaming\TRAE SOLO CN\ModularData\ai-agent\vm\tools\python\Lib\site-packages\pyspark\python\lib\p
yspark.zip\pyspark\shuffle.py:65: UserWarning: Please install psutil to have better support with spilling
C:\Users\admin\AppData\Roaming\TRAE SOLO CN\ModularData\ai-agent\vm\tools\python\Lib\site-packages\pyspark\python\lib\p
yspark.zip\pyspark\shuffle.py:65: UserWarning: Please install psutil to have better support with spilling
C:\Users\admin\AppData\Roaming\TRAE SOLO CN\ModularData\ai-agent\vm\tools\python\Lib\site-packages\pyspark\python\lib\p
yspark.zip\pyspark\shuffle.py:65: UserWarning: Please install psutil to have better support with spilling
C:\Users\admin\AppData\Roaming\TRAE SOLO CN\ModularData\ai-agent\vm\tools\python\Lib\site-packages\pyspark\python\lib\p
yspark.zip\pyspark\shuffle.py:65: UserWarning: Please install psutil to have better support with spilling
C:\Users\admin\AppData\Roaming\TRAE SOLO CN\ModularData\ai-agent\vm\tools\python\Lib\site-packages\pyspark\python\lib\p
yspark.zip\pyspark\shuffle.py:65: UserWarning: Please install psutil to have better support with spilling
C:\Users\admin\AppData\Roaming\TRAE SOLO CN\ModularData\ai-agent\vm\tools\python\Lib\site-packages\pyspark\python\lib\p
yspark.zip\pyspark\shuffle.py:65: UserWarning: Please install psutil to have better support with spilling

[Stage 6:==============>                                            (1 + 3) / 4]

[Stage 6:=============================>                             (2 + 2) / 4]

[Stage 6:============================================>              (3 + 1) / 4]

[bfs] round=1 new_pairs=657 cumulative=657
                                                                                

[Stage 14:>                                                         (0 + 4) / 4]
C:\Users\admin\AppData\Roaming\TRAE SOLO CN\ModularData\ai-agent\vm\tools\python\Lib\site-packages\pyspark\python\lib\p
yspark.zip\pyspark\shuffle.py:65: UserWarning: Please install psutil to have better support with spilling
C:\Users\admin\AppData\Roaming\TRAE SOLO CN\ModularData\ai-agent\vm\tools\python\Lib\site-packages\pyspark\python\lib\p
yspark.zip\pyspark\shuffle.py:65: UserWarning: Please install psutil to have better support with spilling
C:\Users\admin\AppData\Roaming\TRAE SOLO CN\ModularData\ai-agent\vm\tools\python\Lib\site-packages\pyspark\python\lib\p
yspark.zip\pyspark\shuffle.py:65: UserWarning: Please install psutil to have better support with spilling
C:\Users\admin\AppData\Roaming\TRAE SOLO CN\ModularData\ai-agent\vm\tools\python\Lib\site-packages\pyspark\python\lib\p
yspark.zip\pyspark\shuffle.py:65: UserWarning: Please install psutil to have better support with spilling

[Stage 14:==============>                                           (1 + 3) / 4]

[Stage 14:===========================================>              (3 + 1) / 4]

[Stage 15:>                                                         (0 + 4) / 4]
C:\Users\admin\AppData\Roaming\TRAE SOLO CN\ModularData\ai-agent\vm\tools\python\Lib\site-packages\pyspark\python\lib\p
yspark.zip\pyspark\shuffle.py:65: UserWarning: Please install psutil to have better support with spilling
C:\Users\admin\AppData\Roaming\TRAE SOLO CN\ModularData\ai-agent\vm\tools\python\Lib\site-packages\pyspark\python\lib\p
yspark.zip\pyspark\shuffle.py:65: UserWarning: Please install psutil to have better support with spilling
C:\Users\admin\AppData\Roaming\TRAE SOLO CN\ModularData\ai-agent\vm\tools\python\Lib\site-packages\pyspark\python\lib\p
yspark.zip\pyspark\shuffle.py:65: UserWarning: Please install psutil to have better support with spilling
C:\Users\admin\AppData\Roaming\TRAE SOLO CN\ModularData\ai-agent\vm\tools\python\Lib\site-packages\pyspark\python\lib\p
yspark.zip\pyspark\shuffle.py:65: UserWarning: Please install psutil to have better support with spilling
C:\Users\admin\AppData\Roaming\TRAE SOLO CN\ModularData\ai-agent\vm\tools\python\Lib\site-packages\pyspark\python\lib\p
yspark.zip\pyspark\shuffle.py:65: UserWarning: Please install psutil to have better support with spilling
C:\Users\admin\AppData\Roaming\TRAE SOLO CN\ModularData\ai-agent\vm\tools\python\Lib\site-packages\pyspark\python\lib\p
yspark.zip\pyspark\shuffle.py:65: UserWarning: Please install psutil to have better support with spilling
C:\Users\admin\AppData\Roaming\TRAE SOLO CN\ModularData\ai-agent\vm\tools\python\Lib\site-packages\pyspark\python\lib\p
yspark.zip\pyspark\shuffle.py:65: UserWarning: Please install psutil to have better support with spilling
C:\Users\admin\AppData\Roaming\TRAE SOLO CN\ModularData\ai-agent\vm\tools\python\Lib\site-packages\pyspark\python\lib\p
yspark.zip\pyspark\shuffle.py:65: UserWarning: Please install psutil to have better support with spilling
C:\Users\admin\AppData\Roaming\TRAE SOLO CN\ModularData\ai-agent\vm\tools\python\Lib\site-packages\pyspark\python\lib\p
yspark.zip\pyspark\shuffle.py:65: UserWarning: Please install psutil to have better support with spilling
C:\Users\admin\AppData\Roaming\TRAE SOLO CN\ModularData\ai-agent\vm\tools\python\Lib\site-packages\pyspark\python\lib\p
yspark.zip\pyspark\shuffle.py:65: UserWarning: Please install psutil to have better support with spilling
C:\Users\admin\AppData\Roaming\TRAE SOLO CN\ModularData\ai-agent\vm\tools\python\Lib\site-packages\pyspark\python\lib\p
yspark.zip\pyspark\shuffle.py:65: UserWarning: Please install psutil to have better support with spilling
C:\Users\admin\AppData\Roaming\TRAE SOLO CN\ModularData\ai-agent\vm\tools\python\Lib\site-packages\pyspark\python\lib\p
yspark.zip\pyspark\shuffle.py:65: UserWarning: Please install psutil to have better support with spilling

[Stage 15:==============>                                           (1 + 3) / 4]

[Stage 15:=============================>                            (2 + 2) / 4]

[bfs] round=2 new_pairs=2137 cumulative=2794
                                                                                

[Stage 25:>                                                         (0 + 4) / 4]
C:\Users\admin\AppData\Roaming\TRAE SOLO CN\ModularData\ai-agent\vm\tools\python\Lib\site-packages\pyspark\python\lib\p
yspark.zip\pyspark\shuffle.py:65: UserWarning: Please install psutil to have better support with spilling
C:\Users\admin\AppData\Roaming\TRAE SOLO CN\ModularData\ai-agent\vm\tools\python\Lib\site-packages\pyspark\python\lib\p
yspark.zip\pyspark\shuffle.py:65: UserWarning: Please install psutil to have better support with spilling
C:\Users\admin\AppData\Roaming\TRAE SOLO CN\ModularData\ai-agent\vm\tools\python\Lib\site-packages\pyspark\python\lib\p
yspark.zip\pyspark\shuffle.py:65: UserWarning: Please install psutil to have better support with spilling
C:\Users\admin\AppData\Roaming\TRAE SOLO CN\ModularData\ai-agent\vm\tools\python\Lib\site-packages\pyspark\python\lib\p
yspark.zip\pyspark\shuffle.py:65: UserWarning: Please install psutil to have better support with spilling

[Stage 25:==============>                                           (1 + 3) / 4]

[Stage 25:===========================================>              (3 + 1) / 4]

[Stage 26:>                                                         (0 + 4) / 4]
C:\Users\admin\AppData\Roaming\TRAE SOLO CN\ModularData\ai-agent\vm\tools\python\Lib\site-packages\pyspark\python\lib\p
yspark.zip\pyspark\shuffle.py:65: UserWarning: Please install psutil to have better support with spilling
C:\Users\admin\AppData\Roaming\TRAE SOLO CN\ModularData\ai-agent\vm\tools\python\Lib\site-packages\pyspark\python\lib\p
yspark.zip\pyspark\shuffle.py:65: UserWarning: Please install psutil to have better support with spilling
C:\Users\admin\AppData\Roaming\TRAE SOLO CN\ModularData\ai-agent\vm\tools\python\Lib\site-packages\pyspark\python\lib\p
yspark.zip\pyspark\shuffle.py:65: UserWarning: Please install psutil to have better support with spilling
C:\Users\admin\AppData\Roaming\TRAE SOLO CN\ModularData\ai-agent\vm\tools\python\Lib\site-packages\pyspark\python\lib\p
yspark.zip\pyspark\shuffle.py:65: UserWarning: Please install psutil to have better support with spilling
C:\Users\admin\AppData\Roaming\TRAE SOLO CN\ModularData\ai-agent\vm\tools\python\Lib\site-packages\pyspark\python\lib\p
yspark.zip\pyspark\shuffle.py:65: UserWarning: Please install psutil to have better support with spilling
C:\Users\admin\AppData\Roaming\TRAE SOLO CN\ModularData\ai-agent\vm\tools\python\Lib\site-packages\pyspark\python\lib\p
yspark.zip\pyspark\shuffle.py:65: UserWarning: Please install psutil to have better support with spilling
C:\Users\admin\AppData\Roaming\TRAE SOLO CN\ModularData\ai-agent\vm\tools\python\Lib\site-packages\pyspark\python\lib\p
yspark.zip\pyspark\shuffle.py:65: UserWarning: Please install psutil to have better support with spilling
C:\Users\admin\AppData\Roaming\TRAE SOLO CN\ModularData\ai-agent\vm\tools\python\Lib\site-packages\pyspark\python\lib\p
yspark.zip\pyspark\shuffle.py:65: UserWarning: Please install psutil to have better support with spilling
C:\Users\admin\AppData\Roaming\TRAE SOLO CN\ModularData\ai-agent\vm\tools\python\Lib\site-packages\pyspark\python\lib\p
yspark.zip\pyspark\shuffle.py:65: UserWarning: Please install psutil to have better support with spilling
C:\Users\admin\AppData\Roaming\TRAE SOLO CN\ModularData\ai-agent\vm\tools\python\Lib\site-packages\pyspark\python\lib\p
yspark.zip\pyspark\shuffle.py:65: UserWarning: Please install psutil to have better support with spilling
C:\Users\admin\AppData\Roaming\TRAE SOLO CN\ModularData\ai-agent\vm\tools\python\Lib\site-packages\pyspark\python\lib\p
yspark.zip\pyspark\shuffle.py:65: UserWarning: Please install psutil to have better support with spilling
C:\Users\admin\AppData\Roaming\TRAE SOLO CN\ModularData\ai-agent\vm\tools\python\Lib\site-packages\pyspark\python\lib\p
yspark.zip\pyspark\shuffle.py:65: UserWarning: Please install psutil to have better support with spilling

[Stage 26:=============================>                            (2 + 2) / 4]

[Stage 26:===========================================>              (3 + 1) / 4]

[bfs] round=3 new_pairs=5224 cumulative=8018
                                                                                

[Stage 38:>                                                         (0 + 4) / 4]
C:\Users\admin\AppData\Roaming\TRAE SOLO CN\ModularData\ai-agent\vm\tools\python\Lib\site-packages\pyspark\python\lib\p
yspark.zip\pyspark\shuffle.py:65: UserWarning: Please install psutil to have better support with spilling
C:\Users\admin\AppData\Roaming\TRAE SOLO CN\ModularData\ai-agent\vm\tools\python\Lib\site-packages\pyspark\python\lib\p
yspark.zip\pyspark\shuffle.py:65: UserWarning: Please install psutil to have better support with spilling
C:\Users\admin\AppData\Roaming\TRAE SOLO CN\ModularData\ai-agent\vm\tools\python\Lib\site-packages\pyspark\python\lib\p
yspark.zip\pyspark\shuffle.py:65: UserWarning: Please install psutil to have better support with spilling
C:\Users\admin\AppData\Roaming\TRAE SOLO CN\ModularData\ai-agent\vm\tools\python\Lib\site-packages\pyspark\python\lib\p
yspark.zip\pyspark\shuffle.py:65: UserWarning: Please install psutil to have better support with spilling

[Stage 38:==============>                                           (1 + 3) / 4]

[Stage 39:>                                                         (0 + 4) / 4]
C:\Users\admin\AppData\Roaming\TRAE SOLO CN\ModularData\ai-agent\vm\tools\python\Lib\site-packages\pyspark\python\lib\p
yspark.zip\pyspark\shuffle.py:65: UserWarning: Please install psutil to have better support with spilling
C:\Users\admin\AppData\Roaming\TRAE SOLO CN\ModularData\ai-agent\vm\tools\python\Lib\site-packages\pyspark\python\lib\p
yspark.zip\pyspark\shuffle.py:65: UserWarning: Please install psutil to have better support with spilling
C:\Users\admin\AppData\Roaming\TRAE SOLO CN\ModularData\ai-agent\vm\tools\python\Lib\site-packages\pyspark\python\lib\p
yspark.zip\pyspark\shuffle.py:65: UserWarning: Please install psutil to have better support with spilling
C:\Users\admin\AppData\Roaming\TRAE SOLO CN\ModularData\ai-agent\vm\tools\python\Lib\site-packages\pyspark\python\lib\p
yspark.zip\pyspark\shuffle.py:65: UserWarning: Please install psutil to have better support with spilling
C:\Users\admin\AppData\Roaming\TRAE SOLO CN\ModularData\ai-agent\vm\tools\python\Lib\site-packages\pyspark\python\lib\p
yspark.zip\pyspark\shuffle.py:65: UserWarning: Please install psutil to have better support with spilling
C:\Users\admin\AppData\Roaming\TRAE SOLO CN\ModularData\ai-agent\vm\tools\python\Lib\site-packages\pyspark\python\lib\p
yspark.zip\pyspark\shuffle.py:65: UserWarning: Please install psutil to have better support with spilling
C:\Users\admin\AppData\Roaming\TRAE SOLO CN\ModularData\ai-agent\vm\tools\python\Lib\site-packages\pyspark\python\lib\p
yspark.zip\pyspark\shuffle.py:65: UserWarning: Please install psutil to have better support with spilling
C:\Users\admin\AppData\Roaming\TRAE SOLO CN\ModularData\ai-agent\vm\tools\python\Lib\site-packages\pyspark\python\lib\p
yspark.zip\pyspark\shuffle.py:65: UserWarning: Please install psutil to have better support with spilling
C:\Users\admin\AppData\Roaming\TRAE SOLO CN\ModularData\ai-agent\vm\tools\python\Lib\site-packages\pyspark\python\lib\p
yspark.zip\pyspark\shuffle.py:65: UserWarning: Please install psutil to have better support with spilling
C:\Users\admin\AppData\Roaming\TRAE SOLO CN\ModularData\ai-agent\vm\tools\python\Lib\site-packages\pyspark\python\lib\p
yspark.zip\pyspark\shuffle.py:65: UserWarning: Please install psutil to have better support with spilling
C:\Users\admin\AppData\Roaming\TRAE SOLO CN\ModularData\ai-agent\vm\tools\python\Lib\site-packages\pyspark\python\lib\p
yspark.zip\pyspark\shuffle.py:65: UserWarning: Please install psutil to have better support with spilling
C:\Users\admin\AppData\Roaming\TRAE SOLO CN\ModularData\ai-agent\vm\tools\python\Lib\site-packages\pyspark\python\lib\p
yspark.zip\pyspark\shuffle.py:65: UserWarning: Please install psutil to have better support with spilling

[Stage 39:==============>                                           (1 + 3) / 4]

[Stage 39:=============================>                            (2 + 2) / 4]

[bfs] round=4 new_pairs=9394 cumulative=17412
                                                                                

[Stage 53:>                                                         (0 + 4) / 4]
C:\Users\admin\AppData\Roaming\TRAE SOLO CN\ModularData\ai-agent\vm\tools\python\Lib\site-packages\pyspark\python\lib\p
yspark.zip\pyspark\shuffle.py:65: UserWarning: Please install psutil to have better support with spilling
C:\Users\admin\AppData\Roaming\TRAE SOLO CN\ModularData\ai-agent\vm\tools\python\Lib\site-packages\pyspark\python\lib\p
yspark.zip\pyspark\shuffle.py:65: UserWarning: Please install psutil to have better support with spilling
C:\Users\admin\AppData\Roaming\TRAE SOLO CN\ModularData\ai-agent\vm\tools\python\Lib\site-packages\pyspark\python\lib\p
yspark.zip\pyspark\shuffle.py:65: UserWarning: Please install psutil to have better support with spilling
C:\Users\admin\AppData\Roaming\TRAE SOLO CN\ModularData\ai-agent\vm\tools\python\Lib\site-packages\pyspark\python\lib\p
yspark.zip\pyspark\shuffle.py:65: UserWarning: Please install psutil to have better support with spilling

[Stage 53:==============>                                           (1 + 3) / 4]

[Stage 54:>                                                         (0 + 4) / 4]
C:\Users\admin\AppData\Roaming\TRAE SOLO CN\ModularData\ai-agent\vm\tools\python\Lib\site-packages\pyspark\python\lib\p
yspark.zip\pyspark\shuffle.py:65: UserWarning: Please install psutil to have better support with spilling
C:\Users\admin\AppData\Roaming\TRAE SOLO CN\ModularData\ai-agent\vm\tools\python\Lib\site-packages\pyspark\python\lib\p
yspark.zip\pyspark\shuffle.py:65: UserWarning: Please install psutil to have better support with spilling
C:\Users\admin\AppData\Roaming\TRAE SOLO CN\ModularData\ai-agent\vm\tools\python\Lib\site-packages\pyspark\python\lib\p
yspark.zip\pyspark\shuffle.py:65: UserWarning: Please install psutil to have better support with spilling
C:\Users\admin\AppData\Roaming\TRAE SOLO CN\ModularData\ai-agent\vm\tools\python\Lib\site-packages\pyspark\python\lib\p
yspark.zip\pyspark\shuffle.py:65: UserWarning: Please install psutil to have better support with spilling
C:\Users\admin\AppData\Roaming\TRAE SOLO CN\ModularData\ai-agent\vm\tools\python\Lib\site-packages\pyspark\python\lib\p
yspark.zip\pyspark\shuffle.py:65: UserWarning: Please install psutil to have better support with spilling
C:\Users\admin\AppData\Roaming\TRAE SOLO CN\ModularData\ai-agent\vm\tools\python\Lib\site-packages\pyspark\python\lib\p
yspark.zip\pyspark\shuffle.py:65: UserWarning: Please install psutil to have better support with spilling
C:\Users\admin\AppData\Roaming\TRAE SOLO CN\ModularData\ai-agent\vm\tools\python\Lib\site-packages\pyspark\python\lib\p
yspark.zip\pyspark\shuffle.py:65: UserWarning: Please install psutil to have better support with spilling
C:\Users\admin\AppData\Roaming\TRAE SOLO CN\ModularData\ai-agent\vm\tools\python\Lib\site-packages\pyspark\python\lib\p
yspark.zip\pyspark\shuffle.py:65: UserWarning: Please install psutil to have better support with spilling
C:\Users\admin\AppData\Roaming\TRAE SOLO CN\ModularData\ai-agent\vm\tools\python\Lib\site-packages\pyspark\python\lib\p
yspark.zip\pyspark\shuffle.py:65: UserWarning: Please install psutil to have better support with spilling
C:\Users\admin\AppData\Roaming\TRAE SOLO CN\ModularData\ai-agent\vm\tools\python\Lib\site-packages\pyspark\python\lib\p
yspark.zip\pyspark\shuffle.py:65: UserWarning: Please install psutil to have better support with spilling
C:\Users\admin\AppData\Roaming\TRAE SOLO CN\ModularData\ai-agent\vm\tools\python\Lib\site-packages\pyspark\python\lib\p
yspark.zip\pyspark\shuffle.py:65: UserWarning: Please install psutil to have better support with spilling
C:\Users\admin\AppData\Roaming\TRAE SOLO CN\ModularData\ai-agent\vm\tools\python\Lib\site-packages\pyspark\python\lib\p
yspark.zip\pyspark\shuffle.py:65: UserWarning: Please install psutil to have better support with spilling

[Stage 54:==============>                                           (1 + 3) / 4]

[Stage 54:=============================>                            (2 + 2) / 4]

[bfs] round=5 new_pairs=12464 cumulative=29876
                                                                                

[Stage 70:>                                                         (0 + 4) / 4]
C:\Users\admin\AppData\Roaming\TRAE SOLO CN\ModularData\ai-agent\vm\tools\python\Lib\site-packages\pyspark\python\lib\p
yspark.zip\pyspark\shuffle.py:65: UserWarning: Please install psutil to have better support with spilling
C:\Users\admin\AppData\Roaming\TRAE SOLO CN\ModularData\ai-agent\vm\tools\python\Lib\site-packages\pyspark\python\lib\p
yspark.zip\pyspark\shuffle.py:65: UserWarning: Please install psutil to have better support with spilling
C:\Users\admin\AppData\Roaming\TRAE SOLO CN\ModularData\ai-agent\vm\tools\python\Lib\site-packages\pyspark\python\lib\p
yspark.zip\pyspark\shuffle.py:65: UserWarning: Please install psutil to have better support with spilling
C:\Users\admin\AppData\Roaming\TRAE SOLO CN\ModularData\ai-agent\vm\tools\python\Lib\site-packages\pyspark\python\lib\p
yspark.zip\pyspark\shuffle.py:65: UserWarning: Please install psutil to have better support with spilling

[Stage 70:==============>                                           (1 + 3) / 4]

[Stage 70:===========================================>              (3 + 1) / 4]

[Stage 71:>                                                         (0 + 4) / 4]
C:\Users\admin\AppData\Roaming\TRAE SOLO CN\ModularData\ai-agent\vm\tools\python\Lib\site-packages\pyspark\python\lib\p
yspark.zip\pyspark\shuffle.py:65: UserWarning: Please install psutil to have better support with spilling
C:\Users\admin\AppData\Roaming\TRAE SOLO CN\ModularData\ai-agent\vm\tools\python\Lib\site-packages\pyspark\python\lib\p
yspark.zip\pyspark\shuffle.py:65: UserWarning: Please install psutil to have better support with spilling
C:\Users\admin\AppData\Roaming\TRAE SOLO CN\ModularData\ai-agent\vm\tools\python\Lib\site-packages\pyspark\python\lib\p
yspark.zip\pyspark\shuffle.py:65: UserWarning: Please install psutil to have better support with spilling
C:\Users\admin\AppData\Roaming\TRAE SOLO CN\ModularData\ai-agent\vm\tools\python\Lib\site-packages\pyspark\python\lib\p
yspark.zip\pyspark\shuffle.py:65: UserWarning: Please install psutil to have better support with spilling
C:\Users\admin\AppData\Roaming\TRAE SOLO CN\ModularData\ai-agent\vm\tools\python\Lib\site-packages\pyspark\python\lib\p
yspark.zip\pyspark\shuffle.py:65: UserWarning: Please install psutil to have better support with spilling
C:\Users\admin\AppData\Roaming\TRAE SOLO CN\ModularData\ai-agent\vm\tools\python\Lib\site-packages\pyspark\python\lib\p
yspark.zip\pyspark\shuffle.py:65: UserWarning: Please install psutil to have better support with spilling
C:\Users\admin\AppData\Roaming\TRAE SOLO CN\ModularData\ai-agent\vm\tools\python\Lib\site-packages\pyspark\python\lib\p
yspark.zip\pyspark\shuffle.py:65: UserWarning: Please install psutil to have better support with spilling
C:\Users\admin\AppData\Roaming\TRAE SOLO CN\ModularData\ai-agent\vm\tools\python\Lib\site-packages\pyspark\python\lib\p
yspark.zip\pyspark\shuffle.py:65: UserWarning: Please install psutil to have better support with spilling
C:\Users\admin\AppData\Roaming\TRAE SOLO CN\ModularData\ai-agent\vm\tools\python\Lib\site-packages\pyspark\python\lib\p
yspark.zip\pyspark\shuffle.py:65: UserWarning: Please install psutil to have better support with spilling
C:\Users\admin\AppData\Roaming\TRAE SOLO CN\ModularData\ai-agent\vm\tools\python\Lib\site-packages\pyspark\python\lib\p
yspark.zip\pyspark\shuffle.py:65: UserWarning: Please install psutil to have better support with spilling
C:\Users\admin\AppData\Roaming\TRAE SOLO CN\ModularData\ai-agent\vm\tools\python\Lib\site-packages\pyspark\python\lib\p
yspark.zip\pyspark\shuffle.py:65: UserWarning: Please install psutil to have better support with spilling
C:\Users\admin\AppData\Roaming\TRAE SOLO CN\ModularData\ai-agent\vm\tools\python\Lib\site-packages\pyspark\python\lib\p
yspark.zip\pyspark\shuffle.py:65: UserWarning: Please install psutil to have better support with spilling

[Stage 71:==============>                                           (1 + 3) / 4]

[Stage 71:=============================>                            (2 + 2) / 4]

[Stage 71:===========================================>              (3 + 1) / 4]

[bfs] round=6 new_pairs=12878 cumulative=42754
                                                                                

[Stage 89:>                                                         (0 + 4) / 4]
C:\Users\admin\AppData\Roaming\TRAE SOLO CN\ModularData\ai-agent\vm\tools\python\Lib\site-packages\pyspark\python\lib\p
yspark.zip\pyspark\shuffle.py:65: UserWarning: Please install psutil to have better support with spilling
C:\Users\admin\AppData\Roaming\TRAE SOLO CN\ModularData\ai-agent\vm\tools\python\Lib\site-packages\pyspark\python\lib\p
yspark.zip\pyspark\shuffle.py:65: UserWarning: Please install psutil to have better support with spilling
C:\Users\admin\AppData\Roaming\TRAE SOLO CN\ModularData\ai-agent\vm\tools\python\Lib\site-packages\pyspark\python\lib\p
yspark.zip\pyspark\shuffle.py:65: UserWarning: Please install psutil to have better support with spilling
C:\Users\admin\AppData\Roaming\TRAE SOLO CN\ModularData\ai-agent\vm\tools\python\Lib\site-packages\pyspark\python\lib\p
yspark.zip\pyspark\shuffle.py:65: UserWarning: Please install psutil to have better support with spilling

[Stage 89:==============>                                           (1 + 3) / 4]

[Stage 90:>                                                         (0 + 4) / 4]
C:\Users\admin\AppData\Roaming\TRAE SOLO CN\ModularData\ai-agent\vm\tools\python\Lib\site-packages\pyspark\python\lib\p
yspark.zip\pyspark\shuffle.py:65: UserWarning: Please install psutil to have better support with spilling
C:\Users\admin\AppData\Roaming\TRAE SOLO CN\ModularData\ai-agent\vm\tools\python\Lib\site-packages\pyspark\python\lib\p
yspark.zip\pyspark\shuffle.py:65: UserWarning: Please install psutil to have better support with spilling
C:\Users\admin\AppData\Roaming\TRAE SOLO CN\ModularData\ai-agent\vm\tools\python\Lib\site-packages\pyspark\python\lib\p
yspark.zip\pyspark\shuffle.py:65: UserWarning: Please install psutil to have better support with spilling
C:\Users\admin\AppData\Roaming\TRAE SOLO CN\ModularData\ai-agent\vm\tools\python\Lib\site-packages\pyspark\python\lib\p
yspark.zip\pyspark\shuffle.py:65: UserWarning: Please install psutil to have better support with spilling
C:\Users\admin\AppData\Roaming\TRAE SOLO CN\ModularData\ai-agent\vm\tools\python\Lib\site-packages\pyspark\python\lib\p
yspark.zip\pyspark\shuffle.py:65: UserWarning: Please install psutil to have better support with spilling
C:\Users\admin\AppData\Roaming\TRAE SOLO CN\ModularData\ai-agent\vm\tools\python\Lib\site-packages\pyspark\python\lib\p
yspark.zip\pyspark\shuffle.py:65: UserWarning: Please install psutil to have better support with spilling
C:\Users\admin\AppData\Roaming\TRAE SOLO CN\ModularData\ai-agent\vm\tools\python\Lib\site-packages\pyspark\python\lib\p
yspark.zip\pyspark\shuffle.py:65: UserWarning: Please install psutil to have better support with spilling
C:\Users\admin\AppData\Roaming\TRAE SOLO CN\ModularData\ai-agent\vm\tools\python\Lib\site-packages\pyspark\python\lib\p
yspark.zip\pyspark\shuffle.py:65: UserWarning: Please install psutil to have better support with spilling
C:\Users\admin\AppData\Roaming\TRAE SOLO CN\ModularData\ai-agent\vm\tools\python\Lib\site-packages\pyspark\python\lib\p
yspark.zip\pyspark\shuffle.py:65: UserWarning: Please install psutil to have better support with spilling
C:\Users\admin\AppData\Roaming\TRAE SOLO CN\ModularData\ai-agent\vm\tools\python\Lib\site-packages\pyspark\python\lib\p
yspark.zip\pyspark\shuffle.py:65: UserWarning: Please install psutil to have better support with spilling
C:\Users\admin\AppData\Roaming\TRAE SOLO CN\ModularData\ai-agent\vm\tools\python\Lib\site-packages\pyspark\python\lib\p
yspark.zip\pyspark\shuffle.py:65: UserWarning: Please install psutil to have better support with spilling
C:\Users\admin\AppData\Roaming\TRAE SOLO CN\ModularData\ai-agent\vm\tools\python\Lib\site-packages\pyspark\python\lib\p
yspark.zip\pyspark\shuffle.py:65: UserWarning: Please install psutil to have better support with spilling

[Stage 90:==============>                                           (1 + 3) / 4]

[Stage 90:=============================>                            (2 + 2) / 4]

[Stage 90:===========================================>              (3 + 1) / 4]

[bfs] round=7 new_pairs=12967 cumulative=55721
                                                                                

[Stage 110:>                                                        (0 + 4) / 4]
C:\Users\admin\AppData\Roaming\TRAE SOLO CN\ModularData\ai-agent\vm\tools\python\Lib\site-packages\pyspark\python\lib\p
yspark.zip\pyspark\shuffle.py:65: UserWarning: Please install psutil to have better support with spilling
C:\Users\admin\AppData\Roaming\TRAE SOLO CN\ModularData\ai-agent\vm\tools\python\Lib\site-packages\pyspark\python\lib\p
yspark.zip\pyspark\shuffle.py:65: UserWarning: Please install psutil to have better support with spilling
C:\Users\admin\AppData\Roaming\TRAE SOLO CN\ModularData\ai-agent\vm\tools\python\Lib\site-packages\pyspark\python\lib\p
yspark.zip\pyspark\shuffle.py:65: UserWarning: Please install psutil to have better support with spilling
C:\Users\admin\AppData\Roaming\TRAE SOLO CN\ModularData\ai-agent\vm\tools\python\Lib\site-packages\pyspark\python\lib\p
yspark.zip\pyspark\shuffle.py:65: UserWarning: Please install psutil to have better support with spilling

[Stage 110:==============>                                          (1 + 3) / 4]

[Stage 110:==========================================>              (3 + 1) / 4]

[Stage 111:>                                                        (0 + 4) / 4]
C:\Users\admin\AppData\Roaming\TRAE SOLO CN\ModularData\ai-agent\vm\tools\python\Lib\site-packages\pyspark\python\lib\p
yspark.zip\pyspark\shuffle.py:65: UserWarning: Please install psutil to have better support with spilling
C:\Users\admin\AppData\Roaming\TRAE SOLO CN\ModularData\ai-agent\vm\tools\python\Lib\site-packages\pyspark\python\lib\p
yspark.zip\pyspark\shuffle.py:65: UserWarning: Please install psutil to have better support with spilling
C:\Users\admin\AppData\Roaming\TRAE SOLO CN\ModularData\ai-agent\vm\tools\python\Lib\site-packages\pyspark\python\lib\p
yspark.zip\pyspark\shuffle.py:65: UserWarning: Please install psutil to have better support with spilling
C:\Users\admin\AppData\Roaming\TRAE SOLO CN\ModularData\ai-agent\vm\tools\python\Lib\site-packages\pyspark\python\lib\p
yspark.zip\pyspark\shuffle.py:65: UserWarning: Please install psutil to have better support with spilling
C:\Users\admin\AppData\Roaming\TRAE SOLO CN\ModularData\ai-agent\vm\tools\python\Lib\site-packages\pyspark\python\lib\p
yspark.zip\pyspark\shuffle.py:65: UserWarning: Please install psutil to have better support with spilling
C:\Users\admin\AppData\Roaming\TRAE SOLO CN\ModularData\ai-agent\vm\tools\python\Lib\site-packages\pyspark\python\lib\p
yspark.zip\pyspark\shuffle.py:65: UserWarning: Please install psutil to have better support with spilling
C:\Users\admin\AppData\Roaming\TRAE SOLO CN\ModularData\ai-agent\vm\tools\python\Lib\site-packages\pyspark\python\lib\p
yspark.zip\pyspark\shuffle.py:65: UserWarning: Please install psutil to have better support with spilling
C:\Users\admin\AppData\Roaming\TRAE SOLO CN\ModularData\ai-agent\vm\tools\python\Lib\site-packages\pyspark\python\lib\p
yspark.zip\pyspark\shuffle.py:65: UserWarning: Please install psutil to have better support with spilling
C:\Users\admin\AppData\Roaming\TRAE SOLO CN\ModularData\ai-agent\vm\tools\python\Lib\site-packages\pyspark\python\lib\p
yspark.zip\pyspark\shuffle.py:65: UserWarning: Please install psutil to have better support with spilling
C:\Users\admin\AppData\Roaming\TRAE SOLO CN\ModularData\ai-agent\vm\tools\python\Lib\site-packages\pyspark\python\lib\p
yspark.zip\pyspark\shuffle.py:65: UserWarning: Please install psutil to have better support with spilling
C:\Users\admin\AppData\Roaming\TRAE SOLO CN\ModularData\ai-agent\vm\tools\python\Lib\site-packages\pyspark\python\lib\p
yspark.zip\pyspark\shuffle.py:65: UserWarning: Please install psutil to have better support with spilling
C:\Users\admin\AppData\Roaming\TRAE SOLO CN\ModularData\ai-agent\vm\tools\python\Lib\site-packages\pyspark\python\lib\p
yspark.zip\pyspark\shuffle.py:65: UserWarning: Please install psutil to have better support with spilling

[Stage 111:==============>                                          (1 + 3) / 4]

[Stage 111:============================>                            (2 + 2) / 4]

[bfs] round=8 new_pairs=13920 cumulative=69641
                                                                                

[Stage 133:>                                                        (0 + 4) / 4]
C:\Users\admin\AppData\Roaming\TRAE SOLO CN\ModularData\ai-agent\vm\tools\python\Lib\site-packages\pyspark\python\lib\p
yspark.zip\pyspark\shuffle.py:65: UserWarning: Please install psutil to have better support with spilling
C:\Users\admin\AppData\Roaming\TRAE SOLO CN\ModularData\ai-agent\vm\tools\python\Lib\site-packages\pyspark\python\lib\p
yspark.zip\pyspark\shuffle.py:65: UserWarning: Please install psutil to have better support with spilling
C:\Users\admin\AppData\Roaming\TRAE SOLO CN\ModularData\ai-agent\vm\tools\python\Lib\site-packages\pyspark\python\lib\p
yspark.zip\pyspark\shuffle.py:65: UserWarning: Please install psutil to have better support with spilling
C:\Users\admin\AppData\Roaming\TRAE SOLO CN\ModularData\ai-agent\vm\tools\python\Lib\site-packages\pyspark\python\lib\p
yspark.zip\pyspark\shuffle.py:65: UserWarning: Please install psutil to have better support with spilling

[Stage 133:==========================================>              (3 + 1) / 4]

[Stage 134:>                                                        (0 + 4) / 4]
C:\Users\admin\AppData\Roaming\TRAE SOLO CN\ModularData\ai-agent\vm\tools\python\Lib\site-packages\pyspark\python\lib\p
yspark.zip\pyspark\shuffle.py:65: UserWarning: Please install psutil to have better support with spilling
C:\Users\admin\AppData\Roaming\TRAE SOLO CN\ModularData\ai-agent\vm\tools\python\Lib\site-packages\pyspark\python\lib\p
yspark.zip\pyspark\shuffle.py:65: UserWarning: Please install psutil to have better support with spilling
C:\Users\admin\AppData\Roaming\TRAE SOLO CN\ModularData\ai-agent\vm\tools\python\Lib\site-packages\pyspark\python\lib\p
yspark.zip\pyspark\shuffle.py:65: UserWarning: Please install psutil to have better support with spilling
C:\Users\admin\AppData\Roaming\TRAE SOLO CN\ModularData\ai-agent\vm\tools\python\Lib\site-packages\pyspark\python\lib\p
yspark.zip\pyspark\shuffle.py:65: UserWarning: Please install psutil to have better support with spilling
C:\Users\admin\AppData\Roaming\TRAE SOLO CN\ModularData\ai-agent\vm\tools\python\Lib\site-packages\pyspark\python\lib\p
yspark.zip\pyspark\shuffle.py:65: UserWarning: Please install psutil to have better support with spilling
C:\Users\admin\AppData\Roaming\TRAE SOLO CN\ModularData\ai-agent\vm\tools\python\Lib\site-packages\pyspark\python\lib\p
yspark.zip\pyspark\shuffle.py:65: UserWarning: Please install psutil to have better support with spilling
C:\Users\admin\AppData\Roaming\TRAE SOLO CN\ModularData\ai-agent\vm\tools\python\Lib\site-packages\pyspark\python\lib\p
yspark.zip\pyspark\shuffle.py:65: UserWarning: Please install psutil to have better support with spilling
C:\Users\admin\AppData\Roaming\TRAE SOLO CN\ModularData\ai-agent\vm\tools\python\Lib\site-packages\pyspark\python\lib\p
yspark.zip\pyspark\shuffle.py:65: UserWarning: Please install psutil to have better support with spilling
C:\Users\admin\AppData\Roaming\TRAE SOLO CN\ModularData\ai-agent\vm\tools\python\Lib\site-packages\pyspark\python\lib\p
yspark.zip\pyspark\shuffle.py:65: UserWarning: Please install psutil to have better support with spilling
C:\Users\admin\AppData\Roaming\TRAE SOLO CN\ModularData\ai-agent\vm\tools\python\Lib\site-packages\pyspark\python\lib\p
yspark.zip\pyspark\shuffle.py:65: UserWarning: Please install psutil to have better support with spilling
C:\Users\admin\AppData\Roaming\TRAE SOLO CN\ModularData\ai-agent\vm\tools\python\Lib\site-packages\pyspark\python\lib\p
yspark.zip\pyspark\shuffle.py:65: UserWarning: Please install psutil to have better support with spilling
C:\Users\admin\AppData\Roaming\TRAE SOLO CN\ModularData\ai-agent\vm\tools\python\Lib\site-packages\pyspark\python\lib\p
yspark.zip\pyspark\shuffle.py:65: UserWarning: Please install psutil to have better support with spilling

[Stage 134:==============>                                          (1 + 3) / 4]

[Stage 134:============================>                            (2 + 2) / 4]

[bfs] round=9 new_pairs=12476 cumulative=82117
                                                                                

[Stage 158:>                                                        (0 + 4) / 4]
C:\Users\admin\AppData\Roaming\TRAE SOLO CN\ModularData\ai-agent\vm\tools\python\Lib\site-packages\pyspark\python\lib\p
yspark.zip\pyspark\shuffle.py:65: UserWarning: Please install psutil to have better support with spilling
C:\Users\admin\AppData\Roaming\TRAE SOLO CN\ModularData\ai-agent\vm\tools\python\Lib\site-packages\pyspark\python\lib\p
yspark.zip\pyspark\shuffle.py:65: UserWarning: Please install psutil to have better support with spilling
C:\Users\admin\AppData\Roaming\TRAE SOLO CN\ModularData\ai-agent\vm\tools\python\Lib\site-packages\pyspark\python\lib\p
yspark.zip\pyspark\shuffle.py:65: UserWarning: Please install psutil to have better support with spilling
C:\Users\admin\AppData\Roaming\TRAE SOLO CN\ModularData\ai-agent\vm\tools\python\Lib\site-packages\pyspark\python\lib\p
yspark.zip\pyspark\shuffle.py:65: UserWarning: Please install psutil to have better support with spilling

[Stage 158:==============>                                          (1 + 3) / 4]

[Stage 158:==========================================>              (3 + 1) / 4]

[Stage 159:>                                                        (0 + 4) / 4]
C:\Users\admin\AppData\Roaming\TRAE SOLO CN\ModularData\ai-agent\vm\tools\python\Lib\site-packages\pyspark\python\lib\p
yspark.zip\pyspark\shuffle.py:65: UserWarning: Please install psutil to have better support with spilling
C:\Users\admin\AppData\Roaming\TRAE SOLO CN\ModularData\ai-agent\vm\tools\python\Lib\site-packages\pyspark\python\lib\p
yspark.zip\pyspark\shuffle.py:65: UserWarning: Please install psutil to have better support with spilling
C:\Users\admin\AppData\Roaming\TRAE SOLO CN\ModularData\ai-agent\vm\tools\python\Lib\site-packages\pyspark\python\lib\p
yspark.zip\pyspark\shuffle.py:65: UserWarning: Please install psutil to have better support with spilling
C:\Users\admin\AppData\Roaming\TRAE SOLO CN\ModularData\ai-agent\vm\tools\python\Lib\site-packages\pyspark\python\lib\p
yspark.zip\pyspark\shuffle.py:65: UserWarning: Please install psutil to have better support with spilling
C:\Users\admin\AppData\Roaming\TRAE SOLO CN\ModularData\ai-agent\vm\tools\python\Lib\site-packages\pyspark\python\lib\p
yspark.zip\pyspark\shuffle.py:65: UserWarning: Please install psutil to have better support with spilling
C:\Users\admin\AppData\Roaming\TRAE SOLO CN\ModularData\ai-agent\vm\tools\python\Lib\site-packages\pyspark\python\lib\p
yspark.zip\pyspark\shuffle.py:65: UserWarning: Please install psutil to have better support with spilling
C:\Users\admin\AppData\Roaming\TRAE SOLO CN\ModularData\ai-agent\vm\tools\python\Lib\site-packages\pyspark\python\lib\p
yspark.zip\pyspark\shuffle.py:65: UserWarning: Please install psutil to have better support with spilling
C:\Users\admin\AppData\Roaming\TRAE SOLO CN\ModularData\ai-agent\vm\tools\python\Lib\site-packages\pyspark\python\lib\p
yspark.zip\pyspark\shuffle.py:65: UserWarning: Please install psutil to have better support with spilling
C:\Users\admin\AppData\Roaming\TRAE SOLO CN\ModularData\ai-agent\vm\tools\python\Lib\site-packages\pyspark\python\lib\p
yspark.zip\pyspark\shuffle.py:65: UserWarning: Please install psutil to have better support with spilling
C:\Users\admin\AppData\Roaming\TRAE SOLO CN\ModularData\ai-agent\vm\tools\python\Lib\site-packages\pyspark\python\lib\p
yspark.zip\pyspark\shuffle.py:65: UserWarning: Please install psutil to have better support with spilling
C:\Users\admin\AppData\Roaming\TRAE SOLO CN\ModularData\ai-agent\vm\tools\python\Lib\site-packages\pyspark\python\lib\p
yspark.zip\pyspark\shuffle.py:65: UserWarning: Please install psutil to have better support with spilling
C:\Users\admin\AppData\Roaming\TRAE SOLO CN\ModularData\ai-agent\vm\tools\python\Lib\site-packages\pyspark\python\lib\p
yspark.zip\pyspark\shuffle.py:65: UserWarning: Please install psutil to have better support with spilling

[Stage 159:==============>                                          (1 + 3) / 4]

[Stage 159:============================>                            (2 + 2) / 4]

[bfs] round=10 new_pairs=11155 cumulative=93272
                                                                                

[Stage 185:>                                                        (0 + 4) / 4]
C:\Users\admin\AppData\Roaming\TRAE SOLO CN\ModularData\ai-agent\vm\tools\python\Lib\site-packages\pyspark\python\lib\p
yspark.zip\pyspark\shuffle.py:65: UserWarning: Please install psutil to have better support with spilling
C:\Users\admin\AppData\Roaming\TRAE SOLO CN\ModularData\ai-agent\vm\tools\python\Lib\site-packages\pyspark\python\lib\p
yspark.zip\pyspark\shuffle.py:65: UserWarning: Please install psutil to have better support with spilling
C:\Users\admin\AppData\Roaming\TRAE SOLO CN\ModularData\ai-agent\vm\tools\python\Lib\site-packages\pyspark\python\lib\p
yspark.zip\pyspark\shuffle.py:65: UserWarning: Please install psutil to have better support with spilling
C:\Users\admin\AppData\Roaming\TRAE SOLO CN\ModularData\ai-agent\vm\tools\python\Lib\site-packages\pyspark\python\lib\p
yspark.zip\pyspark\shuffle.py:65: UserWarning: Please install psutil to have better support with spilling

[Stage 185:==============>                                          (1 + 3) / 4]

[Stage 186:>                                                        (0 + 4) / 4]
C:\Users\admin\AppData\Roaming\TRAE SOLO CN\ModularData\ai-agent\vm\tools\python\Lib\site-packages\pyspark\python\lib\p
yspark.zip\pyspark\shuffle.py:65: UserWarning: Please install psutil to have better support with spilling
C:\Users\admin\AppData\Roaming\TRAE SOLO CN\ModularData\ai-agent\vm\tools\python\Lib\site-packages\pyspark\python\lib\p
yspark.zip\pyspark\shuffle.py:65: UserWarning: Please install psutil to have better support with spilling
C:\Users\admin\AppData\Roaming\TRAE SOLO CN\ModularData\ai-agent\vm\tools\python\Lib\site-packages\pyspark\python\lib\p
yspark.zip\pyspark\shuffle.py:65: UserWarning: Please install psutil to have better support with spilling
C:\Users\admin\AppData\Roaming\TRAE SOLO CN\ModularData\ai-agent\vm\tools\python\Lib\site-packages\pyspark\python\lib\p
yspark.zip\pyspark\shuffle.py:65: UserWarning: Please install psutil to have better support with spilling
C:\Users\admin\AppData\Roaming\TRAE SOLO CN\ModularData\ai-agent\vm\tools\python\Lib\site-packages\pyspark\python\lib\p
yspark.zip\pyspark\shuffle.py:65: UserWarning: Please install psutil to have better support with spilling
C:\Users\admin\AppData\Roaming\TRAE SOLO CN\ModularData\ai-agent\vm\tools\python\Lib\site-packages\pyspark\python\lib\p
yspark.zip\pyspark\shuffle.py:65: UserWarning: Please install psutil to have better support with spilling
C:\Users\admin\AppData\Roaming\TRAE SOLO CN\ModularData\ai-agent\vm\tools\python\Lib\site-packages\pyspark\python\lib\p
yspark.zip\pyspark\shuffle.py:65: UserWarning: Please install psutil to have better support with spilling
C:\Users\admin\AppData\Roaming\TRAE SOLO CN\ModularData\ai-agent\vm\tools\python\Lib\site-packages\pyspark\python\lib\p
yspark.zip\pyspark\shuffle.py:65: UserWarning: Please install psutil to have better support with spilling
C:\Users\admin\AppData\Roaming\TRAE SOLO CN\ModularData\ai-agent\vm\tools\python\Lib\site-packages\pyspark\python\lib\p
yspark.zip\pyspark\shuffle.py:65: UserWarning: Please install psutil to have better support with spilling
C:\Users\admin\AppData\Roaming\TRAE SOLO CN\ModularData\ai-agent\vm\tools\python\Lib\site-packages\pyspark\python\lib\p
yspark.zip\pyspark\shuffle.py:65: UserWarning: Please install psutil to have better support with spilling
C:\Users\admin\AppData\Roaming\TRAE SOLO CN\ModularData\ai-agent\vm\tools\python\Lib\site-packages\pyspark\python\lib\p
yspark.zip\pyspark\shuffle.py:65: UserWarning: Please install psutil to have better support with spilling
C:\Users\admin\AppData\Roaming\TRAE SOLO CN\ModularData\ai-agent\vm\tools\python\Lib\site-packages\pyspark\python\lib\p
yspark.zip\pyspark\shuffle.py:65: UserWarning: Please install psutil to have better support with spilling

[Stage 186:==============>                                          (1 + 3) / 4]

[Stage 186:============================>                            (2 + 2) / 4]

[bfs] round=11 new_pairs=10500 cumulative=103772
                                                                                

[Stage 214:>                                                        (0 + 4) / 4]
C:\Users\admin\AppData\Roaming\TRAE SOLO CN\ModularData\ai-agent\vm\tools\python\Lib\site-packages\pyspark\python\lib\p
yspark.zip\pyspark\shuffle.py:65: UserWarning: Please install psutil to have better support with spilling
C:\Users\admin\AppData\Roaming\TRAE SOLO CN\ModularData\ai-agent\vm\tools\python\Lib\site-packages\pyspark\python\lib\p
yspark.zip\pyspark\shuffle.py:65: UserWarning: Please install psutil to have better support with spilling
C:\Users\admin\AppData\Roaming\TRAE SOLO CN\ModularData\ai-agent\vm\tools\python\Lib\site-packages\pyspark\python\lib\p
yspark.zip\pyspark\shuffle.py:65: UserWarning: Please install psutil to have better support with spilling
C:\Users\admin\AppData\Roaming\TRAE SOLO CN\ModularData\ai-agent\vm\tools\python\Lib\site-packages\pyspark\python\lib\p
yspark.zip\pyspark\shuffle.py:65: UserWarning: Please install psutil to have better support with spilling

[Stage 214:==============>                                          (1 + 3) / 4]

[Stage 215:>                                                        (0 + 4) / 4]
C:\Users\admin\AppData\Roaming\TRAE SOLO CN\ModularData\ai-agent\vm\tools\python\Lib\site-packages\pyspark\python\lib\p
yspark.zip\pyspark\shuffle.py:65: UserWarning: Please install psutil to have better support with spilling
C:\Users\admin\AppData\Roaming\TRAE SOLO CN\ModularData\ai-agent\vm\tools\python\Lib\site-packages\pyspark\python\lib\p
yspark.zip\pyspark\shuffle.py:65: UserWarning: Please install psutil to have better support with spilling
C:\Users\admin\AppData\Roaming\TRAE SOLO CN\ModularData\ai-agent\vm\tools\python\Lib\site-packages\pyspark\python\lib\p
yspark.zip\pyspark\shuffle.py:65: UserWarning: Please install psutil to have better support with spilling
C:\Users\admin\AppData\Roaming\TRAE SOLO CN\ModularData\ai-agent\vm\tools\python\Lib\site-packages\pyspark\python\lib\p
yspark.zip\pyspark\shuffle.py:65: UserWarning: Please install psutil to have better support with spilling
C:\Users\admin\AppData\Roaming\TRAE SOLO CN\ModularData\ai-agent\vm\tools\python\Lib\site-packages\pyspark\python\lib\p
yspark.zip\pyspark\shuffle.py:65: UserWarning: Please install psutil to have better support with spilling
C:\Users\admin\AppData\Roaming\TRAE SOLO CN\ModularData\ai-agent\vm\tools\python\Lib\site-packages\pyspark\python\lib\p
yspark.zip\pyspark\shuffle.py:65: UserWarning: Please install psutil to have better support with spilling
C:\Users\admin\AppData\Roaming\TRAE SOLO CN\ModularData\ai-agent\vm\tools\python\Lib\site-packages\pyspark\python\lib\p
yspark.zip\pyspark\shuffle.py:65: UserWarning: Please install psutil to have better support with spilling
C:\Users\admin\AppData\Roaming\TRAE SOLO CN\ModularData\ai-agent\vm\tools\python\Lib\site-packages\pyspark\python\lib\p
yspark.zip\pyspark\shuffle.py:65: UserWarning: Please install psutil to have better support with spilling
C:\Users\admin\AppData\Roaming\TRAE SOLO CN\ModularData\ai-agent\vm\tools\python\Lib\site-packages\pyspark\python\lib\p
yspark.zip\pyspark\shuffle.py:65: UserWarning: Please install psutil to have better support with spilling
C:\Users\admin\AppData\Roaming\TRAE SOLO CN\ModularData\ai-agent\vm\tools\python\Lib\site-packages\pyspark\python\lib\p
yspark.zip\pyspark\shuffle.py:65: UserWarning: Please install psutil to have better support with spilling
C:\Users\admin\AppData\Roaming\TRAE SOLO CN\ModularData\ai-agent\vm\tools\python\Lib\site-packages\pyspark\python\lib\p
yspark.zip\pyspark\shuffle.py:65: UserWarning: Please install psutil to have better support with spilling
C:\Users\admin\AppData\Roaming\TRAE SOLO CN\ModularData\ai-agent\vm\tools\python\Lib\site-packages\pyspark\python\lib\p
yspark.zip\pyspark\shuffle.py:65: UserWarning: Please install psutil to have better support with spilling

[Stage 215:==============>                                          (1 + 3) / 4]

[Stage 215:============================>                            (2 + 2) / 4]

[Stage 215:==========================================>              (3 + 1) / 4]

[bfs] round=12 new_pairs=10962 cumulative=114734
                                                                                

[Stage 245:>                                                        (0 + 4) / 4]
C:\Users\admin\AppData\Roaming\TRAE SOLO CN\ModularData\ai-agent\vm\tools\python\Lib\site-packages\pyspark\python\lib\p
yspark.zip\pyspark\shuffle.py:65: UserWarning: Please install psutil to have better support with spilling
C:\Users\admin\AppData\Roaming\TRAE SOLO CN\ModularData\ai-agent\vm\tools\python\Lib\site-packages\pyspark\python\lib\p
yspark.zip\pyspark\shuffle.py:65: UserWarning: Please install psutil to have better support with spilling
C:\Users\admin\AppData\Roaming\TRAE SOLO CN\ModularData\ai-agent\vm\tools\python\Lib\site-packages\pyspark\python\lib\p
yspark.zip\pyspark\shuffle.py:65: UserWarning: Please install psutil to have better support with spilling
C:\Users\admin\AppData\Roaming\TRAE SOLO CN\ModularData\ai-agent\vm\tools\python\Lib\site-packages\pyspark\python\lib\p
yspark.zip\pyspark\shuffle.py:65: UserWarning: Please install psutil to have better support with spilling

[Stage 245:==============>                                          (1 + 3) / 4]

[Stage 246:>                                                        (0 + 4) / 4]
C:\Users\admin\AppData\Roaming\TRAE SOLO CN\ModularData\ai-agent\vm\tools\python\Lib\site-packages\pyspark\python\lib\p
yspark.zip\pyspark\shuffle.py:65: UserWarning: Please install psutil to have better support with spilling
C:\Users\admin\AppData\Roaming\TRAE SOLO CN\ModularData\ai-agent\vm\tools\python\Lib\site-packages\pyspark\python\lib\p
yspark.zip\pyspark\shuffle.py:65: UserWarning: Please install psutil to have better support with spilling
C:\Users\admin\AppData\Roaming\TRAE SOLO CN\ModularData\ai-agent\vm\tools\python\Lib\site-packages\pyspark\python\lib\p
yspark.zip\pyspark\shuffle.py:65: UserWarning: Please install psutil to have better support with spilling
C:\Users\admin\AppData\Roaming\TRAE SOLO CN\ModularData\ai-agent\vm\tools\python\Lib\site-packages\pyspark\python\lib\p
yspark.zip\pyspark\shuffle.py:65: UserWarning: Please install psutil to have better support with spilling
C:\Users\admin\AppData\Roaming\TRAE SOLO CN\ModularData\ai-agent\vm\tools\python\Lib\site-packages\pyspark\python\lib\p
yspark.zip\pyspark\shuffle.py:65: UserWarning: Please install psutil to have better support with spilling
C:\Users\admin\AppData\Roaming\TRAE SOLO CN\ModularData\ai-agent\vm\tools\python\Lib\site-packages\pyspark\python\lib\p
yspark.zip\pyspark\shuffle.py:65: UserWarning: Please install psutil to have better support with spilling
C:\Users\admin\AppData\Roaming\TRAE SOLO CN\ModularData\ai-agent\vm\tools\python\Lib\site-packages\pyspark\python\lib\p
yspark.zip\pyspark\shuffle.py:65: UserWarning: Please install psutil to have better support with spilling
C:\Users\admin\AppData\Roaming\TRAE SOLO CN\ModularData\ai-agent\vm\tools\python\Lib\site-packages\pyspark\python\lib\p
yspark.zip\pyspark\shuffle.py:65: UserWarning: Please install psutil to have better support with spilling
C:\Users\admin\AppData\Roaming\TRAE SOLO CN\ModularData\ai-agent\vm\tools\python\Lib\site-packages\pyspark\python\lib\p
yspark.zip\pyspark\shuffle.py:65: UserWarning: Please install psutil to have better support with spilling
C:\Users\admin\AppData\Roaming\TRAE SOLO CN\ModularData\ai-agent\vm\tools\python\Lib\site-packages\pyspark\python\lib\p
yspark.zip\pyspark\shuffle.py:65: UserWarning: Please install psutil to have better support with spilling
C:\Users\admin\AppData\Roaming\TRAE SOLO CN\ModularData\ai-agent\vm\tools\python\Lib\site-packages\pyspark\python\lib\p
yspark.zip\pyspark\shuffle.py:65: UserWarning: Please install psutil to have better support with spilling
C:\Users\admin\AppData\Roaming\TRAE SOLO CN\ModularData\ai-agent\vm\tools\python\Lib\site-packages\pyspark\python\lib\p
yspark.zip\pyspark\shuffle.py:65: UserWarning: Please install psutil to have better support with spilling

[Stage 246:==============>                                          (1 + 3) / 4]

[Stage 246:============================>                            (2 + 2) / 4]

[Stage 246:==========================================>              (3 + 1) / 4]

[bfs] round=13 new_pairs=10590 cumulative=125324
                                                                                

[Stage 278:>                                                        (0 + 4) / 4]
C:\Users\admin\AppData\Roaming\TRAE SOLO CN\ModularData\ai-agent\vm\tools\python\Lib\site-packages\pyspark\python\lib\p
yspark.zip\pyspark\shuffle.py:65: UserWarning: Please install psutil to have better support with spilling
C:\Users\admin\AppData\Roaming\TRAE SOLO CN\ModularData\ai-agent\vm\tools\python\Lib\site-packages\pyspark\python\lib\p
yspark.zip\pyspark\shuffle.py:65: UserWarning: Please install psutil to have better support with spilling
C:\Users\admin\AppData\Roaming\TRAE SOLO CN\ModularData\ai-agent\vm\tools\python\Lib\site-packages\pyspark\python\lib\p
yspark.zip\pyspark\shuffle.py:65: UserWarning: Please install psutil to have better support with spilling
C:\Users\admin\AppData\Roaming\TRAE SOLO CN\ModularData\ai-agent\vm\tools\python\Lib\site-packages\pyspark\python\lib\p
yspark.zip\pyspark\shuffle.py:65: UserWarning: Please install psutil to have better support with spilling

[Stage 278:==============>                                          (1 + 3) / 4]

[Stage 278:==========================================>              (3 + 1) / 4]

[Stage 279:>                                                        (0 + 4) / 4]
C:\Users\admin\AppData\Roaming\TRAE SOLO CN\ModularData\ai-agent\vm\tools\python\Lib\site-packages\pyspark\python\lib\p
yspark.zip\pyspark\shuffle.py:65: UserWarning: Please install psutil to have better support with spilling
C:\Users\admin\AppData\Roaming\TRAE SOLO CN\ModularData\ai-agent\vm\tools\python\Lib\site-packages\pyspark\python\lib\p
yspark.zip\pyspark\shuffle.py:65: UserWarning: Please install psutil to have better support with spilling
C:\Users\admin\AppData\Roaming\TRAE SOLO CN\ModularData\ai-agent\vm\tools\python\Lib\site-packages\pyspark\python\lib\p
yspark.zip\pyspark\shuffle.py:65: UserWarning: Please install psutil to have better support with spilling
C:\Users\admin\AppData\Roaming\TRAE SOLO CN\ModularData\ai-agent\vm\tools\python\Lib\site-packages\pyspark\python\lib\p
yspark.zip\pyspark\shuffle.py:65: UserWarning: Please install psutil to have better support with spilling
C:\Users\admin\AppData\Roaming\TRAE SOLO CN\ModularData\ai-agent\vm\tools\python\Lib\site-packages\pyspark\python\lib\p
yspark.zip\pyspark\shuffle.py:65: UserWarning: Please install psutil to have better support with spilling
C:\Users\admin\AppData\Roaming\TRAE SOLO CN\ModularData\ai-agent\vm\tools\python\Lib\site-packages\pyspark\python\lib\p
yspark.zip\pyspark\shuffle.py:65: UserWarning: Please install psutil to have better support with spilling
C:\Users\admin\AppData\Roaming\TRAE SOLO CN\ModularData\ai-agent\vm\tools\python\Lib\site-packages\pyspark\python\lib\p
yspark.zip\pyspark\shuffle.py:65: UserWarning: Please install psutil to have better support with spilling
C:\Users\admin\AppData\Roaming\TRAE SOLO CN\ModularData\ai-agent\vm\tools\python\Lib\site-packages\pyspark\python\lib\p
yspark.zip\pyspark\shuffle.py:65: UserWarning: Please install psutil to have better support with spilling
C:\Users\admin\AppData\Roaming\TRAE SOLO CN\ModularData\ai-agent\vm\tools\python\Lib\site-packages\pyspark\python\lib\p
yspark.zip\pyspark\shuffle.py:65: UserWarning: Please install psutil to have better support with spilling
C:\Users\admin\AppData\Roaming\TRAE SOLO CN\ModularData\ai-agent\vm\tools\python\Lib\site-packages\pyspark\python\lib\p
yspark.zip\pyspark\shuffle.py:65: UserWarning: Please install psutil to have better support with spilling
C:\Users\admin\AppData\Roaming\TRAE SOLO CN\ModularData\ai-agent\vm\tools\python\Lib\site-packages\pyspark\python\lib\p
yspark.zip\pyspark\shuffle.py:65: UserWarning: Please install psutil to have better support with spilling
C:\Users\admin\AppData\Roaming\TRAE SOLO CN\ModularData\ai-agent\vm\tools\python\Lib\site-packages\pyspark\python\lib\p
yspark.zip\pyspark\shuffle.py:65: UserWarning: Please install psutil to have better support with spilling

[Stage 279:==============>                                          (1 + 3) / 4]

[Stage 279:============================>                            (2 + 2) / 4]

[bfs] round=14 new_pairs=10412 cumulative=135736
                                                                                

[Stage 313:>                                                        (0 + 4) / 4]
C:\Users\admin\AppData\Roaming\TRAE SOLO CN\ModularData\ai-agent\vm\tools\python\Lib\site-packages\pyspark\python\lib\p
yspark.zip\pyspark\shuffle.py:65: UserWarning: Please install psutil to have better support with spilling
C:\Users\admin\AppData\Roaming\TRAE SOLO CN\ModularData\ai-agent\vm\tools\python\Lib\site-packages\pyspark\python\lib\p
yspark.zip\pyspark\shuffle.py:65: UserWarning: Please install psutil to have better support with spilling
C:\Users\admin\AppData\Roaming\TRAE SOLO CN\ModularData\ai-agent\vm\tools\python\Lib\site-packages\pyspark\python\lib\p
yspark.zip\pyspark\shuffle.py:65: UserWarning: Please install psutil to have better support with spilling
C:\Users\admin\AppData\Roaming\TRAE SOLO CN\ModularData\ai-agent\vm\tools\python\Lib\site-packages\pyspark\python\lib\p
yspark.zip\pyspark\shuffle.py:65: UserWarning: Please install psutil to have better support with spilling

[Stage 313:==============>                                          (1 + 3) / 4]

[Stage 313:============================>                            (2 + 2) / 4]

[Stage 314:>                                                        (0 + 4) / 4]
C:\Users\admin\AppData\Roaming\TRAE SOLO CN\ModularData\ai-agent\vm\tools\python\Lib\site-packages\pyspark\python\lib\p
yspark.zip\pyspark\shuffle.py:65: UserWarning: Please install psutil to have better support with spilling
C:\Users\admin\AppData\Roaming\TRAE SOLO CN\ModularData\ai-agent\vm\tools\python\Lib\site-packages\pyspark\python\lib\p
yspark.zip\pyspark\shuffle.py:65: UserWarning: Please install psutil to have better support with spilling
C:\Users\admin\AppData\Roaming\TRAE SOLO CN\ModularData\ai-agent\vm\tools\python\Lib\site-packages\pyspark\python\lib\p
yspark.zip\pyspark\shuffle.py:65: UserWarning: Please install psutil to have better support with spilling
C:\Users\admin\AppData\Roaming\TRAE SOLO CN\ModularData\ai-agent\vm\tools\python\Lib\site-packages\pyspark\python\lib\p
yspark.zip\pyspark\shuffle.py:65: UserWarning: Please install psutil to have better support with spilling
C:\Users\admin\AppData\Roaming\TRAE SOLO CN\ModularData\ai-agent\vm\tools\python\Lib\site-packages\pyspark\python\lib\p
yspark.zip\pyspark\shuffle.py:65: UserWarning: Please install psutil to have better support with spilling
C:\Users\admin\AppData\Roaming\TRAE SOLO CN\ModularData\ai-agent\vm\tools\python\Lib\site-packages\pyspark\python\lib\p
yspark.zip\pyspark\shuffle.py:65: UserWarning: Please install psutil to have better support with spilling
C:\Users\admin\AppData\Roaming\TRAE SOLO CN\ModularData\ai-agent\vm\tools\python\Lib\site-packages\pyspark\python\lib\p
yspark.zip\pyspark\shuffle.py:65: UserWarning: Please install psutil to have better support with spilling
C:\Users\admin\AppData\Roaming\TRAE SOLO CN\ModularData\ai-agent\vm\tools\python\Lib\site-packages\pyspark\python\lib\p
yspark.zip\pyspark\shuffle.py:65: UserWarning: Please install psutil to have better support with spilling
C:\Users\admin\AppData\Roaming\TRAE SOLO CN\ModularData\ai-agent\vm\tools\python\Lib\site-packages\pyspark\python\lib\p
yspark.zip\pyspark\shuffle.py:65: UserWarning: Please install psutil to have better support with spilling
C:\Users\admin\AppData\Roaming\TRAE SOLO CN\ModularData\ai-agent\vm\tools\python\Lib\site-packages\pyspark\python\lib\p
yspark.zip\pyspark\shuffle.py:65: UserWarning: Please install psutil to have better support with spilling
C:\Users\admin\AppData\Roaming\TRAE SOLO CN\ModularData\ai-agent\vm\tools\python\Lib\site-packages\pyspark\python\lib\p
yspark.zip\pyspark\shuffle.py:65: UserWarning: Please install psutil to have better support with spilling
C:\Users\admin\AppData\Roaming\TRAE SOLO CN\ModularData\ai-agent\vm\tools\python\Lib\site-packages\pyspark\python\lib\p
yspark.zip\pyspark\shuffle.py:65: UserWarning: Please install psutil to have better support with spilling

[Stage 314:==============>                                          (1 + 3) / 4]

[Stage 314:============================>                            (2 + 2) / 4]

[bfs] round=15 new_pairs=10235 cumulative=145971
                                                                                

[Stage 350:>                                                        (0 + 4) / 4]
C:\Users\admin\AppData\Roaming\TRAE SOLO CN\ModularData\ai-agent\vm\tools\python\Lib\site-packages\pyspark\python\lib\p
yspark.zip\pyspark\shuffle.py:65: UserWarning: Please install psutil to have better support with spilling
C:\Users\admin\AppData\Roaming\TRAE SOLO CN\ModularData\ai-agent\vm\tools\python\Lib\site-packages\pyspark\python\lib\p
yspark.zip\pyspark\shuffle.py:65: UserWarning: Please install psutil to have better support with spilling
C:\Users\admin\AppData\Roaming\TRAE SOLO CN\ModularData\ai-agent\vm\tools\python\Lib\site-packages\pyspark\python\lib\p
yspark.zip\pyspark\shuffle.py:65: UserWarning: Please install psutil to have better support with spilling
C:\Users\admin\AppData\Roaming\TRAE SOLO CN\ModularData\ai-agent\vm\tools\python\Lib\site-packages\pyspark\python\lib\p
yspark.zip\pyspark\shuffle.py:65: UserWarning: Please install psutil to have better support with spilling

[Stage 350:==============>                                          (1 + 3) / 4]

[Stage 350:============================>                            (2 + 2) / 4]

[Stage 351:>                                                        (0 + 4) / 4]
C:\Users\admin\AppData\Roaming\TRAE SOLO CN\ModularData\ai-agent\vm\tools\python\Lib\site-packages\pyspark\python\lib\p
yspark.zip\pyspark\shuffle.py:65: UserWarning: Please install psutil to have better support with spilling
C:\Users\admin\AppData\Roaming\TRAE SOLO CN\ModularData\ai-agent\vm\tools\python\Lib\site-packages\pyspark\python\lib\p
yspark.zip\pyspark\shuffle.py:65: UserWarning: Please install psutil to have better support with spilling
C:\Users\admin\AppData\Roaming\TRAE SOLO CN\ModularData\ai-agent\vm\tools\python\Lib\site-packages\pyspark\python\lib\p
yspark.zip\pyspark\shuffle.py:65: UserWarning: Please install psutil to have better support with spilling
C:\Users\admin\AppData\Roaming\TRAE SOLO CN\ModularData\ai-agent\vm\tools\python\Lib\site-packages\pyspark\python\lib\p
yspark.zip\pyspark\shuffle.py:65: UserWarning: Please install psutil to have better support with spilling
C:\Users\admin\AppData\Roaming\TRAE SOLO CN\ModularData\ai-agent\vm\tools\python\Lib\site-packages\pyspark\python\lib\p
yspark.zip\pyspark\shuffle.py:65: UserWarning: Please install psutil to have better support with spilling
C:\Users\admin\AppData\Roaming\TRAE SOLO CN\ModularData\ai-agent\vm\tools\python\Lib\site-packages\pyspark\python\lib\p
yspark.zip\pyspark\shuffle.py:65: UserWarning: Please install psutil to have better support with spilling
C:\Users\admin\AppData\Roaming\TRAE SOLO CN\ModularData\ai-agent\vm\tools\python\Lib\site-packages\pyspark\python\lib\p
yspark.zip\pyspark\shuffle.py:65: UserWarning: Please install psutil to have better support with spilling
C:\Users\admin\AppData\Roaming\TRAE SOLO CN\ModularData\ai-agent\vm\tools\python\Lib\site-packages\pyspark\python\lib\p
yspark.zip\pyspark\shuffle.py:65: UserWarning: Please install psutil to have better support with spilling
C:\Users\admin\AppData\Roaming\TRAE SOLO CN\ModularData\ai-agent\vm\tools\python\Lib\site-packages\pyspark\python\lib\p
yspark.zip\pyspark\shuffle.py:65: UserWarning: Please install psutil to have better support with spilling
C:\Users\admin\AppData\Roaming\TRAE SOLO CN\ModularData\ai-agent\vm\tools\python\Lib\site-packages\pyspark\python\lib\p
yspark.zip\pyspark\shuffle.py:65: UserWarning: Please install psutil to have better support with spilling
C:\Users\admin\AppData\Roaming\TRAE SOLO CN\ModularData\ai-agent\vm\tools\python\Lib\site-packages\pyspark\python\lib\p
yspark.zip\pyspark\shuffle.py:65: UserWarning: Please install psutil to have better support with spilling
C:\Users\admin\AppData\Roaming\TRAE SOLO CN\ModularData\ai-agent\vm\tools\python\Lib\site-packages\pyspark\python\lib\p
yspark.zip\pyspark\shuffle.py:65: UserWarning: Please install psutil to have better support with spilling

[Stage 351:============================>                            (2 + 2) / 4]

[bfs] round=16 new_pairs=8525 cumulative=154496
                                                                                

[Stage 389:>                                                        (0 + 4) / 4]
C:\Users\admin\AppData\Roaming\TRAE SOLO CN\ModularData\ai-agent\vm\tools\python\Lib\site-packages\pyspark\python\lib\p
yspark.zip\pyspark\shuffle.py:65: UserWarning: Please install psutil to have better support with spilling
C:\Users\admin\AppData\Roaming\TRAE SOLO CN\ModularData\ai-agent\vm\tools\python\Lib\site-packages\pyspark\python\lib\p
yspark.zip\pyspark\shuffle.py:65: UserWarning: Please install psutil to have better support with spilling
C:\Users\admin\AppData\Roaming\TRAE SOLO CN\ModularData\ai-agent\vm\tools\python\Lib\site-packages\pyspark\python\lib\p
yspark.zip\pyspark\shuffle.py:65: UserWarning: Please install psutil to have better support with spilling
C:\Users\admin\AppData\Roaming\TRAE SOLO CN\ModularData\ai-agent\vm\tools\python\Lib\site-packages\pyspark\python\lib\p
yspark.zip\pyspark\shuffle.py:65: UserWarning: Please install psutil to have better support with spilling

[Stage 389:==============>                                          (1 + 3) / 4]

[Stage 390:>                                                        (0 + 4) / 4]
C:\Users\admin\AppData\Roaming\TRAE SOLO CN\ModularData\ai-agent\vm\tools\python\Lib\site-packages\pyspark\python\lib\p
yspark.zip\pyspark\shuffle.py:65: UserWarning: Please install psutil to have better support with spilling
C:\Users\admin\AppData\Roaming\TRAE SOLO CN\ModularData\ai-agent\vm\tools\python\Lib\site-packages\pyspark\python\lib\p
yspark.zip\pyspark\shuffle.py:65: UserWarning: Please install psutil to have better support with spilling
C:\Users\admin\AppData\Roaming\TRAE SOLO CN\ModularData\ai-agent\vm\tools\python\Lib\site-packages\pyspark\python\lib\p
yspark.zip\pyspark\shuffle.py:65: UserWarning: Please install psutil to have better support with spilling
C:\Users\admin\AppData\Roaming\TRAE SOLO CN\ModularData\ai-agent\vm\tools\python\Lib\site-packages\pyspark\python\lib\p
yspark.zip\pyspark\shuffle.py:65: UserWarning: Please install psutil to have better support with spilling
C:\Users\admin\AppData\Roaming\TRAE SOLO CN\ModularData\ai-agent\vm\tools\python\Lib\site-packages\pyspark\python\lib\p
yspark.zip\pyspark\shuffle.py:65: UserWarning: Please install psutil to have better support with spilling
C:\Users\admin\AppData\Roaming\TRAE SOLO CN\ModularData\ai-agent\vm\tools\python\Lib\site-packages\pyspark\python\lib\p
yspark.zip\pyspark\shuffle.py:65: UserWarning: Please install psutil to have better support with spilling
C:\Users\admin\AppData\Roaming\TRAE SOLO CN\ModularData\ai-agent\vm\tools\python\Lib\site-packages\pyspark\python\lib\p
yspark.zip\pyspark\shuffle.py:65: UserWarning: Please install psutil to have better support with spilling
C:\Users\admin\AppData\Roaming\TRAE SOLO CN\ModularData\ai-agent\vm\tools\python\Lib\site-packages\pyspark\python\lib\p
yspark.zip\pyspark\shuffle.py:65: UserWarning: Please install psutil to have better support with spilling
C:\Users\admin\AppData\Roaming\TRAE SOLO CN\ModularData\ai-agent\vm\tools\python\Lib\site-packages\pyspark\python\lib\p
yspark.zip\pyspark\shuffle.py:65: UserWarning: Please install psutil to have better support with spilling
C:\Users\admin\AppData\Roaming\TRAE SOLO CN\ModularData\ai-agent\vm\tools\python\Lib\site-packages\pyspark\python\lib\p
yspark.zip\pyspark\shuffle.py:65: UserWarning: Please install psutil to have better support with spilling
C:\Users\admin\AppData\Roaming\TRAE SOLO CN\ModularData\ai-agent\vm\tools\python\Lib\site-packages\pyspark\python\lib\p
yspark.zip\pyspark\shuffle.py:65: UserWarning: Please install psutil to have better support with spilling
C:\Users\admin\AppData\Roaming\TRAE SOLO CN\ModularData\ai-agent\vm\tools\python\Lib\site-packages\pyspark\python\lib\p
yspark.zip\pyspark\shuffle.py:65: UserWarning: Please install psutil to have better support with spilling

[Stage 390:==============>                                          (1 + 3) / 4]

[Stage 390:============================>                            (2 + 2) / 4]

[bfs] round=17 new_pairs=5682 cumulative=160178
                                                                                

[Stage 430:>                                                        (0 + 4) / 4]
C:\Users\admin\AppData\Roaming\TRAE SOLO CN\ModularData\ai-agent\vm\tools\python\Lib\site-packages\pyspark\python\lib\p
yspark.zip\pyspark\shuffle.py:65: UserWarning: Please install psutil to have better support with spilling
C:\Users\admin\AppData\Roaming\TRAE SOLO CN\ModularData\ai-agent\vm\tools\python\Lib\site-packages\pyspark\python\lib\p
yspark.zip\pyspark\shuffle.py:65: UserWarning: Please install psutil to have better support with spilling
C:\Users\admin\AppData\Roaming\TRAE SOLO CN\ModularData\ai-agent\vm\tools\python\Lib\site-packages\pyspark\python\lib\p
yspark.zip\pyspark\shuffle.py:65: UserWarning: Please install psutil to have better support with spilling
C:\Users\admin\AppData\Roaming\TRAE SOLO CN\ModularData\ai-agent\vm\tools\python\Lib\site-packages\pyspark\python\lib\p
yspark.zip\pyspark\shuffle.py:65: UserWarning: Please install psutil to have better support with spilling

[Stage 430:==============>                                          (1 + 3) / 4]

[Stage 430:============================>                            (2 + 2) / 4]

[Stage 431:>                                                        (0 + 4) / 4]
C:\Users\admin\AppData\Roaming\TRAE SOLO CN\ModularData\ai-agent\vm\tools\python\Lib\site-packages\pyspark\python\lib\p
yspark.zip\pyspark\shuffle.py:65: UserWarning: Please install psutil to have better support with spilling
C:\Users\admin\AppData\Roaming\TRAE SOLO CN\ModularData\ai-agent\vm\tools\python\Lib\site-packages\pyspark\python\lib\p
yspark.zip\pyspark\shuffle.py:65: UserWarning: Please install psutil to have better support with spilling
C:\Users\admin\AppData\Roaming\TRAE SOLO CN\ModularData\ai-agent\vm\tools\python\Lib\site-packages\pyspark\python\lib\p
yspark.zip\pyspark\shuffle.py:65: UserWarning: Please install psutil to have better support with spilling
C:\Users\admin\AppData\Roaming\TRAE SOLO CN\ModularData\ai-agent\vm\tools\python\Lib\site-packages\pyspark\python\lib\p
yspark.zip\pyspark\shuffle.py:65: UserWarning: Please install psutil to have better support with spilling
C:\Users\admin\AppData\Roaming\TRAE SOLO CN\ModularData\ai-agent\vm\tools\python\Lib\site-packages\pyspark\python\lib\p
yspark.zip\pyspark\shuffle.py:65: UserWarning: Please install psutil to have better support with spilling
C:\Users\admin\AppData\Roaming\TRAE SOLO CN\ModularData\ai-agent\vm\tools\python\Lib\site-packages\pyspark\python\lib\p
yspark.zip\pyspark\shuffle.py:65: UserWarning: Please install psutil to have better support with spilling
C:\Users\admin\AppData\Roaming\TRAE SOLO CN\ModularData\ai-agent\vm\tools\python\Lib\site-packages\pyspark\python\lib\p
yspark.zip\pyspark\shuffle.py:65: UserWarning: Please install psutil to have better support with spilling
C:\Users\admin\AppData\Roaming\TRAE SOLO CN\ModularData\ai-agent\vm\tools\python\Lib\site-packages\pyspark\python\lib\p
yspark.zip\pyspark\shuffle.py:65: UserWarning: Please install psutil to have better support with spilling
C:\Users\admin\AppData\Roaming\TRAE SOLO CN\ModularData\ai-agent\vm\tools\python\Lib\site-packages\pyspark\python\lib\p
yspark.zip\pyspark\shuffle.py:65: UserWarning: Please install psutil to have better support with spilling
C:\Users\admin\AppData\Roaming\TRAE SOLO CN\ModularData\ai-agent\vm\tools\python\Lib\site-packages\pyspark\python\lib\p
yspark.zip\pyspark\shuffle.py:65: UserWarning: Please install psutil to have better support with spilling
C:\Users\admin\AppData\Roaming\TRAE SOLO CN\ModularData\ai-agent\vm\tools\python\Lib\site-packages\pyspark\python\lib\p
yspark.zip\pyspark\shuffle.py:65: UserWarning: Please install psutil to have better support with spilling
C:\Users\admin\AppData\Roaming\TRAE SOLO CN\ModularData\ai-agent\vm\tools\python\Lib\site-packages\pyspark\python\lib\p
yspark.zip\pyspark\shuffle.py:65: UserWarning: Please install psutil to have better support with spilling

[Stage 431:==============>                                          (1 + 3) / 4]

[Stage 431:============================>                            (2 + 2) / 4]

[bfs] round=18 new_pairs=4694 cumulative=164872
                                                                                

[Stage 473:>                                                        (0 + 4) / 4]
C:\Users\admin\AppData\Roaming\TRAE SOLO CN\ModularData\ai-agent\vm\tools\python\Lib\site-packages\pyspark\python\lib\p
yspark.zip\pyspark\shuffle.py:65: UserWarning: Please install psutil to have better support with spilling
C:\Users\admin\AppData\Roaming\TRAE SOLO CN\ModularData\ai-agent\vm\tools\python\Lib\site-packages\pyspark\python\lib\p
yspark.zip\pyspark\shuffle.py:65: UserWarning: Please install psutil to have better support with spilling
C:\Users\admin\AppData\Roaming\TRAE SOLO CN\ModularData\ai-agent\vm\tools\python\Lib\site-packages\pyspark\python\lib\p
yspark.zip\pyspark\shuffle.py:65: UserWarning: Please install psutil to have better support with spilling
C:\Users\admin\AppData\Roaming\TRAE SOLO CN\ModularData\ai-agent\vm\tools\python\Lib\site-packages\pyspark\python\lib\p
yspark.zip\pyspark\shuffle.py:65: UserWarning: Please install psutil to have better support with spilling

[Stage 473:==============>                                          (1 + 3) / 4]

[Stage 473:============================>                            (2 + 2) / 4]

[Stage 474:>                                                        (0 + 4) / 4]
C:\Users\admin\AppData\Roaming\TRAE SOLO CN\ModularData\ai-agent\vm\tools\python\Lib\site-packages\pyspark\python\lib\p
yspark.zip\pyspark\shuffle.py:65: UserWarning: Please install psutil to have better support with spilling
C:\Users\admin\AppData\Roaming\TRAE SOLO CN\ModularData\ai-agent\vm\tools\python\Lib\site-packages\pyspark\python\lib\p
yspark.zip\pyspark\shuffle.py:65: UserWarning: Please install psutil to have better support with spilling
C:\Users\admin\AppData\Roaming\TRAE SOLO CN\ModularData\ai-agent\vm\tools\python\Lib\site-packages\pyspark\python\lib\p
yspark.zip\pyspark\shuffle.py:65: UserWarning: Please install psutil to have better support with spilling
C:\Users\admin\AppData\Roaming\TRAE SOLO CN\ModularData\ai-agent\vm\tools\python\Lib\site-packages\pyspark\python\lib\p
yspark.zip\pyspark\shuffle.py:65: UserWarning: Please install psutil to have better support with spilling
C:\Users\admin\AppData\Roaming\TRAE SOLO CN\ModularData\ai-agent\vm\tools\python\Lib\site-packages\pyspark\python\lib\p
yspark.zip\pyspark\shuffle.py:65: UserWarning: Please install psutil to have better support with spilling
C:\Users\admin\AppData\Roaming\TRAE SOLO CN\ModularData\ai-agent\vm\tools\python\Lib\site-packages\pyspark\python\lib\p
yspark.zip\pyspark\shuffle.py:65: UserWarning: Please install psutil to have better support with spilling
C:\Users\admin\AppData\Roaming\TRAE SOLO CN\ModularData\ai-agent\vm\tools\python\Lib\site-packages\pyspark\python\lib\p
yspark.zip\pyspark\shuffle.py:65: UserWarning: Please install psutil to have better support with spilling
C:\Users\admin\AppData\Roaming\TRAE SOLO CN\ModularData\ai-agent\vm\tools\python\Lib\site-packages\pyspark\python\lib\p
yspark.zip\pyspark\shuffle.py:65: UserWarning: Please install psutil to have better support with spilling
C:\Users\admin\AppData\Roaming\TRAE SOLO CN\ModularData\ai-agent\vm\tools\python\Lib\site-packages\pyspark\python\lib\p
yspark.zip\pyspark\shuffle.py:65: UserWarning: Please install psutil to have better support with spilling
C:\Users\admin\AppData\Roaming\TRAE SOLO CN\ModularData\ai-agent\vm\tools\python\Lib\site-packages\pyspark\python\lib\p
yspark.zip\pyspark\shuffle.py:65: UserWarning: Please install psutil to have better support with spilling
C:\Users\admin\AppData\Roaming\TRAE SOLO CN\ModularData\ai-agent\vm\tools\python\Lib\site-packages\pyspark\python\lib\p
yspark.zip\pyspark\shuffle.py:65: UserWarning: Please install psutil to have better support with spilling
C:\Users\admin\AppData\Roaming\TRAE SOLO CN\ModularData\ai-agent\vm\tools\python\Lib\site-packages\pyspark\python\lib\p
yspark.zip\pyspark\shuffle.py:65: UserWarning: Please install psutil to have better support with spilling

[Stage 474:==============>                                          (1 + 3) / 4]

[Stage 474:============================>                            (2 + 2) / 4]

[bfs] round=19 new_pairs=4613 cumulative=169485
                                                                                

[Stage 518:>                                                        (0 + 4) / 4]
C:\Users\admin\AppData\Roaming\TRAE SOLO CN\ModularData\ai-agent\vm\tools\python\Lib\site-packages\pyspark\python\lib\p
yspark.zip\pyspark\shuffle.py:65: UserWarning: Please install psutil to have better support with spilling
C:\Users\admin\AppData\Roaming\TRAE SOLO CN\ModularData\ai-agent\vm\tools\python\Lib\site-packages\pyspark\python\lib\p
yspark.zip\pyspark\shuffle.py:65: UserWarning: Please install psutil to have better support with spilling
C:\Users\admin\AppData\Roaming\TRAE SOLO CN\ModularData\ai-agent\vm\tools\python\Lib\site-packages\pyspark\python\lib\p
yspark.zip\pyspark\shuffle.py:65: UserWarning: Please install psutil to have better support with spilling
C:\Users\admin\AppData\Roaming\TRAE SOLO CN\ModularData\ai-agent\vm\tools\python\Lib\site-packages\pyspark\python\lib\p
yspark.zip\pyspark\shuffle.py:65: UserWarning: Please install psutil to have better support with spilling

[Stage 518:==============>                                          (1 + 3) / 4]

[Stage 518:============================>                            (2 + 2) / 4]

[Stage 519:>                                                        (0 + 4) / 4]
C:\Users\admin\AppData\Roaming\TRAE SOLO CN\ModularData\ai-agent\vm\tools\python\Lib\site-packages\pyspark\python\lib\p
yspark.zip\pyspark\shuffle.py:65: UserWarning: Please install psutil to have better support with spilling
C:\Users\admin\AppData\Roaming\TRAE SOLO CN\ModularData\ai-agent\vm\tools\python\Lib\site-packages\pyspark\python\lib\p
yspark.zip\pyspark\shuffle.py:65: UserWarning: Please install psutil to have better support with spilling
C:\Users\admin\AppData\Roaming\TRAE SOLO CN\ModularData\ai-agent\vm\tools\python\Lib\site-packages\pyspark\python\lib\p
yspark.zip\pyspark\shuffle.py:65: UserWarning: Please install psutil to have better support with spilling
C:\Users\admin\AppData\Roaming\TRAE SOLO CN\ModularData\ai-agent\vm\tools\python\Lib\site-packages\pyspark\python\lib\p
yspark.zip\pyspark\shuffle.py:65: UserWarning: Please install psutil to have better support with spilling
C:\Users\admin\AppData\Roaming\TRAE SOLO CN\ModularData\ai-agent\vm\tools\python\Lib\site-packages\pyspark\python\lib\p
yspark.zip\pyspark\shuffle.py:65: UserWarning: Please install psutil to have better support with spilling
C:\Users\admin\AppData\Roaming\TRAE SOLO CN\ModularData\ai-agent\vm\tools\python\Lib\site-packages\pyspark\python\lib\p
yspark.zip\pyspark\shuffle.py:65: UserWarning: Please install psutil to have better support with spilling
C:\Users\admin\AppData\Roaming\TRAE SOLO CN\ModularData\ai-agent\vm\tools\python\Lib\site-packages\pyspark\python\lib\p
yspark.zip\pyspark\shuffle.py:65: UserWarning: Please install psutil to have better support with spilling
C:\Users\admin\AppData\Roaming\TRAE SOLO CN\ModularData\ai-agent\vm\tools\python\Lib\site-packages\pyspark\python\lib\p
yspark.zip\pyspark\shuffle.py:65: UserWarning: Please install psutil to have better support with spilling
C:\Users\admin\AppData\Roaming\TRAE SOLO CN\ModularData\ai-agent\vm\tools\python\Lib\site-packages\pyspark\python\lib\p
yspark.zip\pyspark\shuffle.py:65: UserWarning: Please install psutil to have better support with spilling
C:\Users\admin\AppData\Roaming\TRAE SOLO CN\ModularData\ai-agent\vm\tools\python\Lib\site-packages\pyspark\python\lib\p
yspark.zip\pyspark\shuffle.py:65: UserWarning: Please install psutil to have better support with spilling
C:\Users\admin\AppData\Roaming\TRAE SOLO CN\ModularData\ai-agent\vm\tools\python\Lib\site-packages\pyspark\python\lib\p
yspark.zip\pyspark\shuffle.py:65: UserWarning: Please install psutil to have better support with spilling
C:\Users\admin\AppData\Roaming\TRAE SOLO CN\ModularData\ai-agent\vm\tools\python\Lib\site-packages\pyspark\python\lib\p
yspark.zip\pyspark\shuffle.py:65: UserWarning: Please install psutil to have better support with spilling

[Stage 519:==============>                                          (1 + 3) / 4]

[Stage 519:============================>                            (2 + 2) / 4]

[Stage 519:==========================================>              (3 + 1) / 4]

[bfs] round=20 new_pairs=3444 cumulative=172929
                                                                                

[Stage 565:>                                                        (0 + 4) / 4]
C:\Users\admin\AppData\Roaming\TRAE SOLO CN\ModularData\ai-agent\vm\tools\python\Lib\site-packages\pyspark\python\lib\p
yspark.zip\pyspark\shuffle.py:65: UserWarning: Please install psutil to have better support with spilling
C:\Users\admin\AppData\Roaming\TRAE SOLO CN\ModularData\ai-agent\vm\tools\python\Lib\site-packages\pyspark\python\lib\p
yspark.zip\pyspark\shuffle.py:65: UserWarning: Please install psutil to have better support with spilling
C:\Users\admin\AppData\Roaming\TRAE SOLO CN\ModularData\ai-agent\vm\tools\python\Lib\site-packages\pyspark\python\lib\p
yspark.zip\pyspark\shuffle.py:65: UserWarning: Please install psutil to have better support with spilling
C:\Users\admin\AppData\Roaming\TRAE SOLO CN\ModularData\ai-agent\vm\tools\python\Lib\site-packages\pyspark\python\lib\p
yspark.zip\pyspark\shuffle.py:65: UserWarning: Please install psutil to have better support with spilling

[Stage 565:==============>                                          (1 + 3) / 4]

[Stage 565:============================>                            (2 + 2) / 4]

[Stage 566:>                                                        (0 + 4) / 4]
C:\Users\admin\AppData\Roaming\TRAE SOLO CN\ModularData\ai-agent\vm\tools\python\Lib\site-packages\pyspark\python\lib\p
yspark.zip\pyspark\shuffle.py:65: UserWarning: Please install psutil to have better support with spilling
C:\Users\admin\AppData\Roaming\TRAE SOLO CN\ModularData\ai-agent\vm\tools\python\Lib\site-packages\pyspark\python\lib\p
yspark.zip\pyspark\shuffle.py:65: UserWarning: Please install psutil to have better support with spilling
C:\Users\admin\AppData\Roaming\TRAE SOLO CN\ModularData\ai-agent\vm\tools\python\Lib\site-packages\pyspark\python\lib\p
yspark.zip\pyspark\shuffle.py:65: UserWarning: Please install psutil to have better support with spilling
C:\Users\admin\AppData\Roaming\TRAE SOLO CN\ModularData\ai-agent\vm\tools\python\Lib\site-packages\pyspark\python\lib\p
yspark.zip\pyspark\shuffle.py:65: UserWarning: Please install psutil to have better support with spilling
C:\Users\admin\AppData\Roaming\TRAE SOLO CN\ModularData\ai-agent\vm\tools\python\Lib\site-packages\pyspark\python\lib\p
yspark.zip\pyspark\shuffle.py:65: UserWarning: Please install psutil to have better support with spilling
C:\Users\admin\AppData\Roaming\TRAE SOLO CN\ModularData\ai-agent\vm\tools\python\Lib\site-packages\pyspark\python\lib\p
yspark.zip\pyspark\shuffle.py:65: UserWarning: Please install psutil to have better support with spilling
C:\Users\admin\AppData\Roaming\TRAE SOLO CN\ModularData\ai-agent\vm\tools\python\Lib\site-packages\pyspark\python\lib\p
yspark.zip\pyspark\shuffle.py:65: UserWarning: Please install psutil to have better support with spilling
C:\Users\admin\AppData\Roaming\TRAE SOLO CN\ModularData\ai-agent\vm\tools\python\Lib\site-packages\pyspark\python\lib\p
yspark.zip\pyspark\shuffle.py:65: UserWarning: Please install psutil to have better support with spilling
C:\Users\admin\AppData\Roaming\TRAE SOLO CN\ModularData\ai-agent\vm\tools\python\Lib\site-packages\pyspark\python\lib\p
yspark.zip\pyspark\shuffle.py:65: UserWarning: Please install psutil to have better support with spilling
C:\Users\admin\AppData\Roaming\TRAE SOLO CN\ModularData\ai-agent\vm\tools\python\Lib\site-packages\pyspark\python\lib\p
yspark.zip\pyspark\shuffle.py:65: UserWarning: Please install psutil to have better support with spilling
C:\Users\admin\AppData\Roaming\TRAE SOLO CN\ModularData\ai-agent\vm\tools\python\Lib\site-packages\pyspark\python\lib\p
yspark.zip\pyspark\shuffle.py:65: UserWarning: Please install psutil to have better support with spilling
C:\Users\admin\AppData\Roaming\TRAE SOLO CN\ModularData\ai-agent\vm\tools\python\Lib\site-packages\pyspark\python\lib\p
yspark.zip\pyspark\shuffle.py:65: UserWarning: Please install psutil to have better support with spilling

[Stage 566:==============>                                          (1 + 3) / 4]

[Stage 566:============================>                            (2 + 2) / 4]

[bfs] round=21 new_pairs=2336 cumulative=175265
                                                                                

[Stage 614:>                                                        (0 + 4) / 4]
C:\Users\admin\AppData\Roaming\TRAE SOLO CN\ModularData\ai-agent\vm\tools\python\Lib\site-packages\pyspark\python\lib\p
yspark.zip\pyspark\shuffle.py:65: UserWarning: Please install psutil to have better support with spilling
C:\Users\admin\AppData\Roaming\TRAE SOLO CN\ModularData\ai-agent\vm\tools\python\Lib\site-packages\pyspark\python\lib\p
yspark.zip\pyspark\shuffle.py:65: UserWarning: Please install psutil to have better support with spilling
C:\Users\admin\AppData\Roaming\TRAE SOLO CN\ModularData\ai-agent\vm\tools\python\Lib\site-packages\pyspark\python\lib\p
yspark.zip\pyspark\shuffle.py:65: UserWarning: Please install psutil to have better support with spilling
C:\Users\admin\AppData\Roaming\TRAE SOLO CN\ModularData\ai-agent\vm\tools\python\Lib\site-packages\pyspark\python\lib\p
yspark.zip\pyspark\shuffle.py:65: UserWarning: Please install psutil to have better support with spilling

[Stage 614:==============>                                          (1 + 3) / 4]

[Stage 614:============================>                            (2 + 2) / 4]

[Stage 615:>                                                        (0 + 4) / 4]
C:\Users\admin\AppData\Roaming\TRAE SOLO CN\ModularData\ai-agent\vm\tools\python\Lib\site-packages\pyspark\python\lib\p
yspark.zip\pyspark\shuffle.py:65: UserWarning: Please install psutil to have better support with spilling
C:\Users\admin\AppData\Roaming\TRAE SOLO CN\ModularData\ai-agent\vm\tools\python\Lib\site-packages\pyspark\python\lib\p
yspark.zip\pyspark\shuffle.py:65: UserWarning: Please install psutil to have better support with spilling
C:\Users\admin\AppData\Roaming\TRAE SOLO CN\ModularData\ai-agent\vm\tools\python\Lib\site-packages\pyspark\python\lib\p
yspark.zip\pyspark\shuffle.py:65: UserWarning: Please install psutil to have better support with spilling
C:\Users\admin\AppData\Roaming\TRAE SOLO CN\ModularData\ai-agent\vm\tools\python\Lib\site-packages\pyspark\python\lib\p
yspark.zip\pyspark\shuffle.py:65: UserWarning: Please install psutil to have better support with spilling
C:\Users\admin\AppData\Roaming\TRAE SOLO CN\ModularData\ai-agent\vm\tools\python\Lib\site-packages\pyspark\python\lib\p
yspark.zip\pyspark\shuffle.py:65: UserWarning: Please install psutil to have better support with spilling
C:\Users\admin\AppData\Roaming\TRAE SOLO CN\ModularData\ai-agent\vm\tools\python\Lib\site-packages\pyspark\python\lib\p
yspark.zip\pyspark\shuffle.py:65: UserWarning: Please install psutil to have better support with spilling
C:\Users\admin\AppData\Roaming\TRAE SOLO CN\ModularData\ai-agent\vm\tools\python\Lib\site-packages\pyspark\python\lib\p
yspark.zip\pyspark\shuffle.py:65: UserWarning: Please install psutil to have better support with spilling
C:\Users\admin\AppData\Roaming\TRAE SOLO CN\ModularData\ai-agent\vm\tools\python\Lib\site-packages\pyspark\python\lib\p
yspark.zip\pyspark\shuffle.py:65: UserWarning: Please install psutil to have better support with spilling
C:\Users\admin\AppData\Roaming\TRAE SOLO CN\ModularData\ai-agent\vm\tools\python\Lib\site-packages\pyspark\python\lib\p
yspark.zip\pyspark\shuffle.py:65: UserWarning: Please install psutil to have better support with spilling
C:\Users\admin\AppData\Roaming\TRAE SOLO CN\ModularData\ai-agent\vm\tools\python\Lib\site-packages\pyspark\python\lib\p
yspark.zip\pyspark\shuffle.py:65: UserWarning: Please install psutil to have better support with spilling
C:\Users\admin\AppData\Roaming\TRAE SOLO CN\ModularData\ai-agent\vm\tools\python\Lib\site-packages\pyspark\python\lib\p
yspark.zip\pyspark\shuffle.py:65: UserWarning: Please install psutil to have better support with spilling
C:\Users\admin\AppData\Roaming\TRAE SOLO CN\ModularData\ai-agent\vm\tools\python\Lib\site-packages\pyspark\python\lib\p
yspark.zip\pyspark\shuffle.py:65: UserWarning: Please install psutil to have better support with spilling

[Stage 615:==============>                                          (1 + 3) / 4]

[Stage 615:============================>                            (2 + 2) / 4]

[bfs] round=22 new_pairs=1719 cumulative=176984
                                                                                

[Stage 665:>                                                        (0 + 4) / 4]
C:\Users\admin\AppData\Roaming\TRAE SOLO CN\ModularData\ai-agent\vm\tools\python\Lib\site-packages\pyspark\python\lib\p
yspark.zip\pyspark\shuffle.py:65: UserWarning: Please install psutil to have better support with spilling
C:\Users\admin\AppData\Roaming\TRAE SOLO CN\ModularData\ai-agent\vm\tools\python\Lib\site-packages\pyspark\python\lib\p
yspark.zip\pyspark\shuffle.py:65: UserWarning: Please install psutil to have better support with spilling
C:\Users\admin\AppData\Roaming\TRAE SOLO CN\ModularData\ai-agent\vm\tools\python\Lib\site-packages\pyspark\python\lib\p
yspark.zip\pyspark\shuffle.py:65: UserWarning: Please install psutil to have better support with spilling
C:\Users\admin\AppData\Roaming\TRAE SOLO CN\ModularData\ai-agent\vm\tools\python\Lib\site-packages\pyspark\python\lib\p
yspark.zip\pyspark\shuffle.py:65: UserWarning: Please install psutil to have better support with spilling

[Stage 665:==============>                                          (1 + 3) / 4]

[Stage 666:>                                                        (0 + 4) / 4]
C:\Users\admin\AppData\Roaming\TRAE SOLO CN\ModularData\ai-agent\vm\tools\python\Lib\site-packages\pyspark\python\lib\p
yspark.zip\pyspark\shuffle.py:65: UserWarning: Please install psutil to have better support with spilling
C:\Users\admin\AppData\Roaming\TRAE SOLO CN\ModularData\ai-agent\vm\tools\python\Lib\site-packages\pyspark\python\lib\p
yspark.zip\pyspark\shuffle.py:65: UserWarning: Please install psutil to have better support with spilling
C:\Users\admin\AppData\Roaming\TRAE SOLO CN\ModularData\ai-agent\vm\tools\python\Lib\site-packages\pyspark\python\lib\p
yspark.zip\pyspark\shuffle.py:65: UserWarning: Please install psutil to have better support with spilling
C:\Users\admin\AppData\Roaming\TRAE SOLO CN\ModularData\ai-agent\vm\tools\python\Lib\site-packages\pyspark\python\lib\p
yspark.zip\pyspark\shuffle.py:65: UserWarning: Please install psutil to have better support with spilling
C:\Users\admin\AppData\Roaming\TRAE SOLO CN\ModularData\ai-agent\vm\tools\python\Lib\site-packages\pyspark\python\lib\p
yspark.zip\pyspark\shuffle.py:65: UserWarning: Please install psutil to have better support with spilling
C:\Users\admin\AppData\Roaming\TRAE SOLO CN\ModularData\ai-agent\vm\tools\python\Lib\site-packages\pyspark\python\lib\p
yspark.zip\pyspark\shuffle.py:65: UserWarning: Please install psutil to have better support with spilling
C:\Users\admin\AppData\Roaming\TRAE SOLO CN\ModularData\ai-agent\vm\tools\python\Lib\site-packages\pyspark\python\lib\p
yspark.zip\pyspark\shuffle.py:65: UserWarning: Please install psutil to have better support with spilling
C:\Users\admin\AppData\Roaming\TRAE SOLO CN\ModularData\ai-agent\vm\tools\python\Lib\site-packages\pyspark\python\lib\p
yspark.zip\pyspark\shuffle.py:65: UserWarning: Please install psutil to have better support with spilling
C:\Users\admin\AppData\Roaming\TRAE SOLO CN\ModularData\ai-agent\vm\tools\python\Lib\site-packages\pyspark\python\lib\p
yspark.zip\pyspark\shuffle.py:65: UserWarning: Please install psutil to have better support with spilling
C:\Users\admin\AppData\Roaming\TRAE SOLO CN\ModularData\ai-agent\vm\tools\python\Lib\site-packages\pyspark\python\lib\p
yspark.zip\pyspark\shuffle.py:65: UserWarning: Please install psutil to have better support with spilling
C:\Users\admin\AppData\Roaming\TRAE SOLO CN\ModularData\ai-agent\vm\tools\python\Lib\site-packages\pyspark\python\lib\p
yspark.zip\pyspark\shuffle.py:65: UserWarning: Please install psutil to have better support with spilling
C:\Users\admin\AppData\Roaming\TRAE SOLO CN\ModularData\ai-agent\vm\tools\python\Lib\site-packages\pyspark\python\lib\p
yspark.zip\pyspark\shuffle.py:65: UserWarning: Please install psutil to have better support with spilling

[Stage 666:==============>                                          (1 + 3) / 4]

[Stage 666:============================>                            (2 + 2) / 4]

[bfs] round=23 new_pairs=1446 cumulative=178430
                                                                                

[Stage 718:>                                                        (0 + 4) / 4]
C:\Users\admin\AppData\Roaming\TRAE SOLO CN\ModularData\ai-agent\vm\tools\python\Lib\site-packages\pyspark\python\lib\p
yspark.zip\pyspark\shuffle.py:65: UserWarning: Please install psutil to have better support with spilling
C:\Users\admin\AppData\Roaming\TRAE SOLO CN\ModularData\ai-agent\vm\tools\python\Lib\site-packages\pyspark\python\lib\p
yspark.zip\pyspark\shuffle.py:65: UserWarning: Please install psutil to have better support with spilling
C:\Users\admin\AppData\Roaming\TRAE SOLO CN\ModularData\ai-agent\vm\tools\python\Lib\site-packages\pyspark\python\lib\p
yspark.zip\pyspark\shuffle.py:65: UserWarning: Please install psutil to have better support with spilling
C:\Users\admin\AppData\Roaming\TRAE SOLO CN\ModularData\ai-agent\vm\tools\python\Lib\site-packages\pyspark\python\lib\p
yspark.zip\pyspark\shuffle.py:65: UserWarning: Please install psutil to have better support with spilling

[Stage 718:==============>                                          (1 + 3) / 4]

[Stage 718:==========================================>              (3 + 1) / 4]

[Stage 719:>                                                        (0 + 4) / 4]
C:\Users\admin\AppData\Roaming\TRAE SOLO CN\ModularData\ai-agent\vm\tools\python\Lib\site-packages\pyspark\python\lib\p
yspark.zip\pyspark\shuffle.py:65: UserWarning: Please install psutil to have better support with spilling
C:\Users\admin\AppData\Roaming\TRAE SOLO CN\ModularData\ai-agent\vm\tools\python\Lib\site-packages\pyspark\python\lib\p
yspark.zip\pyspark\shuffle.py:65: UserWarning: Please install psutil to have better support with spilling
C:\Users\admin\AppData\Roaming\TRAE SOLO CN\ModularData\ai-agent\vm\tools\python\Lib\site-packages\pyspark\python\lib\p
yspark.zip\pyspark\shuffle.py:65: UserWarning: Please install psutil to have better support with spilling
C:\Users\admin\AppData\Roaming\TRAE SOLO CN\ModularData\ai-agent\vm\tools\python\Lib\site-packages\pyspark\python\lib\p
yspark.zip\pyspark\shuffle.py:65: UserWarning: Please install psutil to have better support with spilling
C:\Users\admin\AppData\Roaming\TRAE SOLO CN\ModularData\ai-agent\vm\tools\python\Lib\site-packages\pyspark\python\lib\p
yspark.zip\pyspark\shuffle.py:65: UserWarning: Please install psutil to have better support with spilling
C:\Users\admin\AppData\Roaming\TRAE SOLO CN\ModularData\ai-agent\vm\tools\python\Lib\site-packages\pyspark\python\lib\p
yspark.zip\pyspark\shuffle.py:65: UserWarning: Please install psutil to have better support with spilling
C:\Users\admin\AppData\Roaming\TRAE SOLO CN\ModularData\ai-agent\vm\tools\python\Lib\site-packages\pyspark\python\lib\p
yspark.zip\pyspark\shuffle.py:65: UserWarning: Please install psutil to have better support with spilling
C:\Users\admin\AppData\Roaming\TRAE SOLO CN\ModularData\ai-agent\vm\tools\python\Lib\site-packages\pyspark\python\lib\p
yspark.zip\pyspark\shuffle.py:65: UserWarning: Please install psutil to have better support with spilling
C:\Users\admin\AppData\Roaming\TRAE SOLO CN\ModularData\ai-agent\vm\tools\python\Lib\site-packages\pyspark\python\lib\p
yspark.zip\pyspark\shuffle.py:65: UserWarning: Please install psutil to have better support with spilling
C:\Users\admin\AppData\Roaming\TRAE SOLO CN\ModularData\ai-agent\vm\tools\python\Lib\site-packages\pyspark\python\lib\p
yspark.zip\pyspark\shuffle.py:65: UserWarning: Please install psutil to have better support with spilling
C:\Users\admin\AppData\Roaming\TRAE SOLO CN\ModularData\ai-agent\vm\tools\python\Lib\site-packages\pyspark\python\lib\p
yspark.zip\pyspark\shuffle.py:65: UserWarning: Please install psutil to have better support with spilling
C:\Users\admin\AppData\Roaming\TRAE SOLO CN\ModularData\ai-agent\vm\tools\python\Lib\site-packages\pyspark\python\lib\p
yspark.zip\pyspark\shuffle.py:65: UserWarning: Please install psutil to have better support with spilling

[Stage 719:==============>                                          (1 + 3) / 4]

[Stage 719:============================>                            (2 + 2) / 4]

[Stage 719:==========================================>              (3 + 1) / 4]

[bfs] round=24 new_pairs=1257 cumulative=179687
                                                                                

[Stage 773:>                                                        (0 + 4) / 4]
C:\Users\admin\AppData\Roaming\TRAE SOLO CN\ModularData\ai-agent\vm\tools\python\Lib\site-packages\pyspark\python\lib\p
yspark.zip\pyspark\shuffle.py:65: UserWarning: Please install psutil to have better support with spilling
C:\Users\admin\AppData\Roaming\TRAE SOLO CN\ModularData\ai-agent\vm\tools\python\Lib\site-packages\pyspark\python\lib\p
yspark.zip\pyspark\shuffle.py:65: UserWarning: Please install psutil to have better support with spilling
C:\Users\admin\AppData\Roaming\TRAE SOLO CN\ModularData\ai-agent\vm\tools\python\Lib\site-packages\pyspark\python\lib\p
yspark.zip\pyspark\shuffle.py:65: UserWarning: Please install psutil to have better support with spilling
C:\Users\admin\AppData\Roaming\TRAE SOLO CN\ModularData\ai-agent\vm\tools\python\Lib\site-packages\pyspark\python\lib\p
yspark.zip\pyspark\shuffle.py:65: UserWarning: Please install psutil to have better support with spilling

[Stage 773:==============>                                          (1 + 3) / 4]

[Stage 773:==========================================>              (3 + 1) / 4]

[Stage 774:>                                                        (0 + 4) / 4]
C:\Users\admin\AppData\Roaming\TRAE SOLO CN\ModularData\ai-agent\vm\tools\python\Lib\site-packages\pyspark\python\lib\p
yspark.zip\pyspark\shuffle.py:65: UserWarning: Please install psutil to have better support with spilling
C:\Users\admin\AppData\Roaming\TRAE SOLO CN\ModularData\ai-agent\vm\tools\python\Lib\site-packages\pyspark\python\lib\p
yspark.zip\pyspark\shuffle.py:65: UserWarning: Please install psutil to have better support with spilling
C:\Users\admin\AppData\Roaming\TRAE SOLO CN\ModularData\ai-agent\vm\tools\python\Lib\site-packages\pyspark\python\lib\p
yspark.zip\pyspark\shuffle.py:65: UserWarning: Please install psutil to have better support with spilling
C:\Users\admin\AppData\Roaming\TRAE SOLO CN\ModularData\ai-agent\vm\tools\python\Lib\site-packages\pyspark\python\lib\p
yspark.zip\pyspark\shuffle.py:65: UserWarning: Please install psutil to have better support with spilling
C:\Users\admin\AppData\Roaming\TRAE SOLO CN\ModularData\ai-agent\vm\tools\python\Lib\site-packages\pyspark\python\lib\p
yspark.zip\pyspark\shuffle.py:65: UserWarning: Please install psutil to have better support with spilling
C:\Users\admin\AppData\Roaming\TRAE SOLO CN\ModularData\ai-agent\vm\tools\python\Lib\site-packages\pyspark\python\lib\p
yspark.zip\pyspark\shuffle.py:65: UserWarning: Please install psutil to have better support with spilling
C:\Users\admin\AppData\Roaming\TRAE SOLO CN\ModularData\ai-agent\vm\tools\python\Lib\site-packages\pyspark\python\lib\p
yspark.zip\pyspark\shuffle.py:65: UserWarning: Please install psutil to have better support with spilling
C:\Users\admin\AppData\Roaming\TRAE SOLO CN\ModularData\ai-agent\vm\tools\python\Lib\site-packages\pyspark\python\lib\p
yspark.zip\pyspark\shuffle.py:65: UserWarning: Please install psutil to have better support with spilling
C:\Users\admin\AppData\Roaming\TRAE SOLO CN\ModularData\ai-agent\vm\tools\python\Lib\site-packages\pyspark\python\lib\p
yspark.zip\pyspark\shuffle.py:65: UserWarning: Please install psutil to have better support with spilling
C:\Users\admin\AppData\Roaming\TRAE SOLO CN\ModularData\ai-agent\vm\tools\python\Lib\site-packages\pyspark\python\lib\p
yspark.zip\pyspark\shuffle.py:65: UserWarning: Please install psutil to have better support with spilling
C:\Users\admin\AppData\Roaming\TRAE SOLO CN\ModularData\ai-agent\vm\tools\python\Lib\site-packages\pyspark\python\lib\p
yspark.zip\pyspark\shuffle.py:65: UserWarning: Please install psutil to have better support with spilling
C:\Users\admin\AppData\Roaming\TRAE SOLO CN\ModularData\ai-agent\vm\tools\python\Lib\site-packages\pyspark\python\lib\p
yspark.zip\pyspark\shuffle.py:65: UserWarning: Please install psutil to have better support with spilling

[Stage 774:==============>                                          (1 + 3) / 4]

[Stage 774:============================>                            (2 + 2) / 4]

[bfs] round=25 new_pairs=1068 cumulative=180755
                                                                                

[Stage 830:>                                                        (0 + 4) / 4]
C:\Users\admin\AppData\Roaming\TRAE SOLO CN\ModularData\ai-agent\vm\tools\python\Lib\site-packages\pyspark\python\lib\p
yspark.zip\pyspark\shuffle.py:65: UserWarning: Please install psutil to have better support with spilling
C:\Users\admin\AppData\Roaming\TRAE SOLO CN\ModularData\ai-agent\vm\tools\python\Lib\site-packages\pyspark\python\lib\p
yspark.zip\pyspark\shuffle.py:65: UserWarning: Please install psutil to have better support with spilling
C:\Users\admin\AppData\Roaming\TRAE SOLO CN\ModularData\ai-agent\vm\tools\python\Lib\site-packages\pyspark\python\lib\p
yspark.zip\pyspark\shuffle.py:65: UserWarning: Please install psutil to have better support with spilling
C:\Users\admin\AppData\Roaming\TRAE SOLO CN\ModularData\ai-agent\vm\tools\python\Lib\site-packages\pyspark\python\lib\p
yspark.zip\pyspark\shuffle.py:65: UserWarning: Please install psutil to have better support with spilling

[Stage 830:==========================================>              (3 + 1) / 4]

[Stage 831:>                                                        (0 + 4) / 4]
C:\Users\admin\AppData\Roaming\TRAE SOLO CN\ModularData\ai-agent\vm\tools\python\Lib\site-packages\pyspark\python\lib\p
yspark.zip\pyspark\shuffle.py:65: UserWarning: Please install psutil to have better support with spilling
C:\Users\admin\AppData\Roaming\TRAE SOLO CN\ModularData\ai-agent\vm\tools\python\Lib\site-packages\pyspark\python\lib\p
yspark.zip\pyspark\shuffle.py:65: UserWarning: Please install psutil to have better support with spilling
C:\Users\admin\AppData\Roaming\TRAE SOLO CN\ModularData\ai-agent\vm\tools\python\Lib\site-packages\pyspark\python\lib\p
yspark.zip\pyspark\shuffle.py:65: UserWarning: Please install psutil to have better support with spilling
C:\Users\admin\AppData\Roaming\TRAE SOLO CN\ModularData\ai-agent\vm\tools\python\Lib\site-packages\pyspark\python\lib\p
yspark.zip\pyspark\shuffle.py:65: UserWarning: Please install psutil to have better support with spilling
C:\Users\admin\AppData\Roaming\TRAE SOLO CN\ModularData\ai-agent\vm\tools\python\Lib\site-packages\pyspark\python\lib\p
yspark.zip\pyspark\shuffle.py:65: UserWarning: Please install psutil to have better support with spilling
C:\Users\admin\AppData\Roaming\TRAE SOLO CN\ModularData\ai-agent\vm\tools\python\Lib\site-packages\pyspark\python\lib\p
yspark.zip\pyspark\shuffle.py:65: UserWarning: Please install psutil to have better support with spilling
C:\Users\admin\AppData\Roaming\TRAE SOLO CN\ModularData\ai-agent\vm\tools\python\Lib\site-packages\pyspark\python\lib\p
yspark.zip\pyspark\shuffle.py:65: UserWarning: Please install psutil to have better support with spilling
C:\Users\admin\AppData\Roaming\TRAE SOLO CN\ModularData\ai-agent\vm\tools\python\Lib\site-packages\pyspark\python\lib\p
yspark.zip\pyspark\shuffle.py:65: UserWarning: Please install psutil to have better support with spilling
C:\Users\admin\AppData\Roaming\TRAE SOLO CN\ModularData\ai-agent\vm\tools\python\Lib\site-packages\pyspark\python\lib\p
yspark.zip\pyspark\shuffle.py:65: UserWarning: Please install psutil to have better support with spilling
C:\Users\admin\AppData\Roaming\TRAE SOLO CN\ModularData\ai-agent\vm\tools\python\Lib\site-packages\pyspark\python\lib\p
yspark.zip\pyspark\shuffle.py:65: UserWarning: Please install psutil to have better support with spilling
C:\Users\admin\AppData\Roaming\TRAE SOLO CN\ModularData\ai-agent\vm\tools\python\Lib\site-packages\pyspark\python\lib\p
yspark.zip\pyspark\shuffle.py:65: UserWarning: Please install psutil to have better support with spilling
C:\Users\admin\AppData\Roaming\TRAE SOLO CN\ModularData\ai-agent\vm\tools\python\Lib\site-packages\pyspark\python\lib\p
yspark.zip\pyspark\shuffle.py:65: UserWarning: Please install psutil to have better support with spilling

[Stage 831:==============>                                          (1 + 3) / 4]

[Stage 831:============================>                            (2 + 2) / 4]

[Stage 831:==========================================>              (3 + 1) / 4]

[bfs] round=26 new_pairs=937 cumulative=181692
                                                                                

[Stage 889:>                                                        (0 + 4) / 4]
C:\Users\admin\AppData\Roaming\TRAE SOLO CN\ModularData\ai-agent\vm\tools\python\Lib\site-packages\pyspark\python\lib\p
yspark.zip\pyspark\shuffle.py:65: UserWarning: Please install psutil to have better support with spilling
C:\Users\admin\AppData\Roaming\TRAE SOLO CN\ModularData\ai-agent\vm\tools\python\Lib\site-packages\pyspark\python\lib\p
yspark.zip\pyspark\shuffle.py:65: UserWarning: Please install psutil to have better support with spilling
C:\Users\admin\AppData\Roaming\TRAE SOLO CN\ModularData\ai-agent\vm\tools\python\Lib\site-packages\pyspark\python\lib\p
yspark.zip\pyspark\shuffle.py:65: UserWarning: Please install psutil to have better support with spilling
C:\Users\admin\AppData\Roaming\TRAE SOLO CN\ModularData\ai-agent\vm\tools\python\Lib\site-packages\pyspark\python\lib\p
yspark.zip\pyspark\shuffle.py:65: UserWarning: Please install psutil to have better support with spilling

[Stage 889:==============>                                          (1 + 3) / 4]

[Stage 889:==========================================>              (3 + 1) / 4]

[Stage 890:>                                                        (0 + 4) / 4]
C:\Users\admin\AppData\Roaming\TRAE SOLO CN\ModularData\ai-agent\vm\tools\python\Lib\site-packages\pyspark\python\lib\p
yspark.zip\pyspark\shuffle.py:65: UserWarning: Please install psutil to have better support with spilling
C:\Users\admin\AppData\Roaming\TRAE SOLO CN\ModularData\ai-agent\vm\tools\python\Lib\site-packages\pyspark\python\lib\p
yspark.zip\pyspark\shuffle.py:65: UserWarning: Please install psutil to have better support with spilling
C:\Users\admin\AppData\Roaming\TRAE SOLO CN\ModularData\ai-agent\vm\tools\python\Lib\site-packages\pyspark\python\lib\p
yspark.zip\pyspark\shuffle.py:65: UserWarning: Please install psutil to have better support with spilling
C:\Users\admin\AppData\Roaming\TRAE SOLO CN\ModularData\ai-agent\vm\tools\python\Lib\site-packages\pyspark\python\lib\p
yspark.zip\pyspark\shuffle.py:65: UserWarning: Please install psutil to have better support with spilling
C:\Users\admin\AppData\Roaming\TRAE SOLO CN\ModularData\ai-agent\vm\tools\python\Lib\site-packages\pyspark\python\lib\p
yspark.zip\pyspark\shuffle.py:65: UserWarning: Please install psutil to have better support with spilling
C:\Users\admin\AppData\Roaming\TRAE SOLO CN\ModularData\ai-agent\vm\tools\python\Lib\site-packages\pyspark\python\lib\p
yspark.zip\pyspark\shuffle.py:65: UserWarning: Please install psutil to have better support with spilling
C:\Users\admin\AppData\Roaming\TRAE SOLO CN\ModularData\ai-agent\vm\tools\python\Lib\site-packages\pyspark\python\lib\p
yspark.zip\pyspark\shuffle.py:65: UserWarning: Please install psutil to have better support with spilling
C:\Users\admin\AppData\Roaming\TRAE SOLO CN\ModularData\ai-agent\vm\tools\python\Lib\site-packages\pyspark\python\lib\p
yspark.zip\pyspark\shuffle.py:65: UserWarning: Please install psutil to have better support with spilling
C:\Users\admin\AppData\Roaming\TRAE SOLO CN\ModularData\ai-agent\vm\tools\python\Lib\site-packages\pyspark\python\lib\p
yspark.zip\pyspark\shuffle.py:65: UserWarning: Please install psutil to have better support with spilling
C:\Users\admin\AppData\Roaming\TRAE SOLO CN\ModularData\ai-agent\vm\tools\python\Lib\site-packages\pyspark\python\lib\p
yspark.zip\pyspark\shuffle.py:65: UserWarning: Please install psutil to have better support with spilling
C:\Users\admin\AppData\Roaming\TRAE SOLO CN\ModularData\ai-agent\vm\tools\python\Lib\site-packages\pyspark\python\lib\p
yspark.zip\pyspark\shuffle.py:65: UserWarning: Please install psutil to have better support with spilling
C:\Users\admin\AppData\Roaming\TRAE SOLO CN\ModularData\ai-agent\vm\tools\python\Lib\site-packages\pyspark\python\lib\p
yspark.zip\pyspark\shuffle.py:65: UserWarning: Please install psutil to have better support with spilling

[Stage 890:==============>                                          (1 + 3) / 4]

[Stage 890:============================>                            (2 + 2) / 4]

[bfs] round=27 new_pairs=792 cumulative=182484
                                                                                

[Stage 950:>                                                        (0 + 4) / 4]
C:\Users\admin\AppData\Roaming\TRAE SOLO CN\ModularData\ai-agent\vm\tools\python\Lib\site-packages\pyspark\python\lib\p
yspark.zip\pyspark\shuffle.py:65: UserWarning: Please install psutil to have better support with spilling
C:\Users\admin\AppData\Roaming\TRAE SOLO CN\ModularData\ai-agent\vm\tools\python\Lib\site-packages\pyspark\python\lib\p
yspark.zip\pyspark\shuffle.py:65: UserWarning: Please install psutil to have better support with spilling
C:\Users\admin\AppData\Roaming\TRAE SOLO CN\ModularData\ai-agent\vm\tools\python\Lib\site-packages\pyspark\python\lib\p
yspark.zip\pyspark\shuffle.py:65: UserWarning: Please install psutil to have better support with spilling
C:\Users\admin\AppData\Roaming\TRAE SOLO CN\ModularData\ai-agent\vm\tools\python\Lib\site-packages\pyspark\python\lib\p
yspark.zip\pyspark\shuffle.py:65: UserWarning: Please install psutil to have better support with spilling

[Stage 950:==============>                                          (1 + 3) / 4]

[Stage 950:==========================================>              (3 + 1) / 4]

[Stage 951:>                                                        (0 + 4) / 4]
C:\Users\admin\AppData\Roaming\TRAE SOLO CN\ModularData\ai-agent\vm\tools\python\Lib\site-packages\pyspark\python\lib\p
yspark.zip\pyspark\shuffle.py:65: UserWarning: Please install psutil to have better support with spilling
C:\Users\admin\AppData\Roaming\TRAE SOLO CN\ModularData\ai-agent\vm\tools\python\Lib\site-packages\pyspark\python\lib\p
yspark.zip\pyspark\shuffle.py:65: UserWarning: Please install psutil to have better support with spilling
C:\Users\admin\AppData\Roaming\TRAE SOLO CN\ModularData\ai-agent\vm\tools\python\Lib\site-packages\pyspark\python\lib\p
yspark.zip\pyspark\shuffle.py:65: UserWarning: Please install psutil to have better support with spilling
C:\Users\admin\AppData\Roaming\TRAE SOLO CN\ModularData\ai-agent\vm\tools\python\Lib\site-packages\pyspark\python\lib\p
yspark.zip\pyspark\shuffle.py:65: UserWarning: Please install psutil to have better support with spilling
C:\Users\admin\AppData\Roaming\TRAE SOLO CN\ModularData\ai-agent\vm\tools\python\Lib\site-packages\pyspark\python\lib\p
yspark.zip\pyspark\shuffle.py:65: UserWarning: Please install psutil to have better support with spilling
C:\Users\admin\AppData\Roaming\TRAE SOLO CN\ModularData\ai-agent\vm\tools\python\Lib\site-packages\pyspark\python\lib\p
yspark.zip\pyspark\shuffle.py:65: UserWarning: Please install psutil to have better support with spilling
C:\Users\admin\AppData\Roaming\TRAE SOLO CN\ModularData\ai-agent\vm\tools\python\Lib\site-packages\pyspark\python\lib\p
yspark.zip\pyspark\shuffle.py:65: UserWarning: Please install psutil to have better support with spilling
C:\Users\admin\AppData\Roaming\TRAE SOLO CN\ModularData\ai-agent\vm\tools\python\Lib\site-packages\pyspark\python\lib\p
yspark.zip\pyspark\shuffle.py:65: UserWarning: Please install psutil to have better support with spilling
C:\Users\admin\AppData\Roaming\TRAE SOLO CN\ModularData\ai-agent\vm\tools\python\Lib\site-packages\pyspark\python\lib\p
yspark.zip\pyspark\shuffle.py:65: UserWarning: Please install psutil to have better support with spilling
C:\Users\admin\AppData\Roaming\TRAE SOLO CN\ModularData\ai-agent\vm\tools\python\Lib\site-packages\pyspark\python\lib\p
yspark.zip\pyspark\shuffle.py:65: UserWarning: Please install psutil to have better support with spilling
C:\Users\admin\AppData\Roaming\TRAE SOLO CN\ModularData\ai-agent\vm\tools\python\Lib\site-packages\pyspark\python\lib\p
yspark.zip\pyspark\shuffle.py:65: UserWarning: Please install psutil to have better support with spilling
C:\Users\admin\AppData\Roaming\TRAE SOLO CN\ModularData\ai-agent\vm\tools\python\Lib\site-packages\pyspark\python\lib\p
yspark.zip\pyspark\shuffle.py:65: UserWarning: Please install psutil to have better support with spilling

[Stage 951:==============>                                          (1 + 3) / 4]

[Stage 951:============================>                            (2 + 2) / 4]

[Stage 951:==========================================>              (3 + 1) / 4]

[bfs] round=28 new_pairs=485 cumulative=182969
                                                                                

[Stage 1013:>                                                       (0 + 4) / 4]
C:\Users\admin\AppData\Roaming\TRAE SOLO CN\ModularData\ai-agent\vm\tools\python\Lib\site-packages\pyspark\python\lib\p
yspark.zip\pyspark\shuffle.py:65: UserWarning: Please install psutil to have better support with spilling
C:\Users\admin\AppData\Roaming\TRAE SOLO CN\ModularData\ai-agent\vm\tools\python\Lib\site-packages\pyspark\python\lib\p
yspark.zip\pyspark\shuffle.py:65: UserWarning: Please install psutil to have better support with spilling
C:\Users\admin\AppData\Roaming\TRAE SOLO CN\ModularData\ai-agent\vm\tools\python\Lib\site-packages\pyspark\python\lib\p
yspark.zip\pyspark\shuffle.py:65: UserWarning: Please install psutil to have better support with spilling
C:\Users\admin\AppData\Roaming\TRAE SOLO CN\ModularData\ai-agent\vm\tools\python\Lib\site-packages\pyspark\python\lib\p
yspark.zip\pyspark\shuffle.py:65: UserWarning: Please install psutil to have better support with spilling

[Stage 1013:==============>                                         (1 + 3) / 4]

[Stage 1013:============================>                           (2 + 2) / 4]

[Stage 1014:>                                                       (0 + 4) / 4]
C:\Users\admin\AppData\Roaming\TRAE SOLO CN\ModularData\ai-agent\vm\tools\python\Lib\site-packages\pyspark\python\lib\p
yspark.zip\pyspark\shuffle.py:65: UserWarning: Please install psutil to have better support with spilling
C:\Users\admin\AppData\Roaming\TRAE SOLO CN\ModularData\ai-agent\vm\tools\python\Lib\site-packages\pyspark\python\lib\p
yspark.zip\pyspark\shuffle.py:65: UserWarning: Please install psutil to have better support with spilling
C:\Users\admin\AppData\Roaming\TRAE SOLO CN\ModularData\ai-agent\vm\tools\python\Lib\site-packages\pyspark\python\lib\p
yspark.zip\pyspark\shuffle.py:65: UserWarning: Please install psutil to have better support with spilling
C:\Users\admin\AppData\Roaming\TRAE SOLO CN\ModularData\ai-agent\vm\tools\python\Lib\site-packages\pyspark\python\lib\p
yspark.zip\pyspark\shuffle.py:65: UserWarning: Please install psutil to have better support with spilling
C:\Users\admin\AppData\Roaming\TRAE SOLO CN\ModularData\ai-agent\vm\tools\python\Lib\site-packages\pyspark\python\lib\p
yspark.zip\pyspark\shuffle.py:65: UserWarning: Please install psutil to have better support with spilling
C:\Users\admin\AppData\Roaming\TRAE SOLO CN\ModularData\ai-agent\vm\tools\python\Lib\site-packages\pyspark\python\lib\p
yspark.zip\pyspark\shuffle.py:65: UserWarning: Please install psutil to have better support with spilling
C:\Users\admin\AppData\Roaming\TRAE SOLO CN\ModularData\ai-agent\vm\tools\python\Lib\site-packages\pyspark\python\lib\p
yspark.zip\pyspark\shuffle.py:65: UserWarning: Please install psutil to have better support with spilling
C:\Users\admin\AppData\Roaming\TRAE SOLO CN\ModularData\ai-agent\vm\tools\python\Lib\site-packages\pyspark\python\lib\p
yspark.zip\pyspark\shuffle.py:65: UserWarning: Please install psutil to have better support with spilling
C:\Users\admin\AppData\Roaming\TRAE SOLO CN\ModularData\ai-agent\vm\tools\python\Lib\site-packages\pyspark\python\lib\p
yspark.zip\pyspark\shuffle.py:65: UserWarning: Please install psutil to have better support with spilling
C:\Users\admin\AppData\Roaming\TRAE SOLO CN\ModularData\ai-agent\vm\tools\python\Lib\site-packages\pyspark\python\lib\p
yspark.zip\pyspark\shuffle.py:65: UserWarning: Please install psutil to have better support with spilling
C:\Users\admin\AppData\Roaming\TRAE SOLO CN\ModularData\ai-agent\vm\tools\python\Lib\site-packages\pyspark\python\lib\p
yspark.zip\pyspark\shuffle.py:65: UserWarning: Please install psutil to have better support with spilling
C:\Users\admin\AppData\Roaming\TRAE SOLO CN\ModularData\ai-agent\vm\tools\python\Lib\site-packages\pyspark\python\lib\p
yspark.zip\pyspark\shuffle.py:65: UserWarning: Please install psutil to have better support with spilling

[Stage 1014:==============>                                         (1 + 3) / 4]

[Stage 1014:============================>                           (2 + 2) / 4]

[bfs] round=29 new_pairs=262 cumulative=183231
                                                                                

[Stage 1078:>                                                       (0 + 4) / 4]
C:\Users\admin\AppData\Roaming\TRAE SOLO CN\ModularData\ai-agent\vm\tools\python\Lib\site-packages\pyspark\python\lib\p
yspark.zip\pyspark\shuffle.py:65: UserWarning: Please install psutil to have better support with spilling
C:\Users\admin\AppData\Roaming\TRAE SOLO CN\ModularData\ai-agent\vm\tools\python\Lib\site-packages\pyspark\python\lib\p
yspark.zip\pyspark\shuffle.py:65: UserWarning: Please install psutil to have better support with spilling
C:\Users\admin\AppData\Roaming\TRAE SOLO CN\ModularData\ai-agent\vm\tools\python\Lib\site-packages\pyspark\python\lib\p
yspark.zip\pyspark\shuffle.py:65: UserWarning: Please install psutil to have better support with spilling
C:\Users\admin\AppData\Roaming\TRAE SOLO CN\ModularData\ai-agent\vm\tools\python\Lib\site-packages\pyspark\python\lib\p
yspark.zip\pyspark\shuffle.py:65: UserWarning: Please install psutil to have better support with spilling

[Stage 1078:==============>                                         (1 + 3) / 4]

[Stage 1078:============================>                           (2 + 2) / 4]

[Stage 1079:>                                                       (0 + 4) / 4]
C:\Users\admin\AppData\Roaming\TRAE SOLO CN\ModularData\ai-agent\vm\tools\python\Lib\site-packages\pyspark\python\lib\p
yspark.zip\pyspark\shuffle.py:65: UserWarning: Please install psutil to have better support with spilling
C:\Users\admin\AppData\Roaming\TRAE SOLO CN\ModularData\ai-agent\vm\tools\python\Lib\site-packages\pyspark\python\lib\p
yspark.zip\pyspark\shuffle.py:65: UserWarning: Please install psutil to have better support with spilling
C:\Users\admin\AppData\Roaming\TRAE SOLO CN\ModularData\ai-agent\vm\tools\python\Lib\site-packages\pyspark\python\lib\p
yspark.zip\pyspark\shuffle.py:65: UserWarning: Please install psutil to have better support with spilling
C:\Users\admin\AppData\Roaming\TRAE SOLO CN\ModularData\ai-agent\vm\tools\python\Lib\site-packages\pyspark\python\lib\p
yspark.zip\pyspark\shuffle.py:65: UserWarning: Please install psutil to have better support with spilling
C:\Users\admin\AppData\Roaming\TRAE SOLO CN\ModularData\ai-agent\vm\tools\python\Lib\site-packages\pyspark\python\lib\p
yspark.zip\pyspark\shuffle.py:65: UserWarning: Please install psutil to have better support with spilling
C:\Users\admin\AppData\Roaming\TRAE SOLO CN\ModularData\ai-agent\vm\tools\python\Lib\site-packages\pyspark\python\lib\p
yspark.zip\pyspark\shuffle.py:65: UserWarning: Please install psutil to have better support with spilling
C:\Users\admin\AppData\Roaming\TRAE SOLO CN\ModularData\ai-agent\vm\tools\python\Lib\site-packages\pyspark\python\lib\p
yspark.zip\pyspark\shuffle.py:65: UserWarning: Please install psutil to have better support with spilling
C:\Users\admin\AppData\Roaming\TRAE SOLO CN\ModularData\ai-agent\vm\tools\python\Lib\site-packages\pyspark\python\lib\p
yspark.zip\pyspark\shuffle.py:65: UserWarning: Please install psutil to have better support with spilling
C:\Users\admin\AppData\Roaming\TRAE SOLO CN\ModularData\ai-agent\vm\tools\python\Lib\site-packages\pyspark\python\lib\p
yspark.zip\pyspark\shuffle.py:65: UserWarning: Please install psutil to have better support with spilling
C:\Users\admin\AppData\Roaming\TRAE SOLO CN\ModularData\ai-agent\vm\tools\python\Lib\site-packages\pyspark\python\lib\p
yspark.zip\pyspark\shuffle.py:65: UserWarning: Please install psutil to have better support with spilling
C:\Users\admin\AppData\Roaming\TRAE SOLO CN\ModularData\ai-agent\vm\tools\python\Lib\site-packages\pyspark\python\lib\p
yspark.zip\pyspark\shuffle.py:65: UserWarning: Please install psutil to have better support with spilling
C:\Users\admin\AppData\Roaming\TRAE SOLO CN\ModularData\ai-agent\vm\tools\python\Lib\site-packages\pyspark\python\lib\p
yspark.zip\pyspark\shuffle.py:65: UserWarning: Please install psutil to have better support with spilling

[Stage 1079:============================>                           (2 + 2) / 4]

[bfs] round=30 new_pairs=144 cumulative=183375
                                                                                

[Stage 1145:>                                                       (0 + 4) / 4]
C:\Users\admin\AppData\Roaming\TRAE SOLO CN\ModularData\ai-agent\vm\tools\python\Lib\site-packages\pyspark\python\lib\p
yspark.zip\pyspark\shuffle.py:65: UserWarning: Please install psutil to have better support with spilling
C:\Users\admin\AppData\Roaming\TRAE SOLO CN\ModularData\ai-agent\vm\tools\python\Lib\site-packages\pyspark\python\lib\p
yspark.zip\pyspark\shuffle.py:65: UserWarning: Please install psutil to have better support with spilling
C:\Users\admin\AppData\Roaming\TRAE SOLO CN\ModularData\ai-agent\vm\tools\python\Lib\site-packages\pyspark\python\lib\p
yspark.zip\pyspark\shuffle.py:65: UserWarning: Please install psutil to have better support with spilling
C:\Users\admin\AppData\Roaming\TRAE SOLO CN\ModularData\ai-agent\vm\tools\python\Lib\site-packages\pyspark\python\lib\p
yspark.zip\pyspark\shuffle.py:65: UserWarning: Please install psutil to have better support with spilling

[Stage 1145:==============>                                         (1 + 3) / 4]

[Stage 1146:>                                                       (0 + 4) / 4]
C:\Users\admin\AppData\Roaming\TRAE SOLO CN\ModularData\ai-agent\vm\tools\python\Lib\site-packages\pyspark\python\lib\p
yspark.zip\pyspark\shuffle.py:65: UserWarning: Please install psutil to have better support with spilling
C:\Users\admin\AppData\Roaming\TRAE SOLO CN\ModularData\ai-agent\vm\tools\python\Lib\site-packages\pyspark\python\lib\p
yspark.zip\pyspark\shuffle.py:65: UserWarning: Please install psutil to have better support with spilling
C:\Users\admin\AppData\Roaming\TRAE SOLO CN\ModularData\ai-agent\vm\tools\python\Lib\site-packages\pyspark\python\lib\p
yspark.zip\pyspark\shuffle.py:65: UserWarning: Please install psutil to have better support with spilling
C:\Users\admin\AppData\Roaming\TRAE SOLO CN\ModularData\ai-agent\vm\tools\python\Lib\site-packages\pyspark\python\lib\p
yspark.zip\pyspark\shuffle.py:65: UserWarning: Please install psutil to have better support with spilling
C:\Users\admin\AppData\Roaming\TRAE SOLO CN\ModularData\ai-agent\vm\tools\python\Lib\site-packages\pyspark\python\lib\p
yspark.zip\pyspark\shuffle.py:65: UserWarning: Please install psutil to have better support with spilling
C:\Users\admin\AppData\Roaming\TRAE SOLO CN\ModularData\ai-agent\vm\tools\python\Lib\site-packages\pyspark\python\lib\p
yspark.zip\pyspark\shuffle.py:65: UserWarning: Please install psutil to have better support with spilling
C:\Users\admin\AppData\Roaming\TRAE SOLO CN\ModularData\ai-agent\vm\tools\python\Lib\site-packages\pyspark\python\lib\p
yspark.zip\pyspark\shuffle.py:65: UserWarning: Please install psutil to have better support with spilling
C:\Users\admin\AppData\Roaming\TRAE SOLO CN\ModularData\ai-agent\vm\tools\python\Lib\site-packages\pyspark\python\lib\p
yspark.zip\pyspark\shuffle.py:65: UserWarning: Please install psutil to have better support with spilling
C:\Users\admin\AppData\Roaming\TRAE SOLO CN\ModularData\ai-agent\vm\tools\python\Lib\site-packages\pyspark\python\lib\p
yspark.zip\pyspark\shuffle.py:65: UserWarning: Please install psutil to have better support with spilling
C:\Users\admin\AppData\Roaming\TRAE SOLO CN\ModularData\ai-agent\vm\tools\python\Lib\site-packages\pyspark\python\lib\p
yspark.zip\pyspark\shuffle.py:65: UserWarning: Please install psutil to have better support with spilling
C:\Users\admin\AppData\Roaming\TRAE SOLO CN\ModularData\ai-agent\vm\tools\python\Lib\site-packages\pyspark\python\lib\p
yspark.zip\pyspark\shuffle.py:65: UserWarning: Please install psutil to have better support with spilling
C:\Users\admin\AppData\Roaming\TRAE SOLO CN\ModularData\ai-agent\vm\tools\python\Lib\site-packages\pyspark\python\lib\p
yspark.zip\pyspark\shuffle.py:65: UserWarning: Please install psutil to have better support with spilling

[Stage 1146:==============>                                         (1 + 3) / 4]

[Stage 1146:============================>                           (2 + 2) / 4]

[Stage 1146:==========================================>             (3 + 1) / 4]

[bfs] round=31 new_pairs=117 cumulative=183492
                                                                                

[Stage 1214:>                                                       (0 + 4) / 4]
C:\Users\admin\AppData\Roaming\TRAE SOLO CN\ModularData\ai-agent\vm\tools\python\Lib\site-packages\pyspark\python\lib\p
yspark.zip\pyspark\shuffle.py:65: UserWarning: Please install psutil to have better support with spilling
C:\Users\admin\AppData\Roaming\TRAE SOLO CN\ModularData\ai-agent\vm\tools\python\Lib\site-packages\pyspark\python\lib\p
yspark.zip\pyspark\shuffle.py:65: UserWarning: Please install psutil to have better support with spilling
C:\Users\admin\AppData\Roaming\TRAE SOLO CN\ModularData\ai-agent\vm\tools\python\Lib\site-packages\pyspark\python\lib\p
yspark.zip\pyspark\shuffle.py:65: UserWarning: Please install psutil to have better support with spilling
C:\Users\admin\AppData\Roaming\TRAE SOLO CN\ModularData\ai-agent\vm\tools\python\Lib\site-packages\pyspark\python\lib\p
yspark.zip\pyspark\shuffle.py:65: UserWarning: Please install psutil to have better support with spilling

[Stage 1214:==============>                                         (1 + 3) / 4]

[Stage 1215:>                                                       (0 + 4) / 4]
C:\Users\admin\AppData\Roaming\TRAE SOLO CN\ModularData\ai-agent\vm\tools\python\Lib\site-packages\pyspark\python\lib\p
yspark.zip\pyspark\shuffle.py:65: UserWarning: Please install psutil to have better support with spilling
C:\Users\admin\AppData\Roaming\TRAE SOLO CN\ModularData\ai-agent\vm\tools\python\Lib\site-packages\pyspark\python\lib\p
yspark.zip\pyspark\shuffle.py:65: UserWarning: Please install psutil to have better support with spilling
C:\Users\admin\AppData\Roaming\TRAE SOLO CN\ModularData\ai-agent\vm\tools\python\Lib\site-packages\pyspark\python\lib\p
yspark.zip\pyspark\shuffle.py:65: UserWarning: Please install psutil to have better support with spilling
C:\Users\admin\AppData\Roaming\TRAE SOLO CN\ModularData\ai-agent\vm\tools\python\Lib\site-packages\pyspark\python\lib\p
yspark.zip\pyspark\shuffle.py:65: UserWarning: Please install psutil to have better support with spilling
C:\Users\admin\AppData\Roaming\TRAE SOLO CN\ModularData\ai-agent\vm\tools\python\Lib\site-packages\pyspark\python\lib\p
yspark.zip\pyspark\shuffle.py:65: UserWarning: Please install psutil to have better support with spilling
C:\Users\admin\AppData\Roaming\TRAE SOLO CN\ModularData\ai-agent\vm\tools\python\Lib\site-packages\pyspark\python\lib\p
yspark.zip\pyspark\shuffle.py:65: UserWarning: Please install psutil to have better support with spilling
C:\Users\admin\AppData\Roaming\TRAE SOLO CN\ModularData\ai-agent\vm\tools\python\Lib\site-packages\pyspark\python\lib\p
yspark.zip\pyspark\shuffle.py:65: UserWarning: Please install psutil to have better support with spilling
C:\Users\admin\AppData\Roaming\TRAE SOLO CN\ModularData\ai-agent\vm\tools\python\Lib\site-packages\pyspark\python\lib\p
yspark.zip\pyspark\shuffle.py:65: UserWarning: Please install psutil to have better support with spilling
C:\Users\admin\AppData\Roaming\TRAE SOLO CN\ModularData\ai-agent\vm\tools\python\Lib\site-packages\pyspark\python\lib\p
yspark.zip\pyspark\shuffle.py:65: UserWarning: Please install psutil to have better support with spilling
C:\Users\admin\AppData\Roaming\TRAE SOLO CN\ModularData\ai-agent\vm\tools\python\Lib\site-packages\pyspark\python\lib\p
yspark.zip\pyspark\shuffle.py:65: UserWarning: Please install psutil to have better support with spilling
C:\Users\admin\AppData\Roaming\TRAE SOLO CN\ModularData\ai-agent\vm\tools\python\Lib\site-packages\pyspark\python\lib\p
yspark.zip\pyspark\shuffle.py:65: UserWarning: Please install psutil to have better support with spilling
C:\Users\admin\AppData\Roaming\TRAE SOLO CN\ModularData\ai-agent\vm\tools\python\Lib\site-packages\pyspark\python\lib\p
yspark.zip\pyspark\shuffle.py:65: UserWarning: Please install psutil to have better support with spilling

[Stage 1215:============================>                           (2 + 2) / 4]

[Stage 1215:==========================================>             (3 + 1) / 4]

[bfs] round=32 new_pairs=63 cumulative=183555
                                                                                

[Stage 1285:>                                                       (0 + 4) / 4]
C:\Users\admin\AppData\Roaming\TRAE SOLO CN\ModularData\ai-agent\vm\tools\python\Lib\site-packages\pyspark\python\lib\p
yspark.zip\pyspark\shuffle.py:65: UserWarning: Please install psutil to have better support with spilling
C:\Users\admin\AppData\Roaming\TRAE SOLO CN\ModularData\ai-agent\vm\tools\python\Lib\site-packages\pyspark\python\lib\p
yspark.zip\pyspark\shuffle.py:65: UserWarning: Please install psutil to have better support with spilling
C:\Users\admin\AppData\Roaming\TRAE SOLO CN\ModularData\ai-agent\vm\tools\python\Lib\site-packages\pyspark\python\lib\p
yspark.zip\pyspark\shuffle.py:65: UserWarning: Please install psutil to have better support with spilling
C:\Users\admin\AppData\Roaming\TRAE SOLO CN\ModularData\ai-agent\vm\tools\python\Lib\site-packages\pyspark\python\lib\p
yspark.zip\pyspark\shuffle.py:65: UserWarning: Please install psutil to have better support with spilling

[Stage 1285:==============>                                         (1 + 3) / 4]

[Stage 1286:>                                                       (0 + 4) / 4]
C:\Users\admin\AppData\Roaming\TRAE SOLO CN\ModularData\ai-agent\vm\tools\python\Lib\site-packages\pyspark\python\lib\p
yspark.zip\pyspark\shuffle.py:65: UserWarning: Please install psutil to have better support with spilling
C:\Users\admin\AppData\Roaming\TRAE SOLO CN\ModularData\ai-agent\vm\tools\python\Lib\site-packages\pyspark\python\lib\p
yspark.zip\pyspark\shuffle.py:65: UserWarning: Please install psutil to have better support with spilling
C:\Users\admin\AppData\Roaming\TRAE SOLO CN\ModularData\ai-agent\vm\tools\python\Lib\site-packages\pyspark\python\lib\p
yspark.zip\pyspark\shuffle.py:65: UserWarning: Please install psutil to have better support with spilling
C:\Users\admin\AppData\Roaming\TRAE SOLO CN\ModularData\ai-agent\vm\tools\python\Lib\site-packages\pyspark\python\lib\p
yspark.zip\pyspark\shuffle.py:65: UserWarning: Please install psutil to have better support with spilling
C:\Users\admin\AppData\Roaming\TRAE SOLO CN\ModularData\ai-agent\vm\tools\python\Lib\site-packages\pyspark\python\lib\p
yspark.zip\pyspark\shuffle.py:65: UserWarning: Please install psutil to have better support with spilling
C:\Users\admin\AppData\Roaming\TRAE SOLO CN\ModularData\ai-agent\vm\tools\python\Lib\site-packages\pyspark\python\lib\p
yspark.zip\pyspark\shuffle.py:65: UserWarning: Please install psutil to have better support with spilling
C:\Users\admin\AppData\Roaming\TRAE SOLO CN\ModularData\ai-agent\vm\tools\python\Lib\site-packages\pyspark\python\lib\p
yspark.zip\pyspark\shuffle.py:65: UserWarning: Please install psutil to have better support with spilling
C:\Users\admin\AppData\Roaming\TRAE SOLO CN\ModularData\ai-agent\vm\tools\python\Lib\site-packages\pyspark\python\lib\p
yspark.zip\pyspark\shuffle.py:65: UserWarning: Please install psutil to have better support with spilling
C:\Users\admin\AppData\Roaming\TRAE SOLO CN\ModularData\ai-agent\vm\tools\python\Lib\site-packages\pyspark\python\lib\p
yspark.zip\pyspark\shuffle.py:65: UserWarning: Please install psutil to have better support with spilling
C:\Users\admin\AppData\Roaming\TRAE SOLO CN\ModularData\ai-agent\vm\tools\python\Lib\site-packages\pyspark\python\lib\p
yspark.zip\pyspark\shuffle.py:65: UserWarning: Please install psutil to have better support with spilling
C:\Users\admin\AppData\Roaming\TRAE SOLO CN\ModularData\ai-agent\vm\tools\python\Lib\site-packages\pyspark\python\lib\p
yspark.zip\pyspark\shuffle.py:65: UserWarning: Please install psutil to have better support with spilling
C:\Users\admin\AppData\Roaming\TRAE SOLO CN\ModularData\ai-agent\vm\tools\python\Lib\site-packages\pyspark\python\lib\p
yspark.zip\pyspark\shuffle.py:65: UserWarning: Please install psutil to have better support with spilling

[Stage 1286:==============>                                         (1 + 3) / 4]

[Stage 1286:============================>                           (2 + 2) / 4]

[bfs] round=33 new_pairs=27 cumulative=183582
                                                                                

[Stage 1358:>                                                       (0 + 4) / 4]
C:\Users\admin\AppData\Roaming\TRAE SOLO CN\ModularData\ai-agent\vm\tools\python\Lib\site-packages\pyspark\python\lib\p
yspark.zip\pyspark\shuffle.py:65: UserWarning: Please install psutil to have better support with spilling
C:\Users\admin\AppData\Roaming\TRAE SOLO CN\ModularData\ai-agent\vm\tools\python\Lib\site-packages\pyspark\python\lib\p
yspark.zip\pyspark\shuffle.py:65: UserWarning: Please install psutil to have better support with spilling
C:\Users\admin\AppData\Roaming\TRAE SOLO CN\ModularData\ai-agent\vm\tools\python\Lib\site-packages\pyspark\python\lib\p
yspark.zip\pyspark\shuffle.py:65: UserWarning: Please install psutil to have better support with spilling
C:\Users\admin\AppData\Roaming\TRAE SOLO CN\ModularData\ai-agent\vm\tools\python\Lib\site-packages\pyspark\python\lib\p
yspark.zip\pyspark\shuffle.py:65: UserWarning: Please install psutil to have better support with spilling

[Stage 1358:==============>                                         (1 + 3) / 4]

[Stage 1358:============================>                           (2 + 2) / 4]

[Stage 1359:>                                                       (0 + 4) / 4]
C:\Users\admin\AppData\Roaming\TRAE SOLO CN\ModularData\ai-agent\vm\tools\python\Lib\site-packages\pyspark\python\lib\p
yspark.zip\pyspark\shuffle.py:65: UserWarning: Please install psutil to have better support with spilling
C:\Users\admin\AppData\Roaming\TRAE SOLO CN\ModularData\ai-agent\vm\tools\python\Lib\site-packages\pyspark\python\lib\p
yspark.zip\pyspark\shuffle.py:65: UserWarning: Please install psutil to have better support with spilling
C:\Users\admin\AppData\Roaming\TRAE SOLO CN\ModularData\ai-agent\vm\tools\python\Lib\site-packages\pyspark\python\lib\p
yspark.zip\pyspark\shuffle.py:65: UserWarning: Please install psutil to have better support with spilling
C:\Users\admin\AppData\Roaming\TRAE SOLO CN\ModularData\ai-agent\vm\tools\python\Lib\site-packages\pyspark\python\lib\p
yspark.zip\pyspark\shuffle.py:65: UserWarning: Please install psutil to have better support with spilling
C:\Users\admin\AppData\Roaming\TRAE SOLO CN\ModularData\ai-agent\vm\tools\python\Lib\site-packages\pyspark\python\lib\p
yspark.zip\pyspark\shuffle.py:65: UserWarning: Please install psutil to have better support with spilling
C:\Users\admin\AppData\Roaming\TRAE SOLO CN\ModularData\ai-agent\vm\tools\python\Lib\site-packages\pyspark\python\lib\p
yspark.zip\pyspark\shuffle.py:65: UserWarning: Please install psutil to have better support with spilling
C:\Users\admin\AppData\Roaming\TRAE SOLO CN\ModularData\ai-agent\vm\tools\python\Lib\site-packages\pyspark\python\lib\p
yspark.zip\pyspark\shuffle.py:65: UserWarning: Please install psutil to have better support with spilling
C:\Users\admin\AppData\Roaming\TRAE SOLO CN\ModularData\ai-agent\vm\tools\python\Lib\site-packages\pyspark\python\lib\p
yspark.zip\pyspark\shuffle.py:65: UserWarning: Please install psutil to have better support with spilling
C:\Users\admin\AppData\Roaming\TRAE SOLO CN\ModularData\ai-agent\vm\tools\python\Lib\site-packages\pyspark\python\lib\p
yspark.zip\pyspark\shuffle.py:65: UserWarning: Please install psutil to have better support with spilling
C:\Users\admin\AppData\Roaming\TRAE SOLO CN\ModularData\ai-agent\vm\tools\python\Lib\site-packages\pyspark\python\lib\p
yspark.zip\pyspark\shuffle.py:65: UserWarning: Please install psutil to have better support with spilling
C:\Users\admin\AppData\Roaming\TRAE SOLO CN\ModularData\ai-agent\vm\tools\python\Lib\site-packages\pyspark\python\lib\p
yspark.zip\pyspark\shuffle.py:65: UserWarning: Please install psutil to have better support with spilling
C:\Users\admin\AppData\Roaming\TRAE SOLO CN\ModularData\ai-agent\vm\tools\python\Lib\site-packages\pyspark\python\lib\p
yspark.zip\pyspark\shuffle.py:65: UserWarning: Please install psutil to have better support with spilling

[Stage 1359:==============>                                         (1 + 3) / 4]

[Stage 1359:============================>                           (2 + 2) / 4]

[Stage 1359:==========================================>             (3 + 1) / 4]

[bfs] 巨片内采样源=63 平均路径=11.093 直径估计=33
[kcore] max_core=12 核心圈 11 人，壳层分布 {0: 1245, 1: 1792, 2: 2108, 3: 2262, 4: 2342, 5: 2387, 6: 2458, 7: 2508, 8: 2576, 9: 2574, 10: 35, 11: 15, 12: 11}
[brandes] 核心子图 1000 节点，介数 Top5 = Chieko Baishō(0.0263), Tôri Matsuzaka(0.0173), Naomi Nishida(0.0169), Mieko Takamine(0.0167), Tsumasaburō Bandō(0.0105)
                                                                                
C:\Users\admin\AppData\Roaming\TRAE SOLO CN\ModularData\ai-agent\vm\tools\python\Lib\site-packages\pyspark\python\lib\p
yspark.zip\pyspark\shuffle.py:65: UserWarning: Please install psutil to have better support with spilling

[Stage 1434:>                                                       (0 + 4) / 4]
C:\Users\admin\AppData\Roaming\TRAE SOLO CN\ModularData\ai-agent\vm\tools\python\Lib\site-packages\pyspark\python\lib\p
yspark.zip\pyspark\shuffle.py:65: UserWarning: Please install psutil to have better support with spilling
C:\Users\admin\AppData\Roaming\TRAE SOLO CN\ModularData\ai-agent\vm\tools\python\Lib\site-packages\pyspark\python\lib\p
yspark.zip\pyspark\shuffle.py:65: UserWarning: Please install psutil to have better support with spilling
C:\Users\admin\AppData\Roaming\TRAE SOLO CN\ModularData\ai-agent\vm\tools\python\Lib\site-packages\pyspark\python\lib\p
yspark.zip\pyspark\shuffle.py:65: UserWarning: Please install psutil to have better support with spilling

[Stage 1434:==========================================>             (3 + 1) / 4]

[Stage 1435:>                                                       (0 + 4) / 4]
C:\Users\admin\AppData\Roaming\TRAE SOLO CN\ModularData\ai-agent\vm\tools\python\Lib\site-packages\pyspark\python\lib\p
yspark.zip\pyspark\shuffle.py:65: UserWarning: Please install psutil to have better support with spilling
C:\Users\admin\AppData\Roaming\TRAE SOLO CN\ModularData\ai-agent\vm\tools\python\Lib\site-packages\pyspark\python\lib\p
yspark.zip\pyspark\shuffle.py:65: UserWarning: Please install psutil to have better support with spilling
C:\Users\admin\AppData\Roaming\TRAE SOLO CN\ModularData\ai-agent\vm\tools\python\Lib\site-packages\pyspark\python\lib\p
yspark.zip\pyspark\shuffle.py:65: UserWarning: Please install psutil to have better support with spilling
C:\Users\admin\AppData\Roaming\TRAE SOLO CN\ModularData\ai-agent\vm\tools\python\Lib\site-packages\pyspark\python\lib\p
yspark.zip\pyspark\shuffle.py:65: UserWarning: Please install psutil to have better support with spilling
C:\Users\admin\AppData\Roaming\TRAE SOLO CN\ModularData\ai-agent\vm\tools\python\Lib\site-packages\pyspark\python\lib\p
yspark.zip\pyspark\shuffle.py:65: UserWarning: Please install psutil to have better support with spilling

[Stage 1436:>                                                       (0 + 4) / 4]
C:\Users\admin\AppData\Roaming\TRAE SOLO CN\ModularData\ai-agent\vm\tools\python\Lib\site-packages\pyspark\python\lib\p
yspark.zip\pyspark\shuffle.py:65: UserWarning: Please install psutil to have better support with spilling
C:\Users\admin\AppData\Roaming\TRAE SOLO CN\ModularData\ai-agent\vm\tools\python\Lib\site-packages\pyspark\python\lib\p
yspark.zip\pyspark\shuffle.py:65: UserWarning: Please install psutil to have better support with spilling
C:\Users\admin\AppData\Roaming\TRAE SOLO CN\ModularData\ai-agent\vm\tools\python\Lib\site-packages\pyspark\python\lib\p
yspark.zip\pyspark\shuffle.py:65: UserWarning: Please install psutil to have better support with spilling

[degree] max=92 Top1%度数份额=0.037 log-log斜率=-2.254
                                                                                

[Stage 1437:>                                                       (0 + 4) / 4]
C:\Users\admin\AppData\Roaming\TRAE SOLO CN\ModularData\ai-agent\vm\tools\python\Lib\site-packages\pyspark\python\lib\p
yspark.zip\pyspark\shuffle.py:65: UserWarning: Please install psutil to have better support with spilling
C:\Users\admin\AppData\Roaming\TRAE SOLO CN\ModularData\ai-agent\vm\tools\python\Lib\site-packages\pyspark\python\lib\p
yspark.zip\pyspark\shuffle.py:65: UserWarning: Please install psutil to have better support with spilling
C:\Users\admin\AppData\Roaming\TRAE SOLO CN\ModularData\ai-agent\vm\tools\python\Lib\site-packages\pyspark\python\lib\p
yspark.zip\pyspark\shuffle.py:65: UserWarning: Please install psutil to have better support with spilling
C:\Users\admin\AppData\Roaming\TRAE SOLO CN\ModularData\ai-agent\vm\tools\python\Lib\site-packages\pyspark\python\lib\p
yspark.zip\pyspark\shuffle.py:65: UserWarning: Please install psutil to have better support with spilling
C:\Users\admin\AppData\Roaming\TRAE SOLO CN\ModularData\ai-agent\vm\tools\python\Lib\site-packages\pyspark\python\lib\p
yspark.zip\pyspark\shuffle.py:65: UserWarning: Please install psutil to have better support with spilling

[Stage 1438:>                                                       (0 + 4) / 4]
C:\Users\admin\AppData\Roaming\TRAE SOLO CN\ModularData\ai-agent\vm\tools\python\Lib\site-packages\pyspark\python\lib\p
yspark.zip\pyspark\shuffle.py:65: UserWarning: Please install psutil to have better support with spilling
C:\Users\admin\AppData\Roaming\TRAE SOLO CN\ModularData\ai-agent\vm\tools\python\Lib\site-packages\pyspark\python\lib\p
yspark.zip\pyspark\shuffle.py:65: UserWarning: Please install psutil to have better support with spilling

[Stage 1438:============================>                           (2 + 2) / 4]
C:\Users\admin\AppData\Roaming\TRAE SOLO CN\ModularData\ai-agent\vm\tools\python\Lib\site-packages\pyspark\python\lib\p
yspark.zip\pyspark\shuffle.py:65: UserWarning: Please install psutil to have better support with spilling
C:\Users\admin\AppData\Roaming\TRAE SOLO CN\ModularData\ai-agent\vm\tools\python\Lib\site-packages\pyspark\python\lib\p
yspark.zip\pyspark\shuffle.py:65: UserWarning: Please install psutil to have better support with spilling

[Stage 1439:>                                                       (0 + 4) / 4]
C:\Users\admin\AppData\Roaming\TRAE SOLO CN\ModularData\ai-agent\vm\tools\python\Lib\site-packages\pyspark\python\lib\p
yspark.zip\pyspark\shuffle.py:65: UserWarning: Please install psutil to have better support with spilling
C:\Users\admin\AppData\Roaming\TRAE SOLO CN\ModularData\ai-agent\vm\tools\python\Lib\site-packages\pyspark\python\lib\p
yspark.zip\pyspark\shuffle.py:65: UserWarning: Please install psutil to have better support with spilling
C:\Users\admin\AppData\Roaming\TRAE SOLO CN\ModularData\ai-agent\vm\tools\python\Lib\site-packages\pyspark\python\lib\p
yspark.zip\pyspark\shuffle.py:65: UserWarning: Please install psutil to have better support with spilling

[Stage 1439:==========================================>             (3 + 1) / 4]

[Stage 1440:>                                                       (0 + 4) / 4]
C:\Users\admin\AppData\Roaming\TRAE SOLO CN\ModularData\ai-agent\vm\tools\python\Lib\site-packages\pyspark\python\lib\p
yspark.zip\pyspark\shuffle.py:65: UserWarning: Please install psutil to have better support with spilling
C:\Users\admin\AppData\Roaming\TRAE SOLO CN\ModularData\ai-agent\vm\tools\python\Lib\site-packages\pyspark\python\lib\p
yspark.zip\pyspark\shuffle.py:65: UserWarning: Please install psutil to have better support with spilling
C:\Users\admin\AppData\Roaming\TRAE SOLO CN\ModularData\ai-agent\vm\tools\python\Lib\site-packages\pyspark\python\lib\p
yspark.zip\pyspark\shuffle.py:65: UserWarning: Please install psutil to have better support with spilling
C:\Users\admin\AppData\Roaming\TRAE SOLO CN\ModularData\ai-agent\vm\tools\python\Lib\site-packages\pyspark\python\lib\p
yspark.zip\pyspark\shuffle.py:65: UserWarning: Please install psutil to have better support with spilling

[Stage 1440:==========================================>             (3 + 1) / 4]

                                                                                

[Stage 1441:>                                                       (0 + 4) / 4]
C:\Users\admin\AppData\Roaming\TRAE SOLO CN\ModularData\ai-agent\vm\tools\python\Lib\site-packages\pyspark\python\lib\p
yspark.zip\pyspark\shuffle.py:65: UserWarning: Please install psutil to have better support with spilling
C:\Users\admin\AppData\Roaming\TRAE SOLO CN\ModularData\ai-agent\vm\tools\python\Lib\site-packages\pyspark\python\lib\p
yspark.zip\pyspark\shuffle.py:65: UserWarning: Please install psutil to have better support with spilling
C:\Users\admin\AppData\Roaming\TRAE SOLO CN\ModularData\ai-agent\vm\tools\python\Lib\site-packages\pyspark\python\lib\p
yspark.zip\pyspark\shuffle.py:65: UserWarning: Please install psutil to have better support with spilling
C:\Users\admin\AppData\Roaming\TRAE SOLO CN\ModularData\ai-agent\vm\tools\python\Lib\site-packages\pyspark\python\lib\p
yspark.zip\pyspark\shuffle.py:65: UserWarning: Please install psutil to have better support with spilling

[Stage 1442:>                                                       (0 + 4) / 4]
C:\Users\admin\AppData\Roaming\TRAE SOLO CN\ModularData\ai-agent\vm\tools\python\Lib\site-packages\pyspark\python\lib\p
yspark.zip\pyspark\shuffle.py:65: UserWarning: Please install psutil to have better support with spilling
C:\Users\admin\AppData\Roaming\TRAE SOLO CN\ModularData\ai-agent\vm\tools\python\Lib\site-packages\pyspark\python\lib\p
yspark.zip\pyspark\shuffle.py:65: UserWarning: Please install psutil to have better support with spilling
C:\Users\admin\AppData\Roaming\TRAE SOLO CN\ModularData\ai-agent\vm\tools\python\Lib\site-packages\pyspark\python\lib\p
yspark.zip\pyspark\shuffle.py:65: UserWarning: Please install psutil to have better support with spilling

[Stage 1442:============================>                           (2 + 2) / 4]
C:\Users\admin\AppData\Roaming\TRAE SOLO CN\ModularData\ai-agent\vm\tools\python\Lib\site-packages\pyspark\python\lib\p
yspark.zip\pyspark\shuffle.py:65: UserWarning: Please install psutil to have better support with spilling

[Stage 1443:>                                                       (0 + 4) / 4]
C:\Users\admin\AppData\Roaming\TRAE SOLO CN\ModularData\ai-agent\vm\tools\python\Lib\site-packages\pyspark\python\lib\p
yspark.zip\pyspark\shuffle.py:65: UserWarning: Please install psutil to have better support with spilling
C:\Users\admin\AppData\Roaming\TRAE SOLO CN\ModularData\ai-agent\vm\tools\python\Lib\site-packages\pyspark\python\lib\p
yspark.zip\pyspark\shuffle.py:65: UserWarning: Please install psutil to have better support with spilling
C:\Users\admin\AppData\Roaming\TRAE SOLO CN\ModularData\ai-agent\vm\tools\python\Lib\site-packages\pyspark\python\lib\p
yspark.zip\pyspark\shuffle.py:65: UserWarning: Please install psutil to have better support with spilling

[Stage 1443:==========================================>             (3 + 1) / 4]
C:\Users\admin\AppData\Roaming\TRAE SOLO CN\ModularData\ai-agent\vm\tools\python\Lib\site-packages\pyspark\python\lib\p
yspark.zip\pyspark\shuffle.py:65: UserWarning: Please install psutil to have better support with spilling

[evolution] 1919~2026 累计合作对 110822（应≈110822）累计演员 22313
[out] sna_summary.json / degree_distribution.csv / evolution.csv / actor_sna_metrics.csv
[write] 演员 SNA 指标（三角/聚类/K壳/接近度）: 22313
[write] 介数中心性（核心子图）: 678
[done] SNA 分析完成
SUCCESS: The process with PID 33900 (child process of PID 32152) has been terminated.
SUCCESS: The process with PID 32152 (child process of PID 32976) has been terminated.
SUCCESS: The process with PID 32976 (child process of PID 38044) has been terminated.
                                                                                
