actorId,triangles,clusteringCoefficient,kshell,closeness,betweenness
nm0000051,36,1.0,9,0.0,
nm0000092,36,1.0,9,0.0,
nm0000096,36,1.0,9,0.0,
nm0000114,36,1.0,9,0.062315,
nm0000115,36,1.0,9,0.0,
nm0000126,36,1.0,9,0.0,
nm0000129,57,0.863636,8,0.0,
nm0000144,36,1.0,9,0.0,
nm0000146,36,1.0,9,0.0,
nm0000154,36,1.0,9,0.059211,
nm0000160,36,1.0,9,0.0,
nm0000161,36,1.0,9,0.0,
nm0000162,36,1.0,9,0.0,
nm0000169,36,1.0,9,0.0,
nm0000173,36,1.0,9,0.091971,
nm0000174,36,1.0,9,0.088112,
nm0000178,36,1.0,8,0.0,
nm0000182,36,1.0,9,0.062812,
nm0000185,72,0.470588,2,0.1,0.0
nm0000190,36,1.0,9,0.0,
nm0000194,36,1.0,9,0.0,
nm0000195,36,1.0,9,0.0,
nm0000198,36,1.0,9,0.0,
nm0000208,36,1.0,9,0.0,
nm0000215,36,1.0,9,0.0,
nm0000226,36,1.0,9,0.0,
nm0000227,72,0.470588,9,0.088112,0.0
nm0000228,36,1.0,9,0.0,
nm0000246,72,0.470588,1,0.105528,0.001067
nm0000276,36,1.0,9,0.0,
nm0000286,36,1.0,9,0.106599,
nm0000312,36,1.0,9,0.0,
nm0000317,36,1.0,9,0.066596,
nm0000329,72,0.470588,3,0.0,3.6e-05
nm0000334,36,1.0,9,0.0,
nm0000335,36,1.0,9,0.0,
nm0000339,36,1.0,9,0.0,
nm0000346,36,1.0,9,0.0,
nm0000353,36,1.0,9,0.0,
nm0000367,36,1.0,9,0.0,
nm0000376,36,1.0,8,0.062315,
nm0000377,36,1.0,9,0.081081,
nm0000391,36,1.0,9,0.0,
nm0000407,36,1.0,9,0.066386,
nm0000409,36,1.0,8,0.0,
nm0000410,72,0.470588,9,0.0,0.0
nm0000413,36,1.0,9,0.0,
nm0000420,36,1.0,9,0.0,
nm0000423,36,1.0,9,0.0,
nm0000430,108,0.307692,9,0.096774,0.000563
nm0000446,36,1.0,9,0.0,
nm0000448,36,1.0,9,0.068035,
nm0000449,36,1.0,9,0.096626,
nm0000452,36,1.0,9,0.0,
nm0000463,36,1.0,9,0.0,
nm0000483,36,1.0,9,0.0,
nm0000491,36,1.0,8,0.0,
nm0000514,72,0.470588,9,0.12426,0.003992
nm0000515,36,1.0,9,0.056808,
nm0000531,36,1.0,9,0.079646,
nm0000532,36,1.0,9,0.0,
nm0000538,36,1.0,9,0.0,
nm0000539,36,1.0,9,0.0,
nm0000553,36,1.0,9,0.0,
nm0000560,36,1.0,9,0.0,
nm0000574,72,0.470588,3,0.0,8e-06
nm0000576,36,1.0,9,0.0,
nm0000579,36,1.0,8,0.0,
nm0000585,36,1.0,9,0.0,
nm0000588,36,1.0,9,0.0,
nm0000593,36,1.0,9,0.0,
nm0000597,36,1.0,9,0.0,
nm0000609,57,0.863636,7,0.0,
nm0000616,216,0.150943,1,0.0,1.8e-05
nm0000620,36,1.0,9,0.0,
nm0000626,36,1.0,9,0.0,
nm0000638,36,1.0,9,0.0,
nm0000640,36,1.0,9,0.0,
nm0000641,36,1.0,9,0.0,
nm0000642,36,1.0,9,0.0,
nm0000651,36,1.0,8,0.0,
nm0000657,72,0.470588,9,0.086538,0.0
nm0000662,36,1.0,9,0.080873,
nm0000665,36,1.0,9,0.09633,
nm0000666,36,1.0,9,0.0,
nm0000673,36,1.0,9,0.0,
nm0000674,36,1.0,9,0.0,
nm0000680,72,0.470588,2,0.088112,0.000387
nm0000706,72,0.470588,9,0.066386,0.0
nm0000708,36,1.0,9,0.106239,
nm0000721,36,1.0,9,0.0,
nm0000729,72,0.470588,9,0.0,8e-05
nm0000732,36,1.0,9,0.0,
nm0000744,36,1.0,9,0.0,
nm0000800,72,0.470588,9,0.0,0.0
nm0000828,36,1.0,8,0.0,
nm0000838,36,1.0,8,0.0,
nm0000840,36,1.0,8,0.0,
nm0000849,36,1.0,8,0.0,
nm0000874,72,0.470588,9,0.0,0.0
nm0000936,36,1.0,9,0.0,
nm0000962,36,1.0,9,0.0,
nm0000968,36,1.0,8,0.062874,
nm0000982,36,1.0,7,0.0,
nm0001002,36,1.0,8,0.096626,
nm0001004,36,1.0,9,0.0,
nm0001036,36,1.0,9,0.0,
nm0001057,36,1.0,9,0.0,
nm0001074,36,1.0,9,0.0,
nm0001084,36,1.0,8,0.0,
nm0001089,57,0.863636,6,0.0,
nm0001108,72,0.470588,9,0.0,0.0
nm0001117,72,0.470588,9,0.0,2.2e-05
nm0001119,36,1.0,9,0.0,
nm0001132,36,1.0,8,0.0,
nm0001133,36,1.0,9,0.0,
nm0001156,36,1.0,9,0.058605,
nm0001159,36,1.0,8,0.0,
nm0001166,72,0.470588,1,0.0,6e-06
nm0001173,36,1.0,8,0.0,
nm0001194,36,1.0,9,0.0,
nm0001218,36,1.0,9,0.098901,
nm0001238,36,1.0,9,0.0,
nm0001251,36,1.0,9,0.066316,
nm0001272,36,1.0,9,0.0,
nm0001282,36,1.0,8,0.0,
nm0001283,36,1.0,8,0.058605,
nm0001287,36,1.0,7,0.0,
nm0001293,36,1.0,9,0.0,
nm0001298,72,0.470588,2,0.0,1.2e-05
nm0001314,72,0.470588,9,0.0,4e-06
nm0001329,36,1.0,8,0.0,
nm0001376,36,1.0,9,0.0,
nm0001426,36,1.0,9,0.062253,
nm0001427,36,1.0,8,0.0,
nm0001458,36,1.0,7,0.058605,
nm0001461,36,1.0,9,0.0,
nm0001507,36,1.0,7,0.062812,
nm0001530,36,1.0,9,0.0,
nm0001542,36,1.0,8,0.087989,
nm0001550,36,1.0,9,0.0,
nm0001575,72,0.470588,2,0.062253,0.0
nm0001577,36,1.0,7,0.0,
nm0001586,36,1.0,9,0.089235,
nm0001592,36,1.0,9,0.0,
nm0001595,72,0.470588,9,0.0,0.0
nm0001621,36,1.0,9,0.0,
nm0001625,36,1.0,9,0.0,
nm0001643,36,1.0,9,0.0,
nm0001671,36,1.0,9,0.0,
nm0001705,36,1.0,9,0.058769,
nm0001720,36,1.0,8,0.089235,
nm0001737,36,1.0,8,0.091971,
nm0001744,36,1.0,9,0.108808,
nm0001745,36,1.0,9,0.0,
nm0001758,72,0.470588,9,0.057117,0.0
nm0001763,36,1.0,9,0.0,
nm0001793,36,1.0,9,0.0,
nm0001803,72,0.470588,3,0.107877,0.000387
nm0001816,36,1.0,9,0.0,
nm0001826,36,1.0,6,0.0,
nm0001828,36,1.0,7,0.087989,
nm0001841,36,1.0,9,0.0,
nm0001848,36,1.0,9,0.0,
nm0001860,36,1.0,8,0.0,
nm0001882,36,1.0,8,0.059211,
nm0001929,36,1.0,9,0.0,
nm0001970,36,1.0,9,0.0,
nm0001971,36,1.0,9,0.080873,
nm0001983,36,1.0,8,0.0,
nm0001990,36,1.0,8,0.0,
nm0001995,36,1.0,6,0.058605,
nm0002003,36,1.0,9,0.0,
nm0002004,36,1.0,9,0.057117,
nm0002010,36,1.0,9,0.0,
nm0002019,36,1.0,9,0.0,
nm0002027,36,1.0,9,0.0,
nm0002062,36,1.0,9,0.077111,
nm0002090,36,1.0,9,0.0,
nm0002096,36,1.0,9,0.0,
nm0002111,36,1.0,5,0.058605,
nm0002246,36,1.0,9,0.0,
nm0002326,36,1.0,8,0.098746,
nm0002332,36,1.0,8,0.0,
nm0002350,36,1.0,9,0.073001,
nm0002517,36,1.0,9,0.0,
nm0002546,36,1.0,9,0.0,
nm0003030,36,1.0,9,0.06833,
nm0003115,36,1.0,9,0.091172,
nm0003116,36,1.0,8,0.0,
nm0003328,36,1.0,9,0.0,
nm0003409,36,1.0,9,0.0,
nm0003482,36,1.0,9,0.0,
nm0003578,36,1.0,9,0.0,
nm0003632,36,1.0,9,0.0,
nm0004030,36,1.0,9,0.0,
nm0004051,36,1.0,8,0.0,
nm0004109,36,1.0,9,0.122807,
nm0004266,36,1.0,9,0.0,
nm0004365,72,0.470588,9,0.0,0.0
nm0004380,36,1.0,8,0.0,
nm0004429,36,1.0,9,0.0,
nm0004469,36,1.0,9,0.110915,
nm0004539,36,1.0,9,0.086066,
nm0004569,36,1.0,9,0.125498,
nm0004645,36,1.0,9,0.0,
nm0004729,36,1.0,9,0.087866,
nm0004730,36,1.0,9,0.0,
nm0004739,36,1.0,9,0.0,
nm0004743,36,1.0,6,0.087989,
nm0004800,36,1.0,9,0.070234,
nm0004801,36,1.0,7,0.059211,
nm0004867,36,1.0,9,0.0,
nm0004898,36,1.0,9,0.055166,
nm0004904,36,1.0,9,0.113106,
nm0004906,36,1.0,8,0.0,
nm0004920,36,1.0,8,0.070234,
nm0004936,36,1.0,9,0.0,
nm0004937,36,1.0,8,0.080873,
nm0004975,36,1.0,8,0.087866,
nm0004979,72,0.470588,9,0.08129,0.0
nm0004991,36,1.0,9,0.0,
nm0005000,36,1.0,9,0.0,
nm0005013,36,1.0,9,0.0,
nm0005031,36,1.0,8,0.0,
nm0005033,72,0.470588,9,0.0,0.0
nm0005037,36,1.0,9,0.0,
nm0005039,36,1.0,8,0.0,
nm0005048,72,0.470588,9,0.0,6e-06
nm0005068,36,1.0,7,0.0,
nm0005107,36,1.0,6,0.062812,
nm0005125,36,1.0,9,0.0,
nm0005148,36,1.0,9,0.0,
nm0005171,72,0.470588,9,0.058333,0.0
nm0005216,72,0.470588,9,0.0,2.6e-05
nm0005224,36,1.0,8,0.0,
nm0005234,36,1.0,8,0.0,
nm0005236,36,1.0,9,0.0,
nm0005241,36,1.0,9,0.104651,
nm0005244,36,1.0,9,0.0,
nm0005246,93,0.442857,5,0.0,7.2e-05
nm0005253,36,1.0,8,0.0,
nm0005283,36,1.0,8,0.066316,
nm0005314,36,1.0,8,0.106239,
nm0005378,36,1.0,9,0.058605,
nm0005394,36,1.0,8,0.0,
nm0005403,36,1.0,9,0.0,
nm0005438,36,1.0,9,0.087744,
nm0005450,72,0.470588,3,0.062376,2.6e-05
nm0005510,36,1.0,8,0.0,
nm0005512,36,1.0,8,0.0,
nm0005522,36,1.0,9,0.0,
nm0005532,36,1.0,8,0.055166,
nm0005535,36,1.0,8,0.0,
nm0005541,36,1.0,7,0.0,
nm0006009,36,1.0,9,0.0,
nm0006663,36,1.0,9,0.0,
nm0006669,72,0.470588,7,0.0,0.0
nm0006763,36,1.0,8,0.122807,
nm0006764,36,1.0,9,0.11014,
nm0006770,36,1.0,9,0.110526,
nm0006801,36,1.0,9,0.065693,
nm0006820,36,1.0,9,0.0,
nm0007023,36,1.0,9,0.0,
nm0007102,36,1.0,9,0.124752,
nm0007106,36,1.0,9,0.103279,
nm0007123,36,1.0,9,0.117978,
nm0007124,72,0.470588,2,0.1121,0.000387
nm0007342,36,1.0,8,0.0,
nm0007545,36,1.0,9,0.0,
nm0007711,36,1.0,9,0.0,
nm0007759,36,1.0,9,0.0,
nm0008014,36,1.0,9,0.0,
nm0008090,72,0.529412,9,0.0,
nm0008124,36,1.0,9,0.0,
nm0008203,36,1.0,9,0.0,
nm0008354,72,0.529412,9,0.0,
nm0008416,36,1.0,9,0.0,
nm0008690,36,1.0,9,0.0,
nm0008704,119,0.396667,10,0.0,2e-05
nm0008713,73,0.477124,4,0.129363,0.000144
nm0008739,36,1.0,9,0.0,
nm0009334,36,1.0,9,0.0,
nm0009352,36,1.0,9,0.0,
nm0009496,36,1.0,9,0.0,
nm0009629,36,1.0,8,0.0,
nm0010157,36,1.0,9,0.0,
nm0010207,36,1.0,9,0.0,
nm0010355,36,1.0,9,0.0,
nm0010611,36,1.0,9,0.0,
nm0010736,36,1.0,8,0.0,
nm0010837,36,1.0,8,0.0,
nm0011589,36,1.0,9,0.0,
nm0011775,36,1.0,9,0.0,
nm0011882,36,1.0,7,0.0,
nm0012078,72,0.470588,9,0.0,0.0
nm0012178,36,1.0,8,0.0,
nm0012748,36,1.0,9,0.0,
nm0012881,72,0.470588,5,0.132632,0.00667
nm0012915,36,1.0,9,0.0,
nm0012916,36,1.0,9,0.0,
nm0013542,36,1.0,9,0.0,
nm0013793,36,1.0,9,0.0,
nm0013833,36,1.0,9,0.0,
nm0014102,72,0.470588,9,0.0,0.0
nm0014122,36,1.0,9,0.0,
nm0014141,72,0.470588,9,0.065489,0.0
nm0014247,36,1.0,9,0.0,
nm0014417,92,0.676471,10,0.0,
nm0014620,36,1.0,9,0.0,
nm0014629,36,1.0,9,0.0,
nm0014954,36,1.0,9,0.0,
nm0014955,110,0.366667,9,0.0,0.00018
nm0015001,36,1.0,9,0.114545,
nm0015003,36,1.0,9,0.0,
nm0015033,36,1.0,9,0.0,
nm0015110,72,0.470588,7,0.0,0.000235
nm0015145,36,1.0,9,0.0,
nm0015164,72,0.529412,9,0.0,
nm0015176,198,0.219269,9,0.0,0.000833
nm0015196,36,1.0,8,0.0,
nm0015417,76,0.496732,9,0.0,0.001392
nm0015440,36,1.0,9,0.0,
nm0015651,36,1.0,9,0.0,
nm0015663,36,1.0,9,0.0,
nm0015764,36,1.0,9,0.0,
nm0015846,36,1.0,9,0.0,
nm0016321,36,1.0,9,0.0,
nm0016689,36,1.0,8,0.0,
nm0016852,36,1.0,9,0.0,
nm0016941,36,1.0,9,0.0,
nm0017332,36,1.0,9,0.0,
nm0017343,36,1.0,7,0.0,
nm0017868,62,0.794872,9,0.110915,
nm0018080,36,1.0,9,0.0,
nm0018203,74,0.544118,5,0.12233,
nm0019027,36,1.0,9,0.0,
nm0019271,36,1.0,9,0.0,
nm0019382,36,1.0,8,0.110526,
nm0019455,36,1.0,9,0.0,
nm0019489,36,1.0,9,0.0,
nm0019741,36,1.0,9,0.0,
nm0019815,36,1.0,8,0.0,
nm0019994,36,1.0,9,0.0,
nm0020281,36,1.0,7,0.0,
nm0020739,72,0.470588,9,0.0,0.0
nm0021373,36,1.0,9,0.0,
nm0021607,36,1.0,9,0.0,
nm0021734,36,1.0,9,0.0,
nm0022094,36,1.0,9,0.0,
nm0022134,36,1.0,9,0.0,
nm0022764,36,1.0,8,0.0,
nm0022883,36,1.0,9,0.0,
nm0022993,36,1.0,9,0.048951,
nm0023097,36,1.0,9,0.115385,
nm0023205,36,1.0,9,0.0,
nm0023266,36,1.0,8,0.0,
nm0023697,36,1.0,7,0.0,
nm0023715,36,1.0,9,0.0,
nm0023913,36,1.0,9,0.0,
nm0023914,36,1.0,9,0.0,
nm0023979,36,1.0,9,0.0,
nm0024032,115,0.327635,10,0.0,3.3e-05
nm0024188,36,1.0,9,0.0,
nm0024869,36,1.0,9,0.0,
nm0024908,36,1.0,9,0.0,
nm0024910,36,1.0,9,0.0,
nm0025193,36,1.0,9,0.0,
nm0025459,36,1.0,9,0.0,
nm0025625,36,1.0,9,0.104305,
nm0025654,72,0.529412,9,0.121622,
nm0025879,36,1.0,9,0.0,
nm0027558,36,1.0,8,0.0,
nm0027984,36,1.0,8,0.0,
nm0028007,72,0.470588,9,0.0,0.0
nm0028059,36,1.0,9,0.0,
nm0028222,36,1.0,7,0.0,
nm0028286,36,1.0,9,0.0,
nm0029023,36,1.0,9,0.0,
nm0029671,36,1.0,9,0.0,
nm0029695,36,1.0,9,0.0,
nm0029771,36,1.0,9,0.0,
nm0030022,36,1.0,8,0.0,
nm0030135,36,1.0,9,0.0,
nm0030214,36,1.0,9,0.0,
nm0030278,36,1.0,9,0.0,
nm0030280,72,0.470588,6,0.12426,5.6e-05
nm0030329,36,1.0,9,0.0,
nm0031216,36,1.0,9,0.0,
nm0031524,36,1.0,9,0.0,
nm0031590,36,1.0,9,0.0,
nm0031741,36,1.0,9,0.0,
nm0031818,72,0.529412,9,0.0,
nm0031844,36,1.0,9,0.0,
nm0031976,36,1.0,7,0.0,
nm0032108,36,1.0,9,0.083444,
nm0032633,36,1.0,9,0.0,
nm0032669,36,1.0,9,0.0,
nm0032737,72,0.470588,9,0.05417,0.0
nm0032794,36,1.0,9,0.051429,
nm0032894,36,1.0,9,0.0,
nm0032900,279,0.227755,3,0.0,0.002546
nm0032955,36,1.0,8,0.0,
nm0033133,36,1.0,9,0.0,
nm0033136,153,0.351724,11,0.0,0.001
nm0033152,36,1.0,9,0.0,
nm0033389,36,1.0,9,0.0,
nm0033505,36,1.0,9,0.0,
nm0033843,36,1.0,8,0.0,
nm0034315,72,0.470588,9,0.0,0.0
nm0034330,36,1.0,9,0.0,
nm0034725,36,1.0,9,0.0,
nm0034782,36,1.0,9,0.0,
nm0034804,36,1.0,8,0.0,
nm0034836,36,1.0,9,0.0,
nm0034877,108,0.307692,9,0.0,0.0
nm0034884,36,1.0,9,0.0,
nm0034953,36,1.0,9,0.0,
nm0035082,36,1.0,6,0.0,
nm0035250,36,1.0,9,0.0,
nm0035280,36,1.0,9,0.0,
nm0035395,36,1.0,8,0.0,
nm0036024,36,1.0,9,0.0,
nm0036109,36,1.0,7,0.0,
nm0036237,36,1.0,9,0.0,
nm0036427,36,1.0,6,0.0,
nm0036575,36,1.0,9,0.0,
nm0036873,36,1.0,9,0.0,
nm0037425,36,1.0,9,0.0,
nm0037459,36,1.0,8,0.051429,
nm0037490,36,1.0,8,0.0,
nm0037721,36,1.0,8,0.0,
nm0038167,36,1.0,9,0.0,
nm0038324,36,1.0,9,0.0,
nm0038336,36,1.0,9,0.0,
nm0038351,36,1.0,9,0.0,
nm0038367,36,1.0,7,0.0,
nm0038377,36,1.0,9,0.0,
nm0038449,36,1.0,9,0.0,
nm0038951,74,0.48366,6,0.0,0.000133
nm0038960,75,0.490196,4,0.0,7e-06
nm0039148,36,1.0,7,0.0,
nm0039168,36,1.0,9,0.0,
nm0039203,36,1.0,9,0.0,
nm0039226,36,1.0,7,0.0,
nm0039327,72,0.470588,1,0.0,0.0
nm0039591,36,1.0,9,0.0,
nm0039596,72,0.470588,6,0.12069,0.000114
nm0039746,36,1.0,9,0.0,
nm0039788,36,1.0,9,0.0,
nm0039906,36,1.0,9,0.0,
nm0040366,36,1.0,9,0.0,
nm0040545,36,1.0,9,0.0,
nm0040857,36,1.0,9,0.0,
nm0040910,36,1.0,9,0.0,
nm0041103,36,1.0,9,0.0,
nm0041219,36,1.0,9,0.0,
nm0041308,36,1.0,8,0.0,
nm0041316,36,1.0,9,0.0,
nm0041339,36,1.0,9,0.0,
nm0041528,36,1.0,9,0.0,
nm0042144,36,1.0,8,0.0,
nm0043199,36,1.0,9,0.125498,
nm0043268,36,1.0,9,0.0,
nm0043395,36,1.0,9,0.0,
nm0043396,36,1.0,9,0.0,
nm0043678,36,1.0,9,0.0,
nm0043766,72,0.470588,9,0.0,0.0
nm0044082,36,1.0,9,0.0,
nm0044245,36,1.0,8,0.0,
nm0044293,36,1.0,9,0.0,
nm0044445,72,0.529412,9,0.0,
nm0044452,36,1.0,9,0.0,
nm0044455,293,0.212627,12,0.0,0.010009
nm0044463,36,1.0,9,0.0,
nm0044467,181,0.220732,6,0.0,0.00093
nm0044729,36,1.0,9,0.0,
nm0044762,72,0.470588,2,0.077111,0.000387
nm0045119,36,1.0,9,0.0,
nm0045331,36,1.0,9,0.0,
nm0045393,36,1.0,9,0.104132,
nm0045489,36,1.0,9,0.070156,
nm0045791,36,1.0,8,0.0,
nm0046217,36,1.0,8,0.0,
nm0046277,36,1.0,9,0.0,
nm0046424,36,1.0,9,0.0,
nm0046522,36,1.0,9,0.0,
nm0046532,36,1.0,9,0.0,
nm0046541,36,1.0,8,0.0,
nm0046619,36,1.0,9,0.0,
nm0046977,36,1.0,8,0.0,
nm0047011,36,1.0,9,0.0,
nm0047270,36,1.0,9,0.0,
nm0047624,36,1.0,9,0.0,
nm0047795,36,1.0,9,0.0,
nm0047962,108,0.307692,7,0.0,0.026319
nm0047987,36,1.0,9,0.0,
nm0048081,72,0.470588,9,0.0,0.0
nm0048121,36,1.0,9,0.0,
nm0048250,36,1.0,8,0.0,
nm0049315,36,1.0,9,0.0,
nm0049346,36,1.0,9,0.0,
nm0049665,36,1.0,8,0.0,
nm0050698,36,1.0,9,0.0,
nm0050983,36,1.0,9,0.0,
nm0051224,36,1.0,9,0.0,
nm0051302,36,1.0,7,0.0,
nm0051345,36,1.0,9,0.0,
nm0051397,36,1.0,8,0.0,
nm0051502,144,0.256684,9,0.0,0.002121
nm0051761,36,1.0,9,0.0,
nm0051765,618,0.147635,12,0.0,0.010524
nm0051784,72,0.470588,9,0.0,0.0
nm0051812,72,0.529412,9,0.0,
nm0051822,36,1.0,9,0.0,
nm0051856,36,1.0,9,0.106239,
nm0052455,36,1.0,8,0.0,
nm0052491,36,1.0,9,0.0,
nm0052532,36,1.0,9,0.126761,
nm0053257,36,1.0,9,0.0,
nm0053519,36,1.0,8,0.083444,
nm0054214,36,1.0,9,0.060345,
nm0055185,36,1.0,9,0.0,
nm0055264,36,1.0,9,0.0,
nm0055362,36,1.0,9,0.0,
nm0055682,36,1.0,9,0.0,
nm0056271,36,1.0,8,0.0,
nm0056333,36,1.0,7,0.051429,
nm0056770,36,1.0,6,0.0,
nm0056817,36,1.0,9,0.0,
nm0056948,36,1.0,9,0.0,
nm0057776,36,1.0,9,0.0,
nm0057843,36,1.0,9,0.0,
nm0058537,36,1.0,9,0.0,
nm0059303,36,1.0,9,0.064286,
nm0059461,98,0.424242,8,0.111111,0.0
nm0059824,36,1.0,9,0.0,
nm0059935,36,1.0,9,0.0,
nm0060544,36,1.0,9,0.081395,
nm0060934,36,1.0,9,0.0,
nm0061877,36,1.0,8,0.0,
nm0062098,72,0.470588,9,0.061825,4e-06
nm0062509,36,1.0,9,0.0,
nm0062540,72,0.470588,3,0.0,0.0
nm0062568,36,1.0,9,0.106961,
nm0063205,36,1.0,9,0.0,
nm0063387,72,0.470588,9,0.0,0.0
nm0064933,36,1.0,7,0.0,
nm0066075,36,1.0,9,0.103618,
nm0066080,36,1.0,9,0.0,
nm0066093,36,1.0,9,0.0,
nm0066583,36,1.0,9,0.0,
nm0066763,36,1.0,9,0.0,
nm0066827,71,0.591667,8,0.0,
nm0067697,36,1.0,9,0.0,
nm0068959,36,1.0,9,0.0,
nm0069168,36,1.0,9,0.0,
nm0069580,36,1.0,9,0.0,
nm0069871,36,1.0,8,0.0,
nm0069898,36,1.0,9,0.0,
nm0069974,36,1.0,7,0.0,
nm0069994,36,1.0,9,0.0,
nm0070123,36,1.0,8,0.0,
nm0070571,36,1.0,8,0.0,
nm0070771,36,1.0,9,0.0,
nm0071024,36,1.0,8,0.0,
nm0071044,108,0.307692,1,0.0,0.0
nm0071416,36,1.0,8,0.0,
nm0072610,36,1.0,9,0.0,
nm0072910,36,1.0,9,0.0,
nm0073426,36,1.0,9,0.09403,
nm0074053,36,1.0,9,0.0,
nm0075359,72,0.470588,1,0.0,0.0
nm0075616,36,1.0,9,0.070156,
nm0075710,36,1.0,9,0.0,
nm0076482,36,1.0,9,0.0,
nm0076780,36,1.0,9,0.0,
nm0076889,36,1.0,8,0.0,
nm0077257,36,1.0,9,0.0,
nm0077811,36,1.0,9,0.0,
nm0078209,36,1.0,9,0.0,
nm0078664,36,1.0,9,0.0,
nm0078800,36,1.0,8,0.0,
nm0079451,72,0.470588,2,0.073171,0.0
nm0079890,36,1.0,9,0.0,
nm0080180,108,0.307692,9,0.130165,0.000671
nm0080238,72,0.470588,9,0.121622,0.0
nm0080248,72,0.470588,9,0.12233,0.000132
nm0080333,36,1.0,9,0.0,
nm0080352,36,1.0,9,0.110915,
nm0080426,72,0.470588,9,0.101449,0.0
nm0080438,36,1.0,9,0.0,
nm0080900,36,1.0,9,0.0,
nm0080925,36,1.0,8,0.0,
nm0080968,36,1.0,9,0.0,
nm0081070,36,1.0,8,0.073001,
nm0081175,36,1.0,9,0.0,
nm0081457,36,1.0,8,0.0,
nm0082052,72,0.470588,9,0.0,4e-06
nm0082212,36,1.0,9,0.0,
nm0082731,36,1.0,9,0.0,
nm0082848,36,1.0,9,0.0,
nm0082897,36,1.0,9,0.0,
nm0082979,36,1.0,8,0.0,
nm0083714,36,1.0,6,0.0,
nm0083795,36,1.0,9,0.0,
nm0084241,36,1.0,9,0.0,
nm0084270,36,1.0,9,0.0,
nm0084443,36,1.0,8,0.126761,
nm0084581,36,1.0,9,0.0,
nm0084908,36,1.0,9,0.075269,
nm0085611,36,1.0,9,0.0,
nm0085837,72,0.470588,9,0.0,0.0
nm0085997,36,1.0,9,0.088359,
nm0086134,36,1.0,9,0.0,
nm0086301,36,1.0,7,0.0,
nm0087018,36,1.0,8,0.0,
nm0087281,36,1.0,8,0.0,
nm0087787,36,1.0,8,0.0,
nm0087807,36,1.0,8,0.0,
nm0089597,36,1.0,9,0.0,
nm0089707,36,1.0,9,0.0,
nm0090085,36,1.0,7,0.0,
nm0090236,36,1.0,9,0.0,
nm0090353,36,1.0,9,0.0,
nm0090487,36,1.0,9,0.0,
nm0090965,36,1.0,9,0.0,
nm0091505,36,1.0,9,0.0,
nm0091688,36,1.0,9,0.0,
nm0091931,36,1.0,9,0.07563,
nm0092118,36,1.0,9,0.0,
nm0092314,36,1.0,7,0.0,
nm0092348,36,1.0,9,0.0,
nm0092608,36,1.0,9,0.06409,
nm0093199,36,1.0,9,0.0,
nm0093209,36,1.0,8,0.0,
nm0093210,36,1.0,7,0.0,
nm0093294,36,1.0,9,0.0,
nm0093671,36,1.0,9,0.0,
nm0093872,36,1.0,9,0.0,
nm0094170,72,0.470588,9,0.099526,0.002636
nm0094746,36,1.0,9,0.0,
nm0095308,36,1.0,9,0.0,
nm0095465,36,1.0,9,0.0,
nm0095696,36,1.0,9,0.0,
nm0095971,36,1.0,8,0.0,
nm0097088,36,1.0,9,0.0,
nm0098284,36,1.0,9,0.0,
nm0098388,36,1.0,9,0.0,
nm0098524,36,1.0,9,0.0,
nm0099521,36,1.0,8,0.0,
nm0099560,36,1.0,8,0.0,
nm0099561,36,1.0,7,0.0,
nm0100263,36,1.0,9,0.0,
nm0100333,36,1.0,8,0.0,
nm0100343,36,1.0,7,0.0,
nm0100460,36,1.0,9,0.073001,
nm0100492,36,1.0,9,0.0,
nm0100653,36,1.0,9,0.0,
nm0100889,36,1.0,8,0.088112,
nm0101005,36,1.0,6,0.0,
nm0101198,36,1.0,7,0.0,
nm0101248,36,1.0,7,0.0,
nm0101400,36,1.0,9,0.06833,
nm0101558,36,1.0,8,0.0,
nm0101880,36,1.0,9,0.0,
nm0101997,36,1.0,9,0.095455,
nm0102410,36,1.0,8,0.0,
nm0102502,36,1.0,9,0.0,
nm0103852,36,1.0,8,0.075269,
nm0103976,108,0.307692,3,0.134904,0.000652
nm0105013,36,1.0,8,0.0,
nm0105937,36,1.0,9,0.0,
nm0105984,36,1.0,9,0.0,
nm0106169,36,1.0,9,0.0,
nm0107101,36,1.0,9,0.0,
nm0107165,36,1.0,9,0.0,
nm0107285,36,1.0,9,0.0,
nm0107531,36,1.0,8,0.073001,
nm0107573,36,1.0,6,0.0,
nm0107792,36,1.0,9,0.0,
nm0108287,36,1.0,8,0.066386,
nm0108431,36,1.0,9,0.0,
nm0108509,36,1.0,9,0.0,
nm0108637,36,1.0,8,0.0,
nm0108820,36,1.0,9,0.0,
nm0109140,36,1.0,7,0.0,
nm0109878,36,1.0,9,0.0,
nm0109944,36,1.0,9,0.0,
nm0110336,36,1.0,6,0.0,
nm0111002,36,1.0,9,0.068478,
nm0111013,36,1.0,8,0.066596,
nm0111498,36,1.0,8,0.0,
nm0112001,36,1.0,9,0.095455,
nm0112043,36,1.0,7,0.0,
nm0112811,36,1.0,8,0.0,
nm0112932,36,1.0,8,0.087744,
nm0113508,36,1.0,8,0.0,
nm0114216,36,1.0,9,0.0,
nm0115161,36,1.0,9,0.0,
nm0115415,36,1.0,6,0.0,
nm0115711,36,1.0,9,0.0,
nm0116178,36,1.0,9,0.0,
nm0116197,36,1.0,9,0.0,
nm0116670,36,1.0,8,0.0,
nm0117369,36,1.0,8,0.0,
nm0117697,36,1.0,8,0.0,
nm0117721,36,1.0,9,0.0,
nm0117763,36,1.0,9,0.063959,
nm0118345,36,1.0,8,0.0,
nm0118600,36,1.0,8,0.0,
nm0119144,36,1.0,7,0.0,
nm0119193,36,1.0,9,0.0,
nm0119234,36,1.0,9,0.0,
nm0119711,36,1.0,9,0.0,
nm0119870,36,1.0,9,0.0,
nm0120648,36,1.0,9,0.0,
nm0120698,36,1.0,6,0.0,
nm0121225,36,1.0,8,0.0,
nm0121529,36,1.0,8,0.0,
nm0121805,36,1.0,7,0.0,
nm0122834,36,1.0,7,0.0,
nm0123699,36,1.0,6,0.0,
nm0125166,36,1.0,9,0.0,
nm0125211,36,1.0,8,0.0,
nm0125553,36,1.0,7,0.0,
nm0126070,36,1.0,8,0.080873,
nm0126284,36,1.0,9,0.0,
nm0126298,36,1.0,9,0.0,
nm0126606,36,1.0,7,0.0,
nm0126744,36,1.0,9,0.0,
nm0127150,36,1.0,9,0.0,
nm0127656,36,1.0,6,0.0,
nm0128028,36,1.0,9,0.0,
nm0129227,36,1.0,7,0.0,
nm0129464,36,1.0,7,0.073001,
nm0129648,36,1.0,8,0.0,
nm0129812,36,1.0,9,0.058659,
nm0130429,36,1.0,9,0.060461,
nm0130536,36,1.0,7,0.089362,
nm0130736,36,1.0,8,0.088359,
nm0130794,36,1.0,5,0.0,
nm0131829,36,1.0,9,0.0,
nm0133452,36,1.0,9,0.0,
nm0133713,36,1.0,7,0.0,
nm0134016,36,1.0,9,0.0,
nm0134435,36,1.0,9,0.0,
nm0135039,36,1.0,9,0.0,
nm0135047,36,1.0,8,0.0,
nm0135574,36,1.0,9,0.0,
nm0135584,36,1.0,8,0.0,
nm0135929,36,1.0,7,0.0,
nm0136036,36,1.0,9,0.0,
nm0137468,36,1.0,9,0.0,
nm0137849,36,1.0,9,0.0,
nm0138067,36,1.0,8,0.0,
nm0138120,36,1.0,9,0.0,
nm0138371,36,1.0,7,0.088112,
nm0139057,36,1.0,8,0.0,
nm0139175,72,0.470588,9,0.09633,0.0
nm0139255,36,1.0,6,0.0,
nm0139528,36,1.0,9,0.0,
nm0139568,36,1.0,9,0.0,
nm0139673,36,1.0,9,0.0,
nm0139936,36,1.0,8,0.0,
nm0140060,36,1.0,9,0.0,
nm0140755,36,1.0,9,0.0,
nm0141140,36,1.0,8,0.0,
nm0141143,36,1.0,8,0.0,
nm0142410,36,1.0,9,0.0,
nm0142677,36,1.0,8,0.057117,
nm0142790,36,1.0,8,0.0,
nm0142808,36,1.0,9,0.0,
nm0142964,36,1.0,6,0.0,
nm0143295,36,1.0,8,0.0,
nm0143309,36,1.0,8,0.0,
nm0144213,36,1.0,9,0.0,
nm0144336,36,1.0,7,0.0,
nm0144583,36,1.0,7,0.0,
nm0144812,36,1.0,9,0.0,
nm0145009,36,1.0,8,0.0,
nm0145102,36,1.0,8,0.0,
nm0145290,36,1.0,6,0.0,
nm0145705,36,1.0,8,0.0,
nm0145784,36,1.0,6,0.0,
nm0145951,72,0.470588,9,0.0,0.0
nm0146993,36,1.0,9,0.0,
nm0147528,36,1.0,9,0.0,
nm0147582,36,1.0,9,0.0,
nm0147636,36,1.0,9,0.0,
nm0147923,73,0.477124,5,0.0,2e-06
nm0147978,72,0.470588,8,0.0,0.0
nm0147994,36,1.0,8,0.0,
nm0148183,36,1.0,7,0.0,
nm0148516,36,1.0,8,0.0,
nm0149194,36,1.0,9,0.0,
nm0149218,36,1.0,8,0.0,
nm0149260,36,1.0,8,0.0,
nm0149286,36,1.0,8,0.0,
nm0149441,36,1.0,9,0.103618,
nm0149698,36,1.0,8,0.0,
nm0149802,36,1.0,7,0.0,
nm0149826,36,1.0,9,0.086538,
nm0149846,72,0.470588,9,0.103279,0.0
nm0149950,36,1.0,8,0.058824,
nm0150495,36,1.0,9,0.0,
nm0150882,36,1.0,9,0.0,
nm0150987,36,1.0,8,0.0,
nm0151009,36,1.0,9,0.0,
nm0151071,36,1.0,8,0.0,
nm0151097,36,1.0,9,0.0,
nm0151189,36,1.0,8,0.0,
nm0151282,36,1.0,9,0.123288,
nm0151526,36,1.0,7,0.110526,
nm0152061,36,1.0,9,0.0,
nm0152430,36,1.0,7,0.087744,
nm0153855,36,1.0,9,0.0,
nm0154129,36,1.0,8,0.0,
nm0154146,36,1.0,9,0.086777,
nm0154236,36,1.0,7,0.0,
nm0154491,36,1.0,6,0.0,
nm0154543,36,1.0,6,0.0,
nm0155164,36,1.0,9,0.0,
nm0155284,36,1.0,8,0.0,
nm0155401,36,1.0,9,0.0,
nm0155562,36,1.0,9,0.0,
nm0155618,36,1.0,9,0.0,
nm0155642,36,1.0,9,0.0,
nm0155693,36,1.0,7,0.070234,
nm0155978,36,1.0,9,0.0,
nm0155992,36,1.0,9,0.0,
nm0156495,36,1.0,9,0.0,
nm0156533,36,1.0,9,0.0,
nm0156567,36,1.0,7,0.0,
nm0156660,36,1.0,9,0.0,
nm0156857,36,1.0,9,0.09157,
nm0156912,36,1.0,9,0.0,
nm0156926,36,1.0,9,0.0,
nm0156928,36,1.0,9,0.0,
nm0156953,36,1.0,8,0.0,
nm0156955,72,0.470588,3,0.0,0.0
nm0156974,36,1.0,9,0.0,
nm0157098,36,1.0,9,0.0,
nm0157131,36,1.0,9,0.0,
nm0157133,36,1.0,8,0.0,
nm0157139,136,0.453333,9,0.0,1.8e-05
nm0157207,36,1.0,9,0.0,
nm0157300,36,1.0,8,0.0,
nm0157374,155,0.476923,12,0.0,2.3e-05
nm0157716,36,1.0,7,0.0,
nm0157805,36,1.0,9,0.0,
nm0158101,36,1.0,7,0.0,
nm0158207,36,1.0,9,0.0,
nm0158253,36,1.0,9,0.0,
nm0158320,36,1.0,9,0.0,
nm0158378,36,1.0,8,0.0,
nm0158414,36,1.0,9,0.0,
nm0158605,36,1.0,7,0.0,
nm0158920,36,1.0,8,0.0,
nm0159039,36,1.0,7,0.0,
nm0159040,36,1.0,8,0.0,
nm0159159,36,1.0,9,0.0,
nm0159337,36,1.0,9,0.069922,
nm0159419,36,1.0,9,0.0,
nm0159483,36,1.0,6,0.0,
nm0159537,36,1.0,9,0.109565,
nm0159867,36,1.0,7,0.0,
nm0160400,36,1.0,9,0.0,
nm0161122,36,1.0,8,0.0,
nm0161133,36,1.0,9,0.0,
nm0161149,36,1.0,9,0.0,
nm0161198,36,1.0,9,0.0,
nm0161524,36,1.0,8,0.0,
nm0161607,108,0.332308,9,0.0,0.005817
nm0161655,36,1.0,8,0.0,
nm0161974,36,1.0,7,0.0,
nm0162072,36,1.0,9,0.0,
nm0162311,36,1.0,9,0.0,
nm0162481,36,1.0,8,0.0,
nm0162502,36,1.0,9,0.0,
nm0162535,36,1.0,7,0.0,
nm0162737,36,1.0,8,0.0,
nm0162911,72,0.470588,9,0.0,0.0
nm0162945,36,1.0,9,0.0,
nm0163060,36,1.0,8,0.0,
nm0163217,36,1.0,5,0.0,
nm0166359,36,1.0,7,0.0,
nm0167728,36,1.0,8,0.0,
nm0168036,36,1.0,9,0.0,
nm0168244,36,1.0,9,0.0,
nm0169399,36,1.0,8,0.0,
nm0169531,36,1.0,6,0.0,
nm0169558,36,1.0,7,0.0,
nm0169753,36,1.0,8,0.0,
nm0170168,36,1.0,9,0.0,
nm0170381,36,1.0,8,0.0,
nm0170559,36,1.0,8,0.0,
nm0171499,72,0.470588,9,0.06409,0.0
nm0171674,36,1.0,7,0.0,
nm0172862,36,1.0,9,0.0,
nm0173004,36,1.0,9,0.0,
nm0173160,36,1.0,5,0.0,
nm0173585,36,1.0,9,0.0,
nm0174403,36,1.0,9,0.0,
nm0174566,36,1.0,7,0.0,
nm0174819,36,1.0,8,0.0,
nm0174909,36,1.0,9,0.0,
nm0175958,36,1.0,9,0.0,
nm0176444,36,1.0,8,0.0,
nm0176506,36,1.0,6,0.0,
nm0177138,36,1.0,8,0.0,
nm0177639,72,0.470588,7,0.066808,2.6e-05
nm0177742,36,1.0,9,0.0,
nm0178964,36,1.0,9,0.0,
nm0180336,36,1.0,9,0.0,
nm0180452,36,1.0,7,0.0,
nm0180580,36,1.0,8,0.0,
nm0180639,36,1.0,6,0.0,
nm0180678,36,1.0,9,0.0,
nm0180720,36,1.0,9,0.0,
nm0180774,36,1.0,9,0.0,
nm0180984,36,1.0,9,0.0,
nm0181225,36,1.0,9,0.0,
nm0181288,36,1.0,5,0.0,
nm0181397,36,1.0,9,0.0,
nm0181881,36,1.0,9,0.0,
nm0181920,72,0.470588,9,0.0,0.0
nm0182815,36,1.0,9,0.0,
nm0182904,36,1.0,9,0.0,
nm0183223,36,1.0,9,0.0,
nm0183504,36,1.0,7,0.0,
nm0183548,36,1.0,5,0.062874,
nm0183660,36,1.0,9,0.060345,
nm0183904,36,1.0,9,0.0,
nm0184087,36,1.0,9,0.0,
nm0184392,72,0.470588,2,0.0,1.6e-05
nm0184434,36,1.0,9,0.0,
nm0185039,36,1.0,9,0.0,
nm0185794,36,1.0,9,0.0,
nm0186099,36,1.0,8,0.0,
nm0186120,36,1.0,8,0.0,
nm0186225,36,1.0,9,0.0,
nm0186883,36,1.0,9,0.0,
nm0187092,36,1.0,9,0.0,
nm0187724,36,1.0,8,0.0,
nm0188025,36,1.0,9,0.0,
nm0188121,36,1.0,9,0.0,
nm0188709,36,1.0,9,0.0,
nm0189200,36,1.0,8,0.0,
nm0189468,36,1.0,9,0.0,
nm0189584,36,1.0,8,0.0,
nm0190214,36,1.0,9,0.046667,
nm0190217,36,1.0,9,0.0,
nm0190300,36,1.0,5,0.0,
nm0190388,36,1.0,8,0.0,
nm0190441,36,1.0,5,0.0,
nm0190503,36,1.0,8,0.0,
nm0190591,36,1.0,7,0.0,
nm0190753,36,1.0,7,0.0,
nm0190794,36,1.0,6,0.0,
nm0191450,36,1.0,8,0.0,
nm0191742,36,1.0,6,0.0,
nm0191747,36,1.0,7,0.0,
nm0192377,36,1.0,7,0.0,
nm0193024,36,1.0,9,0.0,
nm0193135,36,1.0,8,0.0,
nm0193160,36,1.0,7,0.0,
nm0193459,36,1.0,9,0.0,
nm0193509,36,1.0,9,0.0,
nm0193554,72,0.470588,9,0.060229,0.0
nm0193846,36,1.0,6,0.059211,
nm0194136,36,1.0,9,0.0,
nm0194152,36,1.0,9,0.0,
nm0194271,36,1.0,8,0.0,
nm0194305,36,1.0,8,0.0,
nm0194553,36,1.0,8,0.0,
nm0194564,36,1.0,8,0.0,
nm0194662,72,0.470588,8,0.0,0.0
nm0194937,36,1.0,9,0.0,
nm0195264,36,1.0,4,0.0,
nm0195844,36,1.0,9,0.09633,
nm0196185,36,1.0,9,0.0,
nm0196375,36,1.0,9,0.119772,
nm0196529,36,1.0,9,0.0,
nm0196572,36,1.0,9,0.0,
nm0196710,36,1.0,9,0.0,
nm0197582,36,1.0,9,0.119545,
nm0197647,36,1.0,9,0.0,
nm0198941,36,1.0,6,0.0,
nm0199006,36,1.0,9,0.0,
nm0199035,36,1.0,9,0.0,
nm0199047,36,1.0,7,0.0,
nm0199133,36,1.0,8,0.0,
nm0199577,36,1.0,8,0.10678,
nm0200144,36,1.0,9,0.0,
nm0200195,36,1.0,5,0.0,
nm0200702,36,1.0,8,0.0,
nm0200806,36,1.0,9,0.0,
nm0200810,36,1.0,9,0.0,
nm0200887,36,1.0,6,0.0,
nm0201462,36,1.0,7,0.0,
nm0201557,36,1.0,8,0.058605,
nm0201669,36,1.0,8,0.0,
nm0201916,36,1.0,9,0.0,
nm0202135,126,0.6,7,0.0,3.5e-05
nm0202136,36,1.0,9,0.0,
nm0202137,36,1.0,9,0.0,
nm0202516,72,0.470588,9,0.0,0.0
nm0202674,36,1.0,6,0.0,
nm0202804,36,1.0,7,0.0,
nm0203069,36,1.0,9,0.0,
nm0203457,36,1.0,8,0.0,
nm0204576,36,1.0,9,0.0,
nm0204599,36,1.0,9,0.0,
nm0205772,36,1.0,8,0.0,
nm0207344,36,1.0,9,0.0,
nm0207731,36,1.0,7,0.0,
nm0207891,36,1.0,9,0.0,
nm0208112,36,1.0,7,0.0,
nm0208439,36,1.0,9,0.0,
nm0208704,36,1.0,9,0.0,
nm0208940,36,1.0,9,0.0,
nm0208985,36,1.0,9,0.0,
nm0209301,36,1.0,6,0.0,
nm0209337,36,1.0,8,0.0,
nm0209373,36,1.0,9,0.0,
nm0209417,36,1.0,9,0.0,
nm0209429,36,1.0,9,0.0,
nm0210295,36,1.0,9,0.0,
nm0210875,36,1.0,8,0.0,
nm0211140,36,1.0,8,0.0,
nm0211144,36,1.0,8,0.0,
nm0211575,36,1.0,9,0.0,
nm0212328,36,1.0,8,0.0,
nm0212534,36,1.0,8,0.0,
nm0212541,36,1.0,9,0.087017,
nm0212563,36,1.0,7,0.088359,
nm0213339,36,1.0,9,0.0,
nm0213603,36,1.0,9,0.0,
nm0213766,36,1.0,9,0.0,
nm0214240,36,1.0,8,0.0,
nm0214343,36,1.0,9,0.0,
nm0214358,36,1.0,9,0.0,
nm0214860,36,1.0,9,0.0,
nm0215429,36,1.0,8,0.0,
nm0216016,36,1.0,9,0.0,
nm0216117,36,1.0,8,0.0,
nm0217022,72,0.470588,9,0.0,0.0
nm0217100,36,1.0,9,0.0,
nm0217221,36,1.0,7,0.0,
nm0217709,36,1.0,5,0.0,
nm0217819,36,1.0,8,0.0,
nm0217936,36,1.0,8,0.0,
nm0217984,36,1.0,9,0.0,
nm0218458,36,1.0,6,0.0,
nm0218615,36,1.0,8,0.0,
nm0218741,36,1.0,5,0.0,
nm0218884,36,1.0,8,0.0,
nm0219224,36,1.0,9,0.0,
nm0219334,36,1.0,9,0.0,
nm0219558,36,1.0,9,0.0,
nm0220017,36,1.0,9,0.0,
nm0220183,36,1.0,9,0.0,
nm0220240,36,1.0,9,0.0,
nm0220807,36,1.0,9,0.0,
nm0220838,36,1.0,9,0.129363,
nm0221218,108,0.307692,4,0.118421,0.000335
nm0221315,36,1.0,8,0.0,
nm0221321,36,1.0,7,0.0,
nm0221677,36,1.0,7,0.0,
nm0221732,36,1.0,6,0.0,
nm0222143,36,1.0,9,0.0,
nm0222144,36,1.0,9,0.104651,
nm0222150,36,1.0,9,0.106599,
nm0222181,73,0.477124,3,0.115174,5e-05
nm0222426,36,1.0,7,0.122807,
nm0222460,36,1.0,7,0.0,
nm0222541,36,1.0,8,0.0,
nm0222596,36,1.0,4,0.0,
nm0222922,36,1.0,8,0.0,
nm0223452,36,1.0,8,0.0,
nm0223560,36,1.0,8,0.0,
nm0223563,36,1.0,9,0.09389,
nm0223606,36,1.0,9,0.089235,
nm0223607,36,1.0,8,0.09157,
nm0223973,36,1.0,9,0.0,
nm0224214,36,1.0,9,0.0,
nm0224511,36,1.0,8,0.0,
nm0224882,76,0.558824,10,0.0,
nm0225042,72,0.470588,9,0.0,0.0
nm0225483,36,1.0,8,0.0,
nm0225766,36,1.0,9,0.0,
nm0225777,36,1.0,7,0.0,
nm0226326,36,1.0,9,0.062253,
nm0226701,36,1.0,8,0.0,
nm0226770,36,1.0,9,0.121387,
nm0226813,36,1.0,8,0.086538,
nm0227282,36,1.0,9,0.0,
nm0227498,72,0.470588,8,0.0,0.0
nm0227759,72,0.470588,6,0.0,0.0
nm0228701,36,1.0,7,0.0,
nm0228912,36,1.0,6,0.0,
nm0229301,36,1.0,8,0.0,
nm0229585,36,1.0,8,0.0,
nm0229859,36,1.0,9,0.0,
nm0229866,36,1.0,8,0.0,
nm0230479,36,1.0,9,0.0,
nm0230483,36,1.0,8,0.0,
nm0230698,36,1.0,9,0.0,
nm0230826,36,1.0,8,0.0,
nm0231458,36,1.0,8,0.086066,
nm0231677,36,1.0,9,0.0,
nm0231864,36,1.0,7,0.0,
nm0231873,36,1.0,8,0.0,
nm0232503,36,1.0,9,0.096626,
nm0232998,36,1.0,7,0.0,
nm0233123,36,1.0,6,0.0,
nm0233325,36,1.0,8,0.0,
nm0233882,36,1.0,9,0.0,
nm0234035,36,1.0,8,0.0,
nm0234369,36,1.0,9,0.0,
nm0235460,36,1.0,8,0.0,
nm0235960,36,1.0,6,0.0,
nm0236043,36,1.0,9,0.0,
nm0236225,36,1.0,8,0.0,
nm0236657,36,1.0,9,0.093333,
nm0237211,36,1.0,9,0.0,
nm0238475,72,0.470588,8,0.0,0.0
nm0239267,36,1.0,8,0.106239,
nm0239294,36,1.0,7,0.0,
nm0239402,36,1.0,5,0.0,
nm0239575,36,1.0,9,0.0,
nm0239688,36,1.0,7,0.0,
nm0239768,36,1.0,8,0.0,
nm0240537,36,1.0,8,0.054031,
nm0240780,36,1.0,9,0.0,
nm0240880,72,0.470588,9,0.0,0.0
nm0241039,72,0.470588,8,0.0,0.0
nm0241049,72,0.470588,4,0.062874,0.0
nm0241290,36,1.0,7,0.0,
nm0241291,36,1.0,9,0.0,
nm0241421,36,1.0,9,0.0,
nm0241815,36,1.0,9,0.0,
nm0243620,36,1.0,7,0.0,
nm0244033,36,1.0,8,0.0,
nm0244428,146,0.245378,9,0.0,1.9e-05
nm0244624,36,1.0,9,0.0,
nm0244650,36,1.0,8,0.0,
nm0244707,36,1.0,8,0.0,
nm0244756,36,1.0,9,0.0,
nm0244864,36,1.0,9,0.094737,
nm0244890,72,0.470588,9,0.129897,0.0
nm0245027,36,1.0,6,0.0,
nm0245282,36,1.0,9,0.0,
nm0245988,36,1.0,9,0.0,
nm0246286,72,0.529412,9,0.0,
nm0246534,36,1.0,9,0.0,
nm0246545,36,1.0,9,0.0,
nm0246582,36,1.0,8,0.0,
nm0246585,36,1.0,9,0.0,
nm0246638,36,1.0,9,0.0,
nm0246703,36,1.0,8,0.0,
nm0246873,36,1.0,8,0.0,
nm0246931,36,1.0,8,0.0,
nm0247242,36,1.0,9,0.071591,
nm0248371,36,1.0,8,0.0,
nm0249644,36,1.0,9,0.0,
nm0250070,36,1.0,9,0.0,
nm0250613,36,1.0,9,0.0,
nm0250757,36,1.0,8,0.0,
nm0250945,36,1.0,7,0.0,
nm0251014,36,1.0,9,0.0,
nm0251122,36,1.0,9,0.0,
nm0251139,36,1.0,9,0.0,
nm0251177,36,1.0,9,0.0,
nm0251523,36,1.0,8,0.0,
nm0251538,36,1.0,9,0.0,
nm0251646,36,1.0,8,0.0,
nm0251656,36,1.0,9,0.0,
nm0252230,36,1.0,9,0.0,
nm0252775,71,0.591667,9,0.0,
nm0252847,36,1.0,9,0.0,
nm0252880,36,1.0,8,0.0,
nm0253216,36,1.0,8,0.060461,
nm0253219,36,1.0,6,0.0,
nm0253291,36,1.0,6,0.0,
nm0253355,36,1.0,8,0.0,
nm0253893,36,1.0,9,0.0,
nm0254291,36,1.0,9,0.0,
nm0254712,36,1.0,7,0.0,
nm0254760,36,1.0,8,0.0,
nm0255001,36,1.0,9,0.080769,
nm0256002,36,1.0,8,0.0,
nm0256364,36,1.0,5,0.0,
nm0256707,73,0.536765,6,0.0,
nm0256861,72,0.470588,3,0.0,7.5e-05
nm0256873,109,0.335385,7,0.0,0.000451
nm0256890,36,1.0,8,0.0,
nm0257826,36,1.0,9,0.0,
nm0257917,36,1.0,9,0.0,
nm0257922,36,1.0,9,0.0,
nm0257932,36,1.0,9,0.0,
nm0257934,36,1.0,9,0.0,
nm0257951,109,0.363333,4,0.0,0.000729
nm0258194,36,1.0,8,0.0,
nm0258272,36,1.0,5,0.0,
nm0258574,72,0.529412,9,0.0,
nm0258899,74,0.48366,4,0.0,1e-06
nm0259074,36,1.0,9,0.0,
nm0259462,36,1.0,9,0.0,
nm0259472,36,1.0,8,0.0,
nm0259708,36,1.0,7,0.0,
nm0259762,72,0.470588,9,0.0,0.0
nm0260348,36,1.0,7,0.0,
nm0260470,36,1.0,9,0.0,
nm0260697,36,1.0,9,0.0,
nm0260884,36,1.0,9,0.0,
nm0261064,72,0.470588,2,0.0,0.0
nm0261218,36,1.0,8,0.0,
nm0261824,36,1.0,9,0.0,
nm0262026,36,1.0,7,0.0,
nm0263209,36,1.0,9,0.0,
nm0263253,36,1.0,5,0.0,
nm0264179,36,1.0,4,0.0,
nm0264768,36,1.0,8,0.0,
nm0264776,36,1.0,8,0.0,
nm0265148,36,1.0,5,0.0,
nm0265252,36,1.0,9,0.0,
nm0265492,36,1.0,9,0.0,
nm0265610,36,1.0,8,0.0,
nm0265764,36,1.0,5,0.0,
nm0265795,36,1.0,9,0.0,
nm0265797,36,1.0,9,0.0,
nm0265823,36,1.0,8,0.0,
nm0266077,36,1.0,7,0.0,
nm0266528,36,1.0,9,0.0,
nm0266645,36,1.0,8,0.0,
nm0266723,72,0.470588,1,0.0,0.0
nm0267042,72,0.470588,9,0.0,6e-06
nm0267044,36,1.0,9,0.0,
nm0267329,36,1.0,9,0.0,
nm0267374,36,1.0,8,0.0,
nm0267651,36,1.0,6,0.0,
nm0267656,72,0.470588,9,0.058769,0.0
nm0267659,36,1.0,8,0.055507,
nm0267724,36,1.0,8,0.0,
nm0267772,36,1.0,7,0.0,
nm0267941,36,1.0,9,0.0,
nm0268199,36,1.0,9,0.0,
nm0269077,72,0.470588,9,0.078554,2e-05
nm0269419,36,1.0,9,0.0,
nm0269800,36,1.0,7,0.0,
nm0269831,36,1.0,9,0.0,
nm0270312,36,1.0,4,0.0,
nm0270451,36,1.0,4,0.0,
nm0271127,36,1.0,9,0.0,
nm0271263,36,1.0,8,0.0,
nm0272581,36,1.0,9,0.0,
nm0272951,36,1.0,7,0.0,
nm0273088,36,1.0,9,0.0,
nm0273091,154,0.244444,10,0.0,4.5e-05
nm0273143,72,0.470588,9,0.0,0.0
nm0273946,36,1.0,5,0.0,
nm0274100,36,1.0,8,0.0,
nm0274277,36,1.0,9,0.0,
nm0274704,36,1.0,7,0.0,
nm0274707,36,1.0,8,0.0,
nm0275637,72,0.470588,1,0.0,0.0
nm0275687,36,1.0,4,0.0,
nm0276657,36,1.0,8,0.0,
nm0276724,36,1.0,6,0.0,
nm0276758,36,1.0,9,0.0,
nm0277433,36,1.0,5,0.0,
nm0277932,36,1.0,8,0.0,
nm0278354,36,1.0,9,0.0,
nm0278355,36,1.0,8,0.0,
nm0278396,36,1.0,4,0.0,
nm0280267,36,1.0,8,0.0,
nm0280496,36,1.0,8,0.0,
nm0280955,36,1.0,7,0.0,
nm0281107,36,1.0,8,0.0,
nm0281212,36,1.0,9,0.0,
nm0281387,36,1.0,3,0.0,
nm0282348,51,0.927273,9,0.0,
nm0282463,36,1.0,8,0.0,
nm0282653,36,1.0,7,0.0,
nm0282982,36,1.0,6,0.0,
nm0283556,36,1.0,8,0.0,
nm0284036,36,1.0,9,0.0,
nm0284078,36,1.0,8,0.0,
nm0284454,36,1.0,7,0.0,
nm0284533,36,1.0,9,0.0,
nm0284566,36,1.0,8,0.0,
nm0284649,36,1.0,6,0.0,
nm0284655,36,1.0,9,0.0,
nm0284715,36,1.0,9,0.0,
nm0284717,151,0.285985,10,0.0,5.5e-05
nm0284734,36,1.0,7,0.0,
nm0284842,36,1.0,8,0.0,
nm0285071,36,1.0,8,0.0,
nm0285135,72,0.470588,9,0.0,0.0
nm0285683,36,1.0,9,0.0,
nm0285726,36,1.0,8,0.0,
nm0285753,36,1.0,7,0.0,
nm0286567,36,1.0,9,0.0,
nm0286570,73,0.477124,3,0.0,1e-06
nm0286579,36,1.0,8,0.06833,
nm0287168,36,1.0,8,0.0,
nm0287398,36,1.0,7,0.0,
nm0287544,109,0.335385,7,0.0,1e-05
nm0288214,36,1.0,6,0.0,
nm0288260,36,1.0,6,0.0,
nm0289080,36,1.0,7,0.055166,
nm0289105,72,0.470588,3,0.0,8e-06
nm0289357,36,1.0,8,0.0,
nm0290075,36,1.0,8,0.0,
nm0290593,36,1.0,7,0.0,
nm0291731,36,1.0,7,0.0,
nm0292066,36,1.0,7,0.0,
nm0292708,36,1.0,9,0.0,
nm0292719,36,1.0,9,0.0,
nm0293444,36,1.0,4,0.0,
nm0293461,36,1.0,8,0.07563,
nm0293724,36,1.0,8,0.0,
nm0293842,36,1.0,9,0.0,
nm0293896,36,1.0,9,0.0,
nm0294067,36,1.0,3,0.0,
nm0294321,36,1.0,9,0.0,
nm0294372,36,1.0,7,0.0,
nm0295074,36,1.0,9,0.0,
nm0295141,36,1.0,7,0.0,
nm0295429,36,1.0,9,0.0,
nm0295568,36,1.0,8,0.061765,
nm0295625,36,1.0,8,0.0,
nm0295651,36,1.0,9,0.0,
nm0295704,36,1.0,8,0.0,
nm0295797,36,1.0,9,0.0,
nm0296161,36,1.0,5,0.0,
nm0296350,72,0.470588,3,0.0,1e-05
nm0296809,36,1.0,7,0.0,
nm0296982,36,1.0,8,0.0,
nm0297048,36,1.0,7,0.0,
nm0297149,36,1.0,9,0.0,
nm0297552,36,1.0,9,0.0,
nm0297669,77,0.503268,8,0.0,0.0
nm0297670,36,1.0,9,0.0,
nm0297675,36,1.0,8,0.0,
nm0297686,72,0.470588,2,0.0,0.0006
nm0297734,36,1.0,9,0.0,
nm0297745,36,1.0,9,0.0,
nm0297754,36,1.0,9,0.0,
nm0297788,72,0.529412,9,0.0,
nm0297793,36,1.0,9,0.0,
nm0297835,72,0.470588,5,0.0,0.0
nm0297843,36,1.0,9,0.0,
nm0297845,36,1.0,8,0.0,
nm0297869,147,0.247059,9,0.0,0.001004
nm0297873,36,1.0,7,0.0,
nm0297885,36,1.0,9,0.0,
nm0297891,36,1.0,9,0.0,
nm0297956,72,0.470588,2,0.0,0.0
nm0297978,36,1.0,8,0.0,
nm0298007,36,1.0,8,0.0,
nm0298020,36,1.0,8,0.0,
nm0298050,36,1.0,6,0.0,
nm0298575,90,0.661765,10,0.0,
nm0299026,36,1.0,3,0.0,
nm0299078,36,1.0,8,0.0,
nm0299192,36,1.0,9,0.0,
nm0299203,57,0.863636,9,0.0,
nm0299228,36,1.0,9,0.0,
nm0299344,36,1.0,9,0.0,
nm0299397,36,1.0,9,0.0,
nm0299401,36,1.0,8,0.0,
nm0299437,36,1.0,9,0.0,
nm0300187,36,1.0,9,0.0,
nm0300589,36,1.0,9,0.0,
nm0300712,72,0.470588,1,0.062315,0.0
nm0300939,36,1.0,8,0.0,
nm0301381,36,1.0,8,0.0,
nm0302108,36,1.0,7,0.0,
nm0302466,36,1.0,9,0.08129,
nm0302916,36,1.0,7,0.0,
nm0302965,36,1.0,8,0.0,
nm0303366,36,1.0,9,0.0,
nm0303577,36,1.0,7,0.0,
nm0303599,36,1.0,8,0.0,
nm0304065,36,1.0,5,0.0,
nm0304265,72,0.470588,6,0.122568,0.000157
nm0304282,36,1.0,8,0.0,
nm0304709,36,1.0,8,0.0,
nm0305182,36,1.0,8,0.0,
nm0305334,36,1.0,8,0.0,
nm0305365,36,1.0,8,0.0,
nm0305447,36,1.0,7,0.0,
nm0305753,36,1.0,8,0.0,
nm0305988,36,1.0,9,0.0,
nm0306057,36,1.0,9,0.0,
nm0306351,36,1.0,5,0.0,
nm0307253,36,1.0,7,0.0,
nm0307451,36,1.0,6,0.0,
nm0308039,36,1.0,9,0.0,
nm0308182,36,1.0,9,0.103448,
nm0308256,36,1.0,3,0.0,
nm0308391,36,1.0,8,0.0,
nm0309504,36,1.0,3,0.0,
nm0309575,36,1.0,7,0.0,
nm0309839,36,1.0,8,0.0,
nm0310865,36,1.0,8,0.0,
nm0311209,36,1.0,7,0.0,
nm0311405,36,1.0,9,0.0,
nm0311476,72,0.470588,9,0.0,0.0
nm0311677,36,1.0,9,0.127273,
nm0312064,72,0.470588,9,0.068627,0.0
nm0312593,36,1.0,7,0.0,
nm0312647,110,0.338462,5,0.0,1.8e-05
nm0312656,108,0.307692,3,0.0,1.7e-05
nm0313355,36,1.0,8,0.0,
nm0313368,36,1.0,9,0.0,
nm0314047,36,1.0,9,0.0,
nm0314554,36,1.0,7,0.0,
nm0314578,36,1.0,9,0.0,
nm0314606,36,1.0,9,0.082677,
nm0314751,36,1.0,8,0.0,
nm0314980,36,1.0,7,0.060461,
nm0316306,36,1.0,6,0.0,
nm0316381,36,1.0,8,0.0,
nm0317181,36,1.0,9,0.0,
nm0317457,36,1.0,7,0.0,
nm0317561,36,1.0,6,0.0,
nm0317809,36,1.0,9,0.0,
nm0317863,36,1.0,7,0.0,
nm0318622,36,1.0,9,0.0,
nm0319696,36,1.0,7,0.0,
nm0319826,36,1.0,9,0.0,
nm0319834,36,1.0,8,0.0,
nm0319880,36,1.0,4,0.0,
nm0319980,72,0.470588,1,0.0,0.0
nm0320721,36,1.0,6,0.0,
nm0321348,36,1.0,3,0.0,
nm0321399,36,1.0,5,0.0,
nm0322479,36,1.0,7,0.0,
nm0322513,36,1.0,6,0.073001,
nm0322563,36,1.0,8,0.0,
nm0322741,36,1.0,6,0.0,
nm0322742,36,1.0,8,0.0,
nm0322963,36,1.0,7,0.0,
nm0323372,36,1.0,8,0.0,
nm0323574,36,1.0,8,0.0,
nm0323859,36,1.0,9,0.0,
nm0324645,36,1.0,4,0.0,
nm0324772,36,1.0,7,0.0,
nm0324790,36,1.0,5,0.087989,
nm0324845,110,0.31339,5,0.1008,9.6e-05
nm0324980,36,1.0,9,0.0,
nm0325943,72,0.529412,9,0.0,
nm0326135,36,1.0,9,0.0,
nm0326590,36,1.0,9,0.0,
nm0327104,36,1.0,9,0.0,
nm0327631,36,1.0,9,0.0,
nm0328223,36,1.0,8,0.0,
nm0328954,108,0.307692,9,0.107509,0.003555
nm0329210,36,1.0,8,0.0,
nm0329586,36,1.0,7,0.0,
nm0329589,36,1.0,9,0.0,
nm0329697,36,1.0,9,0.111901,
nm0330832,36,1.0,8,0.0,
nm0330853,72,0.470588,8,0.0,0.0
nm0330923,36,1.0,7,0.0,
nm0331577,36,1.0,9,0.096183,
nm0332061,36,1.0,9,0.0,
nm0332709,36,1.0,8,0.0,
nm0333104,36,1.0,9,0.0,
nm0333117,36,1.0,8,0.0,
nm0333275,36,1.0,8,0.0,
nm0333689,36,1.0,7,0.0,
nm0335275,36,1.0,8,0.0,
nm0335404,36,1.0,7,0.0,
nm0337042,36,1.0,7,0.0,
nm0337053,36,1.0,8,0.056808,
nm0337220,36,1.0,9,0.0,
nm0337422,36,1.0,9,0.0,
nm0337466,36,1.0,6,0.0,
nm0340012,36,1.0,7,0.0,
nm0340028,36,1.0,9,0.0,
nm0340084,36,1.0,2,0.0,
nm0341421,36,1.0,8,0.058659,
nm0342029,36,1.0,9,0.0,
nm0342111,36,1.0,6,0.0,
nm0342679,36,1.0,8,0.0,
nm0344223,36,1.0,9,0.0,
nm0344346,72,0.529412,9,0.0,
nm0344802,36,1.0,9,0.0,
nm0345570,36,1.0,8,0.0,
nm0345695,36,1.0,8,0.0,
nm0346295,36,1.0,7,0.0,
nm0346363,36,1.0,5,0.0,
nm0346394,36,1.0,9,0.0,
nm0346485,36,1.0,2,0.0,
nm0346491,36,1.0,5,0.0,
nm0346595,72,0.470588,2,0.108808,0.0
nm0346619,36,1.0,9,0.095023,
nm0346658,36,1.0,8,0.0,
nm0347201,36,1.0,7,0.0,
nm0347276,36,1.0,6,0.0,
nm0347729,36,1.0,9,0.0,
nm0347940,36,1.0,9,0.0,
nm0348004,73,0.477124,6,0.12069,0.001846
nm0348005,36,1.0,9,0.0,
nm0348014,119,0.339031,9,0.0,2.6e-05
nm0348018,248,0.202449,9,0.0,0.000152
nm0348126,36,1.0,8,0.0,
nm0348226,36,1.0,9,0.0,
nm0348481,36,1.0,9,0.121387,
nm0348490,36,1.0,9,0.115596,
nm0348507,36,1.0,7,0.0,
nm0348856,36,1.0,9,0.0,
nm0349427,36,1.0,6,0.0,
nm0349510,36,1.0,8,0.0,
nm0349522,72,0.470588,9,0.064286,0.0
nm0349599,36,1.0,8,0.0,
nm0350249,36,1.0,9,0.0,
nm0350273,72,0.529412,9,0.065557,
nm0350453,36,1.0,8,0.0,
nm0351235,36,1.0,8,0.060345,
nm0351273,36,1.0,1,0.0,
nm0351338,36,1.0,7,0.0,
nm0351366,36,1.0,8,0.0,
nm0351422,36,1.0,8,0.0,
nm0351497,73,0.477124,2,0.0,1e-06
nm0351545,36,1.0,8,0.0,
nm0351565,36,1.0,7,0.0,
nm0351670,72,0.470588,7,0.0,9e-06
nm0351719,36,1.0,9,0.0,
nm0351772,36,1.0,9,0.0,
nm0352032,36,1.0,9,0.1171,
nm0352157,36,1.0,5,0.0,
nm0352195,36,1.0,4,0.0,
nm0352230,36,1.0,9,0.0,
nm0352592,36,1.0,8,0.0,
nm0352640,36,1.0,6,0.0,
nm0352646,36,1.0,9,0.0,
nm0352764,36,1.0,7,0.0,
nm0353697,36,1.0,6,0.0,
nm0353717,36,1.0,9,0.0,
nm0354490,36,1.0,9,0.0,
nm0354560,36,1.0,9,0.0,
nm0354653,36,1.0,8,0.0,
nm0354748,36,1.0,9,0.064286,
nm0355283,36,1.0,9,0.0,
nm0356017,36,1.0,8,0.060229,
nm0356372,36,1.0,8,0.0,
nm0356448,36,1.0,8,0.0,
nm0356813,36,1.0,8,0.0,
nm0357249,36,1.0,7,0.0,
nm0357264,112,0.373333,3,0.0,0.000204
nm0357277,36,1.0,9,0.0,
nm0357297,36,1.0,8,0.0,
nm0357307,36,1.0,9,0.0,
nm0357644,36,1.0,9,0.0,
nm0357662,36,1.0,9,0.0,
nm0358825,36,1.0,8,0.0,
nm0359082,36,1.0,9,0.0,
nm0359129,36,1.0,7,0.0,
nm0359168,36,1.0,9,0.0,
nm0359181,36,1.0,8,0.0,
nm0359219,36,1.0,9,0.0,
nm0359222,107,0.356667,9,0.0,0.000183
nm0359226,183,0.202658,3,0.0,0.001528
nm0359271,121,0.403333,9,0.0,0.000296
nm0359275,109,0.310541,9,0.0,0.000706
nm0359302,36,1.0,9,0.0,
nm0359305,36,1.0,8,0.0,
nm0359322,36,1.0,7,0.0,
nm0359398,36,1.0,5,0.0,
nm0359496,36,1.0,7,0.0,
nm0359675,36,1.0,8,0.0,
nm0359842,36,1.0,9,0.0,
nm0360515,36,1.0,8,0.0,
nm0360604,36,1.0,9,0.0,
nm0360745,36,1.0,9,0.062008,
nm0361407,36,1.0,8,0.121387,
nm0361526,36,1.0,8,0.064286,
nm0361665,36,1.0,9,0.0,
nm0361667,36,1.0,9,0.0,
nm0361669,36,1.0,9,0.0,
nm0361676,72,0.470588,9,0.0,0.000764
nm0361696,232,0.297436,6,0.0,0.000165
nm0361705,72,0.470588,9,0.0,1.1e-05
nm0361866,36,1.0,9,0.0,
nm0362153,36,1.0,4,0.058605,
nm0363857,36,1.0,9,0.0,
nm0364028,72,0.470588,9,0.0,0.0
nm0364686,36,1.0,8,0.0,
nm0365303,129,0.43,8,0.0,3e-05
nm0367370,36,1.0,8,0.0,
nm0367917,36,1.0,8,0.0,
nm0367928,110,0.31339,9,0.0,0.002413
nm0367951,36,1.0,8,0.0,
nm0368050,36,1.0,8,0.0,
nm0368100,36,1.0,7,0.0,
nm0368263,36,1.0,9,0.060519,
nm0368330,36,1.0,9,0.0,
nm0368333,36,1.0,9,0.0,
nm0368491,36,1.0,8,0.0,
nm0368689,36,1.0,8,0.0,
nm0368969,36,1.0,7,0.0,
nm0368972,36,1.0,9,0.0,
nm0369078,73,0.477124,7,0.0,9.4e-05
nm0369392,36,1.0,8,0.0,
nm0369696,36,1.0,9,0.115385,
nm0369809,36,1.0,7,0.0,
nm0369916,36,1.0,8,0.0,
nm0370573,73,0.536765,5,0.0,
nm0370574,36,1.0,9,0.0,
nm0370577,75,0.490196,4,0.0,0.0
nm0370579,36,1.0,8,0.0,
nm0370600,36,1.0,9,0.0,
nm0370621,36,1.0,8,0.0,
nm0370644,72,0.529412,9,0.0,
nm0370677,36,1.0,8,0.0,
nm0371415,36,1.0,8,0.0,
nm0371628,36,1.0,7,0.0,
nm0371660,36,1.0,9,0.0,
nm0372016,36,1.0,7,0.0,
nm0372023,36,1.0,6,0.0,
nm0372078,36,1.0,9,0.0,
nm0372091,36,1.0,9,0.0,
nm0372117,36,1.0,9,0.0,
nm0373001,36,1.0,9,0.0,
nm0373573,36,1.0,9,0.0,
nm0373780,36,1.0,8,0.0,
nm0374399,36,1.0,9,0.0,
nm0374815,72,0.529412,8,0.0,
nm0374949,36,1.0,7,0.0,
nm0375454,36,1.0,6,0.0,
nm0375609,36,1.0,6,0.0,
nm0375792,36,1.0,7,0.0,
nm0375793,36,1.0,7,0.0,
nm0375962,36,1.0,9,0.0,
nm0375990,36,1.0,7,0.0,
nm0376720,36,1.0,9,0.0,
nm0376890,36,1.0,8,0.0,
nm0376891,36,1.0,6,0.0,
nm0377580,36,1.0,5,0.0,
nm0377807,36,1.0,7,0.0,
nm0378102,36,1.0,8,0.0,
nm0378161,36,1.0,5,0.0,
nm0378245,36,1.0,8,0.07554,
nm0378698,36,1.0,7,0.061765,
nm0379072,36,1.0,8,0.0,
nm0379782,36,1.0,9,0.082245,
nm0379783,36,1.0,8,0.0,
nm0380521,36,1.0,6,0.0,
nm0381241,36,1.0,8,0.0,
nm0381761,36,1.0,7,0.0,
nm0382602,36,1.0,8,0.0,
nm0382632,36,1.0,9,0.0,
nm0383026,93,0.442857,5,0.0,0.000448
nm0383213,36,1.0,9,0.0,
nm0383261,36,1.0,9,0.0,
nm0383603,36,1.0,5,0.0,
nm0384910,36,1.0,7,0.0,
nm0385179,36,1.0,9,0.065557,
nm0385288,36,1.0,8,0.0,
nm0385443,109,0.335385,7,0.0,0.000473
nm0385543,36,1.0,3,0.0,
nm0385612,36,1.0,9,0.0,
nm0385843,36,1.0,9,0.0,
nm0386176,36,1.0,6,0.0,
nm0386205,189,0.283784,6,0.0,0.000789
nm0386217,72,0.470588,2,0.0,0.001196
nm0386252,36,1.0,5,0.0,
nm0386285,36,1.0,9,0.0,
nm0386294,36,1.0,8,0.0,
nm0386388,36,1.0,7,0.0,
nm0386414,36,1.0,8,0.0,
nm0386952,36,1.0,7,0.0,
nm0387012,36,1.0,7,0.0,
nm0387033,36,1.0,7,0.0,
nm0387080,36,1.0,8,0.0,
nm0387133,36,1.0,6,0.0,
nm0387322,36,1.0,9,0.0,
nm0387360,36,1.0,9,0.0,
nm0387363,72,0.470588,3,0.0,1.6e-05
nm0387390,36,1.0,8,0.0,
nm0387519,36,1.0,8,0.0,
nm0387987,36,1.0,9,0.0,
nm0388064,36,1.0,9,0.070866,
nm0388092,36,1.0,2,0.0,
nm0388382,36,1.0,7,0.066316,
nm0388527,36,1.0,9,0.0,
nm0388635,36,1.0,8,0.0,
nm0388732,36,1.0,7,0.0,
nm0388819,36,1.0,9,0.0,
nm0389058,36,1.0,9,0.0,
nm0389377,36,1.0,8,0.0,
nm0389384,36,1.0,7,0.064286,
nm0389882,36,1.0,9,0.0,
nm0389888,36,1.0,8,0.0,
nm0389922,36,1.0,8,0.0,
nm0390486,36,1.0,4,0.0,
nm0391094,36,1.0,6,0.0,
nm0391327,36,1.0,1,0.0,
nm0391738,36,1.0,9,0.0,
nm0392113,36,1.0,7,0.0,
nm0392952,36,1.0,5,0.0,
nm0393028,36,1.0,2,0.0,
nm0393093,36,1.0,9,0.0,
nm0393276,36,1.0,9,0.0,
nm0393291,72,0.529412,7,0.0,
nm0393792,36,1.0,9,0.0,
nm0394499,36,1.0,7,0.0,
nm0394649,36,1.0,4,0.0,
nm0394661,130,0.298851,6,0.0,0.000688
nm0394670,36,1.0,9,0.0,
nm0394679,36,1.0,9,0.0,
nm0394723,36,1.0,9,0.0,
nm0394724,36,1.0,9,0.0,
nm0395942,36,1.0,9,0.0,
nm0395947,72,0.470588,8,0.0,0.000831
nm0395953,36,1.0,9,0.0,
nm0395964,36,1.0,9,0.0,
nm0396069,36,1.0,7,0.0,
nm0396137,36,1.0,9,0.0,
nm0396187,36,1.0,8,0.0,
nm0396212,36,1.0,9,0.0,
nm0396369,36,1.0,7,0.07554,
nm0396391,36,1.0,8,0.0,
nm0396558,36,1.0,5,0.0,
nm0397034,72,0.470588,8,0.0,0.0
nm0398388,36,1.0,9,0.0,
nm0398694,36,1.0,8,0.064286,
nm0398713,36,1.0,6,0.0,
nm0398760,36,1.0,8,0.0,
nm0398801,36,1.0,8,0.0,
nm0398934,36,1.0,6,0.0,
nm0399058,36,1.0,9,0.0,
nm0399251,36,1.0,7,0.0,
nm0401132,36,1.0,7,0.0,
nm0401264,36,1.0,7,0.0,
nm0401286,36,1.0,9,0.0,
nm0401841,36,1.0,8,0.0,
nm0403514,36,1.0,9,0.0,
nm0403899,36,1.0,9,0.0,
nm0403951,36,1.0,8,0.069922,
nm0404003,72,0.470588,9,0.0,0.0
nm0404924,36,1.0,7,0.086538,
nm0406163,36,1.0,9,0.0,
nm0406305,36,1.0,9,0.0,
nm0406363,36,1.0,7,0.0,
nm0406373,36,1.0,9,0.0,
nm0406594,36,1.0,8,0.0,
nm0406695,36,1.0,8,0.0,
nm0406710,36,1.0,9,0.0,
nm0406717,36,1.0,9,0.0,
nm0406718,73,0.477124,6,0.0,0.00023
nm0406727,192,0.212625,9,0.0,0.001111
nm0406732,36,1.0,8,0.0,
nm0406733,83,0.691667,12,0.0,
nm0406737,432,0.164384,5,0.0,0.002275
nm0406743,36,1.0,9,0.0,
nm0406891,36,1.0,9,0.0,
nm0406919,36,1.0,9,0.0,
nm0407002,36,1.0,6,0.0,
nm0407174,36,1.0,7,0.0,
nm0407329,36,1.0,8,0.0,
nm0407401,36,1.0,9,0.0,
nm0407411,36,1.0,8,0.0,
nm0407435,36,1.0,3,0.0,
nm0407508,36,1.0,8,0.0,
nm0407520,36,1.0,7,0.0,
nm0407548,36,1.0,8,0.0,
nm0408026,36,1.0,8,0.0,
nm0408142,36,1.0,9,0.0,
nm0408303,36,1.0,8,0.0,
nm0408309,36,1.0,8,0.0,
nm0408346,36,1.0,9,0.0,
nm0408374,36,1.0,8,0.0,
nm0408458,36,1.0,6,0.0,
nm0408585,36,1.0,9,0.0,
nm0409204,72,0.529412,4,0.117978,
nm0409272,36,1.0,8,0.0,
nm0409384,36,1.0,7,0.0,
nm0409466,36,1.0,8,0.0,
nm0409971,36,1.0,8,0.0,
nm0410160,36,1.0,7,0.0,
nm0410895,36,1.0,7,0.0,
nm0410914,36,1.0,8,0.0,
nm0410933,36,1.0,8,0.0,
nm0410965,116,0.386667,8,0.0,0.002184
nm0410968,72,0.470588,9,0.0,0.0
nm0410983,36,1.0,9,0.0,
nm0410987,36,1.0,9,0.0,
nm0411196,72,0.470588,9,0.0,4e-06
nm0411203,74,0.48366,4,0.0,1.3e-05
nm0411214,36,1.0,6,0.0,
nm0411417,72,0.470588,9,0.0,0.0
nm0411539,36,1.0,9,0.111901,
nm0411683,36,1.0,9,0.0,
nm0411715,72,0.529412,8,0.0,
nm0411733,36,1.0,7,0.0,
nm0411770,148,0.248739,7,0.0,0.001561
nm0411804,36,1.0,9,0.0,
nm0411857,36,1.0,6,0.0,
nm0411899,36,1.0,8,0.0,
nm0412046,36,1.0,8,0.0,
nm0412520,36,1.0,7,0.0,
nm0412600,36,1.0,8,0.0,
nm0412615,36,1.0,8,0.0,
nm0412632,36,1.0,8,0.0,
nm0412728,74,0.48366,9,0.0,0.000154
nm0412819,36,1.0,8,0.0,
nm0412824,74,0.544118,6,0.0,
nm0412850,72,0.470588,3,0.0,4.8e-05
nm0412862,36,1.0,8,0.0,
nm0412915,36,1.0,8,0.0,
nm0412917,108,0.307692,9,0.12963,0.003154
nm0413054,36,1.0,9,0.0,
nm0413245,36,1.0,8,0.082245,
nm0414130,36,1.0,9,0.0,
nm0414683,36,1.0,7,0.0,
nm0415185,36,1.0,1,0.0,
nm0415415,72,0.470588,3,0.0,6.3e-05
nm0415416,72,0.470588,8,0.0,0.0
nm0415612,36,1.0,5,0.0,
nm0415777,72,0.470588,9,0.0,0.0
nm0416077,36,1.0,9,0.0,
nm0417037,36,1.0,8,0.0,
nm0417309,36,1.0,6,0.110526,
nm0417314,36,1.0,9,0.12426,
nm0417370,36,1.0,8,0.0,
nm0417568,36,1.0,9,0.0,
nm0417687,36,1.0,9,0.0,
nm0417744,36,1.0,8,0.0,
nm0419273,36,1.0,8,0.062253,
nm0419293,36,1.0,8,0.0,
nm0419354,36,1.0,6,0.064351,
nm0419560,36,1.0,8,0.0,
nm0419653,36,1.0,8,0.1171,
nm0419660,254,0.191554,9,0.0,0.000237
nm0419677,72,0.470588,5,0.121387,8.4e-05
nm0419688,72,0.470588,5,0.126253,0.001008
nm0419705,72,0.470588,5,0.0,2e-06
nm0419709,36,1.0,9,0.0,
nm0419710,72,0.470588,6,0.0,5e-06
nm0419894,72,0.470588,9,0.0,0.0
nm0420156,36,1.0,5,0.0,
nm0420889,36,1.0,7,0.0,
nm0420926,36,1.0,8,0.0,
nm0421004,36,1.0,9,0.0,
nm0421044,36,1.0,9,0.0,
nm0421087,36,1.0,6,0.0,
nm0421110,36,1.0,9,0.0,
nm0421252,36,1.0,8,0.0,
nm0421690,36,1.0,5,0.0,
nm0422434,36,1.0,6,0.0,
nm0422550,36,1.0,7,0.126761,
nm0422567,36,1.0,9,0.0,
nm0422623,72,0.470588,9,0.0,3.2e-05
nm0422639,36,1.0,9,0.0,
nm0423031,36,1.0,8,0.0,
nm0423084,36,1.0,9,0.0,
nm0423102,36,1.0,9,0.0,
nm0423143,36,1.0,9,0.0,
nm0423268,36,1.0,9,0.0,
nm0423518,36,1.0,8,0.0,
nm0423722,36,1.0,9,0.0,
nm0424302,36,1.0,6,0.0,
nm0424453,36,1.0,7,0.0,
nm0424718,36,1.0,9,0.0,
nm0424800,36,1.0,5,0.0,
nm0424819,36,1.0,6,0.0,
nm0424848,72,0.470588,9,0.0,6.6e-05
nm0425490,36,1.0,6,0.0,
nm0425539,36,1.0,9,0.0,
nm0426970,36,1.0,9,0.057904,
nm0427358,36,1.0,9,0.077111,
nm0427378,36,1.0,7,0.0,
nm0427963,72,0.470588,8,0.0,0.0
nm0429069,72,0.470588,6,0.0,0.0
nm0429348,36,1.0,8,0.087866,
nm0429768,36,1.0,9,0.0,
nm0429886,36,1.0,9,0.083554,
nm0430331,36,1.0,8,0.0,
nm0430705,36,1.0,7,0.0,
nm0430803,108,0.307692,9,0.106419,0.001213
nm0430817,109,0.310541,1,0.116883,0.000471
nm0430825,185,0.19556,9,0.109565,0.001699
nm0431221,36,1.0,6,0.0,
nm0431235,36,1.0,8,0.058279,
nm0431259,36,1.0,8,0.0,
nm0431520,36,1.0,8,0.077111,
nm0431732,36,1.0,9,0.0,
nm0431918,36,1.0,9,0.0,
nm0432479,36,1.0,8,0.0,
nm0432531,72,0.470588,7,0.0,0.0
nm0432601,36,1.0,8,0.0,
nm0433385,36,1.0,8,0.0,
nm0433697,36,1.0,4,0.0,
nm0433893,109,0.335385,4,0.127789,0.001134
nm0433940,36,1.0,7,0.0,
nm0434129,36,1.0,6,0.0,
nm0434169,36,1.0,7,0.0,
nm0434263,108,0.307692,3,0.125498,0.002318
nm0434444,36,1.0,8,0.0,
nm0434553,36,1.0,7,0.0,
nm0434557,36,1.0,7,0.0,
nm0434593,72,0.470588,9,0.0,0.000508
nm0434595,392,0.162319,2,0.0,0.003029
nm0434941,73,0.477124,4,0.0,2e-06
nm0435358,36,1.0,9,0.0,
nm0435766,36,1.0,9,0.0,
nm0436315,36,1.0,5,0.0,
nm0436345,36,1.0,8,0.0,
nm0436620,36,1.0,8,0.0,
nm0436644,36,1.0,9,0.0,
nm0436648,36,1.0,7,0.0,
nm0436788,36,1.0,8,0.0,
nm0437053,72,0.6,4,0.115385,
nm0437088,72,0.470588,9,0.0,2.2e-05
nm0437097,36,1.0,9,0.0,
nm0437140,202,0.272605,7,0.0,7.4e-05
nm0437156,36,1.0,8,0.057904,
nm0437482,36,1.0,9,0.0,
nm0437701,36,1.0,7,0.0,
nm0437787,36,1.0,8,0.104132,
nm0437849,36,1.0,7,0.0,
nm0438463,72,0.470588,4,0.120459,0.000305
nm0438467,36,1.0,4,0.0,
nm0438496,36,1.0,8,0.109565,
nm0438578,72,0.470588,9,0.0,0.0
nm0438704,36,1.0,7,0.0,
nm0438736,36,1.0,6,0.0,
nm0438829,36,1.0,8,0.0,
nm0438895,36,1.0,9,0.0,
nm0439307,36,1.0,9,0.0,
nm0439312,36,1.0,9,0.0,
nm0439409,36,1.0,9,0.0,
nm0439421,36,1.0,8,0.0,
nm0439878,36,1.0,9,0.0,
nm0440107,36,1.0,9,0.0,
nm0440202,220,0.21256,8,0.0,5e-05
nm0440286,36,1.0,5,0.0,
nm0440368,36,1.0,9,0.0,
nm0440375,36,1.0,9,0.0,
nm0440406,36,1.0,8,0.0,
nm0440590,72,0.470588,4,0.0,0.0
nm0441098,36,1.0,9,0.0,
nm0441102,237,0.42246,7,0.0,8.4e-05
nm0441154,72,0.529412,2,0.0,
nm0441161,36,1.0,7,0.0,
nm0441173,149,0.25042,8,0.0,0.001702
nm0441191,73,0.477124,6,0.0,3.2e-05
nm0441225,36,1.0,6,0.0,
nm0441287,36,1.0,6,0.0,
nm0441375,36,1.0,7,0.0,
nm0441377,36,1.0,7,0.0,
nm0441393,36,1.0,8,0.0,
nm0441399,72,0.470588,9,0.0,0.0
nm0441526,174,0.4,8,0.0,6.3e-05
nm0441548,36,1.0,7,0.0,
nm0441549,36,1.0,6,0.0,
nm0441557,73,0.477124,6,0.0,0.000218
nm0441571,115,0.353846,8,0.0,0.000176
nm0441574,36,1.0,9,0.0,
nm0441592,36,1.0,6,0.0,
nm0441961,36,1.0,8,0.0,
nm0442207,72,0.470588,9,0.0,0.0
nm0442368,36,1.0,9,0.0,
nm0442471,36,1.0,3,0.0,
nm0442479,72,0.470588,9,0.115596,0.000387
nm0442622,36,1.0,6,0.061765,
nm0442814,36,1.0,7,0.0,
nm0442848,36,1.0,8,0.0,
nm0442891,36,1.0,9,0.0,
nm0442910,36,1.0,7,0.0,
nm0442933,36,1.0,9,0.0,
nm0442951,36,1.0,8,0.0,
nm0442955,36,1.0,6,0.0,
nm0443559,36,1.0,9,0.0,
nm0443570,36,1.0,6,0.0,
nm0443937,36,1.0,7,0.0,
nm0444248,36,1.0,6,0.0,
nm0444324,36,1.0,8,0.0,
nm0444343,36,1.0,8,0.0,
nm0444795,36,1.0,9,0.0,
nm0446228,36,1.0,6,0.0,
nm0446314,36,1.0,6,0.0,
nm0447240,36,1.0,9,0.111111,
nm0447527,36,1.0,7,0.0,
nm0448906,36,1.0,7,0.0,
nm0449215,36,1.0,8,0.0,
nm0449276,36,1.0,4,0.0,
nm0450540,36,1.0,7,0.0,
nm0450975,36,1.0,9,0.0,
nm0451086,36,1.0,9,0.065489,
nm0451174,36,1.0,9,0.116236,
nm0451183,72,0.470588,4,0.111702,0.001411
nm0451272,73,0.477124,9,0.116236,1.7e-05
nm0451318,36,1.0,9,0.0,
nm0451345,36,1.0,8,0.0,
nm0451379,36,1.0,8,0.103618,
nm0451387,36,1.0,8,0.0,
nm0451483,72,0.470588,9,0.0,0.0
nm0451561,72,0.470588,9,0.12831,0.001149
nm0451571,72,0.470588,8,0.0,0.0
nm0451574,36,1.0,7,0.0,
nm0451600,72,0.470588,5,0.131524,0.0
nm0451857,36,1.0,9,0.0,
nm0451864,73,0.477124,9,0.116022,7.3e-05
nm0452091,36,1.0,9,0.0,
nm0452224,36,1.0,7,0.054031,
nm0452338,36,1.0,8,0.0,
nm0452609,36,1.0,7,0.0,
nm0452748,36,1.0,9,0.0,
nm0452860,36,1.0,9,0.0,
nm0452875,36,1.0,9,0.0,
nm0452925,36,1.0,9,0.0,
nm0452939,36,1.0,2,0.0,
nm0453440,72,0.470588,1,0.0,0.0
nm0453584,36,1.0,9,0.0,
nm0454049,36,1.0,6,0.0,
nm0455502,36,1.0,2,0.0,
nm0455698,36,1.0,9,0.0,
nm0455816,72,0.470588,2,0.0,7e-06
nm0455829,36,1.0,7,0.0,
nm0456507,36,1.0,7,0.0,
nm0456832,36,1.0,6,0.0,
nm0457038,36,1.0,7,0.0,
nm0457112,73,0.536765,5,0.0,
nm0457204,36,1.0,6,0.0,
nm0457225,36,1.0,9,0.0,
nm0457483,36,1.0,7,0.0,
nm0457492,149,0.25042,2,0.0,0.002677
nm0457498,36,1.0,7,0.0,
nm0457500,36,1.0,8,0.0,
nm0457502,72,0.470588,8,0.0,0.000139
nm0457506,36,1.0,9,0.0,
nm0457526,36,1.0,9,0.0,
nm0457575,109,0.335385,9,0.0,0.005848
nm0457590,36,1.0,8,0.0,
nm0457612,36,1.0,8,0.0,
nm0457860,36,1.0,8,0.0,
nm0457877,36,1.0,7,0.0,
nm0457953,222,0.181224,5,0.0,0.008347
nm0457954,72,0.470588,5,0.0,0.000737
nm0457956,72,0.470588,6,0.0,0.000178
nm0457973,36,1.0,6,0.0,
nm0457999,36,1.0,8,0.070156,
nm0458511,36,1.0,8,0.0,
nm0459294,36,1.0,5,0.0,
nm0459732,36,1.0,6,0.0,
nm0460423,36,1.0,9,0.0,
nm0460694,72,0.470588,9,0.0,0.0
nm0460697,69,0.657143,9,0.0,
nm0460739,36,1.0,6,0.0,
nm0461746,36,1.0,6,0.0,
nm0461904,36,1.0,7,0.0,
nm0462008,36,1.0,8,0.0,
nm0462013,116,0.356923,9,0.0,0.000376
nm0462017,72,0.470588,7,0.0,0.000429
nm0462042,36,1.0,6,0.0,
nm0462069,36,1.0,9,0.0,
nm0462073,36,1.0,8,0.0,
nm0462164,36,1.0,8,0.062008,
nm0462181,206,0.239257,7,0.0,0.000826
nm0462182,75,0.490196,9,0.0,0.000263
nm0462208,86,0.632353,4,0.0,
nm0462387,36,1.0,7,0.0,
nm0463152,36,1.0,8,0.0,
nm0463201,36,1.0,8,0.0,
nm0463500,72,0.470588,5,0.0,0.007334
nm0463539,36,1.0,9,0.0,
nm0463753,36,1.0,8,0.0,
nm0463774,36,1.0,9,0.0,
nm0463827,36,1.0,7,0.0,
nm0463953,74,0.544118,7,0.0,
nm0464522,36,1.0,9,0.0,
nm0464592,36,1.0,8,0.0,
nm0464641,36,1.0,8,0.0,
nm0464669,36,1.0,6,0.0,
nm0464710,36,1.0,6,0.0,
nm0464880,36,1.0,9,0.088235,
nm0464884,36,1.0,9,0.0,
nm0465041,36,1.0,7,0.0,
nm0465214,36,1.0,6,0.0,
nm0465221,36,1.0,9,0.0,
nm0465235,36,1.0,9,0.0,
nm0465236,36,1.0,7,0.0,
nm0465503,36,1.0,8,0.0,
nm0465531,36,1.0,8,0.0,
nm0465532,36,1.0,5,0.0,
nm0466924,36,1.0,5,0.0,
nm0466936,76,0.496732,6,0.0,5e-06
nm0467043,79,0.51634,9,0.0,2.2e-05
nm0467248,72,0.470588,3,0.0,1.4e-05
nm0467379,36,1.0,7,0.0,
nm0467478,36,1.0,9,0.0,
nm0467557,36,1.0,7,0.0,
nm0468491,36,1.0,5,0.0,
nm0468699,36,1.0,9,0.0,
nm0468711,36,1.0,6,0.0,
nm0468727,36,1.0,8,0.0,
nm0468729,36,1.0,6,0.0,
nm0468773,36,1.0,9,0.0,
nm0470050,36,1.0,3,0.0,
nm0470886,36,1.0,7,0.0,
nm0470901,36,1.0,4,0.0,
nm0471422,73,0.477124,9,0.132911,0.001178
nm0471447,36,1.0,9,0.105882,
nm0471459,36,1.0,9,0.102606,
nm0471601,36,1.0,9,0.0,
nm0471807,36,1.0,9,0.057065,
nm0471942,36,1.0,8,0.0,
nm0472431,72,0.470588,9,0.0,0.0
nm0472710,36,1.0,8,0.0,
nm0472912,36,1.0,9,0.0,
nm0473132,36,1.0,9,0.0,
nm0473162,36,1.0,8,0.068478,
nm0473530,36,1.0,8,0.0,
nm0473802,36,1.0,8,0.0,
nm0473814,36,1.0,8,0.0,
nm0474054,36,1.0,7,0.0,
nm0474334,36,1.0,8,0.0,
nm0474492,72,0.470588,3,0.0,0.0
nm0474609,108,0.307692,9,0.139073,0.007047
nm0474774,109,0.310541,7,0.135193,0.004936
nm0474779,36,1.0,8,0.0,
nm0474820,36,1.0,8,0.103279,
nm0474871,73,0.536765,6,0.125498,
nm0474916,36,1.0,9,0.0,
nm0474919,73,0.477124,7,0.0,2.1e-05
nm0475035,36,1.0,8,0.0,
nm0475054,36,1.0,9,0.0,
nm0475336,36,1.0,8,0.06833,
nm0475737,36,1.0,7,0.0,
nm0475872,75,0.490196,7,0.0,3.6e-05
nm0475900,72,0.470588,1,0.0,0.0
nm0476182,36,1.0,5,0.0,
nm0476211,72,0.470588,9,0.0,0.0
nm0476675,73,0.608333,8,0.0,
nm0476821,36,1.0,9,0.0,
nm0477066,36,1.0,6,0.0,
nm0477108,36,1.0,7,0.0,
nm0477209,36,1.0,6,0.0,
nm0477461,36,1.0,7,0.0,
nm0477753,36,1.0,8,0.0,
nm0477767,75,0.551471,6,0.0,
nm0477810,36,1.0,9,0.0,
nm0479098,36,1.0,8,0.0,
nm0479300,36,1.0,9,0.0,
nm0479590,36,1.0,9,0.06409,
nm0480298,36,1.0,8,0.0,
nm0480524,36,1.0,6,0.0,
nm0480658,36,1.0,8,0.0,
nm0480808,36,1.0,9,0.0,
nm0481024,36,1.0,6,0.0,
nm0481185,36,1.0,9,0.0,
nm0481246,36,1.0,8,0.0,
nm0481336,36,1.0,9,0.0,
nm0481363,36,1.0,7,0.09157,
nm0481374,36,1.0,9,0.0,
nm0481547,36,1.0,8,0.0,
nm0481591,36,1.0,6,0.0,
nm0481737,36,1.0,5,0.0,
nm0481994,36,1.0,7,0.0,
nm0482126,36,1.0,8,0.0,
nm0482261,36,1.0,5,0.0,
nm0482285,73,0.477124,6,0.121622,5.3e-05
nm0482289,36,1.0,5,0.110526,
nm0482300,112,0.373333,7,0.125,0.000266
nm0482309,36,1.0,9,0.116451,
nm0482656,36,1.0,6,0.0,
nm0482695,144,0.228571,2,0.0,3.4e-05
nm0482970,72,0.470588,1,0.0,0.0
nm0483069,36,1.0,8,0.0,
nm0483105,36,1.0,8,0.0,
nm0483818,36,1.0,9,0.0,
nm0484005,36,1.0,9,0.0,
nm0484051,36,1.0,9,0.0,
nm0484588,36,1.0,6,0.0,
nm0484763,36,1.0,7,0.0,
nm0484916,36,1.0,5,0.0,
nm0485707,36,1.0,8,0.0,
nm0486426,36,1.0,2,0.0,
nm0486761,36,1.0,9,0.0,
nm0487954,36,1.0,8,0.0,
nm0488477,36,1.0,7,0.0,
nm0489783,36,1.0,7,0.0,
nm0489858,36,1.0,5,0.0,
nm0490375,36,1.0,5,0.0,
nm0490466,36,1.0,6,0.0,
nm0490489,36,1.0,9,0.0,
nm0490492,36,1.0,8,0.0,
nm0490513,72,0.470588,8,0.0,4.2e-05
nm0491045,36,1.0,5,0.0,
nm0491065,36,1.0,8,0.0,
nm0491136,36,1.0,8,0.0,
nm0491426,36,1.0,6,0.0,
nm0491453,36,1.0,9,0.0,
nm0491551,36,1.0,8,0.0,
nm0491664,36,1.0,8,0.0,
nm0492089,36,1.0,7,0.07554,
nm0492352,72,0.470588,9,0.0,1.8e-05
nm0492924,36,1.0,9,0.0,
nm0492932,36,1.0,9,0.0,
nm0493723,36,1.0,9,0.0,
nm0493797,36,1.0,8,0.0,
nm0494270,36,1.0,8,0.0,
nm0494887,36,1.0,7,0.0,
nm0495485,36,1.0,5,0.0,
nm0495799,36,1.0,5,0.0,
nm0495920,36,1.0,5,0.0,
nm0495950,36,1.0,9,0.0,
nm0496987,36,1.0,9,0.0,
nm0497362,36,1.0,9,0.0,
nm0497631,36,1.0,9,0.0,
nm0497691,36,1.0,8,0.0,
nm0497888,36,1.0,8,0.0,
nm0497901,36,1.0,8,0.0,
nm0498004,36,1.0,8,0.0,
nm0498076,36,1.0,9,0.0,
nm0498165,36,1.0,6,0.07554,
nm0498189,36,1.0,7,0.0,
nm0500618,175,0.277778,9,0.0,3.5e-05
nm0500704,36,1.0,8,0.0,
nm0501218,36,1.0,9,0.0,
nm0501256,72,0.470588,3,0.0,0.0
nm0501309,36,1.0,9,0.0,
nm0501743,36,1.0,7,0.0,
nm0501802,36,1.0,8,0.0,
nm0502425,36,1.0,8,0.0,
nm0502813,36,1.0,6,0.0,
nm0504320,36,1.0,8,0.0,
nm0504897,36,1.0,8,0.062253,
nm0504942,72,0.470588,1,0.0,0.0
nm0505323,36,1.0,8,0.09403,
nm0507065,36,1.0,9,0.0,
nm0507073,36,1.0,5,0.0,
nm0507320,36,1.0,6,0.0,
nm0507535,36,1.0,9,0.0,
nm0507592,36,1.0,8,0.0,
nm0507814,36,1.0,8,0.0,
nm0508188,36,1.0,9,0.0,
nm0508293,36,1.0,6,0.0,
nm0508417,36,1.0,7,0.0,
nm0508424,36,1.0,6,0.0,
nm0508561,36,1.0,9,0.0,
nm0508708,36,1.0,6,0.0,
nm0509539,36,1.0,8,0.0,
nm0509748,36,1.0,9,0.0,
nm0509811,36,1.0,5,0.0,
nm0509937,36,1.0,4,0.0,
nm0510528,36,1.0,7,0.0,
nm0510620,36,1.0,7,0.0,
nm0510694,36,1.0,9,0.0,
nm0511576,36,1.0,4,0.0,
nm0512420,36,1.0,7,0.0,
nm0513385,36,1.0,8,0.0,
nm0513598,36,1.0,8,0.113106,
nm0514108,36,1.0,6,0.0,
nm0514944,36,1.0,9,0.0,
nm0515200,36,1.0,8,0.0,
nm0515405,36,1.0,9,0.0,
nm0515592,36,1.0,8,0.0,
nm0516020,36,1.0,7,0.0,
nm0516272,36,1.0,6,0.0,
nm0516404,36,1.0,6,0.0,
nm0517028,36,1.0,9,0.0,
nm0517638,36,1.0,9,0.0,
nm0517642,36,1.0,6,0.054031,
nm0517978,36,1.0,9,0.0,
nm0518074,36,1.0,9,0.0,
nm0518310,36,1.0,6,0.0,
nm0518806,36,1.0,8,0.0,
nm0519023,36,1.0,7,0.0,
nm0519456,72,0.470588,8,0.0,0.0
nm0519933,36,1.0,8,0.060403,
nm0520064,36,1.0,5,0.0,
nm0520787,36,1.0,5,0.0,
nm0521808,36,1.0,8,0.0,
nm0522205,72,0.470588,1,0.0,0.0
nm0522324,36,1.0,8,0.0,
nm0523592,36,1.0,5,0.0,
nm0523717,36,1.0,7,0.0,
nm0523933,36,1.0,5,0.0,
nm0524011,36,1.0,8,0.0,
nm0524591,36,1.0,8,0.108808,
nm0524807,36,1.0,9,0.0,
nm0524992,36,1.0,8,0.0,
nm0524999,51,0.927273,8,0.0,
nm0525715,72,0.470588,2,0.068702,3.6e-05
nm0525940,36,1.0,0,0.0,
nm0526182,36,1.0,8,0.09633,
nm0526675,36,1.0,9,0.0,
nm0527959,36,1.0,1,0.0,
nm0529310,36,1.0,9,0.083554,
nm0529452,36,1.0,4,0.0,
nm0530286,36,1.0,7,0.06833,
nm0530609,36,1.0,7,0.0,
nm0530726,36,1.0,6,0.0,
nm0530782,36,1.0,8,0.0,
nm0530961,36,1.0,7,0.0,
nm0531073,36,1.0,7,0.0,
nm0531722,36,1.0,6,0.0,
nm0532067,36,1.0,8,0.0,
nm0532160,36,1.0,6,0.086538,
nm0532610,36,1.0,9,0.0,
nm0532721,36,1.0,8,0.0,
nm0532778,36,1.0,7,0.0,
nm0533589,36,1.0,8,0.0,
nm0533832,36,1.0,7,0.0,
nm0534497,72,0.470588,9,0.0,0.0
nm0534856,73,0.477124,5,0.132353,0.003014
nm0535295,36,1.0,9,0.0,
nm0535761,36,1.0,5,0.0,
nm0536095,72,0.470588,9,0.064155,0.0
nm0536866,36,1.0,9,0.0,
nm0537648,36,1.0,8,0.0,
nm0537977,36,1.0,8,0.087017,
nm0538137,36,1.0,5,0.0,
nm0538214,36,1.0,9,0.0,
nm0538303,36,1.0,8,0.095023,
nm0538568,36,1.0,8,0.0,
nm0538717,36,1.0,9,0.0,
nm0539335,72,0.470588,4,0.0,0.000261
nm0539336,36,1.0,9,0.0,
nm0540038,36,1.0,6,0.0,
nm0540261,36,1.0,6,0.0,
nm0540441,36,1.0,9,0.0,
nm0541126,75,0.490196,6,0.115809,3.4e-05
nm0541193,36,1.0,8,0.0,
nm0541218,36,1.0,8,0.0,
nm0541238,36,1.0,9,0.0,
nm0541256,36,1.0,8,0.06409,
nm0541408,36,1.0,8,0.0,
nm0541507,72,0.470588,8,0.0,0.0
nm0541849,36,1.0,7,0.0,
nm0541908,36,1.0,7,0.113106,
nm0542040,36,1.0,8,0.0,
nm0542343,36,1.0,8,0.106961,
nm0542498,36,1.0,9,0.104132,
nm0542510,36,1.0,9,0.112299,
nm0543350,36,1.0,4,0.0,
nm0543547,36,1.0,6,0.0,
nm0543666,36,1.0,9,0.0,
nm0544010,36,1.0,8,0.0,
nm0544330,36,1.0,7,0.0,
nm0544334,36,1.0,6,0.0,
nm0545166,36,1.0,5,0.0,
nm0545622,36,1.0,8,0.0,
nm0545884,36,1.0,8,0.0,
nm0546091,36,1.0,7,0.0,
nm0546236,36,1.0,6,0.0,
nm0546417,36,1.0,9,0.0,
nm0546997,36,1.0,8,0.0,
nm0547523,36,1.0,7,0.0,
nm0547578,36,1.0,8,0.071591,
nm0547982,36,1.0,5,0.0,
nm0548133,36,1.0,9,0.0,
nm0548686,36,1.0,8,0.0,
nm0549505,36,1.0,8,0.0,
nm0550073,36,1.0,8,0.0,
nm0550371,36,1.0,6,0.0,
nm0552595,36,1.0,7,0.0,
nm0553186,36,1.0,8,0.048951,
nm0553440,36,1.0,7,0.0,
nm0553747,36,1.0,8,0.0,
nm0553778,36,1.0,8,0.0,
nm0553816,36,1.0,8,0.0,
nm0554112,36,1.0,9,0.0,
nm0555221,36,1.0,7,0.0,
nm0555474,111,0.402174,7,0.0,0.000209
nm0555500,36,1.0,8,0.077111,
nm0555902,36,1.0,7,0.0,
nm0556305,36,1.0,8,0.0,
nm0556623,36,1.0,9,0.0,
nm0557552,36,1.0,9,0.0,
nm0557598,72,0.470588,9,0.0,1.1e-05
nm0557609,36,1.0,7,0.0,
nm0557904,36,1.0,9,0.0,
nm0557918,72,0.529412,3,0.0,
nm0557983,36,1.0,8,0.0,
nm0558219,36,1.0,4,0.0,
nm0558261,36,1.0,6,0.0,
nm0558593,75,0.490196,5,0.119772,9e-06
nm0558898,36,1.0,9,0.0,
nm0558981,36,1.0,8,0.127273,
nm0559385,36,1.0,7,0.0,
nm0559420,36,1.0,9,0.0,
nm0559471,36,1.0,5,0.0,
nm0559487,110,0.366667,6,0.0,2.3e-05
nm0559607,36,1.0,6,0.0,
nm0559642,36,1.0,9,0.0,
nm0559647,36,1.0,9,0.0,
nm0559869,36,1.0,9,0.0,
nm0559992,36,1.0,9,0.0,
nm0560412,36,1.0,9,0.0,
nm0560619,36,1.0,9,0.0,
nm0561114,36,1.0,7,0.0,
nm0561155,36,1.0,8,0.0,
nm0561356,36,1.0,9,0.0,
nm0562210,36,1.0,4,0.0,
nm0562953,36,1.0,8,0.0,
nm0563519,36,1.0,6,0.0,
nm0564012,36,1.0,8,0.0,
nm0564697,36,1.0,8,0.0,
nm0566279,36,1.0,8,0.0,
nm0567204,36,1.0,7,0.0,
nm0567589,36,1.0,9,0.0,
nm0568385,108,0.307692,1,0.0,0.0
nm0568729,36,1.0,9,0.0,
nm0568770,36,1.0,8,0.081081,
nm0569226,36,1.0,5,0.0,
nm0570364,72,0.470588,9,0.0,0.0
nm0570971,36,1.0,3,0.0,
nm0571264,36,1.0,9,0.0,
nm0572324,36,1.0,5,0.0,
nm0574159,36,1.0,8,0.0,
nm0575235,36,1.0,8,0.0,
nm0575397,36,1.0,6,0.0,
nm0575671,73,0.477124,4,0.0,0.0
nm0575922,36,1.0,8,0.06409,
nm0576364,36,1.0,7,0.0,
nm0577420,36,1.0,6,0.0,
nm0577741,36,1.0,7,0.0,
nm0578208,36,1.0,9,0.0,
nm0578248,36,1.0,8,0.0,
nm0579076,36,1.0,8,0.0,
nm0579159,36,1.0,8,0.0,
nm0579756,110,0.31339,7,0.119772,2.1e-05
nm0579795,36,1.0,8,0.078358,
nm0579840,36,1.0,8,0.0,
nm0580158,36,1.0,8,0.0,
nm0580224,36,1.0,7,0.0,
nm0580382,36,1.0,5,0.0,
nm0580986,36,1.0,7,0.0,
nm0581506,36,1.0,7,0.0,
nm0581781,36,1.0,8,0.0,
nm0581953,36,1.0,9,0.0,
nm0582149,36,1.0,5,0.0,
nm0582228,36,1.0,6,0.0,
nm0582257,108,0.307692,5,0.116236,0.003806
nm0582278,36,1.0,6,0.0,
nm0582889,36,1.0,8,0.060229,
nm0583681,36,1.0,7,0.0,
nm0583856,36,1.0,8,0.0,
nm0584206,36,1.0,9,0.0,
nm0584575,36,1.0,8,0.0,
nm0585469,36,1.0,8,0.0,
nm0586223,36,1.0,7,0.0,
nm0586261,36,1.0,7,0.06409,
nm0586520,36,1.0,8,0.0,
nm0586524,72,0.470588,9,0.0,0.001925
nm0586534,36,1.0,8,0.0,
nm0586549,36,1.0,8,0.0,
nm0587396,36,1.0,8,0.0,
nm0587686,36,1.0,5,0.0,
nm0588404,36,1.0,3,0.0,
nm0589019,36,1.0,8,0.0,
nm0589141,72,0.470588,7,0.0,0.0
nm0589900,36,1.0,6,0.0,
nm0590507,36,1.0,7,0.0,
nm0590775,120,0.4,8,0.0,0.000393
nm0590819,36,1.0,7,0.0,
nm0590906,92,0.538012,6,0.0,6.3e-05
nm0590907,36,1.0,9,0.0,
nm0590911,36,1.0,8,0.0,
nm0590922,36,1.0,9,0.0,
nm0590931,113,0.321937,8,0.0,0.002373
nm0590935,72,0.470588,5,0.0,2.3e-05
nm0590940,36,1.0,9,0.0,
nm0590985,131,0.373219,9,0.0,0.000116
nm0591097,82,0.602941,8,0.0,
nm0591389,72,0.529412,7,0.0,
nm0591540,73,0.477124,9,0.0,0.000145
nm0591651,36,1.0,9,0.0,
nm0592271,36,1.0,7,0.0,
nm0592285,36,1.0,9,0.0,
nm0592398,72,0.529412,9,0.0,
nm0592623,36,1.0,8,0.0,
nm0592654,36,1.0,9,0.0,
nm0592756,110,0.31339,5,0.0,0.000256
nm0592759,73,0.536765,5,0.0,
nm0592782,36,1.0,8,0.0,
nm0592799,109,0.310541,9,0.096923,2e-05
nm0592882,191,0.201903,9,0.0,0.002592
nm0593043,167,0.35914,9,0.0,0.000472
nm0593330,36,1.0,9,0.0,
nm0593930,36,1.0,9,0.0,
nm0593961,36,1.0,7,0.0,
nm0594055,72,0.470588,9,0.0,0.000723
nm0594062,155,0.276292,9,0.0,0.001753
nm0594263,36,1.0,8,0.0,
nm0594276,36,1.0,5,0.0,
nm0594331,36,1.0,8,0.0,
nm0594344,36,1.0,9,0.0,
nm0594348,110,0.31339,8,0.0,0.004282
nm0594365,73,0.477124,9,0.0,0.000259
nm0594381,36,1.0,8,0.0,
nm0594391,72,0.470588,9,0.0,0.000317
nm0594638,36,1.0,9,0.0,
nm0594640,184,0.292063,8,0.0,0.000264
nm0594652,185,0.214866,3,0.0,0.001628
nm0594667,36,1.0,9,0.0,
nm0594679,74,0.48366,8,0.0,0.000349
nm0594702,72,0.470588,8,0.0,0.000329
nm0594709,74,0.48366,5,0.0,0.000516
nm0594728,36,1.0,8,0.0,
nm0594758,36,1.0,8,0.0,
nm0594909,36,1.0,7,0.0,
nm0595105,36,1.0,9,0.0,
nm0595631,36,1.0,7,0.081081,
nm0595914,36,1.0,9,0.119772,
nm0595936,36,1.0,7,0.106961,
nm0596097,36,1.0,4,0.0,
nm0596440,36,1.0,3,0.0,
nm0596461,72,0.470588,1,0.0,0.0
nm0596681,36,1.0,6,0.0,
nm0597388,36,1.0,7,0.091971,
nm0597853,36,1.0,7,0.0,
nm0598454,36,1.0,8,0.099057,
nm0598590,36,1.0,9,0.0,
nm0599137,36,1.0,7,0.0,
nm0599138,36,1.0,7,0.0,
nm0599493,36,1.0,9,0.0,
nm0599748,36,1.0,9,0.0,
nm0599999,36,1.0,6,0.0,
nm0601041,36,1.0,7,0.0,
nm0601335,36,1.0,8,0.0,
nm0601512,36,1.0,2,0.0,
nm0602071,36,1.0,4,0.0,
nm0602131,36,1.0,6,0.0,
nm0602813,36,1.0,7,0.066386,
nm0602941,36,1.0,4,0.0,
nm0603265,36,1.0,6,0.0,
nm0603516,36,1.0,6,0.0,
nm0604349,36,1.0,9,0.0,
nm0604430,36,1.0,7,0.0,
nm0604507,36,1.0,9,0.0,
nm0604742,36,1.0,6,0.0,
nm0604919,36,1.0,8,0.0,
nm0605186,36,1.0,4,0.0,
nm0605252,36,1.0,4,0.0,
nm0605299,379,0.275036,11,0.0,9.1e-05
nm0605449,109,0.310541,3,0.0,0.001723
nm0605668,36,1.0,7,0.0,
nm0605706,36,1.0,6,0.0,
nm0605710,72,0.470588,5,0.0,0.000255
nm0605750,72,0.529412,8,0.0,
nm0606168,36,1.0,9,0.0,
nm0607325,36,1.0,6,0.091971,
nm0607375,36,1.0,6,0.0,
nm0607415,36,1.0,7,0.0,
nm0608214,73,0.477124,9,0.0,0.000338
nm0608440,36,1.0,5,0.0,
nm0608513,36,1.0,9,0.075269,
nm0608578,36,1.0,7,0.0,
nm0609182,36,1.0,8,0.0,
nm0609310,73,0.477124,6,0.0,3.7e-05
nm0609396,72,0.470588,6,0.0,0.000298
nm0609706,36,1.0,9,0.12831,
nm0609820,36,1.0,4,0.0,
nm0609999,72,0.470588,8,0.0,0.0
nm0610459,36,1.0,9,0.081186,
nm0610565,36,1.0,8,0.0,
nm0610612,36,1.0,7,0.0,
nm0610699,36,1.0,8,0.0,
nm0611145,36,1.0,6,0.0,
nm0611481,36,1.0,8,0.117978,
nm0611663,36,1.0,7,0.095023,
nm0611985,36,1.0,2,0.0,
nm0612117,36,1.0,8,0.0,
nm0612217,108,0.332308,7,0.0,0.0
nm0612534,72,0.470588,9,0.104651,0.0
nm0612616,36,1.0,7,0.0,
nm0613147,36,1.0,5,0.0,
nm0613417,36,1.0,8,0.0,
nm0613420,36,1.0,9,0.065353,
nm0613472,36,1.0,8,0.0,
nm0613590,74,0.48366,8,0.0,0.000723
nm0613596,36,1.0,9,0.0,
nm0613663,36,1.0,3,0.0,
nm0613874,36,1.0,8,0.0,
nm0614885,36,1.0,8,0.0,
nm0615531,36,1.0,8,0.0,
nm0615905,36,1.0,5,0.0,
nm0615992,36,1.0,8,0.0,
nm0616111,72,0.470588,1,0.0,0.0
nm0616192,36,1.0,9,0.0,
nm0616391,36,1.0,9,0.0,
nm0616790,36,1.0,7,0.0,
nm0617031,36,1.0,6,0.0,
nm0617078,36,1.0,5,0.0,
nm0618502,36,1.0,6,0.0,
nm0618522,36,1.0,9,0.0,
nm0618574,72,0.529412,6,0.0,
nm0618628,71,0.591667,6,0.0,
nm0618651,36,1.0,6,0.113106,
nm0618936,74,0.48366,9,0.106419,0.000215
nm0618960,36,1.0,6,0.0,
nm0619047,74,0.48366,9,0.117757,0.000416
nm0619098,36,1.0,9,0.0,
nm0619107,155,0.276292,9,0.0,0.000462
nm0619178,36,1.0,7,0.0,
nm0619185,36,1.0,7,0.0,
nm0619200,36,1.0,8,0.0,
nm0619227,72,0.529412,4,0.0,
nm0619247,36,1.0,4,0.0,
nm0619496,36,1.0,7,0.0,
nm0619578,36,1.0,6,0.0,
nm0619651,36,1.0,8,0.0,
nm0619821,36,1.0,7,0.0,
nm0619834,36,1.0,7,0.0,
nm0619870,36,1.0,8,0.0,
nm0619931,72,0.470588,6,0.0,0.000462
nm0619969,36,1.0,6,0.0,
nm0619997,72,0.529412,3,0.0,
nm0620017,36,1.0,9,0.0,
nm0620018,36,1.0,6,0.0,
nm0620083,72,0.470588,8,0.0,0.000232
nm0620120,36,1.0,8,0.0,
nm0620124,72,0.470588,7,0.0,6e-06
nm0620150,36,1.0,8,0.0,
nm0620172,112,0.344615,7,0.0,0.001065
nm0620173,36,1.0,9,0.0,
nm0620186,36,1.0,4,0.0,
nm0620221,36,1.0,9,0.0,
nm0620241,72,0.529412,8,0.0,
nm0620433,36,1.0,9,0.0,
nm0620634,36,1.0,8,0.0,
nm0620636,110,0.31339,4,0.1171,0.000258
nm0620651,36,1.0,6,0.0,
nm0620657,36,1.0,8,0.0,
nm0620672,36,1.0,9,0.0,
nm0620685,36,1.0,9,0.104132,
nm0620808,36,1.0,7,0.0,
nm0620816,72,0.470588,9,0.103789,0.0
nm0620847,36,1.0,9,0.0,
nm0620862,36,1.0,7,0.0,
nm0620919,36,1.0,9,0.0,
nm0621066,36,1.0,9,0.105175,
nm0621176,36,1.0,5,0.0,
nm0621348,72,0.470588,1,0.0,0.0
nm0621418,36,1.0,9,0.122568,
nm0621454,36,1.0,8,0.0,
nm0621863,36,1.0,8,0.0,
nm0621866,36,1.0,8,0.0,
nm0621870,36,1.0,4,0.0,
nm0621937,74,0.48366,8,0.136659,0.001144
nm0621987,36,1.0,8,0.0,
nm0622186,36,1.0,8,0.09389,
nm0622333,36,1.0,8,0.0,
nm0622406,72,0.470588,6,0.0,0.001135
nm0622438,36,1.0,8,0.0,
nm0623128,36,1.0,8,0.0,
nm0623164,36,1.0,9,0.0,
nm0623311,36,1.0,6,0.0,
nm0623325,72,0.470588,9,0.0,0.0
nm0623360,36,1.0,9,0.0,
nm0623414,36,1.0,9,0.0,
nm0623419,36,1.0,6,0.0,
nm0623938,36,1.0,7,0.0,
nm0624346,84,0.54902,10,0.0,0.000339
nm0624383,36,1.0,9,0.0,
nm0624830,36,1.0,6,0.0,
nm0625334,36,1.0,6,0.0,
nm0625789,36,1.0,6,0.07554,
nm0625936,36,1.0,6,0.0,
nm0626083,36,1.0,7,0.0,
nm0626259,36,1.0,7,0.0,
nm0626649,36,1.0,9,0.0,
nm0626865,36,1.0,7,0.0,
nm0626938,36,1.0,7,0.0,
nm0626974,36,1.0,7,0.0,
nm0627245,36,1.0,5,0.0,
nm0628827,36,1.0,5,0.0,
nm0628877,36,1.0,5,0.0,
nm0629195,36,1.0,9,0.0,
nm0629634,72,0.470588,9,0.071591,0.0
nm0629697,36,1.0,8,0.104651,
nm0630040,36,1.0,8,0.0,
nm0630281,36,1.0,9,0.0,
nm0631000,36,1.0,5,0.0,
nm0631494,36,1.0,6,0.0,
nm0631659,72,0.470588,8,0.0,0.000619
nm0632030,36,1.0,9,0.0,
nm0632497,36,1.0,7,0.0,
nm0632656,72,0.470588,2,0.0,0.016919
nm0632757,72,0.470588,5,0.0,0.001405
nm0632761,108,0.307692,9,0.0,0.0
nm0632967,75,0.490196,5,0.0,2.3e-05
nm0633121,36,1.0,6,0.0,
nm0633715,36,1.0,6,0.0,
nm0633984,36,1.0,8,0.0,
nm0633989,66,0.725275,8,0.0,
nm0633997,36,1.0,7,0.0,
nm0634349,36,1.0,9,0.0,
nm0634753,36,1.0,9,0.0,
nm0634831,36,1.0,9,0.0,
nm0635512,36,1.0,9,0.0,
nm0635977,36,1.0,9,0.0,
nm0636235,36,1.0,6,0.0,
nm0636426,36,1.0,8,0.061523,
nm0636513,36,1.0,6,0.0,
nm0637505,36,1.0,6,0.0,
nm0637586,36,1.0,4,0.0,
nm0637603,36,1.0,6,0.0,
nm0637894,72,0.470588,6,0.0,0.0
nm0638111,36,1.0,8,0.0,
nm0638154,36,1.0,5,0.0,
nm0638184,36,1.0,7,0.0,
nm0638980,36,1.0,7,0.0,
nm0639403,36,1.0,8,0.0,
nm0639533,36,1.0,5,0.0,
nm0639774,36,1.0,5,0.0,
nm0640689,36,1.0,6,0.06833,
nm0641177,36,1.0,9,0.0,
nm0641244,36,1.0,8,0.0,
nm0641433,36,1.0,5,0.0,
nm0642253,36,1.0,7,0.0,
nm0642675,36,1.0,3,0.0,
nm0642718,36,1.0,7,0.0,
nm0643350,36,1.0,8,0.115596,
nm0643799,36,1.0,8,0.0,
nm0643805,36,1.0,5,0.061765,
nm0643870,36,1.0,8,0.0,
nm0644406,72,0.470588,9,0.0,0.0
nm0644512,36,1.0,7,0.0,
nm0644521,36,1.0,9,0.0,
nm0644524,36,1.0,4,0.0,
nm0644554,101,0.590643,9,0.0,3e-06
nm0644573,36,1.0,7,0.0,
nm0644835,36,1.0,8,0.0,
nm0644856,36,1.0,7,0.0,
nm0644935,36,1.0,7,0.0,
nm0644952,36,1.0,8,0.0,
nm0645011,110,0.31339,6,0.0,0.001735
nm0645207,148,0.248739,4,0.0,0.000643
nm0645237,36,1.0,8,0.0,
nm0645269,36,1.0,7,0.0,
nm0645381,36,1.0,8,0.0,
nm0645382,36,1.0,8,0.0,
nm0645385,36,1.0,9,0.0,
nm0645422,72,0.6,7,0.0,
nm0645502,109,0.335385,8,0.0,0.000908
nm0645536,36,1.0,8,0.0,
nm0645568,36,1.0,7,0.0,
nm0645676,36,1.0,9,0.0,
nm0645760,36,1.0,7,0.0,
nm0645781,36,1.0,8,0.0,
nm0645822,36,1.0,7,0.0,
nm0646010,36,1.0,8,0.0,
nm0646496,36,1.0,7,0.056808,
nm0646663,36,1.0,9,0.0,
nm0646968,36,1.0,9,0.0,
nm0647634,36,1.0,8,0.0,
nm0648282,36,1.0,8,0.0,
nm0648323,36,1.0,5,0.0,
nm0648329,36,1.0,4,0.0,
nm0648356,36,1.0,9,0.0,
nm0648416,36,1.0,7,0.080873,
nm0648489,36,1.0,8,0.0,
nm0648762,36,1.0,8,0.0,
nm0649026,36,1.0,3,0.0,
nm0649239,36,1.0,5,0.0,
nm0649746,72,0.470588,9,0.0,3.7e-05
nm0651274,36,1.0,8,0.096183,
nm0651506,74,0.48366,9,0.0,0.000229
nm0652292,36,1.0,8,0.0,
nm0652592,36,1.0,9,0.0,
nm0652689,36,1.0,9,0.0,
nm0652708,36,1.0,6,0.0,
nm0652741,36,1.0,9,0.0,
nm0652798,36,1.0,4,0.0,
nm0652934,36,1.0,6,0.0,
nm0652961,36,1.0,7,0.0,
nm0653342,36,1.0,9,0.0,
nm0653660,36,1.0,8,0.0,
nm0653913,36,1.0,7,0.0,
nm0654167,36,1.0,7,0.0,
nm0654710,36,1.0,5,0.0,
nm0654726,72,0.470588,3,0.0,1e-05
nm0654733,36,1.0,7,0.0,
nm0654758,36,1.0,6,0.0,
nm0654837,36,1.0,5,0.0,
nm0654876,36,1.0,4,0.0,
nm0655761,36,1.0,4,0.0,
nm0655799,36,1.0,4,0.110526,
nm0657139,36,1.0,7,0.0,
nm0657241,36,1.0,8,0.0,
nm0657440,36,1.0,9,0.0,
nm0657510,51,0.927273,7,0.0,
nm0657810,36,1.0,4,0.0,
nm0658293,36,1.0,7,0.0,
nm0658626,36,1.0,9,0.0,
nm0658810,36,1.0,9,0.100478,
nm0658943,36,1.0,9,0.0,
nm0659078,36,1.0,6,0.0,
nm0659244,36,1.0,7,0.0,
nm0659959,36,1.0,9,0.0,
nm0660673,36,1.0,9,0.0,
nm0661713,36,1.0,7,0.073001,
nm0661845,36,1.0,9,0.0,
nm0661886,36,1.0,8,0.0,
nm0662505,36,1.0,7,0.0,
nm0662744,36,1.0,3,0.0,
nm0663546,36,1.0,9,0.0,
nm0663708,36,1.0,5,0.0,
nm0665101,36,1.0,8,0.09633,
nm0665554,72,0.470588,1,0.103618,0.0
nm0666719,36,1.0,8,0.0,
nm0666733,36,1.0,8,0.0,
nm0666966,36,1.0,5,0.0,
nm0667074,145,0.230159,2,0.0,5.3e-05
nm0667207,36,1.0,8,0.093333,
nm0667387,36,1.0,7,0.0,
nm0667664,36,1.0,7,0.0,
nm0667892,36,1.0,5,0.0,
nm0667978,36,1.0,8,0.0,
nm0668241,36,1.0,9,0.087137,
nm0668573,36,1.0,8,0.0,
nm0668644,36,1.0,9,0.0,
nm0668905,36,1.0,7,0.0,
nm0670408,57,0.863636,4,0.0,
nm0670725,36,1.0,6,0.0,
nm0670739,36,1.0,6,0.0,
nm0670847,36,1.0,9,0.0,
nm0671026,36,1.0,8,0.0,
nm0671561,36,1.0,6,0.066386,
nm0671567,36,1.0,8,0.0,
nm0671721,36,1.0,5,0.0,
nm0671886,36,1.0,8,0.0,
nm0672142,72,0.470588,6,0.0,0.0
nm0672784,36,1.0,9,0.0,
nm0673224,72,0.470588,8,0.0,0.0
nm0673311,36,1.0,8,0.0,
nm0673334,36,1.0,9,0.0,
nm0673631,36,1.0,8,0.0,
nm0674144,36,1.0,9,0.0,
nm0674264,36,1.0,9,0.0,
nm0674701,36,1.0,7,0.060229,
nm0674816,36,1.0,4,0.0,
nm0674837,36,1.0,8,0.0,
nm0675036,36,1.0,7,0.0,
nm0675897,36,1.0,6,0.0,
nm0675919,72,0.470588,1,0.065762,4e-06
nm0675950,36,1.0,4,0.0,
nm0675977,72,0.470588,1,0.0,0.0
nm0676370,36,1.0,7,0.0,
nm0677944,36,1.0,7,0.06833,
nm0678261,36,1.0,7,0.0,
nm0678648,36,1.0,7,0.0,
nm0678950,36,1.0,5,0.0,
nm0679150,72,0.470588,1,0.06833,0.0
nm0679177,36,1.0,8,0.0,
nm0679366,36,1.0,8,0.0,
nm0679690,36,1.0,8,0.083554,
nm0680766,36,1.0,5,0.0,
nm0680795,36,1.0,4,0.0,
nm0681893,36,1.0,6,0.088112,
nm0682268,36,1.0,8,0.0,
nm0682578,36,1.0,7,0.0,
nm0682583,36,1.0,9,0.0,
nm0682762,36,1.0,7,0.058769,
nm0682970,36,1.0,5,0.066386,
nm0683253,36,1.0,4,0.0,
nm0683379,36,1.0,6,0.0,
nm0683641,36,1.0,7,0.0,
nm0683793,72,0.470588,9,0.0,0.0
nm0683898,36,1.0,8,0.0,
nm0684131,36,1.0,4,0.061765,
nm0684187,36,1.0,8,0.066386,
nm0684500,36,1.0,9,0.0,
nm0684840,36,1.0,8,0.0,
nm0684951,36,1.0,6,0.0,
nm0685033,36,1.0,9,0.0,
nm0685126,36,1.0,8,0.0,
nm0685222,36,1.0,9,0.0,
nm0685638,36,1.0,8,0.0,
nm0685856,36,1.0,7,0.0,
nm0686035,51,0.927273,6,0.0,
nm0687146,36,1.0,8,0.0,
nm0687625,72,0.470588,7,0.100962,0.000461
nm0687887,36,1.0,6,0.0,
nm0688705,36,1.0,6,0.06409,
nm0689040,36,1.0,9,0.0,
nm0689708,36,1.0,8,0.0,
nm0689829,36,1.0,8,0.0,
nm0689996,71,0.591667,9,0.060519,
nm0690743,36,1.0,7,0.0,
nm0690761,36,1.0,5,0.0,
nm0690803,72,0.470588,9,0.0,0.0
nm0690904,36,1.0,9,0.0,
nm0691409,36,1.0,5,0.0,
nm0691419,36,1.0,6,0.0,
nm0691937,36,1.0,8,0.0,
nm0692239,36,1.0,2,0.0,
nm0692586,72,0.470588,9,0.118421,0.000387
nm0692670,36,1.0,9,0.0,
nm0692996,36,1.0,3,0.0,
nm0693092,36,1.0,9,0.120921,
nm0693591,36,1.0,7,0.0,
nm0693795,36,1.0,9,0.0,
nm0693848,36,1.0,9,0.0,
nm0693871,71,0.591667,4,0.0,
nm0694066,144,0.228571,3,0.105528,0.001531
nm0694843,36,1.0,4,0.0,
nm0695028,36,1.0,8,0.0,
nm0695171,36,1.0,8,0.111901,
nm0695177,182,0.192389,1,0.14,0.007011
nm0695435,36,1.0,8,0.070866,
nm0695497,36,1.0,8,0.080769,
nm0697027,36,1.0,9,0.0,
nm0698562,36,1.0,5,0.0,
nm0698949,36,1.0,4,0.0,
nm0698998,36,1.0,7,0.0,
nm0699092,36,1.0,8,0.0,
nm0699596,69,0.657143,9,0.0,
nm0699952,36,1.0,7,0.0,
nm0700252,36,1.0,3,0.0,
nm0700414,36,1.0,8,0.0,
nm0700909,36,1.0,7,0.0,
nm0701180,36,1.0,6,0.0,
nm0701189,36,1.0,7,0.0,
nm0701747,36,1.0,6,0.0,
nm0702284,36,1.0,9,0.0,
nm0702619,36,1.0,9,0.0,
nm0702672,36,1.0,6,0.0,
nm0703725,36,1.0,7,0.0,
nm0704479,36,1.0,8,0.0,
nm0704694,36,1.0,9,0.110526,
nm0706647,36,1.0,6,0.0,
nm0706666,36,1.0,8,0.0,
nm0706670,72,0.470588,9,0.0,0.0
nm0706883,36,1.0,8,0.0,
nm0706953,36,1.0,9,0.114964,
nm0707352,36,1.0,3,0.110526,
nm0707399,36,1.0,9,0.120459,
nm0707425,36,1.0,9,0.113924,
nm0707463,36,1.0,6,0.0,
nm0707476,36,1.0,7,0.070866,
nm0707548,72,0.470588,5,0.0,0.0
nm0708023,36,1.0,8,0.105882,
nm0708032,36,1.0,7,0.1171,
nm0708045,36,1.0,8,0.0,
nm0708479,36,1.0,9,0.0,
nm0708613,36,1.0,7,0.0,
nm0708698,72,0.529412,7,0.0,
nm0709359,36,1.0,8,0.125498,
nm0709389,113,0.321937,9,0.0,3.2e-05
nm0709777,36,1.0,9,0.0,
nm0710161,112,0.344615,4,0.129897,0.00061
nm0710179,36,1.0,6,0.0,
nm0710601,36,1.0,7,0.09403,
nm0710810,72,0.470588,5,0.0,0.0
nm0710969,36,1.0,7,0.0,
nm0711058,36,1.0,7,0.0,
nm0711110,36,1.0,8,0.0,
nm0711836,36,1.0,8,0.0,
nm0712051,36,1.0,4,0.0,
nm0712433,74,0.48366,8,0.130705,0.000435
nm0712439,36,1.0,9,0.118868,
nm0712954,36,1.0,7,0.0,
nm0713297,36,1.0,7,0.0,
nm0713614,36,1.0,9,0.0,
nm0713942,36,1.0,9,0.0,
nm0714229,36,1.0,8,0.0,
nm0714235,36,1.0,7,0.0,
nm0714537,36,1.0,6,0.0,
nm0714561,36,1.0,9,0.0,
nm0714695,36,1.0,8,0.0,
nm0714739,36,1.0,6,0.088359,
nm0715469,36,1.0,9,0.0,
nm0715693,36,1.0,7,0.0,
nm0717080,36,1.0,9,0.0,
nm0717709,36,1.0,6,0.068404,
nm0718647,36,1.0,6,0.089235,
nm0719914,36,1.0,6,0.0,
nm0720461,36,1.0,9,0.0,
nm0720738,36,1.0,8,0.0,
nm0720763,72,0.470588,6,0.12753,0.000591
nm0720879,36,1.0,6,0.0,
nm0721216,72,0.470588,4,0.093195,0.000291
nm0722042,36,1.0,7,0.0,
nm0722088,36,1.0,9,0.0,
nm0722333,36,1.0,9,0.0,
nm0722560,36,1.0,3,0.0,
nm0722587,36,1.0,7,0.0,
nm0722636,72,0.470588,8,0.08129,0.0
nm0724148,36,1.0,8,0.0,
nm0724604,36,1.0,9,0.0,
nm0724656,36,1.0,5,0.0,
nm0724995,36,1.0,6,0.0,
nm0725079,36,1.0,8,0.0,
nm0725526,36,1.0,9,0.0,
nm0726234,36,1.0,9,0.0,
nm0726922,36,1.0,8,0.0,
nm0726924,36,1.0,6,0.0,
nm0726939,36,1.0,8,0.0,
nm0727165,36,1.0,3,0.0,
nm0727640,36,1.0,6,0.0,
nm0729296,36,1.0,9,0.0,
nm0729384,36,1.0,9,0.0,
nm0729461,36,1.0,9,0.0,
nm0729705,36,1.0,6,0.0,
nm0730070,36,1.0,7,0.077111,
nm0730191,36,1.0,6,0.073001,
nm0731075,36,1.0,6,0.070234,
nm0731286,36,1.0,6,0.0,
nm0731457,36,1.0,9,0.0,
nm0732970,36,1.0,8,0.0,
nm0733051,36,1.0,4,0.0,
nm0733625,36,1.0,5,0.0,
nm0733784,36,1.0,6,0.0,
nm0734352,36,1.0,1,0.0,
nm0734368,36,1.0,9,0.0,
nm0734689,36,1.0,8,0.095455,
nm0735323,36,1.0,7,0.0,
nm0735442,36,1.0,5,0.0,
nm0735467,36,1.0,7,0.0,
nm0736115,36,1.0,8,0.0,
nm0736263,72,0.470588,1,0.0,0.0
nm0737513,72,0.470588,6,0.117978,0.0
nm0738391,36,1.0,5,0.0,
nm0738396,36,1.0,3,0.0,
nm0738873,36,1.0,8,0.0,
nm0739124,36,1.0,3,0.0,
nm0739287,36,1.0,9,0.0,
nm0739418,36,1.0,6,0.0,
nm0740090,72,0.470588,9,0.0,0.0
nm0740490,36,1.0,8,0.0,
nm0740535,36,1.0,8,0.0,
nm0741219,36,1.0,8,0.0,
nm0741378,108,0.307692,9,0.0,0.0
nm0741388,36,1.0,6,0.0,
nm0741461,36,1.0,9,0.0,
nm0741629,36,1.0,9,0.0,
nm0743896,36,1.0,7,0.0,
nm0744107,36,1.0,7,0.0,
nm0744599,36,1.0,7,0.0,
nm0746162,36,1.0,9,0.0,
nm0746667,36,1.0,8,0.0,
nm0746873,36,1.0,7,0.0,
nm0747365,36,1.0,1,0.0,
nm0747700,36,1.0,8,0.0,
nm0748207,36,1.0,4,0.0,
nm0748964,36,1.0,8,0.0,
nm0749363,36,1.0,6,0.0,
nm0750192,36,1.0,9,0.0,
nm0750411,36,1.0,7,0.0,
nm0750521,36,1.0,7,0.0,
nm0750913,36,1.0,7,0.0,
nm0750916,36,1.0,8,0.0,
nm0751481,36,1.0,7,0.0,
nm0751518,36,1.0,6,0.0,
nm0751638,108,0.307692,3,0.106599,0.000945
nm0751762,36,1.0,4,0.0,
nm0751917,36,1.0,6,0.0,
nm0753479,36,1.0,9,0.0,
nm0753737,36,1.0,7,0.0,
nm0754031,72,0.470588,1,0.0,0.0
nm0754097,36,1.0,7,0.0,
nm0754273,36,1.0,8,0.0,
nm0754333,36,1.0,8,0.0,
nm0754500,36,1.0,9,0.0,
nm0754681,36,1.0,9,0.0,
nm0755401,36,1.0,8,0.0,
nm0755504,36,1.0,7,0.0,
nm0755867,36,1.0,9,0.0,
nm0755953,36,1.0,7,0.0,
nm0755960,36,1.0,8,0.0,
nm0756203,72,0.470588,9,0.0,0.0
nm0756503,36,1.0,7,0.0,
nm0756509,36,1.0,3,0.0,
nm0756534,36,1.0,8,0.0,
nm0756820,36,1.0,8,0.0,
nm0756866,36,1.0,8,0.0,
nm0756870,36,1.0,8,0.0,
nm0756998,36,1.0,8,0.0,
nm0757013,72,0.470588,9,0.0,0.00057
nm0757025,73,0.477124,8,0.0,0.00054
nm0757053,36,1.0,7,0.0,
nm0757076,36,1.0,9,0.0,
nm0757087,36,1.0,9,0.0,
nm0757104,72,0.470588,9,0.0,0.002384
nm0757217,36,1.0,8,0.0,
nm0757293,36,1.0,5,0.0,
nm0757299,109,0.335385,8,0.0,0.001186
nm0757324,36,1.0,4,0.0,
nm0757327,66,0.725275,7,0.0,
nm0757429,36,1.0,6,0.0,
nm0758487,36,1.0,8,0.0,
nm0758545,36,1.0,8,0.0,
nm0758656,36,1.0,8,0.0,
nm0758915,36,1.0,7,0.0,
nm0759797,36,1.0,6,0.0,
nm0759819,36,1.0,8,0.0,
nm0759898,36,1.0,8,0.0,
nm0760866,36,1.0,8,0.0,
nm0762248,36,1.0,3,0.0,
nm0762298,36,1.0,9,0.0,
nm0762520,36,1.0,6,0.0,
nm0762659,36,1.0,8,0.065353,
nm0762807,192,0.222997,9,0.0,0.001744
nm0762942,36,1.0,6,0.0,
nm0762965,36,1.0,8,0.0,
nm0762966,36,1.0,5,0.0,
nm0763022,36,1.0,6,0.0,
nm0763216,36,1.0,6,0.0,
nm0764133,36,1.0,9,0.0,
nm0764598,36,1.0,9,0.0,
nm0764671,36,1.0,6,0.0,
nm0764755,36,1.0,8,0.0,
nm0764853,36,1.0,9,0.112701,
nm0764871,108,0.307692,3,0.123529,0.001295
nm0764893,36,1.0,3,0.0,
nm0764895,36,1.0,6,0.0,
nm0765179,36,1.0,9,0.0,
nm0765370,36,1.0,7,0.0,
nm0765597,72,0.470588,4,0.0,0.0
nm0765974,36,1.0,8,0.0,
nm0766005,36,1.0,7,0.0,
nm0766212,36,1.0,9,0.0,
nm0766233,72,0.470588,4,0.0,0.001152
nm0766316,36,1.0,9,0.0,
nm0766470,36,1.0,8,0.120921,
nm0767758,36,1.0,7,0.0,
nm0767853,36,1.0,8,0.0,
nm0767929,36,1.0,7,0.0,
nm0767954,36,1.0,8,0.0,
nm0767974,36,1.0,8,0.0,
nm0767986,36,1.0,8,0.0,
nm0768006,36,1.0,6,0.0,
nm0768029,73,0.477124,3,0.0,4.6e-05
nm0768031,201,0.20303,7,0.0,0.00227
nm0768297,36,1.0,9,0.0,
nm0768523,36,1.0,5,0.0,
nm0768614,36,1.0,7,0.0,
nm0768893,36,1.0,8,0.054124,
nm0769177,36,1.0,6,0.0,
nm0769233,36,1.0,8,0.0,
nm0769453,36,1.0,9,0.0,
nm0770031,36,1.0,8,0.0,
nm0770462,36,1.0,6,0.0,
nm0770635,36,1.0,5,0.0,
nm0770726,36,1.0,5,0.0,
nm0771414,36,1.0,8,0.0,
nm0771713,36,1.0,8,0.065693,
nm0771753,36,1.0,5,0.0,
nm0773533,72,0.470588,6,0.0,0.0
nm0773551,36,1.0,8,0.0,
nm0774634,72,0.470588,1,0.0,0.0
nm0775650,36,1.0,5,0.0,
nm0775858,36,1.0,7,0.0,
nm0776145,36,1.0,8,0.0,
nm0776181,36,1.0,9,0.0,
nm0776307,36,1.0,0,0.0,
nm0776584,36,1.0,4,0.0,
nm0777649,36,1.0,8,0.0,
nm0778107,36,1.0,7,0.0,
nm0778197,36,1.0,4,0.0,
nm0779067,36,1.0,3,0.0,
nm0780116,108,0.307692,9,0.083554,0.0
nm0780485,36,1.0,4,0.0,
nm0780539,36,1.0,9,0.0,
nm0781700,36,1.0,7,0.054124,
nm0781981,36,1.0,6,0.0,
nm0782005,72,0.470588,5,0.0,0.0
nm0782213,36,1.0,9,0.0,
nm0782454,36,1.0,5,0.064286,
nm0782565,36,1.0,4,0.0,
nm0782627,36,1.0,5,0.0,
nm0782633,36,1.0,8,0.0,
nm0782644,36,1.0,6,0.0,
nm0782840,72,0.470588,2,0.0,1e-06
nm0782938,36,1.0,7,0.0,
nm0783062,36,1.0,4,0.0,
nm0783591,36,1.0,8,0.06422,
nm0783740,36,1.0,7,0.0,
nm0783887,36,1.0,8,0.0,
nm0783991,36,1.0,5,0.0,
nm0784093,36,1.0,8,0.0,
nm0784094,36,1.0,7,0.0,
nm0784111,36,1.0,6,0.0,
nm0784112,36,1.0,7,0.0,
nm0784119,73,0.477124,8,0.0,0.000707
nm0784226,36,1.0,9,0.0,
nm0784279,36,1.0,9,0.0,
nm0784292,72,0.470588,7,0.095023,4e-06
nm0784854,36,1.0,9,0.0,
nm0785264,36,1.0,9,0.0,
nm0785352,36,1.0,7,0.0,
nm0785755,36,1.0,6,0.0,
nm0785805,36,1.0,5,0.0,
nm0785841,36,1.0,6,0.0,
nm0785842,36,1.0,6,0.0,
nm0786033,36,1.0,8,0.103618,
nm0786187,36,1.0,4,0.0,
nm0787681,36,1.0,5,0.0,
nm0787921,36,1.0,6,0.0,
nm0788164,36,1.0,8,0.094737,
nm0788340,72,0.470588,9,0.062315,0.0
nm0788787,36,1.0,7,0.0,
nm0788788,36,1.0,9,0.0,
nm0788903,73,0.477124,4,0.115174,0.0
nm0788918,36,1.0,8,0.122807,
nm0789391,36,1.0,9,0.125249,
nm0789716,36,1.0,7,0.0,
nm0790034,36,1.0,9,0.0,
nm0790202,36,1.0,8,0.0,
nm0790798,36,1.0,8,0.0,
nm0791871,36,1.0,9,0.0,
nm0791898,36,1.0,7,0.0,
nm0792911,36,1.0,8,0.113924,
nm0793089,36,1.0,7,0.0,
nm0793562,36,1.0,6,0.0,
nm0793585,36,1.0,9,0.0,
nm0793616,36,1.0,9,0.0,
nm0793643,83,0.542484,8,0.0,0.000184
nm0793650,36,1.0,9,0.0,
nm0793674,232,0.16836,9,0.0,0.005266
nm0793675,36,1.0,8,0.0,
nm0793697,36,1.0,8,0.0,
nm0793731,149,0.265597,7,0.0,7e-06
nm0793732,72,0.470588,8,0.0,0.003694
nm0793759,36,1.0,5,0.0,
nm0793766,36,1.0,7,0.0,
nm0793784,36,1.0,9,0.0,
nm0793851,36,1.0,8,0.111901,
nm0793879,72,0.470588,2,0.0,6.8e-05
nm0793943,108,0.307692,9,0.0,0.000769
nm0794242,36,1.0,9,0.0,
nm0794388,72,0.470588,9,0.0,0.009124
nm0794481,36,1.0,9,0.110333,
nm0794629,36,1.0,4,0.0,
nm0795294,36,1.0,4,0.0,
nm0795495,36,1.0,7,0.0,
nm0795520,36,1.0,9,0.0,
nm0795661,72,0.470588,9,0.12426,0.00073
nm0796107,36,1.0,8,0.127789,
nm0796365,36,1.0,3,0.0,
nm0796502,36,1.0,6,0.0,
nm0796513,36,1.0,8,0.089235,
nm0797610,36,1.0,8,0.065557,
nm0797614,72,0.529412,7,0.065557,
nm0798473,77,0.503268,9,0.0,2.8e-05
nm0799111,36,1.0,9,0.0,
nm0799226,36,1.0,5,0.0,
nm0799544,36,1.0,5,0.0,
nm0799777,72,0.470588,6,0.070946,9e-05
nm0800766,36,1.0,9,0.0,
nm0801356,36,1.0,6,0.058769,
nm0802251,36,1.0,9,0.0,
nm0802406,36,1.0,4,0.0,
nm0802995,36,1.0,9,0.0,
nm0803889,36,1.0,5,0.07554,
nm0804105,36,1.0,9,0.0,
nm0804530,36,1.0,8,0.0,
nm0804603,36,1.0,4,0.0,
nm0804983,36,1.0,8,0.0,
nm0806002,36,1.0,7,0.0,
nm0806613,36,1.0,7,0.0,
nm0806662,36,1.0,6,0.0,
nm0806882,36,1.0,7,0.064286,
nm0808104,36,1.0,1,0.0,
nm0808670,36,1.0,8,0.0,
nm0809308,36,1.0,7,0.083554,
nm0809793,72,0.470588,9,0.096037,0.00077
nm0810379,36,1.0,6,0.0,
nm0810619,36,1.0,9,0.0,
nm0810738,36,1.0,5,0.0,
nm0811242,36,1.0,4,0.066386,
nm0811777,36,1.0,3,0.0,
nm0811867,36,1.0,6,0.0,
nm0811910,36,1.0,6,0.0,
nm0812210,36,1.0,7,0.0,
nm0812223,36,1.0,8,0.0,
nm0812453,36,1.0,4,0.0,
nm0812568,36,1.0,8,0.0,
nm0812760,73,0.536765,9,0.0,
nm0813278,36,1.0,7,0.0,
nm0813691,36,1.0,7,0.0,
nm0813804,36,1.0,7,0.0,
nm0813934,36,1.0,5,0.0,
nm0814192,36,1.0,9,0.0,
nm0814259,36,1.0,6,0.0,
nm0814464,36,1.0,5,0.0,
nm0814465,36,1.0,7,0.0,
nm0815529,36,1.0,8,0.0,
nm0815677,36,1.0,8,0.0,
nm0815751,36,1.0,9,0.0,
nm0815970,36,1.0,8,0.0,
nm0816389,36,1.0,7,0.0,
nm0816669,36,1.0,7,0.062253,
nm0817379,36,1.0,7,0.0,
nm0817958,36,1.0,1,0.0,
nm0819007,36,1.0,5,0.0,
nm0819079,36,1.0,6,0.0,
nm0819440,36,1.0,8,0.077111,
nm0820053,36,1.0,6,0.066316,
nm0820283,36,1.0,7,0.115596,
nm0821850,36,1.0,7,0.0,
nm0822278,72,0.470588,2,0.0,2e-06
nm0822354,36,1.0,6,0.0,
nm0822998,36,1.0,6,0.0,
nm0823040,36,1.0,5,0.0,
nm0823366,36,1.0,7,0.0,
nm0823563,36,1.0,8,0.0,
nm0824373,36,1.0,7,0.0,
nm0824852,36,1.0,6,0.0,
nm0824989,36,1.0,5,0.0,
nm0825398,36,1.0,2,0.0,
nm0825627,36,1.0,7,0.09633,
nm0825749,36,1.0,2,0.0,
nm0826174,36,1.0,5,0.0,
nm0826611,36,1.0,8,0.0,
nm0827075,36,1.0,5,0.0,
nm0827956,36,1.0,9,0.0,
nm0829032,36,1.0,7,0.0,
nm0829699,36,1.0,7,0.0,
nm0830802,36,1.0,6,0.0,
nm0831051,36,1.0,6,0.0,
nm0831127,36,1.0,3,0.0,
nm0831257,36,1.0,7,0.0,
nm0832338,36,1.0,8,0.0,
nm0833333,36,1.0,7,0.0,
nm0835181,36,1.0,7,0.0,
nm0835738,36,1.0,3,0.0,
nm0836121,36,1.0,7,0.0,
nm0836137,36,1.0,7,0.0,
nm0836168,36,1.0,1,0.0,
nm0836682,36,1.0,5,0.0,
nm0836729,36,1.0,9,0.07,
nm0837096,36,1.0,4,0.0,
nm0837098,36,1.0,2,0.0,
nm0837247,36,1.0,7,0.0,
nm0837352,36,1.0,8,0.0,
nm0837360,75,0.490196,9,0.0,0.000808
nm0837417,36,1.0,8,0.0,
nm0837430,36,1.0,7,0.0,
nm0837452,72,0.470588,2,0.0,0.000224
nm0837475,112,0.319088,7,0.0,0.000119
nm0837534,36,1.0,9,0.0,
nm0837548,125,0.452899,10,0.0,0.000332
nm0837569,36,1.0,3,0.0,
nm0837750,36,1.0,2,0.0,
nm0837784,36,1.0,7,0.0,
nm0838520,36,1.0,9,0.111307,
nm0838937,36,1.0,9,0.0,
nm0839146,36,1.0,7,0.0,
nm0839486,36,1.0,5,0.0,
nm0839977,36,1.0,9,0.0,
nm0840083,36,1.0,8,0.0,
nm0840285,36,1.0,6,0.080873,
nm0840305,36,1.0,6,0.0,
nm0840485,36,1.0,8,0.0,
nm0840618,36,1.0,2,0.0,
nm0840646,36,1.0,8,0.0,
nm0840679,36,1.0,9,0.0,
nm0840783,36,1.0,7,0.0,
nm0841910,36,1.0,5,0.058769,
nm0842191,36,1.0,8,0.0,
nm0843100,36,1.0,7,0.0,
nm0844142,36,1.0,2,0.0,
nm0844371,36,1.0,6,0.0,
nm0845079,36,1.0,8,0.0,
nm0845270,36,1.0,7,0.0,
nm0845358,36,1.0,5,0.0,
nm0845609,36,1.0,9,0.0,
nm0845915,36,1.0,8,0.0,
nm0846186,36,1.0,6,0.0,
nm0846484,72,0.470588,2,0.0,8e-06
nm0846630,72,0.470588,1,0.0,0.000563
nm0846681,36,1.0,7,0.113924,
nm0846687,36,1.0,7,0.077111,
nm0846754,36,1.0,5,0.0,
nm0847028,36,1.0,7,0.0,
nm0847031,72,0.470588,8,0.0,0.00018
nm0847085,36,1.0,2,0.0,
nm0847146,36,1.0,9,0.0,
nm0847204,36,1.0,6,0.0,
nm0847224,36,1.0,9,0.0,
nm0847266,36,1.0,7,0.0,
nm0847291,74,0.48366,6,0.0,0.000153
nm0847302,190,0.21041,8,0.0,0.016687
nm0847353,36,1.0,8,0.0,
nm0847361,36,1.0,9,0.0,
nm0847395,36,1.0,8,0.0,
nm0847396,74,0.48366,7,0.0,0.000245
nm0847400,36,1.0,6,0.0,
nm0847439,36,1.0,1,0.0,
nm0847464,36,1.0,7,0.0,
nm0847543,36,1.0,5,0.089235,
nm0847609,36,1.0,7,0.0,
nm0847624,36,1.0,6,0.0,
nm0847628,36,1.0,4,0.0,
nm0847645,72,0.470588,7,0.0,0.000207
nm0847651,72,0.470588,4,0.0,0.00058
nm0847654,73,0.477124,8,0.0,0.00027
nm0847691,36,1.0,6,0.0,
nm0847698,72,0.470588,6,0.0,0.000515
nm0848401,36,1.0,8,0.0,
nm0848406,36,1.0,6,0.0,
nm0848426,44,0.977778,9,0.0,
nm0848533,72,0.470588,5,0.0,5.8e-05
nm0848768,36,1.0,8,0.0,
nm0848796,36,1.0,8,0.0,
nm0848862,36,1.0,5,0.0,
nm0848927,36,1.0,9,0.0,
nm0848964,72,0.470588,2,0.0,0.00349
nm0848984,73,0.477124,6,0.0,0.000175
nm0848993,36,1.0,5,0.0,
nm0849264,36,1.0,7,0.0,
nm0849429,36,1.0,4,0.0,
nm0849437,36,1.0,8,0.0,
nm0849439,36,1.0,6,0.0,
nm0849477,36,1.0,7,0.0,
nm0849481,36,1.0,8,0.0,
nm0849545,36,1.0,7,0.0,
nm0849916,36,1.0,9,0.0,
nm0849928,36,1.0,9,0.0,
nm0849983,36,1.0,5,0.0,
nm0850618,36,1.0,8,0.0,
nm0850809,112,0.344615,4,0.0,7e-06
nm0850848,36,1.0,7,0.0,
nm0850850,36,1.0,9,0.0,
nm0850858,36,1.0,9,0.0,
nm0851060,36,1.0,7,0.0,
nm0851071,36,1.0,6,0.0,
nm0851458,36,1.0,8,0.0,
nm0851767,36,1.0,7,0.048951,
nm0852060,36,1.0,8,0.0,
nm0852466,36,1.0,8,0.0,
nm0853392,72,0.529412,8,0.0,
nm0853439,36,1.0,2,0.0,
nm0853478,36,1.0,6,0.0,
nm0853583,36,1.0,2,0.0,
nm0853673,36,1.0,7,0.0,
nm0854304,36,1.0,8,0.0,
nm0854676,36,1.0,7,0.057117,
nm0854990,36,1.0,8,0.0,
nm0855092,36,1.0,7,0.0,
nm0855462,36,1.0,8,0.0,
nm0856194,72,0.470588,2,0.0,4e-06
nm0856700,36,1.0,8,0.0,
nm0856872,36,1.0,1,0.0,
nm0856917,36,1.0,5,0.0,
nm0856918,36,1.0,8,0.0,
nm0858048,36,1.0,5,0.0,
nm0858128,36,1.0,6,0.106961,
nm0858255,36,1.0,4,0.0,
nm0858479,36,1.0,6,0.0,
nm0858808,36,1.0,6,0.083554,
nm0859740,36,1.0,8,0.0,
nm0861440,51,0.927273,5,0.0,
nm0861989,36,1.0,9,0.075995,
nm0862820,36,1.0,7,0.0,
nm0862882,36,1.0,4,0.0,
nm0863787,72,0.470588,5,0.0,0.0
nm0863794,36,1.0,6,0.0,
nm0864458,36,1.0,7,0.0,
nm0864490,36,1.0,4,0.058769,
nm0864608,36,1.0,8,0.0,
nm0864720,36,1.0,8,0.0,
nm0864798,36,1.0,7,0.0,
nm0865076,36,1.0,5,0.0,
nm0865302,72,0.470588,7,0.0,0.0
nm0865333,36,1.0,6,0.060229,
nm0865372,36,1.0,8,0.0,
nm0865411,36,1.0,5,0.0,
nm0865544,36,1.0,9,0.0,
nm0865799,111,0.341538,8,0.0,0.000989
nm0865800,74,0.48366,8,0.0,0.000266
nm0865806,36,1.0,7,0.0,
nm0866209,36,1.0,7,0.0,
nm0866496,36,1.0,8,0.0,
nm0866736,83,0.610294,10,0.0,
nm0866870,36,1.0,8,0.0,
nm0866895,72,0.470588,7,0.0,2e-06
nm0866951,36,1.0,8,0.0,
nm0867145,36,1.0,8,0.0,
nm0867338,36,1.0,7,0.065693,
nm0867391,74,0.48366,6,0.0,9.9e-05
nm0867401,36,1.0,5,0.0,
nm0867603,36,1.0,9,0.0,
nm0867626,36,1.0,4,0.0,
nm0867789,36,1.0,9,0.0,
nm0867949,36,1.0,7,0.0,
nm0868479,36,1.0,6,0.057117,
nm0868577,36,1.0,7,0.0,
nm0868782,36,1.0,6,0.09633,
nm0868866,36,1.0,5,0.0,
nm0869035,72,0.529412,3,0.0,
nm0869088,72,0.470588,9,0.0,0.0
nm0869461,36,1.0,7,0.0,
nm0869687,36,1.0,1,0.0,
nm0869718,36,1.0,8,0.0,
nm0870199,36,1.0,6,0.0,
nm0870384,36,1.0,7,0.0,
nm0871141,36,1.0,9,0.0,
nm0872997,36,1.0,6,0.0,
nm0873223,36,1.0,7,0.0,
nm0873398,36,1.0,5,0.06409,
nm0874556,36,1.0,4,0.0,
nm0874676,72,0.470588,9,0.0,1.8e-05
nm0874851,36,1.0,7,0.0,
nm0874860,36,1.0,7,0.0,
nm0874864,36,1.0,7,0.0,
nm0874865,36,1.0,9,0.0,
nm0874868,36,1.0,8,0.0,
nm0875056,36,1.0,7,0.0,
nm0875207,36,1.0,3,0.0,
nm0875244,72,0.470588,4,0.0,0.00179
nm0875309,36,1.0,6,0.0,
nm0875356,36,1.0,7,0.0,
nm0875364,36,1.0,7,0.0,
nm0875366,110,0.31339,8,0.0,0.005194
nm0875370,111,0.341538,8,0.0,0.000297
nm0875406,36,1.0,6,0.0,
nm0875444,36,1.0,6,0.0,
nm0875460,183,0.393548,8,0.0,3.3e-05
nm0875465,74,0.48366,8,0.0,4.2e-05
nm0876300,36,1.0,5,0.0,
nm0876657,72,0.470588,9,0.0,0.0
nm0876724,36,1.0,8,0.0,
nm0876847,75,0.490196,6,0.0,5e-06
nm0878155,36,1.0,8,0.083554,
nm0878240,36,1.0,7,0.0,
nm0878252,36,1.0,9,0.0,
nm0879743,36,1.0,7,0.0,
nm0879888,36,1.0,1,0.0,
nm0879918,36,1.0,7,0.0,
nm0879945,74,0.48366,8,0.0,8.5e-05
nm0879971,152,0.255462,4,0.0,0.001164
nm0879989,71,0.591667,9,0.0,
nm0880482,36,1.0,7,0.0,
nm0880548,36,1.0,8,0.0,
nm0880805,36,1.0,4,0.0,
nm0880857,92,0.538012,5,0.0,6.3e-05
nm0881408,36,1.0,7,0.0,
nm0881540,151,0.285985,8,0.0,0.000793
nm0881545,129,0.558442,8,0.0,4e-05
nm0881710,36,1.0,4,0.0,
nm0881736,36,1.0,7,0.0,
nm0881809,36,1.0,9,0.098437,
nm0881963,36,1.0,4,0.0,
nm0881986,36,1.0,8,0.0,
nm0882206,36,1.0,8,0.0,
nm0882219,72,0.470588,5,0.120921,0.0
nm0882255,76,0.496732,8,0.0,0.000243
nm0882287,36,1.0,8,0.119545,
nm0882354,36,1.0,8,0.0,
nm0882398,36,1.0,5,0.0,
nm0882577,108,0.307692,7,0.0,0.000429
nm0882596,36,1.0,7,0.105882,
nm0882743,36,1.0,3,0.0,
nm0882769,36,1.0,6,0.056808,
nm0882943,72,0.470588,5,0.0,0.0
nm0882969,36,1.0,5,0.0,
nm0883305,36,1.0,7,0.0,
nm0883405,36,1.0,8,0.0,
nm0883684,36,1.0,7,0.0,
nm0883783,36,1.0,8,0.0,
nm0885014,36,1.0,5,0.09633,
nm0885204,36,1.0,2,0.0,
nm0885474,36,1.0,9,0.0,
nm0885934,36,1.0,7,0.0,
nm0887206,72,0.470588,8,0.0,2e-06
nm0887356,36,1.0,7,0.0,
nm0889475,36,1.0,6,0.0,
nm0889743,36,1.0,7,0.0,
nm0889928,36,1.0,7,0.0,
nm0890159,36,1.0,6,0.0,
nm0890337,36,1.0,6,0.0,
nm0890622,36,1.0,8,0.115596,
nm0890808,36,1.0,5,0.0,
nm0890874,36,1.0,8,0.068553,
nm0890893,36,1.0,8,0.0,
nm0891350,36,1.0,8,0.0,
nm0892680,72,0.470588,9,0.0,0.0
nm0892704,36,1.0,4,0.0,
nm0893122,36,1.0,6,0.0,
nm0893142,36,1.0,9,0.129897,
nm0893228,36,1.0,7,0.0,
nm0893941,36,1.0,6,0.0,
nm0894494,36,1.0,4,0.0,
nm0895089,36,1.0,4,0.0,
nm0895759,36,1.0,5,0.0,
nm0896071,36,1.0,7,0.0,
nm0896292,36,1.0,6,0.0,
nm0896573,72,0.470588,7,0.113718,0.0
nm0896626,36,1.0,8,0.0,
nm0896631,36,1.0,7,0.0,
nm0897005,36,1.0,6,0.0,
nm0897510,36,1.0,5,0.0,
nm0898408,36,1.0,7,0.083444,
nm0898544,36,1.0,5,0.0,
nm0898546,36,1.0,6,0.081081,
nm0898653,36,1.0,5,0.0,
nm0898735,36,1.0,7,0.0,
nm0898913,36,1.0,8,0.104305,
nm0899042,36,1.0,5,0.0,
nm0899087,36,1.0,8,0.0,
nm0899703,36,1.0,6,0.0,
nm0899786,36,1.0,9,0.0,
nm0900010,36,1.0,7,0.0,
nm0900577,36,1.0,4,0.0,
nm0900651,36,1.0,5,0.0,
nm0900653,36,1.0,4,0.06409,
nm0902254,36,1.0,6,0.0,
nm0904901,36,1.0,7,0.0,
nm0904967,36,1.0,8,0.0,
nm0905108,36,1.0,5,0.0,
nm0905266,36,1.0,7,0.0,
nm0905268,36,1.0,6,0.0,
nm0905676,36,1.0,8,0.0,
nm0905856,36,1.0,4,0.0,
nm0905908,36,1.0,7,0.0,
nm0906226,36,1.0,6,0.115596,
nm0906436,36,1.0,7,0.0,
nm0906696,72,0.470588,6,0.0,0.0
nm0906697,36,1.0,7,0.0,
nm0906699,115,0.327635,8,0.0,0.00101
nm0906722,36,1.0,0,0.0,
nm0906723,74,0.48366,6,0.0,3.8e-05
nm0906735,36,1.0,5,0.0,
nm0908351,36,1.0,8,0.0,
nm0908914,72,0.470588,2,0.0,0.0
nm0910040,36,1.0,8,0.0,
nm0911083,36,1.0,8,0.0,
nm0911152,36,1.0,8,0.0,
nm0911277,160,0.268908,9,0.0,8.7e-05
nm0911319,36,1.0,8,0.0,
nm0911333,36,1.0,9,0.0,
nm0911976,36,1.0,8,0.0,
nm0912186,36,1.0,5,0.0,
nm0913097,36,1.0,9,0.12831,
nm0913307,36,1.0,9,0.0,
nm0913409,36,1.0,9,0.0,
nm0913789,36,1.0,8,0.0,
nm0913794,36,1.0,8,0.0,
nm0913797,36,1.0,5,0.0,
nm0913822,36,1.0,6,0.0,
nm0913831,36,1.0,7,0.0,
nm0913843,36,1.0,7,0.0,
nm0913911,36,1.0,8,0.0,
nm0914444,75,0.490196,4,0.0,8e-06
nm0915093,36,1.0,7,0.0,
nm0915385,36,1.0,9,0.0,
nm0916511,36,1.0,8,0.0,
nm0916884,36,1.0,8,0.0,
nm0917108,36,1.0,8,0.0,
nm0917381,36,1.0,9,0.0,
nm0917406,36,1.0,9,0.0,
nm0917672,36,1.0,8,0.0,
nm0917962,36,1.0,2,0.0,
nm0918099,36,1.0,4,0.0,
nm0918109,36,1.0,8,0.0,
nm0918800,36,1.0,3,0.0,
nm0918814,36,1.0,9,0.0,
nm0920185,36,1.0,8,0.0,
nm0920460,108,0.307692,1,0.0,6.4e-05
nm0920574,36,1.0,5,0.0,
nm0921243,36,1.0,9,0.0,
nm0921632,36,1.0,3,0.0,
nm0922024,36,1.0,6,0.0,
nm0922342,36,1.0,4,0.0,
nm0922937,36,1.0,5,0.0,
nm0924154,72,0.470588,8,0.0,2.6e-05
nm0924210,36,1.0,7,0.0,
nm0924502,36,1.0,5,0.0,
nm0924552,72,0.470588,7,0.083554,0.00077
nm0925220,36,1.0,8,0.096183,
nm0925544,36,1.0,7,0.0,
nm0926086,72,0.470588,1,0.0,0.0
nm0926355,36,1.0,6,0.0,
nm0926970,36,1.0,8,0.0,
nm0927436,36,1.0,0,0.0,
nm0927740,36,1.0,5,0.0,
nm0927937,72,0.470588,9,0.0,0.0
nm0928296,36,1.0,7,0.0,
nm0928536,36,1.0,3,0.0,
nm0928560,36,1.0,5,0.0,
nm0928728,36,1.0,8,0.0,
nm0929330,36,1.0,9,0.0,
nm0929562,69,0.657143,8,0.0,
nm0929582,36,1.0,8,0.0,
nm0930226,36,1.0,7,0.0,
nm0930317,36,1.0,5,0.081186,
nm0930326,36,1.0,7,0.0,
nm0931227,36,1.0,5,0.083554,
nm0931324,36,1.0,7,0.0,
nm0931477,36,1.0,4,0.0,
nm0931898,36,1.0,7,0.0,
nm0932870,36,1.0,4,0.0,
nm0933810,36,1.0,0,0.0,
nm0933940,36,1.0,5,0.091971,
nm0933987,36,1.0,8,0.0,
nm0935395,36,1.0,3,0.0,
nm0935498,36,1.0,7,0.082245,
nm0935659,36,1.0,7,0.0,
nm0936198,36,1.0,5,0.0,
nm0936300,36,1.0,5,0.0,
nm0936949,36,1.0,7,0.0,
nm0937296,36,1.0,3,0.0,
nm0937380,36,1.0,6,0.0,
nm0938950,36,1.0,6,0.0,
nm0939038,36,1.0,9,0.0,
nm0939190,36,1.0,4,0.0,
nm0939224,36,1.0,7,0.0,
nm0939443,36,1.0,7,0.0,
nm0939771,36,1.0,7,0.0,
nm0939925,36,1.0,3,0.0,
nm0940353,36,1.0,7,0.0,
nm0940893,36,1.0,8,0.0,
nm0942550,36,1.0,6,0.0,
nm0942712,36,1.0,9,0.0,
nm0943079,36,1.0,9,0.0,
nm0943104,36,1.0,9,0.0,
nm0943200,36,1.0,9,0.0,
nm0943307,36,1.0,8,0.0,
nm0943807,36,1.0,9,0.0,
nm0943944,36,1.0,9,0.089616,
nm0944081,36,1.0,6,0.0,
nm0944296,36,1.0,6,0.0,
nm0944464,36,1.0,9,0.0,
nm0944638,36,1.0,7,0.0,
nm0944939,36,1.0,9,0.0,
nm0944985,36,1.0,6,0.0,
nm0945094,36,1.0,8,0.0,
nm0945189,36,1.0,8,0.0,
nm0945299,72,0.470588,7,0.0,0.000191
nm0945320,36,1.0,7,0.0,
nm0945339,36,1.0,8,0.0,
nm0945354,36,1.0,8,0.0,
nm0945377,36,1.0,8,0.0,
nm0945414,36,1.0,9,0.0,
nm0945435,36,1.0,6,0.0,
nm0945522,72,0.470588,5,0.0,0.000169
nm0945544,150,0.238095,8,0.0,0.002859
nm0945562,36,1.0,5,0.0,
nm0945563,36,1.0,7,0.0,
nm0945566,36,1.0,6,0.0,
nm0945601,72,0.470588,2,0.0,0.0
nm0945693,36,1.0,8,0.0,
nm0945836,111,0.341538,8,0.0,0.000864
nm0945992,36,1.0,6,0.0,
nm0945999,72,0.470588,6,0.0,0.0
nm0946159,36,1.0,9,0.0,
nm0946198,36,1.0,7,0.0,
nm0946639,36,1.0,9,0.0,
nm0946660,36,1.0,6,0.0,
nm0946852,36,1.0,3,0.0,
nm0947447,36,1.0,5,0.0,
nm0947514,36,1.0,8,0.0,
nm0947989,36,1.0,6,0.0,
nm0948011,36,1.0,3,0.0,
nm0948112,36,1.0,7,0.0,
nm0948115,36,1.0,6,0.0,
nm0948185,36,1.0,9,0.0,
nm0948420,36,1.0,7,0.0,
nm0948499,36,1.0,7,0.0,
nm0948989,36,1.0,6,0.0,
nm0949030,36,1.0,6,0.0,
nm0949045,185,0.22561,1,0.0,0.00455
nm0949069,36,1.0,5,0.0,
nm0949098,36,1.0,9,0.0,
nm0949107,36,1.0,6,0.0,
nm0949210,36,1.0,9,0.0,
nm0949433,72,0.470588,9,0.0,0.0
nm0949646,36,1.0,6,0.0,
nm0949775,36,1.0,4,0.0,
nm0950475,36,1.0,6,0.0,
nm0950757,36,1.0,7,0.062253,
nm0950825,36,1.0,7,0.0,
nm0950926,36,1.0,7,0.0,
nm0950935,36,1.0,8,0.0,
nm0950989,36,1.0,4,0.0,
nm0951014,36,1.0,1,0.0,
nm0951043,36,1.0,6,0.0,
nm0951121,36,1.0,7,0.0,
nm0951216,36,1.0,9,0.0,
nm0951304,36,1.0,8,0.0,
nm0951307,36,1.0,4,0.0,
nm0951309,36,1.0,9,0.0,
nm0951832,36,1.0,7,0.0,
nm0951912,36,1.0,6,0.0,
nm0951954,36,1.0,9,0.0,
nm0951976,36,1.0,6,0.0,
nm0952084,36,1.0,6,0.0,
nm0952085,72,0.470588,6,0.0,6e-06
nm0952102,36,1.0,5,0.0,
nm0952104,36,1.0,4,0.0,
nm0952498,36,1.0,5,0.0,
nm0952624,36,1.0,8,0.0,
nm0952685,36,1.0,3,0.0,
nm0953105,36,1.0,5,0.0,
nm0953344,36,1.0,9,0.0,
nm0953586,72,0.470588,9,0.0,0.000602
nm0953823,36,1.0,5,0.0,
nm0953840,36,1.0,3,0.0,
nm0954036,36,1.0,7,0.0,
nm0954489,36,1.0,9,0.0,
nm0954655,36,1.0,7,0.0,
nm0955048,36,1.0,3,0.0,
nm0955448,36,1.0,8,0.0,
nm0955471,36,1.0,8,0.0,
nm0955496,36,1.0,8,0.0,
nm0955513,36,1.0,9,0.0,
nm0955544,36,1.0,2,0.0,
nm0955815,36,1.0,8,0.0,
nm0956190,36,1.0,8,0.0,
nm0956938,36,1.0,8,0.0,
nm0957193,36,1.0,5,0.0,
nm0957257,36,1.0,5,0.113106,
nm0957468,36,1.0,7,0.0,
nm0957746,36,1.0,6,0.0,
nm0958108,36,1.0,6,0.0,
nm0959420,36,1.0,2,0.0,
nm0959649,72,0.470588,7,0.070156,0.0
nm0959885,36,1.0,6,0.0,
nm0959944,72,0.470588,6,0.0,0.0
nm0959963,36,1.0,7,0.070234,
nm0960012,36,1.0,9,0.0,
nm0960259,73,0.536765,6,0.0,
nm0960372,36,1.0,9,0.0,
nm0961121,36,1.0,4,0.0,
nm0962519,36,1.0,9,0.0,
nm0968532,36,1.0,8,0.0,
nm0968541,36,1.0,8,0.0,
nm0968559,36,1.0,5,0.0,
nm0968838,36,1.0,7,0.0,
nm0970010,36,1.0,9,0.0,
nm0970866,36,1.0,9,0.0,
nm0971135,36,1.0,8,0.0,
nm0972851,36,1.0,9,0.0,
nm0990525,36,1.0,5,0.0,
nm0990640,36,1.0,7,0.115596,
nm0991459,36,1.0,8,0.0,
nm0991942,36,1.0,9,0.0,
nm0992037,36,1.0,8,0.0,
nm0992104,36,1.0,9,0.0,
nm0992109,36,1.0,8,0.0,
nm0992126,36,1.0,9,0.0,
nm0992636,36,1.0,9,0.0,
nm0992655,36,1.0,9,0.0,
nm0992694,36,1.0,7,0.0,
nm0993010,36,1.0,6,0.0,
nm0993128,36,1.0,6,0.0,
nm0993188,36,1.0,9,0.0,
nm0993544,130,0.513834,7,0.0,9e-06
nm0993607,36,1.0,9,0.0,
nm0993695,361,0.190904,6,0.0,0.001864
nm0993783,36,1.0,8,0.075995,
nm0994324,36,1.0,9,0.0,
nm0994846,36,1.0,9,0.0,
nm0996310,36,1.0,8,0.0,
nm0997289,36,1.0,9,0.0,
nm0997434,36,1.0,6,0.0,
nm0997511,36,1.0,8,0.0,
nm0997634,72,0.470588,5,0.0,8e-06
nm0997681,36,1.0,4,0.0,
nm0997881,36,1.0,9,0.0,
nm0997982,36,1.0,9,0.0,
nm0998142,36,1.0,7,0.0,
nm0998350,36,1.0,8,0.0,
nm0998429,36,1.0,8,0.0,
nm0998932,72,0.470588,1,0.0,0.000178
nm0998945,36,1.0,7,0.0,
nm0999005,36,1.0,8,0.0,
nm0999232,36,1.0,9,0.0,
nm0999291,36,1.0,7,0.0,
nm0999309,36,1.0,5,0.0,
nm0999317,119,0.515152,5,0.0,0.001256
nm0999515,197,0.280228,8,0.0,0.000113
nm10002148,72,0.529412,9,0.0,
nm10002550,36,1.0,9,0.0,
nm10002747,36,1.0,6,0.0,
nm10002762,36,1.0,9,0.0,
nm1000331,118,0.336182,8,0.0,9.8e-05
nm1000338,36,1.0,9,0.0,
nm10004503,36,1.0,9,0.0,
nm10005522,36,1.0,9,0.0,
nm10005523,36,1.0,8,0.0,
nm10005525,36,1.0,7,0.0,
nm10005526,36,1.0,6,0.0,
nm10005536,36,1.0,5,0.0,
nm10005847,36,1.0,8,0.0,
nm10006242,36,1.0,8,0.0,
nm10007407,36,1.0,9,0.0,
nm10009653,36,1.0,9,0.0,
nm1001005,36,1.0,7,0.060345,
nm1001108,204,0.261538,8,0.0,0.000133
nm1001143,36,1.0,3,0.0,
nm1001160,36,1.0,9,0.0,
nm1001206,36,1.0,8,0.0,
nm1001213,203,0.260256,7,0.0,0.000247
nm10013114,36,1.0,7,0.0,
nm1001314,36,1.0,5,0.06833,
nm10013900,36,1.0,9,0.0,
nm10014033,36,1.0,9,0.0,
nm10014090,36,1.0,6,0.0,
nm1001625,110,0.338462,8,0.137856,0.003446
nm1001712,36,1.0,4,0.0,
nm10017300,36,1.0,9,0.0,
nm10017483,36,1.0,9,0.0,
nm10017940,36,1.0,9,0.0,
nm1001836,109,0.363333,8,0.0,5.3e-05
nm10018645,36,1.0,7,0.0,
nm10019316,36,1.0,9,0.0,
nm10019801,36,1.0,8,0.0,
nm10020219,36,1.0,9,0.0,
nm1002067,36,1.0,7,0.0,
nm10022068,36,1.0,9,0.098437,
nm1002207,36,1.0,9,0.0,
nm10022315,36,1.0,9,0.0,
nm10023022,36,1.0,9,0.0,
nm10023737,36,1.0,5,0.0,
nm10024096,36,1.0,8,0.0,
nm10024620,36,1.0,8,0.0,
nm10024868,36,1.0,9,0.0,
nm1002609,36,1.0,4,0.0,
nm10026135,36,1.0,7,0.0,
nm1002664,36,1.0,9,0.0,
nm1002746,36,1.0,8,0.0,
nm10027831,36,1.0,9,0.0,
nm10028068,36,1.0,9,0.0,
nm1002829,36,1.0,9,0.0,
nm10028798,36,1.0,9,0.0,
nm1002952,71,0.591667,7,0.0,
nm10030077,36,1.0,9,0.0,
nm1003010,81,0.595588,8,0.0,
nm10030720,36,1.0,8,0.0,
nm10031066,36,1.0,9,0.0,
nm10031217,36,1.0,9,0.0,
nm10031373,36,1.0,9,0.0,
nm10031888,36,1.0,9,0.0,
nm10032398,36,1.0,9,0.0,
nm10032663,36,1.0,9,0.0,
nm10034165,36,1.0,9,0.0,
nm10035528,36,1.0,8,0.110915,
nm10035940,36,1.0,7,0.125498,
nm10039073,36,1.0,8,0.0,
nm1003962,36,1.0,9,0.0,
nm10040326,36,1.0,9,0.0,
nm10040390,36,1.0,9,0.0,
nm10040565,36,1.0,6,0.0,
nm10041313,36,1.0,9,0.0,
nm10041459,36,1.0,9,0.0,
nm10042969,36,1.0,8,0.0,
nm10045195,36,1.0,9,0.0,
nm10045309,36,1.0,7,0.096183,
nm10045404,36,1.0,9,0.0,
nm10045469,36,1.0,9,0.0,
nm10047916,36,1.0,9,0.0,
nm10047921,36,1.0,8,0.0,
nm10047959,36,1.0,7,0.0,
nm10048712,36,1.0,9,0.0,
nm10049716,36,1.0,8,0.119772,
nm1004978,36,1.0,4,0.0,
nm10050841,36,1.0,8,0.0,
nm10051337,36,1.0,9,0.0,
nm10051374,36,1.0,9,0.0,
nm10052455,36,1.0,9,0.0,
nm10052966,36,1.0,6,0.0,
nm10053729,36,1.0,9,0.0,
nm10053793,36,1.0,5,0.0,
nm10054402,36,1.0,8,0.0,
nm10054569,36,1.0,7,0.0,
nm1005503,36,1.0,5,0.0,
nm10055423,36,1.0,7,0.080769,
nm10055965,36,1.0,8,0.0,
nm10056717,36,1.0,6,0.0,
nm10056740,36,1.0,7,0.0,
nm1005692,36,1.0,2,0.0,
nm10056998,36,1.0,6,0.0,
nm10057332,36,1.0,8,0.0,
nm10057575,36,1.0,9,0.0,
nm10057577,36,1.0,9,0.0,
nm10058325,36,1.0,9,0.0,
nm10058464,36,1.0,6,0.0,
nm10058902,36,1.0,9,0.0,
nm10061239,36,1.0,8,0.0,
nm10063311,36,1.0,9,0.0,
nm10063315,36,1.0,8,0.0,
nm10063316,36,1.0,7,0.0,
nm10063317,36,1.0,6,0.0,
nm10063318,36,1.0,5,0.0,
nm10063319,36,1.0,4,0.0,
nm10063384,36,1.0,3,0.0,
nm10063454,36,1.0,9,0.0,
nm10063514,36,1.0,2,0.0,
nm10063516,36,1.0,1,0.0,
nm10064583,36,1.0,8,0.0,
nm10064963,36,1.0,8,0.0,
nm10065777,36,1.0,8,0.0,
nm1006583,72,0.470588,2,0.0,3.2e-05
nm10066246,36,1.0,9,0.0,
nm10066504,36,1.0,9,0.0,
nm10067140,36,1.0,9,0.0,
nm10067359,36,1.0,5,0.07554,
nm10067871,36,1.0,8,0.0,
nm10068557,36,1.0,8,0.0,
nm10069353,36,1.0,9,0.0,
nm1007039,36,1.0,8,0.0,
nm10070800,36,1.0,8,0.0,
nm10070918,36,1.0,9,0.0,
nm1007154,36,1.0,8,0.0,
nm1007226,36,1.0,7,0.0,
nm10074093,36,1.0,8,0.0,
nm10074396,36,1.0,9,0.0,
nm10074746,36,1.0,9,0.0,
nm10075303,36,1.0,9,0.0,
nm10075638,36,1.0,8,0.089616,
nm1007581,36,1.0,8,0.115596,
nm10076257,36,1.0,7,0.0,
nm10076781,36,1.0,9,0.088483,
nm10076818,36,1.0,9,0.0,
nm1007767,36,1.0,5,0.0,
nm10077810,36,1.0,9,0.0,
nm10078041,36,1.0,9,0.0,
nm10078267,36,1.0,6,0.0,
nm10078781,36,1.0,8,0.0,
nm10078970,36,1.0,9,0.0,
nm10079481,36,1.0,9,0.0,
nm10079895,36,1.0,6,0.126761,
nm10080055,36,1.0,9,0.0,
nm10080077,36,1.0,8,0.0,
nm1008063,72,0.470588,8,0.0,3e-06
nm10081537,36,1.0,9,0.0,
nm10081542,36,1.0,8,0.0,
nm1008173,36,1.0,9,0.0,
nm10082610,36,1.0,9,0.0,
nm10082715,36,1.0,7,0.0,
nm10083179,36,1.0,9,0.0,
nm10086745,36,1.0,8,0.0,
nm1008709,36,1.0,5,0.0,
nm10087145,36,1.0,9,0.0,
nm10087257,36,1.0,9,0.0,
nm10088118,36,1.0,8,0.0,
nm10088846,36,1.0,7,0.0,
nm10089139,36,1.0,8,0.095455,
nm10089635,36,1.0,8,0.0,
nm1008972,36,1.0,6,0.0,
nm10090622,36,1.0,7,0.0,
nm10091178,36,1.0,9,0.0,
nm10091221,36,1.0,8,0.0,
nm10091596,72,0.529412,9,0.0,
nm10092080,36,1.0,6,0.087744,
nm10093374,36,1.0,8,0.0,
nm10093507,36,1.0,6,0.0,
nm1009361,36,1.0,8,0.0,
nm10093730,36,1.0,8,0.0,
nm1009405,36,1.0,5,0.0,
nm10095095,36,1.0,7,0.0,
nm1009531,36,1.0,8,0.0,
nm10097892,36,1.0,7,0.0,
nm10097983,36,1.0,7,0.0,
nm10099696,36,1.0,9,0.10311,
nm10100525,36,1.0,9,0.0,
nm10101416,36,1.0,7,0.0,
nm10103635,36,1.0,9,0.109185,
nm10105565,36,1.0,8,0.0,
nm10107176,36,1.0,4,0.0,
nm10109408,36,1.0,9,0.0,
nm10109491,36,1.0,8,0.0,
nm1010999,36,1.0,5,0.0,
nm10110915,36,1.0,9,0.0,
nm10110938,36,1.0,9,0.0,
nm1011131,72,0.470588,4,0.0,0.000543
nm10111777,36,1.0,9,0.0,
nm10111920,36,1.0,7,0.0,
nm10112473,36,1.0,9,0.106419,
nm10113120,36,1.0,9,0.109185,
nm1011348,36,1.0,8,0.119772,
nm10113902,36,1.0,9,0.0,
nm10114200,36,1.0,7,0.0,
nm10114454,36,1.0,8,0.0,
nm10116011,36,1.0,8,0.0,
nm10116922,36,1.0,5,0.0,
nm10117277,36,1.0,8,0.0,
nm10117612,36,1.0,6,0.0,
nm10118850,36,1.0,8,0.0,
nm10120018,36,1.0,9,0.0,
nm10122060,36,1.0,7,0.0,
nm10122861,36,1.0,9,0.0,
nm10123310,36,1.0,9,0.0,
nm10123313,36,1.0,8,0.0,
nm10124558,36,1.0,7,0.0,
nm10124758,36,1.0,7,0.0,
nm1012524,36,1.0,7,0.0,
nm10126150,36,1.0,8,0.0,
nm1013003,36,1.0,7,0.0,
nm10130200,36,1.0,9,0.0,
nm10131701,36,1.0,8,0.0,
nm10132070,36,1.0,9,0.0,
nm10134529,72,0.470588,9,0.0,0.0
nm10134821,36,1.0,8,0.0,
nm10134922,36,1.0,9,0.0,
nm10136043,36,1.0,8,0.0,
nm10136189,72,0.470588,3,0.0,0.0
nm10137386,36,1.0,6,0.0,
nm10138613,36,1.0,9,0.0,
nm10139646,36,1.0,9,0.0,
nm10140456,36,1.0,8,0.0,
nm10140655,36,1.0,9,0.0875,
nm10140681,36,1.0,9,0.0,
nm10141088,36,1.0,9,0.0,
nm10142219,36,1.0,9,0.0,
nm10142738,36,1.0,8,0.058659,
nm10143056,36,1.0,9,0.0,
nm10144763,36,1.0,9,0.0,
nm1014528,36,1.0,9,0.0,
nm10147280,36,1.0,8,0.0,
nm10148275,36,1.0,9,0.0,
nm10148592,36,1.0,7,0.0,
nm10148777,36,1.0,8,0.0,
nm10148814,36,1.0,9,0.0,
nm10148819,36,1.0,8,0.0,
nm10148947,36,1.0,9,0.05536,
nm10150023,36,1.0,9,0.0,
nm10150207,36,1.0,9,0.0,
nm10151205,36,1.0,9,0.0,
nm10151948,36,1.0,4,0.0,
nm10152723,36,1.0,6,0.0,
nm10153044,36,1.0,9,0.109565,
nm10153431,36,1.0,7,0.0,
nm10153699,72,0.470588,9,0.130165,0.000229
nm10154768,36,1.0,6,0.0,
nm10154951,36,1.0,8,0.0,
nm10155232,36,1.0,9,0.0,
nm1015599,36,1.0,6,0.0,
nm10157807,36,1.0,9,0.0,
nm10160533,36,1.0,9,0.0,
nm10160942,36,1.0,7,0.0,
nm10163476,36,1.0,6,0.0,
nm10165007,36,1.0,9,0.0,
nm10165243,36,1.0,9,0.0,
nm10165537,36,1.0,9,0.0,
nm10166044,36,1.0,9,0.0,
nm10168599,36,1.0,9,0.0,
nm10169842,36,1.0,9,0.0,
nm10169843,36,1.0,8,0.0,
nm10169844,36,1.0,7,0.0,
nm10170946,36,1.0,9,0.0,
nm10171821,36,1.0,7,0.106239,
nm10171971,36,1.0,4,0.0,
nm10172266,36,1.0,9,0.0,
nm10172541,36,1.0,9,0.0,
nm10174065,36,1.0,9,0.0,
nm10174309,36,1.0,9,0.116667,
nm10174505,36,1.0,9,0.0,
nm10175558,36,1.0,8,0.0,
nm10177469,36,1.0,9,0.0,
nm10179336,36,1.0,9,0.0,
nm10179382,36,1.0,9,0.0,
nm1017945,36,1.0,7,0.0,
nm10180505,36,1.0,8,0.0,
nm10181097,36,1.0,8,0.0,
nm10181098,36,1.0,7,0.0,
nm10181284,36,1.0,7,0.0,
nm1018224,36,1.0,9,0.111111,
nm10182371,36,1.0,9,0.0,
nm1018267,36,1.0,8,0.0,
nm10182901,36,1.0,8,0.110915,
nm1018299,36,1.0,9,0.0,
nm10183085,36,1.0,8,0.0,
nm10183124,36,1.0,9,0.123529,
nm10183171,36,1.0,8,0.0,
nm10183222,36,1.0,8,0.0,
nm10185914,36,1.0,8,0.0,
nm10186390,36,1.0,9,0.0,
nm10186457,36,1.0,8,0.0,
nm10187203,36,1.0,9,0.0,
nm10187204,72,0.470588,1,0.0,1.6e-05
nm10187205,36,1.0,9,0.0,
nm10188067,36,1.0,9,0.0,
nm10188572,36,1.0,8,0.0,
nm10188585,36,1.0,8,0.0,
nm10191071,36,1.0,7,0.0,
nm10191596,36,1.0,9,0.0,
nm10191760,72,0.529412,9,0.0,
nm10192522,36,1.0,8,0.0,
nm10192526,72,0.529412,7,0.0,
nm10192611,36,1.0,7,0.0,
nm10193929,36,1.0,8,0.0,
nm10194546,36,1.0,9,0.0,
nm10195351,36,1.0,9,0.0,
nm10195375,36,1.0,7,0.0,
nm10195787,36,1.0,8,0.0,
nm10196124,36,1.0,8,0.0,
nm10197661,36,1.0,9,0.0,
nm10198591,36,1.0,8,0.0,
nm10200328,36,1.0,6,0.0,
nm1020124,36,1.0,4,0.0,
nm10201411,36,1.0,7,0.0,
nm1020221,36,1.0,9,0.0,
nm10202268,36,1.0,8,0.081395,
nm10202536,36,1.0,5,0.0,
nm10203651,72,0.470588,3,0.128571,0.002904
nm10203949,36,1.0,7,0.0,
nm10204537,71,0.591667,7,0.0,
nm10204542,36,1.0,9,0.0,
nm10204687,36,1.0,6,0.0,
nm10204708,36,1.0,5,0.0,
nm10204853,36,1.0,9,0.0,
nm10205174,36,1.0,9,0.0,
nm10207056,36,1.0,7,0.0,
nm10207272,36,1.0,5,0.0,
nm10208715,36,1.0,5,0.0,
nm10209071,36,1.0,8,0.0,
nm10209518,36,1.0,7,0.0,
nm10210824,36,1.0,9,0.0,
nm1021083,72,0.470588,9,0.0,0.0
nm10210839,36,1.0,9,0.0,
nm1021099,36,1.0,8,0.0,
nm10211049,36,1.0,9,0.0,
nm10211052,36,1.0,8,0.0,
nm10211053,36,1.0,7,0.0,
nm1021126,36,1.0,9,0.0,
nm1021129,36,1.0,9,0.0,
nm10211299,36,1.0,9,0.114964,
nm10212813,36,1.0,9,0.0,
nm10215564,36,1.0,8,0.0,
nm10215661,36,1.0,8,0.0,
nm10217092,36,1.0,5,0.080873,
nm10218782,36,1.0,6,0.0,
nm10219512,36,1.0,8,0.0,
nm10221396,36,1.0,9,0.0,
nm10221439,36,1.0,8,0.0,
nm10221800,36,1.0,4,0.0,
nm1022194,36,1.0,8,0.0,
nm10221978,36,1.0,7,0.0,
nm10222122,36,1.0,9,0.0,
nm10223139,36,1.0,7,0.062008,
nm10225636,36,1.0,9,0.0,
nm10226640,36,1.0,8,0.0,
nm10226951,36,1.0,9,0.0,
nm1022725,36,1.0,6,0.0,
nm10228377,36,1.0,8,0.0,
nm10228382,36,1.0,6,0.0,
nm1022949,36,1.0,3,0.0,
nm10229753,36,1.0,9,0.0,
nm10230116,36,1.0,9,0.107325,
nm10233224,36,1.0,7,0.0,
nm10233225,36,1.0,6,0.0,
nm10233226,36,1.0,5,0.0,
nm10233227,36,1.0,4,0.0,
nm10233228,36,1.0,3,0.0,
nm10233229,36,1.0,2,0.0,
nm10233639,36,1.0,8,0.0,
nm10233894,36,1.0,9,0.0,
nm10234074,36,1.0,8,0.0,
nm10234765,36,1.0,7,0.0,
nm10234886,36,1.0,9,0.0,
nm10235353,36,1.0,9,0.110333,
nm10235692,36,1.0,9,0.0,
nm10235712,36,1.0,9,0.0,
nm10235716,36,1.0,8,0.0,
nm10235828,36,1.0,9,0.0,
nm10235918,36,1.0,6,0.0,
nm10238004,36,1.0,9,0.0,
nm1023932,72,0.470588,9,0.100962,0.000218
nm10239528,36,1.0,9,0.0,
nm10239733,36,1.0,8,0.0,
nm10240435,36,1.0,9,0.0,
nm10240449,36,1.0,9,0.0,
nm1024046,36,1.0,9,0.066107,
nm1024101,36,1.0,9,0.103618,
nm1024111,36,1.0,9,0.110915,
nm1024264,36,1.0,7,0.0,
nm10243100,36,1.0,7,0.0,
nm1024317,36,1.0,8,0.0,
nm1024333,36,1.0,4,0.0,
nm10244736,36,1.0,8,0.125498,
nm10245269,36,1.0,7,0.0,
nm1024541,36,1.0,5,0.0,
nm10245630,36,1.0,9,0.0,
nm10245920,36,1.0,6,0.0,
nm10251277,36,1.0,9,0.0,
nm10252179,36,1.0,9,0.0,
nm10252275,36,1.0,5,0.0,
nm10252511,36,1.0,8,0.0,
nm1025262,36,1.0,9,0.101286,
nm10252661,36,1.0,9,0.0,
nm10253161,36,1.0,8,0.0,
nm10255221,36,1.0,7,0.0,
nm10257126,36,1.0,9,0.0,
nm10257212,36,1.0,9,0.111111,
nm10258324,36,1.0,8,0.103618,
nm10258845,36,1.0,8,0.0,
nm10258959,36,1.0,9,0.0,
nm10259647,36,1.0,7,0.0,
nm10261280,36,1.0,8,0.0,
nm10261360,36,1.0,8,0.0,
nm10261361,36,1.0,7,0.0,
nm10261362,36,1.0,6,0.0,
nm10261552,36,1.0,9,0.0,
nm10261553,36,1.0,8,0.0,
nm10261554,36,1.0,7,0.0,
nm10261556,36,1.0,6,0.0,
nm10261557,36,1.0,5,0.0,
nm10261562,36,1.0,4,0.0,
nm1026163,36,1.0,9,0.0,
nm10261796,36,1.0,9,0.0,
nm10263714,36,1.0,7,0.075995,
nm10263874,36,1.0,9,0.0,
nm10263891,36,1.0,8,0.0,
nm10264005,36,1.0,5,0.0,
nm10264006,36,1.0,4,0.0,
nm10264201,36,1.0,9,0.0,
nm10264203,36,1.0,8,0.0,
nm10264205,36,1.0,7,0.0,
nm10264206,36,1.0,6,0.0,
nm10264207,36,1.0,5,0.0,
nm10264208,36,1.0,4,0.0,
nm10264698,36,1.0,6,0.0,
nm10264699,36,1.0,5,0.0,
nm10264742,36,1.0,3,0.0,
nm10264746,36,1.0,2,0.0,
nm10265121,36,1.0,8,0.0,
nm10265474,36,1.0,1,0.0,
nm10265475,36,1.0,0,0.0,
nm10265577,36,1.0,9,0.0,
nm10265579,36,1.0,8,0.0,
nm10265580,36,1.0,7,0.0,
nm10265581,36,1.0,6,0.0,
nm10265582,36,1.0,5,0.0,
nm10265583,36,1.0,4,0.0,
nm10265751,36,1.0,9,0.0,
nm10265966,36,1.0,9,0.0,
nm10265967,36,1.0,8,0.0,
nm10265968,36,1.0,7,0.0,
nm10265969,36,1.0,6,0.0,
nm10265972,36,1.0,5,0.0,
nm10266185,36,1.0,9,0.0,
nm10266725,36,1.0,9,0.0,
nm10266986,36,1.0,9,0.0,
nm10266987,36,1.0,8,0.0,
nm10266989,36,1.0,7,0.0,
nm10267127,36,1.0,9,0.0,
nm10267128,36,1.0,8,0.0,
nm10267129,36,1.0,7,0.0,
nm10267133,36,1.0,6,0.0,
nm10267154,36,1.0,5,0.0,
nm10267158,36,1.0,4,0.0,
nm10267163,36,1.0,3,0.0,
nm10267172,36,1.0,2,0.0,
nm10267173,36,1.0,1,0.0,
nm10267177,36,1.0,0,0.0,
nm10267226,36,1.0,9,0.0,
nm10267292,36,1.0,9,0.0,
nm10267905,36,1.0,7,0.0,
nm10268001,36,1.0,8,0.0,
nm10268002,36,1.0,7,0.0,
nm10268476,36,1.0,6,0.0,
nm10269000,36,1.0,9,0.0,
nm10269001,36,1.0,8,0.0,
nm10269002,36,1.0,7,0.0,
nm10269003,36,1.0,6,0.0,
nm10269102,36,1.0,9,0.0,
nm10269103,36,1.0,8,0.0,
nm10269115,36,1.0,8,0.0,
nm10269116,36,1.0,7,0.0,
nm10269162,36,1.0,6,0.0,
nm10269163,36,1.0,5,0.0,
nm10269164,36,1.0,4,0.0,
nm10269274,36,1.0,9,0.119318,
nm10269481,36,1.0,9,0.0,
nm10270016,36,1.0,9,0.0,
nm10270269,36,1.0,4,0.0,
nm10270270,36,1.0,3,0.0,
nm10270272,36,1.0,2,0.0,
nm10270564,36,1.0,9,0.0,
nm10270565,36,1.0,8,0.0,
nm10270566,36,1.0,7,0.0,
nm10270567,36,1.0,6,0.0,
nm10270625,36,1.0,9,0.0,
nm10270626,36,1.0,8,0.0,
nm10270629,36,1.0,7,0.0,
nm10270632,36,1.0,6,0.0,
nm10270726,36,1.0,8,0.0,
nm10271044,36,1.0,8,0.0,
nm10271046,36,1.0,7,0.0,
nm10271049,36,1.0,6,0.0,
nm10271249,36,1.0,8,0.106419,
nm10271251,36,1.0,7,0.106419,
nm10271402,36,1.0,9,0.0,
nm10271428,36,1.0,7,0.0,
nm10271429,36,1.0,6,0.0,
nm10271430,36,1.0,5,0.0,
nm10271721,36,1.0,8,0.0,
nm10271722,36,1.0,7,0.0,
nm10271724,36,1.0,7,0.0,
nm10272021,36,1.0,8,0.0,
nm10272089,73,0.477124,3,0.095745,0.0
nm10272092,36,1.0,9,0.095745,
nm10272097,36,1.0,8,0.095745,
nm10272294,36,1.0,4,0.0,
nm10272584,36,1.0,7,0.0,
nm1027293,36,1.0,8,0.120459,
nm10272988,36,1.0,6,0.0,
nm1027309,108,0.332308,9,0.108997,0.0
nm10273094,36,1.0,5,0.0,
nm10273095,36,1.0,4,0.0,
nm10273167,36,1.0,5,0.0,
nm10273190,36,1.0,8,0.0,
nm10273195,69,0.657143,8,0.0,
nm10273196,36,1.0,7,0.0,
nm10273210,36,1.0,4,0.0,
nm10273302,36,1.0,9,0.0,
nm10273303,36,1.0,8,0.0,
nm10273397,36,1.0,9,0.0,
nm10273499,36,1.0,9,0.0,
nm10273745,36,1.0,7,0.0,
nm10273746,36,1.0,6,0.0,
nm10273747,36,1.0,5,0.0,
nm10273748,36,1.0,4,0.0,
nm10273749,36,1.0,3,0.0,
nm10273947,36,1.0,9,0.0,
nm10273948,36,1.0,8,0.0,
nm10273978,36,1.0,7,0.0,
nm10273979,36,1.0,6,0.0,
nm10273980,36,1.0,5,0.0,
nm10273981,36,1.0,4,0.0,
nm10273982,36,1.0,3,0.0,
nm10274120,36,1.0,7,0.0,
nm10274391,36,1.0,9,0.0,
nm10274511,36,1.0,6,0.0,
nm10274937,36,1.0,6,0.0,
nm10275010,36,1.0,9,0.0,
nm10275011,36,1.0,8,0.0,
nm10275012,36,1.0,7,0.0,
nm10275013,36,1.0,6,0.0,
nm10275393,36,1.0,7,0.081395,
nm10275431,36,1.0,9,0.0,
nm10275432,36,1.0,8,0.0,
nm10275513,36,1.0,9,0.0,
nm10275514,36,1.0,8,0.0,
nm10275870,36,1.0,9,0.0,
nm10275871,36,1.0,8,0.0,
nm10276227,36,1.0,8,0.0,
nm10276230,36,1.0,7,0.0,
nm10276231,36,1.0,6,0.0,
nm10276266,36,1.0,5,0.0,
nm10276269,36,1.0,4,0.0,
nm10276271,36,1.0,3,0.0,
nm10276297,36,1.0,9,0.0,
nm10276298,36,1.0,9,0.0,
nm10276299,36,1.0,8,0.0,
nm10276556,79,0.51634,5,0.0,3e-06
nm10276749,71,0.591667,8,0.0,
nm10276797,36,1.0,8,0.0,
nm10276798,36,1.0,7,0.0,
nm10277001,36,1.0,9,0.0,
nm10277003,36,1.0,8,0.0,
nm10277004,36,1.0,7,0.0,
nm10277005,36,1.0,6,0.0,
nm10277006,36,1.0,5,0.0,
nm10277008,36,1.0,4,0.0,
nm10277013,36,1.0,3,0.0,
nm10277014,36,1.0,2,0.0,
nm10277050,36,1.0,9,0.0,
nm10277051,36,1.0,8,0.0,
nm10277052,36,1.0,7,0.0,
nm10277053,36,1.0,6,0.0,
nm10277054,36,1.0,5,0.0,
nm10277055,36,1.0,4,0.0,
nm1027715,36,1.0,9,0.0,
nm10277187,36,1.0,7,0.0,
nm10277260,36,1.0,8,0.0,
nm1027735,36,1.0,9,0.0,
nm10277610,36,1.0,7,0.0,
nm10277611,36,1.0,6,0.0,
nm10277827,36,1.0,9,0.0,
nm10277974,36,1.0,9,0.0,
nm10278215,36,1.0,2,0.0,
nm10278261,36,1.0,9,0.0,
nm10278262,36,1.0,8,0.0,
nm10278263,36,1.0,7,0.0,
nm10278265,36,1.0,6,0.0,
nm10278266,36,1.0,5,0.0,
nm10278352,36,1.0,7,0.0,
nm1027842,72,0.470588,9,0.0,1.6e-05
nm10278434,36,1.0,9,0.0,
nm10278449,108,0.426877,9,0.0,3e-06
nm10278472,36,1.0,9,0.0,
nm10278476,36,1.0,9,0.0,
nm10278478,72,0.470588,7,0.0,2e-06
nm10278479,36,1.0,8,0.0,
nm10278481,73,0.477124,6,0.0,4e-06
nm10278576,36,1.0,8,0.0,
nm10278850,36,1.0,3,0.0,
nm10278981,36,1.0,9,0.0,
nm10278982,36,1.0,8,0.0,
nm10278983,36,1.0,7,0.0,
nm10278984,36,1.0,6,0.0,
nm10278985,36,1.0,5,0.0,
nm10278986,36,1.0,4,0.0,
nm10278987,36,1.0,3,0.0,
nm10278988,36,1.0,2,0.0,
nm10278989,36,1.0,1,0.0,
nm10278990,36,1.0,0,0.0,
nm10279002,36,1.0,9,0.102773,
nm10279362,59,0.893939,10,0.0,
nm10279438,36,1.0,7,0.0,
nm10279636,36,1.0,9,0.0,
nm10279637,36,1.0,8,0.0,
nm10279777,36,1.0,7,0.093333,
nm1027986,36,1.0,8,0.0,
nm10279921,36,1.0,9,0.0,
nm10279925,36,1.0,8,0.0,
nm10280146,36,1.0,9,0.0,
nm10280464,36,1.0,7,0.0,
nm10280578,36,1.0,6,0.0,
nm10280884,36,1.0,9,0.0,
nm10280914,36,1.0,8,0.0,
nm10280915,36,1.0,7,0.0,
nm10280916,36,1.0,6,0.0,
nm10280979,44,0.977778,9,0.0,
nm10280980,131,0.689474,10,0.0,0.0
nm10280981,44,0.977778,8,0.0,
nm10280998,36,1.0,9,0.0,
nm10281536,36,1.0,9,0.0,
nm10281852,36,1.0,5,0.0,
nm10281854,36,1.0,5,0.0,
nm10282163,36,1.0,8,0.0,
nm10282200,36,1.0,9,0.0,
nm10282225,36,1.0,7,0.0,
nm10282237,36,1.0,8,0.0,
nm10282594,36,1.0,7,0.0,
nm10282595,36,1.0,6,0.0,
nm10282596,36,1.0,5,0.0,
nm10282597,36,1.0,4,0.0,
nm10282598,36,1.0,3,0.0,
nm10282599,36,1.0,2,0.0,
nm10282602,36,1.0,1,0.0,
nm10282858,84,0.7,9,0.0,
nm10282869,36,1.0,9,0.0,
nm10282870,36,1.0,8,0.0,
nm10282871,36,1.0,7,0.0,
nm10282872,36,1.0,6,0.0,
nm10282873,36,1.0,5,0.0,
nm10282874,36,1.0,4,0.0,
nm10282875,36,1.0,3,0.0,
nm10283617,36,1.0,8,0.0,
nm10284012,73,0.536765,4,0.0,
nm10284013,73,0.536765,3,0.0,
nm10284014,36,1.0,9,0.0,
nm10284020,36,1.0,6,0.0,
nm10284105,36,1.0,8,0.0,
nm1028434,109,0.310541,9,0.0,1e-06
nm10284550,36,1.0,9,0.0,
nm10284551,36,1.0,8,0.0,
nm10284552,36,1.0,7,0.0,
nm10284553,36,1.0,6,0.0,
nm10284554,36,1.0,5,0.0,
nm10284596,36,1.0,9,0.0,
nm10284597,36,1.0,8,0.0,
nm10284987,36,1.0,8,0.0,
nm10284989,36,1.0,7,0.0,
nm10285007,69,0.657143,9,0.0,
nm10285009,36,1.0,7,0.0,
nm10285010,36,1.0,6,0.0,
nm10285012,36,1.0,5,0.0,
nm10285015,36,1.0,4,0.0,
nm10285027,36,1.0,8,0.0,
nm10285028,36,1.0,7,0.0,
nm10285029,36,1.0,6,0.0,
nm10285136,73,0.536765,4,0.0,
nm10285152,36,1.0,8,0.0,
nm10285153,36,1.0,7,0.0,
nm10286181,36,1.0,9,0.0,
nm10286182,36,1.0,8,0.0,
nm10286183,36,1.0,7,0.0,
nm10286185,36,1.0,6,0.0,
nm10286273,36,1.0,8,0.0,
nm1028648,72,0.470588,8,0.0,0.0
nm10287248,71,0.591667,6,0.0,
nm10287365,36,1.0,8,0.0,
nm10287368,36,1.0,7,0.0,
nm10287372,36,1.0,6,0.0,
nm10287391,36,1.0,7,0.0,
nm10287498,36,1.0,7,0.0,
nm10287499,36,1.0,6,0.0,
nm10287530,36,1.0,7,0.0,
nm10288058,36,1.0,4,0.0,
nm10288309,36,1.0,7,0.0,
nm10288310,36,1.0,6,0.0,
nm10288311,36,1.0,5,0.0,
nm10288337,36,1.0,9,0.0,
nm10288338,36,1.0,8,0.0,
nm10288339,36,1.0,7,0.0,
nm10288340,36,1.0,6,0.0,
nm10288341,36,1.0,5,0.0,
nm10288342,72,0.470588,9,0.0,0.0
nm10288362,36,1.0,9,0.0,
nm10288410,36,1.0,8,0.0,
nm10288530,36,1.0,9,0.0,
nm10288531,36,1.0,8,0.0,
nm10288541,36,1.0,8,0.0,
nm10288589,36,1.0,9,0.0,
nm10288726,36,1.0,8,0.0,
nm10288728,36,1.0,7,0.0,
nm10288729,36,1.0,6,0.0,
nm10288730,36,1.0,5,0.0,
nm10288735,36,1.0,4,0.0,
nm10288736,36,1.0,3,0.0,
nm10288737,36,1.0,2,0.0,
nm10288813,36,1.0,6,0.0,
nm10288814,36,1.0,5,0.0,
nm1028885,36,1.0,8,0.0,
nm10288973,36,1.0,4,0.0,
nm10289110,36,1.0,6,0.0,
nm10289291,36,1.0,9,0.0,
nm10289908,36,1.0,9,0.0,
nm10289909,36,1.0,8,0.0,
nm10289913,36,1.0,7,0.0,
nm10289915,36,1.0,6,0.0,
nm10290327,36,1.0,9,0.0,
nm10290433,36,1.0,6,0.0,
nm10290434,36,1.0,5,0.0,
nm10290435,36,1.0,4,0.0,
nm10290436,36,1.0,3,0.0,
nm10290450,36,1.0,8,0.0,
nm10290451,36,1.0,7,0.0,
nm10290588,36,1.0,9,0.0,
nm10290589,36,1.0,8,0.0,
nm10290590,36,1.0,7,0.0,
nm10290591,36,1.0,6,0.0,
nm10290593,36,1.0,5,0.0,
nm10290594,36,1.0,4,0.0,
nm10290595,36,1.0,3,0.0,
nm10290597,36,1.0,2,0.0,
nm10290654,36,1.0,9,0.114338,
nm10290749,36,1.0,6,0.0,
nm10290898,36,1.0,5,0.0,
nm1029098,36,1.0,5,0.0,
nm10291057,36,1.0,9,0.0,
nm10291262,36,1.0,2,0.0,
nm10291764,36,1.0,4,0.0,
nm10292046,36,1.0,9,0.0,
nm10292048,36,1.0,8,0.0,
nm10292049,36,1.0,7,0.0,
nm10292055,36,1.0,6,0.0,
nm10292068,36,1.0,5,0.0,
nm10292071,36,1.0,4,0.0,
nm10292072,36,1.0,3,0.0,
nm10292073,36,1.0,2,0.0,
nm1029211,36,1.0,9,0.0,
nm10292298,36,1.0,5,0.0,
nm10292299,36,1.0,4,0.0,
nm10292382,36,1.0,8,0.0,
nm10292386,36,1.0,7,0.0,
nm10292389,36,1.0,6,0.0,
nm10292396,36,1.0,5,0.0,
nm10292399,36,1.0,4,0.0,
nm10292407,36,1.0,3,0.0,
nm10292437,36,1.0,9,0.0,
nm10292438,36,1.0,8,0.0,
nm10292439,36,1.0,7,0.0,
nm10292440,36,1.0,6,0.0,
nm10292442,36,1.0,5,0.0,
nm10292444,36,1.0,4,0.0,
nm10292448,36,1.0,3,0.0,
nm10292523,36,1.0,5,0.0,
nm10292584,36,1.0,9,0.0,
nm10292585,36,1.0,8,0.0,
nm10292586,36,1.0,7,0.0,
nm10292587,36,1.0,6,0.0,
nm10292588,36,1.0,5,0.0,
nm10292618,36,1.0,4,0.0,
nm10292619,36,1.0,3,0.0,
nm10292620,36,1.0,2,0.0,
nm10292621,36,1.0,1,0.0,
nm10292622,36,1.0,0,0.0,
nm10292689,36,1.0,7,0.0,
nm10292982,36,1.0,7,0.0,
nm10292983,36,1.0,6,0.0,
nm10292984,36,1.0,5,0.0,
nm10292985,36,1.0,4,0.0,
nm10292986,36,1.0,3,0.0,
nm10292987,36,1.0,2,0.0,
nm10293292,36,1.0,9,0.0,
nm10293293,36,1.0,8,0.0,
nm10293520,36,1.0,8,0.0,
nm10293521,36,1.0,7,0.0,
nm10293522,36,1.0,6,0.0,
nm10293523,36,1.0,5,0.0,
nm10293524,36,1.0,4,0.0,
nm10293526,36,1.0,3,0.0,
nm10293527,36,1.0,2,0.0,
nm10293549,36,1.0,8,0.0,
nm10293688,36,1.0,8,0.0,
nm10293837,36,1.0,4,0.0,
nm10293916,36,1.0,9,0.0,
nm10293922,36,1.0,6,0.048951,
nm10293940,36,1.0,8,0.0,
nm10294083,36,1.0,9,0.0,
nm10294377,36,1.0,7,0.0,
nm10294378,36,1.0,6,0.0,
nm10294459,36,1.0,9,0.0,
nm10294915,36,1.0,8,0.0,
nm10295048,36,1.0,6,0.0,
nm10295049,36,1.0,5,0.0,
nm10295077,36,1.0,9,0.0,
nm10295079,36,1.0,8,0.0,
nm10295080,36,1.0,7,0.0,
nm10295486,168,0.608696,9,0.0,6.6e-05
nm10295662,36,1.0,9,0.0,
nm10295738,36,1.0,9,0.0,
nm10295744,36,1.0,9,0.0,
nm10295767,65,0.984848,12,0.0,
nm10295859,36,1.0,9,0.0,
nm10295898,36,1.0,9,0.0,
nm10296360,36,1.0,8,0.0,
nm10296362,36,1.0,7,0.0,
nm10296363,36,1.0,6,0.0,
nm10296530,36,1.0,8,0.0,
nm10296608,36,1.0,0,0.0,
nm10296665,36,1.0,7,0.0,
nm10296698,36,1.0,9,0.0,
nm10296702,36,1.0,8,0.0,
nm10296873,36,1.0,9,0.0,
nm10296875,36,1.0,8,0.0,
nm10296981,36,1.0,9,0.0,
nm10297056,36,1.0,8,0.0,
nm10297081,36,1.0,9,0.0,
nm10297082,36,1.0,8,0.0,
nm10297180,36,1.0,9,0.0,
nm10297627,36,1.0,8,0.0,
nm10297630,36,1.0,7,0.0,
nm1029764,36,1.0,6,0.0,
nm10297695,36,1.0,9,0.0,
nm10297696,36,1.0,8,0.0,
nm1029790,36,1.0,7,0.0,
nm10298319,36,1.0,8,0.0,
nm10298321,36,1.0,7,0.0,
nm10298323,36,1.0,6,0.0,
nm10298353,36,1.0,7,0.0,
nm10298694,36,1.0,9,0.0,
nm1029928,36,1.0,6,0.0,
nm10299473,36,1.0,8,0.0,
nm10299587,36,1.0,3,0.0,
nm10300083,36,1.0,8,0.0,
nm10300193,36,1.0,9,0.0,
nm10300659,36,1.0,7,0.0,
nm10300660,36,1.0,6,0.0,
nm10300661,36,1.0,5,0.0,
nm10300829,36,1.0,8,0.0,
nm10301005,36,1.0,9,0.0,
nm10301007,36,1.0,8,0.0,
nm10301008,36,1.0,7,0.0,
nm1030110,36,1.0,9,0.098131,
nm10301203,36,1.0,8,0.0,
nm10301225,36,1.0,8,0.0,
nm10301294,36,1.0,5,0.0,
nm10301295,36,1.0,4,0.0,
nm10301361,36,1.0,7,0.0,
nm10301720,36,1.0,3,0.0,
nm10301899,36,1.0,9,0.0,
nm10301995,36,1.0,6,0.0,
nm10301996,36,1.0,5,0.0,
nm1030209,73,0.477124,9,0.0,7e-06
nm10302096,36,1.0,8,0.0,
nm10302118,36,1.0,9,0.0,
nm10302119,36,1.0,8,0.0,
nm1030234,36,1.0,6,0.0,
nm10302510,36,1.0,9,0.0,
nm10302511,36,1.0,8,0.0,
nm10302535,36,1.0,4,0.0,
nm10302536,36,1.0,3,0.0,
nm10302537,36,1.0,2,0.0,
nm10303425,36,1.0,7,0.0,
nm10303426,36,1.0,6,0.0,
nm10303427,36,1.0,5,0.0,
nm10303428,36,1.0,4,0.0,
nm10303549,36,1.0,3,0.0,
nm10303747,36,1.0,9,0.0,
nm10303749,36,1.0,8,0.0,
nm10303751,36,1.0,7,0.0,
nm10303752,36,1.0,6,0.0,
nm10303753,36,1.0,5,0.0,
nm10303765,36,1.0,4,0.0,
nm10303766,36,1.0,3,0.0,
nm10303778,36,1.0,2,0.0,
nm10303780,36,1.0,1,0.0,
nm10303781,36,1.0,0,0.0,
nm10303954,36,1.0,9,0.0,
nm10303955,36,1.0,8,0.0,
nm10303956,36,1.0,7,0.0,
nm10303958,36,1.0,6,0.0,
nm10303959,36,1.0,5,0.0,
nm10303980,36,1.0,6,0.0,
nm1030417,36,1.0,6,0.0,
nm10304223,36,1.0,8,0.0,
nm10304441,36,1.0,7,0.0,
nm1030452,36,1.0,4,0.0,
nm10304664,36,1.0,8,0.0,
nm10304665,36,1.0,7,0.0,
nm10304666,36,1.0,6,0.0,
nm10304667,36,1.0,5,0.0,
nm10304668,36,1.0,4,0.0,
nm10304707,36,1.0,8,0.0,
nm10305292,36,1.0,9,0.0,
nm10305295,36,1.0,8,0.0,
nm10305299,36,1.0,7,0.0,
nm10305308,36,1.0,6,0.0,
nm10305379,36,1.0,7,0.0,
nm10305408,36,1.0,7,0.0,
nm10305717,36,1.0,8,0.0,
nm10305718,36,1.0,7,0.0,
nm10305719,36,1.0,6,0.0,
nm10305720,36,1.0,5,0.0,
nm10305721,36,1.0,4,0.0,
nm10305903,36,1.0,9,0.0,
nm10305905,36,1.0,8,0.0,
nm10305906,36,1.0,7,0.0,
nm10305908,36,1.0,6,0.0,
nm10305909,36,1.0,5,0.0,
nm10306045,36,1.0,9,0.111901,
nm10306452,36,1.0,7,0.104132,
nm10306454,36,1.0,9,0.0,
nm10306475,72,0.470588,9,0.0,0.0
nm10306559,36,1.0,9,0.0,
nm10306721,36,1.0,9,0.0,
nm10306722,36,1.0,8,0.0,
nm10306723,36,1.0,7,0.0,
nm10306945,36,1.0,8,0.0,
nm10307037,36,1.0,6,0.0,
nm10307102,36,1.0,9,0.0,
nm10307103,36,1.0,8,0.0,
nm10307104,36,1.0,7,0.0,
nm10307106,36,1.0,6,0.0,
nm1030711,36,1.0,5,0.0,
nm10307160,36,1.0,8,0.0,
nm10307161,36,1.0,7,0.0,
nm10307162,36,1.0,6,0.0,
nm10307163,36,1.0,5,0.0,
nm10307164,36,1.0,4,0.0,
nm10307165,36,1.0,3,0.0,
nm10307166,36,1.0,2,0.0,
nm10307167,36,1.0,1,0.0,
nm10307168,36,1.0,0,0.0,
nm10307265,36,1.0,6,0.0,
nm10307332,36,1.0,7,0.0,
nm1030766,36,1.0,9,0.0,
nm10307973,36,1.0,9,0.0,
nm10308107,36,1.0,9,0.0,
nm10308108,36,1.0,8,0.0,
nm10308109,36,1.0,7,0.0,
nm10308174,36,1.0,9,0.0,
nm10308175,36,1.0,8,0.0,
nm10308177,36,1.0,7,0.0,
nm10308180,36,1.0,6,0.0,
nm10308183,36,1.0,5,0.0,
nm10308184,36,1.0,4,0.0,
nm10308185,36,1.0,3,0.0,
nm10308186,36,1.0,2,0.0,
nm10308188,36,1.0,1,0.0,
nm10308211,36,1.0,9,0.0,
nm10308212,36,1.0,8,0.0,
nm10308230,36,1.0,5,0.0,
nm10308241,36,1.0,9,0.0,
nm10308242,36,1.0,8,0.0,
nm10308243,36,1.0,7,0.0,
nm10308244,36,1.0,6,0.0,
nm10308382,36,1.0,9,0.109185,
nm10308436,36,1.0,8,0.0,
nm10308437,36,1.0,7,0.0,
nm10308438,36,1.0,6,0.0,
nm10308439,36,1.0,5,0.0,
nm10308440,36,1.0,4,0.0,
nm10308441,36,1.0,3,0.0,
nm10308732,36,1.0,8,0.0,
nm10309316,36,1.0,6,0.0,
nm10309317,36,1.0,5,0.0,
nm10309465,36,1.0,9,0.0,
nm10309875,36,1.0,7,0.0,
nm10310555,36,1.0,9,0.0,
nm10310557,36,1.0,8,0.0,
nm10310790,36,1.0,9,0.0,
nm10310854,36,1.0,7,0.0,
nm10310859,36,1.0,6,0.0,
nm10310861,36,1.0,5,0.0,
nm10311788,36,1.0,9,0.0,
nm10311790,36,1.0,9,0.0,
nm10311794,36,1.0,8,0.0,
nm10311798,36,1.0,7,0.0,
nm10311802,36,1.0,8,0.0,
nm10312040,36,1.0,9,0.0,
nm10312041,36,1.0,8,0.0,
nm10312086,36,1.0,8,0.109185,
nm10312087,36,1.0,7,0.109185,
nm10312360,36,1.0,8,0.0,
nm10312404,36,1.0,8,0.0,
nm10312461,36,1.0,8,0.0,
nm10313053,36,1.0,9,0.0,
nm10313086,36,1.0,6,0.0,
nm10313087,36,1.0,5,0.0,
nm1031333,36,1.0,7,0.0,
nm10313349,36,1.0,9,0.0,
nm10313352,36,1.0,8,0.0,
nm10313353,36,1.0,7,0.0,
nm10313390,36,1.0,6,0.0,
nm10313614,36,1.0,6,0.0,
nm10313744,36,1.0,9,0.0,
nm10313745,36,1.0,8,0.0,
nm10313893,36,1.0,9,0.0,
nm10313951,36,1.0,7,0.0,
nm10314100,36,1.0,7,0.0,
nm10314153,36,1.0,5,0.0,
nm10314984,36,1.0,9,0.0,
nm10315030,36,1.0,8,0.0,
nm10315055,36,1.0,9,0.0,
nm10315185,36,1.0,5,0.0,
nm10315579,36,1.0,9,0.0,
nm1031561,110,0.434783,9,0.0,0.000163
nm10315866,36,1.0,8,0.0,
nm10315880,36,1.0,8,0.0,
nm10315882,36,1.0,8,0.0,
nm10315883,36,1.0,7,0.0,
nm10315884,36,1.0,6,0.0,
nm10315885,36,1.0,5,0.0,
nm10315956,36,1.0,3,0.0,
nm10316074,36,1.0,9,0.0,
nm10316075,36,1.0,8,0.0,
nm10316076,36,1.0,7,0.0,
nm10316614,36,1.0,6,0.0,
nm10316647,36,1.0,6,0.077111,
nm10316741,36,1.0,9,0.0,
nm10316986,36,1.0,7,0.0,
nm10317252,36,1.0,9,0.0,
nm10317254,36,1.0,8,0.0,
nm10317255,36,1.0,7,0.0,
nm10317263,36,1.0,6,0.0,
nm10317264,36,1.0,5,0.0,
nm10317469,36,1.0,4,0.0,
nm10317575,36,1.0,8,0.0,
nm10317576,36,1.0,7,0.0,
nm10317948,36,1.0,8,0.104132,
nm10318473,36,1.0,8,0.0,
nm10318507,36,1.0,7,0.0,
nm10318508,36,1.0,8,0.0,
nm10318510,36,1.0,6,0.0,
nm10318513,36,1.0,5,0.0,
nm1031854,36,1.0,7,0.0,
nm10318822,36,1.0,9,0.0,
nm10318868,36,1.0,8,0.0,
nm10318869,36,1.0,7,0.0,
nm10318908,36,1.0,8,0.0,
nm10318909,36,1.0,7,0.0,
nm10318910,36,1.0,6,0.0,
nm10319156,72,0.529412,8,0.0,
nm10319157,36,1.0,7,0.0,
nm10319158,36,1.0,7,0.0,
nm10319161,36,1.0,6,0.0,
nm10319162,36,1.0,5,0.0,
nm10319163,72,0.529412,4,0.0,
nm10319170,36,1.0,6,0.0,
nm10319173,36,1.0,5,0.0,
nm10319175,36,1.0,4,0.0,
nm10319674,36,1.0,7,0.0,
nm10319953,36,1.0,7,0.0,
nm10320053,36,1.0,8,0.0,
nm10320848,36,1.0,5,0.0,
nm10321340,36,1.0,8,0.0,
nm10321341,36,1.0,7,0.0,
nm10321662,36,1.0,7,0.0,
nm10321698,36,1.0,9,0.0,
nm10321699,36,1.0,8,0.0,
nm10321795,36,1.0,9,0.0,
nm10321796,36,1.0,8,0.0,
nm10321798,36,1.0,7,0.0,
nm10321799,36,1.0,6,0.0,
nm10321923,36,1.0,9,0.0,
nm10321924,36,1.0,8,0.0,
nm10321925,36,1.0,7,0.0,
nm10322068,36,1.0,5,0.0,
nm10322370,36,1.0,8,0.0,
nm10322371,36,1.0,7,0.0,
nm10322423,36,1.0,9,0.0,
nm10322424,36,1.0,8,0.0,
nm10322425,36,1.0,7,0.0,
nm10322427,36,1.0,6,0.0,
nm10322429,71,0.591667,9,0.0,
nm10322431,36,1.0,5,0.0,
nm10322436,71,0.591667,8,0.0,
nm10322437,36,1.0,4,0.0,
nm10322443,36,1.0,3,0.0,
nm10322942,36,1.0,8,0.0,
nm10322976,36,1.0,9,0.075995,
nm10323147,36,1.0,9,0.0,
nm10323148,36,1.0,8,0.0,
nm10323149,36,1.0,7,0.0,
nm10323181,36,1.0,7,0.0,
nm10323182,36,1.0,6,0.0,
nm10323183,36,1.0,5,0.0,
nm10323184,36,1.0,4,0.0,
nm10323185,36,1.0,3,0.0,
nm10323226,36,1.0,8,0.0,
nm1032348,36,1.0,6,0.0,
nm10323524,36,1.0,6,0.0,
nm10323691,36,1.0,9,0.0,
nm10323692,36,1.0,8,0.0,
nm10323693,36,1.0,7,0.0,
nm10323694,36,1.0,6,0.0,
nm10323697,36,1.0,5,0.0,
nm10323698,36,1.0,8,0.104651,
nm10323699,36,1.0,7,0.104651,
nm1032423,72,0.529412,8,0.0,
nm10324547,36,1.0,3,0.0,
nm10324812,36,1.0,9,0.0,
nm10324814,36,1.0,8,0.0,
nm10324815,36,1.0,7,0.0,
nm10325302,36,1.0,7,0.0,
nm10325531,36,1.0,8,0.0,
nm10325533,36,1.0,7,0.0,
nm1032596,72,0.470588,6,0.115385,0.0
nm10326279,36,1.0,9,0.0,
nm10326473,36,1.0,9,0.0,
nm10326800,36,1.0,9,0.0,
nm10326801,36,1.0,8,0.0,
nm10326802,36,1.0,7,0.0,
nm10326803,36,1.0,6,0.0,
nm10326804,36,1.0,5,0.0,
nm10326805,36,1.0,4,0.0,
nm10327034,36,1.0,9,0.0,
nm10327035,36,1.0,8,0.0,
nm10327036,36,1.0,7,0.0,
nm10327037,36,1.0,6,0.0,
nm10327038,36,1.0,5,0.0,
nm10327039,36,1.0,4,0.0,
nm10327040,36,1.0,3,0.0,
nm10327043,36,1.0,7,0.0,
nm10327070,36,1.0,8,0.114545,
nm10327826,36,1.0,9,0.0,
nm10327828,36,1.0,8,0.0,
nm10327830,36,1.0,7,0.0,
nm10327831,36,1.0,6,0.0,
nm10327886,36,1.0,5,0.0,
nm1032795,36,1.0,9,0.088112,
nm10328082,36,1.0,4,0.0,
nm10328539,36,1.0,8,0.0,
nm10328540,36,1.0,7,0.0,
nm10328541,36,1.0,6,0.0,
nm10328542,36,1.0,5,0.0,
nm10328668,36,1.0,9,0.0,
nm10328669,36,1.0,8,0.0,
nm10328670,36,1.0,7,0.0,
nm10328671,36,1.0,6,0.0,
nm10328862,36,1.0,9,0.0,
nm10328867,36,1.0,4,0.0,
nm10329192,36,1.0,8,0.0,
nm10329578,36,1.0,7,0.0,
nm10329964,36,1.0,9,0.0,
nm10329973,36,1.0,8,0.0,
nm1033012,36,1.0,5,0.0,
nm10330467,36,1.0,3,0.0,
nm10330475,36,1.0,8,0.0,
nm10330477,36,1.0,7,0.0,
nm10330479,36,1.0,6,0.0,
nm10330747,36,1.0,9,0.100639,
nm10330748,36,1.0,8,0.100639,
nm10330835,36,1.0,9,0.0,
nm10330848,36,1.0,8,0.0,
nm10330849,36,1.0,7,0.0,
nm10330910,36,1.0,8,0.0,
nm10330965,36,1.0,9,0.0,
nm10330966,36,1.0,8,0.0,
nm10331009,36,1.0,4,0.0,
nm10331634,36,1.0,9,0.0,
nm10331652,36,1.0,7,0.0,
nm10331653,36,1.0,5,0.0,
nm10331655,36,1.0,4,0.0,
nm10331656,36,1.0,3,0.0,
nm10331657,36,1.0,6,0.0,
nm10331658,36,1.0,2,0.0,
nm10331659,36,1.0,5,0.0,
nm10331660,36,1.0,1,0.0,
nm10331661,36,1.0,4,0.0,
nm10331662,36,1.0,3,0.0,
nm10332267,36,1.0,9,0.0,
nm10332268,36,1.0,8,0.0,
nm10332276,36,1.0,7,0.0,
nm10332525,36,1.0,6,0.0,
nm1033299,36,1.0,5,0.0,
nm10333025,36,1.0,8,0.0,
nm10333026,36,1.0,7,0.0,
nm10333192,36,1.0,9,0.0,
nm10333193,73,0.536765,3,0.0,
nm10333194,36,1.0,8,0.0,
nm10333195,36,1.0,7,0.0,
nm10333197,36,1.0,6,0.0,
nm10333198,36,1.0,5,0.0,
nm1033328,73,0.608333,5,0.0,
nm10333295,36,1.0,9,0.0,
nm10333352,36,1.0,9,0.0,
nm10333353,36,1.0,8,0.0,
nm10333358,36,1.0,8,0.0,
nm10333359,36,1.0,7,0.0,
nm10333360,36,1.0,6,0.0,
nm10333406,36,1.0,9,0.107325,
nm10333561,36,1.0,8,0.0,
nm10333614,36,1.0,2,0.0,
nm10333628,36,1.0,9,0.0,
nm10333630,72,0.529412,9,0.0,
nm10333631,36,1.0,8,0.0,
nm10333633,36,1.0,7,0.0,
nm10333634,36,1.0,6,0.0,
nm10333635,36,1.0,5,0.0,
nm10333636,36,1.0,4,0.0,
nm10333907,36,1.0,9,0.0,
nm10333908,36,1.0,8,0.0,
nm10333911,36,1.0,7,0.0,
nm10334000,36,1.0,4,0.0,
nm10334200,36,1.0,6,0.0,
nm10334424,36,1.0,9,0.0,
nm10334425,36,1.0,8,0.0,
nm10334426,36,1.0,7,0.0,
nm10334570,36,1.0,8,0.0,
nm10334571,36,1.0,7,0.0,
nm10334574,36,1.0,6,0.0,
nm10334578,36,1.0,5,0.0,
nm10334579,36,1.0,4,0.0,
nm10334610,36,1.0,8,0.0,
nm10334611,36,1.0,7,0.0,
nm10334612,36,1.0,6,0.0,
nm10334613,36,1.0,5,0.0,
nm10334614,36,1.0,4,0.0,
nm10334615,36,1.0,3,0.0,
nm10334616,36,1.0,2,0.0,
nm10334792,36,1.0,1,0.0,
nm10334794,36,1.0,0,0.0,
nm10335234,36,1.0,9,0.093611,
nm10335324,36,1.0,5,0.0,
nm10335367,36,1.0,9,0.0,
nm1033554,36,1.0,4,0.0,
nm10337006,36,1.0,9,0.0,
nm10337014,36,1.0,8,0.0,
nm10337044,36,1.0,9,0.121857,
nm10337100,36,1.0,5,0.0,
nm10337156,36,1.0,8,0.0,
nm10337162,36,1.0,7,0.0,
nm10337377,36,1.0,9,0.0,
nm10337378,36,1.0,8,0.0,
nm10337379,36,1.0,7,0.0,
nm10337380,36,1.0,6,0.0,
nm10337381,36,1.0,5,0.0,
nm10337610,72,0.470588,8,0.0,0.0
nm10337612,36,1.0,7,0.0,
nm10337614,36,1.0,6,0.0,
nm10337628,36,1.0,9,0.0,
nm10337629,36,1.0,9,0.107692,
nm10337771,36,1.0,7,0.0,
nm10337827,36,1.0,6,0.0,
nm10337829,36,1.0,5,0.0,
nm10337831,36,1.0,4,0.0,
nm10337832,36,1.0,3,0.0,
nm10338571,72,0.470588,9,0.0,0.0
nm10338574,36,1.0,8,0.0,
nm10338576,36,1.0,7,0.0,
nm10338578,36,1.0,6,0.0,
nm10338579,36,1.0,5,0.0,
nm10338582,36,1.0,4,0.0,
nm10338624,36,1.0,0,0.0,
nm10338761,36,1.0,9,0.0,
nm10338884,36,1.0,8,0.0,
nm10338986,36,1.0,7,0.0,
nm10339099,36,1.0,9,0.0,
nm10339100,36,1.0,8,0.0,
nm10339101,36,1.0,7,0.0,
nm10339102,36,1.0,6,0.0,
nm10339103,36,1.0,5,0.0,
nm10339104,36,1.0,4,0.0,
nm10339105,36,1.0,3,0.0,
nm10339106,36,1.0,2,0.0,
nm10339324,36,1.0,9,0.0,
nm10339325,36,1.0,8,0.0,
nm10339326,36,1.0,7,0.0,
nm10339330,36,1.0,6,0.0,
nm10339336,36,1.0,5,0.0,
nm10339339,36,1.0,4,0.0,
nm10339429,36,1.0,8,0.092375,
nm10339440,36,1.0,7,0.09224,
nm10339441,36,1.0,6,0.09224,
nm10339443,36,1.0,5,0.09224,
nm10339444,36,1.0,4,0.09224,
nm10339445,36,1.0,3,0.09224,
nm10339446,36,1.0,2,0.09224,
nm10339742,36,1.0,9,0.101286,
nm10339743,36,1.0,8,0.101124,
nm10339797,36,1.0,7,0.0,
nm10339798,36,1.0,6,0.0,
nm10340007,36,1.0,9,0.112299,
nm10340008,36,1.0,8,0.112299,
nm10340009,36,1.0,7,0.112299,
nm10340069,36,1.0,7,0.0,
nm1034066,36,1.0,9,0.0,
nm10340744,36,1.0,8,0.0,
nm10341142,36,1.0,8,0.0,
nm10341143,36,1.0,7,0.0,
nm10341144,36,1.0,6,0.0,
nm10341145,36,1.0,5,0.0,
nm10341410,36,1.0,8,0.0,
nm10341411,36,1.0,7,0.0,
nm10341412,36,1.0,6,0.0,
nm10341537,36,1.0,9,0.0,
nm10341882,36,1.0,8,0.0,
nm10342302,36,1.0,6,0.0,
nm10342514,36,1.0,9,0.0,
nm10342515,36,1.0,8,0.0,
nm10342516,36,1.0,7,0.0,
nm10342517,36,1.0,6,0.0,
nm10342540,36,1.0,7,0.0,
nm10342541,36,1.0,6,0.0,
nm10342542,36,1.0,5,0.0,
nm10342543,36,1.0,4,0.0,
nm10342544,36,1.0,3,0.0,
nm10342545,36,1.0,2,0.0,
nm10342546,36,1.0,1,0.0,
nm10343511,36,1.0,9,0.0,
nm10343512,36,1.0,8,0.0,
nm10343513,36,1.0,7,0.0,
nm10343710,36,1.0,8,0.0,
nm10344011,36,1.0,9,0.0,
nm10344012,36,1.0,8,0.0,
nm10344013,36,1.0,7,0.0,
nm10344014,36,1.0,6,0.0,
nm10344249,36,1.0,7,0.0,
nm10344250,36,1.0,6,0.0,
nm10344251,36,1.0,5,0.0,
nm10344252,36,1.0,4,0.0,
nm10344253,36,1.0,3,0.0,
nm10344254,36,1.0,2,0.0,
nm10344255,36,1.0,1,0.0,
nm10344256,36,1.0,0,0.0,
nm10344338,36,1.0,9,0.0,
nm10344339,36,1.0,8,0.0,
nm10344341,36,1.0,7,0.0,
nm10344374,36,1.0,7,0.0,
nm10344376,36,1.0,6,0.0,
nm10344378,36,1.0,5,0.0,
nm10344379,36,1.0,4,0.0,
nm10344380,36,1.0,3,0.0,
nm10344555,36,1.0,6,0.0,
nm10344556,36,1.0,5,0.0,
nm10344695,36,1.0,6,0.0,
nm10344698,36,1.0,5,0.0,
nm10344704,36,1.0,4,0.0,
nm10344897,36,1.0,9,0.108434,
nm10344898,36,1.0,8,0.108434,
nm10344900,36,1.0,7,0.108434,
nm10345040,36,1.0,8,0.0,
nm10345041,36,1.0,7,0.0,
nm10345043,36,1.0,6,0.0,
nm10345115,36,1.0,9,0.1008,
nm10345116,36,1.0,8,0.1008,
nm10345118,36,1.0,7,0.1008,
nm10345769,36,1.0,5,0.0,
nm10345797,36,1.0,9,0.0,
nm10345836,36,1.0,9,0.0,
nm10345837,36,1.0,8,0.0,
nm10345838,36,1.0,7,0.0,
nm10345839,36,1.0,6,0.0,
nm10346110,36,1.0,8,0.0,
nm10346113,36,1.0,7,0.0,
nm10346916,36,1.0,5,0.0,
nm10347284,36,1.0,9,0.0,
nm10347646,36,1.0,8,0.0,
nm10347647,36,1.0,7,0.0,
nm10347650,36,1.0,6,0.0,
nm10347719,36,1.0,8,0.0,
nm10347846,36,1.0,6,0.0,
nm10347853,36,1.0,4,0.0,
nm10347855,36,1.0,3,0.0,
nm10347926,36,1.0,2,0.0,
nm10347944,36,1.0,9,0.0,
nm10347946,36,1.0,8,0.0,
nm10347947,36,1.0,7,0.0,
nm10347973,70,0.666667,5,0.0,
nm10348165,36,1.0,9,0.0,
nm10348166,36,1.0,8,0.0,
nm10348167,36,1.0,7,0.0,
nm10348168,36,1.0,6,0.0,
nm10348260,36,1.0,9,0.0,
nm10348261,36,1.0,8,0.0,
nm10348969,36,1.0,5,0.0,
nm10348983,36,1.0,3,0.0,
nm10349255,36,1.0,4,0.0,
nm10349257,36,1.0,3,0.0,
nm10349258,36,1.0,2,0.0,
nm10349259,36,1.0,1,0.0,
nm10349260,36,1.0,0,0.0,
nm10349345,36,1.0,4,0.0,
nm10349346,36,1.0,3,0.0,
nm10349348,36,1.0,2,0.0,
nm10349386,36,1.0,7,0.0,
nm10349387,36,1.0,6,0.0,
nm10349455,36,1.0,9,0.0,
nm10349456,36,1.0,8,0.0,
nm10349457,36,1.0,7,0.0,
nm10349458,36,1.0,6,0.0,
nm10349552,36,1.0,1,0.0,
nm10349593,36,1.0,9,0.0,
nm10349594,36,1.0,8,0.0,
nm10349595,36,1.0,7,0.0,
nm10349596,36,1.0,6,0.0,
nm10349597,36,1.0,5,0.0,
nm10349598,36,1.0,4,0.0,
nm10349599,36,1.0,3,0.0,
nm10349600,36,1.0,2,0.0,
nm10349796,36,1.0,9,0.0,
nm10349797,36,1.0,8,0.0,
nm10349866,36,1.0,8,0.0,
nm10349867,36,1.0,7,0.0,
nm1035011,36,1.0,7,0.0,
nm10350141,36,1.0,9,0.0,
nm10350143,36,1.0,8,0.0,
nm10350160,36,1.0,7,0.0,
nm10350172,36,1.0,6,0.0,
nm10350176,36,1.0,5,0.0,
nm10350182,36,1.0,4,0.0,
nm10350256,36,1.0,9,0.0,
nm10350257,72,0.529412,9,0.0,
nm10350258,36,1.0,8,0.0,
nm10350260,36,1.0,7,0.0,
nm10350514,108,0.307692,9,0.0,2.8e-05
nm10350515,36,1.0,8,0.0,
nm10350747,36,1.0,9,0.0,
nm10350752,36,1.0,8,0.0,
nm10350898,36,1.0,9,0.0,
nm10350933,36,1.0,9,0.0,
nm10350934,36,1.0,8,0.0,
nm10350935,36,1.0,7,0.0,
nm10350936,36,1.0,6,0.0,
nm10350937,36,1.0,5,0.0,
nm10351009,36,1.0,4,0.0,
nm10351107,36,1.0,7,0.0,
nm1035144,36,1.0,5,0.0,
nm10351523,36,1.0,7,0.0,
nm10352050,36,1.0,5,0.0,
nm10352165,36,1.0,8,0.0,
nm10352263,36,1.0,9,0.0,
nm10352265,36,1.0,8,0.0,
nm10352266,36,1.0,7,0.0,
nm10352906,36,1.0,9,0.115596,
nm10353278,36,1.0,8,0.0,
nm10353279,36,1.0,7,0.0,
nm10353280,36,1.0,6,0.0,
nm10353327,36,1.0,6,0.0,
nm10353337,36,1.0,5,0.0,
nm10353358,36,1.0,4,0.0,
nm10353375,36,1.0,3,0.0,
nm10353457,36,1.0,8,0.0,
nm10353894,36,1.0,3,0.0,
nm10354153,36,1.0,8,0.0,
nm10354180,36,1.0,9,0.0,
nm10354664,36,1.0,7,0.0,
nm10354665,36,1.0,6,0.0,
nm10355139,36,1.0,6,0.0,
nm10355361,36,1.0,9,0.0,
nm10355408,36,1.0,9,0.0,
nm10355427,36,1.0,4,0.0,
nm10355432,36,1.0,8,0.0,
nm10355433,36,1.0,7,0.0,
nm10355434,36,1.0,6,0.0,
nm10355436,36,1.0,5,0.0,
nm10355448,36,1.0,9,0.0,
nm10355526,57,0.863636,7,0.0,
nm10355899,36,1.0,8,0.0,
nm10355967,36,1.0,7,0.0,
nm10356057,36,1.0,9,0.0,
nm1035622,36,1.0,6,0.0,
nm1035643,36,1.0,5,0.0,
nm10356440,36,1.0,7,0.0,
nm10356441,36,1.0,6,0.0,
nm10356447,36,1.0,8,0.0,
nm10356448,36,1.0,7,0.0,
nm10356449,36,1.0,6,0.0,
nm10357010,36,1.0,9,0.0,
nm10357059,36,1.0,9,0.0,
nm10357865,36,1.0,9,0.110526,
nm10357866,36,1.0,8,0.110526,
nm10357867,36,1.0,7,0.110526,
nm10357886,36,1.0,6,0.0,
nm10357999,36,1.0,9,0.0,
nm10358000,36,1.0,8,0.0,
nm10358001,36,1.0,7,0.0,
nm10358002,36,1.0,6,0.0,
nm10358003,36,1.0,5,0.0,
nm10358004,36,1.0,4,0.0,
nm10358005,36,1.0,3,0.0,
nm10358006,36,1.0,2,0.0,
nm10358007,36,1.0,1,0.0,
nm1035854,72,0.470588,1,0.0,2e-06
nm10358728,36,1.0,9,0.0,
nm10358826,36,1.0,6,0.082245,
nm10359066,36,1.0,8,0.0,
nm10359130,36,1.0,9,0.099213,
nm10359179,36,1.0,5,0.0,
nm10359184,36,1.0,4,0.0,
nm1035919,36,1.0,8,0.0,
nm10359217,36,1.0,8,0.0,
nm10359218,36,1.0,7,0.0,
nm10359219,36,1.0,6,0.0,
nm10359262,36,1.0,7,0.0,
nm10359581,36,1.0,8,0.0,
nm10359791,36,1.0,8,0.0,
nm1036050,36,1.0,5,0.0,
nm10360651,36,1.0,6,0.0,
nm10360858,36,1.0,9,0.0,
nm10361106,36,1.0,8,0.0,
nm10361189,36,1.0,7,0.0,
nm10361793,36,1.0,7,0.0,
nm1036181,36,1.0,4,0.0,
nm10362192,36,1.0,8,0.0,
nm10362193,36,1.0,7,0.0,
nm10362194,36,1.0,6,0.0,
nm10362195,36,1.0,5,0.0,
nm10362196,36,1.0,4,0.0,
nm10362197,36,1.0,3,0.0,
nm10362198,36,1.0,2,0.0,
nm10362199,36,1.0,1,0.0,
nm10362306,36,1.0,8,0.0,
nm10362308,36,1.0,7,0.0,
nm10362309,36,1.0,6,0.0,
nm10362347,36,1.0,9,0.0,
nm10362777,36,1.0,8,0.0,
nm10362785,36,1.0,7,0.0,
nm10362795,36,1.0,6,0.0,
nm10362804,36,1.0,5,0.0,
nm10362808,36,1.0,4,0.0,
nm10362809,36,1.0,3,0.0,
nm10362810,36,1.0,2,0.0,
nm10362811,36,1.0,1,0.0,
nm10362812,36,1.0,0,0.0,
nm10362886,36,1.0,9,0.0,
nm10362969,36,1.0,8,0.0,
nm10363133,78,0.509804,8,0.0,3e-06
nm10363134,113,0.376667,9,0.0,1e-06
nm10363135,36,1.0,9,0.0,
nm10363145,36,1.0,7,0.0,
nm10363208,36,1.0,8,0.07,
nm10363245,36,1.0,8,0.0,
nm10363279,36,1.0,7,0.0,
nm10363320,36,1.0,8,0.0,
nm10363321,36,1.0,9,0.0,
nm10363322,36,1.0,8,0.0,
nm10363404,36,1.0,8,0.093611,
nm10363420,36,1.0,9,0.0,
nm10363865,36,1.0,6,0.0,
nm10364081,36,1.0,9,0.0,
nm10364123,77,0.503268,8,0.0,7e-06
nm10364246,36,1.0,9,0.0,
nm10364247,36,1.0,8,0.0,
nm10364389,36,1.0,9,0.0,
nm10364390,36,1.0,8,0.0,
nm10364391,36,1.0,7,0.0,
nm10364392,36,1.0,6,0.0,
nm10364393,36,1.0,5,0.0,
nm10364394,36,1.0,4,0.0,
nm10364424,36,1.0,5,0.0,
nm10364552,75,0.551471,5,0.0,
nm10364588,36,1.0,8,0.0,
nm10364589,36,1.0,7,0.0,
nm10364590,36,1.0,6,0.0,
nm10364605,36,1.0,9,0.0,
nm10364606,36,1.0,8,0.0,
nm10364607,36,1.0,7,0.0,
nm10364608,36,1.0,6,0.0,
nm10364609,36,1.0,5,0.0,
nm10364818,36,1.0,9,0.0,
nm10364820,36,1.0,8,0.0,
nm10364851,36,1.0,8,0.0,
nm10364867,36,1.0,6,0.0,
nm10364893,36,1.0,9,0.0,
nm10364894,36,1.0,8,0.0,
nm10364895,36,1.0,7,0.0,
nm10364903,36,1.0,8,0.0,
nm10364921,36,1.0,9,0.0,
nm10364923,36,1.0,8,0.0,
nm10364934,36,1.0,9,0.0,
nm10364995,36,1.0,6,0.0,
nm10364996,36,1.0,5,0.0,
nm10364997,36,1.0,4,0.0,
nm10365156,36,1.0,8,0.100478,
nm10365244,36,1.0,8,0.101286,
nm10365245,36,1.0,7,0.101286,
nm10365510,36,1.0,7,0.0,
nm10365511,36,1.0,6,0.0,
nm10365512,36,1.0,5,0.0,
nm10365865,36,1.0,9,0.0,
nm10365866,36,1.0,8,0.0,
nm10365867,36,1.0,7,0.0,
nm10365912,36,1.0,7,0.0,
nm10366093,36,1.0,5,0.0,
nm10366107,36,1.0,9,0.0,
nm10366108,36,1.0,8,0.0,
nm10366114,36,1.0,9,0.0,
nm10366903,36,1.0,8,0.0,
nm10366904,36,1.0,7,0.0,
nm10366905,36,1.0,6,0.0,
nm10366906,36,1.0,5,0.0,
nm10366932,36,1.0,7,0.127789,
nm10367051,36,1.0,9,0.0,
nm10367197,36,1.0,7,0.0,
nm10367199,36,1.0,6,0.0,
nm10367757,36,1.0,9,0.0,
nm10367776,36,1.0,7,0.0,
nm10367779,71,0.591667,6,0.0,
nm10367780,36,1.0,5,0.0,
nm10367925,36,1.0,6,0.0,
nm10368117,36,1.0,8,0.116022,
nm10368118,36,1.0,7,0.116022,
nm10368335,36,1.0,7,0.0,
nm10368338,36,1.0,6,0.0,
nm10368896,36,1.0,7,0.0,
nm10368958,36,1.0,8,0.0,
nm10369268,36,1.0,7,0.0,
nm10369273,36,1.0,6,0.0,
nm10369278,36,1.0,5,0.0,
nm10369281,36,1.0,4,0.0,
nm10369283,36,1.0,3,0.0,
nm10369305,36,1.0,9,0.0,
nm10369306,36,1.0,8,0.0,
nm10369307,36,1.0,7,0.0,
nm10369308,36,1.0,6,0.0,
nm10369309,36,1.0,5,0.0,
nm10369310,36,1.0,4,0.0,
nm10369420,36,1.0,9,0.0,
nm10369421,36,1.0,8,0.0,
nm10369422,36,1.0,7,0.0,
nm10369423,36,1.0,6,0.0,
nm10369424,36,1.0,5,0.0,
nm10369425,36,1.0,4,0.0,
nm10369426,36,1.0,3,0.0,
nm10369438,36,1.0,9,0.0,
nm10369439,36,1.0,8,0.0,
nm10369440,36,1.0,7,0.0,
nm10369441,36,1.0,6,0.0,
nm10369595,36,1.0,9,0.103279,
nm10369647,36,1.0,9,0.0,
nm10369648,36,1.0,8,0.0,
nm10369649,36,1.0,7,0.0,
nm10369650,36,1.0,6,0.0,
nm10369651,36,1.0,5,0.0,
nm10369652,36,1.0,4,0.0,
nm10369653,36,1.0,3,0.0,
nm10369654,36,1.0,2,0.0,
nm10369742,36,1.0,8,0.111901,
nm10369743,36,1.0,7,0.111901,
nm10369868,36,1.0,7,0.0,
nm10369966,36,1.0,8,0.0,
nm10369967,36,1.0,7,0.0,
nm10370314,36,1.0,9,0.0,
nm10370315,36,1.0,8,0.0,
nm10370316,36,1.0,7,0.0,
nm10370317,36,1.0,6,0.0,
nm10370420,36,1.0,5,0.0,
nm10370504,36,1.0,9,0.0,
nm10370506,36,1.0,8,0.0,
nm10370507,36,1.0,7,0.0,
nm10370508,36,1.0,6,0.0,
nm10370655,36,1.0,9,0.0,
nm10371564,36,1.0,2,0.0,
nm10371793,36,1.0,6,0.0,
nm10372161,36,1.0,8,0.0,
nm10372162,36,1.0,7,0.0,
nm10372196,36,1.0,9,0.0,
nm10372273,36,1.0,4,0.0,
nm10372302,36,1.0,8,0.0,
nm10372305,36,1.0,7,0.0,
nm10372348,71,0.591667,3,0.0,
nm10372745,36,1.0,9,0.0,
nm10372746,36,1.0,8,0.0,
nm10373556,36,1.0,8,0.0,
nm10373720,36,1.0,8,0.0,
nm10373761,36,1.0,9,0.0,
nm10373943,36,1.0,8,0.0,
nm1037433,36,1.0,7,0.089616,
nm10374879,36,1.0,7,0.0,
nm10375007,36,1.0,9,0.121622,
nm10375380,36,1.0,9,0.0,
nm10376602,36,1.0,8,0.0,
nm10376621,36,1.0,9,0.099213,
nm10376622,72,0.470588,9,0.11014,0.0
nm10376624,36,1.0,8,0.099213,
nm10376625,36,1.0,7,0.099213,
nm10376626,36,1.0,6,0.099213,
nm10376627,36,1.0,5,0.099213,
nm10376628,36,1.0,4,0.099213,
nm10377015,36,1.0,8,0.0,
nm10377019,36,1.0,7,0.0,
nm10377020,36,1.0,6,0.0,
nm10377022,36,1.0,5,0.0,
nm10377025,36,1.0,4,0.0,
nm10377026,36,1.0,3,0.0,
nm10377186,36,1.0,7,0.0,
nm10377578,36,1.0,8,0.0,
nm10377639,36,1.0,8,0.0,
nm10377640,36,1.0,7,0.0,
nm10377641,36,1.0,6,0.0,
nm10377642,36,1.0,5,0.0,
nm10377695,36,1.0,9,0.0,
nm10377829,36,1.0,3,0.099213,
nm10377910,36,1.0,7,0.0,
nm10377911,36,1.0,6,0.0,
nm10377914,36,1.0,5,0.0,
nm10377917,36,1.0,4,0.0,
nm10378855,36,1.0,9,0.0,
nm10378896,36,1.0,9,0.0,
nm10378900,36,1.0,8,0.0,
nm10378903,36,1.0,7,0.0,
nm10378904,36,1.0,6,0.0,
nm10378905,36,1.0,5,0.0,
nm10378907,36,1.0,4,0.0,
nm10378909,36,1.0,3,0.0,
nm10379059,36,1.0,9,0.0,
nm10379060,36,1.0,8,0.0,
nm10379061,36,1.0,7,0.0,
nm10379062,36,1.0,6,0.0,
nm10379063,36,1.0,5,0.0,
nm10379064,36,1.0,4,0.0,
nm10379065,36,1.0,3,0.0,
nm10379066,36,1.0,2,0.0,
nm10379067,36,1.0,1,0.0,
nm10379144,36,1.0,9,0.0,
nm10379145,36,1.0,8,0.0,
nm10379168,36,1.0,8,0.0,
nm10379173,36,1.0,9,0.0,
nm10379174,36,1.0,8,0.0,
nm10379178,36,1.0,7,0.0,
nm10379181,36,1.0,6,0.0,
nm10379526,36,1.0,9,0.114338,
nm10379659,36,1.0,2,0.0,
nm10379923,36,1.0,9,0.0,
nm10379924,36,1.0,8,0.0,
nm10379925,36,1.0,7,0.0,
nm10379926,36,1.0,6,0.0,
nm10380360,36,1.0,8,0.0,
nm10380427,36,1.0,9,0.0,
nm10380428,36,1.0,8,0.0,
nm10380429,36,1.0,7,0.0,
nm10381044,36,1.0,8,0.0,
nm10381407,36,1.0,8,0.0,
nm10381408,36,1.0,9,0.0,
nm10381409,36,1.0,8,0.0,
nm10381410,36,1.0,7,0.0,
nm10381411,36,1.0,6,0.0,
nm10381412,36,1.0,5,0.0,
nm10381415,36,1.0,4,0.0,
nm10381418,36,1.0,3,0.0,
nm10381420,36,1.0,2,0.0,
nm10381422,36,1.0,1,0.0,
nm10381424,36,1.0,0,0.0,
nm10381444,36,1.0,2,0.0,
nm10381492,36,1.0,9,0.0,
nm10381531,36,1.0,7,0.0,
nm10381538,36,1.0,6,0.0,
nm10381539,36,1.0,5,0.0,
nm10381541,36,1.0,4,0.0,
nm10382087,36,1.0,5,0.0,
nm10382225,36,1.0,9,0.0,
nm10382308,36,1.0,3,0.0,
nm10382309,36,1.0,2,0.0,
nm10382311,36,1.0,1,0.0,
nm10382563,36,1.0,9,0.0,
nm10383082,36,1.0,8,0.0,
nm10383292,36,1.0,9,0.0,
nm10383717,36,1.0,9,0.0,
nm10383831,36,1.0,9,0.0,
nm10383832,36,1.0,8,0.0,
nm10383833,36,1.0,7,0.0,
nm10384189,36,1.0,9,0.0,
nm10384216,36,1.0,8,0.0,
nm10384353,36,1.0,7,0.0,
nm10384356,69,0.657143,8,0.0,
nm10384357,36,1.0,7,0.0,
nm10384358,36,1.0,6,0.0,
nm10384359,36,1.0,5,0.0,
nm10384673,36,1.0,7,0.0,
nm10384674,36,1.0,6,0.0,
nm10384675,36,1.0,5,0.0,
nm10384676,36,1.0,4,0.0,
nm10385069,36,1.0,9,0.0,
nm10385070,36,1.0,8,0.0,
nm10385190,36,1.0,8,0.0,
nm10385320,36,1.0,9,0.0,
nm10385398,36,1.0,9,0.0,
nm10385399,36,1.0,8,0.0,
nm10385400,36,1.0,7,0.0,
nm10385402,36,1.0,6,0.0,
nm10385403,36,1.0,5,0.0,
nm10385405,36,1.0,4,0.0,
nm10385406,36,1.0,3,0.0,
nm10385409,36,1.0,2,0.0,
nm10385412,36,1.0,1,0.0,
nm10385413,36,1.0,0,0.0,
nm10385454,36,1.0,8,0.0,
nm10385455,36,1.0,7,0.0,
nm10385456,36,1.0,6,0.0,
nm10385457,36,1.0,5,0.0,
nm10385458,36,1.0,4,0.0,
nm10385459,36,1.0,3,0.0,
nm10385460,36,1.0,2,0.0,
nm10385508,36,1.0,8,0.0,
nm10385766,36,1.0,9,0.0,
nm10385767,36,1.0,8,0.0,
nm10385768,36,1.0,7,0.0,
nm10385908,36,1.0,9,0.0,
nm10385932,36,1.0,8,0.0,
nm10386206,71,0.591667,8,0.0,
nm10386207,71,0.591667,7,0.0,
nm10386208,36,1.0,8,0.0,
nm10386209,36,1.0,7,0.0,
nm10386210,36,1.0,6,0.0,
nm10386331,36,1.0,7,0.0,
nm10386336,36,1.0,4,0.0,
nm10386337,36,1.0,3,0.0,
nm10386712,36,1.0,9,0.0,
nm10387325,36,1.0,5,0.0,
nm10387542,36,1.0,4,0.0,
nm10387659,36,1.0,9,0.0,
nm10387661,36,1.0,8,0.0,
nm10387662,36,1.0,7,0.0,
nm10387663,36,1.0,6,0.0,
nm10387664,36,1.0,5,0.0,
nm10387665,36,1.0,4,0.0,
nm10387666,36,1.0,3,0.0,
nm10387667,36,1.0,2,0.0,
nm10387668,36,1.0,1,0.0,
nm10387867,36,1.0,9,0.064417,
nm10388279,36,1.0,6,0.0,
nm10388309,36,1.0,7,0.0,
nm10388310,36,1.0,6,0.0,
nm10388311,36,1.0,5,0.0,
nm10388312,36,1.0,4,0.0,
nm10388313,36,1.0,3,0.0,
nm10388469,36,1.0,6,0.0,
nm10388578,36,1.0,9,0.0,
nm10388684,36,1.0,9,0.0,
nm10388685,36,1.0,8,0.0,
nm10389188,36,1.0,9,0.0,
nm10389236,36,1.0,6,0.0,
nm10389237,36,1.0,5,0.0,
nm10389238,36,1.0,4,0.0,
nm10389248,36,1.0,6,0.0,
nm10389249,36,1.0,5,0.0,
nm10389250,36,1.0,4,0.0,
nm10389251,36,1.0,3,0.0,
nm10389252,36,1.0,2,0.0,
nm10389253,36,1.0,1,0.0,
nm10389481,36,1.0,7,0.0,
nm10389677,36,1.0,8,0.0,
nm10389998,36,1.0,7,0.0,
nm10389999,36,1.0,6,0.0,
nm10390265,36,1.0,9,0.0,
nm10390354,36,1.0,8,0.098437,
nm10390402,36,1.0,9,0.0,
nm10390404,36,1.0,8,0.0,
nm10390405,36,1.0,7,0.0,
nm10390406,36,1.0,6,0.0,
nm10390408,36,1.0,5,0.0,
nm10390409,36,1.0,4,0.0,
nm10390411,36,1.0,3,0.0,
nm10390412,36,1.0,2,0.0,
nm10390460,36,1.0,8,0.0,
nm10390506,36,1.0,7,0.0,
nm10390547,36,1.0,9,0.109756,
nm10390548,36,1.0,8,0.109756,
nm10390550,36,1.0,7,0.109756,
nm10390551,36,1.0,6,0.109756,
nm10390552,36,1.0,5,0.109756,
nm10390693,36,1.0,9,0.057904,
nm10390694,36,1.0,8,0.057904,
nm10390785,36,1.0,9,0.097674,
nm10391383,36,1.0,7,0.0,
nm10391386,36,1.0,6,0.0,
nm10392018,36,1.0,9,0.0,
nm10392019,36,1.0,8,0.0,
nm10392020,36,1.0,7,0.0,
nm10392022,36,1.0,6,0.0,
nm10392023,36,1.0,5,0.0,
nm10392025,36,1.0,4,0.0,
nm10392031,36,1.0,3,0.0,
nm10392035,36,1.0,2,0.0,
nm10392036,36,1.0,1,0.0,
nm10392039,36,1.0,0,0.0,
nm10392374,68,0.747253,8,0.0,
nm10392375,73,0.536765,7,0.0,
nm10392458,36,1.0,9,0.0,
nm10392623,36,1.0,8,0.0,
nm10392624,36,1.0,7,0.0,
nm10392625,36,1.0,6,0.0,
nm10392804,36,1.0,7,0.098437,
nm10392805,36,1.0,6,0.098437,
nm10392806,36,1.0,5,0.098437,
nm10392817,36,1.0,4,0.098437,
nm10393784,36,1.0,7,0.0,
nm10393786,36,1.0,6,0.0,
nm10393790,36,1.0,5,0.0,
nm10393791,36,1.0,4,0.0,
nm10393792,36,1.0,3,0.0,
nm10393793,36,1.0,2,0.0,
nm10393795,36,1.0,1,0.0,
nm10394000,36,1.0,9,0.0,
nm10394001,36,1.0,8,0.0,
nm10394466,36,1.0,7,0.0,
nm10394957,36,1.0,8,0.0,
nm10395055,36,1.0,9,0.0,
nm10395059,36,1.0,9,0.0,
nm10395060,36,1.0,8,0.0,
nm10395061,36,1.0,7,0.0,
nm10395062,36,1.0,6,0.0,
nm10395063,36,1.0,5,0.0,
nm10395064,36,1.0,4,0.0,
nm10395065,36,1.0,3,0.0,
nm10395066,36,1.0,2,0.0,
nm10395067,36,1.0,1,0.0,
nm10395068,36,1.0,0,0.0,
nm10395075,36,1.0,8,0.0,
nm10395076,36,1.0,7,0.0,
nm10395137,36,1.0,8,0.0,
nm10395514,36,1.0,8,0.110333,
nm10395515,36,1.0,7,0.11014,
nm10395978,36,1.0,7,0.0,
nm10395979,36,1.0,6,0.0,
nm10395983,36,1.0,5,0.0,
nm10395985,36,1.0,4,0.0,
nm10395986,36,1.0,3,0.0,
nm10395996,36,1.0,7,0.0,
nm10395997,36,1.0,6,0.0,
nm10395998,36,1.0,5,0.0,
nm10395999,36,1.0,4,0.0,
nm10396007,36,1.0,2,0.0,
nm10396291,36,1.0,7,0.0,
nm10396292,36,1.0,9,0.0,
nm10396377,36,1.0,8,0.0,
nm10396378,36,1.0,7,0.0,
nm10396379,36,1.0,6,0.0,
nm10396380,36,1.0,5,0.0,
nm10396381,36,1.0,4,0.0,
nm10396622,36,1.0,9,0.0,
nm10396624,36,1.0,8,0.0,
nm10396625,36,1.0,7,0.0,
nm10396626,36,1.0,6,0.0,
nm10396627,36,1.0,5,0.0,
nm10396628,36,1.0,4,0.0,
nm10396814,36,1.0,5,0.0,
nm10396815,36,1.0,4,0.0,
nm10396871,36,1.0,8,0.0,
nm10396872,36,1.0,7,0.0,
nm10396873,36,1.0,6,0.0,
nm10396875,36,1.0,5,0.0,
nm10396878,36,1.0,4,0.0,
nm10396879,36,1.0,3,0.0,
nm10396880,36,1.0,2,0.0,
nm10397133,36,1.0,9,0.0,
nm10397264,36,1.0,9,0.0,
nm10397757,36,1.0,8,0.0,
nm10397758,36,1.0,7,0.0,
nm10397910,36,1.0,9,0.0,
nm10397982,36,1.0,6,0.0,
nm10398338,36,1.0,7,0.0,
nm10398707,36,1.0,2,0.0,
nm10398708,36,1.0,1,0.0,
nm10398725,36,1.0,6,0.0,
nm10398726,36,1.0,5,0.0,
nm10399379,36,1.0,9,0.0,
nm10399380,36,1.0,8,0.0,
nm10399474,36,1.0,7,0.0,
nm1039977,36,1.0,6,0.0,
nm10399797,36,1.0,5,0.0,
nm10399798,36,1.0,4,0.0,
nm10400159,36,1.0,8,0.0,
nm10400343,36,1.0,8,0.107692,
nm10400408,36,1.0,9,0.0,
nm10400615,36,1.0,8,0.0,
nm10400620,36,1.0,7,0.0,
nm10400629,36,1.0,6,0.0,
nm10400885,36,1.0,8,0.0,
nm10401083,36,1.0,8,0.0,
nm10401109,36,1.0,5,0.0,
nm10401111,36,1.0,4,0.0,
nm10401186,36,1.0,9,0.0,
nm10401447,36,1.0,5,0.0,
nm10401616,36,1.0,3,0.0,
nm10402088,36,1.0,9,0.0,
nm10402089,36,1.0,8,0.0,
nm10402091,36,1.0,7,0.0,
nm10402096,36,1.0,6,0.0,
nm10402099,36,1.0,5,0.0,
nm10402100,36,1.0,4,0.0,
nm10402102,36,1.0,3,0.0,
nm10402104,36,1.0,2,0.0,
nm10402105,36,1.0,1,0.0,
nm10402213,36,1.0,9,0.0,
nm10402214,36,1.0,8,0.0,
nm10402215,36,1.0,7,0.0,
nm10402248,36,1.0,8,0.0,
nm10402249,36,1.0,7,0.0,
nm1040273,36,1.0,8,0.0,
nm10402755,36,1.0,7,0.0,
nm10402757,36,1.0,6,0.0,
nm10402760,36,1.0,5,0.0,
nm10402964,36,1.0,9,0.0,
nm1040307,36,1.0,8,0.0,
nm10403329,36,1.0,6,0.0,
nm10403403,36,1.0,9,0.0,
nm10403404,36,1.0,8,0.0,
nm10403409,36,1.0,7,0.0,
nm10403410,36,1.0,6,0.0,
nm10403415,36,1.0,5,0.0,
nm10403416,36,1.0,4,0.0,
nm10403418,36,1.0,3,0.0,
nm10403420,36,1.0,2,0.0,
nm10403421,36,1.0,1,0.0,
nm1040365,36,1.0,8,0.105175,
nm1040372,36,1.0,7,0.0,
nm10404026,36,1.0,9,0.0,
nm1040419,36,1.0,7,0.0,
nm10404190,36,1.0,4,0.0,
nm10404304,36,1.0,9,0.116667,
nm10404343,36,1.0,7,0.0,
nm10404344,36,1.0,6,0.0,
nm10404345,36,1.0,5,0.0,
nm10404559,36,1.0,9,0.0,
nm10404560,36,1.0,8,0.0,
nm10404588,36,1.0,8,0.0,
nm10404647,36,1.0,9,0.0,
nm10405512,36,1.0,8,0.0,
nm10405979,36,1.0,3,0.098437,
nm10406050,36,1.0,6,0.0,
nm10406139,36,1.0,9,0.0,
nm10406140,36,1.0,8,0.0,
nm10406540,79,0.51634,8,0.0,1e-06
nm10406637,36,1.0,8,0.0,
nm10406638,69,0.657143,9,0.0,
nm10406690,36,1.0,9,0.098901,
nm10406709,36,1.0,9,0.111111,
nm10406710,36,1.0,8,0.111111,
nm10406717,36,1.0,9,0.0,
nm10406790,36,1.0,7,0.0,
nm10406791,36,1.0,6,0.0,
nm10407093,66,0.725275,9,0.0,
nm10407095,36,1.0,9,0.0,
nm10407096,36,1.0,8,0.0,
nm10407097,36,1.0,7,0.0,
nm10407098,36,1.0,6,0.0,
nm10407099,36,1.0,5,0.0,
nm10407123,36,1.0,8,0.0,
nm10407243,36,1.0,9,0.0,
nm10407244,36,1.0,8,0.0,
nm10407274,73,0.536765,8,0.0,
nm10407319,36,1.0,8,0.0,
nm10407505,36,1.0,7,0.0,
nm10407597,36,1.0,8,0.0,
nm10407601,36,1.0,9,0.0,
nm10407604,36,1.0,8,0.0,
nm10407950,36,1.0,8,0.0,
nm10407951,36,1.0,7,0.0,
nm10407980,36,1.0,7,0.0,
nm10407983,36,1.0,6,0.0,
nm10408592,36,1.0,9,0.0,
nm10408593,36,1.0,8,0.0,
nm10408787,36,1.0,9,0.0,
nm10408828,36,1.0,9,0.0,
nm10408829,36,1.0,8,0.0,
nm10408830,36,1.0,7,0.0,
nm10408831,36,1.0,6,0.0,
nm10408832,36,1.0,5,0.0,
nm10408833,36,1.0,4,0.0,
nm10408834,36,1.0,3,0.0,
nm10408835,36,1.0,2,0.0,
nm10408836,36,1.0,1,0.0,
nm10408837,36,1.0,0,0.0,
nm10409071,36,1.0,8,0.0,
nm10409072,36,1.0,7,0.0,
nm10409073,36,1.0,6,0.0,
nm10409079,36,1.0,5,0.0,
nm10409080,36,1.0,4,0.0,
nm10409081,36,1.0,3,0.0,
nm10409082,36,1.0,2,0.0,
nm10409083,36,1.0,1,0.0,
nm10409180,36,1.0,8,0.0,
nm10409283,36,1.0,9,0.0,
nm10409714,36,1.0,9,0.0,
nm10409715,36,1.0,8,0.0,
nm10409716,36,1.0,7,0.0,
nm10409717,36,1.0,6,0.0,
nm10409718,36,1.0,5,0.0,
nm10409719,36,1.0,4,0.0,
nm10409729,36,1.0,9,0.0,
nm10409895,36,1.0,3,0.0,
nm10410147,36,1.0,7,0.0,
nm1041023,72,0.470588,9,0.0,0.0
nm10410347,36,1.0,9,0.0,
nm10410348,36,1.0,8,0.0,
nm10410349,36,1.0,7,0.0,
nm10410350,36,1.0,6,0.0,
nm10410351,36,1.0,5,0.0,
nm10410352,36,1.0,4,0.0,
nm10410353,36,1.0,3,0.0,
nm10410354,36,1.0,2,0.0,
nm10410355,36,1.0,1,0.0,
nm10410494,36,1.0,7,0.0,
nm10410723,36,1.0,8,0.0,
nm1041076,36,1.0,1,0.0,
nm10410817,36,1.0,8,0.0,
nm10411179,36,1.0,8,0.111111,
nm10411387,36,1.0,9,0.0,
nm10411388,36,1.0,8,0.0,
nm10411425,36,1.0,8,0.0,
nm10411427,36,1.0,7,0.0,
nm10411432,36,1.0,6,0.0,
nm10411435,36,1.0,5,0.0,
nm10411559,72,0.470588,8,0.114338,0.0
nm10411560,36,1.0,8,0.102606,
nm10411561,36,1.0,7,0.102606,
nm10411563,36,1.0,6,0.102606,
nm10411840,36,1.0,9,0.119318,
nm10411939,36,1.0,7,0.0,
nm10412327,36,1.0,4,0.0,
nm10412499,36,1.0,7,0.0,
nm10412585,36,1.0,8,0.0,
nm10412586,36,1.0,7,0.0,
nm10413137,36,1.0,7,0.0,
nm10413253,36,1.0,8,0.0,
nm10413277,36,1.0,9,0.0,
nm10413716,36,1.0,9,0.0,
nm10413789,36,1.0,7,0.0,
nm10413790,36,1.0,6,0.0,
nm10413846,36,1.0,7,0.0,
nm10413848,36,1.0,9,0.0,
nm10413970,36,1.0,7,0.060345,
nm10414309,36,1.0,8,0.123288,
nm10414422,36,1.0,4,0.0,
nm10414472,36,1.0,9,0.0,
nm10414955,36,1.0,9,0.0,
nm10415258,36,1.0,9,0.0,
nm10415836,36,1.0,8,0.0,
nm1041596,72,0.470588,8,0.0,0.0
nm10416109,36,1.0,8,0.0,
nm1041650,36,1.0,7,0.0,
nm10417528,36,1.0,8,0.0,
nm10417793,36,1.0,9,0.0,
nm10417912,36,1.0,5,0.0,
nm10417986,36,1.0,9,0.0,
nm10418001,36,1.0,8,0.0,
nm10418003,36,1.0,7,0.0,
nm10418097,36,1.0,8,0.0,
nm10418367,36,1.0,9,0.0,
nm10418531,36,1.0,8,0.0,
nm10418688,36,1.0,5,0.0,
nm10418689,36,1.0,4,0.0,
nm1041876,36,1.0,7,0.0,
nm10418798,36,1.0,9,0.0,
nm10418801,36,1.0,8,0.0,
nm10418802,36,1.0,7,0.0,
nm10418804,36,1.0,6,0.0,
nm10418805,36,1.0,5,0.0,
nm10418806,36,1.0,4,0.0,
nm10418807,36,1.0,3,0.0,
nm10418809,36,1.0,2,0.0,
nm10418885,36,1.0,5,0.0,
nm10418886,36,1.0,4,0.0,
nm10419099,36,1.0,4,0.0,
nm10419100,36,1.0,3,0.0,
nm10419130,36,1.0,9,0.0,
nm10419131,36,1.0,8,0.0,
nm10419132,36,1.0,7,0.0,
nm10419133,36,1.0,6,0.0,
nm10419318,36,1.0,8,0.0,
nm10419373,36,1.0,9,0.0,
nm10419374,36,1.0,8,0.0,
nm10419375,36,1.0,7,0.0,
nm10419377,36,1.0,6,0.0,
nm10419379,36,1.0,5,0.0,
nm10419380,36,1.0,4,0.0,
nm10419382,36,1.0,3,0.0,
nm10419384,36,1.0,2,0.0,
nm10419385,36,1.0,1,0.0,
nm10419386,36,1.0,0,0.0,
nm1041999,36,1.0,9,0.0,
nm10420437,36,1.0,7,0.087866,
nm10420457,36,1.0,8,0.0,
nm10420626,36,1.0,9,0.0,
nm10420858,36,1.0,6,0.0,
nm10420859,36,1.0,5,0.0,
nm10420860,36,1.0,4,0.0,
nm10420875,36,1.0,9,0.0,
nm10420876,36,1.0,8,0.0,
nm10420877,36,1.0,7,0.0,
nm10420930,36,1.0,3,0.0,
nm1042101,36,1.0,5,0.0,
nm10421125,36,1.0,8,0.0,
nm10421141,36,1.0,6,0.0,
nm10421143,36,1.0,5,0.0,
nm10421159,36,1.0,8,0.0,
nm10421349,36,1.0,7,0.0,
nm10421641,36,1.0,9,0.0,
nm10421800,36,1.0,8,0.0,
nm10421801,36,1.0,7,0.0,
nm10421803,36,1.0,6,0.0,
nm10422898,36,1.0,9,0.0,
nm10423126,36,1.0,8,0.0,
nm10423425,36,1.0,6,0.0,
nm10423835,36,1.0,9,0.0,
nm10423840,36,1.0,8,0.0,
nm10423844,36,1.0,7,0.0,
nm10423853,36,1.0,6,0.0,
nm10423857,36,1.0,5,0.0,
nm10423861,36,1.0,4,0.0,
nm10423872,36,1.0,3,0.0,
nm10423961,36,1.0,5,0.0,
nm10423971,36,1.0,8,0.0,
nm10423979,36,1.0,7,0.0,
nm10423981,36,1.0,6,0.0,
nm10423983,36,1.0,5,0.0,
nm10423990,36,1.0,4,0.0,
nm10423997,36,1.0,3,0.0,
nm10423998,36,1.0,2,0.0,
nm10424272,36,1.0,5,0.0,
nm10424350,36,1.0,8,0.0,
nm10424351,36,1.0,7,0.0,
nm10424352,36,1.0,6,0.0,
nm10424353,36,1.0,5,0.0,
nm10424354,36,1.0,4,0.0,
nm10424483,36,1.0,5,0.0,
nm10424799,36,1.0,8,0.0,
nm10425074,36,1.0,9,0.0,
nm10425075,36,1.0,8,0.0,
nm10425078,36,1.0,7,0.0,
nm10425080,36,1.0,6,0.0,
nm10425081,36,1.0,5,0.0,
nm10425082,36,1.0,4,0.0,
nm10425083,36,1.0,3,0.0,
nm10425130,36,1.0,9,0.0,
nm10425132,36,1.0,8,0.0,
nm10425134,36,1.0,7,0.0,
nm10425528,36,1.0,7,0.0,
nm10425688,36,1.0,8,0.0,
nm10425794,36,1.0,9,0.0,
nm10425795,36,1.0,8,0.0,
nm10425796,36,1.0,7,0.0,
nm10425797,36,1.0,6,0.0,
nm10425798,36,1.0,5,0.0,
nm10425799,36,1.0,4,0.0,
nm10425800,36,1.0,3,0.0,
nm10425801,36,1.0,2,0.0,
nm10425802,36,1.0,1,0.0,
nm10425803,36,1.0,0,0.0,
nm10425810,36,1.0,7,0.0,
nm10425811,36,1.0,6,0.0,
nm10425812,36,1.0,5,0.0,
nm10425855,36,1.0,9,0.0,
nm10425856,36,1.0,8,0.0,
nm10426510,36,1.0,8,0.0,
nm10426602,36,1.0,9,0.0,
nm10426604,36,1.0,8,0.0,
nm10426799,36,1.0,9,0.0,
nm10426810,36,1.0,9,0.1121,
nm10426812,36,1.0,7,0.0,
nm10426813,36,1.0,6,0.0,
nm10427147,36,1.0,9,0.096923,
nm10427148,36,1.0,8,0.096923,
nm10427150,36,1.0,7,0.096923,
nm10427151,36,1.0,6,0.096923,
nm10427377,36,1.0,9,0.0,
nm10427384,36,1.0,8,0.0,
nm10427466,36,1.0,9,0.0,
nm10427467,36,1.0,8,0.0,
nm10427468,36,1.0,7,0.0,
nm10427469,36,1.0,6,0.0,
nm10427470,36,1.0,5,0.0,
nm10427471,36,1.0,4,0.0,
nm10427472,36,1.0,3,0.0,
nm10427473,36,1.0,2,0.0,
nm10427689,36,1.0,8,0.0,
nm10427690,36,1.0,7,0.0,
nm10427691,36,1.0,6,0.0,
nm10427692,36,1.0,5,0.0,
nm10427912,36,1.0,6,0.0,
nm10427913,36,1.0,5,0.0,
nm10428098,36,1.0,9,0.0,
nm10428099,36,1.0,8,0.0,
nm10428100,36,1.0,7,0.0,
nm10428101,36,1.0,6,0.0,
nm10428102,36,1.0,5,0.0,
nm10428103,36,1.0,4,0.0,
nm10428104,36,1.0,3,0.0,
nm10428105,36,1.0,2,0.0,
nm10428106,36,1.0,1,0.0,
nm10428107,36,1.0,0,0.0,
nm1042825,36,1.0,5,0.0,
nm10428305,36,1.0,9,0.0,
nm10428308,36,1.0,8,0.0,
nm10428309,36,1.0,7,0.0,
nm10428693,36,1.0,6,0.0,
nm10428694,36,1.0,5,0.0,
nm10428700,36,1.0,4,0.0,
nm10428843,36,1.0,7,0.0,
nm10428844,36,1.0,6,0.0,
nm10428845,36,1.0,5,0.0,
nm10428846,36,1.0,4,0.0,
nm10428847,36,1.0,3,0.0,
nm10428849,36,1.0,2,0.0,
nm10428898,36,1.0,7,0.0,
nm1042946,36,1.0,3,0.0,
nm10429770,36,1.0,9,0.0,
nm1042980,36,1.0,8,0.0,
nm10429831,36,1.0,9,0.0,
nm10429832,36,1.0,8,0.0,
nm10429833,36,1.0,7,0.0,
nm10429834,36,1.0,6,0.0,
nm10429835,36,1.0,5,0.0,
nm10429836,36,1.0,4,0.0,
nm10429837,36,1.0,3,0.0,
nm10429838,36,1.0,2,0.0,
nm10429839,36,1.0,1,0.0,
nm10429840,36,1.0,0,0.0,
nm10429918,36,1.0,9,0.0,
nm10430003,36,1.0,9,0.0,
nm10430004,36,1.0,8,0.0,
nm10430005,36,1.0,7,0.0,
nm10430007,36,1.0,6,0.0,
nm10430008,36,1.0,5,0.0,
nm10430009,36,1.0,4,0.0,
nm10430010,36,1.0,3,0.0,
nm10430014,36,1.0,2,0.0,
nm10430294,36,1.0,9,0.0,
nm10430588,36,1.0,8,0.0,
nm10430613,36,1.0,9,0.0,
nm10430614,36,1.0,8,0.0,
nm10430740,36,1.0,6,0.0,
nm10430741,36,1.0,5,0.0,
nm10430743,36,1.0,8,0.0,
nm10430744,36,1.0,7,0.0,
nm10430745,36,1.0,6,0.0,
nm10430746,36,1.0,5,0.0,
nm10430756,72,0.470588,9,0.0,0.0
nm10430758,36,1.0,8,0.0,
nm10430768,36,1.0,4,0.0,
nm10430777,36,1.0,9,0.0,
nm10430873,36,1.0,5,0.0,
nm10430874,36,1.0,4,0.0,
nm10430991,36,1.0,7,0.0,
nm10431129,36,1.0,9,0.0,
nm10431130,36,1.0,8,0.0,
nm10431230,36,1.0,7,0.0,
nm10431278,36,1.0,9,0.0,
nm10431280,36,1.0,8,0.0,
nm10431281,36,1.0,7,0.0,
nm10431282,36,1.0,6,0.0,
nm10431283,36,1.0,5,0.0,
nm10431284,36,1.0,4,0.0,
nm10431285,36,1.0,3,0.0,
nm10431286,36,1.0,2,0.0,
nm10431287,36,1.0,1,0.0,
nm10431507,36,1.0,8,0.075269,
nm10431639,36,1.0,2,0.0,
nm10431640,36,1.0,1,0.0,
nm10431747,36,1.0,6,0.0,
nm10431748,36,1.0,5,0.0,
nm10431750,36,1.0,4,0.0,
nm10432800,36,1.0,9,0.074468,
nm10432803,36,1.0,8,0.074468,
nm10433002,36,1.0,8,0.0,
nm10433006,36,1.0,7,0.0,
nm10433007,36,1.0,6,0.0,
nm10433009,36,1.0,5,0.0,
nm10433012,36,1.0,4,0.0,
nm10433060,36,1.0,8,0.0,
nm10433061,36,1.0,7,0.0,
nm10433062,36,1.0,6,0.0,
nm10433336,36,1.0,9,0.0,
nm10433340,36,1.0,8,0.0,
nm10433341,36,1.0,7,0.0,
nm10433343,36,1.0,6,0.0,
nm10433420,36,1.0,8,0.065489,
nm10433634,36,1.0,7,0.114545,
nm10433741,36,1.0,9,0.0,
nm10433742,36,1.0,8,0.0,
nm10433743,36,1.0,7,0.0,
nm10433745,36,1.0,6,0.0,
nm10433746,36,1.0,5,0.0,
nm10433995,36,1.0,8,0.0,
nm10433996,36,1.0,7,0.0,
nm10433997,36,1.0,6,0.0,
nm10434197,36,1.0,7,0.0,
nm10434199,36,1.0,6,0.0,
nm10434246,36,1.0,8,0.0,
nm10434309,36,1.0,8,0.0,
nm10434310,36,1.0,7,0.0,
nm10434416,36,1.0,5,0.0,
nm10434423,36,1.0,4,0.0,
nm10434425,36,1.0,3,0.0,
nm10434426,36,1.0,2,0.0,
nm10434490,36,1.0,4,0.0,
nm10434495,36,1.0,9,0.0,
nm10434496,36,1.0,8,0.0,
nm10434497,36,1.0,7,0.0,
nm10434498,36,1.0,6,0.0,
nm10434499,36,1.0,5,0.0,
nm10434852,36,1.0,9,0.0,
nm10434853,36,1.0,8,0.0,
nm10434854,36,1.0,7,0.0,
nm10434855,36,1.0,6,0.0,
nm10435079,36,1.0,7,0.0,
nm10435347,36,1.0,9,0.0,
nm10435352,36,1.0,3,0.0,
nm10435353,36,1.0,2,0.0,
nm10435487,36,1.0,9,0.0,
nm10435803,36,1.0,8,0.0,
nm10436161,36,1.0,8,0.060519,
nm10436239,36,1.0,8,0.057065,
nm10436240,36,1.0,7,0.057065,
nm10436241,36,1.0,6,0.057065,
nm10436242,36,1.0,5,0.057065,
nm10436337,36,1.0,9,0.0,
nm10436348,36,1.0,8,0.0,
nm10436357,36,1.0,8,0.112299,
nm10436379,36,1.0,7,0.0,
nm10436380,36,1.0,6,0.0,
nm10436382,36,1.0,5,0.0,
nm10436383,36,1.0,4,0.0,
nm10436384,36,1.0,3,0.0,
nm10436386,36,1.0,2,0.0,
nm10436387,36,1.0,8,0.0,
nm10436514,36,1.0,8,0.0,
nm10436515,36,1.0,7,0.0,
nm10436662,36,1.0,8,0.0,
nm10436706,36,1.0,6,0.0,
nm10436707,36,1.0,5,0.0,
nm10436708,36,1.0,4,0.0,
nm10436714,36,1.0,7,0.0,
nm10436776,36,1.0,8,0.0,
nm10436817,36,1.0,9,0.0,
nm10436818,36,1.0,8,0.0,
nm10436819,36,1.0,7,0.0,
nm10436820,36,1.0,6,0.0,
nm10436880,36,1.0,7,0.0,
nm10436897,36,1.0,6,0.0,
nm10436898,36,1.0,5,0.0,
nm10436902,36,1.0,4,0.0,
nm10437046,36,1.0,9,0.0,
nm10437049,36,1.0,8,0.0,
nm10437050,36,1.0,7,0.0,
nm10437051,36,1.0,6,0.0,
nm10437052,36,1.0,5,0.0,
nm10437053,36,1.0,4,0.0,
nm10437230,36,1.0,9,0.0,
nm10437231,36,1.0,8,0.0,
nm10437232,36,1.0,7,0.0,
nm10437233,36,1.0,6,0.0,
nm10437234,36,1.0,5,0.0,
nm10437235,36,1.0,4,0.0,
nm10437236,36,1.0,3,0.0,
nm10437237,36,1.0,2,0.0,
nm10437238,36,1.0,1,0.0,
nm10437291,36,1.0,7,0.0,
nm10437293,36,1.0,9,0.0,
nm10437294,36,1.0,8,0.0,
nm10437295,36,1.0,7,0.0,
nm10437297,36,1.0,8,0.0,
nm10437839,36,1.0,8,0.0,
nm10437906,36,1.0,9,0.0,
nm10437915,36,1.0,9,0.0,
nm10437917,36,1.0,8,0.0,
nm10437925,36,1.0,8,0.0,
nm10437933,36,1.0,7,0.0,
nm10437934,36,1.0,6,0.0,
nm10437937,36,1.0,5,0.0,
nm10437997,36,1.0,4,0.0,
nm10437998,36,1.0,3,0.0,
nm10438054,36,1.0,8,0.0,
nm10438090,36,1.0,9,0.0,
nm10438091,36,1.0,8,0.0,
nm10438092,36,1.0,7,0.0,
nm10438100,36,1.0,9,0.0,
nm10438101,36,1.0,8,0.0,
nm10438102,36,1.0,7,0.0,
nm10438103,36,1.0,6,0.0,
nm10438104,36,1.0,5,0.0,
nm10438105,36,1.0,4,0.0,
nm10438106,36,1.0,3,0.0,
nm10438107,36,1.0,2,0.0,
nm10438212,36,1.0,2,0.0,
nm10438308,36,1.0,9,0.0,
nm10438367,36,1.0,9,0.0,
nm10438436,36,1.0,4,0.0,
nm10438437,36,1.0,3,0.0,
nm10438506,36,1.0,9,0.0,
nm10438512,36,1.0,9,0.0,
nm10438513,36,1.0,8,0.0,
nm10438514,36,1.0,7,0.0,
nm10438515,36,1.0,6,0.0,
nm10438661,36,1.0,7,0.0,
nm10438662,36,1.0,6,0.0,
nm10438663,36,1.0,5,0.0,
nm10438664,36,1.0,4,0.0,
nm10438665,36,1.0,3,0.0,
nm10438666,36,1.0,2,0.0,
nm10438667,36,1.0,1,0.0,
nm10438727,36,1.0,8,0.0,
nm10438788,36,1.0,8,0.0,
nm10438789,36,1.0,7,0.0,
nm10439875,36,1.0,8,0.0,
nm10439927,36,1.0,9,0.0,
nm10439994,36,1.0,8,0.0,
nm10439995,36,1.0,7,0.0,
nm10440018,36,1.0,8,0.0,
nm10440306,36,1.0,9,0.115596,
nm10440438,36,1.0,9,0.104478,
nm10440439,36,1.0,8,0.104478,
nm10440440,36,1.0,7,0.104478,
nm10440456,36,1.0,8,0.0,
nm10440458,36,1.0,7,0.0,
nm10440485,36,1.0,9,0.0,
nm10440486,36,1.0,8,0.0,
nm10440585,36,1.0,8,0.0,
nm10440586,36,1.0,7,0.0,
nm10440587,36,1.0,6,0.0,
nm10440590,36,1.0,5,0.0,
nm10440593,36,1.0,4,0.0,
nm10441025,36,1.0,7,0.103618,
nm10441026,36,1.0,6,0.103618,
nm10441249,36,1.0,2,0.098437,
nm10441641,36,1.0,7,0.0,
nm10441642,36,1.0,6,0.0,
nm10441643,36,1.0,5,0.0,
nm10441644,36,1.0,4,0.0,
nm10441908,36,1.0,5,0.0,
nm10442492,36,1.0,6,0.0,
nm10442493,36,1.0,5,0.0,
nm10442521,36,1.0,8,0.0,
nm10442541,36,1.0,9,0.0,
nm10442542,36,1.0,8,0.0,
nm10442543,36,1.0,7,0.0,
nm10442544,36,1.0,6,0.0,
nm10442568,36,1.0,9,0.0,
nm10442609,36,1.0,7,0.0,
nm10442610,36,1.0,6,0.0,
nm10442611,36,1.0,5,0.0,
nm10442613,36,1.0,4,0.0,
nm10442617,36,1.0,3,0.0,
nm10442618,36,1.0,2,0.0,
nm10442619,36,1.0,1,0.0,
nm10442620,36,1.0,0,0.0,
nm10443256,36,1.0,8,0.0,
nm10443275,36,1.0,3,0.0,
nm10443280,36,1.0,8,0.0,
nm10443281,36,1.0,7,0.0,
nm10443282,36,1.0,6,0.0,
nm10443338,36,1.0,8,0.0,
nm10443339,36,1.0,7,0.0,
nm10443350,36,1.0,6,0.0,
nm10443351,36,1.0,5,0.0,
nm10443352,36,1.0,4,0.0,
nm10443353,36,1.0,3,0.0,
nm10443676,36,1.0,9,0.0,
nm10443677,36,1.0,8,0.0,
nm10443679,36,1.0,7,0.0,
nm10443700,36,1.0,8,0.0,
nm10443712,36,1.0,7,0.0,
nm10443714,36,1.0,6,0.0,
nm10443837,36,1.0,8,0.0,
nm10443838,36,1.0,7,0.0,
nm10443890,36,1.0,8,0.098901,
nm10443945,36,1.0,5,0.0,
nm10443946,36,1.0,4,0.0,
nm10443947,36,1.0,3,0.0,
nm10443948,36,1.0,2,0.0,
nm10443949,36,1.0,1,0.0,
nm10443950,36,1.0,0,0.0,
nm10444071,36,1.0,9,0.0,
nm10444074,36,1.0,8,0.0,
nm10444082,36,1.0,7,0.0,
nm10444085,36,1.0,6,0.0,
nm10444269,36,1.0,7,0.0,
nm10444356,36,1.0,4,0.0,
nm10444491,36,1.0,7,0.0,
nm10445111,36,1.0,3,0.0,
nm10445501,36,1.0,8,0.0,
nm10445558,36,1.0,8,0.104305,
nm10446087,36,1.0,4,0.0,
nm10446092,36,1.0,3,0.0,
nm10446094,36,1.0,2,0.0,
nm1044611,36,1.0,7,0.0,
nm10446124,72,0.529412,2,0.0,
nm10446125,36,1.0,9,0.0,
nm10446126,36,1.0,8,0.0,
nm10446127,36,1.0,7,0.0,
nm10446128,36,1.0,6,0.0,
nm10446129,36,1.0,5,0.0,
nm10446252,36,1.0,8,0.0,
nm10446288,36,1.0,8,0.0,
nm10446477,36,1.0,7,0.0,
nm10446480,36,1.0,8,0.0,
nm1044653,36,1.0,7,0.0,
nm10446552,36,1.0,8,0.109565,
nm10446554,36,1.0,7,0.109565,
nm10446558,36,1.0,6,0.109565,
nm10447070,36,1.0,9,0.0,
nm10447364,36,1.0,8,0.0,
nm10447409,36,1.0,7,0.0,
nm10447436,36,1.0,8,0.097072,
nm10447683,36,1.0,9,0.0,
nm10447830,36,1.0,2,0.0,
nm10447831,36,1.0,1,0.0,
nm10447861,36,1.0,8,0.0,
nm10447862,36,1.0,7,0.0,
nm10447863,36,1.0,6,0.0,
nm10447865,36,1.0,5,0.0,
nm10448083,36,1.0,7,0.0,
nm10448110,36,1.0,9,0.0,
nm10448118,36,1.0,6,0.0,
nm10448186,36,1.0,5,0.0,
nm10448555,36,1.0,9,0.0,
nm10448556,36,1.0,8,0.0,
nm10448672,36,1.0,7,0.0,
nm10448673,36,1.0,6,0.0,
nm10448674,36,1.0,5,0.0,
nm10448675,36,1.0,4,0.0,
nm10448676,36,1.0,3,0.0,
nm10448886,36,1.0,8,0.103448,
nm10448915,36,1.0,9,0.0,
nm10448916,36,1.0,8,0.0,
nm10448917,36,1.0,7,0.0,
nm10448918,36,1.0,6,0.0,
nm10448919,36,1.0,5,0.0,
nm10449216,36,1.0,9,0.0,
nm10449217,36,1.0,8,0.0,
nm10449218,36,1.0,7,0.0,
nm10449219,36,1.0,6,0.0,
nm10449220,36,1.0,5,0.0,
nm10449222,36,1.0,4,0.0,
nm10449223,36,1.0,3,0.0,
nm10449224,36,1.0,2,0.0,
nm10449320,36,1.0,8,0.0,
nm10449322,36,1.0,6,0.0,
nm10449325,36,1.0,5,0.0,
nm10449335,36,1.0,4,0.0,
nm10449336,36,1.0,3,0.0,
nm10449340,36,1.0,2,0.0,
nm10449603,36,1.0,7,0.0,
nm10449604,36,1.0,6,0.0,
nm10449626,36,1.0,9,0.0,
nm10449632,36,1.0,3,0.0,
nm10449987,36,1.0,9,0.0,
nm10449993,36,1.0,8,0.0,
nm10449999,36,1.0,7,0.0,
nm10450000,36,1.0,6,0.0,
nm10450002,36,1.0,5,0.0,
nm10450003,36,1.0,4,0.0,
nm10450005,36,1.0,3,0.0,
nm10450007,36,1.0,2,0.0,
nm10450012,36,1.0,1,0.0,
nm10450014,36,1.0,0,0.0,
nm10450051,36,1.0,8,0.0,
nm10450153,36,1.0,6,0.0,
nm10450154,36,1.0,5,0.0,
nm10450232,36,1.0,9,0.0,
nm10450256,36,1.0,7,0.0,
nm10450264,36,1.0,6,0.0,
nm10450270,36,1.0,6,0.0,
nm10450363,36,1.0,9,0.0,
nm10450558,36,1.0,8,0.0,
nm10450559,36,1.0,7,0.0,
nm10450735,36,1.0,9,0.113514,
nm10450799,36,1.0,9,0.0,
nm10450800,36,1.0,8,0.0,
nm10451089,36,1.0,7,0.0,
nm10451090,36,1.0,6,0.0,
nm10451119,36,1.0,8,0.0,
nm1045112,36,1.0,5,0.0,
nm10451120,36,1.0,7,0.0,
nm10451259,36,1.0,4,0.0,
nm10451263,36,1.0,3,0.0,
nm10451264,36,1.0,2,0.0,
nm10451270,36,1.0,1,0.0,
nm10451457,36,1.0,9,0.0,
nm10451470,36,1.0,7,0.0,
nm10451471,36,1.0,6,0.0,
nm10451472,36,1.0,5,0.0,
nm10451473,36,1.0,4,0.0,
nm10451474,36,1.0,3,0.0,
nm10451477,36,1.0,2,0.0,
nm10451478,36,1.0,1,0.0,
nm10451508,36,1.0,9,0.0,
nm10451509,36,1.0,8,0.0,
nm10451510,36,1.0,7,0.0,
nm10451512,36,1.0,6,0.0,
nm10451612,36,1.0,6,0.0,
nm10451613,36,1.0,5,0.0,
nm10451614,36,1.0,4,0.0,
nm10451615,36,1.0,3,0.0,
nm10451631,36,1.0,6,0.0,
nm10451714,36,1.0,8,0.0,
nm10452066,36,1.0,7,0.106599,
nm10452474,36,1.0,9,0.0,
nm10452475,36,1.0,8,0.0,
nm10452817,36,1.0,6,0.0,
nm10452901,36,1.0,8,0.0,
nm10452940,36,1.0,8,0.0,
nm10452946,36,1.0,7,0.0,
nm10452948,36,1.0,6,0.0,
nm10453054,36,1.0,8,0.0,
nm10453055,36,1.0,7,0.0,
nm10453496,36,1.0,9,0.0,
nm10453500,36,1.0,8,0.0,
nm10453504,36,1.0,7,0.0,
nm10453506,71,0.591667,9,0.0,
nm10453517,36,1.0,6,0.0,
nm10453748,36,1.0,9,0.0,
nm10454016,36,1.0,0,0.0,
nm10454291,36,1.0,9,0.0,
nm10454383,36,1.0,7,0.0,
nm10454403,36,1.0,8,0.0,
nm10454404,36,1.0,7,0.0,
nm10454405,36,1.0,6,0.0,
nm10454406,36,1.0,5,0.0,
nm10454407,36,1.0,4,0.0,
nm10454483,36,1.0,7,0.0,
nm10454485,36,1.0,6,0.0,
nm10454586,36,1.0,9,0.0,
nm10454587,36,1.0,8,0.0,
nm10454817,36,1.0,9,0.0,
nm10454823,36,1.0,8,0.103789,
nm10454894,36,1.0,9,0.0,
nm10454895,36,1.0,8,0.0,
nm10454896,36,1.0,7,0.0,
nm10454897,36,1.0,6,0.0,
nm10454898,36,1.0,5,0.0,
nm10454899,36,1.0,4,0.0,
nm10455044,73,0.477124,9,0.0,1.2e-05
nm10455049,36,1.0,9,0.0,
nm10455074,36,1.0,6,0.0,
nm10455087,36,1.0,5,0.0,
nm10455136,36,1.0,7,0.0,
nm10455286,36,1.0,7,0.0,
nm10455288,36,1.0,8,0.0,
nm10455290,36,1.0,2,0.0,
nm10455301,36,1.0,6,0.0,
nm10455667,36,1.0,6,0.0,
nm10455669,36,1.0,5,0.0,
nm10455670,36,1.0,4,0.0,
nm10455671,36,1.0,3,0.0,
nm10455677,36,1.0,2,0.0,
nm10455678,36,1.0,1,0.0,
nm10455679,36,1.0,0,0.0,
nm10455697,36,1.0,8,0.0,
nm10455698,36,1.0,7,0.0,
nm10455699,36,1.0,6,0.0,
nm10455701,36,1.0,5,0.0,
nm10455705,36,1.0,4,0.0,
nm10455726,36,1.0,9,0.0,
nm10455727,36,1.0,8,0.0,
nm10455731,36,1.0,7,0.0,
nm10455733,36,1.0,6,0.0,
nm10455845,36,1.0,7,0.0,
nm10455867,36,1.0,9,0.0,
nm10455889,36,1.0,8,0.0,
nm1045593,36,1.0,6,0.0,
nm10456047,36,1.0,7,0.127273,
nm10456061,36,1.0,8,0.0,
nm10456062,36,1.0,7,0.0,
nm10456063,36,1.0,6,0.0,
nm10456065,36,1.0,5,0.0,
nm10456066,36,1.0,4,0.0,
nm10456067,36,1.0,3,0.0,
nm10456069,36,1.0,2,0.0,
nm10456639,36,1.0,8,0.0,
nm10456640,36,1.0,7,0.0,
nm10456641,36,1.0,6,0.0,
nm10456642,36,1.0,5,0.0,
nm10456643,36,1.0,4,0.0,
nm10456688,36,1.0,7,0.0,
nm10456689,36,1.0,6,0.0,
nm1045684,36,1.0,8,0.0,
nm10456913,36,1.0,7,0.0,
nm10456939,36,1.0,5,0.0,
nm10456946,36,1.0,6,0.0,
nm10456947,36,1.0,5,0.0,
nm10456949,36,1.0,4,0.0,
nm10456953,36,1.0,3,0.0,
nm10457000,36,1.0,8,0.075995,
nm10457031,36,1.0,8,0.088359,
nm10457032,36,1.0,7,0.088359,
nm10457033,36,1.0,6,0.088359,
nm10457229,36,1.0,6,0.0,
nm10457373,36,1.0,9,0.0,
nm10457374,36,1.0,8,0.0,
nm10457412,36,1.0,7,0.0,
nm10457644,36,1.0,9,0.0,
nm10457991,36,1.0,8,0.0,
nm10457992,36,1.0,7,0.0,
nm10457993,36,1.0,6,0.0,
nm10457994,36,1.0,5,0.0,
nm10457995,36,1.0,4,0.0,
nm10457996,36,1.0,3,0.0,
nm10457998,36,1.0,2,0.0,
nm10458037,36,1.0,7,0.0,
nm10458038,36,1.0,6,0.0,
nm10458155,36,1.0,9,0.0,
nm10458156,36,1.0,8,0.0,
nm10458157,36,1.0,7,0.0,
nm10458158,36,1.0,6,0.0,
nm10458160,36,1.0,5,0.0,
nm10458161,36,1.0,4,0.0,
nm10458311,36,1.0,6,0.0,
nm1045839,36,1.0,9,0.0,
nm10458435,36,1.0,9,0.0,
nm10458436,36,1.0,8,0.0,
nm10458581,36,1.0,9,0.0,
nm10458798,36,1.0,5,0.0,
nm10458972,36,1.0,8,0.098592,
nm10458976,36,1.0,9,0.0,
nm10459071,36,1.0,9,0.0,
nm1045934,36,1.0,7,0.0,
nm10459374,36,1.0,8,0.0,
nm10459375,36,1.0,7,0.0,
nm10459376,36,1.0,6,0.0,
nm10459377,36,1.0,5,0.0,
nm10459411,66,0.725275,9,0.0,
nm10459412,66,0.725275,8,0.0,
nm10459413,66,0.725275,7,0.0,
nm10459414,66,0.725275,6,0.0,
nm10459415,66,0.725275,5,0.0,
nm10459419,36,1.0,9,0.0,
nm10459420,36,1.0,8,0.0,
nm10459421,36,1.0,7,0.0,
nm10459423,36,1.0,6,0.0,
nm10459444,36,1.0,7,0.0,
nm10459445,36,1.0,6,0.0,
nm1045948,36,1.0,2,0.0,
nm10459559,36,1.0,9,0.116022,
nm10459591,36,1.0,9,0.0,
nm10459748,111,0.402174,10,0.0,1.7e-05
nm10459749,36,1.0,9,0.0,
nm10459750,36,1.0,8,0.0,
nm10459963,36,1.0,5,0.0,
nm1046050,36,1.0,8,0.0,
nm10460602,36,1.0,7,0.0,
nm10460603,36,1.0,6,0.0,
nm10460845,36,1.0,9,0.0,
nm1046097,36,1.0,5,0.0,
nm10461331,36,1.0,9,0.0,
nm10461340,36,1.0,9,0.0,
nm10461341,36,1.0,8,0.0,
nm10461344,36,1.0,7,0.0,
nm10461345,36,1.0,6,0.0,
nm10461346,36,1.0,5,0.0,
nm10461348,36,1.0,4,0.0,
nm10461349,36,1.0,3,0.0,
nm10461857,36,1.0,7,0.098437,
nm10461997,36,1.0,8,0.0,
nm10461998,36,1.0,7,0.0,
nm10461999,36,1.0,6,0.0,
nm10462013,36,1.0,8,0.0,
nm10462015,36,1.0,7,0.0,
nm10462017,36,1.0,6,0.0,
nm10462404,36,1.0,5,0.0,
nm10462459,36,1.0,9,0.0,
nm10462460,36,1.0,8,0.0,
nm10462461,36,1.0,7,0.0,
nm10462462,36,1.0,6,0.0,
nm10462463,36,1.0,5,0.0,
nm10462465,36,1.0,4,0.0,
nm10462658,36,1.0,9,0.0,
nm10462660,36,1.0,8,0.0,
nm10462662,36,1.0,7,0.0,
nm10462688,36,1.0,7,0.0,
nm10463079,36,1.0,4,0.0,
nm10463082,36,1.0,3,0.0,
nm10463083,36,1.0,2,0.0,
nm10463089,36,1.0,1,0.0,
nm1046347,36,1.0,5,0.0,
nm10464031,36,1.0,6,0.125498,
nm10464078,36,1.0,9,0.0,
nm10464079,36,1.0,8,0.0,
nm10464081,36,1.0,7,0.0,
nm10464233,36,1.0,3,0.0,
nm10464249,36,1.0,7,0.0,
nm10464461,36,1.0,6,0.0,
nm10464469,36,1.0,7,0.0,
nm10464505,36,1.0,6,0.0,
nm10464506,36,1.0,5,0.0,
nm10464513,36,1.0,6,0.0,
nm10464709,36,1.0,9,0.0,
nm10464710,36,1.0,8,0.0,
nm10464711,36,1.0,7,0.0,
nm10464713,36,1.0,6,0.0,
nm10464715,36,1.0,5,0.0,
nm10464716,36,1.0,4,0.0,
nm10464890,36,1.0,8,0.0,
nm10465362,36,1.0,9,0.0,
nm10465363,36,1.0,8,0.0,
nm10465364,36,1.0,7,0.0,
nm10465366,36,1.0,6,0.0,
nm10465367,36,1.0,5,0.0,
nm10465625,36,1.0,8,0.0,
nm10465963,36,1.0,7,0.0,
nm10466003,36,1.0,5,0.0,
nm10466029,36,1.0,7,0.0,
nm10466396,36,1.0,7,0.0,
nm10466646,36,1.0,3,0.0,
nm10467058,36,1.0,9,0.087017,
nm10467060,36,1.0,8,0.087017,
nm10467061,36,1.0,7,0.087017,
nm10467144,36,1.0,6,0.0,
nm10467145,36,1.0,5,0.0,
nm10467151,36,1.0,8,0.0,
nm10467152,36,1.0,7,0.0,
nm10467153,36,1.0,6,0.0,
nm10467155,36,1.0,5,0.0,
nm10467156,36,1.0,4,0.0,
nm10467158,36,1.0,3,0.0,
nm10467444,36,1.0,6,0.0,
nm10467492,36,1.0,4,0.0,
nm10467749,36,1.0,8,0.0,
nm10467895,36,1.0,6,0.065693,
nm10467925,36,1.0,9,0.0,
nm10467931,36,1.0,8,0.0,
nm10467932,36,1.0,7,0.0,
nm10467933,36,1.0,6,0.0,
nm10467935,36,1.0,5,0.0,
nm10467937,36,1.0,4,0.0,
nm10467938,36,1.0,3,0.0,
nm10468302,36,1.0,9,0.0,
nm10468303,36,1.0,8,0.0,
nm10468304,36,1.0,7,0.0,
nm10468305,36,1.0,6,0.0,
nm10468306,36,1.0,5,0.0,
nm10468307,36,1.0,4,0.0,
nm10468599,36,1.0,8,0.0,
nm10468604,36,1.0,7,0.0,
nm10468606,36,1.0,6,0.0,
nm10468607,36,1.0,5,0.0,
nm10468792,36,1.0,8,0.0,
nm10468793,36,1.0,7,0.0,
nm10468981,36,1.0,8,0.0,
nm10468982,36,1.0,7,0.0,
nm10468983,36,1.0,6,0.0,
nm10468984,36,1.0,5,0.0,
nm10468985,36,1.0,4,0.0,
nm10468986,36,1.0,3,0.0,
nm10468987,36,1.0,2,0.0,
nm10468988,36,1.0,1,0.0,
nm10469117,36,1.0,8,0.0,
nm10469118,36,1.0,7,0.0,
nm10469119,36,1.0,6,0.0,
nm10469223,36,1.0,8,0.0,
nm10469224,36,1.0,7,0.0,
nm10469272,36,1.0,9,0.0,
nm10469273,36,1.0,8,0.0,
nm10469274,36,1.0,7,0.0,
nm10469691,36,1.0,7,0.0,
nm10469692,36,1.0,6,0.0,
nm10469969,36,1.0,8,0.0875,
nm10470415,36,1.0,8,0.119318,
nm10471003,36,1.0,9,0.0,
nm10471004,36,1.0,8,0.0,
nm10471291,36,1.0,9,0.0,
nm10471344,36,1.0,9,0.0,
nm10471433,36,1.0,0,0.0,
nm10471447,36,1.0,7,0.0,
nm10471485,36,1.0,6,0.0,
nm10471695,36,1.0,9,0.0,
nm10471696,36,1.0,8,0.0,
nm10471697,36,1.0,7,0.0,
nm10471698,36,1.0,6,0.0,
nm10471699,36,1.0,5,0.0,
nm10471700,36,1.0,4,0.0,
nm10471701,36,1.0,3,0.0,
nm10471702,36,1.0,2,0.0,
nm10471719,36,1.0,7,0.119545,
nm10471873,36,1.0,9,0.0,
nm10471874,36,1.0,8,0.0,
nm10471875,36,1.0,7,0.0,
nm10471877,36,1.0,6,0.0,
nm10471878,36,1.0,5,0.0,
nm10471922,36,1.0,8,0.0,
nm10471978,36,1.0,7,0.0,
nm10471979,36,1.0,6,0.0,
nm10471980,36,1.0,5,0.0,
nm10472095,36,1.0,3,0.0,
nm10472112,36,1.0,8,0.0,
nm10472113,36,1.0,7,0.0,
nm10472114,36,1.0,6,0.0,
nm10472115,36,1.0,5,0.0,
nm10472116,36,1.0,4,0.0,
nm10472117,36,1.0,3,0.0,
nm10472118,36,1.0,2,0.0,
nm10472119,36,1.0,1,0.0,
nm10472429,36,1.0,6,0.0,
nm10472974,36,1.0,8,0.0,
nm10472975,36,1.0,7,0.0,
nm10472976,36,1.0,6,0.0,
nm10472977,36,1.0,5,0.0,
nm10472978,36,1.0,4,0.0,
nm10472979,36,1.0,3,0.0,
nm10473062,36,1.0,8,0.0,
nm10473064,36,1.0,7,0.0,
nm10473389,36,1.0,8,0.0,
nm10473926,36,1.0,9,0.0,
nm10473992,36,1.0,8,0.0,
nm10474257,36,1.0,2,0.0,
nm10474375,36,1.0,8,0.097523,
nm10474376,36,1.0,7,0.097523,
nm10474377,36,1.0,6,0.097523,
nm10474378,36,1.0,5,0.097523,
nm10474522,36,1.0,9,0.107877,
nm10474524,36,1.0,8,0.107877,
nm10474525,36,1.0,7,0.107877,
nm10474556,36,1.0,9,0.1125,
nm10474557,36,1.0,8,0.1125,
nm10474558,36,1.0,7,0.1125,
nm10474789,36,1.0,9,0.0,
nm10474790,36,1.0,8,0.0,
nm10474791,36,1.0,7,0.0,
nm10474792,36,1.0,6,0.0,
nm10474793,36,1.0,5,0.0,
nm10474794,36,1.0,4,0.0,
nm10474795,36,1.0,3,0.0,
nm10474986,36,1.0,7,0.111111,
nm10474988,36,1.0,6,0.111307,
nm10475047,36,1.0,5,0.0,
nm10475048,36,1.0,4,0.0,
nm10475049,36,1.0,3,0.0,
nm10475050,36,1.0,2,0.0,
nm10475051,36,1.0,1,0.0,
nm10475220,36,1.0,6,0.0,
nm10476376,36,1.0,8,0.0,
nm10476379,36,1.0,7,0.0,
nm10476380,36,1.0,6,0.0,
nm10476420,36,1.0,8,0.0,
nm10476491,36,1.0,9,0.0,
nm10476621,36,1.0,9,0.0,
nm10476623,36,1.0,8,0.0,
nm10476624,36,1.0,7,0.0,
nm10476626,36,1.0,6,0.0,
nm10476627,36,1.0,5,0.0,
nm10476628,36,1.0,4,0.0,
nm10476629,36,1.0,3,0.0,
nm10476631,36,1.0,2,0.0,
nm10476634,36,1.0,1,0.0,
nm10476706,36,1.0,7,0.0,
nm10476968,36,1.0,9,0.0,
nm10476971,36,1.0,9,0.0,
nm1047726,72,0.470588,7,0.0,0.0
nm10477371,36,1.0,9,0.0,
nm10477372,36,1.0,8,0.0,
nm10477373,36,1.0,7,0.0,
nm10477374,36,1.0,6,0.0,
nm10477375,36,1.0,5,0.0,
nm10477376,36,1.0,4,0.0,
nm10477377,36,1.0,3,0.0,
nm10477495,36,1.0,8,0.0,
nm10477838,36,1.0,7,0.0,
nm10477839,36,1.0,6,0.0,
nm10477840,36,1.0,5,0.0,
nm10478320,36,1.0,9,0.0,
nm10478323,36,1.0,8,0.0,
nm10478324,36,1.0,7,0.0,
nm10478325,36,1.0,6,0.0,
nm10478326,36,1.0,5,0.0,
nm1047838,36,1.0,8,0.066808,
nm10478626,36,1.0,9,0.0,
nm1047883,36,1.0,5,0.056808,
nm1047913,36,1.0,5,0.0,
nm10479194,36,1.0,9,0.0,
nm10479195,36,1.0,8,0.0,
nm10479420,36,1.0,7,0.0,
nm10479458,36,1.0,8,0.0,
nm10479460,36,1.0,7,0.0,
nm10479462,36,1.0,6,0.0,
nm10479557,36,1.0,9,0.0,
nm10479710,36,1.0,8,0.0,
nm10479920,36,1.0,9,0.0,
nm10479921,36,1.0,8,0.0,
nm10479922,36,1.0,7,0.0,
nm10480395,36,1.0,9,0.0,
nm1048051,125,0.384615,4,0.0,0.000113
nm10480655,36,1.0,2,0.0,
nm10480656,36,1.0,1,0.0,
nm10480657,36,1.0,0,0.0,
nm10480888,36,1.0,9,0.0,
nm10482255,36,1.0,9,0.0,
nm10482383,36,1.0,8,0.0,
nm10482384,36,1.0,7,0.0,
nm10482385,36,1.0,6,0.0,
nm10482386,36,1.0,5,0.0,
nm10482435,36,1.0,8,0.0,
nm10482617,36,1.0,3,0.0,
nm10482619,36,1.0,2,0.0,
nm10482620,36,1.0,1,0.0,
nm10482677,36,1.0,7,0.089235,
nm10483049,36,1.0,8,0.0,
nm10483205,36,1.0,6,0.0,
nm10483217,72,0.470588,6,0.1121,0.001886
nm10483664,36,1.0,9,0.0,
nm10483665,36,1.0,8,0.0,
nm10483666,36,1.0,7,0.0,
nm10483667,36,1.0,6,0.0,
nm10483668,36,1.0,5,0.0,
nm10483670,36,1.0,4,0.0,
nm10483676,36,1.0,8,0.0,
nm10483739,36,1.0,8,0.0,
nm10483765,36,1.0,5,0.0,
nm10483886,36,1.0,6,0.0,
nm10483887,36,1.0,5,0.0,
nm10484251,36,1.0,9,0.12,
nm10484265,36,1.0,6,0.109185,
nm10484283,36,1.0,4,0.0,
nm10484284,36,1.0,3,0.0,
nm10484456,36,1.0,8,0.0,
nm10484501,36,1.0,8,0.112701,
nm10484632,36,1.0,4,0.0,
nm10484635,36,1.0,7,0.0,
nm10484773,36,1.0,8,0.0,
nm10484783,36,1.0,7,0.0,
nm10484785,36,1.0,6,0.0,
nm10484819,36,1.0,8,0.0,
nm10484852,36,1.0,7,0.0,
nm10484853,36,1.0,6,0.0,
nm10484854,36,1.0,5,0.0,
nm10484855,36,1.0,4,0.0,
nm10484884,36,1.0,5,0.0,
nm10484904,36,1.0,8,0.0,
nm10484958,36,1.0,9,0.0,
nm10485039,36,1.0,9,0.0,
nm10485040,36,1.0,8,0.0,
nm10485136,36,1.0,8,0.0,
nm10485137,36,1.0,7,0.0,
nm10485138,36,1.0,6,0.0,
nm10485139,36,1.0,5,0.0,
nm10485140,36,1.0,4,0.0,
nm10485307,36,1.0,6,0.0,
nm10485312,36,1.0,7,0.0,
nm10485314,36,1.0,8,0.0,
nm10485396,36,1.0,6,0.0,
nm10485398,36,1.0,5,0.0,
nm10485401,36,1.0,4,0.0,
nm10485613,36,1.0,8,0.0,
nm10485744,36,1.0,2,0.0,
nm10486084,36,1.0,7,0.0,
nm10486121,36,1.0,7,0.0,
nm10486122,36,1.0,6,0.0,
nm10486129,36,1.0,9,0.0,
nm10486130,36,1.0,8,0.0,
nm10486524,36,1.0,6,0.0,
nm10486786,36,1.0,8,0.0,
nm10486787,36,1.0,7,0.0,
nm10486788,36,1.0,6,0.0,
nm10486875,36,1.0,8,0.0,
nm10487051,36,1.0,8,0.0,
nm10487107,36,1.0,9,0.0,
nm10487108,36,1.0,8,0.0,
nm10487110,36,1.0,7,0.0,
nm10487111,36,1.0,6,0.0,
nm10487112,36,1.0,5,0.0,
nm10487113,36,1.0,4,0.0,
nm10487114,36,1.0,3,0.0,
nm10487273,36,1.0,9,0.0,
nm10487274,36,1.0,8,0.0,
nm10487275,36,1.0,7,0.0,
nm10487467,36,1.0,8,0.0,
nm10487470,36,1.0,8,0.0,
nm10487771,36,1.0,3,0.0,
nm10487813,36,1.0,7,0.0,
nm10487855,36,1.0,3,0.0,
nm10487898,36,1.0,8,0.0,
nm10487899,36,1.0,7,0.0,
nm10488497,36,1.0,7,0.0,
nm10488587,36,1.0,5,0.0,
nm10488674,36,1.0,7,0.0,
nm10488675,36,1.0,6,0.0,
nm10488754,36,1.0,8,0.0,
nm10488755,36,1.0,7,0.0,
nm10488759,36,1.0,9,0.0,
nm10488762,36,1.0,8,0.0,
nm10488768,36,1.0,7,0.0,
nm10489529,36,1.0,7,0.055507,
nm10489715,36,1.0,9,0.0,
nm10489719,36,1.0,8,0.0,
nm10489906,36,1.0,8,0.0,
nm10490168,36,1.0,8,0.110915,
nm10490169,36,1.0,7,0.110915,
nm10490517,36,1.0,8,0.0,
nm10490695,36,1.0,9,0.10396,
nm10490902,36,1.0,7,0.0,
nm10490904,36,1.0,6,0.0,
nm10490905,36,1.0,5,0.0,
nm10491031,36,1.0,7,0.0,
nm10491032,36,1.0,6,0.0,
nm10491040,36,1.0,7,0.0,
nm10491048,36,1.0,6,0.0,
nm10491049,36,1.0,5,0.0,
nm10491050,36,1.0,4,0.0,
nm10491055,36,1.0,3,0.0,
nm10491056,36,1.0,2,0.0,
nm10491063,36,1.0,1,0.0,
nm10491065,36,1.0,0,0.0,
nm10491232,36,1.0,9,0.0,
nm10491233,36,1.0,8,0.0,
nm10491235,36,1.0,7,0.0,
nm10491236,36,1.0,6,0.0,
nm10491237,36,1.0,5,0.0,
nm10491238,36,1.0,4,0.0,
nm10491239,36,1.0,3,0.0,
nm1049124,36,1.0,9,0.0,
nm10491405,36,1.0,9,0.0,
nm10491840,36,1.0,8,0.0,
nm10491841,36,1.0,7,0.0,
nm10491843,36,1.0,6,0.0,
nm10491845,36,1.0,5,0.0,
nm10491924,36,1.0,8,0.0,
nm10492021,36,1.0,9,0.0,
nm10492158,36,1.0,6,0.0,
nm10492165,36,1.0,5,0.0,
nm10492241,36,1.0,8,0.0,
nm10492242,36,1.0,7,0.0,
nm10492243,36,1.0,6,0.0,
nm10492245,36,1.0,5,0.0,
nm10492247,36,1.0,4,0.0,
nm10492255,36,1.0,3,0.0,
nm10492269,36,1.0,2,0.0,
nm10492298,36,1.0,9,0.109948,
nm10492299,36,1.0,8,0.109948,
nm10492300,36,1.0,7,0.11014,
nm10492305,36,1.0,6,0.109948,
nm10492477,36,1.0,9,0.0,
nm10492513,36,1.0,9,0.0,
nm10492515,36,1.0,8,0.0,
nm10492516,36,1.0,7,0.0,
nm10492519,36,1.0,6,0.0,
nm10492599,36,1.0,5,0.0,
nm10492887,36,1.0,9,0.0,
nm10493081,36,1.0,8,0.0,
nm10493082,36,1.0,7,0.0,
nm10493364,36,1.0,9,0.0,
nm10493365,36,1.0,8,0.0,
nm10493366,36,1.0,7,0.0,
nm10493367,36,1.0,6,0.0,
nm10493404,36,1.0,9,0.0,
nm10493405,36,1.0,8,0.0,
nm10493406,36,1.0,7,0.0,
nm10493408,36,1.0,6,0.0,
nm10493409,36,1.0,5,0.0,
nm10493410,36,1.0,4,0.0,
nm10493412,36,1.0,3,0.0,
nm10493414,36,1.0,2,0.0,
nm10493415,36,1.0,1,0.0,
nm10493416,36,1.0,0,0.0,
nm10493528,36,1.0,9,0.0,
nm10493752,36,1.0,8,0.0,
nm10493823,36,1.0,5,0.0,
nm10493872,36,1.0,9,0.103789,
nm10493999,36,1.0,8,0.0,
nm10494000,36,1.0,7,0.0,
nm10494105,36,1.0,3,0.0,
nm10494106,36,1.0,2,0.0,
nm10494107,36,1.0,1,0.0,
nm10494111,36,1.0,0,0.0,
nm10494378,36,1.0,6,0.0,
nm10494467,36,1.0,8,0.0,
nm10494470,36,1.0,7,0.0,
nm10494471,36,1.0,6,0.0,
nm10494474,36,1.0,5,0.0,
nm10494475,36,1.0,4,0.0,
nm10494482,36,1.0,8,0.0,
nm10494626,36,1.0,1,0.0,
nm10494941,36,1.0,9,0.0,
nm10495004,36,1.0,7,0.0,
nm10495005,36,1.0,6,0.0,
nm10495007,36,1.0,5,0.0,
nm10495009,36,1.0,4,0.0,
nm10495010,36,1.0,3,0.0,
nm10495011,36,1.0,2,0.0,
nm10495012,36,1.0,1,0.0,
nm10495101,36,1.0,7,0.0,
nm10495105,36,1.0,9,0.0,
nm10495522,36,1.0,4,0.0,
nm1049613,36,1.0,4,0.09633,
nm10496446,36,1.0,7,0.0,
nm10496476,36,1.0,7,0.0,
nm10496478,36,1.0,6,0.0,
nm10496479,36,1.0,5,0.0,
nm10496483,36,1.0,4,0.0,
nm10496598,36,1.0,8,0.111111,
nm10496609,36,1.0,9,0.0,
nm10496610,36,1.0,8,0.0,
nm10496611,36,1.0,7,0.0,
nm10496612,36,1.0,6,0.0,
nm10496613,36,1.0,5,0.0,
nm10496614,36,1.0,4,0.0,
nm10496616,36,1.0,3,0.0,
nm10496617,36,1.0,2,0.0,
nm10496618,36,1.0,1,0.0,
nm10496665,36,1.0,8,0.0,
nm10496666,36,1.0,7,0.0,
nm10496667,36,1.0,6,0.0,
nm10496837,36,1.0,7,0.0,
nm10496838,36,1.0,6,0.0,
nm10496839,36,1.0,5,0.0,
nm10496840,72,0.470588,9,0.0,0.0
nm10496841,36,1.0,4,0.0,
nm10496842,36,1.0,3,0.0,
nm10496843,36,1.0,2,0.0,
nm10497109,36,1.0,0,0.0,
nm10497267,36,1.0,8,0.0,
nm10497414,36,1.0,9,0.0,
nm10497417,36,1.0,8,0.0,
nm10497418,36,1.0,7,0.0,
nm10497419,36,1.0,6,0.0,
nm10497421,36,1.0,5,0.0,
nm10497422,36,1.0,4,0.0,
nm10497428,36,1.0,3,0.0,
nm10497713,36,1.0,3,0.0,
nm10497786,36,1.0,9,0.0,
nm10497788,36,1.0,8,0.0,
nm10497789,36,1.0,7,0.0,
nm10497790,36,1.0,6,0.0,
nm10497829,36,1.0,9,0.0,
nm10497835,36,1.0,9,0.0,
nm10498050,36,1.0,3,0.0,
nm10498051,36,1.0,2,0.0,
nm10498052,36,1.0,1,0.0,
nm10498054,36,1.0,0,0.0,
nm10498187,36,1.0,0,0.0,
nm10498203,36,1.0,5,0.06833,
nm10498321,36,1.0,6,0.0,
nm10498622,36,1.0,9,0.0,
nm10498623,36,1.0,8,0.0,
nm10498819,36,1.0,8,0.0,
nm10498861,36,1.0,8,0.0,
nm10498862,36,1.0,7,0.0,
nm10498863,36,1.0,6,0.0,
nm10498893,36,1.0,9,0.0,
nm10498897,36,1.0,6,0.0,
nm10498924,36,1.0,9,0.0,
nm10498967,36,1.0,8,0.0,
nm10498968,36,1.0,7,0.0,
nm10499341,36,1.0,9,0.0,
nm10499365,36,1.0,6,0.0,
nm1049968,36,1.0,8,0.0,
nm10500175,36,1.0,8,0.0,
nm10500176,36,1.0,7,0.0,
nm10500251,36,1.0,9,0.0,
nm10500784,36,1.0,9,0.0,
nm10500785,36,1.0,8,0.0,
nm10500786,36,1.0,7,0.0,
nm10500787,36,1.0,6,0.0,
nm10500788,36,1.0,5,0.0,
nm10500789,36,1.0,4,0.0,
nm10500791,36,1.0,3,0.0,
nm10500792,36,1.0,2,0.0,
nm10501091,36,1.0,9,0.0,
nm10501092,36,1.0,8,0.0,
nm10501200,36,1.0,8,0.0,
nm10501288,36,1.0,9,0.0,
nm10501331,36,1.0,7,0.0,
nm10501332,36,1.0,6,0.0,
nm10501333,36,1.0,5,0.0,
nm10501867,36,1.0,7,0.0,
nm10501964,36,1.0,7,0.0,
nm10502256,36,1.0,8,0.0,
nm10502631,36,1.0,8,0.0,
nm10502632,36,1.0,7,0.0,
nm10502937,36,1.0,9,0.0,
nm10502939,36,1.0,8,0.0,
nm10502940,36,1.0,7,0.0,
nm10503010,36,1.0,6,0.0,
nm10503028,36,1.0,8,0.0,
nm10503030,36,1.0,7,0.0,
nm10503147,36,1.0,9,0.0,
nm10503421,36,1.0,9,0.0,
nm10503692,36,1.0,9,0.0,
nm10503693,36,1.0,8,0.0,
nm10503928,36,1.0,8,0.0,
nm10503931,36,1.0,7,0.0,
nm10503936,36,1.0,6,0.0,
nm10504132,36,1.0,7,0.100478,
nm10504138,36,1.0,8,0.0,
nm10504805,36,1.0,8,0.0,
nm10504826,36,1.0,7,0.0,
nm10504827,36,1.0,6,0.0,
nm10505042,36,1.0,9,0.0,
nm10505052,36,1.0,8,0.0,
nm10505054,36,1.0,7,0.0,
nm10505059,36,1.0,6,0.0,
nm10505085,36,1.0,7,0.0,
nm10505086,36,1.0,6,0.0,
nm10505245,36,1.0,5,0.0,
nm10505335,36,1.0,9,0.0,
nm10505336,36,1.0,8,0.0,
nm10505337,36,1.0,7,0.0,
nm10505421,36,1.0,8,0.107325,
nm10505422,36,1.0,7,0.107325,
nm10505423,36,1.0,6,0.107325,
nm10505424,36,1.0,5,0.107325,
nm10505425,36,1.0,4,0.107325,
nm10505427,36,1.0,3,0.107325,
nm10505942,36,1.0,8,0.0,
nm10505943,36,1.0,7,0.0,
nm10506097,36,1.0,9,0.0,
nm10506100,36,1.0,8,0.0,
nm10506102,36,1.0,7,0.0,
nm10506105,36,1.0,6,0.0,
nm10506107,36,1.0,5,0.0,
nm10506108,36,1.0,4,0.0,
nm10506111,36,1.0,3,0.0,
nm10506112,36,1.0,2,0.0,
nm10506113,36,1.0,1,0.0,
nm10506132,36,1.0,5,0.0,
nm10506271,36,1.0,7,0.0,
nm10506272,36,1.0,6,0.0,
nm10506330,36,1.0,8,0.0,
nm10506331,36,1.0,7,0.0,
nm10506332,36,1.0,6,0.0,
nm10506333,36,1.0,5,0.0,
nm10506336,36,1.0,4,0.0,
nm10506337,36,1.0,3,0.0,
nm10506445,36,1.0,8,0.0,
nm10506446,36,1.0,7,0.0,
nm10506499,36,1.0,6,0.0,
nm10506500,36,1.0,5,0.0,
nm1050671,36,1.0,7,0.077111,
nm10507025,36,1.0,7,0.110915,
nm10507026,36,1.0,6,0.110915,
nm10507027,36,1.0,5,0.110915,
nm10507028,36,1.0,4,0.110915,
nm10507872,36,1.0,9,0.0,
nm10508112,36,1.0,6,0.0,
nm10508365,36,1.0,8,0.0,
nm10508366,36,1.0,7,0.0,
nm10508367,36,1.0,6,0.0,
nm10508368,36,1.0,5,0.0,
nm10508412,36,1.0,9,0.0,
nm10508445,36,1.0,9,0.0,
nm10508458,36,1.0,9,0.0,
nm10508459,36,1.0,8,0.0,
nm10508460,36,1.0,7,0.0,
nm10508461,36,1.0,6,0.0,
nm10508462,36,1.0,5,0.0,
nm10508471,36,1.0,4,0.0,
nm10508472,36,1.0,3,0.0,
nm10508473,36,1.0,2,0.0,
nm10508474,36,1.0,1,0.0,
nm10508475,36,1.0,0,0.0,
nm10508502,36,1.0,9,0.0,
nm10509032,36,1.0,8,0.0,
nm10509071,36,1.0,6,0.0,
nm10509072,36,1.0,5,0.0,
nm10509078,36,1.0,9,0.0,
nm10509237,36,1.0,6,0.0,
nm10509238,36,1.0,5,0.0,
nm10509649,36,1.0,7,0.0,
nm10509917,36,1.0,7,0.0,
nm10509918,36,1.0,6,0.0,
nm10509919,36,1.0,5,0.0,
nm10510002,36,1.0,8,0.0,
nm10510090,36,1.0,9,0.0,
nm10510270,36,1.0,8,0.0,
nm10510387,36,1.0,7,0.0,
nm10510389,36,1.0,6,0.0,
nm10510494,36,1.0,4,0.0,
nm10510557,36,1.0,6,0.0,
nm10510600,36,1.0,9,0.0,
nm10510601,36,1.0,8,0.0,
nm10510602,36,1.0,7,0.0,
nm10510603,36,1.0,6,0.0,
nm10510604,36,1.0,5,0.0,
nm10510605,36,1.0,4,0.0,
nm10510879,36,1.0,6,0.0,
nm10510880,36,1.0,5,0.0,
nm10511214,36,1.0,7,0.0,
nm10511270,36,1.0,9,0.0,
nm10511271,36,1.0,8,0.0,
nm10511272,36,1.0,7,0.0,
nm10511273,36,1.0,6,0.0,
nm10511274,36,1.0,5,0.0,
nm10511275,36,1.0,4,0.0,
nm10511276,36,1.0,3,0.0,
nm10511277,36,1.0,2,0.0,
nm10511278,36,1.0,1,0.0,
nm10511286,36,1.0,5,0.0,
nm10511352,36,1.0,8,0.0,
nm10511355,36,1.0,7,0.0,
nm10511457,36,1.0,8,0.0,
nm10511458,36,1.0,7,0.0,
nm10511459,36,1.0,6,0.0,
nm10511462,36,1.0,5,0.0,
nm10511482,36,1.0,8,0.0,
nm10511483,36,1.0,7,0.0,
nm10511484,36,1.0,6,0.0,
nm10511555,36,1.0,8,0.0,
nm10511637,36,1.0,8,0.0,
nm10511703,36,1.0,8,0.0,
nm10511704,36,1.0,7,0.0,
nm10511706,36,1.0,6,0.0,
nm10511707,36,1.0,5,0.0,
nm10511708,36,1.0,4,0.0,
nm10511709,36,1.0,3,0.0,
nm10511710,36,1.0,2,0.0,
nm10511712,36,1.0,1,0.0,
nm10511713,36,1.0,0,0.0,
nm10511907,36,1.0,8,0.1121,
nm10511949,36,1.0,9,0.0,
nm10511950,36,1.0,8,0.0,
nm10512137,36,1.0,5,0.0,
nm1051221,36,1.0,4,0.0,
nm10512316,36,1.0,6,0.0,
nm10512318,36,1.0,5,0.0,
nm1051245,36,1.0,8,0.0,
nm10512522,36,1.0,8,0.0,
nm10512523,36,1.0,7,0.0,
nm10513489,36,1.0,8,0.0,
nm10513490,36,1.0,7,0.0,
nm10513491,36,1.0,6,0.0,
nm10513492,36,1.0,5,0.0,
nm10513493,36,1.0,4,0.0,
nm10513494,36,1.0,3,0.0,
nm10513495,36,1.0,2,0.0,
nm10513496,36,1.0,1,0.0,
nm10513514,36,1.0,8,0.0,
nm10513550,36,1.0,9,0.0,
nm10513558,36,1.0,8,0.0,
nm10513559,36,1.0,7,0.0,
nm10513561,36,1.0,6,0.0,
nm10513568,36,1.0,5,0.0,
nm10513570,36,1.0,4,0.0,
nm10513734,36,1.0,8,0.0,
nm10514438,72,0.470588,9,0.0,0.0
nm10514439,36,1.0,9,0.0,
nm10514440,36,1.0,8,0.0,
nm10514441,36,1.0,7,0.0,
nm10514442,36,1.0,6,0.0,
nm10514444,36,1.0,5,0.0,
nm10514448,36,1.0,4,0.0,
nm10514449,36,1.0,3,0.0,
nm10514467,36,1.0,7,0.0,
nm10514468,36,1.0,6,0.0,
nm10514469,36,1.0,5,0.0,
nm10514470,36,1.0,4,0.0,
nm10514471,36,1.0,3,0.0,
nm10514474,36,1.0,2,0.0,
nm10514493,36,1.0,7,0.093611,
nm10514573,36,1.0,7,0.0,
nm10514574,36,1.0,6,0.0,
nm10514681,36,1.0,7,0.0,
nm10514928,36,1.0,9,0.0,
nm10515242,36,1.0,3,0.0,
nm10515528,36,1.0,5,0.0,
nm10515696,36,1.0,8,0.0,
nm10516038,36,1.0,9,0.0,
nm10516039,36,1.0,8,0.0,
nm10516069,36,1.0,8,0.0,
nm10516070,36,1.0,7,0.0,
nm10516071,36,1.0,6,0.0,
nm10516255,36,1.0,8,0.0,
nm10516256,36,1.0,7,0.0,
nm10516258,36,1.0,6,0.0,
nm10516260,36,1.0,5,0.0,
nm10516430,36,1.0,7,0.0,
nm10516433,36,1.0,9,0.0,
nm10516435,36,1.0,8,0.0,
nm10516438,36,1.0,7,0.0,
nm10516439,36,1.0,6,0.0,
nm10516440,36,1.0,5,0.0,
nm10516612,36,1.0,9,0.0,
nm10516613,36,1.0,8,0.0,
nm10516619,36,1.0,7,0.0,
nm10516621,36,1.0,6,0.0,
nm10516622,36,1.0,5,0.0,
nm10516625,36,1.0,4,0.0,
nm10516626,36,1.0,3,0.0,
nm10516629,36,1.0,2,0.0,
nm10516631,36,1.0,1,0.0,
nm10516636,36,1.0,0,0.0,
nm10516646,36,1.0,8,0.0,
nm10516647,36,1.0,7,0.0,
nm10516648,36,1.0,6,0.0,
nm10516649,36,1.0,5,0.0,
nm10516908,36,1.0,6,0.093611,
nm10516909,36,1.0,5,0.093611,
nm10517485,36,1.0,8,0.0,
nm10517486,36,1.0,7,0.0,
nm10517488,36,1.0,6,0.0,
nm10517490,36,1.0,5,0.0,
nm10517493,36,1.0,4,0.0,
nm10517497,36,1.0,3,0.0,
nm10517798,36,1.0,8,0.0,
nm10517810,36,1.0,2,0.0,
nm10517811,36,1.0,1,0.0,
nm10517812,36,1.0,0,0.0,
nm10518000,36,1.0,9,0.0,
nm10518002,36,1.0,8,0.0,
nm10518003,36,1.0,7,0.0,
nm10518004,36,1.0,6,0.0,
nm10518005,36,1.0,5,0.0,
nm10518006,36,1.0,4,0.0,
nm10518007,36,1.0,3,0.0,
nm10518008,36,1.0,2,0.0,
nm10518009,36,1.0,1,0.0,
nm10518018,36,1.0,3,0.0,
nm10518020,36,1.0,2,0.0,
nm10518152,36,1.0,8,0.0,
nm10518650,36,1.0,9,0.0,
nm10518651,36,1.0,8,0.0,
nm10518654,36,1.0,7,0.0,
nm10518655,66,0.725275,9,0.0,
nm10518657,36,1.0,6,0.0,
nm10518658,36,1.0,5,0.0,
nm10518659,36,1.0,4,0.0,
nm10518837,36,1.0,5,0.0,
nm10518948,36,1.0,9,0.0,
nm10519167,36,1.0,8,0.0,
nm10519168,36,1.0,7,0.0,
nm10519169,36,1.0,6,0.0,
nm10519172,36,1.0,5,0.0,
nm10519306,36,1.0,4,0.0,
nm10519402,36,1.0,3,0.0,
nm10519522,36,1.0,9,0.0,
nm10519523,36,1.0,8,0.0,
nm10519527,36,1.0,7,0.0,
nm10519529,36,1.0,6,0.0,
nm10519530,36,1.0,5,0.0,
nm10519683,36,1.0,9,0.0,
nm10519684,36,1.0,8,0.0,
nm10519745,36,1.0,9,0.0,
nm10519746,36,1.0,8,0.0,
nm10519747,36,1.0,7,0.0,
nm10519748,36,1.0,6,0.0,
nm10519749,36,1.0,5,0.0,
nm10520100,36,1.0,9,0.0,
nm10520101,36,1.0,8,0.0,
nm10520102,36,1.0,7,0.0,
nm10520199,36,1.0,9,0.0,
nm10520200,36,1.0,8,0.0,
nm10520201,36,1.0,7,0.0,
nm10520202,36,1.0,6,0.0,
nm10520204,36,1.0,5,0.0,
nm10520205,36,1.0,4,0.0,
nm10520206,36,1.0,3,0.0,
nm10520326,36,1.0,9,0.0,
nm10520328,36,1.0,8,0.0,
nm10520333,36,1.0,7,0.0,
nm10520334,36,1.0,6,0.0,
nm10520335,36,1.0,5,0.0,
nm10520680,36,1.0,8,0.0,
nm10520687,36,1.0,4,0.0,
nm10520867,36,1.0,9,0.0,
nm10520870,36,1.0,8,0.0,
nm10520903,36,1.0,7,0.0,
nm10520906,36,1.0,6,0.0,
nm10520907,36,1.0,5,0.0,
nm10520909,36,1.0,4,0.0,
nm10520911,36,1.0,3,0.0,
nm10520914,36,1.0,2,0.0,
nm10520916,36,1.0,1,0.0,
nm10520917,36,1.0,0,0.0,
nm10521100,36,1.0,9,0.0,
nm10521106,36,1.0,8,0.0,
nm10521108,36,1.0,7,0.0,
nm10521114,36,1.0,6,0.0,
nm10521115,36,1.0,5,0.0,
nm10521133,36,1.0,8,0.0,
nm10521134,36,1.0,7,0.0,
nm10521135,36,1.0,6,0.0,
nm10521136,36,1.0,5,0.0,
nm10521137,36,1.0,4,0.0,
nm10521138,36,1.0,3,0.0,
nm10521139,36,1.0,2,0.0,
nm10521140,36,1.0,1,0.0,
nm10521141,36,1.0,0,0.0,
nm10521232,36,1.0,9,0.0,
nm10521233,36,1.0,8,0.0,
nm10521237,36,1.0,9,0.0,
nm10521238,36,1.0,8,0.0,
nm10521239,36,1.0,7,0.0,
nm10521527,36,1.0,9,0.116667,
nm10521529,36,1.0,8,0.116667,
nm10521663,36,1.0,3,0.0,
nm10521728,36,1.0,9,0.0,
nm10521730,36,1.0,8,0.0,
nm10521976,36,1.0,4,0.093611,
nm10522098,36,1.0,4,0.0,
nm10522456,36,1.0,9,0.0,
nm10522457,36,1.0,8,0.0,
nm10522458,36,1.0,7,0.0,
nm10522460,36,1.0,6,0.0,
nm10522898,36,1.0,9,0.0,
nm10522899,36,1.0,8,0.0,
nm10522900,36,1.0,7,0.0,
nm10522901,36,1.0,6,0.0,
nm10522904,36,1.0,5,0.0,
nm10523204,36,1.0,9,0.0,
nm10523205,36,1.0,8,0.0,
nm10523451,36,1.0,9,0.0,
nm10523452,36,1.0,8,0.0,
nm10523453,36,1.0,7,0.0,
nm10523454,36,1.0,6,0.0,
nm10523455,36,1.0,5,0.0,
nm10523596,36,1.0,4,0.0,
nm10523597,36,1.0,3,0.0,
nm10523713,36,1.0,9,0.0,
nm10523716,36,1.0,8,0.0,
nm10523717,36,1.0,7,0.0,
nm10523718,36,1.0,6,0.0,
nm10523723,36,1.0,5,0.0,
nm10523724,36,1.0,4,0.0,
nm10523730,36,1.0,3,0.0,
nm10523966,36,1.0,8,0.0,
nm1052408,36,1.0,7,0.0,
nm10524645,36,1.0,7,0.096183,
nm10524722,36,1.0,6,0.0,
nm10524723,36,1.0,5,0.0,
nm10525219,36,1.0,5,0.0,
nm10525575,36,1.0,8,0.0,
nm10525919,36,1.0,9,0.0,
nm10525920,36,1.0,8,0.0,
nm10525921,36,1.0,7,0.0,
nm10525922,36,1.0,6,0.0,
nm10525923,36,1.0,5,0.0,
nm10525924,36,1.0,4,0.0,
nm10525925,36,1.0,3,0.0,
nm10525926,36,1.0,2,0.0,
nm10525927,36,1.0,1,0.0,
nm10525993,36,1.0,7,0.0,
nm10526021,36,1.0,8,0.0,
nm10526022,36,1.0,7,0.0,
nm10526023,36,1.0,6,0.0,
nm10526025,36,1.0,5,0.0,
nm10526026,36,1.0,4,0.0,
nm10526027,36,1.0,3,0.0,
nm10526028,36,1.0,2,0.0,
nm10526029,36,1.0,1,0.0,
nm10526030,36,1.0,0,0.0,
nm10526496,36,1.0,8,0.0,
nm10526497,36,1.0,7,0.0,
nm10526499,36,1.0,6,0.0,
nm10526628,36,1.0,8,0.0,
nm10527014,36,1.0,9,0.086538,
nm10527015,36,1.0,8,0.086538,
nm10527017,36,1.0,7,0.086538,
nm10527019,36,1.0,6,0.086538,
nm10527044,36,1.0,7,0.097072,
nm10527092,36,1.0,9,0.0,
nm10527333,36,1.0,9,0.0,
nm10527334,36,1.0,8,0.0,
nm10527335,36,1.0,7,0.0,
nm10527336,36,1.0,6,0.0,
nm10527337,36,1.0,5,0.0,
nm10527338,36,1.0,4,0.0,
nm10527339,36,1.0,3,0.0,
nm10527340,36,1.0,2,0.0,
nm10527604,36,1.0,4,0.0,
nm10527795,36,1.0,9,0.0,
nm10528040,36,1.0,8,0.0,
nm10528041,36,1.0,7,0.0,
nm10528042,36,1.0,6,0.0,
nm10528043,36,1.0,5,0.0,
nm10528044,36,1.0,4,0.0,
nm10528045,36,1.0,3,0.0,
nm10528046,36,1.0,2,0.0,
nm10528829,36,1.0,4,0.0,
nm10528832,36,1.0,3,0.0,
nm10528834,36,1.0,2,0.0,
nm10528835,36,1.0,1,0.0,
nm10528885,36,1.0,3,0.0,
nm10528886,36,1.0,2,0.0,
nm10528893,36,1.0,6,0.097072,
nm10528948,36,1.0,7,0.0,
nm10528949,36,1.0,6,0.0,
nm10528950,36,1.0,5,0.0,
nm10528951,36,1.0,4,0.0,
nm10528992,36,1.0,6,0.0,
nm10529003,36,1.0,5,0.097072,
nm10529038,36,1.0,7,0.0,
nm10529279,36,1.0,7,0.0,
nm10529306,36,1.0,9,0.0,
nm10529307,36,1.0,8,0.0,
nm10529308,36,1.0,7,0.0,
nm10529309,36,1.0,6,0.0,
nm10529310,36,1.0,5,0.0,
nm10529328,36,1.0,9,0.114338,
nm10529329,36,1.0,8,0.114545,
nm10529330,36,1.0,7,0.114338,
nm10529331,36,1.0,6,0.114338,
nm10529368,36,1.0,8,0.0,
nm10529687,36,1.0,6,0.0,
nm10529688,36,1.0,5,0.0,
nm10529967,36,1.0,6,0.0,
nm10530154,36,1.0,7,0.0,
nm10530182,36,1.0,0,0.0,
nm10530279,36,1.0,9,0.0,
nm10530468,36,1.0,5,0.0,
nm10530470,36,1.0,4,0.0,
nm10530488,36,1.0,8,0.046667,
nm10530500,72,0.470588,9,0.0,0.0
nm10531235,36,1.0,6,0.0,
nm10531236,36,1.0,5,0.0,
nm10531285,36,1.0,4,0.097072,
nm10531357,36,1.0,9,0.0,
nm10531358,36,1.0,8,0.0,
nm10531359,36,1.0,7,0.0,
nm10531360,36,1.0,6,0.0,
nm10531361,36,1.0,5,0.0,
nm10531362,36,1.0,4,0.0,
nm10531363,36,1.0,3,0.0,
nm10531566,36,1.0,9,0.0,
nm10531569,36,1.0,8,0.0,
nm10531595,36,1.0,6,0.0,
nm10531596,36,1.0,5,0.0,
nm10531604,36,1.0,9,0.0,
nm10531605,36,1.0,8,0.0,
nm10531606,36,1.0,7,0.0,
nm10531654,36,1.0,6,0.0,
nm10531655,36,1.0,5,0.0,
nm10531656,36,1.0,4,0.0,
nm1053169,36,1.0,6,0.0,
nm10532006,36,1.0,4,0.0,
nm10532064,36,1.0,8,0.0,
nm10532612,36,1.0,9,0.0,
nm10532694,36,1.0,8,0.125249,
nm10532730,131,0.436667,9,0.0,0.0
nm10532733,36,1.0,9,0.0,
nm10532734,36,1.0,8,0.0,
nm10532780,36,1.0,7,0.0,
nm10532816,36,1.0,9,0.0,
nm10532821,36,1.0,8,0.0,
nm10532822,36,1.0,7,0.0,
nm10532823,36,1.0,6,0.0,
nm10532827,36,1.0,5,0.0,
nm10532833,36,1.0,4,0.0,
nm10532835,36,1.0,3,0.0,
nm10532840,36,1.0,2,0.0,
nm10532841,36,1.0,1,0.0,
nm10532866,71,0.67619,9,0.0,
nm10532869,36,1.0,8,0.0,
nm10532870,36,1.0,7,0.0,
nm10532891,36,1.0,9,0.0,
nm10532893,36,1.0,8,0.0,
nm10532910,36,1.0,8,0.0,
nm10532912,36,1.0,7,0.0,
nm10532930,36,1.0,8,0.0,
nm10532931,36,1.0,7,0.0,
nm10532933,36,1.0,6,0.0,
nm10532959,36,1.0,8,0.0,
nm10532960,36,1.0,7,0.0,
nm10532989,36,1.0,8,0.0,
nm10532992,36,1.0,7,0.0,
nm10533768,36,1.0,7,0.0,
nm10533784,36,1.0,7,0.0,
nm1053380,36,1.0,7,0.104651,
nm10533830,36,1.0,9,0.0,
nm10533868,36,1.0,7,0.0,
nm10533869,36,1.0,6,0.0,
nm10533870,36,1.0,5,0.0,
nm10533871,36,1.0,4,0.0,
nm10533891,36,1.0,7,0.114338,
nm10533892,36,1.0,6,0.114338,
nm10533894,36,1.0,5,0.114338,
nm10533934,36,1.0,3,0.0,
nm10533944,36,1.0,7,0.0,
nm10533945,36,1.0,6,0.0,
nm10533946,36,1.0,5,0.0,
nm10534852,36,1.0,3,0.0,
nm10534853,36,1.0,2,0.0,
nm10534854,36,1.0,1,0.0,
nm10534884,36,1.0,8,0.0,
nm10534968,73,0.608333,9,0.0,
nm10535369,36,1.0,7,0.0,
nm10535370,36,1.0,6,0.0,
nm10535371,36,1.0,5,0.0,
nm10535372,36,1.0,4,0.0,
nm10535373,36,1.0,3,0.0,
nm10535374,36,1.0,2,0.0,
nm10535601,36,1.0,8,0.0,
nm10535602,36,1.0,7,0.0,
nm10535703,36,1.0,9,0.0,
nm10535773,36,1.0,9,0.0,
nm10535863,36,1.0,9,0.0,
nm10535864,36,1.0,8,0.0,
nm10535978,36,1.0,9,0.0,
nm10536165,36,1.0,9,0.0,
nm10536355,36,1.0,9,0.0,
nm10536356,36,1.0,8,0.0,
nm10536357,36,1.0,7,0.0,
nm10536358,36,1.0,6,0.0,
nm10536359,36,1.0,5,0.0,
nm10536360,36,1.0,4,0.0,
nm10536386,36,1.0,8,0.12426,
nm10536741,36,1.0,8,0.0,
nm10536829,36,1.0,8,0.088235,
nm10536915,36,1.0,8,0.0,
nm10536936,36,1.0,9,0.0,
nm10536937,36,1.0,8,0.0,
nm10536938,36,1.0,7,0.0,
nm10536939,36,1.0,6,0.0,
nm10536940,36,1.0,5,0.0,
nm10536989,36,1.0,7,0.0,
nm10536990,36,1.0,6,0.0,
nm10537291,36,1.0,6,0.0,
nm10537550,36,1.0,9,0.0,
nm10537551,36,1.0,8,0.0,
nm10537552,36,1.0,7,0.0,
nm10537553,36,1.0,6,0.0,
nm10537554,36,1.0,5,0.0,
nm10537555,36,1.0,4,0.0,
nm10537556,36,1.0,3,0.0,
nm10537557,36,1.0,2,0.0,
nm10537558,36,1.0,1,0.0,
nm10537559,36,1.0,0,0.0,
nm10537764,36,1.0,7,0.0,
nm10537844,36,1.0,3,0.0,
nm10538031,36,1.0,8,0.086538,
nm10538078,36,1.0,9,0.098437,
nm10538079,36,1.0,8,0.098437,
nm10538080,36,1.0,7,0.098437,
nm10538086,36,1.0,6,0.098437,
nm10538092,36,1.0,5,0.098437,
nm10538097,36,1.0,4,0.098437,
nm10538100,36,1.0,3,0.098437,
nm10538302,36,1.0,8,0.0,
nm10538303,36,1.0,7,0.0,
nm10538304,36,1.0,6,0.0,
nm10538305,36,1.0,5,0.0,
nm10538307,36,1.0,4,0.0,
nm10538308,36,1.0,3,0.0,
nm10538309,36,1.0,2,0.0,
nm10538311,36,1.0,1,0.0,
nm10538563,36,1.0,9,0.100159,
nm10540509,36,1.0,9,0.0,
nm10540833,36,1.0,5,0.0,
nm10542558,36,1.0,6,0.0,
nm10542694,36,1.0,8,0.0,
nm10542695,36,1.0,7,0.0,
nm10542696,36,1.0,6,0.0,
nm10542697,36,1.0,5,0.0,
nm10542698,36,1.0,4,0.0,
nm10542699,36,1.0,3,0.0,
nm10542700,36,1.0,2,0.0,
nm10542778,36,1.0,9,0.0,
nm10543059,36,1.0,6,0.0,
nm10543180,36,1.0,4,0.0,
nm10543601,36,1.0,6,0.0,
nm10544375,36,1.0,5,0.0,
nm10548027,36,1.0,7,0.0,
nm10548028,36,1.0,6,0.0,
nm10548029,36,1.0,5,0.0,
nm10548030,36,1.0,4,0.0,
nm10548031,36,1.0,3,0.0,
nm10548032,36,1.0,2,0.0,
nm10548033,36,1.0,1,0.0,
nm10548547,36,1.0,6,0.0,
nm10548891,36,1.0,9,0.0,
nm10550282,36,1.0,8,0.0,
nm1055050,72,0.470588,9,0.0,0.0
nm10550834,36,1.0,5,0.0,
nm10551729,36,1.0,9,0.0,
nm10551730,36,1.0,8,0.0,
nm10551731,36,1.0,7,0.0,
nm10551732,36,1.0,6,0.0,
nm10553203,36,1.0,3,0.110915,
nm10553701,36,1.0,8,0.0,
nm10553994,36,1.0,5,0.0,
nm10553995,36,1.0,4,0.0,
nm10555263,36,1.0,4,0.0,
nm10555285,36,1.0,3,0.0,
nm10555658,36,1.0,9,0.0,
nm10555859,36,1.0,8,0.0,
nm10555860,36,1.0,7,0.0,
nm10555872,36,1.0,8,0.0,
nm10556224,36,1.0,8,0.0,
nm10556270,36,1.0,7,0.0,
nm10556415,36,1.0,3,0.0,
nm10556899,36,1.0,5,0.0,
nm10556900,36,1.0,4,0.0,
nm10556923,36,1.0,7,0.0,
nm10557258,36,1.0,6,0.0,
nm10557535,36,1.0,4,0.0,
nm1055963,36,1.0,8,0.0,
nm10559851,36,1.0,6,0.0,
nm10560371,36,1.0,3,0.0,
nm10560372,36,1.0,2,0.0,
nm10560374,36,1.0,1,0.0,
nm10561889,36,1.0,8,0.0,
nm10561890,36,1.0,7,0.0,
nm10561891,36,1.0,6,0.0,
nm10561899,36,1.0,5,0.0,
nm10561900,36,1.0,4,0.0,
nm10561901,36,1.0,3,0.0,
nm10561903,36,1.0,2,0.0,
nm10561906,36,1.0,1,0.0,
nm10561908,36,1.0,0,0.0,
nm10562494,36,1.0,8,0.0,
nm10562600,36,1.0,0,0.0,
nm10564066,36,1.0,6,0.099057,
nm10564098,36,1.0,6,0.0,
nm1056425,36,1.0,6,0.116022,
nm10565764,36,1.0,7,0.104132,
nm10565873,36,1.0,7,0.0,
nm10566946,36,1.0,7,0.0,
nm10567253,36,1.0,7,0.0,
nm1056736,36,1.0,7,0.0,
nm1056790,36,1.0,6,0.0,
nm1056829,36,1.0,4,0.0,
nm10568841,36,1.0,9,0.114964,
nm10568842,36,1.0,8,0.114964,
nm10568843,36,1.0,7,0.114964,
nm10569025,36,1.0,8,0.0,
nm10569190,36,1.0,8,0.0,
nm10569204,36,1.0,4,0.0,
nm10569206,36,1.0,7,0.0,
nm1056936,36,1.0,9,0.0,
nm10570110,36,1.0,7,0.0,
nm10570112,36,1.0,6,0.0,
nm10571411,36,1.0,7,0.0,
nm10571885,36,1.0,5,0.0,
nm10571929,36,1.0,5,0.114338,
nm10572150,36,1.0,5,0.0,
nm10572833,36,1.0,8,0.0,
nm10573242,36,1.0,7,0.0,
nm10573550,36,1.0,7,0.0,
nm10573616,36,1.0,7,0.116883,
nm10573746,36,1.0,5,0.0,
nm10574326,36,1.0,6,0.0,
nm10574764,36,1.0,7,0.0,
nm10575312,36,1.0,6,0.0,
nm10575364,36,1.0,8,0.121387,
nm10576101,36,1.0,6,0.1008,
nm10576428,36,1.0,4,0.0,
nm10576576,36,1.0,9,0.0,
nm10577922,36,1.0,8,0.0,
nm10577923,36,1.0,7,0.0,
nm10577930,36,1.0,6,0.0,
nm10577931,36,1.0,5,0.0,
nm10577934,36,1.0,4,0.0,
nm10581288,36,1.0,9,0.0,
nm10581289,36,1.0,8,0.0,
nm10581290,36,1.0,7,0.0,
nm10582238,36,1.0,8,0.0,
nm10582239,36,1.0,7,0.0,
nm10582653,36,1.0,2,0.0,
nm10582656,36,1.0,1,0.0,
nm10583256,36,1.0,3,0.0,
nm10583457,36,1.0,4,0.0,
nm10583931,36,1.0,6,0.0,
nm10584284,36,1.0,8,0.0,
nm10584285,36,1.0,7,0.0,
nm10584286,36,1.0,6,0.0,
nm10584287,36,1.0,5,0.0,
nm10584288,36,1.0,4,0.0,
nm10584289,36,1.0,3,0.0,
nm10584291,36,1.0,2,0.0,
nm10584440,36,1.0,9,0.0,
nm10584760,72,0.470588,5,0.123288,0.000231
nm10585728,36,1.0,4,0.0,
nm10587168,36,1.0,8,0.09417,
nm10587241,36,1.0,8,0.0,
nm10587249,36,1.0,7,0.0,
nm10587276,36,1.0,7,0.0,
nm10588260,36,1.0,0,0.0,
nm1058827,36,1.0,6,0.0,
nm10588371,36,1.0,6,0.065557,
nm1058983,36,1.0,4,0.0,
nm10591019,36,1.0,9,0.0,
nm1059103,36,1.0,5,0.115596,
nm10591087,36,1.0,8,0.0,
nm1059148,36,1.0,7,0.0,
nm10591628,36,1.0,8,0.0,
nm10592820,36,1.0,7,0.0,
nm10592821,36,1.0,6,0.0,
nm10592822,36,1.0,5,0.0,
nm10592823,36,1.0,4,0.0,
nm10592896,36,1.0,7,0.125249,
nm1059365,72,0.470588,9,0.0,2.8e-05
nm10595533,36,1.0,8,0.0,
nm10596213,36,1.0,3,0.0,
nm10597983,36,1.0,7,0.0,
nm10597984,36,1.0,6,0.0,
nm10598693,36,1.0,7,0.0,
nm10600389,36,1.0,8,0.0,
nm10600916,36,1.0,8,0.0,
nm10601956,36,1.0,3,0.0,
nm10602996,36,1.0,9,0.118868,
nm10602997,36,1.0,8,0.118868,
nm10602999,36,1.0,7,0.118868,
nm10603010,36,1.0,6,0.118868,
nm10603039,36,1.0,5,0.118868,
nm1060383,36,1.0,7,0.095745,
nm10603941,36,1.0,8,0.0,
nm10608257,36,1.0,9,0.0,
nm10608807,36,1.0,8,0.0,
nm10608888,36,1.0,2,0.0,
nm10610062,36,1.0,5,0.0,
nm10611935,36,1.0,4,0.0,
nm10613221,36,1.0,7,0.0,
nm10615585,36,1.0,7,0.0,
nm10615589,36,1.0,6,0.0,
nm10618259,36,1.0,9,0.0,
nm10618260,36,1.0,8,0.0,
nm10618711,36,1.0,8,0.0,
nm10618712,36,1.0,7,0.0,
nm10619052,36,1.0,9,0.0,
nm10619054,36,1.0,8,0.0,
nm10619055,36,1.0,7,0.0,
nm10619056,36,1.0,6,0.0,
nm10619058,36,1.0,5,0.0,
nm1061914,36,1.0,4,0.0,
nm10619763,36,1.0,7,0.0,
nm1061987,36,1.0,3,0.0,
nm10620615,36,1.0,6,0.127789,
nm10621925,36,1.0,3,0.0,
nm10622302,36,1.0,6,0.0,
nm10624740,36,1.0,7,0.0,
nm10624876,36,1.0,7,0.0,
nm10625152,36,1.0,7,0.107692,
nm10625465,36,1.0,8,0.063959,
nm10625466,36,1.0,7,0.063959,
nm10625946,36,1.0,3,0.0,
nm10625957,36,1.0,2,0.0,
nm10626421,36,1.0,9,0.0,
nm10626422,36,1.0,8,0.0,
nm10627018,36,1.0,8,0.0,
nm10627019,36,1.0,7,0.0,
nm10627020,36,1.0,6,0.0,
nm10627021,36,1.0,5,0.0,
nm10627022,36,1.0,4,0.0,
nm10627023,36,1.0,3,0.0,
nm10627024,36,1.0,2,0.0,
nm10627025,36,1.0,1,0.0,
nm10627026,36,1.0,0,0.0,
nm10627216,36,1.0,7,0.0,
nm10628170,36,1.0,5,0.0,
nm10628725,36,1.0,7,0.0,
nm1062881,36,1.0,7,0.0,
nm10629196,36,1.0,5,0.0,
nm10629831,36,1.0,4,0.0,
nm10630353,36,1.0,3,0.0,
nm10630425,36,1.0,7,0.0,
nm10630490,36,1.0,6,0.0,
nm10631705,36,1.0,9,0.0,
nm1063256,36,1.0,7,0.0,
nm1063407,36,1.0,8,0.0,
nm1063517,36,1.0,7,0.062315,
nm10635747,36,1.0,9,0.0,
nm10636007,36,1.0,8,0.0,
nm10637541,36,1.0,9,0.0,
nm10641095,36,1.0,8,0.121622,
nm10641169,36,1.0,6,0.0,
nm10641637,36,1.0,4,0.0,
nm10641638,36,1.0,3,0.0,
nm10642658,36,1.0,8,0.0,
nm10642773,36,1.0,1,0.0,
nm1064292,36,1.0,7,0.0,
nm10643804,36,1.0,8,0.0,
nm10644868,36,1.0,6,0.0,
nm10646606,36,1.0,8,0.0,
nm10646808,36,1.0,4,0.0,
nm10648721,36,1.0,6,0.0,
nm10649121,36,1.0,4,0.0,
nm10649282,36,1.0,6,0.0,
nm10649339,36,1.0,9,0.0,
nm1065166,36,1.0,4,0.0,
nm10653021,36,1.0,9,0.0,
nm1065319,36,1.0,2,0.0,
nm10654491,36,1.0,8,0.113514,
nm10655174,36,1.0,3,0.0,
nm10655177,36,1.0,2,0.0,
nm10657090,36,1.0,8,0.0,
nm10657092,36,1.0,7,0.0,
nm10657368,36,1.0,6,0.0,
nm1065900,36,1.0,7,0.0,
nm1066117,231,0.213691,8,0.0,0.003028
nm10661517,36,1.0,8,0.0,
nm10661586,36,1.0,8,0.0,
nm10661717,36,1.0,2,0.0,
nm10661860,72,0.470588,3,0.105175,0.000191
nm10661903,36,1.0,6,0.0,
nm10661904,36,1.0,5,0.0,
nm10661913,36,1.0,7,0.0,
nm10662225,36,1.0,8,0.109185,
nm10662232,36,1.0,7,0.109185,
nm10662234,36,1.0,6,0.109185,
nm10662237,36,1.0,5,0.109185,
nm10662411,36,1.0,9,0.119545,
nm1066396,36,1.0,9,0.116451,
nm10665702,36,1.0,9,0.0,
nm10665747,36,1.0,6,0.0,
nm10665960,36,1.0,4,0.0,
nm10666024,36,1.0,8,0.0,
nm10666412,36,1.0,5,0.0,
nm10666413,36,1.0,4,0.0,
nm10666414,36,1.0,3,0.0,
nm1066795,113,0.376667,9,0.121857,7.7e-05
nm10669296,36,1.0,8,0.0,
nm1066970,36,1.0,4,0.083554,
nm1066974,109,0.310541,5,0.0,0.000553
nm10670328,36,1.0,7,0.103448,
nm1067179,36,1.0,5,0.0,
nm10672181,36,1.0,4,0.0,
nm10673191,36,1.0,6,0.095745,
nm10673994,36,1.0,7,0.0,
nm10674714,36,1.0,7,0.0,
nm1067551,36,1.0,6,0.0,
nm1067557,36,1.0,0,0.0,
nm10675588,36,1.0,5,0.0,
nm10675716,36,1.0,8,0.116451,
nm10676139,36,1.0,6,0.0,
nm10676585,36,1.0,5,0.0,
nm10676588,36,1.0,8,0.0,
nm10676621,36,1.0,4,0.0,
nm10676622,36,1.0,3,0.0,
nm10676623,36,1.0,2,0.0,
nm10676624,36,1.0,1,0.0,
nm10676625,36,1.0,0,0.0,
nm10678594,36,1.0,7,0.0,
nm10678595,36,1.0,6,0.0,
nm10678596,36,1.0,5,0.0,
nm10678597,36,1.0,4,0.0,
nm10678598,36,1.0,3,0.0,
nm10679063,36,1.0,5,0.0,
nm10680092,36,1.0,9,0.0,
nm10680093,36,1.0,8,0.0,
nm10680095,36,1.0,7,0.0,
nm10680097,36,1.0,6,0.0,
nm10680100,36,1.0,5,0.0,
nm10680102,36,1.0,4,0.0,
nm10680110,36,1.0,3,0.0,
nm10680112,36,1.0,2,0.0,
nm10680161,36,1.0,5,0.0,
nm10680162,36,1.0,4,0.0,
nm10680593,36,1.0,8,0.0,
nm10681054,36,1.0,7,0.0,
nm10681083,36,1.0,2,0.0,
nm10681084,36,1.0,1,0.0,
nm10681865,36,1.0,6,0.0,
nm10681866,36,1.0,5,0.0,
nm10683292,36,1.0,8,0.116667,
nm10683360,36,1.0,9,0.0,
nm10683361,36,1.0,8,0.0,
nm10683362,36,1.0,7,0.0,
nm10683823,36,1.0,8,0.0,
nm10684503,36,1.0,5,0.0,
nm10685473,36,1.0,1,0.0,
nm10685616,36,1.0,8,0.0,
nm10689140,36,1.0,8,0.0,
nm10689141,36,1.0,7,0.0,
nm10689142,36,1.0,6,0.0,
nm10689232,36,1.0,4,0.0,
nm10690469,36,1.0,5,0.0,
nm10690475,36,1.0,4,0.0,
nm10690675,36,1.0,9,0.0,
nm10690676,36,1.0,8,0.0,
nm10690680,36,1.0,7,0.0,
nm10690684,36,1.0,6,0.0,
nm10690685,36,1.0,5,0.0,
nm10690686,36,1.0,4,0.0,
nm10691532,36,1.0,5,0.065693,
nm10691774,36,1.0,6,0.0,
nm10691775,36,1.0,5,0.0,
nm10691836,36,1.0,8,0.12,
nm10691848,36,1.0,7,0.120229,
nm10691849,36,1.0,6,0.120229,
nm10692489,36,1.0,3,0.0,
nm10692808,36,1.0,4,0.0,
nm10693286,36,1.0,5,0.0,
nm10693363,36,1.0,3,0.0,
nm1069416,36,1.0,7,0.123288,
nm10694896,36,1.0,9,0.0,
nm10695002,36,1.0,9,0.0,
nm10695336,36,1.0,9,0.0,
nm10695654,36,1.0,8,0.0,
nm1069583,108,0.36,8,0.0,0.001172
nm1069584,36,1.0,8,0.0,
nm1069587,36,1.0,4,0.115596,
nm10695917,36,1.0,9,0.0,
nm10697498,36,1.0,8,0.0,
nm10698341,36,1.0,9,0.0,
nm10699271,36,1.0,7,0.0,
nm10699370,36,1.0,6,0.0,
nm10699588,36,1.0,8,0.0,
nm10700050,36,1.0,6,0.0,
nm10700972,36,1.0,9,0.0,
nm10701003,36,1.0,5,0.0,
nm10701005,36,1.0,4,0.0,
nm10701006,36,1.0,3,0.0,
nm10701628,36,1.0,7,0.0,
nm10701751,36,1.0,6,0.0,
nm10702143,36,1.0,3,0.0,
nm10703308,36,1.0,6,0.0,
nm10703382,36,1.0,8,0.0,
nm10704034,36,1.0,7,0.0,
nm10704645,72,0.470588,2,0.0,3.2e-05
nm1070494,36,1.0,6,0.0,
nm10705899,36,1.0,8,0.0,
nm10706678,36,1.0,5,0.0,
nm10706907,36,1.0,3,0.0,
nm10707726,36,1.0,7,0.0,
nm10707771,36,1.0,2,0.0,
nm10707772,36,1.0,1,0.0,
nm10707787,36,1.0,7,0.0,
nm10708153,36,1.0,6,0.0,
nm10708154,36,1.0,5,0.0,
nm10708155,36,1.0,4,0.0,
nm10708686,36,1.0,7,0.0,
nm10710352,36,1.0,6,0.0,
nm10710420,36,1.0,7,0.0,
nm10710511,36,1.0,8,0.0,
nm10711391,36,1.0,8,0.0,
nm10711464,36,1.0,8,0.12831,
nm1071149,36,1.0,8,0.0,
nm10712621,36,1.0,5,0.0,
nm10713116,36,1.0,8,0.0,
nm10713832,36,1.0,9,0.101942,
nm10714047,36,1.0,7,0.0,
nm10714639,36,1.0,6,0.0,
nm1071554,36,1.0,6,0.0,
nm10715871,36,1.0,8,0.0,
nm10717482,36,1.0,9,0.0,
nm10717755,36,1.0,8,0.0,
nm10720572,36,1.0,9,0.116667,
nm10720574,36,1.0,4,0.0,
nm1072136,36,1.0,7,0.0,
nm10722071,36,1.0,3,0.0,
nm10722073,36,1.0,2,0.0,
nm10722074,36,1.0,1,0.0,
nm10723828,36,1.0,8,0.0,
nm10723888,36,1.0,9,0.0,
nm10723889,36,1.0,8,0.0,
nm10725033,36,1.0,9,0.0,
nm10725100,36,1.0,4,0.0,
nm1072736,36,1.0,6,0.0,
nm10727705,36,1.0,8,0.0,
nm10729192,36,1.0,8,0.0,
nm10730437,36,1.0,8,0.0,
nm10730438,36,1.0,7,0.0,
nm10730775,36,1.0,6,0.0,
nm10731644,36,1.0,2,0.0,
nm10731703,36,1.0,6,0.0,
nm10732080,36,1.0,8,0.0,
nm10732083,36,1.0,7,0.0,
nm10732415,36,1.0,6,0.0,
nm10732661,36,1.0,7,0.0,
nm10732662,36,1.0,6,0.0,
nm10732664,36,1.0,5,0.0,
nm10732679,72,0.470588,9,0.0,0.0
nm1073348,36,1.0,6,0.0,
nm10733786,36,1.0,6,0.0,
nm10734161,36,1.0,8,0.103279,
nm10734588,36,1.0,7,0.0,
nm10735551,36,1.0,7,0.0,
nm1073777,36,1.0,6,0.0,
nm10737964,36,1.0,7,0.0,
nm10739172,36,1.0,3,0.0,
nm10739173,36,1.0,2,0.0,
nm1073927,36,1.0,7,0.0,
nm1073929,36,1.0,7,0.0,
nm10740630,36,1.0,2,0.0,
nm10743068,36,1.0,8,0.0,
nm10743069,36,1.0,7,0.0,
nm10743071,36,1.0,6,0.0,
nm10743072,36,1.0,5,0.0,
nm10743273,36,1.0,7,0.0,
nm10743332,36,1.0,8,0.0,
nm10743340,36,1.0,8,0.103789,
nm10743345,36,1.0,9,0.104478,
nm10744376,36,1.0,8,0.0,
nm10747722,36,1.0,8,0.0,
nm10747995,36,1.0,6,0.0,
nm10749426,36,1.0,7,0.116451,
nm10750066,36,1.0,3,0.0,
nm10751251,36,1.0,9,0.0,
nm10751495,36,1.0,7,0.0,
nm10751496,36,1.0,6,0.0,
nm10751497,36,1.0,5,0.0,
nm10751499,36,1.0,4,0.0,
nm10751619,36,1.0,8,0.0,
nm10753254,36,1.0,4,0.0,
nm10753255,36,1.0,3,0.0,
nm10753993,36,1.0,7,0.0,
nm10755538,36,1.0,2,0.0,
nm1075809,36,1.0,4,0.0,
nm10760750,36,1.0,6,0.0,
nm10760751,36,1.0,5,0.0,
nm10760755,36,1.0,4,0.0,
nm10760757,36,1.0,3,0.0,
nm10760760,36,1.0,2,0.0,
nm10760764,36,1.0,1,0.0,
nm10762413,36,1.0,6,0.089616,
nm10763736,36,1.0,3,0.0,
nm10763737,36,1.0,2,0.0,
nm10764434,36,1.0,7,0.0,
nm10764688,36,1.0,8,0.094737,
nm1076604,36,1.0,6,0.0,
nm10766134,36,1.0,1,0.0,
nm10767666,36,1.0,8,0.099213,
nm10767800,36,1.0,9,0.0,
nm10767801,36,1.0,8,0.0,
nm10767802,36,1.0,7,0.0,
nm10768265,36,1.0,8,0.0,
nm10769224,36,1.0,7,0.0,
nm1077299,36,1.0,0,0.0,
nm10773505,36,1.0,7,0.0,
nm10773506,36,1.0,6,0.0,
nm10773507,36,1.0,5,0.0,
nm10774160,36,1.0,9,0.0,
nm10775855,36,1.0,8,0.0,
nm10777053,36,1.0,7,0.0,
nm10782391,36,1.0,6,0.0,
nm1078422,36,1.0,4,0.0,
nm10784527,36,1.0,8,0.0,
nm10786119,36,1.0,6,0.0,
nm10786120,36,1.0,5,0.0,
nm10786123,36,1.0,4,0.0,
nm10786231,36,1.0,5,0.0,
nm1078628,36,1.0,7,0.0,
nm10786798,36,1.0,3,0.0,
nm1078686,72,0.470588,7,0.0,0.0
nm10787930,36,1.0,9,0.086777,
nm10788333,36,1.0,6,0.0,
nm10791962,36,1.0,2,0.0,
nm10793054,36,1.0,5,0.0,
nm10793889,36,1.0,6,0.0,
nm10794176,36,1.0,6,0.127273,
nm10797159,36,1.0,8,0.115385,
nm10797828,36,1.0,8,0.0,
nm10797829,36,1.0,7,0.0,
nm10797830,36,1.0,6,0.0,
nm10798105,36,1.0,2,0.0,
nm1079857,36,1.0,6,0.0,
nm10800751,36,1.0,7,0.0,
nm10802349,36,1.0,8,0.11014,
nm10802681,36,1.0,2,0.0,
nm10803020,69,0.657143,9,0.0,
nm10803022,36,1.0,9,0.0,
nm10803023,36,1.0,8,0.0,
nm10804501,36,1.0,9,0.0,
nm10804520,36,1.0,8,0.0,
nm10804521,36,1.0,7,0.0,
nm10804522,36,1.0,7,0.0,
nm10804527,36,1.0,6,0.0,
nm10805771,36,1.0,8,0.104478,
nm10805783,36,1.0,7,0.104478,
nm10805784,36,1.0,6,0.104478,
nm10805786,36,1.0,5,0.104478,
nm10805796,36,1.0,4,0.104478,
nm10805800,36,1.0,3,0.104478,
nm10805801,36,1.0,2,0.104478,
nm1080620,36,1.0,7,0.0,
nm10806329,36,1.0,3,0.0,
nm1080646,72,0.470588,6,0.097826,0.000249
nm10807120,36,1.0,6,0.0,
nm1080768,36,1.0,5,0.059211,
nm10809092,36,1.0,7,0.0,
nm1080916,36,1.0,5,0.0,
nm10809242,36,1.0,1,0.0,
nm10809623,36,1.0,9,0.0,
nm1081069,145,0.230159,9,0.0,2e-06
nm10811372,36,1.0,8,0.0,
nm10812446,36,1.0,6,0.0,
nm10813419,36,1.0,8,0.101942,
nm10813425,36,1.0,7,0.101942,
nm10813427,36,1.0,6,0.101942,
nm10813428,36,1.0,5,0.101942,
nm10813432,36,1.0,4,0.101942,
nm10813433,36,1.0,3,0.101942,
nm10813435,36,1.0,2,0.101942,
nm10813453,36,1.0,9,0.114754,
nm10814009,36,1.0,7,0.0,
nm10814833,36,1.0,9,0.0,
nm1081573,108,0.307692,3,0.0,0.0
nm10816379,36,1.0,5,0.082245,
nm10817994,36,1.0,7,0.0,
nm10818341,36,1.0,5,0.0,
nm10820590,36,1.0,5,0.0,
nm10822997,36,1.0,6,0.0,
nm10823679,36,1.0,8,0.0,
nm1082477,36,1.0,6,0.0,
nm1082665,72,0.470588,7,0.075269,0.0
nm10827603,36,1.0,9,0.0,
nm10827604,36,1.0,8,0.0,
nm10827605,36,1.0,7,0.0,
nm10827606,36,1.0,6,0.0,
nm10827607,36,1.0,5,0.0,
nm10827609,36,1.0,4,0.0,
nm10827610,36,1.0,3,0.0,
nm10827611,36,1.0,2,0.0,
nm10828061,36,1.0,5,0.0,
nm10828119,36,1.0,9,0.0,
nm10828710,36,1.0,9,0.0,
nm1082873,36,1.0,6,0.0,
nm10829870,36,1.0,8,0.0,
nm10830025,36,1.0,4,0.0,
nm10830026,36,1.0,3,0.0,
nm10830027,36,1.0,2,0.0,
nm10830028,36,1.0,1,0.0,
nm10830029,36,1.0,0,0.0,
nm10830413,36,1.0,8,0.0,
nm10830414,36,1.0,7,0.0,
nm10830415,36,1.0,6,0.0,
nm10830416,36,1.0,5,0.0,
nm10830417,36,1.0,4,0.0,
nm1083093,36,1.0,2,0.0,
nm10831229,36,1.0,8,0.086777,
nm1083311,36,1.0,9,0.0,
nm10833134,36,1.0,8,0.0,
nm10833135,36,1.0,7,0.0,
nm10833136,36,1.0,6,0.0,
nm10833919,36,1.0,7,0.0,
nm10834690,36,1.0,6,0.0,
nm10835380,36,1.0,9,0.0,
nm10835833,36,1.0,9,0.0,
nm10837038,36,1.0,5,0.127789,
nm10837702,36,1.0,6,0.0,
nm10838113,36,1.0,6,0.0,
nm10840211,36,1.0,5,0.0,
nm1084204,36,1.0,9,0.0,
nm10842578,36,1.0,6,0.0,
nm10842579,36,1.0,5,0.0,
nm10842581,36,1.0,4,0.0,
nm10842582,36,1.0,3,0.0,
nm10842583,36,1.0,2,0.0,
nm10842599,36,1.0,7,0.119772,
nm10842732,36,1.0,4,0.0,
nm10843233,36,1.0,8,0.0,
nm10843240,36,1.0,4,0.0,
nm10847832,36,1.0,6,0.0,
nm1084853,73,0.477124,8,0.131524,0.000744
nm10848643,36,1.0,6,0.0,
nm1084879,36,1.0,2,0.0,
nm10849968,36,1.0,8,0.0,
nm10849969,36,1.0,7,0.0,
nm10849970,36,1.0,6,0.0,
nm10849972,36,1.0,5,0.0,
nm10850375,36,1.0,7,0.0,
nm10850501,36,1.0,5,0.0,
nm10851760,36,1.0,3,0.0,
nm1085355,36,1.0,1,0.0,
nm10854486,36,1.0,5,0.0,
nm10856443,36,1.0,5,0.0,
nm10857288,36,1.0,7,0.0,
nm10857343,36,1.0,8,0.0,
nm1085816,36,1.0,6,0.0,
nm10858690,36,1.0,4,0.0,
nm10858691,36,1.0,3,0.0,
nm10858692,36,1.0,2,0.0,
nm10858693,36,1.0,1,0.0,
nm10858694,36,1.0,0,0.0,
nm1085921,72,0.529412,8,0.064417,
nm10859916,36,1.0,6,0.0,
nm10860156,36,1.0,6,0.0,
nm10862811,36,1.0,7,0.0,
nm1086319,36,1.0,7,0.0,
nm10864377,36,1.0,7,0.0,
nm10864378,36,1.0,6,0.0,
nm10864580,36,1.0,9,0.09633,
nm10864581,36,1.0,8,0.09633,
nm10864667,36,1.0,9,0.0,
nm10864668,36,1.0,8,0.0,
nm10864669,36,1.0,7,0.0,
nm10864671,36,1.0,6,0.0,
nm10866044,36,1.0,7,0.0,
nm10866045,36,1.0,6,0.0,
nm10866046,36,1.0,5,0.0,
nm10866047,36,1.0,4,0.0,
nm10866299,36,1.0,9,0.0,
nm10866343,36,1.0,8,0.0,
nm10866354,36,1.0,7,0.0,
nm10866355,36,1.0,6,0.0,
nm10866357,36,1.0,5,0.0,
nm10866360,36,1.0,4,0.0,
nm10866378,36,1.0,3,0.0,
nm10866383,36,1.0,2,0.0,
nm10866516,36,1.0,8,0.0,
nm10866517,36,1.0,7,0.0,
nm10866896,36,1.0,6,0.0,
nm10866897,36,1.0,5,0.0,
nm1086788,36,1.0,9,0.0,
nm10868748,36,1.0,7,0.0,
nm10869349,36,1.0,6,0.0,
nm10871664,36,1.0,3,0.093611,
nm10873385,36,1.0,5,0.0,
nm10873608,36,1.0,6,0.0,
nm1087555,36,1.0,3,0.0,
nm10877055,36,1.0,8,0.0,
nm10877187,36,1.0,6,0.0,
nm10877188,36,1.0,5,0.0,
nm10877189,36,1.0,4,0.0,
nm10877610,36,1.0,8,0.0,
nm10877611,36,1.0,7,0.0,
nm10877612,36,1.0,6,0.0,
nm10879336,36,1.0,7,0.0,
nm10880008,36,1.0,8,0.0,
nm10880668,36,1.0,6,0.0,
nm10880962,36,1.0,7,0.080873,
nm10883056,36,1.0,8,0.0,
nm10883493,36,1.0,7,0.0,
nm10883495,36,1.0,6,0.0,
nm10883876,36,1.0,9,0.0,
nm10883877,36,1.0,8,0.0,
nm10886395,36,1.0,3,0.0,
nm10888785,36,1.0,9,0.0,
nm10890555,36,1.0,9,0.116883,
nm10890568,36,1.0,8,0.116883,
nm10890808,36,1.0,9,0.124506,
nm10890815,36,1.0,8,0.124506,
nm10890816,36,1.0,7,0.124506,
nm1089136,36,1.0,7,0.0,
nm10892931,36,1.0,5,0.0,
nm10893292,36,1.0,9,0.0,
nm10893920,36,1.0,7,0.0,
nm10894110,36,1.0,9,0.0,
nm10894111,36,1.0,8,0.0,
nm10894112,36,1.0,7,0.0,
nm10894712,36,1.0,3,0.0,
nm1089541,36,1.0,7,0.0,
nm10898346,36,1.0,6,0.0,
nm1089900,36,1.0,5,0.0,
nm10900172,36,1.0,8,0.0,
nm10900759,36,1.0,3,0.0,
nm10903837,36,1.0,8,0.0,
nm10904274,36,1.0,4,0.0,
nm1090569,36,1.0,8,0.0,
nm10906897,36,1.0,6,0.0,
nm1090704,36,1.0,5,0.0,
nm1091033,36,1.0,9,0.0,
nm1091244,36,1.0,5,0.0,
nm1091259,36,1.0,8,0.0,
nm10912895,36,1.0,9,0.0,
nm1091420,36,1.0,3,0.0,
nm1091861,36,1.0,5,0.0,
nm10918640,36,1.0,7,0.116667,
nm10919509,36,1.0,5,0.0,
nm10919510,36,1.0,4,0.0,
nm10919511,36,1.0,3,0.0,
nm10919512,36,1.0,2,0.0,
nm10919573,36,1.0,1,0.0,
nm10919639,36,1.0,2,0.0,
nm10919941,36,1.0,9,0.0,
nm1092208,36,1.0,5,0.0,
nm1092369,222,0.214493,8,0.0,0.001926
nm1092370,116,0.330484,4,0.0,1.1e-05
nm10924248,36,1.0,5,0.0,
nm10930002,36,1.0,8,0.098592,
nm10930248,36,1.0,7,0.0,
nm10930959,36,1.0,7,0.0,
nm10930960,36,1.0,6,0.0,
nm10931457,36,1.0,7,0.0,
nm10933148,36,1.0,7,0.0,
nm10933149,36,1.0,6,0.0,
nm10933150,36,1.0,5,0.0,
nm10933151,36,1.0,4,0.0,
nm10934694,36,1.0,5,0.0,
nm10935352,36,1.0,6,0.0,
nm10935353,36,1.0,5,0.0,
nm10936057,36,1.0,8,0.0,
nm10936200,36,1.0,9,0.0,
nm10936718,36,1.0,8,0.110526,
nm10939014,36,1.0,9,0.0,
nm10939017,36,1.0,8,0.0,
nm10939474,36,1.0,3,0.0,
nm10940023,36,1.0,6,0.0,
nm10940767,36,1.0,6,0.0,
nm10942842,36,1.0,8,0.0,
nm10944730,36,1.0,9,0.0,
nm10944739,36,1.0,8,0.0,
nm10944836,36,1.0,7,0.0,
nm10944847,36,1.0,6,0.0,
nm10948031,36,1.0,8,0.0,
nm10948032,36,1.0,7,0.0,
nm10948720,36,1.0,7,0.0,
nm10949578,36,1.0,8,0.0,
nm10950371,36,1.0,6,0.0,
nm10952407,36,1.0,3,0.0,
nm10952565,36,1.0,6,0.104132,
nm10954222,36,1.0,9,0.0,
nm10954223,36,1.0,8,0.0,
nm10954784,36,1.0,8,0.116022,
nm10958545,36,1.0,9,0.075179,
nm10959118,36,1.0,6,0.0,
nm10959119,36,1.0,5,0.0,
nm10959264,36,1.0,5,0.0,
nm1095993,36,1.0,6,0.0,
nm10961889,36,1.0,7,0.0,
nm10962298,36,1.0,2,0.0,
nm10963282,36,1.0,3,0.0,
nm10963295,36,1.0,2,0.0,
nm1096341,72,0.470588,2,0.0,0.0
nm10963782,36,1.0,7,0.09417,
nm1096466,72,0.529412,9,0.0,
nm10967911,36,1.0,4,0.0,
nm10973629,36,1.0,9,0.0,
nm10974189,36,1.0,5,0.0,
nm10975210,36,1.0,4,0.0,
nm10975211,36,1.0,3,0.0,
nm10975965,36,1.0,5,0.0,
nm10976095,36,1.0,4,0.0,
nm10977336,36,1.0,8,0.114964,
nm10977338,36,1.0,7,0.114964,
nm1097739,108,0.307692,6,0.0,0.000891
nm10978660,36,1.0,6,0.0,
nm10978726,36,1.0,1,0.0,
nm1097940,72,0.529412,7,0.0,
nm1098018,36,1.0,6,0.09403,
nm1098416,72,0.470588,9,0.0,0.0
nm10985728,36,1.0,7,0.0,
nm10985729,36,1.0,6,0.0,
nm10987205,36,1.0,7,0.112701,
nm10987206,36,1.0,6,0.112701,
nm10988586,36,1.0,7,0.0,
nm10989597,36,1.0,9,0.0,
nm1098982,36,1.0,9,0.102941,
nm1099188,36,1.0,5,0.0,
nm10991896,36,1.0,8,0.0,
nm1099195,36,1.0,9,0.0,
nm10993031,36,1.0,9,0.107692,
nm10994971,36,1.0,9,0.126761,
nm1099556,36,1.0,9,0.114754,
nm1099597,73,0.536765,3,0.127016,
nm10996306,36,1.0,5,0.0,
nm10998632,36,1.0,8,0.0,
nm10999637,36,1.0,9,0.0,
nm10999638,36,1.0,8,0.0,
nm10999639,36,1.0,7,0.0,
nm10999640,36,1.0,6,0.0,
nm10999641,36,1.0,5,0.0,
nm10999642,36,1.0,4,0.0,
nm10999643,36,1.0,3,0.0,
nm10999806,36,1.0,6,0.0,
nm11001251,36,1.0,4,0.0,
nm11001745,36,1.0,5,0.0,
nm11002694,36,1.0,3,0.0,
nm1100337,36,1.0,7,0.0,
nm11004104,36,1.0,7,0.11014,
nm11004106,36,1.0,1,0.0,
nm11004620,36,1.0,4,0.109756,
nm11004909,36,1.0,5,0.060229,
nm11006176,36,1.0,7,0.119318,
nm11006398,36,1.0,8,0.0,
nm11008562,36,1.0,7,0.066386,
nm11008791,36,1.0,5,0.0,
nm1101158,36,1.0,9,0.0,
nm11012523,36,1.0,7,0.0875,
nm11012524,36,1.0,6,0.0875,
nm11013222,36,1.0,5,0.0,
nm11014265,36,1.0,8,0.0,
nm1101442,36,1.0,3,0.0,
nm1101677,102,0.403162,4,0.0,4.3e-05
nm11018594,36,1.0,8,0.0,
nm1101898,36,1.0,3,0.0,
nm1101910,36,1.0,7,0.098746,
nm1102002,36,1.0,7,0.0,
nm1102019,36,1.0,6,0.0,
nm1102191,36,1.0,4,0.0,
nm11023872,36,1.0,6,0.0,
nm11023884,36,1.0,6,0.105882,
nm1102577,36,1.0,3,0.0,
nm11025966,36,1.0,9,0.0,
nm11025967,36,1.0,8,0.0,
nm11025972,36,1.0,7,0.0,
nm11025973,36,1.0,6,0.0,
nm11025976,36,1.0,5,0.0,
nm11028215,36,1.0,6,0.0,
nm11028339,36,1.0,7,0.0,
nm11029299,36,1.0,5,0.0,
nm11029300,36,1.0,4,0.0,
nm11034583,36,1.0,7,0.0,
nm11034834,36,1.0,9,0.0,
nm11034913,36,1.0,8,0.0,
nm11034914,36,1.0,7,0.0,
nm11034925,36,1.0,6,0.0,
nm11034927,36,1.0,5,0.0,
nm11034928,36,1.0,4,0.0,
nm11035036,36,1.0,3,0.0,
nm11035039,36,1.0,2,0.0,
nm11041861,36,1.0,7,0.0,
nm11041862,36,1.0,6,0.0,
nm11041863,36,1.0,5,0.0,
nm11041864,36,1.0,4,0.0,
nm11042869,36,1.0,5,0.0,
nm11043146,36,1.0,7,0.0,
nm11044409,36,1.0,9,0.100639,
nm11044410,36,1.0,8,0.100639,
nm11044411,36,1.0,7,0.100639,
nm11044461,36,1.0,8,0.0,
nm11046462,36,1.0,7,0.0,
nm1104698,36,1.0,8,0.097674,
nm11048453,36,1.0,6,0.0,
nm11049968,36,1.0,2,0.0,
nm11050411,36,1.0,9,0.0,
nm11051267,36,1.0,1,0.0,
nm11051909,36,1.0,4,0.0,
nm11052767,36,1.0,8,0.0,
nm11052849,36,1.0,7,0.0,
nm11052863,36,1.0,6,0.0,
nm1105418,36,1.0,2,0.0,
nm11054947,36,1.0,6,0.0,
nm11054969,36,1.0,6,0.0,
nm11055607,36,1.0,6,0.0,
nm11055608,36,1.0,5,0.0,
nm11056797,36,1.0,9,0.0,
nm1105710,36,1.0,5,0.0,
nm1106048,36,1.0,9,0.0,
nm1106067,36,1.0,8,0.114964,
nm11062165,36,1.0,6,0.070156,
nm11062386,36,1.0,9,0.0,
nm11062619,36,1.0,8,0.0,
nm11062620,36,1.0,7,0.0,
nm11062621,36,1.0,6,0.0,
nm11062622,36,1.0,5,0.0,
nm1106407,36,1.0,8,0.0,
nm11065452,36,1.0,6,0.07,
nm11066392,36,1.0,6,0.116667,
nm11066861,36,1.0,8,0.0,
nm11068064,36,1.0,4,0.060229,
nm11068066,36,1.0,3,0.060229,
nm11068067,36,1.0,2,0.060229,
nm11068068,36,1.0,1,0.060229,
nm11069554,36,1.0,9,0.115596,
nm11069563,36,1.0,8,0.115596,
nm11069574,36,1.0,7,0.115596,
nm1107053,36,1.0,6,0.0,
nm1107060,36,1.0,3,0.0,
nm11075323,36,1.0,7,0.0,
nm11075415,36,1.0,6,0.0,
nm11075590,36,1.0,9,0.0,
nm11075886,36,1.0,9,0.0,
nm11075887,36,1.0,8,0.0,
nm11078918,36,1.0,8,0.0,
nm11084156,36,1.0,6,0.0,
nm11084338,36,1.0,7,0.0,
nm11084339,36,1.0,6,0.0,
nm11084342,36,1.0,5,0.0,
nm11084372,36,1.0,4,0.0,
nm11084812,36,1.0,9,0.0,
nm11084813,36,1.0,8,0.0,
nm11084814,36,1.0,7,0.0,
nm11084815,36,1.0,6,0.0,
nm11085704,36,1.0,8,0.0,
nm11085948,36,1.0,5,0.0,
nm11086048,36,1.0,6,0.0,
nm11086776,36,1.0,5,0.0,
nm1108739,36,1.0,6,0.0,
nm11087465,36,1.0,8,0.088483,
nm11087821,36,1.0,4,0.0,
nm11087841,36,1.0,5,0.0,
nm11088617,36,1.0,4,0.0,
nm11089187,36,1.0,9,0.0,
nm11089391,36,1.0,7,0.0,
nm11089405,36,1.0,6,0.0,
nm1109153,36,1.0,7,0.0,
nm1109334,36,1.0,8,0.0,
nm11095634,36,1.0,7,0.0,
nm1109689,36,1.0,5,0.0,
nm11097120,36,1.0,6,0.0,
nm11097121,36,1.0,5,0.0,
nm11097122,36,1.0,4,0.0,
nm11097123,36,1.0,3,0.0,
nm11098518,36,1.0,7,0.0,
nm1109880,36,1.0,0,0.060229,
nm11099230,36,1.0,8,0.0,
nm1110009,36,1.0,8,0.0,
nm11101448,36,1.0,4,0.0,
nm1110186,36,1.0,5,0.0,
nm11102031,36,1.0,8,0.0,
nm11102317,36,1.0,5,0.116667,
nm11102591,36,1.0,9,0.0,
nm1111054,36,1.0,7,0.0,
nm1111149,36,1.0,2,0.0,
nm11112408,36,1.0,7,0.0,
nm11112416,36,1.0,6,0.0,
nm11112419,36,1.0,5,0.0,
nm11112420,36,1.0,4,0.0,
nm11114849,36,1.0,6,0.115596,
nm11115127,36,1.0,3,0.0,
nm11115403,36,1.0,7,0.0,
nm1111807,36,1.0,5,0.0,
nm1111953,36,1.0,7,0.0,
nm1111966,36,1.0,5,0.0,
nm11121192,36,1.0,6,0.0,
nm11127058,36,1.0,8,0.0,
nm11127862,36,1.0,6,0.0,
nm11128751,36,1.0,7,0.0,
nm11128766,36,1.0,6,0.0,
nm11129103,36,1.0,2,0.107325,
nm11130413,36,1.0,8,0.0,
nm11130414,36,1.0,7,0.0,
nm11130526,36,1.0,8,0.129363,
nm11130699,36,1.0,7,0.0,
nm11130700,36,1.0,6,0.0,
nm11130701,36,1.0,5,0.0,
nm11132149,36,1.0,9,0.0,
nm11132165,36,1.0,8,0.0,
nm11132169,36,1.0,7,0.0,
nm11132173,36,1.0,6,0.0,
nm11132176,36,1.0,5,0.0,
nm11133418,36,1.0,4,0.0,
nm11133419,36,1.0,3,0.0,
nm1113550,36,1.0,7,0.0,
nm11136098,36,1.0,9,0.0,
nm11136099,36,1.0,8,0.0,
nm11136100,36,1.0,7,0.0,
nm11136101,36,1.0,6,0.0,
nm11136102,36,1.0,5,0.0,
nm11136111,36,1.0,4,0.0,
nm1113658,36,1.0,7,0.0,
nm1113696,36,1.0,8,0.0,
nm1113851,36,1.0,6,0.0,
nm1113889,36,1.0,7,0.0,
nm11139916,72,0.470588,9,0.0,0.0
nm11140645,36,1.0,2,0.0,
nm11140652,36,1.0,8,0.0,
nm11142240,36,1.0,3,0.0,
nm11142241,36,1.0,2,0.0,
nm11142300,36,1.0,9,0.0,
nm11142329,36,1.0,8,0.0,
nm11142338,36,1.0,7,0.0,
nm11142343,36,1.0,6,0.0,
nm11142355,36,1.0,5,0.0,
nm11142357,36,1.0,4,0.0,
nm11142367,36,1.0,3,0.0,
nm11142369,36,1.0,2,0.0,
nm11144318,36,1.0,7,0.0,
nm11145228,36,1.0,7,0.0,
nm11145229,36,1.0,6,0.0,
nm11150419,36,1.0,6,0.0,
nm11151946,36,1.0,3,0.0,
nm11152652,36,1.0,8,0.0,
nm11153588,36,1.0,4,0.0,
nm1115631,36,1.0,5,0.0,
nm11157952,36,1.0,6,0.0,
nm11158117,36,1.0,6,0.055166,
nm11159627,36,1.0,6,0.0,
nm1116142,36,1.0,6,0.0,
nm1116205,36,1.0,5,0.0,
nm11163514,36,1.0,6,0.0,
nm11163696,36,1.0,9,0.0,
nm11163697,36,1.0,8,0.0,
nm11163698,36,1.0,7,0.0,
nm11163699,36,1.0,6,0.0,
nm11163700,36,1.0,5,0.0,
nm11163701,36,1.0,4,0.0,
nm11163702,36,1.0,3,0.0,
nm11164364,36,1.0,6,0.060345,
nm11166409,36,1.0,7,0.103789,
nm11166411,36,1.0,6,0.103789,
nm11166413,36,1.0,5,0.103789,
nm11166415,36,1.0,4,0.103789,
nm11166416,36,1.0,3,0.103789,
nm11166418,36,1.0,2,0.103789,
nm11167646,36,1.0,8,0.0,
nm11168468,36,1.0,7,0.0,
nm11168484,36,1.0,6,0.0,
nm11168485,36,1.0,5,0.0,
nm1116863,36,1.0,8,0.0,
nm11169935,36,1.0,8,0.0,
nm11169939,36,1.0,7,0.0,
nm11175487,36,1.0,8,0.0,
nm11175496,36,1.0,6,0.0,
nm11176253,36,1.0,9,0.0,
nm1117631,36,1.0,9,0.0,
nm1117679,36,1.0,3,0.0,
nm11178322,36,1.0,7,0.0,
nm1118049,36,1.0,4,0.0,
nm11181726,36,1.0,6,0.0,
nm11185120,36,1.0,9,0.0,
nm1118612,36,1.0,7,0.0,
nm11186896,36,1.0,5,0.0,
nm1118716,36,1.0,1,0.0,
nm11187778,36,1.0,4,0.0,
nm1118909,36,1.0,3,0.0,
nm11189684,36,1.0,5,0.0,
nm11191619,36,1.0,6,0.0,
nm11192089,36,1.0,4,0.127789,
nm1119544,36,1.0,8,0.114754,
nm11196402,36,1.0,6,0.108434,
nm11196756,36,1.0,9,0.0,
nm11198314,36,1.0,5,0.0,
nm11198487,36,1.0,9,0.0,
nm11198899,36,1.0,4,0.0,
nm11201693,36,1.0,9,0.0,
nm11202377,36,1.0,8,0.0,
nm11205658,36,1.0,6,0.0,
nm11205874,36,1.0,9,0.0,
nm11205875,36,1.0,8,0.0,
nm11205876,36,1.0,7,0.0,
nm11205877,36,1.0,6,0.0,
nm11205878,36,1.0,5,0.0,
nm11205879,36,1.0,4,0.0,
nm11205880,36,1.0,3,0.0,
nm11205881,36,1.0,2,0.0,
nm11205882,36,1.0,1,0.0,
nm1120593,36,1.0,5,0.0,
nm11208304,36,1.0,9,0.12069,
nm11210709,36,1.0,7,0.0,
nm11212832,36,1.0,4,0.0,
nm11212833,36,1.0,3,0.0,
nm11214448,36,1.0,3,0.0,
nm11215130,36,1.0,7,0.117978,
nm1121853,36,1.0,5,0.0,
nm1121917,36,1.0,5,0.0,
nm11220737,36,1.0,8,0.109185,
nm11221104,36,1.0,5,0.109185,
nm11221117,36,1.0,4,0.109185,
nm11221119,36,1.0,3,0.109185,
nm11221130,36,1.0,2,0.109185,
nm11221569,36,1.0,6,0.0,
nm11224501,36,1.0,9,0.0,
nm11224879,36,1.0,8,0.0,
nm11225783,36,1.0,9,0.0,
nm11227019,36,1.0,5,0.0,
nm11227205,36,1.0,8,0.0,
nm1122912,36,1.0,6,0.122807,
nm11232735,36,1.0,7,0.0,
nm11232862,36,1.0,8,0.0,
nm11236496,36,1.0,8,0.0,
nm11236515,36,1.0,7,0.0,
nm11236518,36,1.0,6,0.0,
nm11236541,36,1.0,5,0.0,
nm11236545,36,1.0,4,0.0,
nm11236715,36,1.0,6,0.0,
nm1123840,36,1.0,8,0.0,
nm1123859,36,1.0,7,0.0,
nm11240798,36,1.0,9,0.0,
nm11240803,36,1.0,4,0.0,
nm1124234,36,1.0,6,0.0,
nm1124316,36,1.0,5,0.0,
nm11243529,36,1.0,7,0.0,
nm11244285,36,1.0,9,0.110915,
nm11248535,36,1.0,8,0.0,
nm11248904,36,1.0,6,0.0,
nm11249139,36,1.0,5,0.0,
nm1125178,36,1.0,6,0.0,
nm1125189,73,0.477124,5,0.0,3e-06
nm11252276,36,1.0,9,0.0,
nm11252292,36,1.0,8,0.0,
nm1125531,36,1.0,7,0.0,
nm1125711,108,0.307692,8,0.0,0.0
nm11257765,36,1.0,7,0.116022,
nm11259081,36,1.0,9,0.0,
nm11259082,36,1.0,8,0.0,
nm1125938,36,1.0,5,0.0,
nm1125989,73,0.477124,4,0.0,2e-06
nm1126143,36,1.0,4,0.0,
nm1126156,36,1.0,6,0.0,
nm1126254,36,1.0,6,0.1171,
nm11262676,36,1.0,8,0.0,
nm1126338,36,1.0,7,0.0,
nm11263781,36,1.0,5,0.0,
nm11263782,36,1.0,4,0.0,
nm1126474,36,1.0,3,0.0,
nm1126723,36,1.0,7,0.0,
nm11267784,36,1.0,6,0.0,
nm1127071,36,1.0,7,0.098592,
nm1127373,36,1.0,7,0.0,
nm1127446,36,1.0,2,0.0,
nm1127476,36,1.0,8,0.0,
nm11274852,36,1.0,7,0.0,
nm11275579,36,1.0,6,0.0,
nm11275580,36,1.0,5,0.0,
nm1127662,36,1.0,4,0.0,
nm11278367,36,1.0,6,0.0,
nm1127862,36,1.0,4,0.0,
nm1127863,36,1.0,5,0.0,
nm1127958,122,0.375385,5,0.0,4e-06
nm11280348,36,1.0,7,0.0,
nm11280432,36,1.0,9,0.103448,
nm11282330,36,1.0,6,0.0,
nm11283054,36,1.0,8,0.0,
nm11283066,36,1.0,7,0.0,
nm11283067,36,1.0,6,0.0,
nm11283069,36,1.0,5,0.0,
nm11283070,36,1.0,4,0.0,
nm11283071,36,1.0,3,0.0,
nm11283627,36,1.0,6,0.0,
nm1128418,36,1.0,7,0.0,
nm1128461,36,1.0,4,0.0,
nm1128719,36,1.0,3,0.0,
nm11291873,36,1.0,6,0.0,
nm11292811,36,1.0,7,0.065353,
nm1129283,36,1.0,3,0.0,
nm11292934,36,1.0,9,0.0,
nm11293515,36,1.0,7,0.0,
nm11298966,36,1.0,7,0.0,
nm1129966,36,1.0,5,0.1171,
nm11302661,36,1.0,8,0.0,
nm11302979,36,1.0,5,0.0,
nm11302980,36,1.0,4,0.0,
nm1130456,36,1.0,6,0.0,
nm11304634,36,1.0,6,0.0,
nm11304636,36,1.0,5,0.0,
nm1130500,36,1.0,6,0.0,
nm1130562,36,1.0,6,0.09157,
nm1130592,36,1.0,5,0.0,
nm1130627,36,1.0,5,0.0,
nm11306374,36,1.0,8,0.0,
nm11306378,36,1.0,7,0.0,
nm11306381,36,1.0,6,0.0,
nm11306385,36,1.0,5,0.0,
nm11306495,36,1.0,7,0.0,
nm11306918,72,0.470588,9,0.116883,0.000441
nm11309531,36,1.0,7,0.0,
nm11309545,36,1.0,6,0.0,
nm1131152,36,1.0,4,0.0,
nm11312572,36,1.0,5,0.09403,
nm11312574,36,1.0,4,0.09403,
nm11314153,72,0.470588,7,0.0,0.0
nm11314289,36,1.0,7,0.0,
nm11314353,36,1.0,8,0.0,
nm11314354,36,1.0,7,0.0,
nm11314355,36,1.0,6,0.0,
nm11314356,36,1.0,5,0.0,
nm11317217,36,1.0,8,0.0,
nm11317218,36,1.0,7,0.0,
nm11317219,36,1.0,6,0.0,
nm11317868,36,1.0,7,0.121387,
nm1131934,36,1.0,7,0.088235,
nm11320331,36,1.0,5,0.0,
nm1132045,36,1.0,6,0.088235,
nm11320591,36,1.0,9,0.0,
nm11322753,36,1.0,6,0.0,
nm11322754,36,1.0,5,0.0,
nm11322757,36,1.0,4,0.0,
nm11322760,36,1.0,3,0.0,
nm1132505,36,1.0,8,0.0,
nm11328108,36,1.0,6,0.0,
nm1132913,36,1.0,7,0.0,
nm11329581,36,1.0,8,0.0,
nm11329582,36,1.0,7,0.0,
nm11329583,36,1.0,6,0.0,
nm1133042,36,1.0,3,0.0,
nm11330621,36,1.0,4,0.0,
nm11331376,36,1.0,7,0.0,
nm1133214,36,1.0,6,0.100478,
nm11332679,36,1.0,6,0.0,
nm1133558,36,1.0,7,0.0,
nm1133652,36,1.0,7,0.0,
nm11338684,36,1.0,8,0.116667,
nm11342885,36,1.0,8,0.0,
nm11342886,36,1.0,7,0.0,
nm1134612,36,1.0,6,0.0,
nm11347904,36,1.0,9,0.117978,
nm11348298,36,1.0,8,0.0,
nm11348814,36,1.0,5,0.0,
nm11351102,36,1.0,6,0.0,
nm11351308,36,1.0,4,0.0,
nm1135205,36,1.0,4,0.0,
nm11352294,36,1.0,5,0.07,
nm11352297,36,1.0,4,0.07,
nm11353087,36,1.0,8,0.118421,
nm11353088,36,1.0,7,0.118421,
nm1135487,36,1.0,3,0.0,
nm11357336,36,1.0,7,0.0,
nm11357366,36,1.0,9,0.0,
nm11358102,36,1.0,4,0.0,
nm11363399,36,1.0,9,0.10396,
nm11363407,36,1.0,8,0.10396,
nm11363408,36,1.0,6,0.0,
nm1136348,36,1.0,9,0.080051,
nm11363688,36,1.0,6,0.0,
nm11363689,36,1.0,5,0.0,
nm11363744,36,1.0,4,0.0,
nm11364108,36,1.0,7,0.0,
nm11364109,36,1.0,6,0.0,
nm11364111,36,1.0,5,0.0,
nm11364112,36,1.0,4,0.0,
nm11364113,36,1.0,3,0.0,
nm11364603,36,1.0,6,0.0,
nm11364604,36,1.0,5,0.0,
nm11364605,36,1.0,4,0.0,
nm11364607,36,1.0,3,0.0,
nm11364609,36,1.0,2,0.0,
nm11364610,36,1.0,1,0.0,
nm1136654,36,1.0,3,0.0,
nm11367475,36,1.0,6,0.0,
nm11369331,36,1.0,8,0.0,
nm11370123,36,1.0,5,0.0,
nm11370203,36,1.0,9,0.118199,
nm11370720,36,1.0,8,0.0,
nm11370721,36,1.0,7,0.0,
nm11370739,36,1.0,7,0.0,
nm1137130,36,1.0,5,0.0,
nm11372323,36,1.0,7,0.0,
nm1137233,36,1.0,6,0.095023,
nm1137340,36,1.0,7,0.103618,
nm11374120,36,1.0,6,0.0,
nm1137883,36,1.0,9,0.0,
nm1137909,36,1.0,4,0.0,
nm1137962,36,1.0,4,0.0,
nm11380291,36,1.0,4,0.0,
nm11380875,36,1.0,3,0.0,
nm11381159,36,1.0,3,0.0,
nm11385152,36,1.0,4,0.0,
nm1138590,36,1.0,5,0.0,
nm1138926,36,1.0,5,0.0,
nm1138979,36,1.0,9,0.0,
nm11389897,36,1.0,4,0.0,
nm11391211,36,1.0,6,0.0,
nm11391843,36,1.0,5,0.0,
nm1139191,36,1.0,3,0.0,
nm1139632,72,0.470588,8,0.0,0.0
nm11398460,36,1.0,7,0.0,
nm11401734,36,1.0,9,0.0,
nm11402386,36,1.0,7,0.0,
nm11403912,36,1.0,7,0.0,
nm11405230,36,1.0,5,0.0,
nm11406801,36,1.0,5,0.0,
nm11409368,36,1.0,7,0.0,
nm11410408,36,1.0,5,0.0,
nm11410757,36,1.0,8,0.0,
nm11411075,72,0.470588,2,0.116667,0.0
nm11411076,36,1.0,7,0.116667,
nm11411077,36,1.0,6,0.116667,
nm1141161,36,1.0,4,0.0,
nm1141172,36,1.0,4,0.0,
nm1141223,36,1.0,6,0.0,
nm11416436,36,1.0,4,0.0,
nm11417979,36,1.0,5,0.0,
nm11418610,36,1.0,9,0.0,
nm11418644,36,1.0,8,0.0,
nm11419330,36,1.0,4,0.0,
nm11419366,36,1.0,7,0.0,
nm11426660,36,1.0,7,0.09389,
nm11426880,36,1.0,9,0.0,
nm11426881,36,1.0,8,0.0,
nm11426885,36,1.0,7,0.0,
nm11426888,36,1.0,6,0.0,
nm11426889,36,1.0,5,0.0,
nm11428386,36,1.0,5,0.0,
nm1143119,36,1.0,7,0.0,
nm11433227,36,1.0,7,0.0,
nm1143429,36,1.0,6,0.104651,
nm11435114,36,1.0,7,0.0,
nm1143538,36,1.0,8,0.0,
nm11436370,36,1.0,4,0.0,
nm11437647,36,1.0,9,0.0,
nm11441804,36,1.0,8,0.0,
nm11441822,36,1.0,7,0.0,
nm11441827,36,1.0,6,0.0,
nm11443889,36,1.0,5,0.0,
nm1145422,36,1.0,5,0.0,
nm11455238,36,1.0,8,0.0,
nm11455239,36,1.0,7,0.0,
nm11455240,36,1.0,6,0.0,
nm11455243,36,1.0,5,0.0,
nm11455245,36,1.0,4,0.0,
nm1145612,36,1.0,8,0.0,
nm1145617,36,1.0,7,0.0,
nm1145751,36,1.0,7,0.0,
nm11460158,36,1.0,5,0.0,
nm11461233,36,1.0,5,0.0,
nm11463444,36,1.0,6,0.0,
nm11463445,36,1.0,5,0.0,
nm11464534,36,1.0,9,0.0,
nm11464535,36,1.0,8,0.0,
nm11464761,36,1.0,9,0.124016,
nm11464768,36,1.0,8,0.124016,
nm11464774,36,1.0,7,0.124016,
nm11464786,36,1.0,6,0.124016,
nm11464788,36,1.0,5,0.124016,
nm1146609,73,0.477124,3,0.0,1e-05
nm1146797,36,1.0,6,0.0,
nm1146837,36,1.0,8,0.0,
nm11469458,36,1.0,1,0.0,
nm11469679,36,1.0,6,0.107692,
nm11473397,36,1.0,6,0.0,
nm11474124,36,1.0,3,0.0,
nm11474125,36,1.0,2,0.0,
nm11474126,36,1.0,1,0.0,
nm11474495,36,1.0,8,0.0,
nm11474508,36,1.0,7,0.0,
nm11474650,36,1.0,6,0.0,
nm11476772,36,1.0,5,0.0,
nm11476788,36,1.0,4,0.0,
nm11476790,36,1.0,3,0.0,
nm11476799,36,1.0,2,0.0,
nm11476913,36,1.0,5,0.0,
nm1147702,36,1.0,8,0.091172,
nm1147982,36,1.0,7,0.075269,
nm11480117,36,1.0,7,0.109185,
nm11480131,36,1.0,6,0.109185,
nm1148206,36,1.0,5,0.0,
nm11483564,36,1.0,8,0.0,
nm11484135,36,1.0,8,0.0,
nm11484344,36,1.0,8,0.0,
nm11484888,36,1.0,6,0.0,
nm11484891,36,1.0,5,0.0,
nm11484894,36,1.0,4,0.0,
nm11484895,36,1.0,3,0.0,
nm11484897,36,1.0,2,0.0,
nm11484898,36,1.0,1,0.0,
nm11486584,36,1.0,7,0.0,
nm11486683,36,1.0,7,0.0,
nm11486686,36,1.0,6,0.0,
nm11486929,36,1.0,7,0.0,
nm1148767,76,0.496732,8,0.0,0.000243
nm1148769,36,1.0,6,0.0,
nm1148932,36,1.0,8,0.0,
nm11489855,36,1.0,5,0.0,
nm1149137,36,1.0,8,0.0,
nm11492404,36,1.0,9,0.0,
nm1149372,36,1.0,3,0.0,
nm11493936,36,1.0,2,0.0,
nm11496325,36,1.0,8,0.0,
nm11501147,36,1.0,7,0.0,
nm11501171,36,1.0,6,0.0,
nm11503414,36,1.0,7,0.0,
nm11504066,36,1.0,7,0.0,
nm11504067,36,1.0,6,0.0,
nm11506715,36,1.0,4,0.0,
nm1150775,36,1.0,4,0.0,
nm1150853,36,1.0,6,0.0,
nm11511039,72,0.470588,6,0.0,4.2e-05
nm1151879,36,1.0,3,0.0,
nm11520892,36,1.0,5,0.0,
nm11521183,36,1.0,6,0.0,
nm11521184,36,1.0,5,0.0,
nm11521185,36,1.0,4,0.0,
nm1152338,36,1.0,8,0.117318,
nm11524868,36,1.0,6,0.0,
nm1152720,36,1.0,2,0.0,
nm11527265,36,1.0,8,0.0,
nm11527625,36,1.0,7,0.0,
nm11528526,36,1.0,8,0.0,
nm1152954,36,1.0,7,0.0,
nm11531465,36,1.0,7,0.121387,
nm1153269,36,1.0,4,0.0,
nm11533925,36,1.0,8,0.107692,
nm11534592,36,1.0,7,0.0,
nm11536161,36,1.0,1,0.0,
nm11537169,36,1.0,5,0.09157,
nm11537170,36,1.0,4,0.09157,
nm11541659,36,1.0,8,0.0,
nm11541660,36,1.0,7,0.0,
nm11541661,36,1.0,6,0.0,
nm11541662,36,1.0,5,0.0,
nm11541663,36,1.0,4,0.0,
nm1154350,36,1.0,5,0.0,
nm1155340,36,1.0,3,0.0,
nm1155349,36,1.0,6,0.061523,
nm1155977,36,1.0,5,0.0,
nm1156017,36,1.0,7,0.0,
nm1156184,36,1.0,7,0.0,
nm1156207,36,1.0,8,0.061463,
nm11566849,36,1.0,5,0.0,
nm1156708,36,1.0,5,0.0,
nm1156772,36,1.0,6,0.0,
nm1157048,36,1.0,8,0.0,
nm11571399,36,1.0,7,0.0,
nm1157205,72,0.470588,7,0.0,0.0
nm1157315,36,1.0,5,0.073001,
nm1157324,36,1.0,8,0.0,
nm11581621,36,1.0,8,0.0,
nm11581622,36,1.0,7,0.0,
nm11582617,36,1.0,8,0.082677,
nm1158284,72,0.470588,6,0.0,2e-06
nm11583044,36,1.0,7,0.0,
nm11583045,36,1.0,6,0.0,
nm11583046,36,1.0,5,0.0,
nm11583055,36,1.0,4,0.0,
nm11584934,36,1.0,5,0.054031,
nm11585046,36,1.0,7,0.0,
nm11585047,36,1.0,6,0.0,
nm11585402,36,1.0,3,0.0,
nm11585403,36,1.0,2,0.0,
nm1158619,36,1.0,4,0.0,
nm11586297,36,1.0,6,0.0,
nm11587529,36,1.0,4,0.0,
nm11587695,36,1.0,6,0.09417,
nm11589233,36,1.0,2,0.0,
nm11589788,36,1.0,8,0.118199,
nm11589789,36,1.0,7,0.118199,
nm11589790,36,1.0,6,0.118199,
nm11591459,36,1.0,6,0.0,
nm1159180,36,1.0,4,0.07554,
nm11591853,36,1.0,7,0.0,
nm11591978,36,1.0,6,0.0,
nm1159292,36,1.0,5,0.0,
nm11594041,36,1.0,7,0.0,
nm11596708,36,1.0,9,0.0,
nm11596709,36,1.0,8,0.0,
nm11596710,36,1.0,7,0.0,
nm11596711,36,1.0,6,0.0,
nm11596712,36,1.0,5,0.0,
nm11596713,36,1.0,4,0.0,
nm11596714,36,1.0,3,0.0,
nm11596715,36,1.0,2,0.0,
nm11596716,36,1.0,1,0.0,
nm11596717,36,1.0,0,0.0,
nm1159869,72,0.470588,8,0.0,0.0
nm1160050,36,1.0,8,0.0,
nm11600725,36,1.0,7,0.097674,
nm11600726,36,1.0,6,0.097674,
nm11600727,36,1.0,5,0.097674,
nm11600728,36,1.0,4,0.097674,
nm1160730,36,1.0,7,0.0,
nm1160803,36,1.0,6,0.0,
nm1160886,36,1.0,2,0.0,
nm1161041,36,1.0,2,0.0,
nm1161069,36,1.0,6,0.0,
nm11614280,36,1.0,5,0.0,
nm11614717,36,1.0,5,0.0,
nm1162222,36,1.0,3,0.0,
nm1162224,72,0.470588,6,0.0,0.0
nm11625258,36,1.0,0,0.0,
nm11628061,36,1.0,9,0.110915,
nm11628110,36,1.0,8,0.0,
nm11629240,36,1.0,7,0.103279,
nm11630215,36,1.0,9,0.0,
nm1163023,36,1.0,4,0.0,
nm11633698,36,1.0,8,0.0,
nm11633842,36,1.0,7,0.0,
nm1163399,36,1.0,1,0.0,
nm1163659,36,1.0,7,0.0,
nm11637728,36,1.0,3,0.127789,
nm1163808,36,1.0,9,0.0,
nm1163810,36,1.0,7,0.0,
nm11638140,36,1.0,5,0.107692,
nm1163857,36,1.0,9,0.0,
nm11638987,36,1.0,7,0.0,
nm11638988,36,1.0,6,0.0,
nm11638992,36,1.0,5,0.0,
nm11638994,36,1.0,4,0.0,
nm11638996,36,1.0,3,0.0,
nm11638997,36,1.0,2,0.0,
nm11638998,36,1.0,1,0.0,
nm1164183,36,1.0,7,0.046667,
nm1164628,36,1.0,6,0.064286,
nm11647252,36,1.0,8,0.0,
nm1164730,36,1.0,6,0.0,
nm1164771,36,1.0,7,0.0,
nm1164865,36,1.0,7,0.0,
nm11648877,36,1.0,7,0.0,
nm11650085,36,1.0,3,0.0,
nm1165023,36,1.0,9,0.0,
nm1165044,36,1.0,6,0.066386,
nm1165110,36,1.0,7,0.0,
nm1165284,36,1.0,4,0.0,
nm1165541,36,1.0,3,0.0,
nm1165585,36,1.0,9,0.0,
nm1165804,36,1.0,5,0.0,
nm1165904,36,1.0,3,0.0,
nm11659389,36,1.0,4,0.0,
nm11660246,36,1.0,6,0.0,
nm11661109,36,1.0,2,0.0,
nm1166167,36,1.0,4,0.0,
nm11661727,36,1.0,5,0.0,
nm11661900,36,1.0,6,0.0,
nm11661960,36,1.0,8,0.0,
nm11661997,36,1.0,6,0.0,
nm11663249,36,1.0,7,0.0,
nm11663250,36,1.0,6,0.0,
nm11663251,36,1.0,5,0.0,
nm11663252,36,1.0,4,0.0,
nm11663253,36,1.0,3,0.0,
nm11663254,36,1.0,2,0.0,
nm11663255,36,1.0,1,0.0,
nm1166328,36,1.0,4,0.0,
nm11663339,36,1.0,9,0.0,
nm11663340,36,1.0,8,0.0,
nm11663342,36,1.0,7,0.0,
nm11663345,36,1.0,6,0.0,
nm11663347,36,1.0,5,0.0,
nm11663348,36,1.0,4,0.0,
nm11663349,36,1.0,3,0.0,
nm11663350,36,1.0,2,0.0,
nm11663351,36,1.0,1,0.0,
nm11663355,36,1.0,0,0.0,
nm1166422,36,1.0,5,0.0,
nm1166509,36,1.0,7,0.109565,
nm1166576,72,0.529412,7,0.0,
nm1166586,36,1.0,4,0.0,
nm1166738,36,1.0,5,0.0,
nm1166844,36,1.0,6,0.0,
nm11669138,36,1.0,4,0.0,
nm11669139,36,1.0,3,0.0,
nm11669273,36,1.0,8,0.0,
nm1166977,72,0.470588,1,0.0,0.0
nm11669773,36,1.0,5,0.0,
nm11669775,36,1.0,4,0.0,
nm1167094,36,1.0,3,0.0,
nm11671412,36,1.0,6,0.0,
nm11671413,36,1.0,5,0.0,
nm11671414,36,1.0,4,0.0,
nm1167449,36,1.0,8,0.0,
nm1167594,72,0.470588,7,0.114754,0.000264
nm11676837,36,1.0,6,0.0,
nm11676838,36,1.0,5,0.0,
nm11676839,36,1.0,4,0.0,
nm11678106,36,1.0,8,0.0,
nm1167890,36,1.0,7,0.0,
nm1167899,36,1.0,6,0.0,
nm1167988,36,1.0,9,0.0,
nm1168078,36,1.0,6,0.0,
nm1168161,36,1.0,7,0.0,
nm11682645,36,1.0,9,0.0,
nm11682647,36,1.0,8,0.0,
nm11682652,36,1.0,7,0.0,
nm11682653,36,1.0,6,0.0,
nm11682654,36,1.0,5,0.0,
nm11682655,36,1.0,4,0.0,
nm11683551,36,1.0,8,0.119318,
nm11685819,36,1.0,4,0.0,
nm11689545,36,1.0,3,0.0,
nm1169428,36,1.0,8,0.0,
nm1169445,36,1.0,3,0.0,
nm11697825,36,1.0,9,0.110526,
nm1169797,36,1.0,8,0.0,
nm11698704,36,1.0,7,0.0,
nm11698715,36,1.0,6,0.0,
nm11698716,36,1.0,5,0.0,
nm11713597,36,1.0,4,0.0,
nm11713971,36,1.0,8,0.0,
nm1171492,36,1.0,7,0.0,
nm1171534,36,1.0,8,0.0,
nm11717030,36,1.0,5,0.0,
nm1171795,36,1.0,7,0.0,
nm1171983,36,1.0,1,0.0,
nm11720085,36,1.0,4,0.0,
nm11720303,36,1.0,4,0.0,
nm11721161,36,1.0,7,0.096626,
nm1172144,36,1.0,9,0.0,
nm1172173,72,0.470588,9,0.0,0.0
nm11725103,36,1.0,5,0.0,
nm1172626,36,1.0,6,0.0,
nm1172718,72,0.470588,6,0.0,0.000518
nm1172749,36,1.0,6,0.0,
nm1172804,36,1.0,8,0.0,
nm1172890,36,1.0,6,0.096183,
nm1172930,36,1.0,5,0.0,
nm1173060,36,1.0,4,0.1171,
nm11731379,36,1.0,9,0.0,
nm11731829,36,1.0,6,0.0,
nm1173203,36,1.0,7,0.0,
nm1173583,69,0.657143,6,0.0,
nm11736782,36,1.0,7,0.113514,
nm11738593,36,1.0,6,0.0,
nm11739580,36,1.0,6,0.0,
nm1174035,36,1.0,4,0.0,
nm1174040,36,1.0,4,0.0,
nm11741542,36,1.0,6,0.103279,
nm11744221,36,1.0,3,0.0,
nm11744782,36,1.0,6,0.0,
nm11751036,36,1.0,7,0.0,
nm11752730,36,1.0,7,0.0,
nm11754510,36,1.0,8,0.0,
nm11755619,36,1.0,5,0.0,
nm11755620,36,1.0,4,0.0,
nm11758681,36,1.0,5,0.0,
nm11758686,36,1.0,4,0.0,
nm1176037,36,1.0,2,0.0,
nm1176395,36,1.0,6,0.0,
nm11765144,36,1.0,8,0.0,
nm11766521,36,1.0,5,0.0,
nm11766522,36,1.0,4,0.0,
nm1176711,36,1.0,6,0.0,
nm11770295,36,1.0,8,0.0,
nm11771045,36,1.0,6,0.0,
nm1177124,36,1.0,6,0.0,
nm1177197,36,1.0,7,0.0,
nm1177397,108,0.332308,6,0.0,0.000915
nm11777606,36,1.0,7,0.0,
nm11777607,36,1.0,6,0.0,
nm11777608,36,1.0,5,0.0,
nm11777609,36,1.0,4,0.0,
nm11778043,36,1.0,7,0.0,
nm11778044,36,1.0,6,0.0,
nm11778492,36,1.0,4,0.054031,
nm11778550,36,1.0,5,0.0,
nm11778776,36,1.0,3,0.0,
nm11778777,36,1.0,2,0.0,
nm11780665,36,1.0,9,0.076364,
nm1178214,36,1.0,6,0.0,
nm11782802,36,1.0,7,0.0,
nm1178851,36,1.0,3,0.0,
nm1178890,36,1.0,7,0.0,
nm11789612,36,1.0,0,0.0,
nm1178979,36,1.0,6,0.0,
nm1179321,72,0.529412,5,0.0,
nm1179525,36,1.0,4,0.0,
nm1179669,36,1.0,5,0.0,
nm1179677,36,1.0,5,0.0,
nm11796881,36,1.0,8,0.0,
nm11796883,36,1.0,7,0.0,
nm11799117,36,1.0,6,0.0,
nm11801319,36,1.0,5,0.0,
nm11807845,36,1.0,6,0.0,
nm1180881,36,1.0,9,0.086538,
nm1181243,36,1.0,6,0.0,
nm1181284,36,1.0,7,0.0,
nm1181576,36,1.0,6,0.0,
nm1181610,36,1.0,8,0.0,
nm1181667,36,1.0,7,0.0,
nm1181828,36,1.0,4,0.0,
nm11819149,36,1.0,8,0.0,
nm1182008,36,1.0,4,0.0,
nm1182011,36,1.0,5,0.104651,
nm1182249,36,1.0,6,0.0,
nm1182276,36,1.0,5,0.0,
nm11824396,36,1.0,5,0.0,
nm11825739,36,1.0,8,0.114338,
nm11826304,36,1.0,7,0.0,
nm11826305,36,1.0,6,0.0,
nm11829657,36,1.0,8,0.0,
nm11829658,36,1.0,7,0.0,
nm1183050,36,1.0,3,0.0,
nm1183143,36,1.0,9,0.0,
nm1183251,36,1.0,8,0.0,
nm11840724,72,0.470588,8,0.0,0.0
nm1184348,108,0.36,3,0.0,8.5e-05
nm11844089,36,1.0,4,0.0,
nm11844092,36,1.0,3,0.0,
nm11844126,36,1.0,5,0.0,
nm11844129,36,1.0,4,0.0,
nm1184557,36,1.0,7,0.0,
nm11848561,36,1.0,5,0.0,
nm1185110,36,1.0,7,0.0,
nm1185445,36,1.0,8,0.087137,
nm11855263,36,1.0,7,0.095455,
nm1185642,36,1.0,8,0.060519,
nm1185803,36,1.0,4,0.0,
nm1185843,36,1.0,5,0.0,
nm11859109,36,1.0,7,0.0,
nm11862067,36,1.0,8,0.105,
nm1186215,72,0.470588,8,0.0,0.008484
nm1186230,36,1.0,7,0.0,
nm1186378,36,1.0,7,0.0,
nm1186488,36,1.0,1,0.0,
nm11866849,36,1.0,7,0.0,
nm1186830,36,1.0,6,0.0,
nm1187057,36,1.0,8,0.0,
nm1187153,36,1.0,5,0.0,
nm1187160,36,1.0,6,0.0,
nm11873024,36,1.0,5,0.0,
nm11873025,36,1.0,4,0.0,
nm11873026,36,1.0,3,0.0,
nm11873027,36,1.0,2,0.0,
nm1187374,36,1.0,7,0.0,
nm11876042,36,1.0,7,0.0,
nm11878136,36,1.0,2,0.093611,
nm11879099,36,1.0,8,0.0,
nm11879821,36,1.0,5,0.0,
nm11879822,36,1.0,4,0.0,
nm11880040,36,1.0,5,0.0,
nm11881260,36,1.0,3,0.0,
nm11883215,36,1.0,9,0.0,
nm11883216,36,1.0,8,0.0,
nm11884850,36,1.0,7,0.0,
nm11885521,36,1.0,5,0.0,
nm11885597,36,1.0,6,0.0,
nm11885714,36,1.0,5,0.0,
nm11885715,36,1.0,4,0.0,
nm11885716,36,1.0,3,0.0,
nm11888138,36,1.0,6,0.075269,
nm1189034,73,0.477124,3,0.11014,3e-06
nm11891480,36,1.0,4,0.109185,
nm11892029,36,1.0,1,0.0,
nm11892030,36,1.0,0,0.0,
nm11894469,36,1.0,8,0.079646,
nm11894470,36,1.0,7,0.079646,
nm11894471,36,1.0,6,0.079646,
nm11894472,36,1.0,5,0.079646,
nm11894473,36,1.0,4,0.079646,
nm11894474,36,1.0,3,0.079646,
nm11894475,36,1.0,2,0.079646,
nm11896238,36,1.0,8,0.0,
nm1189725,71,0.591667,7,0.0,
nm1189897,36,1.0,7,0.111111,
nm1190245,36,1.0,4,0.0,
nm1190847,36,1.0,8,0.0,
nm11910231,36,1.0,8,0.0,
nm11910232,36,1.0,7,0.0,
nm11910235,36,1.0,6,0.0,
nm11910236,36,1.0,5,0.0,
nm11910237,36,1.0,4,0.0,
nm11910238,36,1.0,3,0.0,
nm11910240,36,1.0,2,0.0,
nm1191192,36,1.0,8,0.0,
nm11916315,36,1.0,7,0.0,
nm11916996,36,1.0,8,0.0,
nm1192296,36,1.0,7,0.106239,
nm1192347,66,0.725275,4,0.0,
nm11926377,36,1.0,9,0.077111,
nm11928807,36,1.0,7,0.06409,
nm1193571,36,1.0,9,0.0,
nm11936047,36,1.0,6,0.0,
nm1194281,72,0.470588,4,0.0,1.8e-05
nm1194778,36,1.0,7,0.0,
nm11955840,36,1.0,9,0.0,
nm11958694,36,1.0,8,0.116883,
nm11958700,36,1.0,7,0.116883,
nm11958707,36,1.0,6,0.116883,
nm11958714,36,1.0,5,0.116883,
nm1195879,36,1.0,3,0.0,
nm1195931,36,1.0,3,0.0,
nm11959712,36,1.0,9,0.0,
nm1196019,36,1.0,7,0.0,
nm11960691,36,1.0,8,0.0,
nm11962476,36,1.0,9,0.0,
nm11962642,36,1.0,7,0.119772,
nm11972147,36,1.0,8,0.116451,
nm1197336,36,1.0,7,0.0,
nm1197455,36,1.0,5,0.0,
nm1197464,36,1.0,6,0.117978,
nm1197629,36,1.0,8,0.0,
nm1197737,36,1.0,5,0.057117,
nm1197780,36,1.0,1,0.0,
nm11982834,36,1.0,8,0.0,
nm11982837,36,1.0,7,0.0,
nm11982838,36,1.0,6,0.0,
nm11982839,36,1.0,5,0.0,
nm11982840,36,1.0,4,0.0,
nm11982842,36,1.0,3,0.0,
nm11982844,36,1.0,2,0.0,
nm11982845,36,1.0,1,0.0,
nm1198628,75,0.490196,7,0.131524,0.000152
nm11989351,36,1.0,6,0.0,
nm11989496,36,1.0,7,0.094737,
nm11989497,36,1.0,6,0.094737,
nm1198975,36,1.0,7,0.0,
nm11989873,36,1.0,6,0.0,
nm11995543,36,1.0,6,0.0,
nm12000124,36,1.0,6,0.062253,
nm1200073,36,1.0,9,0.0,
nm12001759,36,1.0,4,0.0,
nm1200739,36,1.0,2,0.0,
nm12008512,36,1.0,6,0.0,
nm12008513,36,1.0,5,0.0,
nm12008514,36,1.0,4,0.0,
nm12008515,36,1.0,3,0.0,
nm1201151,36,1.0,6,0.089235,
nm12012221,36,1.0,9,0.0,
nm12012457,36,1.0,5,0.0,
nm12012458,36,1.0,4,0.0,
nm12012459,36,1.0,3,0.0,
nm12014030,36,1.0,2,0.0,
nm1201852,36,1.0,3,0.0,
nm1202122,36,1.0,2,0.0,
nm12023545,36,1.0,4,0.107877,
nm12029519,36,1.0,8,0.0,
nm1203291,36,1.0,5,0.0,
nm12034253,36,1.0,9,0.106239,
nm1203515,36,1.0,7,0.0,
nm1204212,36,1.0,4,0.0,
nm12042237,36,1.0,4,0.0,
nm12042238,36,1.0,3,0.0,
nm1204305,36,1.0,5,0.0,
nm1204308,36,1.0,0,0.0,
nm1204760,36,1.0,6,0.0,
nm1204891,36,1.0,8,0.0,
nm1204924,36,1.0,5,0.0,
nm1205016,36,1.0,4,0.0,
nm12052706,36,1.0,7,0.0,
nm12052708,36,1.0,6,0.0,
nm12052709,36,1.0,5,0.0,
nm1205311,36,1.0,6,0.0,
nm12057485,36,1.0,9,0.0,
nm12061022,36,1.0,4,0.0,
nm1206317,36,1.0,7,0.0,
nm1206435,36,1.0,7,0.0,
nm1207049,36,1.0,7,0.098901,
nm12071390,36,1.0,2,0.0,
nm12075493,36,1.0,8,0.0,
nm12077526,36,1.0,5,0.0,
nm1207895,72,0.470588,1,0.0,1.8e-05
nm1208035,36,1.0,5,0.0,
nm12081801,36,1.0,7,0.0,
nm12081823,36,1.0,6,0.0,
nm12081853,36,1.0,5,0.0,
nm12081923,36,1.0,4,0.0,
nm12081924,36,1.0,3,0.0,
nm12083010,36,1.0,6,0.0,
nm12083011,36,1.0,5,0.0,
nm12083012,36,1.0,4,0.0,
nm12083607,72,0.470588,5,0.0,0.0
nm12086195,36,1.0,7,0.120921,
nm12088102,36,1.0,1,0.0,
nm12090547,36,1.0,7,0.10396,
nm1209137,36,1.0,8,0.0,
nm1209192,36,1.0,4,0.0,
nm1209208,36,1.0,8,0.0,
nm1209226,36,1.0,4,0.0,
nm12092732,36,1.0,4,0.0,
nm12092733,36,1.0,3,0.0,
nm1209316,36,1.0,5,0.0,
nm1209413,36,1.0,7,0.0,
nm1209545,36,1.0,6,0.066596,
nm1209657,36,1.0,7,0.0,
nm12096772,36,1.0,7,0.101124,
nm12097323,36,1.0,8,0.0,
nm12097324,36,1.0,7,0.0,
nm12097325,36,1.0,6,0.0,
nm12097326,36,1.0,5,0.0,
nm12097327,36,1.0,4,0.0,
nm12097328,36,1.0,3,0.0,
nm1209792,36,1.0,6,0.0,
nm12099101,36,1.0,7,0.0,
nm1209966,36,1.0,7,0.0,
nm12102792,36,1.0,9,0.0,
nm12102793,36,1.0,8,0.0,
nm1210364,36,1.0,9,0.0,
nm1210776,36,1.0,1,0.0,
nm1210999,36,1.0,5,0.0,
nm12110161,36,1.0,7,0.0,
nm12111895,36,1.0,6,0.0,
nm1211326,36,1.0,7,0.0,
nm12120803,36,1.0,7,0.0,
nm12120804,36,1.0,6,0.0,
nm12121766,36,1.0,9,0.0,
nm1212515,36,1.0,5,0.109185,
nm1212722,36,1.0,4,0.0,
nm1212824,36,1.0,4,0.0,
nm12129669,36,1.0,8,0.0,
nm1213235,36,1.0,4,0.0,
nm12136451,36,1.0,1,0.0,
nm12139768,36,1.0,5,0.0,
nm1214463,36,1.0,5,0.0,
nm1214482,36,1.0,7,0.0,
nm12146152,36,1.0,6,0.0,
nm12149834,36,1.0,4,0.0,
nm12151643,36,1.0,6,0.104651,
nm1215228,36,1.0,6,0.0,
nm12154127,36,1.0,8,0.0,
nm12154493,36,1.0,7,0.0,
nm12155878,36,1.0,8,0.0,
nm12158334,36,1.0,7,0.0,
nm12159462,36,1.0,7,0.0,
nm12160436,36,1.0,4,0.0,
nm1216145,36,1.0,8,0.0,
nm1216245,73,0.477124,8,0.0,0.0
nm1216382,36,1.0,7,0.0,
nm1216390,36,1.0,5,0.0,
nm12166556,36,1.0,6,0.0,
nm12166557,72,0.470588,6,0.0,0.0
nm12166756,36,1.0,8,0.0,
nm1216915,36,1.0,8,0.0,
nm12175870,36,1.0,8,0.110915,
nm12176312,36,1.0,6,0.0,
nm12176313,36,1.0,5,0.0,
nm1217893,36,1.0,6,0.09389,
nm12180649,36,1.0,2,0.0,
nm12185136,36,1.0,9,0.0,
nm1218764,36,1.0,7,0.0,
nm1218915,36,1.0,2,0.0,
nm1218953,36,1.0,6,0.0,
nm12189729,36,1.0,5,0.0,
nm12189969,36,1.0,8,0.0,
nm12190402,36,1.0,9,0.0,
nm12191660,36,1.0,8,0.0,
nm12191661,36,1.0,7,0.0,
nm12191662,36,1.0,6,0.0,
nm12191663,36,1.0,5,0.0,
nm12196143,36,1.0,7,0.0,
nm12197382,36,1.0,7,0.0,
nm1219922,36,1.0,6,0.116022,
nm12203709,36,1.0,7,0.0,
nm12203718,36,1.0,6,0.0,
nm12203721,36,1.0,5,0.0,
nm12203722,36,1.0,4,0.0,
nm12203733,36,1.0,3,0.0,
nm12204126,36,1.0,6,0.0,
nm12204127,36,1.0,5,0.0,
nm12204128,36,1.0,4,0.0,
nm1220531,108,0.332308,3,0.0,0.00265
nm1220945,36,1.0,7,0.0,
nm1221047,36,1.0,6,0.062315,
nm1221055,36,1.0,4,0.0,
nm1221172,36,1.0,8,0.0,
nm12214753,36,1.0,7,0.0,
nm12215683,36,1.0,3,0.09633,
nm12219102,36,1.0,8,0.0,
nm12221961,36,1.0,7,0.0,
nm12225158,36,1.0,7,0.0,
nm1222856,36,1.0,8,0.0,
nm12229479,36,1.0,5,0.0,
nm12231888,36,1.0,7,0.0,
nm12231889,36,1.0,6,0.0,
nm12231890,36,1.0,5,0.0,
nm12231893,36,1.0,4,0.0,
nm12231894,36,1.0,3,0.0,
nm12231897,36,1.0,2,0.0,
nm12231899,36,1.0,1,0.0,
nm12231900,36,1.0,0,0.0,
nm12232380,36,1.0,1,0.0,
nm1223449,36,1.0,5,0.109948,
nm12235821,36,1.0,3,0.0,
nm12236478,36,1.0,7,0.0,
nm12239003,36,1.0,4,0.0,
nm12239799,36,1.0,8,0.0,
nm12239800,36,1.0,7,0.0,
nm12239801,36,1.0,6,0.0,
nm12239802,36,1.0,5,0.0,
nm12239803,36,1.0,4,0.0,
nm1223982,36,1.0,9,0.0,
nm1224082,36,1.0,3,0.115596,
nm12242222,36,1.0,5,0.0,
nm12242794,36,1.0,4,0.0,
nm1224286,36,1.0,5,0.0,
nm1224415,36,1.0,8,0.0,
nm12251475,36,1.0,7,0.0,
nm1225348,36,1.0,6,0.0,
nm1225681,36,1.0,9,0.0,
nm1225848,36,1.0,8,0.0,
nm1226419,36,1.0,6,0.0,
nm1227161,36,1.0,5,0.0,
nm1227303,36,1.0,5,0.0,
nm1227481,36,1.0,5,0.0,
nm1227718,36,1.0,9,0.105528,
nm1227749,36,1.0,8,0.0,
nm1227864,36,1.0,5,0.0,
nm1228007,36,1.0,5,0.0,
nm1228072,36,1.0,3,0.0,
nm1228132,72,0.470588,8,0.0,0.0
nm1228419,36,1.0,4,0.0,
nm12284344,36,1.0,6,0.0,
nm12285095,36,1.0,6,0.111901,
nm12285098,36,1.0,8,0.0,
nm12285851,36,1.0,7,0.0,
nm1228805,72,0.470588,7,0.0,0.0
nm12291127,36,1.0,5,0.0,
nm12292817,36,1.0,8,0.0,
nm12292818,36,1.0,7,0.0,
nm12292819,36,1.0,6,0.0,
nm12294533,36,1.0,7,0.114338,
nm12295372,36,1.0,4,0.116883,
nm1229699,36,1.0,3,0.0,
nm12297157,36,1.0,8,0.0,
nm12297160,36,1.0,7,0.0,
nm1229757,36,1.0,6,0.0,
nm1229940,36,1.0,5,0.122807,
nm12299612,36,1.0,3,0.0,
nm12304446,36,1.0,5,0.117978,
nm12307883,36,1.0,9,0.121387,
nm1230844,36,1.0,8,0.123529,
nm12310585,36,1.0,7,0.0,
nm12313373,36,1.0,8,0.066107,
nm1231813,36,1.0,8,0.098131,
nm1231867,36,1.0,6,0.0,
nm12319971,36,1.0,5,0.0,
nm1232756,36,1.0,7,0.0,
nm12328075,36,1.0,6,0.065353,
nm12328267,36,1.0,7,0.105,
nm1232983,36,1.0,7,0.0,
nm1233224,36,1.0,8,0.0,
nm12333318,36,1.0,4,0.0,
nm1233662,36,1.0,8,0.0,
nm12337289,36,1.0,5,0.104132,
nm12340952,36,1.0,5,0.0,
nm1234939,36,1.0,5,0.0,
nm1235052,72,0.470588,4,0.0,0.0
nm1235277,36,1.0,6,0.0,
nm1235303,36,1.0,7,0.0,
nm1235318,36,1.0,5,0.0,
nm1235505,72,0.470588,4,0.0,0.0
nm1235659,36,1.0,6,0.0,
nm12366953,36,1.0,6,0.0,
nm1237235,36,1.0,8,0.0,
nm12372874,36,1.0,5,0.0,
nm12375173,36,1.0,4,0.0,
nm1237533,36,1.0,8,0.0,
nm12376008,36,1.0,4,0.0,
nm12376183,36,1.0,6,0.105,
nm12376184,36,1.0,5,0.105,
nm12376185,36,1.0,4,0.105,
nm12377881,36,1.0,7,0.0,
nm1238264,36,1.0,6,0.0,
nm12383623,36,1.0,8,0.0,
nm12384045,36,1.0,7,0.0,
nm12385549,36,1.0,7,0.09633,
nm12385551,36,1.0,6,0.09633,
nm12385553,36,1.0,5,0.09633,
nm12385554,36,1.0,4,0.09633,
nm12385563,36,1.0,3,0.09633,
nm12385566,36,1.0,2,0.09633,
nm1238589,36,1.0,6,0.0,
nm1238739,36,1.0,5,0.0,
nm1238859,36,1.0,6,0.0,
nm1239049,36,1.0,5,0.0,
nm1239481,36,1.0,7,0.104305,
nm1239713,36,1.0,6,0.0,
nm1239720,36,1.0,6,0.0,
nm12399467,36,1.0,7,0.0,
nm12399802,36,1.0,4,0.0,
nm12402087,36,1.0,7,0.088483,
nm12403422,36,1.0,8,0.106239,
nm12406099,36,1.0,3,0.0,
nm12406100,36,1.0,2,0.0,
nm12407569,36,1.0,4,0.0,
nm12413302,36,1.0,5,0.0,
nm1241531,36,1.0,7,0.103789,
nm1241578,141,0.267045,7,0.0,0.007879
nm12416423,36,1.0,6,0.0,
nm1241910,36,1.0,2,0.115596,
nm1242118,36,1.0,5,0.0,
nm1242253,36,1.0,7,0.0,
nm12427244,36,1.0,9,0.0,
nm12427606,36,1.0,8,0.0,
nm1242836,36,1.0,5,0.0,
nm1243103,36,1.0,8,0.0,
nm12434667,36,1.0,8,0.0,
nm12434679,36,1.0,7,0.0,
nm12434680,36,1.0,6,0.0,
nm12434683,36,1.0,5,0.0,
nm12435107,36,1.0,7,0.0,
nm1243922,36,1.0,6,0.0,
nm12443640,36,1.0,5,0.0,
nm12445583,36,1.0,4,0.0,
nm12448083,36,1.0,6,0.0,
nm1244880,72,0.470588,9,0.073341,4.8e-05
nm1244898,108,0.307692,7,0.0,4e-05
nm1244971,72,0.470588,2,0.105351,2.5e-05
nm1245077,72,0.470588,3,0.0,0.0
nm1245347,36,1.0,6,0.06409,
nm12454992,36,1.0,4,0.0,
nm12454993,36,1.0,3,0.0,
nm1245754,36,1.0,6,0.0,
nm1246284,36,1.0,5,0.0,
nm12466518,36,1.0,7,0.0,
nm1246724,36,1.0,1,0.0,
nm12470282,36,1.0,2,0.0,
nm12470285,36,1.0,1,0.0,
nm12471068,36,1.0,9,0.0,
nm12473275,36,1.0,5,0.0,
nm12473650,36,1.0,8,0.119545,
nm12474069,36,1.0,6,0.0,
nm12474070,36,1.0,5,0.0,
nm12474071,36,1.0,4,0.0,
nm12474072,36,1.0,3,0.0,
nm12474073,36,1.0,2,0.0,
nm12474856,36,1.0,8,0.0,
nm12475730,36,1.0,7,0.0,
nm12475731,36,1.0,6,0.0,
nm12475732,36,1.0,5,0.0,
nm12475733,36,1.0,4,0.0,
nm12479429,36,1.0,8,0.0,
nm12481233,36,1.0,8,0.0,
nm12482552,36,1.0,9,0.0,
nm12482554,36,1.0,8,0.0,
nm12482555,36,1.0,7,0.0,
nm12482557,36,1.0,6,0.0,
nm12482558,36,1.0,5,0.0,
nm12482559,36,1.0,4,0.0,
nm12482560,36,1.0,3,0.0,
nm1248273,36,1.0,1,0.0,
nm12483757,36,1.0,9,0.0,
nm12483758,36,1.0,8,0.0,
nm12485297,36,1.0,9,0.0,
nm12485298,36,1.0,8,0.0,
nm12485299,36,1.0,7,0.0,
nm12485300,36,1.0,6,0.0,
nm1248798,36,1.0,4,0.0,
nm12495917,36,1.0,4,0.0,
nm1249638,36,1.0,5,0.0,
nm12497419,36,1.0,9,0.0,
nm12497421,36,1.0,8,0.0,
nm12497422,36,1.0,7,0.0,
nm12498524,36,1.0,9,0.114754,
nm12498788,36,1.0,8,0.0,
nm12498791,36,1.0,7,0.0,
nm12498795,36,1.0,6,0.0,
nm12505163,36,1.0,8,0.0,
nm12505886,36,1.0,8,0.0,
nm12507502,36,1.0,5,0.0,
nm1250821,36,1.0,6,0.0,
nm1250925,36,1.0,7,0.0,
nm1251243,36,1.0,8,0.121154,
nm12513524,36,1.0,7,0.0,
nm12513525,36,1.0,6,0.0,
nm12513526,36,1.0,5,0.0,
nm1251511,36,1.0,6,0.0,
nm1251565,36,1.0,7,0.0,
nm12519578,36,1.0,6,0.0,
nm1252090,36,1.0,3,0.0,
nm1252181,36,1.0,5,0.0,
nm1252241,72,0.470588,4,0.0,8e-06
nm1252320,36,1.0,5,0.0,
nm12524298,36,1.0,6,0.0,
nm1252616,36,1.0,8,0.0,
nm1252668,36,1.0,7,0.0,
nm1252806,36,1.0,4,0.0,
nm12528125,36,1.0,4,0.0,
nm1252904,72,0.470588,7,0.0,0.0
nm1253039,36,1.0,5,0.060345,
nm1253217,36,1.0,5,0.0,
nm1253235,36,1.0,6,0.0,
nm12533284,36,1.0,3,0.0,
nm1253367,36,1.0,6,0.0,
nm1253795,36,1.0,7,0.0,
nm1253802,36,1.0,7,0.0,
nm1253882,36,1.0,4,0.0,
nm12538871,36,1.0,6,0.0,
nm12538954,36,1.0,8,0.0,
nm1253905,36,1.0,6,0.0,
nm1253936,36,1.0,4,0.0,
nm1253955,36,1.0,6,0.0,
nm1254116,36,1.0,5,0.0,
nm1254140,36,1.0,5,0.0,
nm1254154,36,1.0,5,0.0,
nm12542920,36,1.0,4,0.0,
nm1254410,36,1.0,7,0.0,
nm1254580,36,1.0,6,0.0,
nm1254827,36,1.0,4,0.0,
nm1254885,36,1.0,8,0.0,
nm1254991,36,1.0,3,0.0,
nm12552633,36,1.0,7,0.0,
nm1255751,36,1.0,7,0.0,
nm12559803,36,1.0,5,0.0,
nm12560130,36,1.0,6,0.0,
nm12560133,36,1.0,5,0.0,
nm12560160,36,1.0,4,0.0,
nm12562660,36,1.0,8,0.0,
nm1256435,36,1.0,3,0.0,
nm1256532,72,0.470588,5,0.0,0.0
nm1256710,36,1.0,8,0.0,
nm1256745,135,0.384615,10,0.0,2.8e-05
nm12569449,36,1.0,7,0.0,
nm1257062,219,0.231501,10,0.0,0.000107
nm1257208,36,1.0,6,0.063959,
nm12573799,36,1.0,8,0.102773,
nm12573936,36,1.0,6,0.121387,
nm1257423,73,0.477124,7,0.0,0.000438
nm12575299,36,1.0,7,0.0,
nm12575300,36,1.0,6,0.0,
nm1257611,36,1.0,5,0.0,
nm1257934,36,1.0,4,0.0,
nm1258927,36,1.0,6,0.0,
nm12589518,36,1.0,7,0.0,
nm12589519,36,1.0,6,0.0,
nm12589520,36,1.0,5,0.0,
nm12589525,36,1.0,4,0.0,
nm1259084,181,0.182828,3,0.130705,0.005199
nm1259094,36,1.0,5,0.103448,
nm1259124,36,1.0,5,0.0,
nm1259153,36,1.0,4,0.0,
nm12600664,36,1.0,6,0.0,
nm1260157,36,1.0,6,0.118421,
nm1260545,36,1.0,1,0.0,
nm12608848,72,0.470588,3,0.114338,0.000387
nm1260909,36,1.0,2,0.0,
nm12615674,36,1.0,7,0.110915,
nm12615767,36,1.0,2,0.0,
nm12615768,36,1.0,1,0.0,
nm1261587,36,1.0,7,0.0,
nm1261649,72,0.470588,3,0.111702,0.000258
nm1261987,36,1.0,9,0.0,
nm1261997,36,1.0,6,0.0,
nm12623704,36,1.0,4,0.0,
nm1263036,36,1.0,5,0.0,
nm1263070,36,1.0,5,0.0,
nm12633531,36,1.0,9,0.0,
nm12633532,36,1.0,8,0.0,
nm1263519,36,1.0,3,0.0,
nm1263763,36,1.0,8,0.0,
nm12640295,36,1.0,3,0.0,
nm12640572,36,1.0,6,0.0,
nm1264361,36,1.0,8,0.0,
nm12645007,36,1.0,6,0.100639,
nm12645750,36,1.0,7,0.0,
nm12645751,36,1.0,6,0.0,
nm1264612,36,1.0,4,0.0,
nm1265207,36,1.0,5,0.0,
nm12654670,36,1.0,7,0.0,
nm12654671,36,1.0,6,0.0,
nm12654672,36,1.0,5,0.0,
nm12654673,36,1.0,4,0.0,
nm12654674,36,1.0,3,0.0,
nm1266058,36,1.0,8,0.0,
nm12665628,36,1.0,4,0.0,
nm12665631,36,1.0,3,0.0,
nm12665632,36,1.0,2,0.0,
nm12665633,36,1.0,1,0.0,
nm12666133,36,1.0,8,0.0,
nm12668486,36,1.0,7,0.0,
nm12668645,36,1.0,6,0.10396,
nm1267095,36,1.0,6,0.103618,
nm12671842,36,1.0,7,0.0,
nm1267261,72,0.470588,2,0.091172,0.0
nm12674556,36,1.0,8,0.0,
nm12674557,36,1.0,7,0.0,
nm12674558,36,1.0,6,0.0,
nm12674559,36,1.0,5,0.0,
nm12674560,36,1.0,4,0.0,
nm12674561,36,1.0,3,0.0,
nm12674562,36,1.0,2,0.0,
nm1268200,72,0.470588,6,0.0,0.002068
nm1268478,36,1.0,3,0.0,
nm12685483,36,1.0,8,0.0,
nm12685484,36,1.0,7,0.0,
nm1268637,72,0.470588,4,0.0,0.0
nm1268681,197,0.218162,10,0.0,5.1e-05
nm1269088,36,1.0,4,0.0,
nm12693498,36,1.0,3,0.0,
nm1269581,36,1.0,4,0.0,
nm1269614,72,0.470588,4,0.114964,0.0
nm1269618,36,1.0,8,0.0,
nm12696229,36,1.0,7,0.0,
nm12696230,36,1.0,6,0.0,
nm12696231,36,1.0,5,0.0,
nm1269719,36,1.0,4,0.0,
nm1269796,236,0.185098,9,0.0,0.00011
nm12698965,36,1.0,8,0.0,
nm12699510,36,1.0,9,0.0,
nm1270037,36,1.0,6,0.0,
nm1270165,36,1.0,7,0.0,
nm1270429,36,1.0,4,0.0,
nm12711700,36,1.0,8,0.0,
nm12711701,36,1.0,7,0.0,
nm12713040,36,1.0,8,0.0,
nm1271447,36,1.0,3,0.0,
nm12716907,36,1.0,7,0.0,
nm1272031,36,1.0,5,0.0,
nm1272032,36,1.0,6,0.0,
nm12720511,36,1.0,9,0.0,
nm12720512,36,1.0,8,0.0,
nm12720513,36,1.0,7,0.0,
nm1272418,36,1.0,1,0.0,
nm1272563,81,0.595588,8,0.0,
nm1272902,36,1.0,7,0.0,
nm1273023,36,1.0,3,0.0,
nm1273029,36,1.0,7,0.0,
nm1273365,36,1.0,5,0.0,
nm1273487,36,1.0,4,0.0,
nm1273697,36,1.0,5,0.0,
nm1273753,36,1.0,2,0.0,
nm1273830,36,1.0,2,0.0,
nm1273899,36,1.0,0,0.0,
nm1273957,36,1.0,3,0.0,
nm12745887,36,1.0,7,0.129363,
nm1274645,36,1.0,5,0.0,
nm1275337,36,1.0,2,0.0,
nm1275407,36,1.0,6,0.0,
nm12758756,36,1.0,6,0.0,
nm1276085,36,1.0,3,0.0,
nm1276093,36,1.0,8,0.0,
nm1276263,36,1.0,3,0.097674,
nm1276384,72,0.470588,1,0.0,0.0
nm1276463,36,1.0,2,0.0,
nm1276495,36,1.0,7,0.0,
nm1276538,72,0.470588,6,0.124016,0.001546
nm1276929,36,1.0,3,0.0,
nm1276933,36,1.0,4,0.0,
nm1276942,36,1.0,0,0.0,
nm1277066,36,1.0,7,0.120459,
nm1277293,36,1.0,6,0.11014,
nm12773671,36,1.0,7,0.0,
nm1277547,36,1.0,6,0.106239,
nm12776689,36,1.0,6,0.0,
nm1277705,36,1.0,8,0.100478,
nm1277856,36,1.0,4,0.0,
nm1277861,36,1.0,6,0.098592,
nm1278099,36,1.0,5,0.0,
nm12783310,36,1.0,7,0.0,
nm1278335,36,1.0,2,0.0,
nm12786858,36,1.0,6,0.0,
nm1278853,36,1.0,3,0.0,
nm12789773,36,1.0,9,0.0,
nm12789774,36,1.0,8,0.0,
nm12789775,36,1.0,7,0.0,
nm12791923,36,1.0,7,0.0,
nm1279305,36,1.0,5,0.0,
nm12793415,36,1.0,5,0.0,
nm12795750,36,1.0,3,0.0,
nm1279870,36,1.0,4,0.0,
nm12798893,36,1.0,9,0.0,
nm12798894,36,1.0,8,0.0,
nm12798895,36,1.0,7,0.0,
nm12798896,36,1.0,6,0.0,
nm12798897,36,1.0,5,0.0,
nm12798898,36,1.0,4,0.0,
nm12798899,36,1.0,3,0.0,
nm12799374,36,1.0,4,0.0,
nm1279980,36,1.0,6,0.0,
nm12800932,36,1.0,3,0.0,
nm1280360,36,1.0,5,0.0,
nm12803735,36,1.0,5,0.116022,
nm12805105,36,1.0,5,0.0,
nm12805106,36,1.0,4,0.0,
nm12805107,36,1.0,3,0.0,
nm12805108,36,1.0,2,0.0,
nm12805929,36,1.0,8,0.0,
nm1280699,36,1.0,4,0.0,
nm1281476,36,1.0,6,0.0,
nm1281490,36,1.0,7,0.0,
nm1281652,36,1.0,4,0.0,
nm1281809,36,1.0,3,0.0,
nm12822819,36,1.0,6,0.0,
nm12822820,36,1.0,5,0.0,
nm1282571,36,1.0,2,0.0,
nm1282623,36,1.0,5,0.0,
nm1282801,36,1.0,7,0.0,
nm1282863,36,1.0,5,0.098592,
nm1282927,36,1.0,6,0.0,
nm1283231,36,1.0,5,0.0,
nm1283344,36,1.0,7,0.0,
nm1283995,36,1.0,8,0.0,
nm1284734,73,0.695238,9,0.0,
nm1284828,36,1.0,3,0.0,
nm1284850,36,1.0,6,0.0,
nm1284880,36,1.0,4,0.0,
nm1284928,36,1.0,7,0.0,
nm1285140,36,1.0,6,0.0,
nm1285342,36,1.0,5,0.0,
nm1285394,36,1.0,5,0.0,
nm1285427,36,1.0,6,0.0,
nm1286167,36,1.0,4,0.0,
nm1286565,72,0.529412,3,0.0,
nm1287084,36,1.0,6,0.0,
nm12872449,36,1.0,5,0.0,
nm1287273,36,1.0,1,0.0,
nm1287358,36,1.0,3,0.0,
nm12873804,36,1.0,3,0.0,
nm12875327,36,1.0,8,0.114754,
nm12875601,36,1.0,2,0.0,
nm12875669,36,1.0,6,0.0,
nm12875670,36,1.0,5,0.0,
nm12875671,36,1.0,4,0.0,
nm1287617,36,1.0,5,0.0,
nm1287636,36,1.0,7,0.087866,
nm12876490,36,1.0,8,0.0,
nm12877113,36,1.0,5,0.105882,
nm1287787,36,1.0,2,0.0,
nm12878330,36,1.0,8,0.126761,
nm1287850,36,1.0,3,0.0,
nm1288082,36,1.0,6,0.0,
nm1288343,36,1.0,8,0.0,
nm12885248,36,1.0,6,0.088608,
nm1288928,36,1.0,7,0.0,
nm1288981,36,1.0,7,0.0,
nm1289225,36,1.0,8,0.080051,
nm1289561,36,1.0,5,0.0,
nm12900522,36,1.0,5,0.0,
nm12900988,36,1.0,3,0.0,
nm12902760,36,1.0,7,0.0,
nm1290816,72,0.470588,2,0.0,0.0
nm1290838,36,1.0,5,0.0,
nm1290912,36,1.0,4,0.0,
nm1291022,36,1.0,3,0.0,
nm12915505,36,1.0,7,0.0,
nm12915507,36,1.0,6,0.0,
nm12915509,36,1.0,5,0.0,
nm1291827,36,1.0,8,0.0,
nm1292111,36,1.0,7,0.0,
nm1292277,36,1.0,7,0.0,
nm1292302,36,1.0,7,0.0,
nm1293000,36,1.0,8,0.0,
nm1293128,36,1.0,6,0.0,
nm1293137,36,1.0,5,0.0,
nm12931715,36,1.0,7,0.0,
nm1293177,36,1.0,4,0.0,
nm1293353,36,1.0,9,0.0,
nm1293644,36,1.0,6,0.0,
nm12937054,36,1.0,8,0.0,
nm12938880,36,1.0,6,0.0,
nm12940452,36,1.0,3,0.0,
nm1294099,72,0.470588,9,0.0,0.000237
nm12942399,36,1.0,3,0.0,
nm1295237,36,1.0,5,0.0,
nm1295381,36,1.0,6,0.0,
nm1295827,36,1.0,1,0.093611,
nm1296233,36,1.0,1,0.0,
nm1296300,188,0.535613,6,0.0,0.000255
nm12963100,36,1.0,7,0.0,
nm12969035,36,1.0,6,0.0,
nm12971104,36,1.0,5,0.095745,
nm12973204,36,1.0,7,0.0,
nm1297976,36,1.0,3,0.0,
nm1298052,144,0.242017,2,0.132353,0.001777
nm1298177,36,1.0,6,0.0,
nm1298369,36,1.0,8,0.0,
nm1298458,36,1.0,7,0.0,
nm1298582,36,1.0,4,0.0,
nm1299248,36,1.0,5,0.0,
nm1299704,36,1.0,2,0.0,
nm1299912,36,1.0,5,0.0,
nm1300009,36,1.0,8,0.0,
nm1300136,36,1.0,4,0.0,
nm1300254,36,1.0,8,0.0,
nm1300458,36,1.0,4,0.0,
nm1300650,36,1.0,3,0.0,
nm1300736,36,1.0,6,0.0,
nm1301218,36,1.0,5,0.048951,
nm1301857,36,1.0,5,0.0,
nm1302330,186,0.187879,2,0.136069,0.002775
nm1302331,36,1.0,8,0.10311,
nm13023905,36,1.0,9,0.129363,
nm1302654,36,1.0,6,0.0,
nm13030700,36,1.0,6,0.0,
nm13030701,36,1.0,5,0.0,
nm1303080,36,1.0,1,0.0,
nm1303216,36,1.0,2,0.0,
nm1303310,36,1.0,5,0.0,
nm1303331,36,1.0,2,0.0,
nm1303340,36,1.0,2,0.0,
nm1303433,36,1.0,8,0.116236,
nm13037711,36,1.0,4,0.0,
nm1303982,36,1.0,2,0.0,
nm1303983,36,1.0,3,0.0,
nm13041068,36,1.0,5,0.0,
nm13041069,36,1.0,4,0.0,
nm13045531,36,1.0,5,0.0,
nm1305012,36,1.0,7,0.0,
nm13051033,36,1.0,5,0.0,
nm1305153,36,1.0,5,0.0,
nm1306019,36,1.0,4,0.0,
nm13062881,72,0.529412,6,0.0,
nm1306744,36,1.0,3,0.0,
nm13068828,36,1.0,6,0.104132,
nm13071294,36,1.0,5,0.0,
nm1307560,36,1.0,7,0.0,
nm13076967,36,1.0,5,0.0,
nm1308017,36,1.0,5,0.0,
nm13080862,36,1.0,4,0.0,
nm13081288,36,1.0,9,0.0,
nm13090699,36,1.0,5,0.0,
nm13093242,36,1.0,4,0.0,
nm13094977,36,1.0,7,0.0,
nm13094978,36,1.0,6,0.0,
nm13094979,36,1.0,5,0.0,
nm13100499,36,1.0,2,0.0,
nm13102324,36,1.0,9,0.0,
nm13104978,36,1.0,2,0.0,
nm1310525,36,1.0,8,0.0,
nm1310530,36,1.0,8,0.06409,
nm13106812,36,1.0,6,0.0,
nm1310741,36,1.0,5,0.0,
nm13113295,36,1.0,8,0.110333,
nm1311741,72,0.470588,2,0.0,0.0
nm13118042,36,1.0,7,0.0,
nm1311933,36,1.0,1,0.0,
nm1311946,36,1.0,7,0.0,
nm13120332,36,1.0,8,0.0,
nm13131071,36,1.0,6,0.0,
nm13131072,36,1.0,5,0.0,
nm1313509,36,1.0,7,0.0,
nm13139997,36,1.0,7,0.111901,
nm13142702,36,1.0,5,0.104651,
nm1314276,72,0.470588,7,0.0,0.0
nm1314352,36,1.0,4,0.0,
nm13154954,36,1.0,8,0.0,
nm13154959,36,1.0,7,0.0,
nm13154960,36,1.0,6,0.0,
nm13154963,36,1.0,5,0.0,
nm13154970,36,1.0,4,0.0,
nm13154973,36,1.0,3,0.0,
nm13154976,36,1.0,2,0.0,
nm13154981,36,1.0,1,0.0,
nm13154982,36,1.0,0,0.0,
nm1315788,36,1.0,7,0.0,
nm1315893,36,1.0,8,0.0,
nm13159338,36,1.0,7,0.0,
nm1316038,36,1.0,8,0.0,
nm1316170,36,1.0,5,0.0,
nm1316701,36,1.0,3,0.0,
nm1316789,36,1.0,5,0.0,
nm1316863,36,1.0,2,0.0,
nm13182919,36,1.0,5,0.0,
nm1318410,36,1.0,7,0.0,
nm1318578,36,1.0,6,0.083444,
nm13185944,36,1.0,3,0.058605,
nm1318798,36,1.0,2,0.0,
nm13189915,36,1.0,6,0.0,
nm1319395,36,1.0,5,0.0,
nm1320210,36,1.0,2,0.0,
nm1320600,36,1.0,3,0.0,
nm13206225,36,1.0,2,0.0,
nm1320827,36,1.0,4,0.091971,
nm1320935,36,1.0,1,0.0,
nm1321097,36,1.0,9,0.0,
nm1321104,72,0.470588,2,0.0,0.0
nm13213079,36,1.0,7,0.0,
nm13213269,36,1.0,6,0.119772,
nm13216512,36,1.0,6,0.113924,
nm13221173,36,1.0,8,0.0,
nm1322135,72,0.470588,6,0.0,1.6e-05
nm1322483,36,1.0,4,0.0,
nm1322499,36,1.0,5,0.0,
nm13234489,36,1.0,5,0.0,
nm13234490,36,1.0,4,0.0,
nm13234491,36,1.0,3,0.0,
nm13234492,36,1.0,2,0.0,
nm13234493,36,1.0,1,0.0,
nm13234494,36,1.0,0,0.0,
nm13235225,36,1.0,7,0.0,
nm13235226,36,1.0,6,0.0,
nm13237493,36,1.0,5,0.0,
nm1323901,36,1.0,4,0.0,
nm13244816,36,1.0,6,0.0,
nm13245159,36,1.0,4,0.0,
nm13245550,36,1.0,8,0.0,
nm1324819,36,1.0,4,0.0,
nm13252834,36,1.0,6,0.116451,
nm1326000,36,1.0,6,0.120459,
nm1326428,36,1.0,9,0.0,
nm1326535,36,1.0,7,0.110333,
nm1326732,36,1.0,2,0.0,
nm1327526,36,1.0,5,0.0,
nm13277930,36,1.0,7,0.0,
nm13278693,36,1.0,4,0.0,
nm1328076,36,1.0,6,0.0,
nm13281810,36,1.0,5,0.121387,
nm13282550,36,1.0,5,0.119772,
nm1328568,36,1.0,9,0.0,
nm1328726,36,1.0,8,0.070156,
nm13287656,36,1.0,6,0.110915,
nm13291085,36,1.0,7,0.0,
nm13294276,36,1.0,9,0.0,
nm1330276,108,0.307692,1,0.106419,0.0
nm13303127,36,1.0,5,0.0,
nm13303128,36,1.0,4,0.0,
nm1330495,36,1.0,5,0.0,
nm1330681,36,1.0,7,0.0,
nm1331316,72,0.470588,9,0.070707,0.0
nm13321144,36,1.0,5,0.104132,
nm13321450,36,1.0,6,0.0,
nm13323597,36,1.0,6,0.0,
nm13326221,36,1.0,6,0.0,
nm1333017,73,0.477124,7,0.1008,0.000387
nm13330799,36,1.0,5,0.0,
nm13331827,36,1.0,5,0.0,
nm1333687,72,0.470588,8,0.135776,0.005242
nm1334056,36,1.0,6,0.0,
nm1334235,36,1.0,8,0.10396,
nm1334389,36,1.0,8,0.121387,
nm13344987,36,1.0,7,0.0,
nm13344988,36,1.0,6,0.0,
nm13344989,36,1.0,5,0.0,
nm13344992,36,1.0,4,0.0,
nm13344995,36,1.0,3,0.0,
nm13347280,36,1.0,2,0.0,
nm13350083,36,1.0,3,0.0,
nm1335091,36,1.0,6,0.116667,
nm1335387,36,1.0,7,0.115385,
nm1335581,36,1.0,5,0.106961,
nm1335704,72,0.470588,8,0.136069,0.002909
nm13357370,36,1.0,8,0.0,
nm1335996,36,1.0,3,0.0,
nm13361752,36,1.0,6,0.096626,
nm1336617,36,1.0,2,0.0,
nm13370157,36,1.0,7,0.0,
nm1337113,36,1.0,3,0.0,
nm13372705,36,1.0,7,0.086777,
nm1338476,36,1.0,5,0.0,
nm13385756,36,1.0,3,0.0,
nm13385761,36,1.0,2,0.0,
nm1338684,36,1.0,4,0.0,
nm13390054,36,1.0,2,0.0,
nm1339257,36,1.0,7,0.0,
nm13394289,36,1.0,6,0.0,
nm13394299,36,1.0,5,0.0,
nm13396716,36,1.0,8,0.0,
nm13398468,36,1.0,6,0.0,
nm1340370,72,0.470588,8,0.078652,5.6e-05
nm13403827,36,1.0,5,0.0,
nm1340424,36,1.0,5,0.0,
nm1340738,36,1.0,7,0.0,
nm13414064,36,1.0,8,0.0,
nm13414070,36,1.0,7,0.0,
nm13414098,36,1.0,6,0.0,
nm13414099,36,1.0,5,0.0,
nm13414100,36,1.0,4,0.0,
nm13414103,36,1.0,3,0.0,
nm13414110,36,1.0,2,0.0,
nm13414154,36,1.0,1,0.0,
nm1341442,36,1.0,3,0.0,
nm1341478,36,1.0,5,0.0,
nm13416347,36,1.0,6,0.080769,
nm13416350,36,1.0,4,0.121387,
nm13416804,36,1.0,5,0.0,
nm13423729,36,1.0,8,0.0,
nm1342784,36,1.0,7,0.0,
nm1343925,36,1.0,6,0.0,
nm1344302,36,1.0,4,0.0,
nm13445593,144,0.256684,3,0.0,0.0
nm1345062,36,1.0,6,0.0,
nm1345839,146,0.276515,4,0.0,0.000753
nm13462877,36,1.0,4,0.0,
nm13462879,36,1.0,3,0.0,
nm13462880,36,1.0,2,0.0,
nm13465094,36,1.0,6,0.0,
nm13470010,36,1.0,7,0.110915,
nm1347556,36,1.0,3,0.0,
nm13478914,36,1.0,7,0.0,
nm1348500,36,1.0,4,0.0,
nm13499866,36,1.0,8,0.0,
nm13504762,36,1.0,5,0.1008,
nm13511735,36,1.0,7,0.0,
nm1351206,72,0.470588,1,0.0,0.0006
nm1351922,36,1.0,6,0.0,
nm1352128,72,0.470588,2,0.0,0.0
nm1352343,36,1.0,1,0.0,
nm13526544,36,1.0,1,0.0,
nm1352696,36,1.0,4,0.0,
nm1352826,36,1.0,5,0.0,
nm1352900,36,1.0,8,0.077111,
nm1352922,36,1.0,5,0.0,
nm13529235,36,1.0,4,0.119772,
nm1353689,36,1.0,6,0.0,
nm13536956,36,1.0,5,0.0,
nm1354301,36,1.0,4,0.0,
nm1354359,36,1.0,6,0.046667,
nm1354491,36,1.0,9,0.0,
nm13545603,36,1.0,7,0.112299,
nm1354843,36,1.0,4,0.0,
nm13552091,72,0.470588,4,0.0,0.0
nm13561965,36,1.0,3,0.0,
nm1356465,36,1.0,4,0.0,
nm1357161,36,1.0,4,0.0,
nm13575723,36,1.0,5,0.0,
nm1357627,36,1.0,5,0.0,
nm1357740,36,1.0,8,0.0,
nm1358225,36,1.0,6,0.062008,
nm13582281,36,1.0,1,0.0,
nm13582282,36,1.0,0,0.0,
nm13584481,36,1.0,5,0.0,
nm1358539,36,1.0,4,0.0,
nm1359508,36,1.0,3,0.0,
nm1359601,36,1.0,6,0.060461,
nm1359720,36,1.0,5,0.0,
nm1359992,36,1.0,5,0.0,
nm1360611,36,1.0,7,0.12831,
nm13609822,36,1.0,6,0.0,
nm13609823,36,1.0,5,0.0,
nm1361049,36,1.0,3,0.0,
nm13611673,36,1.0,7,0.0,
nm13611674,36,1.0,6,0.0,
nm13611675,36,1.0,5,0.0,
nm13611676,36,1.0,4,0.0,
nm13616526,36,1.0,5,0.088359,
nm1361690,36,1.0,7,0.0,
nm13619547,36,1.0,8,0.0,
nm13621188,36,1.0,4,0.0,
nm13626645,36,1.0,4,0.0,
nm1362698,36,1.0,7,0.0,
nm1363680,36,1.0,8,0.121857,
nm1363764,36,1.0,4,0.0,
nm1363801,76,0.496732,5,0.0,0.000272
nm13639290,36,1.0,7,0.0,
nm13639493,36,1.0,7,0.0,
nm13639494,36,1.0,6,0.0,
nm13639495,36,1.0,5,0.0,
nm13639496,36,1.0,4,0.0,
nm13639497,36,1.0,3,0.0,
nm13639498,36,1.0,2,0.0,
nm13639499,36,1.0,1,0.0,
nm13639500,36,1.0,0,0.0,
nm1364109,36,1.0,3,0.0,
nm13642852,36,1.0,4,0.0,
nm1364532,36,1.0,8,0.0,
nm1364624,36,1.0,8,0.0,
nm1364645,36,1.0,6,0.0,
nm1364748,36,1.0,4,0.0,
nm13652346,36,1.0,5,0.0,
nm13656111,36,1.0,3,0.0,
nm13656295,36,1.0,6,0.0,
nm1366317,72,0.470588,5,0.135484,0.003123
nm1366328,36,1.0,8,0.0,
nm1366376,74,0.48366,5,0.0,0.000116
nm13665356,36,1.0,4,0.0,
nm1366568,36,1.0,3,0.0,
nm13667899,36,1.0,9,0.0,
nm1366855,36,1.0,3,0.0,
nm1367145,36,1.0,5,0.0,
nm1367313,73,0.477124,3,0.0,0.0
nm13674212,36,1.0,4,0.0,
nm1367490,36,1.0,4,0.0,
nm1367625,36,1.0,7,0.0,
nm1367730,36,1.0,7,0.12831,
nm13677590,36,1.0,5,0.0,
nm13677722,36,1.0,9,0.0,
nm1367802,36,1.0,3,0.083554,
nm1367819,36,1.0,4,0.0,
nm1367995,36,1.0,6,0.0,
nm1368007,36,1.0,6,0.0,
nm1368152,73,0.477124,2,0.0,0.000126
nm1368581,266,0.16092,8,0.129098,0.001061
nm1369375,36,1.0,7,0.058605,
nm1370384,36,1.0,3,0.0,
nm13704769,36,1.0,6,0.0,
nm1370479,36,1.0,5,0.0,
nm1371339,36,1.0,4,0.0,
nm1371726,36,1.0,6,0.0,
nm13717836,36,1.0,3,0.0,
nm13718113,36,1.0,8,0.0,
nm1371858,77,0.566176,8,0.0,
nm13718764,36,1.0,3,0.0,
nm13718766,36,1.0,2,0.0,
nm1371957,36,1.0,8,0.0,
nm1372094,168,0.282353,9,0.0,1.1e-05
nm13721893,36,1.0,8,0.0,
nm13721902,36,1.0,7,0.0,
nm13721922,36,1.0,6,0.0,
nm13721924,36,1.0,5,0.0,
nm13721925,36,1.0,4,0.0,
nm13721928,36,1.0,3,0.0,
nm13722313,72,0.529412,2,0.0,
nm1372258,36,1.0,6,0.0,
nm13723113,36,1.0,4,0.0,
nm1372650,36,1.0,5,0.0,
nm1373003,36,1.0,7,0.0,
nm1373106,36,1.0,7,0.0,
nm1373129,36,1.0,8,0.0,
nm13732389,36,1.0,8,0.0,
nm13736107,36,1.0,7,0.0,
nm13736108,36,1.0,6,0.0,
nm13736109,36,1.0,5,0.0,
nm1374743,36,1.0,5,0.063959,
nm1375309,36,1.0,7,0.0,
nm1375492,36,1.0,2,0.0,
nm1375686,72,0.470588,2,0.0,0.0
nm13759812,36,1.0,6,0.077111,
nm13763737,36,1.0,5,0.089235,
nm13764157,36,1.0,4,0.0,
nm13764565,36,1.0,5,0.0,
nm13769757,36,1.0,4,0.0,
nm1376997,36,1.0,7,0.0,
nm13770118,36,1.0,0,0.0,
nm13774145,36,1.0,7,0.0,
nm1378329,36,1.0,6,0.106239,
nm1379364,36,1.0,3,0.0,
nm13795299,36,1.0,7,0.0,
nm13798094,36,1.0,2,0.0,
nm1379894,72,0.470588,9,0.0,0.0
nm13800734,36,1.0,8,0.0,
nm13800735,36,1.0,7,0.0,
nm13800736,36,1.0,6,0.0,
nm13801747,36,1.0,6,0.0,
nm13808563,36,1.0,9,0.087137,
nm13808564,36,1.0,8,0.087137,
nm13808565,36,1.0,7,0.087137,
nm13808568,36,1.0,6,0.087137,
nm13808569,36,1.0,5,0.087137,
nm13808571,36,1.0,4,0.087137,
nm13812483,36,1.0,6,0.0,
nm13812486,36,1.0,5,0.0,
nm13812489,36,1.0,4,0.0,
nm13812490,36,1.0,3,0.0,
nm13812491,36,1.0,2,0.0,
nm13812494,36,1.0,1,0.0,
nm13812748,36,1.0,6,0.0,
nm13812781,36,1.0,5,0.0,
nm13815452,36,1.0,3,0.0,
nm13818625,36,1.0,7,0.0,
nm1382072,36,1.0,8,0.0,
nm1382197,36,1.0,1,0.0,
nm13825251,36,1.0,7,0.12426,
nm13827946,36,1.0,7,0.077111,
nm1382817,36,1.0,6,0.0,
nm1383799,36,1.0,7,0.057904,
nm1383801,36,1.0,6,0.11014,
nm1383883,36,1.0,5,0.0,
nm13846305,36,1.0,8,0.0,
nm1384939,36,1.0,6,0.054124,
nm13857028,36,1.0,8,0.0,
nm13857691,36,1.0,3,0.0,
nm13859587,36,1.0,5,0.0,
nm13859588,36,1.0,4,0.0,
nm1386721,66,0.725275,9,0.098592,
nm13868268,36,1.0,8,0.0,
nm1386893,36,1.0,8,0.0,
nm13870415,36,1.0,8,0.116022,
nm1387232,36,1.0,3,0.0,
nm1387306,36,1.0,7,0.086538,
nm13874707,36,1.0,5,0.0,
nm1387552,36,1.0,4,0.057117,
nm1387739,36,1.0,7,0.0,
nm1387864,36,1.0,6,0.0,
nm1388135,36,1.0,5,0.0,
nm1388202,187,0.207087,8,0.129098,0.001877
nm13883407,36,1.0,7,0.0,
nm13883408,36,1.0,6,0.0,
nm13883409,36,1.0,5,0.0,
nm1388343,36,1.0,9,0.0,
nm1388345,36,1.0,1,0.0,
nm1388463,72,0.470588,5,0.112299,0.000331
nm13888569,36,1.0,8,0.0,
nm1388927,36,1.0,5,0.055166,
nm13893265,36,1.0,5,0.0,
nm1389891,36,1.0,5,0.0,
nm1390180,97,0.713235,12,0.0,
nm1390742,36,1.0,8,0.0,
nm1391032,36,1.0,4,0.0,
nm1391248,36,1.0,5,0.0,
nm13913126,36,1.0,7,0.0,
nm13913127,36,1.0,6,0.0,
nm13913129,36,1.0,5,0.0,
nm13916854,36,1.0,6,0.0,
nm1392076,36,1.0,3,0.0,
nm1392366,36,1.0,9,0.0,
nm1392596,36,1.0,7,0.0,
nm1392985,36,1.0,7,0.0,
nm13930592,36,1.0,6,0.0,
nm13931649,36,1.0,0,0.0,
nm1393947,36,1.0,4,0.0,
nm1394379,36,1.0,7,0.0,
nm13944689,36,1.0,4,0.089235,
nm13946181,36,1.0,4,0.0,
nm13947348,36,1.0,3,0.0,
nm13948709,36,1.0,7,0.0,
nm1395655,36,1.0,6,0.0,
nm1395806,36,1.0,9,0.0,
nm1395864,36,1.0,6,0.0,
nm1395952,36,1.0,8,0.0,
nm1396004,72,0.470588,4,0.0,2e-06
nm13961995,36,1.0,8,0.0,
nm13970801,36,1.0,3,0.0,
nm13970802,36,1.0,2,0.0,
nm13970803,36,1.0,1,0.0,
nm1397299,36,1.0,7,0.087017,
nm1397536,36,1.0,6,0.109565,
nm1397645,36,1.0,7,0.0,
nm1397705,36,1.0,8,0.0,
nm13983298,36,1.0,6,0.0,
nm1398736,36,1.0,9,0.109185,
nm1399007,36,1.0,7,0.07,
nm1399111,107,0.422925,6,0.0,0.000847
nm1399243,73,0.477124,3,0.133758,0.000681
nm1399871,36,1.0,4,0.0,
nm1399885,36,1.0,7,0.0,
nm14002879,36,1.0,7,0.0,
nm14002880,36,1.0,6,0.0,
nm14002881,36,1.0,5,0.0,
nm14002882,36,1.0,4,0.0,
nm14002883,36,1.0,3,0.0,
nm14002885,36,1.0,2,0.0,
nm14007687,36,1.0,7,0.0,
nm1401022,36,1.0,5,0.0,
nm1401154,36,1.0,8,0.0,
nm14011692,36,1.0,7,0.0,
nm14014076,36,1.0,8,0.0,
nm1401493,36,1.0,7,0.0,
nm1401547,36,1.0,8,0.0,
nm1401729,36,1.0,4,0.0,
nm1401864,36,1.0,3,0.0,
nm1401969,72,0.470588,3,0.0,6e-06
nm14019957,36,1.0,8,0.086538,
nm14020378,36,1.0,9,0.118868,
nm1403009,36,1.0,7,0.0,
nm1403057,36,1.0,7,0.0,
nm1403631,36,1.0,7,0.0,
nm1403664,36,1.0,5,0.0,
nm14037831,36,1.0,7,0.0,
nm1403803,36,1.0,6,0.0,
nm14041993,36,1.0,4,0.0,
nm14043187,36,1.0,7,0.0,
nm1404509,36,1.0,4,0.0,
nm14060207,36,1.0,7,0.0,
nm14060208,36,1.0,6,0.0,
nm14060209,36,1.0,5,0.0,
nm14060210,36,1.0,4,0.0,
nm14060220,36,1.0,3,0.0,
nm1406650,36,1.0,3,0.0,
nm1407212,36,1.0,8,0.0,
nm14072241,36,1.0,6,0.112299,
nm14078127,36,1.0,4,0.0,
nm14079188,36,1.0,7,0.106239,
nm1408453,36,1.0,6,0.098746,
nm1409024,36,1.0,6,0.0,
nm14106130,36,1.0,5,0.100478,
nm14106372,36,1.0,4,0.0,
nm1411125,36,1.0,5,0.062315,
nm14111607,36,1.0,3,0.0,
nm1411540,36,1.0,8,0.0,
nm1411541,36,1.0,7,0.0,
nm1411545,36,1.0,7,0.0,
nm1411548,36,1.0,7,0.116451,
nm1411679,36,1.0,5,0.0,
nm14117849,36,1.0,7,0.104132,
nm1411829,36,1.0,8,0.0,
nm14118468,36,1.0,6,0.119545,
nm1412815,36,1.0,5,0.0,
nm1412926,36,1.0,2,0.0,
nm1413394,72,0.470588,8,0.0,1.8e-05
nm14138362,36,1.0,3,0.107692,
nm14138368,36,1.0,2,0.107692,
nm14139649,36,1.0,5,0.0,
nm1414289,36,1.0,6,0.0,
nm1414471,36,1.0,4,0.0,
nm1415008,36,1.0,9,0.0,
nm14154573,36,1.0,5,0.0,
nm14154574,36,1.0,4,0.0,
nm14154577,36,1.0,3,0.0,
nm14154581,36,1.0,2,0.0,
nm14154583,36,1.0,1,0.0,
nm1415924,36,1.0,5,0.0,
nm1415962,36,1.0,2,0.0,
nm1416640,225,0.227273,9,0.0,0.000178
nm1416903,72,0.470588,9,0.0,0.0
nm14170032,36,1.0,2,0.0,
nm1417182,143,0.254902,5,0.0,4.6e-05
nm1417314,36,1.0,8,0.115596,
nm14176584,36,1.0,7,0.0,
nm14176586,36,1.0,6,0.0,
nm14176590,36,1.0,5,0.0,
nm14176594,36,1.0,4,0.0,
nm14176597,36,1.0,3,0.0,
nm1417931,36,1.0,6,0.0,
nm14181186,36,1.0,5,0.116022,
nm14183742,36,1.0,7,0.0,
nm1418952,36,1.0,4,0.106961,
nm1419300,36,1.0,8,0.121154,
nm14194142,36,1.0,7,0.0,
nm1420358,36,1.0,1,0.0,
nm14207356,36,1.0,9,0.0,
nm1421465,36,1.0,6,0.115385,
nm14214689,36,1.0,6,0.0,
nm14214690,36,1.0,5,0.0,
nm14214691,36,1.0,4,0.0,
nm14214692,36,1.0,3,0.0,
nm14214693,36,1.0,2,0.0,
nm14214694,36,1.0,1,0.0,
nm1421951,36,1.0,4,0.0,
nm1422176,36,1.0,7,0.0,
nm1422320,36,1.0,5,0.06409,
nm1422338,36,1.0,4,0.0,
nm1422956,36,1.0,8,0.0,
nm14245592,36,1.0,6,0.0,
nm1424624,36,1.0,7,0.0,
nm14250625,36,1.0,5,0.0,
nm14251621,36,1.0,6,0.0,
nm1425287,36,1.0,6,0.0,
nm1425346,36,1.0,5,0.0,
nm1426040,36,1.0,9,0.0,
nm14260747,36,1.0,8,0.0,
nm1426323,36,1.0,4,0.104305,
nm14264488,36,1.0,5,0.0,
nm1426536,36,1.0,7,0.0,
nm14277163,36,1.0,7,0.0,
nm14277165,36,1.0,6,0.0,
nm14277167,36,1.0,5,0.0,
nm1427785,36,1.0,6,0.0,
nm1428706,36,1.0,4,0.0,
nm1428724,265,0.160315,9,0.133758,0.003154
nm1428821,36,1.0,7,0.0,
nm1429380,36,1.0,5,0.0,
nm1429402,36,1.0,5,0.0,
nm1429888,36,1.0,2,0.0,
nm14302006,36,1.0,7,0.0,
nm14302137,36,1.0,6,0.0,
nm14302138,36,1.0,5,0.0,
nm14302139,36,1.0,4,0.0,
nm14302141,36,1.0,3,0.0,
nm14302146,36,1.0,2,0.0,
nm14304267,36,1.0,7,0.0,
nm14306495,36,1.0,7,0.0,
nm14306553,36,1.0,6,0.0,
nm14308036,36,1.0,7,0.0,
nm14308037,36,1.0,6,0.0,
nm14308038,36,1.0,5,0.0,
nm14315472,36,1.0,7,0.080051,
nm1431568,36,1.0,5,0.116667,
nm1431772,36,1.0,6,0.121387,
nm1431940,36,1.0,4,0.0,
nm1432283,72,0.470588,5,0.119772,0.000153
nm1432432,107,0.356667,2,0.0,1e-06
nm1432530,36,1.0,8,0.117978,
nm1432578,73,0.477124,4,0.126761,0.000158
nm14326385,36,1.0,7,0.0,
nm1432775,36,1.0,6,0.0,
nm1432957,72,0.470588,8,0.103789,0.000555
nm14333923,36,1.0,6,0.0,
nm14333924,36,1.0,5,0.0,
nm1433658,36,1.0,3,0.0,
nm14341508,36,1.0,1,0.0,
nm1434372,111,0.37,4,0.125,0.000192
nm1434433,36,1.0,7,0.114754,
nm1434526,36,1.0,5,0.0,
nm1434871,36,1.0,7,0.0,
nm14350109,36,1.0,7,0.0,
nm1435269,36,1.0,6,0.0,
nm1436194,36,1.0,7,0.105175,
nm14365844,36,1.0,3,0.0,
nm14371606,36,1.0,7,0.110526,
nm1437257,36,1.0,4,0.0,
nm1437387,36,1.0,5,0.0,
nm1438370,36,1.0,7,0.0,
nm1438556,36,1.0,4,0.0,
nm1438839,36,1.0,7,0.0,
nm1439204,36,1.0,6,0.0,
nm1439400,36,1.0,3,0.0,
nm1439721,36,1.0,5,0.099057,
nm1440098,36,1.0,6,0.0,
nm1440805,36,1.0,6,0.0,
nm1441419,36,1.0,9,0.0,
nm1441836,36,1.0,4,0.0,
nm1441852,36,1.0,3,0.0,
nm1441998,36,1.0,8,0.0,
nm1442604,36,1.0,4,0.0,
nm1442642,36,1.0,8,0.0,
nm1442720,109,0.363333,4,0.0,0.00038
nm1442840,36,1.0,8,0.0,
nm1443814,36,1.0,4,0.06409,
nm14442968,36,1.0,6,0.0,
nm14445837,36,1.0,7,0.086538,
nm14445936,36,1.0,9,0.106599,
nm14446252,36,1.0,8,0.106599,
nm14448584,36,1.0,6,0.0,
nm1445482,36,1.0,4,0.0,
nm14456598,36,1.0,2,0.0,
nm14456599,36,1.0,1,0.0,
nm14456600,36,1.0,0,0.0,
nm1445891,36,1.0,8,0.0,
nm1446056,36,1.0,3,0.0,
nm1446238,36,1.0,8,0.0,
nm1446274,36,1.0,5,0.0,
nm1446372,57,0.863636,6,0.0,
nm14466284,36,1.0,4,0.0,
nm1446786,36,1.0,8,0.0,
nm14476655,36,1.0,2,0.0,
nm1448869,36,1.0,5,0.046667,
nm14490911,36,1.0,1,0.0,
nm1449512,36,1.0,5,0.0,
nm14495908,36,1.0,5,0.10396,
nm14502743,36,1.0,7,0.0,
nm14502745,36,1.0,6,0.0,
nm14502746,36,1.0,5,0.0,
nm14504672,36,1.0,6,0.0,
nm1450561,36,1.0,8,0.0,
nm1450630,36,1.0,8,0.0,
nm1450944,36,1.0,5,0.077111,
nm1451209,36,1.0,8,0.0,
nm1451888,72,0.470588,4,0.0,0.0
nm1452155,36,1.0,4,0.0,
nm1452229,36,1.0,7,0.0,
nm1452246,36,1.0,7,0.0,
nm1452260,36,1.0,3,0.0,
nm14523947,36,1.0,8,0.0,
nm1453507,72,0.529412,9,0.0,
nm1453887,36,1.0,5,0.0,
nm14542870,36,1.0,6,0.0,
nm1454306,36,1.0,5,0.0,
nm1454326,36,1.0,6,0.0,
nm1454881,36,1.0,8,0.0,
nm1455087,36,1.0,5,0.0,
nm1455328,36,1.0,7,0.0,
nm14558027,36,1.0,8,0.0,
nm1455865,36,1.0,7,0.0,
nm1456114,36,1.0,5,0.0,
nm1456554,36,1.0,7,0.0,
nm1457030,36,1.0,6,0.0,
nm1457088,36,1.0,6,0.0,
nm1457647,36,1.0,2,0.0,
nm1457831,36,1.0,4,0.0,
nm1458115,36,1.0,2,0.0,
nm1458668,36,1.0,6,0.0,
nm14588601,36,1.0,6,0.0,
nm1459609,190,0.220674,4,0.13125,0.001196
nm1459703,36,1.0,6,0.0,
nm1459739,36,1.0,6,0.0,
nm14599484,72,0.470588,4,0.116022,0.0
nm1460131,36,1.0,4,0.0,
nm1460173,36,1.0,0,0.0,
nm1460419,36,1.0,7,0.0,
nm1460660,36,1.0,5,0.0,
nm1460782,36,1.0,7,0.0,
nm1460856,36,1.0,6,0.0,
nm1461177,36,1.0,6,0.0,
nm1462135,36,1.0,2,0.0,
nm1462159,36,1.0,7,0.0,
nm1462983,36,1.0,7,0.082677,
nm14632978,36,1.0,6,0.087137,
nm1463376,36,1.0,0,0.0,
nm1463711,36,1.0,7,0.0,
nm1463818,36,1.0,7,0.057904,
nm1464310,36,1.0,7,0.0,
nm1465001,36,1.0,5,0.0,
nm14650628,36,1.0,9,0.0,
nm14650629,36,1.0,8,0.0,
nm14650630,36,1.0,7,0.0,
nm14650632,36,1.0,6,0.0,
nm14651084,36,1.0,4,0.0,
nm1465166,36,1.0,6,0.0,
nm1465580,36,1.0,7,0.0,
nm14657364,36,1.0,8,0.118868,
nm14657366,36,1.0,7,0.118868,
nm14657367,36,1.0,6,0.118868,
nm1465831,36,1.0,5,0.087137,
nm1466093,72,0.470588,2,0.0,0.000884
nm1466156,36,1.0,7,0.0,
nm1466372,36,1.0,7,0.0,
nm1466801,36,1.0,8,0.0,
nm1466902,36,1.0,3,0.106961,
nm14669789,36,1.0,6,0.0,
nm1467875,36,1.0,5,0.0,
nm1468386,36,1.0,6,0.0,
nm1468674,36,1.0,6,0.077111,
nm14691872,36,1.0,5,0.061523,
nm1469262,36,1.0,2,0.0,
nm14713743,36,1.0,8,0.0,
nm1471547,108,0.332308,3,0.0,3.1e-05
nm1471776,72,0.470588,7,0.0,0.0
nm1472177,72,0.470588,5,0.0,4e-06
nm1472487,36,1.0,6,0.0,
nm1473114,36,1.0,8,0.0,
nm1473166,72,0.470588,1,0.0,7.8e-05
nm1474022,36,1.0,4,0.0,
nm14745292,36,1.0,5,0.112299,
nm1474596,36,1.0,6,0.087017,
nm1474788,36,1.0,6,0.104305,
nm14749458,36,1.0,7,0.0,
nm14749459,36,1.0,6,0.0,
nm14749461,36,1.0,5,0.0,
nm14749462,36,1.0,4,0.0,
nm1475260,36,1.0,6,0.12831,
nm14752745,36,1.0,8,0.0,
nm14753470,36,1.0,7,0.058279,
nm1475361,36,1.0,3,0.0,
nm1475385,148,0.248739,8,0.0,0.000933
nm14754835,36,1.0,7,0.0,
nm1475556,36,1.0,6,0.0,
nm14760562,36,1.0,8,0.0,
nm1476388,36,1.0,1,0.0,
nm1476546,36,1.0,5,0.0,
nm1476601,36,1.0,6,0.0,
nm1476804,36,1.0,3,0.0,
nm1476806,36,1.0,6,0.096183,
nm1476947,36,1.0,4,0.0,
nm14776725,36,1.0,6,0.0,
nm1477854,36,1.0,2,0.0,
nm1478149,36,1.0,2,0.0,
nm1478916,36,1.0,7,0.0,
nm1478954,36,1.0,7,0.087137,
nm14804311,36,1.0,7,0.0,
nm1480694,36,1.0,4,0.0,
nm1481148,36,1.0,8,0.0,
nm1481355,36,1.0,4,0.0,
nm1481765,36,1.0,8,0.0,
nm1481802,36,1.0,1,0.0,
nm14819681,36,1.0,4,0.0,
nm14821377,36,1.0,4,0.0,
nm1482259,108,0.307692,2,0.0,0.0006
nm1482625,36,1.0,7,0.0,
nm14829966,36,1.0,7,0.0,
nm14829971,36,1.0,6,0.0,
nm14829974,36,1.0,5,0.0,
nm1482999,36,1.0,4,0.0,
nm1483861,36,1.0,2,0.0,
nm1483904,72,0.470588,2,0.0,0.0
nm14840088,36,1.0,6,0.0,
nm1484214,36,1.0,4,0.0,
nm1485628,36,1.0,2,0.0,
nm1485940,36,1.0,5,0.0,
nm1485941,36,1.0,6,0.120921,
nm1486821,36,1.0,3,0.0,
nm1486831,36,1.0,6,0.0,
nm14869367,36,1.0,5,0.0,
nm14871370,36,1.0,4,0.0,
nm14871372,36,1.0,3,0.0,
nm1488034,36,1.0,1,0.0,
nm1488876,36,1.0,8,0.0,
nm1490478,36,1.0,0,0.0,
nm1490505,36,1.0,8,0.0,
nm14906316,36,1.0,7,0.0,
nm1491156,36,1.0,7,0.0,
nm1491167,36,1.0,4,0.0,
nm14917817,36,1.0,2,0.0,
nm14918418,36,1.0,9,0.12069,
nm14919724,36,1.0,5,0.0,
nm14919725,36,1.0,4,0.0,
nm1492093,36,1.0,6,0.0,
nm1492496,36,1.0,6,0.0,
nm14927442,36,1.0,6,0.0,
nm14927520,36,1.0,5,0.0,
nm1493163,36,1.0,5,0.0,
nm1493738,36,1.0,5,0.0,
nm1493873,36,1.0,7,0.111111,
nm1493896,36,1.0,6,0.0,
nm1494072,36,1.0,5,0.0,
nm14941130,36,1.0,7,0.0,
nm1494542,36,1.0,6,0.0,
nm14946689,36,1.0,7,0.0,
nm1494687,36,1.0,5,0.0,
nm1495175,36,1.0,5,0.077111,
nm1495359,36,1.0,6,0.0,
nm1495475,36,1.0,5,0.0,
nm14954806,36,1.0,5,0.0,
nm14954807,36,1.0,4,0.0,
nm14954808,36,1.0,3,0.0,
nm1496115,36,1.0,7,0.0,
nm1497328,36,1.0,5,0.087744,
nm1499401,36,1.0,2,0.0,
nm14997692,36,1.0,7,0.100639,
nm1500155,36,1.0,4,0.0,
nm1500361,36,1.0,7,0.0,
nm1500446,36,1.0,3,0.0,
nm1500638,36,1.0,6,0.0,
nm15009993,36,1.0,3,0.0,
nm15016167,36,1.0,3,0.0,
nm1501738,36,1.0,5,0.086538,
nm1501881,36,1.0,6,0.0,
nm1502218,36,1.0,7,0.0,
nm15022703,36,1.0,4,0.0,
nm1502351,36,1.0,7,0.0,
nm1504747,36,1.0,6,0.0,
nm1504885,36,1.0,5,0.0,
nm1504972,36,1.0,8,0.0,
nm1504987,36,1.0,9,0.11014,
nm1505002,73,0.608333,8,0.0,
nm1505297,36,1.0,6,0.0,
nm1505370,36,1.0,4,0.0,
nm15054731,36,1.0,7,0.0,
nm1507882,72,0.470588,4,0.0,1.2e-05
nm1507920,36,1.0,6,0.0,
nm1509057,36,1.0,4,0.0,
nm1509089,36,1.0,7,0.0,
nm1510131,36,1.0,7,0.0,
nm15113363,36,1.0,5,0.088483,
nm1511554,36,1.0,4,0.0,
nm1511891,36,1.0,4,0.100478,
nm15124373,36,1.0,6,0.110915,
nm1512499,36,1.0,6,0.0,
nm1513044,36,1.0,3,0.0,
nm1513121,36,1.0,8,0.0,
nm15135802,36,1.0,5,0.0,
nm15135803,36,1.0,4,0.0,
nm15135804,36,1.0,3,0.0,
nm15135805,36,1.0,2,0.0,
nm15135806,36,1.0,1,0.0,
nm1513584,36,1.0,3,0.0,
nm1513711,36,1.0,4,0.0,
nm1513736,36,1.0,6,0.0,
nm1513899,36,1.0,3,0.09157,
nm1514052,36,1.0,5,0.0,
nm1514336,36,1.0,0,0.0,
nm1514447,74,0.544118,3,0.0,
nm1514686,72,0.470588,9,0.0,0.000147
nm1514971,36,1.0,3,0.0,
nm1515422,36,1.0,3,0.0,
nm1516058,36,1.0,5,0.110915,
nm1517134,36,1.0,4,0.0,
nm1517311,36,1.0,6,0.0,
nm1517425,36,1.0,7,0.0,
nm15176824,36,1.0,9,0.0,
nm15184229,36,1.0,6,0.086538,
nm1518573,72,0.529412,6,0.0,
nm1520977,36,1.0,5,0.066596,
nm1521381,72,0.529412,4,0.116022,
nm15215647,36,1.0,7,0.0,
nm15222408,36,1.0,4,0.0,
nm1522315,120,0.369231,4,0.127016,0.000234
nm15225419,36,1.0,6,0.051429,
nm1523195,36,1.0,8,0.0,
nm1523289,36,1.0,2,0.0,
nm15235807,36,1.0,4,0.0,
nm1523938,36,1.0,7,0.0,
nm1524484,36,1.0,6,0.0,
nm1524874,36,1.0,4,0.0,
nm1524882,36,1.0,2,0.106961,
nm1525234,36,1.0,7,0.0,
nm1525807,36,1.0,6,0.0,
nm1526225,36,1.0,6,0.0,
nm1526347,36,1.0,4,0.0,
nm1526673,36,1.0,4,0.0,
nm15269233,36,1.0,6,0.0,
nm15269621,36,1.0,7,0.0,
nm1527250,36,1.0,6,0.0,
nm1528548,36,1.0,4,0.0,
nm15292349,36,1.0,5,0.0,
nm1530182,36,1.0,3,0.0,
nm1531116,36,1.0,3,0.0,
nm15312788,36,1.0,3,0.0,
nm1531455,36,1.0,0,0.0,
nm1533194,36,1.0,4,0.0,
nm1533208,36,1.0,5,0.0,
nm15335261,36,1.0,6,0.0,
nm1533569,36,1.0,6,0.0,
nm1534063,36,1.0,3,0.0,
nm1534784,36,1.0,7,0.0,
nm1535093,36,1.0,6,0.087866,
nm15353535,36,1.0,3,0.0,
nm15353537,36,1.0,2,0.0,
nm15361931,36,1.0,4,0.0,
nm1536771,36,1.0,4,0.086538,
nm1536875,36,1.0,5,0.0,
nm1537329,36,1.0,5,0.0,
nm15376777,36,1.0,6,0.0,
nm1537947,36,1.0,7,0.0,
nm1538053,73,0.477124,4,0.0,0.0
nm1538552,36,1.0,3,0.0,
nm1539197,36,1.0,8,0.0,
nm15392421,36,1.0,5,0.0,
nm1539366,36,1.0,8,0.0,
nm1539484,36,1.0,4,0.0,
nm1539524,36,1.0,4,0.0,
nm1540540,36,1.0,4,0.0,
nm1541448,36,1.0,7,0.060519,
nm1542818,36,1.0,4,0.0,
nm1542939,36,1.0,4,0.0,
nm15433810,36,1.0,8,0.12069,
nm1543800,36,1.0,7,0.0,
nm15439491,36,1.0,4,0.116022,
nm15442597,36,1.0,6,0.0,
nm15449938,36,1.0,6,0.0,
nm15449941,36,1.0,5,0.0,
nm1546364,36,1.0,4,0.0,
nm15466514,36,1.0,5,0.0,
nm1546686,36,1.0,5,0.0,
nm15475067,36,1.0,8,0.0,
nm1548005,73,0.477124,4,0.132353,0.000308
nm1548130,36,1.0,3,0.0,
nm1548957,36,1.0,5,0.0,
nm1549177,36,1.0,7,0.0,
nm15491817,72,0.529412,7,0.0,
nm1549295,36,1.0,4,0.080873,
nm1549889,36,1.0,4,0.0,
nm1550104,117,0.39,9,0.0,1.9e-05
nm1550800,75,0.490196,8,0.110526,1e-06
nm1550913,72,0.470588,2,0.101124,0.000589
nm1550987,36,1.0,8,0.0,
nm1551852,36,1.0,2,0.0,
nm1551922,72,0.470588,3,0.091172,0.001525
nm15522051,36,1.0,4,0.0,
nm1552467,36,1.0,6,0.062253,
nm1552768,36,1.0,8,0.0,
nm1553002,36,1.0,8,0.0,
nm1553119,36,1.0,3,0.0,
nm1553376,72,0.470588,3,0.0,0.0
nm1553585,36,1.0,8,0.089872,
nm15548397,36,1.0,6,0.0,
nm1554857,36,1.0,8,0.0,
nm15551773,36,1.0,5,0.0,
nm1555340,36,1.0,4,0.066596,
nm1555699,36,1.0,8,0.0,
nm1555994,36,1.0,5,0.0,
nm15561591,36,1.0,4,0.104132,
nm1556336,36,1.0,5,0.0,
nm1557329,36,1.0,3,0.0,
nm15593387,36,1.0,6,0.0,
nm1559594,36,1.0,4,0.114338,
nm1559617,36,1.0,6,0.0,
nm15596612,36,1.0,6,0.0,
nm1559779,36,1.0,7,0.0,
nm1559782,36,1.0,3,0.114338,
nm1559927,36,1.0,3,0.0,
nm15601332,36,1.0,6,0.0,
nm15601333,36,1.0,5,0.0,
nm15601334,36,1.0,4,0.0,
nm1560269,36,1.0,6,0.0,
nm1560523,36,1.0,5,0.118868,
nm1560543,108,0.307692,1,0.068702,2e-05
nm1560591,36,1.0,2,0.0,
nm1560660,36,1.0,9,0.118644,
nm15618865,36,1.0,5,0.0,
nm15618866,36,1.0,4,0.0,
nm15626054,36,1.0,7,0.0,
nm15630549,36,1.0,4,0.112299,
nm15630552,36,1.0,3,0.112299,
nm1563455,36,1.0,5,0.0,
nm1563805,72,0.470588,1,0.0,0.0
nm1564024,36,1.0,5,0.096183,
nm1564072,36,1.0,3,0.0,
nm1564082,36,1.0,6,0.087137,
nm1564092,36,1.0,6,0.0,
nm15645588,36,1.0,7,0.0,
nm1566328,72,0.470588,6,0.0,0.0
nm1566368,72,0.470588,4,0.048951,0.0
nm1566592,36,1.0,4,0.0,
nm1567768,36,1.0,7,0.0,
nm15677957,36,1.0,3,0.116236,
nm1568415,36,1.0,8,0.111111,
nm1568421,36,1.0,6,0.0,
nm15690552,36,1.0,4,0.0,
nm15690553,36,1.0,3,0.0,
nm15693343,36,1.0,5,0.0,
nm1569756,36,1.0,6,0.086538,
nm1569942,36,1.0,2,0.0,
nm1570165,62,0.794872,7,0.110915,
nm1570191,36,1.0,6,0.0,
nm1570591,36,1.0,3,0.0,
nm1571087,36,1.0,6,0.0,
nm1571497,36,1.0,5,0.0,
nm1572044,36,1.0,1,0.0,
nm1572219,36,1.0,3,0.0,
nm1572339,36,1.0,5,0.1125,
nm1572684,36,1.0,3,0.0,
nm1572739,36,1.0,6,0.114964,
nm15728350,36,1.0,7,0.0,
nm15729779,36,1.0,3,0.109756,
nm1573418,36,1.0,5,0.0,
nm15739660,36,1.0,6,0.0,
nm15739661,36,1.0,5,0.0,
nm1574041,36,1.0,6,0.0,
nm1574386,36,1.0,6,0.0,
nm1574827,36,1.0,5,0.0,
nm1574854,72,0.470588,2,0.114338,0.00529
nm15750700,36,1.0,4,0.0,
nm1575524,36,1.0,8,0.0,
nm1575619,36,1.0,3,0.0,
nm1575994,36,1.0,5,0.0,
nm15765498,36,1.0,6,0.0,
nm1576905,36,1.0,3,0.0,
nm1577101,36,1.0,7,0.06409,
nm1577285,36,1.0,3,0.0,
nm15776358,36,1.0,9,0.0,
nm15780117,36,1.0,1,0.0,
nm1578697,36,1.0,4,0.0,
nm1578801,36,1.0,1,0.0,
nm1578920,36,1.0,3,0.0,
nm15793738,36,1.0,6,0.0,
nm1579619,36,1.0,8,0.0,
nm1579622,36,1.0,2,0.0,
nm1579661,36,1.0,8,0.0,
nm1579662,36,1.0,3,0.0,
nm1580115,80,0.761905,10,0.0,
nm1580188,36,1.0,8,0.0,
nm1580957,36,1.0,6,0.0,
nm15824100,36,1.0,6,0.0,
nm15833707,36,1.0,2,0.0,
nm1583978,36,1.0,3,0.0,
nm15840795,36,1.0,2,0.0,
nm1585829,36,1.0,7,0.0,
nm1586095,36,1.0,4,0.0,
nm15861973,36,1.0,6,0.0,
nm1586246,36,1.0,4,0.0,
nm1586491,189,0.219512,7,0.0,0.001402
nm1586516,36,1.0,3,0.0,
nm1586922,36,1.0,9,0.0,
nm1587714,36,1.0,3,0.0,
nm15878662,36,1.0,5,0.0,
nm15878665,36,1.0,4,0.0,
nm1588272,36,1.0,5,0.0,
nm15883051,36,1.0,6,0.0,
nm15883053,36,1.0,5,0.0,
nm15883054,36,1.0,4,0.0,
nm15887545,36,1.0,7,0.0,
nm15887547,36,1.0,6,0.0,
nm1589064,36,1.0,6,0.0,
nm1589151,72,0.470588,2,0.0,0.0
nm15893240,36,1.0,5,0.0,
nm15893242,36,1.0,4,0.0,
nm1589340,36,1.0,5,0.083444,
nm1589782,36,1.0,6,0.0,
nm15898967,36,1.0,3,0.0,
nm1591927,36,1.0,6,0.0,
nm1592136,36,1.0,8,0.0,
nm15921508,36,1.0,3,0.0,
nm1593379,36,1.0,5,0.054124,
nm1593487,36,1.0,5,0.0,
nm1593566,36,1.0,7,0.068553,
nm1593574,36,1.0,6,0.058279,
nm1594672,36,1.0,9,0.0,
nm1594770,36,1.0,8,0.0,
nm1595023,36,1.0,7,0.0,
nm1595493,36,1.0,2,0.0,
nm1595572,148,0.640693,5,0.0,0.000323
nm1595733,36,1.0,6,0.0,
nm1595810,36,1.0,5,0.0,
nm1595878,36,1.0,5,0.0,
nm1595910,36,1.0,8,0.0,
nm1596219,36,1.0,4,0.0,
nm1596315,36,1.0,3,0.0,
nm1596350,72,0.470588,2,0.090129,3.6e-05
nm1596707,36,1.0,6,0.0,
nm15967247,36,1.0,6,0.111111,
nm1596785,72,0.470588,1,0.0,0.0
nm1596798,36,1.0,6,0.0,
nm15972751,36,1.0,4,0.1008,
nm15979410,36,1.0,1,0.0,
nm1597989,36,1.0,5,0.0,
nm16016764,36,1.0,3,0.109185,
nm16022818,36,1.0,7,0.058659,
nm16022819,36,1.0,6,0.058659,
nm16024610,36,1.0,3,0.0,
nm16027799,36,1.0,8,0.0,
nm16027800,36,1.0,7,0.0,
nm16027801,36,1.0,6,0.0,
nm16027802,36,1.0,5,0.0,
nm1603020,36,1.0,2,0.0,
nm16030944,36,1.0,6,0.0,
nm1603145,36,1.0,2,0.0,
nm1603552,36,1.0,6,0.0,
nm1603688,72,0.470588,9,0.0,0.0
nm16049743,36,1.0,5,0.108434,
nm16090995,36,1.0,5,0.086538,
nm16114301,36,1.0,6,0.0,
nm16114302,36,1.0,5,0.0,
nm16129920,36,1.0,4,0.0,
nm16129922,36,1.0,3,0.0,
nm16129926,36,1.0,2,0.0,
nm1614974,36,1.0,7,0.0,
nm16155023,36,1.0,6,0.0,
nm16155024,36,1.0,5,0.0,
nm16156200,36,1.0,6,0.0,
nm16156202,36,1.0,5,0.0,
nm1616085,36,1.0,6,0.0,
nm1617087,36,1.0,2,0.0,
nm1617168,36,1.0,2,0.0,
nm1617208,36,1.0,4,0.0,
nm1617256,36,1.0,7,0.114964,
nm1617631,36,1.0,5,0.0,
nm1617813,36,1.0,5,0.120921,
nm1617964,72,0.470588,6,0.0,0.0
nm16189990,36,1.0,2,0.0,
nm1620756,36,1.0,5,0.066386,
nm1620762,36,1.0,9,0.0,
nm16210066,36,1.0,8,0.109185,
nm1621551,36,1.0,5,0.0,
nm16229997,36,1.0,5,0.0,
nm16230000,36,1.0,4,0.0,
nm16233939,36,1.0,7,0.0,
nm1625220,36,1.0,6,0.0,
nm1625281,36,1.0,7,0.0,
nm1625732,36,1.0,6,0.0,
nm16259818,36,1.0,2,0.0,
nm16261379,36,1.0,7,0.0,
nm16263933,36,1.0,2,0.0,
nm16267071,36,1.0,4,0.0,
nm16267073,36,1.0,3,0.0,
nm1627809,36,1.0,5,0.0,
nm1628079,36,1.0,2,0.0,
nm1630993,36,1.0,7,0.0,
nm1631269,36,1.0,5,0.094737,
nm1631281,36,1.0,6,0.0,
nm1631311,36,1.0,3,0.0,
nm1632508,36,1.0,2,0.0,
nm1632747,36,1.0,7,0.108808,
nm1632883,36,1.0,2,0.0,
nm16344328,36,1.0,9,0.0,
nm1634832,36,1.0,4,0.087989,
nm16349152,36,1.0,5,0.0,
nm16363454,36,1.0,6,0.0,
nm16365398,36,1.0,3,0.07,
nm16365399,36,1.0,2,0.07,
nm16365811,36,1.0,5,0.0,
nm16373889,36,1.0,5,0.111111,
nm1638316,36,1.0,5,0.0,
nm16393669,36,1.0,4,0.061523,
nm16393671,36,1.0,3,0.061523,
nm16393672,36,1.0,2,0.061523,
nm16393675,36,1.0,1,0.061523,
nm16393677,36,1.0,0,0.061523,
nm1639737,36,1.0,3,0.0,
nm16397899,36,1.0,8,0.0,
nm16405068,36,1.0,4,0.0,
nm16405069,36,1.0,3,0.0,
nm16405070,36,1.0,2,0.0,
nm1640863,36,1.0,5,0.0,
nm1641062,36,1.0,2,0.0,
nm16418885,36,1.0,4,0.0,
nm1642030,36,1.0,8,0.0,
nm1642065,36,1.0,5,0.0,
nm16424072,36,1.0,7,0.0,
nm16424073,36,1.0,6,0.0,
nm16424075,36,1.0,5,0.0,
nm16424078,36,1.0,4,0.0,
nm16424128,36,1.0,3,0.0,
nm16424129,36,1.0,2,0.0,
nm1642639,36,1.0,3,0.046667,
nm16427676,36,1.0,5,0.0,
nm16430605,36,1.0,3,0.0,
nm1644112,108,0.307692,1,0.0,0.0
nm1644123,36,1.0,8,0.0,
nm1644478,36,1.0,1,0.0,
nm16445502,36,1.0,7,0.0,
nm16445503,36,1.0,6,0.0,
nm16445504,36,1.0,5,0.0,
nm16445505,36,1.0,4,0.0,
nm16445506,36,1.0,3,0.0,
nm1645195,36,1.0,2,0.0,
nm1645275,72,0.470588,5,0.0,4e-05
nm16476117,36,1.0,6,0.0,
nm1647994,36,1.0,7,0.0,
nm16481338,36,1.0,6,0.0,
nm1649671,36,1.0,5,0.051429,
nm1649704,72,0.470588,5,0.0,0.0
nm1649761,36,1.0,6,0.0,
nm1649780,72,0.470588,5,0.0,0.0
nm1649791,36,1.0,5,0.0,
nm1649793,36,1.0,5,0.0,
nm1649939,36,1.0,6,0.0,
nm16499469,36,1.0,4,0.0,
nm1649960,36,1.0,3,0.0,
nm1650019,112,0.344615,2,0.0,0.000501
nm1650197,36,1.0,8,0.0,
nm1650737,36,1.0,3,0.0,
nm16509319,36,1.0,7,0.0,
nm1650932,36,1.0,6,0.0,
nm1651104,36,1.0,2,0.0,
nm16513070,36,1.0,4,0.088483,
nm16513071,36,1.0,3,0.088483,
nm16513072,36,1.0,2,0.088483,
nm16514717,36,1.0,8,0.0,
nm1651720,36,1.0,3,0.0,
nm1652341,36,1.0,8,0.075179,
nm1652345,36,1.0,5,0.0,
nm16527298,36,1.0,4,0.0,
nm16527379,36,1.0,5,0.0,
nm16527382,36,1.0,4,0.0,
nm16527384,36,1.0,3,0.0,
nm16527387,36,1.0,2,0.0,
nm16527389,36,1.0,1,0.0,
nm16527390,36,1.0,0,0.0,
nm16543790,36,1.0,6,0.0,
nm16543804,36,1.0,5,0.0,
nm16543808,36,1.0,4,0.0,
nm1654497,36,1.0,7,0.0,
nm1654523,36,1.0,7,0.091172,
nm1654785,36,1.0,2,0.0,
nm1654929,75,0.714286,11,0.0,
nm1654955,36,1.0,3,0.0,
nm1655031,36,1.0,5,0.0,
nm16553677,36,1.0,5,0.0,
nm1655500,111,0.37,6,0.0,0.000221
nm16557855,36,1.0,4,0.0,
nm1655798,99,0.727941,12,0.0,
nm1656100,36,1.0,6,0.0,
nm16568217,36,1.0,3,0.0,
nm1658533,36,1.0,4,0.0,
nm16586128,36,1.0,7,0.0,
nm16586992,36,1.0,7,0.0,
nm1659162,36,1.0,7,0.0,
nm1659547,36,1.0,3,0.066596,
nm1660410,36,1.0,5,0.0,
nm1662057,188,0.497354,11,0.0,4e-06
nm1662075,144,0.685714,4,0.0,2.1e-05
nm1662081,36,1.0,2,0.0,
nm1662092,36,1.0,5,0.0,
nm1662096,36,1.0,8,0.0,
nm16621167,36,1.0,8,0.0,
nm1662153,145,0.763158,8,0.0,1e-06
nm1662481,36,1.0,6,0.0,
nm1662613,36,1.0,6,0.0,
nm1663898,36,1.0,7,0.0,
nm1663938,36,1.0,6,0.0,
nm1664541,36,1.0,7,0.116236,
nm1665054,36,1.0,7,0.0,
nm1665116,36,1.0,5,0.088235,
nm1665222,73,0.608333,7,0.0,
nm1665297,72,0.470588,4,0.0,0.0
nm1665429,107,0.699346,10,0.0,0.0
nm1665465,36,1.0,6,0.0,
nm1665759,36,1.0,3,0.0,
nm1665855,72,0.470588,7,0.0,0.000376
nm1666541,36,1.0,0,0.0,
nm1666855,36,1.0,4,0.063959,
nm1666970,36,1.0,6,0.0,
nm1668529,36,1.0,5,0.118199,
nm1668786,36,1.0,7,0.0,
nm1668816,36,1.0,6,0.0,
nm1669753,72,0.470588,3,0.0,0.001196
nm1669784,36,1.0,5,0.0,
nm1669820,36,1.0,7,0.0,
nm1669854,167,0.297683,9,0.0,1e-05
nm1669870,36,1.0,3,0.0,
nm16699450,36,1.0,8,0.0,
nm1670179,36,1.0,5,0.0,
nm1670234,36,1.0,5,0.0,
nm1670451,72,0.470588,2,0.0,8e-06
nm1670735,36,1.0,8,0.0,
nm1670783,36,1.0,6,0.0,
nm1671028,36,1.0,3,0.0,
nm1671039,72,0.470588,7,0.0,0.000121
nm1671208,107,0.387681,3,0.0,1e-06
nm1671291,36,1.0,7,0.10311,
nm1671382,36,1.0,6,0.0,
nm1671512,36,1.0,4,0.0,
nm1671571,36,1.0,5,0.0,
nm1671589,36,1.0,4,0.0,
nm1671647,36,1.0,6,0.0,
nm1671924,36,1.0,4,0.0,
nm16744143,36,1.0,2,0.0,
nm1674539,36,1.0,7,0.0,
nm1674835,36,1.0,4,0.051429,
nm1675123,36,1.0,6,0.0,
nm1675134,36,1.0,7,0.10396,
nm1676221,72,0.470588,4,0.066386,8e-05
nm1676551,36,1.0,4,0.0,
nm16773179,36,1.0,6,0.0,
nm16773180,36,1.0,5,0.0,
nm1677477,36,1.0,5,0.058659,
nm1678063,36,1.0,5,0.080769,
nm1678610,36,1.0,3,0.0,
nm1678720,36,1.0,4,0.056808,
nm1679254,36,1.0,8,0.116451,
nm1679381,36,1.0,3,0.1171,
nm1679391,36,1.0,6,0.0,
nm1679435,36,1.0,7,0.0,
nm1679456,36,1.0,5,0.0,
nm1679834,36,1.0,7,0.0,
nm1679997,36,1.0,4,0.0,
nm16801427,36,1.0,8,0.0,
nm1680229,36,1.0,6,0.113514,
nm1682551,36,1.0,5,0.0,
nm1682659,36,1.0,4,0.0,
nm1682799,36,1.0,4,0.0,
nm1682832,36,1.0,6,0.0,
nm1682953,36,1.0,7,0.122568,
nm1683043,36,1.0,4,0.0,
nm1683133,36,1.0,4,0.059211,
nm1683137,36,1.0,3,0.0,
nm1683193,36,1.0,4,0.081081,
nm1683306,36,1.0,6,0.0,
nm1683343,36,1.0,7,0.0,
nm1683947,36,1.0,4,0.099057,
nm1683996,36,1.0,3,0.0,
nm16843476,36,1.0,5,0.0,
nm1684740,36,1.0,2,0.0,
nm1685401,36,1.0,7,0.0,
nm1686044,36,1.0,6,0.123288,
nm1686962,36,1.0,7,0.121154,
nm1687017,36,1.0,4,0.0,
nm1687404,36,1.0,6,0.0,
nm1687434,36,1.0,7,0.0,
nm1687568,36,1.0,6,0.0,
nm1687610,36,1.0,4,0.0,
nm1687861,71,0.591667,7,0.0,
nm1687944,69,0.657143,6,0.0,
nm1688117,36,1.0,4,0.0,
nm1688298,36,1.0,2,0.0,
nm1688981,36,1.0,6,0.0,
nm1689341,36,1.0,9,0.0,
nm1689689,36,1.0,4,0.0,
nm1689730,36,1.0,3,0.0,
nm1690002,36,1.0,5,0.0,
nm1690073,36,1.0,2,0.0,
nm1690408,36,1.0,6,0.0,
nm1690432,36,1.0,7,0.0,
nm1690576,36,1.0,5,0.0,
nm16905891,36,1.0,9,0.074822,
nm1690662,36,1.0,2,0.0,
nm1690914,36,1.0,5,0.0,
nm1693112,36,1.0,4,0.0,
nm1693209,36,1.0,5,0.111901,
nm1694675,36,1.0,4,0.0,
nm1694886,36,1.0,0,0.0,
nm16953421,36,1.0,6,0.106419,
nm1695459,36,1.0,6,0.0,
nm1696137,36,1.0,4,0.087744,
nm1697006,36,1.0,4,0.0,
nm1697156,36,1.0,7,0.0,
nm1698399,36,1.0,8,0.0,
nm1698738,36,1.0,8,0.0,
nm1698741,36,1.0,6,0.0,
nm1698825,36,1.0,5,0.0,
nm1698868,185,0.455665,11,0.0,0.000223
nm1698994,36,1.0,6,0.0,
nm1699042,72,0.470588,1,0.0,0.0
nm1699058,36,1.0,8,0.0,
nm1699098,36,1.0,4,0.0,
nm1699178,36,1.0,7,0.0,
nm1699218,36,1.0,7,0.0,
nm1699237,36,1.0,6,0.0,
nm1699275,36,1.0,9,0.0,
nm1699333,72,0.529412,7,0.06422,
nm1699335,36,1.0,9,0.0,
nm1699385,36,1.0,7,0.0,
nm1699418,36,1.0,3,0.0,
nm1699432,36,1.0,8,0.0,
nm16995387,36,1.0,1,0.0,
nm16995873,36,1.0,6,0.0,
nm1699594,36,1.0,7,0.071591,
nm1700833,36,1.0,6,0.0,
nm1701024,36,1.0,5,0.0,
nm1701384,36,1.0,6,0.0,
nm1702381,36,1.0,5,0.0,
nm1702463,36,1.0,9,0.0,
nm1702471,36,1.0,7,0.0,
nm1702742,36,1.0,5,0.0,
nm1702781,36,1.0,7,0.0,
nm1702868,36,1.0,6,0.129363,
nm17028901,36,1.0,3,0.0,
nm1703330,36,1.0,6,0.0,
nm1703410,36,1.0,6,0.0,
nm1703419,36,1.0,6,0.0,
nm1703429,36,1.0,7,0.0,
nm17047782,36,1.0,6,0.0,
nm17054125,36,1.0,2,0.0,
nm1705656,36,1.0,6,0.0,
nm1705777,36,1.0,2,0.0,
nm1707874,36,1.0,4,0.0,
nm1708078,36,1.0,4,0.0,
nm1708306,36,1.0,5,0.0,
nm17086622,36,1.0,7,0.111111,
nm1708673,36,1.0,2,0.0,
nm1708816,36,1.0,5,0.0,
nm1708851,72,0.470588,8,0.0,0.000446
nm1710342,36,1.0,6,0.0,
nm1711124,36,1.0,7,0.0,
nm1711156,36,1.0,4,0.0,
nm1712462,36,1.0,3,0.0,
nm17128681,36,1.0,6,0.0,
nm17128682,36,1.0,5,0.0,
nm1713632,36,1.0,3,0.087989,
nm1713653,36,1.0,5,0.0,
nm1714120,36,1.0,4,0.0,
nm1714614,36,1.0,6,0.0,
nm1714868,36,1.0,8,0.128049,
nm1714943,36,1.0,8,0.0,
nm1714982,36,1.0,1,0.0,
nm1715009,36,1.0,7,0.0,
nm1715024,36,1.0,7,0.0,
nm1715118,72,0.470588,5,0.096626,0.0
nm1715290,36,1.0,4,0.0,
nm1715356,72,0.470588,7,0.0,2e-06
nm17163524,36,1.0,9,0.0,
nm17163526,36,1.0,8,0.0,
nm17163527,36,1.0,7,0.0,
nm17163529,36,1.0,6,0.0,
nm17163530,36,1.0,5,0.0,
nm17163926,36,1.0,6,0.0,
nm17163927,36,1.0,5,0.0,
nm17167773,36,1.0,7,0.126761,
nm1716855,36,1.0,4,0.0,
nm1716898,36,1.0,3,0.0,
nm1716909,36,1.0,7,0.064417,
nm1717152,36,1.0,6,0.0,
nm17172995,36,1.0,1,0.0,
nm1717428,36,1.0,6,0.0,
nm1717476,72,0.470588,1,0.0,0.000299
nm1717477,36,1.0,1,0.0,
nm1717582,36,1.0,5,0.0,
nm1717599,73,0.477124,6,0.0,0.000114
nm17182520,36,1.0,6,0.0,
nm1719649,36,1.0,2,0.0,
nm1719673,72,0.470588,8,0.0,0.0
nm1719790,36,1.0,2,0.0,
nm17199309,36,1.0,5,0.0,
nm17199310,36,1.0,4,0.0,
nm1720028,36,1.0,3,0.091971,
nm1722598,72,0.470588,1,0.0,0.0
nm17228769,36,1.0,5,0.0,
nm1722996,36,1.0,7,0.11014,
nm1723159,36,1.0,4,0.0,
nm17232191,36,1.0,8,0.0,
nm1724635,36,1.0,7,0.0,
nm1724638,36,1.0,5,0.0,
nm1724705,36,1.0,5,0.0,
nm1725848,72,0.470588,7,0.078554,0.0
nm1726111,36,1.0,2,0.0,
nm17261530,36,1.0,4,0.0,
nm1727005,36,1.0,6,0.0,
nm1727188,36,1.0,6,0.0,
nm1727242,36,1.0,7,0.0,
nm1727243,36,1.0,8,0.0,
nm1727367,36,1.0,6,0.0,
nm1727607,36,1.0,5,0.119545,
nm1727764,36,1.0,4,0.0,
nm1727825,36,1.0,2,0.0,
nm17278322,36,1.0,9,0.0,
nm1728008,36,1.0,2,0.0,
nm1728139,36,1.0,7,0.0,
nm1728167,71,0.591667,3,0.0,
nm1728175,36,1.0,5,0.0,
nm1728487,72,0.470588,1,0.113514,0.0
nm1728630,72,0.470588,7,0.121857,0.001891
nm1728717,36,1.0,6,0.0,
nm1728821,36,1.0,4,0.0,
nm1728860,36,1.0,9,0.112701,
nm1728878,36,1.0,8,0.0,
nm1728933,36,1.0,5,0.0,
nm17304845,36,1.0,4,0.0,
nm1731624,36,1.0,1,0.0,
nm1731694,36,1.0,1,0.0,
nm1732318,36,1.0,6,0.0,
nm1733525,36,1.0,8,0.095745,
nm17343620,36,1.0,7,0.121857,
nm1734602,72,0.529412,7,0.0,
nm1734621,36,1.0,7,0.0,
nm1734623,36,1.0,7,0.0,
nm1734745,73,0.477124,8,0.0,0.0
nm1734877,36,1.0,6,0.0,
nm1735120,36,1.0,4,0.0,
nm1736445,36,1.0,6,0.0,
nm1736550,36,1.0,4,0.0,
nm1736605,36,1.0,4,0.0,
nm1736745,36,1.0,4,0.0,
nm1737760,36,1.0,4,0.0,
nm1738264,36,1.0,6,0.0,
nm1738580,36,1.0,9,0.0,
nm1739904,36,1.0,6,0.0,
nm1740402,36,1.0,7,0.0,
nm1741002,36,1.0,6,0.0,
nm1742030,36,1.0,7,0.0,
nm1742457,36,1.0,4,0.0,
nm1742916,36,1.0,2,0.0,
nm1743016,36,1.0,6,0.0,
nm1743159,36,1.0,6,0.0,
nm17440775,36,1.0,1,0.0,
nm1745545,167,0.556667,11,0.0,2.8e-05
nm17455543,36,1.0,0,0.0,
nm1745762,36,1.0,0,0.0,
nm17459818,36,1.0,7,0.0,
nm17459819,36,1.0,6,0.0,
nm1747294,36,1.0,6,0.0,
nm1747510,36,1.0,8,0.110526,
nm1747924,36,1.0,6,0.0,
nm1747928,36,1.0,2,0.09157,
nm17479596,36,1.0,9,0.0,
nm17479598,36,1.0,8,0.0,
nm17479599,36,1.0,7,0.0,
nm17479619,36,1.0,6,0.0,
nm17479621,36,1.0,5,0.0,
nm17479623,36,1.0,4,0.0,
nm17479624,36,1.0,3,0.0,
nm17479626,36,1.0,2,0.0,
nm17479627,36,1.0,1,0.0,
nm17479628,36,1.0,0,0.0,
nm1748460,36,1.0,6,0.103618,
nm1748529,36,1.0,7,0.068478,
nm1748588,36,1.0,9,0.116236,
nm1748770,36,1.0,7,0.109185,
nm1748780,36,1.0,5,0.0,
nm1748821,36,1.0,4,0.0,
nm1751183,36,1.0,5,0.0,
nm1753729,36,1.0,2,0.0,
nm17540477,36,1.0,5,0.0,
nm1754239,36,1.0,6,0.0,
nm1754496,36,1.0,5,0.0,
nm17549786,36,1.0,8,0.0,
nm1755973,36,1.0,7,0.0,
nm1758306,36,1.0,3,0.0,
nm1758556,72,0.529412,1,0.0,
nm1758562,36,1.0,8,0.0,
nm1758570,36,1.0,7,0.0,
nm1758612,109,0.310541,4,0.0,0.000134
nm1758680,36,1.0,7,0.0,
nm1758898,36,1.0,6,0.0,
nm1758899,36,1.0,5,0.065557,
nm1758920,36,1.0,6,0.0,
nm1758989,36,1.0,5,0.0,
nm1758990,36,1.0,5,0.0,
nm17590464,36,1.0,3,0.0,
nm1759116,36,1.0,6,0.0,
nm1759161,36,1.0,7,0.0,
nm1759339,36,1.0,3,0.0,
nm1759426,36,1.0,7,0.0,
nm1759443,36,1.0,3,0.0,
nm1759557,36,1.0,8,0.0,
nm1759615,36,1.0,7,0.121154,
nm1759775,36,1.0,7,0.0,
nm1759945,36,1.0,6,0.0,
nm1760053,36,1.0,4,0.0,
nm1760072,36,1.0,5,0.0,
nm1760155,36,1.0,9,0.0,
nm1760156,72,0.470588,4,0.0,0.0
nm1760183,36,1.0,6,0.0,
nm1760439,36,1.0,4,0.048951,
nm1760490,73,0.477124,6,0.0,3e-06
nm17606286,36,1.0,5,0.0,
nm1760704,36,1.0,8,0.0,
nm17620163,36,1.0,3,0.0,
nm17620164,36,1.0,2,0.0,
nm1762618,36,1.0,6,0.0,
nm1763487,36,1.0,5,0.0,
nm1763493,36,1.0,5,0.0,
nm1763508,36,1.0,2,0.0,
nm1763577,36,1.0,4,0.0,
nm1763656,36,1.0,4,0.0,
nm1763787,36,1.0,7,0.0,
nm1763797,36,1.0,5,0.0,
nm1764072,36,1.0,7,0.0,
nm1764169,36,1.0,4,0.0,
nm1764351,72,0.470588,4,0.096183,0.0
nm1766456,36,1.0,4,0.0,
nm17664832,36,1.0,4,0.0,
nm17664833,36,1.0,3,0.0,
nm17664834,36,1.0,2,0.0,
nm1767051,36,1.0,5,0.0,
nm1767091,36,1.0,4,0.0,
nm1767178,36,1.0,2,0.0,
nm1767186,36,1.0,4,0.0,
nm1767861,36,1.0,3,0.0,
nm1767877,36,1.0,7,0.0,
nm1767929,36,1.0,2,0.0,
nm1768149,36,1.0,7,0.070156,
nm17694324,36,1.0,2,0.0,
nm1770183,36,1.0,7,0.0,
nm1770376,36,1.0,5,0.0,
nm1771771,72,0.470588,5,0.0,0.0
nm1772606,36,1.0,5,0.0,
nm1772713,36,1.0,1,0.0,
nm1773074,36,1.0,5,0.0,
nm1773122,72,0.470588,7,0.09,0.0
nm1773190,36,1.0,3,0.0,
nm1773252,51,0.927273,3,0.0,
nm1773444,36,1.0,4,0.0,
nm1775058,36,1.0,4,0.0,
nm17754848,36,1.0,6,0.0,
nm17754849,36,1.0,5,0.0,
nm1775551,36,1.0,3,0.0,
nm17758761,36,1.0,2,0.0,
nm1777809,36,1.0,5,0.0,
nm17779180,36,1.0,4,0.0,
nm1778060,36,1.0,5,0.0,
nm1778096,36,1.0,8,0.0,
nm1778107,73,0.477124,3,0.110333,0.000235
nm1778632,36,1.0,7,0.099213,
nm1778686,36,1.0,6,0.0,
nm1779262,36,1.0,4,0.0,
nm1779556,36,1.0,6,0.0,
nm1779571,36,1.0,7,0.0,
nm1779926,72,0.529412,6,0.0,
nm1782128,36,1.0,3,0.0,
nm1782153,36,1.0,3,0.0,
nm1782710,36,1.0,6,0.0,
nm1782903,36,1.0,3,0.0,
nm1783075,36,1.0,5,0.0,
nm17832002,36,1.0,3,0.0,
nm1783443,36,1.0,6,0.06422,
nm1783981,36,1.0,6,0.10396,
nm1784355,36,1.0,8,0.096626,
nm1784379,36,1.0,4,0.0,
nm1784388,36,1.0,7,0.0,
nm1784521,36,1.0,5,0.0,
nm1784670,36,1.0,8,0.0,
nm1784719,36,1.0,6,0.0,
nm17847410,36,1.0,8,0.0,
nm1784785,36,1.0,5,0.0,
nm1784919,36,1.0,7,0.0,
nm1785052,36,1.0,5,0.0,
nm1785083,36,1.0,2,0.0,
nm1785332,36,1.0,4,0.0,
nm1787519,36,1.0,5,0.093333,
nm1787887,36,1.0,3,0.0,
nm1788075,36,1.0,7,0.0,
nm1788916,36,1.0,4,0.0,
nm1789173,36,1.0,9,0.0,
nm1789278,36,1.0,3,0.0,
nm1789985,36,1.0,3,0.0,
nm1792604,36,1.0,6,0.116451,
nm1792644,36,1.0,5,0.073001,
nm1792717,36,1.0,7,0.0,
nm17928362,36,1.0,6,0.0,
nm1792907,78,0.573529,8,0.0,
nm1793186,36,1.0,6,0.0,
nm17938215,36,1.0,5,0.0,
nm17938216,36,1.0,4,0.0,
nm1794199,214,0.566138,10,0.0,0.000478
nm1794254,36,1.0,8,0.0,
nm1794260,36,1.0,5,0.0,
nm1794268,36,1.0,6,0.0,
nm1794478,36,1.0,4,0.0,
nm1794495,72,0.470588,8,0.0,0.0
nm1794876,69,0.657143,8,0.0,
nm1794889,36,1.0,6,0.0,
nm1795399,36,1.0,3,0.0,
nm1795464,36,1.0,4,0.089235,
nm1795697,36,1.0,8,0.0,
nm1795828,36,1.0,4,0.0,
nm1795843,36,1.0,5,0.0,
nm1795849,36,1.0,2,0.0,
nm1795945,36,1.0,3,0.0,
nm1796032,36,1.0,8,0.0,
nm1796069,36,1.0,4,0.0,
nm1796211,36,1.0,4,0.109185,
nm1796242,296,0.39946,9,0.0,0.000568
nm1796249,36,1.0,5,0.0,
nm1796422,36,1.0,4,0.0,
nm1796742,36,1.0,3,0.0,
nm1796812,78,0.857143,12,0.0,
nm1796910,36,1.0,8,0.0,
nm1796950,36,1.0,8,0.0,
nm1797076,73,0.536765,7,0.0,
nm1797141,36,1.0,5,0.0,
nm1797216,36,1.0,4,0.0,
nm1797498,73,0.536765,6,0.123047,
nm1797516,36,1.0,0,0.0,
nm1797652,36,1.0,6,0.0,
nm1797836,36,1.0,2,0.0,
nm1798317,36,1.0,6,0.0,
nm1798739,36,1.0,8,0.0,
nm1798871,36,1.0,6,0.0,
nm1799017,36,1.0,7,0.0,
nm1799338,36,1.0,7,0.0,
nm1799345,36,1.0,8,0.0,
nm1799434,36,1.0,7,0.0,
nm1799506,36,1.0,7,0.0,
nm1799605,36,1.0,6,0.055507,
nm1799930,73,0.477124,7,0.0,0.000411
nm1799955,36,1.0,7,0.0,
nm1800105,36,1.0,7,0.0,
nm1800303,119,0.366154,8,0.0,1.8e-05
nm1800470,36,1.0,1,0.0,
nm1800631,135,0.710526,8,0.0,0.00027
nm1800639,76,0.496732,4,0.0,0.000184
nm1800746,210,0.243902,7,0.0,0.000161
nm1800845,36,1.0,4,0.0,
nm1800883,36,1.0,6,0.0,
nm1801525,36,1.0,2,0.0,
nm1801619,36,1.0,2,0.0,
nm1801936,36,1.0,4,0.0,
nm1802022,66,0.725275,7,0.0,
nm1802951,36,1.0,4,0.0,
nm1803818,66,0.725275,6,0.0,
nm1805232,36,1.0,5,0.062008,
nm1807222,36,1.0,6,0.0,
nm1807442,36,1.0,6,0.058605,
nm1807654,36,1.0,5,0.0,
nm1807925,36,1.0,1,0.0,
nm1807968,36,1.0,5,0.0,
nm1809054,36,1.0,4,0.0,
nm1810152,36,1.0,2,0.0,
nm1812523,36,1.0,5,0.0,
nm1812637,36,1.0,3,0.0,
nm1812656,36,1.0,3,0.0,
nm18127912,36,1.0,6,0.0,
nm18131533,36,1.0,5,0.0,
nm1813913,36,1.0,0,0.0,
nm1815305,36,1.0,9,0.0,
nm1815427,36,1.0,5,0.0,
nm1816193,36,1.0,6,0.0,
nm1816787,36,1.0,5,0.0,
nm1817397,36,1.0,8,0.100159,
nm1817824,36,1.0,6,0.0,
nm1818216,108,0.307692,3,0.0,2.1e-05
nm1818245,36,1.0,3,0.0,
nm1822183,36,1.0,3,0.0,
nm1822271,36,1.0,3,0.0,
nm1822342,72,0.470588,4,0.122568,0.002346
nm1822358,36,1.0,7,0.103618,
nm18223690,36,1.0,4,0.0,
nm18223693,36,1.0,3,0.0,
nm1822435,36,1.0,7,0.0,
nm1822609,36,1.0,4,0.0,
nm1822624,36,1.0,6,0.098901,
nm1823114,36,1.0,4,0.0,
nm18243817,36,1.0,2,0.0,
nm1824944,187,0.239744,2,0.0,0.000347
nm18253159,36,1.0,4,0.0,
nm1826988,36,1.0,6,0.0,
nm1828185,36,1.0,6,0.083554,
nm18287541,36,1.0,5,0.0,
nm1828813,72,0.470588,3,0.095455,0.0
nm1829277,72,0.6,7,0.0,
nm18293583,36,1.0,9,0.0,
nm1830165,36,1.0,4,0.0,
nm1830387,36,1.0,6,0.0,
nm1831169,36,1.0,7,0.0,
nm18315649,36,1.0,5,0.123288,
nm1831995,36,1.0,1,0.0,
nm1832009,36,1.0,5,0.0,
nm1832010,36,1.0,4,0.0,
nm1832026,36,1.0,4,0.0,
nm1832147,36,1.0,6,0.0,
nm1832154,36,1.0,2,0.0,
nm1832230,36,1.0,2,0.0,
nm1832279,36,1.0,4,0.0,
nm1832584,72,0.529412,5,0.06422,
nm1832677,36,1.0,8,0.0,
nm1833530,36,1.0,4,0.0,
nm1833640,36,1.0,3,0.0,
nm1833810,36,1.0,5,0.075269,
nm1833974,36,1.0,6,0.0,
nm1835962,150,0.369458,3,0.0,0.00018
nm1836078,36,1.0,6,0.0,
nm1836657,148,0.298387,4,0.0,3e-06
nm1837990,36,1.0,3,0.0,
nm1838568,36,1.0,4,0.07554,
nm1839680,36,1.0,4,0.0,
nm1839828,36,1.0,5,0.0,
nm1839900,36,1.0,6,0.0,
nm1839955,36,1.0,6,0.0,
nm1840057,36,1.0,7,0.0,
nm1840480,36,1.0,8,0.0,
nm1840504,36,1.0,5,0.0,
nm1840536,36,1.0,5,0.0,
nm1840556,66,0.725275,1,0.0,
nm1840656,36,1.0,2,0.0,
nm1840695,36,1.0,1,0.0,
nm1840812,36,1.0,3,0.0,
nm18416472,36,1.0,6,0.0,
nm1843026,36,1.0,7,0.0,
nm1843496,36,1.0,3,0.0,
nm1845696,36,1.0,7,0.0,
nm1846425,36,1.0,8,0.0,
nm1846495,36,1.0,7,0.0,
nm1846851,36,1.0,6,0.0,
nm1847121,36,1.0,5,0.0,
nm1847329,36,1.0,7,0.0,
nm1847486,36,1.0,4,0.057065,
nm1847621,36,1.0,1,0.0,
nm1850901,72,0.470588,6,0.0,0.0
nm1851325,36,1.0,5,0.077111,
nm1851472,36,1.0,3,0.0,
nm18519654,36,1.0,4,0.0,
nm1852064,36,1.0,5,0.0,
nm1853380,36,1.0,7,0.0,
nm1854168,36,1.0,4,0.080769,
nm1855023,36,1.0,5,0.0,
nm1855281,36,1.0,5,0.096183,
nm1855370,36,1.0,4,0.0,
nm1855651,36,1.0,6,0.0,
nm1855682,36,1.0,4,0.0,
nm1855836,36,1.0,8,0.0,
nm18559637,36,1.0,6,0.119545,
nm18559638,36,1.0,5,0.119545,
nm1856426,36,1.0,5,0.0,
nm1856676,36,1.0,4,0.0,
nm18570155,36,1.0,6,0.126761,
nm18570156,36,1.0,5,0.126761,
nm1857170,36,1.0,4,0.0,
nm18573214,36,1.0,6,0.0,
nm1857840,36,1.0,3,0.0,
nm1859988,36,1.0,2,0.083554,
nm1860056,36,1.0,6,0.0,
nm1860440,36,1.0,5,0.0,
nm1861741,36,1.0,5,0.0,
nm18626611,36,1.0,7,0.0,
nm18626615,36,1.0,6,0.0,
nm18626617,36,1.0,5,0.0,
nm18626618,36,1.0,4,0.0,
nm18626626,36,1.0,3,0.0,
nm18626631,36,1.0,2,0.0,
nm18626632,36,1.0,1,0.0,
nm18626633,36,1.0,0,0.0,
nm1862760,36,1.0,5,0.0,
nm1863008,36,1.0,3,0.104132,
nm1863658,36,1.0,4,0.0,
nm1864017,72,0.470588,6,0.0,0.0
nm18642863,36,1.0,5,0.0,
nm18642864,36,1.0,4,0.0,
nm1865082,36,1.0,4,0.0,
nm1865237,36,1.0,4,0.0,
nm1866134,36,1.0,6,0.0,
nm1866281,36,1.0,3,0.0,
nm18663444,36,1.0,5,0.0,
nm1866685,36,1.0,7,0.09633,
nm1867717,36,1.0,2,0.0,
nm1867913,36,1.0,4,0.0,
nm1868293,36,1.0,3,0.0,
nm1868654,36,1.0,7,0.0,
nm1868781,36,1.0,8,0.0,
nm1868832,36,1.0,2,0.0,
nm18689155,36,1.0,7,0.0,
nm18689156,36,1.0,6,0.0,
nm1869082,72,0.529412,7,0.0,
nm1869343,36,1.0,4,0.0,
nm1869798,36,1.0,5,0.0,
nm1870393,36,1.0,4,0.0,
nm1871001,36,1.0,6,0.0,
nm1871112,72,0.529412,9,0.080666,
nm1871688,36,1.0,5,0.0,
nm1871740,36,1.0,4,0.0,
nm1872855,36,1.0,6,0.078358,
nm1873329,36,1.0,5,0.055507,
nm1873603,36,1.0,5,0.0,
nm1874163,36,1.0,5,0.0,
nm1874598,36,1.0,6,0.0,
nm1874994,36,1.0,7,0.0,
nm1875040,36,1.0,7,0.0,
nm1875420,36,1.0,8,0.0,
nm1875890,36,1.0,1,0.0,
nm1876129,36,1.0,4,0.0,
nm1876322,36,1.0,4,0.0,
nm18763461,36,1.0,8,0.0,
nm1877162,36,1.0,4,0.0,
nm1877415,36,1.0,3,0.051429,
nm1877660,36,1.0,8,0.0,
nm1877677,36,1.0,7,0.0,
nm18777138,36,1.0,2,0.0,
nm1878161,36,1.0,4,0.0,
nm1878301,36,1.0,6,0.0,
nm1879584,36,1.0,3,0.0,
nm1880510,36,1.0,6,0.0,
nm1880549,36,1.0,6,0.0,
nm1880746,36,1.0,6,0.0,
nm1881003,36,1.0,4,0.0,
nm1881315,36,1.0,4,0.0,
nm1881676,36,1.0,4,0.0,
nm1881804,36,1.0,6,0.0,
nm1882258,36,1.0,3,0.0,
nm1883210,110,0.31339,9,0.0,2e-06
nm1883509,36,1.0,5,0.0,
nm1886602,36,1.0,5,0.0,
nm1888295,36,1.0,4,0.0,
nm1889308,36,1.0,8,0.0,
nm1890475,36,1.0,2,0.0,
nm1890585,36,1.0,5,0.0,
nm1891185,36,1.0,4,0.0,
nm1891974,36,1.0,7,0.0,
nm1892699,72,0.529412,5,0.0,
nm1892960,36,1.0,7,0.0,
nm1893085,36,1.0,2,0.0,
nm1894124,36,1.0,7,0.0,
nm1896035,36,1.0,4,0.0,
nm1896336,36,1.0,4,0.0,
nm1896478,36,1.0,6,0.0,
nm1896736,36,1.0,4,0.055166,
nm1898365,36,1.0,5,0.0,
nm1898925,36,1.0,3,0.06409,
nm1899013,36,1.0,5,0.0,
nm1900499,36,1.0,7,0.0,
nm1901120,51,0.927273,2,0.0,
nm1901252,72,0.470588,6,0.0,0.0
nm1902165,36,1.0,5,0.0,
nm1902531,36,1.0,5,0.0,
nm1902776,36,1.0,6,0.0,
nm1902916,36,1.0,4,0.0,
nm1903154,36,1.0,3,0.0,
nm1903257,36,1.0,5,0.0,
nm1903507,36,1.0,2,0.0,
nm1905179,36,1.0,1,0.0,
nm1905413,36,1.0,4,0.075269,
nm1905516,36,1.0,7,0.0,
nm1905619,36,1.0,3,0.0,
nm1905956,36,1.0,7,0.0,
nm1905991,36,1.0,2,0.0,
nm1906273,36,1.0,3,0.0,
nm1906311,36,1.0,6,0.0,
nm1907812,36,1.0,7,0.0,
nm1907973,36,1.0,6,0.0,
nm1908630,36,1.0,6,0.0,
nm1908800,36,1.0,5,0.095023,
nm1908872,36,1.0,6,0.0,
nm1909076,36,1.0,6,0.0,
nm1910547,36,1.0,5,0.0,
nm1910815,72,0.529412,6,0.086538,
nm1910857,36,1.0,3,0.0,
nm1911033,36,1.0,6,0.09633,
nm1912546,36,1.0,5,0.0,
nm1912683,36,1.0,7,0.123529,
nm1913021,36,1.0,3,0.0,
nm1913625,36,1.0,7,0.094737,
nm1914593,72,0.470588,4,0.0,0.0
nm1914603,36,1.0,3,0.0,
nm1916072,36,1.0,6,0.068553,
nm1916273,36,1.0,5,0.0,
nm1918176,36,1.0,4,0.0,
nm1918614,36,1.0,3,0.0,
nm1918947,36,1.0,3,0.0,
nm1919023,36,1.0,5,0.0,
nm1919259,36,1.0,6,0.0,
nm1920587,36,1.0,7,0.0,
nm1922254,72,0.470588,7,0.0,0.0
nm1922619,36,1.0,9,0.0,
nm1922788,36,1.0,3,0.0,
nm1923286,36,1.0,5,0.0,
nm1923788,36,1.0,2,0.0,
nm1925238,36,1.0,5,0.0,
nm1925239,36,1.0,8,0.070549,
nm1925543,36,1.0,5,0.0,
nm1925918,36,1.0,6,0.0,
nm1926109,36,1.0,8,0.0,
nm1926211,36,1.0,5,0.0,
nm1926340,36,1.0,3,0.0,
nm1926865,36,1.0,2,0.0,
nm1928389,36,1.0,4,0.0,
nm1928542,36,1.0,6,0.0,
nm1929017,36,1.0,6,0.0,
nm1929018,36,1.0,6,0.0,
nm1929699,36,1.0,3,0.0,
nm1929945,36,1.0,5,0.060461,
nm1931829,36,1.0,2,0.0,
nm1933992,36,1.0,3,0.0,
nm1934381,36,1.0,0,0.0,
nm1935071,36,1.0,1,0.0,
nm1935086,36,1.0,6,0.0,
nm1935881,36,1.0,5,0.0,
nm1935905,72,0.470588,7,0.0,0.0
nm1935906,36,1.0,5,0.0,
nm1935978,36,1.0,7,0.0,
nm1936048,36,1.0,3,0.0,
nm1936402,36,1.0,4,0.0,
nm1936672,36,1.0,4,0.0,
nm1938287,74,0.48366,2,0.10311,9.9e-05
nm1938892,36,1.0,3,0.0,
nm1939438,36,1.0,5,0.0,
nm1939580,36,1.0,3,0.0,
nm1940324,36,1.0,6,0.0,
nm1940420,36,1.0,8,0.0,
nm1941303,36,1.0,3,0.0,
nm1941730,36,1.0,3,0.0,
nm1942726,36,1.0,2,0.0,
nm1943060,36,1.0,4,0.0,
nm1944055,36,1.0,3,0.058769,
nm1944279,36,1.0,4,0.073001,
nm1944869,36,1.0,4,0.0,
nm1945217,36,1.0,3,0.0,
nm1945410,36,1.0,7,0.0,
nm1945550,36,1.0,8,0.0,
nm1946407,36,1.0,5,0.086538,
nm1946577,36,1.0,6,0.0,
nm1946674,36,1.0,6,0.0,
nm1947564,36,1.0,7,0.0,
nm1947795,36,1.0,8,0.0,
nm1947809,36,1.0,3,0.0,
nm1948307,71,0.591667,2,0.0,
nm1949808,36,1.0,4,0.0,
nm1950004,36,1.0,7,0.070549,
nm1950214,36,1.0,1,0.0,
nm1950485,36,1.0,3,0.0,
nm1950534,36,1.0,6,0.0,
nm1950558,36,1.0,8,0.0,
nm1951216,36,1.0,5,0.0,
nm1951437,36,1.0,6,0.0,
nm1952116,36,1.0,6,0.0,
nm1952490,36,1.0,6,0.0,
nm1952875,36,1.0,6,0.0,
nm1953187,36,1.0,6,0.121154,
nm1954434,72,0.470588,4,0.0,0.000704
nm1955257,36,1.0,5,0.0,
nm1955570,109,0.310541,6,0.120921,0.000214
nm1957308,72,0.470588,5,0.117757,0.0
nm1959001,72,0.470588,6,0.061463,0.0
nm1959789,36,1.0,5,0.0,
nm1959800,72,0.470588,2,0.0,0.0
nm1960271,36,1.0,7,0.0,
nm1960306,36,1.0,4,0.123288,
nm1960363,36,1.0,6,0.0,
nm1960447,73,0.477124,2,0.0,0.001218
nm1960477,36,1.0,1,0.0,
nm1960519,36,1.0,6,0.0,
nm1960985,36,1.0,3,0.0,
nm1961009,36,1.0,5,0.0,
nm1961204,72,0.470588,5,0.084225,4.8e-05
nm1961450,36,1.0,5,0.0,
nm1961487,36,1.0,5,0.098901,
nm1961693,36,1.0,5,0.098746,
nm1962139,36,1.0,7,0.0,
nm1962218,36,1.0,2,0.0,
nm1962272,36,1.0,8,0.110333,
nm1963406,36,1.0,8,0.124752,
nm1963907,36,1.0,7,0.0,
nm1964225,36,1.0,3,0.0,
nm1966297,36,1.0,1,0.0,
nm1966361,36,1.0,7,0.0,
nm1966660,36,1.0,5,0.0,
nm1967566,36,1.0,3,0.0,
nm1967617,36,1.0,6,0.0,
nm1968466,36,1.0,6,0.0,
nm1968793,36,1.0,3,0.0,
nm1969113,36,1.0,5,0.0,
nm1970291,36,1.0,7,0.0,
nm1970665,36,1.0,6,0.0,
nm1970707,36,1.0,3,0.0,
nm1971640,36,1.0,3,0.0,
nm1971655,36,1.0,6,0.0,
nm1971706,36,1.0,8,0.0,
nm1972850,36,1.0,5,0.0,
nm1974708,108,0.332308,6,0.0,0.0
nm1975511,36,1.0,6,0.0,
nm1975871,36,1.0,8,0.0,
nm1977117,36,1.0,6,0.0,
nm1977808,36,1.0,6,0.0,
nm1978173,36,1.0,5,0.0,
nm1978694,36,1.0,8,0.0,
nm1978793,36,1.0,1,0.0,
nm1979463,36,1.0,5,0.0,
nm1980099,36,1.0,4,0.0,
nm1980137,36,1.0,6,0.0,
nm1980400,36,1.0,5,0.080051,
nm1981177,36,1.0,7,0.0,
nm1981344,36,1.0,4,0.0,
nm1981584,36,1.0,6,0.0,
nm1981794,36,1.0,7,0.0,
nm1981893,36,1.0,6,0.0,
nm1982556,36,1.0,2,0.0,
nm1982617,36,1.0,6,0.0,
nm1982843,36,1.0,4,0.086538,
nm1982933,36,1.0,6,0.0,
nm1982961,36,1.0,5,0.0,
nm1983064,36,1.0,5,0.0,
nm1983393,36,1.0,5,0.0,
nm1984126,36,1.0,6,0.0,
nm1985070,36,1.0,9,0.0,
nm1985820,36,1.0,8,0.0,
nm1985962,36,1.0,8,0.0,
nm1986451,36,1.0,1,0.0,
nm1989683,36,1.0,8,0.0,
nm1989801,36,1.0,6,0.0,
nm1989927,36,1.0,2,0.0,
nm1991209,36,1.0,5,0.0,
nm1992631,108,0.307692,3,0.068478,2e-06
nm1992756,36,1.0,3,0.0,
nm1997490,36,1.0,4,0.0,
nm1998117,36,1.0,0,0.0,
nm1998273,72,0.470588,1,0.0,0.0
nm1998753,36,1.0,7,0.0,
nm1999333,36,1.0,4,0.0,
nm2001941,36,1.0,4,0.064286,
nm2002316,36,1.0,8,0.0,
nm2004234,36,1.0,3,0.0,
nm2006206,36,1.0,3,0.0,
nm2006559,36,1.0,5,0.0,
nm2008680,36,1.0,5,0.0,
nm2009056,36,1.0,8,0.08129,
nm2009629,72,0.470588,6,0.0,0.0
nm2010689,145,0.230159,3,0.0,0.000291
nm2011274,36,1.0,6,0.0,
nm2011932,36,1.0,6,0.121154,
nm2012038,36,1.0,1,0.0,
nm2012595,72,0.470588,6,0.070234,0.0
nm2013380,36,1.0,7,0.0,
nm2013433,36,1.0,3,0.0,
nm2013638,36,1.0,5,0.0,
nm2013677,36,1.0,6,0.0,
nm2014279,36,1.0,6,0.0,
nm2015188,36,1.0,3,0.0,
nm2015658,36,1.0,5,0.0,
nm2016157,36,1.0,5,0.0,
nm2016172,36,1.0,4,0.054124,
nm2016364,36,1.0,5,0.088112,
nm2016476,36,1.0,8,0.0,
nm2016899,36,1.0,7,0.0,
nm2017835,36,1.0,3,0.048951,
nm2017943,93,0.442857,3,0.0,2.4e-05
nm2018376,36,1.0,8,0.0,
nm2018573,108,0.307692,2,0.088483,0.0
nm2019748,36,1.0,4,0.077111,
nm2020451,36,1.0,3,0.0,
nm2021640,36,1.0,2,0.0,
nm2021835,36,1.0,4,0.0,
nm2022290,36,1.0,5,0.0,
nm2022559,36,1.0,3,0.0,
nm2023228,36,1.0,6,0.0,
nm2024943,36,1.0,2,0.0,
nm2026324,36,1.0,7,0.0,
nm2026341,36,1.0,6,0.0,
nm2026965,36,1.0,5,0.0,
nm2028004,72,0.470588,7,0.0,0.0
nm2028753,36,1.0,6,0.068478,
nm2030779,72,0.470588,2,0.0,0.0
nm2033533,36,1.0,3,0.0,
nm2034488,36,1.0,6,0.087866,
nm2035937,72,0.529412,6,0.119093,
nm2036232,36,1.0,5,0.0,
nm2039852,36,1.0,3,0.0,
nm2040571,108,0.307692,6,0.0,0.0
nm2047724,36,1.0,2,0.0,
nm2047955,36,1.0,5,0.0,
nm2049965,36,1.0,7,0.0,
nm2049980,36,1.0,6,0.0,
nm2050259,36,1.0,4,0.0,
nm2050642,36,1.0,7,0.086066,
nm2051779,36,1.0,2,0.0,
nm2051971,36,1.0,4,0.0,
nm2052977,36,1.0,5,0.0,
nm2052978,36,1.0,4,0.0,
nm2053085,36,1.0,5,0.0,
nm2053149,36,1.0,2,0.0,
nm2053310,36,1.0,7,0.081186,
nm2053808,36,1.0,1,0.0,
nm2055008,36,1.0,9,0.117978,
nm2055197,36,1.0,5,0.104305,
nm2056274,36,1.0,3,0.0,
nm2056519,36,1.0,4,0.0,
nm2058024,36,1.0,2,0.0,
nm2059117,72,0.470588,1,0.066386,4.8e-05
nm2059418,36,1.0,6,0.0,
nm2060055,36,1.0,7,0.075179,
nm2061734,36,1.0,3,0.0,
nm2061859,36,1.0,0,0.0,
nm2061923,36,1.0,6,0.105175,
nm2062375,36,1.0,4,0.0,
nm2062436,36,1.0,6,0.0,
nm2062531,36,1.0,5,0.0,
nm2062733,36,1.0,3,0.0,
nm2063290,36,1.0,5,0.0,
nm2063406,36,1.0,7,0.0,
nm2063780,36,1.0,7,0.0,
nm2064962,36,1.0,8,0.0,
nm2065859,36,1.0,5,0.0,
nm2066212,36,1.0,2,0.0,
nm2066764,36,1.0,5,0.0,
nm2067218,36,1.0,4,0.0,
nm2067953,72,0.470588,6,0.0,0.0
nm2068577,36,1.0,7,0.0,
nm2068808,36,1.0,4,0.0,
nm2068826,36,1.0,3,0.0,
nm2068871,36,1.0,4,0.0,
nm2068880,36,1.0,5,0.0,
nm2068892,36,1.0,2,0.0,
nm2068971,36,1.0,8,0.121622,
nm2069669,36,1.0,6,0.0,
nm2071924,36,1.0,8,0.0,
nm2071960,36,1.0,4,0.073001,
nm2072060,36,1.0,6,0.091172,
nm2072498,36,1.0,4,0.0,
nm2072883,36,1.0,7,0.115385,
nm2074966,36,1.0,2,0.0,
nm2075061,36,1.0,5,0.0,
nm2075350,36,1.0,5,0.0,
nm2076238,36,1.0,4,0.0,
nm2076506,36,1.0,6,0.0,
nm2076576,36,1.0,5,0.0,
nm2076603,36,1.0,3,0.0,
nm2076652,36,1.0,2,0.0,
nm2077607,36,1.0,4,0.0,
nm2078025,36,1.0,5,0.0,
nm2078557,36,1.0,3,0.054124,
nm2078718,36,1.0,4,0.0,
nm2079292,72,0.470588,5,0.0,0.000674
nm2079526,36,1.0,4,0.0,
nm2080607,36,1.0,4,0.0,
nm2080791,36,1.0,3,0.0,
nm2081164,66,0.725275,6,0.098592,
nm2081232,36,1.0,3,0.0,
nm2081394,36,1.0,7,0.0,
nm2081663,36,1.0,4,0.0,
nm2081715,36,1.0,5,0.0,
nm2082436,36,1.0,5,0.0,
nm2082530,36,1.0,2,0.0,
nm2083395,36,1.0,5,0.0,
nm2083561,36,1.0,3,0.0,
nm2084963,36,1.0,6,0.0,
nm2085781,36,1.0,5,0.0,
nm2086765,36,1.0,9,0.0,
nm2086851,36,1.0,5,0.0,
nm2086876,73,0.608333,7,0.0,
nm2086925,36,1.0,5,0.0,
nm2087049,36,1.0,6,0.0,
nm2087065,36,1.0,2,0.0,
nm2087369,36,1.0,2,0.0,
nm2087841,36,1.0,1,0.0,
nm2088803,36,1.0,5,0.070866,
nm2088872,36,1.0,4,0.0,
nm2089010,36,1.0,6,0.0,
nm2089843,36,1.0,5,0.0,
nm2090045,36,1.0,1,0.0,
nm2090153,36,1.0,6,0.0,
nm2090349,36,1.0,8,0.0,
nm2090825,36,1.0,6,0.0,
nm2091689,36,1.0,3,0.0,
nm2093976,36,1.0,3,0.0,
nm2095123,36,1.0,9,0.0,
nm2095779,36,1.0,4,0.0,
nm2096822,36,1.0,5,0.0,
nm2097378,36,1.0,8,0.0,
nm2097479,36,1.0,5,0.0,
nm2097751,72,0.470588,7,0.0,0.0
nm2098273,36,1.0,3,0.0,
nm2098839,36,1.0,5,0.0,
nm2098884,36,1.0,4,0.0,
nm2099014,36,1.0,5,0.0,
nm2099145,36,1.0,2,0.0,
nm2099247,36,1.0,3,0.0,
nm2099350,36,1.0,8,0.0,
nm2099367,36,1.0,3,0.0,
nm2101229,36,1.0,4,0.0,
nm2101653,36,1.0,5,0.0,
nm2102062,36,1.0,4,0.0,
nm2102330,36,1.0,3,0.0,
nm2102815,36,1.0,4,0.0,
nm2103554,36,1.0,5,0.0,
nm2103791,36,1.0,3,0.0,
nm2103881,36,1.0,5,0.0,
nm2103907,36,1.0,3,0.0,
nm2104314,36,1.0,6,0.0,
nm2104863,36,1.0,7,0.0,
nm2105009,36,1.0,6,0.0,
nm2106870,36,1.0,2,0.0,
nm2107127,36,1.0,1,0.0,
nm2107622,36,1.0,2,0.0,
nm2109624,36,1.0,0,0.0,
nm2110485,36,1.0,5,0.070234,
nm2111196,36,1.0,5,0.0,
nm2111352,36,1.0,3,0.087744,
nm2111813,36,1.0,7,0.0,
nm2111833,72,0.470588,5,0.062253,0.0
nm2112748,36,1.0,6,0.0,
nm2112939,36,1.0,4,0.088112,
nm2113617,36,1.0,0,0.0,
nm2113653,36,1.0,4,0.0,
nm2114358,36,1.0,4,0.0,
nm2114785,36,1.0,7,0.0,
nm2115624,36,1.0,6,0.0,
nm2115648,36,1.0,9,0.0,
nm2115757,36,1.0,1,0.0,
nm2115795,36,1.0,5,0.0,
nm2115821,36,1.0,5,0.0,
nm2116766,36,1.0,6,0.0,
nm2117181,36,1.0,4,0.0,
nm2117556,36,1.0,5,0.0,
nm2118613,36,1.0,7,0.0,
nm2118743,36,1.0,5,0.0,
nm2119196,73,0.477124,2,0.0,0.0
nm2119319,36,1.0,3,0.0,
nm2119401,36,1.0,3,0.0,
nm2119978,36,1.0,2,0.0,
nm2120205,36,1.0,7,0.0,
nm2120530,36,1.0,5,0.0,
nm2120538,36,1.0,6,0.0,
nm2120778,36,1.0,0,0.0,
nm2121089,36,1.0,5,0.0,
nm2121157,36,1.0,7,0.0,
nm2121456,36,1.0,3,0.0,
nm2122072,36,1.0,7,0.0,
nm2122336,36,1.0,5,0.0,
nm2122395,36,1.0,0,0.0,
nm2123097,36,1.0,9,0.0,
nm2123167,36,1.0,6,0.0,
nm2123231,36,1.0,8,0.0,
nm2125813,36,1.0,0,0.0,
nm2126840,36,1.0,5,0.0,
nm2127350,36,1.0,4,0.0,
nm2129342,36,1.0,1,0.0,
nm2129444,36,1.0,2,0.0,
nm2129662,36,1.0,5,0.066316,
nm2130498,36,1.0,2,0.104132,
nm2131780,36,1.0,4,0.0,
nm2131930,36,1.0,3,0.0,
nm2132667,110,0.31339,8,0.129363,0.001664
nm2132730,36,1.0,4,0.0,
nm2134560,36,1.0,6,0.0,
nm2134806,72,0.470588,2,0.057169,2e-06
nm2134954,36,1.0,5,0.0,
nm2134972,72,0.470588,7,0.0,0.000279
nm2135713,36,1.0,3,0.0,
nm2136329,36,1.0,1,0.0,
nm2136707,36,1.0,8,0.0,
nm2138126,113,0.321937,7,0.0,2.4e-05
nm2138653,36,1.0,6,0.10311,
nm2139077,74,0.48366,3,0.0,1.4e-05
nm2140007,36,1.0,6,0.0,
nm2140244,36,1.0,7,0.0,
nm2141178,36,1.0,4,0.0,
nm2141804,36,1.0,5,0.068553,
nm2142096,72,0.470588,4,0.0,0.000482
nm2142336,36,1.0,4,0.0,
nm2142537,36,1.0,3,0.0,
nm2143171,36,1.0,4,0.0,
nm2143567,36,1.0,9,0.0,
nm2143950,36,1.0,5,0.0,
nm2144150,36,1.0,8,0.0,
nm2144343,36,1.0,6,0.0,
nm2144460,36,1.0,7,0.0,
nm2145366,36,1.0,5,0.0,
nm2145989,36,1.0,6,0.0,
nm2146263,36,1.0,6,0.0,
nm2146813,36,1.0,5,0.0,
nm2146858,36,1.0,5,0.0,
nm2146863,36,1.0,4,0.0,
nm2146987,36,1.0,5,0.0,
nm2147475,36,1.0,5,0.0,
nm2147526,36,1.0,7,0.116022,
nm2148361,109,0.363333,3,0.0,0.00038
nm2148482,36,1.0,6,0.0,
nm2148811,36,1.0,3,0.0,
nm2148845,36,1.0,3,0.0,
nm2148922,36,1.0,3,0.0,
nm2148934,36,1.0,0,0.0,
nm2149215,36,1.0,6,0.0,
nm2149249,36,1.0,4,0.0,
nm2149437,36,1.0,7,0.0,
nm2151197,36,1.0,8,0.0,
nm2151247,172,0.289076,9,0.0,6.6e-05
nm2151270,36,1.0,3,0.0,
nm2151352,36,1.0,6,0.0,
nm2152434,36,1.0,4,0.0,
nm2153543,36,1.0,6,0.0,
nm2153780,36,1.0,9,0.0,
nm2153938,308,0.297585,7,0.0,0.00253
nm2154410,36,1.0,5,0.0,
nm2155676,36,1.0,1,0.0,
nm2155732,36,1.0,6,0.0,
nm2156120,36,1.0,2,0.0,
nm2156780,36,1.0,3,0.0,
nm2156908,290,0.188312,9,0.0,0.000109
nm2157271,36,1.0,7,0.0,
nm2157503,36,1.0,0,0.0,
nm2159926,36,1.0,6,0.0,
nm2162672,36,1.0,1,0.0,
nm2162693,36,1.0,3,0.0,
nm2164767,36,1.0,4,0.0,
nm2166395,36,1.0,2,0.0,
nm2166719,36,1.0,5,0.0,
nm2167051,36,1.0,7,0.110333,
nm2169502,36,1.0,5,0.0,
nm2171081,36,1.0,5,0.0,
nm2171495,36,1.0,6,0.0,
nm2172290,36,1.0,3,0.0,
nm2175087,36,1.0,5,0.0,
nm2176152,36,1.0,5,0.0,
nm2179940,36,1.0,4,0.0,
nm2181128,36,1.0,4,0.0,
nm2181420,36,1.0,7,0.0,
nm2183200,36,1.0,6,0.0,
nm2183298,36,1.0,6,0.0,
nm2183622,36,1.0,4,0.0,
nm2183684,36,1.0,6,0.0,
nm2186494,36,1.0,4,0.0,
nm2186865,72,0.470588,2,0.0,0.0
nm2187703,36,1.0,2,0.06409,
nm2188512,36,1.0,2,0.0,
nm2189977,36,1.0,6,0.0,
nm2191307,101,0.531579,6,0.0,0.0
nm2191645,36,1.0,2,0.0,
nm2192081,36,1.0,7,0.096626,
nm2192551,72,0.470588,7,0.115174,0.0
nm2193578,36,1.0,1,0.0,
nm2194534,36,1.0,4,0.0,
nm2194678,36,1.0,4,0.0,
nm2194798,36,1.0,5,0.09389,
nm2195587,36,1.0,4,0.0,
nm2195938,36,1.0,4,0.0,
nm2196479,36,1.0,1,0.0,
nm2196971,36,1.0,4,0.0,
nm2197711,36,1.0,0,0.0,
nm2198699,36,1.0,7,0.0,
nm2198906,72,0.470588,5,0.0,0.0
nm2199633,36,1.0,3,0.0,
nm2199801,36,1.0,5,0.0,
nm2200658,36,1.0,2,0.066596,
nm2200755,36,1.0,5,0.068478,
nm2200858,36,1.0,6,0.0,
nm2201207,36,1.0,5,0.0,
nm2201406,36,1.0,5,0.0,
nm2201555,36,1.0,8,0.0,
nm2202294,36,1.0,6,0.0,
nm2202409,36,1.0,6,0.0,
nm2202538,36,1.0,4,0.0,
nm2202931,36,1.0,6,0.0,
nm2203235,36,1.0,2,0.0,
nm2203315,36,1.0,5,0.0,
nm2204070,108,0.307692,1,0.0,0.0
nm2204932,36,1.0,6,0.103789,
nm2204974,36,1.0,2,0.0,
nm2205155,36,1.0,2,0.0,
nm2206989,36,1.0,2,0.0,
nm2207415,36,1.0,5,0.0,
nm2207585,36,1.0,7,0.0,
nm2208068,36,1.0,4,0.0,
nm2208151,36,1.0,5,0.0,
nm2208237,36,1.0,3,0.064286,
nm2208322,36,1.0,6,0.0,
nm2208813,36,1.0,8,0.0,
nm2210947,36,1.0,5,0.0,
nm2212085,36,1.0,4,0.0,
nm2212688,36,1.0,4,0.060461,
nm2212823,335,0.161058,8,0.0,0.000136
nm2213325,36,1.0,5,0.0,
nm2213957,36,1.0,1,0.098437,
nm2214646,36,1.0,3,0.0,
nm2215249,72,0.529412,2,0.0,
nm2215307,36,1.0,3,0.0,
nm2215609,36,1.0,7,0.0,
nm2215706,36,1.0,3,0.096183,
nm2216089,36,1.0,1,0.0,
nm2216101,36,1.0,4,0.0,
nm2217380,36,1.0,8,0.129363,
nm2217556,36,1.0,6,0.0,
nm2217791,36,1.0,2,0.0,
nm2217844,36,1.0,6,0.0,
nm2218210,36,1.0,7,0.115596,
nm2218544,36,1.0,4,0.0,
nm2218569,36,1.0,5,0.0,
nm2222175,36,1.0,3,0.055215,
nm2223012,36,1.0,6,0.0,
nm2224828,36,1.0,6,0.0,
nm2225369,36,1.0,1,0.0,
nm2225545,101,0.531579,5,0.0,0.0
nm2227434,36,1.0,5,0.0,
nm2227756,36,1.0,0,0.0,
nm2228294,36,1.0,3,0.080873,
nm2234478,36,1.0,7,0.0,
nm2235173,36,1.0,5,0.0,
nm2235330,36,1.0,7,0.128049,
nm2236593,36,1.0,4,0.0,
nm2236815,36,1.0,7,0.0,
nm2238248,36,1.0,4,0.098746,
nm2238626,36,1.0,7,0.0,
nm2239499,36,1.0,4,0.0,
nm2239666,36,1.0,5,0.0,
nm2239702,36,1.0,4,0.0,
nm2239927,36,1.0,6,0.108808,
nm2239942,36,1.0,5,0.0,
nm2240044,145,0.230159,3,0.12,0.001877
nm2240830,36,1.0,4,0.09389,
nm2241427,74,0.48366,7,0.123047,5.9e-05
nm2242145,36,1.0,4,0.0,
nm2242337,36,1.0,4,0.0,
nm2242464,36,1.0,4,0.0,
nm2242932,36,1.0,5,0.0,
nm2243644,36,1.0,3,0.0,
nm2243737,36,1.0,4,0.114964,
nm2244205,36,1.0,3,0.0,
nm2244706,36,1.0,4,0.0,
nm2244765,36,1.0,0,0.0,
nm2245192,36,1.0,7,0.0,
nm2246717,36,1.0,5,0.0,
nm2248524,36,1.0,1,0.0,
nm2252397,36,1.0,4,0.0,
nm2253071,36,1.0,4,0.0,
nm2253794,36,1.0,3,0.0,
nm2254074,36,1.0,2,0.0,
nm2255289,36,1.0,3,0.0,
nm2255441,36,1.0,4,0.0,
nm2255632,36,1.0,4,0.0,
nm2255965,36,1.0,7,0.0,
nm2256253,36,1.0,6,0.101124,
nm2257207,72,0.470588,2,0.0,0.0
nm2258163,72,0.470588,4,0.0,0.0
nm2258449,36,1.0,8,0.068035,
nm2259391,36,1.0,7,0.0,
nm2260105,36,1.0,7,0.0,
nm2260168,72,0.470588,7,0.106599,0.0
nm2260670,36,1.0,6,0.098437,
nm2260724,36,1.0,7,0.0,
nm2264356,36,1.0,5,0.0,
nm2265157,36,1.0,4,0.0,
nm2265507,36,1.0,1,0.0,
nm2266299,36,1.0,6,0.0,
nm2266683,36,1.0,5,0.0,
nm2267372,36,1.0,7,0.0,
nm2267725,36,1.0,4,0.0,
nm2268884,36,1.0,2,0.0,
nm2269674,36,1.0,7,0.0,
nm2269827,36,1.0,5,0.0,
nm2269906,36,1.0,5,0.0,
nm2270016,36,1.0,6,0.0,
nm2270589,36,1.0,4,0.065557,
nm2270882,36,1.0,7,0.075269,
nm2273252,36,1.0,2,0.0,
nm2273418,71,0.591667,4,0.0,
nm2273474,36,1.0,6,0.0,
nm2273524,36,1.0,5,0.101124,
nm2274369,36,1.0,7,0.0,
nm2274377,36,1.0,0,0.0,
nm2274542,36,1.0,4,0.0,
nm2274658,36,1.0,3,0.0,
nm2274783,36,1.0,5,0.0,
nm2275012,36,1.0,5,0.115385,
nm2275452,36,1.0,4,0.0,
nm2276340,36,1.0,4,0.0,
nm2276699,36,1.0,5,0.0,
nm2277949,36,1.0,6,0.0,
nm2278431,76,0.496732,8,0.0,0.0
nm2280509,36,1.0,5,0.089616,
nm2281397,36,1.0,2,0.0,
nm2281637,36,1.0,5,0.0,
nm2281741,36,1.0,2,0.0,
nm2282761,36,1.0,7,0.0,
nm2282891,36,1.0,5,0.0,
nm2283410,36,1.0,2,0.0,
nm2284072,36,1.0,6,0.0,
nm2284321,72,0.470588,3,0.124752,0.0
nm2284726,36,1.0,3,0.0,
nm2285290,36,1.0,3,0.07554,
nm2286188,73,0.477124,8,0.122807,0.00077
nm2288567,36,1.0,6,0.0,
nm2290049,36,1.0,7,0.0,
nm2290624,36,1.0,6,0.0,
nm2290763,36,1.0,6,0.0,
nm2292317,36,1.0,5,0.0,
nm2292615,36,1.0,1,0.0,
nm2293323,36,1.0,5,0.0,
nm2293453,36,1.0,5,0.0,
nm2295319,36,1.0,4,0.0,
nm2295540,36,1.0,2,0.0,
nm2295590,36,1.0,6,0.0,
nm2296016,36,1.0,0,0.0,
nm2296306,36,1.0,6,0.0,
nm2296440,36,1.0,4,0.0,
nm2296641,36,1.0,1,0.0,
nm2297029,36,1.0,6,0.0,
nm2298127,36,1.0,7,0.0,
nm2299539,36,1.0,5,0.0,
nm2299825,72,0.470588,6,0.116236,0.0
nm2299879,36,1.0,1,0.0,
nm2300127,36,1.0,4,0.113106,
nm2300982,36,1.0,6,0.0,
nm2301427,36,1.0,4,0.0,
nm2304722,36,1.0,5,0.0,
nm2305030,72,0.6,1,0.0,
nm2305282,36,1.0,0,0.0,
nm2305470,36,1.0,3,0.0,
nm2306191,36,1.0,3,0.0,
nm2306583,36,1.0,2,0.0,
nm2306680,36,1.0,4,0.0,
nm2308166,36,1.0,3,0.0,
nm2308267,36,1.0,7,0.0,
nm2309517,36,1.0,2,0.0,
nm2311069,36,1.0,3,0.0,
nm2312656,36,1.0,4,0.0,
nm2312662,36,1.0,5,0.0,
nm2313432,36,1.0,7,0.0,
nm2314136,36,1.0,7,0.0,
nm2314202,36,1.0,4,0.0,
nm2314596,36,1.0,5,0.0,
nm2314705,36,1.0,3,0.089235,
nm2315650,36,1.0,8,0.0,
nm2315672,36,1.0,7,0.0,
nm2316240,72,0.470588,4,0.0,0.0006
nm2316253,36,1.0,5,0.0,
nm2317466,36,1.0,3,0.0,
nm2317521,72,0.529412,1,0.0,
nm2318592,36,1.0,7,0.0,
nm2319059,36,1.0,4,0.0,
nm2319565,73,0.477124,7,0.130165,0.000197
nm2319859,36,1.0,5,0.0,
nm2319997,36,1.0,6,0.0,
nm2320409,36,1.0,2,0.0,
nm2320613,36,1.0,5,0.0,
nm2320634,36,1.0,5,0.0,
nm2321118,36,1.0,5,0.0,
nm2322250,36,1.0,4,0.0,
nm2322442,36,1.0,1,0.0,
nm2322467,36,1.0,1,0.07,
nm2323045,36,1.0,1,0.0,
nm2323408,36,1.0,5,0.0,
nm2323967,36,1.0,6,0.0,
nm2324209,36,1.0,3,0.061765,
nm2324284,36,1.0,7,0.0,
nm2325042,36,1.0,2,0.0,
nm2325393,36,1.0,6,0.0,
nm2325602,36,1.0,5,0.0,
nm2325659,36,1.0,5,0.0,
nm2325956,36,1.0,7,0.060229,
nm2326144,36,1.0,7,0.0,
nm2326212,36,1.0,8,0.05536,
nm2326220,36,1.0,4,0.0,
nm2326379,108,0.307692,7,0.0,6.4e-05
nm2327512,36,1.0,7,0.0,
nm2328440,36,1.0,5,0.0,
nm2328486,36,1.0,5,0.0,
nm2330321,36,1.0,5,0.0,
nm2330323,36,1.0,5,0.0,
nm2330972,36,1.0,4,0.0,
nm2331110,72,0.470588,5,0.0,0.0
nm2331586,36,1.0,6,0.0,
nm2332149,36,1.0,2,0.0,
nm2332350,36,1.0,9,0.082245,
nm2333098,36,1.0,7,0.0,
nm2334970,36,1.0,1,0.0,
nm2335809,36,1.0,8,0.0,
nm2336481,72,0.470588,5,0.0,0.0
nm2336615,72,0.529412,3,0.098437,
nm2336650,36,1.0,7,0.05536,
nm2336722,36,1.0,4,0.0,
nm2336813,36,1.0,5,0.0,
nm2337089,36,1.0,6,0.0,
nm2337388,36,1.0,6,0.0,
nm2338224,36,1.0,4,0.0,
nm2338836,36,1.0,6,0.0,
nm2338933,36,1.0,4,0.0,
nm2339428,36,1.0,5,0.0,
nm2339451,36,1.0,4,0.0,
nm2339825,36,1.0,2,0.0,
nm2340153,36,1.0,3,0.0,
nm2340475,36,1.0,5,0.0,
nm2342502,36,1.0,7,0.0,
nm2342884,36,1.0,5,0.0,
nm2343061,36,1.0,6,0.0,
nm2343617,108,0.307692,2,0.0,0.000775
nm2343968,36,1.0,4,0.0,
nm2345589,36,1.0,4,0.0,
nm2345845,36,1.0,5,0.0,
nm2345856,36,1.0,3,0.0,
nm2346091,36,1.0,2,0.0,
nm2346095,72,0.470588,5,0.0,0.0
nm2346665,36,1.0,6,0.107877,
nm2347196,72,0.470588,5,0.1008,0.000169
nm2348319,36,1.0,6,0.0,
nm2348576,36,1.0,5,0.0,
nm2348667,36,1.0,4,0.0,
nm2349190,36,1.0,5,0.0,
nm2351202,36,1.0,7,0.0,
nm2351246,36,1.0,2,0.0,
nm2352234,36,1.0,2,0.0,
nm2352547,36,1.0,6,0.0,
nm2352896,36,1.0,3,0.0,
nm2352909,36,1.0,4,0.0,
nm2353703,36,1.0,9,0.0,
nm2355282,36,1.0,6,0.060345,
nm2355526,36,1.0,6,0.101286,
nm2355740,72,0.470588,9,0.0,0.0
nm2356251,72,0.470588,2,0.0,0.0
nm2358356,36,1.0,7,0.0,
nm2358676,36,1.0,2,0.0,
nm2359179,80,0.467836,8,0.0,0.0
nm2359443,36,1.0,6,0.096626,
nm2360187,63,0.807692,7,0.0,
nm2360398,36,1.0,3,0.059211,
nm2361080,36,1.0,3,0.0,
nm2361282,72,0.470588,5,0.106419,0.000176
nm2361483,190,0.383065,12,0.0,1.3e-05
nm2361872,36,1.0,9,0.0,
nm2362683,36,1.0,9,0.0,
nm2362746,232,0.413547,7,0.0,0.001866
nm2363115,386,0.302745,6,0.0,0.000258
nm2363187,36,1.0,4,0.097523,
nm2363422,36,1.0,8,0.0,
nm2365811,72,0.470588,4,0.075904,2.6e-05
nm2366511,36,1.0,5,0.127273,
nm2366585,79,0.51634,6,0.0,0.000289
nm2366901,36,1.0,8,0.0,
nm2366974,36,1.0,8,0.111307,
nm2367068,36,1.0,5,0.0,
nm2367180,36,1.0,4,0.0,
nm2367277,36,1.0,6,0.0,
nm2367756,36,1.0,4,0.0,
nm2368990,36,1.0,6,0.106599,
nm2369414,36,1.0,3,0.0,
nm2369538,44,0.977778,7,0.0,
nm2371046,36,1.0,1,0.115596,
nm2371196,36,1.0,5,0.062253,
nm2373151,36,1.0,6,0.0,
nm2373156,36,1.0,4,0.0,
nm2373232,36,1.0,6,0.0,
nm2373827,36,1.0,3,0.088112,
nm2374383,36,1.0,1,0.0,
nm2374526,36,1.0,4,0.0,
nm2374741,36,1.0,5,0.0,
nm2374808,36,1.0,5,0.0,
nm2376212,36,1.0,8,0.0,
nm2376650,36,1.0,3,0.109948,
nm2376684,36,1.0,6,0.0,
nm2377000,36,1.0,8,0.0,
nm2377551,36,1.0,6,0.0,
nm2377888,36,1.0,5,0.103789,
nm2378577,36,1.0,2,0.0,
nm2379003,36,1.0,4,0.0,
nm2380048,36,1.0,5,0.0,
nm2380781,65,0.833333,11,0.0,
nm2381071,36,1.0,3,0.0,
nm2381150,36,1.0,5,0.0,
nm2381318,36,1.0,5,0.0,
nm2382533,159,0.53,8,0.0,1e-06
nm2382711,36,1.0,9,0.0,
nm2383070,225,0.517241,5,0.0,2e-06
nm2383250,36,1.0,7,0.0,
nm2383520,36,1.0,2,0.0,
nm2384041,36,1.0,4,0.0,
nm2384242,36,1.0,0,0.0,
nm2384460,36,1.0,3,0.0,
nm2384746,284,0.426426,3,0.0,0.000638
nm2385002,36,1.0,7,0.0,
nm2385252,44,0.977778,6,0.0,
nm2385808,36,1.0,6,0.0,
nm2385880,218,0.501149,4,0.0,7.7e-05
nm2386134,36,1.0,2,0.0,
nm2386430,271,0.385491,3,0.0,5.1e-05
nm2386577,36,1.0,4,0.0,
nm2386605,36,1.0,2,0.0,
nm2386632,198,0.564103,2,0.0,2e-06
nm2386716,36,1.0,8,0.102941,
nm2386771,36,1.0,6,0.0,
nm2386777,117,0.684211,12,0.0,3.4e-05
nm2386820,36,1.0,4,0.0,
nm2387197,125,0.595238,9,0.0,1e-06
nm2387401,110,0.808824,11,0.0,
nm2387707,36,1.0,4,0.0,
nm2388044,84,0.8,11,0.0,
nm2388401,36,1.0,3,0.0,
nm2388985,36,1.0,4,0.0,
nm2389777,90,0.857143,11,0.0,
nm2389894,70,0.897436,11,0.0,
nm2390366,36,1.0,2,0.0,
nm2391781,36,1.0,7,0.0,
nm2392676,36,1.0,6,0.0,
nm2393500,36,1.0,3,0.0,
nm2394568,36,1.0,2,0.059211,
nm2395048,36,1.0,7,0.0,
nm2395082,36,1.0,3,0.0,
nm2395335,232,0.439394,12,0.0,3.9e-05
nm2395510,36,1.0,2,0.0,
nm2396101,72,0.470588,4,0.0,4e-05
nm2396408,36,1.0,4,0.062008,
nm2397307,36,1.0,6,0.0,
nm2398174,36,1.0,6,0.0,
nm2398416,36,1.0,5,0.0,
nm2398653,36,1.0,4,0.0,
nm2399591,36,1.0,4,0.0,
nm2400035,36,1.0,3,0.0,
nm2400341,72,0.470588,4,0.0,0.009923
nm2401020,36,1.0,4,0.0,
nm2401249,36,1.0,5,0.0,
nm2404064,36,1.0,2,0.0,
nm2404493,36,1.0,4,0.0,
nm2404908,36,1.0,5,0.0,
nm2405454,36,1.0,5,0.0,
nm2407035,36,1.0,1,0.0,
nm2409083,36,1.0,7,0.0,
nm2409796,36,1.0,4,0.060345,
nm2410212,36,1.0,5,0.100639,
nm2410221,36,1.0,2,0.0,
nm2410400,36,1.0,6,0.0,
nm2410557,36,1.0,5,0.103618,
nm2411135,36,1.0,2,0.0,
nm2411515,36,1.0,8,0.0,
nm2412219,36,1.0,6,0.0,
nm2412978,36,1.0,3,0.0,
nm2413221,36,1.0,7,0.0,
nm2413916,36,1.0,3,0.0,
nm2415043,36,1.0,3,0.0,
nm2415415,36,1.0,7,0.0,
nm2415604,36,1.0,3,0.0,
nm2416407,36,1.0,5,0.0,
nm2416509,36,1.0,4,0.077111,
nm2416766,36,1.0,4,0.0,
nm2417194,36,1.0,5,0.0,
nm2417901,36,1.0,9,0.0,
nm2417960,36,1.0,3,0.0,
nm2418329,243,0.408403,2,0.0,8.4e-05
nm2419573,36,1.0,3,0.0,
nm2419625,188,0.578462,1,0.0,2e-06
nm2419779,36,1.0,3,0.0,
nm2419847,36,1.0,7,0.0,
nm2419919,36,1.0,5,0.0,
nm2420168,36,1.0,6,0.0,
nm2420725,36,1.0,4,0.0,
nm2421786,72,0.470588,5,0.0,0.0
nm2422019,36,1.0,8,0.0,
nm2422373,36,1.0,5,0.0,
nm2423347,36,1.0,5,0.0,
nm2423976,36,1.0,7,0.0,
nm2424149,36,1.0,5,0.0,
nm2426098,36,1.0,6,0.0,
nm2426143,36,1.0,6,0.0,
nm2427684,36,1.0,6,0.0,
nm2428276,36,1.0,9,0.0,
nm2428447,36,1.0,6,0.0,
nm2428837,36,1.0,5,0.0,
nm2430007,36,1.0,7,0.0,
nm2430021,36,1.0,3,0.0,
nm2430054,36,1.0,8,0.0,
nm2431276,36,1.0,1,0.0,
nm2431340,36,1.0,1,0.0,
nm2432160,36,1.0,4,0.0,
nm2432224,36,1.0,6,0.0,
nm2432364,36,1.0,3,0.0,
nm2432662,36,1.0,5,0.0,
nm2432715,36,1.0,7,0.0,
nm2433065,36,1.0,7,0.0,
nm2433192,36,1.0,6,0.0,
nm2433455,36,1.0,5,0.0,
nm2433460,36,1.0,6,0.111901,
nm2435596,72,0.529412,6,0.0,
nm2435847,36,1.0,5,0.125498,
nm2435908,36,1.0,5,0.0,
nm2436618,36,1.0,1,0.0,
nm2437939,36,1.0,6,0.0,
nm2438386,36,1.0,3,0.0,
nm2438707,36,1.0,8,0.0,
nm2439913,36,1.0,5,0.058279,
nm2440234,36,1.0,5,0.0,
nm2440239,36,1.0,5,0.0,
nm2440627,36,1.0,8,0.0,
nm2441169,36,1.0,5,0.0,
nm2441202,36,1.0,4,0.0,
nm2442113,36,1.0,7,0.0,
nm2442140,36,1.0,4,0.0,
nm2442143,36,1.0,3,0.063959,
nm2444299,36,1.0,6,0.086066,
nm2445177,36,1.0,3,0.0,
nm2445350,36,1.0,4,0.0,
nm2445419,36,1.0,8,0.131799,
nm2445705,36,1.0,5,0.0,
nm2446184,36,1.0,1,0.0,
nm2450506,36,1.0,6,0.075269,
nm2450885,36,1.0,3,0.0,
nm2452384,36,1.0,8,0.0,
nm2452772,36,1.0,1,0.0,
nm2453045,36,1.0,4,0.0,
nm2454994,36,1.0,7,0.0,
nm2456249,72,0.470588,3,0.0,0.0
nm2456848,36,1.0,3,0.0,
nm2457142,36,1.0,0,0.0,
nm2457283,36,1.0,6,0.0,
nm2458380,36,1.0,4,0.0,
nm2459212,36,1.0,6,0.0,
nm2459341,36,1.0,4,0.0,
nm2459609,36,1.0,2,0.0,
nm2460402,72,0.470588,5,0.0,2.2e-05
nm2460720,36,1.0,7,0.0,
nm2462840,36,1.0,6,0.0,
nm2463151,36,1.0,8,0.0,
nm2464261,36,1.0,4,0.0,
nm2464599,36,1.0,6,0.0,
nm2464706,36,1.0,6,0.0,
nm2464980,36,1.0,3,0.0,
nm2465061,36,1.0,9,0.0,
nm2465620,36,1.0,2,0.0,
nm2466273,36,1.0,4,0.0,
nm2467183,36,1.0,9,0.0,
nm2467205,36,1.0,8,0.0,
nm2468729,36,1.0,7,0.0,
nm2469034,36,1.0,5,0.0,
nm2469558,112,0.319088,9,0.123047,0.000992
nm2469669,36,1.0,4,0.0,
nm2471076,36,1.0,6,0.081395,
nm2471825,36,1.0,7,0.0,
nm2473246,36,1.0,6,0.0,
nm2475285,36,1.0,4,0.0,
nm2475486,36,1.0,8,0.0,
nm2475907,36,1.0,8,0.0,
nm2477386,36,1.0,8,0.088112,
nm2479233,36,1.0,5,0.0,
nm2479938,36,1.0,5,0.0,
nm2481000,36,1.0,6,0.0,
nm2481285,36,1.0,8,0.0,
nm2481309,36,1.0,2,0.0,
nm2485504,36,1.0,3,0.0,
nm2486937,36,1.0,6,0.0,
nm2487170,36,1.0,4,0.0,
nm2487748,36,1.0,8,0.0,
nm2488871,36,1.0,8,0.0,
nm2488896,36,1.0,4,0.0,
nm2489045,36,1.0,6,0.0,
nm2489222,36,1.0,3,0.0,
nm2489612,72,0.470588,7,0.0,0.000371
nm2489799,36,1.0,2,0.0,
nm2492023,36,1.0,3,0.0,
nm2492282,36,1.0,3,0.0,
nm2492376,36,1.0,4,0.0,
nm2493819,36,1.0,7,0.0,
nm2494557,36,1.0,3,0.0,
nm2495343,36,1.0,5,0.0,
nm2496992,73,0.477124,2,0.133475,0.000264
nm2499500,36,1.0,5,0.0,
nm2499815,36,1.0,5,0.09633,
nm2500160,36,1.0,7,0.125498,
nm2501442,36,1.0,4,0.0,
nm2501554,36,1.0,4,0.0,
nm2501633,36,1.0,3,0.0,
nm2504306,36,1.0,3,0.0,
nm2504855,36,1.0,1,0.0,
nm2505507,36,1.0,2,0.0,
nm2505548,36,1.0,5,0.0,
nm2505753,36,1.0,4,0.0,
nm2506042,36,1.0,2,0.0,
nm2506048,36,1.0,9,0.0,
nm2506509,36,1.0,8,0.0,
nm2506850,36,1.0,6,0.103618,
nm2507180,36,1.0,6,0.0,
nm2507201,36,1.0,2,0.0,
nm2507791,36,1.0,5,0.0,
nm2509198,36,1.0,3,0.0,
nm2509334,36,1.0,6,0.0,
nm2510035,36,1.0,2,0.0,
nm2511502,72,0.470588,4,0.0,1.8e-05
nm2511538,36,1.0,7,0.0,
nm2513407,72,0.470588,4,0.111702,0.000387
nm2514156,36,1.0,2,0.0,
nm2515011,36,1.0,8,0.0,
nm2515334,36,1.0,5,0.0,
nm2515388,36,1.0,4,0.111111,
nm2516110,73,0.477124,4,0.104132,
nm2517742,36,1.0,4,0.104478,
nm2518312,36,1.0,8,0.08046,
nm2518338,72,0.470588,2,0.0,
nm2518804,36,1.0,3,0.0,
nm2523072,36,1.0,5,0.0,
nm2523074,36,1.0,6,0.069922,
nm2523085,36,1.0,2,0.0,
nm2524051,36,1.0,3,0.0,
nm2524138,36,1.0,1,0.0,
nm2525214,36,1.0,4,0.0,
nm2525754,72,0.470588,5,0.0,
nm2525790,36,1.0,6,0.0,
nm2526461,36,1.0,6,0.110526,
nm2526613,36,1.0,5,0.0,
nm2527254,36,1.0,4,0.0,
nm2527686,36,1.0,4,0.0,
nm2529790,36,1.0,2,0.087989,
nm2530687,72,0.470588,2,0.0,
nm2531116,36,1.0,3,0.0,
nm2531162,36,1.0,4,0.0,
nm2531609,36,1.0,5,0.0,
nm2531628,36,1.0,1,0.0,
nm2532230,36,1.0,7,0.0,
nm2532405,75,0.625,6,0.0,
nm2532542,36,1.0,1,0.0,
nm2533322,36,1.0,3,0.0,
nm2533953,72,0.470588,8,0.121154,
nm2534303,72,0.470588,2,0.0,
nm2534638,36,1.0,3,0.0,
nm2535064,36,1.0,3,0.0,
nm2535133,36,1.0,2,0.0,
nm2535375,36,1.0,4,0.0,
nm2536215,36,1.0,6,0.110333,
nm2537380,36,1.0,0,0.0,
nm2537606,36,1.0,5,0.105175,
nm2538783,36,1.0,4,0.0,
nm2539875,36,1.0,2,0.0,
nm2540126,36,1.0,3,0.0,
nm2542744,36,1.0,6,0.077111,
nm2543870,36,1.0,6,0.0,
nm2544719,36,1.0,1,0.0,
nm2544899,108,0.307692,1,0.0,0.000106
nm2545330,36,1.0,5,0.110333,
nm2545346,72,0.470588,2,0.0,
nm2545567,36,1.0,6,0.0,
nm2545672,36,1.0,3,0.0,
nm2546411,114,0.350769,6,0.0,2.9e-05
nm2546442,74,0.544118,8,0.0,
nm2546649,36,1.0,7,0.0,
nm2547176,36,1.0,6,0.0,
nm2547298,36,1.0,5,0.0,
nm2547435,72,0.6,4,0.0,
nm2547466,36,1.0,6,0.114964,
nm2548692,36,1.0,8,0.107325,
nm2548959,36,1.0,6,0.057904,
nm2549642,36,1.0,4,0.0,
nm2550128,36,1.0,8,0.0,
nm2550521,36,1.0,5,0.0,
nm2551311,36,1.0,4,0.0,
nm2551500,36,1.0,5,0.0,
nm2551613,36,1.0,6,0.0,
nm2551976,36,1.0,4,0.0,
nm2552266,36,1.0,5,0.0,
nm2552308,72,0.6,3,0.0,
nm2552380,36,1.0,7,0.0,
nm2553833,36,1.0,7,0.073171,
nm2554070,36,1.0,4,0.0,
nm2554724,36,1.0,3,0.0,
nm2555387,36,1.0,5,0.0,
nm2555462,36,1.0,3,0.0,
nm2556155,36,1.0,4,0.0,
nm2556434,36,1.0,6,0.0,
nm2558112,36,1.0,1,0.0,
nm2558152,36,1.0,5,0.0,
nm2558275,36,1.0,3,0.0,
nm2560100,36,1.0,5,0.0,
nm2560686,72,0.470588,5,0.0,
nm2562287,36,1.0,9,0.0,
nm2562850,78,0.573529,10,0.0,
nm2563547,36,1.0,1,0.0,
nm2564628,36,1.0,6,0.060229,
nm2564634,36,1.0,3,0.0,
nm2564837,36,1.0,3,0.0,
nm2565613,36,1.0,4,0.0,
nm2566548,36,1.0,4,0.0,
nm2566876,36,1.0,6,0.0,
nm2567228,36,1.0,4,0.0,
nm2567388,36,1.0,4,0.0,
nm2568198,36,1.0,4,0.0,
nm2568651,36,1.0,3,0.09403,
nm2569233,72,0.470588,3,0.0,
nm2569810,36,1.0,8,0.0,
nm2570245,72,0.470588,6,0.136957,
nm2572182,36,1.0,4,0.0,
nm2572554,36,1.0,4,0.0,
nm2573928,36,1.0,2,0.0,
nm2574673,36,1.0,5,0.0,
nm2576262,36,1.0,7,0.066808,
nm2576320,36,1.0,6,0.0,
nm2576328,36,1.0,4,0.0,
nm2576691,36,1.0,7,0.0,
nm2577076,72,0.470588,4,0.0,
nm2577171,36,1.0,5,0.0,
nm2579454,36,1.0,6,0.0,
nm2579496,36,1.0,5,0.0,
nm2579651,36,1.0,2,0.064286,
nm2580536,36,1.0,4,0.0,
nm2580549,36,1.0,6,0.0,
nm2581098,36,1.0,2,0.0,
nm2582373,36,1.0,4,0.0,
nm2582459,36,1.0,2,0.0,
nm2582755,36,1.0,6,0.06409,
nm2584277,36,1.0,3,0.0,
nm2584298,36,1.0,4,0.0,
nm2585097,36,1.0,7,0.103448,
nm2585918,36,1.0,3,0.105,
nm2586010,36,1.0,4,0.1125,
nm2586196,36,1.0,5,0.0,
nm2586628,36,1.0,5,0.058605,
nm2587401,72,0.470588,3,0.117318,
nm2587859,36,1.0,3,0.0,
nm2588610,36,1.0,5,0.11014,
nm2590072,36,1.0,6,0.099213,
nm2590318,72,0.470588,3,0.1171,
nm2590596,73,0.536765,4,0.113718,
nm2592123,36,1.0,4,0.0,
nm2592911,36,1.0,7,0.0,
nm2593278,36,1.0,2,0.0,
nm2593355,36,1.0,9,0.0,
nm2593716,36,1.0,3,0.0,
nm2594281,36,1.0,8,0.074822,
nm2594314,36,1.0,3,0.0,
nm2594453,36,1.0,6,0.0,
nm2594993,36,1.0,7,0.074468,
nm2595736,36,1.0,3,0.0,
nm2595793,51,0.927273,0,0.0,
nm2595872,36,1.0,2,0.0,
nm2596288,36,1.0,8,0.0,
nm2596793,72,0.470588,2,0.0,
nm2596821,36,1.0,0,0.0,
nm2596845,36,1.0,3,0.0,
nm2596959,36,1.0,7,0.0,
nm2597393,36,1.0,6,0.0,
nm2597881,73,0.477124,4,0.086777,
nm2598196,36,1.0,7,0.0,
nm2598275,36,1.0,4,0.0,
nm2598285,36,1.0,4,0.0,
nm2598657,36,1.0,5,0.0,
nm2599473,36,1.0,7,0.098131,
nm2599580,36,1.0,3,0.0,
nm2600002,36,1.0,7,0.0,
nm2600157,36,1.0,7,0.0,
nm2602858,36,1.0,5,0.0,
nm2603023,36,1.0,6,0.12426,
nm2605345,36,1.0,5,0.0,
nm2608927,36,1.0,4,0.0,
nm2609445,36,1.0,6,0.0,
nm2609895,212,0.455914,7,0.0,5e-06
nm2610427,36,1.0,6,0.110915,
nm2611007,36,1.0,4,0.0,
nm2611061,152,0.550725,11,0.0,3.8e-05
nm2611421,36,1.0,3,0.0,
nm2611934,36,1.0,7,0.0,
nm2612382,36,1.0,5,0.0,
nm2613100,72,0.470588,4,0.0,
nm2614112,36,1.0,6,0.0,
nm2614548,36,1.0,6,0.0,
nm2615075,36,1.0,4,0.0,
nm2615164,36,1.0,3,0.0,
nm2615204,36,1.0,4,0.0,
nm2615398,36,1.0,5,0.0,
nm2615628,36,1.0,4,0.0,
nm2616372,36,1.0,4,0.0,
nm2618253,36,1.0,5,0.0,
nm2619595,36,1.0,7,0.074822,
nm2619970,36,1.0,4,0.0,
nm2620667,36,1.0,3,0.0,
nm2621030,36,1.0,4,0.0,
nm2621167,36,1.0,4,0.0,
nm2621861,36,1.0,7,0.065489,
nm2622044,36,1.0,3,0.0,
nm2622173,36,1.0,6,0.0,
nm2622225,36,1.0,6,0.074468,
nm2622284,36,1.0,5,0.057904,
nm2622922,36,1.0,6,0.065489,
nm2623337,36,1.0,3,0.0,
nm2623983,36,1.0,6,0.0,
nm2626103,36,1.0,3,0.0,
nm2626347,36,1.0,7,0.0,
nm2628347,36,1.0,8,0.0,
nm2628356,36,1.0,5,0.0,
nm2628935,36,1.0,1,0.0,
nm2629217,36,1.0,1,0.0,
nm2630079,167,0.513846,11,0.0,1.7e-05
nm2632418,36,1.0,5,0.0,
nm2632573,36,1.0,7,0.088112,
nm2635565,36,1.0,6,0.098131,
nm2635725,36,1.0,7,0.08046,
nm2637354,36,1.0,6,0.0,
nm2637686,36,1.0,5,0.0,
nm2637702,36,1.0,3,0.0,
nm2639149,36,1.0,6,0.0,
nm2640474,36,1.0,4,0.0,
nm2640610,36,1.0,7,0.0,
nm2640887,36,1.0,3,0.0,
nm2644115,36,1.0,4,0.0,
nm2644288,74,0.48366,3,0.0,
nm2644871,36,1.0,1,0.0,
nm2645920,36,1.0,8,0.0,
nm2646872,36,1.0,5,0.0,
nm2646937,36,1.0,1,0.0,
nm2647004,36,1.0,5,0.0,
nm2647824,36,1.0,4,0.0,
nm2647911,36,1.0,4,0.0,
nm2647965,36,1.0,2,0.0,
nm2648766,72,0.529412,8,0.0,
nm2649764,36,1.0,3,0.0,
nm2650306,36,1.0,2,0.0,
nm2650359,36,1.0,3,0.0,
nm2652047,36,1.0,5,0.0,
nm2653938,36,1.0,3,0.0,
nm2654829,36,1.0,5,0.0,
nm2656503,36,1.0,5,0.0,
nm2657142,36,1.0,3,0.0,
nm2658351,36,1.0,5,0.0,
nm2660044,36,1.0,5,0.0,
nm2660163,36,1.0,7,0.0,
nm2661912,36,1.0,3,0.0,
nm2662142,73,0.477124,9,0.0,
nm2662182,36,1.0,7,0.0,
nm2662416,36,1.0,4,0.0,
nm2664304,36,1.0,2,0.048951,
nm2665929,108,0.307692,4,0.0,0.003838
nm2665952,36,1.0,2,0.0,
nm2666409,36,1.0,2,0.0,
nm2666477,36,1.0,5,0.0,
nm2668139,36,1.0,3,0.0,
nm2668679,36,1.0,1,0.0,
nm2668717,72,0.470588,2,0.0,
nm2669366,36,1.0,7,0.0,
nm2669386,36,1.0,6,0.0,
nm2669445,36,1.0,6,0.0,
nm2670356,36,1.0,4,0.0,
nm2671105,36,1.0,4,0.0,
nm2671390,72,0.470588,6,0.087258,
nm2671586,36,1.0,6,0.0,
nm2672255,36,1.0,2,0.0,
nm2672647,36,1.0,7,0.0,
nm2672743,36,1.0,2,0.0,
nm2672980,72,0.6,8,0.0,
nm2673123,36,1.0,4,0.0,
nm2673512,36,1.0,6,0.0,
nm2673648,36,1.0,6,0.074822,
nm2674236,36,1.0,6,0.073171,
nm2674657,36,1.0,5,0.091172,
nm2674704,36,1.0,5,0.0,
nm2674743,36,1.0,5,0.0,
nm2677701,36,1.0,1,0.0,
nm2677773,36,1.0,1,0.0,
nm2678603,36,1.0,6,0.0,
nm2678898,36,1.0,4,0.0,
nm2680186,36,1.0,6,0.0,
nm2680269,36,1.0,5,0.0,
nm2680912,36,1.0,1,0.0,
nm2680994,36,1.0,6,0.0,
nm2681362,36,1.0,0,0.0,
nm2682045,36,1.0,4,0.0,
nm2682046,36,1.0,7,0.0,
nm2682461,36,1.0,5,0.0,
nm2683583,36,1.0,4,0.0,
nm2683695,36,1.0,5,0.0,
nm2684912,36,1.0,3,0.0,
nm2685920,36,1.0,2,0.0,
nm2686038,36,1.0,6,0.0,
nm2686231,72,0.470588,1,0.0,
nm2686261,36,1.0,7,0.0,
nm2686604,36,1.0,4,0.0,
nm2686618,36,1.0,2,0.0,
nm2687525,36,1.0,1,0.0,
nm2688329,36,1.0,5,0.0,
nm2688589,36,1.0,5,0.0,
nm2689197,36,1.0,4,0.0,
nm2690647,109,0.310541,6,0.118868,0.00031
nm2692160,36,1.0,2,0.0,
nm2692989,36,1.0,8,0.0,
nm2693356,36,1.0,6,0.0,
nm2694094,36,1.0,5,0.0,
nm2694385,72,0.470588,7,0.0,
nm2694719,36,1.0,3,0.0,
nm2695609,36,1.0,6,0.0,
nm2697585,36,1.0,1,0.0,
nm2698053,36,1.0,2,0.0,
nm2698115,72,0.529412,4,0.0,
nm2698390,36,1.0,8,0.076364,
nm2698488,36,1.0,5,0.0,
nm2699211,36,1.0,4,0.094737,
nm2700522,36,1.0,5,0.0,
nm2700551,36,1.0,5,0.0,
nm2700567,36,1.0,4,0.0,
nm2701005,36,1.0,6,0.0,
nm2701752,36,1.0,6,0.0,
nm2702017,36,1.0,4,0.0,
nm2703232,36,1.0,3,0.0,
nm2704055,36,1.0,6,0.0,
nm2704084,36,1.0,8,0.0,
nm2705084,36,1.0,7,0.0,
nm2705154,36,1.0,3,0.0,
nm2707990,36,1.0,7,0.0,
nm2709365,36,1.0,3,0.0,
nm2710534,36,1.0,6,0.0,
nm2711203,36,1.0,2,0.0,
nm2715168,36,1.0,6,0.0,
nm2715315,36,1.0,3,0.0,
nm2715539,36,1.0,5,0.0,
nm2716106,108,0.307692,2,0.0,0.000274
nm2717001,36,1.0,2,0.0,
nm2718017,110,0.338462,3,0.122568,0.000217
nm2718355,36,1.0,1,0.0,
nm2718834,146,0.231746,7,0.119772,0.00173
nm2721727,36,1.0,4,0.0,
nm2723283,36,1.0,3,0.0,
nm2724020,36,1.0,2,0.0,
nm2725254,36,1.0,3,0.0,
nm2725299,36,1.0,4,0.0,
nm2725758,36,1.0,7,0.0,
nm2726382,36,1.0,3,0.0,
nm2726845,36,1.0,5,0.065557,
nm2727823,36,1.0,3,0.0,
nm2728268,36,1.0,8,0.0,
nm2729779,36,1.0,2,0.0,
nm2731755,36,1.0,7,0.0,
nm2731980,36,1.0,4,0.0,
nm2732805,36,1.0,3,0.0,
nm2732939,36,1.0,4,0.083444,
nm2733342,36,1.0,2,0.0,
nm2734727,36,1.0,6,0.0,
nm2735127,36,1.0,7,0.0,
nm2740210,72,0.470588,4,0.0,
nm2740594,36,1.0,5,0.0,
nm2740647,36,1.0,3,0.0,
nm2740720,36,1.0,3,0.0,
nm2741235,36,1.0,5,0.0,
nm2741897,36,1.0,3,0.0,
nm2742878,36,1.0,3,0.0,
nm2744476,36,1.0,3,0.0,
nm2744972,36,1.0,5,0.098131,
nm2745463,36,1.0,3,0.0,
nm2745686,36,1.0,4,0.0,
nm2745688,36,1.0,3,0.0,
nm2745966,36,1.0,5,0.0,
nm2746065,36,1.0,0,0.0,
nm2746789,36,1.0,3,0.0,
nm2747070,36,1.0,8,0.0,
nm2747502,36,1.0,4,0.0,
nm2747851,36,1.0,8,0.0,
nm2748187,36,1.0,7,0.0,
nm2748333,36,1.0,5,0.0,
nm2748640,36,1.0,3,0.0,
nm2749076,36,1.0,5,0.0,
nm2749475,36,1.0,4,0.0,
nm2749745,36,1.0,1,0.0,
nm2750217,36,1.0,0,0.0,
nm2750358,36,1.0,9,0.0,
nm2750372,36,1.0,5,0.0,
nm2750565,44,0.977778,4,0.0,
nm2751064,190,0.541311,10,0.0,3e-05
nm2751273,36,1.0,6,0.0,
nm2751451,36,1.0,3,0.0,
nm2751824,36,1.0,5,0.0,
nm2753207,36,1.0,5,0.0,
nm2754475,110,0.338462,2,0.094737,0.0
nm2755346,72,0.529412,2,0.0,
nm2756056,36,1.0,5,0.086538,
nm2757035,36,1.0,5,0.0,
nm2759672,36,1.0,7,0.0,
nm2759746,36,1.0,3,0.0,
nm2760410,36,1.0,6,0.0,
nm2760502,73,0.608333,4,0.0,
nm2761288,36,1.0,4,0.0,
nm2762456,76,0.496732,7,0.0,
nm2763138,36,1.0,5,0.0,
nm2763314,36,1.0,4,0.0,
nm2763715,36,1.0,5,0.0,
nm2764483,36,1.0,4,0.0,
nm2765191,36,1.0,3,0.0,
nm2765435,36,1.0,5,0.081501,
nm2765676,36,1.0,6,0.0,
nm2766030,36,1.0,0,0.0,
nm2766068,36,1.0,3,0.0,
nm2767706,36,1.0,5,0.0,
nm2767828,36,1.0,8,0.0,
nm2768604,36,1.0,7,0.0,
nm2769024,36,1.0,3,0.0,
nm2769372,36,1.0,5,0.0,
nm2770629,36,1.0,7,0.0,
nm2770934,36,1.0,0,0.0,
nm2771745,36,1.0,3,0.0,
nm2771798,36,1.0,4,0.0,
nm2771908,36,1.0,3,0.0,
nm2772584,36,1.0,3,0.0,
nm2772801,36,1.0,5,0.0,
nm2773295,36,1.0,3,0.0,
nm2775078,36,1.0,5,0.0,
nm2775418,36,1.0,9,0.0,
nm2775500,36,1.0,5,0.0,
nm2775828,36,1.0,2,0.0,
nm2777493,36,1.0,3,0.0,
nm2777800,36,1.0,6,0.0,
nm2777927,36,1.0,5,0.0,
nm2778815,185,0.19556,8,0.110915,0.001025
nm2779059,36,1.0,5,0.0,
nm2779825,36,1.0,5,0.0,
nm2780135,36,1.0,2,0.0,
nm2780497,36,1.0,5,0.0,
nm2780676,36,1.0,3,0.0,
nm2780716,36,1.0,4,0.06422,
nm2781855,36,1.0,6,0.0,
nm2782263,72,0.470588,4,0.0,
nm2783690,36,1.0,1,0.0,
nm2783697,36,1.0,4,0.0,
nm2783722,72,0.470588,4,0.0,
nm2784214,36,1.0,3,0.0,
nm2784245,36,1.0,5,0.0,
nm2785414,36,1.0,4,0.0,
nm2785730,36,1.0,4,0.0,
nm2785857,36,1.0,3,0.0,
nm2786305,36,1.0,1,0.0,
nm2786314,77,0.503268,10,0.0,
nm2787335,36,1.0,4,0.0,
nm2787844,36,1.0,0,0.0,
nm2788001,36,1.0,3,0.0,
nm2788183,36,1.0,2,0.0,
nm2790265,36,1.0,4,0.0,
nm2790906,36,1.0,5,0.0,
nm2790980,36,1.0,5,0.075269,
nm2791162,36,1.0,4,0.0,
nm2791178,208,0.266667,8,0.0,7e-05
nm2791239,36,1.0,4,0.0,
nm2791668,36,1.0,5,0.0,
nm2792296,36,1.0,6,0.0,
nm2792699,36,1.0,5,0.0,
nm2792992,36,1.0,7,0.0,
nm2793591,36,1.0,1,0.0,
nm2794335,146,0.245378,5,0.124752,0.000604
nm2794738,36,1.0,7,0.0,
nm2794834,73,0.608333,3,0.0,
nm2794951,161,0.270588,8,0.0,4.5e-05
nm2794962,36,1.0,5,0.0,
nm2796110,74,0.544118,8,0.0,
nm2796399,36,1.0,2,0.0,
nm2796745,36,1.0,4,0.0,
nm2797756,36,1.0,5,0.060229,
nm2799219,72,0.470588,4,0.12753,
nm2799390,36,1.0,4,0.0,
nm2799929,36,1.0,6,0.0,
nm2800663,36,1.0,2,0.0,
nm2802018,36,1.0,5,0.0,
nm2802440,74,0.544118,7,0.0,
nm2803420,36,1.0,1,0.0,
nm2803434,36,1.0,3,0.0,
nm2803584,36,1.0,3,0.0,
nm2803762,36,1.0,4,0.060229,
nm2804463,36,1.0,1,0.0,
nm2804503,36,1.0,3,0.0,
nm2805221,36,1.0,6,0.0,
nm2805495,36,1.0,4,0.0,
nm2805533,36,1.0,5,0.086066,
nm2806111,348,0.178187,8,0.0,0.000193
nm2806785,36,1.0,4,0.0,
nm2807024,36,1.0,3,0.0,
nm2808410,36,1.0,2,0.0,
nm2808502,36,1.0,4,0.0,
nm2809289,36,1.0,1,0.0,
nm2809577,36,1.0,5,0.0,
nm2809845,36,1.0,2,0.0,
nm2810106,36,1.0,5,0.0,
nm2810154,36,1.0,3,0.0,
nm2810290,36,1.0,1,0.0,
nm2810374,36,1.0,0,0.0,
nm2810399,36,1.0,8,0.0,
nm2811073,36,1.0,4,0.0,
nm2811823,36,1.0,3,0.0,
nm2812453,75,0.490196,8,0.0,
nm2812610,72,0.470588,2,0.0,
nm2812886,36,1.0,8,0.0,
nm2812982,36,1.0,7,0.0,
nm2813164,36,1.0,2,0.0,
nm2813406,36,1.0,3,0.0,
nm2813994,36,1.0,5,0.0,
nm2814333,36,1.0,2,0.0,
nm2814500,36,1.0,9,0.0,
nm2815281,36,1.0,1,0.0,
nm2815817,75,0.490196,8,0.0,
nm2816155,36,1.0,0,0.0,
nm2816424,36,1.0,5,0.0,
nm2816832,36,1.0,3,0.0,
nm2817027,36,1.0,8,0.0,
nm2817369,36,1.0,2,0.0,
nm2818543,36,1.0,7,0.102773,
nm2818878,36,1.0,6,0.0,
nm2819510,36,1.0,4,0.0,
nm2819797,36,1.0,4,0.093333,
nm2820986,36,1.0,5,0.0,
nm2823350,36,1.0,3,0.0,
nm2825036,36,1.0,6,0.0,
nm2826608,72,0.470588,7,0.0,
nm2827538,36,1.0,5,0.087866,
nm2827694,36,1.0,3,0.0,
nm2827761,202,0.223699,9,0.0,4.5e-05
nm2827936,36,1.0,2,0.0,
nm2828057,36,1.0,2,0.0,
nm2828187,36,1.0,1,0.0,
nm2828216,36,1.0,0,0.0,
nm2829541,36,1.0,5,0.0,
nm2829782,36,1.0,7,0.0,
nm2830118,36,1.0,5,0.0,
nm2830182,36,1.0,4,0.0,
nm2831213,36,1.0,4,0.0,
nm2832695,36,1.0,6,0.0,
nm2832703,36,1.0,6,0.0,
nm2834209,72,0.470588,3,0.0,
nm2834294,36,1.0,4,0.0,
nm2834669,36,1.0,4,0.0,
nm2834990,36,1.0,4,0.0,
nm2835834,36,1.0,2,0.0,
nm2837044,36,1.0,4,0.0,
nm2837594,36,1.0,2,0.0,
nm2837850,36,1.0,1,0.0,
nm2837860,36,1.0,1,0.0,
nm2838294,73,0.477124,8,0.0,
nm2838790,36,1.0,4,0.0,
nm2839825,36,1.0,3,0.0,
nm2840457,36,1.0,6,0.066808,
nm2840530,36,1.0,6,0.0,
nm2840660,36,1.0,1,0.0,
nm2841309,36,1.0,4,0.0,
nm2842232,36,1.0,5,0.0,
nm2843037,36,1.0,7,0.0,
nm2843482,161,0.370115,4,0.0,0.0
nm2843559,36,1.0,5,0.12,
nm2843641,36,1.0,7,0.0,
nm2845856,36,1.0,3,0.0,
nm2847166,36,1.0,6,0.104132,
nm2847247,36,1.0,2,0.0,
nm2847284,36,1.0,7,0.0,
nm2847812,36,1.0,2,0.0,
nm2847911,36,1.0,3,0.0,
nm2848552,36,1.0,4,0.0,
nm2848837,36,1.0,3,0.0,
nm2849374,36,1.0,4,0.0,
nm2849785,72,0.529412,8,0.0,
nm2850234,36,1.0,7,0.0,
nm2850450,36,1.0,4,0.0,
nm2851426,108,0.307692,2,0.0,0.0
nm2851789,36,1.0,4,0.078358,
nm2852180,36,1.0,2,0.0,
nm2852415,77,0.503268,7,0.0,
nm2852446,198,0.253846,2,0.0,8e-06
nm2852571,76,0.558824,9,0.0,
nm2852892,75,0.551471,7,0.0,
nm2853853,36,1.0,2,0.0,
nm2854112,36,1.0,5,0.0,
nm2855184,36,1.0,1,0.0,
nm2855195,36,1.0,5,0.070156,
nm2855324,36,1.0,5,0.0,
nm2855554,36,1.0,5,0.073171,
nm2857016,36,1.0,2,0.0,
nm2857889,36,1.0,1,0.0,
nm2858395,36,1.0,4,0.103618,
nm2858832,36,1.0,8,0.0,
nm2859538,36,1.0,4,0.0,
nm2861211,36,1.0,4,0.0,
nm2862095,72,0.529412,2,0.0,
nm2863907,36,1.0,2,0.0,
nm2864554,36,1.0,3,0.0,
nm2865089,36,1.0,3,0.0,
nm2865117,36,1.0,8,0.0,
nm2865434,36,1.0,2,0.0,
nm2865703,72,0.470588,5,0.0,
nm2867176,72,0.470588,2,0.0,
nm2868707,36,1.0,6,0.0,
nm2868791,36,1.0,3,0.0,
nm2869139,36,1.0,3,0.0,
nm2871516,36,1.0,2,0.0,
nm2871680,36,1.0,1,0.0,
nm2873161,36,1.0,6,0.0,
nm2873228,36,1.0,4,0.0,
nm2874468,36,1.0,5,0.0,
nm2874587,36,1.0,3,0.0,
nm2875236,36,1.0,2,0.0,
nm2875282,36,1.0,1,0.0,
nm2876284,36,1.0,1,0.0,
nm2876818,95,0.620915,7,0.0,
nm2876852,71,0.591667,1,0.0,
nm2876954,36,1.0,6,0.0,
nm2877301,36,1.0,7,0.0,
nm2877778,36,1.0,3,0.0,
nm2878427,36,1.0,1,0.0,
nm2879092,72,0.529412,5,0.0,
nm2882408,36,1.0,5,0.064286,
nm2883441,36,1.0,3,0.0,
nm2883665,36,1.0,2,0.0,
nm2884019,36,1.0,4,0.0,
nm2884462,36,1.0,4,0.0,
nm2887021,36,1.0,3,0.0,
nm2888384,36,1.0,4,0.0,
nm2888499,36,1.0,6,0.0,
nm2888524,36,1.0,7,0.0,
nm2889535,36,1.0,2,0.0,
nm2890541,36,1.0,3,0.0,
nm2892927,36,1.0,7,0.0,
nm2893431,74,0.48366,8,0.0,
nm2894585,36,1.0,8,0.0,
nm2895878,36,1.0,3,0.0,
nm2895992,36,1.0,5,0.0,
nm2897413,77,0.503268,10,0.0,
nm2897658,74,0.48366,9,0.0,
nm2897883,36,1.0,5,0.0,
nm2898907,36,1.0,7,0.0,
nm2899603,36,1.0,7,0.0,
nm2900986,36,1.0,6,0.0,
nm2901344,36,1.0,3,0.0,
nm2902655,36,1.0,4,0.0,
nm2905560,36,1.0,7,0.0,
nm2906029,36,1.0,5,0.0,
nm2906035,36,1.0,4,0.0,
nm2906167,36,1.0,2,0.0,
nm2906571,36,1.0,8,0.0,
nm2906637,72,0.470588,5,0.105705,
nm2908492,36,1.0,6,0.0,
nm2910622,36,1.0,2,0.0,
nm2910893,36,1.0,7,0.0,
nm2911598,36,1.0,6,0.0,
nm2912067,36,1.0,4,0.0,
nm2912119,36,1.0,4,0.0,
nm2912444,36,1.0,4,0.0,
nm2913254,36,1.0,5,0.0,
nm2914059,36,1.0,3,0.0,
nm2914537,36,1.0,4,0.0,
nm2915851,36,1.0,7,0.0,
nm2916966,36,1.0,4,0.0,
nm2919997,36,1.0,3,0.0,
nm2920950,36,1.0,5,0.0,
nm2921197,72,0.470588,3,0.0,
nm2921854,36,1.0,8,0.0,
nm2921856,36,1.0,2,0.0,
nm2922103,36,1.0,5,0.0,
nm2924294,36,1.0,2,0.0,
nm2924454,36,1.0,3,0.0,
nm2925304,36,1.0,3,0.0,
nm2926954,36,1.0,3,0.0,
nm2927936,36,1.0,6,0.0,
nm2928412,36,1.0,4,0.0,
nm2929018,36,1.0,4,0.0,
nm2929886,36,1.0,3,0.0,
nm2930154,36,1.0,3,0.0,
nm2930632,36,1.0,4,0.0,
nm2932346,36,1.0,8,0.0,
nm2932370,36,1.0,7,0.0,
nm2932485,36,1.0,4,0.0,
nm2932493,160,0.285205,10,0.0,1e-05
nm2932868,36,1.0,7,0.0,
nm2933042,36,1.0,8,0.0,
nm2933317,36,1.0,7,0.0,
nm2933542,36,1.0,4,0.06833,
nm2933926,36,1.0,5,0.109565,
nm2934950,36,1.0,2,0.0,
nm2936907,36,1.0,9,0.120459,
nm2936970,36,1.0,6,0.1121,
nm2937499,36,1.0,6,0.0,
nm2938232,36,1.0,3,0.0,
nm2940506,36,1.0,2,0.0,
nm2940796,36,1.0,5,0.0,
nm2941559,36,1.0,2,0.0,
nm2941811,36,1.0,7,0.0,
nm2941877,36,1.0,5,0.0,
nm2942715,36,1.0,6,0.0,
nm2944077,36,1.0,4,0.0,
nm2944369,36,1.0,2,0.0,
nm2945270,36,1.0,5,0.10311,
nm2945994,36,1.0,1,0.0,
nm2946515,36,1.0,5,0.0,
nm2946712,36,1.0,2,0.054124,
nm2946751,307,0.214535,8,0.0,0.001589
nm2948024,36,1.0,5,0.065353,
nm2948025,36,1.0,3,0.0,
nm2948589,36,1.0,0,0.0,
nm2948803,36,1.0,5,0.0,
nm2948970,36,1.0,4,0.0,
nm2949715,36,1.0,3,0.0,
nm2949798,36,1.0,2,0.0,
nm2949959,36,1.0,2,0.0,
nm2950204,36,1.0,4,0.065353,
nm2950254,36,1.0,5,0.0,
nm2950601,36,1.0,3,0.0,
nm2950889,36,1.0,5,0.0,
nm2951682,36,1.0,6,0.0,
nm2951762,72,0.6,7,0.0,
nm2952127,36,1.0,7,0.08129,
nm2952467,36,1.0,3,0.0,
nm2952597,36,1.0,6,0.0,
nm2953505,36,1.0,3,0.0,
nm2954690,36,1.0,5,0.0,
nm2955024,36,1.0,5,0.0,
nm2955232,36,1.0,3,0.0,
nm2955595,36,1.0,2,0.0,
nm2956022,36,1.0,4,0.11014,
nm2956557,36,1.0,4,0.0,
nm2957008,36,1.0,1,0.0,
nm2957173,36,1.0,1,0.0,
nm2957276,36,1.0,4,0.0,
nm2957490,36,1.0,3,0.0,
nm2957668,36,1.0,1,0.0,
nm2957882,36,1.0,4,0.0,
nm2958419,36,1.0,2,0.0,
nm2958550,36,1.0,3,0.0,
nm2958957,36,1.0,5,0.0,
nm2960196,36,1.0,5,0.0,
nm2960333,36,1.0,6,0.106599,
nm2961216,36,1.0,2,0.0,
nm2961248,36,1.0,3,0.0,
nm2962353,57,0.863636,2,0.0,
nm2963158,36,1.0,4,0.0,
nm2964342,36,1.0,0,0.0,
nm2964361,36,1.0,2,0.0,
nm2964387,36,1.0,4,0.0,
nm2964838,36,1.0,1,0.0,
nm2964950,36,1.0,4,0.0,
nm2965286,36,1.0,5,0.070156,
nm2965538,36,1.0,3,0.0,
nm2966556,36,1.0,8,0.0,
nm2966645,36,1.0,6,0.0,
nm2968409,36,1.0,3,0.054031,
nm2968656,36,1.0,3,0.099057,
nm2968673,36,1.0,4,0.06833,
nm2969259,36,1.0,4,0.0,
nm2970078,36,1.0,5,0.0,
nm2970520,36,1.0,4,0.0,
nm2973107,36,1.0,3,0.0,
nm2973934,36,1.0,7,0.0,
nm2975962,36,1.0,3,0.0,
nm2977124,36,1.0,6,0.0,
nm2977461,110,0.338462,4,0.0,2.2e-05
nm2978384,36,1.0,5,0.0,
nm2978707,36,1.0,5,0.0,
nm2978720,36,1.0,4,0.0,
nm2979225,36,1.0,5,0.087866,
nm2979439,36,1.0,4,0.0,
nm2979684,36,1.0,2,0.0,
nm2980882,36,1.0,4,0.0,
nm2983144,36,1.0,2,0.0,
nm2983290,36,1.0,4,0.0,
nm2983438,36,1.0,3,0.0,
nm2983464,108,0.307692,1,0.096774,0.0
nm2983496,73,0.477124,3,0.112903,
nm2983614,36,1.0,1,0.0,
nm2983727,36,1.0,5,0.107877,
nm2983901,36,1.0,4,0.0,
nm2984738,36,1.0,4,0.0,
nm2985692,36,1.0,1,0.0,
nm2987035,36,1.0,2,0.0,
nm2987726,36,1.0,7,0.0,
nm2988329,36,1.0,4,0.0,
nm2988542,36,1.0,6,0.0,
nm2989239,36,1.0,0,0.07,
nm2989662,36,1.0,4,0.0,
nm2989948,36,1.0,1,0.0,
nm2990507,36,1.0,1,0.0,
nm2990589,36,1.0,1,0.0,
nm2992664,36,1.0,3,0.0,
nm2993483,36,1.0,7,0.0,
nm2993517,36,1.0,4,0.066316,
nm2995162,36,1.0,1,0.0,
nm2995248,36,1.0,4,0.101124,
nm2995294,36,1.0,2,0.0,
nm2995522,36,1.0,6,0.08129,
nm2995677,36,1.0,3,0.0,
nm2996301,36,1.0,2,0.0,
nm2996917,36,1.0,3,0.0,
nm2997229,36,1.0,6,0.0,
nm2997755,36,1.0,5,0.0,
nm2999014,36,1.0,6,0.0,
nm2999289,36,1.0,6,0.0,
nm3001807,72,0.470588,8,0.115809,
nm3001967,36,1.0,7,0.0,
nm3002625,36,1.0,4,0.088235,
nm3002988,36,1.0,2,0.0,
nm3003143,36,1.0,5,0.0,
nm3003858,36,1.0,8,0.0,
nm3004249,36,1.0,6,0.0,
nm3005812,36,1.0,3,0.0,
nm3006105,36,1.0,3,0.0,
nm3008388,72,0.470588,8,0.082245,
nm3008846,36,1.0,7,0.075995,
nm3011132,36,1.0,5,0.0,
nm3011554,36,1.0,5,0.0,
nm3011659,72,0.470588,4,0.0,
nm3011884,36,1.0,4,0.0,
nm3012977,73,0.477124,2,0.0,
nm3013500,36,1.0,6,0.121857,
nm3013862,36,1.0,6,0.109185,
nm3013899,36,1.0,3,0.0,
nm3016957,71,0.591667,3,0.0,
nm3017003,36,1.0,5,0.0,
nm3017011,36,1.0,1,0.0,
nm3017331,36,1.0,8,0.0,
nm3017474,36,1.0,3,0.0,
nm3018114,36,1.0,2,0.0,
nm3018183,36,1.0,5,0.0,
nm3018318,36,1.0,3,0.0,
nm3018533,36,1.0,0,0.0,
nm3018878,36,1.0,2,0.091971,
nm3019956,36,1.0,8,0.0,
nm3020280,36,1.0,3,0.0,
nm3020303,36,1.0,9,0.0,
nm3021333,36,1.0,6,0.102773,
nm3022132,36,1.0,4,0.0,
nm3022234,36,1.0,6,0.0,
nm3023199,36,1.0,8,0.0,
nm3024100,36,1.0,4,0.0,
nm3025366,36,1.0,6,0.0,
nm3025595,36,1.0,3,0.0,
nm3026217,36,1.0,7,0.0,
nm3026487,72,0.529412,3,0.0,
nm3028204,72,0.470588,2,0.0,
nm3029704,72,0.470588,0,0.0,
nm3029960,108,0.332308,3,0.0,0.0
nm3030100,36,1.0,3,0.086538,
nm3031425,36,1.0,4,0.0,
nm3032416,36,1.0,5,0.0,
nm3032586,36,1.0,3,0.0,
nm3033768,36,1.0,4,0.0,
nm3033831,36,1.0,5,0.0,
nm3034692,36,1.0,2,0.0,
nm3034998,36,1.0,3,0.0,
nm3035025,36,1.0,6,0.0,
nm3035081,72,0.470588,7,0.1125,
nm3037470,36,1.0,6,0.0,
nm3037845,36,1.0,3,0.0,
nm3039108,36,1.0,5,0.0,
nm3039215,36,1.0,7,0.0,
nm3039589,36,1.0,2,0.0,
nm3039853,36,1.0,4,0.0,
nm3040063,36,1.0,4,0.0,
nm3040724,36,1.0,4,0.0,
nm3041049,36,1.0,7,0.068035,
nm3041466,36,1.0,3,0.0,
nm3041542,36,1.0,7,0.0,
nm3041625,36,1.0,7,0.0,
nm3041664,71,0.591667,6,0.0,
nm3042800,36,1.0,6,0.0,
nm3043258,36,1.0,5,0.0,
nm3043279,36,1.0,7,0.0,
nm3043319,36,1.0,7,0.0,
nm3043910,36,1.0,2,0.0,
nm3045468,36,1.0,0,0.0,
nm3045634,36,1.0,4,0.09633,
nm3046678,36,1.0,5,0.114964,
nm3046705,36,1.0,5,0.0,
nm3047426,36,1.0,5,0.0,
nm3047464,36,1.0,4,0.0,
nm3047613,36,1.0,6,0.0,
nm3048050,36,1.0,6,0.0,
nm3049068,36,1.0,4,0.122807,
nm3049403,36,1.0,4,0.0,
nm3050429,36,1.0,6,0.0,
nm3052331,36,1.0,6,0.0,
nm3052337,36,1.0,2,0.0,
nm3052894,36,1.0,4,0.0,
nm3053135,36,1.0,3,0.0,
nm3053855,36,1.0,1,0.0,
nm3054159,36,1.0,8,0.0,
nm3054665,72,0.470588,2,0.094737,
nm3055124,73,0.536765,6,0.0,
nm3055239,36,1.0,6,0.0,
nm3055344,36,1.0,7,0.0,
nm3055456,36,1.0,2,0.0,
nm3056196,36,1.0,5,0.0,
nm3056324,36,1.0,3,0.0,
nm3056654,36,1.0,4,0.0,
nm3056676,36,1.0,9,0.0,
nm3056725,108,0.332308,1,0.087017,0.0
nm3057022,36,1.0,3,0.060229,
nm3057392,36,1.0,4,0.0,
nm3057476,36,1.0,1,0.0,
nm3057595,72,0.470588,8,0.0,
nm3059268,36,1.0,6,0.0,
nm3059813,72,0.470588,2,0.075359,
nm3060342,36,1.0,1,0.0,
nm3060479,36,1.0,3,0.0,
nm3061531,36,1.0,6,0.0,
nm3062843,36,1.0,6,0.0,
nm3064143,36,1.0,6,0.0,
nm3064155,36,1.0,5,0.109565,
nm3065236,36,1.0,6,0.0,
nm3065296,36,1.0,9,0.116022,
nm3065601,36,1.0,3,0.0,
nm3067118,36,1.0,6,0.0,
nm3067755,72,0.470588,3,0.0,
nm3070408,36,1.0,5,0.113924,
nm3070482,36,1.0,6,0.064417,
nm3071239,36,1.0,4,0.0,
nm3071281,36,1.0,6,0.0,
nm3072339,36,1.0,4,0.058279,
nm3072413,36,1.0,2,0.0,
nm3073428,36,1.0,5,0.0,
nm3073947,36,1.0,5,0.0,
nm3074010,36,1.0,2,0.0,
nm3078064,36,1.0,3,0.0,
nm3078257,36,1.0,4,0.0,
nm3078460,36,1.0,4,0.0,
nm3078926,36,1.0,3,0.0,
nm3079015,36,1.0,0,0.0,
nm3079083,36,1.0,3,0.0,
nm3080119,36,1.0,4,0.0,
nm3080619,36,1.0,6,0.0,
nm3082341,72,0.470588,2,0.0,
nm3083581,36,1.0,2,0.0,
nm3084436,36,1.0,2,0.0,
nm3084554,36,1.0,3,0.0,
nm3085941,36,1.0,0,0.0,
nm3086049,36,1.0,4,0.0,
nm3086789,36,1.0,3,0.0,
nm3087803,36,1.0,3,0.0,
nm3088211,36,1.0,4,0.0,
nm3090924,36,1.0,2,0.0,
nm3091209,36,1.0,6,0.071591,
nm3091751,36,1.0,6,0.0,
nm3093760,36,1.0,5,0.106239,
nm3093908,36,1.0,3,0.0,
nm3097592,36,1.0,4,0.0,
nm3098706,36,1.0,6,0.0,
nm3100463,36,1.0,4,0.0,
nm3101031,36,1.0,1,0.0,
nm3102174,36,1.0,3,0.0,
nm3102998,36,1.0,1,0.066596,
nm3103280,36,1.0,2,0.0,
nm3103495,36,1.0,4,0.0,
nm3104312,36,1.0,6,0.0,
nm3105997,36,1.0,3,0.0,
nm3106534,36,1.0,1,0.0,
nm3106945,36,1.0,7,0.0,
nm3108930,36,1.0,5,0.0,
nm3109156,36,1.0,4,0.0,
nm3109964,72,0.470588,5,0.0,
nm3110389,36,1.0,6,0.0,
nm3110915,36,1.0,3,0.078358,
nm3110951,36,1.0,4,0.0,
nm3111951,36,1.0,4,0.0,
nm3112166,36,1.0,0,0.0,
nm3113502,36,1.0,4,0.0,
nm3113678,36,1.0,2,0.0,
nm3113920,36,1.0,1,0.0,
nm3114120,36,1.0,3,0.0,
nm3114205,36,1.0,8,0.0,
nm3117320,36,1.0,3,0.0,
nm3118120,36,1.0,5,0.0,
nm3118945,36,1.0,7,0.124752,
nm3119556,36,1.0,5,0.118421,
nm3119894,36,1.0,6,0.0,
nm3120250,36,1.0,4,0.0,
nm3120588,36,1.0,6,0.0,
nm3120844,36,1.0,2,0.0,
nm3120937,36,1.0,5,0.0,
nm3121148,36,1.0,2,0.0,
nm3121357,36,1.0,5,0.0,
nm3121384,36,1.0,2,0.0,
nm3122789,72,0.470588,1,0.0,
nm3123793,36,1.0,4,0.0,
nm3126325,36,1.0,2,0.0,
nm3127378,36,1.0,4,0.0,
nm3127456,36,1.0,6,0.0,
nm3127544,36,1.0,5,0.0,
nm3128033,76,0.496732,5,0.0,
nm3128068,36,1.0,7,0.100159,
nm3128762,36,1.0,3,0.0,
nm3129104,36,1.0,3,0.09389,
nm3129108,36,1.0,8,0.0,
nm3129298,36,1.0,3,0.0,
nm3129512,36,1.0,3,0.0,
nm3129993,36,1.0,2,0.0,
nm3130259,36,1.0,2,0.0,
nm3130490,36,1.0,1,0.0,
nm3131085,36,1.0,0,0.0,
nm3131437,36,1.0,3,0.0,
nm3131753,36,1.0,4,0.118868,
nm3131765,36,1.0,4,0.0,
nm3131769,36,1.0,4,0.0,
nm3132725,72,0.470588,7,0.0,
nm3132784,73,0.477124,8,0.135193,
nm3132907,36,1.0,1,0.0,
nm3133211,36,1.0,7,0.0,
nm3134564,36,1.0,7,0.0,
nm3135063,36,1.0,4,0.0,
nm3135462,36,1.0,2,0.0,
nm3135674,36,1.0,4,0.0,
nm3136459,36,1.0,4,0.0,
nm3138181,36,1.0,5,0.0,
nm3138310,36,1.0,2,0.0,
nm3138511,36,1.0,6,0.0,
nm3138747,36,1.0,0,0.0,
nm3138980,36,1.0,5,0.0,
nm3138990,36,1.0,5,0.0,
nm3139059,36,1.0,7,0.0,
nm3139448,36,1.0,2,0.0,
nm3140519,36,1.0,6,0.0,
nm3140538,72,0.470588,6,0.0,
nm3140968,36,1.0,0,0.0,
nm3141242,36,1.0,2,0.0,
nm3141448,36,1.0,2,0.0,
nm3141890,36,1.0,3,0.065353,
nm3142212,36,1.0,3,0.0,
nm3142377,36,1.0,0,0.0,
nm3143249,36,1.0,4,0.0,
nm3143558,72,0.470588,3,0.0,
nm3143686,36,1.0,7,0.0,
nm3145714,36,1.0,5,0.0,
nm3146043,36,1.0,6,0.0,
nm3147240,36,1.0,4,0.0,
nm3147751,72,0.470588,6,0.0,
nm3149025,36,1.0,3,0.0,
nm3149791,110,0.31339,8,0.0,4e-06
nm3150446,36,1.0,5,0.0,
nm3150764,36,1.0,1,0.0,
nm3150965,36,1.0,6,0.0,
nm3152456,36,1.0,4,0.0,
nm3153209,36,1.0,2,0.0,
nm3154399,149,0.265597,7,0.123288,0.001042
nm3154969,36,1.0,1,0.0,
nm3155702,36,1.0,2,0.0,
nm3156150,36,1.0,4,0.0,
nm3157157,36,1.0,3,0.0,
nm3158948,36,1.0,4,0.089616,
nm3159465,36,1.0,3,0.0,
nm3159524,36,1.0,3,0.0,
nm3159919,36,1.0,6,0.0,
nm3159930,109,0.310541,3,0.121387,0.000941
nm3160752,36,1.0,6,0.0,
nm3160864,36,1.0,5,0.0,
nm3163877,36,1.0,4,0.0,
nm3164292,36,1.0,8,0.116236,
nm3164927,36,1.0,7,0.111307,
nm3165677,36,1.0,4,0.0,
nm3165891,36,1.0,2,0.0,
nm3166114,36,1.0,5,0.0,
nm3166305,72,0.470588,5,0.064417,
nm3167464,36,1.0,6,0.0,
nm3167599,36,1.0,5,0.0,
nm3169069,36,1.0,6,0.111111,
nm3170174,36,1.0,1,0.0,
nm3170207,36,1.0,7,0.0,
nm3170416,36,1.0,5,0.0,
nm3171360,36,1.0,6,0.0,
nm3171390,36,1.0,0,0.0,
nm3171918,36,1.0,5,0.0,
nm3172485,36,1.0,4,0.0,
nm3172728,36,1.0,5,0.0,
nm3172796,36,1.0,2,0.063959,
nm3173607,36,1.0,7,0.0,
nm3173883,109,0.363333,6,0.0,0.000356
nm3174082,36,1.0,4,0.0,
nm3174284,36,1.0,3,0.0,
nm3174558,36,1.0,2,0.0,
nm3174747,36,1.0,4,0.0,
nm3174873,36,1.0,0,0.0,
nm3175230,72,0.470588,8,0.119772,
nm3175451,36,1.0,4,0.0,
nm3175946,72,0.529412,8,0.0,
nm3176450,36,1.0,8,0.0,
nm3176630,72,0.470588,7,0.0,
nm3177356,36,1.0,3,0.0,
nm3177382,36,1.0,1,0.0,
nm3179851,36,1.0,5,0.0,
nm3180325,36,1.0,4,0.0,
nm3180447,36,1.0,1,0.0,
nm3180472,36,1.0,8,0.0,
nm3181771,36,1.0,4,0.088359,
nm3183214,36,1.0,4,0.0,
nm3183937,36,1.0,5,0.0,
nm3184137,72,0.470588,3,0.0,
nm3184458,72,0.470588,2,0.0,
nm3185774,36,1.0,3,0.0,
nm3188810,36,1.0,2,0.0,
nm3190124,36,1.0,3,0.0,
nm3190246,36,1.0,5,0.106239,
nm3190460,36,1.0,7,0.060519,
nm3190970,36,1.0,3,0.0,
nm3190976,36,1.0,3,0.0,
nm3191126,36,1.0,5,0.0,
nm3192510,72,0.470588,2,0.12753,
nm3193433,36,1.0,6,0.0,
nm3193498,36,1.0,1,0.0,
nm3194282,36,1.0,6,0.116022,
nm3194537,72,0.470588,3,0.0,
nm3196568,36,1.0,3,0.0,
nm3196782,72,0.470588,3,0.0,
nm3196854,36,1.0,8,0.0,
nm3198287,36,1.0,4,0.0,
nm3198758,36,1.0,0,0.0,
nm3198894,36,1.0,2,0.0,
nm3200264,36,1.0,3,0.0,
nm3200988,36,1.0,4,0.0,
nm3201028,36,1.0,6,0.075995,
nm3201821,36,1.0,3,0.0,
nm3202886,36,1.0,5,0.102606,
nm3203476,36,1.0,5,0.0,
nm3203994,36,1.0,2,0.0,
nm3204925,36,1.0,2,0.0,
nm3204954,36,1.0,3,0.0,
nm3206118,36,1.0,4,0.0,
nm3206691,36,1.0,4,0.0,
nm3207134,36,1.0,4,0.0,
nm3207345,36,1.0,3,0.0,
nm3208951,36,1.0,2,0.0,
nm3209201,36,1.0,8,0.0,
nm3209720,36,1.0,4,0.0,
nm3209833,36,1.0,6,0.0,
nm3209986,36,1.0,7,0.0,
nm3210828,36,1.0,3,0.062812,
nm3211285,36,1.0,5,0.0,
nm3211304,36,1.0,5,0.126761,
nm3213191,36,1.0,2,0.0,
nm3213240,36,1.0,4,0.0,
nm3213784,72,0.529412,2,0.0,
nm3214170,36,1.0,6,0.0,
nm3214649,36,1.0,4,0.0,
nm3215397,36,1.0,2,0.0,
nm3217785,36,1.0,2,0.0,
nm3219657,36,1.0,2,0.06409,
nm3220489,36,1.0,1,0.0,
nm3221054,36,1.0,2,0.0,
nm3221421,36,1.0,4,0.0,
nm3221539,36,1.0,9,0.0,
nm3221873,36,1.0,5,0.0,
nm3223090,36,1.0,3,0.0,
nm3223429,72,0.470588,5,0.120921,
nm3225022,36,1.0,2,0.0,
nm3225390,36,1.0,4,0.0,
nm3226240,72,0.470588,1,0.0,
nm3226390,36,1.0,2,0.0,
nm3227380,36,1.0,2,0.0,
nm3227628,36,1.0,5,0.0,
nm3227993,36,1.0,1,0.0,
nm3228320,72,0.470588,3,0.0,
nm3231341,36,1.0,0,0.0,
nm3231721,36,1.0,6,0.0,
nm3232787,36,1.0,3,0.0,
nm3233235,36,1.0,5,0.0,
nm3234734,36,1.0,4,0.0,
nm3236159,36,1.0,3,0.0,
nm3236733,72,0.470588,6,0.0,
nm3237083,36,1.0,0,0.0,
nm3237372,36,1.0,5,0.0,
nm3238246,36,1.0,2,0.0,
nm3238538,36,1.0,3,0.0,
nm3238544,36,1.0,8,0.0,
nm3238945,36,1.0,5,0.0,
nm3239630,36,1.0,7,0.0,
nm3239632,36,1.0,5,0.0,
nm3239768,69,0.657143,4,0.0,
nm3239779,36,1.0,3,0.0,
nm3239803,36,1.0,6,0.0,
nm3240282,36,1.0,1,0.0,
nm3240558,36,1.0,0,0.0,
nm3241196,36,1.0,6,0.081186,
nm3241346,36,1.0,3,0.0,
nm3241362,36,1.0,2,0.0,
nm3241397,36,1.0,5,0.0,
nm3242110,36,1.0,5,0.0,
nm3243068,72,0.529412,3,0.0,
nm3244078,36,1.0,2,0.0,
nm3244369,36,1.0,2,0.0,
nm3245931,36,1.0,3,0.0,
nm3246926,36,1.0,6,0.0,
nm3247379,36,1.0,3,0.0,
nm3249839,36,1.0,3,0.0,
nm3250978,36,1.0,7,0.0,
nm3251397,36,1.0,3,0.0,
nm3251574,36,1.0,2,0.0,
nm3251936,36,1.0,5,0.0,
nm3252135,36,1.0,7,0.0,
nm3252185,36,1.0,2,0.0,
nm3252257,36,1.0,5,0.0,
nm3252391,69,0.657143,1,0.0,
nm3252731,36,1.0,5,0.11014,
nm3253844,36,1.0,6,0.0,
nm3253943,36,1.0,5,0.0,
nm3254964,36,1.0,5,0.0,
nm3255649,36,1.0,3,0.0,
nm3256497,36,1.0,4,0.0,
nm3257879,36,1.0,4,0.109565,
nm3258460,36,1.0,1,0.086538,
nm3259962,36,1.0,0,0.0,
nm3260126,108,0.307692,1,0.0,0.0
nm3260157,36,1.0,4,0.087866,
nm3260333,36,1.0,2,0.0,
nm3260636,36,1.0,3,0.0,
nm3261559,36,1.0,2,0.0,
nm3262727,36,1.0,5,0.0,
nm3263076,36,1.0,4,0.0,
nm3263422,72,0.470588,5,0.0,
nm3263461,36,1.0,3,0.0,
nm3264596,72,0.470588,2,0.0,
nm3265325,36,1.0,3,0.0,
nm3267600,36,1.0,1,0.0,
nm3268630,36,1.0,7,0.0,
nm3269037,36,1.0,3,0.0,
nm3270142,36,1.0,4,0.0,
nm3270385,36,1.0,5,0.0,
nm3270435,72,0.470588,3,0.0,
nm3271373,108,0.307692,4,0.0,0.017269
nm3272130,110,0.31339,2,0.104825,0.000463
nm3272216,36,1.0,1,0.0,
nm3276688,36,1.0,5,0.0,
nm3276965,36,1.0,6,0.0,
nm3278434,36,1.0,4,0.0,
nm3278781,36,1.0,7,0.0,
nm3279726,36,1.0,6,0.0,
nm3280145,36,1.0,6,0.0,
nm3280573,36,1.0,3,0.0,
nm3281314,36,1.0,1,0.0,
nm3281844,36,1.0,6,0.0,
nm3282155,36,1.0,5,0.0,
nm3282535,36,1.0,4,0.0,
nm3283352,36,1.0,4,0.0,
nm3284561,36,1.0,4,0.0,
nm3285199,36,1.0,7,0.066107,
nm3285753,36,1.0,7,0.0,
nm3285792,36,1.0,5,0.0,
nm3285903,36,1.0,4,0.0,
nm3286302,36,1.0,7,0.0,
nm3286633,72,0.6,3,0.115385,
nm3286930,36,1.0,7,0.0,
nm3287914,36,1.0,7,0.0,
nm3287985,36,1.0,3,0.09633,
nm3288201,36,1.0,6,0.0,
nm3288392,36,1.0,2,0.0,
nm3289556,36,1.0,4,0.0,
nm3292130,36,1.0,7,0.076364,
nm3292201,36,1.0,5,0.0,
nm3294507,36,1.0,7,0.0,
nm3294569,36,1.0,8,0.0,
nm3297094,36,1.0,8,0.0,
nm3297448,36,1.0,7,0.110526,
nm3297585,36,1.0,6,0.0,
nm3298464,36,1.0,6,0.070549,
nm3298803,36,1.0,3,0.0,
nm3298848,36,1.0,4,0.0,
nm3299039,72,0.470588,6,0.0,
nm3299619,36,1.0,3,0.087866,
nm3301189,36,1.0,1,0.0,
nm3301424,36,1.0,5,0.0,
nm3301868,36,1.0,3,0.0,
nm3303059,36,1.0,4,0.0,
nm3303293,36,1.0,4,0.0,
nm3305911,36,1.0,3,0.0,
nm3306329,72,0.470588,2,0.051471,
nm3307744,36,1.0,3,0.0,
nm3307918,36,1.0,2,0.0,
nm3308257,36,1.0,5,0.0,
nm3311444,74,0.48366,3,0.11413,
nm3311638,36,1.0,3,0.0,
nm3311657,36,1.0,3,0.0,
nm3312312,36,1.0,4,0.0,
nm3314099,72,0.470588,1,0.0,
nm3314114,36,1.0,5,0.0,
nm3314507,36,1.0,3,0.0,
nm3314957,36,1.0,3,0.0,
nm3315713,36,1.0,6,0.0,
nm3315894,36,1.0,8,0.106599,
nm3315962,36,1.0,2,0.0,
nm3317210,36,1.0,6,0.0,
nm3317262,36,1.0,5,0.0,
nm3317281,36,1.0,3,0.0,
nm3318140,72,0.470588,8,0.132632,
nm3318415,36,1.0,5,0.10396,
nm3319531,36,1.0,6,0.0,
nm3320209,36,1.0,2,0.0,
nm3322393,36,1.0,3,0.0,
nm3324982,36,1.0,3,0.07554,
nm3325981,36,1.0,2,0.0,
nm3327356,72,0.470588,2,0.117757,
nm3328014,36,1.0,4,0.0,
nm3332284,36,1.0,4,0.0,
nm3332894,36,1.0,6,0.0,
nm3333413,36,1.0,5,0.0,
nm3333734,36,1.0,5,0.0,
nm3334143,36,1.0,3,0.0,
nm3334493,36,1.0,5,0.0,
nm3335067,36,1.0,2,0.0,
nm3336072,36,1.0,3,0.077111,
nm3337190,36,1.0,3,0.081081,
nm3337275,36,1.0,5,0.0,
nm3338413,36,1.0,1,0.0,
nm3338782,36,1.0,4,0.0,
nm3339194,36,1.0,1,0.0,
nm3339208,36,1.0,5,0.0,
nm3339236,36,1.0,2,0.0,
nm3339311,36,1.0,7,0.0,
nm3339359,36,1.0,4,0.0,
nm3339478,36,1.0,5,0.070549,
nm3341538,36,1.0,7,0.0,
nm3341685,36,1.0,4,0.0,
nm3343260,36,1.0,6,0.0,
nm3343765,36,1.0,3,0.0,
nm3344179,36,1.0,5,0.0,
nm3344953,36,1.0,6,0.060519,
nm3345670,36,1.0,4,0.0,
nm3346368,36,1.0,5,0.0,
nm3347140,36,1.0,5,0.0,
nm3348178,72,0.470588,2,0.114964,
nm3349065,36,1.0,1,0.0,
nm3349081,36,1.0,4,0.0,
nm3349406,36,1.0,6,0.0,
nm3351534,36,1.0,3,0.0,
nm3351988,36,1.0,4,0.0,
nm3353199,36,1.0,2,0.0,
nm3353502,36,1.0,4,0.0,
nm3353760,36,1.0,8,0.116667,
nm3354025,36,1.0,7,0.0,
nm3354963,36,1.0,4,0.0,
nm3355238,36,1.0,3,0.057065,
nm3356281,36,1.0,4,0.0,
nm3357942,36,1.0,3,0.066386,
nm3358475,36,1.0,4,0.0,
nm3359104,72,0.470588,3,0.0,
nm3359107,36,1.0,8,0.086777,
nm3359122,36,1.0,3,0.0,
nm3359670,36,1.0,3,0.0,
nm3360529,36,1.0,3,0.086538,
nm3361102,36,1.0,4,0.0,
nm3361553,36,1.0,1,0.0,
nm3362169,36,1.0,6,0.0,
nm3362584,36,1.0,0,0.0,
nm3362979,36,1.0,5,0.0,
nm3363584,36,1.0,2,0.0,
nm3366443,72,0.470588,3,0.094453,
nm3368020,36,1.0,6,0.0,
nm3368049,36,1.0,5,0.0,
nm3368667,36,1.0,6,0.094737,
nm3369416,36,1.0,5,0.0,
nm3370088,36,1.0,8,0.0,
nm3370295,72,0.470588,7,0.0,
nm3370408,36,1.0,4,0.064286,
nm3370435,71,0.591667,3,0.0,
nm3371002,36,1.0,6,0.060519,
nm3372052,36,1.0,7,0.0,
nm3372981,36,1.0,7,0.086777,
nm3373863,36,1.0,6,0.0,
nm3373988,36,1.0,4,0.080051,
nm3374021,36,1.0,4,0.095023,
nm3374027,72,0.470588,4,0.068478,
nm3374432,36,1.0,6,0.095455,
nm3374672,72,0.470588,6,0.10396,
nm3375850,36,1.0,4,0.0,
nm3376453,36,1.0,2,0.0,
nm3376756,36,1.0,6,0.0,
nm3376846,36,1.0,1,0.0,
nm3377141,36,1.0,2,0.0,
nm3380189,36,1.0,4,0.0,
nm3380718,36,1.0,5,0.0,
nm3380735,71,0.591667,2,0.0,
nm3381025,36,1.0,6,0.0,
nm3381295,36,1.0,3,0.0,
nm3381527,36,1.0,4,0.0,
nm3381677,36,1.0,2,0.0,
nm3382327,36,1.0,3,0.0,
nm3383115,36,1.0,2,0.0,
nm3385467,36,1.0,1,0.0,
nm3386125,36,1.0,3,0.0,
nm3387450,36,1.0,7,0.103279,
nm3387568,36,1.0,2,0.0,
nm3387680,36,1.0,4,0.0,
nm3387934,36,1.0,0,0.0,
nm3388377,36,1.0,3,0.0,
nm3388759,36,1.0,2,0.0,
nm3388842,36,1.0,6,0.0,
nm3390458,36,1.0,8,0.0,
nm3390494,36,1.0,3,0.0,
nm3390761,36,1.0,4,0.0,
nm3391296,36,1.0,2,0.0,
nm3391458,36,1.0,3,0.0,
nm3391699,36,1.0,8,0.0,
nm3392688,36,1.0,4,0.086538,
nm3396201,36,1.0,6,0.0,
nm3396625,36,1.0,3,0.0,
nm3397213,36,1.0,1,0.0,
nm3397660,73,0.477124,3,0.116883,
nm3399027,36,1.0,2,0.0,
nm3399361,36,1.0,5,0.0,
nm3400133,36,1.0,1,0.0,
nm3400134,36,1.0,5,0.0,
nm3401111,36,1.0,6,0.0,
nm3401140,36,1.0,6,0.0,
nm3403776,36,1.0,3,0.086538,
nm3403823,36,1.0,3,0.0,
nm3404376,36,1.0,2,0.0,
nm3404450,72,0.470588,1,0.0,
nm3404517,36,1.0,0,0.0,
nm3404556,36,1.0,1,0.106961,
nm3404632,36,1.0,5,0.0,
nm3406338,36,1.0,3,0.088235,
nm3406682,36,1.0,2,0.0,
nm3407080,36,1.0,7,0.0,
nm3408189,36,1.0,4,0.0,
nm3408254,36,1.0,2,0.0,
nm3408419,36,1.0,6,0.0,
nm3408936,36,1.0,8,0.0,
nm3409676,72,0.470588,2,0.0,
nm3411358,36,1.0,4,0.0,
nm3411431,36,1.0,5,0.0,
nm3412322,36,1.0,3,0.080051,
nm3413004,36,1.0,4,0.0,
nm3413454,36,1.0,8,0.105528,
nm3413690,36,1.0,1,0.0,
nm3414040,36,1.0,7,0.0,
nm3414188,36,1.0,4,0.126761,
nm3414806,36,1.0,3,0.101124,
nm3418739,36,1.0,2,0.0,
nm3419668,36,1.0,4,0.0,
nm3419887,72,0.470588,7,0.0,
nm3420858,36,1.0,3,0.097523,
nm3423916,36,1.0,7,0.0,
nm3424642,36,1.0,7,0.0,
nm3427667,36,1.0,5,0.060519,
nm3428003,36,1.0,1,0.09157,
nm3428866,36,1.0,3,0.0,
nm3429346,72,0.470588,1,0.087989,
nm3430300,36,1.0,2,0.0,
nm3432415,36,1.0,4,0.0,
nm3432521,36,1.0,5,0.0,
nm3434061,36,1.0,8,0.0,
nm3434176,36,1.0,6,0.0,
nm3434219,36,1.0,4,0.0,
nm3434373,72,0.470588,3,0.073001,
nm3434454,36,1.0,5,0.0,
nm3434660,36,1.0,3,0.0,
nm3435229,72,0.529412,0,0.0,
nm3436464,36,1.0,0,0.0,
nm3437803,36,1.0,4,0.0,
nm3438353,36,1.0,3,0.0,
nm3438796,36,1.0,7,0.114754,
nm3438835,72,0.470588,0,0.0,
nm3440031,73,0.477124,5,0.116236,
nm3440235,72,0.470588,7,0.0,
nm3440419,36,1.0,7,0.0,
nm3440452,36,1.0,6,0.0,
nm3440823,36,1.0,7,0.0,
nm3440889,36,1.0,0,0.0,
nm3441044,36,1.0,4,0.0,
nm3441586,36,1.0,2,0.0,
nm3441675,36,1.0,3,0.0,
nm3442130,36,1.0,7,0.0,
nm3442218,36,1.0,5,0.0,
nm3442270,36,1.0,3,0.0,
nm3442411,36,1.0,2,0.0,
nm3443995,72,0.470588,7,0.0,
nm3444063,36,1.0,6,0.0,
nm3444240,36,1.0,1,0.0,
nm3444244,36,1.0,7,0.114754,
nm3444369,36,1.0,6,0.0,
nm3445329,36,1.0,6,0.0,
nm3446411,36,1.0,5,0.0,
nm3446914,36,1.0,5,0.0,
nm3447958,36,1.0,5,0.0,
nm3448542,36,1.0,6,0.0,
nm3450012,36,1.0,2,0.0,
nm3452209,36,1.0,3,0.0,
nm3453866,72,0.470588,3,0.110721,
nm3455998,36,1.0,3,0.0,
nm3457543,72,0.470588,1,0.0,
nm3458100,36,1.0,5,0.0,
nm3459555,36,1.0,4,0.0,
nm3459781,36,1.0,5,0.0,
nm3459865,36,1.0,7,0.0,
nm3460083,36,1.0,6,0.0,
nm3460923,36,1.0,9,0.0,
nm3462599,36,1.0,3,0.0,
nm3464090,36,1.0,3,0.0,
nm3464409,36,1.0,5,0.0,
nm3464457,36,1.0,3,0.0,
nm3464518,36,1.0,3,0.0,
nm3464555,36,1.0,4,0.0,
nm3464928,36,1.0,6,0.0,
nm3465006,36,1.0,5,0.110526,
nm3465032,36,1.0,6,0.0,
nm3466279,36,1.0,4,0.0,
nm3467467,36,1.0,4,0.0,
nm3467471,36,1.0,1,0.0,
nm3471316,36,1.0,7,0.0,
nm3471660,36,1.0,4,0.0,
nm3472350,76,0.558824,6,0.0,
nm3472442,36,1.0,4,0.0,
nm3473331,36,1.0,6,0.0,
nm3473547,36,1.0,3,0.0,
nm3473752,36,1.0,3,0.0,
nm3473975,36,1.0,5,0.0,
nm3474050,36,1.0,4,0.0,
nm3474166,36,1.0,3,0.0,
nm3474462,72,0.470588,1,0.0,
nm3474753,36,1.0,5,0.0,
nm3474793,36,1.0,1,0.0,
nm3477928,36,1.0,5,0.0,
nm3478396,36,1.0,4,0.070234,
nm3478737,36,1.0,1,0.0,
nm3479264,36,1.0,3,0.0,
nm3482257,36,1.0,6,0.0,
nm3482371,36,1.0,3,0.0,
nm3482613,36,1.0,4,0.070156,
nm3482676,36,1.0,2,0.0,
nm3482756,36,1.0,5,0.0,
nm3483035,36,1.0,4,0.0,
nm3483613,36,1.0,5,0.0,
nm3484903,36,1.0,3,0.0,
nm3485230,36,1.0,3,0.0,
nm3485306,36,1.0,3,0.0,
nm3485889,36,1.0,2,0.0,
nm3485972,36,1.0,2,0.0,
nm3486258,36,1.0,3,0.0,
nm3486660,36,1.0,4,0.0,
nm3490185,36,1.0,3,0.0,
nm3491019,115,0.327635,9,0.0,1e-05
nm3492347,36,1.0,2,0.0,
nm3492422,103,0.490476,4,0.0,0.000281
nm3492497,36,1.0,5,0.057904,
nm3492864,36,1.0,4,0.0,
nm3492877,36,1.0,4,0.0,
nm3494722,36,1.0,4,0.0,
nm3496069,36,1.0,5,0.1121,
nm3500208,36,1.0,6,0.0,
nm3500582,72,0.470588,2,0.087017,
nm3501643,36,1.0,3,0.0,
nm3503246,36,1.0,3,0.0,
nm3503716,36,1.0,4,0.119545,
nm3504294,36,1.0,2,0.0,
nm3504429,36,1.0,1,0.0,
nm3504811,36,1.0,0,0.0,
nm3505439,36,1.0,5,0.0,
nm3507715,36,1.0,2,0.0,
nm3509265,36,1.0,1,0.0,
nm3511805,36,1.0,6,0.0,
nm3512587,36,1.0,2,0.0,
nm3513195,36,1.0,1,0.0,
nm3513533,36,1.0,5,0.0,
nm3513717,36,1.0,4,0.0,
nm3514295,36,1.0,3,0.0,
nm3514312,36,1.0,5,0.0,
nm3515044,36,1.0,2,0.0,
nm3515177,36,1.0,2,0.0,
nm3515263,36,1.0,4,0.0,
nm3516479,36,1.0,1,0.0,
nm3517457,36,1.0,3,0.0,
nm3518001,36,1.0,4,0.0,
nm3518466,36,1.0,5,0.0,
nm3518961,36,1.0,2,0.0,
nm3520919,36,1.0,3,0.0,
nm3522923,36,1.0,1,0.0,
nm3523995,36,1.0,0,0.0,
nm3524360,108,0.307692,5,0.0,0.0
nm3527272,36,1.0,6,0.0,
nm3527299,36,1.0,1,0.0,
nm3529321,36,1.0,2,0.0,
nm3529685,36,1.0,7,0.058659,
nm3530581,36,1.0,0,0.0,
nm3530614,36,1.0,1,0.0,
nm3530741,36,1.0,4,0.0,
nm3530937,36,1.0,5,0.0,
nm3531202,36,1.0,1,0.0,
nm3532874,36,1.0,6,0.103279,
nm3533230,36,1.0,2,0.0,
nm3533508,72,0.470588,2,0.094453,
nm3533739,36,1.0,2,0.0,
nm3534819,36,1.0,6,0.0,
nm3536989,36,1.0,5,0.0,
nm3537172,72,0.470588,4,0.0,
nm3538718,36,1.0,3,0.094737,
nm3538993,36,1.0,5,0.0,
nm3541687,36,1.0,7,0.0,
nm3542926,71,0.591667,5,0.0,
nm3544809,36,1.0,7,0.0,
nm3545407,72,0.470588,1,0.0,
nm3545485,36,1.0,0,0.0,
nm3545872,36,1.0,3,0.0,
nm3546868,36,1.0,4,0.096626,
nm3548468,36,1.0,4,0.0,
nm3548929,36,1.0,6,0.0,
nm3549547,36,1.0,4,0.0,
nm3550868,36,1.0,1,0.0,
nm3552604,36,1.0,2,0.07554,
nm3554025,87,0.568627,8,0.0,
nm3554130,36,1.0,5,0.0,
nm3554707,36,1.0,6,0.100478,
nm3554873,36,1.0,3,0.0,
nm3555102,36,1.0,2,0.0,
nm3556021,36,1.0,2,0.0,
nm3556463,36,1.0,1,0.0,
nm3556658,36,1.0,1,0.0,
nm3557375,115,0.327635,6,0.122807,0.000151
nm3558256,36,1.0,5,0.0,
nm3559559,110,0.338462,6,0.136659,0.002067
nm3560079,36,1.0,8,0.0,
nm3561833,36,1.0,5,0.0,
nm3561962,36,1.0,5,0.116022,
nm3562302,36,1.0,4,0.104305,
nm3562832,72,0.470588,2,0.095455,
nm3564464,36,1.0,6,0.0,
nm3569001,36,1.0,0,0.0,
nm3569284,36,1.0,4,0.0,
nm3569306,36,1.0,6,0.0,
nm3571521,36,1.0,2,0.0,
nm3571592,72,0.470588,2,0.0,
nm3571717,36,1.0,5,0.0,
nm3571806,36,1.0,6,0.0,
nm3571967,36,1.0,4,0.0,
nm3572845,36,1.0,8,0.0,
nm3573027,36,1.0,2,0.0,
nm3573977,36,1.0,3,0.0,
nm3574449,36,1.0,2,0.0,
nm3575147,36,1.0,5,0.103618,
nm3575605,72,0.470588,2,0.1,
nm3576094,36,1.0,8,0.0,
nm3580368,36,1.0,5,0.0,
nm3580847,36,1.0,2,0.0,
nm3581007,36,1.0,3,0.0,
nm3581293,36,1.0,4,0.0,
nm3582612,36,1.0,5,0.0,
nm3583019,36,1.0,3,0.088359,
nm3584152,36,1.0,3,0.0,
nm3584268,36,1.0,3,0.0,
nm3584755,36,1.0,6,0.0,
nm3585662,36,1.0,3,0.0,
nm3587952,36,1.0,3,0.0,
nm3588309,36,1.0,3,0.0,
nm3588483,36,1.0,5,0.0,
nm3589143,72,0.470588,7,0.0,
nm3589171,36,1.0,5,0.0,
nm3589263,36,1.0,6,0.0,
nm3590037,36,1.0,5,0.0,
nm3591507,114,0.38,9,0.0,1.2e-05
nm3591564,78,0.509804,10,0.0,
nm3592491,36,1.0,3,0.0,
nm3592766,109,0.310541,7,0.125,0.001344
nm3593036,36,1.0,5,0.0,
nm3593738,36,1.0,3,0.0,
nm3593926,36,1.0,3,0.0,
nm3594367,36,1.0,6,0.0,
nm3594598,36,1.0,5,0.0,
nm3595972,36,1.0,3,0.0,
nm3596374,36,1.0,3,0.0,
nm3596492,36,1.0,4,0.0,
nm3597243,36,1.0,4,0.0,
nm3597462,36,1.0,4,0.115385,
nm3600331,36,1.0,6,0.0,
nm3600447,36,1.0,7,0.0,
nm3600675,36,1.0,1,0.0,
nm3601305,36,1.0,6,0.0,
nm3601766,36,1.0,7,0.106599,
nm3602024,36,1.0,1,0.0,
nm3602118,72,0.529412,7,0.130165,
nm3602259,36,1.0,4,0.0,
nm3602480,36,1.0,6,0.0,
nm3602977,36,1.0,5,0.0,
nm3603159,36,1.0,6,0.0,
nm3603197,36,1.0,3,0.0,
nm3603343,36,1.0,2,0.0,
nm3604577,36,1.0,1,0.0,
nm3605032,36,1.0,6,0.110333,
nm3606427,36,1.0,7,0.121622,
nm3606487,73,0.477124,4,0.123529,
nm3606690,36,1.0,5,0.0,
nm3607201,36,1.0,6,0.0,
nm3607224,36,1.0,3,0.115385,
nm3608767,77,0.566176,7,0.0,
nm3609590,36,1.0,2,0.0,
nm3611859,36,1.0,6,0.0,
nm3612551,36,1.0,1,0.0,
nm3613279,36,1.0,5,0.088359,
nm3613838,36,1.0,6,0.0,
nm3614071,36,1.0,1,0.0,
nm3614943,36,1.0,4,0.0,
nm3616347,36,1.0,6,0.0,
nm3616423,36,1.0,1,0.0,
nm3616779,36,1.0,3,0.066316,
nm3617013,36,1.0,5,0.0,
nm3617629,36,1.0,7,0.131799,
nm3619308,36,1.0,6,0.0,
nm3619740,36,1.0,2,0.087866,
nm3620703,72,0.470588,5,0.0,
nm3622094,36,1.0,4,0.0,
nm3622832,36,1.0,4,0.0,
nm3623005,36,1.0,3,0.0,
nm3623569,36,1.0,4,0.0,
nm3623789,36,1.0,5,0.0,
nm3626053,36,1.0,6,0.0,
nm3626674,36,1.0,1,0.0,
nm3626959,36,1.0,0,0.0,
nm3627424,36,1.0,4,0.0,
nm3627683,36,1.0,1,0.0,
nm3628039,36,1.0,5,0.0,
nm3628431,36,1.0,7,0.0,
nm3628606,36,1.0,5,0.0,
nm3633953,36,1.0,3,0.0,
nm3635216,36,1.0,5,0.0,
nm3636189,36,1.0,2,0.0,
nm3636597,36,1.0,5,0.0,
nm3637974,36,1.0,4,0.0,
nm3639013,36,1.0,2,0.062812,
nm3639497,36,1.0,3,0.0,
nm3640154,72,0.470588,1,0.0,
nm3640220,36,1.0,4,0.0,
nm3640420,36,1.0,3,0.083444,
nm3640660,36,1.0,6,0.0,
nm3641050,36,1.0,5,0.0,
nm3641120,36,1.0,2,0.0,
nm3641180,36,1.0,1,0.0,
nm3641538,36,1.0,5,0.0,
nm3641754,36,1.0,6,0.103448,
nm3641927,36,1.0,5,0.0,
nm3642592,36,1.0,5,0.103448,
nm3643178,36,1.0,5,0.0,
nm3643886,36,1.0,6,0.0,
nm3644157,36,1.0,2,0.0,
nm3644596,36,1.0,8,0.0,
nm3645214,36,1.0,3,0.0,
nm3645531,36,1.0,4,0.0,
nm3646747,36,1.0,3,0.0,
nm3646923,72,0.470588,5,0.068404,
nm3647676,36,1.0,4,0.0,
nm3647771,36,1.0,3,0.0,
nm3648279,72,0.470588,3,0.120459,
nm3651492,107,0.387681,4,0.0,1e-06
nm3651535,36,1.0,4,0.0,
nm3651759,36,1.0,7,0.0,
nm3652842,36,1.0,8,0.0,
nm3652848,36,1.0,2,0.0,
nm3654496,36,1.0,8,0.121387,
nm3654499,72,0.470588,4,0.0,
nm3654931,36,1.0,6,0.0,
nm3655146,36,1.0,5,0.0,
nm3655976,36,1.0,0,0.0,
nm3657716,36,1.0,5,0.0,
nm3658258,36,1.0,3,0.0,
nm3658399,36,1.0,3,0.0,
nm3663864,36,1.0,4,0.0,
nm3663964,36,1.0,3,0.0,
nm3664729,36,1.0,3,0.0,
nm3665215,36,1.0,3,0.0,
nm3666287,36,1.0,5,0.0,
nm3666749,36,1.0,1,0.0,
nm3667068,36,1.0,1,0.0,
nm3667760,36,1.0,1,0.0,
nm3668024,36,1.0,2,0.0,
nm3668113,36,1.0,4,0.0,
nm3668216,36,1.0,3,0.121387,
nm3668855,36,1.0,2,0.0,
nm3669580,36,1.0,5,0.0,
nm3672284,36,1.0,6,0.0,
nm3672524,36,1.0,7,0.095745,
nm3673618,36,1.0,4,0.0,
nm3674507,36,1.0,6,0.066107,
nm3674756,36,1.0,4,0.057904,
nm3674939,36,1.0,6,0.0,
nm3675238,36,1.0,4,0.0,
nm3675413,36,1.0,5,0.0,
nm3678494,36,1.0,7,0.0,
nm3679148,108,0.307692,4,0.0,1.2e-05
nm3679375,36,1.0,7,0.0,
nm3680266,36,1.0,7,0.0,
nm3683078,36,1.0,5,0.0,
nm3683327,36,1.0,3,0.0,
nm3684316,36,1.0,6,0.086777,
nm3684463,36,1.0,0,0.0,
nm3684541,36,1.0,4,0.0,
nm3684772,36,1.0,3,0.0,
nm3687213,36,1.0,3,0.0,
nm3690667,72,0.470588,6,0.096478,
nm3691738,36,1.0,2,0.0,
nm3692419,36,1.0,2,0.0,
nm3692656,36,1.0,1,0.0,
nm3692726,36,1.0,6,0.0,
nm3695071,36,1.0,8,0.0,
nm3695477,36,1.0,4,0.0,
nm3696353,36,1.0,5,0.0,
nm3696993,36,1.0,0,0.0,
nm3699411,36,1.0,3,0.0,
nm3699543,36,1.0,7,0.0,
nm3699960,36,1.0,2,0.0,
nm3700404,36,1.0,4,0.0,
nm3700767,36,1.0,2,0.0,
nm3700888,36,1.0,4,0.0,
nm3701137,36,1.0,5,0.0,
nm3702255,36,1.0,4,0.0,
nm3702737,36,1.0,4,0.0,
nm3703390,36,1.0,2,0.0,
nm3704574,36,1.0,3,0.0,
nm3704889,36,1.0,6,0.0,
nm3704920,36,1.0,3,0.0,
nm3706325,36,1.0,0,0.0,
nm3706447,36,1.0,5,0.0,
nm3706712,36,1.0,5,0.0,
nm3708145,36,1.0,5,0.0,
nm3710008,36,1.0,8,0.0,
nm3710453,36,1.0,5,0.0,
nm3710932,36,1.0,8,0.0,
nm3711953,36,1.0,6,0.0,
nm3713413,36,1.0,3,0.0,
nm3713533,36,1.0,2,0.0,
nm3713653,72,0.470588,3,0.122807,
nm3714002,72,0.470588,2,0.0,
nm3714815,36,1.0,6,0.0,
nm3715034,36,1.0,3,0.0,
nm3715431,36,1.0,9,0.0,
nm3716382,36,1.0,4,0.0,
nm3718007,36,1.0,2,0.0,
nm3718947,36,1.0,2,0.0,
nm3719463,36,1.0,3,0.0,
nm3719472,36,1.0,6,0.0,
nm3719585,36,1.0,3,0.0,
nm3719626,36,1.0,4,0.0,
nm3720756,36,1.0,2,0.0,
nm3720887,36,1.0,1,0.0,
nm3720947,36,1.0,5,0.099213,
nm3721069,36,1.0,6,0.0,
nm3724770,36,1.0,2,0.0,
nm3725055,36,1.0,4,0.0,
nm3725393,36,1.0,3,0.0,
nm3725546,36,1.0,6,0.0,
nm3726094,36,1.0,6,0.0,
nm3726250,36,1.0,3,0.0,
nm3727008,36,1.0,3,0.0,
nm3728280,36,1.0,3,0.077111,
nm3730222,36,1.0,7,0.0,
nm3730270,36,1.0,7,0.0,
nm3731222,36,1.0,1,0.0,
nm3731565,36,1.0,4,0.0,
nm3732555,36,1.0,2,0.0,
nm3733434,36,1.0,1,0.0,
nm3734708,36,1.0,4,0.0,
nm3734986,36,1.0,4,0.0,
nm3736492,36,1.0,2,0.0,
nm3736929,36,1.0,4,0.075269,
nm3737301,36,1.0,4,0.0,
nm3738372,36,1.0,8,0.0,
nm3738640,36,1.0,1,0.0,
nm3739690,36,1.0,2,0.0,
nm3740979,36,1.0,8,0.0,
nm3741323,36,1.0,5,0.0,
nm3741799,36,1.0,6,0.0,
nm3742340,36,1.0,3,0.0,
nm3742487,36,1.0,5,0.0,
nm3742747,36,1.0,5,0.0,
nm3743594,36,1.0,6,0.0,
nm3745258,72,0.470588,2,0.104305,
nm3746071,36,1.0,4,0.0,
nm3748127,36,1.0,4,0.0,
nm3748253,36,1.0,6,0.0,
nm3749108,73,0.477124,7,0.116883,
nm3750462,36,1.0,4,0.0,
nm3750475,36,1.0,2,0.094737,
nm3750745,36,1.0,5,0.0,
nm3752091,36,1.0,6,0.0,
nm3752137,36,1.0,5,0.0,
nm3752578,36,1.0,2,0.0,
nm3753249,36,1.0,2,0.0,
nm3753264,36,1.0,2,0.0,
nm3753357,36,1.0,4,0.119545,
nm3753408,36,1.0,5,0.0,
nm3753553,36,1.0,1,0.0,
nm3754050,36,1.0,6,0.0,
nm3755026,36,1.0,5,0.0,
nm3755435,36,1.0,8,0.117978,
nm3755586,71,0.591667,1,0.0,
nm3755774,36,1.0,3,0.0,
nm3756556,36,1.0,4,0.0,
nm3756798,36,1.0,7,0.0,
nm3760640,36,1.0,4,0.0,
nm3761004,36,1.0,5,0.112701,
nm3761856,36,1.0,1,0.0,
nm3762007,36,1.0,3,0.056808,
nm3762697,112,0.344615,7,0.0,1.3e-05
nm3762743,36,1.0,6,0.0,
nm3763255,36,1.0,7,0.0,
nm3764759,36,1.0,7,0.0,
nm3764981,36,1.0,4,0.0,
nm3765292,36,1.0,0,0.0,
nm3765649,36,1.0,3,0.0,
nm3766704,36,1.0,1,0.0,
nm3766940,36,1.0,5,0.113718,
nm3767035,36,1.0,7,0.0,
nm3768164,36,1.0,3,0.0,
nm3768173,36,1.0,2,0.0,
nm3768314,36,1.0,5,0.0,
nm3768337,36,1.0,3,0.0,
nm3768355,36,1.0,6,0.0,
nm3768607,36,1.0,7,0.0,
nm3769209,36,1.0,1,0.0,
nm3769437,62,0.794872,4,0.110915,
nm3769724,36,1.0,2,0.0,
nm3770854,36,1.0,2,0.0,
nm3771077,36,1.0,2,0.0,
nm3771539,36,1.0,3,0.0,
nm3772235,36,1.0,7,0.061463,
nm3772324,36,1.0,2,0.0,
nm3776270,36,1.0,7,0.0,
nm3778527,36,1.0,2,0.0,
nm3779956,36,1.0,4,0.0,
nm3780240,36,1.0,2,0.0,
nm3780338,36,1.0,3,0.0,
nm3780453,36,1.0,2,0.0,
nm3780470,36,1.0,0,0.0,
nm3781910,36,1.0,4,0.0,
nm3782061,36,1.0,2,0.0,
nm3782081,36,1.0,5,0.0,
nm3782167,36,1.0,4,0.0,
nm3782241,36,1.0,0,0.0,
nm3782322,36,1.0,5,0.0,
nm3782945,36,1.0,5,0.0,
nm3784379,36,1.0,6,0.0,
nm3784836,36,1.0,4,0.0,
nm3786184,36,1.0,4,0.0,
nm3786479,36,1.0,2,0.0,
nm3789450,72,0.470588,3,0.0,
nm3789806,36,1.0,4,0.0,
nm3790190,36,1.0,2,0.0,
nm3791134,36,1.0,7,0.0,
nm3792384,121,0.403333,6,0.0,1.3e-05
nm3793902,36,1.0,5,0.0,
nm3794219,72,0.470588,3,0.0,
nm3794513,36,1.0,1,0.0,
nm3795081,36,1.0,5,0.0,
nm3796133,36,1.0,4,0.0,
nm3797278,36,1.0,3,0.0,
nm3797588,36,1.0,6,0.106599,
nm3797663,36,1.0,2,0.0,
nm3797898,36,1.0,3,0.0,
nm3800050,36,1.0,5,0.0,
nm3801587,72,0.470588,4,0.0,
nm3801831,36,1.0,3,0.0,
nm3802082,36,1.0,1,0.06409,
nm3802458,36,1.0,0,0.0,
nm3803047,36,1.0,2,0.0,
nm3803873,36,1.0,5,0.0,
nm3805318,36,1.0,8,0.0,
nm3806911,72,0.470588,3,0.123529,
nm3807369,72,0.470588,3,0.0,
nm3807582,36,1.0,3,0.0,
nm3807965,36,1.0,6,0.124506,
nm3808714,36,1.0,1,0.0,
nm3808844,36,1.0,4,0.0,
nm3808948,148,0.234921,3,0.126,0.000412
nm3809687,36,1.0,8,0.0,
nm3810276,36,1.0,4,0.0,
nm3810471,36,1.0,5,0.106599,
nm3810745,36,1.0,6,0.0,
nm3811485,36,1.0,2,0.0,
nm3812478,36,1.0,5,0.0,
nm3813115,36,1.0,0,0.0,
nm3813885,36,1.0,3,0.0,
nm3814559,36,1.0,3,0.0,
nm3815831,36,1.0,4,0.0,
nm3816187,36,1.0,5,0.0,
nm3816263,36,1.0,5,0.0,
nm3816502,36,1.0,4,0.103789,
nm3816753,36,1.0,7,0.0,
nm3817139,36,1.0,3,0.0,
nm3817431,36,1.0,3,0.0,
nm3817466,36,1.0,5,0.0,
nm3817905,36,1.0,3,0.096626,
nm3818093,36,1.0,2,0.0,
nm3819470,36,1.0,6,0.115596,
nm3819591,36,1.0,3,0.0,
nm3821782,36,1.0,4,0.066386,
nm3822030,72,0.470588,6,0.0,
nm3822462,36,1.0,2,0.0,
nm3822586,36,1.0,2,0.0,
nm3823176,36,1.0,6,0.0,
nm3823243,36,1.0,7,0.0,
nm3825387,36,1.0,2,0.065353,
nm3826660,36,1.0,2,0.0,
nm3826683,36,1.0,6,0.0,
nm3827772,36,1.0,2,0.0,
nm3828269,36,1.0,3,0.0,
nm3828984,36,1.0,3,0.122807,
nm3829191,36,1.0,2,0.0,
nm3829870,36,1.0,6,0.075995,
nm3830290,36,1.0,5,0.0,
nm3833490,36,1.0,4,0.10311,
nm3833583,36,1.0,2,0.115385,
nm3833810,36,1.0,5,0.103618,
nm3834378,36,1.0,3,0.0,
nm3834729,36,1.0,4,0.0,
nm3834744,36,1.0,7,0.0,
nm3835850,36,1.0,3,0.0,
nm3836224,36,1.0,2,0.09403,
nm3836444,75,0.490196,8,0.0,
nm3837828,113,0.347692,5,0.0,1e-06
nm3838233,36,1.0,3,0.0,
nm3838468,36,1.0,4,0.0,
nm3838543,36,1.0,5,0.0,
nm3838850,36,1.0,2,0.0,
nm3839849,36,1.0,5,0.0,
nm3840978,36,1.0,4,0.0,
nm3841030,36,1.0,4,0.0,
nm3841682,36,1.0,5,0.0,
nm3841713,36,1.0,2,0.0,
nm3842116,36,1.0,1,0.0,
nm3842931,36,1.0,4,0.057904,
nm3843073,36,1.0,7,0.0,
nm3843863,36,1.0,7,0.121622,
nm3844346,122,0.406667,7,0.0,2e-06
nm3845280,75,0.490196,4,0.0,
nm3846586,36,1.0,1,0.0,
nm3846801,36,1.0,2,0.088235,
nm3847554,72,0.470588,3,0.0,
nm3848496,36,1.0,4,0.0,
nm3849011,36,1.0,7,0.0,
nm3850259,36,1.0,5,0.0,
nm3851353,36,1.0,2,0.0,
nm3851766,36,1.0,0,0.0,
nm3851858,36,1.0,0,0.0,
nm3852106,36,1.0,9,0.0,
nm3853047,36,1.0,7,0.0,
nm3854066,36,1.0,3,0.0,
nm3854533,36,1.0,1,0.0,
nm3854930,72,0.470588,6,0.0,
nm3855467,36,1.0,4,0.0,
nm3856284,36,1.0,3,0.060461,
nm3856316,36,1.0,4,0.0,
nm3856319,36,1.0,5,0.0,
nm3857692,36,1.0,1,0.0,
nm3858576,72,0.470588,1,0.069922,
nm3859411,36,1.0,5,0.087137,
nm3859710,36,1.0,5,0.0,
nm3859740,36,1.0,7,0.0,
nm3859790,36,1.0,3,0.0,
nm3860014,36,1.0,7,0.0,
nm3860266,36,1.0,3,0.0,
nm3860273,36,1.0,5,0.0,
nm3860307,36,1.0,2,0.0,
nm3861157,36,1.0,1,0.0,
nm3861562,36,1.0,3,0.0,
nm3861581,72,0.529412,9,0.0,
nm3861603,36,1.0,6,0.0,
nm3863014,36,1.0,2,0.0,
nm3863899,36,1.0,6,0.0,
nm3864624,36,1.0,0,0.086538,
nm3865073,36,1.0,4,0.095745,
nm3865589,36,1.0,5,0.0,
nm3868423,36,1.0,1,0.0,
nm3868921,36,1.0,7,0.0,
nm3869087,57,0.863636,7,0.0,
nm3870544,36,1.0,5,0.0,
nm3872230,36,1.0,1,0.094737,
nm3872839,36,1.0,2,0.0,
nm3873521,36,1.0,3,0.065557,
nm3874318,36,1.0,4,0.109565,
nm3874902,36,1.0,1,0.0,
nm3874948,36,1.0,5,0.100478,
nm3875162,36,1.0,5,0.0,
nm3876068,36,1.0,5,0.0,
nm3876657,36,1.0,2,0.0,
nm3877470,36,1.0,2,0.0,
nm3877635,36,1.0,4,0.0,
nm3879003,36,1.0,1,0.0,
nm3879111,36,1.0,2,0.0,
nm3879121,36,1.0,4,0.104651,
nm3880803,36,1.0,3,0.0,
nm3881688,36,1.0,4,0.081395,
nm3881952,36,1.0,5,0.088112,
nm3882100,36,1.0,4,0.0,
nm3882781,72,0.470588,4,0.0,
nm3884869,36,1.0,1,0.0,
nm3885092,36,1.0,1,0.0,
nm3885547,72,0.470588,1,0.0,
nm3886541,36,1.0,6,0.075179,
nm3887158,36,1.0,2,0.0,
nm3887345,72,0.470588,0,0.0,
nm3888269,36,1.0,5,0.0,
nm3889365,36,1.0,5,0.0,
nm3889539,36,1.0,4,0.0,
nm3889956,36,1.0,5,0.0,
nm3890987,72,0.470588,3,0.0,
nm3891533,36,1.0,6,0.0,
nm3891594,36,1.0,4,0.0,
nm3893525,36,1.0,5,0.0,
nm3894232,36,1.0,1,0.0,
nm3894716,36,1.0,2,0.0,
nm3896108,72,0.470588,5,0.0,
nm3897067,36,1.0,3,0.0,
nm3898236,36,1.0,4,0.0,
nm3899117,36,1.0,4,0.0,
nm3904809,36,1.0,5,0.0,
nm3905146,36,1.0,2,0.0,
nm3906069,36,1.0,3,0.0,
nm3907732,36,1.0,2,0.0,
nm3908228,36,1.0,5,0.0,
nm3909445,146,0.26025,2,0.122568,6e-05
nm3909882,36,1.0,7,0.095455,
nm3910892,72,0.529412,6,0.117978,
nm3911517,36,1.0,5,0.0,
nm3912523,36,1.0,8,0.0,
nm3912773,36,1.0,4,0.0,
nm3913204,36,1.0,7,0.0,
nm3914615,36,1.0,8,0.0,
nm3915767,36,1.0,5,0.0,
nm3915784,72,0.470588,2,0.08129,
nm3918488,36,1.0,2,0.0,
nm3921227,36,1.0,6,0.0,
nm3922085,36,1.0,3,0.066386,
nm3922667,36,1.0,5,0.0,
nm3923251,36,1.0,2,0.0,
nm3925410,36,1.0,1,0.0,
nm3927203,36,1.0,4,0.0,
nm3928107,36,1.0,3,0.0,
nm3929139,36,1.0,9,0.0,
nm3929147,36,1.0,4,0.0,
nm3929164,36,1.0,3,0.0,
nm3930895,36,1.0,5,0.0,
nm3931192,36,1.0,6,0.0,
nm3931538,144,0.228571,3,0.071106,0.000112
nm3933278,108,0.307692,3,0.0,0.0
nm3934032,36,1.0,2,0.0,
nm3935097,36,1.0,7,0.0,
nm3935625,36,1.0,5,0.0,
nm3936613,36,1.0,2,0.0,
nm3938099,36,1.0,3,0.0,
nm3940715,36,1.0,1,0.0,
nm3940783,36,1.0,6,0.0,
nm3940819,36,1.0,6,0.0,
nm3941330,36,1.0,4,0.0,
nm3941379,36,1.0,2,0.0,
nm3942523,36,1.0,6,0.0,
nm3945642,36,1.0,5,0.0,
nm3945747,36,1.0,4,0.0,
nm3948952,108,0.307692,3,0.0,9e-05
nm3949804,36,1.0,7,0.0,
nm3950261,36,1.0,6,0.0,
nm3950899,36,1.0,5,0.0,
nm3951749,36,1.0,7,0.0,
nm3952521,36,1.0,3,0.0,
nm3954060,36,1.0,0,0.0,
nm3954495,36,1.0,7,0.0,
nm3954882,36,1.0,0,0.0,
nm3955278,36,1.0,7,0.0,
nm3956825,36,1.0,3,0.0,
nm3957948,36,1.0,2,0.0,
nm3958585,36,1.0,4,0.0,
nm3958650,36,1.0,2,0.0,
nm3958876,36,1.0,3,0.0,
nm3960304,36,1.0,2,0.0,
nm3963044,36,1.0,6,0.0,
nm3964350,36,1.0,4,0.0,
nm3964972,36,1.0,0,0.0,
nm3966365,36,1.0,4,0.116022,
nm3966537,36,1.0,6,0.0,
nm3967345,36,1.0,8,0.0,
nm3968703,36,1.0,3,0.0,
nm3968860,36,1.0,4,0.0,
nm3970165,36,1.0,6,0.0,
nm3973382,36,1.0,5,0.0,
nm3973781,36,1.0,1,0.0,
nm3974782,72,0.470588,8,0.112701,
nm3974940,36,1.0,5,0.0,
nm3975594,72,0.470588,1,0.0,
nm3976580,36,1.0,6,0.0,
nm3977038,36,1.0,2,0.0,
nm3977708,36,1.0,5,0.110915,
nm3978201,36,1.0,3,0.0,
nm3979015,36,1.0,3,0.10396,
nm3980027,36,1.0,1,0.0,
nm3980553,36,1.0,5,0.0,
nm3980859,36,1.0,4,0.0,
nm3982585,36,1.0,4,0.070156,
nm3985205,36,1.0,4,0.0,
nm3985861,36,1.0,3,0.0,
nm3987379,36,1.0,4,0.0,
nm3987877,36,1.0,3,0.0,
nm3987995,36,1.0,2,0.0,
nm3988801,36,1.0,3,0.0,
nm3988985,36,1.0,2,0.0,
nm3989931,36,1.0,6,0.0,
nm3991786,36,1.0,3,0.0,
nm3993149,36,1.0,6,0.0,
nm3994838,36,1.0,4,0.0,
nm3995909,36,1.0,1,0.0,
nm3996691,36,1.0,3,0.113106,
nm3996747,36,1.0,4,0.0,
nm3996801,36,1.0,2,0.0,
nm3996999,36,1.0,1,0.0,
nm3997616,36,1.0,1,0.0,
nm3998145,36,1.0,4,0.0,
nm3998232,36,1.0,7,0.0,
nm3999860,36,1.0,1,0.0,
nm4000521,36,1.0,1,0.0,
nm4002016,36,1.0,7,0.0,
nm4003072,36,1.0,2,0.0,
nm4004501,36,1.0,3,0.0,
nm4005399,115,0.383333,10,0.0,4.1e-05
nm4005552,36,1.0,2,0.0,
nm4005735,36,1.0,6,0.0,
nm4006538,36,1.0,2,0.0,
nm4006608,36,1.0,3,0.0,
nm4007172,36,1.0,3,0.0,
nm4007865,36,1.0,4,0.0,
nm4008100,36,1.0,3,0.070156,
nm4009723,36,1.0,7,0.0,
nm4010532,36,1.0,1,0.0,
nm4013056,36,1.0,2,0.070156,
nm4013410,36,1.0,7,0.0,
nm4015048,36,1.0,2,0.0,
nm4015380,36,1.0,5,0.121154,
nm4017554,36,1.0,5,0.0,
nm4019355,36,1.0,6,0.0,
nm4021557,36,1.0,1,0.0,
nm4027243,36,1.0,5,0.0,
nm4027445,36,1.0,1,0.0,
nm4027546,36,1.0,5,0.071591,
nm4028151,73,0.477124,7,0.126253,
nm4028885,36,1.0,6,0.119772,
nm4029200,36,1.0,3,0.0,
nm4029706,72,0.470588,7,0.0,
nm4030759,72,0.529412,3,0.0,
nm4031498,36,1.0,5,0.0,
nm4037241,36,1.0,1,0.0,
nm4037468,36,1.0,3,0.097072,
nm4041577,36,1.0,5,0.0,
nm4043111,108,0.307692,7,0.130435,0.000932
nm4044551,36,1.0,1,0.0,
nm4045010,36,1.0,4,0.118421,
nm4046605,36,1.0,4,0.0,
nm4047075,36,1.0,3,0.0,
nm4047802,36,1.0,2,0.0,
nm4048608,36,1.0,1,0.0,
nm4051131,36,1.0,6,0.11014,
nm4051489,36,1.0,4,0.0,
nm4051847,72,0.470588,3,0.0,
nm4052191,72,0.529412,7,0.0,
nm4056257,36,1.0,3,0.0,
nm4057094,36,1.0,5,0.0,
nm4057451,36,1.0,5,0.0,
nm4060528,36,1.0,3,0.0,
nm4061153,36,1.0,4,0.0,
nm4061325,36,1.0,4,0.0,
nm4061711,36,1.0,1,0.0,
nm4062141,36,1.0,5,0.12831,
nm4062958,36,1.0,3,0.0,
nm4064496,36,1.0,8,0.0,
nm4068733,108,0.307692,2,0.0,0.0
nm4069386,36,1.0,6,0.0,
nm4069693,36,1.0,2,0.0,
nm4070385,36,1.0,4,0.0,
nm4072025,36,1.0,4,0.0,
nm4072060,36,1.0,7,0.0,
nm4072944,36,1.0,4,0.0,
nm4073165,36,1.0,6,0.100159,
nm4073978,36,1.0,8,0.0,
nm4075149,36,1.0,6,0.0,
nm4077309,36,1.0,3,0.0,
nm4079093,36,1.0,2,0.0,
nm4079236,36,1.0,4,0.0,
nm4079782,36,1.0,3,0.0,
nm4080199,36,1.0,4,0.0,
nm4081805,36,1.0,4,0.0,
nm4082296,108,0.307692,2,0.0,4e-05
nm4082341,36,1.0,1,0.0,
nm4083459,36,1.0,4,0.086066,
nm4083737,36,1.0,0,0.0,
nm4083827,36,1.0,4,0.098131,
nm4085103,36,1.0,7,0.0,
nm4086303,36,1.0,3,0.0,
nm4086400,36,1.0,3,0.0,
nm4087606,36,1.0,2,0.0,
nm4088627,36,1.0,4,0.0,
nm4089109,36,1.0,3,0.0,
nm4093647,36,1.0,7,0.119318,
nm4094352,36,1.0,3,0.0,
nm4094411,36,1.0,4,0.0,
nm4095500,36,1.0,1,0.0,
nm4095508,36,1.0,5,0.0,
nm4096798,36,1.0,3,0.0,
nm4098239,36,1.0,2,0.0,
nm4098287,36,1.0,4,0.0,
nm4098354,36,1.0,4,0.0,
nm4101191,36,1.0,5,0.0,
nm4101208,36,1.0,2,0.0,
nm4103520,36,1.0,1,0.0,
nm4103924,36,1.0,2,0.0,
nm4104357,36,1.0,5,0.0,
nm4104609,36,1.0,3,0.0,
nm4105577,36,1.0,2,0.10396,
nm4106043,36,1.0,5,0.0,
nm4106907,36,1.0,3,0.0,
nm4107371,36,1.0,7,0.0,
nm4107935,36,1.0,6,0.0,
nm4108455,36,1.0,3,0.0,
nm4109267,36,1.0,2,0.0,
nm4109651,36,1.0,2,0.09633,
nm4110044,36,1.0,4,0.0,
nm4110132,36,1.0,3,0.0,
nm4110469,36,1.0,5,0.0,
nm4110963,36,1.0,2,0.0,
nm4111432,36,1.0,6,0.086777,
nm4111472,36,1.0,1,0.0,
nm4111995,36,1.0,3,0.0,
nm4112050,36,1.0,4,0.0,
nm4113112,36,1.0,5,0.0,
nm4113475,36,1.0,7,0.0,
nm4113924,36,1.0,3,0.103618,
nm4114538,72,0.470588,4,0.073341,
nm4114552,36,1.0,4,0.0,
nm4115259,36,1.0,6,0.114338,
nm4116010,36,1.0,3,0.0,
nm4117722,36,1.0,4,0.087017,
nm4120911,36,1.0,3,0.0,
nm4121384,36,1.0,8,0.0,
nm4122123,36,1.0,4,0.0,
nm4122165,36,1.0,2,0.0,
nm4122772,72,0.470588,1,0.0,
nm4122775,36,1.0,1,0.0,
nm4124704,36,1.0,4,0.0,
nm4128696,36,1.0,3,0.0,
nm4129480,36,1.0,3,0.0,
nm4131336,108,0.307692,3,0.0,4e-05
nm4131505,36,1.0,6,0.058659,
nm4132108,36,1.0,2,0.0,
nm4136611,36,1.0,5,0.0,
nm4140283,36,1.0,2,0.077111,
nm4140414,36,1.0,2,0.0,
nm4140819,36,1.0,2,0.0,
nm4141252,36,1.0,2,0.0,
nm4141529,36,1.0,4,0.087137,
nm4142562,36,1.0,2,0.0,
nm4142788,36,1.0,1,0.0,
nm4142912,36,1.0,4,0.0,
nm4143170,36,1.0,4,0.0,
nm4143310,36,1.0,1,0.0,
nm4143935,77,0.503268,4,0.12233,
nm4143944,36,1.0,6,0.0,
nm4143974,36,1.0,2,0.0,
nm4146448,36,1.0,3,0.0,
nm4146641,36,1.0,3,0.0,
nm4147126,36,1.0,1,0.0,
nm4147468,36,1.0,4,0.0,
nm4147476,36,1.0,5,0.104132,
nm4147574,36,1.0,3,0.0,
nm4148147,36,1.0,2,0.0,
nm4148153,36,1.0,4,0.0,
nm4148480,36,1.0,2,0.0,
nm4148876,36,1.0,3,0.0,
nm4150929,36,1.0,0,0.0,
nm4151259,36,1.0,4,0.0,
nm4152381,36,1.0,4,0.0,
nm4152687,36,1.0,7,0.0,
nm4152754,36,1.0,3,0.0,
nm4154502,36,1.0,6,0.0,
nm4154798,36,1.0,3,0.0,
nm4156901,36,1.0,3,0.0,
nm4158850,71,0.591667,4,0.060519,
nm4159008,36,1.0,3,0.0,
nm4159861,36,1.0,4,0.0,
nm4160584,36,1.0,5,0.0,
nm4161154,36,1.0,1,0.0,
nm4161330,36,1.0,4,0.0,
nm4161453,36,1.0,3,0.0,
nm4161838,36,1.0,5,0.0,
nm4162078,36,1.0,4,0.0,
nm4162452,36,1.0,1,0.0,
nm4162879,36,1.0,4,0.0,
nm4163224,36,1.0,3,0.0,
nm4163711,36,1.0,3,0.0,
nm4166709,72,0.470588,1,0.0,
nm4167126,36,1.0,6,0.110526,
nm4167503,36,1.0,7,0.0,
nm4167785,36,1.0,5,0.096923,
nm4168755,36,1.0,4,0.0,
nm4173047,36,1.0,3,0.0,
nm4173349,36,1.0,3,0.0,
nm4173692,36,1.0,4,0.0,
nm4173770,36,1.0,2,0.0,
nm4173957,36,1.0,4,0.0,
nm4173978,36,1.0,2,0.046667,
nm4174928,36,1.0,2,0.099057,
nm4175221,36,1.0,4,0.0,
nm4175887,72,0.470588,4,0.0,
nm4176831,36,1.0,2,0.0,
nm4177195,36,1.0,6,0.0,
nm4178187,36,1.0,0,0.0,
nm4178718,36,1.0,2,0.0,
nm4180684,72,0.470588,7,0.0,
nm4181215,36,1.0,3,0.104651,
nm4182630,36,1.0,6,0.0,
nm4182912,36,1.0,7,0.0,
nm4183406,36,1.0,3,0.080769,
nm4184892,36,1.0,7,0.0,
nm4186597,36,1.0,9,0.0,
nm4187131,36,1.0,7,0.0,
nm4188433,36,1.0,5,0.106239,
nm4188857,71,0.591667,3,0.0,
nm4189429,36,1.0,5,0.116236,
nm4190695,36,1.0,2,0.0,
nm4191182,36,1.0,5,0.115596,
nm4191778,36,1.0,6,0.0,
nm4191893,36,1.0,5,0.102773,
nm4193818,36,1.0,3,0.0,
nm4193969,36,1.0,3,0.0,
nm4194124,36,1.0,1,0.0,
nm4194229,36,1.0,6,0.0,
nm4194237,36,1.0,2,0.0,
nm4196716,36,1.0,6,0.0,
nm4197233,36,1.0,7,0.0,
nm4198580,36,1.0,2,0.0,
nm4200158,36,1.0,6,0.0,
nm4200805,72,0.470588,4,0.0,
nm4201461,36,1.0,3,0.06833,
nm4201639,36,1.0,5,0.09417,
nm4204330,36,1.0,1,0.0,
nm4206647,36,1.0,0,0.0,
nm4207238,36,1.0,0,0.0,
nm4207629,36,1.0,5,0.0,
nm4207994,36,1.0,5,0.0,
nm4208163,36,1.0,2,0.0,
nm4209388,72,0.470588,3,0.0,
nm4209644,36,1.0,6,0.068035,
nm4210670,36,1.0,3,0.0,
nm4212481,36,1.0,3,0.0,
nm4214874,36,1.0,5,0.0,
nm4216045,36,1.0,4,0.0,
nm4216405,36,1.0,6,0.0,
nm4216428,36,1.0,7,0.0,
nm4217279,36,1.0,4,0.0,
nm4218305,36,1.0,4,0.088235,
nm4221521,72,0.470588,2,0.0,
nm4222026,36,1.0,7,0.0,
nm4223263,73,0.536765,5,0.125498,
nm4223773,36,1.0,2,0.0,
nm4224647,36,1.0,1,0.0,
nm4224918,36,1.0,1,0.0,
nm4225090,36,1.0,5,0.0,
nm4225184,36,1.0,4,0.106239,
nm4225981,36,1.0,4,0.0,
nm4228424,36,1.0,0,0.0,
nm4228706,36,1.0,2,0.0,
nm4228995,36,1.0,3,0.0,
nm4231059,36,1.0,2,0.0,
nm4231730,36,1.0,5,0.106599,
nm4232416,74,0.48366,5,0.087017,
nm4232450,36,1.0,3,0.0,
nm4233681,36,1.0,5,0.060519,
nm4233819,72,0.470588,8,0.0,
nm4234031,36,1.0,3,0.058279,
nm4234053,36,1.0,5,0.083554,
nm4234452,36,1.0,2,0.0,
nm4238608,36,1.0,8,0.0,
nm4241366,72,0.529412,6,0.0,
nm4241408,36,1.0,2,0.0,
nm4241449,36,1.0,6,0.118644,
nm4242292,36,1.0,4,0.0,
nm4243303,36,1.0,1,0.088235,
nm4243872,36,1.0,6,0.112299,
nm4243966,74,0.48366,7,0.106599,
nm4244312,36,1.0,4,0.110526,
nm4245678,36,1.0,3,0.0,
nm4245727,36,1.0,1,0.0,
nm4246018,36,1.0,5,0.081186,
nm4246320,36,1.0,6,0.0,
nm4247602,36,1.0,3,0.0,
nm4248027,36,1.0,2,0.0,
nm4248782,36,1.0,0,0.0,
nm4249606,36,1.0,2,0.0,
nm4250048,36,1.0,1,0.0,
nm4250645,36,1.0,2,0.0,
nm4252139,36,1.0,3,0.0,
nm4252250,72,0.470588,4,0.0,
nm4253709,36,1.0,0,0.0,
nm4254152,36,1.0,4,0.0,
nm4254593,36,1.0,3,0.0,
nm4254660,72,0.470588,3,0.073171,
nm4254715,36,1.0,6,0.05536,
nm4255507,36,1.0,2,0.0,
nm4257332,36,1.0,7,0.0,
nm4258129,36,1.0,0,0.0,
nm4259483,36,1.0,0,0.0,
nm4260644,72,0.470588,2,0.0,
nm4260661,36,1.0,0,0.0,
nm4260791,36,1.0,1,0.0,
nm4260846,36,1.0,5,0.0,
nm4262853,36,1.0,2,0.0,
nm4263664,36,1.0,6,0.0,
nm4263987,36,1.0,2,0.0,
nm4264236,36,1.0,3,0.06422,
nm4264495,36,1.0,4,0.0,
nm4264654,36,1.0,5,0.0,
nm4266787,36,1.0,4,0.087866,
nm4267341,36,1.0,3,0.0,
nm4268518,36,1.0,2,0.0,
nm4270327,36,1.0,5,0.0,
nm4270735,72,0.470588,1,0.0,
nm4270904,36,1.0,4,0.0,
nm4270963,36,1.0,6,0.114754,
nm4271336,36,1.0,3,0.0,
nm4271961,36,1.0,4,0.110915,
nm4272147,36,1.0,3,0.0,
nm4272350,36,1.0,2,0.0,
nm4272368,36,1.0,1,0.0,
nm4272518,36,1.0,0,0.0,
nm4273618,36,1.0,6,0.0,
nm4274135,36,1.0,0,0.0,
nm4275268,36,1.0,4,0.0,
nm4276217,36,1.0,3,0.0,
nm4276293,36,1.0,3,0.068478,
nm4277248,36,1.0,4,0.0,
nm4279181,36,1.0,2,0.0,
nm4279762,36,1.0,6,0.111901,
nm4281935,36,1.0,5,0.0,
nm4282429,36,1.0,9,0.0,
nm4282588,36,1.0,2,0.0,
nm4282772,36,1.0,1,0.0,
nm4282986,36,1.0,4,0.071591,
nm4283334,36,1.0,6,0.0,
nm4285821,36,1.0,2,0.0,
nm4286925,36,1.0,2,0.0,
nm4287294,36,1.0,3,0.060519,
nm4287836,36,1.0,1,0.0,
nm4288541,36,1.0,4,0.0,
nm4289197,36,1.0,2,0.0,
nm4289392,36,1.0,2,0.0,
nm4289479,36,1.0,4,0.0,
nm4289510,36,1.0,4,0.0,
nm4290253,36,1.0,3,0.0,
nm4291439,36,1.0,7,0.116451,
nm4291539,36,1.0,4,0.0,
nm4291622,36,1.0,1,0.0,
nm4294865,36,1.0,6,0.0,
nm4296064,36,1.0,4,0.0,
nm4296325,36,1.0,3,0.0,
nm4297275,36,1.0,4,0.0,
nm4297645,36,1.0,3,0.062008,
nm4297673,36,1.0,6,0.0,
nm4297968,36,1.0,2,0.0,
nm4297979,36,1.0,1,0.0,
nm4298865,36,1.0,3,0.0,
nm4300118,36,1.0,2,0.0,
nm4300126,36,1.0,2,0.0,
nm4300424,36,1.0,4,0.0,
nm4300711,36,1.0,4,0.0,
nm4302215,36,1.0,5,0.103618,
nm4302644,36,1.0,2,0.0,
nm4302851,36,1.0,5,0.0,
nm4303311,74,0.48366,3,0.0,
nm4304342,36,1.0,6,0.0,
nm4304671,72,0.529412,6,0.0,
nm4304935,36,1.0,5,0.0,
nm4305421,36,1.0,1,0.0,
nm4306448,36,1.0,6,0.120459,
nm4306930,36,1.0,4,0.0,
nm4306987,36,1.0,3,0.0,
nm4307210,72,0.470588,4,0.115596,
nm4307810,36,1.0,0,0.0,
nm4308851,36,1.0,4,0.0,
nm4310184,36,1.0,5,0.0,
nm4310467,36,1.0,3,0.0,
nm4311291,36,1.0,2,0.0,
nm4311727,36,1.0,6,0.0,
nm4312854,36,1.0,1,0.0,
nm4313142,36,1.0,3,0.0,
nm4313392,36,1.0,3,0.0,
nm4313502,36,1.0,3,0.0,
nm4316082,36,1.0,1,0.0,
nm4317141,36,1.0,4,0.0,
nm4317498,36,1.0,8,0.0,
nm4317522,36,1.0,5,0.0,
nm4318066,36,1.0,5,0.0,
nm4318090,36,1.0,1,0.0,
nm4318172,36,1.0,5,0.0,
nm4318347,36,1.0,5,0.0,
nm4318528,36,1.0,0,0.0,
nm4320647,36,1.0,4,0.0,
nm4321429,36,1.0,4,0.0,
nm4322312,36,1.0,2,0.0,
nm4323053,36,1.0,3,0.0,
nm4323425,36,1.0,4,0.0,
nm4323771,36,1.0,2,0.0,
nm4325236,36,1.0,3,0.0,
nm4325303,36,1.0,8,0.0,
nm4325788,36,1.0,3,0.0,
nm4326729,36,1.0,2,0.0,
nm4328247,36,1.0,4,0.0,
nm4328352,36,1.0,5,0.0,
nm4329180,36,1.0,2,0.0,
nm4329184,36,1.0,3,0.0,
nm4330477,36,1.0,4,0.0,
nm4331008,36,1.0,4,0.102606,
nm4331023,36,1.0,3,0.102606,
nm4331196,36,1.0,2,0.066386,
nm4334762,36,1.0,3,0.0,
nm4337039,36,1.0,6,0.0,
nm4340395,36,1.0,4,0.107877,
nm4340468,36,1.0,5,0.066808,
nm4340580,36,1.0,4,0.0,
nm4341114,36,1.0,5,0.0,
nm4343545,36,1.0,2,0.0,
nm4343923,36,1.0,3,0.0,
nm4345486,36,1.0,2,0.0,
nm4346582,36,1.0,3,0.0,
nm4347068,36,1.0,6,0.0,
nm4347120,36,1.0,1,0.0,
nm4347467,36,1.0,4,0.0,
nm4349094,149,0.236508,7,0.0,6e-05
nm4349273,36,1.0,3,0.087017,
nm4350327,36,1.0,5,0.098437,
nm4350996,36,1.0,7,0.0,
nm4351101,36,1.0,4,0.0,
nm4353901,36,1.0,1,0.0,
nm4354211,36,1.0,0,0.0,
nm4355664,36,1.0,3,0.0,
nm4355888,36,1.0,6,0.0,
nm4356591,36,1.0,4,0.096183,
nm4356858,36,1.0,2,0.0,
nm4357061,36,1.0,3,0.106239,
nm4357116,36,1.0,3,0.0,
nm4358014,36,1.0,2,0.0,
nm4358565,72,0.470588,5,0.0,
nm4358682,36,1.0,4,0.0,
nm4359323,36,1.0,3,0.0,
nm4360072,36,1.0,8,0.0,
nm4360404,36,1.0,0,0.0,
nm4363130,36,1.0,1,0.0,
nm4363141,36,1.0,3,0.0,
nm4363155,36,1.0,5,0.0,
nm4363560,36,1.0,4,0.068553,
nm4364003,36,1.0,1,0.0,
nm4364027,36,1.0,0,0.0,
nm4364278,36,1.0,6,0.0,
nm4364610,36,1.0,4,0.0,
nm4364980,36,1.0,3,0.0,
nm4366217,36,1.0,4,0.0,
nm4367523,36,1.0,4,0.0,
nm4369125,36,1.0,3,0.0,
nm4369644,36,1.0,3,0.0,
nm4370641,36,1.0,2,0.0,
nm4371007,36,1.0,5,0.0,
nm4373314,36,1.0,5,0.0,
nm4373363,36,1.0,2,0.0,
nm4376653,36,1.0,4,0.106239,
nm4376679,36,1.0,2,0.0,
nm4377242,36,1.0,2,0.0,
nm4377373,36,1.0,2,0.0,
nm4378341,36,1.0,5,0.0,
nm4378849,36,1.0,4,0.103618,
nm4378865,36,1.0,2,0.0,
nm4379408,36,1.0,2,0.0,
nm4381014,36,1.0,2,0.0,
nm4381156,36,1.0,1,0.0,
nm4382414,36,1.0,1,0.0,
nm4383118,74,0.544118,3,0.119772,
nm4383366,72,0.470588,6,0.0,
nm4387862,36,1.0,2,0.0,
nm4388136,36,1.0,6,0.0,
nm4388825,36,1.0,0,0.0,
nm4389505,74,0.48366,8,0.0,
nm4389614,36,1.0,1,0.0,
nm4390501,36,1.0,4,0.0,
nm4391133,36,1.0,4,0.0,
nm4392084,36,1.0,4,0.0,
nm4392192,36,1.0,2,0.0,
nm4392607,36,1.0,5,0.0,
nm4392718,72,0.470588,1,0.07554,
nm4393013,36,1.0,3,0.0,
nm4393029,36,1.0,7,0.0,
nm4399265,36,1.0,6,0.095455,
nm4400182,36,1.0,1,0.0,
nm4400540,36,1.0,3,0.0,
nm4402043,36,1.0,2,0.080873,
nm4402518,36,1.0,4,0.06409,
nm4402890,36,1.0,3,0.0,
nm4404182,36,1.0,6,0.0,
nm4404195,36,1.0,2,0.0,
nm4404205,36,1.0,2,0.0,
nm4404400,36,1.0,3,0.0,
nm4404428,36,1.0,6,0.0,
nm4405625,36,1.0,3,0.0,
nm4405659,36,1.0,6,0.0,
nm4406232,72,0.470588,5,0.0,
nm4407823,36,1.0,1,0.0,
nm4408716,36,1.0,5,0.0,
nm4410185,36,1.0,3,0.0,
nm4410344,36,1.0,8,0.0,
nm4410764,36,1.0,5,0.0,
nm4410924,36,1.0,3,0.0,
nm4411138,36,1.0,1,0.0,
nm4413592,36,1.0,6,0.0,
nm4414400,36,1.0,3,0.109565,
nm4415826,72,0.470588,3,0.0,
nm4416397,36,1.0,4,0.0,
nm4416570,36,1.0,3,0.0,
nm4417069,36,1.0,3,0.118421,
nm4417549,36,1.0,0,0.0,
nm4417873,36,1.0,1,0.0,
nm4417920,36,1.0,1,0.0,
nm4417925,36,1.0,4,0.058605,
nm4423033,36,1.0,5,0.0,
nm4423501,36,1.0,3,0.0,
nm4423756,36,1.0,4,0.0,
nm4424786,36,1.0,2,0.0,
nm4425568,36,1.0,3,0.0,
nm4425773,72,0.470588,6,0.116451,
nm4427913,36,1.0,3,0.0,
nm4428577,36,1.0,0,0.0,
nm4428594,73,0.477124,2,0.0,
nm4429739,36,1.0,4,0.0,
nm4429784,36,1.0,3,0.0,
nm4430247,36,1.0,3,0.064286,
nm4431289,36,1.0,4,0.0,
nm4431474,75,0.551471,3,0.0,
nm4432035,36,1.0,4,0.0,
nm4432851,36,1.0,4,0.106239,
nm4433549,36,1.0,4,0.070549,
nm4433613,36,1.0,3,0.0,
nm4434111,36,1.0,3,0.103618,
nm4435755,36,1.0,3,0.0,
nm4436476,36,1.0,4,0.0,
nm4436837,36,1.0,4,0.0,
nm4438173,36,1.0,7,0.0,
nm4438619,36,1.0,2,0.0,
nm4439079,36,1.0,2,0.0,
nm4439231,36,1.0,6,0.0,
nm4439920,36,1.0,2,0.0,
nm4440521,36,1.0,3,0.0,
nm4441111,36,1.0,2,0.0,
nm4441529,36,1.0,4,0.0,
nm4441966,36,1.0,5,0.0,
nm4442319,36,1.0,3,0.0,
nm4442569,36,1.0,5,0.111901,
nm4443114,36,1.0,7,0.0,
nm4443519,36,1.0,6,0.0,
nm4443845,36,1.0,1,0.0,
nm4443927,36,1.0,4,0.0,
nm4445267,36,1.0,3,0.0,
nm4446467,72,0.470588,7,0.0,
nm4447609,36,1.0,6,0.110526,
nm4447747,36,1.0,5,0.106599,
nm4448535,36,1.0,1,0.0,
nm4449711,36,1.0,6,0.114964,
nm4449715,36,1.0,2,0.09389,
nm4449764,36,1.0,6,0.0,
nm4449831,36,1.0,2,0.127789,
nm4450033,36,1.0,3,0.110526,
nm4450720,36,1.0,3,0.0,
nm4450871,36,1.0,4,0.099213,
nm4452069,36,1.0,0,0.0,
nm4452726,36,1.0,6,0.0,
nm4453291,36,1.0,1,0.0,
nm4454642,72,0.470588,2,0.0,
nm4454684,72,0.470588,5,0.0,
nm4455827,36,1.0,4,0.0,
nm4455935,36,1.0,3,0.0,
nm4457317,72,0.529412,6,0.061463,
nm4457349,36,1.0,3,0.057904,
nm4457541,36,1.0,5,0.061463,
nm4457559,36,1.0,2,0.0,
nm4458936,36,1.0,3,0.0,
nm4459597,36,1.0,2,0.0,
nm4459676,36,1.0,3,0.0,
nm4460517,36,1.0,7,0.0,
nm4460584,36,1.0,1,0.0,
nm4462167,36,1.0,5,0.0,
nm4463035,36,1.0,4,0.0,
nm4463157,72,0.470588,3,0.0,
nm4463202,72,0.470588,6,0.0,
nm4463886,36,1.0,2,0.0,
nm4464216,36,1.0,4,0.0,
nm4464298,36,1.0,3,0.0,
nm4465175,36,1.0,7,0.0,
nm4466003,36,1.0,1,0.0,
nm4466582,73,0.477124,1,0.088483,
nm4468552,36,1.0,3,0.0,
nm4468587,36,1.0,3,0.0,
nm4469165,36,1.0,5,0.0,
nm4470184,36,1.0,1,0.0,
nm4470318,36,1.0,2,0.0,
nm4470570,109,0.310541,3,0.116667,0.000292
nm4470621,72,0.529412,4,0.0,
nm4472514,36,1.0,4,0.0,
nm4472699,36,1.0,2,0.064286,
nm4473738,36,1.0,2,0.0,
nm4474640,36,1.0,5,0.0,
nm4474914,36,1.0,3,0.0,
nm4475298,36,1.0,2,0.0,
nm4475798,36,1.0,4,0.0,
nm4478001,36,1.0,1,0.0,
nm4478332,36,1.0,3,0.0,
nm4478540,36,1.0,6,0.0,
nm4478721,36,1.0,4,0.0,
nm4479881,36,1.0,3,0.107877,
nm4482064,36,1.0,1,0.0,
nm4482485,36,1.0,4,0.0,
nm4483439,36,1.0,2,0.056808,
nm4483863,36,1.0,4,0.0,
nm4483936,36,1.0,4,0.0,
nm4487241,36,1.0,5,0.0,
nm4488662,36,1.0,6,0.0,
nm4488708,36,1.0,3,0.0,
nm4488867,36,1.0,2,0.0,
nm4489759,36,1.0,5,0.0,
nm4492863,36,1.0,5,0.112299,
nm4495817,36,1.0,3,0.0,
nm4496545,36,1.0,2,0.060519,
nm4497226,36,1.0,3,0.0,
nm4497465,36,1.0,8,0.0,
nm4497664,36,1.0,2,0.0,
nm4498129,36,1.0,5,0.0,
nm4498494,36,1.0,3,0.058605,
nm4499384,36,1.0,6,0.0,
nm4502709,36,1.0,8,0.0,
nm4503157,36,1.0,3,0.0,
nm4503236,36,1.0,2,0.0,
nm4504967,36,1.0,0,0.0,
nm4506683,36,1.0,8,0.0,
nm4507468,36,1.0,2,0.0,
nm4511069,36,1.0,2,0.0,
nm4511741,36,1.0,6,0.114545,
nm4511772,36,1.0,4,0.0,
nm4514363,36,1.0,6,0.0,
nm4514409,36,1.0,4,0.0,
nm4515254,36,1.0,7,0.0,
nm4516296,36,1.0,1,0.0,
nm4517846,36,1.0,4,0.0,
nm4518065,36,1.0,0,0.0,
nm4519154,36,1.0,8,0.0,
nm4519203,36,1.0,5,0.0,
nm4519769,193,0.224158,8,0.0,4.2e-05
nm4520191,36,1.0,7,0.117978,
nm4523607,36,1.0,3,0.0,
nm4526647,36,1.0,1,0.0,
nm4527948,36,1.0,6,0.0,
nm4528768,36,1.0,3,0.0,
nm4528776,36,1.0,5,0.068035,
nm4528937,36,1.0,2,0.0,
nm4530456,36,1.0,5,0.08046,
nm4531743,36,1.0,1,0.0,
nm4531844,36,1.0,4,0.0,
nm4531936,36,1.0,4,0.0,
nm4532663,36,1.0,4,0.0,
nm4532668,36,1.0,3,0.0,
nm4532731,36,1.0,4,0.0,
nm4533763,36,1.0,8,0.0,
nm4534098,36,1.0,2,0.07554,
nm4535489,36,1.0,1,0.0,
nm4535518,72,0.470588,6,0.0,
nm4536011,36,1.0,1,0.0,
nm4537136,36,1.0,3,0.093333,
nm4537347,36,1.0,1,0.0,
nm4537360,36,1.0,3,0.0,
nm4537959,36,1.0,5,0.0,
nm4538120,72,0.470588,3,0.0,
nm4538137,36,1.0,5,0.0,
nm4539107,36,1.0,3,0.0,
nm4541464,36,1.0,6,0.0,
nm4542007,36,1.0,6,0.0,
nm4542067,36,1.0,2,0.0,
nm4543998,36,1.0,4,0.0,
nm4544506,36,1.0,3,0.0,
nm4544635,36,1.0,6,0.080873,
nm4544694,36,1.0,4,0.0,
nm4545599,36,1.0,5,0.0,
nm4545984,36,1.0,1,0.0,
nm4546297,36,1.0,3,0.116022,
nm4548743,36,1.0,1,0.0,
nm4549887,36,1.0,6,0.0,
nm4551047,36,1.0,3,0.0,
nm4551518,36,1.0,3,0.0,
nm4551885,36,1.0,5,0.0,
nm4553908,36,1.0,1,0.0,
nm4556530,36,1.0,0,0.0,
nm4557634,36,1.0,1,0.0,
nm4557677,36,1.0,0,0.0,
nm4558335,36,1.0,3,0.0,
nm4558440,36,1.0,2,0.0,
nm4561124,36,1.0,4,0.0,
nm4561517,36,1.0,7,0.0,
nm4561528,36,1.0,4,0.0,
nm4563744,36,1.0,2,0.083444,
nm4564288,36,1.0,3,0.0,
nm4565850,36,1.0,4,0.0,
nm4565874,36,1.0,4,0.0,
nm4565981,36,1.0,3,0.0,
nm4566081,36,1.0,1,0.0,
nm4566352,36,1.0,3,0.0,
nm4568962,36,1.0,1,0.0,
nm4570282,36,1.0,3,0.0,
nm4570325,36,1.0,0,0.0,
nm4571321,36,1.0,3,0.0,
nm4571370,36,1.0,4,0.0,
nm4571699,36,1.0,2,0.0,
nm4572072,36,1.0,3,0.0,
nm4574653,36,1.0,6,0.0,
nm4574737,36,1.0,1,0.0,
nm4576084,36,1.0,5,0.0,
nm4576354,36,1.0,1,0.0,
nm4576371,72,0.470588,2,0.0,
nm4576728,36,1.0,3,0.0,
nm4576978,36,1.0,4,0.0,
nm4576986,36,1.0,2,0.0,
nm4579097,36,1.0,1,0.0,
nm4580166,36,1.0,1,0.0,
nm4581095,36,1.0,3,0.0,
nm4581293,36,1.0,8,0.0,
nm4583219,36,1.0,6,0.0,
nm4583371,36,1.0,7,0.115596,
nm4584004,145,0.243697,2,0.125,0.000104
nm4587635,36,1.0,0,0.06409,
nm4588093,36,1.0,5,0.0,
nm4588209,36,1.0,1,0.0,
nm4589523,36,1.0,1,0.0,
nm4589975,36,1.0,1,0.0,
nm4590837,36,1.0,3,0.0,
nm4591453,36,1.0,5,0.0,
nm4591498,36,1.0,2,0.0,
nm4591912,36,1.0,2,0.0,
nm4591962,36,1.0,4,0.0,
nm4592524,72,0.470588,3,0.0,
nm4593114,36,1.0,3,0.0,
nm4593934,36,1.0,6,0.0,
nm4597050,36,1.0,4,0.0,
nm4599394,153,0.289773,4,0.0,8e-06
nm4601531,36,1.0,5,0.0,
nm4602164,36,1.0,2,0.0,
nm4602902,36,1.0,5,0.0,
nm4605066,71,0.591667,2,0.0,
nm4606016,36,1.0,5,0.075995,
nm4606848,36,1.0,5,0.0,
nm4607195,36,1.0,3,0.0,
nm4608165,36,1.0,4,0.0,
nm4608599,36,1.0,2,0.0,
nm4609222,36,1.0,4,0.0,
nm4609281,36,1.0,4,0.0,
nm4609670,72,0.470588,4,0.0,
nm4610347,36,1.0,5,0.0,
nm4611972,36,1.0,3,0.0,
nm4612692,36,1.0,3,0.0,
nm4613462,36,1.0,2,0.0,
nm4615210,36,1.0,5,0.0,
nm4615227,36,1.0,2,0.0,
nm4616554,36,1.0,5,0.0,
nm4617709,36,1.0,6,0.0,
nm4618195,36,1.0,2,0.0,
nm4619085,36,1.0,4,0.061463,
nm4620241,36,1.0,5,0.0,
nm4622567,36,1.0,1,0.0,
nm4623342,36,1.0,2,0.0,
nm4623853,36,1.0,5,0.0,
nm4624730,36,1.0,0,0.0,
nm4624934,36,1.0,4,0.0,
nm4625025,36,1.0,2,0.058279,
nm4629694,36,1.0,2,0.0,
nm4629732,36,1.0,3,0.0,
nm4630173,36,1.0,0,0.0,
nm4630417,36,1.0,3,0.0,
nm4630525,36,1.0,5,0.0,
nm4638702,36,1.0,1,0.0,
nm4639261,36,1.0,2,0.0,
nm4640983,36,1.0,3,0.0,
nm4642373,36,1.0,2,0.0,
nm4642822,36,1.0,5,0.0,
nm4646761,36,1.0,2,0.057904,
nm4648862,36,1.0,4,0.0,
nm4649116,36,1.0,0,0.0,
nm4649341,36,1.0,4,0.0,
nm4650038,36,1.0,1,0.0,
nm4650882,36,1.0,4,0.106599,
nm4651199,36,1.0,4,0.0,
nm4652001,36,1.0,4,0.0,
nm4652287,36,1.0,2,0.0,
nm4655049,36,1.0,3,0.0,
nm4655667,36,1.0,3,0.0,
nm4656650,36,1.0,6,0.0,
nm4658298,36,1.0,3,0.0,
nm4658934,36,1.0,3,0.0,
nm4659203,36,1.0,3,0.103618,
nm4659433,36,1.0,5,0.0,
nm4662324,36,1.0,7,0.0,
nm4662945,36,1.0,0,0.0,
nm4666732,36,1.0,4,0.0,
nm4666955,36,1.0,3,0.0,
nm4667740,36,1.0,6,0.0,
nm4668497,36,1.0,1,0.0,
nm4671471,36,1.0,5,0.0,
nm4672619,36,1.0,2,0.0,
nm4673497,36,1.0,2,0.0,
nm4674415,36,1.0,2,0.0,
nm4674421,36,1.0,3,0.0,
nm4676126,36,1.0,7,0.0,
nm4678178,36,1.0,7,0.0,
nm4678298,36,1.0,4,0.0,
nm4678782,36,1.0,3,0.0,
nm4679035,36,1.0,3,0.0,
nm4679514,36,1.0,2,0.0,
nm4680079,36,1.0,4,0.0,
nm4680185,36,1.0,3,0.0,
nm4680353,36,1.0,5,0.0,
nm4680391,36,1.0,2,0.0,
nm4680774,36,1.0,2,0.0,
nm4680915,36,1.0,3,0.075269,
nm4681019,36,1.0,5,0.0,
nm4681246,36,1.0,4,0.0,
nm4683167,36,1.0,3,0.0,
nm4683875,36,1.0,2,0.0,
nm4684947,36,1.0,4,0.0,
nm4685278,36,1.0,6,0.0,
nm4686142,36,1.0,1,0.0,
nm4686699,36,1.0,1,0.0,
nm4688039,36,1.0,2,0.0,
nm4690048,72,0.470588,5,0.0,
nm4691677,36,1.0,3,0.0,
nm4691742,36,1.0,6,0.0,
nm4692269,36,1.0,1,0.0,
nm4692354,36,1.0,4,0.066808,
nm4694127,36,1.0,1,0.0,
nm4695210,36,1.0,6,0.095745,
nm4696728,36,1.0,4,0.0,
nm4699293,36,1.0,3,0.0,
nm4699715,36,1.0,4,0.0,
nm4699858,36,1.0,6,0.0,
nm4699971,36,1.0,6,0.0,
nm4701570,36,1.0,5,0.0,
nm4701946,36,1.0,6,0.0,
nm4702330,36,1.0,7,0.0,
nm4702390,36,1.0,3,0.089235,
nm4702939,36,1.0,2,0.0,
nm4703125,36,1.0,1,0.0,
nm4704928,36,1.0,2,0.0,
nm4704930,36,1.0,1,0.0,
nm4705424,36,1.0,4,0.0,
nm4705505,36,1.0,4,0.0,
nm4705792,36,1.0,3,0.061463,
nm4706086,36,1.0,1,0.0,
nm4708592,36,1.0,6,0.0,
nm4710099,108,0.307692,7,0.135193,0.002447
nm4710727,36,1.0,3,0.0,
nm4711349,36,1.0,3,0.0,
nm4712899,36,1.0,4,0.0,
nm4713909,36,1.0,5,0.0,
nm4713973,36,1.0,6,0.0,
nm4715046,36,1.0,3,0.0,
nm4715711,36,1.0,4,0.091172,
nm4718099,36,1.0,8,0.0,
nm4718933,36,1.0,7,0.0,
nm4719034,36,1.0,5,0.0,
nm4719218,36,1.0,2,0.0,
nm4722052,36,1.0,5,0.0,
nm4722276,36,1.0,7,0.0,
nm4723290,36,1.0,4,0.0,
nm4724320,36,1.0,3,0.0,
nm4724525,36,1.0,5,0.0,
nm4724538,36,1.0,6,0.0,
nm4725556,36,1.0,4,0.0,
nm4725798,36,1.0,6,0.12069,
nm4726429,36,1.0,5,0.0,
nm4728480,36,1.0,5,0.0,
nm4728487,36,1.0,5,0.0,
nm4728510,36,1.0,2,0.0,
nm4728858,36,1.0,4,0.0,
nm4729864,36,1.0,6,0.0,
nm4730026,36,1.0,6,0.0,
nm4730557,36,1.0,3,0.098131,
nm4730737,36,1.0,7,0.0,
nm4731146,263,0.223639,7,0.0,0.000143
nm4731188,36,1.0,8,0.0,
nm4731433,36,1.0,9,0.0,
nm4731677,36,1.0,2,0.118421,
nm4731902,36,1.0,9,0.0,
nm4732281,36,1.0,4,0.0,
nm4732302,36,1.0,5,0.0,
nm4732808,36,1.0,2,0.098131,
nm4733692,36,1.0,1,0.0,
nm4734130,36,1.0,4,0.110333,
nm4735327,36,1.0,5,0.0,
nm4736209,74,0.48366,7,0.13125,
nm4736837,36,1.0,5,0.118644,
nm4741273,36,1.0,2,0.0,
nm4741714,36,1.0,3,0.0,
nm4741907,36,1.0,7,0.0,
nm4742129,36,1.0,1,0.0,
nm4742829,36,1.0,5,0.0,
nm4744613,36,1.0,3,0.0,
nm4744892,36,1.0,2,0.0,
nm4744994,36,1.0,1,0.0,
nm4745013,36,1.0,4,0.0,
nm4745422,36,1.0,6,0.0,
nm4745984,36,1.0,2,0.0,
nm4746089,36,1.0,4,0.0,
nm4746242,36,1.0,3,0.070549,
nm4748460,36,1.0,1,0.0,
nm4749222,36,1.0,1,0.0,
nm4750065,36,1.0,2,0.0,
nm4750198,36,1.0,5,0.0,
nm4752466,36,1.0,7,0.0,
nm4754308,36,1.0,1,0.0,
nm4754750,36,1.0,7,0.0,
nm4755386,36,1.0,4,0.0,
nm4756188,36,1.0,2,0.0,
nm4756915,36,1.0,2,0.0,
nm4759582,36,1.0,3,0.0,
nm4759838,36,1.0,5,0.0,
nm4762222,36,1.0,3,0.0,
nm4762741,36,1.0,3,0.0,
nm4763574,36,1.0,7,0.0,
nm4763591,36,1.0,5,0.0,
nm4763789,72,0.470588,6,0.0,
nm4763845,73,0.608333,9,0.0,
nm4763863,36,1.0,5,0.0,
nm4764141,36,1.0,6,0.0,
nm4764161,36,1.0,0,0.0,
nm4765351,36,1.0,7,0.0,
nm4765550,36,1.0,0,0.0,
nm4766555,36,1.0,1,0.0,
nm4767006,36,1.0,3,0.0,
nm4767031,36,1.0,3,0.081395,
nm4770230,36,1.0,5,0.0,
nm4772266,36,1.0,6,0.0,
nm4772741,36,1.0,5,0.0,
nm4774809,36,1.0,4,0.0,
nm4775022,36,1.0,7,0.0,
nm4775102,36,1.0,2,0.0,
nm4775166,36,1.0,0,0.0,
nm4777243,36,1.0,4,0.055507,
nm4777842,36,1.0,6,0.0,
nm4778390,36,1.0,3,0.0,
nm4780658,36,1.0,4,0.0,
nm4781185,36,1.0,2,0.0,
nm4782158,36,1.0,2,0.0,
nm4782330,36,1.0,1,0.0,
nm4785118,36,1.0,4,0.0,
nm4785267,36,1.0,5,0.0,
nm4786965,36,1.0,5,0.0,
nm4787081,36,1.0,4,0.118644,
nm4787182,36,1.0,5,0.0,
nm4788761,72,0.470588,5,0.0,
nm4789172,36,1.0,5,0.0,
nm4789591,36,1.0,5,0.080873,
nm4790249,36,1.0,6,0.0,
nm4792262,36,1.0,5,0.0,
nm4792489,36,1.0,7,0.0,
nm4792950,36,1.0,2,0.0,
nm4793477,36,1.0,0,0.0,
nm4793987,36,1.0,2,0.0,
nm4794057,36,1.0,1,0.0,
nm4796168,36,1.0,2,0.0,
nm4798385,36,1.0,3,0.0,
nm4799420,36,1.0,4,0.0,
nm4802028,36,1.0,3,0.0,
nm4803213,36,1.0,5,0.066107,
nm4803560,36,1.0,4,0.0,
nm4803632,36,1.0,4,0.0,
nm4804147,36,1.0,5,0.0,
nm4805317,36,1.0,3,0.0,
nm4805391,36,1.0,5,0.0,
nm4808183,36,1.0,6,0.0,
nm4809043,36,1.0,3,0.0,
nm4810527,36,1.0,3,0.0,
nm4810845,36,1.0,0,0.0,
nm4812613,36,1.0,1,0.0,
nm4813021,36,1.0,3,0.068553,
nm4813513,36,1.0,2,0.0,
nm4815306,36,1.0,4,0.0,
nm4816336,36,1.0,4,0.0,
nm4817771,36,1.0,2,0.0,
nm4818220,36,1.0,7,0.0,
nm4818642,36,1.0,4,0.0,
nm4818678,36,1.0,2,0.0,
nm4821030,72,0.470588,1,0.0,
nm4821267,36,1.0,5,0.0,
nm4823000,36,1.0,6,0.0,
nm4823076,36,1.0,4,0.0,
nm4823096,36,1.0,3,0.0,
nm4823334,72,0.470588,1,0.08129,
nm4823415,36,1.0,3,0.0,
nm4824577,36,1.0,5,0.0,
nm4824727,36,1.0,2,0.0,
nm4825006,36,1.0,1,0.0,
nm4827066,36,1.0,4,0.0,
nm4827456,36,1.0,5,0.0,
nm4827897,36,1.0,4,0.0,
nm4829602,36,1.0,1,0.0,
nm4829836,36,1.0,4,0.0,
nm4829898,36,1.0,4,0.0,
nm4830925,36,1.0,4,0.0,
nm4831385,36,1.0,2,0.0,
nm4833672,36,1.0,3,0.0,
nm4834207,36,1.0,3,0.0,
nm4834296,36,1.0,1,0.0,
nm4836118,72,0.470588,4,0.0,
nm4837509,36,1.0,3,0.0,
nm4839521,36,1.0,3,0.0,
nm4840687,36,1.0,2,0.0,
nm4841399,36,1.0,1,0.0,
nm4841567,36,1.0,6,0.0,
nm4841598,36,1.0,1,0.0,
nm4841640,36,1.0,3,0.0,
nm4841882,36,1.0,2,0.0,
nm4841962,36,1.0,4,0.062253,
nm4843024,108,0.307692,7,0.089616,0.0
nm4843872,36,1.0,2,0.0,
nm4844496,36,1.0,2,0.073001,
nm4845366,36,1.0,2,0.0,
nm4845909,36,1.0,0,0.0,
nm4846250,36,1.0,2,0.0,
nm4852549,36,1.0,4,0.0,
nm4852679,36,1.0,4,0.098592,
nm4852914,36,1.0,6,0.102941,
nm4852977,36,1.0,5,0.102941,
nm4854875,36,1.0,1,0.0,
nm4855161,36,1.0,4,0.0,
nm4855517,36,1.0,4,0.062253,
nm4855833,72,0.470588,1,0.0,
nm4856668,36,1.0,4,0.0,
nm4858550,36,1.0,1,0.0,
nm4859271,36,1.0,4,0.105882,
nm4859779,36,1.0,5,0.0,
nm4859856,36,1.0,1,0.0,
nm4861046,36,1.0,4,0.12831,
nm4861346,36,1.0,5,0.0,
nm4862056,36,1.0,3,0.0,
nm4864935,36,1.0,3,0.0,
nm4867375,36,1.0,2,0.0,
nm4868755,36,1.0,2,0.0,
nm4869229,36,1.0,4,0.0,
nm4869521,36,1.0,2,0.0,
nm4869921,36,1.0,6,0.0,
nm4870321,36,1.0,5,0.0,
nm4873402,72,0.470588,3,0.0,
nm4873616,36,1.0,3,0.0,
nm4875180,36,1.0,0,0.0,
nm4875369,36,1.0,6,0.082677,
nm4876224,36,1.0,4,0.113924,
nm4877001,36,1.0,3,0.0,
nm4877066,36,1.0,6,0.0,
nm4877239,36,1.0,5,0.110915,
nm4878628,36,1.0,7,0.0,
nm4879042,36,1.0,4,0.0,
nm4879374,36,1.0,1,0.0,
nm4879653,36,1.0,0,0.0,
nm4880713,36,1.0,5,0.0,
nm4881680,36,1.0,4,0.0,
nm4882946,36,1.0,4,0.0,
nm4885148,36,1.0,3,0.066808,
nm4886518,36,1.0,1,0.0,
nm4886752,36,1.0,8,0.130165,
nm4887246,36,1.0,3,0.0,
nm4888368,36,1.0,4,0.0,
nm4889489,36,1.0,3,0.070234,
nm4889845,36,1.0,2,0.0,
nm4890513,36,1.0,6,0.107692,
nm4890743,36,1.0,3,0.0,
nm4891461,36,1.0,2,0.0,
nm4892161,36,1.0,3,0.0,
nm4896071,36,1.0,5,0.0,
nm4902848,36,1.0,3,0.0,
nm4903685,36,1.0,5,0.0,
nm4905066,36,1.0,2,0.0,
nm4905454,36,1.0,5,0.0,
nm4906203,36,1.0,1,0.0,
nm4906331,36,1.0,3,0.0,
nm4906685,36,1.0,4,0.0,
nm4906948,36,1.0,3,0.0,
nm4907734,72,0.529412,4,0.0,
nm4907940,36,1.0,2,0.0,
nm4908103,36,1.0,5,0.0,
nm4911970,36,1.0,4,0.0,
nm4912288,72,0.470588,4,0.0,
nm4913730,36,1.0,4,0.0,
nm4914311,36,1.0,6,0.0,
nm4915334,36,1.0,1,0.0,
nm4916455,36,1.0,4,0.0,
nm4916809,36,1.0,2,0.0,
nm4918457,36,1.0,2,0.0,
nm4918569,36,1.0,3,0.0,
nm4922487,36,1.0,3,0.0,
nm4923289,36,1.0,4,0.08046,
nm4923307,36,1.0,5,0.0,
nm4926180,72,0.470588,2,0.0,
nm4927095,36,1.0,3,0.087866,
nm4927314,36,1.0,4,0.0,
nm4927704,36,1.0,1,0.0,
nm4928007,36,1.0,2,0.114338,
nm4929338,36,1.0,1,0.0,
nm4930889,36,1.0,1,0.0,
nm4931077,36,1.0,6,0.0,
nm4931869,36,1.0,4,0.0,
nm4932005,36,1.0,1,0.0,
nm4932442,36,1.0,7,0.0,
nm4933332,36,1.0,2,0.097072,
nm4933812,36,1.0,0,0.0,
nm4933845,36,1.0,7,0.0,
nm4935021,36,1.0,5,0.0,
nm4936344,36,1.0,4,0.0,
nm4936584,36,1.0,2,0.0,
nm4936620,72,0.470588,5,0.129363,
nm4938456,36,1.0,4,0.0,
nm4939566,36,1.0,5,0.087017,
nm4939934,36,1.0,2,0.0,
nm4940254,36,1.0,4,0.0,
nm4940595,36,1.0,1,0.0,
nm4940642,36,1.0,4,0.0,
nm4941243,36,1.0,1,0.0,
nm4941490,36,1.0,1,0.0,
nm4942285,36,1.0,3,0.0,
nm4943457,36,1.0,4,0.077111,
nm4944598,36,1.0,4,0.0,
nm4944654,36,1.0,5,0.0,
nm4945454,36,1.0,3,0.0,
nm4947538,72,0.529412,6,0.0,
nm4948139,36,1.0,6,0.0,
nm4948685,36,1.0,2,0.0,
nm4948812,36,1.0,2,0.0,
nm4949417,72,0.470588,3,0.08046,
nm4949471,73,0.477124,7,0.117537,
nm4950057,145,0.333333,5,0.0,5e-06
nm4951025,36,1.0,7,0.0,
nm4951437,108,0.332308,3,0.0,1e-06
nm4951669,36,1.0,5,0.0,
nm4951842,36,1.0,1,0.0,
nm4955588,36,1.0,4,0.0,
nm4955895,36,1.0,5,0.0,
nm4957537,36,1.0,4,0.0,
nm4958040,36,1.0,4,0.088359,
nm4959055,36,1.0,4,0.09417,
nm4960653,36,1.0,4,0.066176,
nm4961623,36,1.0,2,0.0,
nm4961715,36,1.0,0,0.0,
nm4961778,36,1.0,3,0.0,
nm4962495,36,1.0,2,0.0,
nm4964345,36,1.0,1,0.0,
nm4965045,36,1.0,1,0.0,
nm4965558,36,1.0,2,0.062008,
nm4967175,36,1.0,4,0.0,
nm4967368,36,1.0,3,0.0,
nm4967937,36,1.0,2,0.0,
nm4968105,36,1.0,4,0.112299,
nm4969434,36,1.0,3,0.0,
nm4970341,36,1.0,3,0.0,
nm4971605,36,1.0,2,0.0,
nm4971632,36,1.0,1,0.0,
nm4971960,36,1.0,7,0.12069,
nm4972453,72,0.470588,2,0.075721,
nm4973460,36,1.0,2,0.0,
nm4973896,72,0.470588,0,0.094737,
nm4974278,36,1.0,3,0.0,
nm4974711,36,1.0,3,0.0,
nm4975049,36,1.0,2,0.0,
nm4975560,66,0.725275,5,0.0,
nm4976391,36,1.0,6,0.0,
nm4976401,36,1.0,6,0.0,
nm4976869,36,1.0,5,0.0,
nm4977260,36,1.0,4,0.0,
nm4977507,36,1.0,2,0.0,
nm4978650,36,1.0,2,0.0,
nm4979628,72,0.470588,5,0.1125,
nm4980481,36,1.0,4,0.0,
nm4980620,36,1.0,4,0.0,
nm4980806,36,1.0,5,0.115596,
nm4981506,36,1.0,1,0.0,
nm4983326,73,0.477124,4,0.0,
nm4983775,36,1.0,3,0.0,
nm4985651,36,1.0,2,0.0,
nm4986321,36,1.0,3,0.0,
nm4986686,36,1.0,7,0.0,
nm4987502,36,1.0,3,0.0,
nm4987686,74,0.544118,5,0.0,
nm4990173,36,1.0,2,0.0,
nm4991603,36,1.0,4,0.0,
nm4992002,36,1.0,4,0.116236,
nm4992243,36,1.0,4,0.0,
nm4992838,36,1.0,2,0.109185,
nm4993797,36,1.0,2,0.0,
nm4994139,36,1.0,3,0.0,
nm4994808,36,1.0,2,0.0,
nm4995535,36,1.0,2,0.0,
nm4995683,36,1.0,3,0.0,
nm4997892,36,1.0,8,0.0,
nm4997899,36,1.0,5,0.0,
nm4997973,36,1.0,1,0.0,
nm4998103,36,1.0,4,0.0,
nm4998550,36,1.0,2,0.0,
nm5000213,36,1.0,4,0.0,
nm5001102,36,1.0,1,0.0,
nm5002558,36,1.0,4,0.0,
nm5003252,36,1.0,6,0.0,
nm5005928,36,1.0,2,0.0,
nm5006540,36,1.0,4,0.0,
nm5007396,36,1.0,1,0.0,
nm5007768,72,0.470588,1,0.0,
nm5008678,36,1.0,0,0.0,
nm5008704,36,1.0,3,0.0,
nm5011198,36,1.0,6,0.0,
nm5014211,36,1.0,3,0.0,
nm5014986,36,1.0,2,0.0,
nm5015284,36,1.0,5,0.110333,
nm5016551,73,0.536765,1,0.094737,
nm5016962,36,1.0,3,0.086538,
nm5017316,36,1.0,2,0.0,
nm5017322,36,1.0,6,0.0,
nm5017768,36,1.0,1,0.098131,
nm5018360,118,0.336182,8,0.122568,0.000258
nm5021371,36,1.0,6,0.0,
nm5021375,36,1.0,5,0.0,
nm5021384,36,1.0,4,0.0,
nm5021810,36,1.0,3,0.0,
nm5022072,36,1.0,2,0.0,
nm5022173,36,1.0,2,0.0,
nm5022323,36,1.0,5,0.0,
nm5022546,36,1.0,3,0.0,
nm5022883,36,1.0,2,0.0,
nm5023615,72,0.470588,2,0.087866,
nm5023877,36,1.0,6,0.0,
nm5024101,36,1.0,3,0.077111,
nm5024364,36,1.0,2,0.0,
nm5025250,71,0.591667,4,0.0,
nm5025898,36,1.0,3,0.0,
nm5026180,36,1.0,1,0.0,
nm5027149,36,1.0,3,0.0,
nm5028453,36,1.0,4,0.0,
nm5030574,36,1.0,3,0.0,
nm5030795,36,1.0,4,0.0,
nm5030879,36,1.0,4,0.0,
nm5031311,36,1.0,5,0.075995,
nm5032766,72,0.470588,4,0.0,
nm5034016,144,0.242017,1,0.0,0.0
nm5034104,72,0.470588,4,0.0,
nm5034270,36,1.0,2,0.0,
nm5034324,36,1.0,1,0.0,
nm5035251,36,1.0,2,0.0,
nm5035471,72,0.470588,3,0.0,
nm5036326,36,1.0,3,0.0,
nm5037569,36,1.0,6,0.106419,
nm5037723,36,1.0,3,0.0,
nm5037848,36,1.0,5,0.0,
nm5041464,36,1.0,1,0.0,
nm5042060,36,1.0,2,0.0,
nm5042259,36,1.0,6,0.0,
nm5042848,36,1.0,6,0.128049,
nm5043985,36,1.0,7,0.0,
nm5044092,36,1.0,6,0.0,
nm5046424,36,1.0,2,0.0,
nm5046459,36,1.0,2,0.0,
nm5046754,36,1.0,1,0.0,
nm5046950,36,1.0,5,0.0,
nm5047005,36,1.0,2,0.0,
nm5048074,36,1.0,8,0.0,
nm5048087,36,1.0,2,0.0,
nm5048092,76,0.496732,8,0.0,
nm5049448,72,0.470588,6,0.0,
nm5050202,36,1.0,2,0.0,
nm5050480,36,1.0,5,0.05536,
nm5052181,36,1.0,5,0.106419,
nm5052940,36,1.0,6,0.0,
nm5053136,36,1.0,4,0.106419,
nm5054542,36,1.0,0,0.0,
nm5055028,72,0.470588,5,0.0,
nm5055361,36,1.0,2,0.0,
nm5056001,36,1.0,4,0.0,
nm5056109,36,1.0,5,0.0,
nm5056119,36,1.0,1,0.0,
nm5057169,36,1.0,3,0.0,
nm5057965,36,1.0,6,0.0,
nm5059239,36,1.0,0,0.0,
nm5062337,36,1.0,3,0.0,
nm5063079,36,1.0,1,0.0,
nm5063660,36,1.0,7,0.0,
nm5063717,36,1.0,1,0.0,
nm5064422,36,1.0,2,0.0,
nm5064474,36,1.0,1,0.0,
nm5064479,36,1.0,4,0.0,
nm5065067,36,1.0,6,0.0,
nm5065265,36,1.0,5,0.0,
nm5065332,36,1.0,3,0.0,
nm5066467,36,1.0,5,0.0,
nm5066571,36,1.0,7,0.117978,
nm5068444,36,1.0,5,0.074822,
nm5068576,36,1.0,3,0.0,
nm5068640,36,1.0,3,0.0,
nm5068962,36,1.0,3,0.057904,
nm5069867,36,1.0,3,0.0,
nm5070845,36,1.0,6,0.0,
nm5071399,36,1.0,3,0.0,
nm5074824,36,1.0,2,0.0,
nm5075662,36,1.0,2,0.0,
nm5075874,36,1.0,7,0.0,
nm5077088,113,0.40942,7,0.0,0.000287
nm5077418,36,1.0,4,0.0,
nm5077458,36,1.0,6,0.0,
nm5078537,36,1.0,3,0.12831,
nm5078787,36,1.0,4,0.086777,
nm5079209,36,1.0,2,0.0,
nm5079362,78,0.509804,7,0.0,
nm5079417,77,0.566176,8,0.0,
nm5083066,36,1.0,0,0.0,
nm5083144,36,1.0,6,0.0,
nm5083230,314,0.219427,1,0.0,0.001296
nm5083762,71,0.591667,6,0.0,
nm5083927,36,1.0,1,0.070549,
nm5084063,36,1.0,6,0.0,
nm5085187,36,1.0,6,0.0,
nm5086513,36,1.0,9,0.0,
nm5087726,36,1.0,3,0.0,
nm5088181,36,1.0,3,0.0,
nm5088245,36,1.0,3,0.0,
nm5088969,36,1.0,3,0.0,
nm5089122,72,0.470588,2,0.105,
nm5089493,36,1.0,3,0.0,
nm5089510,36,1.0,3,0.0,
nm5089562,36,1.0,5,0.0,
nm5090127,36,1.0,7,0.0,
nm5090500,36,1.0,2,0.0,
nm5092846,36,1.0,5,0.0,
nm5095124,72,0.6,6,0.0,
nm5095492,36,1.0,1,0.0,
nm5095853,75,0.490196,7,0.0,
nm5095861,36,1.0,2,0.0,
nm5097095,36,1.0,7,0.0,
nm5097485,36,1.0,1,0.0,
nm5097504,36,1.0,1,0.0,
nm5100094,36,1.0,3,0.0,
nm5100686,36,1.0,4,0.0,
nm5101271,36,1.0,2,0.0,
nm5101846,36,1.0,4,0.0,
nm5102227,36,1.0,1,0.0,
nm5103701,36,1.0,3,0.0,
nm5104332,36,1.0,0,0.0,
nm5104522,36,1.0,2,0.0,
nm5105047,36,1.0,2,0.0,
nm5105990,36,1.0,5,0.0,
nm5106325,110,0.31339,2,0.0,0.000108
nm5107323,36,1.0,2,0.0,
nm5107399,36,1.0,5,0.100318,
nm5107460,36,1.0,2,0.0,
nm5108056,36,1.0,6,0.0,
nm5108275,36,1.0,3,0.0,
nm5108614,36,1.0,6,0.0,
nm5109537,36,1.0,4,0.0,
nm5111263,36,1.0,4,0.0,
nm5113622,36,1.0,2,0.0,
nm5114966,36,1.0,4,0.0,
nm5118453,36,1.0,2,0.0,
nm5118890,72,0.470588,2,0.129098,
nm5119238,36,1.0,2,0.0,
nm5120084,36,1.0,2,0.086538,
nm5120794,36,1.0,4,0.0,
nm5120886,36,1.0,1,0.0,
nm5120913,36,1.0,1,0.0,
nm5123156,36,1.0,3,0.0,
nm5123508,36,1.0,4,0.0,
nm5124307,36,1.0,0,0.0,
nm5124453,36,1.0,1,0.0,
nm5125622,36,1.0,4,0.104651,
nm5126722,36,1.0,3,0.0,
nm5126775,36,1.0,5,0.0,
nm5126893,36,1.0,4,0.0,
nm5128169,36,1.0,5,0.0,
nm5130906,72,0.470588,3,0.0,
nm5131053,36,1.0,5,0.0,
nm5131213,36,1.0,2,0.0,
nm5131296,36,1.0,3,0.060345,
nm5133879,36,1.0,3,0.0,
nm5134117,36,1.0,6,0.0,
nm5134621,36,1.0,0,0.0,
nm5135200,36,1.0,2,0.0,
nm5136123,36,1.0,0,0.0,
nm5136687,36,1.0,4,0.0,
nm5137054,36,1.0,1,0.0,
nm5137121,74,0.48366,4,0.0,
nm5138751,73,0.477124,2,0.0,
nm5138874,36,1.0,1,0.0,
nm5140520,72,0.470588,3,0.0,
nm5140887,36,1.0,1,0.0,
nm5141883,36,1.0,4,0.0,
nm5143666,72,0.470588,8,0.0,
nm5143940,36,1.0,5,0.0,
nm5144587,36,1.0,8,0.0,
nm5144780,36,1.0,4,0.126761,
nm5145138,36,1.0,4,0.0,
nm5146437,36,1.0,1,0.0,
nm5147838,36,1.0,3,0.062253,
nm5148735,36,1.0,5,0.0,
nm5149048,36,1.0,1,0.0,
nm5149328,36,1.0,2,0.0,
nm5149382,36,1.0,3,0.0,
nm5149588,36,1.0,4,0.0,
nm5149776,36,1.0,4,0.0,
nm5150208,36,1.0,5,0.0,
nm5153692,36,1.0,5,0.0,
nm5154209,36,1.0,2,0.0,
nm5157126,36,1.0,4,0.111901,
nm5159260,36,1.0,5,0.116667,
nm5159672,36,1.0,5,0.0,
nm5159854,36,1.0,5,0.114754,
nm5159909,36,1.0,7,0.116667,
nm5160293,36,1.0,5,0.0,
nm5160752,36,1.0,4,0.058659,
nm5161289,36,1.0,8,0.0,
nm5161567,36,1.0,1,0.0,
nm5161825,73,0.608333,7,0.0,
nm5162621,76,0.496732,9,0.0,
nm5163456,36,1.0,2,0.0,
nm5166245,36,1.0,7,0.0,
nm5166644,75,0.625,9,0.0,
nm5168083,36,1.0,1,0.0,
nm5169536,36,1.0,2,0.0,
nm5169583,36,1.0,1,0.0,
nm5170154,36,1.0,2,0.0,
nm5170315,36,1.0,7,0.0,
nm5171466,36,1.0,2,0.0,
nm5171503,36,1.0,3,0.0,
nm5171591,36,1.0,6,0.125249,
nm5173885,36,1.0,2,0.0,
nm5174193,36,1.0,2,0.058605,
nm5177861,36,1.0,2,0.0,
nm5178443,36,1.0,1,0.0,
nm5178472,36,1.0,3,0.0,
nm5178550,36,1.0,6,0.0,
nm5178583,36,1.0,5,0.0,
nm5180960,36,1.0,4,0.0,
nm5181138,36,1.0,3,0.0,
nm5181236,68,0.871795,10,0.0,
nm5181516,83,0.790476,9,0.0,
nm5181684,184,0.524217,0,0.0,6.1e-05
nm5182750,36,1.0,6,0.0,
nm5186106,36,1.0,1,0.0,
nm5188998,36,1.0,3,0.0,
nm5190468,36,1.0,4,0.0,
nm5191282,36,1.0,4,0.0,
nm5193389,36,1.0,3,0.0,
nm5193462,36,1.0,4,0.0,
nm5193520,36,1.0,1,0.0,
nm5193529,36,1.0,7,0.0,
nm5193937,36,1.0,4,0.0,
nm5194234,36,1.0,3,0.0,
nm5196498,36,1.0,4,0.0,
nm5199313,36,1.0,3,0.0,
nm5199382,36,1.0,2,0.060461,
nm5199559,36,1.0,6,0.115596,
nm5201899,36,1.0,4,0.0,
nm5203099,72,0.470588,5,0.0,
nm5203487,36,1.0,3,0.0,
nm5204071,36,1.0,3,0.0,
nm5205139,36,1.0,3,0.0,
nm5205279,36,1.0,4,0.0,
nm5207111,108,0.307692,3,0.0,0.0
nm5207292,36,1.0,3,0.0,
nm5207334,36,1.0,3,0.0,
nm5208289,36,1.0,3,0.0,
nm5208425,36,1.0,6,0.0,
nm5208549,36,1.0,2,0.0,
nm5209535,36,1.0,6,0.076364,
nm5209540,36,1.0,6,0.0,
nm5212072,266,0.200603,8,0.0,0.000169
nm5212264,36,1.0,1,0.0,
nm5212267,36,1.0,2,0.0,
nm5212553,36,1.0,6,0.0,
nm5212722,81,0.529412,9,0.0,
nm5212769,36,1.0,4,0.0,
nm5214862,36,1.0,5,0.0,
nm5215062,36,1.0,3,0.0,
nm5215235,36,1.0,9,0.0,
nm5215308,271,0.212549,6,0.0,7.3e-05
nm5216276,36,1.0,4,0.0,
nm5216844,36,1.0,8,0.0,
nm5217548,36,1.0,5,0.0,
nm5218368,36,1.0,3,0.0,
nm5219130,36,1.0,2,0.0,
nm5220421,36,1.0,3,0.0,
nm5223294,36,1.0,7,0.0,
nm5223603,36,1.0,1,0.0,
nm5223819,36,1.0,3,0.0,
nm5224785,36,1.0,7,0.0,
nm5224876,36,1.0,4,0.0,
nm5224900,36,1.0,3,0.0,
nm5225142,36,1.0,5,0.0,
nm5226061,36,1.0,5,0.0,
nm5227404,109,0.310541,7,0.0,0.000235
nm5228009,72,0.470588,4,0.102773,
nm5229761,36,1.0,2,0.0,
nm5230093,36,1.0,0,0.0,
nm5233369,36,1.0,4,0.0,
nm5233402,131,0.403077,7,0.0,7.2e-05
nm5234709,36,1.0,0,0.0,
nm5235708,36,1.0,3,0.0,
nm5236534,36,1.0,5,0.0,
nm5236560,36,1.0,3,0.0,
nm5236852,36,1.0,2,0.0,
nm5237479,72,0.470588,3,0.06409,
nm5237591,36,1.0,4,0.115596,
nm5240345,36,1.0,6,0.0,
nm5241523,36,1.0,2,0.0,
nm5241871,36,1.0,6,0.0,
nm5241981,36,1.0,7,0.0,
nm5242011,36,1.0,7,0.121387,
nm5242693,36,1.0,2,0.0,
nm5243054,36,1.0,2,0.0,
nm5243426,72,0.529412,2,0.0,
nm5243688,36,1.0,4,0.082245,
nm5243813,36,1.0,1,0.0,
nm5245242,36,1.0,2,0.0,
nm5246951,36,1.0,7,0.0,
nm5248189,36,1.0,5,0.0,
nm5248879,36,1.0,2,0.0,
nm5249562,73,0.477124,7,0.129363,
nm5249687,36,1.0,2,0.066808,
nm5250141,36,1.0,3,0.0,
nm5250412,36,1.0,1,0.0,
nm5250517,36,1.0,5,0.0,
nm5252055,36,1.0,5,0.0,
nm5253191,36,1.0,1,0.0,
nm5254236,36,1.0,2,0.0,
nm5254274,72,0.470588,6,0.0,
nm5254746,36,1.0,5,0.0,
nm5256042,36,1.0,3,0.0,
nm5256092,36,1.0,3,0.075269,
nm5257187,36,1.0,2,0.0,
nm5257813,36,1.0,2,0.0,
nm5258595,36,1.0,2,0.0,
nm5259014,36,1.0,2,0.0,
nm5261525,36,1.0,3,0.0,
nm5262620,36,1.0,1,0.0,
nm5263495,36,1.0,5,0.058659,
nm5265015,36,1.0,5,0.0,
nm5265577,36,1.0,2,0.0,
nm5266374,36,1.0,4,0.0,
nm5266794,36,1.0,3,0.0,
nm5266820,36,1.0,4,0.0,
nm5267231,36,1.0,3,0.11014,
nm5267697,36,1.0,4,0.0,
nm5267819,36,1.0,2,0.0,
nm5268152,36,1.0,1,0.0,
nm5269143,36,1.0,3,0.086066,
nm5269206,36,1.0,3,0.0,
nm5270569,36,1.0,4,0.0,
nm5270858,36,1.0,4,0.0,
nm5271239,36,1.0,2,0.0,
nm5271352,36,1.0,4,0.0,
nm5271691,36,1.0,1,0.0,
nm5272429,36,1.0,1,0.0,
nm5273047,36,1.0,4,0.0,
nm5273658,36,1.0,5,0.0,
nm5274013,36,1.0,3,0.0,
nm5274532,36,1.0,1,0.0,
nm5275352,36,1.0,2,0.0,
nm5275589,36,1.0,2,0.0,
nm5276242,72,0.470588,3,0.0,
nm5277259,36,1.0,1,0.0,
nm5279518,36,1.0,2,0.0,
nm5280472,36,1.0,2,0.057904,
nm5281525,36,1.0,7,0.0,
nm5282266,36,1.0,5,0.0,
nm5285354,36,1.0,0,0.0,
nm5285415,36,1.0,0,0.0,
nm5285809,36,1.0,8,0.0,
nm5287344,36,1.0,7,0.0,
nm5287560,36,1.0,2,0.0,
nm5289856,36,1.0,4,0.0,
nm5291007,36,1.0,4,0.0,
nm5291129,36,1.0,4,0.0,
nm5291578,36,1.0,3,0.088359,
nm5292650,36,1.0,4,0.0,
nm5293209,36,1.0,0,0.0,
nm5293380,36,1.0,1,0.0,
nm5294081,36,1.0,0,0.0,
nm5294158,36,1.0,1,0.0,
nm5294636,36,1.0,2,0.089235,
nm5295022,36,1.0,1,0.0,
nm5296301,36,1.0,4,0.0,
nm5296909,36,1.0,3,0.114964,
nm5299382,36,1.0,3,0.0,
nm5301216,36,1.0,5,0.0,
nm5303286,36,1.0,6,0.116451,
nm5304684,36,1.0,4,0.05536,
nm5304837,36,1.0,4,0.0,
nm5306367,36,1.0,5,0.0,
nm5307910,36,1.0,4,0.0,
nm5310307,36,1.0,1,0.0,
nm5310553,36,1.0,1,0.0,
nm5313418,36,1.0,1,0.063959,
nm5315479,36,1.0,2,0.0,
nm5315559,36,1.0,1,0.0,
nm5316837,36,1.0,6,0.0,
nm5318271,36,1.0,2,0.070234,
nm5320953,36,1.0,2,0.0,
nm5323041,36,1.0,3,0.0,
nm5323888,36,1.0,0,0.0,
nm5324177,78,0.509804,10,0.0,
nm5324648,36,1.0,2,0.0,
nm5325732,120,0.369231,10,0.0,3.4e-05
nm5326515,36,1.0,3,0.0,
nm5327912,36,1.0,4,0.102773,
nm5328306,36,1.0,6,0.0,
nm5328540,36,1.0,5,0.0,
nm5329854,36,1.0,1,0.0,
nm5330264,36,1.0,3,0.0,
nm5331326,36,1.0,3,0.0,
nm5333609,36,1.0,1,0.0,
nm5333987,36,1.0,4,0.0,
nm5334078,36,1.0,6,0.0,
nm5334135,36,1.0,1,0.0,
nm5334542,36,1.0,2,0.0,
nm5338363,36,1.0,3,0.0,
nm5339142,36,1.0,2,0.080769,
nm5339596,36,1.0,6,0.0,
nm5339815,36,1.0,5,0.0,
nm5340409,36,1.0,1,0.0,
nm5342804,36,1.0,5,0.0,
nm5342958,36,1.0,4,0.0,
nm5342966,36,1.0,3,0.0,
nm5345373,36,1.0,1,0.0,
nm5346530,36,1.0,2,0.0,
nm5346772,36,1.0,5,0.116451,
nm5347988,36,1.0,4,0.0,
nm5348007,36,1.0,6,0.0,
nm5352114,36,1.0,4,0.0,
nm5352727,36,1.0,2,0.0,
nm5353990,36,1.0,7,0.0,
nm5354874,36,1.0,2,0.0,
nm5355171,36,1.0,4,0.0,
nm5355266,36,1.0,4,0.0,
nm5359536,36,1.0,1,0.066386,
nm5360556,36,1.0,3,0.0,
nm5361971,36,1.0,5,0.0,
nm5364548,77,0.503268,9,0.0,
nm5369429,36,1.0,4,0.120921,
nm5369439,36,1.0,1,0.0,
nm5372988,36,1.0,2,0.096183,
nm5373628,36,1.0,4,0.0,
nm5374530,36,1.0,5,0.0,
nm5375105,36,1.0,8,0.129897,
nm5377144,36,1.0,2,0.062253,
nm5377439,36,1.0,2,0.0,
nm5377726,36,1.0,3,0.0,
nm5378257,36,1.0,2,0.0,
nm5379183,72,0.470588,2,0.060519,
nm5379363,36,1.0,6,0.0,
nm5379785,36,1.0,4,0.0,
nm5381481,36,1.0,6,0.0,
nm5381501,36,1.0,8,0.0,
nm5381748,36,1.0,2,0.058605,
nm5383147,36,1.0,0,0.0,
nm5384297,36,1.0,4,0.0,
nm5387462,36,1.0,4,0.0,
nm5388287,36,1.0,5,0.0,
nm5388554,36,1.0,0,0.0,
nm5389665,36,1.0,2,0.068478,
nm5390068,36,1.0,1,0.0,
nm5390656,36,1.0,3,0.0,
nm5391503,36,1.0,3,0.0,
nm5391966,36,1.0,2,0.0,
nm5392151,36,1.0,4,0.0,
nm5392430,36,1.0,8,0.0,
nm5392910,36,1.0,4,0.058659,
nm5393346,36,1.0,4,0.083554,
nm5393378,36,1.0,1,0.0,
nm5394040,36,1.0,3,0.112299,
nm5394091,36,1.0,4,0.0,
nm5394209,36,1.0,9,0.0,
nm5394373,36,1.0,7,0.117318,
nm5394488,36,1.0,6,0.0,
nm5394892,36,1.0,1,0.0,
nm5395237,36,1.0,4,0.0,
nm5396089,36,1.0,8,0.0,
nm5396228,36,1.0,1,0.0,
nm5396259,36,1.0,3,0.0,
nm5396706,36,1.0,9,0.0,
nm5397345,36,1.0,8,0.0,
nm5397578,36,1.0,7,0.0,
nm5399017,36,1.0,0,0.0,
nm5400786,36,1.0,5,0.0,
nm5402278,36,1.0,2,0.0,
nm5403673,36,1.0,4,0.0,
nm5404487,36,1.0,1,0.0,
nm5404817,36,1.0,6,0.0,
nm5404830,36,1.0,4,0.0,
nm5405540,36,1.0,2,0.0,
nm5406209,36,1.0,6,0.0,
nm5406780,36,1.0,4,0.0,
nm5407537,36,1.0,3,0.0,
nm5408141,36,1.0,3,0.120921,
nm5408347,74,0.544118,9,0.0,
nm5408751,36,1.0,2,0.0,
nm5408984,74,0.48366,2,0.126506,
nm5410602,36,1.0,9,0.0,
nm5412668,36,1.0,1,0.0,
nm5413582,36,1.0,5,0.075179,
nm5414076,36,1.0,3,0.0,
nm5416450,36,1.0,4,0.0,
nm5416705,72,0.470588,4,0.0,
nm5416954,36,1.0,4,0.0,
nm5417081,36,1.0,5,0.0,
nm5418013,36,1.0,2,0.0,
nm5418157,72,0.529412,1,0.0,
nm5418927,36,1.0,2,0.0,
nm5420078,36,1.0,5,0.0,
nm5421394,106,0.458874,4,0.0,2e-06
nm5422245,36,1.0,4,0.118199,
nm5422415,36,1.0,6,0.115596,
nm5422862,36,1.0,5,0.106419,
nm5422980,36,1.0,8,0.0,
nm5423060,36,1.0,1,0.0,
nm5423311,36,1.0,4,0.0,
nm5423482,72,0.470588,3,0.115385,
nm5424487,36,1.0,1,0.0,
nm5425413,36,1.0,4,0.0,
nm5425933,36,1.0,0,0.0,
nm5426873,36,1.0,6,0.0,
nm5427630,36,1.0,4,0.0,
nm5427808,36,1.0,3,0.0,
nm5429373,36,1.0,3,0.0,
nm5431622,36,1.0,0,0.0,
nm5433705,36,1.0,4,0.114754,
nm5435959,36,1.0,2,0.0,
nm5437493,36,1.0,4,0.0,
nm5438354,36,1.0,3,0.0,
nm5438913,36,1.0,4,0.121154,
nm5439251,71,0.591667,6,0.0,
nm5439813,108,0.332308,5,0.108997,0.0
nm5440244,36,1.0,4,0.0,
nm5441117,36,1.0,0,0.0,
nm5443585,36,1.0,1,0.0,
nm5443734,36,1.0,3,0.0,
nm5444743,36,1.0,2,0.0,
nm5444787,36,1.0,6,0.121387,
nm5445304,36,1.0,3,0.0,
nm5445942,72,0.470588,5,0.0,
nm5447706,36,1.0,3,0.10311,
nm5448167,36,1.0,5,0.0,
nm5448327,36,1.0,5,0.103279,
nm5450554,36,1.0,4,0.065693,
nm5450663,36,1.0,2,0.087017,
nm5451410,36,1.0,0,0.0,
nm5451481,36,1.0,3,0.0,
nm5451541,36,1.0,4,0.0,
nm5451670,36,1.0,2,0.0,
nm5452098,36,1.0,1,0.0,
nm5453331,36,1.0,4,0.0,
nm5454124,36,1.0,2,0.0,
nm5454914,162,0.272269,8,0.0,6.8e-05
nm5456213,36,1.0,1,0.087866,
nm5456245,36,1.0,0,0.0,
nm5457207,36,1.0,7,0.0,
nm5457688,36,1.0,2,0.0,
nm5459220,36,1.0,1,0.0,
nm5460346,36,1.0,3,0.0,
nm5461020,36,1.0,4,0.0,
nm5462040,36,1.0,2,0.0,
nm5462166,36,1.0,6,0.0,
nm5462219,36,1.0,1,0.0,
nm5463002,36,1.0,2,0.0,
nm5464699,36,1.0,5,0.08129,
nm5465033,111,0.316239,9,0.0,4.5e-05
nm5465692,36,1.0,5,0.121387,
nm5467214,73,0.477124,7,0.110915,
nm5469167,82,0.535948,7,0.0,
nm5469309,36,1.0,3,0.0,
nm5469428,36,1.0,2,0.070866,
nm5469513,36,1.0,3,0.0,
nm5469652,36,1.0,7,0.0,
nm5469792,36,1.0,2,0.096626,
nm5470227,156,0.314516,10,0.0,5.7e-05
nm5471268,36,1.0,0,0.0,
nm5473537,36,1.0,0,0.0,
nm5474657,36,1.0,3,0.109185,
nm5474787,36,1.0,4,0.0,
nm5475083,72,0.470588,2,0.0,
nm5475638,36,1.0,3,0.0,
nm5475700,36,1.0,4,0.103618,
nm5476491,36,1.0,3,0.0,
nm5476563,36,1.0,7,0.0,
nm5477543,36,1.0,5,0.0,
nm5477572,36,1.0,4,0.0,
nm5477626,36,1.0,4,0.0,
nm5478103,36,1.0,2,0.0,
nm5478867,36,1.0,2,0.0,
nm5479043,36,1.0,4,0.0,
nm5479252,36,1.0,1,0.0,
nm5479385,36,1.0,4,0.0,
nm5479767,36,1.0,1,0.0,
nm5480083,36,1.0,0,0.0,
nm5480338,36,1.0,0,0.0,
nm5480560,36,1.0,2,0.098437,
nm5480894,36,1.0,4,0.0,
nm5481013,73,0.536765,4,0.0,
nm5482202,36,1.0,3,0.0,
nm5482973,36,1.0,0,0.0,
nm5483416,36,1.0,6,0.12069,
nm5484722,36,1.0,1,0.0,
nm5485172,36,1.0,2,0.0,
nm5485883,36,1.0,3,0.0,
nm5486523,36,1.0,6,0.0,
nm5487427,36,1.0,7,0.0,
nm5487541,36,1.0,3,0.0,
nm5489754,36,1.0,1,0.0,
nm5490494,36,1.0,2,0.0,
nm5490670,36,1.0,0,0.0,
nm5492721,36,1.0,2,0.0,
nm5493006,36,1.0,6,0.0,
nm5493599,36,1.0,2,0.0,
nm5493729,72,0.6,6,0.0,
nm5495474,36,1.0,2,0.0,
nm5495484,36,1.0,3,0.0,
nm5496605,36,1.0,4,0.068035,
nm5496702,36,1.0,6,0.0,
nm5496968,36,1.0,5,0.0,
nm5496985,36,1.0,4,0.0,
nm5497685,36,1.0,2,0.080051,
nm5498943,36,1.0,7,0.0,
nm5499780,36,1.0,1,0.115385,
nm5499902,36,1.0,6,0.0,
nm5500026,36,1.0,4,0.0,
nm5503026,36,1.0,3,0.0,
nm5503403,36,1.0,3,0.0,
nm5505169,36,1.0,2,0.0,
nm5505687,36,1.0,1,0.0,
nm5505813,36,1.0,6,0.117318,
nm5505932,36,1.0,1,0.0,
nm5506976,36,1.0,2,0.0,
nm5507072,36,1.0,4,0.0,
nm5508008,36,1.0,4,0.0,
nm5508157,36,1.0,3,0.086777,
nm5508168,36,1.0,4,0.0,
nm5508197,36,1.0,1,0.0,
nm5508230,36,1.0,1,0.0,
nm5508891,36,1.0,2,0.0,
nm5509020,36,1.0,7,0.0,
nm5509170,36,1.0,0,0.0,
nm5509636,36,1.0,7,0.0,
nm5510109,36,1.0,2,0.0,
nm5510319,36,1.0,1,0.0,
nm5512743,36,1.0,3,0.0,
nm5514564,36,1.0,0,0.0,
nm5516500,36,1.0,4,0.10311,
nm5517325,36,1.0,7,0.0,
nm5517890,36,1.0,1,0.0,
nm5518972,36,1.0,1,0.080873,
nm5519448,36,1.0,1,0.0,
nm5519788,36,1.0,6,0.0,
nm5520724,36,1.0,3,0.09417,
nm5521549,36,1.0,4,0.0,
nm5521949,36,1.0,5,0.0,
nm5522706,36,1.0,4,0.0,
nm5525382,36,1.0,2,0.0,
nm5527231,36,1.0,3,0.0,
nm5527375,36,1.0,6,0.0,
nm5527493,36,1.0,6,0.103448,
nm5528676,36,1.0,8,0.116236,
nm5531691,72,0.470588,5,0.109185,
nm5532140,36,1.0,2,0.054031,
nm5533667,36,1.0,4,0.0,
nm5534709,36,1.0,0,0.0,
nm5535093,36,1.0,3,0.0,
nm5540126,36,1.0,2,0.0,
nm5541953,36,1.0,4,0.109185,
nm5542067,36,1.0,0,0.0,
nm5544006,36,1.0,3,0.0,
nm5544029,36,1.0,5,0.0,
nm5545145,36,1.0,5,0.0,
nm5546239,36,1.0,2,0.0,
nm5547533,36,1.0,3,0.0,
nm5548677,36,1.0,3,0.0,
nm5549451,36,1.0,2,0.0,
nm5550060,36,1.0,7,0.0,
nm5550986,36,1.0,4,0.0,
nm5551467,36,1.0,7,0.0,
nm5551641,36,1.0,3,0.0,
nm5551642,196,0.19798,10,0.0,8.3e-05
nm5551688,36,1.0,7,0.0,
nm5551753,36,1.0,8,0.0,
nm5551759,73,0.477124,7,0.0,
nm5551869,36,1.0,9,0.0,
nm5551912,36,1.0,6,0.0,
nm5552796,36,1.0,7,0.0,
nm5553272,36,1.0,2,0.0,
nm5553616,36,1.0,5,0.0,
nm5555747,36,1.0,1,0.062812,
nm5558344,36,1.0,1,0.0,
nm5559566,36,1.0,5,0.0,
nm5559835,36,1.0,6,0.0,
nm5560278,36,1.0,4,0.0,
nm5560389,36,1.0,4,0.0,
nm5560964,36,1.0,5,0.0,
nm5561805,36,1.0,5,0.0,
nm5561908,109,0.310541,2,0.114338,0.000178
nm5561970,36,1.0,2,0.0,
nm5562206,36,1.0,3,0.0,
nm5563403,36,1.0,1,0.0,
nm5563698,36,1.0,2,0.0,
nm5565166,36,1.0,3,0.0,
nm5566667,36,1.0,1,0.0,
nm5567030,36,1.0,3,0.0,
nm5567367,36,1.0,3,0.0,
nm5567368,36,1.0,2,0.0,
nm5568030,36,1.0,1,0.0,
nm5568287,36,1.0,0,0.0,
nm5569044,36,1.0,1,0.0,
nm5570157,36,1.0,4,0.0,
nm5570957,36,1.0,2,0.0,
nm5572919,36,1.0,1,0.0,
nm5572999,36,1.0,2,0.0,
nm5573198,36,1.0,0,0.0,
nm5573352,36,1.0,5,0.115596,
nm5574325,36,1.0,2,0.0,
nm5574410,36,1.0,1,0.0,
nm5575653,36,1.0,0,0.0,
nm5576933,36,1.0,8,0.0,
nm5576978,36,1.0,4,0.0,
nm5577677,36,1.0,2,0.0,
nm5579794,36,1.0,4,0.0,
nm5580013,36,1.0,7,0.0,
nm5580089,36,1.0,6,0.0,
nm5580438,36,1.0,6,0.0,
nm5580968,36,1.0,1,0.0,
nm5582452,36,1.0,5,0.0,
nm5584344,72,0.470588,2,0.093058,
nm5584750,36,1.0,3,0.0,
nm5584853,72,0.6,5,0.119093,
nm5585713,36,1.0,5,0.0,
nm5586767,36,1.0,2,0.0,
nm5588633,36,1.0,2,0.0,
nm5590630,36,1.0,3,0.0,
nm5592042,36,1.0,5,0.0,
nm5592330,36,1.0,0,0.0,
nm5592806,36,1.0,5,0.0,
nm5593270,36,1.0,6,0.116667,
nm5594794,119,0.339031,9,0.0,4.9e-05
nm5595667,36,1.0,3,0.0,
nm5596939,36,1.0,1,0.0,
nm5598225,36,1.0,0,0.0,
nm5599447,36,1.0,1,0.0,
nm5600881,36,1.0,2,0.0,
nm5601857,36,1.0,4,0.0,
nm5601894,36,1.0,2,0.0,
nm5603981,36,1.0,2,0.109185,
nm5604363,36,1.0,2,0.0,
nm5604534,36,1.0,2,0.0,
nm5606446,36,1.0,2,0.0,
nm5608098,36,1.0,2,0.0,
nm5610356,36,1.0,5,0.0,
nm5612845,36,1.0,0,0.0,
nm5612941,36,1.0,2,0.0,
nm5613530,36,1.0,2,0.0,
nm5613974,72,0.470588,1,0.082677,
nm5615167,36,1.0,6,0.12831,
nm5617255,36,1.0,0,0.0,
nm5618577,36,1.0,4,0.0,
nm5618931,36,1.0,0,0.0,
nm5619822,36,1.0,4,0.0,
nm5620042,36,1.0,5,0.0,
nm5620807,72,0.470588,4,0.0,
nm5621805,36,1.0,3,0.0,
nm5623923,36,1.0,4,0.112701,
nm5626108,36,1.0,4,0.0,
nm5626208,36,1.0,2,0.0,
nm5626435,36,1.0,5,0.12831,
nm5626898,36,1.0,0,0.0,
nm5627980,36,1.0,4,0.0,
nm5628004,36,1.0,4,0.0,
nm5628646,36,1.0,0,0.0,
nm5630090,36,1.0,2,0.0,
nm5630118,36,1.0,5,0.0,
nm5630743,36,1.0,1,0.0,
nm5631118,36,1.0,4,0.0,
nm5632381,36,1.0,4,0.0,
nm5632624,36,1.0,1,0.0,
nm5632727,36,1.0,5,0.060345,
nm5633565,36,1.0,2,0.0,
nm5635254,152,0.287879,4,0.0,4e-06
nm5636087,36,1.0,6,0.0,
nm5636479,36,1.0,3,0.0,
nm5636913,36,1.0,0,0.0,
nm5637317,111,0.316239,8,0.13125,0.005318
nm5637334,36,1.0,3,0.0,
nm5638922,36,1.0,2,0.0,
nm5640489,36,1.0,3,0.0,
nm5640720,36,1.0,5,0.0,
nm5640962,36,1.0,5,0.0,
nm5642132,36,1.0,4,0.0,
nm5643341,36,1.0,0,0.0,
nm5644335,36,1.0,4,0.106599,
nm5644630,36,1.0,0,0.0,
nm5644789,36,1.0,2,0.0,
nm5645633,36,1.0,5,0.095745,
nm5647594,36,1.0,5,0.0,
nm5649428,72,0.529412,6,0.082245,
nm5650535,36,1.0,1,0.0,
nm5652097,72,0.470588,4,0.0,
nm5652916,36,1.0,2,0.0,
nm5653715,36,1.0,5,0.0,
nm5654277,36,1.0,6,0.122568,
nm5654296,36,1.0,2,0.0,
nm5657066,36,1.0,6,0.111111,
nm5657405,36,1.0,3,0.0,
nm5659567,36,1.0,5,0.101286,
nm5660414,36,1.0,2,0.0,
nm5660559,36,1.0,3,0.0,
nm5661080,36,1.0,1,0.0,
nm5661084,36,1.0,5,0.0,
nm5661500,69,0.657143,2,0.0,
nm5662522,36,1.0,6,0.0,
nm5662804,36,1.0,8,0.0,
nm5663569,36,1.0,1,0.0,
nm5664029,36,1.0,3,0.0,
nm5664413,109,0.335385,1,0.0,4e-06
nm5664543,74,0.48366,10,0.0,
nm5665666,36,1.0,1,0.0,
nm5665829,36,1.0,5,0.0,
nm5666452,74,0.48366,6,0.0,
nm5666515,36,1.0,6,0.0,
nm5667034,36,1.0,1,0.0,
nm5667822,110,0.398551,3,0.0,1.1e-05
nm5668523,36,1.0,5,0.0,
nm5668720,36,1.0,4,0.0,
nm5668913,36,1.0,1,0.0,
nm5669149,36,1.0,4,0.0,
nm5670518,36,1.0,4,0.0,
nm5671152,36,1.0,5,0.0,
nm5672421,36,1.0,4,0.081186,
nm5672764,36,1.0,5,0.110526,
nm5672892,36,1.0,6,0.0,
nm5673467,36,1.0,3,0.0,
nm5674124,36,1.0,0,0.0,
nm5674223,36,1.0,2,0.0,
nm5674479,36,1.0,2,0.0,
nm5675846,76,0.496732,10,0.0,
nm5675978,36,1.0,5,0.111111,
nm5676210,36,1.0,7,0.0,
nm5676276,36,1.0,0,0.087866,
nm5676658,36,1.0,5,0.116451,
nm5676682,36,1.0,4,0.0,
nm5677120,36,1.0,0,0.0,
nm5677494,36,1.0,2,0.0,
nm5678135,36,1.0,1,0.0,
nm5678452,36,1.0,5,0.0,
nm5678481,36,1.0,2,0.0,
nm5678623,36,1.0,5,0.0,
nm5679766,113,0.40942,7,0.0,1e-05
nm5680219,36,1.0,3,0.0,
nm5680528,36,1.0,7,0.0,
nm5680617,36,1.0,2,0.0,
nm5680859,36,1.0,2,0.0,
nm5681306,36,1.0,1,0.06409,
nm5682314,36,1.0,5,0.077111,
nm5683792,36,1.0,3,0.0,
nm5683997,72,0.470588,10,0.0,
nm5684012,36,1.0,4,0.0,
nm5684117,36,1.0,3,0.0,
nm5684356,36,1.0,2,0.0,
nm5684629,36,1.0,2,0.0,
nm5685205,36,1.0,1,0.0,
nm5686215,36,1.0,6,0.117318,
nm5687599,36,1.0,1,0.0,
nm5687735,36,1.0,6,0.0,
nm5688044,36,1.0,5,0.0,
nm5688481,36,1.0,1,0.0,
nm5688777,36,1.0,1,0.0,
nm5689396,36,1.0,5,0.0,
nm5689702,36,1.0,6,0.0,
nm5690899,36,1.0,1,0.0,
nm5691453,36,1.0,0,0.0,
nm5691908,36,1.0,0,0.0,
nm5692465,36,1.0,2,0.0,
nm5694847,36,1.0,5,0.0,
nm5696471,36,1.0,4,0.0,
nm5697385,36,1.0,1,0.0,
nm5697682,147,0.233333,2,0.112299,0.001591
nm5698254,36,1.0,3,0.0,
nm5698478,36,1.0,3,0.0,
nm5699800,36,1.0,8,0.114754,
nm5699931,36,1.0,1,0.0,
nm5700622,36,1.0,5,0.0,
nm5701195,36,1.0,3,0.0,
nm5702703,36,1.0,3,0.0,
nm5704026,36,1.0,2,0.106239,
nm5704615,73,0.536765,3,0.113718,
nm5705131,36,1.0,1,0.0,
nm5706132,36,1.0,5,0.107692,
nm5706358,36,1.0,1,0.0,
nm5706761,36,1.0,6,0.0,
nm5707384,36,1.0,5,0.0,
nm5708573,36,1.0,1,0.0,
nm5708793,36,1.0,7,0.0,
nm5709236,36,1.0,2,0.0,
nm5710414,36,1.0,3,0.0,
nm5711973,36,1.0,6,0.0,
nm5712019,72,0.470588,7,0.0,
nm5712436,73,0.608333,6,0.0,
nm5713187,36,1.0,2,0.0,
nm5713957,36,1.0,4,0.0,
nm5714824,36,1.0,2,0.0,
nm5715289,36,1.0,3,0.0,
nm5720977,36,1.0,2,0.0,
nm5721783,36,1.0,7,0.0,
nm5723361,36,1.0,6,0.0,
nm5723588,36,1.0,5,0.0,
nm5723704,36,1.0,4,0.0,
nm5724419,36,1.0,3,0.0,
nm5724719,108,0.332308,4,0.126761,0.001149
nm5724877,36,1.0,2,0.0,
nm5725027,36,1.0,0,0.0,
nm5725580,36,1.0,3,0.0,
nm5725935,36,1.0,2,0.0,
nm5726317,36,1.0,4,0.0,
nm5726457,36,1.0,0,0.0,
nm5726472,36,1.0,4,0.0,
nm5727890,36,1.0,0,0.0,
nm5728582,36,1.0,4,0.0,
nm5729867,177,0.406897,8,0.0,7e-06
nm5730006,36,1.0,2,0.0,
nm5730865,36,1.0,4,0.0,
nm5732482,36,1.0,5,0.0,
nm5732876,36,1.0,3,0.106419,
nm5733634,36,1.0,3,0.0,
nm5735360,36,1.0,1,0.0,
nm5736198,36,1.0,3,0.109185,
nm5736426,36,1.0,2,0.109185,
nm5736441,36,1.0,4,0.116451,
nm5736544,36,1.0,5,0.076364,
nm5737328,36,1.0,1,0.0,
nm5738000,36,1.0,6,0.0,
nm5739369,36,1.0,3,0.0,
nm5739768,36,1.0,6,0.0,
nm5739770,36,1.0,5,0.0,
nm5739775,36,1.0,4,0.0,
nm5740344,36,1.0,2,0.0,
nm5742112,36,1.0,1,0.0,
nm5743642,36,1.0,5,0.0,
nm5744563,36,1.0,7,0.105528,
nm5744564,112,0.344615,8,0.133192,0.001042
nm5744645,36,1.0,4,0.0,
nm5745476,36,1.0,0,0.0,
nm5747554,36,1.0,0,0.0,
nm5748347,36,1.0,3,0.0,
nm5751695,36,1.0,1,0.0,
nm5751952,36,1.0,5,0.0,
nm5753377,36,1.0,4,0.0,
nm5754203,36,1.0,7,0.114754,
nm5754694,36,1.0,6,0.0,
nm5755903,36,1.0,0,0.0,
nm5756788,36,1.0,5,0.0,
nm5756906,72,0.470588,3,0.066107,
nm5757621,36,1.0,0,0.0,
nm5760167,36,1.0,4,0.0,
nm5761414,36,1.0,3,0.0,
nm5763330,36,1.0,5,0.0,
nm5763862,36,1.0,2,0.0,
nm5764181,36,1.0,5,0.0,
nm5764657,36,1.0,5,0.0,
nm5766822,36,1.0,1,0.0,
nm5767201,36,1.0,1,0.0,
nm5767655,36,1.0,4,0.0,
nm5768334,36,1.0,6,0.0,
nm5769726,72,0.470588,1,0.0,
nm5770597,36,1.0,7,0.0,
nm5771748,36,1.0,6,0.0,
nm5773448,36,1.0,3,0.055507,
nm5775182,36,1.0,3,0.0,
nm5776452,36,1.0,0,0.0,
nm5776647,36,1.0,3,0.0,
nm5777955,72,0.470588,4,0.0,
nm5779603,36,1.0,7,0.107325,
nm5780243,36,1.0,0,0.0,
nm5780443,36,1.0,3,0.0,
nm5780537,36,1.0,6,0.0,
nm5780539,36,1.0,5,0.0,
nm5781340,36,1.0,4,0.0,
nm5781348,36,1.0,1,0.0,
nm5781475,36,1.0,5,0.0,
nm5782660,36,1.0,3,0.071591,
nm5782889,145,0.230159,6,0.136069,0.001659
nm5783517,36,1.0,5,0.0,
nm5785085,36,1.0,1,0.0,
nm5788570,36,1.0,5,0.0,
nm5794167,36,1.0,6,0.100639,
nm5794253,36,1.0,5,0.0,
nm5794898,72,0.470588,1,0.107325,
nm5795025,36,1.0,0,0.0,
nm5795194,36,1.0,5,0.0,
nm5795914,36,1.0,5,0.0,
nm5795985,36,1.0,3,0.0,
nm5796361,72,0.529412,4,0.124752,
nm5796586,36,1.0,3,0.0,
nm5798583,36,1.0,4,0.0,
nm5798585,197,0.228804,3,0.0,2.8e-05
nm5798596,36,1.0,4,0.0,
nm5799334,36,1.0,1,0.0,
nm5799954,36,1.0,3,0.0,
nm5799983,36,1.0,3,0.073171,
nm5800073,36,1.0,4,0.107692,
nm5800241,36,1.0,1,0.0,
nm5800422,36,1.0,2,0.0,
nm5800711,36,1.0,1,0.0,
nm5800997,36,1.0,0,0.0,
nm5801305,36,1.0,3,0.062253,
nm5802426,36,1.0,5,0.0,
nm5803605,36,1.0,4,0.0,
nm5803981,36,1.0,1,0.070234,
nm5804621,36,1.0,2,0.0,
nm5804705,36,1.0,3,0.103618,
nm5806210,36,1.0,3,0.0,
nm5807637,36,1.0,1,0.0,
nm5809739,36,1.0,4,0.0,
nm5810585,36,1.0,3,0.0,
nm5812395,36,1.0,3,0.0,
nm5812965,36,1.0,4,0.0,
nm5813847,36,1.0,4,0.0,
nm5816494,36,1.0,2,0.0,
nm5816550,36,1.0,4,0.0,
nm5816610,36,1.0,2,0.0,
nm5816841,36,1.0,3,0.087137,
nm5822568,36,1.0,2,0.0,
nm5824850,36,1.0,6,0.0,
nm5824855,36,1.0,5,0.0,
nm5825028,36,1.0,2,0.0,
nm5825055,264,0.199095,5,0.0,0.000176
nm5826668,36,1.0,2,0.0,
nm5828184,72,0.470588,5,0.0,
nm5828513,72,0.470588,1,0.0,
nm5828516,36,1.0,5,0.082677,
nm5829633,36,1.0,2,0.0,
nm5831457,36,1.0,5,0.0,
nm5834167,36,1.0,2,0.0,
nm5834839,36,1.0,4,0.0,
nm5835716,36,1.0,4,0.0,
nm5837322,36,1.0,4,0.0,
nm5839529,36,1.0,2,0.0,
nm5840032,36,1.0,3,0.0,
nm5840062,36,1.0,3,0.0,
nm5840380,36,1.0,7,0.0,
nm5842180,36,1.0,2,0.081081,
nm5842571,36,1.0,1,0.046667,
nm5844615,36,1.0,6,0.0,
nm5845367,85,0.625,3,0.0,
nm5846801,36,1.0,2,0.0,
nm5848246,36,1.0,3,0.0,
nm5850563,36,1.0,0,0.0,
nm5851110,36,1.0,1,0.0,
nm5851871,36,1.0,3,0.0,
nm5852404,36,1.0,6,0.114754,
nm5852449,73,0.477124,8,0.125,
nm5852607,36,1.0,2,0.0,
nm5854664,36,1.0,1,0.0,
nm5854680,36,1.0,5,0.0,
nm5856619,36,1.0,1,0.0,
nm5856624,36,1.0,0,0.0,
nm5856898,36,1.0,3,0.116236,
nm5856929,36,1.0,4,0.0,
nm5858716,36,1.0,0,0.0,
nm5859418,36,1.0,6,0.105528,
nm5860022,36,1.0,1,0.0,
nm5860871,36,1.0,3,0.0,
nm5862036,36,1.0,3,0.0,
nm5862210,36,1.0,4,0.060519,
nm5862455,109,0.310541,3,0.0,0.000636
nm5862925,36,1.0,5,0.0,
nm5866590,36,1.0,5,0.0,
nm5869788,36,1.0,5,0.0,
nm5871653,36,1.0,1,0.0,
nm5871788,36,1.0,4,0.0,
nm5873274,36,1.0,1,0.0,
nm5873655,36,1.0,5,0.0,
nm5873750,36,1.0,1,0.0,
nm5876095,36,1.0,6,0.0,
nm5876117,36,1.0,3,0.0,
nm5876585,72,0.470588,1,0.0,
nm5877625,36,1.0,3,0.118644,
nm5878003,36,1.0,1,0.0,
nm5878208,36,1.0,2,0.0,
nm5879789,36,1.0,4,0.0,
nm5880134,36,1.0,1,0.0,
nm5880181,36,1.0,5,0.116236,
nm5884537,36,1.0,2,0.0,
nm5884959,36,1.0,2,0.0,
nm5885804,36,1.0,3,0.0,
nm5887272,36,1.0,5,0.0,
nm5887884,36,1.0,5,0.0,
nm5888489,36,1.0,4,0.0,
nm5890145,72,0.470588,2,0.0,
nm5890167,36,1.0,3,0.0,
nm5890975,36,1.0,4,0.116236,
nm5891034,36,1.0,3,0.109565,
nm5892734,36,1.0,5,0.095455,
nm5893121,36,1.0,0,0.0,
nm5893186,36,1.0,2,0.0,
nm5895653,36,1.0,4,0.0,
nm5895749,74,0.48366,2,0.0,
nm5896355,72,0.470588,1,0.0,
nm5896360,36,1.0,3,0.0,
nm5898064,36,1.0,5,0.0,
nm5898124,36,1.0,2,0.0,
nm5899132,36,1.0,5,0.0,
nm5899205,36,1.0,2,0.0,
nm5902207,36,1.0,2,0.0,
nm5903106,36,1.0,4,0.0,
nm5906570,36,1.0,3,0.104132,
nm5907440,36,1.0,3,0.0,
nm5907963,36,1.0,1,0.0,
nm5908641,72,0.470588,1,0.0,
nm5908646,36,1.0,8,0.0,
nm5911796,36,1.0,6,0.0,
nm5912310,36,1.0,8,0.118868,
nm5912470,36,1.0,1,0.0,
nm5912759,36,1.0,2,0.0,
nm5913350,36,1.0,7,0.0,
nm5913352,36,1.0,6,0.0,
nm5913363,36,1.0,5,0.0,
nm5913384,36,1.0,4,0.0,
nm5913510,36,1.0,0,0.0,
nm5913864,36,1.0,1,0.0,
nm5916186,36,1.0,8,0.0,
nm5916265,36,1.0,4,0.0,
nm5917057,36,1.0,6,0.0,
nm5917283,76,0.496732,9,0.0,
nm5917286,36,1.0,7,0.0,
nm5917503,36,1.0,5,0.12069,
nm5920263,36,1.0,3,0.0,
nm5920943,36,1.0,2,0.0,
nm5921321,151,0.285985,9,0.0,2.7e-05
nm5921534,36,1.0,3,0.0,
nm5922816,36,1.0,6,0.0,
nm5923411,36,1.0,1,0.0,
nm5923940,36,1.0,5,0.105528,
nm5924413,36,1.0,1,0.0,
nm5926117,36,1.0,4,0.0,
nm5928144,36,1.0,1,0.0,
nm5928473,36,1.0,3,0.0,
nm5929303,36,1.0,3,0.0,
nm5929736,36,1.0,6,0.0,
nm5931026,36,1.0,2,0.0,
nm5931659,36,1.0,3,0.107692,
nm5932580,36,1.0,2,0.110915,
nm5934434,36,1.0,2,0.0,
nm5935181,36,1.0,4,0.0,
nm5937180,36,1.0,3,0.0,
nm5937264,36,1.0,2,0.0,
nm5937266,36,1.0,1,0.0,
nm5937268,36,1.0,0,0.0,
nm5938562,36,1.0,2,0.077111,
nm5939078,36,1.0,0,0.0,
nm5939214,36,1.0,5,0.116667,
nm5942695,36,1.0,3,0.0,
nm5943779,36,1.0,6,0.0,
nm5944786,36,1.0,7,0.0,
nm5946083,36,1.0,5,0.0,
nm5946358,36,1.0,4,0.0,
nm5946818,36,1.0,3,0.058659,
nm5947149,36,1.0,1,0.0,
nm5947724,36,1.0,3,0.110333,
nm5949710,36,1.0,0,0.0,
nm5950025,36,1.0,0,0.0,
nm5952104,36,1.0,0,0.0,
nm5953363,36,1.0,0,0.0,
nm5954280,36,1.0,2,0.0,
nm5954287,36,1.0,3,0.057117,
nm5955447,36,1.0,7,0.0,
nm5955452,36,1.0,6,0.0,
nm5956330,36,1.0,4,0.0,
nm5956683,36,1.0,3,0.0,
nm5957931,36,1.0,1,0.0,
nm5958776,36,1.0,4,0.0,
nm5959033,36,1.0,5,0.0,
nm5959182,36,1.0,3,0.0,
nm5959275,36,1.0,0,0.0,
nm5959433,36,1.0,3,0.0,
nm5959910,36,1.0,2,0.087137,
nm5960947,36,1.0,5,0.0,
nm5960961,36,1.0,1,0.0,
nm5961385,36,1.0,2,0.0,
nm5964365,73,0.477124,5,0.0,
nm5965177,36,1.0,0,0.0,
nm5965215,36,1.0,7,0.0,
nm5966309,36,1.0,6,0.0,
nm5966739,36,1.0,3,0.0,
nm5967723,36,1.0,0,0.0,
nm5968967,36,1.0,5,0.0,
nm5969644,36,1.0,2,0.0,
nm5972266,36,1.0,3,0.0,
nm5974195,36,1.0,4,0.116022,
nm5976210,36,1.0,1,0.0,
nm5977008,36,1.0,3,0.0,
nm5977088,36,1.0,2,0.0,
nm5977236,36,1.0,2,0.110333,
nm5978201,36,1.0,3,0.0,
nm5978967,36,1.0,1,0.0,
nm5979896,36,1.0,3,0.0,
nm5980496,36,1.0,5,0.108808,
nm5980942,36,1.0,4,0.0,
nm5981994,36,1.0,1,0.0,
nm5983008,36,1.0,3,0.0,
nm5983291,36,1.0,3,0.0,
nm5985010,36,1.0,2,0.0,
nm5987639,36,1.0,2,0.0,
nm5987973,36,1.0,3,0.0,
nm5988617,36,1.0,2,0.0,
nm5989234,36,1.0,2,0.0,
nm5992648,36,1.0,4,0.103279,
nm5994098,36,1.0,5,0.0,
nm5994234,36,1.0,1,0.0,
nm5995222,36,1.0,1,0.0,
nm5995708,36,1.0,1,0.0,
nm5996483,36,1.0,0,0.0,
nm5996755,36,1.0,1,0.0,
nm5996757,36,1.0,5,0.0,
nm5998289,36,1.0,3,0.0,
nm6001212,36,1.0,0,0.0,
nm6001320,36,1.0,4,0.0,
nm6002483,36,1.0,5,0.0,
nm6003405,36,1.0,3,0.0,
nm6003956,36,1.0,5,0.095455,
nm6004699,36,1.0,3,0.0,
nm6005290,36,1.0,1,0.0,
nm6006183,36,1.0,1,0.0,
nm6009489,36,1.0,4,0.100478,
nm6009491,36,1.0,3,0.100478,
nm6009683,36,1.0,3,0.0,
nm6009711,36,1.0,3,0.0,
nm6010052,36,1.0,3,0.0,
nm6010224,36,1.0,4,0.0,
nm6011424,36,1.0,5,0.0,
nm6012247,36,1.0,2,0.0,
nm6012805,36,1.0,4,0.0,
nm6012914,36,1.0,3,0.0,
nm6013186,36,1.0,4,0.0,
nm6013757,36,1.0,3,0.0,
nm6014077,36,1.0,3,0.0,
nm6016389,36,1.0,3,0.0,
nm6016644,36,1.0,1,0.066808,
nm6018529,36,1.0,2,0.0,
nm6019782,74,0.48366,9,0.0,
nm6020570,36,1.0,4,0.076364,
nm6021307,36,1.0,1,0.0,
nm6021761,36,1.0,1,0.0,
nm6025378,36,1.0,5,0.0,
nm6025867,36,1.0,3,0.0,
nm6026593,36,1.0,4,0.101286,
nm6030090,36,1.0,2,0.0,
nm6030368,36,1.0,4,0.0,
nm6030469,36,1.0,6,0.123529,
nm6030704,36,1.0,3,0.096183,
nm6037662,36,1.0,3,0.106599,
nm6038328,36,1.0,2,0.0,
nm6038392,36,1.0,2,0.0,
nm6039993,36,1.0,1,0.0,
nm6040011,36,1.0,6,0.0,
nm6040987,36,1.0,5,0.0,
nm6041418,36,1.0,1,0.0,
nm6041424,36,1.0,2,0.0,
nm6044626,36,1.0,5,0.0,
nm6044679,36,1.0,5,0.0,
nm6045109,36,1.0,4,0.0,
nm6045967,36,1.0,3,0.0,
nm6046107,36,1.0,1,0.0,
nm6047778,36,1.0,2,0.0,
nm6049034,36,1.0,5,0.0,
nm6049570,36,1.0,3,0.0,
nm6050501,36,1.0,3,0.0,
nm6051579,36,1.0,5,0.0,
nm6053072,36,1.0,0,0.0,
nm6053142,36,1.0,0,0.0,
nm6054919,36,1.0,3,0.0,
nm6054979,36,1.0,3,0.0,
nm6055225,36,1.0,4,0.0,
nm6055227,36,1.0,3,0.0,
nm6055639,36,1.0,3,0.0,
nm6056340,36,1.0,3,0.0,
nm6058648,36,1.0,4,0.0,
nm6060299,36,1.0,2,0.0,
nm6060417,36,1.0,8,0.0,
nm6061529,36,1.0,0,0.0,
nm6061913,36,1.0,4,0.0,
nm6062528,36,1.0,4,0.0,
nm6063058,36,1.0,4,0.0,
nm6065245,36,1.0,0,0.0,
nm6066731,36,1.0,5,0.117318,
nm6066983,36,1.0,5,0.0,
nm6068682,36,1.0,7,0.0,
nm6069517,36,1.0,3,0.0,
nm6071546,36,1.0,0,0.0,
nm6072674,36,1.0,2,0.121387,
nm6073523,36,1.0,4,0.0,
nm6074326,36,1.0,2,0.058769,
nm6074904,36,1.0,4,0.0,
nm6076273,36,1.0,3,0.0,
nm6076321,36,1.0,3,0.06833,
nm6076950,36,1.0,4,0.0,
nm6079303,36,1.0,6,0.0,
nm6084330,36,1.0,2,0.0,
nm6085680,36,1.0,3,0.0,
nm6086396,36,1.0,1,0.0,
nm6088065,36,1.0,3,0.0,
nm6088477,36,1.0,3,0.0,
nm6089206,36,1.0,3,0.0,
nm6093723,36,1.0,3,0.0,
nm6097274,36,1.0,5,0.0,
nm6098343,36,1.0,3,0.083554,
nm6098361,75,0.551471,7,0.12233,
nm6100884,36,1.0,1,0.0,
nm6101559,36,1.0,3,0.0,
nm6102909,36,1.0,5,0.082245,
nm6103501,36,1.0,6,0.0,
nm6105283,36,1.0,1,0.058605,
nm6106368,36,1.0,6,0.111307,
nm6107525,36,1.0,3,0.0,
nm6111186,36,1.0,4,0.0,
nm6112124,36,1.0,2,0.0,
nm6112290,36,1.0,2,0.0,
nm6115335,36,1.0,5,0.0,
nm6116954,36,1.0,5,0.121857,
nm6117094,36,1.0,1,0.0,
nm6117651,36,1.0,2,0.0,
nm6117670,36,1.0,3,0.100478,
nm6119056,36,1.0,2,0.0,
nm6119388,36,1.0,1,0.0,
nm6120753,36,1.0,4,0.096923,
nm6120787,36,1.0,1,0.109185,
nm6122015,36,1.0,6,0.0,
nm6122132,36,1.0,2,0.0,
nm6124827,36,1.0,2,0.0,
nm6124828,36,1.0,6,0.0,
nm6126186,36,1.0,3,0.0,
nm6128366,36,1.0,1,0.0,
nm6128958,36,1.0,2,0.0,
nm6130976,36,1.0,4,0.0,
nm6130977,36,1.0,3,0.0,
nm6131003,36,1.0,1,0.0,
nm6133722,36,1.0,1,0.0,
nm6133756,36,1.0,2,0.0,
nm6134388,36,1.0,2,0.0,
nm6136290,36,1.0,5,0.0,
nm6137028,36,1.0,4,0.0,
nm6137761,72,0.470588,3,0.0,
nm6138923,36,1.0,5,0.0,
nm6142895,36,1.0,4,0.113514,
nm6143310,36,1.0,7,0.0,
nm6143750,36,1.0,0,0.0,
nm6145378,36,1.0,1,0.0,
nm6145633,36,1.0,6,0.0,
nm6146135,36,1.0,3,0.0,
nm6146828,36,1.0,9,0.0,
nm6147743,36,1.0,3,0.0,
nm6150259,36,1.0,4,0.065489,
nm6150808,36,1.0,5,0.0,
nm6151985,36,1.0,1,0.0,
nm6153349,36,1.0,5,0.0,
nm6153649,36,1.0,3,0.065693,
nm6153878,36,1.0,4,0.08129,
nm6154954,36,1.0,4,0.0,
nm6154971,36,1.0,0,0.0,
nm6157473,36,1.0,1,0.0,
nm6158289,36,1.0,0,0.0,
nm6160361,36,1.0,6,0.0,
nm6160575,36,1.0,1,0.086538,
nm6160653,36,1.0,8,0.0,
nm6161516,36,1.0,2,0.066316,
nm6161588,36,1.0,2,0.088112,
nm6162988,36,1.0,1,0.0,
nm6164859,36,1.0,5,0.0,
nm6165038,36,1.0,4,0.103279,
nm6165808,36,1.0,3,0.0,
nm6166719,36,1.0,4,0.095745,
nm6166940,36,1.0,4,0.0,
nm6166963,36,1.0,2,0.0,
nm6170168,36,1.0,2,0.086538,
nm6170424,72,0.470588,4,0.0,
nm6170452,36,1.0,3,0.0,
nm6170557,36,1.0,7,0.0,
nm6172403,36,1.0,1,0.0,
nm6175307,36,1.0,3,0.0,
nm6176024,36,1.0,2,0.0,
nm6178538,36,1.0,4,0.0,
nm6178628,36,1.0,4,0.108434,
nm6181975,36,1.0,3,0.0,
nm6183421,36,1.0,3,0.0,
nm6184064,36,1.0,4,0.0,
nm6185414,36,1.0,4,0.0,
nm6185683,36,1.0,2,0.0,
nm6186358,36,1.0,6,0.0,
nm6186834,36,1.0,0,0.0,
nm6186854,36,1.0,3,0.116236,
nm6192873,36,1.0,4,0.104132,
nm6193437,36,1.0,6,0.0,
nm6194268,36,1.0,1,0.0,
nm6194565,71,0.591667,3,0.0,
nm6194567,36,1.0,7,0.0,
nm6194569,36,1.0,6,0.0,
nm6194570,36,1.0,5,0.0,
nm6194571,36,1.0,4,0.0,
nm6194573,36,1.0,3,0.0,
nm6194795,36,1.0,1,0.0,
nm6195386,36,1.0,0,0.0,
nm6195492,36,1.0,3,0.0,
nm6195774,36,1.0,3,0.0,
nm6195775,36,1.0,3,0.0,
nm6196159,36,1.0,5,0.0,
nm6196351,36,1.0,2,0.0,
nm6198257,36,1.0,6,0.0,
nm6198519,36,1.0,2,0.0,
nm6199057,36,1.0,3,0.0,
nm6199186,36,1.0,1,0.0,
nm6199208,36,1.0,3,0.098592,
nm6199570,36,1.0,2,0.0,
nm6203022,36,1.0,1,0.0,
nm6203023,36,1.0,2,0.0,
nm6205689,36,1.0,4,0.0,
nm6205905,36,1.0,4,0.0,
nm6208402,36,1.0,2,0.0,
nm6209398,36,1.0,6,0.117978,
nm6210009,36,1.0,0,0.0,
nm6210994,72,0.470588,4,0.0,
nm6212505,36,1.0,4,0.0,
nm6213877,151,0.239683,2,0.124016,0.001129
nm6213948,36,1.0,3,0.116883,
nm6216001,36,1.0,0,0.0,
nm6216421,36,1.0,6,0.0,
nm6216593,36,1.0,2,0.0,
nm6218754,72,0.470588,4,0.0,
nm6219447,36,1.0,4,0.100159,
nm6221158,36,1.0,2,0.058659,
nm6223779,36,1.0,7,0.0,
nm6224176,36,1.0,3,0.0,
nm6224597,36,1.0,3,0.104305,
nm6225250,161,0.370115,1,0.0,0.0
nm6225252,36,1.0,5,0.0,
nm6226543,36,1.0,5,0.0,
nm6228292,36,1.0,5,0.0,
nm6229730,75,0.551471,9,0.0,
nm6229731,36,1.0,7,0.0,
nm6229747,115,0.416667,9,0.0,9e-06
nm6229748,36,1.0,7,0.0,
nm6229773,81,0.529412,6,0.0,
nm6229968,36,1.0,4,0.116667,
nm6230615,36,1.0,4,0.0,
nm6233323,36,1.0,3,0.0,
nm6233549,36,1.0,3,0.0,
nm6234088,36,1.0,3,0.068035,
nm6234440,36,1.0,4,0.075995,
nm6235401,72,0.470588,2,0.0,
nm6236069,36,1.0,0,0.0,
nm6236901,36,1.0,4,0.0,
nm6237659,36,1.0,3,0.0,
nm6239374,36,1.0,2,0.110526,
nm6239828,36,1.0,3,0.0,
nm6241667,36,1.0,2,0.0,
nm6244211,36,1.0,1,0.0,
nm6244407,36,1.0,3,0.0,
nm6244410,36,1.0,3,0.0,
nm6247294,36,1.0,3,0.0,
nm6248484,36,1.0,3,0.0,
nm6249052,36,1.0,1,0.0,
nm6249205,36,1.0,0,0.0,
nm6250631,36,1.0,0,0.0,
nm6251638,36,1.0,0,0.0,
nm6252520,36,1.0,1,0.0,
nm6252726,36,1.0,2,0.0,
nm6253277,36,1.0,6,0.0,
nm6255347,36,1.0,5,0.0,
nm6261003,36,1.0,5,0.0,
nm6262099,72,0.470588,4,0.0,
nm6262100,36,1.0,6,0.0,
nm6263563,36,1.0,1,0.0,
nm6264177,36,1.0,4,0.0,
nm6265111,36,1.0,4,0.114964,
nm6268102,36,1.0,2,0.0,
nm6268729,36,1.0,2,0.0,
nm6269780,108,0.307692,5,0.119318,0.0
nm6270969,36,1.0,1,0.0,
nm6271072,36,1.0,3,0.0,
nm6271582,36,1.0,2,0.0,
nm6274564,36,1.0,6,0.0,
nm6275982,36,1.0,3,0.0,
nm6276059,36,1.0,4,0.0,
nm6277267,72,0.470588,2,0.121622,
nm6280095,36,1.0,6,0.0,
nm6281649,36,1.0,3,0.0,
nm6282337,36,1.0,0,0.0,
nm6283867,36,1.0,2,0.0,
nm6284745,36,1.0,1,0.0,
nm6286319,36,1.0,2,0.0,
nm6286339,36,1.0,1,0.0,
nm6287665,36,1.0,5,0.0,
nm6288327,36,1.0,2,0.0,
nm6289365,36,1.0,6,0.0,
nm6289733,36,1.0,4,0.0,
nm6292133,36,1.0,3,0.0,
nm6293177,36,1.0,1,0.0,
nm6293700,36,1.0,5,0.0,
nm6296119,36,1.0,0,0.0,
nm6296438,36,1.0,3,0.0,
nm6297249,36,1.0,4,0.0,
nm6297250,36,1.0,3,0.0,
nm6297251,36,1.0,2,0.0,
nm6299092,36,1.0,5,0.121154,
nm6299190,36,1.0,1,0.0,
nm6299724,36,1.0,3,0.058659,
nm6300209,36,1.0,1,0.0,
nm6301672,36,1.0,4,0.0,
nm6301747,72,0.470588,2,0.0,
nm6302636,72,0.470588,1,0.0,
nm6302657,36,1.0,1,0.0,
nm6305117,36,1.0,1,0.0,
nm6305497,36,1.0,1,0.0,
nm6308050,36,1.0,1,0.0,
nm6308481,36,1.0,1,0.0,
nm6309689,36,1.0,2,0.0,
nm6310844,36,1.0,3,0.0,
nm6311828,36,1.0,0,0.0,
nm6311879,36,1.0,4,0.0,
nm6312294,36,1.0,1,0.0,
nm6312588,36,1.0,1,0.0,
nm6314039,36,1.0,0,0.0,
nm6314102,36,1.0,3,0.096923,
nm6314578,36,1.0,2,0.0,
nm6316977,36,1.0,2,0.0,
nm6317486,36,1.0,6,0.0,
nm6318583,36,1.0,3,0.0,
nm6319286,36,1.0,1,0.0,
nm6319462,36,1.0,5,0.111901,
nm6319883,36,1.0,3,0.0,
nm6319943,36,1.0,1,0.0,
nm6321850,36,1.0,1,0.0,
nm6322635,36,1.0,1,0.0,
nm6323449,36,1.0,5,0.111307,
nm6325651,36,1.0,5,0.0,
nm6327438,36,1.0,5,0.12069,
nm6327654,36,1.0,1,0.064286,
nm6331132,36,1.0,1,0.0,
nm6331752,36,1.0,6,0.0,
nm6331950,36,1.0,0,0.0,
nm6333477,36,1.0,4,0.0,
nm6333914,36,1.0,1,0.0,
nm6333918,36,1.0,1,0.0,
nm6334521,36,1.0,2,0.118644,
nm6334629,36,1.0,2,0.0,
nm6338726,36,1.0,1,0.0,
nm6340767,36,1.0,4,0.111307,
nm6341102,36,1.0,4,0.0,
nm6341901,36,1.0,3,0.0,
nm6342705,36,1.0,1,0.0,
nm6343883,36,1.0,2,0.0,
nm6345400,36,1.0,5,0.089872,
nm6346171,36,1.0,5,0.0,
nm6346172,36,1.0,5,0.0,
nm6346200,36,1.0,1,0.0,
nm6349342,36,1.0,4,0.0,
nm6349661,36,1.0,8,0.0,
nm6353289,36,1.0,6,0.0,
nm6358249,36,1.0,1,0.0,
nm6359327,36,1.0,5,0.0,
nm6360564,36,1.0,7,0.0,
nm6360567,36,1.0,6,0.0,
nm6360578,36,1.0,5,0.0,
nm6360873,36,1.0,2,0.0,
nm6364046,36,1.0,3,0.0,
nm6367459,36,1.0,4,0.0,
nm6367789,36,1.0,5,0.0,
nm6367882,36,1.0,0,0.0,
nm6369174,36,1.0,3,0.0,
nm6369408,36,1.0,2,0.0,
nm6370783,36,1.0,5,0.0,
nm6371162,36,1.0,3,0.0,
nm6372382,36,1.0,4,0.0,
nm6372743,36,1.0,1,0.0,
nm6373659,36,1.0,3,0.0,
nm6375147,36,1.0,5,0.0,
nm6376834,36,1.0,2,0.0,
nm6377486,36,1.0,3,0.0,
nm6379360,36,1.0,1,0.0,
nm6380671,36,1.0,5,0.0,
nm6381958,36,1.0,2,0.0,
nm6382653,36,1.0,0,0.0,
nm6382681,36,1.0,2,0.0,
nm6384539,36,1.0,2,0.0,
nm6384901,36,1.0,2,0.0,
nm6385429,36,1.0,8,0.0,
nm6387801,36,1.0,3,0.0,
nm6387949,36,1.0,4,0.095455,
nm6388096,72,0.470588,2,0.0,
nm6388229,36,1.0,1,0.0,
nm6388262,36,1.0,5,0.0,
nm6390296,72,0.470588,1,0.0,
nm6390607,36,1.0,5,0.0,
nm6391979,36,1.0,6,0.0,
nm6394314,36,1.0,2,0.0,
nm6394612,36,1.0,0,0.0,
nm6395451,36,1.0,0,0.0,
nm6395915,72,0.470588,3,0.0,
nm6398395,36,1.0,0,0.0,
nm6399766,36,1.0,1,0.0,
nm6400631,36,1.0,3,0.113514,
nm6400946,36,1.0,0,0.0,
nm6403241,36,1.0,4,0.0,
nm6403597,36,1.0,3,0.0,
nm6406050,36,1.0,1,0.0,
nm6408861,36,1.0,5,0.0,
nm6411633,36,1.0,4,0.0,
nm6411669,36,1.0,3,0.0,
nm6411762,36,1.0,5,0.120459,
nm6412100,36,1.0,3,0.0,
nm6412481,36,1.0,3,0.0,
nm6414838,36,1.0,3,0.0,
nm6415367,36,1.0,1,0.0,
nm6415715,36,1.0,1,0.0,
nm6416873,36,1.0,2,0.0,
nm6417920,36,1.0,5,0.0,
nm6418458,36,1.0,3,0.0,
nm6419392,109,0.310541,5,0.120229,7.5e-05
nm6419485,36,1.0,2,0.0,
nm6419803,36,1.0,3,0.0,
nm6419815,36,1.0,4,0.0,
nm6420055,36,1.0,2,0.0,
nm6421778,36,1.0,2,0.103618,
nm6422163,36,1.0,1,0.0,
nm6422858,36,1.0,5,0.0,
nm6425549,36,1.0,1,0.0,
nm6425561,72,0.470588,2,0.0,
nm6425585,36,1.0,4,0.0,
nm6427345,72,0.470588,1,0.0,
nm6429677,36,1.0,2,0.0,
nm6431173,36,1.0,2,0.0,
nm6431319,36,1.0,2,0.0,
nm6432419,36,1.0,2,0.12831,
nm6432937,36,1.0,1,0.0,
nm6434147,36,1.0,3,0.0,
nm6435705,36,1.0,1,0.0,
nm6436912,36,1.0,3,0.0,
nm6436913,36,1.0,6,0.0,
nm6437695,36,1.0,0,0.0,
nm6440625,36,1.0,6,0.114754,
nm6441070,36,1.0,3,0.088112,
nm6442219,36,1.0,2,0.0,
nm6442636,36,1.0,4,0.0,
nm6444864,36,1.0,5,0.114754,
nm6446990,36,1.0,6,0.119318,
nm6447400,36,1.0,4,0.0,
nm6447401,36,1.0,3,0.0,
nm6447402,36,1.0,2,0.0,
nm6447403,36,1.0,1,0.0,
nm6447404,36,1.0,0,0.0,
nm6449080,36,1.0,3,0.0,
nm6451753,36,1.0,1,0.0,
nm6452302,72,0.529412,2,0.0,
nm6453091,36,1.0,3,0.0,
nm6454827,36,1.0,2,0.0,
nm6458099,36,1.0,2,0.0,
nm6460086,36,1.0,2,0.0,
nm6463418,36,1.0,4,0.11014,
nm6463765,36,1.0,3,0.0,
nm6464606,36,1.0,3,0.0,
nm6464840,36,1.0,4,0.0,
nm6466346,36,1.0,5,0.103448,
nm6466474,36,1.0,2,0.0,
nm6470228,36,1.0,4,0.0,
nm6470644,36,1.0,4,0.0,
nm6470822,36,1.0,2,0.0,
nm6472360,36,1.0,1,0.0,
nm6474157,36,1.0,4,0.0,
nm6474955,36,1.0,1,0.0,
nm6475293,36,1.0,1,0.0,
nm6478947,36,1.0,1,0.0,
nm6481461,36,1.0,3,0.0,
nm6481696,36,1.0,2,0.0,
nm6483271,72,0.470588,4,0.0,
nm6483470,36,1.0,1,0.0,
nm6484560,36,1.0,1,0.0,
nm6485638,36,1.0,6,0.0,
nm6486367,36,1.0,5,0.0,
nm6486679,36,1.0,6,0.0,
nm6487292,36,1.0,2,0.0,
nm6488665,36,1.0,0,0.0,
nm6489058,180,0.190275,7,0.124016,0.006266
nm6489795,74,0.48366,5,0.125498,
nm6489927,36,1.0,2,0.104132,
nm6490725,36,1.0,7,0.0,
nm6491406,36,1.0,1,0.0,
nm6492049,36,1.0,3,0.0,
nm6492067,36,1.0,3,0.106239,
nm6492252,36,1.0,1,0.0,
nm6492899,149,0.25042,2,0.123047,0.000403
nm6492969,36,1.0,2,0.0,
nm6494220,36,1.0,4,0.0,
nm6494254,36,1.0,2,0.0,
nm6494740,36,1.0,3,0.106599,
nm6495544,36,1.0,4,0.0,
nm6497561,36,1.0,2,0.0,
nm6497684,36,1.0,5,0.0,
nm6498932,36,1.0,1,0.0,
nm6500854,71,0.591667,1,0.060519,
nm6501150,36,1.0,0,0.0,
nm6503978,36,1.0,0,0.0,
nm6505394,36,1.0,2,0.061765,
nm6506136,36,1.0,2,0.0,
nm6506497,36,1.0,5,0.0,
nm6508720,106,0.384058,4,0.0,5e-06
nm6509817,36,1.0,2,0.0,
nm6509973,36,1.0,2,0.0,
nm6510003,36,1.0,3,0.0,
nm6511246,36,1.0,4,0.064417,
nm6512505,71,0.591667,8,0.0,
nm6514109,36,1.0,1,0.0,
nm6514296,36,1.0,2,0.0,
nm6514637,36,1.0,3,0.0,
nm6515066,36,1.0,1,0.0,
nm6515560,36,1.0,0,0.0,
nm6516135,36,1.0,2,0.0,
nm6517349,88,0.733333,11,0.0,
nm6517501,36,1.0,3,0.0,
nm6518022,36,1.0,3,0.0,
nm6518721,36,1.0,3,0.0,
nm6520259,36,1.0,7,0.0,
nm6521557,36,1.0,4,0.0,
nm6522322,36,1.0,2,0.0,
nm6522378,36,1.0,6,0.0,
nm6523480,36,1.0,3,0.0,
nm6524359,36,1.0,3,0.0,
nm6525359,72,0.470588,3,0.0,
nm6526252,36,1.0,4,0.0,
nm6527042,36,1.0,5,0.0,
nm6527156,36,1.0,4,0.0,
nm6527269,36,1.0,0,0.0,
nm6527505,36,1.0,3,0.102773,
nm6528259,36,1.0,1,0.0,
nm6528766,36,1.0,0,0.0,
nm6529288,36,1.0,3,0.0,
nm6530274,36,1.0,2,0.088359,
nm6531937,36,1.0,4,0.0,
nm6534475,36,1.0,4,0.082245,
nm6534962,36,1.0,4,0.0,
nm6537344,36,1.0,3,0.0,
nm6539175,36,1.0,1,0.0,
nm6541199,36,1.0,2,0.075269,
nm6543253,36,1.0,7,0.0,
nm6545172,36,1.0,1,0.0,
nm6545385,72,0.470588,5,0.0,
nm6546775,36,1.0,1,0.0,
nm6548435,36,1.0,3,0.0,
nm6550677,36,1.0,2,0.0,
nm6550916,36,1.0,1,0.0,
nm6552300,36,1.0,1,0.0,
nm6552871,36,1.0,1,0.0,
nm6556507,36,1.0,8,0.0,
nm6557922,36,1.0,2,0.0,
nm6558315,36,1.0,5,0.0,
nm6559173,36,1.0,2,0.0,
nm6559494,36,1.0,5,0.0,
nm6560119,36,1.0,3,0.095023,
nm6566215,36,1.0,1,0.081081,
nm6566578,36,1.0,2,0.0,
nm6566873,36,1.0,2,0.0,
nm6567659,36,1.0,4,0.0,
nm6567671,36,1.0,0,0.0,
nm6568152,36,1.0,3,0.0,
nm6569498,36,1.0,6,0.0,
nm6569823,36,1.0,1,0.0,
nm6569977,36,1.0,0,0.0,
nm6572022,36,1.0,5,0.0,
nm6573023,36,1.0,3,0.0,
nm6573080,36,1.0,3,0.0,
nm6573684,36,1.0,4,0.0,
nm6573703,36,1.0,3,0.0,
nm6573765,36,1.0,1,0.0,
nm6575561,36,1.0,3,0.0,
nm6575696,36,1.0,1,0.0,
nm6576452,36,1.0,0,0.0,
nm6576970,36,1.0,2,0.0,
nm6577829,36,1.0,2,0.0,
nm6578060,36,1.0,3,0.0,
nm6579199,36,1.0,2,0.0,
nm6579510,36,1.0,2,0.0,
nm6579662,36,1.0,0,0.0,
nm6581483,36,1.0,2,0.0,
nm6582625,36,1.0,6,0.0,
nm6583098,36,1.0,5,0.0,
nm6584235,36,1.0,2,0.0,
nm6585854,36,1.0,4,0.0,
nm6591382,36,1.0,2,0.0,
nm6592338,36,1.0,4,0.0,
nm6595127,36,1.0,3,0.0,
nm6597868,36,1.0,3,0.0,
nm6597869,36,1.0,1,0.088112,
nm6598018,36,1.0,4,0.0,
nm6598222,36,1.0,3,0.106599,
nm6601314,72,0.470588,3,0.0,
nm6601748,36,1.0,2,0.0,
nm6601752,36,1.0,5,0.120459,
nm6602298,36,1.0,4,0.0,
nm6603449,36,1.0,2,0.0,
nm6603672,36,1.0,5,0.0,
nm6603853,36,1.0,0,0.0,
nm6604791,36,1.0,4,0.0,
nm6605759,36,1.0,5,0.0,
nm6605801,36,1.0,2,0.0,
nm6606945,36,1.0,4,0.0,
nm6607955,36,1.0,7,0.0,
nm6608434,36,1.0,4,0.0,
nm6611636,36,1.0,0,0.0,
nm6613275,36,1.0,0,0.0,
nm6615049,36,1.0,5,0.0,
nm6617180,36,1.0,1,0.0,
nm6617350,36,1.0,3,0.0,
nm6617552,36,1.0,3,0.11014,
nm6617576,36,1.0,1,0.0,
nm6618195,72,0.470588,1,0.0,
nm6618353,36,1.0,2,0.0,
nm6618354,36,1.0,5,0.128049,
nm6619660,72,0.470588,2,0.0,
nm6619662,36,1.0,2,0.0,
nm6619752,36,1.0,1,0.0,
nm6620183,36,1.0,3,0.0,
nm6621006,36,1.0,1,0.0,
nm6621786,36,1.0,4,0.0,
nm6623135,36,1.0,2,0.0,
nm6623474,72,0.470588,4,0.0,
nm6625339,36,1.0,3,0.0,
nm6626840,36,1.0,2,0.0,
nm6628316,36,1.0,0,0.0,
nm6628926,36,1.0,2,0.064286,
nm6630514,128,0.426667,7,0.0,2.3e-05
nm6630516,324,0.196007,5,0.0,0.00017
nm6632518,36,1.0,2,0.0,
nm6632536,36,1.0,2,0.0,
nm6632634,36,1.0,2,0.093333,
nm6633565,36,1.0,5,0.117318,
nm6634505,36,1.0,3,0.05536,
nm6634664,36,1.0,2,0.0,
nm6635410,145,0.573123,10,0.0,0.000295
nm6635559,36,1.0,4,0.0,
nm6635672,36,1.0,0,0.0,
nm6637509,36,1.0,2,0.0,
nm6637778,36,1.0,7,0.0,
nm6637938,36,1.0,1,0.0,
nm6638101,36,1.0,3,0.0,
nm6639989,36,1.0,2,0.0,
nm6640118,36,1.0,0,0.0,
nm6640263,36,1.0,0,0.0,
nm6641405,36,1.0,3,0.0,
nm6642750,36,1.0,2,0.0,
nm6643369,36,1.0,0,0.0,
nm6644577,36,1.0,2,0.106239,
nm6647040,36,1.0,1,0.0,
nm6647913,36,1.0,4,0.0,
nm6648682,36,1.0,1,0.0,
nm6648886,36,1.0,7,0.0,
nm6649278,36,1.0,2,0.0,
nm6649930,36,1.0,4,0.087017,
nm6649988,72,0.470588,4,0.12426,
nm6651023,36,1.0,4,0.0,
nm6652333,36,1.0,4,0.0,
nm6654547,36,1.0,3,0.0,
nm6655422,36,1.0,4,0.0,
nm6656023,36,1.0,2,0.0,
nm6657652,36,1.0,2,0.0,
nm6657869,36,1.0,3,0.0,
nm6660277,36,1.0,2,0.0,
nm6660756,36,1.0,7,0.121387,
nm6661432,36,1.0,1,0.0,
nm6661484,36,1.0,6,0.0,
nm6661994,36,1.0,8,0.0,
nm6662487,36,1.0,1,0.0,
nm6662510,36,1.0,0,0.0,
nm6664625,36,1.0,4,0.0,
nm6665182,36,1.0,2,0.106599,
nm6666749,36,1.0,3,0.0,
nm6667192,36,1.0,1,0.0,
nm6667874,36,1.0,2,0.0,
nm6668961,36,1.0,6,0.0,
nm6669031,36,1.0,4,0.0,
nm6669135,36,1.0,1,0.0,
nm6669389,36,1.0,3,0.0,
nm6669486,36,1.0,4,0.0,
nm6669551,36,1.0,3,0.0,
nm6670015,36,1.0,1,0.0,
nm6672891,36,1.0,1,0.0,
nm6674416,36,1.0,4,0.0,
nm6674968,36,1.0,2,0.0,
nm6675440,72,0.470588,3,0.0,
nm6675794,36,1.0,4,0.0,
nm6677201,36,1.0,6,0.0,
nm6677528,36,1.0,0,0.0,
nm6677587,36,1.0,7,0.0,
nm6679114,36,1.0,5,0.0,
nm6679262,36,1.0,4,0.082677,
nm6682211,36,1.0,3,0.0,
nm6684097,36,1.0,4,0.111901,
nm6684555,36,1.0,2,0.0,
nm6684661,36,1.0,4,0.117318,
nm6685291,36,1.0,2,0.065693,
nm6685502,36,1.0,0,0.0,
nm6685535,36,1.0,4,0.0,
nm6686507,36,1.0,2,0.0,
nm6686622,36,1.0,0,0.0,
nm6686759,71,0.591667,4,0.0,
nm6687568,36,1.0,1,0.0,
nm6687877,36,1.0,5,0.0,
nm6688102,36,1.0,2,0.0,
nm6690278,36,1.0,2,0.0,
nm6691624,36,1.0,4,0.0,
nm6691848,36,1.0,3,0.0,
nm6692547,36,1.0,0,0.0,
nm6694271,36,1.0,2,0.0,
nm6694718,36,1.0,0,0.0,
nm6694978,36,1.0,4,0.0,
nm6695982,36,1.0,2,0.0,
nm6697575,36,1.0,5,0.119772,
nm6697627,36,1.0,4,0.116667,
nm6699391,36,1.0,7,0.0,
nm6700297,36,1.0,1,0.0,
nm6700366,36,1.0,1,0.0,
nm6700498,36,1.0,3,0.0,
nm6700506,36,1.0,1,0.0,
nm6702201,36,1.0,2,0.0,
nm6702518,36,1.0,1,0.0,
nm6702704,36,1.0,3,0.0,
nm6703405,36,1.0,3,0.0,
nm6703408,36,1.0,2,0.0,
nm6705787,36,1.0,3,0.0,
nm6705983,111,0.316239,5,0.095023,0.0
nm6706312,36,1.0,1,0.0,
nm6707561,36,1.0,4,0.0,
nm6708288,36,1.0,2,0.0,
nm6708690,36,1.0,4,0.0,
nm6710084,36,1.0,3,0.0,
nm6710968,36,1.0,5,0.0,
nm6711994,36,1.0,1,0.0,
nm6712587,36,1.0,1,0.0,
nm6713262,36,1.0,2,0.0,
nm6713699,36,1.0,3,0.0,
nm6713767,36,1.0,2,0.0,
nm6713842,36,1.0,0,0.0,
nm6714032,36,1.0,0,0.0,
nm6714979,36,1.0,0,0.0,
nm6716083,36,1.0,1,0.0,
nm6717726,36,1.0,1,0.0,
nm6718435,68,0.871795,8,0.0,
nm6718764,36,1.0,3,0.0,
nm6718766,36,1.0,2,0.0,
nm6721658,36,1.0,0,0.0,
nm6722399,36,1.0,5,0.0,
nm6724617,36,1.0,2,0.068035,
nm6726235,36,1.0,2,0.0,
nm6726547,36,1.0,2,0.0,
nm6728134,36,1.0,4,0.0,
nm6728149,36,1.0,1,0.0,
nm6728625,36,1.0,2,0.0,
nm6728658,72,0.470588,1,0.0,
nm6732700,36,1.0,4,0.0,
nm6733359,36,1.0,4,0.0,
nm6734397,36,1.0,2,0.0,
nm6735462,36,1.0,3,0.0,
nm6736465,72,0.470588,5,0.0,
nm6736924,36,1.0,1,0.0,
nm6737445,36,1.0,0,0.0,
nm6738885,36,1.0,2,0.0,
nm6741390,36,1.0,4,0.0,
nm6742608,36,1.0,0,0.0,
nm6745676,36,1.0,4,0.0,
nm6745902,36,1.0,2,0.0,
nm6746818,36,1.0,1,0.0,
nm6747531,36,1.0,2,0.0,
nm6749520,36,1.0,4,0.0,
nm6749842,36,1.0,1,0.0,
nm6749843,36,1.0,0,0.0,
nm6750316,36,1.0,2,0.0,
nm6752942,36,1.0,1,0.0,
nm6753991,36,1.0,0,0.0,
nm6754911,36,1.0,3,0.0,
nm6755001,75,0.551471,2,0.0,
nm6755006,36,1.0,1,0.0,
nm6756432,36,1.0,2,0.0,
nm6756914,36,1.0,4,0.060345,
nm6757384,36,1.0,2,0.103618,
nm6759421,36,1.0,1,0.0,
nm6761294,36,1.0,1,0.0,
nm6761378,36,1.0,0,0.0,
nm6762533,36,1.0,6,0.0,
nm6763368,36,1.0,0,0.0,
nm6764800,36,1.0,3,0.0,
nm6767239,112,0.319088,3,0.0,0.0
nm6767243,36,1.0,4,0.0,
nm6767387,36,1.0,4,0.0,
nm6768002,36,1.0,3,0.0,
nm6769951,36,1.0,1,0.0,
nm6771561,36,1.0,3,0.0,
nm6771807,36,1.0,3,0.0,
nm6772181,36,1.0,3,0.0,
nm6774674,36,1.0,4,0.0,
nm6775229,36,1.0,2,0.0,
nm6776380,36,1.0,0,0.0,
nm6777070,36,1.0,3,0.060519,
nm6778905,36,1.0,1,0.0,
nm6779063,36,1.0,1,0.0,
nm6779623,36,1.0,2,0.0,
nm6780701,36,1.0,5,0.114545,
nm6781977,36,1.0,1,0.0,
nm6783407,36,1.0,0,0.0,
nm6783918,36,1.0,7,0.116883,
nm6784658,72,0.470588,4,0.075,
nm6785461,36,1.0,3,0.0,
nm6785657,72,0.470588,4,0.0,
nm6785660,36,1.0,3,0.0,
nm6785972,36,1.0,4,0.0,
nm6786155,36,1.0,3,0.0,
nm6786312,36,1.0,0,0.0,
nm6786673,36,1.0,2,0.0,
nm6787832,36,1.0,1,0.0,
nm6787910,36,1.0,1,0.0,
nm6787911,36,1.0,0,0.0,
nm6788819,36,1.0,4,0.120459,
nm6788820,72,0.470588,4,0.12233,
nm6789778,36,1.0,3,0.0,
nm6792763,36,1.0,5,0.0,
nm6792967,36,1.0,2,0.0,
nm6793636,36,1.0,0,0.0,
nm6793660,36,1.0,5,0.0,
nm6793833,36,1.0,4,0.0,
nm6794303,36,1.0,3,0.0,
nm6794756,36,1.0,2,0.0,
nm6794936,36,1.0,5,0.0,
nm6796131,36,1.0,1,0.0,
nm6798708,36,1.0,1,0.103618,
nm6800318,36,1.0,3,0.0,
nm6800672,36,1.0,0,0.0,
nm6801695,36,1.0,3,0.0,
nm6801935,36,1.0,1,0.0,
nm6803605,36,1.0,2,0.071591,
nm6804167,36,1.0,5,0.0,
nm6805740,36,1.0,2,0.0,
nm6807230,36,1.0,2,0.0,
nm6808042,36,1.0,4,0.0,
nm6808979,36,1.0,3,0.0,
nm6809999,36,1.0,2,0.0,
nm6811097,36,1.0,4,0.0,
nm6811103,36,1.0,1,0.0,
nm6811511,36,1.0,3,0.0,
nm6811540,36,1.0,4,0.103448,
nm6811680,36,1.0,1,0.0,
nm6811804,36,1.0,5,0.0,
nm6811859,36,1.0,2,0.0,
nm6812114,36,1.0,2,0.0,
nm6812985,36,1.0,5,0.0,
nm6814486,72,0.470588,6,0.0,
nm6816957,36,1.0,1,0.0,
nm6817679,36,1.0,0,0.0,
nm6819140,36,1.0,2,0.0,
nm6820372,36,1.0,2,0.0,
nm6820375,36,1.0,1,0.0,
nm6820784,36,1.0,0,0.0,
nm6820878,36,1.0,1,0.0,
nm6822352,36,1.0,2,0.0,
nm6822354,36,1.0,1,0.0,
nm6822356,36,1.0,0,0.0,
nm6822586,36,1.0,2,0.0,
nm6823241,36,1.0,4,0.075995,
nm6823316,36,1.0,2,0.0,
nm6823397,36,1.0,4,0.0,
nm6824481,36,1.0,5,0.0,
nm6826659,110,0.398551,3,0.0,4e-06
nm6826725,36,1.0,4,0.0,
nm6826930,36,1.0,1,0.0,
nm6827263,36,1.0,4,0.0,
nm6827674,70,0.666667,2,0.0,
nm6831108,36,1.0,3,0.0,
nm6832604,36,1.0,1,0.0,
nm6833236,36,1.0,3,0.0,
nm6835617,36,1.0,2,0.0,
nm6835871,36,1.0,3,0.0,
nm6836186,36,1.0,5,0.0,
nm6836192,36,1.0,4,0.0,
nm6836376,36,1.0,5,0.0,
nm6836377,69,0.657143,4,0.0,
nm6836378,36,1.0,3,0.0,
nm6836381,69,0.657143,2,0.0,
nm6837668,36,1.0,3,0.0,
nm6838228,36,1.0,2,0.0,
nm6840275,36,1.0,4,0.119093,
nm6842634,36,1.0,1,0.0,
nm6843400,36,1.0,2,0.0,
nm6844475,36,1.0,2,0.0,
nm6845052,36,1.0,1,0.109185,
nm6845066,72,0.470588,2,0.114964,
nm6845069,36,1.0,2,0.116883,
nm6845744,36,1.0,2,0.0,
nm6845864,36,1.0,4,0.10396,
nm6845941,36,1.0,0,0.0,
nm6847783,36,1.0,1,0.0,
nm6848039,36,1.0,4,0.0,
nm6850360,36,1.0,1,0.0,
nm6851076,36,1.0,2,0.095023,
nm6851210,36,1.0,1,0.0,
nm6851778,36,1.0,1,0.0,
nm6852161,36,1.0,4,0.0,
nm6854277,36,1.0,3,0.0,
nm6855093,36,1.0,2,0.0,
nm6856651,78,0.509804,5,0.0,
nm6856660,36,1.0,3,0.0,
nm6856890,36,1.0,1,0.0,
nm6858586,36,1.0,2,0.0,
nm6859238,36,1.0,1,0.068035,
nm6864052,73,0.477124,0,0.0,
nm6864622,36,1.0,0,0.0,
nm6865428,36,1.0,2,0.0,
nm6865772,36,1.0,4,0.0,
nm6868119,36,1.0,3,0.0,
nm6868308,36,1.0,3,0.0,
nm6869208,36,1.0,3,0.0,
nm6869529,36,1.0,1,0.0,
nm6870283,36,1.0,2,0.0,
nm6870822,36,1.0,1,0.0,
nm6871471,36,1.0,1,0.0,
nm6873101,36,1.0,4,0.0,
nm6874234,36,1.0,2,0.0,
nm6874873,76,0.496732,5,0.0,
nm6875292,72,0.470588,2,0.0,
nm6875568,36,1.0,1,0.0,
nm6876928,36,1.0,1,0.0,
nm6878947,36,1.0,2,0.0,
nm6879442,36,1.0,6,0.0,
nm6880679,36,1.0,3,0.0,
nm6880762,36,1.0,3,0.0,
nm6883803,36,1.0,2,0.055507,
nm6884511,36,1.0,5,0.0,
nm6884988,36,1.0,3,0.0,
nm6886823,36,1.0,4,0.0,
nm6887616,36,1.0,5,0.0,
nm6891047,36,1.0,2,0.0,
nm6891947,72,0.470588,1,0.0,
nm6892993,72,0.470588,1,0.0,
nm6894302,36,1.0,4,0.0,
nm6896341,36,1.0,1,0.0,
nm6897372,36,1.0,4,0.0,
nm6902810,36,1.0,0,0.0,
nm6903157,36,1.0,6,0.0,
nm6908870,36,1.0,1,0.0,
nm6910585,36,1.0,2,0.087137,
nm6910675,36,1.0,2,0.0,
nm6911082,36,1.0,2,0.0,
nm6911746,36,1.0,5,0.0,
nm6913129,72,0.470588,4,0.0,
nm6914294,36,1.0,0,0.0,
nm6915910,36,1.0,3,0.0,
nm6916108,36,1.0,2,0.0,
nm6916130,36,1.0,3,0.0,
nm6916922,36,1.0,1,0.0,
nm6917490,36,1.0,4,0.106419,
nm6917808,36,1.0,0,0.0,
nm6918418,36,1.0,3,0.0,
nm6920210,36,1.0,0,0.0,
nm6920613,36,1.0,7,0.0,
nm6921152,36,1.0,3,0.0,
nm6921368,36,1.0,4,0.0,
nm6921373,36,1.0,3,0.0,
nm6922643,36,1.0,4,0.0,
nm6922682,36,1.0,2,0.0,
nm6923452,36,1.0,0,0.0,
nm6924097,36,1.0,1,0.0,
nm6924159,36,1.0,1,0.0,
nm6925212,36,1.0,1,0.062008,
nm6929749,36,1.0,1,0.0,
nm6931051,36,1.0,0,0.0,
nm6931873,36,1.0,3,0.0,
nm6931894,105,0.380435,0,0.0,0.0
nm6931940,36,1.0,3,0.0,
nm6934209,36,1.0,1,0.0,
nm6935095,36,1.0,5,0.0,
nm6935325,36,1.0,0,0.0,
nm6938503,36,1.0,4,0.128049,
nm6938565,36,1.0,0,0.0,
nm6940200,36,1.0,4,0.0,
nm6940528,36,1.0,2,0.0,
nm6943991,36,1.0,0,0.0,
nm6945850,36,1.0,3,0.103448,
nm6946659,36,1.0,0,0.0,
nm6947740,36,1.0,1,0.0,
nm6947874,36,1.0,3,0.0,
nm6949066,36,1.0,3,0.0,
nm6949176,36,1.0,1,0.0,
nm6949661,36,1.0,3,0.0,
nm6950516,36,1.0,0,0.0,
nm6951949,36,1.0,6,0.0,
nm6952948,70,0.666667,4,0.0,
nm6953665,36,1.0,1,0.0,
nm6954008,36,1.0,2,0.0,
nm6955446,36,1.0,2,0.065557,
nm6956643,36,1.0,3,0.0,
nm6956662,36,1.0,1,0.0,
nm6956770,36,1.0,0,0.0,
nm6958029,36,1.0,6,0.0,
nm6960528,36,1.0,1,0.0,
nm6961436,36,1.0,3,0.0,
nm6963181,36,1.0,8,0.0,
nm6963925,36,1.0,1,0.0,
nm6964940,36,1.0,1,0.0,
nm6965680,36,1.0,2,0.078358,
nm6972362,36,1.0,6,0.0,
nm6973289,36,1.0,6,0.119318,
nm6973330,36,1.0,3,0.0,
nm6974139,36,1.0,1,0.0,
nm6975296,36,1.0,5,0.0,
nm6976646,36,1.0,4,0.119772,
nm6976647,36,1.0,4,0.121387,
nm6978202,36,1.0,3,0.0,
nm6978918,36,1.0,3,0.0,
nm6979445,36,1.0,4,0.0,
nm6980314,36,1.0,3,0.124016,
nm6981289,36,1.0,3,0.0,
nm6981797,36,1.0,3,0.0,
nm6982756,36,1.0,4,0.075179,
nm6984294,36,1.0,2,0.0,
nm6995220,36,1.0,4,0.115596,
nm6995817,36,1.0,3,0.119545,
nm6998719,72,0.470588,4,0.127789,
nm6999449,36,1.0,3,0.104132,
nm6999451,36,1.0,2,0.100478,
nm7000274,36,1.0,4,0.0,
nm7004001,36,1.0,6,0.0,
nm7004946,36,1.0,2,0.060345,
nm7006860,36,1.0,2,0.0,
nm7008542,36,1.0,3,0.095455,
nm7008753,36,1.0,4,0.0,
nm7009796,36,1.0,5,0.0,
nm7014900,36,1.0,2,0.0,
nm7014938,36,1.0,1,0.0,
nm7015080,36,1.0,1,0.0,
nm7017299,36,1.0,6,0.119318,
nm7017710,36,1.0,0,0.0,
nm7019105,36,1.0,0,0.0,
nm7022372,36,1.0,1,0.0,
nm7022523,36,1.0,0,0.0,
nm7022689,36,1.0,0,0.0,
nm7023533,36,1.0,3,0.0,
nm7023816,36,1.0,1,0.110333,
nm7024752,36,1.0,1,0.0,
nm7024958,36,1.0,2,0.0,
nm7025759,36,1.0,1,0.0,
nm7026773,36,1.0,2,0.0,
nm7027550,36,1.0,3,0.100159,
nm7028312,185,0.455665,11,0.0,2.1e-05
nm7028977,36,1.0,0,0.0,
nm7029055,72,0.470588,0,0.0,
nm7030182,131,0.373219,4,0.0,4.9e-05
nm7030186,123,0.378462,9,0.0,3.1e-05
nm7030324,108,0.391304,5,0.0,2e-06
nm7033618,36,1.0,3,0.082245,
nm7034023,36,1.0,2,0.0,
nm7034044,36,1.0,1,0.0,
nm7035582,36,1.0,4,0.0,
nm7037298,36,1.0,1,0.0,
nm7037517,36,1.0,0,0.0,
nm7044343,36,1.0,5,0.0,
nm7044552,36,1.0,1,0.0,
nm7044734,36,1.0,1,0.0,
nm7045326,36,1.0,3,0.0,
nm7046528,36,1.0,2,0.0,
nm7049955,36,1.0,2,0.103448,
nm7051150,36,1.0,3,0.0,
nm7052596,36,1.0,4,0.105175,
nm7054349,36,1.0,2,0.0,
nm7055164,36,1.0,3,0.0,
nm7056693,36,1.0,3,0.0,
nm7059007,36,1.0,1,0.0,
nm7059964,36,1.0,3,0.0,
nm7060212,36,1.0,1,0.0,
nm7060634,36,1.0,5,0.0,
nm7062993,36,1.0,4,0.080873,
nm7063828,36,1.0,4,0.110333,
nm7063893,36,1.0,2,0.0,
nm7064292,36,1.0,2,0.081395,
nm7064349,36,1.0,8,0.098437,
nm7064837,36,1.0,3,0.0,
nm7064912,36,1.0,0,0.0,
nm7065118,36,1.0,2,0.0,
nm7065701,36,1.0,1,0.0,
nm7065745,36,1.0,2,0.0,
nm7070114,36,1.0,2,0.0,
nm7070508,36,1.0,3,0.0,
nm7072315,36,1.0,3,0.0,
nm7072570,36,1.0,2,0.0,
nm7074701,36,1.0,2,0.0,
nm7075397,36,1.0,4,0.114754,
nm7077277,36,1.0,1,0.106239,
nm7077371,36,1.0,3,0.0,
nm7077964,36,1.0,4,0.0,
nm7078703,36,1.0,1,0.0,
nm7078907,36,1.0,0,0.0,
nm7079932,36,1.0,1,0.0,
nm7080308,36,1.0,1,0.0,
nm7080395,36,1.0,2,0.0,
nm7081485,36,1.0,5,0.0,
nm7082239,36,1.0,5,0.0,
nm7083392,36,1.0,2,0.060229,
nm7084340,36,1.0,5,0.0,
nm7084525,36,1.0,5,0.0,
nm7085888,36,1.0,4,0.0,
nm7086305,36,1.0,4,0.0,
nm7088715,36,1.0,3,0.0,
nm7091100,36,1.0,3,0.0,
nm7093076,36,1.0,1,0.0,
nm7093364,36,1.0,1,0.0,
nm7094216,72,0.470588,4,0.0,
nm7094507,36,1.0,1,0.0,
nm7095359,36,1.0,3,0.0,
nm7097423,36,1.0,3,0.0,
nm7097759,36,1.0,1,0.0,
nm7099101,36,1.0,4,0.0,
nm7099888,36,1.0,0,0.0,
nm7100817,73,0.536765,9,0.0,
nm7100818,36,1.0,8,0.0,
nm7102892,36,1.0,3,0.0,
nm7104213,36,1.0,5,0.0,
nm7104317,36,1.0,2,0.0,
nm7104320,36,1.0,1,0.0,
nm7104443,111,0.341538,4,0.0,1.9e-05
nm7104940,36,1.0,1,0.0,
nm7105818,36,1.0,0,0.070549,
nm7106350,36,1.0,0,0.0,
nm7106485,36,1.0,2,0.0,
nm7106489,36,1.0,1,0.0,
nm7107173,36,1.0,2,0.0,
nm7108471,36,1.0,3,0.0,
nm7108952,36,1.0,2,0.0,
nm7109469,36,1.0,0,0.0,
nm7109993,36,1.0,2,0.0,
nm7110263,36,1.0,3,0.0,
nm7111158,36,1.0,2,0.107692,
nm7112007,36,1.0,6,0.0,
nm7112009,36,1.0,8,0.0,
nm7112244,36,1.0,3,0.0,
nm7112813,36,1.0,3,0.0,
nm7118554,36,1.0,3,0.110915,
nm7119706,36,1.0,0,0.0,
nm7120132,36,1.0,8,0.0,
nm7121595,108,0.307692,3,0.0,0.0
nm7124125,36,1.0,4,0.0,
nm7124708,36,1.0,3,0.0,
nm7124712,36,1.0,2,0.0,
nm7125176,36,1.0,5,0.0,
nm7125623,36,1.0,1,0.0,
nm7125624,36,1.0,1,0.0,
nm7126592,36,1.0,1,0.0,
nm7126666,36,1.0,1,0.0,
nm7130871,36,1.0,5,0.123529,
nm7131255,36,1.0,2,0.0,
nm7131558,36,1.0,4,0.0,
nm7132587,36,1.0,0,0.0,
nm7134754,36,1.0,3,0.0,
nm7138338,36,1.0,1,0.0,
nm7138719,36,1.0,2,0.0,
nm7139083,36,1.0,3,0.0,
nm7139921,36,1.0,2,0.0,
nm7139946,36,1.0,2,0.0,
nm7140010,36,1.0,6,0.0,
nm7141439,36,1.0,1,0.0,
nm7141502,36,1.0,3,0.0,
nm7141587,36,1.0,2,0.0,
nm7143800,36,1.0,1,0.0,
nm7144002,72,0.470588,1,0.0,
nm7144237,36,1.0,4,0.103448,
nm7144357,74,0.48366,3,0.115174,
nm7145730,36,1.0,1,0.0,
nm7147009,36,1.0,1,0.0,
nm7148362,36,1.0,3,0.0,
nm7148844,36,1.0,1,0.0,
nm7149670,36,1.0,1,0.0,
nm7151926,36,1.0,1,0.0,
nm7152477,36,1.0,3,0.0,
nm7153454,36,1.0,2,0.0,
nm7155404,36,1.0,1,0.10396,
nm7159828,36,1.0,4,0.0,
nm7160314,36,1.0,2,0.0,
nm7160967,36,1.0,3,0.0,
nm7161690,36,1.0,0,0.0,
nm7165185,36,1.0,1,0.0,
nm7165192,36,1.0,4,0.0,
nm7165463,36,1.0,1,0.0,
nm7166121,36,1.0,2,0.0,
nm7166641,36,1.0,0,0.0,
nm7168339,36,1.0,0,0.0,
nm7169972,36,1.0,2,0.0,
nm7170644,72,0.470588,6,0.0,
nm7174160,36,1.0,0,0.0,
nm7176413,36,1.0,1,0.0,
nm7176425,72,0.470588,0,0.0,
nm7179123,36,1.0,2,0.0,
nm7181957,36,1.0,2,0.124016,
nm7182750,36,1.0,4,0.0,
nm7186028,36,1.0,4,0.0,
nm7188724,36,1.0,3,0.114964,
nm7189092,36,1.0,0,0.0,
nm7189111,73,0.477124,1,0.0,
nm7190643,36,1.0,6,0.0,
nm7192128,36,1.0,0,0.0,
nm7192601,36,1.0,2,0.0,
nm7193158,36,1.0,2,0.0,
nm7193305,36,1.0,2,0.0,
nm7194019,36,1.0,3,0.0,
nm7194857,36,1.0,4,0.0,
nm7194919,36,1.0,4,0.0,
nm7197043,36,1.0,3,0.0,
nm7197398,36,1.0,7,0.0,
nm7199858,36,1.0,4,0.0,
nm7202786,36,1.0,5,0.0,
nm7204225,36,1.0,3,0.0,
nm7205423,73,0.477124,6,0.120229,
nm7206660,36,1.0,0,0.0,
nm7207551,36,1.0,1,0.0,
nm7208489,36,1.0,3,0.075995,
nm7208548,36,1.0,1,0.0,
nm7208549,36,1.0,0,0.0,
nm7210777,36,1.0,1,0.0,
nm7213751,36,1.0,5,0.0,
nm7214377,36,1.0,4,0.0,
nm7216750,36,1.0,5,0.125249,
nm7216916,36,1.0,2,0.0,
nm7219340,36,1.0,0,0.0,
nm7219768,36,1.0,3,0.0,
nm7222121,36,1.0,2,0.0,
nm7222271,36,1.0,2,0.0,
nm7223349,36,1.0,3,0.0,
nm7224067,36,1.0,1,0.0,
nm7224971,36,1.0,0,0.0,
nm7224978,36,1.0,1,0.0,
nm7225702,36,1.0,2,0.0,
nm7228332,36,1.0,2,0.0,
nm7231291,36,1.0,7,0.098437,
nm7232203,36,1.0,4,0.0,
nm7233042,36,1.0,4,0.077111,
nm7233593,36,1.0,1,0.0,
nm7233931,36,1.0,3,0.0,
nm7234020,36,1.0,3,0.0,
nm7236743,36,1.0,0,0.0,
nm7237124,36,1.0,4,0.125249,
nm7237266,36,1.0,3,0.0,
nm7237738,36,1.0,7,0.0,
nm7240271,36,1.0,0,0.0,
nm7241265,36,1.0,3,0.0,
nm7243877,36,1.0,6,0.121622,
nm7245181,36,1.0,2,0.0,
nm7246824,36,1.0,1,0.0,
nm7247068,36,1.0,2,0.0,
nm7248493,36,1.0,1,0.0,
nm7249375,36,1.0,0,0.0,
nm7249955,73,0.477124,4,0.0,
nm7249993,36,1.0,3,0.0,
nm7250074,36,1.0,2,0.0,
nm7251300,36,1.0,7,0.0,
nm7251826,36,1.0,5,0.0,
nm7253444,36,1.0,2,0.0,
nm7256655,36,1.0,5,0.0,
nm7257457,36,1.0,1,0.0,
nm7260615,36,1.0,5,0.0,
nm7260732,36,1.0,1,0.0,
nm7260780,36,1.0,2,0.0,
nm7260890,36,1.0,0,0.0,
nm7263193,36,1.0,7,0.0,
nm7263212,36,1.0,2,0.0,
nm7265822,36,1.0,1,0.0,
nm7267746,36,1.0,1,0.0,
nm7267977,36,1.0,1,0.0,
nm7268239,36,1.0,2,0.0,
nm7269212,36,1.0,3,0.0,
nm7272981,36,1.0,3,0.0,
nm7273876,72,0.470588,2,0.0,
nm7275967,36,1.0,4,0.0,
nm7276503,36,1.0,2,0.0,
nm7279652,36,1.0,2,0.088112,
nm7280310,36,1.0,4,0.0,
nm7282382,36,1.0,2,0.0,
nm7285894,36,1.0,4,0.0,
nm7286184,36,1.0,6,0.0,
nm7286379,36,1.0,2,0.0,
nm7288238,36,1.0,2,0.0,
nm7288448,36,1.0,4,0.0,
nm7288451,36,1.0,3,0.0,
nm7288558,44,0.977778,3,0.0,
nm7289094,36,1.0,1,0.0,
nm7290010,36,1.0,1,0.0,
nm7290079,36,1.0,2,0.0,
nm7291329,36,1.0,0,0.0,
nm7292422,36,1.0,3,0.105175,
nm7294663,36,1.0,0,0.0,
nm7295963,36,1.0,4,0.0,
nm7296699,36,1.0,1,0.0,
nm7297975,36,1.0,2,0.0,
nm7299496,36,1.0,3,0.0,
nm7300537,36,1.0,4,0.0,
nm7301911,36,1.0,3,0.0,
nm7302567,36,1.0,3,0.0,
nm7304713,36,1.0,2,0.0,
nm7305760,36,1.0,3,0.087017,
nm7306001,36,1.0,2,0.0,
nm7306987,36,1.0,0,0.0,
nm7308148,36,1.0,1,0.0,
nm7308187,36,1.0,4,0.0,
nm7308315,36,1.0,0,0.0,
nm7308376,36,1.0,3,0.08129,
nm7308525,36,1.0,3,0.0,
nm7309160,36,1.0,1,0.0,
nm7309931,36,1.0,2,0.0,
nm7311813,36,1.0,0,0.0,
nm7311859,36,1.0,1,0.109185,
nm7312177,36,1.0,2,0.0,
nm7313244,36,1.0,3,0.0,
nm7313804,36,1.0,7,0.0,
nm7315664,36,1.0,0,0.0,
nm7316038,36,1.0,6,0.0,
nm7317659,36,1.0,1,0.0,
nm7317732,36,1.0,3,0.0,
nm7318389,36,1.0,2,0.0,
nm7318397,36,1.0,2,0.0,
nm7318811,36,1.0,1,0.0,
nm7319350,36,1.0,2,0.0,
nm7321179,36,1.0,2,0.0,
nm7321199,72,0.529412,3,0.0,
nm7321254,36,1.0,0,0.0,
nm7321793,36,1.0,3,0.0,
nm7321798,36,1.0,2,0.0,
nm7322034,36,1.0,2,0.088359,
nm7322415,36,1.0,2,0.0,
nm7325906,36,1.0,2,0.0,
nm7326511,36,1.0,1,0.0,
nm7327253,36,1.0,3,0.060345,
nm7327824,36,1.0,3,0.0,
nm7328054,36,1.0,5,0.114338,
nm7329204,71,0.591667,0,0.0,
nm7329521,36,1.0,2,0.0,
nm7330110,36,1.0,2,0.0,
nm7331054,36,1.0,7,0.0,
nm7331081,72,0.529412,5,0.0,
nm7331094,36,1.0,4,0.0,
nm7332711,36,1.0,0,0.0,
nm7333113,36,1.0,4,0.0,
nm7333707,36,1.0,5,0.0,
nm7333829,36,1.0,1,0.0,
nm7333836,36,1.0,2,0.0,
nm7335270,36,1.0,3,0.099213,
nm7335276,36,1.0,5,0.0,
nm7336169,36,1.0,2,0.0,
nm7337359,36,1.0,3,0.0,
nm7339148,36,1.0,5,0.0,
nm7339828,36,1.0,6,0.0,
nm7340667,36,1.0,1,0.0,
nm7341770,36,1.0,2,0.0,
nm7344186,36,1.0,5,0.0,
nm7344299,36,1.0,5,0.0,
nm7344328,36,1.0,3,0.0,
nm7345201,36,1.0,0,0.0,
nm7346980,36,1.0,2,0.0,
nm7347396,36,1.0,4,0.0,
nm7348359,36,1.0,0,0.0,
nm7349347,36,1.0,1,0.0,
nm7349457,72,0.470588,4,0.0,
nm7349963,72,0.470588,2,0.113309,
nm7350709,36,1.0,1,0.0,
nm7351371,36,1.0,0,0.0,
nm7351489,36,1.0,6,0.0,
nm7351991,36,1.0,1,0.0,
nm7352209,36,1.0,3,0.0,
nm7354641,36,1.0,0,0.0,
nm7355324,36,1.0,6,0.0,
nm7356566,36,1.0,2,0.0,
nm7356818,36,1.0,2,0.0,
nm7357196,36,1.0,4,0.0,
nm7359323,36,1.0,3,0.0,
nm7360568,36,1.0,2,0.0,
nm7363055,36,1.0,4,0.0,
nm7363265,36,1.0,1,0.0,
nm7363977,36,1.0,3,0.0,
nm7365111,36,1.0,5,0.100639,
nm7367159,36,1.0,1,0.0,
nm7367695,36,1.0,6,0.131799,
nm7368006,36,1.0,2,0.0,
nm7368334,36,1.0,3,0.0,
nm7369305,36,1.0,1,0.0,
nm7369952,36,1.0,3,0.0,
nm7370336,36,1.0,3,0.104478,
nm7370901,36,1.0,3,0.082245,
nm7371196,36,1.0,3,0.0,
nm7371202,36,1.0,1,0.0,
nm7373606,36,1.0,0,0.0,
nm7373703,36,1.0,0,0.0,
nm7376490,36,1.0,1,0.0,
nm7377149,36,1.0,1,0.0,
nm7380347,36,1.0,2,0.0,
nm7381472,36,1.0,6,0.0,
nm7382947,36,1.0,3,0.0,
nm7384359,36,1.0,4,0.0,
nm7384935,36,1.0,2,0.0,
nm7385597,36,1.0,1,0.0,
nm7386083,36,1.0,3,0.064483,
nm7387710,72,0.470588,6,0.123047,
nm7388919,36,1.0,3,0.0,
nm7390318,36,1.0,0,0.0,
nm7390330,36,1.0,1,0.0,
nm7390393,36,1.0,2,0.1171,
nm7390671,36,1.0,3,0.0,
nm7391785,36,1.0,2,0.068553,
nm7391964,36,1.0,9,0.0,
nm7392140,105,0.41502,3,0.0,0.000854
nm7393874,72,0.529412,2,0.080666,
nm7394024,36,1.0,3,0.105882,
nm7395199,36,1.0,0,0.0,
nm7396726,36,1.0,1,0.0,
nm7397864,36,1.0,5,0.115596,
nm7399799,36,1.0,1,0.0,
nm7401575,36,1.0,1,0.0,
nm7402559,36,1.0,2,0.0,
nm7403009,36,1.0,2,0.0,
nm7405876,36,1.0,3,0.0,
nm7406451,36,1.0,1,0.0,
nm7407110,36,1.0,3,0.0,
nm7407174,36,1.0,0,0.0,
nm7410252,36,1.0,0,0.0,
nm7410978,36,1.0,3,0.103789,
nm7412124,36,1.0,5,0.0,
nm7412230,36,1.0,0,0.0,
nm7414355,36,1.0,5,0.0,
nm7414835,36,1.0,3,0.0,
nm7415721,72,0.470588,0,0.0,
nm7416896,36,1.0,3,0.0,
nm7417110,36,1.0,1,0.099057,
nm7418904,36,1.0,5,0.0,
nm7420809,36,1.0,1,0.0,
nm7423562,36,1.0,3,0.0,
nm7425091,36,1.0,3,0.0,
nm7426140,36,1.0,1,0.0,
nm7426302,36,1.0,1,0.0,
nm7426973,36,1.0,2,0.0,
nm7427686,36,1.0,3,0.0,
nm7427956,36,1.0,1,0.0,
nm7428212,36,1.0,2,0.086777,
nm7429604,36,1.0,3,0.0,
nm7429973,36,1.0,3,0.0,
nm7430253,36,1.0,2,0.0,
nm7430811,36,1.0,2,0.0,
nm7430936,36,1.0,2,0.0,
nm7431180,36,1.0,2,0.0,
nm7432163,36,1.0,2,0.0,
nm7432376,36,1.0,4,0.0,
nm7434168,36,1.0,0,0.0,
nm7434342,36,1.0,3,0.0,
nm7434647,36,1.0,2,0.0,
nm7435641,36,1.0,1,0.0,
nm7435942,36,1.0,3,0.0,
nm7437918,36,1.0,2,0.0,
nm7438321,36,1.0,2,0.0,
nm7439143,36,1.0,1,0.0,
nm7440990,36,1.0,0,0.0,
nm7441022,36,1.0,3,0.121154,
nm7441180,36,1.0,2,0.0,
nm7441315,36,1.0,1,0.0,
nm7441441,36,1.0,3,0.0,
nm7443988,36,1.0,2,0.0,
nm7444712,36,1.0,2,0.0,
nm7445578,36,1.0,2,0.0,
nm7447035,36,1.0,8,0.0,
nm7447363,36,1.0,0,0.0,
nm7448309,36,1.0,2,0.0,
nm7448616,36,1.0,2,0.0,
nm7449940,36,1.0,2,0.0,
nm7450118,36,1.0,0,0.0,
nm7451657,36,1.0,0,0.046667,
nm7452321,36,1.0,4,0.0,
nm7452709,36,1.0,1,0.0,
nm7454102,36,1.0,1,0.0,
nm7455569,36,1.0,0,0.0,
nm7456138,36,1.0,1,0.0,
nm7457611,72,0.470588,7,0.116022,
nm7457612,36,1.0,4,0.114754,
nm7457633,36,1.0,5,0.0,
nm7458751,36,1.0,3,0.0,
nm7459846,36,1.0,4,0.0,
nm7460351,36,1.0,4,0.0,
nm7462382,36,1.0,0,0.0,
nm7462417,36,1.0,3,0.0,
nm7462544,36,1.0,2,0.0,
nm7464790,36,1.0,6,0.0,
nm7465273,74,0.48366,2,0.0,
nm7465702,229,0.26597,3,0.0,0.000153
nm7466077,36,1.0,4,0.0,
nm7467053,36,1.0,7,0.0,
nm7467125,36,1.0,2,0.0,
nm7467169,36,1.0,6,0.0,
nm7467178,36,1.0,5,0.0,
nm7467179,36,1.0,4,0.0,
nm7467399,36,1.0,2,0.0,
nm7467777,36,1.0,5,0.086777,
nm7468057,36,1.0,2,0.0,
nm7469747,36,1.0,0,0.0,
nm7470146,36,1.0,1,0.0,
nm7470871,36,1.0,4,0.0,
nm7473951,36,1.0,4,0.110526,
nm7474454,36,1.0,2,0.060519,
nm7474703,36,1.0,1,0.0,
nm7477011,36,1.0,2,0.08129,
nm7477060,36,1.0,2,0.110526,
nm7477489,36,1.0,1,0.0,
nm7478283,36,1.0,1,0.081395,
nm7478548,36,1.0,3,0.081186,
nm7478940,36,1.0,3,0.121387,
nm7480411,36,1.0,1,0.0,
nm7480472,36,1.0,4,0.0,
nm7482432,36,1.0,0,0.0,
nm7483869,36,1.0,2,0.0,
nm7487475,36,1.0,4,0.0,
nm7487526,36,1.0,3,0.0,
nm7487578,36,1.0,0,0.0,
nm7488036,36,1.0,3,0.0,
nm7488814,36,1.0,0,0.0,
nm7488983,36,1.0,3,0.076364,
nm7489043,36,1.0,5,0.0,
nm7489737,36,1.0,1,0.0,
nm7489961,36,1.0,1,0.0,
nm7490195,72,0.470588,2,0.0,
nm7491908,36,1.0,3,0.0,
nm7491912,36,1.0,0,0.0,
nm7492822,36,1.0,0,0.066808,
nm7494061,36,1.0,1,0.0,
nm7494237,36,1.0,0,0.0,
nm7497829,36,1.0,0,0.0,
nm7499818,36,1.0,6,0.0,
nm7501047,36,1.0,5,0.0,
nm7501381,36,1.0,2,0.0,
nm7501921,36,1.0,5,0.0,
nm7503954,36,1.0,0,0.0,
nm7504002,36,1.0,2,0.0,
nm7504157,72,0.470588,5,0.0,
nm7504215,72,0.529412,2,0.061463,
nm7504486,36,1.0,3,0.0,
nm7504772,36,1.0,2,0.0,
nm7504803,36,1.0,3,0.0,
nm7506705,36,1.0,2,0.0,
nm7507282,36,1.0,2,0.0,
nm7507993,36,1.0,3,0.074822,
nm7508996,36,1.0,2,0.0,
nm7509308,73,0.536765,2,0.0,
nm7509519,36,1.0,1,0.0,
nm7510432,36,1.0,3,0.0,
nm7511275,36,1.0,2,0.0,
nm7511512,36,1.0,1,0.0,
nm7512041,36,1.0,2,0.0,
nm7512142,36,1.0,3,0.0,
nm7514287,36,1.0,2,0.0,
nm7514964,36,1.0,1,0.0,
nm7517010,36,1.0,2,0.102773,
nm7517362,36,1.0,3,0.119772,
nm7517955,36,1.0,1,0.0,
nm7519255,36,1.0,2,0.0,
nm7519257,36,1.0,1,0.0,
nm7519259,36,1.0,0,0.0,
nm7519297,36,1.0,1,0.0,
nm7519937,36,1.0,2,0.0,
nm7519999,36,1.0,2,0.0,
nm7520461,36,1.0,3,0.0,
nm7521778,36,1.0,1,0.0,
nm7522291,36,1.0,1,0.0,
nm7522509,36,1.0,2,0.0,
nm7527785,36,1.0,3,0.0,
nm7527949,36,1.0,2,0.0,
nm7528716,36,1.0,2,0.096923,
nm7529924,36,1.0,2,0.0,
nm7532126,36,1.0,5,0.0,
nm7532160,36,1.0,1,0.0,
nm7532602,36,1.0,2,0.0,
nm7532664,72,0.470588,2,0.075359,
nm7532715,36,1.0,1,0.0,
nm7533736,36,1.0,4,0.0,
nm7533976,36,1.0,3,0.0,
nm7534999,36,1.0,1,0.0,
nm7535030,36,1.0,4,0.110915,
nm7535389,36,1.0,1,0.0,
nm7535414,36,1.0,0,0.0,
nm7538277,36,1.0,3,0.0,
nm7539023,36,1.0,1,0.0,
nm7541334,36,1.0,5,0.0,
nm7542582,36,1.0,0,0.0,
nm7542869,36,1.0,4,0.0,
nm7544691,36,1.0,4,0.0,
nm7545798,36,1.0,3,0.0,
nm7548456,36,1.0,1,0.0,
nm7548573,36,1.0,1,0.0,
nm7548924,36,1.0,6,0.125498,
nm7548984,36,1.0,2,0.0,
nm7549150,36,1.0,1,0.0,
nm7549676,36,1.0,3,0.0,
nm7552600,36,1.0,1,0.0,
nm7552807,36,1.0,1,0.0,
nm7553112,36,1.0,2,0.0,
nm7553114,36,1.0,1,0.0,
nm7556138,36,1.0,2,0.0,
nm7556681,36,1.0,4,0.0,
nm7557914,36,1.0,1,0.097072,
nm7559355,36,1.0,2,0.103618,
nm7559888,36,1.0,0,0.0,
nm7560620,36,1.0,2,0.0,
nm7561226,113,0.347692,3,0.120229,7.3e-05
nm7561244,36,1.0,4,0.116451,
nm7561406,36,1.0,4,0.0,
nm7561884,36,1.0,1,0.0,
nm7562618,36,1.0,3,0.0,
nm7562994,36,1.0,1,0.0,
nm7563501,72,0.529412,1,0.0,
nm7564241,36,1.0,1,0.0,
nm7565175,36,1.0,4,0.0,
nm7565564,36,1.0,6,0.0,
nm7565565,70,0.666667,3,0.0,
nm7565569,36,1.0,3,0.0,
nm7565671,36,1.0,1,0.056808,
nm7569294,36,1.0,4,0.0,
nm7570216,36,1.0,3,0.095745,
nm7573741,36,1.0,4,0.0,
nm7573814,72,0.470588,1,0.0,
nm7574457,36,1.0,2,0.0,
nm7574602,36,1.0,7,0.0,
nm7574603,36,1.0,1,0.0,
nm7574605,36,1.0,6,0.0,
nm7575303,36,1.0,2,0.0,
nm7576208,36,1.0,4,0.0,
nm7577090,36,1.0,2,0.0,
nm7577430,36,1.0,2,0.0,
nm7577471,36,1.0,2,0.0,
nm7578266,36,1.0,4,0.0,
nm7579068,36,1.0,0,0.0,
nm7579937,36,1.0,4,0.0,
nm7580719,36,1.0,2,0.0,
nm7581510,36,1.0,2,0.0,
nm7581690,36,1.0,0,0.0,
nm7582636,36,1.0,2,0.0,
nm7583174,36,1.0,4,0.0,
nm7583177,66,0.725275,3,0.0,
nm7583179,66,0.725275,2,0.0,
nm7584343,36,1.0,1,0.0,
nm7585380,36,1.0,3,0.0,
nm7585473,36,1.0,1,0.0,
nm7586511,36,1.0,3,0.0,
nm7587704,36,1.0,2,0.0,
nm7587855,36,1.0,4,0.114545,
nm7590368,121,0.372308,9,0.0,4.3e-05
nm7591676,36,1.0,5,0.0,
nm7592743,36,1.0,1,0.0,
nm7596281,36,1.0,2,0.0,
nm7596465,36,1.0,2,0.0,
nm7597173,36,1.0,3,0.0,
nm7597651,36,1.0,2,0.102606,
nm7599147,36,1.0,2,0.0,
nm7599451,36,1.0,1,0.0,
nm7600264,36,1.0,1,0.0,
nm7601016,36,1.0,3,0.0,
nm7601695,36,1.0,0,0.0,
nm7603308,36,1.0,2,0.0,
nm7604357,36,1.0,1,0.0,
nm7605608,75,0.490196,1,0.0,
nm7605611,36,1.0,7,0.0,
nm7605654,36,1.0,2,0.0,
nm7607384,36,1.0,0,0.0,
nm7607825,36,1.0,3,0.0,
nm7608220,36,1.0,1,0.08046,
nm7609198,36,1.0,4,0.0,
nm7609200,72,0.470588,3,0.0,
nm7609205,36,1.0,6,0.0,
nm7609206,36,1.0,5,0.0,
nm7609213,36,1.0,4,0.0,
nm7609214,72,0.470588,1,0.0,
nm7609218,36,1.0,1,0.0,
nm7609219,36,1.0,0,0.0,
nm7611437,36,1.0,3,0.0,
nm7612784,36,1.0,4,0.0,
nm7612930,36,1.0,3,0.0,
nm7613067,36,1.0,6,0.0,
nm7613069,36,1.0,5,0.0,
nm7613071,36,1.0,2,0.0,
nm7613074,36,1.0,3,0.0,
nm7613653,36,1.0,0,0.0,
nm7614842,36,1.0,3,0.0,
nm7615080,36,1.0,3,0.0,
nm7616435,36,1.0,1,0.0,
nm7618018,36,1.0,5,0.0,
nm7619400,36,1.0,1,0.0,
nm7620319,36,1.0,1,0.0,
nm7621475,36,1.0,1,0.0,
nm7622521,36,1.0,2,0.082245,
nm7624291,36,1.0,5,0.069922,
nm7624324,36,1.0,0,0.0,
nm7624827,36,1.0,2,0.0,
nm7626461,36,1.0,7,0.0,
nm7626470,36,1.0,6,0.0,
nm7627014,36,1.0,2,0.0,
nm7627852,36,1.0,1,0.0,
nm7628787,36,1.0,3,0.0,
nm7629480,36,1.0,3,0.0,
nm7630833,36,1.0,3,0.0,
nm7630834,36,1.0,2,0.0,
nm7630836,36,1.0,1,0.0,
nm7630841,36,1.0,0,0.0,
nm7632179,36,1.0,2,0.0,
nm7632532,36,1.0,0,0.0,
nm7632624,36,1.0,4,0.0,
nm7633470,36,1.0,3,0.0,
nm7635634,36,1.0,4,0.069922,
nm7636001,36,1.0,0,0.0,
nm7636308,36,1.0,2,0.0,
nm7637210,36,1.0,1,0.0,
nm7638116,36,1.0,3,0.118199,
nm7638796,36,1.0,4,0.0,
nm7639503,73,0.477124,3,0.129363,
nm7639625,36,1.0,3,0.0,
nm7639626,36,1.0,2,0.0,
nm7639984,36,1.0,1,0.0,
nm7640304,77,0.566176,7,0.0,
nm7641815,36,1.0,2,0.104305,
nm7642065,36,1.0,2,0.0,
nm7642152,36,1.0,5,0.074468,
nm7643294,36,1.0,0,0.0,
nm7644882,36,1.0,3,0.0,
nm7645455,135,0.710526,7,0.0,0.00027
nm7645843,36,1.0,4,0.123529,
nm7646570,72,0.470588,3,0.0,
nm7647352,36,1.0,2,0.0,
nm7648635,36,1.0,2,0.106599,
nm7648974,36,1.0,1,0.0,
nm7650817,36,1.0,0,0.0,
nm7653186,36,1.0,4,0.0,
nm7654200,36,1.0,2,0.0,
nm7655252,36,1.0,1,0.0,
nm7657383,36,1.0,2,0.0,
nm7657703,36,1.0,2,0.0,
nm7659185,36,1.0,3,0.0,
nm7659571,36,1.0,0,0.0,
nm7661881,36,1.0,3,0.0,
nm7661938,36,1.0,3,0.0,
nm7662035,36,1.0,1,0.0,
nm7662036,36,1.0,5,0.0,
nm7662319,36,1.0,1,0.0,
nm7662448,36,1.0,3,0.0,
nm7663135,36,1.0,0,0.0,
nm7663910,36,1.0,1,0.0,
nm7664209,36,1.0,0,0.0,
nm7665579,36,1.0,3,0.12069,
nm7665998,36,1.0,1,0.0,
nm7666800,36,1.0,1,0.0,
nm7667168,36,1.0,2,0.0,
nm7668897,36,1.0,3,0.0,
nm7669135,36,1.0,0,0.0,
nm7670840,36,1.0,1,0.0,
nm7672743,36,1.0,0,0.0,
nm7672956,36,1.0,0,0.0,
nm7674551,36,1.0,6,0.121622,
nm7677312,36,1.0,5,0.0,
nm7677571,36,1.0,4,0.0,
nm7679824,36,1.0,3,0.0,
nm7681612,36,1.0,2,0.0,
nm7681636,36,1.0,2,0.0,
nm7681807,36,1.0,3,0.0,
nm7682776,36,1.0,0,0.0,
nm7682933,36,1.0,2,0.0,
nm7684245,36,1.0,0,0.0,
nm7684852,36,1.0,3,0.120459,
nm7685071,36,1.0,4,0.0,
nm7685635,36,1.0,4,0.0,
nm7685655,36,1.0,3,0.0,
nm7687161,36,1.0,2,0.0,
nm7691231,36,1.0,3,0.0,
nm7693842,36,1.0,1,0.0,
nm7693957,36,1.0,2,0.0,
nm7694242,36,1.0,3,0.110526,
nm7694608,36,1.0,2,0.0,
nm7697360,36,1.0,5,0.0,
nm7697417,36,1.0,1,0.0,
nm7698067,36,1.0,0,0.0,
nm7698518,36,1.0,3,0.0,
nm7699591,36,1.0,1,0.0,
nm7699631,36,1.0,0,0.0,
nm7700576,36,1.0,2,0.0,
nm7700703,36,1.0,1,0.086066,
nm7701129,36,1.0,2,0.0,
nm7702461,36,1.0,2,0.0,
nm7703059,36,1.0,2,0.106419,
nm7703577,36,1.0,2,0.0,
nm7704530,72,0.470588,3,0.0,
nm7704744,36,1.0,4,0.0,
nm7704806,36,1.0,6,0.0,
nm7709200,36,1.0,1,0.0,
nm7709593,36,1.0,3,0.0,
nm7712734,36,1.0,3,0.073001,
nm7713302,36,1.0,5,0.0,
nm7713812,36,1.0,4,0.0,
nm7714600,36,1.0,1,0.0,
nm7716909,36,1.0,4,0.0,
nm7716984,36,1.0,2,0.0,
nm7720207,36,1.0,2,0.119545,
nm7721668,36,1.0,3,0.0,
nm7722049,36,1.0,2,0.0,
nm7722733,36,1.0,2,0.0,
nm7723888,36,1.0,1,0.0,
nm7725345,36,1.0,4,0.086777,
nm7726984,36,1.0,3,0.0,
nm7727350,36,1.0,2,0.0,
nm7727960,36,1.0,3,0.0,
nm7728725,36,1.0,2,0.0,
nm7728809,36,1.0,5,0.0,
nm7730296,36,1.0,2,0.0,
nm7730327,36,1.0,3,0.0,
nm7731379,73,0.695238,8,0.0,
nm7731977,36,1.0,4,0.0,
nm7732480,36,1.0,1,0.0,
nm7732655,36,1.0,4,0.1121,
nm7732675,98,0.424242,1,0.115385,0.000144
nm7733137,72,0.470588,5,0.122093,
nm7733262,36,1.0,1,0.0,
nm7733435,36,1.0,2,0.112299,
nm7734449,66,0.725275,4,0.098592,
nm7734450,36,1.0,2,0.076364,
nm7736042,36,1.0,1,0.0,
nm7736730,36,1.0,0,0.0,
nm7736740,36,1.0,2,0.096183,
nm7737551,36,1.0,3,0.0,
nm7737656,36,1.0,2,0.0,
nm7737710,36,1.0,2,0.0,
nm7739410,36,1.0,2,0.0,
nm7742005,36,1.0,4,0.114338,
nm7742646,36,1.0,1,0.0,
nm7744405,36,1.0,2,0.0,
nm7744472,36,1.0,0,0.0,
nm7744616,36,1.0,1,0.0,
nm7744845,72,0.470588,4,0.12831,
nm7744878,36,1.0,1,0.0,
nm7744932,36,1.0,7,0.0,
nm7745464,36,1.0,1,0.0,
nm7747145,36,1.0,1,0.0,
nm7747251,36,1.0,1,0.0,
nm7747767,36,1.0,0,0.0,
nm7747984,36,1.0,1,0.0,
nm7748240,36,1.0,2,0.06833,
nm7751840,36,1.0,3,0.10396,
nm7752372,36,1.0,4,0.0,
nm7753033,36,1.0,2,0.0,
nm7753897,36,1.0,1,0.0,
nm7754425,36,1.0,4,0.0,
nm7755046,36,1.0,2,0.0,
nm7755666,36,1.0,2,0.0,
nm7756026,36,1.0,2,0.0,
nm7756047,36,1.0,3,0.0,
nm7756094,36,1.0,6,0.0,
nm7756902,72,0.470588,1,0.0,
nm7757481,36,1.0,0,0.0,
nm7759916,72,0.470588,2,0.0,
nm7760093,36,1.0,1,0.0,
nm7760239,36,1.0,0,0.0,
nm7760595,36,1.0,3,0.0,
nm7761976,36,1.0,0,0.0,
nm7763809,36,1.0,2,0.066107,
nm7766764,36,1.0,4,0.0,
nm7767161,36,1.0,3,0.111901,
nm7770551,72,0.470588,2,0.0,
nm7770566,36,1.0,0,0.0,
nm7770979,36,1.0,3,0.0,
nm7774428,36,1.0,4,0.0,
nm7776185,36,1.0,3,0.0,
nm7778748,36,1.0,1,0.0,
nm7780354,36,1.0,3,0.0,
nm7782041,36,1.0,5,0.0,
nm7782043,36,1.0,4,0.0,
nm7782063,36,1.0,3,0.0,
nm7782080,36,1.0,2,0.0,
nm7782119,36,1.0,2,0.0,
nm7782141,36,1.0,2,0.0,
nm7782387,36,1.0,0,0.0,
nm7785804,72,0.470588,3,0.111901,
nm7785899,36,1.0,1,0.080769,
nm7785962,36,1.0,3,0.0,
nm7788268,36,1.0,1,0.0,
nm7788269,36,1.0,1,0.0,
nm7792489,36,1.0,1,0.0,
nm7793254,36,1.0,1,0.0,
nm7794816,36,1.0,0,0.0,
nm7795173,36,1.0,0,0.0,
nm7796669,36,1.0,4,0.111111,
nm7796795,36,1.0,2,0.0,
nm7797362,36,1.0,2,0.0,
nm7797832,36,1.0,2,0.0,
nm7798213,36,1.0,3,0.0,
nm7798251,36,1.0,0,0.0,
nm7798667,36,1.0,1,0.0,
nm7800337,36,1.0,4,0.0,
nm7800984,36,1.0,2,0.0,
nm7800985,36,1.0,1,0.0,
nm7801302,36,1.0,0,0.0,
nm7802204,36,1.0,4,0.117318,
nm7802497,36,1.0,2,0.0,
nm7802961,36,1.0,1,0.088359,
nm7803642,36,1.0,0,0.0,
nm7804649,36,1.0,2,0.0,
nm7806304,36,1.0,0,0.0,
nm7806571,36,1.0,1,0.0,
nm7809104,36,1.0,0,0.0,
nm7809716,36,1.0,2,0.0,
nm7809825,36,1.0,0,0.0,
nm7809939,36,1.0,3,0.065489,
nm7809993,36,1.0,0,0.0,
nm7811177,36,1.0,3,0.0,
nm7812022,36,1.0,0,0.0,
nm7812059,36,1.0,3,0.069922,
nm7813024,36,1.0,1,0.0,
nm7814127,36,1.0,2,0.097523,
nm7816583,36,1.0,0,0.0,
nm7816790,36,1.0,6,0.0,
nm7816978,36,1.0,6,0.0,
nm7819450,36,1.0,2,0.0,
nm7819823,36,1.0,0,0.0,
nm7820251,36,1.0,4,0.0,
nm7820582,36,1.0,6,0.0,
nm7821071,72,0.470588,3,0.0,
nm7821287,36,1.0,2,0.0,
nm7821768,36,1.0,0,0.0,
nm7821993,36,1.0,2,0.0,
nm7822046,36,1.0,5,0.0,
nm7822064,74,0.48366,5,0.0,
nm7822298,36,1.0,2,0.0,
nm7822670,36,1.0,3,0.0,
nm7824910,36,1.0,2,0.0,
nm7825235,72,0.470588,3,0.07,
nm7825322,72,0.470588,1,0.0,
nm7827998,36,1.0,2,0.0,
nm7828073,36,1.0,2,0.077111,
nm7828133,36,1.0,2,0.0,
nm7833427,36,1.0,0,0.0,
nm7834015,36,1.0,3,0.0,
nm7835118,36,1.0,0,0.0,
nm7836926,36,1.0,4,0.0,
nm7837226,73,0.477124,1,0.12426,
nm7837420,36,1.0,0,0.0,
nm7837890,36,1.0,4,0.0,
nm7837949,36,1.0,1,0.0,
nm7839325,36,1.0,2,0.0,
nm7840131,36,1.0,2,0.0,
nm7840305,36,1.0,2,0.0,
nm7840514,36,1.0,1,0.057904,
nm7840775,36,1.0,1,0.0,
nm7842711,36,1.0,2,0.0,
nm7842944,36,1.0,6,0.098437,
nm7842996,36,1.0,1,0.0,
nm7844980,36,1.0,1,0.0,
nm7845710,36,1.0,2,0.106599,
nm7846445,36,1.0,1,0.0,
nm7846596,36,1.0,3,0.0,
nm7846777,36,1.0,6,0.0,
nm7848050,36,1.0,6,0.116022,
nm7848796,36,1.0,2,0.0,
nm7848881,36,1.0,2,0.0,
nm7850258,36,1.0,7,0.130165,
nm7853326,36,1.0,1,0.0,
nm7853681,36,1.0,3,0.0,
nm7854903,36,1.0,4,0.062315,
nm7855374,181,0.182828,5,0.122568,8e-05
nm7856398,36,1.0,2,0.0,
nm7858189,36,1.0,1,0.0,
nm7858230,36,1.0,2,0.065489,
nm7859219,36,1.0,2,0.0,
nm7860012,36,1.0,2,0.074822,
nm7861830,36,1.0,2,0.0,
nm7862385,36,1.0,2,0.0,
nm7864509,36,1.0,2,0.0,
nm7864849,36,1.0,1,0.0,
nm7865013,36,1.0,0,0.0,
nm7866296,36,1.0,4,0.074468,
nm7868231,36,1.0,1,0.0,
nm7870592,36,1.0,1,0.0,
nm7874279,36,1.0,0,0.0,
nm7874640,36,1.0,2,0.0,
nm7878094,36,1.0,2,0.0,
nm7878527,36,1.0,4,0.0,
nm7883974,36,1.0,2,0.0,
nm7884000,36,1.0,2,0.0,
nm7884017,36,1.0,4,0.0,
nm7885560,36,1.0,4,0.0,
nm7886376,36,1.0,4,0.0,
nm7887725,72,0.470588,2,0.0,
nm7889014,36,1.0,1,0.0,
nm7889241,36,1.0,3,0.0,
nm7889606,36,1.0,3,0.0,
nm7890595,36,1.0,2,0.0,
nm7891787,36,1.0,1,0.0,
nm7892854,36,1.0,4,0.0,
nm7893878,36,1.0,0,0.0,
nm7894320,36,1.0,0,0.0,
nm7897290,36,1.0,0,0.0,
nm7898245,74,0.48366,6,0.0,
nm7898789,36,1.0,1,0.0,
nm7898975,36,1.0,8,0.0,
nm7899183,36,1.0,0,0.0,
nm7899531,72,0.6,3,0.0,
nm7900894,36,1.0,6,0.0,
nm7901259,36,1.0,1,0.0,
nm7902114,69,0.657143,3,0.0,
nm7903749,36,1.0,1,0.0,
nm7903846,36,1.0,0,0.0,
nm7903965,36,1.0,0,0.088483,
nm7906102,36,1.0,2,0.0,
nm7906830,36,1.0,2,0.0,
nm7907339,36,1.0,1,0.0,
nm7907410,36,1.0,1,0.0,
nm7908412,36,1.0,3,0.0,
nm7909122,36,1.0,2,0.10396,
nm7910551,36,1.0,2,0.0,
nm7910915,36,1.0,1,0.106599,
nm7911117,36,1.0,4,0.0,
nm7911216,36,1.0,0,0.0,
nm7912616,36,1.0,1,0.0,
nm7912847,36,1.0,2,0.0,
nm7915157,36,1.0,5,0.096626,
nm7917379,36,1.0,0,0.0,
nm7917727,36,1.0,6,0.121387,
nm7918400,36,1.0,3,0.0,
nm7919266,36,1.0,3,0.075179,
nm7920181,36,1.0,3,0.0,
nm7920193,36,1.0,2,0.0,
nm7920660,72,0.529412,3,0.0,
nm7922387,75,0.551471,3,0.0,
nm7922388,36,1.0,2,0.0,
nm7922531,36,1.0,3,0.0,
nm7922534,36,1.0,2,0.0,
nm7922711,74,0.48366,7,0.0,
nm7923536,36,1.0,1,0.0,
nm7925167,36,1.0,3,0.110526,
nm7926533,36,1.0,0,0.057904,
nm7927064,36,1.0,2,0.0,
nm7927066,36,1.0,2,0.0,
nm7928613,36,1.0,4,0.0,
nm7928683,36,1.0,1,0.0,
nm7929495,36,1.0,6,0.0,
nm7929499,36,1.0,5,0.0,
nm7929501,36,1.0,4,0.0,
nm7929504,36,1.0,3,0.0,
nm7929508,36,1.0,2,0.0,
nm7929509,36,1.0,1,0.0,
nm7929510,36,1.0,0,0.0,
nm7929688,36,1.0,3,0.070156,
nm7930619,36,1.0,2,0.0,
nm7931125,36,1.0,1,0.0,
nm7931483,36,1.0,3,0.101286,
nm7931755,36,1.0,1,0.0,
nm7933615,36,1.0,0,0.0,
nm7933720,36,1.0,2,0.0,
nm7934016,110,0.31339,4,0.115385,0.001467
nm7934161,36,1.0,3,0.074468,
nm7934247,36,1.0,2,0.0,
nm7936196,36,1.0,3,0.114545,
nm7937521,36,1.0,1,0.0,
nm7938836,36,1.0,1,0.0,
nm7939035,36,1.0,2,0.0,
nm7942101,36,1.0,4,0.0,
nm7942853,36,1.0,4,0.0,
nm7943677,36,1.0,0,0.0,
nm7944314,109,0.310541,6,0.123047,0.001071
nm7946606,36,1.0,1,0.0,
nm7948282,36,1.0,1,0.0,
nm7948429,36,1.0,5,0.0875,
nm7950030,36,1.0,0,0.0,
nm7952187,36,1.0,2,0.0,
nm7953451,36,1.0,3,0.0,
nm7954006,36,1.0,1,0.0,
nm7955935,72,0.470588,2,0.0,
nm7958931,36,1.0,4,0.105528,
nm7960887,36,1.0,1,0.0,
nm7961313,36,1.0,4,0.0,
nm7961780,36,1.0,1,0.0,
nm7963857,36,1.0,2,0.0,
nm7963858,36,1.0,5,0.0,
nm7963859,36,1.0,4,0.0,
nm7966228,36,1.0,2,0.0,
nm7967336,36,1.0,3,0.0,
nm7968804,36,1.0,3,0.0,
nm7968959,36,1.0,1,0.0,
nm7970056,72,0.470588,4,0.0,
nm7970235,36,1.0,2,0.0,
nm7970539,36,1.0,2,0.0,
nm7971356,36,1.0,1,0.0,
nm7973284,36,1.0,3,0.0,
nm7973570,36,1.0,0,0.0,
nm7976335,36,1.0,1,0.0,
nm7977067,36,1.0,1,0.0,
nm7977475,36,1.0,2,0.0,
nm7979536,36,1.0,0,0.0,
nm7979856,36,1.0,0,0.0,
nm7981127,36,1.0,2,0.0,
nm7981365,36,1.0,1,0.0,
nm7984132,36,1.0,0,0.0,
nm7984586,36,1.0,3,0.0,
nm7984876,36,1.0,4,0.0,
nm7986140,36,1.0,4,0.0,
nm7987438,36,1.0,1,0.0,
nm7987556,36,1.0,0,0.0,
nm7987902,36,1.0,1,0.0,
nm7987911,36,1.0,2,0.0,
nm7988098,36,1.0,2,0.0,
nm7988227,36,1.0,3,0.0,
nm7988260,36,1.0,2,0.0,
nm7989024,36,1.0,1,0.0,
nm7989363,36,1.0,3,0.105528,
nm7991288,36,1.0,2,0.0,
nm7991474,36,1.0,9,0.0,
nm7992092,36,1.0,4,0.0,
nm7993373,36,1.0,0,0.0,
nm7993498,36,1.0,2,0.0,
nm7993943,36,1.0,1,0.0,
nm7995979,36,1.0,2,0.0,
nm7997361,36,1.0,2,0.0,
nm7997369,36,1.0,2,0.0,
nm7999814,36,1.0,3,0.0,
nm8001323,36,1.0,1,0.0,
nm8002071,36,1.0,5,0.0,
nm8004027,36,1.0,0,0.0,
nm8004222,72,0.470588,6,0.0,
nm8004316,36,1.0,3,0.0,
nm8006127,36,1.0,1,0.0,
nm8006184,36,1.0,0,0.0,
nm8007355,36,1.0,2,0.0,
nm8007406,36,1.0,0,0.0,
nm8008780,36,1.0,3,0.0,
nm8009298,36,1.0,1,0.0,
nm8009836,36,1.0,3,0.0,
nm8011037,36,1.0,0,0.0,
nm8011197,36,1.0,1,0.0,
nm8011886,36,1.0,0,0.0,
nm8011939,36,1.0,2,0.0,
nm8014084,36,1.0,2,0.073171,
nm8015221,36,1.0,1,0.09389,
nm8015611,36,1.0,2,0.0,
nm8016666,36,1.0,2,0.0,
nm8016794,36,1.0,1,0.0,
nm8016955,36,1.0,1,0.0,
nm8017732,71,0.591667,1,0.0,
nm8017864,36,1.0,8,0.0,
nm8017879,36,1.0,4,0.0,
nm8018569,36,1.0,2,0.0,
nm8018636,36,1.0,2,0.0,
nm8019376,36,1.0,2,0.114545,
nm8020709,36,1.0,3,0.0,
nm8020783,36,1.0,2,0.0,
nm8020987,36,1.0,4,0.0,
nm8021173,78,0.509804,7,0.0,
nm8021222,71,0.591667,5,0.0,
nm8021695,72,0.470588,2,0.0,
nm8022637,36,1.0,1,0.0,
nm8022839,72,0.470588,2,0.0,
nm8022840,36,1.0,1,0.0,
nm8023685,36,1.0,3,0.0,
nm8024299,36,1.0,1,0.0,
nm8024327,36,1.0,4,0.0,
nm8024328,36,1.0,3,0.0,
nm8024329,36,1.0,2,0.0,
nm8024787,36,1.0,0,0.0,
nm8025272,36,1.0,2,0.110526,
nm8027543,36,1.0,0,0.0,
nm8028537,36,1.0,0,0.0,
nm8029573,36,1.0,2,0.0,
nm8030246,36,1.0,1,0.0,
nm8030827,36,1.0,0,0.0,
nm8032035,36,1.0,7,0.0,
nm8032581,36,1.0,1,0.0,
nm8033021,36,1.0,3,0.0,
nm8034525,36,1.0,0,0.0,
nm8037713,36,1.0,2,0.0,
nm8038662,36,1.0,3,0.0,
nm8038668,36,1.0,2,0.0,
nm8040682,36,1.0,3,0.0,
nm8041794,36,1.0,5,0.0,
nm8042819,36,1.0,1,0.0,
nm8043785,36,1.0,2,0.0,
nm8043810,36,1.0,2,0.0,
nm8044596,36,1.0,0,0.0,
nm8045059,36,1.0,3,0.0,
nm8045830,36,1.0,2,0.0,
nm8048846,36,1.0,0,0.0,
nm8050126,36,1.0,7,0.0,
nm8051846,36,1.0,0,0.0,
nm8051851,36,1.0,4,0.111901,
nm8051912,36,1.0,4,0.0,
nm8052257,36,1.0,1,0.0,
nm8052653,36,1.0,1,0.0,
nm8054476,108,0.307692,5,0.0,3e-05
nm8054855,36,1.0,2,0.0,
nm8054856,36,1.0,1,0.0,
nm8054857,36,1.0,0,0.0,
nm8055755,36,1.0,1,0.0,
nm8060566,36,1.0,2,0.0,
nm8061002,36,1.0,1,0.0,
nm8062452,36,1.0,1,0.0,
nm8062541,36,1.0,1,0.0,
nm8063282,36,1.0,1,0.0,
nm8065206,36,1.0,1,0.0,
nm8065943,36,1.0,1,0.0,
nm8067036,36,1.0,0,0.0,
nm8067930,36,1.0,0,0.0,
nm8068078,36,1.0,1,0.064286,
nm8068814,36,1.0,0,0.0,
nm8069289,36,1.0,3,0.0,
nm8069295,36,1.0,2,0.0,
nm8070141,36,1.0,1,0.0,
nm8071216,36,1.0,2,0.104478,
nm8072655,36,1.0,1,0.0,
nm8073026,70,0.666667,0,0.0,
nm8074717,36,1.0,0,0.0,
nm8076281,36,1.0,1,0.0,
nm8078334,36,1.0,1,0.0,
nm8079280,36,1.0,0,0.0,
nm8079983,36,1.0,4,0.0,
nm8080155,36,1.0,0,0.0,
nm8083073,36,1.0,0,0.0,
nm8084770,36,1.0,0,0.0,
nm8084987,36,1.0,0,0.0,
nm8088017,36,1.0,2,0.0,
nm8088541,36,1.0,0,0.0,
nm8091630,36,1.0,2,0.0,
nm8092417,36,1.0,0,0.0,
nm8092420,36,1.0,1,0.0,
nm8092791,36,1.0,2,0.0,
nm8094855,36,1.0,0,0.0,
nm8094889,36,1.0,1,0.0,
nm8095213,72,0.470588,3,0.0,
nm8095468,36,1.0,4,0.0,
nm8101697,36,1.0,0,0.0,
nm8103780,36,1.0,5,0.0,
nm8104400,36,1.0,3,0.080873,
nm8105604,36,1.0,4,0.0,
nm8105906,36,1.0,2,0.051429,
nm8108071,36,1.0,1,0.0,
nm8108730,36,1.0,1,0.062253,
nm8109372,36,1.0,5,0.0,
nm8110062,36,1.0,4,0.096626,
nm8111443,36,1.0,2,0.0,
nm8111706,36,1.0,0,0.0,
nm8111934,36,1.0,3,0.116667,
nm8112151,36,1.0,1,0.0,
nm8113511,36,1.0,1,0.0,
nm8113714,36,1.0,1,0.10396,
nm8113878,36,1.0,0,0.0,
nm8114202,36,1.0,1,0.0,
nm8115265,36,1.0,0,0.0,
nm8115563,36,1.0,0,0.0,
nm8116432,36,1.0,0,0.0,
nm8121515,36,1.0,2,0.0,
nm8121713,36,1.0,4,0.0,
nm8124260,36,1.0,4,0.100639,
nm8124363,36,1.0,2,0.0,
nm8125303,36,1.0,4,0.115596,
nm8129116,36,1.0,3,0.0,
nm8129850,36,1.0,0,0.0,
nm8129908,36,1.0,2,0.0,
nm8131647,36,1.0,0,0.0,
nm8131660,36,1.0,2,0.087744,
nm8133234,36,1.0,0,0.0,
nm8135859,36,1.0,1,0.0,
nm8136305,36,1.0,2,0.0,
nm8136360,72,0.470588,1,0.0,
nm8138176,36,1.0,1,0.0,
nm8139148,72,0.470588,6,0.0,
nm8139485,72,0.529412,2,0.082245,
nm8140155,36,1.0,0,0.0,
nm8140465,36,1.0,1,0.0,
nm8140511,36,1.0,3,0.0,
nm8140928,36,1.0,2,0.0,
nm8141494,36,1.0,1,0.0,
nm8143598,36,1.0,1,0.0,
nm8144014,36,1.0,0,0.0,
nm8144032,36,1.0,2,0.06409,
nm8146831,36,1.0,2,0.0,
nm8149850,36,1.0,1,0.09224,
nm8152221,36,1.0,0,0.0,
nm8152365,36,1.0,2,0.0,
nm8152587,36,1.0,5,0.0,
nm8153482,36,1.0,0,0.0,
nm8155551,36,1.0,0,0.0,
nm8157833,36,1.0,1,0.0,
nm8158574,36,1.0,2,0.0,
nm8158637,36,1.0,1,0.0,
nm8158779,36,1.0,2,0.058659,
nm8159701,36,1.0,2,0.0,
nm8159858,36,1.0,0,0.0,
nm8160070,36,1.0,0,0.0,
nm8160621,36,1.0,6,0.0,
nm8164806,36,1.0,1,0.0,
nm8165272,36,1.0,2,0.0,
nm8166767,111,0.316239,7,0.127273,0.000913
nm8167695,36,1.0,1,0.0,
nm8168644,36,1.0,0,0.0,
nm8169455,36,1.0,7,0.0,
nm8169461,57,0.863636,6,0.0,
nm8170479,36,1.0,2,0.095455,
nm8171576,36,1.0,2,0.0,
nm8172219,36,1.0,1,0.0,
nm8172595,36,1.0,1,0.0,
nm8173181,36,1.0,1,0.0,
nm8173369,36,1.0,0,0.0,
nm8173819,36,1.0,7,0.0,
nm8174053,36,1.0,1,0.0,
nm8174663,36,1.0,2,0.105528,
nm8175508,36,1.0,2,0.0,
nm8175611,36,1.0,0,0.0,
nm8177147,36,1.0,1,0.0,
nm8177465,36,1.0,1,0.0,
nm8177667,36,1.0,0,0.0,
nm8178442,36,1.0,5,0.0,
nm8178587,36,1.0,5,0.0,
nm8178625,36,1.0,3,0.0,
nm8178680,36,1.0,2,0.0,
nm8178775,36,1.0,1,0.0,
nm8179407,36,1.0,3,0.126761,
nm8180542,36,1.0,2,0.0,
nm8182394,36,1.0,0,0.0,
nm8185152,36,1.0,1,0.0,
nm8185157,36,1.0,1,0.0,
nm8185690,36,1.0,1,0.0,
nm8186095,36,1.0,2,0.0,
nm8187490,36,1.0,2,0.114754,
nm8189431,73,0.477124,2,0.0,
nm8189662,36,1.0,1,0.0,
nm8191940,36,1.0,1,0.0,
nm8191991,36,1.0,1,0.0,
nm8192103,62,0.794872,0,0.110915,
nm8192952,36,1.0,3,0.0,
nm8193718,36,1.0,2,0.0,
nm8194718,36,1.0,0,0.0,
nm8194931,36,1.0,3,0.0,
nm8195186,36,1.0,3,0.116451,
nm8196922,36,1.0,0,0.0,
nm8197294,36,1.0,3,0.0,
nm8198549,36,1.0,0,0.0,
nm8200235,36,1.0,5,0.0,
nm8203122,66,0.725275,3,0.098592,
nm8204313,36,1.0,5,0.0,
nm8205904,36,1.0,0,0.0,
nm8205920,74,0.48366,7,0.126,
nm8206133,36,1.0,2,0.074468,
nm8206788,36,1.0,6,0.107325,
nm8207120,36,1.0,0,0.0,
nm8207234,36,1.0,0,0.08046,
nm8207833,36,1.0,3,0.0,
nm8208331,36,1.0,1,0.055507,
nm8208671,36,1.0,2,0.0,
nm8209433,36,1.0,2,0.0,
nm8211052,36,1.0,1,0.061463,
nm8211152,36,1.0,3,0.0,
nm8213628,36,1.0,1,0.0,
nm8214441,36,1.0,2,0.0,
nm8218516,36,1.0,1,0.0,
nm8220034,36,1.0,1,0.093333,
nm8223791,36,1.0,5,0.116451,
nm8224164,36,1.0,1,0.058659,
nm8225192,36,1.0,0,0.0,
nm8225982,36,1.0,1,0.0,
nm8226618,36,1.0,0,0.0,
nm8228693,36,1.0,5,0.0,
nm8228726,36,1.0,2,0.070156,
nm8229113,36,1.0,2,0.0,
nm8229233,36,1.0,0,0.0,
nm8229647,36,1.0,2,0.0,
nm8230074,36,1.0,5,0.0,
nm8231979,36,1.0,3,0.0,
nm8232273,36,1.0,5,0.0,
nm8234064,36,1.0,4,0.0,
nm8234708,36,1.0,3,0.0,
nm8236770,36,1.0,0,0.0,
nm8238745,36,1.0,3,0.0,
nm8240143,36,1.0,1,0.0,
nm8241978,36,1.0,3,0.0,
nm8243159,36,1.0,2,0.0,
nm8243160,69,0.657143,1,0.0,
nm8243370,36,1.0,2,0.0,
nm8243442,36,1.0,0,0.0,
nm8245587,36,1.0,3,0.0,
nm8246782,36,1.0,1,0.0,
nm8248120,36,1.0,1,0.0,
nm8249698,36,1.0,2,0.0,
nm8254246,36,1.0,1,0.0,
nm8254696,36,1.0,0,0.0,
nm8254972,36,1.0,1,0.0,
nm8255801,36,1.0,0,0.0,
nm8257146,36,1.0,3,0.112701,
nm8257504,36,1.0,0,0.0,
nm8258443,36,1.0,5,0.0,
nm8263621,36,1.0,2,0.0,
nm8263622,36,1.0,4,0.0,
nm8263623,36,1.0,2,0.0,
nm8264172,72,0.470588,1,0.0,
nm8264364,36,1.0,0,0.0,
nm8266000,72,0.470588,2,0.0,
nm8266096,36,1.0,3,0.0,
nm8266609,36,1.0,3,0.0,
nm8268551,108,0.36,2,0.0,0.0
nm8269687,36,1.0,1,0.0,
nm8269806,72,0.470588,1,0.103279,
nm8270797,36,1.0,2,0.0,
nm8272878,72,0.470588,0,0.0,
nm8273597,36,1.0,2,0.0,
nm8274224,36,1.0,4,0.0,
nm8275076,36,1.0,1,0.0,
nm8276776,36,1.0,1,0.0,
nm8277159,36,1.0,0,0.0,
nm8277879,36,1.0,1,0.116236,
nm8280069,36,1.0,4,0.0,
nm8282112,36,1.0,0,0.0,
nm8283698,36,1.0,1,0.0,
nm8284971,72,0.470588,2,0.0,
nm8285638,36,1.0,1,0.0,
nm8285867,36,1.0,6,0.0,
nm8287501,36,1.0,0,0.0,
nm8288376,36,1.0,5,0.0,
nm8288748,36,1.0,4,0.0,
nm8290316,36,1.0,1,0.0,
nm8290598,36,1.0,4,0.0,
nm8290747,76,0.496732,8,0.0,
nm8291959,36,1.0,0,0.0,
nm8293941,36,1.0,2,0.0,
nm8294079,36,1.0,0,0.0,
nm8294218,36,1.0,4,0.0,
nm8294221,36,1.0,3,0.0,
nm8294222,36,1.0,2,0.0,
nm8297771,36,1.0,1,0.0,
nm8297989,36,1.0,3,0.0,
nm8298324,36,1.0,1,0.0,
nm8298453,36,1.0,2,0.0,
nm8298591,36,1.0,0,0.0,
nm8300348,36,1.0,9,0.0,
nm8300353,79,0.51634,2,0.0,
nm8300354,311,0.194862,4,0.0,0.000296
nm8300827,72,0.529412,2,0.064417,
nm8301754,36,1.0,3,0.0,
nm8302445,36,1.0,5,0.0,
nm8303423,36,1.0,1,0.106419,
nm8305739,36,1.0,5,0.0,
nm8308484,36,1.0,1,0.0,
nm8309564,36,1.0,4,0.0,
nm8309876,36,1.0,0,0.0,
nm8311520,36,1.0,0,0.0,
nm8311581,36,1.0,4,0.116451,
nm8312370,36,1.0,1,0.0,
nm8312694,36,1.0,4,0.100639,
nm8313465,36,1.0,3,0.0,
nm8313494,36,1.0,4,0.0,
nm8313648,36,1.0,4,0.095455,
nm8314219,36,1.0,3,0.0,
nm8314230,36,1.0,1,0.0,
nm8315801,36,1.0,3,0.0,
nm8316861,36,1.0,3,0.0,
nm8317936,36,1.0,1,0.0,
nm8319268,36,1.0,2,0.0,
nm8319648,36,1.0,1,0.073171,
nm8320014,36,1.0,3,0.0,
nm8320219,36,1.0,0,0.0,
nm8322290,36,1.0,2,0.103618,
nm8322724,36,1.0,1,0.054031,
nm8324152,36,1.0,1,0.0,
nm8324884,36,1.0,6,0.0,
nm8325447,36,1.0,3,0.115596,
nm8325448,36,1.0,3,0.117318,
nm8327046,36,1.0,2,0.0,
nm8328802,36,1.0,1,0.0,
nm8328803,72,0.470588,1,0.0,
nm8329218,36,1.0,1,0.0,
nm8329710,36,1.0,2,0.0,
nm8329755,36,1.0,1,0.0,
nm8331248,36,1.0,1,0.0,
nm8332019,36,1.0,1,0.0,
nm8332122,36,1.0,1,0.09633,
nm8332644,72,0.470588,1,0.0,
nm8333786,36,1.0,1,0.0,
nm8334221,36,1.0,1,0.0,
nm8337227,36,1.0,2,0.0,
nm8340687,36,1.0,0,0.0,
nm8341089,36,1.0,0,0.0,
nm8342903,36,1.0,1,0.0,
nm8344458,36,1.0,1,0.087137,
nm8344785,36,1.0,4,0.0,
nm8348095,36,1.0,5,0.107325,
nm8348481,36,1.0,0,0.0,
nm8348575,36,1.0,2,0.0,
nm8349412,36,1.0,1,0.0,
nm8349785,36,1.0,3,0.0,
nm8350918,36,1.0,0,0.0,
nm8351607,36,1.0,4,0.0,
nm8352392,36,1.0,1,0.0,
nm8352556,36,1.0,1,0.0,
nm8353860,36,1.0,1,0.0,
nm8353861,36,1.0,1,0.0,
nm8356899,36,1.0,2,0.0,
nm8357122,36,1.0,2,0.0,
nm8358333,36,1.0,7,0.0,
nm8358334,36,1.0,6,0.0,
nm8358336,36,1.0,7,0.0,
nm8358337,76,0.496732,9,0.0,
nm8358339,36,1.0,9,0.0,
nm8358488,311,0.194862,4,0.0,0.000168
nm8358490,121,0.344729,8,0.0,2.8e-05
nm8358493,118,0.363077,8,0.0,5.6e-05
nm8358495,36,1.0,7,0.0,
nm8358814,36,1.0,2,0.0,
nm8359383,36,1.0,2,0.0,
nm8359418,36,1.0,6,0.0,
nm8359696,36,1.0,1,0.0,
nm8359835,36,1.0,8,0.0,
nm8360867,36,1.0,1,0.0,
nm8361677,36,1.0,3,0.0,
nm8361827,36,1.0,0,0.0,
nm8361950,36,1.0,0,0.0,
nm8362121,36,1.0,0,0.0,
nm8363024,36,1.0,0,0.0,
nm8365413,36,1.0,4,0.0,
nm8365589,36,1.0,2,0.0,
nm8367216,36,1.0,3,0.0,
nm8367803,36,1.0,0,0.0,
nm8370368,36,1.0,1,0.0,
nm8372639,36,1.0,2,0.0,
nm8373555,36,1.0,1,0.0,
nm8373689,36,1.0,1,0.0,
nm8376185,36,1.0,0,0.0,
nm8376220,36,1.0,1,0.110915,
nm8379439,36,1.0,1,0.0,
nm8379538,36,1.0,4,0.0,
nm8380569,36,1.0,2,0.0,
nm8381609,36,1.0,0,0.0,
nm8383131,72,0.470588,2,0.08129,
nm8385038,36,1.0,2,0.0,
nm8387024,36,1.0,5,0.0,
nm8387572,36,1.0,4,0.124506,
nm8388527,36,1.0,3,0.082786,
nm8389112,36,1.0,1,0.0,
nm8389782,36,1.0,3,0.108434,
nm8395450,36,1.0,0,0.0,
nm8398350,36,1.0,6,0.0,
nm8398797,131,0.474638,0,0.0,0.000511
nm8400629,36,1.0,4,0.0,
nm8400631,36,1.0,3,0.0,
nm8400634,36,1.0,2,0.0,
nm8400771,36,1.0,6,0.0,
nm8400781,36,1.0,5,0.0,
nm8400782,36,1.0,4,0.0,
nm8401263,77,0.566176,8,0.0,
nm8402598,36,1.0,1,0.114754,
nm8402599,36,1.0,3,0.114338,
nm8402737,36,1.0,1,0.0,
nm8402992,36,1.0,1,0.086538,
nm8403469,36,1.0,5,0.0,
nm8405449,36,1.0,0,0.0,
nm8405537,36,1.0,0,0.0,
nm8406236,36,1.0,1,0.0,
nm8406459,36,1.0,2,0.0,
nm8406545,36,1.0,6,0.0,
nm8406548,36,1.0,5,0.0,
nm8407826,36,1.0,0,0.0,
nm8408269,36,1.0,2,0.098592,
nm8408274,36,1.0,3,0.111307,
nm8408568,36,1.0,2,0.104132,
nm8408599,36,1.0,1,0.0,
nm8409908,36,1.0,0,0.0,
nm8411029,36,1.0,2,0.0,
nm8411067,36,1.0,1,0.0,
nm8412146,36,1.0,1,0.0,
nm8412322,36,1.0,6,0.116883,
nm8412661,36,1.0,2,0.095745,
nm8412958,36,1.0,2,0.0,
nm8413523,36,1.0,0,0.0,
nm8413691,36,1.0,1,0.0,
nm8414004,36,1.0,1,0.0,
nm8415169,36,1.0,1,0.0,
nm8418847,36,1.0,1,0.0,
nm8419909,72,0.470588,1,0.0,
nm8419928,36,1.0,5,0.0,
nm8419930,36,1.0,4,0.0,
nm8420520,36,1.0,4,0.0,
nm8422299,36,1.0,2,0.0,
nm8423459,36,1.0,0,0.0,
nm8423523,36,1.0,6,0.0,
nm8423524,36,1.0,1,0.0,
nm8424738,36,1.0,0,0.0,
nm8425106,36,1.0,2,0.0,
nm8427431,36,1.0,2,0.0,
nm8429516,36,1.0,1,0.0,
nm8430400,36,1.0,5,0.0,
nm8432165,72,0.470588,1,0.0,
nm8432167,36,1.0,2,0.0,
nm8433300,36,1.0,1,0.0,
nm8433745,36,1.0,1,0.0,
nm8435168,36,1.0,3,0.077111,
nm8435180,36,1.0,3,0.1008,
nm8435544,36,1.0,2,0.0,
nm8437918,36,1.0,1,0.0,
nm8440701,36,1.0,3,0.116022,
nm8443805,36,1.0,3,0.0,
nm8444699,36,1.0,5,0.118199,
nm8444816,36,1.0,2,0.111307,
nm8445335,36,1.0,2,0.0,
nm8445528,36,1.0,1,0.0,
nm8446544,36,1.0,1,0.0,
nm8446720,36,1.0,1,0.0,
nm8447136,36,1.0,1,0.0,
nm8447789,72,0.470588,2,0.083554,
nm8448992,36,1.0,4,0.0,
nm8450134,36,1.0,0,0.0,
nm8450324,36,1.0,2,0.089235,
nm8450570,72,0.470588,0,0.0,
nm8452127,36,1.0,0,0.0,
nm8453051,36,1.0,1,0.0,
nm8454250,36,1.0,2,0.083554,
nm8454987,36,1.0,3,0.0,
nm8456315,36,1.0,2,0.0,
nm8457419,36,1.0,1,0.0,
nm8457558,36,1.0,3,0.086777,
nm8459247,36,1.0,2,0.09633,
nm8460271,36,1.0,2,0.0,
nm8461408,72,0.470588,1,0.0,
nm8462013,36,1.0,1,0.0,
nm8464384,36,1.0,2,0.0,
nm8465532,36,1.0,2,0.0,
nm8465573,36,1.0,0,0.0,
nm8467055,36,1.0,1,0.0,
nm8467135,36,1.0,1,0.0,
nm8467477,36,1.0,0,0.0,
nm8467479,36,1.0,1,0.0,
nm8468017,36,1.0,1,0.0,
nm8468471,72,0.470588,1,0.0,
nm8470426,36,1.0,0,0.0,
nm8471120,36,1.0,0,0.0,
nm8471994,36,1.0,0,0.0,
nm8473458,36,1.0,5,0.0,
nm8474939,36,1.0,3,0.0,
nm8476463,36,1.0,0,0.0,
nm8481488,36,1.0,0,0.0,
nm8483176,72,0.529412,2,0.098437,
nm8485153,36,1.0,6,0.0,
nm8485169,36,1.0,0,0.0,
nm8485294,36,1.0,2,0.0,
nm8485804,36,1.0,1,0.0,
nm8487528,36,1.0,1,0.0,
nm8488982,72,0.470588,5,0.117978,
nm8490093,72,0.470588,3,0.0,
nm8490426,36,1.0,3,0.111901,
nm8490640,36,1.0,2,0.0,
nm8490775,36,1.0,6,0.0,
nm8490776,75,0.490196,9,0.0,
nm8491051,36,1.0,1,0.104478,
nm8491070,36,1.0,7,0.0,
nm8491123,36,1.0,8,0.0,
nm8491125,79,0.580882,9,0.0,
nm8493387,72,0.470588,3,0.0,
nm8494472,36,1.0,1,0.058659,
nm8495218,36,1.0,3,0.0,
nm8495592,36,1.0,1,0.0,
nm8497034,36,1.0,1,0.0,
nm8497569,36,1.0,0,0.0,
nm8499313,36,1.0,1,0.0,
nm8499543,36,1.0,2,0.0,
nm8499556,36,1.0,2,0.0,
nm8500276,36,1.0,1,0.0,
nm8500591,36,1.0,1,0.0,
nm8500687,75,0.490196,1,0.0,
nm8500959,36,1.0,2,0.0,
nm8501138,36,1.0,5,0.0,
nm8502251,36,1.0,4,0.0,
nm8502254,36,1.0,3,0.0,
nm8502325,36,1.0,1,0.0,
nm8502390,36,1.0,0,0.0,
nm8504956,36,1.0,3,0.0,
nm8505306,36,1.0,3,0.0,
nm8505639,72,0.470588,0,0.0,
nm8505847,36,1.0,5,0.0,
nm8509764,57,0.863636,5,0.0,
nm8509765,57,0.863636,4,0.0,
nm8509768,57,0.863636,3,0.0,
nm8509873,36,1.0,0,0.0,
nm8510226,36,1.0,0,0.0,
nm8510480,36,1.0,1,0.066107,
nm8510546,36,1.0,2,0.0,
nm8511955,36,1.0,2,0.0,
nm8512286,72,0.470588,2,0.0,
nm8512754,36,1.0,1,0.0,
nm8513869,36,1.0,1,0.0,
nm8513878,36,1.0,0,0.0,
nm8516270,36,1.0,0,0.0,
nm8516743,36,1.0,1,0.0,
nm8517084,36,1.0,0,0.0,
nm8518195,36,1.0,4,0.0,
nm8518525,36,1.0,3,0.0,
nm8519754,36,1.0,1,0.0,
nm8519895,36,1.0,1,0.0,
nm8520694,36,1.0,3,0.0,
nm8520890,36,1.0,1,0.088112,
nm8521564,36,1.0,2,0.0,
nm8521672,36,1.0,2,0.0,
nm8524845,36,1.0,0,0.0,
nm8525654,36,1.0,3,0.0,
nm8526671,36,1.0,1,0.0,
nm8526961,36,1.0,3,0.0,
nm8527073,36,1.0,0,0.0,
nm8527294,36,1.0,1,0.0,
nm8529314,36,1.0,1,0.0,
nm8530716,36,1.0,0,0.0,
nm8531116,36,1.0,1,0.074468,
nm8531599,36,1.0,3,0.0,
nm8531626,36,1.0,1,0.0,
nm8531722,36,1.0,1,0.101942,
nm8531954,36,1.0,4,0.0,
nm8531955,36,1.0,3,0.0,
nm8531959,36,1.0,1,0.0,
nm8532388,36,1.0,1,0.0,
nm8533766,36,1.0,0,0.0,
nm8534450,36,1.0,3,0.0,
nm8535650,36,1.0,5,0.0,
nm8535692,36,1.0,1,0.0,
nm8535824,36,1.0,0,0.0,
nm8535950,36,1.0,0,0.0,
nm8536897,36,1.0,3,0.0,
nm8540541,36,1.0,0,0.0,
nm8541170,36,1.0,0,0.0,
nm8541375,36,1.0,1,0.0,
nm8541750,66,0.725275,2,0.098592,
nm8543158,36,1.0,6,0.0,
nm8543451,72,0.470588,1,0.0,
nm8543928,36,1.0,1,0.0,
nm8544626,36,1.0,2,0.0,
nm8544967,36,1.0,0,0.0,
nm8547011,69,0.657143,0,0.0,
nm8547014,36,1.0,5,0.0,
nm8547541,36,1.0,2,0.120459,
nm8547878,36,1.0,0,0.0,
nm8547970,36,1.0,2,0.0,
nm8554038,36,1.0,1,0.061765,
nm8554085,36,1.0,1,0.0,
nm8554087,36,1.0,0,0.0,
nm8556087,36,1.0,3,0.098746,
nm8556645,36,1.0,1,0.0,
nm8557211,36,1.0,0,0.0,
nm8558090,36,1.0,2,0.0,
nm8558895,36,1.0,0,0.0,
nm8559164,36,1.0,5,0.0,
nm8560414,36,1.0,4,0.0,
nm8565423,36,1.0,5,0.11014,
nm8567129,36,1.0,1,0.070866,
nm8568295,36,1.0,1,0.0,
nm8569197,36,1.0,1,0.0,
nm8570283,36,1.0,4,0.098437,
nm8573878,36,1.0,1,0.0,
nm8573905,36,1.0,1,0.0,
nm8574050,36,1.0,0,0.0,
nm8574442,36,1.0,1,0.0,
nm8574900,36,1.0,1,0.0,
nm8574940,36,1.0,1,0.0,
nm8575766,36,1.0,2,0.0,
nm8576149,36,1.0,4,0.0,
nm8578134,36,1.0,1,0.0,
nm8581283,36,1.0,4,0.0,
nm8581789,36,1.0,1,0.0,
nm8582082,36,1.0,0,0.0,
nm8582532,36,1.0,2,0.0,
nm8583232,36,1.0,0,0.0,
nm8584381,36,1.0,2,0.0,
nm8584475,36,1.0,0,0.0,
nm8586210,36,1.0,1,0.0,
nm8586448,36,1.0,0,0.0,
nm8586613,36,1.0,1,0.0,
nm8587084,36,1.0,5,0.0,
nm8587627,36,1.0,3,0.0,
nm8589214,74,0.48366,3,0.0,
nm8589893,36,1.0,1,0.0,
nm8590202,36,1.0,2,0.0,
nm8590711,36,1.0,3,0.0,
nm8590992,36,1.0,2,0.0,
nm8592814,36,1.0,0,0.0,
nm8594703,36,1.0,3,0.0,
nm8595061,36,1.0,2,0.0,
nm8595063,36,1.0,1,0.0,
nm8595182,36,1.0,3,0.1121,
nm8595292,36,1.0,2,0.110915,
nm8597648,36,1.0,4,0.0,
nm8597673,36,1.0,0,0.0,
nm8599195,36,1.0,1,0.0,
nm8599411,36,1.0,3,0.0,
nm8599881,36,1.0,1,0.0,
nm8600510,36,1.0,0,0.0,
nm8602194,36,1.0,5,0.0,
nm8602248,36,1.0,1,0.0,
nm8602656,36,1.0,0,0.0,
nm8604640,36,1.0,3,0.0,
nm8604880,36,1.0,1,0.0,
nm8605837,36,1.0,5,0.0,
nm8606666,36,1.0,2,0.0,
nm8606718,36,1.0,0,0.0,
nm8608183,36,1.0,4,0.0,
nm8608230,36,1.0,0,0.0,
nm8609805,36,1.0,0,0.0,
nm8610001,36,1.0,1,0.089872,
nm8610597,36,1.0,0,0.0,
nm8612305,111,0.341538,0,0.130977,0.000541
nm8612331,36,1.0,1,0.0,
nm8613028,36,1.0,0,0.0,
nm8613647,36,1.0,1,0.0,
nm8615474,36,1.0,4,0.0,
nm8616359,36,1.0,6,0.0,
nm8616457,36,1.0,2,0.0,
nm8616609,36,1.0,3,0.102941,
nm8619320,36,1.0,1,0.0,
nm8619584,36,1.0,3,0.0,
nm8620401,36,1.0,2,0.0,
nm8624059,36,1.0,1,0.0,
nm8624891,36,1.0,5,0.0,
nm8627157,36,1.0,1,0.0,
nm8627164,36,1.0,0,0.0,
nm8627581,36,1.0,4,0.0,
nm8627770,36,1.0,1,0.0,
nm8630035,57,0.863636,1,0.0,
nm8630036,57,0.863636,0,0.0,
nm8631697,36,1.0,5,0.0,
nm8633981,36,1.0,2,0.0,
nm8635760,36,1.0,1,0.0,
nm8635807,36,1.0,4,0.115596,
nm8637232,36,1.0,5,0.0,
nm8638195,36,1.0,0,0.0,
nm8639066,36,1.0,4,0.0,
nm8639477,36,1.0,3,0.0,
nm8640499,36,1.0,0,0.0,
nm8641420,36,1.0,1,0.0,
nm8642552,36,1.0,1,0.087744,
nm8643740,36,1.0,2,0.0,
nm8645154,36,1.0,1,0.076364,
nm8646848,36,1.0,1,0.09403,
nm8647493,36,1.0,1,0.0,
nm8649953,36,1.0,0,0.0,
nm8652229,36,1.0,4,0.0,
nm8652775,36,1.0,0,0.0,
nm8653223,36,1.0,3,0.0,
nm8655719,36,1.0,1,0.0,
nm8657736,36,1.0,3,0.0,
nm8657997,36,1.0,0,0.0,
nm8658151,36,1.0,0,0.0,
nm8658956,36,1.0,3,0.0,
nm8659047,36,1.0,1,0.075179,
nm8660204,36,1.0,3,0.0,
nm8660970,72,0.470588,3,0.0,
nm8661629,36,1.0,2,0.0,
nm8661684,36,1.0,1,0.0,
nm8662410,36,1.0,7,0.0,
nm8662914,36,1.0,5,0.0,
nm8664914,36,1.0,1,0.0,
nm8667631,36,1.0,3,0.0,
nm8668837,36,1.0,1,0.077111,
nm8668984,36,1.0,1,0.0,
nm8669558,36,1.0,1,0.0,
nm8669559,36,1.0,3,0.0,
nm8669563,72,0.529412,2,0.0,
nm8672549,36,1.0,5,0.0,
nm8674109,111,0.37,7,0.0,9e-06
nm8674239,36,1.0,4,0.0,
nm8674786,36,1.0,2,0.0,
nm8675492,36,1.0,2,0.0,
nm8677722,36,1.0,0,0.0,
nm8678236,36,1.0,3,0.0,
nm8680851,36,1.0,2,0.0,
nm8681917,36,1.0,0,0.0,
nm8682138,36,1.0,1,0.0,
nm8682329,36,1.0,4,0.12069,
nm8682490,36,1.0,1,0.0,
nm8683370,36,1.0,1,0.0,
nm8684773,36,1.0,0,0.0,
nm8686011,36,1.0,3,0.0,
nm8686347,36,1.0,5,0.0,
nm8686352,36,1.0,4,0.0,
nm8686354,36,1.0,3,0.0,
nm8686355,36,1.0,2,0.0,
nm8687556,36,1.0,1,0.0,
nm8687620,36,1.0,0,0.0,
nm8690228,36,1.0,2,0.0,
nm8690230,36,1.0,2,0.0,
nm8692649,69,0.657143,2,0.0,
nm8695774,36,1.0,1,0.0,
nm8696173,36,1.0,0,0.0,
nm8696625,36,1.0,5,0.0,
nm8696788,36,1.0,0,0.0,
nm8697489,36,1.0,0,0.0,
nm8698445,36,1.0,2,0.1121,
nm8699662,36,1.0,2,0.0,
nm8699770,36,1.0,2,0.0,
nm8700897,36,1.0,0,0.0,
nm8701144,36,1.0,0,0.0,
nm8702090,36,1.0,2,0.0,
nm8702399,36,1.0,2,0.082677,
nm8702519,36,1.0,3,0.0,
nm8704001,36,1.0,0,0.0,
nm8704664,36,1.0,1,0.0,
nm8704826,36,1.0,0,0.0,
nm8705358,36,1.0,0,0.0,
nm8705370,36,1.0,2,0.0,
nm8705577,36,1.0,0,0.0,
nm8706685,36,1.0,0,0.0,
nm8710368,36,1.0,1,0.0,
nm8710536,36,1.0,3,0.0,
nm8710554,77,0.503268,8,0.0,
nm8712098,36,1.0,0,0.0,
nm8713021,72,0.470588,0,0.0,
nm8715162,72,0.470588,3,0.0,
nm8715317,36,1.0,2,0.0,
nm8715338,36,1.0,1,0.0,
nm8715864,36,1.0,1,0.0,
nm8716993,36,1.0,3,0.0,
nm8717305,36,1.0,8,0.0,
nm8718111,36,1.0,2,0.0,
nm8718565,36,1.0,2,0.0,
nm8719768,36,1.0,0,0.0,
nm8720708,36,1.0,0,0.0,
nm8720783,36,1.0,0,0.055507,
nm8721088,36,1.0,0,0.0,
nm8721279,36,1.0,1,0.0,
nm8722290,36,1.0,2,0.0,
nm8722291,72,0.470588,0,0.0,
nm8722633,36,1.0,2,0.0,
nm8723487,36,1.0,0,0.0,
nm8725042,36,1.0,3,0.0,
nm8725945,36,1.0,0,0.0,
nm8726520,72,0.470588,0,0.0,
nm8728332,36,1.0,4,0.0,
nm8728601,36,1.0,2,0.0,
nm8728647,36,1.0,0,0.0,
nm8730008,36,1.0,1,0.0,
nm8730563,36,1.0,2,0.0,
nm8731685,36,1.0,1,0.0,
nm8734582,36,1.0,3,0.0,
nm8734857,36,1.0,7,0.0,
nm8736397,36,1.0,2,0.0,
nm8736591,36,1.0,0,0.0,
nm8737285,72,0.470588,2,0.0,
nm8737658,36,1.0,1,0.0,
nm8738069,36,1.0,2,0.0,
nm8739748,36,1.0,2,0.0,
nm8740078,36,1.0,3,0.0,
nm8740834,36,1.0,0,0.070866,
nm8742390,36,1.0,0,0.0,
nm8742839,36,1.0,0,0.0,
nm8743465,36,1.0,1,0.0,
nm8743660,36,1.0,0,0.0,
nm8743969,111,0.316239,6,0.113924,0.00043
nm8744341,36,1.0,2,0.066386,
nm8744533,36,1.0,0,0.0,
nm8744655,36,1.0,1,0.0,
nm8745779,36,1.0,3,0.075995,
nm8747878,36,1.0,1,0.0,
nm8748462,36,1.0,1,0.0,
nm8749103,36,1.0,0,0.0,
nm8750454,36,1.0,1,0.0,
nm8752530,36,1.0,1,0.0,
nm8752948,36,1.0,5,0.114754,
nm8754981,36,1.0,0,0.0,
nm8758347,36,1.0,3,0.0,
nm8758981,36,1.0,2,0.0,
nm8759007,36,1.0,1,0.087137,
nm8759776,36,1.0,1,0.0,
nm8759834,72,0.470588,2,0.0,
nm8760105,36,1.0,4,0.0,
nm8763039,36,1.0,0,0.0,
nm8764535,36,1.0,2,0.0,
nm8766941,36,1.0,0,0.0,
nm8767072,36,1.0,0,0.0,
nm8767235,36,1.0,0,0.0,
nm8767964,36,1.0,2,0.0,
nm8770322,36,1.0,2,0.0,
nm8770610,72,0.470588,3,0.0,
nm8772394,36,1.0,0,0.075179,
nm8773481,36,1.0,1,0.0,
nm8773737,36,1.0,1,0.070156,
nm8774105,36,1.0,0,0.0,
nm8775157,36,1.0,0,0.0,
nm8775863,74,0.48366,1,0.0,
nm8776834,36,1.0,2,0.0,
nm8777468,72,0.470588,1,0.0,
nm8777950,36,1.0,1,0.0,
nm8779123,36,1.0,1,0.077111,
nm8780720,36,1.0,0,0.0,
nm8784315,36,1.0,2,0.117318,
nm8784548,36,1.0,1,0.0,
nm8785183,36,1.0,1,0.0,
nm8785637,36,1.0,2,0.0,
nm8787050,72,0.470588,3,0.0,
nm8788383,36,1.0,0,0.0,
nm8789058,36,1.0,2,0.0,
nm8791215,36,1.0,0,0.0,
nm8793577,36,1.0,3,0.0,
nm8793595,36,1.0,1,0.0,
nm8793835,36,1.0,4,0.116667,
nm8794744,36,1.0,3,0.0,
nm8796806,36,1.0,2,0.0,
nm8797881,36,1.0,0,0.0,
nm8798330,36,1.0,3,0.096626,
nm8798374,36,1.0,0,0.0,
nm8799760,36,1.0,0,0.0,
nm8801226,36,1.0,1,0.0,
nm8801234,36,1.0,0,0.0,
nm8802637,36,1.0,0,0.0,
nm8802963,36,1.0,2,0.0,
nm8804533,36,1.0,3,0.0,
nm8806402,36,1.0,0,0.0,
nm8806588,36,1.0,1,0.0,
nm8807133,36,1.0,2,0.0,
nm8807859,36,1.0,2,0.0,
nm8808118,36,1.0,2,0.0,
nm8808602,36,1.0,4,0.0,
nm8808610,36,1.0,1,0.0,
nm8808611,36,1.0,0,0.0,
nm8809554,36,1.0,0,0.0,
nm8809885,36,1.0,1,0.0,
nm8810060,36,1.0,0,0.0,
nm8812386,36,1.0,0,0.0,
nm8812543,36,1.0,2,0.0,
nm8812795,36,1.0,1,0.077111,
nm8814208,36,1.0,2,0.0,
nm8814655,36,1.0,1,0.0,
nm8814704,36,1.0,0,0.114754,
nm8816949,36,1.0,4,0.0,
nm8817221,36,1.0,1,0.0,
nm8817378,36,1.0,0,0.0,
nm8817655,36,1.0,0,0.0,
nm8818283,36,1.0,4,0.108808,
nm8818698,36,1.0,2,0.0,
nm8819208,36,1.0,0,0.0,
nm8819213,36,1.0,0,0.0,
nm8819372,36,1.0,0,0.0,
nm8819623,36,1.0,2,0.073001,
nm8819794,36,1.0,3,0.0,
nm8819795,36,1.0,2,0.0,
nm8821891,36,1.0,2,0.0,
nm8821921,36,1.0,1,0.0,
nm8823344,36,1.0,3,0.0,
nm8825668,36,1.0,1,0.0,
nm8826563,36,1.0,2,0.0,
nm8827128,36,1.0,2,0.0,
nm8827129,36,1.0,1,0.0,
nm8827722,36,1.0,2,0.0,
nm8828462,36,1.0,0,0.0,
nm8828885,36,1.0,0,0.0,
nm8830351,36,1.0,1,0.0,
nm8830552,36,1.0,1,0.0,
nm8833077,36,1.0,1,0.124016,
nm8833346,36,1.0,2,0.0,
nm8835374,36,1.0,1,0.0,
nm8836879,36,1.0,1,0.0,
nm8838121,36,1.0,0,0.0,
nm8839252,36,1.0,0,0.0,
nm8840600,36,1.0,2,0.0,
nm8841357,36,1.0,3,0.0,
nm8841358,36,1.0,2,0.0,
nm8841849,36,1.0,0,0.0,
nm8842140,36,1.0,8,0.112701,
nm8843033,36,1.0,1,0.0,
nm8843555,36,1.0,2,0.0,
nm8843823,36,1.0,4,0.0,
nm8844156,36,1.0,1,0.0,
nm8844726,36,1.0,4,0.0,
nm8846708,36,1.0,1,0.0,
nm8850067,36,1.0,3,0.0,
nm8850112,36,1.0,2,0.114338,
nm8850134,36,1.0,3,0.114754,
nm8850253,36,1.0,7,0.112701,
nm8850560,36,1.0,1,0.0,
nm8851822,36,1.0,1,0.0,
nm8852558,36,1.0,0,0.0,
nm8853149,36,1.0,0,0.0,
nm8853660,36,1.0,0,0.0,
nm8854447,36,1.0,1,0.0,
nm8855159,36,1.0,2,0.0,
nm8855638,36,1.0,0,0.0,
nm8855973,36,1.0,6,0.0,
nm8857571,36,1.0,4,0.0,
nm8857993,36,1.0,2,0.0,
nm8858156,36,1.0,4,0.125498,
nm8858879,36,1.0,4,0.0,
nm8859382,36,1.0,0,0.0,
nm8860239,36,1.0,1,0.0,
nm8860509,36,1.0,0,0.0,
nm8860518,36,1.0,0,0.058659,
nm8861068,36,1.0,1,0.102606,
nm8862370,36,1.0,6,0.0,
nm8863067,36,1.0,2,0.0,
nm8863699,36,1.0,0,0.0,
nm8870296,36,1.0,2,0.100159,
nm8870532,36,1.0,3,0.0,
nm8871557,36,1.0,3,0.0,
nm8873142,36,1.0,2,0.0,
nm8874429,36,1.0,0,0.0,
nm8877277,36,1.0,2,0.0,
nm8877582,36,1.0,1,0.0,
nm8878489,36,1.0,1,0.0,
nm8879762,36,1.0,1,0.0,
nm8881651,36,1.0,4,0.0,
nm8883759,36,1.0,0,0.0,
nm8884202,36,1.0,0,0.0,
nm8884654,36,1.0,7,0.0,
nm8884729,36,1.0,1,0.0,
nm8884785,36,1.0,4,0.0,
nm8886649,36,1.0,5,0.0,
nm8886654,36,1.0,2,0.05536,
nm8887517,36,1.0,2,0.0,
nm8888942,36,1.0,2,0.0,
nm8890163,72,0.470588,1,0.0,
nm8890455,36,1.0,3,0.111111,
nm8892639,36,1.0,1,0.0,
nm8892987,36,1.0,2,0.0,
nm8894367,156,0.278075,9,0.0,3.2e-05
nm8894368,36,1.0,8,0.0,
nm8894369,125,0.384615,7,0.0,2.2e-05
nm8894370,155,0.333333,8,0.0,3.7e-05
nm8894372,36,1.0,2,0.0,
nm8894384,117,0.333333,9,0.0,4.9e-05
nm8894385,36,1.0,8,0.0,
nm8894386,36,1.0,8,0.0,
nm8894388,72,0.470588,9,0.0,
nm8896354,36,1.0,1,0.0,
nm8897024,36,1.0,0,0.0,
nm8897788,36,1.0,1,0.0,
nm8898786,36,1.0,1,0.098437,
nm8900135,36,1.0,1,0.0,
nm8902130,36,1.0,0,0.0,
nm8903984,36,1.0,0,0.0,
nm8904193,36,1.0,1,0.110915,
nm8906287,36,1.0,0,0.0,
nm8906441,36,1.0,5,0.0,
nm8906536,78,0.509804,6,0.0,
nm8906742,36,1.0,0,0.0,
nm8906891,36,1.0,1,0.0,
nm8907038,36,1.0,0,0.0,
nm8907709,36,1.0,0,0.0,
nm8908425,36,1.0,0,0.0,
nm8908428,36,1.0,1,0.0,
nm8909876,36,1.0,1,0.0,
nm8910575,36,1.0,2,0.0,
nm8910767,36,1.0,1,0.0,
nm8910768,36,1.0,0,0.0,
nm8910981,36,1.0,7,0.0,
nm8910982,76,0.496732,8,0.0,
nm8912777,36,1.0,4,0.0,
nm8913097,36,1.0,1,0.0,
nm8916365,36,1.0,1,0.0,
nm8916615,36,1.0,1,0.0,
nm8916809,36,1.0,1,0.0,
nm8917865,36,1.0,2,0.0,
nm8918470,36,1.0,1,0.0,
nm8919809,36,1.0,0,0.0,
nm8923779,36,1.0,2,0.0,
nm8924147,36,1.0,1,0.0,
nm8924553,36,1.0,1,0.0,
nm8924712,36,1.0,1,0.0,
nm8925446,36,1.0,1,0.0,
nm8928086,36,1.0,2,0.09417,
nm8928142,36,1.0,2,0.0,
nm8929536,36,1.0,1,0.0,
nm8929624,36,1.0,2,0.0,
nm8930016,36,1.0,2,0.0,
nm8930145,36,1.0,0,0.0,
nm8931997,36,1.0,1,0.0,
nm8932774,36,1.0,0,0.0,
nm8932828,36,1.0,1,0.0,
nm8933053,36,1.0,2,0.0,
nm8933245,36,1.0,2,0.0,
nm8934294,36,1.0,2,0.0,
nm8934337,36,1.0,0,0.0,
nm8934443,36,1.0,0,0.0,
nm8935375,36,1.0,2,0.0,
nm8940348,36,1.0,0,0.0,
nm8941715,36,1.0,1,0.0,
nm8941741,36,1.0,2,0.081186,
nm8942747,36,1.0,1,0.0,
nm8943180,36,1.0,3,0.0,
nm8944328,36,1.0,2,0.0,
nm8944757,36,1.0,3,0.0,
nm8948270,36,1.0,1,0.0,
nm8950016,36,1.0,4,0.0,
nm8951197,36,1.0,4,0.12,
nm8952968,36,1.0,2,0.0,
nm8953376,36,1.0,1,0.0,
nm8953991,36,1.0,2,0.113106,
nm8954121,36,1.0,1,0.0,
nm8956050,36,1.0,0,0.0,
nm8956274,36,1.0,1,0.104132,
nm8957085,36,1.0,4,0.0,
nm8957493,36,1.0,1,0.0,
nm8958156,36,1.0,2,0.0,
nm8958846,36,1.0,1,0.0,
nm8958982,36,1.0,1,0.0,
nm8959839,36,1.0,1,0.0,
nm8960302,36,1.0,0,0.0,
nm8961313,36,1.0,1,0.0,
nm8961397,36,1.0,1,0.0,
nm8961972,36,1.0,0,0.0,
nm8962705,36,1.0,1,0.06409,
nm8963094,36,1.0,2,0.0,
nm8963171,36,1.0,0,0.0,
nm8963304,36,1.0,1,0.0,
nm8963616,36,1.0,1,0.0,
nm8963633,36,1.0,1,0.0,
nm8964796,36,1.0,0,0.089872,
nm8966756,36,1.0,0,0.0,
nm8967586,36,1.0,0,0.0,
nm8967868,36,1.0,1,0.0,
nm8968100,36,1.0,0,0.0,
nm8968281,36,1.0,0,0.0,
nm8969293,36,1.0,1,0.060229,
nm8969330,36,1.0,1,0.0,
nm8970347,36,1.0,1,0.0,
nm8970369,36,1.0,0,0.0,
nm8971119,36,1.0,1,0.0,
nm8971273,36,1.0,0,0.0,
nm8971390,36,1.0,2,0.055166,
nm8971998,36,1.0,0,0.0,
nm8972570,36,1.0,7,0.0,
nm8972571,36,1.0,7,0.0,
nm8973249,36,1.0,1,0.0,
nm8975055,36,1.0,1,0.0,
nm8976246,36,1.0,1,0.0,
nm8977785,36,1.0,0,0.0,
nm8978938,36,1.0,0,0.0,
nm8979403,36,1.0,3,0.0,
nm8979501,36,1.0,0,0.0,
nm8979510,36,1.0,2,0.0,
nm8979547,36,1.0,0,0.0,
nm8980801,36,1.0,1,0.06422,
nm8981185,36,1.0,2,0.0,
nm8981542,36,1.0,4,0.0,
nm8982000,36,1.0,1,0.0,
nm8982579,36,1.0,1,0.058279,
nm8982949,36,1.0,3,0.0,
nm8983168,36,1.0,2,0.0,
nm8984132,36,1.0,0,0.0,
nm8984345,36,1.0,3,0.0,
nm8984347,36,1.0,1,0.0,
nm8986515,36,1.0,0,0.0,
nm8988411,36,1.0,3,0.0,
nm8989780,36,1.0,0,0.0,
nm8990893,36,1.0,1,0.055166,
nm8991888,36,1.0,1,0.0,
nm8994105,36,1.0,1,0.0,
nm8995244,36,1.0,3,0.0,
nm8995905,36,1.0,2,0.12069,
nm8997079,36,1.0,1,0.0,
nm8999813,36,1.0,0,0.0,
nm9001605,36,1.0,1,0.0,
nm9001733,36,1.0,1,0.0,
nm9001824,36,1.0,0,0.0,
nm9003790,36,1.0,5,0.0,
nm9003913,36,1.0,2,0.0,
nm9005150,36,1.0,4,0.110526,
nm9005530,36,1.0,4,0.0,
nm9005785,36,1.0,0,0.0,
nm9005902,36,1.0,1,0.0,
nm9006579,36,1.0,1,0.0,
nm9007992,36,1.0,2,0.0,
nm9008183,36,1.0,0,0.0,
nm9008678,36,1.0,2,0.0,
nm9010459,36,1.0,1,0.0,
nm9010952,36,1.0,3,0.0,
nm9011010,36,1.0,1,0.0,
nm9012180,36,1.0,3,0.110915,
nm9012886,36,1.0,5,0.111111,
nm9013863,36,1.0,0,0.0,
nm9014660,36,1.0,3,0.0,
nm9015191,36,1.0,3,0.0,
nm9015727,36,1.0,2,0.099213,
nm9015942,36,1.0,0,0.0,
nm9016107,36,1.0,1,0.0,
nm9016205,36,1.0,0,0.0,
nm9016782,73,0.477124,4,0.124506,
nm9017753,36,1.0,1,0.082245,
nm9019496,36,1.0,0,0.0,
nm9019671,36,1.0,0,0.0,
nm9021967,36,1.0,0,0.0,
nm9024796,36,1.0,0,0.0,
nm9025542,36,1.0,4,0.111111,
nm9029049,36,1.0,2,0.0,
nm9029050,36,1.0,1,0.0,
nm9030560,36,1.0,1,0.0,
nm9031122,36,1.0,1,0.0,
nm9031127,36,1.0,0,0.0,
nm9034284,36,1.0,2,0.0,
nm9036839,36,1.0,2,0.0,
nm9037499,36,1.0,0,0.0,
nm9037501,36,1.0,0,0.0,
nm9039096,36,1.0,1,0.082245,
nm9040593,36,1.0,1,0.059266,
nm9045283,36,1.0,8,0.0,
nm9045377,36,1.0,0,0.0,
nm9045427,36,1.0,0,0.0,
nm9045614,36,1.0,3,0.116667,
nm9046197,36,1.0,2,0.0,
nm9046573,36,1.0,1,0.103618,
nm9047363,76,0.558824,9,0.0,
nm9047365,36,1.0,7,0.0,
nm9047366,36,1.0,7,0.0,
nm9047565,36,1.0,0,0.0,
nm9048134,36,1.0,1,0.118644,
nm9048396,36,1.0,1,0.0,
nm9048430,36,1.0,0,0.0,
nm9050337,36,1.0,5,0.0,
nm9051285,72,0.470588,2,0.0,
nm9051929,36,1.0,4,0.0,
nm9052753,36,1.0,0,0.0,
nm9054917,36,1.0,0,0.0,
nm9057480,36,1.0,2,0.0,
nm9057632,36,1.0,1,0.0,
nm9058135,36,1.0,0,0.0,
nm9059181,36,1.0,4,0.0,
nm9059182,36,1.0,3,0.0,
nm9061367,72,0.470588,1,0.109948,
nm9061449,36,1.0,1,0.095023,
nm9062741,36,1.0,0,0.0,
nm9065556,36,1.0,0,0.0,
nm9067343,36,1.0,0,0.0,
nm9067451,36,1.0,2,0.0,
nm9067829,36,1.0,7,0.0,
nm9067892,72,0.470588,1,0.0,
nm9069975,36,1.0,0,0.0,
nm9071083,36,1.0,3,0.126761,
nm9071117,36,1.0,1,0.0,
nm9071926,36,1.0,1,0.0,
nm9072045,72,0.470588,1,0.0,
nm9072760,36,1.0,4,0.0,
nm9075313,36,1.0,1,0.0,
nm9075641,36,1.0,4,0.0,
nm9075728,36,1.0,1,0.0,
nm9075904,36,1.0,0,0.0,
nm9077920,36,1.0,4,0.0,
nm9078230,36,1.0,0,0.0,
nm9078972,36,1.0,1,0.0,
nm9082368,36,1.0,0,0.0,
nm9083111,36,1.0,0,0.0,
nm9084786,72,0.470588,1,0.0,
nm9085093,36,1.0,1,0.095745,
nm9085254,36,1.0,0,0.0,
nm9086738,36,1.0,2,0.0,
nm9086739,36,1.0,1,0.0,
nm9088166,36,1.0,0,0.0,
nm9088356,36,1.0,3,0.0,
nm9088357,36,1.0,0,0.0,
nm9090068,36,1.0,1,0.0,
nm9090581,36,1.0,0,0.0,
nm9091047,36,1.0,2,0.0,
nm9091508,36,1.0,1,0.0,
nm9091737,36,1.0,1,0.0,
nm9091751,36,1.0,0,0.0,
nm9091968,36,1.0,1,0.0,
nm9092461,36,1.0,0,0.0,
nm9093659,36,1.0,4,0.0,
nm9093961,36,1.0,5,0.0,
nm9094972,36,1.0,0,0.0,
nm9095108,36,1.0,1,0.0,
nm9095306,36,1.0,3,0.0,
nm9095307,36,1.0,2,0.0,
nm9095308,36,1.0,1,0.0,
nm9097086,36,1.0,0,0.0,
nm9097476,36,1.0,0,0.0,
nm9097614,36,1.0,1,0.0,
nm9097747,36,1.0,0,0.0,
nm9098721,36,1.0,4,0.0,
nm9099302,36,1.0,0,0.0,
nm9099331,36,1.0,0,0.0,
nm9099952,36,1.0,0,0.0,
nm9100847,36,1.0,3,0.0,
nm9101150,36,1.0,0,0.0,
nm9101253,36,1.0,1,0.0,
nm9101986,36,1.0,0,0.0,
nm9102026,36,1.0,2,0.0,
nm9102304,36,1.0,0,0.0,
nm9103031,36,1.0,5,0.116022,
nm9103034,36,1.0,0,0.0,
nm9103118,36,1.0,2,0.0,
nm9103139,36,1.0,3,0.124506,
nm9103143,36,1.0,1,0.12831,
nm9103431,36,1.0,1,0.0,
nm9104009,36,1.0,2,0.0,
nm9104338,36,1.0,0,0.0,
nm9105280,36,1.0,1,0.0,
nm9105542,36,1.0,2,0.0,
nm9106640,36,1.0,0,0.0,
nm9106753,36,1.0,4,0.0,
nm9107973,36,1.0,1,0.0,
nm9107974,36,1.0,0,0.0,
nm9113372,108,0.307692,2,0.106239,0.000555
nm9113816,36,1.0,2,0.0,
nm9114605,36,1.0,3,0.0,
nm9116322,36,1.0,1,0.0,
nm9117677,72,0.470588,2,0.0,
nm9125480,36,1.0,0,0.0,
nm9125509,36,1.0,1,0.0,
nm9128274,36,1.0,2,0.0,
nm9129160,36,1.0,1,0.0,
nm9130968,36,1.0,2,0.10311,
nm9132188,36,1.0,6,0.0,
nm9132463,36,1.0,0,0.0,
nm9132749,36,1.0,1,0.0,
nm9133391,36,1.0,1,0.0,
nm9133882,36,1.0,0,0.106419,
nm9134282,36,1.0,2,0.0,
nm9135025,36,1.0,0,0.0,
nm9137480,36,1.0,2,0.0,
nm9137961,36,1.0,4,0.0,
nm9138548,36,1.0,2,0.116022,
nm9139519,36,1.0,6,0.0,
nm9139545,36,1.0,1,0.0,
nm9141908,36,1.0,4,0.0,
nm9142675,36,1.0,3,0.0,
nm9143182,36,1.0,0,0.0,
nm9144786,72,0.470588,1,0.058605,
nm9145616,36,1.0,0,0.0,
nm9146558,36,1.0,1,0.0,
nm9147066,36,1.0,1,0.0,
nm9147811,36,1.0,5,0.0,
nm9148197,36,1.0,0,0.0,
nm9149675,36,1.0,0,0.0,
nm9149916,36,1.0,7,0.0,
nm9150637,36,1.0,3,0.0,
nm9150706,36,1.0,1,0.0,
nm9151001,36,1.0,1,0.0,
nm9151002,36,1.0,0,0.0,
nm9152431,36,1.0,1,0.0,
nm9152854,36,1.0,0,0.0,
nm9154250,36,1.0,0,0.0,
nm9154859,36,1.0,4,0.0,
nm9155416,36,1.0,4,0.0,
nm9155775,72,0.529412,2,0.0,
nm9156259,36,1.0,1,0.0,
nm9156942,36,1.0,2,0.0,
nm9157672,36,1.0,2,0.0,
nm9159017,36,1.0,3,0.111111,
nm9159694,36,1.0,2,0.0,
nm9159882,36,1.0,3,0.0,
nm9160004,36,1.0,1,0.096183,
nm9160448,36,1.0,6,0.0,
nm9161742,36,1.0,8,0.0,
nm9161984,36,1.0,2,0.0,
nm9164683,36,1.0,4,0.0,
nm9165599,36,1.0,1,0.0,
nm9166038,36,1.0,0,0.0,
nm9166190,36,1.0,0,0.0,
nm9169137,36,1.0,1,0.0,
nm9169503,36,1.0,1,0.0,
nm9169541,36,1.0,0,0.0,
nm9169920,36,1.0,0,0.0,
nm9171701,36,1.0,2,0.0,
nm9172224,36,1.0,0,0.0,
nm9173586,36,1.0,1,0.0,
nm9175942,72,0.470588,0,0.0,
nm9176393,36,1.0,1,0.0,
nm9176778,36,1.0,3,0.0,
nm9176829,36,1.0,1,0.0,
nm9177055,36,1.0,0,0.0,
nm9177070,36,1.0,0,0.0,
nm9179842,36,1.0,2,0.0,
nm9181836,36,1.0,0,0.0,
nm9183129,36,1.0,1,0.0,
nm9183289,36,1.0,0,0.0,
nm9185326,36,1.0,1,0.0,
nm9187009,36,1.0,1,0.0,
nm9189677,36,1.0,1,0.054124,
nm9190295,36,1.0,1,0.0,
nm9190581,36,1.0,2,0.0,
nm9192788,36,1.0,3,0.0,
nm9193136,36,1.0,0,0.0,
nm9193672,36,1.0,2,0.0,
nm9193673,36,1.0,1,0.0,
nm9196203,36,1.0,0,0.0,
nm9196476,36,1.0,8,0.0,
nm9196622,36,1.0,3,0.0,
nm9197875,36,1.0,2,0.0,
nm9197877,36,1.0,1,0.0,
nm9198045,36,1.0,5,0.0,
nm9198094,36,1.0,0,0.0,
nm9198267,36,1.0,4,0.110915,
nm9200426,36,1.0,0,0.0,
nm9200468,72,0.470588,1,0.09633,
nm9201681,36,1.0,7,0.0,
nm9201744,36,1.0,3,0.0,
nm9202878,36,1.0,1,0.0,
nm9203433,36,1.0,4,0.0,
nm9203435,36,1.0,3,0.0,
nm9203439,36,1.0,2,0.0,
nm9203448,36,1.0,1,0.0,
nm9203451,36,1.0,0,0.0,
nm9203528,36,1.0,4,0.114964,
nm9204659,36,1.0,1,0.0,
nm9205621,36,1.0,7,0.0,
nm9205625,36,1.0,6,0.0,
nm9206815,36,1.0,0,0.0,
nm9207663,36,1.0,2,0.097674,
nm9209415,36,1.0,0,0.0,
nm9209847,36,1.0,1,0.0,
nm9211007,36,1.0,4,0.0,
nm9213423,36,1.0,1,0.0,
nm9215833,36,1.0,9,0.0,
nm9215849,36,1.0,0,0.077111,
nm9216686,36,1.0,2,0.060345,
nm9218406,36,1.0,0,0.0,
nm9219502,36,1.0,4,0.129363,
nm9219550,36,1.0,7,0.0,
nm9220491,36,1.0,1,0.0,
nm9221622,36,1.0,2,0.0,
nm9222424,36,1.0,1,0.0,
nm9223102,36,1.0,1,0.0,
nm9224536,36,1.0,2,0.0,
nm9229144,36,1.0,3,0.0,
nm9230974,36,1.0,1,0.0,
nm9233198,36,1.0,1,0.0,
nm9234863,36,1.0,0,0.0,
nm9236419,36,1.0,1,0.0,
nm9236703,36,1.0,1,0.0,
nm9236982,36,1.0,0,0.0,
nm9238904,36,1.0,3,0.0,
nm9239904,36,1.0,1,0.0,
nm9239964,36,1.0,3,0.0,
nm9240162,36,1.0,0,0.0,
nm9240671,72,0.470588,1,0.0,
nm9240672,36,1.0,3,0.0,
nm9240675,36,1.0,2,0.0,
nm9240677,36,1.0,1,0.0,
nm9240678,36,1.0,0,0.0,
nm9241185,36,1.0,2,0.0,
nm9241909,36,1.0,1,0.0,
nm9242209,36,1.0,1,0.0,
nm9242396,36,1.0,0,0.073171,
nm9244518,36,1.0,1,0.0,
nm9246210,36,1.0,1,0.0,
nm9247882,36,1.0,1,0.0,
nm9250215,36,1.0,0,0.087137,
nm9251060,36,1.0,0,0.0,
nm9251636,36,1.0,1,0.065353,
nm9252018,36,1.0,1,0.0,
nm9252711,36,1.0,1,0.0,
nm9253867,36,1.0,1,0.0,
nm9253868,36,1.0,0,0.0,
nm9256571,36,1.0,0,0.0,
nm9257789,36,1.0,2,0.108434,
nm9257919,36,1.0,3,0.0,
nm9260017,36,1.0,3,0.0,
nm9260127,36,1.0,8,0.0,
nm9260436,36,1.0,2,0.106419,
nm9261695,36,1.0,1,0.0,
nm9262644,36,1.0,2,0.0,
nm9263753,36,1.0,0,0.0,
nm9265715,36,1.0,3,0.0,
nm9267023,36,1.0,1,0.0,
nm9267325,36,1.0,0,0.0,
nm9268739,36,1.0,0,0.106239,
nm9269363,36,1.0,6,0.0,
nm9271840,36,1.0,0,0.0,
nm9273088,36,1.0,2,0.0,
nm9274323,36,1.0,2,0.0,
nm9274324,36,1.0,1,0.0,
nm9275395,36,1.0,1,0.0,
nm9276318,36,1.0,0,0.0,
nm9277131,36,1.0,0,0.082245,
nm9277423,72,0.470588,0,0.0,
nm9278535,36,1.0,0,0.0,
nm9279115,36,1.0,1,0.0,
nm9279134,36,1.0,0,0.0,
nm9279339,36,1.0,3,0.110526,
nm9281024,36,1.0,5,0.0,
nm9281244,36,1.0,1,0.0,
nm9281265,36,1.0,2,0.0,
nm9281797,36,1.0,0,0.0,
nm9282737,36,1.0,4,0.0,
nm9284657,36,1.0,0,0.0,
nm9286165,36,1.0,1,0.0,
nm9286237,36,1.0,0,0.0,
nm9287217,36,1.0,1,0.0,
nm9287628,36,1.0,0,0.0,
nm9289529,36,1.0,3,0.0,
nm9290421,36,1.0,2,0.101124,
nm9292457,36,1.0,3,0.0,
nm9294155,36,1.0,0,0.0,
nm9294429,72,0.470588,0,0.0,
nm9299062,36,1.0,0,0.0,
nm9299264,36,1.0,1,0.0,
nm9299265,36,1.0,0,0.0,
nm9300004,36,1.0,0,0.0,
nm9300891,36,1.0,1,0.0,
nm9302162,36,1.0,2,0.0,
nm9303317,36,1.0,3,0.0,
nm9303323,36,1.0,2,0.0,
nm9303326,36,1.0,1,0.0,
nm9303330,36,1.0,0,0.0,
nm9304507,36,1.0,1,0.0,
nm9306337,36,1.0,2,0.075995,
nm9306890,36,1.0,2,0.0,
nm9309073,36,1.0,2,0.0,
nm9310910,36,1.0,0,0.0,
nm9311326,76,0.496732,9,0.0,
nm9311744,36,1.0,1,0.0,
nm9315698,72,0.470588,2,0.0,
nm9316716,36,1.0,1,0.0,
nm9316717,36,1.0,0,0.0,
nm9317345,36,1.0,3,0.0,
nm9320393,36,1.0,2,0.0,
nm9321611,71,0.591667,2,0.0,
nm9321612,36,1.0,1,0.0,
nm9322167,36,1.0,2,0.062253,
nm9322289,36,1.0,2,0.0,
nm9322895,71,0.591667,1,0.0,
nm9326197,36,1.0,5,0.0,
nm9326456,36,1.0,0,0.0,
nm9327020,36,1.0,0,0.0,
nm9327029,36,1.0,2,0.0,
nm9327558,36,1.0,0,0.0,
nm9327563,36,1.0,2,0.0,
nm9327907,36,1.0,1,0.0,
nm9328148,36,1.0,3,0.0,
nm9329205,36,1.0,1,0.0,
nm9329305,36,1.0,0,0.0,
nm9329401,36,1.0,2,0.0,
nm9334992,36,1.0,2,0.0,
nm9335959,75,0.490196,3,0.0,
nm9336526,36,1.0,3,0.09589,
nm9338633,36,1.0,1,0.0,
nm9342181,36,1.0,0,0.0,
nm9343446,36,1.0,3,0.0,
nm9344734,36,1.0,4,0.0,
nm9345967,36,1.0,0,0.0,
nm9346047,36,1.0,0,0.0,
nm9348122,36,1.0,0,0.0,
nm9348975,36,1.0,2,0.0,
nm9349197,36,1.0,1,0.0,
nm9351994,36,1.0,2,0.0,
nm9352462,36,1.0,1,0.0,
nm9352468,36,1.0,0,0.0,
nm9356262,36,1.0,1,0.0,
nm9356624,36,1.0,0,0.0,
nm9356727,36,1.0,2,0.0,
nm9357202,72,0.470588,1,0.0,
nm9361680,36,1.0,0,0.0,
nm9362150,36,1.0,2,0.0,
nm9363075,36,1.0,0,0.0,
nm9363168,36,1.0,3,0.0,
nm9363506,36,1.0,4,0.0,
nm9365054,36,1.0,0,0.0,
nm9365055,36,1.0,2,0.0,
nm9365636,36,1.0,3,0.0,
nm9365639,36,1.0,2,0.0,
nm9367321,36,1.0,0,0.0,
nm9369004,36,1.0,0,0.0,
nm9371379,36,1.0,0,0.0,
nm9371560,36,1.0,0,0.0,
nm9372014,36,1.0,3,0.0,
nm9372042,36,1.0,1,0.0,
nm9372711,36,1.0,1,0.0,
nm9373964,36,1.0,1,0.0,
nm9375204,36,1.0,1,0.080051,
nm9377354,36,1.0,1,0.0,
nm9377694,36,1.0,0,0.0,
nm9377726,36,1.0,0,0.0,
nm9377887,36,1.0,3,0.089616,
nm9378220,36,1.0,0,0.0,
nm9378508,36,1.0,0,0.0,
nm9378883,36,1.0,3,0.116451,
nm9380166,36,1.0,1,0.0,
nm9380852,36,1.0,1,0.0,
nm9381266,36,1.0,2,0.0,
nm9382279,36,1.0,0,0.0,
nm9382865,36,1.0,3,0.0,
nm9382866,36,1.0,2,0.0,
nm9383293,36,1.0,1,0.0,
nm9383294,36,1.0,0,0.0,
nm9386560,36,1.0,3,0.0,
nm9387625,36,1.0,0,0.0,
nm9388614,36,1.0,1,0.12069,
nm9390890,36,1.0,2,0.0,
nm9391454,36,1.0,2,0.0,
nm9391482,36,1.0,1,0.0,
nm9391490,36,1.0,1,0.0,
nm9391879,36,1.0,1,0.0,
nm9391977,36,1.0,3,0.0,
nm9392635,36,1.0,0,0.0,
nm9393405,70,0.666667,2,0.0,
nm9393406,36,1.0,5,0.0,
nm9395927,36,1.0,0,0.0,
nm9396070,36,1.0,0,0.0,
nm9396295,36,1.0,1,0.0,
nm9396920,36,1.0,2,0.0,
nm9397304,36,1.0,4,0.114754,
nm9397877,36,1.0,3,0.0,
nm9397915,36,1.0,0,0.0,
nm9399872,36,1.0,0,0.0,
nm9399969,36,1.0,0,0.0,
nm9402976,36,1.0,3,0.0,
nm9403098,36,1.0,1,0.0,
nm9403406,36,1.0,0,0.0,
nm9404262,72,0.470588,5,0.121622,
nm9404918,36,1.0,0,0.0,
nm9405076,36,1.0,0,0.0,
nm9405348,36,1.0,2,0.0,
nm9405907,36,1.0,0,0.0,
nm9406394,36,1.0,1,0.0,
nm9406873,72,0.529412,1,0.0,
nm9406940,36,1.0,2,0.0,
nm9407264,36,1.0,1,0.0,
nm9408069,36,1.0,2,0.0,
nm9408094,36,1.0,1,0.0,
nm9408646,36,1.0,6,0.0,
nm9408805,36,1.0,5,0.0,
nm9409083,36,1.0,6,0.0,
nm9409104,115,0.353846,9,0.0,3.4e-05
nm9409223,36,1.0,6,0.0,
nm9410159,36,1.0,2,0.0,
nm9410508,36,1.0,1,0.0,
nm9410822,36,1.0,5,0.0,
nm9410838,36,1.0,2,0.0,
nm9410839,36,1.0,1,0.0,
nm9411001,36,1.0,7,0.0,
nm9411656,177,0.280952,1,0.0,7.5e-05
nm9412101,36,1.0,0,0.0,
nm9413032,36,1.0,2,0.0,
nm9413159,36,1.0,8,0.0,
nm9413209,36,1.0,1,0.0,
nm9413217,36,1.0,8,0.0,
nm9416452,36,1.0,0,0.0,
nm9417739,36,1.0,0,0.0,
nm9417918,36,1.0,1,0.0,
nm9418318,69,0.657143,0,0.0,
nm9418960,36,1.0,0,0.0,
nm9421540,36,1.0,0,0.0,
nm9421636,74,0.616667,9,0.0,
nm9421639,36,1.0,9,0.0,
nm9424794,36,1.0,0,0.0,
nm9424800,36,1.0,0,0.0,
nm9425204,74,0.48366,9,0.0,
nm9425206,36,1.0,8,0.0,
nm9425332,36,1.0,7,0.0,
nm9426597,72,0.470588,1,0.0,
nm9427108,73,0.477124,5,0.0,
nm9428255,36,1.0,0,0.0,
nm9428830,36,1.0,2,0.0,
nm9429271,78,0.509804,8,0.0,
nm9429407,36,1.0,5,0.0,
nm9430215,36,1.0,2,0.0,
nm9430747,36,1.0,4,0.0,
nm9432583,36,1.0,1,0.0,
nm9432783,36,1.0,4,0.0,
nm9433015,75,0.490196,8,0.0,
nm9433045,36,1.0,1,0.0,
nm9433473,36,1.0,1,0.107692,
nm9434833,36,1.0,0,0.0,
nm9434849,36,1.0,0,0.0,
nm9435082,36,1.0,1,0.0,
nm9435424,36,1.0,3,0.115596,
nm9435577,36,1.0,0,0.0,
nm9435649,36,1.0,1,0.0,
nm9436200,36,1.0,0,0.0,
nm9438171,72,0.470588,1,0.0,
nm9438310,155,0.333333,0,0.0,3.1e-05
nm9439452,36,1.0,0,0.0,
nm9439930,36,1.0,2,0.116451,
nm9439942,36,1.0,1,0.0,
nm9439999,36,1.0,2,0.110526,
nm9440492,36,1.0,6,0.0,
nm9441913,36,1.0,2,0.1121,
nm9442181,36,1.0,1,0.0,
nm9443054,36,1.0,0,0.0,
nm9443339,36,1.0,0,0.0,
nm9443664,36,1.0,0,0.0,
nm9443755,36,1.0,1,0.0,
nm9444229,36,1.0,0,0.0,
nm9444312,36,1.0,3,0.0,
nm9444319,36,1.0,0,0.0,
nm9445072,36,1.0,1,0.0,
nm9445747,36,1.0,0,0.0,
nm9447271,36,1.0,3,0.0,
nm9447347,36,1.0,0,0.0,
nm9447600,36,1.0,3,0.0,
nm9447652,124,0.381538,9,0.0,2.1e-05
nm9448072,36,1.0,1,0.0,
nm9448164,36,1.0,8,0.0,
nm9448266,75,0.551471,9,0.0,
nm9448966,36,1.0,1,0.0,
nm9449293,36,1.0,3,0.0,
nm9449730,36,1.0,0,0.0,
nm9450235,36,1.0,0,0.0,
nm9450477,36,1.0,6,0.0,
nm9450805,36,1.0,8,0.0,
nm9452507,36,1.0,4,0.0,
nm9452511,36,1.0,4,0.0,
nm9452814,36,1.0,5,0.0,
nm9453091,36,1.0,0,0.0,
nm9453929,36,1.0,0,0.0,
nm9454245,36,1.0,0,0.0,
nm9455181,36,1.0,3,0.0,
nm9455290,36,1.0,6,0.0,
nm9455933,36,1.0,2,0.0,
nm9457225,36,1.0,7,0.0,
nm9457511,36,1.0,1,0.0,
nm9457581,74,0.48366,8,0.0,
nm9458120,36,1.0,4,0.0,
nm9458725,36,1.0,2,0.0,
nm9458885,36,1.0,1,0.0,
nm9460096,36,1.0,5,0.0,
nm9460103,36,1.0,0,0.0,
nm9461280,75,0.490196,9,0.0,
nm9461509,74,0.48366,8,0.0,
nm9461939,36,1.0,0,0.0,
nm9463483,36,1.0,3,0.0,
nm9464624,36,1.0,2,0.0,
nm9466196,36,1.0,0,0.0,
nm9466547,36,1.0,0,0.0,
nm9466769,36,1.0,1,0.0,
nm9469926,36,1.0,1,0.0,
nm9470125,36,1.0,5,0.0,
nm9472924,36,1.0,0,0.0,
nm9474203,36,1.0,3,0.0,
nm9477211,36,1.0,2,0.0,
nm9477328,36,1.0,0,0.0,
nm9477428,36,1.0,0,0.097072,
nm9477855,36,1.0,7,0.0,
nm9477875,36,1.0,3,0.0,
nm9477979,36,1.0,3,0.0,
nm9478262,36,1.0,4,0.0,
nm9479059,36,1.0,0,0.0,
nm9480120,36,1.0,4,0.0,
nm9480183,36,1.0,0,0.0,
nm9481215,36,1.0,1,0.075995,
nm9482101,36,1.0,0,0.0,
nm9482709,36,1.0,1,0.0,
nm9482841,36,1.0,0,0.0,
nm9483653,36,1.0,0,0.0,
nm9484954,36,1.0,3,0.0,
nm9485425,72,0.529412,2,0.0,
nm9486576,36,1.0,2,0.0,
nm9488163,36,1.0,1,0.0,
nm9488894,36,1.0,0,0.0,
nm9488941,109,0.310541,3,0.0,4e-06
nm9491587,36,1.0,3,0.0,
nm9493109,76,0.496732,7,0.0,
nm9495449,36,1.0,1,0.0,
nm9495814,36,1.0,0,0.05536,
nm9496018,36,1.0,2,0.0,
nm9496699,36,1.0,2,0.0,
nm9496879,36,1.0,7,0.0,
nm9498864,36,1.0,1,0.117318,
nm9499214,36,1.0,0,0.0,
nm9499890,114,0.350769,9,0.0,2.5e-05
nm9500268,36,1.0,2,0.0,
nm9503156,36,1.0,0,0.0,
nm9503304,36,1.0,6,0.0,
nm9503309,119,0.366154,9,0.0,6.5e-05
nm9503471,36,1.0,7,0.0,
nm9503474,36,1.0,5,0.0,
nm9503481,73,0.477124,8,0.0,
nm9504284,36,1.0,3,0.125249,
nm9505536,36,1.0,1,0.0,
nm9505910,36,1.0,1,0.100159,
nm9507136,36,1.0,6,0.0,
nm9507137,36,1.0,6,0.0,
nm9508060,36,1.0,8,0.0,
nm9508806,36,1.0,2,0.0,
nm9509129,36,1.0,1,0.0,
nm9511210,36,1.0,1,0.0,
nm9513105,36,1.0,6,0.0,
nm9513622,36,1.0,0,0.0,
nm9513875,36,1.0,5,0.0,
nm9514119,36,1.0,1,0.0,
nm9515235,36,1.0,3,0.0,
nm9517466,36,1.0,1,0.0,
nm9518014,36,1.0,6,0.0,
nm9518178,36,1.0,1,0.0,
nm9518905,36,1.0,1,0.0,
nm9519483,36,1.0,2,0.0,
nm9519484,36,1.0,2,0.0,
nm9520900,36,1.0,0,0.0,
nm9521992,36,1.0,2,0.0,
nm9525285,36,1.0,0,0.0,
nm9525403,36,1.0,1,0.0,
nm9526610,36,1.0,1,0.0,
nm9528286,36,1.0,2,0.0,
nm9532877,36,1.0,0,0.0,
nm9533540,36,1.0,2,0.0,
nm9533542,36,1.0,1,0.0,
nm9533543,36,1.0,2,0.0,
nm9533726,36,1.0,1,0.0,
nm9534286,36,1.0,1,0.0,
nm9534518,36,1.0,0,0.0,
nm9535240,36,1.0,6,0.0,
nm9535242,36,1.0,1,0.0,
nm9535902,36,1.0,4,0.0,
nm9536355,36,1.0,0,0.0,
nm9536476,36,1.0,0,0.0,
nm9537869,36,1.0,1,0.0,
nm9538792,36,1.0,6,0.0,
nm9538987,36,1.0,0,0.0,
nm9539029,36,1.0,1,0.0,
nm9539277,36,1.0,2,0.0,
nm9540662,36,1.0,3,0.0,
nm9540664,36,1.0,2,0.0,
nm9540671,36,1.0,1,0.0,
nm9541033,36,1.0,4,0.0,
nm9541144,36,1.0,2,0.0,
nm9542601,36,1.0,3,0.117318,
nm9544396,36,1.0,3,0.129363,
nm9544445,36,1.0,0,0.0,
nm9544527,36,1.0,1,0.0,
nm9546019,36,1.0,1,0.0,
nm9546259,36,1.0,1,0.0,
nm9546798,114,0.38,9,0.0,2.4e-05
nm9547466,76,0.496732,9,0.0,
nm9547522,36,1.0,5,0.0,
nm9547631,36,1.0,1,0.0,
nm9548661,36,1.0,1,0.0,
nm9549064,36,1.0,5,0.0,
nm9549514,36,1.0,0,0.0,
nm9549555,36,1.0,6,0.0,
nm9549599,36,1.0,3,0.0,
nm9549609,36,1.0,1,0.0,
nm9549669,36,1.0,6,0.0,
nm9551239,36,1.0,5,0.0,
nm9551261,36,1.0,0,0.0,
nm9551787,36,1.0,2,0.0,
nm9554586,36,1.0,1,0.0,
nm9554659,77,0.503268,9,0.0,
nm9554700,36,1.0,0,0.0,
nm9556040,36,1.0,2,0.098746,
nm9556271,36,1.0,0,0.0,
nm9556321,36,1.0,0,0.0,
nm9556742,36,1.0,4,0.116667,
nm9556979,36,1.0,0,0.0,
nm9558539,36,1.0,1,0.0,
nm9559493,36,1.0,5,0.0,
nm9562694,36,1.0,3,0.12,
nm9562738,36,1.0,2,0.0,
nm9563038,72,0.529412,1,0.0,
nm9563541,74,0.48366,8,0.0,
nm9565112,36,1.0,7,0.0,
nm9565589,36,1.0,6,0.0,
nm9565790,36,1.0,8,0.0,
nm9567076,36,1.0,0,0.0,
nm9567602,36,1.0,3,0.0,
nm9567821,36,1.0,6,0.0,
nm9567837,36,1.0,0,0.0,
nm9568024,36,1.0,0,0.0,
nm9568682,36,1.0,2,0.0,
nm9568975,36,1.0,0,0.0,
nm9569449,36,1.0,0,0.0,
nm9570628,36,1.0,0,0.0,
nm9570790,36,1.0,0,0.0,
nm9570807,36,1.0,0,0.0,
nm9571123,36,1.0,1,0.0,
nm9571986,36,1.0,0,0.0,
nm9574516,112,0.344615,7,0.127789,0.000398
nm9574731,36,1.0,7,0.0,
nm9574820,36,1.0,1,0.0,
nm9575908,36,1.0,1,0.0,
nm9575913,36,1.0,0,0.0,
nm9576198,36,1.0,0,0.0,
nm9576953,36,1.0,5,0.0,
nm9577038,36,1.0,4,0.0,
nm9577040,36,1.0,3,0.0,
nm9577041,36,1.0,2,0.0,
nm9577042,36,1.0,1,0.0,
nm9577043,36,1.0,0,0.0,
nm9577548,36,1.0,0,0.0,
nm9577747,36,1.0,0,0.09224,
nm9578056,36,1.0,0,0.0,
nm9578555,36,1.0,2,0.0,
nm9578668,36,1.0,2,0.0,
nm9578670,36,1.0,1,0.0,
nm9580044,36,1.0,2,0.0,
nm9580145,36,1.0,8,0.0,
nm9580241,36,1.0,2,0.0,
nm9581005,36,1.0,0,0.0,
nm9581477,36,1.0,0,0.0,
nm9582860,36,1.0,1,0.0,
nm9583032,36,1.0,5,0.0,
nm9583071,36,1.0,7,0.0,
nm9584508,36,1.0,1,0.079646,
nm9584861,36,1.0,2,0.0,
nm9585068,36,1.0,0,0.0,
nm9587538,36,1.0,3,0.0,
nm9587563,36,1.0,0,0.0,
nm9587598,36,1.0,1,0.0,
nm9587926,72,0.470588,0,0.0,
nm9588650,36,1.0,0,0.077111,
nm9588819,36,1.0,5,0.119318,
nm9588820,36,1.0,5,0.12426,
nm9589107,36,1.0,0,0.0,
nm9590640,36,1.0,0,0.0,
nm9593143,36,1.0,2,0.111111,
nm9593665,36,1.0,3,0.100639,
nm9594393,36,1.0,0,0.0,
nm9598428,36,1.0,0,0.0,
nm9598742,36,1.0,0,0.0,
nm9598771,36,1.0,3,0.123288,
nm9598928,36,1.0,2,0.0,
nm9599167,36,1.0,5,0.0,
nm9599989,36,1.0,1,0.0,
nm9600356,72,0.470588,1,0.0,
nm9602488,36,1.0,6,0.0,
nm9602596,36,1.0,0,0.0,
nm9602953,36,1.0,1,0.0,
nm9603201,36,1.0,0,0.0,
nm9603462,36,1.0,6,0.0,
nm9604308,36,1.0,5,0.0,
nm9604309,36,1.0,4,0.0,
nm9604380,36,1.0,0,0.0,
nm9604602,36,1.0,3,0.0,
nm9605278,121,0.372308,9,0.0,1.1e-05
nm9605400,36,1.0,9,0.0,
nm9605462,36,1.0,6,0.0,
nm9605846,36,1.0,1,0.0,
nm9606557,36,1.0,2,0.0,
nm9607558,36,1.0,3,0.0,
nm9608152,36,1.0,1,0.0,
nm9608462,36,1.0,0,0.0,
nm9608473,75,0.490196,9,0.0,
nm9608920,36,1.0,0,0.0,
nm9608956,36,1.0,0,0.0,
nm9609083,36,1.0,1,0.0,
nm9609691,36,1.0,0,0.0,
nm9610123,36,1.0,8,0.0,
nm9610124,36,1.0,4,0.0,
nm9611546,36,1.0,2,0.0,
nm9611748,36,1.0,2,0.0,
nm9612757,36,1.0,4,0.0,
nm9612798,36,1.0,1,0.0,
nm9613101,36,1.0,0,0.0,
nm9614260,36,1.0,1,0.0,
nm9614287,36,1.0,3,0.0,
nm9614826,36,1.0,4,0.0,
nm9614890,36,1.0,4,0.0,
nm9615498,36,1.0,0,0.0,
nm9615887,36,1.0,0,0.0,
nm9617201,36,1.0,6,0.0,
nm9617210,36,1.0,2,0.0,
nm9617780,36,1.0,1,0.0,
nm9618114,36,1.0,4,0.0,
nm9620339,36,1.0,3,0.0,
nm9621862,36,1.0,1,0.0,
nm9622682,36,1.0,2,0.0,
nm9623082,36,1.0,0,0.0,
nm9623215,36,1.0,0,0.0,
nm9624267,36,1.0,0,0.0,
nm9624380,78,0.509804,9,0.0,
nm9624381,36,1.0,5,0.0,
nm9624935,36,1.0,2,0.0,
nm9625631,36,1.0,0,0.0,
nm9626005,36,1.0,0,0.0,
nm9626319,36,1.0,7,0.0,
nm9626334,36,1.0,2,0.0,
nm9627094,36,1.0,1,0.0,
nm9628399,36,1.0,0,0.0,
nm9629125,36,1.0,4,0.0,
nm9629768,36,1.0,0,0.0,
nm9629822,36,1.0,0,0.0,
nm9631216,36,1.0,1,0.0,
nm9631433,36,1.0,1,0.0,
nm9632514,36,1.0,0,0.0,
nm9632998,36,1.0,0,0.0,
nm9634539,36,1.0,3,0.119545,
nm9634729,36,1.0,0,0.0,
nm9634908,36,1.0,0,0.0,
nm9635459,36,1.0,0,0.0,
nm9636080,36,1.0,0,0.0,
nm9638522,36,1.0,0,0.0,
nm9638597,36,1.0,3,0.0,
nm9639508,36,1.0,1,0.0,
nm9639586,36,1.0,2,0.0,
nm9639687,36,1.0,3,0.0,
nm9640066,36,1.0,2,0.105882,
nm9640227,36,1.0,2,0.0,
nm9640230,36,1.0,1,0.0,
nm9640232,36,1.0,0,0.0,
nm9641019,36,1.0,3,0.110915,
nm9641743,36,1.0,0,0.0,
nm9643785,36,1.0,1,0.0,
nm9644567,36,1.0,0,0.0,
nm9647744,36,1.0,2,0.117318,
nm9647765,36,1.0,0,0.118644,
nm9648940,36,1.0,1,0.0,
nm9649501,36,1.0,2,0.0,
nm9652105,36,1.0,2,0.0,
nm9653176,36,1.0,0,0.0,
nm9653495,36,1.0,0,0.0,
nm9654716,36,1.0,7,0.0,
nm9654872,36,1.0,1,0.0,
nm9655821,36,1.0,8,0.0,
nm9655951,36,1.0,0,0.0,
nm9656000,36,1.0,1,0.0,
nm9656539,36,1.0,0,0.0,
nm9656542,36,1.0,0,0.0,
nm9656590,36,1.0,0,0.0,
nm9657176,36,1.0,0,0.0,
nm9657375,36,1.0,4,0.0,
nm9659147,36,1.0,1,0.0,
nm9659205,36,1.0,1,0.0,
nm9660332,36,1.0,0,0.0,
nm9660620,36,1.0,1,0.0,
nm9661344,36,1.0,0,0.0,
nm9661819,72,0.470588,6,0.118421,
nm9661987,36,1.0,1,0.0,
nm9664592,36,1.0,1,0.0,
nm9664746,36,1.0,2,0.0,
nm9664955,36,1.0,2,0.114754,
nm9665229,36,1.0,0,0.0,
nm9667041,36,1.0,1,0.0,
nm9667787,36,1.0,0,0.0,
nm9669717,36,1.0,1,0.0,
nm9670502,36,1.0,1,0.0,
nm9672998,36,1.0,1,0.096923,
nm9674956,36,1.0,2,0.0,
nm9675543,36,1.0,0,0.0,
nm9675960,36,1.0,4,0.0,
nm9677496,36,1.0,0,0.0,
nm9677989,36,1.0,1,0.0,
nm9678031,36,1.0,0,0.0,
nm9678153,36,1.0,3,0.0,
nm9678377,36,1.0,4,0.0875,
nm9678912,36,1.0,5,0.0,
nm9680571,36,1.0,0,0.0,
nm9680890,36,1.0,3,0.0,
nm9680891,36,1.0,6,0.0,
nm9680892,36,1.0,5,0.0,
nm9680894,72,0.529412,4,0.0,
nm9680896,36,1.0,2,0.0,
nm9680897,36,1.0,3,0.0,
nm9680899,36,1.0,2,0.0,
nm9680903,36,1.0,1,0.0,
nm9680909,36,1.0,0,0.0,
nm9680919,36,1.0,4,0.0,
nm9680920,36,1.0,3,0.0,
nm9680921,72,0.470588,2,0.0,
nm9681341,36,1.0,0,0.0,
nm9682010,36,1.0,6,0.0,
nm9682345,36,1.0,1,0.0,
nm9683228,36,1.0,1,0.0,
nm9685038,36,1.0,0,0.0,
nm9686121,36,1.0,3,0.114754,
nm9688435,36,1.0,0,0.0,
nm9689580,36,1.0,0,0.0,
nm9689643,36,1.0,0,0.0,
nm9690266,36,1.0,0,0.088112,
nm9692022,36,1.0,0,0.0,
nm9693270,36,1.0,3,0.0,
nm9693378,36,1.0,0,0.0,
nm9693396,36,1.0,3,0.0,
nm9697024,36,1.0,0,0.0,
nm9699567,36,1.0,0,0.0,
nm9702923,36,1.0,2,0.0,
nm9704298,36,1.0,1,0.0,
nm9705526,36,1.0,0,0.0,
nm9706424,36,1.0,1,0.116883,
nm9706559,36,1.0,1,0.0,
nm9707863,36,1.0,0,0.0,
nm9709002,74,0.48366,1,0.0,
nm9709101,36,1.0,0,0.0,
nm9709610,36,1.0,1,0.0,
nm9710587,36,1.0,0,0.0,
nm9711685,36,1.0,0,0.0,
nm9713039,36,1.0,4,0.127273,
nm9714043,36,1.0,4,0.0,
nm9714056,36,1.0,0,0.0,
nm9714664,36,1.0,2,0.0,
nm9714813,36,1.0,1,0.0,
nm9714815,36,1.0,0,0.0,
nm9715037,36,1.0,1,0.0,
nm9716187,108,0.307692,3,0.115596,0.0
nm9716498,36,1.0,0,0.0,
nm9717222,36,1.0,0,0.0,
nm9717839,36,1.0,0,0.0,
nm9719426,36,1.0,0,0.0,
nm9721564,36,1.0,1,0.0,
nm9722080,36,1.0,3,0.103448,
nm9723440,36,1.0,2,0.0,
nm9724541,36,1.0,0,0.0,
nm9724815,36,1.0,0,0.0,
nm9724876,36,1.0,0,0.0,
nm9725701,36,1.0,0,0.0,
nm9730273,36,1.0,0,0.0,
nm9732090,36,1.0,0,0.0,
nm9733546,36,1.0,1,0.0,
nm9734015,36,1.0,0,0.0,
nm9734377,36,1.0,0,0.0,
nm9734519,36,1.0,0,0.0,
nm9735132,36,1.0,2,0.0,
nm9736967,36,1.0,2,0.0,
nm9739054,36,1.0,0,0.0,
nm9739063,36,1.0,0,0.0,
nm9740227,36,1.0,2,0.0,
nm9740863,36,1.0,0,0.0,
nm9742125,36,1.0,0,0.0,
nm9742718,36,1.0,0,0.0,
nm9744724,36,1.0,1,0.0,
nm9746033,36,1.0,0,0.0,
nm9746223,36,1.0,0,0.0,
nm9748311,36,1.0,0,0.0,
nm9748421,36,1.0,2,0.0,
nm9751810,36,1.0,2,0.0,
nm9753058,36,1.0,1,0.0,
nm9753456,36,1.0,0,0.0,
nm9755387,36,1.0,1,0.0,
nm9755573,36,1.0,0,0.0,
nm9756237,36,1.0,0,0.0,
nm9757880,36,1.0,3,0.0,
nm9757995,36,1.0,4,0.0,
nm9758616,36,1.0,0,0.0,
nm9759219,36,1.0,2,0.0,
nm9759669,36,1.0,0,0.0,
nm9760270,36,1.0,3,0.0,
nm9761218,36,1.0,1,0.0,
nm9761348,36,1.0,1,0.0,
nm9761391,36,1.0,1,0.0,
nm9762528,36,1.0,0,0.0,
nm9764325,36,1.0,1,0.0,
nm9764569,36,1.0,1,0.0,
nm9766874,36,1.0,0,0.0,
nm9767414,36,1.0,2,0.100639,
nm9767500,36,1.0,1,0.0,
nm9769811,36,1.0,0,0.0,
nm9770422,36,1.0,1,0.0,
nm9770929,36,1.0,0,0.0,
nm9773245,36,1.0,0,0.0,
nm9774983,36,1.0,0,0.0,
nm9775906,36,1.0,0,0.0,
nm9775949,36,1.0,0,0.0,
nm9778717,36,1.0,0,0.0,
nm9780089,36,1.0,0,0.0,
nm9780356,36,1.0,1,0.0,
nm9781745,36,1.0,0,0.0,
nm9782337,36,1.0,0,0.0,
nm9783483,36,1.0,1,0.0,
nm9783509,36,1.0,0,0.0,
nm9784206,36,1.0,1,0.0,
nm9785911,36,1.0,0,0.0,
nm9786343,72,0.470588,6,0.111307,
nm9786539,36,1.0,0,0.0,
nm9787129,36,1.0,0,0.0,
nm9787164,36,1.0,0,0.0,
nm9787727,36,1.0,1,0.0,
nm9788259,36,1.0,0,0.0,
nm9788369,36,1.0,0,0.0,
nm9789812,36,1.0,0,0.10396,
nm9790051,36,1.0,1,0.0,
nm9790053,36,1.0,0,0.0,
nm9792345,36,1.0,1,0.0,
nm9793176,36,1.0,0,0.0,
nm9797406,36,1.0,1,0.0,
nm9797923,36,1.0,0,0.0,
nm9801453,36,1.0,0,0.0,
nm9802065,36,1.0,1,0.0,
nm9802066,36,1.0,0,0.0,
nm9802079,36,1.0,0,0.0,
nm9803023,36,1.0,2,0.0,
nm9803346,74,0.48366,0,0.0,
nm9803741,36,1.0,1,0.0,
nm9803895,36,1.0,0,0.0,
nm9804355,36,1.0,0,0.0,
nm9805190,36,1.0,1,0.103448,
nm9805545,36,1.0,0,0.0,
nm9806129,36,1.0,3,0.095455,
nm9806166,36,1.0,0,0.0,
nm9806264,36,1.0,0,0.0,
nm9807128,36,1.0,0,0.0,
nm9808682,36,1.0,4,0.0,
nm9809249,36,1.0,0,0.0,
nm9809869,36,1.0,2,0.0,
nm9810330,36,1.0,0,0.0,
nm9810442,36,1.0,0,0.0,
nm9811540,36,1.0,0,0.0,
nm9812378,36,1.0,0,0.0,
nm9812639,36,1.0,0,0.0,
nm9813170,36,1.0,0,0.0,
nm9814633,36,1.0,0,0.0,
nm9816461,36,1.0,1,0.0,
nm9817570,36,1.0,0,0.0,
nm9818808,36,1.0,3,0.103279,
nm9818976,36,1.0,3,0.0,
nm9820652,36,1.0,0,0.0,
nm9822025,36,1.0,0,0.0,
nm9822601,36,1.0,0,0.0,
nm9824316,36,1.0,3,0.0,
nm9824443,36,1.0,0,0.0,
nm9826800,36,1.0,0,0.0,
nm9828762,36,1.0,1,0.0,
nm9829377,36,1.0,0,0.0,
nm9829510,36,1.0,1,0.0,
nm9830527,36,1.0,1,0.0,
nm9830556,36,1.0,0,0.0,
nm9830760,36,1.0,0,0.0,
nm9831542,36,1.0,0,0.0,
nm9832217,36,1.0,1,0.0,
nm9835815,36,1.0,1,0.060345,
nm9835969,36,1.0,0,0.0,
nm9836528,36,1.0,1,0.0,
nm9837054,36,1.0,0,0.0,
nm9838175,36,1.0,0,0.0,
nm9838275,36,1.0,1,0.0,
nm9838853,36,1.0,1,0.0,
nm9839032,36,1.0,2,0.0,
nm9839080,36,1.0,0,0.0,
nm9840407,36,1.0,0,0.0,
nm9840989,36,1.0,0,0.0,
nm9841773,36,1.0,0,0.0,
nm9844470,36,1.0,3,0.0,
nm9844471,36,1.0,2,0.0,
nm9844474,36,1.0,1,0.0,
nm9844787,36,1.0,1,0.100639,
nm9846854,36,1.0,0,0.0,
nm9847038,36,1.0,0,0.0,
nm9848295,36,1.0,1,0.0,
nm9848296,36,1.0,0,0.0,
nm9850382,36,1.0,0,0.0,
nm9850520,36,1.0,0,0.0,
nm9851355,36,1.0,4,0.0,
nm9851356,36,1.0,3,0.0,
nm9851358,36,1.0,2,0.0,
nm9851359,36,1.0,1,0.0,
nm9851360,36,1.0,0,0.0,
nm9854005,36,1.0,2,0.075995,
nm9854340,36,1.0,4,0.0,
nm9854757,36,1.0,1,0.0,
nm9855596,36,1.0,2,0.123288,
nm9855889,36,1.0,0,0.0,
nm9855918,36,1.0,0,0.0,
nm9856045,36,1.0,0,0.0,
nm9856689,36,1.0,0,0.0,
nm9858166,36,1.0,2,0.0,
nm9858835,36,1.0,0,0.0,
nm9859585,36,1.0,0,0.0,
nm9859981,36,1.0,0,0.0,
nm9862140,36,1.0,0,0.0,
nm9862188,36,1.0,1,0.0,
nm9862792,36,1.0,2,0.0,
nm9864487,36,1.0,2,0.0,
nm9864490,36,1.0,1,0.0,
nm9864495,36,1.0,0,0.0,
nm9864872,36,1.0,3,0.0,
nm9864876,36,1.0,0,0.0,
nm9866578,36,1.0,0,0.0,
nm9867639,36,1.0,6,0.0,
nm9867670,36,1.0,1,0.109185,
nm9867673,36,1.0,1,0.105882,
nm9867799,36,1.0,0,0.0,
nm9868637,36,1.0,0,0.0,
nm9870543,36,1.0,0,0.0,
nm9872069,36,1.0,1,0.0,
nm9872474,74,0.48366,0,0.0,
nm9873412,36,1.0,3,0.098437,
nm9874641,36,1.0,1,0.0,
nm9875211,36,1.0,2,0.0,
nm9876338,36,1.0,0,0.0,
nm9878298,36,1.0,0,0.0,
nm9879822,36,1.0,0,0.0,
nm9880445,36,1.0,0,0.0,
nm9880928,36,1.0,0,0.0,
nm9881756,36,1.0,2,0.0,
nm9882055,36,1.0,0,0.0,
nm9884210,74,0.544118,0,0.0,
nm9884914,36,1.0,1,0.0,
nm9886158,36,1.0,0,0.0,
nm9887655,36,1.0,0,0.0,
nm9895876,36,1.0,1,0.0,
nm9898003,36,1.0,1,0.0,
nm9898007,36,1.0,0,0.0,
nm9898052,36,1.0,0,0.0,
nm9898793,36,1.0,0,0.0,
nm9900699,36,1.0,0,0.0,
nm9901171,36,1.0,1,0.0,
nm9902166,36,1.0,0,0.0,
nm9903093,36,1.0,0,0.0,
nm9904394,36,1.0,0,0.0,
nm9904692,36,1.0,1,0.0,
nm9904787,36,1.0,0,0.0,
nm9904883,36,1.0,0,0.0,
nm9906366,36,1.0,1,0.0,
nm9906550,36,1.0,0,0.0,
nm9907012,36,1.0,1,0.0,
nm9908280,72,0.529412,4,0.0,
nm9909171,36,1.0,1,0.0,
nm9909800,36,1.0,0,0.0,
nm9910291,36,1.0,0,0.0,
nm9911004,36,1.0,1,0.0,
nm9912809,36,1.0,1,0.0,
nm9913257,36,1.0,0,0.0,
nm9913749,36,1.0,0,0.0,
nm9914246,36,1.0,1,0.0,
nm9914612,36,1.0,0,0.0,
nm9914908,36,1.0,0,0.0,
nm9917744,36,1.0,0,0.0,
nm9918107,36,1.0,0,0.0,
nm9921862,36,1.0,2,0.0,
nm9922590,36,1.0,2,0.125249,
nm9923517,36,1.0,0,0.0,
nm9925161,36,1.0,1,0.0,
nm9925907,36,1.0,0,0.0,
nm9926497,36,1.0,0,0.0,
nm9926931,36,1.0,0,0.0,
nm9927182,36,1.0,0,0.117318,
nm9927246,36,1.0,0,0.0,
nm9927301,36,1.0,3,0.0875,
nm9927302,36,1.0,2,0.0875,
nm9927999,36,1.0,1,0.0,
nm9928692,36,1.0,4,0.0,
nm9931908,72,0.470588,0,0.0,
nm9932174,36,1.0,0,0.0,
nm9932497,36,1.0,3,0.0,
nm9933208,36,1.0,2,0.110915,
nm9933531,36,1.0,3,0.0,
nm9933532,36,1.0,2,0.0,
nm9933534,36,1.0,1,0.0,
nm9933536,36,1.0,0,0.0,
nm9934637,36,1.0,0,0.0,
nm9936176,36,1.0,1,0.10311,
nm9939887,36,1.0,1,0.0,
nm9940378,36,1.0,2,0.0,
nm9940581,36,1.0,1,0.0,
nm9942955,36,1.0,2,0.0,
nm9944288,36,1.0,0,0.0,
nm9945002,36,1.0,0,0.0,
nm9947816,36,1.0,0,0.0,
nm9950402,36,1.0,0,0.0,
nm9952570,36,1.0,3,0.103279,
nm9954803,36,1.0,2,0.0,
nm9954934,36,1.0,0,0.0,
nm9954937,36,1.0,2,0.0,
nm9955285,36,1.0,2,0.1008,
nm9955427,36,1.0,0,0.0,
nm9955532,36,1.0,1,0.0,
nm9955536,36,1.0,0,0.0,
nm9956418,72,0.529412,0,0.0,
nm9957528,36,1.0,3,0.0,
nm9958408,36,1.0,0,0.0,
nm9958527,36,1.0,1,0.0,
nm9958734,36,1.0,0,0.0,
nm9958842,36,1.0,0,0.0,
nm9959355,36,1.0,1,0.0,
nm9960274,36,1.0,0,0.0,
nm9962816,36,1.0,0,0.0,
nm9964315,36,1.0,0,0.0,
nm9965574,36,1.0,1,0.105,
nm9967504,36,1.0,0,0.0,
nm9967887,36,1.0,0,0.0,
nm9968037,36,1.0,1,0.0,
nm9969793,36,1.0,1,0.0,
nm9970377,36,1.0,0,0.0,
nm9970779,36,1.0,0,0.0,
nm9972652,36,1.0,1,0.095455,
nm9973563,36,1.0,4,0.11014,
nm9974122,36,1.0,0,0.054031,
nm9974123,36,1.0,0,0.0,
nm9974367,36,1.0,0,0.0,
nm9974796,36,1.0,0,0.0,
nm9976563,36,1.0,0,0.0,
nm9976809,36,1.0,1,0.078358,
nm9977663,36,1.0,2,0.0,
nm9978339,36,1.0,0,0.0,
nm9978993,36,1.0,0,0.0,
nm9979407,36,1.0,0,0.0,
nm9979946,36,1.0,3,0.0,
nm9980032,36,1.0,0,0.0,
nm9981119,36,1.0,0,0.0,
nm9983290,36,1.0,1,0.0,
nm9984431,36,1.0,2,0.0,
nm9984976,36,1.0,0,0.0,
nm9985811,36,1.0,0,0.0,
nm9986065,36,1.0,1,0.0,
nm9986430,36,1.0,1,0.0,
nm9986834,36,1.0,1,0.099213,
nm9987121,36,1.0,2,0.0,
nm9987314,36,1.0,0,0.0,
nm9987817,36,1.0,0,0.0,
nm9988758,36,1.0,2,0.0,
nm9989234,36,1.0,0,0.0,
nm9990627,36,1.0,0,0.0,
nm9990676,36,1.0,2,0.109565,
nm9991320,36,1.0,0,0.0,
nm9992117,36,1.0,0,0.0,
nm9993103,36,1.0,1,0.0,
nm9993444,36,1.0,0,0.0,
nm9993478,36,1.0,0,0.0,
nm9993484,36,1.0,1,0.0,
nm9993485,36,1.0,0,0.0,
nm9993693,36,1.0,2,0.109948,
