actorId,pagerank,degree,weightedDegree,community
nm0000410,1.708478,18,18,1
nm1528548,0.946371,9,9,2
nm4141252,0.946371,9,9,2
nm1411125,0.8803,9,9,3
nm1676221,1.642194,18,18,3
nm0232998,1.0,9,9,5
nm11302979,1.0,9,9,5
nm3249839,1.0,9,9,5
nm7371202,1.0,9,9,5
nm4311291,1.0,9,9,5
nm0000126,1.0,9,9,5
nm0006669,1.703579,18,18,7
nm0928560,0.942925,9,9,7
nm10894712,0.942925,9,9,7
nm0896292,0.921881,9,9,8
nm5007768,1.733503,18,18,8
nm0441287,1.0,9,9,9
nm3569001,1.0,9,9,9
nm0028222,1.0,9,9,9
nm0000849,1.0,9,9,9
nm5754694,0.890639,9,9,4
nm1490478,1.0,9,9,10
nm0190441,1.0,9,9,10
nm0935395,1.0,9,9,10
nm12136451,1.0,9,9,10
nm0000169,1.0,9,9,10
nm1320827,0.910155,9,9,3
nm0597388,0.910155,9,9,3
nm0001737,0.910155,9,9,3
nm0933940,0.910155,9,9,3
nm0607325,0.910155,9,9,3
nm0000968,0.916764,9,9,3
nm0005107,0.916764,9,9,3
nm0177639,1.675353,18,18,3
nm5555747,0.916764,9,9,3
nm0001507,0.916764,9,9,3
nm0001803,1.614365,18,18,3
nm4363130,1.0,9,9,14
nm4156901,1.0,9,9,14
nm8791215,1.0,9,9,14
nm0992694,1.0,9,9,15
nm0000828,0.948678,9,9,8
nm8943180,0.948678,9,9,8
nm0735442,0.907851,9,9,6
nm0274704,0.907851,9,9,6
nm1431940,0.907851,9,9,6
nm0618960,0.907851,9,9,6
nm0421252,1.0,9,9,16
nm6085680,1.0,9,9,16
nm6822586,0.940203,9,9,6
nm0000226,0.940203,9,9,6
nm2809845,0.956853,9,9,18
nm1143429,0.865366,9,9,3
nm3879121,0.865366,9,9,3
nm10452066,0.874769,9,9,11
nm3102998,0.895646,9,9,3
nm1659547,0.895646,9,9,3
nm1555340,0.895646,9,9,3
nm4330477,0.855483,9,9,23
nm2396101,1.612399,18,18,23
nm3589263,0.855483,9,9,23
nm0387363,1.644808,18,18,23
nm1649780,1.689215,18,18,23
nm0156567,0.907127,9,9,23
nm0465503,0.874737,9,9,23
nm7301911,0.874737,9,9,23
nm0000982,0.944863,9,9,24
nm10596213,0.944863,9,9,24
nm11765144,1.0,9,9,27
nm7713812,1.0,9,9,27
nm9491587,1.0,9,9,27
nm9580241,1.0,9,9,27
nm4428577,1.0,9,9,28
nm2835834,1.0,9,9,28
nm10933148,1.0,9,9,28
nm0034877,2.413344,27,27,6
nm5806210,0.924626,9,9,6
nm0811242,0.918359,9,9,3
nm0602813,0.918359,9,9,3
nm5359536,0.918359,9,9,3
nm4331196,0.918359,9,9,3
nm0682970,0.918359,9,9,3
nm0001826,0.944863,9,9,24
nm0115415,0.943792,9,9,1
nm2501633,0.901742,9,9,1
nm4821030,1.708478,18,18,1
nm0636513,0.901742,9,9,1
nm3034998,0.861201,9,9,30
nm3409676,1.598541,18,18,30
nm4406232,1.602738,18,18,30
nm2218544,0.861201,9,9,30
nm2988329,0.867416,9,9,30
nm3663964,0.867416,9,9,30
nm1396004,1.591561,18,18,30
nm2390366,0.920386,9,9,31
nm0228701,0.920386,9,9,31
nm0085997,0.890006,9,9,3
nm0130736,0.890006,9,9,3
nm0847543,0.885874,9,9,3
nm2030779,1.649873,18,18,6
nm6724617,0.940198,9,9,33
nm6859238,0.940198,9,9,33
nm6234088,0.940198,9,9,33
nm4528776,0.940198,9,9,33
nm0751638,2.3544,27,27,3
nm3546868,0.879021,9,9,3
nm1080646,1.640497,18,18,3
nm0000449,0.879021,9,9,3
nm3093760,0.850655,9,9,3
nm1330276,2.404564,27,27,3
nm1378329,0.850655,9,9,3
nm2107127,1.0,9,9,34
nm0337466,1.0,9,9,34
nm0931477,1.0,9,9,34
nm0000452,1.0,9,9,34
nm2793591,0.956853,9,9,35
nm0825398,0.956853,9,9,35
nm0000463,0.956853,9,9,35
nm0541908,0.875764,9,9,3
nm3996691,0.875764,9,9,3
nm9404262,1.518166,18,18,3
nm5438913,0.825157,9,9,3
nm0646496,0.946816,9,9,33
nm1678720,0.946816,9,9,33
nm1002609,1.0,9,9,37
nm0120698,1.0,9,9,37
nm17694324,0.943387,9,9,39
nm1500155,0.943387,9,9,39
nm2225369,0.943387,9,9,39
nm3147751,1.705916,18,18,39
nm0000560,0.943387,9,9,39
nm1580957,0.879859,9,9,4
nm0000616,4.767467,54,54,7
nm8095468,0.920674,9,9,7
nm8495218,0.920674,9,9,7
nm2144150,0.920674,9,9,7
nm0712954,0.875596,9,9,7
nm11066861,0.920674,9,9,7
nm0000585,0.920674,9,9,7
nm0184392,1.655107,18,18,7
nm0216016,0.894454,9,9,7
nm0241421,0.875596,9,9,7
nm10363865,0.875596,9,9,7
nm6559494,0.920674,9,9,7
nm11332679,0.926369,9,9,43
nm2296440,0.956853,9,9,44
nm3238538,0.956853,9,9,44
nm5480894,0.899585,9,9,39
nm1429380,1.0,9,9,45
nm4612692,1.0,9,9,45
nm7279652,0.94476,9,9,3
nm0143295,0.920761,9,9,39
nm6618353,0.93291,9,9,6
nm7868231,0.93291,9,9,6
nm2525790,0.93291,9,9,6
nm1238859,0.913706,9,9,379
nm2151270,0.913706,9,9,379
nm0646010,0.913706,9,9,379
nm2096822,0.913706,9,9,49
nm2883665,0.913706,9,9,379
nm5352727,0.913706,9,9,49
nm3571592,1.579511,18,18,6
nm3948952,2.211149,27,27,6
nm6038328,0.894664,9,9,6
nm9152854,0.949921,9,9,52
nm1812523,0.927569,9,9,52
nm4343923,0.927569,9,9,52
nm5266374,0.949921,9,9,52
nm0000800,1.740434,18,18,52
nm0000195,0.948678,9,9,8
nm0222596,1.0,9,9,0
nm0001577,1.0,9,9,0
nm6648886,0.927569,9,9,53
nm6668961,0.927569,9,9,53
nm0000936,0.927569,9,9,53
nm3691738,0.956853,9,9,54
nm12507502,0.956853,9,9,54
nm3241346,0.956853,9,9,54
nm0027558,0.956853,9,9,54
nm2650359,0.956853,9,9,18
nm10412327,0.935481,9,9,2
nm6657652,1.0,9,9,61
nm9556040,0.900765,9,9,3
nm0799777,1.634249,18,18,3
nm2958419,1.0,9,9,63
nm4535518,1.696945,18,18,43
nm1922788,0.892208,9,9,43
nm1187160,0.892208,9,9,43
nm1526673,0.892208,9,9,43
nm2067953,1.708478,18,18,65
nm2684912,0.901742,9,9,65
nm1961009,0.917756,9,9,65
nm10730437,0.876785,9,9,23
nm10732415,0.876785,9,9,23
nm2432662,0.876785,9,9,23
nm0504897,0.938523,9,9,3
nm0950757,0.938523,9,9,3
nm0099521,0.933955,9,9,36
nm0346363,0.933955,9,9,36
nm0674816,0.933955,9,9,36
nm2078025,1.0,9,9,66
nm3056324,1.0,9,9,66
nm0005535,1.0,9,9,66
nm1649939,1.0,9,9,66
nm0191747,1.0,9,9,66
nm5294636,0.885874,9,9,3
nm2330321,0.946959,9,9,4
nm2501442,0.946959,9,9,4
nm0944081,0.946959,9,9,4
nm0194271,1.0,9,9,67
nm2979684,1.0,9,9,67
nm11051909,1.0,9,9,67
nm1036050,1.0,9,9,67
nm0532067,0.910609,9,9,2
nm0878240,0.910609,9,9,2
nm2134806,1.665716,18,18,33
nm5379183,1.655502,18,18,33
nm0452224,0.94199,9,9,33
nm2968409,0.94199,9,9,33
nm5532140,0.94199,9,9,33
nm0614885,1.0,9,9,70
nm3109156,1.0,9,9,70
nm5606446,0.897709,9,9,7
nm0004365,1.703579,18,18,7
nm0010837,0.942925,9,9,7
nm0190794,1.0,9,9,73
nm0258272,1.0,9,9,73
nm0001970,1.0,9,9,73
nm4402043,0.941554,9,9,11
nm5518972,0.941554,9,9,11
nm0217936,1.0,9,9,74
nm0738391,1.0,9,9,75
nm0002010,1.0,9,9,75
nm0122834,1.0,9,9,76
nm0415185,1.0,9,9,76
nm4259483,1.0,9,9,77
nm4142788,1.0,9,9,77
nm0730070,0.931938,9,9,11
nm4886518,1.0,9,9,79
nm12139768,1.0,9,9,79
nm1896336,1.0,9,9,79
nm1936048,1.0,9,9,79
nm0608578,1.0,9,9,79
nm0001458,0.91557,9,9,3
nm2524051,1.0,9,9,80
nm8860239,1.0,9,9,80
nm1944279,0.885171,9,9,21
nm0730191,0.885171,9,9,21
nm0005234,0.93364,9,9,59
nm0295141,0.93364,9,9,59
nm2666409,0.93364,9,9,59
nm0649239,0.93364,9,9,59
nm0002517,0.93364,9,9,59
nm1147702,0.860008,9,9,11
nm4715711,0.860008,9,9,11
nm0316306,1.0,9,9,25
nm6388229,1.0,9,9,25
nm1277856,0.899767,9,9,36
nm0221677,0.899767,9,9,36
nm0275637,1.706138,18,18,36
nm0545166,0.899767,9,9,36
nm0882943,1.706138,18,18,36
nm4841640,0.899767,9,9,36
nm0003409,0.899767,9,9,36
nm0193135,0.956853,9,9,81
nm0319696,0.956853,9,9,81
nm0412917,2.16881,27,27,11
nm1122912,0.828712,9,9,11
nm3828984,0.828712,9,9,11
nm0589900,0.942925,9,9,7
nm12154493,0.832634,9,9,86
nm0289080,0.94845,9,9,48
nm2439913,0.92059,9,9,32
nm4234031,0.92059,9,9,32
nm4625025,0.92059,9,9,32
nm0062098,1.698351,18,18,12
nm1388927,0.94845,9,9,48
nm11158117,0.94845,9,9,48
nm1593574,0.92059,9,9,32
nm6714032,1.0,9,9,92
nm7938836,0.956853,9,9,93
nm1139632,1.77665,18,18,93
nm0482656,0.877895,9,9,23
nm0862882,0.877895,9,9,23
nm1546364,0.938443,9,9,23
nm2650306,0.938443,9,9,23
nm0005033,1.679283,18,18,23
nm2117181,0.909129,9,9,59
nm1164865,0.909129,9,9,59
nm9570628,1.0,9,9,88
nm2217844,0.947355,9,9,4
nm6639989,0.947355,9,9,4
nm2281637,0.947355,9,9,4
nm8359383,0.915664,9,9,4
nm3214649,0.915664,9,9,4
nm1564072,1.0,9,9,37
nm0552595,0.948678,9,9,8
nm13798094,0.948678,9,9,8
nm0676370,0.944863,9,9,24
nm1248798,0.944863,9,9,24
nm0005171,1.731984,18,18,32
nm0105013,1.0,9,9,96
nm0666966,1.0,9,9,96
nm0267651,1.0,9,9,96
nm0733051,1.0,9,9,78
nm0273946,1.0,9,9,78
nm0005253,1.0,9,9,78
nm7736740,0.923464,9,9,3
nm1855281,0.923464,9,9,3
nm3690667,1.712261,18,18,3
nm0201557,0.941253,9,9,3
nm0112932,0.933975,9,9,3
nm8131660,0.933975,9,9,3
nm7854903,0.8803,9,9,3
nm16543808,0.9418,9,9,6
nm1782153,0.9418,9,9,6
nm2301427,1.0,9,9,100
nm8467055,1.0,9,9,100
nm1189034,1.606465,18,18,11
nm3252731,0.856517,9,9,11
nm1383801,0.856517,9,9,11
nm0006764,0.856517,9,9,11
nm1239481,0.887004,9,9,11
nm6224597,0.887004,9,9,11
nm0007124,1.642462,18,18,11
nm0019382,0.88477,9,9,11
nm0442622,0.914817,9,9,12
nm6505394,0.914817,9,9,12
nm2324209,0.914817,9,9,12
nm6685291,0.912975,9,9,12
nm8554038,0.914817,9,9,12
nm0675919,1.690736,18,18,12
nm3060342,1.0,9,9,101
nm0142964,1.0,9,9,102
nm0795294,1.0,9,9,102
nm0523592,1.0,9,9,102
nm1302330,3.294274,45,45,11
nm3159930,2.037017,27,27,11
nm3755435,0.739627,9,9,11
nm0430803,2.2856,27,27,13
nm0482289,0.88477,9,9,11
nm5704026,0.894747,9,9,11
nm10171821,0.894747,9,9,11
nm1277547,0.894747,9,9,11
nm0123699,1.0,9,9,76
nm0125211,0.898679,9,9,103
nm1998273,1.740434,18,18,104
nm9477875,0.927569,9,9,104
nm0007711,0.927569,9,9,104
nm2119319,0.949921,9,9,104
nm3600447,1.0,9,9,106
nm5445304,1.0,9,9,106
nm0324645,0.913706,9,9,107
nm0084241,0.913706,9,9,107
nm0690761,0.913706,9,9,107
nm10919639,0.913706,9,9,107
nm0008090,1.690355,17,18,107
nm1032423,1.516067,17,18,664
nm1552768,0.841137,9,9,108
nm1758920,0.841137,9,9,108
nm8804533,0.841137,9,9,108
nm0008124,0.841137,9,9,108
nm1715356,1.525755,18,18,231
nm0592759,1.234556,17,18,419
nm0193459,0.714458,9,9,110
nm0559487,1.868286,25,27,419
nm0798473,1.061739,18,18,113
nm1550987,0.621742,9,9,112
nm10484958,0.598027,9,9,113
nm4519769,2.668761,42,45,113
nm5469652,0.621742,9,9,112
nm9547522,0.637778,9,9,113
nm1550104,1.583435,25,27,1316
nm0750411,0.691432,9,9,113
nm8490776,1.155225,18,18,113
nm9413159,0.600767,9,9,113
nm1256745,1.551636,27,27,113
nm9425204,1.081946,18,18,113
nm0474919,1.215101,18,18,113
nm0673311,0.691432,9,9,113
nm1415008,0.600767,9,9,113
nm0284717,2.180595,33,36,113
nm9433015,1.095087,18,18,113
nm11418610,0.603917,9,9,113
nm7030182,1.496654,27,27,113
nm8358493,1.538456,26,27,1378
nm6938503,0.811728,9,9,11
nm0265823,0.904773,9,9,97
nm0890337,0.904773,9,9,115
nm1670234,0.94774,9,9,119
nm1395655,0.94774,9,9,119
nm12225158,0.882163,9,9,121
nm13445593,3.088029,34,36,1324
nm0444324,0.882163,9,9,121
nm1243922,0.882163,9,9,121
nm13062881,1.610481,17,18,1324
nm4980481,0.882163,9,9,121
nm12158334,0.917756,9,9,65
nm0580158,0.900498,9,9,56
nm1276538,1.467471,18,18,11
nm3854930,1.551981,18,18,56
nm2511502,1.593544,18,18,56
nm0012915,0.827489,9,9,56
nm5621805,0.861547,9,9,56
nm2422019,0.861547,9,9,56
nm7639984,0.948455,9,9,124
nm0648329,0.948455,9,9,124
nm1742916,0.948455,9,9,124
nm0754273,0.920637,9,9,124
nm16155023,0.920637,9,9,124
nm3988985,0.920637,9,9,124
nm0530961,0.948455,9,9,124
nm4619085,0.872314,9,9,126
nm7809939,0.900315,9,9,126
nm0451086,0.900315,9,9,126
nm2726845,0.900315,9,9,126
nm6150259,0.900315,9,9,126
nm7825235,1.64956,18,18,126
nm0768031,2.708204,45,45,110
nm3619308,0.893761,9,9,23
nm0999515,2.622315,38,45,739
nm10322942,0.659519,9,9,110
nm2812453,1.181629,18,18,110
nm5233402,1.624738,26,27,548
nm9201681,0.659471,9,9,110
nm10323149,0.651688,9,9,548
nm10410147,0.659519,9,9,110
nm1800746,2.716295,42,45,739
nm2815817,1.206698,18,18,110
nm9198045,0.651688,9,9,548
nm1069583,1.727613,25,27,176
nm1800303,1.696566,26,27,548
nm5095124,1.185756,16,18,548
nm10381044,0.659166,9,9,110
nm2951762,1.185756,16,18,548
nm1662481,0.656143,9,9,110
nm0361669,0.656143,9,9,110
nm10513514,0.63031,9,9,110
nm2929886,0.881993,9,9,240
nm10514573,0.881993,9,9,240
nm1578920,0.901321,9,9,131
nm1345839,2.309606,33,36,132
nm1671039,1.223944,18,18,110
nm0199035,0.660445,9,9,110
nm0395947,1.20184,18,18,110
nm0015164,1.219458,17,18,132
nm0768029,1.251003,18,18,110
nm0592882,2.79769,44,45,620
nm0837352,0.684695,9,9,110
nm0945601,1.562319,18,27,690
nm2550521,0.679564,9,9,110
nm0906723,1.317722,18,18,110
nm0837430,0.6988,9,9,110
nm1363764,0.755978,9,9,110
nm0395942,0.6988,9,9,110
nm1935905,1.725963,18,18,4
nm0622406,1.313848,18,18,110
nm0631659,1.273717,18,18,110
nm0257932,0.707636,9,9,110
nm0793674,3.666199,53,54,482
nm2946751,4.018909,54,72,739
nm0993544,1.944869,23,36,738
nm9654716,0.598539,9,9,548
nm1221055,1.0,9,9,134
nm2395510,1.0,9,9,134
nm3376846,1.0,9,9,134
nm0015440,1.0,9,9,134
nm7331054,0.824959,9,9,136
nm7816790,0.824959,9,9,136
nm9675960,0.824959,9,9,136
nm0135929,1.0,9,9,83
nm0896071,1.0,9,9,139
nm3227380,1.0,9,9,140
nm10531236,1.0,9,9,140
nm2992664,1.0,9,9,140
nm10531235,1.0,9,9,140
nm1570165,1.34161,13,18,142
nm7559355,0.743345,9,9,142
nm4434111,0.743345,9,9,142
nm0037721,1.0,9,9,143
nm2948589,1.0,9,9,143
nm0471422,1.332601,18,18,11
nm0558593,1.368533,18,18,11
nm7561226,1.973115,26,27,524
nm4383118,1.273485,17,18,524
nm8187490,0.730569,9,9,11
nm4270963,0.781074,9,9,19
nm1066795,1.899151,25,27,524
nm10269274,0.735583,9,9,11
nm10403329,1.0,9,9,147
nm10221978,1.0,9,9,147
nm0019489,1.0,9,9,147
nm0577741,0.956853,9,9,148
nm7912616,0.956853,9,9,148
nm0544010,0.956853,9,9,148
nm3483613,1.0,9,9,149
nm5062337,1.0,9,9,149
nm6876928,1.0,9,9,149
nm2466273,0.875269,9,9,59
nm0307253,0.937615,9,9,59
nm0020739,1.675828,18,18,59
nm3907732,0.956853,9,9,151
nm7620319,0.956853,9,9,151
nm0424453,0.956853,9,9,151
nm1727825,0.921881,9,9,8
nm1301218,0.920473,9,9,33
nm0851767,0.920473,9,9,33
nm10293922,0.920473,9,9,33
nm1032596,1.538079,18,18,11
nm10483205,0.922359,9,9,110
nm5130906,1.77665,18,18,155
nm7846445,0.956853,9,9,155
nm5404817,0.956853,9,9,155
nm10472429,0.616629,9,9,156
nm0412632,0.616629,9,9,156
nm0023914,0.616629,9,9,156
nm5162621,1.118135,18,18,113
nm5551642,2.704274,45,45,113
nm8972570,0.626965,9,9,113
nm9455290,0.626965,9,9,113
nm10319163,1.690355,17,18,951
nm10319170,0.913706,9,9,159
nm10319173,0.913706,9,9,159
nm6487292,0.913706,9,9,159
nm11958694,0.843153,9,9,161
nm11958714,0.843153,9,9,161
nm10890555,0.783281,9,9,11
nm10890568,0.783281,9,9,11
nm11480117,0.901757,9,9,11
nm6845052,0.901757,9,9,11
nm0030280,1.47895,18,18,11
nm10312087,0.901757,9,9,11
nm5603981,0.901757,9,9,11
nm10113120,0.901757,9,9,11
nm10662225,0.901757,9,9,11
nm11220737,0.901757,9,9,11
nm11221104,0.901757,9,9,11
nm11221117,0.901757,9,9,11
nm8468017,0.956853,9,9,54
nm0087018,1.0,9,9,166
nm0282653,1.0,9,9,166
nm0812453,1.0,9,9,166
nm0029671,1.0,9,9,166
nm0239294,0.956853,9,9,167
nm2268884,0.956853,9,9,167
nm0480658,1.0,9,9,168
nm1204308,1.0,9,9,71
nm0157716,1.0,9,9,71
nm0642675,1.0,9,9,71
nm0066827,1.575093,16,18,234
nm0588404,1.0,9,9,170
nm7809825,0.956853,9,9,148
nm0955544,0.956853,9,9,148
nm7855374,3.72042,45,45,11
nm0917962,1.0,9,9,171
nm0267772,1.0,9,9,171
nm0288214,1.0,9,9,171
nm5618931,1.0,9,9,171
nm10464233,1.0,9,9,172
nm0842191,1.0,9,9,172
nm2805495,1.0,9,9,173
nm10323184,0.80507,9,9,176
nm10323183,0.80507,9,9,176
nm0044463,0.80507,9,9,176
nm10348168,0.664028,9,9,110
nm1186215,1.249111,18,18,110
nm10348165,0.664028,9,9,110
nm0490375,1.0,9,9,25
nm2732939,0.900226,9,9,21
nm1318578,0.900226,9,9,21
nm1674835,0.914155,9,9,33
nm2078557,0.909699,9,9,33
nm0781700,0.909699,9,9,33
nm0037459,0.914155,9,9,33
nm0032737,1.686798,18,18,33
nm1663898,0.604448,9,9,177
nm5845367,1.027957,17,18,177
nm0297869,2.320326,35,36,449
nm0370573,1.311235,17,18,418
nm0882255,1.168531,18,18,110
nm0359226,2.980851,43,45,488
nm0837534,0.660641,9,9,110
nm0848796,0.660641,9,9,110
nm0875366,1.816847,27,27,110
nm10385508,0.600463,9,9,129
nm0593043,1.965446,31,36,177
nm0624346,1.043043,18,18,110
nm0297734,0.604448,9,9,177
nm0321348,1.0,9,9,164
nm0145784,1.0,9,9,164
nm10306723,0.854405,9,27,321
nm7028312,1.342108,29,36,178
nm2362746,1.783088,34,54,1354
nm2898907,0.421485,9,9,178
nm0465531,0.657154,9,9,110
nm0645011,1.876611,27,27,110
nm0465235,0.657154,9,9,110
nm0997681,0.770786,9,9,110
nm0008354,1.245948,17,18,110
nm6076273,0.770786,9,9,110
nm0442814,0.720558,9,9,110
nm0596097,0.720558,9,9,110
nm0157374,2.392913,26,81,321
nm10334424,0.486662,9,9,178
nm1187057,0.845498,9,9,110
nm1483904,1.664624,18,18,180
nm0125553,0.891356,9,9,180
nm3270435,1.670069,18,18,180
nm11826304,1.0,9,9,181
nm7426140,1.0,9,9,181
nm1287084,0.885159,9,9,56
nm4463202,1.632976,18,18,56
nm8263621,0.885159,9,9,56
nm8941715,0.885159,9,9,56
nm1283344,0.885159,9,9,56
nm9051285,1.69165,18,18,56
nm0443937,0.956853,9,9,182
nm0607375,0.956853,9,9,182
nm0639533,0.956853,9,9,182
nm1766456,0.956853,9,9,182
nm2906167,0.956853,9,9,182
nm0107101,0.956853,9,9,182
nm5544029,0.956853,9,9,182
nm5560389,0.956853,9,9,182
nm6112124,0.956853,9,9,182
nm0194553,0.921881,9,9,163
nm0034330,0.921881,9,9,163
nm0577420,0.939472,9,9,114
nm7552807,0.896875,9,9,6
nm0171674,0.924626,9,9,6
nm0225483,0.865955,9,9,6
nm10356441,0.896875,9,9,6
nm8313494,0.865955,9,9,6
nm0678648,0.865955,9,9,6
nm6226543,0.865955,9,9,6
nm7887725,1.652122,18,18,6
nm4263664,0.65391,9,9,110
nm5225142,0.65391,9,9,110
nm1000331,1.720507,27,27,110
nm10315880,0.66325,9,9,548
nm0348018,3.085856,50,54,474
nm10510270,0.663009,9,9,113
nm9629125,0.663009,9,9,113
nm0784226,0.650712,9,9,113
nm5325732,1.552304,26,27,113
nm0374815,1.646259,17,18,470
nm0287544,2.21125,26,27,440
nm0264179,1.0,9,9,185
nm0041308,1.0,9,9,185
nm10494105,1.0,9,9,185
nm10494107,1.0,9,9,185
nm10494111,1.0,9,9,185
nm0154491,1.0,9,9,185
nm2186494,1.0,9,9,188
nm5500026,0.864733,9,9,56
nm0176444,0.864733,9,9,56
nm4441966,0.864733,9,9,56
nm1235318,1.0,9,9,143
nm0368689,0.799519,9,9,111
nm1758612,2.156674,27,27,111
nm2010689,2.911591,36,36,111
nm1166738,0.905844,9,9,110
nm3882781,1.502214,18,18,110
nm0875309,0.905844,9,9,110
nm0370621,0.905844,9,9,110
nm3819591,0.857128,9,9,110
nm0462017,1.396995,18,18,110
nm1465001,0.857128,9,9,110
nm0359305,0.857128,9,9,110
nm0757013,1.472733,18,18,110
nm1326732,1.0,9,9,190
nm0623311,1.0,9,9,190
nm4981506,1.0,9,9,190
nm1160730,0.760473,9,9,110
nm1149137,0.760473,9,9,110
nm0440406,0.779915,9,9,110
nm0464884,0.760473,9,9,110
nm0762942,0.779915,9,9,110
nm0038951,1.403332,18,18,110
nm4463035,0.762594,9,9,110
nm0038377,0.847195,9,9,110
nm1679391,0.762594,9,9,110
nm10233229,1.0,9,9,192
nm5799334,0.946,9,9,59
nm0312656,2.328,27,27,110
nm3174747,0.845384,9,9,110
nm0481246,1.0,9,9,193
nm11758686,1.0,9,9,193
nm0251122,0.770665,9,9,252
nm0438704,0.772572,9,9,343
nm0312647,2.179304,26,27,457
nm0433940,0.798,9,9,252
nm0618628,1.382661,16,18,402
nm1017945,0.770665,9,9,252
nm0463753,0.770665,9,9,252
nm1141223,0.771104,9,9,195
nm2146858,0.813074,9,9,111
nm5457207,0.818193,9,9,111
nm2489612,1.481445,18,18,111
nm0297835,1.407858,18,18,110
nm0442955,0.747494,9,9,110
nm10441908,0.747494,9,9,110
nm8973249,1.0,9,9,197
nm0547523,1.0,9,9,197
nm6183421,1.0,9,9,197
nm9444229,1.0,9,9,197
nm0330853,1.77665,18,18,198
nm3541687,0.956853,9,9,198
nm1905619,1.0,9,9,199
nm5566667,1.0,9,9,199
nm0895089,1.0,9,9,199
nm7412230,1.0,9,9,199
nm0041316,1.0,9,9,199
nm2510035,1.0,9,9,203
nm10501332,1.0,9,9,203
nm5248189,0.718862,9,9,110
nm0619931,1.313326,18,18,110
nm4772266,0.718862,9,9,110
nm0071024,0.891901,9,9,110
nm9519483,0.891901,9,9,110
nm0455816,1.656756,18,18,110
nm5425933,1.0,9,9,117
nm10449340,1.0,9,9,117
nm0044245,1.0,9,9,117
nm2700567,0.948455,9,9,124
nm1062881,0.948455,9,9,124
nm2399591,0.708495,9,9,110
nm0865544,0.708495,9,9,110
nm0441571,1.694829,26,27,177
nm0475872,1.193157,18,18,110
nm0468727,0.677961,9,9,110
nm3704889,0.677961,9,9,110
nm0576364,0.677961,9,9,110
nm0609310,1.444752,18,18,111
nm4943457,0.908091,9,9,11
nm0431520,0.908091,9,9,11
nm6343883,1.0,9,9,205
nm6796131,1.0,9,9,205
nm9015942,1.0,9,9,205
nm5291007,1.0,9,9,205
nm10093507,0.854415,9,9,108
nm1096466,1.568184,17,18,1266
nm4942285,0.854415,9,9,108
nm4951437,2.305822,26,27,1266
nm0322479,0.919704,9,9,180
nm3226240,1.692972,18,18,180
nm13609822,0.949921,9,9,206
nm17779180,0.949921,9,9,206
nm0046424,0.949921,9,9,206
nm10341145,1.0,9,9,207
nm4474914,1.0,9,9,207
nm10299587,1.0,9,9,109
nm8977785,1.0,9,9,109
nm2103554,1.0,9,9,209
nm5996483,1.0,9,9,209
nm3464090,1.0,9,9,209
nm5995222,1.0,9,9,209
nm6235401,1.726082,18,18,180
nm1253936,0.947369,9,9,180
nm0047624,0.947369,9,9,180
nm3741323,0.915769,9,9,180
nm10379178,0.924696,9,9,110
nm4163711,0.924696,9,9,110
nm0406732,0.817535,9,9,110
nm4112050,0.924696,9,9,110
nm6268729,0.924696,9,9,110
nm6711994,0.924696,9,9,110
nm8535650,0.817535,9,9,110
nm0269800,0.920637,9,9,124
nm0226701,0.948678,9,9,210
nm4890743,0.921881,9,9,210
nm3113678,0.948678,9,9,210
nm0048081,1.733503,18,18,210
nm0193160,1.0,9,9,100
nm2961248,1.0,9,9,212
nm0399251,1.0,9,9,212
nm1298177,1.0,9,9,213
nm3980859,1.0,9,9,213
nm11240803,0.956853,9,9,214
nm15016167,0.956853,9,9,214
nm10400615,0.956853,9,9,214
nm7585473,0.956853,9,9,214
nm11713597,1.0,9,9,215
nm2395082,1.0,9,9,215
nm0121225,1.0,9,9,215
nm0543547,1.0,9,9,215
nm0457225,0.73152,9,9,110
nm0040910,0.747494,9,9,110
nm0370579,0.886925,9,9,110
nm10280884,0.404625,9,9,217
nm2115648,0.383656,9,9,217
nm2362683,0.405386,9,9,217
nm5181516,0.940215,15,27,217
nm5181684,1.656081,27,54,217
nm5729867,1.872406,30,54,217
nm0848426,0.792779,10,18,217
nm10280981,0.856238,10,27,217
nm10295767,0.613268,12,18,217
nm10269481,0.420269,9,9,217
nm2153938,3.642489,46,117,217
nm2387401,1.129666,17,36,217
nm2388044,0.916287,15,27,217
nm0605299,4.0967,53,135,217
nm2385002,0.430145,9,9,217
nm0849545,0.949921,9,9,218
nm6478947,0.949921,9,9,218
nm3225022,0.949921,9,9,218
nm1475385,2.35562,35,36,527
nm9230974,0.943228,9,9,103
nm0623325,1.704828,18,18,103
nm0052455,0.943228,9,9,103
nm0882577,2.07257,27,27,110
nm0297978,0.803509,9,9,110
nm4478721,0.755028,9,9,482
nm0156928,0.67089,9,9,110
nm0370577,1.418984,18,18,482
nm0654837,0.803509,9,9,110
nm1333687,1.559827,18,18,11
nm3211304,0.846274,9,9,11
nm10487771,1.0,9,9,221
nm1178214,1.0,9,9,223
nm4443845,1.0,9,9,223
nm7497829,1.0,9,9,223
nm3696353,1.0,9,9,224
nm1832279,0.948678,9,9,226
nm1045112,0.948678,9,9,226
nm2875236,0.948678,9,9,226
nm0056817,0.948678,9,9,226
nm1812637,0.906011,9,9,111
nm0896631,0.906011,9,9,111
nm0057843,0.906011,9,9,111
nm0419354,0.93787,9,9,33
nm0389384,0.93787,9,9,33
nm0361526,0.93787,9,9,33
nm3128068,0.882889,9,9,142
nm4073165,0.882889,9,9,142
nm6219447,0.882889,9,9,142
nm8115265,1.0,9,9,229
nm0446228,1.0,9,9,229
nm1335581,0.890329,9,9,11
nm9505536,0.919857,9,9,118
nm1386893,0.919857,9,9,118
nm3447958,0.905679,9,9,36
nm4225981,0.905679,9,9,36
nm4724320,0.905679,9,9,36
nm10363321,0.887113,9,9,36
nm10714047,0.887113,9,9,36
nm5961385,0.905679,9,9,36
nm10331657,1.0,9,9,232
nm10331661,1.0,9,9,232
nm0562953,1.0,9,9,232
nm2446184,1.0,9,9,232
nm0066583,1.0,9,9,232
nm0030135,0.860946,9,9,169
nm8916615,0.934321,9,9,30
nm4047802,0.934321,9,9,30
nm0129648,0.934321,9,9,30
nm0144336,0.934321,9,9,30
nm10786231,0.934321,9,9,30
nm1823114,0.934321,9,9,30
nm1968793,0.934321,9,9,30
nm10743072,0.915172,9,9,152
nm1922254,1.693288,18,18,152
nm0046977,1.0,9,9,109
nm10395997,1.0,9,9,238
nm9320393,1.0,9,9,238
nm9432583,1.0,9,9,238
nm10395999,1.0,9,9,238
nm0159040,1.0,9,9,238
nm1687017,0.891901,9,9,110
nm10465367,0.901911,9,9,110
nm3803873,0.927846,9,9,240
nm9071117,0.927846,9,9,240
nm10365866,0.927846,9,9,240
nm0710601,0.92796,9,9,19
nm7410978,0.831944,9,9,13
nm2516110,1.554806,18,18,13
nm0505323,0.92796,9,9,19
nm13154959,1.0,9,9,242
nm13154954,1.0,9,9,242
nm13154982,1.0,9,9,242
nm7318397,0.949921,9,9,244
nm0296982,1.0,9,9,247
nm0491426,1.0,9,9,247
nm1042825,1.0,9,9,14
nm2933542,0.901547,9,9,33
nm0475336,0.901547,9,9,33
nm0717709,0.901547,9,9,33
nm1714868,0.811728,9,9,11
nm0838520,0.866429,9,9,11
nm5977236,0.893972,9,9,851
nm6340767,0.866429,9,9,11
nm10568841,0.818755,9,9,11
nm13216512,0.818393,9,9,11
nm1521381,1.500091,17,18,1341
nm4734130,0.893972,9,9,851
nm1419300,0.769785,9,9,11
nm3164927,0.866429,9,9,11
nm6323449,0.866429,9,9,11
nm7023816,0.893972,9,9,851
nm0151189,1.0,9,9,249
nm10339443,0.935099,9,9,19
nm8149850,0.935099,9,9,19
nm10339444,0.935099,9,9,19
nm7584343,1.0,9,9,250
nm0080438,1.0,9,9,250
nm1031854,1.0,9,9,251
nm4790249,0.915769,9,9,180
nm0202674,0.891356,9,9,180
nm1454326,0.943792,9,9,1
nm1728821,0.943792,9,9,1
nm1415962,0.915172,9,9,124
nm0787921,0.915172,9,9,124
nm0082731,0.915172,9,9,124
nm4010532,0.948073,9,9,6
nm1367730,0.850609,9,9,11
nm0052532,0.846274,9,9,11
nm6432419,0.850609,9,9,11
nm0913097,0.850609,9,9,11
nm5078537,0.850609,9,9,11
nm0714739,0.890006,9,9,3
nm0892704,1.0,9,9,255
nm0939925,1.0,9,9,255
nm1463376,1.0,9,9,255
nm0309839,1.0,9,9,255
nm1041076,1.0,9,9,255
nm2081232,0.956853,9,9,151
nm10368338,0.956853,9,9,151
nm8961972,0.956853,9,9,151
nm0089597,0.956853,9,9,151
nm0235960,0.956853,9,9,256
nm0470901,1.0,9,9,258
nm0596440,1.0,9,9,258
nm0837098,1.0,9,9,258
nm2099367,1.0,9,9,259
nm9099952,1.0,9,9,260
nm7015080,1.0,9,9,260
nm4972453,1.684875,18,18,3
nm0169531,1.0,9,9,150
nm4307810,1.0,9,9,150
nm0296161,1.0,9,9,150
nm0689829,0.956853,9,9,264
nm3208951,0.956853,9,9,264
nm0093294,0.956853,9,9,264
nm11589233,1.0,9,9,265
nm0169558,1.0,9,9,265
nm0218741,1.0,9,9,265
nm0281387,1.0,9,9,265
nm0093671,1.0,9,9,265
nm0928296,0.90858,9,9,55
nm8510546,0.90858,9,9,55
nm1351206,1.690955,18,18,55
nm0093872,0.90858,9,9,55
nm2095779,0.943593,9,9,220
nm0691937,0.943593,9,9,220
nm1253955,0.943593,9,9,220
nm2518338,1.70719,18,18,220
nm1446056,1.0,9,9,266
nm6694718,1.0,9,9,266
nm4228706,1.0,9,9,266
nm0840305,1.0,9,9,267
nm0186099,1.0,9,9,267
nm15840795,1.0,9,9,267
nm0095696,1.0,9,9,267
nm3627683,1.0,9,9,162
nm2501554,1.0,9,9,268
nm0579159,1.0,9,9,268
nm15449941,1.0,9,9,268
nm0097088,1.0,9,9,268
nm4804147,1.0,9,9,269
nm2127350,1.0,9,9,270
nm5952104,1.0,9,9,270
nm10679063,1.0,9,9,270
nm10384356,1.517766,15,18,563
nm9854340,0.827411,9,9,271
nm0133713,0.933955,9,9,36
nm1745762,1.0,9,9,62
nm0107531,0.897379,9,9,21
nm1725848,1.621443,18,18,21
nm7712734,0.897379,9,9,21
nm0351422,0.808777,9,9,195
nm1492496,0.808777,9,9,195
nm0440202,3.946778,46,54,402
nm0951307,0.872067,9,9,195
nm0359181,0.872067,9,9,195
nm5267819,0.872067,9,9,195
nm1905413,0.906317,9,9,11
nm4823334,1.634675,18,18,11
nm7478548,0.881839,9,9,11
nm8941741,0.881839,9,9,11
nm0856872,1.0,9,9,96
nm10524722,1.0,9,9,275
nm0148516,1.0,9,9,275
nm0229585,0.927569,9,9,276
nm1798317,0.956853,9,9,277
nm9430215,0.956853,9,9,277
nm10678594,0.948678,9,9,163
nm4152381,0.9098,9,9,59
nm0322513,0.897379,9,9,21
nm1340370,1.594346,18,18,21
nm2851789,0.861119,9,9,21
nm0295704,1.0,9,9,278
nm7979856,1.0,9,9,278
nm10298353,1.0,9,9,279
nm1527250,1.0,9,9,279
nm0005438,0.933975,9,9,3
nm0170559,1.0,9,9,282
nm16024610,1.0,9,9,282
nm0424302,1.0,9,9,282
nm1617964,1.636193,18,18,55
nm1524874,0.930135,9,9,55
nm0115711,0.930135,9,9,55
nm0161607,2.266376,26,27,329
nm0276758,0.843114,9,9,55
nm4110469,0.843114,9,9,55
nm0489783,1.0,9,9,228
nm3696993,1.0,9,9,228
nm3172796,0.939526,9,9,33
nm1666855,0.939526,9,9,33
nm13206225,1.0,9,9,47
nm1268478,1.0,9,9,47
nm0118600,1.0,9,9,47
nm7755666,0.921881,9,9,226
nm4715046,0.921881,9,9,226
nm0276724,1.0,9,9,286
nm6172403,1.0,9,9,286
nm10877188,1.0,9,9,287
nm0897510,1.0,9,9,215
nm10337831,0.898679,9,9,103
nm8526671,0.943427,9,9,36
nm1163659,0.943427,9,9,36
nm3104312,0.943427,9,9,36
nm10218782,1.0,9,9,291
nm16022818,0.938757,9,9,3
nm3856284,0.899485,9,9,33
nm1929945,0.899485,9,9,33
nm2212688,0.899485,9,9,33
nm0868479,0.893073,9,9,33
nm0589019,1.0,9,9,294
nm10344379,1.0,9,9,294
nm3802458,1.0,9,9,296
nm8116432,1.0,9,9,297
nm1493896,1.0,9,9,297
nm1588272,1.0,9,9,297
nm0137468,1.0,9,9,297
nm0221321,1.0,9,9,138
nm1687568,1.0,9,9,300
nm8558895,1.0,9,9,300
nm5068576,1.0,9,9,300
nm0139528,1.0,9,9,300
nm0150987,0.876073,9,9,23
nm6602298,0.876073,9,9,23
nm6880679,0.876073,9,9,23
nm10630490,0.876073,9,9,23
nm2203315,0.876073,9,9,23
nm6076950,0.956853,9,9,93
nm0776584,0.956853,9,9,93
nm1874994,0.956853,9,9,93
nm3276688,0.956853,9,9,93
nm3043279,0.905679,9,9,36
nm9105542,0.905679,9,9,36
nm0141143,0.905679,9,9,36
nm0174819,0.943387,9,9,39
nm0333689,0.943387,9,9,39
nm2765191,0.943387,9,9,39
nm3080119,1.0,9,9,305
nm0481591,1.0,9,9,72
nm11417979,0.956853,9,9,306
nm1291022,0.956853,9,9,306
nm8141494,0.956853,9,9,306
nm0274100,1.0,9,9,307
nm1218915,1.0,9,9,307
nm0265148,1.0,9,9,308
nm0657810,1.0,9,9,308
nm0149698,1.0,9,9,308
nm0738396,1.0,9,9,308
nm1190245,0.956853,9,9,306
nm0670739,0.864111,9,9,252
nm0062540,1.651053,18,18,56
nm1966297,1.0,9,9,275
nm0783062,0.834939,9,9,195
nm3533230,0.834939,9,9,195
nm1091420,0.834939,9,9,195
nm0944985,0.845384,9,9,110
nm0046277,0.919704,9,9,180
nm0218458,1.0,9,9,308
nm10587168,0.865791,9,9,310
nm4959055,0.865791,9,9,310
nm10538031,0.864411,9,9,310
nm3056725,2.327673,26,27,1360
nm0841910,0.913484,9,9,3
nm0801356,0.913484,9,9,3
nm0149950,0.913484,9,9,3
nm5580968,1.0,9,9,311
nm2834209,1.733503,18,18,123
nm0359842,0.921881,9,9,123
nm0398801,0.921881,9,9,123
nm0432531,1.706705,18,18,123
nm0266645,0.948678,9,9,123
nm2492282,1.0,9,9,312
nm5888489,1.0,9,9,249
nm18315649,0.852313,9,9,11
nm11084812,0.869363,9,9,23
nm1645275,1.626279,18,18,23
nm7059007,1.0,9,9,313
nm3046705,1.0,9,9,313
nm3372981,0.85894,9,9,310
nm6705983,2.279672,27,27,310
nm3589143,1.706705,18,18,314
nm7144002,1.733503,18,18,314
nm0786187,0.868559,9,9,23
nm0304065,0.868559,9,9,23
nm2412978,0.868559,9,9,23
nm0155618,0.868559,9,9,23
nm1204212,1.0,9,9,315
nm7455569,1.0,9,9,315
nm1651720,0.943792,9,9,65
nm0889475,0.949921,9,9,316
nm1118049,0.949921,9,9,316
nm11042869,0.949921,9,9,316
nm11537170,0.903971,9,9,21
nm2837850,0.949921,9,9,317
nm0156953,0.949921,9,9,317
nm0398934,0.949921,9,9,317
nm10396814,0.949921,9,9,317
nm0156912,0.949921,9,9,317
nm9693270,0.876785,9,9,23
nm2078718,0.921881,9,9,123
nm3533739,0.921881,9,9,123
nm0156974,0.921881,9,9,123
nm4579097,1.0,9,9,319
nm3088211,1.0,9,9,319
nm0870384,1.0,9,9,319
nm6864622,1.0,9,9,319
nm7134754,0.860347,9,9,110
nm8934294,0.860347,9,9,110
nm0837548,1.475587,24,27,177
nm3057595,1.15552,18,18,110
nm2363422,0.596199,9,9,110
nm2099014,0.956853,9,9,320
nm7431180,0.956853,9,9,320
nm0200195,1.0,9,9,71
nm7573741,1.0,9,9,322
nm8065943,1.0,9,9,322
nm7756026,1.0,9,9,322
nm0157805,1.0,9,9,322
nm0587396,0.956853,9,9,324
nm1300136,1.0,9,9,312
nm7812059,0.886301,9,9,126
nm3067755,1.740434,18,18,42
nm3434219,0.949921,9,9,42
nm0159419,0.949921,9,9,42
nm1977117,0.927569,9,9,42
nm2086925,0.927569,9,9,42
nm3257879,0.887563,9,9,11
nm10321340,1.0,9,9,327
nm3738640,1.0,9,9,327
nm1079857,1.0,9,9,327
nm11075323,0.828623,9,9,110
nm16445505,0.86875,9,9,329
nm3359104,1.562909,18,18,110
nm3271373,2.213027,27,27,110
nm10377578,0.828623,9,9,110
nm16586128,0.871342,9,9,110
nm10562494,0.871342,9,9,110
nm7363977,0.871342,9,9,110
nm3002988,1.0,9,9,286
nm10528040,1.0,9,9,330
nm13462880,1.0,9,9,332
nm2384242,1.0,9,9,332
nm13462879,1.0,9,9,332
nm2397307,0.874396,9,9,30
nm5777955,1.649629,18,18,30
nm3120937,0.874396,9,9,30
nm3719626,0.874396,9,9,30
nm0757429,0.949921,9,9,331
nm10414422,0.949921,9,9,331
nm0882969,0.949921,9,9,331
nm0459294,1.0,9,9,258
nm0174566,0.911193,9,9,56
nm2871516,1.0,9,9,333
nm0864458,1.0,9,9,333
nm10506499,1.0,9,9,333
nm10506500,1.0,9,9,333
nm2430021,1.0,9,9,333
nm0168036,1.0,9,9,333
nm2111196,0.939512,9,9,39
nm2398653,0.939512,9,9,39
nm1116205,1.0,9,9,243
nm5022546,1.0,9,9,243
nm8924553,1.0,9,9,243
nm0951976,1.0,9,9,243
nm0199047,1.0,9,9,243
nm11068067,0.938831,9,9,33
nm0674701,0.938831,9,9,33
nm0865333,0.938831,9,9,33
nm11068064,0.938831,9,9,33
nm1310530,0.880684,9,9,33
nm0000840,1.0,9,9,0
nm3198894,0.911193,9,9,56
nm0144213,0.943387,9,9,39
nm8481488,1.0,9,9,338
nm4381014,1.0,9,9,338
nm7388919,0.864733,9,9,56
nm7250074,0.906363,9,9,6
nm0683641,0.943427,9,9,36
nm1632508,0.943427,9,9,36
nm4147126,0.943427,9,9,36
nm0784111,0.943427,9,9,36
nm0375454,0.927569,9,9,206
nm0881710,0.927569,9,9,206
nm5354874,0.927569,9,9,206
nm7534999,0.927569,9,9,206
nm0211140,0.927569,9,9,206
nm6708690,0.856618,9,9,56
nm4986686,0.856618,9,9,56
nm10699370,1.0,9,9,344
nm2216101,1.0,9,9,344
nm11029300,0.938732,9,9,345
nm0314554,0.938732,9,9,345
nm5064422,0.938732,9,9,345
nm2419573,0.900653,9,9,220
nm7327253,0.938831,9,9,33
nm9216686,0.938831,9,9,33
nm10313390,1.0,9,9,347
nm1931829,1.0,9,9,347
nm0494887,0.89594,9,9,348
nm0683379,0.89594,9,9,348
nm10056998,1.0,9,9,350
nm0791898,1.0,9,9,351
nm0186225,1.0,9,9,351
nm3004249,1.0,9,9,352
nm3221873,1.0,9,9,352
nm8935375,1.0,9,9,352
nm0187092,1.0,9,9,352
nm8413691,1.0,9,9,353
nm3396625,1.0,9,9,353
nm0188025,1.0,9,9,353
nm2741235,1.0,9,9,354
nm6154971,1.0,9,9,354
nm4267341,1.0,9,9,354
nm4415826,1.77665,18,18,355
nm7468057,0.956853,9,9,355
nm10446480,0.956853,9,9,355
nm2426143,0.956853,9,9,355
nm6915910,0.956853,9,9,355
nm0189468,0.956853,9,9,355
nm10421800,0.956853,9,9,355
nm4046605,0.956853,9,9,355
nm10421801,0.956853,9,9,355
nm1164183,0.948431,9,9,33
nm4173978,0.948431,9,9,33
nm7451657,0.948431,9,9,33
nm0190214,0.948431,9,9,33
nm6300209,1.0,9,9,357
nm0003482,0.956853,9,9,81
nm0420926,0.892208,9,9,43
nm5418013,0.941793,9,9,43
nm5126722,0.941793,9,9,43
nm1047883,0.946816,9,9,33
nm0472431,1.733503,18,18,210
nm0691419,0.921881,9,9,210
nm0194136,0.921881,9,9,210
nm1688981,0.948678,9,9,210
nm10514474,1.0,9,9,358
nm4083737,1.0,9,9,358
nm10514470,1.0,9,9,358
nm1873603,0.956853,9,9,302
nm1589782,1.0,9,9,359
nm8168644,1.0,9,9,359
nm0474779,1.0,9,9,359
nm3752137,1.0,9,9,359
nm4061153,1.0,9,9,359
nm5705131,1.0,9,9,359
nm0196185,1.0,9,9,359
nm13213269,0.857004,9,9,11
nm2799219,1.53896,18,18,11
nm3192510,1.59046,18,18,11
nm7517362,0.857004,9,9,11
nm9634539,0.825362,9,9,11
nm1727607,0.825362,9,9,11
nm11541659,1.0,9,9,362
nm0444248,0.903582,9,9,36
nm1148767,1.216157,18,18,110
nm0757025,1.24039,18,18,110
nm2368990,0.874769,9,9,11
nm6105283,0.941253,9,9,3
nm0785842,0.87699,9,9,371
nm8140928,0.87699,9,9,371
nm0208439,0.87699,9,9,371
nm3134564,0.902518,9,9,59
nm8037713,0.902518,9,9,59
nm0208940,0.902518,9,9,59
nm1296233,1.0,9,9,183
nm1971655,1.0,9,9,373
nm6509973,1.0,9,9,373
nm7373606,1.0,9,9,373
nm4455827,1.0,9,9,373
nm7317659,1.0,9,9,373
nm0209373,1.0,9,9,373
nm10282225,1.0,9,9,374
nm14333923,1.0,9,9,375
nm1045948,1.0,9,9,376
nm1311933,1.0,9,9,376
nm0246582,1.0,9,9,376
nm0491045,1.0,9,9,376
nm0210295,1.0,9,9,376
nm0724656,0.956853,9,9,256
nm10496666,0.878765,9,9,113
nm5551641,0.878765,9,9,113
nm9689580,1.0,9,9,80
nm0537977,0.853992,9,9,310
nm0784292,1.535784,18,18,310
nm0212541,0.853992,9,9,310
nm1892699,1.690355,17,18,1359
nm6981289,0.943228,9,9,103
nm0700414,1.0,9,9,380
nm7744405,1.0,9,9,380
nm9830760,1.0,9,9,380
nm10531596,1.0,9,9,381
nm0481547,1.0,9,9,382
nm9075904,1.0,9,9,382
nm0214860,1.0,9,9,382
nm0936300,0.901742,9,9,65
nm6484560,0.943792,9,9,65
nm8877582,0.921881,9,9,226
nm1076604,0.921881,9,9,226
nm10253161,0.921881,9,9,226
nm4296325,0.921881,9,9,226
nm0002003,1.0,9,9,74
nm9267325,1.0,9,9,385
nm8660204,1.0,9,9,385
nm5193937,0.956853,9,9,387
nm2083395,0.956853,9,9,387
nm5928473,0.956853,9,9,387
nm0627245,0.892565,9,9,36
nm0457038,0.892565,9,9,36
nm0220017,0.892565,9,9,36
nm5856929,0.949921,9,9,316
nm9021967,0.949921,9,9,316
nm10369966,0.949921,9,9,316
nm7901259,0.956853,9,9,389
nm0419688,1.359512,18,18,11
nm3414188,0.791139,9,9,11
nm5782889,2.63938,36,36,11
nm8387572,0.781687,9,9,11
nm9103139,0.781687,9,9,11
nm9219502,0.768256,9,9,11
nm12745887,0.744475,9,9,11
nm3808948,2.736416,36,36,11
nm0776307,1.0,9,9,138
nm10323698,0.836021,9,9,13
nm12151643,0.836021,9,9,13
nm5125622,0.836021,9,9,13
nm0222144,0.836021,9,9,13
nm3797588,0.919119,9,9,11
nm0610699,0.927569,9,9,331
nm8763039,0.927569,9,9,331
nm0369809,0.949921,9,9,331
nm0837096,0.927569,9,9,331
nm0558219,0.949921,9,9,331
nm2677773,0.949921,9,9,331
nm13944689,0.896258,9,9,21
nm10784527,1.0,9,9,390
nm10866047,1.0,9,9,390
nm10866045,1.0,9,9,390
nm12615767,1.0,9,9,390
nm0223973,1.0,9,9,390
nm5055361,1.0,9,9,391
nm10467156,1.0,9,9,391
nm1457647,0.927569,9,9,218
nm0317561,0.920386,9,9,31
nm0767758,1.0,9,9,296
nm2131930,0.927569,9,9,276
nm8269687,1.0,9,9,395
nm2050642,0.907451,9,9,3
nm0231458,0.907451,9,9,3
nm0769177,0.938732,9,9,345
nm0030329,1.0,9,9,171
nm10192611,0.934412,9,9,59
nm0579840,0.949921,9,9,218
nm6244407,0.949921,9,9,218
nm6584235,0.949921,9,9,218
nm0237211,0.949921,9,9,218
nm0118345,0.956853,9,9,167
nm6817679,1.0,9,9,398
nm3929147,1.0,9,9,398
nm12711700,1.0,9,9,398
nm0932870,0.927569,9,9,244
nm1210776,0.927569,9,9,244
nm5856619,0.949921,9,9,244
nm0081175,0.949921,9,9,244
nm0282982,0.949921,9,9,244
nm0001194,1.0,9,9,61
nm8322724,0.94199,9,9,33
nm10090622,1.0,9,9,399
nm3928107,1.0,9,9,399
nm0706666,1.0,9,9,399
nm3270385,1.0,9,9,399
nm1035622,1.0,9,9,399
nm0240780,1.0,9,9,399
nm2457142,1.0,9,9,400
nm1616085,1.0,9,9,401
nm2750372,1.0,9,9,401
nm7535414,1.0,9,9,401
nm0241815,1.0,9,9,401
nm10643804,1.0,9,9,403
nm14306553,1.0,9,9,403
nm2754475,2.272767,26,27,1376
nm1913625,0.818848,9,9,310
nm1007154,1.0,9,9,405
nm4056257,1.0,9,9,405
nm2352547,1.0,9,9,405
nm4300118,1.0,9,9,405
nm8971273,1.0,9,9,405
nm3301424,1.0,9,9,405
nm1259153,1.0,9,9,406
nm0282463,1.0,9,9,406
nm2244706,1.0,9,9,409
nm0246545,1.0,9,9,409
nm0711110,0.937683,9,9,6
nm2813994,0.937683,9,9,6
nm0246585,0.937683,9,9,6
nm1083093,1.0,9,9,410
nm4027546,0.919294,9,9,11
nm0645269,0.812615,9,9,110
nm0250757,0.812615,9,9,110
nm0620172,1.901995,26,27,634
nm6691624,0.943053,9,9,411
nm9185326,0.943053,9,9,411
nm8029573,0.943053,9,9,411
nm0682268,0.863628,9,9,30
nm2862095,1.605613,17,18,709
nm0249644,0.812615,9,9,110
nm2196479,1.0,9,9,46
nm1131152,1.0,9,9,46
nm0938950,0.880111,9,9,6
nm9525403,0.874694,9,9,136
nm7797832,0.874694,9,9,136
nm10312404,0.874694,9,9,136
nm5025898,0.874694,9,9,136
nm2202931,1.0,9,9,417
nm5989234,1.0,9,9,417
nm10346110,1.0,9,9,417
nm4681246,1.0,9,9,417
nm9125480,1.0,9,9,417
nm0253893,1.0,9,9,417
nm2314202,0.91602,9,9,43
nm7581510,0.91602,9,9,43
nm10862811,0.91602,9,9,43
nm4571370,0.872282,9,9,110
nm1166422,0.859903,9,9,110
nm0354653,0.859903,9,9,110
nm4699971,0.902943,9,9,137
nm7819450,0.902943,9,9,137
nm6427345,1.710222,18,18,137
nm7441441,0.902943,9,9,137
nm0257826,0.902943,9,9,137
nm5435959,0.920386,9,9,420
nm1644123,0.920386,9,9,420
nm4392084,0.920386,9,9,420
nm0257917,0.920386,9,9,420
nm0557918,1.278785,17,18,216
nm0755401,0.703137,9,9,110
nm0440375,0.703365,9,9,110
nm0457112,1.324462,17,18,216
nm0594055,1.166231,18,18,110
nm0652961,0.691479,9,9,177
nm10304441,0.703365,9,9,110
nm2796110,1.245638,17,18,1379
nm7697360,0.700554,9,9,110
nm0794388,1.187543,18,18,110
nm2236593,0.712704,9,9,110
nm1785052,0.712704,9,9,110
nm0035250,0.899282,9,9,184
nm0764895,0.814976,9,9,252
nm16843476,1.0,9,9,421
nm5001102,1.0,9,9,421
nm10309875,1.0,9,9,421
nm4475298,1.0,9,9,421
nm10406790,1.0,9,9,423
nm0556305,0.914171,9,9,424
nm0700252,1.0,9,9,425
nm3122789,1.72717,18,18,118
nm8425106,0.916683,9,9,118
nm13584481,0.949921,9,9,427
nm7448616,0.949921,9,9,427
nm0265795,0.949921,9,9,427
nm2134972,1.549747,18,18,111
nm10521232,0.900816,9,9,111
nm1172173,1.657009,18,18,111
nm0708698,1.672491,17,18,628
nm6573023,0.888459,9,9,36
nm10047959,0.888459,9,9,36
nm10273190,0.862898,9,9,111
nm10496446,0.862898,9,9,111
nm3492347,1.0,9,9,429
nm3652842,0.892303,9,9,6
nm5994098,0.892303,9,9,6
nm0638980,1.0,9,9,432
nm5725027,1.0,9,9,432
nm0918800,1.0,9,9,432
nm2155676,1.0,9,9,432
nm5143666,1.220696,18,18,113
nm10409180,0.665114,9,9,113
nm10407274,1.17582,17,18,1061
nm4731902,0.672797,9,9,113
nm5917057,0.665114,9,9,113
nm1151879,0.909684,9,9,349
nm7893878,0.909684,9,9,349
nm4148480,0.909684,9,9,349
nm10725100,0.909684,9,9,349
nm1061987,1.0,9,9,307
nm0024869,0.913706,9,9,159
nm0667892,0.943593,9,9,220
nm0145705,1.0,9,9,72
nm4364610,0.875401,9,9,6
nm5478103,0.875401,9,9,6
nm1939580,1.0,9,9,406
nm0863787,1.740434,18,18,244
nm4589523,1.0,9,9,196
nm0874864,0.895561,9,9,23
nm4788761,1.576664,18,18,23
nm2689197,1.0,9,9,438
nm4005552,1.0,9,9,438
nm5667034,1.0,9,9,438
nm0284655,1.0,9,9,438
nm5212722,1.072765,18,18,113
nm1579662,0.920501,9,9,220
nm0051822,0.920501,9,9,220
nm11778550,0.920501,9,9,220
nm1482999,0.920501,9,9,220
nm0695028,0.914373,9,9,220
nm2388401,1.0,9,9,439
nm5124453,1.0,9,9,439
nm4867375,1.0,9,9,439
nm1033328,1.430418,16,18,968
nm2794834,1.430418,16,18,968
nm1824944,3.343237,40,45,699
nm5106325,2.118146,27,27,111
nm10290451,0.895462,9,9,111
nm10295048,0.895462,9,9,111
nm6557922,0.895462,9,9,111
nm7970056,1.488846,18,18,111
nm9075641,0.816084,9,9,111
nm1719673,1.597454,18,18,110
nm1703410,0.903227,9,9,110
nm7368334,0.883746,9,9,110
nm11168468,1.0,9,9,443
nm5315559,1.0,9,9,444
nm2274783,1.0,9,9,444
nm5459220,1.0,9,9,278
nm0078664,1.0,9,9,247
nm10516646,1.0,9,9,447
nm10516648,1.0,9,9,447
nm10421143,0.90143,9,9,110
nm0757053,0.90143,9,9,110
nm1078422,0.90143,9,9,110
nm1771771,1.605175,18,18,110
nm0875207,0.79742,9,9,110
nm10302119,0.631187,9,9,110
nm1767877,0.649988,9,9,110
nm1442720,1.736331,25,27,1338
nm0299344,0.691214,9,9,110
nm1767186,0.720618,9,9,110
nm5768334,0.676435,9,9,110
nm12166557,1.672555,18,18,110
nm12166556,0.908906,9,9,110
nm2662416,0.873871,9,9,110
nm4290253,0.873871,9,9,110
nm0297956,1.674392,18,18,110
nm4082341,0.943223,9,9,110
nm10355526,1.124623,12,18,450
nm0591540,1.191581,18,18,110
nm0648489,0.629169,9,9,450
nm1840480,0.63251,9,9,110
nm1671647,1.0,9,9,451
nm0300589,0.86219,9,9,6
nm0000729,1.611984,18,18,6
nm7311813,1.0,9,9,201
nm2554724,1.0,9,9,201
nm12229479,1.0,9,9,201
nm0300939,1.0,9,9,201
nm0642253,0.862096,9,9,59
nm0785805,0.862096,9,9,59
nm0301381,0.862096,9,9,59
nm5464699,0.910415,9,9,11
nm7308376,0.910415,9,9,11
nm8606666,0.949921,9,9,174
nm5374530,0.948678,9,9,314
nm0155164,0.921881,9,9,314
nm6875292,1.655736,18,18,36
nm2292615,0.956853,9,9,370
nm10733786,0.956853,9,9,370
nm6466346,0.911985,9,9,11
nm7503954,1.0,9,9,455
nm10484819,1.0,9,9,455
nm10484853,1.0,9,9,455
nm10766134,1.0,9,9,455
nm2507791,0.956853,9,9,456
nm1286167,0.956853,9,9,456
nm4323425,0.956853,9,9,456
nm10355899,0.956853,9,9,456
nm13291085,0.956853,9,9,456
nm4507468,0.956853,9,9,456
nm9901171,0.956853,9,9,456
nm0311476,1.77665,18,18,456
nm6345400,0.770127,9,9,460
nm2081164,1.398333,14,18,1333
nm6679262,0.891765,9,9,460
nm1386721,1.398333,14,18,1333
nm10472974,1.0,9,9,461
nm10472975,1.0,9,9,461
nm10472977,1.0,9,9,461
nm10472978,1.0,9,9,461
nm10472979,1.0,9,9,461
nm10406540,1.344793,18,18,86
nm8324884,0.739141,9,9,86
nm0299192,0.943223,9,9,110
nm4655049,1.0,9,9,120
nm3334143,1.0,9,9,462
nm2213325,1.0,9,9,462
nm4623342,1.0,9,9,462
nm9923517,1.0,9,9,462
nm0323859,1.0,9,9,462
nm0430825,3.502987,44,45,543
nm1130562,0.903971,9,9,21
nm1822624,0.810351,9,9,19
nm3575605,1.525334,18,18,19
nm0398388,0.913706,9,9,463
nm1035011,0.913706,9,9,463
nm1764169,0.913706,9,9,463
nm6878947,0.913706,9,9,463
nm7563501,1.690355,17,18,463
nm16156200,0.913706,9,9,463
nm0605710,1.296376,18,18,110
nm0555221,0.943792,9,9,119
nm6892993,1.708478,18,18,119
nm2626103,0.943792,9,9,119
nm7402559,0.943792,9,9,119
nm4132108,0.921881,9,9,163
nm1775058,0.921881,9,9,163
nm4933332,0.920632,9,9,11
nm10527044,0.920632,9,9,11
nm1743159,1.0,9,9,465
nm3227628,1.0,9,9,465
nm8051851,0.78597,9,9,11
nm4279762,0.78597,9,9,11
nm0329697,0.78597,9,9,11
nm1881003,0.956853,9,9,198
nm0041219,0.956853,9,9,198
nm1748780,0.956853,9,9,198
nm6811680,0.956853,9,9,198
nm0580382,0.903582,9,9,36
nm0670725,0.852122,9,9,195
nm10385456,1.0,9,9,468
nm10385455,1.0,9,9,468
nm10385459,1.0,9,9,468
nm0303599,0.949921,9,9,174
nm0837750,1.0,9,9,458
nm1141161,1.0,9,9,334
nm0351670,1.589187,18,18,195
nm0704479,0.944664,9,9,56
nm8011197,0.944664,9,9,56
nm10344254,1.0,9,9,473
nm0348014,1.649194,27,27,113
nm5144587,0.608973,9,9,113
nm5551467,0.660725,9,9,113
nm9409104,1.664238,26,27,1413
nm9549669,0.649838,9,9,113
nm9599167,0.649838,9,9,113
nm9608473,1.110882,18,18,113
nm9583032,0.659627,9,9,113
nm2829782,0.659627,9,9,113
nm9421639,0.617998,9,9,113
nm8358488,3.466134,57,63,1131
nm9503304,0.659627,9,9,113
nm10893920,1.0,9,9,475
nm0790798,1.0,9,9,475
nm11436370,1.0,9,9,475
nm4148147,1.0,9,9,475
nm4941243,1.0,9,9,475
nm0348226,1.0,9,9,475
nm13281810,0.870511,9,9,11
nm1224082,0.897059,9,9,11
nm0438467,1.0,9,9,253
nm10689141,1.0,9,9,476
nm10689142,1.0,9,9,476
nm3464518,1.0,9,9,476
nm4069693,1.0,9,9,476
nm0484588,0.916683,9,9,118
nm10122861,0.947543,9,9,118
nm10355432,0.947543,9,9,118
nm10755538,0.947543,9,9,118
nm8681917,0.947543,9,9,118
nm1783443,0.861656,9,9,33
nm2780716,0.861656,9,9,33
nm10393792,1.0,9,9,246
nm2270589,0.887096,9,9,12
nm1155349,0.903407,9,9,477
nm10588371,0.887096,9,9,12
nm14691872,0.903407,9,9,477
nm3873521,0.887096,9,9,12
nm0797614,1.653448,17,18,477
nm0638154,0.855237,9,9,252
nm0481737,0.919848,9,9,23
nm1617087,0.919848,9,9,23
nm0351719,0.919848,9,9,23
nm9391879,1.0,9,9,479
nm3891533,1.0,9,9,479
nm7085888,1.0,9,9,479
nm9176829,1.0,9,9,153
nm4488708,1.0,9,9,153
nm10334000,1.0,9,9,153
nm3194537,1.638204,18,18,110
nm6126186,0.873147,9,9,110
nm0353717,0.873147,9,9,110
nm10519522,0.902113,9,9,110
nm10519523,0.902113,9,9,110
nm8038662,0.859903,9,9,110
nm14304267,0.956853,9,9,481
nm8574442,0.956853,9,9,481
nm8419909,1.77665,18,18,481
nm0355283,0.956853,9,9,481
nm0412728,1.115253,18,18,110
nm0620651,0.784633,9,9,110
nm10362198,1.0,9,9,485
nm10362199,1.0,9,9,485
nm10362197,1.0,9,9,485
nm8530716,1.0,9,9,485
nm10362195,1.0,9,9,485
nm0756509,1.0,9,9,487
nm1186488,1.0,9,9,487
nm0442910,1.0,9,9,487
nm10458311,0.733426,9,9,110
nm0586223,0.733426,9,9,110
nm1285427,0.690012,9,9,129
nm6194567,0.763267,9,9,413
nm2595736,0.815671,9,9,110
nm0407508,0.815671,9,9,110
nm1801936,0.815671,9,9,110
nm10116922,0.94824,9,9,55
nm13717836,0.94824,9,9,55
nm2827936,0.94824,9,9,55
nm0359675,0.94824,9,9,55
nm10223139,0.948426,9,9,3
nm1358225,0.948426,9,9,3
nm1805232,0.948426,9,9,3
nm0462164,0.948426,9,9,3
nm1655500,1.648143,25,27,505
nm7632624,0.944863,9,9,69
nm13159338,0.944863,9,9,69
nm1204891,0.944863,9,9,69
nm2842232,1.0,9,9,283
nm5540126,1.0,9,9,283
nm4233681,0.88399,9,9,492
nm1185642,0.88399,9,9,492
nm3954060,0.915172,9,9,124
nm3884869,0.915172,9,9,124
nm0611985,1.0,9,9,170
nm1772713,0.905435,9,9,110
nm1280360,0.905435,9,9,110
nm0361667,0.801013,9,9,482
nm2567228,0.886925,9,9,110
nm0468711,1.0,9,9,189
nm0906722,1.0,9,9,189
nm0412520,1.0,9,9,189
nm1731694,1.0,9,9,495
nm1375686,1.624008,18,18,23
nm1977808,0.865187,9,9,23
nm7368006,0.956853,9,9,497
nm10427690,0.956853,9,9,497
nm5890145,1.77665,18,18,497
nm0372117,0.956853,9,9,497
nm0622333,1.0,9,9,501
nm3135462,1.0,9,9,501
nm1156184,1.0,9,9,502
nm3391296,1.0,9,9,502
nm13893265,1.0,9,9,502
nm0396369,0.884138,9,9,3
nm0378245,0.884138,9,9,3
nm6145378,1.0,9,9,434
nm9608956,1.0,9,9,91
nm1036181,1.0,9,9,495
nm6013186,0.948455,9,9,152
nm2311069,0.947343,9,9,127
nm0450540,0.947343,9,9,127
nm0594667,0.696127,9,9,110
nm3742487,0.645586,9,9,110
nm0643870,0.685938,9,9,110
nm0644512,0.685938,9,9,110
nm1181243,0.685938,9,9,110
nm1446238,0.677555,9,9,504
nm0594365,1.204657,18,18,110
nm10498321,0.850583,9,9,110
nm2569233,1.645864,18,18,110
nm13076967,0.850583,9,9,110
nm4836118,1.542437,18,18,110
nm3860273,0.82891,9,9,110
nm10030720,0.850583,9,9,110
nm3050429,0.82891,9,9,110
nm10297627,1.0,9,9,507
nm7821768,1.0,9,9,507
nm6161516,0.89895,9,9,3
nm8567129,0.872355,9,9,3
nm2941811,1.0,9,9,508
nm3856319,1.0,9,9,508
nm4710727,1.0,9,9,508
nm2436618,1.0,9,9,511
nm0853478,1.0,9,9,511
nm1300650,1.0,9,9,512
nm10511483,1.0,9,9,512
nm0393276,1.0,9,9,512
nm7248493,1.0,9,9,513
nm9439452,1.0,9,9,513
nm10451614,1.0,9,9,513
nm3458100,0.850389,9,9,110
nm10245920,1.0,9,9,514
nm1166586,1.0,9,9,514
nm10544375,1.0,9,9,514
nm0410933,1.0,9,9,514
nm3504294,1.0,9,9,517
nm2882408,0.917299,9,9,33
nm0806882,0.917299,9,9,33
nm0773533,1.740434,18,18,331
nm14176584,0.92395,9,9,23
nm14176594,0.92395,9,9,23
nm10404588,0.92395,9,9,23
nm0399058,0.92395,9,9,23
nm3183937,0.949921,9,9,519
nm0014141,1.635573,18,18,126
nm2523074,0.886301,9,9,126
nm1679456,0.887456,9,9,349
nm2089843,0.903501,9,9,130
nm3494722,0.887456,9,9,349
nm9803023,0.903501,9,9,130
nm10948720,0.903501,9,9,130
nm4173349,0.887456,9,9,349
nm1130500,1.0,9,9,520
nm2143171,1.0,9,9,520
nm0609999,1.77665,18,18,464
nm3764981,0.956853,9,9,464
nm10297056,0.395289,9,9,217
nm0613590,1.197681,18,18,110
nm2973934,0.622727,9,9,133
nm1734745,1.643434,18,18,137
nm1281490,0.887009,9,9,137
nm0406891,0.887009,9,9,137
nm7325906,0.89348,9,9,137
nm5664413,2.314507,26,27,1384
nm0407002,1.0,9,9,253
nm0951043,0.815671,9,9,110
nm0174909,1.0,9,9,338
nm10273397,0.908049,9,9,110
nm4017554,0.908049,9,9,110
nm0913794,0.891855,9,9,110
nm5726472,0.908049,9,9,110
nm1228132,1.657287,18,18,56
nm10493823,0.73185,9,9,110
nm4442569,0.840551,9,9,11
nm8698445,0.840551,9,9,11
nm0411539,0.840551,9,9,11
nm0837417,0.72163,9,9,110
nm0370677,1.0,9,9,189
nm0041103,1.0,9,9,197
nm11353087,0.840627,9,9,11
nm0004109,0.828712,9,9,11
nm11531465,0.773583,9,9,11
nm1431772,0.773583,9,9,11
nm1260157,0.840627,9,9,11
nm6277267,1.544334,18,18,11
nm6976647,0.773583,9,9,11
nm2726382,1.0,9,9,529
nm0609182,1.0,9,9,529
nm1563455,1.0,9,9,529
nm0414130,1.0,9,9,529
nm0824852,0.906527,9,9,69
nm0927740,0.906527,9,9,69
nm0267044,0.862898,9,9,111
nm14919725,0.924792,9,9,111
nm2746789,0.924792,9,9,111
nm4378865,0.924792,9,9,111
nm11801319,0.947242,9,9,23
nm1227161,0.915015,9,9,23
nm0415777,1.725201,18,18,23
nm2367756,1.0,9,9,257
nm6422163,1.0,9,9,257
nm3238246,1.0,9,9,257
nm0516020,0.956853,9,9,306
nm0719914,0.956853,9,9,306
nm0417370,0.956853,9,9,306
nm14106372,1.0,9,9,531
nm14456599,1.0,9,9,531
nm0475035,1.0,9,9,531
nm0804530,1.0,9,9,532
nm3359670,1.0,9,9,532
nm7080308,1.0,9,9,532
nm8910982,1.076692,18,18,113
nm9425206,0.606687,9,9,113
nm8894370,2.059481,31,36,1404
nm13252834,0.778734,9,9,11
nm9588819,0.710609,9,9,11
nm10675716,0.778734,9,9,11
nm2469558,2.036425,27,27,11
nm8223791,0.778734,9,9,11
nm0419677,1.352287,18,18,11
nm10573616,0.808351,9,9,11
nm10797159,0.76315,9,9,11
nm8111934,0.808351,9,9,11
nm2838294,1.177653,18,18,113
nm1441998,0.709656,9,9,113
nm0419705,1.269226,18,18,113
nm10449626,0.618082,9,9,113
nm6229731,0.648096,9,9,113
nm8079983,0.885517,9,9,43
nm4358565,1.625601,18,18,43
nm0421004,0.885517,9,9,43
nm8574940,1.0,9,9,535
nm8934337,1.0,9,9,535
nm0421110,1.0,9,9,535
nm1576905,1.0,9,9,536
nm10488675,1.0,9,9,536
nm3260126,2.476984,27,27,23
nm8054476,2.289112,27,27,23
nm0849477,0.829605,9,9,110
nm2400341,1.520224,18,18,110
nm5068962,0.89752,9,9,541
nm12239003,0.956853,9,9,542
nm7335270,0.846061,9,9,19
nm6165038,0.865736,9,9,13
nm4450871,0.846061,9,9,19
nm10330748,0.809162,9,9,19
nm14446252,0.813919,9,9,13
nm8616609,0.816138,9,9,19
nm1098982,0.816138,9,9,19
nm10483217,1.524061,18,18,11
nm2778815,3.485704,44,45,543
nm4231730,0.813919,9,9,13
nm4852914,0.816138,9,9,19
nm4410764,0.948678,9,9,314
nm6688102,0.948678,9,9,314
nm0950926,0.956853,9,9,326
nm3782167,0.956853,9,9,326
nm4313142,0.956853,9,9,326
nm0342679,1.0,9,9,458
nm3874318,0.812133,9,9,13
nm7397864,0.79815,9,9,11
nm10446552,0.812133,9,9,13
nm10446558,0.812133,9,9,13
nm5422415,0.79815,9,9,11
nm10340008,0.875776,9,9,11
nm5394040,0.875776,9,9,11
nm7349963,1.634566,18,18,11
nm4243872,0.875776,9,9,11
nm3772324,1.0,9,9,546
nm7624324,1.0,9,9,546
nm3255649,1.0,9,9,546
nm0817379,0.948455,9,9,152
nm10434854,0.718962,9,9,176
nm7796669,0.8475,9,9,13
nm0447240,0.8475,9,9,13
nm0438463,1.554878,18,18,11
nm1159292,0.896924,9,9,111
nm1273029,1.0,9,9,550
nm9281797,1.0,9,9,550
nm3827772,1.0,9,9,550
nm1832147,1.0,9,9,550
nm10234886,0.72912,9,9,740
nm8710554,1.353175,18,18,740
nm1411541,0.827675,9,9,110
nm14954808,0.849264,9,9,110
nm9535240,0.72912,9,9,740
nm2618253,0.827675,9,9,110
nm9547631,0.849264,9,9,110
nm1728008,0.760369,9,9,490
nm10353278,0.760369,9,9,490
nm10353280,0.760369,9,9,490
nm10302118,0.760369,9,9,490
nm6749843,1.0,9,9,22
nm0436644,0.664247,9,9,177
nm10532912,0.679654,9,9,555
nm10542558,0.679654,9,9,555
nm6225252,0.663817,9,9,1213
nm10532866,1.188401,15,18,1213
nm10532960,0.674384,9,9,1213
nm8535950,0.674384,9,9,1213
nm0890622,0.840463,9,9,11
nm8322290,0.905767,9,9,13
nm0451379,0.905767,9,9,13
nm0665554,1.713965,18,18,13
nm5237591,0.840463,9,9,11
nm0442479,1.609175,18,18,11
nm0465532,0.756373,9,9,110
nm9562738,0.882163,9,9,121
nm12251475,0.865374,9,9,1305
nm0370574,0.905435,9,9,110
nm6452302,1.690355,17,18,1299
nm1946577,0.913706,9,9,558
nm2955024,0.913706,9,9,558
nm4823076,0.913706,9,9,558
nm0945094,0.913706,9,9,558
nm1056425,0.832184,9,9,11
nm15439491,0.832184,9,9,11
nm10482384,0.930241,9,9,86
nm8015221,0.945253,9,9,19
nm1033012,1.0,9,9,400
nm1092370,2.117439,27,27,111
nm1185110,0.773277,9,9,424
nm1171534,0.794197,9,9,111
nm0348481,0.870511,9,9,11
nm15677957,0.832184,9,9,11
nm0854304,0.947434,9,9,43
nm0951912,0.947434,9,9,43
nm8766941,0.947434,9,9,43
nm0619185,0.91614,9,9,110
nm0726924,0.91614,9,9,110
nm4122165,0.956853,9,9,81
nm5949710,0.956853,9,9,81
nm10163476,0.956853,9,9,81
nm9075728,0.94774,9,9,559
nm2671586,0.94774,9,9,559
nm11661900,0.917756,9,9,559
nm0947514,0.917756,9,9,559
nm0793784,0.94774,9,9,559
nm10877055,0.93297,9,9,23
nm2115821,0.93297,9,9,23
nm0453584,0.93297,9,9,23
nm3863899,0.884392,9,9,59
nm4064496,0.939788,9,9,59
nm8558090,0.884392,9,9,59
nm9054917,0.939788,9,9,59
nm6185414,0.939788,9,9,59
nm0945299,1.461426,18,18,110
nm0594728,0.718272,9,9,110
nm15690552,0.947287,9,9,7
nm8493387,1.668117,18,18,7
nm12111895,0.947287,9,9,7
nm0460694,1.725647,18,18,7
nm10413277,0.645895,9,9,110
nm0652592,0.781851,9,9,650
nm0417744,0.927569,9,9,218
nm9884210,1.406585,17,18,1369
nm16995873,0.810202,9,9,111
nm2792992,0.771606,9,9,111
nm7922387,1.414325,17,18,1409
nm8159858,1.0,9,9,566
nm3333734,1.0,9,9,566
nm1833974,1.0,9,9,566
nm0468491,1.0,9,9,162
nm1548005,1.367024,18,18,11
nm7367695,0.734074,9,9,11
nm14657366,0.770006,9,9,11
nm14657367,0.770006,9,9,11
nm6840275,0.770006,9,9,11
nm10411560,0.913729,9,9,11
nm6500854,1.55919,16,18,661
nm10436242,0.855781,9,9,568
nm4158850,1.55919,16,18,661
nm0471807,0.855781,9,9,568
nm3344953,0.840465,9,9,33
nm5860871,0.898883,9,9,411
nm2694719,0.934916,9,9,411
nm3354025,0.898883,9,9,411
nm5521549,0.898883,9,9,411
nm4068733,2.494604,27,27,411
nm0509539,1.0,9,9,569
nm9504284,0.856039,9,9,11
nm10592896,0.856039,9,9,11
nm2435847,0.819012,9,9,11
nm8752948,0.791476,9,9,570
nm9397304,0.791476,9,9,570
nm5754203,0.791476,9,9,570
nm0474871,1.413085,17,18,570
nm4732302,0.790327,9,9,113
nm10849972,0.87328,9,9,110
nm9614287,0.87328,9,9,110
nm5619822,0.937497,9,9,110
nm9912809,0.937497,9,9,110
nm5561805,0.937497,9,9,110
nm10503147,0.87328,9,9,110
nm10421141,0.90143,9,9,110
nm6319883,0.956853,9,9,571
nm12538871,0.956853,9,9,571
nm5416705,1.77665,18,18,571
nm8485294,0.956853,9,9,571
nm2187703,0.921903,9,9,33
nm1443814,0.921903,9,9,33
nm0479590,0.921903,9,9,33
nm12376008,1.0,9,9,289
nm12319971,1.0,9,9,289
nm0029771,1.0,9,9,168
nm0039788,1.0,9,9,193
nm0417037,1.0,9,9,257
nm10987205,0.809839,9,9,11
nm1326000,0.775251,9,9,11
nm3602118,1.370037,17,18,1387
nm8850253,0.729238,9,9,11
nm0667978,0.891719,9,9,23
nm2022290,0.891719,9,9,23
nm1181667,0.913706,9,9,463
nm2183298,0.913706,9,9,463
nm0483105,0.913706,9,9,463
nm10833919,1.0,9,9,575
nm1840656,1.0,9,9,575
nm0483818,1.0,9,9,575
nm0866496,0.943427,9,9,36
nm11351308,0.943427,9,9,36
nm0898735,0.943427,9,9,36
nm10450153,0.943427,9,9,36
nm6692547,1.0,9,9,576
nm10334579,1.0,9,9,576
nm10334578,1.0,9,9,576
nm7670840,0.948678,9,9,123
nm1399871,1.0,9,9,228
nm1218953,0.947725,9,9,23
nm0156495,0.947725,9,9,23
nm7657703,0.947725,9,9,23
nm1669820,0.948253,9,9,56
nm0293461,0.908054,9,9,3
nm1925239,0.913876,9,9,3
nm1950004,0.913876,9,9,3
nm3298464,0.913876,9,9,3
nm10866896,0.919545,9,9,23
nm1451888,1.730746,18,18,23
nm4007172,0.919545,9,9,23
nm3401140,1.0,9,9,579
nm6581483,0.956853,9,9,264
nm18287541,0.956853,9,9,264
nm0493723,0.956853,9,9,264
nm0184434,0.89594,9,9,348
nm10288311,1.0,9,9,581
nm0859740,1.0,9,9,581
nm10192526,1.626349,17,18,833
nm9176778,0.878977,9,9,348
nm9485425,1.626349,17,18,833
nm3585662,1.0,9,9,582
nm3641180,1.0,9,9,582
nm1045934,1.0,9,9,582
nm0661886,1.0,9,9,582
nm10377917,1.0,9,9,506
nm0625334,1.0,9,9,235
nm5104332,0.937683,9,9,6
nm0897005,0.937683,9,9,6
nm0673334,0.620555,9,9,113
nm3018318,1.0,9,9,583
nm2426098,1.0,9,9,583
nm8527294,1.0,9,9,583
nm0501218,1.0,9,9,583
nm10550834,1.0,9,9,337
nm1195879,1.0,9,9,337
nm0519023,1.0,9,9,337
nm0751518,1.0,9,9,337
nm4855517,0.938523,9,9,3
nm0620816,1.622849,18,18,13
nm10409079,1.0,9,9,585
nm10409082,1.0,9,9,585
nm0005148,0.944863,9,9,24
nm4728510,1.0,9,9,587
nm0684840,1.0,9,9,587
nm0473132,1.0,9,9,569
nm0005224,0.85402,9,9,6
nm10467444,0.945882,9,9,59
nm9546019,0.945882,9,9,59
nm2300127,0.875764,9,9,3
nm0346295,1.0,9,9,334
nm3138511,0.859469,9,9,23
nm6145633,0.818598,9,9,23
nm0423084,0.885156,9,9,23
nm10483676,0.859469,9,9,23
nm11916315,0.859469,9,9,23
nm5647594,0.859469,9,9,23
nm6223779,0.622626,9,9,113
nm9421636,1.101599,16,18,1380
nm0917108,1.0,9,9,591
nm5654296,1.0,9,9,591
nm4094352,1.0,9,9,591
nm2489045,1.0,9,9,592
nm3165891,1.0,9,9,593
nm1603145,1.0,9,9,337
nm9835815,0.938831,9,9,33
nm5895653,0.921881,9,9,314
nm3823176,0.921881,9,9,314
nm5980496,0.830065,9,9,3
nm2239927,0.830065,9,9,3
nm4639261,1.0,9,9,595
nm7348359,1.0,9,9,595
nm1859988,0.909521,9,9,11
nm0679690,0.909521,9,9,11
nm0744599,1.0,9,9,363
nm0958108,1.0,9,9,363
nm5691908,1.0,9,9,363
nm2687525,1.0,9,9,356
nm0739418,1.0,9,9,356
nm1195931,1.0,9,9,356
nm0531073,1.0,9,9,356
nm5896355,1.638345,18,18,2
nm10413846,0.66236,9,9,110
nm0639774,0.943792,9,9,119
nm7441022,0.825157,9,9,3
nm5237479,1.657177,18,18,33
nm3135063,0.882718,9,9,39
nm3109964,1.650386,18,18,39
nm0536866,0.882718,9,9,39
nm3368667,0.818848,9,9,310
nm1137233,0.93554,9,9,13
nm13106812,1.0,9,9,598
nm3889956,0.790596,9,9,111
nm2122072,0.790596,9,9,111
nm1999333,1.0,9,9,588
nm5441117,1.0,9,9,588
nm0751481,1.0,9,9,588
nm0005125,0.948678,9,9,8
nm3244078,0.921881,9,9,8
nm12340952,1.0,9,9,599
nm1797216,1.0,9,9,546
nm13545603,0.822472,9,9,11
nm14745292,0.822472,9,9,11
nm10436357,0.822472,9,9,11
nm0542510,0.822472,9,9,11
nm0010207,0.94774,9,9,119
nm7006860,0.937357,9,9,30
nm0545884,0.937357,9,9,30
nm3527272,0.956853,9,9,601
nm3261559,1.0,9,9,602
nm3997616,1.0,9,9,602
nm0575235,1.0,9,9,602
nm0548133,1.0,9,9,602
nm2017835,0.920473,9,9,33
nm1024333,0.93157,9,9,572
nm0824989,0.93157,9,9,572
nm2104314,0.901742,9,9,119
nm4270735,1.708478,18,18,119
nm3905146,1.0,9,9,434
nm10533784,0.914171,9,9,424
nm3404376,1.0,9,9,604
nm2123231,1.0,9,9,604
nm2469034,1.0,9,9,604
nm0610565,1.0,9,9,605
nm2786305,1.0,9,9,605
nm2021835,0.894891,9,9,55
nm10833134,0.894891,9,9,55
nm1293137,0.894891,9,9,55
nm0645781,1.0,9,9,607
nm1983393,1.0,9,9,607
nm7462382,1.0,9,9,607
nm3260636,1.0,9,9,607
nm1534063,0.894033,9,9,110
nm11725103,1.0,9,9,610
nm6331950,1.0,9,9,610
nm0561356,1.0,9,9,610
nm2342884,0.930762,9,9,6
nm11363408,0.930762,9,9,6
nm0586261,0.938127,9,9,33
nm0900653,0.938127,9,9,33
nm0034804,0.939472,9,9,114
nm0578248,1.0,9,9,520
nm0012748,0.900498,9,9,56
nm1158619,0.852122,9,9,195
nm6601314,1.740434,18,18,316
nm0053257,1.0,9,9,221
nm0005241,0.865366,9,9,3
nm6940528,1.0,9,9,614
nm10313614,0.956853,9,9,542
nm3374027,1.676957,18,18,33
nm0457526,0.718272,9,9,110
nm5063660,0.611895,9,9,110
nm10812446,0.956853,9,9,324
nm10344374,1.0,9,9,294
nm10503010,0.743268,9,9,110
nm0793731,2.516972,34,36,695
nm8021222,1.253103,16,18,739
nm10420877,0.668428,9,9,739
nm5083144,0.668428,9,9,739
nm5083762,1.253103,16,18,739
nm0618574,1.653901,17,18,616
nm2961216,1.0,9,9,618
nm0814465,0.829566,9,9,110
nm12971104,0.874083,9,9,21
nm10272097,0.874083,9,9,21
nm10673191,0.874083,9,9,21
nm10272089,1.640019,18,18,21
nm3745258,1.608559,18,18,19
nm10272092,0.874083,9,9,21
nm16513071,0.896723,9,9,21
nm11087465,0.896723,9,9,21
nm16513070,0.896723,9,9,21
nm16513072,0.896723,9,9,21
nm0796513,0.896258,9,9,21
nm12885248,0.896723,9,9,21
nm3289556,0.751934,9,9,110
nm0620433,0.720888,9,9,110
nm1185803,0.720888,9,9,110
nm1172930,0.720888,9,9,110
nm8821921,0.956853,9,9,320
nm1727764,0.894379,9,9,110
nm1668529,0.793688,9,9,11
nm7638116,0.793688,9,9,11
nm10438437,1.0,9,9,562
nm3842116,1.0,9,9,562
nm1214463,1.0,9,9,623
nm1699042,1.740434,18,18,624
nm7344299,0.927569,9,9,624
nm8518195,0.927569,9,9,624
nm0599748,0.927569,9,9,624
nm2621167,0.949921,9,9,624
nm2615628,1.0,9,9,626
nm10371793,0.72163,9,9,110
nm1348500,0.829566,9,9,110
nm7811177,0.751934,9,9,110
nm7014938,0.926369,9,9,43
nm6097274,0.830295,9,9,111
nm3710932,0.830295,9,9,111
nm4443519,0.830295,9,9,111
nm6262099,1.542803,18,18,111
nm4443114,0.830295,9,9,111
nm5256092,0.889892,9,9,11
nm1082665,1.694072,18,18,11
nm2790980,0.889892,9,9,11
nm0722636,1.6511,18,18,11
nm2450506,0.889892,9,9,11
nm4983326,1.489199,18,18,111
nm7152477,0.804568,9,9,111
nm5615167,0.787494,9,9,3
nm1360611,0.787494,9,9,3
nm4699293,0.956853,9,9,464
nm0997434,1.0,9,9,605
nm6851076,0.93554,9,9,13
nm1370479,0.934412,9,9,59
nm5037848,0.896063,9,9,118
nm8490093,1.701557,18,18,118
nm0613874,0.896063,9,9,118
nm4079782,1.0,9,9,70
nm10753993,0.939889,9,9,110
nm0701189,1.0,9,9,377
nm10488587,1.0,9,9,630
nm2548692,0.829128,9,9,13
nm4291439,0.812932,9,9,13
nm0452860,0.91614,9,9,110
nm0620657,0.850389,9,9,110
nm0620221,0.743268,9,9,110
nm1426323,0.858173,9,9,11
nm9574516,2.004937,26,27,669
nm4736209,1.343966,18,18,11
nm1198628,1.339363,18,18,11
nm5375105,0.731843,9,9,11
nm10290433,1.0,9,9,125
nm0482285,1.448034,18,18,11
nm0375962,1.0,9,9,501
nm2535133,1.0,9,9,383
nm0622438,1.0,9,9,383
nm1379364,1.0,9,9,203
nm10364997,1.0,9,9,637
nm4749222,1.0,9,9,637
nm0038449,1.0,9,9,190
nm2949798,0.898655,9,9,103
nm10337612,0.898655,9,9,103
nm10337614,0.898655,9,9,103
nm10529038,0.876099,9,9,111
nm0675977,1.597761,18,18,111
nm2139077,1.468337,18,18,111
nm2755346,1.445464,17,18,699
nm1288343,0.761855,9,9,111
nm8597648,0.785408,9,9,111
nm0498004,1.0,9,9,235
nm10407319,1.0,9,9,638
nm2236815,1.0,9,9,638
nm8573905,1.0,9,9,638
nm2509334,1.0,9,9,638
nm0626649,1.0,9,9,638
nm10497109,1.0,9,9,285
nm4282986,0.919294,9,9,11
nm1047838,0.948206,9,9,11
nm5249687,0.948206,9,9,11
nm5854664,1.0,9,9,639
nm3838233,1.0,9,9,639
nm10181097,1.0,9,9,639
nm10331655,1.0,9,9,640
nm10330479,1.0,9,9,640
nm10331660,1.0,9,9,640
nm10425810,0.934534,9,9,110
nm10425811,0.934534,9,9,110
nm0847395,0.934534,9,9,110
nm2273252,0.894033,9,9,110
nm10153431,0.934534,9,9,110
nm9059182,0.956853,9,9,645
nm10523966,0.956853,9,9,645
nm0635977,0.956853,9,9,645
nm0847266,0.922359,9,9,110
nm10455136,0.863628,9,9,30
nm7008753,0.879041,9,9,345
nm0196572,1.0,9,9,360
nm0348490,0.897059,9,9,11
nm1133042,0.903424,9,9,2
nm10553995,0.903424,9,9,2
nm4312854,0.903424,9,9,2
nm1989927,0.903424,9,9,2
nm10407980,0.903424,9,9,2
nm1966361,0.850764,9,9,110
nm2202409,0.850764,9,9,110
nm6842634,0.850764,9,9,110
nm7987556,1.0,9,9,649
nm14669789,1.0,9,9,649
nm1797836,1.0,9,9,263
nm1785083,0.911236,9,9,118
nm0815529,0.911236,9,9,118
nm0657440,0.911236,9,9,118
nm0804983,0.956853,9,9,571
nm9653176,0.956853,9,9,571
nm5271352,0.919431,9,9,55
nm4699715,0.956853,9,9,653
nm6805740,0.956853,9,9,653
nm5224900,0.956853,9,9,653
nm10274511,1.0,9,9,175
nm0951832,1.0,9,9,175
nm1213235,1.0,9,9,175
nm9988758,0.85594,9,9,56
nm10307973,0.85594,9,9,56
nm5008704,0.85594,9,9,56
nm1315788,0.85594,9,9,56
nm2062733,0.943593,9,9,220
nm4906685,0.891719,9,9,23
nm5816841,0.940124,9,9,11
nm1185445,0.940124,9,9,11
nm10349345,1.0,9,9,654
nm0671026,1.0,9,9,654
nm0731286,1.0,9,9,509
nm10202536,0.864111,9,9,252
nm1005503,1.0,9,9,655
nm0679177,1.0,9,9,655
nm0670847,1.0,9,9,655
nm0714537,1.0,9,9,654
nm0033505,1.0,9,9,181
nm8894385,0.620555,9,9,113
nm10438436,1.0,9,9,562
nm15548397,0.858718,9,9,111
nm5331326,0.876099,9,9,111
nm2442143,0.939526,9,9,33
nm17758761,1.0,9,9,552
nm16230000,1.0,9,9,552
nm1367802,0.909521,9,9,11
nm6569977,1.0,9,9,657
nm1793186,1.0,9,9,657
nm12099101,1.0,9,9,657
nm0754681,0.878593,9,9,30
nm11342885,0.878593,9,9,30
nm5460346,0.878593,9,9,30
nm0095308,0.943593,9,9,220
nm0183223,0.900653,9,9,220
nm10492299,0.861555,9,9,11
nm10492305,0.861555,9,9,11
nm6066731,0.834255,9,9,11
nm5505813,0.834255,9,9,11
nm3327356,1.530851,18,18,11
nm5394373,0.834255,9,9,11
nm9303326,1.0,9,9,662
nm3474753,1.0,9,9,662
nm9303317,1.0,9,9,662
nm9303323,1.0,9,9,662
nm0692670,1.0,9,9,662
nm1485941,0.814346,9,9,11
nm0015663,0.824959,9,9,136
nm7052596,0.864186,9,9,11
nm6166719,0.890186,9,9,11
nm1881804,0.914373,9,9,220
nm6367459,1.0,9,9,666
nm8155551,1.0,9,9,666
nm6373659,1.0,9,9,666
nm5216276,0.914335,9,9,59
nm10431230,0.827411,9,9,667
nm5285354,0.827411,9,9,667
nm3253844,0.827411,9,9,667
nm3239768,1.517766,15,18,667
nm0509811,1.0,9,9,425
nm1078628,1.0,9,9,380
nm0615992,1.0,9,9,377
nm10377025,1.0,9,9,668
nm10377019,1.0,9,9,668
nm0702284,1.0,9,9,668
nm0251646,1.0,9,9,46
nm0347940,0.944664,9,9,56
nm4103924,1.0,9,9,105
nm1106067,0.840763,9,9,11
nm4449711,0.840763,9,9,11
nm10464031,0.819012,9,9,11
nm13529235,0.857004,9,9,11
nm5824855,0.68154,9,9,113
nm6527156,0.68154,9,9,113
nm5683997,1.092291,18,18,113
nm8358336,0.67383,9,9,113
nm10485040,0.638531,9,9,113
nm7112009,0.67383,9,9,113
nm8490775,0.638531,9,9,113
nm9493109,1.200856,18,18,113
nm9554659,1.141554,18,18,113
nm11069563,0.817143,9,9,11
nm3909445,2.807126,34,36,669
nm10602997,0.767338,9,9,669
nm3013862,0.871281,9,9,669
nm3131753,0.767338,9,9,669
nm6973289,0.762533,9,9,669
nm5541953,0.871281,9,9,669
nm5736426,0.871281,9,9,669
nm10603039,0.767338,9,9,669
nm11069574,0.817143,9,9,11
nm5531691,1.671815,18,18,669
nm8225192,1.0,9,9,671
nm4829836,1.0,9,9,671
nm0714561,1.0,9,9,671
nm0870199,0.946371,9,9,2
nm4313502,1.0,9,9,673
nm4297275,1.0,9,9,673
nm8083073,1.0,9,9,673
nm0717080,1.0,9,9,673
nm8341089,1.0,9,9,674
nm12434667,1.0,9,9,674
nm10386331,0.94255,9,9,118
nm10314100,0.956853,9,9,387
nm11880040,0.902334,9,9,56
nm5771748,0.913706,9,9,678
nm8531955,0.913706,9,9,678
nm8531954,0.913706,9,9,678
nm4241366,1.690355,17,18,1395
nm8258443,0.913706,9,9,678
nm0729384,0.913706,9,9,678
nm8812795,0.931938,9,9,11
nm0668905,1.0,9,9,509
nm2810154,1.0,9,9,679
nm3260333,1.0,9,9,679
nm9369004,1.0,9,9,679
nm0731457,1.0,9,9,679
nm7603308,0.930762,9,9,6
nm5196498,1.0,9,9,680
nm12575300,1.0,9,9,680
nm10743340,0.894972,9,9,11
nm11166411,0.894972,9,9,11
nm10318869,0.841186,9,9,114
nm2586196,0.937357,9,9,30
nm6690278,0.937357,9,9,30
nm10661517,0.912289,9,9,30
nm1205311,0.912289,9,9,30
nm8675492,0.912289,9,9,30
nm6233323,0.912289,9,9,30
nm9223102,0.912289,9,9,30
nm2692989,0.931022,9,9,7
nm6158289,1.0,9,9,681
nm4317522,1.0,9,9,681
nm10293837,1.0,9,9,363
nm0659959,0.919431,9,9,55
nm10534852,0.913706,9,9,684
nm4518065,0.913706,9,9,684
nm16155024,0.920637,9,9,124
nm6237659,1.0,9,9,685
nm6844475,1.0,9,9,685
nm9029050,1.0,9,9,686
nm1839955,0.947369,9,9,180
nm7987911,0.947369,9,9,180
nm0782938,0.915172,9,9,124
nm4303311,1.525308,18,18,110
nm4987686,1.466813,17,18,1383
nm6506497,0.799138,9,9,110
nm6728134,0.799138,9,9,110
nm7884000,0.949921,9,9,478
nm0849429,0.855213,9,9,110
nm2827694,1.0,9,9,687
nm2828187,1.0,9,9,687
nm1690576,1.0,9,9,687
nm2828057,1.0,9,9,687
nm3141890,0.940536,9,9,126
nm11292811,0.940536,9,9,126
nm10271044,1.0,9,9,688
nm10271049,1.0,9,9,688
nm6995817,0.791577,9,9,11
nm8499313,1.0,9,9,408
nm2567388,1.0,9,9,408
nm0866951,0.936071,9,9,110
nm5739369,0.937357,9,9,30
nm2668679,1.0,9,9,609
nm1460856,1.0,9,9,609
nm9515235,0.887111,9,9,23
nm0864608,1.0,9,9,691
nm10963295,1.0,9,9,691
nm13030701,0.921881,9,9,163
nm3022234,0.899108,9,9,114
nm16773179,1.0,9,9,625
nm2379003,1.0,9,9,625
nm10559851,1.0,9,9,578
nm3031425,1.0,9,9,578
nm0776145,1.0,9,9,578
nm9588650,0.931938,9,9,11
nm1851325,0.931938,9,9,11
nm1699333,1.618,17,18,1349
nm0946198,0.956853,9,9,574
nm13372705,0.851567,9,9,310
nm16090995,0.876464,9,9,310
nm5120084,0.876464,9,9,310
nm10527017,0.876464,9,9,310
nm3360529,0.876464,9,9,310
nm4232416,1.590506,18,18,310
nm4117722,0.875995,9,9,310
nm1465831,0.875995,9,9,310
nm0154146,0.85894,9,9,310
nm10467061,0.875995,9,9,310
nm4349273,0.875995,9,9,310
nm5699931,1.0,9,9,45
nm5423311,0.938969,9,9,137
nm2777927,0.938969,9,9,137
nm10174309,0.806879,9,9,11
nm11411075,1.592137,18,18,11
nm11411077,0.806879,9,9,11
nm1044653,0.916845,9,9,23
nm3807582,0.916845,9,9,23
nm3467467,0.916845,9,9,23
nm2815281,1.0,9,9,613
nm1141172,1.0,9,9,613
nm10448675,1.0,9,9,694
nm10317575,1.0,9,9,696
nm11363688,1.0,9,9,696
nm11363689,1.0,9,9,696
nm11628110,0.754724,9,9,86
nm3243068,1.416537,17,18,1288
nm3594367,0.754724,9,9,86
nm5798585,3.262674,42,45,1389
nm0802251,0.754724,9,9,86
nm4304671,1.419304,17,18,1288
nm14713743,0.798869,9,9,1288
nm4856668,0.798869,9,9,1288
nm6771807,0.798869,9,9,1288
nm6318583,0.956853,9,9,676
nm1770183,0.956853,9,9,676
nm7532160,0.956853,9,9,676
nm2883441,1.0,9,9,697
nm9536476,1.0,9,9,697
nm0804105,1.0,9,9,697
nm2118743,1.0,9,9,532
nm0810379,1.0,9,9,357
nm6431173,0.956853,9,9,698
nm3746071,0.956853,9,9,698
nm9447271,0.811944,9,9,111
nm2218569,0.811944,9,9,111
nm9438310,1.987085,31,36,1408
nm9605400,0.595539,9,9,113
nm5069867,1.0,9,9,700
nm2558112,1.0,9,9,287
nm0754031,1.714334,18,18,69
nm0836137,0.930135,9,9,55
nm0464522,0.930135,9,9,55
nm7077964,0.930135,9,9,55
nm7977475,0.930135,9,9,55
nm2288567,0.94774,9,9,65
nm7760595,0.930135,9,9,55
nm6489058,3.61911,44,45,1341
nm10528951,0.956853,9,9,702
nm1287787,0.956853,9,9,702
nm10528950,0.956853,9,9,702
nm0329589,1.0,9,9,465
nm4570325,1.0,9,9,172
nm9926497,1.0,9,9,623
nm10506132,1.0,9,9,703
nm2080791,1.0,9,9,703
nm15522051,1.0,9,9,703
nm6236069,1.0,9,9,703
nm0847204,0.73185,9,9,110
nm1209137,1.0,9,9,704
nm2068577,1.0,9,9,704
nm3834378,1.0,9,9,704
nm1967617,0.845498,9,9,110
nm1241578,2.718839,33,36,1262
nm3332894,0.956853,9,9,653
nm0452748,0.947434,9,9,43
nm2481309,1.0,9,9,188
nm3861157,1.0,9,9,703
nm10288310,1.0,9,9,581
nm0993783,0.894736,9,9,708
nm6102909,0.86501,9,9,503
nm6534475,0.86501,9,9,503
nm9329305,1.0,9,9,433
nm10331009,1.0,9,9,691
nm1109880,0.938831,9,9,33
nm1491167,0.936071,9,9,110
nm3644157,1.0,9,9,319
nm1714982,1.0,9,9,710
nm10328540,1.0,9,9,710
nm0871141,1.0,9,9,710
nm9327558,0.956853,9,9,387
nm10091221,0.956853,9,9,387
nm4785267,0.956853,9,9,387
nm10239733,1.0,9,9,712
nm3314957,1.0,9,9,712
nm11661727,1.0,9,9,712
nm8254246,1.0,9,9,712
nm1124316,1.0,9,9,651
nm1857840,1.0,9,9,651
nm8456315,0.947343,9,9,127
nm4483936,0.947343,9,9,127
nm7842944,0.765261,9,9,713
nm0881809,0.765261,9,9,713
nm1773122,1.524836,18,18,460
nm0012916,0.903111,9,9,56
nm5508197,1.0,9,9,397
nm2438386,1.0,9,9,714
nm0885474,1.0,9,9,714
nm1734623,0.948253,9,9,56
nm1952116,0.948253,9,9,56
nm2088872,1.0,9,9,139
nm0498076,0.937683,9,9,6
nm0032108,0.900226,9,9,21
nm6662510,1.0,9,9,715
nm0899786,1.0,9,9,715
nm3573027,1.0,9,9,394
nm0822354,1.0,9,9,394
nm0900651,1.0,9,9,394
nm2024943,0.956853,9,9,35
nm10460602,0.949921,9,9,50
nm6492252,0.949921,9,9,50
nm9547466,1.089399,18,18,113
nm10467145,1.0,9,9,692
nm12042238,1.0,9,9,692
nm0911319,1.0,9,9,692
nm1351922,0.917756,9,9,1
nm1593487,0.917756,9,9,1
nm6702518,0.917756,9,9,1
nm8332644,1.662848,18,18,110
nm10510002,0.617591,9,9,113
nm9045283,0.636678,9,9,113
nm9678912,0.636678,9,9,113
nm9508060,0.596611,9,9,113
nm0929562,1.517766,15,18,667
nm4376679,1.0,9,9,626
nm0252230,0.880111,9,9,6
nm6244211,1.0,9,9,722
nm3584268,1.0,9,9,722
nm1255751,1.0,9,9,722
nm4300424,1.0,9,9,723
nm5346530,0.893972,9,9,23
nm3139059,0.855483,9,9,23
nm2280509,0.86331,9,9,503
nm4110132,0.895877,9,9,23
nm0047011,1.0,9,9,209
nm10487898,0.943149,9,9,110
nm1283231,0.943149,9,9,110
nm13665356,0.943149,9,9,110
nm2322250,0.920895,9,9,110
nm11524868,0.920895,9,9,110
nm3328014,0.956853,9,9,574
nm3483035,0.917756,9,9,559
nm4308851,0.947725,9,9,23
nm10684503,0.944863,9,9,24
nm2072498,0.944863,9,9,24
nm3527299,0.944863,9,9,24
nm0432601,0.956853,9,9,326
nm2955595,0.94137,9,9,4
nm12083011,0.94137,9,9,4
nm3674939,0.863227,9,9,110
nm5408751,0.863227,9,9,110
nm0666733,1.0,9,9,175
nm0246638,1.0,9,9,410
nm7709200,1.0,9,9,727
nm4458936,1.0,9,9,727
nm1042980,1.0,9,9,727
nm2295540,0.956853,9,9,256
nm10347647,1.0,9,9,728
nm10347650,1.0,9,9,728
nm6811804,1.0,9,9,728
nm8276776,0.936588,9,9,23
nm10374879,0.936588,9,9,23
nm7233593,1.0,9,9,566
nm1717477,0.918878,9,9,6
nm10486788,0.757667,9,9,110
nm3485306,0.757667,9,9,110
nm4264654,0.913706,9,9,729
nm5890167,0.913706,9,9,729
nm9091047,0.913706,9,9,729
nm0182815,1.0,9,9,344
nm13800734,1.0,9,9,731
nm2671105,1.0,9,9,731
nm2751451,1.0,9,9,731
nm0970010,1.0,9,9,731
nm2830118,1.0,9,9,732
nm10477839,1.0,9,9,733
nm1323901,1.0,9,9,733
nm4599394,2.621498,33,36,1003
nm10366093,0.754526,9,9,635
nm0992037,0.754526,9,9,635
nm10364123,1.349399,18,18,740
nm3859740,0.761111,9,9,740
nm9682010,0.738969,9,9,740
nm9219550,0.738969,9,9,740
nm2097378,0.761111,9,9,740
nm5079417,1.132906,17,18,739
nm8178587,0.662684,9,9,110
nm4976401,0.662684,9,9,110
nm6516135,1.0,9,9,15
nm0992655,0.662684,9,9,110
nm8139485,1.62269,17,18,1405
nm8275076,0.956853,9,9,557
nm0994846,0.956853,9,9,557
nm10456061,1.0,9,9,741
nm10456066,1.0,9,9,741
nm4298865,1.0,9,9,742
nm3174284,1.0,9,9,346
nm10367197,1.0,9,9,346
nm2848552,1.0,9,9,346
nm4756915,1.0,9,9,378
nm10478626,0.611437,9,9,110
nm1452246,0.684235,9,9,110
nm3695071,0.868084,9,9,179
nm4388136,0.846399,9,9,110
nm10880008,0.846399,9,9,110
nm6804167,0.868084,9,9,179
nm10002148,1.577427,17,18,743
nm15475067,0.82533,9,9,111
nm2318592,0.82533,9,9,111
nm9822025,1.0,9,9,746
nm10005536,1.0,9,9,746
nm0972851,1.0,9,9,732
nm10842581,1.0,9,9,340
nm3361553,1.0,9,9,340
nm6807230,1.0,9,9,748
nm1232983,0.832949,9,9,114
nm6388262,1.0,9,9,752
nm8710536,1.0,9,9,752
nm9540671,1.0,9,9,752
nm6664625,1.0,9,9,752
nm0592285,1.0,9,9,618
nm10221439,0.956853,9,9,753
nm0541238,1.0,9,9,599
nm2678898,1.0,9,9,759
nm8956050,1.0,9,9,759
nm12427606,1.0,9,9,759
nm6522322,1.0,9,9,759
nm8641420,1.0,9,9,759
nm1002664,1.0,9,9,759
nm1130592,0.887916,9,9,43
nm9406940,0.887916,9,9,43
nm10323226,0.887916,9,9,43
nm4688039,1.0,9,9,761
nm6960528,1.0,9,9,761
nm10299473,0.893801,9,9,114
nm9638597,0.893801,9,9,114
nm9652105,0.893801,9,9,114
nm10028798,0.893801,9,9,114
nm3233235,1.0,9,9,762
nm8954121,1.0,9,9,762
nm10030077,1.0,9,9,762
nm1425287,0.932337,9,9,110
nm15693343,0.932337,9,9,110
nm8881651,1.0,9,9,768
nm5291129,0.888423,9,9,707
nm3028204,1.77665,18,18,736
nm10476380,0.956853,9,9,736
nm4231059,0.956853,9,9,736
nm1266058,0.841712,9,9,771
nm2933317,0.841712,9,9,771
nm6512505,1.17082,16,18,113
nm9409083,0.679175,9,9,113
nm10988586,1.0,9,9,773
nm11374120,1.0,9,9,773
nm12291127,1.0,9,9,773
nm2361080,1.0,9,9,773
nm6656023,1.0,9,9,773
nm10045469,1.0,9,9,773
nm1388135,0.888459,9,9,36
nm9898052,1.0,9,9,777
nm9844470,1.0,9,9,777
nm2993483,1.0,9,9,777
nm10415836,1.0,9,9,778
nm10630425,1.0,9,9,778
nm10342541,1.0,9,9,779
nm10340744,1.0,9,9,779
nm3699411,1.0,9,9,350
nm7333113,0.946779,9,9,23
nm1852064,0.946779,9,9,23
nm10063514,1.0,9,9,782
nm10063316,1.0,9,9,782
nm10063317,1.0,9,9,782
nm10063315,1.0,9,9,782
nm8814208,0.956853,9,9,760
nm9910291,0.956853,9,9,760
nm8344785,0.956853,9,9,760
nm9755387,0.956853,9,9,760
nm10417912,1.0,9,9,783
nm8008780,1.0,9,9,783
nm10280916,1.0,9,9,783
nm10619763,0.956853,9,9,481
nm5123508,0.956853,9,9,481
nm7661881,0.956853,9,9,481
nm10076257,1.0,9,9,716
nm8715162,1.68743,18,18,785
nm0496987,0.878977,9,9,348
nm9539029,0.884428,9,9,785
nm1960477,0.815626,9,9,110
nm10074093,0.815626,9,9,110
nm10410723,1.0,9,9,788
nm6687877,1.0,9,9,788
nm9455181,1.0,9,9,788
nm9721564,1.0,9,9,788
nm10074746,1.0,9,9,788
nm0943944,0.86331,9,9,503
nm10398726,1.0,9,9,716
nm4281935,1.0,9,9,790
nm2910893,1.0,9,9,790
nm10076818,1.0,9,9,790
nm11189684,1.0,9,9,792
nm8682138,1.0,9,9,795
nm10081542,0.956853,9,9,796
nm7501921,0.956853,9,9,796
nm8660970,1.77665,18,18,796
nm8521672,0.956853,9,9,796
nm11140652,0.913706,9,9,798
nm9987121,0.913706,9,9,798
nm8301754,0.956853,9,9,760
nm5887884,0.956853,9,9,760
nm7703577,0.932961,9,9,365
nm2763314,0.932961,9,9,365
nm4974278,0.932961,9,9,365
nm8669558,0.932961,9,9,365
nm8841849,0.913706,9,9,800
nm7222121,0.932961,9,9,365
nm0375990,0.854415,9,9,108
nm2138653,0.929865,9,9,11
nm3833490,0.929865,9,9,11
nm9130968,0.929865,9,9,11
nm10424351,0.956853,9,9,802
nm10428844,0.956853,9,9,802
nm1651104,0.956853,9,9,802
nm10394957,0.956853,9,9,802
nm10428847,0.956853,9,9,802
nm10424353,0.956853,9,9,802
nm9197877,0.956853,9,9,698
nm9346047,0.956853,9,9,698
nm8900135,1.0,9,9,805
nm10116011,1.0,9,9,805
nm3702255,1.0,9,9,805
nm7046528,1.0,9,9,805
nm9719426,1.0,9,9,805
nm3237372,1.0,9,9,805
nm1041999,0.901742,9,9,559
nm11044461,0.901742,9,9,559
nm2440234,0.901742,9,9,559
nm1775551,0.943792,9,9,559
nm6835617,0.943792,9,9,559
nm11314153,1.708478,18,18,559
nm4852549,0.894623,9,9,114
nm7426973,1.0,9,9,480
nm10134529,1.77665,18,18,802
nm4528768,1.0,9,9,806
nm7948429,0.902991,9,9,21
nm9678377,0.902991,9,9,21
nm11012523,0.902991,9,9,21
nm11012524,0.902991,9,9,21
nm10389999,1.0,9,9,809
nm5507072,1.0,9,9,809
nm8513878,1.0,9,9,809
nm8906536,1.376441,18,18,86
nm10142219,0.787685,9,9,86
nm1127958,1.950243,26,27,1288
nm4131505,0.938757,9,9,3
nm10142738,0.938757,9,9,3
nm10419318,1.0,9,9,811
nm1198975,1.0,9,9,811
nm2098884,1.0,9,9,812
nm3837828,1.992563,26,27,1389
nm1371858,1.317844,17,18,1331
nm1397705,0.739141,9,9,86
nm7640304,1.317844,17,18,1331
nm5712436,1.304955,16,18,1389
nm10148777,1.0,9,9,809
nm2718834,2.740439,36,36,11
nm4553908,0.934534,9,9,110
nm3311638,1.0,9,9,818
nm3863014,1.0,9,9,818
nm9785911,1.0,9,9,818
nm2683695,1.0,9,9,818
nm9477211,1.0,9,9,819
nm10160533,1.0,9,9,819
nm0630040,1.0,9,9,291
nm11982838,1.0,9,9,822
nm11982845,1.0,9,9,822
nm11982844,1.0,9,9,822
nm10258845,1.0,9,9,823
nm10388309,1.0,9,9,823
nm10388310,1.0,9,9,823
nm10168599,1.0,9,9,823
nm10537291,1.0,9,9,825
nm10259647,1.0,9,9,825
nm9898793,1.0,9,9,825
nm2246717,1.0,9,9,825
nm7968959,1.0,9,9,384
nm0217984,1.0,9,9,384
nm5559566,1.0,9,9,384
nm1453887,1.0,9,9,827
nm10430991,1.0,9,9,827
nm2565613,1.0,9,9,827
nm10179336,1.0,9,9,827
nm7026773,0.884584,9,9,23
nm6619660,1.565687,18,18,23
nm10818341,1.0,9,9,829
nm10793889,1.0,9,9,829
nm10571411,1.0,9,9,567
nm10293293,0.910967,9,9,114
nm7609200,1.640233,18,18,114
nm7609198,0.910967,9,9,114
nm7820251,0.916602,9,9,114
nm4680391,0.894629,9,9,114
nm10187204,1.674176,18,18,114
nm3891594,1.0,9,9,831
nm9448966,1.0,9,9,793
nm6239828,0.943551,9,9,114
nm10193929,0.943551,9,9,114
nm10494378,1.0,9,9,834
nm11320331,1.0,9,9,834
nm10194546,1.0,9,9,834
nm10458038,1.0,9,9,745
nm9203433,1.0,9,9,745
nm9203448,1.0,9,9,745
nm10196124,1.0,9,9,745
nm10506332,1.0,9,9,836
nm10506336,1.0,9,9,836
nm10284987,0.737242,9,9,838
nm10282200,0.71738,9,9,838
nm4950057,2.500216,30,36,838
nm10204537,1.317567,16,18,838
nm10285012,0.752822,9,9,838
nm3651492,1.965657,24,27,838
nm10366906,0.928552,9,9,114
nm5224876,0.928552,9,9,114
nm8282112,1.0,9,9,429
nm10298323,1.0,9,9,840
nm10298321,1.0,9,9,840
nm10477495,0.956853,9,9,689
nm14154573,0.956853,9,9,689
nm1759426,0.956853,9,9,689
nm10569190,0.956853,9,9,689
nm3601305,0.956853,9,9,689
nm4906948,0.956853,9,9,689
nm1794889,1.0,9,9,845
nm1549295,0.941554,9,9,11
nm9639508,0.956853,9,9,753
nm5101846,1.0,9,9,848
nm10453055,1.0,9,9,850
nm10548547,1.0,9,9,850
nm0039203,1.0,9,9,192
nm5090500,0.8883,9,9,110
nm10413137,0.8883,9,9,110
nm10233894,0.8883,9,9,110
nm7981127,1.0,9,9,853
nm11028339,1.0,9,9,853
nm2013433,1.0,9,9,853
nm8062541,1.0,9,9,853
nm12542920,1.0,9,9,853
nm4803560,1.0,9,9,854
nm4624730,0.956853,9,9,256
nm6205689,1.0,9,9,855
nm10474378,0.852039,9,9,19
nm2274542,1.0,9,9,712
nm10494482,1.0,9,9,858
nm4974711,0.945882,9,9,59
nm1024317,0.947369,9,9,180
nm3657716,1.0,9,9,859
nm10430743,1.0,9,9,860
nm10430746,1.0,9,9,860
nm4638702,1.0,9,9,860
nm10430744,1.0,9,9,860
nm10386207,1.604061,16,18,1037
nm8230074,0.870558,9,9,861
nm10252661,0.870558,9,9,861
nm9349197,0.870558,9,9,1008
nm5809739,0.870558,9,9,1008
nm1299248,0.921881,9,9,226
nm10411179,0.78986,9,9,11
nm1822358,0.920494,9,9,11
nm10904274,1.0,9,9,863
nm10731703,1.0,9,9,863
nm10258959,1.0,9,9,863
nm4881680,1.0,9,9,866
nm4892161,1.0,9,9,866
nm4880713,1.0,9,9,866
nm10264207,1.0,9,9,867
nm10264203,1.0,9,9,867
nm10270269,1.0,9,9,870
nm10270270,1.0,9,9,870
nm6046107,1.0,9,9,870
nm10265968,1.0,9,9,870
nm9410839,1.0,9,9,872
nm9613101,1.0,9,9,872
nm8173819,1.0,9,9,872
nm8002071,0.896743,9,9,873
nm10267177,1.0,9,9,874
nm10267129,1.0,9,9,874
nm10267154,1.0,9,9,874
nm10267127,1.0,9,9,874
nm2111813,1.0,9,9,875
nm5342804,1.0,9,9,875
nm6655422,1.0,9,9,875
nm6931873,1.0,9,9,875
nm2300982,1.0,9,9,875
nm6014077,1.0,9,9,816
nm8719768,1.0,9,9,876
nm3973382,1.0,9,9,876
nm10269003,1.0,9,9,876
nm10269002,1.0,9,9,876
nm3474050,1.0,9,9,877
nm10269103,1.0,9,9,877
nm0050983,1.0,9,9,213
nm9365636,0.956853,9,9,878
nm8234064,0.956853,9,9,878
nm9365639,0.956853,9,9,878
nm10270016,0.956853,9,9,878
nm9091968,1.0,9,9,879
nm9399872,1.0,9,9,879
nm10270565,1.0,9,9,879
nm10270632,1.0,9,9,880
nm10573746,1.0,9,9,880
nm10270629,1.0,9,9,880
nm8599411,1.0,9,9,880
nm10270625,1.0,9,9,880
nm10271046,1.0,9,9,688
nm5965177,1.0,9,9,881
nm10288814,1.0,9,9,309
nm10315956,1.0,9,9,852
nm10273167,1.0,9,9,852
nm9482841,1.0,9,9,852
nm10279002,0.871532,9,9,19
nm12573799,0.871532,9,9,19
nm10392804,0.855287,9,9,882
nm10272021,1.0,9,9,852
nm9418318,1.517766,15,18,883
nm9357202,1.77665,18,18,675
nm10273982,0.956853,9,9,675
nm10273302,0.956853,9,9,675
nm5182750,0.956853,9,9,675
nm10417528,0.956853,9,9,675
nm10275012,1.0,9,9,885
nm10275011,1.0,9,9,885
nm10449604,1.0,9,9,886
nm9088166,1.0,9,9,886
nm9508806,1.0,9,9,887
nm2594453,1.0,9,9,887
nm10613221,1.0,9,9,888
nm10275871,1.0,9,9,888
nm11097120,1.0,9,9,888
nm1758898,0.851936,9,9,890
nm1948307,1.566817,16,18,1351
nm7992092,0.851936,9,9,1036
nm9864872,0.851936,9,9,1036
nm10276298,0.851936,9,9,890
nm1945550,0.851936,9,9,1036
nm10287391,0.726229,9,9,838
nm4069386,0.726229,9,9,838
nm10287365,0.727294,9,9,838
nm7698518,0.870558,9,9,160
nm7331094,0.870558,9,9,160
nm10277006,0.956853,9,9,389
nm10277004,0.956853,9,9,389
nm2091689,1.0,9,9,892
nm6196351,1.0,9,9,892
nm10277050,1.0,9,9,892
nm10398338,1.0,9,9,865
nm6865428,1.0,9,9,896
nm10278262,1.0,9,9,896
nm7954006,1.0,9,9,896
nm10278261,1.0,9,9,896
nm13883409,0.800998,9,9,110
nm3882100,0.800998,9,9,110
nm4588093,0.794426,9,9,838
nm10278479,0.794426,9,9,838
nm10276556,1.316466,18,18,838
nm10278985,1.0,9,9,897
nm10278987,1.0,9,9,897
nm10278989,1.0,9,9,897
nm3595972,0.956853,9,9,898
nm1787519,0.898532,9,9,3
nm11142240,1.0,9,9,899
nm10396880,1.0,9,9,900
nm10396875,1.0,9,9,900
nm10285015,0.752822,9,9,838
nm7251826,0.759653,9,9,838
nm10282872,1.0,9,9,901
nm10282869,1.0,9,9,901
nm8423523,1.0,9,9,385
nm10284597,0.949921,9,9,206
nm6787910,0.949921,9,9,206
nm10285027,0.713888,9,9,838
nm5204071,1.0,9,9,677
nm7224971,1.0,9,9,677
nm10286185,1.0,9,9,904
nm4120911,1.0,9,9,904
nm10286183,1.0,9,9,904
nm8846708,0.956853,9,9,225
nm10708686,0.956853,9,9,225
nm11283627,0.956853,9,9,225
nm3623789,0.956853,9,9,225
nm3071239,0.956853,9,9,225
nm4831385,1.0,9,9,165
nm10287499,1.0,9,9,165
nm12654671,1.0,9,9,906
nm4178187,1.0,9,9,906
nm10271724,1.0,9,9,309
nm4150929,0.956853,9,9,54
nm4173957,0.956853,9,9,878
nm6578060,0.956853,9,9,878
nm6637509,0.956853,9,9,878
nm10289913,1.0,9,9,907
nm10289908,1.0,9,9,907
nm10290594,1.0,9,9,909
nm1388345,1.0,9,9,909
nm11825739,0.816421,9,9,524
nm4297979,1.0,9,9,911
nm10292073,1.0,9,9,911
nm10292049,1.0,9,9,911
nm10292399,0.941067,9,9,7
nm10292442,1.0,9,9,913
nm10292444,1.0,9,9,913
nm9377726,1.0,9,9,913
nm10292437,1.0,9,9,913
nm7929499,1.0,9,9,915
nm7929508,1.0,9,9,915
nm7929504,1.0,9,9,915
nm7929509,1.0,9,9,915
nm7929495,1.0,9,9,915
nm7929501,1.0,9,9,915
nm3740979,1.0,9,9,915
nm6558315,0.910967,9,9,114
nm5148735,0.866322,9,9,114
nm6922682,0.956853,9,9,274
nm9756237,0.956853,9,9,274
nm10293940,0.956853,9,9,274
nm13812490,1.0,9,9,921
nm13812483,1.0,9,9,921
nm8907709,1.0,9,9,848
nm10661904,1.0,9,9,922
nm10479420,1.0,9,9,922
nm6947740,1.0,9,9,923
nm1890475,1.0,9,9,507
nm5208289,1.0,9,9,279
nm15135804,0.956853,9,9,254
nm10301203,0.956853,9,9,254
nm15135806,0.956853,9,9,254
nm15135802,0.956853,9,9,254
nm3809687,0.948678,9,9,323
nm6186358,0.948678,9,9,323
nm9356727,0.948678,9,9,323
nm10300193,0.948678,9,9,323
nm3171360,1.0,9,9,925
nm10301007,1.0,9,9,925
nm4730557,0.927576,9,9,11
nm10330848,0.886095,9,9,365
nm8669563,1.651844,17,18,1342
nm15491817,1.651844,17,18,1342
nm10303428,1.0,9,9,927
nm3399027,1.0,9,9,927
nm1855023,1.0,9,9,930
nm2682045,1.0,9,9,930
nm6717726,1.0,9,9,930
nm7837420,1.0,9,9,930
nm10305292,1.0,9,9,930
nm4930889,1.0,9,9,931
nm2598285,1.0,9,9,931
nm12285095,0.836993,9,9,932
nm7767161,0.836993,9,9,932
nm6684097,0.836993,9,9,932
nm10307166,0.956853,9,9,617
nm10308439,0.956853,9,9,617
nm10308436,0.956853,9,9,617
nm10308437,0.956853,9,9,617
nm10306475,1.77665,18,18,617
nm8892639,1.0,9,9,933
nm10308212,1.0,9,9,936
nm5416954,1.0,9,9,936
nm7798667,1.0,9,9,936
nm8903984,1.0,9,9,936
nm13639290,1.0,9,9,936
nm0259074,1.0,9,9,421
nm6497561,1.0,9,9,939
nm10310861,1.0,9,9,939
nm9097747,1.0,9,9,939
nm5665829,0.956853,9,9,796
nm8963616,0.956853,9,9,796
nm10311798,0.956853,9,9,796
nm3375850,0.874694,9,9,136
nm2953505,0.908906,9,9,110
nm3131769,0.900705,9,9,110
nm0545622,1.0,9,9,347
nm1278099,1.0,9,9,944
nm1303340,1.0,9,9,944
nm8169455,0.69797,9,9,946
nm8169461,1.258883,12,18,1392
nm11041861,1.0,9,9,947
nm11041864,1.0,9,9,947
nm7639626,0.956853,9,9,653
nm1630993,1.0,9,9,941
nm8331248,1.0,9,9,948
nm4051489,1.0,9,9,948
nm8657997,1.0,9,9,948
nm10316074,1.0,9,9,948
nm8853660,1.0,9,9,949
nm8850560,1.0,9,9,949
nm7240271,1.0,9,9,918
nm10347853,1.0,9,9,950
nm10317252,1.0,9,9,950
nm0800766,1.0,9,9,696
nm9536355,1.0,9,9,204
nm10335324,1.0,9,9,251
nm0739287,0.841186,9,9,114
nm7770979,1.0,9,9,719
nm6852161,1.0,9,9,719
nm0161149,1.0,9,9,327
nm5243426,1.623936,17,18,1339
nm1250821,0.877139,9,9,43
nm2026324,0.883852,9,9,1216
nm1453507,1.623936,17,18,1339
nm10322429,1.604061,16,18,955
nm10322437,0.870558,9,9,954
nm10322424,0.870558,9,9,954
nm10322423,0.870558,9,9,954
nm10369268,0.870558,9,9,955
nm12875601,0.870558,9,9,955
nm10457000,0.935367,9,9,503
nm6823241,0.935367,9,9,503
nm3008846,0.935367,9,9,503
nm3201028,0.935367,9,9,503
nm5031311,0.935367,9,9,503
nm10322976,0.935367,9,9,503
nm0438829,0.896924,9,9,111
nm10328082,1.0,9,9,918
nm1855370,1.0,9,9,956
nm10323692,1.0,9,9,956
nm10323693,1.0,9,9,956
nm10323694,1.0,9,9,956
nm8524845,1.0,9,9,957
nm8186095,1.0,9,9,957
nm1343925,1.0,9,9,917
nm10325302,1.0,9,9,917
nm0308182,0.911985,9,9,11
nm9279134,1.0,9,9,959
nm9279115,1.0,9,9,959
nm10337100,1.0,9,9,960
nm5596939,1.0,9,9,960
nm10327830,1.0,9,9,960
nm3734986,1.0,9,9,960
nm10327826,1.0,9,9,960
nm10328669,1.0,9,9,961
nm10328670,1.0,9,9,961
nm10331658,1.0,9,9,640
nm10333360,0.87749,9,9,966
nm7908412,0.87749,9,9,966
nm10333194,0.87749,9,9,966
nm10333193,1.617924,17,18,967
nm10333634,0.913706,9,9,969
nm9680896,0.913706,9,9,969
nm10333635,0.913706,9,9,969
nm10333628,0.913706,9,9,969
nm10334794,1.0,9,9,826
nm10334616,1.0,9,9,826
nm10334615,1.0,9,9,826
nm10974189,1.0,9,9,972
nm10474556,0.79537,9,9,11
nm6116954,0.809157,9,9,11
nm1572339,0.79537,9,9,11
nm9680903,0.913706,9,9,970
nm9680899,0.913706,9,9,970
nm10337379,1.0,9,9,974
nm4542067,1.0,9,9,974
nm10337378,1.0,9,9,974
nm12191663,1.0,9,9,975
nm8114202,1.0,9,9,975
nm5680219,1.0,9,9,975
nm9955427,1.0,9,9,975
nm12191661,1.0,9,9,975
nm1560269,0.874119,9,9,454
nm14111607,0.937401,9,9,454
nm14917817,0.937401,9,9,454
nm12081853,1.0,9,9,976
nm3626959,1.0,9,9,976
nm10339101,1.0,9,9,977
nm10339104,1.0,9,9,977
nm10339100,1.0,9,9,977
nm10339743,0.871246,9,9,13
nm2273524,0.871246,9,9,13
nm3545485,1.0,9,9,651
nm14869367,1.0,9,9,649
nm1555699,1.0,9,9,978
nm10342543,1.0,9,9,779
nm4472514,1.0,9,9,207
nm10341410,0.944863,9,9,24
nm5254274,1.77665,18,18,979
nm5644789,0.956853,9,9,979
nm12239800,0.956853,9,9,979
nm10570110,1.0,9,9,943
nm9925161,0.956853,9,9,980
nm10342515,0.956853,9,9,980
nm10344249,1.0,9,9,473
nm17664833,1.0,9,9,982
nm12758756,1.0,9,9,982
nm10344339,1.0,9,9,982
nm4763789,1.582042,18,18,23
nm5261525,0.895561,9,9,23
nm10362309,1.0,9,9,983
nm10362306,1.0,9,9,983
nm9734519,1.0,9,9,983
nm8668984,1.0,9,9,728
nm7044343,0.956853,9,9,601
nm5568287,1.0,9,9,984
nm10347946,1.0,9,9,984
nm10349458,0.805059,9,9,985
nm7565565,1.473063,15,18,985
nm10349455,0.805059,9,9,985
nm10349596,1.0,9,9,986
nm10349598,1.0,9,9,986
nm10349866,0.874119,9,9,454
nm10350172,1.0,9,9,987
nm10350143,1.0,9,9,987
nm10402248,0.913706,9,9,989
nm3078064,1.0,9,9,992
nm10350935,1.0,9,9,992
nm5987639,1.0,9,9,993
nm10352265,1.0,9,9,993
nm1272031,0.936588,9,9,23
nm7086305,1.0,9,9,994
nm7878094,1.0,9,9,994
nm6792763,1.0,9,9,994
nm10354180,1.0,9,9,994
nm10577923,1.0,9,9,996
nm8807133,1.0,9,9,996
nm10356449,0.889034,9,9,114
nm2665952,0.889034,9,9,114
nm10356448,0.889034,9,9,114
nm7145730,0.889034,9,9,114
nm4447609,0.856524,9,9,13
nm9279339,0.856524,9,9,13
nm10357865,0.856524,9,9,13
nm10358000,1.0,9,9,999
nm2148934,1.0,9,9,999
nm1035854,1.698753,18,18,152
nm6820878,1.0,9,9,1000
nm11329581,1.0,9,9,1000
nm11329583,1.0,9,9,1000
nm6045967,1.0,9,9,730
nm5916265,1.0,9,9,730
nm10666412,1.0,9,9,538
nm5764657,1.0,9,9,612
nm10345797,1.0,9,9,983
nm10362804,1.0,9,9,998
nm10362812,1.0,9,9,998
nm10362808,1.0,9,9,998
nm7837890,0.747486,9,9,740
nm0836729,0.941236,9,9,11
nm10556923,1.0,9,9,1004
nm4929338,1.0,9,9,1004
nm10564098,1.0,9,9,1004
nm10572150,1.0,9,9,1004
nm10364391,1.0,9,9,1005
nm8616457,1.0,9,9,1005
nm8958982,1.0,9,9,1005
nm9680571,1.0,9,9,1005
nm8531626,1.0,9,9,1006
nm10364605,1.0,9,9,1006
nm12083607,1.740434,18,18,273
nm11351102,0.949921,9,9,273
nm10364894,0.949921,9,9,273
nm8957493,0.949921,9,9,273
nm10364893,0.949921,9,9,273
nm3814559,0.927569,9,9,273
nm10024620,1.0,9,9,637
nm0155978,1.0,9,9,315
nm10366903,0.928552,9,9,114
nm8723487,1.0,9,9,1009
nm10469117,1.0,9,9,1009
nm1246284,1.0,9,9,1009
nm10369309,1.0,9,9,1010
nm3556658,1.0,9,9,1010
nm2987035,1.0,9,9,1010
nm7078703,1.0,9,9,1011
nm10369439,1.0,9,9,1012
nm11669773,1.0,9,9,1012
nm8500959,1.0,9,9,1012
nm10369438,1.0,9,9,1012
nm5690899,1.0,9,9,1013
nm5519448,1.0,9,9,1014
nm2584277,1.0,9,9,1014
nm2785730,0.902447,9,9,737
nm2415415,1.0,9,9,1019
nm6922643,1.0,9,9,1019
nm10373761,1.0,9,9,1019
nm10376622,1.638567,18,18,11
nm9015727,0.930978,9,9,13
nm9986834,0.930978,9,9,13
nm10376624,0.930978,9,9,13
nm10802349,0.844644,9,9,11
nm2956022,0.844644,9,9,11
nm5267231,0.844644,9,9,11
nm0497901,1.0,9,9,506
nm6537344,1.0,9,9,1021
nm7753033,1.0,9,9,1021
nm1784670,1.0,9,9,1021
nm10378909,1.0,9,9,1022
nm4558440,1.0,9,9,1022
nm10378900,1.0,9,9,1022
nm8298591,1.0,9,9,1023
nm10379060,1.0,9,9,1023
nm10379062,1.0,9,9,1023
nm10379066,1.0,9,9,1023
nm10379067,1.0,9,9,1023
nm10379063,1.0,9,9,1023
nm9970377,1.0,9,9,1024
nm10396007,1.0,9,9,1024
nm10641638,1.0,9,9,1025
nm10641637,1.0,9,9,1025
nm10379924,1.0,9,9,1025
nm10381424,1.0,9,9,1026
nm10381412,1.0,9,9,1026
nm10381408,1.0,9,9,1026
nm5959275,1.0,9,9,1027
nm10462017,1.0,9,9,1027
nm11469458,1.0,9,9,1027
nm10381539,1.0,9,9,908
nm10381531,1.0,9,9,908
nm9326456,1.0,9,9,1029
nm11892029,1.0,9,9,1030
nm10396377,1.0,9,9,1030
nm10396380,1.0,9,9,1030
nm6801935,0.956853,9,9,551
nm2440239,0.956853,9,9,551
nm9106640,0.956853,9,9,551
nm10383831,0.956853,9,9,551
nm10384353,1.0,9,9,1032
nm10406050,1.0,9,9,1032
nm5258595,1.0,9,9,1032
nm4994139,0.827411,9,9,563
nm8547014,0.827411,9,9,271
nm10455286,1.0,9,9,1034
nm10455301,1.0,9,9,1034
nm9806166,1.0,9,9,1034
nm10400159,1.0,9,9,1034
nm10385402,1.0,9,9,1035
nm10385405,1.0,9,9,1035
nm10385409,1.0,9,9,1035
nm10385412,1.0,9,9,1035
nm10385406,1.0,9,9,1035
nm10385413,1.0,9,9,1035
nm10385399,1.0,9,9,1035
nm10385454,1.0,9,9,468
nm8499556,0.956853,9,9,642
nm10385932,0.956853,9,9,642
nm7386083,0.837142,9,9,33
nm8917865,0.956853,9,9,775
nm10411435,1.0,9,9,1041
nm10392806,0.855287,9,9,882
nm10390405,1.0,9,9,1042
nm10390411,1.0,9,9,1042
nm3101031,1.0,9,9,1042
nm7174160,1.0,9,9,1042
nm10390406,1.0,9,9,1042
nm10390404,1.0,9,9,1042
nm7840514,0.937065,9,9,126
nm10392025,1.0,9,9,1043
nm10392023,1.0,9,9,1043
nm10392022,1.0,9,9,1043
nm7390318,1.0,9,9,1044
nm10393795,1.0,9,9,246
nm10395068,1.0,9,9,1046
nm10395062,1.0,9,9,1046
nm10395066,1.0,9,9,1046
nm10395059,1.0,9,9,1046
nm2777800,0.938969,9,9,137
nm10280146,1.0,9,9,900
nm8254972,1.0,9,9,1048
nm7681636,1.0,9,9,1048
nm10451631,1.0,9,9,865
nm5493006,1.0,9,9,612
nm0913843,0.908055,9,9,110
nm5800241,0.908055,9,9,110
nm3753249,0.908055,9,9,110
nm0051224,0.956853,9,9,214
nm10483887,0.913706,9,9,989
nm10403409,1.0,9,9,1053
nm10403410,1.0,9,9,1053
nm10403418,1.0,9,9,1053
nm3851766,1.0,9,9,1053
nm10403420,1.0,9,9,1053
nm1040365,0.864186,9,9,11
nm8560414,0.881046,9,9,1054
nm9014660,0.881046,9,9,1054
nm3545407,1.730072,18,18,23
nm10404560,0.918962,9,9,23
nm1101158,0.948165,9,9,23
nm14002879,0.948165,9,9,23
nm3142212,0.927569,9,9,317
nm2381318,0.927569,9,9,317
nm10384189,1.0,9,9,1032
nm11638996,1.0,9,9,1055
nm1167988,0.802839,9,9,86
nm4304342,0.802839,9,9,86
nm5839529,0.721127,9,9,86
nm7605608,1.387472,18,18,86
nm1207049,0.810351,9,9,19
nm3420858,0.852039,9,9,19
nm9159017,0.883367,9,9,11
nm5657066,0.883367,9,9,11
nm10406709,0.883367,9,9,11
nm10406717,0.866527,9,9,1057
nm2195938,1.0,9,9,423
nm8288376,0.680911,9,9,1058
nm2324284,0.680911,9,9,1058
nm4975560,1.205495,14,18,1058
nm10464249,1.0,9,9,1050
nm9587538,1.0,9,9,1050
nm9991320,1.0,9,9,1050
nm10407123,1.0,9,9,1050
nm4270327,1.0,9,9,1060
nm10511950,0.640078,9,9,113
nm6122015,0.640078,9,9,113
nm1845696,0.956853,9,9,155
nm7723888,0.956853,9,9,155
nm3590037,0.956853,9,9,155
nm10408592,0.956853,9,9,155
nm10409081,1.0,9,9,585
nm0406919,0.879003,9,9,522
nm4936584,0.857763,9,9,114
nm7028977,0.913706,9,9,1065
nm3719585,0.913706,9,9,1065
nm10474986,0.78986,9,9,11
nm7835118,1.0,9,9,1041
nm4331023,0.913729,9,9,11
nm0217709,0.935481,9,9,2
nm2058024,1.0,9,9,523
nm10412586,0.68154,9,9,113
nm11018594,1.0,9,9,1067
nm11130700,1.0,9,9,1067
nm11140645,1.0,9,9,1067
nm11130701,1.0,9,9,1067
nm3055344,1.0,9,9,1068
nm3534819,1.0,9,9,1068
nm10707726,0.956853,9,9,810
nm6831108,0.956853,9,9,810
nm10714639,0.956853,9,9,810
nm10052455,1.0,9,9,778
nm8178775,1.0,9,9,1069
nm10418805,1.0,9,9,1072
nm10418809,1.0,9,9,1072
nm10418802,1.0,9,9,1072
nm10418801,1.0,9,9,1072
nm1295237,1.0,9,9,1073
nm2698053,1.0,9,9,1073
nm10419130,1.0,9,9,1073
nm10144763,1.0,9,9,811
nm10419382,1.0,9,9,1074
nm10419384,1.0,9,9,1074
nm10419373,1.0,9,9,1074
nm4538137,0.893672,9,9,114
nm2481000,0.843643,9,9,1054
nm10425075,1.0,9,9,1077
nm10425082,1.0,9,9,1077
nm10454016,1.0,9,9,1077
nm10447831,1.0,9,9,1077
nm10425080,1.0,9,9,1077
nm10976095,0.956853,9,9,1078
nm10425134,0.956853,9,9,1078
nm10975965,0.956853,9,9,1078
nm10425798,1.0,9,9,1079
nm10425796,1.0,9,9,1079
nm7416896,1.0,9,9,1081
nm9985811,1.0,9,9,1081
nm11496325,1.0,9,9,1082
nm4602902,1.0,9,9,1082
nm10427151,0.927218,9,9,19
nm6120753,0.927218,9,9,19
nm7528716,0.927218,9,9,19
nm4167785,0.927218,9,9,19
nm10427468,1.0,9,9,1084
nm10427469,1.0,9,9,1084
nm8997079,1.0,9,9,1084
nm10427471,1.0,9,9,1084
nm5796586,0.956853,9,9,497
nm1466801,0.956853,9,9,497
nm3059268,0.956853,9,9,497
nm5627980,0.956853,9,9,497
nm10417793,1.0,9,9,1069
nm10429832,1.0,9,9,1088
nm10429840,1.0,9,9,1088
nm10429837,1.0,9,9,1088
nm10429838,1.0,9,9,1088
nm10429835,1.0,9,9,1088
nm1855651,1.0,9,9,1089
nm9878298,1.0,9,9,1089
nm2488896,1.0,9,9,1089
nm2564837,1.0,9,9,1089
nm1728878,1.0,9,9,1089
nm5271239,0.908828,9,9,240
nm1727243,0.908828,9,9,240
nm2809289,0.956853,9,9,1083
nm10436379,0.956853,9,9,1083
nm10436380,0.956853,9,9,1083
nm7363265,1.0,9,9,1092
nm10440586,1.0,9,9,1092
nm10431282,1.0,9,9,1093
nm10431287,1.0,9,9,1093
nm10431278,1.0,9,9,1093
nm6934209,1.0,9,9,905
nm3739690,1.0,9,9,905
nm4949417,1.653764,18,18,310
nm10433006,1.0,9,9,814
nm10433007,1.0,9,9,814
nm10433009,1.0,9,9,814
nm9067343,1.0,9,9,814
nm10433002,1.0,9,9,814
nm10434423,1.0,9,9,751
nm10434426,1.0,9,9,751
nm7636308,1.0,9,9,912
nm1166328,1.0,9,9,807
nm8677722,1.0,9,9,807
nm10434309,1.0,9,9,807
nm10434425,1.0,9,9,751
nm2807024,1.0,9,9,1095
nm10434499,1.0,9,9,1095
nm2808410,1.0,9,9,1095
nm2810374,1.0,9,9,1095
nm10434495,1.0,9,9,1095
nm10434855,0.718962,9,9,176
nm1505297,0.927569,9,9,519
nm8446720,0.927569,9,9,519
nm1724705,0.927569,9,9,519
nm10435803,0.927569,9,9,519
nm7984876,0.889127,9,9,1054
nm10436382,0.956853,9,9,1083
nm10451474,0.956853,9,9,1083
nm10451472,0.956853,9,9,1083
nm10451473,0.956853,9,9,1083
nm12052709,1.0,9,9,1048
nm10436818,1.0,9,9,1096
nm9299265,1.0,9,9,1096
nm2008680,1.0,9,9,1096
nm10436817,1.0,9,9,1096
nm4971632,1.0,9,9,1097
nm10437237,1.0,9,9,1098
nm10437230,1.0,9,9,1098
nm10437295,1.0,9,9,1099
nm12474071,1.0,9,9,1099
nm4161453,1.0,9,9,486
nm1392985,1.0,9,9,486
nm10437839,1.0,9,9,486
nm10442609,1.0,9,9,1100
nm1167890,0.868366,9,9,23
nm3278434,0.868366,9,9,23
nm3254964,0.868366,9,9,23
nm2346095,1.637222,18,18,23
nm9735132,0.868366,9,9,23
nm10437925,0.868366,9,9,23
nm10438091,0.882163,9,9,1102
nm13723113,0.882163,9,9,1102
nm6063058,0.869497,9,9,1294
nm12671842,0.869497,9,9,1294
nm9095108,1.0,9,9,1103
nm10438101,1.0,9,9,1103
nm7889014,0.911618,9,9,23
nm1276929,0.911618,9,9,23
nm1251511,0.911618,9,9,23
nm1252181,0.911618,9,9,23
nm10438506,0.911618,9,9,23
nm6621006,1.0,9,9,1106
nm5548677,1.0,9,9,1106
nm11661109,1.0,9,9,1092
nm10442610,1.0,9,9,1100
nm10442544,1.0,9,9,1107
nm10676625,1.0,9,9,1107
nm10676624,1.0,9,9,1107
nm10676621,1.0,9,9,1107
nm13344992,1.0,9,9,1108
nm1998117,1.0,9,9,1108
nm6847783,1.0,9,9,672
nm6902810,1.0,9,9,672
nm10443338,1.0,9,9,672
nm1208035,1.0,9,9,1109
nm3281314,1.0,9,9,1109
nm9371560,1.0,9,9,1109
nm2649764,1.0,9,9,1109
nm9804355,1.0,9,9,149
nm10446125,0.903814,9,9,1111
nm8633981,0.903814,9,9,1111
nm9639687,0.888423,9,9,707
nm10446127,0.903814,9,9,1111
nm10447862,1.0,9,9,1044
nm3381527,1.0,9,9,372
nm1493738,1.0,9,9,372
nm10448083,1.0,9,9,372
nm1687434,1.0,9,9,1113
nm3530581,1.0,9,9,1113
nm10448672,1.0,9,9,694
nm12793415,0.927569,9,9,820
nm10449224,1.0,9,9,1114
nm9222424,1.0,9,9,1114
nm10449217,1.0,9,9,1114
nm6699391,1.0,9,9,769
nm7618018,1.0,9,9,769
nm10449603,1.0,9,9,886
nm5884959,1.0,9,9,224
nm10445501,1.0,9,9,972
nm3459781,0.763427,9,9,739
nm10450559,0.763427,9,9,739
nm10561901,1.0,9,9,1117
nm10561899,1.0,9,9,1117
nm10561900,1.0,9,9,1117
nm10436387,0.956853,9,9,1083
nm9933536,1.0,9,9,791
nm9933534,1.0,9,9,791
nm9933532,1.0,9,9,791
nm10229753,1.0,9,9,850
nm10453517,0.870558,9,9,1119
nm2803584,0.870558,9,9,1119
nm8573878,1.0,9,9,1124
nm10459749,0.601119,9,9,113
nm8502325,1.0,9,9,855
nm4367523,1.0,9,9,1126
nm6850360,1.0,9,9,1126
nm7816583,1.0,9,9,1126
nm4775102,1.0,9,9,1126
nm10456065,1.0,9,9,741
nm9086738,1.0,9,9,766
nm10456640,1.0,9,9,766
nm5097504,1.0,9,9,91
nm10457993,1.0,9,9,933
nm12129669,0.813901,9,9,111
nm1471547,2.190544,26,27,1340
nm10458976,0.813901,9,9,111
nm10540509,0.833039,9,9,111
nm1367819,0.833039,9,9,111
nm12969035,0.833039,9,9,111
nm10459415,1.428648,14,18,1130
nm10459421,0.782763,9,9,68
nm10459419,0.782763,9,9,68
nm7260890,0.949921,9,9,50
nm9316717,1.0,9,9,1134
nm10461346,1.0,9,9,1134
nm8570283,0.855501,9,9,754
nm10461999,1.0,9,9,630
nm10629831,1.0,9,9,1027
nm10940767,1.0,9,9,1135
nm10462660,1.0,9,9,1135
nm5612941,1.0,9,9,1135
nm10462658,1.0,9,9,1135
nm10464079,1.0,9,9,1136
nm10691775,1.0,9,9,1136
nm10691774,1.0,9,9,1136
nm4389614,1.0,9,9,266
nm7946606,1.0,9,9,1137
nm10464709,1.0,9,9,1137
nm10496839,0.892631,9,9,114
nm10496843,0.892631,9,9,114
nm10467151,1.0,9,9,391
nm8743660,1.0,9,9,1138
nm7648974,1.0,9,9,1138
nm10467931,1.0,9,9,1138
nm10482620,1.0,9,9,1139
nm8363024,1.0,9,9,1139
nm10468304,1.0,9,9,1139
nm10367051,1.0,9,9,1009
nm3138990,0.946426,9,9,114
nm9762528,0.946426,9,9,114
nm10469272,0.946426,9,9,114
nm9851356,1.0,9,9,1140
nm9851359,1.0,9,9,1140
nm10471979,1.0,9,9,1140
nm6492049,0.944246,9,9,59
nm12383623,1.0,9,9,1141
nm3298803,1.0,9,9,1141
nm15739660,1.0,9,9,1141
nm2957276,1.0,9,9,1141
nm0197582,0.825362,9,9,11
nm7309931,1.0,9,9,1143
nm7864849,1.0,9,9,1143
nm10471878,1.0,9,9,1143
nm10472113,1.0,9,9,849
nm10472114,1.0,9,9,849
nm2816155,1.0,9,9,849
nm10472118,1.0,9,9,849
nm10472119,1.0,9,9,849
nm10472112,1.0,9,9,849
nm0317809,1.0,9,9,461
nm8158574,1.0,9,9,894
nm4340395,0.809877,9,9,13
nm2983727,0.809877,9,9,13
nm10474525,0.809877,9,9,13
nm10475048,1.0,9,9,285
nm9160448,1.0,9,9,1146
nm9282737,1.0,9,9,1146
nm4914311,0.956853,9,9,597
nm3560079,0.956853,9,9,597
nm1021083,1.77665,18,18,689
nm17590464,1.0,9,9,733
nm4340468,0.948206,9,9,11
nm6713699,1.0,9,9,1150
nm9099302,1.0,9,9,1150
nm8432167,0.88132,9,9,114
nm9321612,0.88132,9,9,114
nm1139191,1.0,9,9,794
nm10079481,1.0,9,9,794
nm10930248,1.0,9,9,794
nm3861562,1.0,9,9,1151
nm5495474,1.0,9,9,1151
nm11489855,1.0,9,9,1151
nm10479921,1.0,9,9,1151
nm8048846,1.0,9,9,1152
nm10486122,1.0,9,9,1153
nm6657869,1.0,9,9,1153
nm7575303,1.0,9,9,1153
nm10991896,1.0,9,9,1154
nm7104213,1.0,9,9,1154
nm6569498,1.0,9,9,1154
nm9706559,1.0,9,9,1154
nm10482386,0.930241,9,9,86
nm6359327,0.956853,9,9,676
nm10483665,1.0,9,9,1155
nm10483666,1.0,9,9,1155
nm9640230,1.0,9,9,1155
nm9640227,1.0,9,9,1155
nm6647913,1.0,9,9,1153
nm0311405,1.0,9,9,455
nm1459739,1.014679,9,18,690
nm3684772,1.014679,9,18,690
nm0766316,1.014679,9,18,690
nm10484904,1.014679,9,18,690
nm10485138,1.0,9,9,889
nm10485137,1.0,9,9,889
nm10479195,1.0,9,9,1150
nm5034270,1.0,9,9,1156
nm3349081,1.0,9,9,1156
nm10486787,0.757667,9,9,110
nm6669486,0.91653,9,9,68
nm10487111,1.0,9,9,1157
nm9739063,1.0,9,9,1157
nm9220491,1.0,9,9,1157
nm8910981,0.679175,9,9,113
nm7898975,0.628701,9,9,113
nm0106169,0.956853,9,9,277
nm10454587,1.0,9,9,1123
nm9311744,1.0,9,9,1123
nm0422567,1.0,9,9,536
nm3613838,0.948678,9,9,323
nm5417081,0.948678,9,9,323
nm10488759,0.948678,9,9,323
nm4232450,0.917756,9,9,1
nm10496478,1.0,9,9,1158
nm10496479,1.0,9,9,1158
nm10489715,1.0,9,9,1158
nm10496483,1.0,9,9,1158
nm10498054,1.0,9,9,1158
nm10442568,1.0,9,9,1108
nm10491031,0.956853,9,9,35
nm10491055,1.0,9,9,813
nm10491065,1.0,9,9,813
nm10491237,1.0,9,9,1159
nm9632514,1.0,9,9,1159
nm10491232,1.0,9,9,1159
nm2948970,1.0,9,9,94
nm10494475,0.956853,9,9,1070
nm7161690,0.956853,9,9,1070
nm10492241,1.0,9,9,997
nm10492298,0.861555,9,9,11
nm10492515,1.0,9,9,1162
nm10492516,1.0,9,9,1162
nm10873385,1.0,9,9,1162
nm6314578,1.0,9,9,1162
nm10492519,1.0,9,9,1162
nm10492513,1.0,9,9,1162
nm10493367,1.0,9,9,1164
nm8241978,1.0,9,9,1164
nm8547970,1.0,9,9,1164
nm2753207,1.0,9,9,1164
nm10493365,1.0,9,9,1164
nm7599147,1.0,9,9,479
nm11322753,0.909238,9,9,23
nm10497713,0.956853,9,9,1070
nm10240449,1.0,9,9,858
nm9090068,1.0,9,9,1166
nm8229113,1.0,9,9,1166
nm10489719,1.0,9,9,1158
nm10496618,1.0,9,9,1167
nm10496614,1.0,9,9,1167
nm10496613,1.0,9,9,1167
nm10496665,0.878765,9,9,113
nm10464890,0.892631,9,9,114
nm10497419,1.0,9,9,1168
nm10497417,1.0,9,9,1168
nm10571885,1.0,9,9,1169
nm9105280,1.0,9,9,1171
nm2315650,1.0,9,9,1171
nm5926117,1.0,9,9,887
nm9617210,0.927569,9,9,1161
nm4741907,0.927569,9,9,1161
nm6585854,0.949921,9,9,1161
nm2432715,0.956853,9,9,1176
nm7963859,0.956853,9,9,1176
nm8328803,1.77665,18,18,1176
nm4610347,0.956853,9,9,1176
nm12481233,0.956853,9,9,1176
nm12569449,1.0,9,9,1177
nm10506112,1.0,9,9,1179
nm10506111,1.0,9,9,1179
nm10506331,1.0,9,9,836
nm7407110,1.0,9,9,1180
nm6605759,1.0,9,9,1180
nm5287344,1.0,9,9,1180
nm10507872,1.0,9,9,1180
nm8139148,1.740434,18,18,1161
nm3977038,1.0,9,9,1181
nm10978660,1.0,9,9,1181
nm10508474,1.0,9,9,1182
nm10508473,1.0,9,9,1182
nm10508462,1.0,9,9,1182
nm10511274,1.0,9,9,1184
nm10511270,1.0,9,9,1184
nm9447347,1.0,9,9,776
nm2701752,1.0,9,9,776
nm8409908,1.0,9,9,806
nm9443664,1.0,9,9,1112
nm4985651,1.0,9,9,1112
nm4080199,1.0,9,9,1112
nm10512522,1.0,9,9,1112
nm10521135,0.956853,9,9,1186
nm10521138,0.956853,9,9,1186
nm10521141,0.956853,9,9,1186
nm10514448,0.956853,9,9,1186
nm8924147,0.956853,9,9,1186
nm6811511,0.956853,9,9,601
nm3643886,0.956853,9,9,601
nm8704001,1.0,9,9,1188
nm11364603,1.0,9,9,1188
nm11364605,1.0,9,9,1188
nm10516256,1.0,9,9,335
nm6713842,1.0,9,9,335
nm10516255,1.0,9,9,335
nm10516440,1.0,9,9,1189
nm10516438,1.0,9,9,1189
nm10516439,1.0,9,9,1189
nm1061914,1.0,9,9,1189
nm10516433,1.0,9,9,1189
nm10516625,1.0,9,9,1190
nm10516622,1.0,9,9,1190
nm10516626,1.0,9,9,1190
nm10516612,1.0,9,9,1190
nm4223773,1.0,9,9,447
nm10518009,1.0,9,9,1191
nm10518003,1.0,9,9,1191
nm8584475,1.0,9,9,1191
nm7583179,1.428648,14,18,1193
nm2076576,0.782763,9,9,1192
nm10519748,0.782941,9,9,1193
nm9240678,0.782763,9,9,1192
nm1802022,1.428648,14,18,1193
nm10518659,0.91653,9,9,1192
nm9240675,0.91653,9,9,1192
nm10518657,0.91653,9,9,1192
nm10519169,1.0,9,9,1194
nm10530470,1.0,9,9,1195
nm12406100,1.0,9,9,1195
nm12406099,1.0,9,9,1195
nm9925907,1.0,9,9,1195
nm10528992,1.0,9,9,1195
nm10520206,1.0,9,9,1196
nm6956770,1.0,9,9,1196
nm10520199,1.0,9,9,1196
nm10520333,1.0,9,9,1197
nm10520328,1.0,9,9,1197
nm6606945,1.0,9,9,1199
nm9641743,1.0,9,9,1199
nm10521134,0.956853,9,9,1186
nm2545346,1.628877,18,18,111
nm12154127,0.893249,9,9,111
nm9907012,0.893249,9,9,111
nm5873655,0.938133,9,9,596
nm6826725,0.938133,9,9,596
nm10522900,1.0,9,9,1201
nm11689545,1.0,9,9,1201
nm5272429,1.0,9,9,1201
nm10522899,1.0,9,9,1201
nm11676838,0.911087,9,9,220
nm2156120,0.911087,9,9,220
nm9906550,1.0,9,9,1202
nm10523455,1.0,9,9,1202
nm10523453,1.0,9,9,1202
nm12071390,1.0,9,9,1202
nm8991888,1.0,9,9,1202
nm10523451,1.0,9,9,1202
nm10523730,1.0,9,9,1203
nm6838228,1.0,9,9,1203
nm7760239,1.0,9,9,1203
nm7112244,0.936842,9,9,240
nm10389188,0.936842,9,9,240
nm3170416,0.936842,9,9,240
nm1052408,0.936842,9,9,240
nm10648721,0.956853,9,9,481
nm10525926,1.0,9,9,1204
nm10525924,1.0,9,9,1204
nm10525927,1.0,9,9,1204
nm10527339,1.0,9,9,1206
nm10527338,1.0,9,9,1206
nm2248524,1.0,9,9,1206
nm10527340,1.0,9,9,1206
nm10528045,1.0,9,9,330
nm10560372,1.0,9,9,1208
nm10529307,1.0,9,9,1208
nm18626626,1.0,9,9,1209
nm10530279,1.0,9,9,1209
nm9520900,1.0,9,9,1210
nm10531360,1.0,9,9,1210
nm10531362,1.0,9,9,1210
nm5243813,1.0,9,9,1210
nm10533868,1.0,9,9,1211
nm10533871,1.0,9,9,1211
nm10531566,1.0,9,9,1211
nm10583457,1.0,9,9,381
nm6670015,1.0,9,9,1212
nm7559888,1.0,9,9,1212
nm10359262,1.0,9,9,538
nm7487526,0.913706,9,9,701
nm5171591,0.856039,9,9,11
nm2225545,1.743744,20,27,1364
nm10532734,0.680911,9,9,1058
nm10532893,1.0,9,9,1215
nm10548028,1.0,9,9,1215
nm10556900,1.0,9,9,799
nm10532989,1.0,9,9,799
nm9614890,0.821686,9,9,111
nm9824316,0.821686,9,9,111
nm2695609,0.932328,9,9,890
nm1579619,0.932328,9,9,890
nm10535978,0.932328,9,9,890
nm6289365,0.694682,9,9,113
nm9928692,0.694682,9,9,113
nm5944786,0.694682,9,9,113
nm10536356,1.0,9,9,1219
nm10536358,1.0,9,9,1219
nm10536355,1.0,9,9,1219
nm4345486,1.0,9,9,573
nm10536990,1.0,9,9,573
nm10537558,1.0,9,9,1220
nm10537550,1.0,9,9,1220
nm8695774,1.0,9,9,719
nm3533508,1.593146,18,18,310
nm8898786,0.93759,9,9,669
nm10538079,0.93759,9,9,669
nm1817397,0.882889,9,9,142
nm7987902,1.0,9,9,631
nm9759669,1.0,9,9,631
nm10542696,1.0,9,9,631
nm12560133,1.0,9,9,1221
nm11796883,1.0,9,9,1221
nm10542778,1.0,9,9,1221
nm7464790,1.0,9,9,1222
nm8316861,1.0,9,9,1222
nm8808118,1.0,9,9,1222
nm10551732,1.0,9,9,1223
nm13234489,1.0,9,9,1223
nm13234492,1.0,9,9,1223
nm10551730,1.0,9,9,1223
nm9015191,1.0,9,9,786
nm10510879,1.0,9,9,923
nm2326144,0.956853,9,9,1224
nm5128169,0.956853,9,9,1224
nm2710534,1.0,9,9,859
nm6422858,1.0,9,9,1225
nm5065067,1.0,9,9,1225
nm1056936,1.0,9,9,1225
nm10341882,1.0,9,9,943
nm13403827,1.0,9,9,567
nm10355408,1.0,9,9,996
nm8024328,1.0,9,9,1226
nm4681019,1.0,9,9,1226
nm10581288,1.0,9,9,1226
nm5275352,1.0,9,9,1227
nm4821267,1.0,9,9,1227
nm10584440,1.0,9,9,1227
nm8794744,0.956853,9,9,760
nm9480183,1.0,9,9,1228
nm6112290,1.0,9,9,1228
nm10591019,1.0,9,9,1228
nm5233369,0.856936,9,9,348
nm7369305,1.0,9,9,1016
nm8121713,1.0,9,9,910
nm10615589,0.90977,9,9,1056
nm10615585,0.90977,9,9,1056
nm10786123,1.0,9,9,1229
nm10618712,0.948678,9,9,226
nm9246210,0.948678,9,9,226
nm10618711,0.948678,9,9,226
nm10619058,0.869925,9,9,1230
nm10619055,0.869925,9,9,1230
nm1182249,0.924792,9,9,111
nm12023545,0.863451,9,9,11
nm3391458,1.0,9,9,1231
nm3771077,1.0,9,9,1231
nm10626422,1.0,9,9,1231
nm10627025,1.0,9,9,656
nm10627020,1.0,9,9,656
nm12872449,0.895866,9,9,1232
nm15361931,0.895866,9,9,1232
nm12196143,0.895866,9,9,1232
nm3319531,1.0,9,9,1233
nm13423729,1.0,9,9,1233
nm0883783,1.0,9,9,397
nm6640263,1.0,9,9,403
nm1847329,1.0,9,9,1235
nm1796950,1.0,9,9,1235
nm10657368,1.0,9,9,186
nm10657090,1.0,9,9,186
nm8195186,0.820093,9,9,11
nm3861603,0.956853,9,9,1224
nm8185157,0.956853,9,9,1224
nm7819823,1.0,9,9,120
nm10678596,0.948678,9,9,163
nm10680112,1.0,9,9,1236
nm10680093,1.0,9,9,1236
nm10518152,0.849564,9,9,111
nm1982961,1.0,9,9,1237
nm8004316,1.0,9,9,1237
nm10683361,1.0,9,9,1237
nm5733634,1.0,9,9,934
nm7166121,1.0,9,9,934
nm0348856,1.0,9,9,476
nm10690676,1.0,9,9,1238
nm10707771,1.0,9,9,1238
nm9103034,1.0,9,9,1238
nm10707772,1.0,9,9,1238
nm1960306,0.852313,9,9,11
nm10701006,0.93297,9,9,23
nm10699271,0.93297,9,9,23
nm10700050,0.93297,9,9,23
nm10695654,0.93297,9,9,23
nm10701628,1.0,9,9,1144
nm7776185,1.0,9,9,1144
nm12498795,0.892006,9,9,1054
nm6170452,0.892006,9,9,1054
nm12498791,0.892006,9,9,1054
nm10006242,1.0,9,9,340
nm0810619,0.956853,9,9,698
nm10813433,0.933939,9,9,310
nm10813428,0.933939,9,9,310
nm1728487,1.653384,18,18,310
nm10813419,0.933939,9,9,310
nm10813425,0.933939,9,9,310
nm6142895,0.856501,9,9,310
nm3351988,1.0,9,9,1244
nm3353760,0.750385,9,9,11
nm0055185,1.0,9,9,223
nm10548891,1.0,9,9,1222
nm7280310,1.0,9,9,1245
nm8069289,1.0,9,9,1245
nm8069295,1.0,9,9,1245
nm10723888,1.0,9,9,1245
nm10760750,1.0,9,9,1163
nm12805105,0.956853,9,9,1247
nm13582282,0.956853,9,9,1247
nm13582281,0.956853,9,9,1247
nm10814833,0.956853,9,9,1247
nm1359508,0.956853,9,9,1247
nm13080862,0.956853,9,9,1247
nm11591459,1.0,9,9,1075
nm7483869,1.0,9,9,1075
nm8152221,1.0,9,9,1075
nm7108471,1.0,9,9,1075
nm6845066,1.599691,18,18,11
nm10805796,0.922314,9,9,11
nm10805771,0.922314,9,9,11
nm10805800,0.922314,9,9,11
nm4931869,1.0,9,9,828
nm7197043,1.0,9,9,828
nm11534592,1.0,9,9,828
nm10744376,1.0,9,9,828
nm10857288,1.0,9,9,1160
nm1580188,0.927569,9,9,99
nm3537172,1.740434,18,18,99
nm3623005,0.939889,9,9,110
nm10760764,1.0,9,9,1163
nm6745902,0.908116,9,9,111
nm2208151,0.908116,9,9,111
nm2932485,0.908116,9,9,111
nm10767801,0.908116,9,9,111
nm5108056,0.956853,9,9,1224
nm9812639,0.949921,9,9,1161
nm16267071,1.0,9,9,1243
nm11661997,1.0,9,9,1243
nm11536161,1.0,9,9,1229
nm10523205,0.911087,9,9,220
nm6836376,0.827411,9,9,1248
nm6836381,1.517766,15,18,1248
nm1591927,0.827411,9,9,1248
nm10803020,1.517766,15,18,1248
nm10804527,1.0,9,9,1249
nm7082239,1.0,9,9,1249
nm1246724,1.0,9,9,1251
nm10827607,1.0,9,9,1251
nm10827605,1.0,9,9,1251
nm3816187,0.856356,9,9,56
nm1116863,0.856356,9,9,56
nm9260017,1.0,9,9,1252
nm3108930,1.0,9,9,1252
nm10828710,1.0,9,9,1252
nm6002483,1.0,9,9,1242
nm6010224,1.0,9,9,1242
nm8308484,0.943792,9,9,559
nm1717476,1.645459,18,18,55
nm5739775,1.0,9,9,1253
nm8582532,1.0,9,9,1253
nm8293941,0.956853,9,9,1078
nm6887616,0.956853,9,9,1078
nm16263933,0.918878,9,9,6
nm8526961,1.0,9,9,686
nm3390761,1.0,9,9,1160
nm8699770,1.0,9,9,963
nm5384297,1.0,9,9,963
nm12385553,0.923685,9,9,19
nm12385566,0.923685,9,9,19
nm8828462,1.0,9,9,1255
nm10864669,1.0,9,9,1255
nm10866343,1.0,9,9,1256
nm10866357,1.0,9,9,1256
nm7290010,1.0,9,9,1256
nm10866383,1.0,9,9,1256
nm15750700,0.919545,9,9,23
nm6041418,0.948253,9,9,56
nm9432783,0.713667,9,9,113
nm9477979,0.713667,9,9,113
nm10883877,0.713667,9,9,113
nm9142675,0.956853,9,9,1257
nm10888785,0.956853,9,9,1257
nm9604380,1.0,9,9,734
nm13769757,1.0,9,9,1259
nm4355664,1.0,9,9,1259
nm10894110,1.0,9,9,1259
nm9955532,1.0,9,9,1241
nm11463444,1.0,9,9,1241
nm6229968,0.7839,9,9,11
nm8254696,1.0,9,9,1261
nm11062621,1.0,9,9,1261
nm10479710,1.0,9,9,794
nm10483049,0.956853,9,9,676
nm11660246,0.917328,9,9,596
nm3143249,0.917328,9,9,596
nm7931755,0.917328,9,9,596
nm9100847,0.870558,9,9,1263
nm6637778,0.870558,9,9,1263
nm7202786,0.870558,9,9,1263
nm2916966,0.898594,9,9,6
nm7853326,0.898594,9,9,6
nm12203733,1.0,9,9,1265
nm9352468,1.0,9,9,1265
nm12203722,1.0,9,9,1265
nm3432521,0.850825,9,9,231
nm8918470,0.850825,9,9,231
nm7662448,0.956853,9,9,1269
nm9753456,0.956853,9,9,1269
nm4659433,0.956853,9,9,1269
nm8639477,0.956853,9,9,1269
nm6583098,0.870558,9,9,1270
nm8657736,0.870558,9,9,1270
nm7562618,1.0,9,9,1154
nm5931659,0.876443,9,9,11
nm11533925,0.876443,9,9,11
nm8970347,1.0,9,9,1271
nm10999641,1.0,9,9,1271
nm10999642,1.0,9,9,1271
nm1100337,0.94137,9,9,4
nm8961397,0.946591,9,9,454
nm17163926,1.0,9,9,122
nm10413716,1.0,9,9,1067
nm11025967,1.0,9,9,1272
nm11025966,1.0,9,9,1272
nm7306001,0.915586,9,9,110
nm11034583,0.915586,9,9,110
nm11034913,1.0,9,9,1273
nm2197711,1.0,9,9,1273
nm11034834,1.0,9,9,1273
nm2217791,1.0,9,9,947
nm10919941,1.0,9,9,1261
nm7063893,1.0,9,9,1276
nm11112408,1.0,9,9,1276
nm11075886,1.0,9,9,1276
nm10279921,1.0,9,9,899
nm7029055,1.618864,18,18,23
nm8290316,0.956853,9,9,1257
nm11248535,0.956853,9,9,1257
nm8018636,0.956853,9,9,1257
nm9781745,0.956853,9,9,1257
nm11089187,0.956853,9,9,1257
nm4906331,0.956853,9,9,574
nm1732318,0.898105,9,9,619
nm1110009,0.898105,9,9,619
nm11283069,1.0,9,9,1277
nm11283067,1.0,9,9,1277
nm11283054,1.0,9,9,1277
nm11132165,0.956853,9,9,214
nm11132176,0.956853,9,9,214
nm8495592,0.956853,9,9,214
nm6379360,1.0,9,9,1278
nm11136098,1.0,9,9,1278
nm6897372,0.912562,9,9,23
nm1276093,0.912562,9,9,23
nm13511735,0.912562,9,9,23
nm5610356,0.912562,9,9,23
nm3464928,0.912562,9,9,23
nm3167599,0.946726,9,9,23
nm3120588,0.946726,9,9,23
nm7745464,0.946726,9,9,23
nm8182394,0.946726,9,9,23
nm4154502,0.913706,9,9,798
nm8198549,1.0,9,9,1279
nm11142300,1.0,9,9,1279
nm11685819,0.926369,9,9,43
nm8024299,0.926369,9,9,43
nm3441586,1.0,9,9,1280
nm11163697,1.0,9,9,1280
nm3006105,1.0,9,9,443
nm2120205,0.856356,9,9,56
nm2681362,0.893672,9,9,114
nm7619400,1.0,9,9,734
nm3087803,1.0,9,9,1281
nm11455245,1.0,9,9,1281
nm10769224,1.0,9,9,792
nm11476788,1.0,9,9,1285
nm9169541,1.0,9,9,1285
nm10516038,1.0,9,9,1188
nm6916108,0.948258,9,9,23
nm10936200,0.917328,9,9,596
nm12375173,1.0,9,9,1287
nm15353537,1.0,9,9,1287
nm3951749,0.741053,9,9,844
nm3641754,0.808238,9,9,13
nm9722080,0.808238,9,9,13
nm2585097,0.808238,9,9,13
nm1128418,0.946,9,9,59
nm0762659,0.940536,9,9,126
nm3040063,1.0,9,9,1289
nm3039108,1.0,9,9,1289
nm11293515,0.926369,9,9,43
nm1401864,1.0,9,9,92
nm11306495,0.865187,9,9,23
nm5170154,0.895877,9,9,23
nm10717482,1.0,9,9,1244
nm4243303,0.928891,9,9,21
nm10493999,0.909238,9,9,23
nm4262853,1.0,9,9,556
nm8324152,1.0,9,9,556
nm12399467,1.0,9,9,556
nm16418885,1.0,9,9,556
nm4379408,1.0,9,9,1000
nm4870321,1.0,9,9,934
nm8287501,1.0,9,9,64
nm12090547,0.928939,9,9,11
nm10289291,0.956853,9,9,878
nm5364548,1.098231,18,18,113
nm8702090,0.844585,9,9,740
nm11441822,1.0,9,9,964
nm8243370,1.0,9,9,964
nm11441804,1.0,9,9,964
nm11455238,1.0,9,9,1281
nm8349785,1.0,9,9,1038
nm11370739,1.0,9,9,1241
nm11474495,1.0,9,9,1285
nm0003115,0.860008,9,9,11
nm2253071,1.0,9,9,288
nm7732480,1.0,9,9,288
nm1281476,1.0,9,9,288
nm1322499,0.956853,9,9,326
nm1045684,0.956853,9,9,326
nm11486683,0.956853,9,9,326
nm10426799,1.0,9,9,1082
nm11501147,1.0,9,9,480
nm1960363,1.0,9,9,1274
nm5928144,1.0,9,9,1274
nm10993031,0.876443,9,9,11
nm0197647,1.0,9,9,362
nm6528766,0.943149,9,9,110
nm5479767,1.0,9,9,280
nm11583046,1.0,9,9,280
nm9016782,1.423191,18,18,11
nm11596717,1.0,9,9,1295
nm11596711,1.0,9,9,1295
nm11596714,1.0,9,9,1295
nm11596715,1.0,9,9,1295
nm11596712,1.0,9,9,1295
nm11596716,1.0,9,9,1295
nm11596710,1.0,9,9,1295
nm1160886,1.0,9,9,1011
nm5763330,1.0,9,9,1296
nm13394299,1.0,9,9,1029
nm3490185,0.924111,9,9,23
nm2293323,0.924111,9,9,23
nm1250925,0.924111,9,9,23
nm11638988,1.0,9,9,1055
nm0005037,0.909129,9,9,59
nm2134560,0.834345,9,9,699
nm3442130,0.870558,9,9,1270
nm11663254,1.0,9,9,1170
nm11663253,1.0,9,9,1170
nm11663342,1.0,9,9,1298
nm11663349,1.0,9,9,1298
nm11663351,1.0,9,9,1298
nm11663348,1.0,9,9,1298
nm3301868,0.905912,9,9,23
nm4268518,0.905912,9,9,23
nm1254885,0.905912,9,9,23
nm8088541,1.0,9,9,1300
nm3687213,1.0,9,9,1300
nm11682645,1.0,9,9,1300
nm11259082,1.0,9,9,1287
nm6289733,1.0,9,9,328
nm1475556,0.843781,9,9,111
nm13626645,0.927569,9,9,427
nm13326221,0.927569,9,9,427
nm13330799,0.927569,9,9,427
nm8968100,0.927569,9,9,427
nm12221961,0.927569,9,9,427
nm2281397,0.943792,9,9,119
nm7578266,0.887111,9,9,23
nm9635459,1.0,9,9,622
nm12120804,1.0,9,9,27
nm1536875,0.947522,9,9,596
nm10290654,0.816421,9,9,524
nm0668241,0.940124,9,9,11
nm1181610,0.947522,9,9,596
nm10506445,0.902334,9,9,56
nm1763508,1.0,9,9,1304
nm7206660,1.0,9,9,761
nm8174053,1.0,9,9,1246
nm11910232,1.0,9,9,1246
nm1352900,0.94604,9,9,11
nm11958707,0.843153,9,9,161
nm3797898,0.944535,9,9,1054
nm1066396,0.820093,9,9,11
nm10165537,1.0,9,9,822
nm9156942,0.956853,9,9,1269
nm5835716,1.0,9,9,1267
nm8819213,1.0,9,9,1267
nm3445329,1.0,9,9,1267
nm8715864,1.0,9,9,1267
nm12081823,1.0,9,9,976
nm12668645,0.928939,9,9,11
nm8940348,1.0,9,9,704
nm4517846,1.0,9,9,313
nm2314596,1.0,9,9,1309
nm3588483,1.0,9,9,723
nm2495343,0.938624,9,9,30
nm5159672,0.832634,9,9,86
nm3731565,0.949921,9,9,104
nm1840057,0.856573,9,9,56
nm3977708,0.910027,9,9,11
nm7118554,0.910027,9,9,11
nm8904193,0.910027,9,9,11
nm1395952,0.88181,9,9,110
nm7596281,1.0,9,9,1310
nm1407212,1.0,9,9,1311
nm7141587,1.0,9,9,1311
nm8979547,1.0,9,9,1311
nm6308481,1.0,9,9,1312
nm16027800,1.0,9,9,1312
nm7507282,1.0,9,9,592
nm0112043,0.956853,9,9,44
nm1146837,0.88132,9,9,114
nm12805107,0.956853,9,9,1247
nm12297160,1.0,9,9,236
nm5391503,1.0,9,9,236
nm12297157,1.0,9,9,236
nm6030469,0.805062,9,9,11
nm9463483,1.0,9,9,758
nm1030110,0.927576,9,9,11
nm1001160,0.832949,9,9,114
nm4728858,0.893672,9,9,114
nm8701144,1.0,9,9,1141
nm12385549,0.923685,9,9,19
nm3190246,0.915243,9,9,13
nm4432851,0.915243,9,9,13
nm8798330,0.859918,9,9,19
nm0232503,0.859918,9,9,19
nm2359443,0.859918,9,9,19
nm8110062,0.859918,9,9,19
nm8327046,0.943228,9,9,103
nm2782263,1.740434,18,18,820
nm0720461,1.0,9,9,674
nm5799983,0.870283,9,9,21
nm9242396,0.870283,9,9,21
nm12485298,1.0,9,9,1314
nm1617631,1.0,9,9,1314
nm12485299,1.0,9,9,1314
nm2090825,0.887171,9,9,1054
nm1018267,0.884584,9,9,23
nm0128028,1.0,9,9,292
nm7943677,1.0,9,9,292
nm2830182,1.0,9,9,292
nm3602480,1.0,9,9,1177
nm9203528,0.840763,9,9,11
nm1554857,1.0,9,9,1315
nm2915851,1.0,9,9,1315
nm5804621,1.0,9,9,1315
nm8908425,1.0,9,9,1315
nm1261987,1.0,9,9,1315
nm4182630,0.956853,9,9,542
nm7778748,0.956853,9,9,542
nm7782387,0.956853,9,9,542
nm7312177,0.946726,9,9,23
nm12654670,1.0,9,9,906
nm8678236,0.841712,9,9,771
nm10480395,1.0,9,9,1152
nm9348975,0.881046,9,9,1054
nm14214692,1.0,9,9,1318
nm4879653,1.0,9,9,1318
nm14214693,1.0,9,9,1318
nm8084770,1.0,9,9,1319
nm12789773,1.0,9,9,1319
nm3231341,1.0,9,9,1320
nm12798896,1.0,9,9,1320
nm12798898,1.0,9,9,1320
nm2087369,1.0,9,9,1320
nm12798894,1.0,9,9,1320
nm9664955,0.826493,9,9,11
nm3438796,0.826493,9,9,11
nm7075397,0.826493,9,9,11
nm14315472,0.883382,9,9,1290
nm4356858,0.927569,9,9,317
nm6700506,0.913706,9,9,832
nm6133756,1.0,9,9,706
nm0209301,1.0,9,9,183
nm7630833,1.0,9,9,204
nm3555102,1.0,9,9,386
nm4556530,1.0,9,9,386
nm3554873,1.0,9,9,386
nm2245192,1.0,9,9,386
nm5957931,1.0,9,9,1309
nm3520919,1.0,9,9,564
nm13041069,1.0,9,9,647
nm13041068,1.0,9,9,647
nm10308732,0.894379,9,9,110
nm2119401,1.0,9,9,1326
nm14277163,1.0,9,9,1326
nm14277165,1.0,9,9,1326
nm12474856,1.0,9,9,598
nm9576198,0.948258,9,9,23
nm0074053,1.0,9,9,242
nm10124558,1.0,9,9,748
nm1711124,0.956853,9,9,98
nm2576328,0.956853,9,9,98
nm11169935,0.893672,9,9,114
nm2130498,0.858173,9,9,11
nm1950485,1.0,9,9,534
nm3318415,0.907181,9,9,13
nm0062568,0.890329,9,9,11
nm0956190,0.881739,9,9,55
nm2066212,0.881739,9,9,55
nm4723290,0.949921,9,9,317
nm0939038,0.949921,9,9,317
nm0862820,1.0,9,9,433
nm13414110,1.0,9,9,1234
nm13414099,1.0,9,9,1234
nm13414098,1.0,9,9,1234
nm13414154,1.0,9,9,1234
nm13414064,1.0,9,9,1234
nm8485169,1.0,9,9,1233
nm11926377,0.94604,9,9,11
nm4441529,0.858431,9,9,59
nm6929749,0.858431,9,9,59
nm4572072,0.858431,9,9,59
nm2832703,1.0,9,9,1317
nm16424075,1.0,9,9,1329
nm16424072,1.0,9,9,1329
nm15596612,1.0,9,9,1325
nm16527382,1.0,9,9,1325
nm16527387,1.0,9,9,1325
nm16527390,1.0,9,9,1325
nm13718113,1.0,9,9,1325
nm3700888,0.949921,9,9,1161
nm1925918,0.875359,9,9,56
nm2772801,0.875359,9,9,56
nm5480338,0.875359,9,9,56
nm8234708,0.884873,9,9,56
nm3418739,0.875359,9,9,56
nm10295898,1.0,9,9,921
nm1736745,1.0,9,9,293
nm3999860,1.0,9,9,293
nm13812748,1.0,9,9,293
nm15893240,1.0,9,9,1307
nm3980027,1.0,9,9,1307
nm1314352,1.0,9,9,105
nm9569449,1.0,9,9,1301
nm2075350,0.919857,9,9,118
nm5242011,0.729392,9,9,11
nm3654496,0.729392,9,9,11
nm6440625,0.826493,9,9,11
nm13883408,0.800998,9,9,110
nm0619047,1.505004,18,18,13
nm1553002,1.0,9,9,1335
nm17459819,1.0,9,9,1335
nm3622094,1.0,9,9,1335
nm0916884,1.0,9,9,439
nm5527231,0.88181,9,9,110
nm13667899,1.0,9,9,1329
nm1166509,0.887563,9,9,11
nm1736550,1.0,9,9,375
nm0762298,1.0,9,9,687
nm4248027,1.0,9,9,749
nm1223982,1.0,9,9,1311
nm2386771,0.918179,9,9,59
nm2435908,0.918179,9,9,59
nm14752745,0.918179,9,9,59
nm4711349,0.918179,9,9,59
nm14214694,1.0,9,9,1318
nm0784094,0.956853,9,9,493
nm3581293,1.0,9,9,1297
nm7519937,1.0,9,9,1297
nm1426536,1.0,9,9,1297
nm8932774,1.0,9,9,1297
nm13102324,1.0,9,9,1326
nm8586613,1.0,9,9,1313
nm13120332,1.0,9,9,1313
nm14302139,1.0,9,9,1313
nm2242464,1.0,9,9,1301
nm7792489,1.0,9,9,342
nm1853380,1.0,9,9,600
nm17938215,1.0,9,9,772
nm8801234,1.0,9,9,772
nm17928362,1.0,9,9,772
nm3711953,0.956853,9,9,182
nm1456554,0.9098,9,9,59
nm2405454,1.0,9,9,1327
nm5493599,1.0,9,9,1327
nm10426604,1.0,9,9,1081
nm3459555,0.918179,9,9,59
nm0693092,0.814346,9,9,11
nm2299539,0.920049,9,9,111
nm15269233,0.920049,9,9,111
nm8995905,0.833839,9,9,3
nm6327438,0.833839,9,9,3
nm0001132,1.0,9,9,41
nm1509057,1.0,9,9,259
nm4271961,0.910027,9,9,11
nm3370295,1.707915,18,18,23
nm14906316,0.920049,9,9,111
nm4378341,0.82533,9,9,111
nm6579662,1.0,9,9,1335
nm8360867,1.0,9,9,978
nm5877625,0.848124,9,9,3
nm10315579,0.956853,9,9,653
nm7208548,1.0,9,9,1282
nm7806304,0.913706,9,9,832
nm10751251,0.927569,9,9,99
nm0750913,0.879859,9,9,4
nm14014076,1.0,9,9,749
nm13857028,1.0,9,9,1307
nm0155992,0.943792,9,9,65
nm0341421,0.938757,9,9,3
nm16027801,1.0,9,9,1312
nm7796795,1.0,9,9,941
nm7458751,0.956853,9,9,837
nm4113112,0.956853,9,9,837
nm5413582,0.946088,9,9,11
nm6982756,0.946088,9,9,11
nm0005512,0.9418,9,9,6
nm7313244,0.948253,9,9,56
nm5447706,0.929865,9,9,11
nm0300187,1.0,9,9,451
nm8113714,0.907181,9,9,13
nm0775858,1.0,9,9,625
nm5339142,0.940546,9,9,11
nm1678063,0.940546,9,9,11
nm0022883,0.921881,9,9,8
nm2194678,1.0,9,9,1113
nm2619595,0.86844,9,9,126
nm7860012,0.86844,9,9,126
nm0960372,0.913706,9,9,729
nm0754500,1.0,9,9,685
nm3140538,1.649917,18,18,110
nm1321097,0.956853,9,9,98
nm10089635,0.932961,9,9,365
nm17304845,1.0,9,9,1350
nm2709365,1.0,9,9,1350
nm6826930,1.0,9,9,122
nm6864052,1.554695,18,18,110
nm10430294,0.908828,9,9,240
nm8419930,0.944335,9,9,137
nm9010952,0.944335,9,9,137
nm7351489,0.944335,9,9,137
nm1796249,0.913706,9,9,1065
nm13331827,1.0,9,9,534
nm8025272,0.853681,9,9,11
nm7473951,0.853681,9,9,11
nm1747510,0.853681,9,9,11
nm17479599,1.0,9,9,1353
nm17479619,1.0,9,9,1353
nm17479628,1.0,9,9,1353
nm17479596,1.0,9,9,1353
nm2319997,0.856573,9,9,56
nm8465573,1.0,9,9,1304
nm1382072,0.956853,9,9,676
nm1779571,0.949921,9,9,104
nm4834207,0.948678,9,9,314
nm8022840,0.956853,9,9,452
nm2511538,0.956853,9,9,452
nm6592338,0.956853,9,9,452
nm1789173,0.956853,9,9,452
nm9410508,1.0,9,9,845
nm1594672,1.0,9,9,1343
nm8602656,0.956853,9,9,303
nm4532668,0.956853,9,9,303
nm5773448,0.946806,9,9,3
nm7427956,1.0,9,9,283
nm3913204,1.0,9,9,1355
nm5979896,1.0,9,9,1355
nm5813847,1.0,9,9,1355
nm7577090,1.0,9,9,1355
nm1815305,1.0,9,9,1355
nm4378849,0.920494,9,9,11
nm2453045,0.915288,9,9,707
nm1442840,1.0,9,9,600
nm7457633,0.913706,9,9,701
nm5873274,1.0,9,9,784
nm8531116,0.933656,9,9,310
nm4923289,0.857163,9,9,310
nm0194937,0.956853,9,9,302
nm6153349,0.931022,9,9,7
nm3768607,0.931022,9,9,7
nm18763461,0.931022,9,9,7
nm4107371,0.804731,9,9,110
nm0230698,1.0,9,9,395
nm7112813,0.956853,9,9,542
nm3344179,0.949921,9,9,99
nm2576691,0.949921,9,9,99
nm3797278,1.0,9,9,1128
nm3692726,1.0,9,9,1128
nm1728860,0.729238,9,9,11
nm1702471,1.0,9,9,1274
nm10188067,1.0,9,9,831
nm4565981,1.0,9,9,1017
nm6010052,1.0,9,9,854
nm0323574,1.0,9,9,305
nm7747251,0.956853,9,9,167
nm5977008,0.956853,9,9,167
nm3460083,1.0,9,9,508
nm6153878,0.910415,9,9,11
nm6741390,0.921881,9,9,323
nm2028004,1.706705,18,18,323
nm14651084,1.0,9,9,523
nm1652341,0.946088,9,9,11
nm2068880,1.0,9,9,64
nm12497422,0.887171,9,9,1054
nm9236982,0.948678,9,9,369
nm2095123,0.948678,9,9,369
nm10485314,1.0,9,9,812
nm1145751,1.0,9,9,1038
nm7782041,0.926445,9,9,1054
nm9797406,0.926445,9,9,1054
nm4180684,1.617059,18,18,1054
nm7704806,0.926445,9,9,1054
nm2401249,0.834345,9,9,699
nm10273196,0.827411,9,9,871
nm3041049,0.940198,9,9,33
nm2260670,0.855501,9,9,754
nm2276699,1.0,9,9,564
nm7512041,0.94774,9,9,65
nm10497835,1.0,9,9,1171
nm9660332,0.949921,9,9,478
nm3408419,1.0,9,9,1328
nm3580368,1.0,9,9,1328
nm6384901,1.0,9,9,1328
nm2686261,1.0,9,9,1328
nm3874948,0.80861,9,9,19
nm2892927,0.956853,9,9,898
nm3768314,0.956853,9,9,898
nm4363141,0.956853,9,9,898
nm4608599,0.956853,9,9,898
nm6613275,0.956853,9,9,898
nm2353703,0.956853,9,9,898
nm15176824,0.900939,9,9,23
nm4142912,1.0,9,9,1017
nm1457088,0.909184,9,9,56
nm0168244,0.939512,9,9,39
nm5022173,0.913706,9,9,1366
nm1832009,0.915288,9,9,707
nm10422898,0.843643,9,9,1054
nm2682461,0.947636,9,9,114
nm10130200,0.894623,9,9,114
nm0001272,1.0,9,9,63
nm5334078,0.824005,9,9,1217
nm6856651,1.531579,18,18,1217
nm2552380,0.824005,9,9,1217
nm6486367,0.84463,9,9,1217
nm0765370,1.0,9,9,408
nm0004906,0.890639,9,9,4
nm3023199,0.913706,9,9,1372
nm12938880,1.0,9,9,706
nm2673648,0.86844,9,9,126
nm4359323,0.948678,9,9,123
nm5292650,1.0,9,9,1064
nm2658351,0.956853,9,9,574
nm0757217,0.949921,9,9,478
nm5324648,0.947636,9,9,114
nm5451481,0.931022,9,9,7
nm4369644,1.0,9,9,622
nm9067451,0.956853,9,9,1269
nm2784245,0.902447,9,9,737
nm10312041,0.616029,9,9,942
nm0515405,0.622626,9,9,113
nm10111777,0.956853,9,9,698
nm10515696,0.956853,9,9,601
nm2854112,1.0,9,9,1317
nm6160361,0.799138,9,9,110
nm3315713,1.0,9,9,1322
nm3789806,1.0,9,9,1322
nm10080055,1.0,9,9,795
nm8809885,0.949921,9,9,276
nm0244033,0.949921,9,9,276
nm2963158,1.0,9,9,342
nm1069584,0.863227,9,9,110
nm0769453,0.899108,9,9,114
nm2593355,0.913706,9,9,1372
nm9092461,1.0,9,9,717
nm3039215,0.790327,9,9,113
nm4404400,1.0,9,9,1132
nm3047426,1.0,9,9,1132
nm5608098,1.0,9,9,1282
nm6382681,1.0,9,9,750
nm3127456,0.949921,9,9,317
nm5159909,0.750385,9,9,11
nm3165677,1.0,9,9,717
nm1985070,0.956853,9,9,167
nm12403422,0.915243,9,9,13
nm3339208,1.0,9,9,517
nm3805318,1.0,9,9,1385
nm7194919,1.0,9,9,1385
nm3221539,1.0,9,9,1385
nm3678494,0.944246,9,9,59
nm2894585,1.0,9,9,1322
nm3810471,0.919119,9,9,11
nm6788819,0.775006,9,9,11
nm2297029,0.956853,9,9,898
nm1227749,1.0,9,9,1310
nm3286302,0.944032,9,9,23
nm9251060,0.956853,9,9,1018
nm7072570,0.956853,9,9,1018
nm9628399,1.0,9,9,1133
nm7846777,1.0,9,9,1133
nm6494220,1.0,9,9,336
nm8062452,1.0,9,9,336
nm6845941,1.0,9,9,579
nm12029519,1.0,9,9,1267
nm10390693,0.937065,9,9,126
nm4148153,1.0,9,9,793
nm14043187,1.0,9,9,742
nm1560660,0.848124,9,9,3
nm3396201,1.0,9,9,881
nm4321429,1.0,9,9,106
nm4544694,0.956853,9,9,225
nm6297250,1.0,9,9,1212
nm7544691,0.920645,9,9,59
nm1960271,0.943792,9,9,559
nm7570216,0.890186,9,9,11
nm4574653,1.0,9,9,336
nm3701137,1.0,9,9,1128
nm0425539,1.0,9,9,540
nm7754425,1.0,9,9,1388
nm8830351,1.0,9,9,1388
nm9567076,1.0,9,9,1388
nm4827897,1.0,9,9,700
nm6434147,0.913706,9,9,800
nm0426970,0.89752,9,9,541
nm5007396,1.0,9,9,595
nm8468471,1.687124,18,18,59
nm6524359,1.0,9,9,1390
nm4350996,0.86801,9,9,110
nm5377726,0.86801,9,9,110
nm9839080,0.86801,9,9,110
nm10665702,0.956853,9,9,1224
nm6079303,1.0,9,9,1344
nm10314984,0.69797,9,9,946
nm13619547,0.69797,9,9,991
nm1269618,0.779345,9,9,111
nm7023533,1.0,9,9,1394
nm6615049,1.0,9,9,1394
nm6921368,1.0,9,9,1394
nm8022637,1.0,9,9,1394
nm5498943,1.0,9,9,1394
nm4355888,1.0,9,9,260
nm4725798,0.833839,9,9,3
nm6793636,0.804731,9,9,110
nm2274369,0.875401,9,9,6
nm6794303,1.0,9,9,1396
nm10407243,1.0,9,9,1060
nm5626208,0.86801,9,9,110
nm8718111,1.0,9,9,528
nm3974940,1.0,9,9,528
nm4254152,1.0,9,9,528
nm5241871,1.0,9,9,1397
nm4282429,1.0,9,9,1397
nm5911796,0.803401,9,9,86
nm4662324,0.803401,9,9,86
nm5668523,0.949921,9,9,53
nm6979445,0.949921,9,9,53
nm9239904,0.949921,9,9,53
nm4393029,0.949921,9,9,53
nm9921862,1.0,9,9,1367
nm9693396,1.0,9,9,1367
nm5487427,1.0,9,9,1367
nm9548661,1.0,9,9,1250
nm6582625,1.0,9,9,1388
nm6812114,1.0,9,9,537
nm9421540,1.0,9,9,537
nm5193462,1.0,9,9,537
nm10437051,1.0,9,9,1097
nm8728601,0.956853,9,9,775
nm4770230,1.0,9,9,88
nm16699450,1.0,9,9,269
nm1868781,1.0,9,9,784
nm8664914,1.0,9,9,165
nm8674239,0.844585,9,9,740
nm2327512,0.949921,9,9,478
nm7159828,1.0,9,9,1218
nm7290079,1.0,9,9,1218
nm4878628,1.0,9,9,1218
nm5021371,0.913706,9,9,1366
nm8788383,1.0,9,9,16
nm0150495,1.0,9,9,311
nm5983008,0.914335,9,9,59
nm2355526,0.86136,9,9,13
nm8576149,0.956853,9,9,1174
nm2978707,1.0,9,9,22
nm7726984,1.0,9,9,1402
nm5397578,1.0,9,9,1402
nm5397345,1.0,9,9,1402
nm7210777,1.0,9,9,614
nm9714056,1.0,9,9,85
nm5453331,1.0,9,9,85
nm14588601,1.0,9,9,1327
nm9702923,0.889127,9,9,1054
nm9169137,1.0,9,9,730
nm6150808,0.956853,9,9,775
nm9001605,0.956853,9,9,775
nm10369651,1.0,9,9,1013
nm8016955,0.920645,9,9,59
nm10835380,1.0,9,9,1253
nm11630215,1.0,9,9,1296
nm1799605,0.946806,9,9,3
nm5913363,0.943053,9,9,411
nm10267226,0.943053,9,9,411
nm5908646,0.943053,9,9,411
nm6527042,1.0,9,9,1396
nm10697498,1.0,9,9,1144
nm10829870,1.0,9,9,1242
nm10268001,1.0,9,9,816
nm6293700,1.0,9,9,1344
nm8884654,1.0,9,9,1407
nm9576953,1.0,9,9,1407
nm9139519,1.0,9,9,1407
nm9577040,1.0,9,9,1407
nm6146828,1.0,9,9,1407
nm11066392,0.7839,9,9,11
nm2902655,0.949921,9,9,276
nm9678031,1.0,9,9,1016
nm8294222,1.0,9,9,781
nm3593036,1.0,9,9,328
nm10034165,1.0,9,9,768
nm10486875,0.91653,9,9,68
nm8325448,0.849944,9,9,11
nm7355324,1.0,9,9,769
nm4306448,0.775006,9,9,11
nm10387867,0.837142,9,9,33
nm4499384,1.0,9,9,1250
nm0220807,0.956853,9,9,389
nm7467179,1.0,9,9,949
nm9164683,1.0,9,9,1133
nm10266986,0.896743,9,9,873
nm10476491,1.0,9,9,1146
nm10600916,1.0,9,9,910
nm8294218,1.0,9,9,781
nm6684661,0.849944,9,9,11
nm1891185,0.946591,9,9,454
nm10454896,1.0,9,9,1124
nm12176312,1.0,9,9,1123
nm9383294,1.0,9,9,1122
nm9326197,1.0,9,9,1122
nm9604309,1.0,9,9,1386
nm9602488,1.0,9,9,1386
nm10337162,0.913706,9,9,970
nm0711058,0.920761,9,9,39
nm5735360,1.0,9,9,41
nm0002111,0.91557,9,9,3
nm10685473,1.0,9,9,62
nm0016689,1.0,9,9,83
nm10491843,1.0,9,9,94
nm2036232,1.0,9,9,101
nm0621866,1.0,9,9,125
nm10456913,0.854893,9,9,56
nm7406451,0.933216,9,9,56
nm6026593,0.86136,9,9,13
nm1452260,0.956853,9,9,54
nm2957008,1.0,9,9,360
nm1176711,1.0,9,9,378
nm0867626,0.855237,9,9,252
nm0047987,0.920637,9,9,124
nm0284078,1.0,9,9,196
nm7454102,1.0,9,9,173
nm1264612,1.0,9,9,135
nm10152723,1.0,9,9,135
nm1425346,0.956853,9,9,493
nm2325042,0.948073,9,9,6
nm3985861,1.0,9,9,540
nm0837569,0.756373,9,9,110
nm2431276,0.881739,9,9,55
nm1156017,0.906363,9,9,6
nm2387707,0.909184,9,9,56
nm0873223,0.949921,9,9,244
nm0517978,1.0,9,9,593
nm12310585,1.0,9,9,758
nm10473062,1.0,9,9,894
nm6677528,1.0,9,9,374
nm1548130,1.0,9,9,912
nm8976246,0.941067,9,9,7
nm10313744,1.0,9,9,944
nm10625152,0.863451,9,9,11
nm4823000,1.0,9,9,1064
nm10492269,1.0,9,9,997
nm5281525,0.956853,9,9,1174
nm3123793,1.0,9,9,750
nm10740630,1.0,9,9,1194
nm10497789,1.0,9,9,1169
nm10553701,1.0,9,9,786
nm1127863,1.0,9,9,263
nm2269827,0.843781,9,9,111
nm9155775,1.566756,17,18,1412
nm14442968,0.938624,9,9,30
nm1912546,0.872282,9,9,110
nm0014620,0.893761,9,9,23
nm1796910,1.0,9,9,1343
nm1131934,0.928891,9,9,21
nm2385808,0.949921,9,9,519
nm8372639,0.944535,9,9,1054
nm8505306,1.0,9,9,1068
nm5794253,1.0,9,9,1390
nm2890541,0.883491,9,9,6
nm6597869,0.938682,9,9,3
nm0520064,1.0,9,9,17
nm2215706,0.859634,9,9,3
nm1698741,1.0,9,9,26
nm0401264,0.897698,9,9,6
nm9157672,0.956853,9,9,38
nm1047913,0.949921,9,9,42
nm4789591,0.884616,9,9,3
nm11008562,0.878818,9,9,3
nm0195264,0.927569,9,9,50
nm3127544,1.0,9,9,51
nm5315479,0.949921,9,9,52
nm0001036,0.919522,9,9,56
nm0743896,0.874216,9,9,6
nm0107573,1.0,9,9,60
nm1713632,0.891626,9,9,3
nm0640689,0.88256,9,9,33
nm0429886,0.880022,9,9,11
nm0193846,0.947645,9,9,3
nm3478396,0.93992,9,9,3
nm0005013,1.0,9,9,95
nm8655719,0.956853,9,9,98
nm13946181,0.949921,9,9,99
nm0007123,0.742636,9,9,11
nm0352032,0.8715,9,9,11
nm0858255,0.956853,9,9,116
nm10433634,0.87146,9,9,11
nm10469692,0.698552,9,9,110
nm0906697,0.670698,9,9,110
nm10538302,1.0,9,9,141
nm6769951,1.0,9,9,146
nm0021734,0.948455,9,9,152
nm17620164,1.0,9,9,154
nm10455671,1.0,9,9,157
nm10367776,0.870558,9,9,841
nm2191645,0.956853,9,9,116
nm0464592,0.643657,9,9,110
nm1782710,0.661708,9,9,110
nm1001143,0.87076,9,9,110
nm0631000,1.0,9,9,191
nm1705656,1.0,9,9,194
nm0076889,0.945843,9,9,200
nm5906570,0.93097,9,9,13
nm0377580,1.0,9,9,208
nm0194305,0.94774,9,9,1
nm5111263,0.920637,9,9,152
nm0049346,1.0,9,9,211
nm0425490,0.956853,9,9,57
nm10264006,0.956853,9,9,230
nm3325981,1.0,9,9,233
nm3121357,1.0,9,9,237
nm1464310,0.956853,9,9,245
nm0388635,1.0,9,9,248
nm1007581,0.91363,9,9,11
nm10344898,0.884751,9,9,11
nm10571929,0.84982,9,9,11
nm0350249,0.940803,9,9,55
nm2945994,1.0,9,9,262
nm0094746,0.904493,9,9,36
nm0101997,0.917717,9,9,11
nm6003956,0.885627,9,9,11
nm0812568,1.0,9,9,284
nm10315885,0.956853,9,9,302
nm9460103,0.956853,9,9,44
nm3138181,0.91291,9,9,23
nm1281809,1.0,9,9,318
nm1488876,0.453754,9,9,1323
nm9125509,1.0,9,9,339
nm9101986,1.0,9,9,341
nm4289392,0.935447,9,9,6
nm4620241,0.947041,9,9,59
nm10272294,0.949921,9,9,50
nm0188121,0.948678,9,9,163
nm9006579,0.906452,9,9,364
nm12877113,0.907915,9,9,13
nm1504987,0.773595,9,9,13
nm8448992,0.899767,9,9,36
nm2013638,1.0,9,9,393
nm0463201,1.0,9,9,412
nm3349406,1.0,9,9,414
nm1890585,0.870131,9,9,110
nm10351107,0.843554,9,9,56
nm0882743,1.0,9,9,295
nm9556979,1.0,9,9,431
nm0864720,0.885474,9,9,55
nm10898346,1.0,9,9,404
nm1130456,1.0,9,9,437
nm4932005,0.917756,9,9,119
nm0293896,1.0,9,9,442
nm2531628,1.0,9,9,301
nm1070494,0.86856,9,9,446
nm0559420,0.749226,9,9,608
nm0412046,0.956853,9,9,452
nm3571521,1.0,9,9,453
nm0072910,1.0,9,9,241
nm4088627,0.921881,9,9,369
nm3604577,1.0,9,9,459
nm1935086,0.956853,9,9,388
nm0379072,1.0,9,9,467
nm10959119,0.919618,9,9,349
nm0222541,0.948269,9,9,349
nm4545984,1.0,9,9,469
nm2556155,1.0,9,9,471
nm2223012,0.884289,9,9,472
nm10365156,0.850891,9,9,13
nm10301225,0.927569,9,9,478
nm2033533,0.820023,9,9,110
nm1029098,0.864684,9,9,483
nm1221172,1.0,9,9,484
nm10529688,1.0,9,9,145
nm1549889,1.0,9,9,489
nm1082873,1.0,9,9,498
nm9870543,1.0,9,9,499
nm5907963,1.0,9,9,500
nm1127476,0.675051,9,9,110
nm7693842,1.0,9,9,415
nm0388527,0.830501,9,9,43
nm0756503,1.0,9,9,515
nm0396137,1.0,9,9,516
nm1164771,0.85771,9,9,111
nm7532715,0.956853,9,9,493
nm0404924,0.918821,9,9,3
nm8499543,0.90411,9,9,127
nm7033618,0.919757,9,9,503
nm9093961,0.829379,9,9,530
nm13825251,0.725995,9,9,13
nm1334389,0.713434,9,9,524
nm10533892,0.770436,9,9,11
nm1758990,0.941694,9,9,36
nm9960274,1.0,9,9,539
nm0429348,0.943455,9,9,3
nm7993943,1.0,9,9,544
nm1403631,0.911685,9,9,110
nm10171971,0.937408,9,9,110
nm0080352,0.850484,9,9,11
nm12328267,0.864574,9,9,11
nm1450630,0.949921,9,9,273
nm11755620,0.886616,9,9,111
nm2855195,0.907226,9,9,11
nm3583019,0.928891,9,9,21
nm0000413,1.0,9,9,29
nm0644835,0.944405,9,9,110
nm6641405,0.948678,9,9,369
nm10468984,1.0,9,9,577
nm4809043,0.885074,9,9,23
nm17228769,0.900914,9,9,23
nm2284726,1.0,9,9,580
nm1156708,1.0,9,9,590
nm0940353,1.0,9,9,594
nm5137054,0.956853,9,9,303
nm5575653,0.947296,9,9,36
nm0662505,0.949921,9,9,519
nm0004730,1.0,9,9,89
nm10261361,1.0,9,9,603
nm4104609,1.0,9,9,606
nm0593330,1.0,9,9,621
nm1655031,0.912312,9,9,454
nm8814655,0.949921,9,9,624
nm1631269,0.905276,9,9,3
nm11521185,0.948279,9,9,180
nm0590922,0.763999,9,9,110
nm1534784,0.927542,9,9,39
nm2077607,1.0,9,9,643
nm4869229,1.0,9,9,644
nm5109537,1.0,9,9,261
nm7780354,1.0,9,9,648
nm3817466,1.0,9,9,40
nm1796742,0.849718,9,9,56
nm0560412,0.927569,9,9,174
nm10525219,1.0,9,9,660
nm4755386,1.0,9,9,670
nm5988617,1.0,9,9,629
nm0770031,1.0,9,9,682
nm12232380,1.0,9,9,683
nm7192601,0.943427,9,9,36
nm3065236,0.845956,9,9,110
nm0759819,1.0,9,9,586
nm11257765,0.843131,9,9,11
nm7614842,0.915285,9,9,36
nm5199559,0.809851,9,9,11
nm4363560,0.875125,9,9,33
nm5508168,0.91358,9,9,4
nm8204313,0.891961,9,9,110
nm1460173,1.0,9,9,705
nm3220489,1.0,9,9,491
nm1596798,1.0,9,9,718
nm4146641,1.0,9,9,721
nm2325393,0.866917,9,9,4
nm0943200,0.956853,9,9,702
nm5131053,0.956853,9,9,724
nm1084204,0.956853,9,9,724
nm3414040,0.783975,9,9,110
nm3213191,1.0,9,9,735
nm5360556,1.0,9,9,744
nm6319286,1.0,9,9,747
nm10498967,1.0,9,9,755
nm5068640,1.0,9,9,756
nm7449940,1.0,9,9,765
nm6271072,1.0,9,9,770
nm3838468,0.947298,9,9,707
nm10047921,1.0,9,9,774
nm9784206,0.956853,9,9,597
nm5921534,1.0,9,9,780
nm0634349,0.956853,9,9,642
nm3334493,1.0,9,9,804
nm9260436,0.850923,9,9,13
nm14941130,0.86243,9,9,86
nm9984431,0.9335,9,9,348
nm2996917,0.956853,9,9,810
nm4357116,1.0,9,9,815
nm6198257,0.949921,9,9,820
nm9903093,1.0,9,9,821
nm5547533,1.0,9,9,824
nm0004469,0.893832,9,9,87
nm8061002,1.0,9,9,830
nm10402760,1.0,9,9,764
nm10517490,1.0,9,9,839
nm10451263,1.0,9,9,842
nm10584287,1.0,9,9,846
nm10222122,1.0,9,9,847
nm0994324,0.719706,9,9,740
nm10293521,1.0,9,9,856
nm1389891,1.0,9,9,466
nm13385756,1.0,9,9,864
nm13104978,1.0,9,9,868
nm10585728,1.0,9,9,869
nm10438663,1.0,9,9,884
nm10276269,0.956853,9,9,277
nm10277187,0.938133,9,9,596
nm10513489,1.0,9,9,893
nm2653938,0.946562,9,9,30
nm6753991,1.0,9,9,789
nm10292585,1.0,9,9,914
nm10295077,0.956853,9,9,645
nm5776647,1.0,9,9,919
nm3998145,0.905083,9,9,924
nm7344186,0.821057,9,9,43
nm10303751,1.0,9,9,928
nm8966756,1.0,9,9,929
nm5405540,1.0,9,9,916
nm10308107,0.637259,9,9,113
nm10308183,1.0,9,9,935
nm10479462,1.0,9,9,938
nm10318910,0.942653,9,9,114
nm4469165,1.0,9,9,952
nm10333353,0.8433,9,9,114
nm10326804,1.0,9,9,958
nm12146152,1.0,9,9,971
nm10368958,1.0,9,9,973
nm10344695,1.0,9,9,981
nm10345116,0.87664,9,9,13
nm10345838,0.844992,9,9,114
nm10350747,1.0,9,9,990
nm10362886,1.0,9,9,1002
nm10521976,0.935964,9,9,19
nm2763715,0.880775,9,9,137
nm10364820,1.0,9,9,1007
nm7434647,1.0,9,9,1028
nm10628725,1.0,9,9,1033
nm10385768,0.932328,9,9,1036
nm10387665,1.0,9,9,1039
nm10389251,1.0,9,9,496
nm6950516,1.0,9,9,1045
nm5748347,1.0,9,9,1049
nm9435649,0.829379,9,9,1056
nm10655174,1.0,9,9,1062
nm10410354,1.0,9,9,1066
nm4015048,0.927542,9,9,39
nm7638796,0.956853,9,9,1070
nm4845909,1.0,9,9,1071
nm9634729,1.0,9,9,763
nm10423853,1.0,9,9,1076
nm3549547,1.0,9,9,1080
nm10257126,1.0,9,9,862
nm10428099,1.0,9,9,1085
nm10428700,1.0,9,9,1086
nm8910768,1.0,9,9,1091
nm10431130,0.938161,9,9,371
nm10433741,1.0,9,9,1094
nm9003790,0.924538,9,9,23
nm3954495,0.85605,9,9,1054
nm10436708,1.0,9,9,1040
nm5697385,1.0,9,9,1101
nm11013222,1.0,9,9,1104
nm8094889,1.0,9,9,1105
nm10451510,1.0,9,9,1118
nm10454404,0.870558,9,9,1120
nm10453748,1.0,9,9,1121
nm9954937,0.872475,9,9,1087
nm10458158,1.0,9,9,1127
nm10467492,1.0,9,9,1125
nm9803741,0.91084,9,9,56
nm10471701,1.0,9,9,1142
nm10402964,1.0,9,9,1052
nm10474789,1.0,9,9,1145
nm10477375,1.0,9,9,1148
nm6947874,0.956853,9,9,557
nm10497267,1.0,9,9,663
nm10502937,1.0,9,9,1175
nm9525285,0.946449,9,9,23
nm10505425,0.847167,9,9,13
nm5285415,1.0,9,9,1183
nm10511713,1.0,9,9,801
nm10426810,0.848981,9,9,11
nm10513568,1.0,9,9,1185
nm10522460,1.0,9,9,1200
nm5598225,1.0,9,9,1214
nm6820784,0.813599,9,9,1217
nm8411029,0.872115,9,9,985
nm7359323,1.0,9,9,817
nm10649339,0.868736,9,9,111
nm11600728,0.87528,9,9,19
nm10858690,1.0,9,9,953
nm3131437,1.0,9,9,636
nm10866517,0.895361,9,9,56
nm11314353,1.0,9,9,1258
nm10332268,1.0,9,9,965
nm11766521,1.0,9,9,1264
nm10948032,1.0,9,9,720
nm8704664,1.0,9,9,20
nm0356813,1.0,9,9,239
nm1728933,1.0,9,9,1284
nm11225783,0.948184,9,9,23
nm11306385,0.899842,9,9,966
nm9846854,1.0,9,9,1292
nm0815970,0.956853,9,9,274
nm8913097,1.0,9,9,1303
nm1910857,1.0,9,9,658
nm5525382,1.0,9,9,659
nm8226618,1.0,9,9,1308
nm7958931,0.872792,9,9,11
nm9503471,0.637563,9,9,113
nm1723159,1.0,9,9,325
nm6176024,1.0,9,9,1330
nm13808568,0.940124,9,9,11
nm2419919,1.0,9,9,526
nm8802637,1.0,9,9,1337
nm1785332,1.0,9,9,1291
nm4275268,1.0,9,9,1348
nm8986515,1.0,9,9,90
nm5890975,0.796021,9,9,13
nm2900986,1.0,9,9,1031
nm2611007,1.0,9,9,549
nm5937180,1.0,9,9,1356
nm8784548,1.0,9,9,1239
nm2086765,1.0,9,9,1362
nm6836186,0.939952,9,9,1216
nm3507715,1.0,9,9,1306
nm4254715,0.947326,9,9,3
nm11044411,0.917584,9,9,13
nm7931125,0.956853,9,9,1174
nm5495484,1.0,9,9,835
nm7693957,1.0,9,9,1260
nm1481765,1.0,9,9,1001
nm0003578,0.913706,9,9,82
nm7059964,1.0,9,9,1293
nm8054855,1.0,9,9,1401
nm2515011,0.956853,9,9,980
nm10404647,0.650182,9,9,113
nm10430005,1.0,9,9,1090
nm10444082,1.0,9,9,1110
nm0253355,0.956853,9,9,57
nm5618577,1.0,9,9,187
nm12284344,0.949921,9,9,276
nm2304722,0.905065,9,9,6
nm0108431,0.933955,9,9,36
nm1371957,0.861632,9,9,416
nm3285199,0.920434,9,9,3
nm10282594,1.0,9,9,895
nm8007406,1.0,9,9,920
nm5141883,0.949921,9,9,53
nm6634664,1.0,9,9,1059
nm7333829,1.0,9,9,1149
nm0000092,0.943792,9,9,1
nm0263253,0.943792,9,9,1
nm0388092,0.943792,9,9,1
nm0038367,0.943792,9,9,1
nm0278396,0.943792,9,9,1
nm0000096,0.946371,9,9,2
nm2102330,0.946371,9,9,2
nm0715693,0.946371,9,9,2
nm9438171,1.719924,18,18,2
nm1221047,0.8803,9,9,3
nm0300712,1.682001,18,18,3
nm0544334,1.0,9,9,5
nm0604742,0.942925,9,9,7
nm1051221,0.942925,9,9,7
nm0604430,0.942925,9,9,7
nm3770854,0.942925,9,9,7
nm0553440,0.921881,9,9,8
nm2345856,0.921881,9,9,8
nm0000161,1.0,9,9,9
nm0922937,1.0,9,9,9
nm10843240,1.0,9,9,9
nm2592911,0.890639,9,9,4
nm7425091,0.890639,9,9,4
nm0001287,1.0,9,9,10
nm0154543,1.0,9,9,10
nm3018878,0.910155,9,9,3
nm0000182,0.916764,9,9,3
nm0001218,0.900765,9,9,3
nm1961693,0.900765,9,9,3
nm2238248,0.900765,9,9,3
nm0078800,1.0,9,9,14
nm3558256,1.0,9,9,15
nm8961313,1.0,9,9,15
nm2809577,0.948678,9,9,8
nm0000208,1.0,9,9,16
nm1525807,1.0,9,9,16
nm0254712,0.940203,9,9,6
nm1256532,1.686638,18,18,6
nm0001108,1.77665,18,18,18
nm1671589,0.956853,9,9,18
nm4181215,0.865366,9,9,3
nm1476806,0.859634,9,9,3
nm0199577,0.874769,9,9,11
nm4447747,0.874769,9,9,11
nm4650882,0.874769,9,9,11
nm7648635,0.874769,9,9,11
nm3628606,0.855483,9,9,23
nm5394091,0.874737,9,9,23
nm4082296,2.335175,27,27,23
nm0284533,0.874737,9,9,23
nm0000335,0.944863,9,9,24
nm2505507,0.944863,9,9,24
nm0602071,0.944863,9,9,24
nm9790051,1.0,9,9,27
nm2328486,1.0,9,9,27
nm0396391,1.0,9,9,28
nm14927520,0.924626,9,9,6
nm9391490,0.924626,9,9,6
nm7970539,0.924626,9,9,6
nm2888384,0.924626,9,9,6
nm8272878,1.682442,18,18,1
nm0148183,0.901742,9,9,1
nm0952498,0.901742,9,9,1
nm1174035,0.901742,9,9,1
nm4969434,1.0,9,9,29
nm5852607,1.0,9,9,29
nm1179321,1.60735,17,18,1302
nm0411899,0.861201,9,9,30
nm0557609,0.861201,9,9,30
nm0763022,0.867416,9,9,30
nm2143950,0.861201,9,9,30
nm0352157,0.920386,9,9,31
nm0143309,0.920386,9,9,31
nm5291578,0.890006,9,9,3
nm2018573,2.456524,27,27,3
nm2314705,0.885874,9,9,3
nm0721216,1.608827,18,18,3
nm0000446,0.85402,9,9,6
nm3434373,1.688313,18,18,21
nm0001002,0.879021,9,9,3
nm11721161,0.879021,9,9,3
nm0039148,1.0,9,9,34
nm2106870,1.0,9,9,34
nm0005031,1.0,9,9,34
nm0424800,1.0,9,9,34
nm0390486,0.956853,9,9,35
nm5959033,0.899767,9,9,36
nm0957257,0.875764,9,9,3
nm1759615,0.825157,9,9,3
nm3592766,2.233008,27,27,3
nm0534856,1.475595,18,18,3
nm4483439,0.946816,9,9,33
nm0882769,0.946816,9,9,33
nm3762007,0.946816,9,9,33
nm8027543,1.0,9,9,37
nm0000538,0.897698,9,9,6
nm0636235,0.897698,9,9,6
nm2242932,0.879859,9,9,4
nm4313392,0.879859,9,9,4
nm9273088,0.920674,9,9,7
nm0001084,0.874216,9,9,6
nm3856316,0.874216,9,9,6
nm0706883,0.875596,9,9,7
nm11056797,0.920674,9,9,7
nm1438839,0.920674,9,9,7
nm2637686,0.920674,9,9,7
nm4264495,0.894454,9,9,7
nm5352114,0.875596,9,9,7
nm7667168,0.920674,9,9,7
nm0280496,0.894454,9,9,7
nm0567204,0.894454,9,9,7
nm0741378,2.463529,27,27,7
nm3592491,0.920674,9,9,7
nm5486523,0.920674,9,9,7
nm5592806,0.920674,9,9,7
nm6886823,0.920674,9,9,7
nm6601748,0.926369,9,9,43
nm3524360,2.425502,27,27,43
nm2257207,1.667253,18,18,39
nm4861346,0.899585,9,9,39
nm2888524,0.899585,9,9,39
nm0000641,1.0,9,9,45
nm1452155,1.0,9,9,45
nm4218305,0.94476,9,9,3
nm8520890,0.94476,9,9,3
nm9690266,0.94476,9,9,3
nm1166844,0.920761,9,9,39
nm2901344,0.920761,9,9,39
nm3512587,0.920761,9,9,39
nm4122775,0.920761,9,9,39
nm1073929,0.913706,9,9,379
nm2149249,0.913706,9,9,49
nm0654167,0.894664,9,9,6
nm0819007,0.894664,9,9,6
nm4320647,0.894664,9,9,6
nm9612798,0.854376,9,9,6
nm5812395,1.0,9,9,51
nm0928728,1.0,9,9,51
nm2906035,0.927569,9,9,52
nm9078972,0.949921,9,9,52
nm11043146,0.927569,9,9,52
nm6620183,0.949921,9,9,52
nm7700576,0.927569,9,9,52
nm8078334,0.927569,9,9,52
nm0000874,1.740434,18,18,52
nm0000732,0.927569,9,9,50
nm0452939,1.0,9,9,0
nm0194662,1.77665,18,18,54
nm0201462,0.956853,9,9,54
nm4724525,0.919522,9,9,56
nm0945563,0.919522,9,9,56
nm2186865,1.663216,18,18,2
nm5102227,0.935481,9,9,2
nm9932174,1.0,9,9,61
nm0820053,0.89895,9,9,3
nm0388382,0.89895,9,9,3
nm2129662,0.89895,9,9,3
nm0005283,0.89895,9,9,3
nm2993517,0.89895,9,9,3
nm2464706,1.0,9,9,63
nm2551500,1.0,9,9,63
nm2773295,1.0,9,9,63
nm6311828,1.0,9,9,63
nm0289105,1.671172,18,18,43
nm1301857,0.892208,9,9,43
nm0001314,1.682442,18,18,65
nm0335404,0.901742,9,9,65
nm12160436,0.901742,9,9,65
nm0216117,0.901742,9,9,65
nm1596785,1.708478,18,18,65
nm1486831,0.917756,9,9,65
nm6647040,0.917756,9,9,65
nm1507882,1.610361,18,18,23
nm8912777,0.876785,9,9,23
nm10730438,0.876785,9,9,23
nm2164767,1.0,9,9,66
nm4260791,1.0,9,9,66
nm6381958,0.946959,9,9,4
nm0823563,0.946959,9,9,4
nm0835181,0.946959,9,9,4
nm0001625,1.0,9,9,67
nm10014090,1.0,9,9,67
nm9746223,1.0,9,9,67
nm0000146,0.864792,9,9,2
nm0000491,0.864792,9,9,2
nm1741002,0.910609,9,9,2
nm5057169,0.910609,9,9,2
nm8357122,0.910609,9,9,2
nm0001758,1.698007,18,18,33
nm1197737,0.893073,9,9,33
nm0002004,0.893073,9,9,33
nm9974122,0.94199,9,9,33
nm0517642,0.94199,9,9,33
nm11778492,0.94199,9,9,33
nm2970078,1.0,9,9,70
nm2267725,0.897709,9,9,7
nm2811823,0.897709,9,9,7
nm0879888,1.0,9,9,73
nm0190753,1.0,9,9,73
nm0027984,1.0,9,9,73
nm0001971,0.941554,9,9,11
nm0840285,0.941554,9,9,11
nm0001990,1.0,9,9,17
nm3121384,1.0,9,9,17
nm4927704,1.0,9,9,17
nm0000215,1.0,9,9,17
nm2957882,1.0,9,9,74
nm0735467,1.0,9,9,74
nm12799374,1.0,9,9,75
nm0525940,1.0,9,9,76
nm0002062,0.931938,9,9,11
nm0555500,0.931938,9,9,11
nm1450944,0.931938,9,9,11
nm2019748,0.931938,9,9,11
nm3728280,0.931938,9,9,11
nm1030417,1.0,9,9,79
nm0189584,1.0,9,9,79
nm5174193,0.91557,9,9,3
nm3188810,1.0,9,9,80
nm0212534,1.0,9,9,80
nm0700909,1.0,9,9,80
nm11121192,1.0,9,9,80
nm0269077,1.609234,18,18,21
nm0661713,0.885171,9,9,21
nm0079451,1.649662,18,18,21
nm10530500,1.655015,18,18,59
nm5063079,0.93364,9,9,59
nm1551922,1.602975,18,18,11
nm1654523,0.860008,9,9,11
nm2674657,0.860008,9,9,11
nm2072060,0.860008,9,9,11
nm0712051,1.0,9,9,25
nm0000339,1.0,9,9,25
nm1587714,1.0,9,9,25
nm8704826,1.0,9,9,25
nm10838113,0.91358,9,9,4
nm7532602,0.91358,9,9,4
nm0481024,0.899767,9,9,36
nm0372023,0.956853,9,9,81
nm0440286,0.956853,9,9,81
nm0589141,1.77665,18,18,81
nm11385152,0.956853,9,9,81
nm1229940,0.828712,9,9,11
nm0541849,0.942925,9,9,7
nm0613147,0.942925,9,9,7
nm2718355,0.942925,9,9,7
nm3762697,2.0543,26,27,1288
nm2977124,0.832634,9,9,86
nm7512142,0.832634,9,9,86
nm10636007,0.832634,9,9,86
nm10507026,0.893832,9,9,87
nm0553778,1.0,9,9,89
nm0001542,0.891626,9,9,3
nm1634832,0.891626,9,9,3
nm0004801,0.947645,9,9,3
nm1683133,0.947645,9,9,3
nm1080768,0.947645,9,9,3
nm3072339,0.92059,9,9,32
nm8971390,0.94845,9,9,48
nm0004936,1.0,9,9,92
nm13621188,1.0,9,9,92
nm0145009,1.0,9,9,92
nm4754308,1.0,9,9,92
nm0004937,0.884616,9,9,3
nm7062993,0.884616,9,9,3
nm3915784,1.655614,18,18,3
nm8104400,0.884616,9,9,3
nm0000662,0.884616,9,9,3
nm0139936,0.956853,9,9,93
nm0420156,0.956853,9,9,93
nm0117369,1.0,9,9,95
nm0421690,1.0,9,9,95
nm2746065,1.0,9,9,95
nm0605186,1.0,9,9,95
nm2384460,0.938443,9,9,23
nm1115631,0.938443,9,9,23
nm0477108,0.877895,9,9,23
nm0482695,3.167323,36,36,23
nm0628827,0.877895,9,9,23
nm3280573,0.877895,9,9,23
nm10703382,0.909129,9,9,59
nm1231867,0.909129,9,9,59
nm5461020,1.0,9,9,88
nm7605654,1.0,9,9,88
nm6199057,1.0,9,9,88
nm4442319,0.915664,9,9,4
nm8948270,0.947355,9,9,4
nm6296438,0.947355,9,9,4
nm0015196,0.915664,9,9,4
nm9887655,0.947355,9,9,4
nm12077526,0.948678,9,9,8
nm12149834,0.948678,9,9,8
nm0541218,0.948678,9,9,8
nm3600675,0.948678,9,9,8
nm3720887,0.944863,9,9,24
nm0005236,1.0,9,9,96
nm0779067,1.0,9,9,96
nm0180452,1.0,9,9,96
nm0002090,1.0,9,9,78
nm1107060,1.0,9,9,78
nm1934381,1.0,9,9,78
nm0331577,0.923464,9,9,3
nm9160004,0.923464,9,9,3
nm0005378,0.941253,9,9,3
nm5381748,0.941253,9,9,3
nm1369375,0.941253,9,9,3
nm5977088,0.9418,9,9,6
nm6016389,0.956853,9,9,98
nm0385288,0.956853,9,9,98
nm1901252,1.77665,18,18,98
nm1621551,0.956853,9,9,98
nm0628877,1.0,9,9,100
nm4402890,1.0,9,9,100
nm6463418,0.856517,9,9,11
nm0620636,2.277602,27,27,11
nm10445558,0.887004,9,9,11
nm7641815,0.887004,9,9,11
nm0451864,1.582133,18,18,11
nm0006770,0.88477,9,9,11
nm0655799,0.88477,9,9,11
nm0764871,2.290509,27,27,11
nm6239374,0.88477,9,9,11
nm0771713,0.912975,9,9,12
nm10467895,0.912975,9,9,12
nm0290075,1.0,9,9,101
nm2814333,1.0,9,9,101
nm0007023,1.0,9,9,102
nm0090085,1.0,9,9,102
nm10528886,1.0,9,9,102
nm1488034,1.0,9,9,102
nm8205920,1.403166,18,18,11
nm0451561,1.46983,18,18,11
nm1434372,1.921586,25,27,524
nm8444699,0.739627,9,9,11
nm0451183,1.579165,18,18,11
nm0039596,1.352645,18,18,11
nm0611481,0.742636,9,9,11
nm1197464,0.742636,9,9,11
nm4188433,0.894747,9,9,11
nm0051856,0.894747,9,9,11
nm10337827,0.898679,9,9,103
nm10337832,0.898679,9,9,103
nm2672743,0.898679,9,9,103
nm9674956,0.927569,9,9,104
nm0851060,0.949921,9,9,104
nm2050259,0.949921,9,9,104
nm0057776,0.949921,9,9,104
nm1008972,0.949921,9,9,104
nm0307451,0.913706,9,9,107
nm0129227,0.913706,9,9,107
nm0264776,0.913706,9,9,107
nm1087555,0.913706,9,9,107
nm0321399,0.913706,9,9,107
nm0921632,0.913706,9,9,107
nm3654499,1.558496,18,18,108
nm4951669,0.811986,9,9,231
nm10394466,0.811986,9,9,231
nm0434593,1.11539,18,18,110
nm0645536,0.714458,9,9,110
nm1690914,0.714458,9,9,110
nm1715009,0.668546,9,9,110
nm5662804,0.637778,9,9,113
nm0419660,3.070093,52,54,533
nm10438308,0.637778,9,9,113
nm2806111,3.945256,63,72,1380
nm4005399,1.599093,25,27,1363
nm5470227,2.039917,32,36,1404
nm9513105,0.637778,9,9,113
nm0008704,1.612383,25,27,113
nm0911277,2.054317,35,36,533
nm10501091,0.681681,9,9,113
nm10501092,0.681681,9,9,113
nm8406548,0.681681,9,9,113
nm9714043,0.681681,9,9,113
nm1416640,2.484225,45,45,113
nm11418644,0.603917,9,9,113
nm9411656,2.008263,36,36,113
nm6630516,3.38656,58,63,1408
nm2786314,1.08381,18,18,113
nm5166644,1.065175,16,18,113
nm7465702,2.457457,42,45,474
nm2570245,1.442928,18,18,11
nm0009334,0.904773,9,9,115
nm0612217,2.467005,26,27,628
nm1035144,0.904773,9,9,115
nm2339451,0.904773,9,9,115
nm2657142,0.904773,9,9,115
nm0352640,0.904773,9,9,97
nm0225777,0.956853,9,9,116
nm1513584,0.956853,9,9,116
nm1693112,0.94774,9,9,119
nm2136329,0.94774,9,9,119
nm5207111,2.41642,27,27,56
nm9624935,0.900498,9,9,56
nm0012881,1.508684,18,18,11
nm10337044,0.809157,9,9,11
nm1363680,0.809157,9,9,11
nm0667074,2.978597,36,36,56
nm1373129,0.827489,9,9,56
nm3706447,0.827489,9,9,56
nm3889365,0.861547,9,9,56
nm6293177,0.861547,9,9,56
nm6208402,0.861547,9,9,56
nm1735120,0.903111,9,9,56
nm0014102,1.732036,18,18,124
nm0432479,0.948455,9,9,124
nm0575397,0.948455,9,9,124
nm3742340,0.920637,9,9,124
nm10433420,0.900315,9,9,126
nm1156207,0.872314,9,9,126
nm4457317,1.632778,17,18,1399
nm2622922,0.900315,9,9,126
nm3772235,0.872314,9,9,126
nm0032900,3.333586,50,63,177
nm0202135,1.454046,21,27,366
nm0434595,4.957687,70,90,490
nm0591097,1.039856,17,18,177
nm0594062,2.22114,34,36,525
nm2626347,0.893761,9,9,23
nm6880762,0.893761,9,9,23
nm8018569,0.893761,9,9,23
nm5035471,1.625263,18,18,23
nm0762807,2.743994,42,45,133
nm1800883,0.643657,9,9,110
nm0590985,1.683227,27,27,110
nm2852892,1.168359,17,18,739
nm2906571,0.659471,9,9,110
nm5023877,0.651688,9,9,548
nm0619107,2.292424,34,36,632
nm0993695,5.006156,62,90,739
nm9518014,0.659166,9,9,110
nm0946639,0.659166,9,9,110
nm1835962,2.100095,29,36,548
nm0015001,0.87146,9,9,11
nm1957308,1.553158,18,18,11
nm7744845,1.521898,18,18,3
nm4511741,0.87146,9,9,11
nm6780701,0.87146,9,9,11
nm7587855,0.87146,9,9,11
nm0467043,1.156385,18,18,110
nm0945836,1.58488,26,27,490
nm1829277,1.149397,16,18,505
nm0555474,1.66866,24,27,129
nm0880857,1.623369,19,27,615
nm10147280,0.635802,9,9,110
nm10500176,0.656143,9,9,110
nm2273418,1.127915,16,18,615
nm0023697,0.901321,9,9,131
nm1869798,0.881993,9,9,240
nm0436315,0.901321,9,9,131
nm0837475,1.96131,27,27,110
nm0913789,0.696069,9,9,110
nm1235277,0.696069,9,9,110
nm3699543,0.660445,9,9,110
nm0645385,0.684695,9,9,110
nm1394379,0.679564,9,9,110
nm1797076,1.165235,17,18,620
nm2148482,0.679564,9,9,110
nm0015176,2.847146,43,45,133
nm5706761,0.6988,9,9,110
nm0437482,0.755978,9,9,110
nm8021173,1.182315,18,18,110
nm10319953,0.67853,9,9,110
nm0437140,2.737389,39,45,548
nm1001213,2.696333,40,45,548
nm5083230,4.463785,54,81,739
nm7991474,0.64084,9,9,110
nm8017864,0.64084,9,9,110
nm9260127,0.598539,9,9,548
nm0559385,1.0,9,9,134
nm3851858,1.0,9,9,134
nm2317466,1.0,9,9,134
nm0003632,1.0,9,9,83
nm10681084,1.0,9,9,83
nm0016852,1.0,9,9,139
nm0022764,1.0,9,9,139
nm6398395,1.0,9,9,139
nm1273697,1.0,9,9,139
nm1944869,1.0,9,9,140
nm4775166,1.0,9,9,140
nm3575147,0.743345,9,9,142
nm7732675,2.027026,22,27,142
nm8192103,1.34161,13,18,142
nm0018080,1.0,9,9,143
nm1437257,1.0,9,9,143
nm2837860,1.0,9,9,143
nm11006176,0.735583,9,9,11
nm2718017,1.990203,26,27,144
nm3444244,0.730569,9,9,11
nm3557375,1.976849,27,27,11
nm5912310,0.699932,9,9,11
nm7848050,0.742761,9,9,11
nm0712439,0.699932,9,9,11
nm6213877,2.639462,36,36,11
nm7457611,1.512886,18,18,11
nm8402598,0.730569,9,9,11
nm3065296,0.742761,9,9,11
nm5584853,1.293445,16,18,524
nm0222181,1.417613,18,18,13
nm10813453,0.781074,9,9,19
nm9686121,0.781074,9,9,19
nm6244410,1.0,9,9,147
nm9876338,1.0,9,9,147
nm0707548,1.77665,18,18,148
nm1136654,0.956853,9,9,148
nm5572999,0.956853,9,9,148
nm0019994,1.0,9,9,149
nm4511772,1.0,9,9,149
nm5678481,1.0,9,9,149
nm10443700,1.0,9,9,149
nm10443714,1.0,9,9,149
nm0130794,1.0,9,9,60
nm0570971,1.0,9,9,60
nm0001119,1.0,9,9,60
nm0543350,1.0,9,9,60
nm0836168,1.0,9,9,60
nm0507320,0.875269,9,9,59
nm1758989,0.937615,9,9,59
nm2940506,0.937615,9,9,59
nm0021607,0.956853,9,9,151
nm3755774,0.956853,9,9,151
nm1863658,0.956853,9,9,151
nm7756902,1.77665,18,18,151
nm5590630,0.948455,9,9,152
nm0523933,0.948455,9,9,152
nm0109140,0.948455,9,9,152
nm0071416,0.921881,9,9,8
nm0553186,0.920473,9,9,33
nm0541126,1.484268,18,18,11
nm2072883,0.76315,9,9,11
nm3603343,0.922359,9,9,110
nm2596845,0.922359,9,9,110
nm3614071,0.922359,9,9,110
nm0586534,0.922359,9,9,110
nm0637894,1.588813,18,18,110
nm5560964,0.956853,9,9,155
nm1523195,0.956853,9,9,155
nm5353990,0.956853,9,9,155
nm0434557,0.616629,9,9,156
nm0406727,2.688363,43,45,177
nm1268681,2.674223,43,45,113
nm5212072,3.06833,52,54,474
nm5551869,0.602382,9,9,113
nm9503309,1.55607,26,27,474
nm10319175,0.913706,9,9,159
nm6224176,0.913706,9,9,159
nm11958700,0.843153,9,9,161
nm12295372,0.843153,9,9,161
nm0080238,1.527787,18,18,11
nm10662234,0.901757,9,9,11
nm6419392,2.162139,27,27,11
nm6783918,0.783281,9,9,11
nm9867670,0.901757,9,9,11
nm5474657,0.901757,9,9,11
nm10662237,0.901757,9,9,11
nm3223429,1.464618,18,18,11
nm6489795,1.427912,18,18,11
nm0835738,1.0,9,9,166
nm0029695,0.956853,9,9,167
nm0720879,1.0,9,9,168
nm0770726,1.0,9,9,168
nm8080155,1.0,9,9,168
nm0619247,1.0,9,9,71
nm0149802,0.860946,9,9,169
nm3103280,0.860946,9,9,169
nm0030214,1.0,9,9,170
nm0808104,1.0,9,9,170
nm0030278,0.956853,9,9,148
nm0158920,0.956853,9,9,148
nm0946852,0.956853,9,9,148
nm8951197,0.835915,9,9,11
nm0103976,2.182372,27,27,11
nm10691848,0.835915,9,9,11
nm3648279,1.560413,18,18,11
nm0234035,1.0,9,9,171
nm0602941,1.0,9,9,171
nm2563547,1.0,9,9,172
nm10441643,1.0,9,9,172
nm0031524,1.0,9,9,173
nm0849437,0.80507,9,9,176
nm10323181,0.80507,9,9,176
nm5095853,1.211207,18,18,110
nm1589340,0.900226,9,9,21
nm0898408,0.900226,9,9,21
nm0768893,0.909699,9,9,33
nm1384939,0.909699,9,9,33
nm9189677,0.909699,9,9,33
nm0056333,0.914155,9,9,33
nm1649671,0.914155,9,9,33
nm0594640,2.518477,36,45,177
nm0367917,0.717733,9,9,110
nm0590931,1.789422,27,27,110
nm1283995,0.643226,9,9,110
nm0619098,0.641816,9,9,110
nm0847302,2.766179,43,45,177
nm5509020,0.660641,9,9,110
nm0051812,1.095306,17,18,219
nm1792907,1.026261,17,18,490
nm3176630,1.097908,18,18,129
nm0028286,1.0,9,9,164
nm0346485,1.0,9,9,164
nm1595572,1.280123,22,36,553
nm1800631,1.013789,20,27,1354
nm2360187,1.155744,13,36,178
nm2876818,1.873094,18,63,321
nm0441102,2.958008,34,99,553
nm2361483,2.505574,32,81,321
nm10014033,0.421485,9,9,178
nm10306721,0.854405,9,27,321
nm1745545,1.303873,25,36,1347
nm2418329,2.959564,35,99,553
nm0256873,1.856702,26,27,419
nm0367370,0.770786,9,9,110
nm0652708,0.770786,9,9,110
nm1366376,1.40674,18,18,110
nm0633997,0.770786,9,9,110
nm0848993,0.770786,9,9,110
nm0406718,1.315022,18,18,110
nm10338986,0.77301,9,9,110
nm0457204,0.720558,9,9,110
nm0457492,2.298446,35,36,560
nm0476182,0.720558,9,9,110
nm2331586,0.77301,9,9,110
nm2416407,0.77301,9,9,110
nm10328862,0.434446,9,9,178
nm1655798,0.734572,17,18,1346
nm1846851,0.486662,9,9,178
nm10334425,0.486662,9,9,178
nm10334426,0.486662,9,9,178
nm1698868,1.448235,29,36,1347
nm0847651,1.538047,18,18,110
nm0033389,0.891356,9,9,180
nm0080925,0.891356,9,9,180
nm1603688,1.670069,18,18,180
nm12559803,1.0,9,9,181
nm8874429,1.0,9,9,181
nm4998103,0.885159,9,9,56
nm2895992,0.885159,9,9,56
nm4404205,0.909184,9,9,56
nm10864377,0.909184,9,9,56
nm5207292,0.885159,9,9,56
nm0034315,1.77665,18,18,182
nm0285726,0.956853,9,9,182
nm6640118,0.956853,9,9,182
nm10629196,0.921881,9,9,163
nm11506715,0.921881,9,9,163
nm2717001,0.939472,9,9,114
nm1110186,0.939472,9,9,114
nm0971135,0.896875,9,9,6
nm10356440,0.896875,9,9,6
nm0034884,0.609809,9,9,110
nm0297669,1.139061,18,18,110
nm3250978,0.65391,9,9,110
nm13244816,0.66325,9,9,548
nm0034953,0.663009,9,9,113
nm9612757,0.650712,9,9,113
nm10413848,0.609584,9,9,113
nm2827761,2.643671,43,45,474
nm8358334,0.650712,9,9,113
nm9460096,0.650712,9,9,113
nm0037490,0.899282,9,9,184
nm0100343,1.0,9,9,185
nm10494106,1.0,9,9,185
nm0375792,1.0,9,9,188
nm4388825,1.0,9,9,188
nm0575671,1.57123,18,18,56
nm2239666,0.818982,9,9,111
nm5828184,1.495827,18,18,111
nm0788787,0.818982,9,9,111
nm3860266,0.905844,9,9,110
nm3358475,0.857128,9,9,110
nm0637603,0.847195,9,9,110
nm0836682,1.0,9,9,190
nm7345201,1.0,9,9,190
nm0583681,1.0,9,9,190
nm1228072,1.0,9,9,190
nm0632967,1.44344,18,18,110
nm1011131,1.375351,18,18,110
nm2577171,0.762594,9,9,110
nm10642773,1.0,9,9,192
nm10233227,1.0,9,9,192
nm1512499,0.946,9,9,59
nm1938892,0.946,9,9,59
nm0149218,0.845384,9,9,110
nm0297873,0.845384,9,9,110
nm3640154,1.536952,18,18,110
nm11758681,1.0,9,9,193
nm1201852,1.0,9,9,193
nm3130490,1.0,9,9,193
nm1172749,1.0,9,9,193
nm0039906,1.0,9,9,194
nm1254410,1.0,9,9,194
nm9276318,1.0,9,9,194
nm2745966,1.0,9,9,194
nm0258574,1.377077,17,18,402
nm0333104,0.798,9,9,252
nm0463953,1.378545,17,18,402
nm2485504,0.776688,9,9,402
nm0181881,0.772572,9,9,343
nm0850809,2.121248,26,27,402
nm0876847,1.475919,18,18,252
nm1002067,0.771104,9,9,195
nm0348126,0.798,9,9,252
nm0411203,1.442825,18,18,195
nm0654758,0.772572,9,9,343
nm0663708,0.743029,9,9,402
nm1759116,0.770665,9,9,252
nm2547435,1.376638,16,18,402
nm2552308,1.376638,16,18,402
nm1662613,0.813074,9,9,111
nm4221521,1.530702,18,18,111
nm8808602,0.813074,9,9,111
nm8004222,1.447624,18,18,111
nm8095213,1.49134,18,18,111
nm10535601,0.813074,9,9,111
nm0051502,2.485572,34,36,216
nm0411770,2.420817,35,36,525
nm0434553,0.747494,9,9,110
nm10280578,1.0,9,9,197
nm1187153,1.0,9,9,197
nm7739410,0.956853,9,9,198
nm3762743,0.956853,9,9,198
nm3893525,0.956853,9,9,198
nm0320721,1.0,9,9,199
nm0495920,1.0,9,9,199
nm0043268,1.0,9,9,203
nm1364748,1.0,9,9,203
nm10501333,1.0,9,9,203
nm10501331,1.0,9,9,203
nm0457953,3.557415,50,54,216
nm0875444,0.891901,9,9,110
nm10449325,1.0,9,9,117
nm0009496,1.0,9,9,117
nm10449336,1.0,9,9,117
nm3057476,1.0,9,9,117
nm3736492,0.948455,9,9,124
nm1734877,0.708495,9,9,110
nm0044452,0.677961,9,9,110
nm0620241,1.195831,17,18,494
nm0044729,0.810202,9,9,111
nm0044762,1.690329,18,18,11
nm0924552,1.651057,18,18,11
nm1495175,0.908091,9,9,11
nm3114205,1.0,9,9,205
nm4182912,1.0,9,9,205
nm4792262,1.0,9,9,205
nm2208068,0.854415,9,9,108
nm1763797,0.854415,9,9,108
nm0024910,0.854415,9,9,108
nm0625936,0.919704,9,9,180
nm1903154,0.949921,9,9,206
nm3315962,0.949921,9,9,206
nm4948685,1.0,9,9,207
nm5412668,1.0,9,9,207
nm7643294,1.0,9,9,207
nm1420358,1.0,9,9,109
nm0008203,1.0,9,9,109
nm1084879,1.0,9,9,109
nm1908630,1.0,9,9,209
nm0581781,0.947369,9,9,180
nm11127862,0.947369,9,9,180
nm5761414,0.915769,9,9,180
nm7977067,0.915769,9,9,180
nm9048430,0.915769,9,9,180
nm0477461,0.784633,9,9,110
nm0848964,1.420825,18,18,110
nm0297686,1.581909,18,18,110
nm10379174,0.924696,9,9,110
nm8774105,0.924696,9,9,110
nm0707463,0.920637,9,9,124
nm10322068,0.921881,9,9,210
nm4692269,0.948678,9,9,210
nm1253235,0.948678,9,9,210
nm0460739,0.921881,9,9,210
nm0048121,0.94774,9,9,1
nm2340153,0.94774,9,9,1
nm0411214,1.0,9,9,211
nm0199133,1.0,9,9,211
nm0312593,1.0,9,9,211
nm0186120,1.0,9,9,212
nm2469669,1.0,9,9,212
nm7757481,1.0,9,9,212
nm0441592,1.0,9,9,212
nm3957948,1.0,9,9,212
nm8153482,1.0,9,9,213
nm1923286,1.0,9,9,213
nm4060528,1.0,9,9,213
nm10400620,0.956853,9,9,214
nm0051761,0.886925,9,9,110
nm2316240,1.600452,18,18,110
nm6603449,0.886925,9,9,110
nm0468729,0.886925,9,9,110
nm0051765,7.861295,92,252,217
nm2380781,0.66821,13,18,217
nm2386632,2.33833,27,81,217
nm2609895,2.526912,31,81,217
nm10288589,0.404207,9,9,110
nm10280980,1.357026,20,45,217
nm10280998,0.381703,9,9,217
nm1514686,0.91714,18,18,110
nm1580115,0.888576,15,27,217
nm1697156,0.420269,9,9,217
nm2385252,0.792779,10,18,217
nm2389777,0.876656,15,27,217
nm2487748,0.405386,9,9,217
nm2750565,0.792779,10,18,217
nm10295744,0.430145,9,9,217
nm0431259,0.949921,9,9,218
nm1669870,0.949921,9,9,218
nm0865799,1.691584,26,27,128
nm5241981,0.631898,9,9,110
nm0623419,0.943228,9,9,103
nm0882398,0.943228,9,9,103
nm0465236,0.803509,9,9,110
nm0881540,2.223876,33,36,129
nm0409272,0.67089,9,9,110
nm0594381,0.6345,9,9,129
nm0864798,0.755028,9,9,482
nm10079895,0.846274,9,9,11
nm5144780,0.846274,9,9,11
nm10418688,1.0,9,9,221
nm0055264,1.0,9,9,224
nm7224978,1.0,9,9,224
nm10450051,1.0,9,9,224
nm5862036,1.0,9,9,224
nm8350918,1.0,9,9,224
nm0101558,0.948678,9,9,226
nm2875282,0.948678,9,9,226
nm1687610,0.906011,9,9,111
nm8870296,0.882889,9,9,142
nm0060934,1.0,9,9,229
nm4666955,1.0,9,9,229
nm0322742,1.0,9,9,229
nm7349347,1.0,9,9,229
nm0062509,0.956853,9,9,230
nm0579076,0.956853,9,9,230
nm1960985,0.956853,9,9,230
nm0858128,0.890329,9,9,11
nm0542343,0.890329,9,9,11
nm1702781,0.919857,9,9,118
nm1747294,0.919857,9,9,118
nm10331652,1.0,9,9,232
nm9947816,1.0,9,9,232
nm10331659,1.0,9,9,232
nm10331662,1.0,9,9,232
nm0451345,0.851202,9,9,103
nm0069168,0.934321,9,9,30
nm10743068,0.915172,9,9,152
nm11210709,0.920637,9,9,152
nm11304636,0.920637,9,9,152
nm10395996,1.0,9,9,238
nm9445747,1.0,9,9,238
nm1639737,0.901911,9,9,110
nm10465363,0.901911,9,9,110
nm7056693,0.927846,9,9,240
nm10365865,0.927846,9,9,240
nm0308391,1.0,9,9,241
nm0073426,0.92796,9,9,19
nm2377888,0.831944,9,9,13
nm8646848,0.92796,9,9,19
nm11312572,0.92796,9,9,19
nm2204932,0.831944,9,9,13
nm3816502,0.831944,9,9,13
nm7934016,2.163079,27,27,11
nm13154970,1.0,9,9,242
nm0076482,0.949921,9,9,244
nm1096341,1.740434,18,18,244
nm11358102,0.945843,9,9,200
nm0898653,0.945843,9,9,200
nm0698949,1.0,9,9,247
nm10583256,1.0,9,9,247
nm0101400,0.901547,9,9,33
nm6076321,0.901547,9,9,33
nm3607224,0.91363,9,9,11
nm5499780,0.91363,9,9,11
nm1335387,0.91363,9,9,11
nm3597462,0.91363,9,9,11
nm1559594,0.84982,9,9,11
nm10529329,0.84982,9,9,11
nm4928007,0.84982,9,9,11
nm13113295,0.893972,9,9,851
nm3070408,0.818393,9,9,11
nm5296909,0.818755,9,9,11
nm1728630,1.473276,18,18,11
nm8408274,0.866429,9,9,11
nm0792911,0.818393,9,9,11
nm10568842,0.818755,9,9,11
nm1099597,1.407807,17,18,545
nm5947724,0.893972,9,9,851
nm8444816,0.866429,9,9,11
nm8635760,1.0,9,9,249
nm12615674,0.850484,9,9,11
nm7535030,0.850484,9,9,11
nm10339446,0.935099,9,9,19
nm10339445,0.935099,9,9,19
nm1466156,1.0,9,9,250
nm5171503,1.0,9,9,250
nm0080900,1.0,9,9,251
nm10446087,1.0,9,9,251
nm10446092,1.0,9,9,251
nm9278535,1.0,9,9,251
nm10332525,1.0,9,9,251
nm7296699,1.0,9,9,251
nm9521992,0.915769,9,9,180
nm0756203,1.726082,18,18,180
nm0149286,0.943792,9,9,1
nm0436648,0.915172,9,9,124
nm0997634,1.693288,18,18,124
nm0412915,0.915172,9,9,124
nm1401729,0.915172,9,9,124
nm0410160,0.948073,9,9,6
nm1475260,0.850609,9,9,11
nm0695177,3.419253,44,45,665
nm4062141,0.850609,9,9,11
nm4861046,0.850609,9,9,11
nm9103143,0.850609,9,9,11
nm0849983,1.0,9,9,255
nm10371564,1.0,9,9,255
nm10286273,0.956853,9,9,151
nm10368335,0.956853,9,9,151
nm1902916,0.956853,9,9,151
nm2022559,0.956853,9,9,256
nm0217221,0.956853,9,9,256
nm2995162,0.956853,9,9,256
nm0090965,1.0,9,9,259
nm7621475,1.0,9,9,259
nm3998232,1.0,9,9,260
nm0803889,0.908054,9,9,3
nm0625789,0.908054,9,9,3
nm4534098,0.908054,9,9,3
nm0021373,1.0,9,9,150
nm0470050,1.0,9,9,150
nm0811867,0.956853,9,9,264
nm4537347,0.956853,9,9,264
nm0275687,1.0,9,9,265
nm1458668,0.90858,9,9,55
nm2098839,0.90858,9,9,55
nm2983438,0.90858,9,9,55
nm0911976,0.90858,9,9,55
nm2432160,0.90858,9,9,55
nm1679834,0.904493,9,9,36
nm5660559,0.904493,9,9,36
nm1926211,0.943593,9,9,220
nm0161122,1.0,9,9,266
nm0309575,1.0,9,9,267
nm3387934,1.0,9,9,267
nm1341442,1.0,9,9,267
nm0253219,1.0,9,9,162
nm0529452,1.0,9,9,162
nm0098284,1.0,9,9,269
nm8146831,1.0,9,9,269
nm3780453,1.0,9,9,270
nm5871653,1.0,9,9,270
nm8547011,1.517766,15,18,563
nm0099561,1.0,9,9,62
nm0562210,1.0,9,9,62
nm4254660,1.642883,18,18,21
nm2071960,0.897379,9,9,21
nm1792644,0.897379,9,9,21
nm8819623,0.897379,9,9,21
nm0694066,3.146549,36,36,11
nm7008542,0.917717,9,9,11
nm3909882,0.917717,9,9,11
nm1494687,0.808777,9,9,195
nm0084908,0.906317,9,9,11
nm3059813,1.676487,18,18,11
nm4680915,0.906317,9,9,11
nm4936620,1.472975,18,18,11
nm0626865,1.0,9,9,275
nm0105984,0.927569,9,9,276
nm0999309,0.927569,9,9,276
nm0291731,0.927569,9,9,276
nm10573242,0.956853,9,9,277
nm0107165,0.948678,9,9,163
nm7545798,0.9098,9,9,59
nm0001117,1.634841,18,18,59
nm8812543,0.9098,9,9,59
nm6965680,0.861119,9,9,21
nm9976809,0.861119,9,9,21
nm0107792,1.0,9,9,278
nm1555994,1.0,9,9,278
nm2061734,1.0,9,9,278
nm5462040,1.0,9,9,279
nm0329586,1.0,9,9,282
nm0609820,1.0,9,9,282
nm7587704,0.930135,9,9,55
nm8759776,0.930135,9,9,55
nm1220531,2.323226,26,27,329
nm0652292,0.843114,9,9,55
nm4745013,0.843114,9,9,55
nm0116178,1.0,9,9,284
nm3880803,1.0,9,9,284
nm2204974,1.0,9,9,228
nm0957193,1.0,9,9,228
nm2646937,1.0,9,9,228
nm0679150,1.68503,18,18,33
nm0000674,1.0,9,9,47
nm0298050,1.0,9,9,47
nm2964342,1.0,9,9,47
nm1284928,0.921881,9,9,226
nm4288541,0.921881,9,9,226
nm3193433,0.921881,9,9,226
nm0161655,1.0,9,9,286
nm10308230,1.0,9,9,286
nm10877187,1.0,9,9,287
nm1135487,1.0,9,9,287
nm0423518,0.943427,9,9,36
nm3446914,0.943427,9,9,36
nm8020783,0.943427,9,9,36
nm12012459,1.0,9,9,291
nm6143750,1.0,9,9,291
nm6221158,0.938757,9,9,3
nm5160752,0.938757,9,9,3
nm5946818,0.938757,9,9,3
nm0349522,1.624085,18,18,33
nm0253216,0.899485,9,9,33
nm0135039,1.0,9,9,294
nm10344380,1.0,9,9,294
nm4662945,1.0,9,9,294
nm10344376,1.0,9,9,294
nm10344378,1.0,9,9,294
nm10265475,1.0,9,9,295
nm0342111,1.0,9,9,295
nm0615905,1.0,9,9,295
nm1679997,1.0,9,9,296
nm2378577,1.0,9,9,296
nm3356281,1.0,9,9,297
nm0139057,1.0,9,9,138
nm0221732,1.0,9,9,138
nm7327824,0.956853,9,9,93
nm7504002,0.956853,9,9,93
nm0559869,0.956853,9,9,93
nm3160752,0.956853,9,9,93
nm0140755,0.956853,9,9,44
nm10312461,0.956853,9,9,44
nm6261003,0.905679,9,9,36
nm6617576,1.0,9,9,305
nm9428255,1.0,9,9,305
nm3259962,1.0,9,9,72
nm0145951,1.77665,18,18,306
nm10277611,0.956853,9,9,306
nm9345967,1.0,9,9,307
nm10455290,1.0,9,9,308
nm3523995,1.0,9,9,308
nm2921856,0.864111,9,9,252
nm0359129,0.864111,9,9,252
nm1256435,0.864111,9,9,252
nm0265764,0.933216,9,9,56
nm10419099,0.933216,9,9,56
nm0047270,0.933216,9,9,56
nm10419100,0.933216,9,9,56
nm0408458,0.834939,9,9,195
nm1387306,0.864411,9,9,310
nm3366443,1.587675,18,18,310
nm1569756,0.864411,9,9,310
nm0149846,1.587778,18,18,310
nm3403776,0.864411,9,9,310
nm8928086,0.865791,9,9,310
nm0267656,1.723234,18,18,3
nm0682762,0.913484,9,9,3
nm5212267,1.0,9,9,311
nm8696788,1.0,9,9,311
nm0235460,1.0,9,9,311
nm6249052,0.948678,9,9,123
nm0702672,0.921881,9,9,123
nm3079015,0.921881,9,9,123
nm2924294,0.921881,9,9,123
nm7897290,1.0,9,9,312
nm0151009,1.0,9,9,312
nm5601894,1.0,9,9,312
nm1069416,0.852313,9,9,11
nm9598771,0.852313,9,9,11
nm2336722,0.869363,9,9,23
nm11084815,0.869363,9,9,23
nm9410159,0.886557,9,9,23
nm3725393,0.869363,9,9,23
nm5149048,0.869363,9,9,23
nm7613067,0.886557,9,9,23
nm8288748,0.886557,9,9,23
nm1417931,1.0,9,9,313
nm9841773,1.0,9,9,313
nm5463002,1.0,9,9,313
nm7467777,0.85894,9,9,310
nm3359107,0.85894,9,9,310
nm0304709,0.921881,9,9,314
nm0523717,0.921881,9,9,314
nm4410924,0.921881,9,9,314
nm0159483,0.868559,9,9,23
nm0504942,1.620532,18,18,23
nm0158378,0.868559,9,9,23
nm4629732,1.0,9,9,315
nm0229866,0.943792,9,9,65
nm3353199,0.943792,9,9,65
nm8177465,0.919144,9,9,23
nm0955496,0.919144,9,9,23
nm4061711,0.949921,9,9,316
nm0812223,0.949921,9,9,316
nm11744221,0.949921,9,9,316
nm0238475,1.740434,18,18,316
nm0156857,0.903971,9,9,21
nm0223607,0.903971,9,9,21
nm3428003,0.903971,9,9,21
nm0324845,2.249372,27,27,19
nm0311209,0.949921,9,9,317
nm10396815,0.949921,9,9,317
nm1155340,0.949921,9,9,317
nm11052863,0.91291,9,9,23
nm7889241,0.91291,9,9,23
nm11052767,0.91291,9,9,23
nm8787050,1.722633,18,18,23
nm0906436,0.921881,9,9,123
nm1595878,0.921881,9,9,123
nm0945999,1.733503,18,18,123
nm2103907,0.921881,9,9,123
nm0157098,1.0,9,9,319
nm0738873,1.0,9,9,319
nm1146797,1.0,9,9,319
nm1494072,1.0,9,9,319
nm3441675,1.0,9,9,319
nm0157133,0.89638,9,9,110
nm0354490,0.860347,9,9,110
nm2958957,0.860347,9,9,110
nm7124125,0.860347,9,9,110
nm1284734,1.048353,15,18,177
nm2198906,1.77665,18,18,320
nm4601531,1.0,9,9,322
nm8476463,1.0,9,9,322
nm0158320,0.956853,9,9,324
nm1399007,0.886301,9,9,126
nm1799506,0.949921,9,9,42
nm4193969,0.949921,9,9,42
nm9483653,0.927569,9,9,42
nm0541507,1.740434,18,18,42
nm1397536,0.887563,9,9,11
nm0788903,1.59127,18,18,11
nm4949471,1.600452,18,18,11
nm2615164,1.0,9,9,325
nm10457412,1.0,9,9,325
nm1341478,1.0,9,9,327
nm1688117,1.0,9,9,327
nm3514295,1.0,9,9,327
nm16445504,0.86875,9,9,329
nm16445506,0.86875,9,9,329
nm16445502,0.86875,9,9,329
nm3822462,0.828623,9,9,110
nm4390501,0.871342,9,9,110
nm0297670,0.871342,9,9,110
nm3870544,0.871342,9,9,110
nm9031122,1.0,9,9,330
nm10528041,1.0,9,9,330
nm10528043,1.0,9,9,330
nm9031127,1.0,9,9,330
nm0190503,1.0,9,9,332
nm0610612,1.0,9,9,332
nm6506136,0.874396,9,9,30
nm0167728,0.911193,9,9,56
nm1207895,1.676471,18,18,56
nm2276340,1.0,9,9,333
nm0230483,1.0,9,9,333
nm7286379,1.0,9,9,243
nm2146863,1.0,9,9,243
nm0075710,1.0,9,9,243
nm11004909,0.938831,9,9,33
nm11068066,0.938831,9,9,33
nm0356017,0.913549,9,9,33
nm0536095,1.68246,18,18,33
nm4402518,0.880684,9,9,33
nm8962705,0.880684,9,9,33
nm0959944,1.688185,18,18,6
nm0494270,0.943427,9,9,36
nm0250945,0.927569,9,9,206
nm0180720,0.856618,9,9,56
nm5381481,0.856618,9,9,56
nm6380671,0.856618,9,9,56
nm0736115,1.0,9,9,344
nm0968838,1.0,9,9,344
nm7642065,1.0,9,9,344
nm8405537,1.0,9,9,344
nm5055028,1.680717,18,18,345
nm6305497,0.938732,9,9,345
nm0231873,0.938732,9,9,345
nm1403803,0.900653,9,9,220
nm1041596,1.70719,18,18,220
nm5632727,0.938831,9,9,33
nm0184087,1.0,9,9,347
nm0267724,0.89594,9,9,348
nm10136189,1.637861,18,18,348
nm1676551,0.89594,9,9,348
nm1864017,1.61582,18,18,348
nm4325788,0.89594,9,9,348
nm8016666,0.89594,9,9,348
nm0185794,1.0,9,9,350
nm0839146,1.0,9,9,350
nm4255507,1.0,9,9,350
nm1324819,1.0,9,9,350
nm10498897,1.0,9,9,351
nm4323771,1.0,9,9,351
nm4678298,1.0,9,9,352
nm9848296,1.0,9,9,352
nm5203487,1.0,9,9,352
nm11236515,1.0,9,9,353
nm11236545,1.0,9,9,353
nm8043810,1.0,9,9,353
nm2686618,0.948678,9,9,163
nm0620808,0.948678,9,9,163
nm0933987,1.0,9,9,354
nm3408189,1.0,9,9,354
nm6205905,0.956853,9,9,355
nm4935021,0.956853,9,9,355
nm1354359,0.948431,9,9,33
nm10530488,0.948431,9,9,33
nm10886395,0.956853,9,9,116
nm6021307,0.956853,9,9,116
nm6721658,0.956853,9,9,116
nm0191450,0.947041,9,9,59
nm8511955,0.947041,9,9,59
nm0186883,0.947041,9,9,59
nm0736263,1.724321,18,18,59
nm7344328,0.947041,9,9,59
nm0839486,1.0,9,9,357
nm0289357,1.0,9,9,357
nm8754981,0.941793,9,9,43
nm0541408,0.921881,9,9,210
nm1914603,0.921881,9,9,210
nm4781185,0.921881,9,9,210
nm0991459,0.948678,9,9,210
nm8817221,0.948678,9,9,210
nm10514467,1.0,9,9,358
nm10514468,1.0,9,9,358
nm11778043,0.956853,9,9,302
nm3918488,0.956853,9,9,302
nm4580166,0.956853,9,9,302
nm0196375,0.857004,9,9,11
nm11541660,1.0,9,9,362
nm4101208,1.0,9,9,362
nm0374949,0.903582,9,9,36
nm1311741,1.654985,18,18,36
nm4544506,0.903582,9,9,36
nm1228419,0.87699,9,9,371
nm4162879,0.902518,9,9,59
nm0655761,1.0,9,9,183
nm6281649,1.0,9,9,373
nm10582238,1.0,9,9,373
nm3838543,1.0,9,9,373
nm0209417,1.0,9,9,374
nm0479098,1.0,9,9,374
nm15861973,1.0,9,9,374
nm1898365,1.0,9,9,374
nm5259014,1.0,9,9,374
nm5277259,1.0,9,9,374
nm0209429,1.0,9,9,375
nm7228332,1.0,9,9,375
nm14333924,1.0,9,9,375
nm8999813,1.0,9,9,375
nm3018533,1.0,9,9,376
nm1022949,1.0,9,9,376
nm0317863,1.0,9,9,376
nm9408069,0.878765,9,9,113
nm4939566,0.853992,9,9,310
nm7305760,0.853992,9,9,310
nm1242253,0.943228,9,9,103
nm8884729,0.943228,9,9,103
nm3781910,0.943228,9,9,103
nm10337610,1.704828,18,18,103
nm0214343,1.0,9,9,380
nm1640863,1.0,9,9,380
nm9286165,1.0,9,9,380
nm16259818,1.0,9,9,381
nm7491912,1.0,9,9,381
nm7592743,1.0,9,9,382
nm6454827,1.0,9,9,382
nm2325602,0.943792,9,9,65
nm2420725,0.943792,9,9,65
nm0559992,0.943792,9,9,65
nm0584575,0.943792,9,9,65
nm8809554,0.943792,9,9,65
nm8521564,0.921881,9,9,226
nm8627581,1.0,9,9,385
nm8505847,1.0,9,9,385
nm0219558,0.956853,9,9,387
nm0876657,1.77665,18,18,387
nm1874598,0.956853,9,9,387
nm1065166,0.892565,9,9,36
nm0220183,0.927569,9,9,316
nm10369967,0.949921,9,9,316
nm5065265,0.949921,9,9,316
nm3966537,0.949921,9,9,316
nm0581953,0.949921,9,9,316
nm10438788,0.956853,9,9,389
nm1702868,0.744475,9,9,11
nm0451600,1.47793,18,18,11
nm0621937,1.339262,18,18,11
nm0720763,1.401147,18,18,11
nm10890808,0.781687,9,9,11
nm11130526,0.744475,9,9,11
nm8179407,0.791139,9,9,11
nm3001807,1.497115,18,18,11
nm0222150,0.919119,9,9,11
nm6665182,0.919119,9,9,11
nm6598222,0.919119,9,9,11
nm1235052,1.730831,18,18,349
nm7165185,0.927569,9,9,331
nm0223606,0.896258,9,9,21
nm4702390,0.896258,9,9,21
nm8450324,0.896258,9,9,21
nm10866046,1.0,9,9,390
nm7351371,1.0,9,9,390
nm10952407,1.0,9,9,390
nm12615768,1.0,9,9,390
nm10467152,1.0,9,9,391
nm10467158,1.0,9,9,391
nm0691409,0.927569,9,9,218
nm9154250,1.0,9,9,395
nm2444299,0.907451,9,9,3
nm0612117,0.934412,9,9,59
nm0908914,1.659453,18,18,59
nm2255441,0.934412,9,9,59
nm5393378,0.934412,9,9,59
nm6687568,0.949921,9,9,218
nm5218368,1.0,9,9,398
nm6781977,1.0,9,9,398
nm1645195,0.949921,9,9,244
nm0295074,0.927569,9,9,244
nm10487855,0.927569,9,9,244
nm0218615,0.949921,9,9,244
nm0626083,0.927569,9,9,244
nm1316701,0.949921,9,9,244
nm3808844,1.0,9,9,399
nm5169583,1.0,9,9,401
nm3129512,1.0,9,9,401
nm4392192,1.0,9,9,401
nm1595810,1.0,9,9,403
nm2619970,1.0,9,9,403
nm6552871,1.0,9,9,403
nm2234478,1.0,9,9,405
nm0540038,1.0,9,9,406
nm8557211,1.0,9,9,406
nm0510620,1.0,9,9,409
nm2386605,1.0,9,9,409
nm2117556,1.0,9,9,409
nm2834669,0.937683,9,9,6
nm0248371,1.0,9,9,410
nm0284734,1.0,9,9,410
nm1197780,1.0,9,9,410
nm6803605,0.919294,9,9,11
nm0547578,0.919294,9,9,11
nm5782660,0.919294,9,9,11
nm1168078,0.812615,9,9,110
nm1242836,0.812615,9,9,110
nm7682933,0.812615,9,9,110
nm7490195,1.70488,18,18,411
nm0250613,0.863628,9,9,30
nm10464461,0.863628,9,9,30
nm3029704,1.661536,18,18,30
nm4452069,1.0,9,9,46
nm1212722,0.880111,9,9,6
nm7961780,0.880111,9,9,6
nm0836121,0.880111,9,9,6
nm1133558,0.874694,9,9,136
nm8413523,0.956853,9,9,57
nm7742646,1.0,9,9,417
nm0865302,1.726399,18,18,43
nm0522324,0.91602,9,9,43
nm0256861,1.595129,18,18,110
nm1698994,0.872282,9,9,110
nm7527785,0.872282,9,9,110
nm7827998,0.872282,9,9,110
nm0357249,0.859903,9,9,110
nm0354560,0.859903,9,9,110
nm0865076,0.702874,9,9,110
nm1524484,0.730558,9,9,110
nm0297754,0.730558,9,9,110
nm0559607,0.702874,9,9,110
nm1699058,0.902943,9,9,137
nm1097940,1.351819,17,18,1268
nm1186378,0.703137,9,9,110
nm1518573,1.351819,17,18,1268
nm1363801,1.257523,18,18,110
nm0849481,0.700554,9,9,110
nm4070385,0.814976,9,9,252
nm8860509,1.0,9,9,423
nm2771745,1.0,9,9,423
nm4941490,1.0,9,9,423
nm2504855,0.914171,9,9,424
nm2148922,0.914171,9,9,424
nm0260884,1.0,9,9,425
nm0508708,1.0,9,9,425
nm10431639,1.0,9,9,425
nm0535761,0.916683,9,9,118
nm0349510,0.916683,9,9,118
nm0407174,0.916683,9,9,118
nm2419779,0.916683,9,9,118
nm11995543,0.949921,9,9,427
nm4503157,0.949921,9,9,427
nm10710420,0.949921,9,9,427
nm10440018,0.949921,9,9,427
nm11840724,1.740434,18,18,427
nm8329218,0.949921,9,9,427
nm1367995,0.900816,9,9,111
nm2751824,0.865117,9,9,111
nm4983775,0.865117,9,9,111
nm7573814,1.666687,18,18,36
nm3156150,0.888459,9,9,36
nm7466077,0.862898,9,9,111
nm9391977,0.862898,9,9,111
nm0267329,1.0,9,9,429
nm1773190,1.0,9,9,429
nm4470184,1.0,9,9,429
nm0268199,0.892303,9,9,6
nm9196203,0.892303,9,9,6
nm0881963,1.0,9,9,432
nm2897658,1.139266,18,18,113
nm0273091,2.344538,36,36,113
nm4731146,3.031886,49,54,474
nm0917406,0.665114,9,9,113
nm1669854,2.143686,34,36,1061
nm9461509,1.14614,18,18,113
nm9551239,0.672797,9,9,113
nm10442493,0.909684,9,9,349
nm0887206,1.692247,18,18,349
nm10442492,0.909684,9,9,349
nm7265822,0.909684,9,9,349
nm5476491,0.875401,9,9,6
nm0283556,1.0,9,9,404
nm2599580,1.0,9,9,404
nm0284566,0.895561,9,9,23
nm10344556,0.895561,9,9,23
nm0155562,0.895561,9,9,23
nm9382279,1.0,9,9,438
nm1109334,1.0,9,9,438
nm0285135,1.697818,18,18,220
nm0657241,0.920501,9,9,220
nm10597983,0.920501,9,9,220
nm1166977,1.731879,18,18,220
nm7549150,0.914373,9,9,220
nm1288082,0.773277,9,9,424
nm2760502,1.430418,16,18,968
nm0326590,0.895462,9,9,111
nm11829657,0.816084,9,9,111
nm3440235,1.480506,18,18,111
nm4431289,0.895462,9,9,111
nm8232273,0.816084,9,9,111
nm0290593,1.0,9,9,341
nm10444356,1.0,9,9,341
nm2527686,0.903227,9,9,110
nm2534303,1.656387,18,18,110
nm7934247,0.883746,9,9,110
nm0515592,0.903227,9,9,110
nm0590907,0.883746,9,9,110
nm3850259,0.883746,9,9,110
nm8705370,0.903227,9,9,110
nm10443947,1.0,9,9,442
nm10433996,1.0,9,9,442
nm10433997,1.0,9,9,442
nm10443945,1.0,9,9,442
nm1913021,1.0,9,9,447
nm5517890,1.0,9,9,447
nm1903507,0.90143,9,9,110
nm0648762,0.90143,9,9,110
nm2407035,0.90143,9,9,110
nm0409466,0.79742,9,9,110
nm0297793,0.649988,9,9,110
nm10363320,0.729268,9,9,449
nm2148361,1.736331,25,27,1338
nm0847353,0.649988,9,9,110
nm1294099,0.943014,18,18,110
nm4389505,1.20906,18,18,110
nm1773074,0.729268,9,9,449
nm0867145,0.691214,9,9,110
nm10425688,0.676435,9,9,110
nm0369078,1.245271,18,18,110
nm0476675,1.216934,16,18,525
nm0586520,0.908906,9,9,110
nm12242222,0.908906,9,9,110
nm1959800,1.671874,18,18,110
nm0793562,0.937577,9,9,110
nm5637334,0.937577,9,9,110
nm2422373,0.873871,9,9,110
nm0441377,0.873871,9,9,110
nm0620018,0.873871,9,9,110
nm0645760,0.937577,9,9,110
nm1482259,2.345504,27,27,110
nm5477626,0.937577,9,9,110
nm0613663,0.943223,9,9,110
nm0299401,0.943223,9,9,110
nm0538137,0.943223,9,9,110
nm0383026,1.720993,21,27,450
nm1446372,1.124623,12,18,450
nm0620672,0.63251,9,9,110
nm3640220,1.0,9,9,451
nm5600881,1.0,9,9,451
nm2201555,0.86219,9,9,6
nm10649282,1.0,9,9,201
nm2330972,1.0,9,9,201
nm2740647,0.862096,9,9,59
nm1505370,0.862096,9,9,59
nm0302466,0.910415,9,9,11
nm8383131,1.719447,18,18,11
nm0303366,0.956853,9,9,452
nm3538993,0.956853,9,9,452
nm8022839,1.77665,18,18,452
nm9146558,0.956853,9,9,452
nm2273474,0.949921,9,9,174
nm6604791,0.948678,9,9,314
nm6718764,0.948678,9,9,314
nm2121157,0.948678,9,9,314
nm2543870,0.948678,9,9,314
nm0305988,0.956853,9,9,370
nm10148592,0.956853,9,9,370
nm1321104,1.77665,18,18,370
nm12454992,0.956853,9,9,370
nm10670328,0.911985,9,9,11
nm5527493,0.911985,9,9,11
nm6811540,0.911985,9,9,11
nm10484852,1.0,9,9,455
nm4096798,0.956853,9,9,456
nm0858479,0.956853,9,9,456
nm5544006,0.956853,9,9,456
nm4114538,1.608352,18,18,21
nm1593566,0.875125,9,9,33
nm1560543,2.355454,27,27,33
nm0313368,0.921881,9,9,369
nm8021695,1.706705,18,18,369
nm6247294,0.921881,9,9,369
nm0314578,1.0,9,9,459
nm10459445,1.0,9,9,459
nm11582617,0.891765,9,9,460
nm5828516,0.891765,9,9,460
nm7734449,1.398333,14,18,1333
nm8554087,1.0,9,9,461
nm10472976,1.0,9,9,461
nm5635254,2.644838,33,36,1389
nm0319826,0.956853,9,9,388
nm0806613,0.956853,9,9,388
nm3052894,0.956853,9,9,388
nm2340475,0.956853,9,9,388
nm0813278,1.0,9,9,120
nm0011589,1.0,9,9,120
nm7297975,1.0,9,9,120
nm7309160,1.0,9,9,120
nm10434246,1.0,9,9,462
nm14997692,0.809162,9,9,19
nm8312694,0.809162,9,9,19
nm4243966,1.468813,18,18,13
nm0500704,0.913706,9,9,463
nm0563519,0.943792,9,9,119
nm8462013,0.943792,9,9,119
nm4650038,0.921881,9,9,163
nm0768614,0.921881,9,9,163
nm5612845,0.921881,9,9,163
nm10528893,0.920632,9,9,11
nm10531285,0.920632,9,9,11
nm0840083,1.0,9,9,465
nm13139997,0.78597,9,9,11
nm0695171,0.78597,9,9,11
nm0091688,0.956853,9,9,198
nm3270142,1.0,9,9,466
nm10042969,1.0,9,9,466
nm0333117,0.852122,9,9,195
nm0581506,0.852122,9,9,195
nm10385460,1.0,9,9,468
nm1260545,1.0,9,9,468
nm10385458,1.0,9,9,468
nm0340028,0.919618,9,9,349
nm0936949,0.919618,9,9,349
nm12693498,0.919618,9,9,349
nm0342029,1.0,9,9,469
nm2129444,1.0,9,9,469
nm0796365,1.0,9,9,458
nm0951014,1.0,9,9,458
nm13770118,1.0,9,9,458
nm0514108,1.0,9,9,334
nm1387232,1.0,9,9,334
nm7561884,1.0,9,9,334
nm7801302,1.0,9,9,334
nm0520787,1.0,9,9,334
nm1979463,0.944664,9,9,56
nm2374526,0.944664,9,9,56
nm10344256,1.0,9,9,473
nm2966556,0.649838,9,9,113
nm4731188,0.660725,9,9,113
nm8406545,0.660725,9,9,113
nm8894388,1.141008,18,18,113
nm9457225,0.608973,9,9,113
nm8358339,0.619499,9,9,113
nm9624380,1.109175,18,18,113
nm0419710,1.313996,18,18,113
nm9425332,0.619499,9,9,113
nm9496879,0.649838,9,9,113
nm2750358,0.607859,9,9,113
nm9448266,1.14057,17,18,1413
nm9503481,1.118505,18,18,113
nm10906897,1.0,9,9,475
nm11085948,1.0,9,9,475
nm3668216,0.870511,9,9,11
nm11317868,0.870511,9,9,11
nm1059103,0.897059,9,9,11
nm1069587,0.897059,9,9,11
nm0415612,1.0,9,9,253
nm10291262,1.0,9,9,253
nm1248273,1.0,9,9,253
nm3056654,1.0,9,9,476
nm8980801,0.861656,9,9,33
nm1832584,1.618,17,18,1349
nm11164364,0.8934,9,9,222
nm0349599,1.0,9,9,246
nm0077811,1.0,9,9,246
nm10393786,1.0,9,9,246
nm10393790,1.0,9,9,246
nm2333098,0.940803,9,9,55
nm3714002,1.69137,18,18,55
nm5981994,0.940803,9,9,55
nm16393669,0.903407,9,9,477
nm16393677,0.903407,9,9,477
nm0385179,0.887096,9,9,12
nm0959649,1.657266,18,18,11
nm16393672,0.903407,9,9,477
nm0456832,0.855237,9,9,252
nm0351545,0.855237,9,9,252
nm1128719,0.919848,9,9,23
nm0477066,0.919848,9,9,23
nm0419653,0.8715,9,9,11
nm0708032,0.8715,9,9,11
nm1679381,0.8715,9,9,11
nm0352230,1.0,9,9,479
nm0899042,1.0,9,9,153
nm0022094,1.0,9,9,153
nm1102191,0.873147,9,9,110
nm0766233,1.559669,18,18,110
nm0949069,0.873147,9,9,110
nm5737328,0.902113,9,9,110
nm7170644,1.657018,18,18,110
nm7194857,0.956853,9,9,481
nm8380569,0.956853,9,9,481
nm1352922,1.0,9,9,239
nm5243054,1.0,9,9,239
nm7933615,1.0,9,9,239
nm0948989,0.6631,9,9,110
nm10362192,1.0,9,9,485
nm0840618,1.0,9,9,487
nm0251177,0.763267,9,9,413
nm0594348,1.901625,27,27,110
nm0383261,0.733426,9,9,110
nm0457612,0.733426,9,9,110
nm6194565,1.316223,16,18,488
nm6194571,0.763267,9,9,413
nm1364645,0.698996,9,9,110
nm1916273,0.698996,9,9,110
nm3684541,0.698996,9,9,110
nm1292277,0.698996,9,9,110
nm0251014,0.815671,9,9,110
nm0990525,0.815671,9,9,110
nm0388732,0.94824,9,9,55
nm0582278,0.94824,9,9,55
nm5484722,0.94824,9,9,55
nm12242794,0.94824,9,9,55
nm0360515,1.0,9,9,145
nm0360604,1.0,9,9,489
nm0586549,1.0,9,9,489
nm1548957,1.0,9,9,489
nm11054969,1.0,9,9,489
nm4704930,1.0,9,9,489
nm2396408,0.948426,9,9,3
nm4297645,0.948426,9,9,3
nm4965558,0.948426,9,9,3
nm0407548,0.801013,9,9,482
nm0619997,1.511727,17,18,633
nm2499500,0.944863,9,9,69
nm0115161,1.0,9,9,283
nm16233939,1.0,9,9,283
nm0033133,0.87076,9,9,110
nm0846754,0.87076,9,9,110
nm0619969,0.87076,9,9,110
nm7474454,0.88399,9,9,492
nm0368330,0.915172,9,9,124
nm1767929,0.905435,9,9,110
nm0559471,1.0,9,9,189
nm0649026,1.0,9,9,189
nm1008709,1.0,9,9,495
nm5054542,1.0,9,9,495
nm3209720,0.865187,9,9,23
nm10427692,0.956853,9,9,497
nm8519754,0.956853,9,9,497
nm10124758,1.0,9,9,498
nm3748127,1.0,9,9,498
nm3817139,1.0,9,9,498
nm5271691,1.0,9,9,498
nm2980882,1.0,9,9,501
nm2445705,1.0,9,9,501
nm3013899,1.0,9,9,501
nm1511554,1.0,9,9,502
nm2039852,1.0,9,9,502
nm0046619,1.0,9,9,208
nm0070571,1.0,9,9,208
nm13100499,1.0,9,9,208
nm10067359,0.884138,9,9,3
nm2365811,1.619437,18,18,3
nm0498165,0.884138,9,9,3
nm1159180,0.884138,9,9,3
nm4392718,1.687002,18,18,3
nm0580986,1.0,9,9,467
nm0953823,1.0,9,9,467
nm1178979,1.0,9,9,434
nm3780338,1.0,9,9,434
nm6628316,1.0,9,9,434
nm10456949,1.0,9,9,91
nm0111498,1.0,9,9,91
nm10456947,1.0,9,9,91
nm0004867,1.0,9,9,91
nm6165808,0.948455,9,9,152
nm5876585,1.732036,18,18,152
nm0439421,0.947343,9,9,127
nm0672142,1.725873,18,18,110
nm4241408,0.947343,9,9,127
nm0385443,1.798122,26,27,504
nm0849439,0.696127,9,9,110
nm0847609,0.696127,9,9,110
nm0882354,0.645586,9,9,110
nm2573928,0.850583,9,9,110
nm0386294,0.86856,9,9,446
nm0457575,2.246138,26,27,561
nm0632497,0.86856,9,9,446
nm1830165,1.0,9,9,507
nm1670179,1.0,9,9,507
nm8740834,0.872355,9,9,3
nm0388064,0.872355,9,9,3
nm0914444,1.500508,18,18,43
nm4113475,0.830501,9,9,43
nm5824850,0.830501,9,9,43
nm3679148,2.329822,27,27,43
nm1909076,1.0,9,9,248
nm2914059,1.0,9,9,248
nm4198580,1.0,9,9,248
nm1465580,1.0,9,9,248
nm0388819,1.0,9,9,508
nm2002316,1.0,9,9,508
nm4975049,1.0,9,9,508
nm9677496,1.0,9,9,508
nm10511286,1.0,9,9,511
nm5628646,1.0,9,9,511
nm0808670,1.0,9,9,511
nm0831257,1.0,9,9,511
nm1370384,1.0,9,9,511
nm1253882,1.0,9,9,512
nm0393792,1.0,9,9,513
nm12014030,1.0,9,9,513
nm0620124,1.474927,18,18,110
nm0782840,1.586299,18,18,110
nm3964972,1.0,9,9,514
nm9993478,1.0,9,9,515
nm0200810,0.906452,9,9,364
nm0252880,0.906452,9,9,364
nm2373156,0.906452,9,9,364
nm10392625,1.0,9,9,516
nm10392623,1.0,9,9,516
nm8348481,1.0,9,9,516
nm0396212,1.0,9,9,517
nm11046462,1.0,9,9,517
nm3370408,0.917299,9,9,33
nm8068078,0.917299,9,9,33
nm4472699,0.917299,9,9,33
nm2724020,0.92395,9,9,23
nm7753897,0.92395,9,9,23
nm2355740,1.605053,18,18,23
nm13947348,0.949921,9,9,99
nm10274937,0.949921,9,9,99
nm3034692,0.949921,9,9,99
nm3665215,0.949921,9,9,519
nm5050202,0.949921,9,9,519
nm7093364,0.949921,9,9,519
nm0621863,0.956853,9,9,493
nm10313086,0.956853,9,9,493
nm10095095,0.956853,9,9,493
nm1536771,0.918821,9,9,3
nm0406163,0.887456,9,9,349
nm2212085,0.903501,9,9,130
nm4798385,0.903501,9,9,130
nm8932828,0.887456,9,9,349
nm5561970,1.0,9,9,520
nm8742390,1.0,9,9,520
nm4879374,0.956853,9,9,464
nm0406717,0.414041,9,9,217
nm10297696,0.392679,9,9,217
nm2366901,0.406644,9,9,110
nm2411515,0.414041,9,9,217
nm10297180,0.406644,9,9,110
nm0590911,0.613106,9,9,110
nm9622682,0.887009,9,9,137
nm10401083,0.887009,9,9,137
nm9474203,0.887009,9,9,137
nm4606848,0.89348,9,9,137
nm2433192,0.89348,9,9,137
nm6651023,0.89348,9,9,137
nm1675123,0.891855,9,9,110
nm2063406,0.908049,9,9,110
nm5326515,0.891855,9,9,110
nm1178890,0.891855,9,9,110
nm8284971,1.675103,18,18,110
nm0441375,0.73185,9,9,110
nm1153269,0.73185,9,9,110
nm7387710,1.452674,18,18,11
nm3278781,0.90411,9,9,127
nm7612930,0.90411,9,9,127
nm1091244,0.72163,9,9,110
nm1476947,0.72163,9,9,110
nm1422956,1.0,9,9,526
nm4045010,0.840627,9,9,11
nm7837226,1.411533,18,18,11
nm1694675,1.0,9,9,529
nm0922024,1.0,9,9,529
nm0414683,0.906527,9,9,69
nm10386337,0.906527,9,9,69
nm4250048,0.944863,9,9,69
nm0008416,0.924792,9,9,111
nm0619870,0.924792,9,9,111
nm10503028,0.947242,9,9,23
nm10362347,0.915015,9,9,23
nm10516069,0.915015,9,9,23
nm2887021,0.915015,9,9,23
nm3053135,1.0,9,9,257
nm7306987,1.0,9,9,257
nm5720977,0.956853,9,9,306
nm6716083,0.956853,9,9,306
nm0417568,1.0,9,9,531
nm0900010,1.0,9,9,531
nm14365844,1.0,9,9,531
nm14456598,1.0,9,9,531
nm13656295,1.0,9,9,531
nm13764565,1.0,9,9,531
nm1452229,1.0,9,9,532
nm5510109,1.0,9,9,532
nm5215235,0.606687,9,9,113
nm6229730,1.098332,17,18,533
nm10498893,0.619768,9,9,113
nm2035937,1.388742,17,18,1361
nm3175230,1.343989,18,18,11
nm7017299,0.710609,9,9,11
nm1522315,1.875925,26,27,524
nm7733137,1.451529,18,18,11
nm10521527,0.808351,9,9,11
nm1431568,0.808351,9,9,11
nm6697627,0.808351,9,9,11
nm1041876,0.696627,9,9,113
nm4005735,0.709656,9,9,113
nm4152687,0.885517,9,9,43
nm1740402,1.0,9,9,535
nm1391032,1.0,9,9,536
nm10488674,1.0,9,9,536
nm7613071,0.885156,9,9,23
nm0423143,0.829605,9,9,110
nm1504747,0.829605,9,9,110
nm8365413,0.829605,9,9,110
nm0202804,0.956853,9,9,57
nm0437156,0.89752,9,9,541
nm3619740,0.943455,9,9,3
nm3260157,0.943455,9,9,3
nm0429768,0.956853,9,9,542
nm7480411,0.956853,9,9,542
nm4234053,0.880022,9,9,11
nm6098343,0.880022,9,9,11
nm1127071,0.847914,9,9,19
nm10930002,0.847914,9,9,19
nm1432957,1.519097,18,18,13
nm3720947,0.846061,9,9,19
nm2517742,0.816473,9,9,13
nm5422862,0.795519,9,9,13
nm8303423,0.795519,9,9,13
nm2960333,0.813919,9,9,13
nm4307210,1.525844,18,18,11
nm6494740,0.813919,9,9,13
nm6917490,0.795519,9,9,13
nm0998350,0.948678,9,9,314
nm4690048,1.733503,18,18,314
nm9959355,0.956853,9,9,326
nm10352906,0.809851,9,9,11
nm1417314,0.809851,9,9,11
nm9716187,2.376727,27,27,11
nm10390552,0.806003,9,9,13
nm3064155,0.812133,9,9,13
nm7733435,0.875776,9,9,11
nm10340007,0.875776,9,9,11
nm10340009,0.875776,9,9,11
nm4968105,0.875776,9,9,11
nm4147476,0.895845,9,9,13
nm6999449,0.895845,9,9,13
nm4979628,1.615314,18,18,13
nm10317948,0.895845,9,9,13
nm14117849,0.895845,9,9,13
nm5742112,1.0,9,9,546
nm4051131,0.773595,9,9,13
nm0437097,0.911685,9,9,110
nm0462008,0.911685,9,9,110
nm6442636,0.911685,9,9,110
nm1310741,0.718962,9,9,176
nm10434853,0.718962,9,9,176
nm0045393,0.93097,9,9,13
nm10952565,0.93097,9,9,13
nm12337289,0.93097,9,9,13
nm2299825,1.638347,18,18,11
nm1568415,0.8475,9,9,13
nm4189429,0.844434,9,9,11
nm4992002,0.844434,9,9,11
nm5675978,0.8475,9,9,13
nm5856898,0.844434,9,9,11
nm1303433,0.844434,9,9,11
nm3713653,1.520309,18,18,11
nm1181828,0.896924,9,9,111
nm1641062,0.896924,9,9,111
nm2138126,2.192948,27,27,111
nm0439409,1.0,9,9,550
nm5334135,1.0,9,9,550
nm1840536,1.0,9,9,550
nm0441098,0.827675,9,9,110
nm0457590,0.827675,9,9,110
nm3492422,1.898662,21,27,1262
nm10273947,0.849264,9,9,110
nm4732281,0.827675,9,9,110
nm10353279,0.760369,9,9,490
nm1698825,0.760369,9,9,490
nm0035395,1.0,9,9,22
nm0121805,1.0,9,9,22
nm3750462,1.0,9,9,22
nm5334542,1.0,9,9,22
nm10532959,0.674384,9,9,1213
nm2085781,0.679654,9,9,555
nm10532910,0.679654,9,9,555
nm10532930,0.663817,9,9,1213
nm10532933,0.663817,9,9,1213
nm2191307,1.743744,20,27,1364
nm4868755,0.674384,9,9,1213
nm10441026,0.905767,9,9,13
nm0066075,0.905767,9,9,13
nm8325447,0.840463,9,9,11
nm4191182,0.840463,9,9,11
nm5475700,0.905767,9,9,13
nm5804705,0.905767,9,9,13
nm0620186,0.756373,9,9,110
nm0412600,0.756373,9,9,110
nm0437701,0.756373,9,9,110
nm12075493,0.865374,9,9,1305
nm13722313,1.610481,17,18,1324
nm1382197,0.865374,9,9,1305
nm1193571,0.865374,9,9,1305
nm13090699,0.865374,9,9,1305
nm10488754,0.956853,9,9,557
nm1638316,0.956853,9,9,557
nm4823096,0.913706,9,9,558
nm1679435,0.913706,9,9,558
nm6684555,0.913706,9,9,558
nm0451272,1.559702,18,18,11
nm14181186,0.832184,9,9,11
nm0451318,0.930241,9,9,86
nm0616111,1.632726,18,18,86
nm7125624,0.930241,9,9,86
nm1617168,0.930241,9,9,86
nm0223563,0.945253,9,9,19
nm0622186,0.945253,9,9,19
nm11426660,0.945253,9,9,19
nm3129104,0.945253,9,9,19
nm1165023,0.794197,9,9,111
nm4741273,0.947434,9,9,43
nm1782128,0.91614,9,9,110
nm0473802,0.91614,9,9,110
nm10292298,0.91614,9,9,110
nm17261530,0.956853,9,9,81
nm4417873,0.956853,9,9,81
nm5903106,0.94774,9,9,559
nm2442113,0.94774,9,9,559
nm1118612,0.917756,9,9,559
nm5680859,0.917756,9,9,559
nm4839521,0.917756,9,9,559
nm2983290,0.93297,9,9,23
nm11095634,0.93297,9,9,23
nm11328108,0.93297,9,9,23
nm5807637,0.93297,9,9,23
nm0455698,0.939788,9,9,59
nm6567659,0.884392,9,9,59
nm6785461,0.884392,9,9,59
nm7933720,0.939788,9,9,59
nm10391383,0.758153,9,9,216
nm6055639,0.758153,9,9,216
nm10391386,0.758153,9,9,216
nm0357297,0.855213,9,9,110
nm1815427,0.718272,9,9,110
nm0674144,0.915416,9,9,7
nm1253217,0.947287,9,9,7
nm7148362,0.915416,9,9,7
nm10183171,0.947287,9,9,7
nm10834690,0.915416,9,9,7
nm7907339,0.947287,9,9,7
nm7256655,0.889756,9,9,7
nm10384358,0.827411,9,9,563
nm0251139,1.0,9,9,412
nm2067218,1.0,9,9,412
nm3305911,1.0,9,9,412
nm4818678,1.0,9,9,412
nm9099331,1.0,9,9,412
nm9402976,0.722126,9,9,110
nm10443353,0.778267,9,9,565
nm10533944,0.781851,9,9,650
nm5030795,0.722126,9,9,110
nm0645382,0.778267,9,9,565
nm0997511,0.722126,9,9,110
nm1008063,1.266507,18,18,110
nm10443351,0.778267,9,9,565
nm10443352,0.778267,9,9,565
nm0466936,1.413895,18,18,111
nm2546442,1.406585,17,18,1369
nm10476968,0.771606,9,9,111
nm8696625,0.779345,9,9,111
nm2114785,0.779345,9,9,111
nm3896108,1.45619,18,18,111
nm0467478,1.0,9,9,566
nm5355266,1.0,9,9,566
nm1311946,1.0,9,9,566
nm3318140,1.372025,18,18,11
nm3617629,0.734074,9,9,11
nm0474609,2.152585,27,27,11
nm10411563,0.913729,9,9,11
nm4331008,0.913729,9,9,11
nm7597651,0.913729,9,9,11
nm10436239,0.855781,9,9,568
nm3355238,0.855781,9,9,568
nm1541448,0.840465,9,9,33
nm3166305,1.540551,18,18,33
nm10307104,0.934916,9,9,411
nm7143800,0.934916,9,9,411
nm1767091,0.934916,9,9,411
nm5908641,1.70488,18,18,411
nm6509817,0.934916,9,9,411
nm3113920,1.0,9,9,569
nm10208715,1.0,9,9,569
nm1273023,1.0,9,9,569
nm7237124,0.856039,9,9,11
nm0709359,0.819012,9,9,11
nm8858156,0.819012,9,9,11
nm0710161,2.064229,26,27,669
nm5852404,0.791476,9,9,570
nm0474916,0.790327,9,9,113
nm4729864,0.790327,9,9,113
nm13732389,0.937497,9,9,110
nm3056196,0.956853,9,9,571
nm0477753,0.864684,9,9,483
nm0441399,1.575399,18,18,483
nm0645568,0.864684,9,9,483
nm1840812,0.864684,9,9,483
nm11928807,0.921903,9,9,33
nm1245347,0.921903,9,9,33
nm0480298,1.0,9,9,289
nm10530154,1.0,9,9,289
nm11181726,1.0,9,9,289
nm12533284,1.0,9,9,289
nm0480808,0.948678,9,9,369
nm0899087,0.948678,9,9,369
nm9829377,0.948678,9,9,369
nm3262727,0.948678,9,9,369
nm5002558,0.948678,9,9,369
nm0764853,0.809839,9,9,11
nm1027293,0.775251,9,9,11
nm10484501,0.809839,9,9,11
nm3761004,0.809839,9,9,11
nm7917727,0.713434,9,9,524
nm12307883,0.713434,9,9,524
nm1955570,1.986091,27,27,11
nm4425773,1.362618,18,18,11
nm11511039,1.639738,18,18,23
nm3307744,0.913706,9,9,463
nm1795399,1.0,9,9,575
nm1840695,1.0,9,9,575
nm0484005,0.943427,9,9,36
nm1577285,0.943427,9,9,36
nm2697585,0.943427,9,9,36
nm10334570,1.0,9,9,576
nm5107460,1.0,9,9,576
nm0484763,1.0,9,9,157
nm10455669,1.0,9,9,157
nm10455667,1.0,9,9,157
nm0305334,1.0,9,9,157
nm10455679,1.0,9,9,157
nm2989662,0.948678,9,9,123
nm5075662,0.948678,9,9,123
nm0490489,0.885074,9,9,23
nm1807968,0.885074,9,9,23
nm6301747,1.727514,18,18,23
nm0491664,0.948253,9,9,56
nm0295797,0.948253,9,9,56
nm3146043,0.948253,9,9,56
nm3945642,0.948253,9,9,56
nm5392151,0.948253,9,9,56
nm4433549,0.913876,9,9,3
nm4746242,0.913876,9,9,3
nm0492352,1.691727,18,18,23
nm5287560,1.0,9,9,579
nm11419366,0.956853,9,9,264
nm10482435,0.956853,9,9,264
nm1282927,0.956853,9,9,264
nm7452709,0.956853,9,9,264
nm6603853,1.0,9,9,581
nm2196971,1.0,9,9,581
nm4965045,1.0,9,9,581
nm10627216,0.878977,9,9,348
nm8884785,0.878977,9,9,348
nm4258129,1.0,9,9,582
nm10377914,1.0,9,9,506
nm4536011,1.0,9,9,506
nm9149675,1.0,9,9,506
nm10377911,1.0,9,9,506
nm2647004,1.0,9,9,235
nm6974139,1.0,9,9,235
nm0533832,1.0,9,9,235
nm3848496,1.0,9,9,235
nm3626674,0.937683,9,9,6
nm9507137,0.620555,9,9,113
nm5660414,1.0,9,9,583
nm0174403,1.0,9,9,337
nm10409072,1.0,9,9,585
nm5479252,1.0,9,9,587
nm1063256,1.0,9,9,587
nm17199309,1.0,9,9,587
nm17199310,1.0,9,9,587
nm1412815,0.945882,9,9,59
nm0180984,0.945882,9,9,59
nm3614943,0.945882,9,9,59
nm0514944,0.859469,9,9,23
nm10454817,0.818598,9,9,23
nm2356251,1.605653,18,18,23
nm4454684,1.549908,18,18,23
nm6229747,1.571604,24,27,1380
nm6514109,1.0,9,9,591
nm1763787,1.0,9,9,591
nm0517638,1.0,9,9,592
nm9549514,1.0,9,9,592
nm1225848,1.0,9,9,592
nm1716898,1.0,9,9,593
nm11879821,1.0,9,9,593
nm11879822,1.0,9,9,593
nm3846586,1.0,9,9,593
nm9405348,0.921881,9,9,314
nm9408094,0.921881,9,9,314
nm0524591,0.830065,9,9,3
nm8818283,0.830065,9,9,3
nm0526675,1.0,9,9,595
nm4630417,1.0,9,9,595
nm3942523,1.0,9,9,595
nm0003030,0.88256,9,9,33
nm3958876,1.0,9,9,363
nm4370641,1.0,9,9,363
nm10281852,1.0,9,9,363
nm5168083,1.0,9,9,363
nm10351009,1.0,9,9,356
nm0190217,1.0,9,9,356
nm1009405,1.0,9,9,356
nm1665222,1.188436,16,18,129
nm0611663,0.93554,9,9,13
nm5698254,1.0,9,9,598
nm8157833,1.0,9,9,598
nm8700897,1.0,9,9,598
nm0539336,0.790596,9,9,111
nm3444063,0.790596,9,9,111
nm1538053,1.475226,18,18,111
nm1935881,1.0,9,9,588
nm5146437,1.0,9,9,588
nm0945693,1.0,9,9,599
nm4423501,1.0,9,9,599
nm0710969,0.949921,9,9,42
nm1039977,0.949921,9,9,42
nm14072241,0.822472,9,9,11
nm4057451,0.937357,9,9,30
nm10052966,1.0,9,9,602
nm3245931,1.0,9,9,602
nm0481185,0.93157,9,9,572
nm3474793,0.93157,9,9,572
nm8131647,0.93157,9,9,572
nm5089493,0.901742,9,9,119
nm2323408,0.901742,9,9,119
nm2323967,1.0,9,9,604
nm2290049,1.0,9,9,604
nm2761288,1.0,9,9,604
nm0557552,1.0,9,9,605
nm1185843,1.0,9,9,605
nm0557598,1.632306,18,18,55
nm2732805,0.887623,9,9,55
nm10833136,0.894891,9,9,55
nm2926954,0.894891,9,9,55
nm3803047,1.0,9,9,607
nm10535370,0.749226,9,9,608
nm10535374,0.749226,9,9,608
nm10535371,0.749226,9,9,608
nm11159627,0.894033,9,9,110
nm12399802,0.894033,9,9,110
nm0645237,0.894033,9,9,110
nm0654733,0.894033,9,9,110
nm0673224,1.740434,18,18,174
nm10883495,0.927569,9,9,174
nm7744878,0.927569,9,9,174
nm10797829,1.0,9,9,610
nm10797828,1.0,9,9,610
nm1484214,1.0,9,9,610
nm6978918,0.930762,9,9,6
nm0968532,0.843554,9,9,56
nm3012977,1.556216,18,18,56
nm9117677,1.562853,18,18,56
nm1940324,0.843554,9,9,56
nm4463157,1.563071,18,18,56
nm0092608,0.938127,9,9,33
nm2200755,0.875887,9,9,33
nm0111002,0.875887,9,9,33
nm0688705,0.938127,9,9,33
nm1748529,0.875887,9,9,33
nm4276293,0.875887,9,9,33
nm10446252,1.0,9,9,614
nm6391979,0.611895,9,9,110
nm8398797,1.97362,24,36,739
nm0720738,0.743268,9,9,110
nm1665297,1.514268,18,18,110
nm0644554,1.498781,19,27,646
nm10420876,0.668428,9,9,739
nm10420875,0.668428,9,9,739
nm1176395,1.0,9,9,618
nm4531743,1.0,9,9,618
nm1060383,0.874083,9,9,21
nm12402087,0.896723,9,9,21
nm15113363,0.896723,9,9,21
nm1755973,1.0,9,9,621
nm3912773,1.0,9,9,621
nm4163224,1.0,9,9,621
nm1352826,0.751934,9,9,110
nm0768006,0.720888,9,9,110
nm5673467,0.720888,9,9,110
nm0595914,0.76656,9,9,11
nm11589788,0.793688,9,9,11
nm1011348,0.76656,9,9,11
nm11589790,0.793688,9,9,11
nm10842599,0.76656,9,9,11
nm11370203,0.793688,9,9,11
nm0515200,1.0,9,9,562
nm9589107,1.0,9,9,562
nm7970235,1.0,9,9,623
nm9150706,1.0,9,9,623
nm10454383,1.0,9,9,623
nm6195492,1.0,9,9,623
nm2560686,1.740434,18,18,624
nm3963044,0.927569,9,9,624
nm10685616,0.949921,9,9,624
nm1683306,0.949921,9,9,624
nm3929164,0.949921,9,9,624
nm9733546,0.949921,9,9,624
nm1777809,1.0,9,9,544
nm6460086,1.0,9,9,544
nm0954655,1.0,9,9,544
nm0431918,1.0,9,9,544
nm2492376,1.0,9,9,544
nm2772584,1.0,9,9,544
nm3185774,1.0,9,9,626
nm0604919,1.0,9,9,626
nm2115795,1.0,9,9,626
nm10435352,0.937408,9,9,110
nm0594263,0.937408,9,9,110
nm7922531,0.830295,9,9,111
nm10431507,0.889892,9,9,11
nm2780497,0.804568,9,9,111
nm5570957,0.956853,9,9,464
nm6953665,0.956853,9,9,464
nm0326135,0.956853,9,9,464
nm1950534,0.956853,9,9,464
nm0722042,0.896063,9,9,118
nm0598590,0.896063,9,9,118
nm1387864,0.896063,9,9,118
nm7576208,0.896063,9,9,118
nm0615531,0.939889,9,9,110
nm2442140,0.939889,9,9,110
nm3298848,1.0,9,9,377
nm8317936,1.0,9,9,377
nm9830556,1.0,9,9,377
nm3438353,1.0,9,9,377
nm0993128,1.0,9,9,377
nm6931051,1.0,9,9,630
nm10461997,1.0,9,9,630
nm5736441,0.812932,9,9,13
nm5779603,0.829128,9,9,13
nm8348095,0.829128,9,9,13
nm5794898,1.61929,18,18,13
nm5796361,1.438408,17,18,1377
nm13068828,0.858173,9,9,11
nm1863008,0.858173,9,9,11
nm11671414,1.0,9,9,636
nm0638111,0.879041,9,9,345
nm0359322,0.949921,9,9,50
nm0187724,0.949921,9,9,50
nm0502813,0.949921,9,9,50
nm1273957,0.949921,9,9,50
nm0621418,0.749179,9,9,11
nm0788918,0.749179,9,9,11
nm4886752,0.72724,9,9,11
nm5654277,0.749179,9,9,11
nm0755504,1.0,9,9,125
nm10290434,1.0,9,9,125
nm1954434,1.574891,18,18,111
nm0998142,0.886616,9,9,111
nm10529967,1.0,9,9,383
nm0217100,1.0,9,9,383
nm2093976,1.0,9,9,383
nm0881736,1.0,9,9,383
nm3794513,1.0,9,9,383
nm0623164,1.0,9,9,637
nm4679514,1.0,9,9,637
nm1539524,0.898655,9,9,103
nm2727823,0.898655,9,9,103
nm0623360,0.876099,9,9,111
nm1568421,0.876099,9,9,111
nm2769372,0.876099,9,9,111
nm0953586,1.49547,18,18,111
nm2545567,0.797112,9,9,111
nm8587084,0.785408,9,9,111
nm2208813,0.797112,9,9,111
nm0812760,1.410207,17,18,699
nm2305030,1.398607,16,18,699
nm2799929,0.785408,9,9,111
nm8604640,0.761855,9,9,111
nm8619584,0.797112,9,9,111
nm9807128,1.0,9,9,638
nm3247379,1.0,9,9,638
nm6199570,1.0,9,9,638
nm0117721,1.0,9,9,285
nm10475047,1.0,9,9,285
nm6016644,0.948206,9,9,11
nm7492822,0.948206,9,9,11
nm2576262,0.948206,9,9,11
nm2840457,0.948206,9,9,11
nm10181098,1.0,9,9,639
nm3958650,1.0,9,9,639
nm2336813,1.0,9,9,639
nm2808502,1.0,9,9,639
nm0039168,1.0,9,9,191
nm0297048,1.0,9,9,191
nm2938232,0.934534,9,9,110
nm6442219,0.934534,9,9,110
nm7788269,0.934534,9,9,110
nm1279870,0.934534,9,9,110
nm0856700,0.934534,9,9,110
nm10418886,0.934534,9,9,110
nm5049448,1.77665,18,18,642
nm6649278,0.956853,9,9,642
nm8886649,0.956853,9,9,645
nm9626334,0.956853,9,9,645
nm0638184,1.0,9,9,360
nm8084987,1.0,9,9,360
nm10512137,1.0,9,9,360
nm3387680,0.850764,9,9,110
nm1970665,0.840987,9,9,110
nm0875406,0.944405,9,9,110
nm0624383,0.944405,9,9,110
nm8953376,0.944405,9,9,110
nm0890893,1.0,9,9,649
nm1523289,1.0,9,9,649
nm1174040,1.0,9,9,263
nm4224918,1.0,9,9,263
nm12204127,0.911236,9,9,118
nm2989948,0.911236,9,9,118
nm6855093,0.956853,9,9,571
nm4680353,0.956853,9,9,571
nm2705084,0.956853,9,9,571
nm3584755,0.956853,9,9,571
nm1511891,0.850891,9,9,13
nm10504132,0.850891,9,9,13
nm9786343,1.503696,18,18,11
nm8777950,0.919431,9,9,55
nm4713909,0.919431,9,9,55
nm7912847,0.919431,9,9,55
nm0748964,0.919431,9,9,55
nm0540441,0.949921,9,9,519
nm0549505,0.949921,9,9,519
nm0690803,1.740434,18,18,519
nm1340424,0.949921,9,9,519
nm1837990,0.949921,9,9,519
nm1926865,0.949921,9,9,519
nm0852466,0.956853,9,9,653
nm7093076,0.956853,9,9,653
nm1654955,1.0,9,9,175
nm1109689,1.0,9,9,175
nm4228424,1.0,9,9,175
nm3562832,1.688695,18,18,11
nm10349348,1.0,9,9,654
nm9840407,1.0,9,9,654
nm2640887,1.0,9,9,509
nm3153209,1.0,9,9,509
nm0491136,1.0,9,9,509
nm10151948,1.0,9,9,655
nm8229233,1.0,9,9,655
nm6619752,1.0,9,9,655
nm0699952,1.0,9,9,655
nm3978201,1.0,9,9,655
nm0682583,1.0,9,9,657
nm5923411,1.0,9,9,657
nm12822820,1.0,9,9,658
nm11859109,1.0,9,9,658
nm3571806,0.878593,9,9,30
nm7333836,0.878593,9,9,30
nm10527604,1.0,9,9,660
nm6747531,1.0,9,9,660
nm10503936,1.0,9,9,660
nm0692586,1.558754,18,18,11
nm1269614,1.607865,18,18,11
nm7802204,0.834255,9,9,11
nm9303330,1.0,9,9,662
nm1617813,0.814346,9,9,11
nm5408141,0.814346,9,9,11
nm5408984,1.452368,18,18,11
nm2537606,0.864186,9,9,11
nm7292422,0.864186,9,9,11
nm2061923,0.864186,9,9,11
nm1733525,0.890186,9,9,11
nm3672524,0.890186,9,9,11
nm8412661,0.890186,9,9,11
nm0697027,1.0,9,9,666
nm1252668,1.0,9,9,666
nm6287665,1.0,9,9,666
nm8042819,1.0,9,9,666
nm0776181,0.827411,9,9,667
nm3252135,0.827411,9,9,667
nm0943307,0.827411,9,9,667
nm1719649,1.0,9,9,668
nm3995909,1.0,9,9,668
nm10377015,1.0,9,9,668
nm13857691,1.0,9,9,105
nm0007759,1.0,9,9,105
nm0599137,1.0,9,9,105
nm8535824,1.0,9,9,105
nm6333918,1.0,9,9,105
nm0784854,0.68154,9,9,113
nm6019782,1.136624,18,18,113
nm2556434,0.68154,9,9,113
nm10499341,0.67264,9,9,113
nm10485039,0.638531,9,9,113
nm1442642,0.67264,9,9,113
nm2812982,0.638531,9,9,113
nm8358333,0.67264,9,9,113
nm8359418,0.67264,9,9,113
nm9409223,0.67383,9,9,113
nm4093647,0.762533,9,9,669
nm16210066,0.871281,9,9,669
nm10411840,0.762533,9,9,669
nm10511637,1.0,9,9,671
nm10673994,1.0,9,9,673
nm2775078,1.0,9,9,673
nm12434683,1.0,9,9,674
nm13323597,0.94255,9,9,118
nm17606286,0.94255,9,9,118
nm5063717,0.94255,9,9,118
nm10506446,0.902334,9,9,56
nm1205016,0.902334,9,9,56
nm1095993,0.902334,9,9,56
nm1064292,1.0,9,9,679
nm2580536,1.0,9,9,679
nm0734368,1.0,9,9,680
nm6569823,1.0,9,9,680
nm5396259,1.0,9,9,680
nm10061239,1.0,9,9,680
nm1828813,1.688695,18,18,11
nm3374432,0.885627,9,9,11
nm8313648,0.885627,9,9,11
nm0737513,1.475155,18,18,11
nm10977336,0.841775,9,9,11
nm10977338,0.841775,9,9,11
nm6265111,0.841775,9,9,11
nm10211299,0.841775,9,9,11
nm11166416,0.894972,9,9,11
nm11166418,0.894972,9,9,11
nm5527375,0.841186,9,9,114
nm5006540,0.937357,9,9,30
nm0685222,0.937357,9,9,30
nm0767853,0.937357,9,9,30
nm1573418,0.912289,9,9,30
nm0740490,1.0,9,9,629
nm1105710,1.0,9,9,629
nm5387462,0.931022,9,9,7
nm4009723,1.0,9,9,681
nm4283334,1.0,9,9,681
nm4328247,1.0,9,9,681
nm1238739,1.0,9,9,431
nm5088969,1.0,9,9,431
nm11873024,1.0,9,9,683
nm0750192,0.913706,9,9,684
nm10319158,0.913706,9,9,684
nm10534854,0.913706,9,9,684
nm10319161,0.913706,9,9,684
nm0758487,1.0,9,9,685
nm1861741,1.0,9,9,685
nm9623082,1.0,9,9,685
nm0755867,1.0,9,9,686
nm4591453,0.947369,9,9,180
nm8052653,0.947369,9,9,180
nm8294079,0.947369,9,9,180
nm0757087,0.799138,9,9,110
nm4438173,0.799138,9,9,110
nm2893431,1.508038,18,18,110
nm5667822,2.113732,24,27,1383
nm7488036,0.949921,9,9,478
nm12159462,0.949921,9,9,478
nm2674743,0.949921,9,9,478
nm0351772,0.949921,9,9,478
nm0442207,1.740434,18,18,478
nm3163877,0.949921,9,9,478
nm4194124,1.0,9,9,586
nm1120593,1.0,9,9,586
nm2107622,1.0,9,9,586
nm1344302,1.0,9,9,586
nm1513044,1.0,9,9,586
nm1685401,1.0,9,9,687
nm2828216,1.0,9,9,687
nm2819510,1.0,9,9,687
nm12328075,0.940536,9,9,126
nm0764133,0.884873,9,9,56
nm1379894,1.623177,18,18,56
nm2686231,1.687972,18,18,56
nm2016899,0.884873,9,9,56
nm4888368,0.884873,9,9,56
nm10273095,1.0,9,9,688
nm10278850,1.0,9,9,688
nm9838175,1.0,9,9,688
nm7720207,0.791577,9,9,11
nm10662411,0.791577,9,9,11
nm0668573,1.0,9,9,408
nm7072315,1.0,9,9,408
nm7856398,1.0,9,9,408
nm5193520,0.936071,9,9,110
nm0949030,0.936071,9,9,110
nm2955232,0.936071,9,9,110
nm1690073,1.0,9,9,609
nm1563805,1.690679,18,18,23
nm10318510,1.0,9,9,691
nm10963282,1.0,9,9,691
nm5136123,1.0,9,9,691
nm8045059,0.899108,9,9,114
nm7609213,0.899108,9,9,114
nm8690228,0.899108,9,9,114
nm5178583,1.0,9,9,682
nm8207120,1.0,9,9,682
nm1905516,1.0,9,9,682
nm16773180,1.0,9,9,625
nm5478867,1.0,9,9,625
nm2052977,1.0,9,9,578
nm0491453,1.0,9,9,578
nm13759812,0.931938,9,9,11
nm3336072,0.931938,9,9,11
nm4140283,0.931938,9,9,11
nm2416509,0.931938,9,9,11
nm9767500,0.956853,9,9,574
nm10315185,0.956853,9,9,574
nm0481374,0.956853,9,9,574
nm8722291,1.77665,18,18,574
nm5508157,0.851567,9,9,310
nm10527014,0.876464,9,9,310
nm10831229,0.851567,9,9,310
nm10467058,0.875995,9,9,310
nm1471776,1.682688,18,18,137
nm5503403,0.938969,9,9,137
nm10395137,0.938969,9,9,137
nm11411076,0.806879,9,9,11
nm5159260,0.806879,9,9,11
nm8602248,0.916845,9,9,23
nm10508112,0.916845,9,9,23
nm0790202,1.0,9,9,613
nm11406801,1.0,9,9,613
nm4504967,1.0,9,9,613
nm10448673,1.0,9,9,694
nm10448676,1.0,9,9,694
nm1375492,1.0,9,9,694
nm0796502,0.935447,9,9,6
nm0280267,0.935447,9,9,6
nm10317576,1.0,9,9,696
nm3854066,1.0,9,9,696
nm4173770,1.0,9,9,696
nm3830290,0.798869,9,9,1288
nm6642750,0.956853,9,9,676
nm6566873,1.0,9,9,697
nm11807845,0.956853,9,9,698
nm1886602,0.956853,9,9,698
nm0381241,0.956853,9,9,303
nm0532778,0.956853,9,9,303
nm10023737,0.956853,9,9,303
nm4926180,1.77665,18,18,303
nm0434941,1.48317,18,18,111
nm10402213,0.811944,9,9,111
nm10484773,1.0,9,9,700
nm3795081,1.0,9,9,700
nm8016794,1.0,9,9,700
nm7722733,1.0,9,9,700
nm2336481,1.77665,18,18,274
nm2803434,0.956853,9,9,274
nm3950261,0.930135,9,9,55
nm3239779,0.94774,9,9,65
nm2404908,0.94774,9,9,65
nm2859538,0.94774,9,9,65
nm11352294,0.941236,9,9,11
nm11352297,0.941236,9,9,11
nm10528949,0.956853,9,9,702
nm1252090,0.956853,9,9,702
nm10528948,0.956853,9,9,702
nm0947989,1.0,9,9,703
nm0856918,1.0,9,9,703
nm2995294,1.0,9,9,703
nm0847361,1.0,9,9,704
nm8063282,1.0,9,9,704
nm3346368,1.0,9,9,704
nm5677494,1.0,9,9,704
nm0861989,0.894736,9,9,708
nm6234440,0.894736,9,9,708
nm9854005,0.894736,9,9,708
nm13398468,1.0,9,9,433
nm5103701,1.0,9,9,433
nm2176152,1.0,9,9,433
nm4277248,1.0,9,9,433
nm1235303,0.885474,9,9,55
nm2950601,0.885474,9,9,55
nm0867789,0.912312,9,9,454
nm3351534,0.912312,9,9,454
nm0868577,1.0,9,9,590
nm0510694,1.0,9,9,590
nm2864554,1.0,9,9,590
nm4488867,1.0,9,9,590
nm10328542,1.0,9,9,710
nm1209226,1.0,9,9,710
nm1705777,1.0,9,9,710
nm8092420,0.956853,9,9,387
nm10294378,0.956853,9,9,387
nm5149776,0.956853,9,9,387
nm7527949,1.0,9,9,712
nm0902254,1.0,9,9,233
nm3436464,1.0,9,9,233
nm0880548,1.0,9,9,651
nm2680912,1.0,9,9,651
nm10339798,1.0,9,9,651
nm10339797,1.0,9,9,651
nm0881408,0.947343,9,9,127
nm9664592,0.947343,9,9,127
nm5942695,0.947343,9,9,127
nm0085611,0.947343,9,9,127
nm3308257,0.947343,9,9,127
nm7231291,0.765261,9,9,713
nm0234369,1.0,9,9,397
nm4457559,1.0,9,9,714
nm10465963,1.0,9,9,714
nm12445583,1.0,9,9,714
nm1575994,1.0,9,9,437
nm1714120,1.0,9,9,437
nm0284036,1.0,9,9,437
nm0892680,1.730719,18,18,56
nm10883056,0.948253,9,9,56
nm8592814,0.948253,9,9,56
nm9289529,0.919522,9,9,56
nm1203515,0.919522,9,9,56
nm10860156,1.0,9,9,715
nm2813406,1.0,9,9,715
nm7581690,1.0,9,9,394
nm0244650,1.0,9,9,394
nm3428866,1.0,9,9,394
nm0905676,0.956853,9,9,35
nm1941730,0.956853,9,9,35
nm2087841,0.956853,9,9,35
nm1298582,0.956853,9,9,35
nm0908351,0.949921,9,9,50
nm5265577,0.949921,9,9,50
nm10460603,0.949921,9,9,50
nm12042237,1.0,9,9,692
nm0939771,1.0,9,9,692
nm8361827,1.0,9,9,692
nm1040273,0.917756,9,9,1
nm5005928,0.917756,9,9,1
nm4683875,1.0,9,9,720
nm9565589,0.636678,9,9,113
nm0935498,0.919757,9,9,503
nm0413245,0.919757,9,9,503
nm0524807,1.0,9,9,594
nm4151259,1.0,9,9,594
nm3312312,1.0,9,9,722
nm13930592,1.0,9,9,722
nm1027986,1.0,9,9,722
nm3511805,1.0,9,9,723
nm7097759,1.0,9,9,723
nm1253367,0.956853,9,9,702
nm1254140,0.956853,9,9,702
nm10075638,0.86331,9,9,503
nm2336615,1.581756,17,18,1365
nm3158948,0.86331,9,9,503
nm8483176,1.581756,17,18,1365
nm1276495,0.895877,9,9,23
nm1688298,0.943149,9,9,110
nm3136459,0.913706,9,9,725
nm4762741,0.913706,9,9,725
nm10300083,0.913706,9,9,725
nm1215228,0.913706,9,9,725
nm1403664,0.913706,9,9,725
nm0945377,0.920895,9,9,110
nm1783075,0.920895,9,9,110
nm5220421,0.920895,9,9,110
nm0410987,0.820023,9,9,110
nm1703419,0.663646,9,9,548
nm0949433,1.714334,18,18,24
nm10341412,0.944863,9,9,24
nm0000115,0.94137,9,9,4
nm0951216,0.863227,9,9,110
nm5390656,0.863227,9,9,110
nm3941330,1.0,9,9,727
nm1371339,0.956853,9,9,256
nm0955513,0.936588,9,9,23
nm10730775,0.936588,9,9,23
nm1276384,1.670164,18,18,23
nm3645531,0.936588,9,9,23
nm10842732,0.918878,9,9,6
nm1734602,1.690355,17,18,1352
nm4340580,0.913706,9,9,729
nm1597989,1.0,9,9,731
nm4948812,1.0,9,9,731
nm2087049,1.0,9,9,732
nm6700297,1.0,9,9,732
nm2206989,1.0,9,9,733
nm1001206,1.0,9,9,733
nm10243100,0.754526,9,9,635
nm2884462,0.754526,9,9,635
nm10364921,0.77806,9,9,1003
nm9137961,0.77806,9,9,1003
nm10364923,0.77806,9,9,1003
nm2018376,0.738969,9,9,740
nm10363135,0.761111,9,9,740
nm7713302,0.761111,9,9,740
nm7816978,0.77806,9,9,1003
nm7822046,0.77806,9,9,1003
nm10423971,0.956853,9,9,557
nm10456062,1.0,9,9,741
nm10456069,1.0,9,9,741
nm10456067,1.0,9,9,741
nm3569306,1.0,9,9,742
nm3750745,1.0,9,9,742
nm3779956,1.0,9,9,742
nm8129850,1.0,9,9,742
nm3655976,1.0,9,9,346
nm0183904,1.0,9,9,346
nm3174558,1.0,9,9,346
nm3700404,1.0,9,9,378
nm1959789,1.0,9,9,378
nm0546997,1.0,9,9,378
nm2852571,1.126353,17,18,548
nm4948139,0.684235,9,9,110
nm10349796,0.684235,9,9,110
nm8356899,0.846399,9,9,110
nm3860014,0.868084,9,9,179
nm8297989,0.868084,9,9,179
nm12384045,0.846399,9,9,110
nm9816461,0.846399,9,9,110
nm10392375,1.18564,17,18,739
nm1000338,0.82533,9,9,111
nm3444369,0.82533,9,9,111
nm5451541,0.82533,9,9,111
nm10005523,1.0,9,9,746
nm10809242,1.0,9,9,746
nm10842582,1.0,9,9,340
nm0180774,1.0,9,9,340
nm10842579,1.0,9,9,340
nm1966660,1.0,9,9,747
nm11591978,1.0,9,9,747
nm2352909,1.0,9,9,747
nm1284850,1.0,9,9,748
nm1316170,1.0,9,9,748
nm8105604,0.832949,9,9,114
nm0706670,1.584927,18,18,114
nm5396089,1.0,9,9,752
nm10020219,0.956853,9,9,753
nm7716909,0.887916,9,9,43
nm7756047,0.887916,9,9,43
nm10485312,0.887916,9,9,43
nm1190847,1.0,9,9,761
nm1362698,1.0,9,9,761
nm8760105,0.893801,9,9,114
nm3760640,1.0,9,9,762
nm9412101,1.0,9,9,762
nm18223693,0.932337,9,9,110
nm5229761,0.932337,9,9,110
nm18223690,0.932337,9,9,110
nm9792345,0.932337,9,9,110
nm10490517,1.0,9,9,768
nm8178442,1.0,9,9,768
nm9832217,1.0,9,9,768
nm10451089,0.888423,9,9,707
nm2456249,1.666655,18,18,707
nm1003962,0.956853,9,9,736
nm2415604,0.956853,9,9,736
nm10476376,0.956853,9,9,736
nm5994234,0.956853,9,9,736
nm18689156,0.956853,9,9,736
nm18689155,0.956853,9,9,736
nm2081715,0.956853,9,9,736
nm3513717,0.956853,9,9,736
nm3683327,0.956853,9,9,736
nm10040390,1.0,9,9,770
nm10877610,1.0,9,9,770
nm10041459,0.841712,9,9,771
nm10534884,1.0,9,9,773
nm9787164,1.0,9,9,773
nm3668024,1.0,9,9,774
nm10273747,1.0,9,9,774
nm10273748,1.0,9,9,774
nm10047916,1.0,9,9,774
nm10273745,1.0,9,9,774
nm6367789,1.0,9,9,777
nm8844726,1.0,9,9,777
nm9844471,1.0,9,9,777
nm8740078,1.0,9,9,778
nm9803895,1.0,9,9,778
nm7333707,1.0,9,9,778
nm10342542,1.0,9,9,779
nm5294081,1.0,9,9,779
nm10342545,1.0,9,9,779
nm10057575,0.946779,9,9,23
nm9656542,0.946779,9,9,23
nm10411939,0.946779,9,9,23
nm10057577,1.0,9,9,780
nm10384674,1.0,9,9,780
nm9202878,1.0,9,9,780
nm10384676,1.0,9,9,780
nm9775906,1.0,9,9,780
nm10063454,0.956853,9,9,760
nm10587276,0.956853,9,9,760
nm10587241,0.956853,9,9,760
nm6814486,1.77665,18,18,760
nm10280914,1.0,9,9,783
nm8826563,1.0,9,9,783
nm8975055,1.0,9,9,783
nm9835969,1.0,9,9,783
nm10066504,0.956853,9,9,481
nm8649953,0.956853,9,9,481
nm10398725,1.0,9,9,716
nm4902848,1.0,9,9,716
nm7489043,0.884428,9,9,785
nm1149372,0.815626,9,9,110
nm1152720,0.815626,9,9,110
nm9155416,1.0,9,9,788
nm10076781,0.928891,9,9,21
nm10457031,0.928891,9,9,21
nm2983464,2.443587,27,27,19
nm7322034,0.928891,9,9,21
nm3181771,0.928891,9,9,21
nm10457032,0.928891,9,9,21
nm13616526,0.928891,9,9,21
nm3473331,1.0,9,9,790
nm7701129,1.0,9,9,790
nm10078041,1.0,9,9,792
nm5342966,1.0,9,9,792
nm8863699,1.0,9,9,792
nm7065701,1.0,9,9,792
nm10080077,1.0,9,9,795
nm2897883,1.0,9,9,795
nm10454485,1.0,9,9,795
nm6088065,1.0,9,9,795
nm7286184,0.956853,9,9,796
nm7685071,0.956853,9,9,796
nm6526252,0.913706,9,9,798
nm10114454,0.86243,9,9,86
nm3140519,0.86243,9,9,86
nm5798583,0.86243,9,9,86
nm10088118,0.956853,9,9,760
nm10027831,0.956853,9,9,760
nm5689702,0.956853,9,9,760
nm17128682,0.932961,9,9,365
nm9744724,0.932961,9,9,365
nm12214753,0.932961,9,9,365
nm0201916,0.932961,9,9,365
nm10101416,0.932961,9,9,365
nm10091596,1.690355,17,18,800
nm7106485,0.913706,9,9,800
nm3175946,1.690355,17,18,800
nm10424352,0.956853,9,9,802
nm2122395,0.956853,9,9,802
nm2812886,0.956853,9,9,698
nm10316614,1.0,9,9,805
nm1059148,0.943792,9,9,559
nm3786479,0.901742,9,9,559
nm7313804,0.9335,9,9,348
nm9979946,0.9335,9,9,348
nm10325531,0.894623,9,9,114
nm8758347,0.894623,9,9,114
nm9488941,2.315665,27,27,114
nm10325533,0.894623,9,9,114
nm3474462,1.70022,18,18,114
nm10131701,1.0,9,9,480
nm2292317,1.0,9,9,480
nm6463765,1.0,9,9,480
nm4672619,1.0,9,9,806
nm10141088,1.0,9,9,809
nm7993498,1.0,9,9,809
nm4944654,1.0,9,9,809
nm8513869,1.0,9,9,809
nm4029706,1.56863,18,18,86
nm9201744,0.787685,9,9,86
nm3129108,0.787685,9,9,86
nm8624891,0.787685,9,9,86
nm9132188,0.725811,9,9,86
nm5263495,0.938757,9,9,3
nm5798596,1.0,9,9,811
nm9016107,1.0,9,9,811
nm5987973,1.0,9,9,811
nm5755903,1.0,9,9,812
nm2320409,1.0,9,9,812
nm10148275,0.742708,9,9,86
nm2747851,0.742708,9,9,86
nm6040987,0.742708,9,9,86
nm11075590,0.712192,9,9,1275
nm12803735,0.843131,9,9,11
nm9138548,0.843131,9,9,11
nm10954784,0.843131,9,9,11
nm8359696,1.0,9,9,818
nm9793176,1.0,9,9,819
nm10400885,1.0,9,9,819
nm11982842,1.0,9,9,822
nm10681054,0.849564,9,9,111
nm10388312,1.0,9,9,823
nm10388313,1.0,9,9,823
nm10388311,1.0,9,9,823
nm10485744,1.0,9,9,823
nm2140007,1.0,9,9,824
nm6870283,1.0,9,9,824
nm4432035,1.0,9,9,824
nm7948282,1.0,9,9,824
nm10169844,1.0,9,9,824
nm10233639,1.0,9,9,825
nm10175558,1.0,9,9,384
nm10209518,1.0,9,9,384
nm7973570,1.0,9,9,384
nm1238589,1.0,9,9,827
nm3780240,1.0,9,9,827
nm4655667,0.884584,9,9,23
nm2145366,0.884584,9,9,23
nm0795520,0.884584,9,9,23
nm10377186,0.884584,9,9,23
nm1018299,1.0,9,9,829
nm2777493,1.0,9,9,829
nm8533766,1.0,9,9,829
nm10183085,1.0,9,9,567
nm11163514,1.0,9,9,567
nm2749475,1.0,9,9,567
nm3022132,0.894629,9,9,114
nm16476117,0.894629,9,9,114
nm1342784,0.894629,9,9,114
nm3368049,0.916602,9,9,114
nm8471120,1.0,9,9,831
nm1971706,1.0,9,9,831
nm3561833,1.0,9,9,793
nm10078970,1.0,9,9,793
nm2315672,0.940058,9,9,785
nm9677989,0.940058,9,9,785
nm10245269,0.943551,9,9,114
nm10531655,0.943551,9,9,114
nm10531656,0.943551,9,9,114
nm9874641,0.943551,9,9,114
nm8613647,1.0,9,9,834
nm8121515,1.0,9,9,834
nm1270429,1.0,9,9,539
nm2308166,1.0,9,9,539
nm3879111,1.0,9,9,539
nm0424718,1.0,9,9,539
nm10004503,1.0,9,9,745
nm9203435,1.0,9,9,745
nm10458037,1.0,9,9,745
nm10458798,1.0,9,9,745
nm9203451,1.0,9,9,745
nm10197661,1.0,9,9,836
nm9740863,1.0,9,9,836
nm10506330,1.0,9,9,836
nm10201411,1.0,9,9,830
nm10204687,1.0,9,9,830
nm10204708,1.0,9,9,830
nm4938456,1.0,9,9,830
nm5826668,1.0,9,9,830
nm10284989,0.737242,9,9,838
nm7574605,0.71738,9,9,838
nm10285136,1.307618,17,18,838
nm6508720,2.000431,24,27,838
nm10285010,0.752822,9,9,838
nm5323041,0.928552,9,9,114
nm1042101,1.0,9,9,840
nm10298319,1.0,9,9,840
nm1117679,1.0,9,9,840
nm5873750,1.0,9,9,840
nm14154574,0.956853,9,9,689
nm1113889,0.956853,9,9,689
nm14154581,0.956853,9,9,689
nm14154577,0.956853,9,9,689
nm10372348,1.604061,16,18,891
nm4248782,0.870558,9,9,841
nm10276749,1.604061,16,18,891
nm10367780,0.870558,9,9,841
nm10372273,0.870558,9,9,841
nm11960691,1.0,9,9,845
nm3950899,1.0,9,9,845
nm7219768,1.0,9,9,845
nm3936613,1.0,9,9,847
nm10592821,1.0,9,9,847
nm13656111,1.0,9,9,847
nm4282772,1.0,9,9,847
nm10352050,1.0,9,9,848
nm6735462,1.0,9,9,848
nm10320848,1.0,9,9,842
nm5388287,1.0,9,9,850
nm10420860,0.8883,9,9,110
nm5089510,0.8883,9,9,110
nm10420858,0.8883,9,9,110
nm9656000,0.8883,9,9,110
nm10235712,1.0,9,9,853
nm11248904,1.0,9,9,853
nm10238004,1.0,9,9,855
nm9748311,1.0,9,9,855
nm7302567,1.0,9,9,855
nm10474375,0.852039,9,9,19
nm10495004,1.0,9,9,858
nm10495012,1.0,9,9,858
nm10495009,1.0,9,9,858
nm10495011,1.0,9,9,858
nm10251277,1.0,9,9,859
nm4306930,1.0,9,9,859
nm4674421,1.0,9,9,859
nm6296119,1.0,9,9,859
nm10252179,1.0,9,9,860
nm1690662,1.0,9,9,860
nm10430745,1.0,9,9,860
nm10430768,1.0,9,9,860
nm4764161,1.0,9,9,860
nm10386210,0.870558,9,9,861
nm10751495,1.0,9,9,862
nm10751496,1.0,9,9,862
nm9387625,1.0,9,9,862
nm2506850,0.920494,9,9,11
nm4659203,0.920494,9,9,11
nm9046573,0.920494,9,9,11
nm11844129,1.0,9,9,603
nm0554112,1.0,9,9,603
nm10261362,1.0,9,9,603
nm4424786,1.0,9,9,603
nm10263891,1.0,9,9,866
nm3725546,1.0,9,9,866
nm10264201,1.0,9,9,867
nm10264742,1.0,9,9,867
nm10264205,1.0,9,9,867
nm10264206,1.0,9,9,867
nm10264746,1.0,9,9,867
nm2871680,1.0,9,9,867
nm10265582,1.0,9,9,868
nm10445111,1.0,9,9,868
nm9410838,1.0,9,9,872
nm8502251,0.896743,9,9,873
nm7900894,0.896743,9,9,873
nm10267172,1.0,9,9,874
nm10267128,1.0,9,9,874
nm4713973,1.0,9,9,816
nm4787182,1.0,9,9,816
nm10269000,1.0,9,9,876
nm2855324,1.0,9,9,877
nm10269102,1.0,9,9,877
nm10270567,1.0,9,9,879
nm10270564,1.0,9,9,879
nm8807859,1.0,9,9,879
nm8888942,1.0,9,9,880
nm5732876,0.850923,9,9,13
nm10112473,0.850923,9,9,13
nm10271249,0.850923,9,9,13
nm5052181,0.850923,9,9,13
nm5053136,0.850923,9,9,13
nm3372052,1.0,9,9,881
nm3713533,1.0,9,9,881
nm1967566,1.0,9,9,309
nm1513711,1.0,9,9,309
nm0316381,1.0,9,9,309
nm2386134,1.0,9,9,309
nm10272584,1.0,9,9,852
nm1476388,1.0,9,9,852
nm7517010,0.871532,9,9,19
nm4191893,0.871532,9,9,19
nm3596374,0.827411,9,9,871
nm10273303,0.956853,9,9,675
nm10273980,0.956853,9,9,675
nm8309564,0.956853,9,9,675
nm0722333,0.956853,9,9,675
nm9373964,0.956853,9,9,675
nm6713767,1.0,9,9,885
nm9987314,1.0,9,9,885
nm10301294,1.0,9,9,885
nm9267023,1.0,9,9,885
nm10275010,1.0,9,9,885
nm11669138,1.0,9,9,886
nm7519999,1.0,9,9,886
nm10501964,1.0,9,9,887
nm10275513,1.0,9,9,887
nm9882055,1.0,9,9,887
nm10275870,1.0,9,9,888
nm4095500,1.0,9,9,888
nm10276231,0.956853,9,9,277
nm9556321,0.956853,9,9,277
nm10276230,0.956853,9,9,277
nm2876852,1.566817,16,18,1351
nm3620703,1.647208,18,18,890
nm10276299,0.851936,9,9,890
nm2433455,0.851936,9,9,1036
nm6826659,1.925657,24,27,838
nm10367925,0.870558,9,9,160
nm1121917,0.870558,9,9,160
nm10278352,0.870558,9,9,160
nm10277005,0.956853,9,9,389
nm7630841,0.956853,9,9,389
nm10277053,1.0,9,9,892
nm10277055,1.0,9,9,892
nm9405907,1.0,9,9,892
nm10309316,0.938133,9,9,596
nm0535295,0.938133,9,9,596
nm15009993,0.938133,9,9,596
nm1125711,2.519483,27,27,596
nm1404509,0.938133,9,9,596
nm4748460,0.938133,9,9,596
nm6635559,1.0,9,9,865
nm8144014,1.0,9,9,896
nm5482202,1.0,9,9,896
nm10278263,1.0,9,9,896
nm13883407,0.800998,9,9,110
nm0993607,0.800998,9,9,110
nm10278476,0.794426,9,9,838
nm10284020,0.794426,9,9,838
nm10278983,1.0,9,9,897
nm10278982,1.0,9,9,897
nm10278990,1.0,9,9,897
nm9241909,0.956853,9,9,898
nm10279636,0.956853,9,9,898
nm1424624,0.956853,9,9,898
nm0687625,1.631955,18,18,3
nm4537136,0.898532,9,9,3
nm8989780,1.0,9,9,900
nm10396871,1.0,9,9,900
nm10396872,1.0,9,9,900
nm10396878,1.0,9,9,900
nm10396879,1.0,9,9,900
nm8581789,1.0,9,9,900
nm6143310,0.759653,9,9,838
nm6903157,0.759653,9,9,838
nm8290598,0.759653,9,9,838
nm10282874,1.0,9,9,901
nm10282875,1.0,9,9,901
nm2322442,1.0,9,9,901
nm0403899,0.85771,9,9,111
nm1182276,0.85771,9,9,111
nm2152434,0.85771,9,9,111
nm2763138,0.808281,9,9,111
nm7885560,0.808281,9,9,111
nm10284596,0.949921,9,9,206
nm4104357,0.949921,9,9,206
nm1710342,0.949921,9,9,206
nm6049570,0.949921,9,9,206
nm6483470,1.0,9,9,677
nm8140155,1.0,9,9,904
nm1028648,1.77665,18,18,225
nm4478332,0.956853,9,9,225
nm1929018,0.956853,9,9,225
nm5378257,0.956853,9,9,225
nm11370721,0.956853,9,9,225
nm10287498,1.0,9,9,165
nm4658934,1.0,9,9,165
nm10288339,0.946562,9,9,30
nm10288531,1.0,9,9,906
nm12654672,1.0,9,9,906
nm10288737,1.0,9,9,789
nm10288728,1.0,9,9,789
nm10288735,1.0,9,9,789
nm10288736,1.0,9,9,789
nm10289110,0.956853,9,9,54
nm1322483,0.956853,9,9,54
nm11410757,0.956853,9,9,878
nm10289915,1.0,9,9,907
nm7328054,0.816421,9,9,524
nm8402599,0.816421,9,9,524
nm10292055,1.0,9,9,911
nm10292068,1.0,9,9,911
nm8034525,1.0,9,9,911
nm10292407,0.941067,9,9,7
nm10292396,0.941067,9,9,7
nm10379659,0.941067,9,9,7
nm10292438,1.0,9,9,913
nm10292448,1.0,9,9,913
nm3753264,1.0,9,9,913
nm10293292,1.0,9,9,915
nm9447600,0.866322,9,9,114
nm9067892,1.6183,18,18,114
nm10293522,1.0,9,9,856
nm10293524,1.0,9,9,856
nm8143598,1.0,9,9,856
nm10239528,1.0,9,9,856
nm10293520,1.0,9,9,856
nm10293526,1.0,9,9,856
nm10261796,0.956853,9,9,274
nm1816193,0.956853,9,9,645
nm10295080,0.956853,9,9,645
nm2134954,0.956853,9,9,645
nm8748462,0.956853,9,9,645
nm9964315,0.956853,9,9,645
nm1531455,1.0,9,9,921
nm13774145,1.0,9,9,921
nm13812486,1.0,9,9,921
nm13812494,1.0,9,9,921
nm7798213,1.0,9,9,922
nm10296875,1.0,9,9,923
nm10298694,0.956853,9,9,254
nm0085837,1.77665,18,18,254
nm11433227,0.956853,9,9,254
nm5676210,0.948678,9,9,323
nm9442181,0.948678,9,9,323
nm9192788,0.948678,9,9,323
nm10300660,1.0,9,9,499
nm0373573,1.0,9,9,499
nm2580549,0.905083,9,9,924
nm10296981,0.905083,9,9,924
nm3238945,0.905083,9,9,924
nm5657405,0.905083,9,9,924
nm8268551,2.259091,25,27,1374
nm8173181,1.0,9,9,925
nm6597868,1.0,9,9,925
nm7574457,1.0,9,9,925
nm5730865,1.0,9,9,925
nm1231813,0.927576,9,9,11
nm2744972,0.927576,9,9,11
nm4083827,0.927576,9,9,11
nm5438354,0.927569,9,9,478
nm5226061,0.927569,9,9,478
nm7677571,0.902805,9,9,926
nm9001733,0.902805,9,9,926
nm10303426,1.0,9,9,927
nm10303427,1.0,9,9,927
nm8720708,1.0,9,9,927
nm10303778,1.0,9,9,928
nm10303765,1.0,9,9,928
nm10303747,1.0,9,9,928
nm10303749,1.0,9,9,928
nm10303780,1.0,9,9,928
nm10303958,1.0,9,9,929
nm5379785,1.0,9,9,929
nm6870822,1.0,9,9,916
nm10305408,1.0,9,9,804
nm9116322,1.0,9,9,804
nm10154951,1.0,9,9,804
nm10307037,1.0,9,9,804
nm9974796,1.0,9,9,804
nm10305721,1.0,9,9,721
nm0921243,1.0,9,9,721
nm10305718,1.0,9,9,721
nm10305903,1.0,9,9,931
nm10306045,0.836993,9,9,932
nm10369742,0.836993,9,9,932
nm10307160,0.956853,9,9,617
nm10307163,0.956853,9,9,617
nm10307164,0.956853,9,9,617
nm10308440,0.956853,9,9,617
nm5369439,0.956853,9,9,617
nm1942726,0.956853,9,9,617
nm10457991,1.0,9,9,933
nm10457995,1.0,9,9,933
nm9656590,1.0,9,9,933
nm10308185,1.0,9,9,935
nm10308188,1.0,9,9,935
nm10308184,1.0,9,9,935
nm10308186,1.0,9,9,935
nm9734015,1.0,9,9,935
nm10308211,1.0,9,9,936
nm6387801,1.0,9,9,936
nm10310555,1.0,9,9,939
nm10310854,1.0,9,9,939
nm8806588,1.0,9,9,939
nm4297673,0.956853,9,9,796
nm7299496,0.900705,9,9,110
nm7927066,0.900705,9,9,110
nm1275407,1.0,9,9,944
nm1253795,1.0,9,9,944
nm1287850,1.0,9,9,944
nm8630035,1.258883,12,18,1392
nm8509764,1.258883,12,18,1392
nm8509765,1.258883,12,18,1392
nm10315055,1.0,9,9,947
nm10942842,1.0,9,9,947
nm11041862,1.0,9,9,947
nm3301189,1.0,9,9,947
nm7639625,0.956853,9,9,653
nm1567768,0.956853,9,9,653
nm8320219,0.956853,9,9,653
nm10315866,1.0,9,9,941
nm8405449,1.0,9,9,941
nm4566352,1.0,9,9,948
nm10316741,1.0,9,9,949
nm7120132,1.0,9,9,949
nm7467169,1.0,9,9,949
nm8819795,1.0,9,9,949
nm10323524,1.0,9,9,918
nm4859856,1.0,9,9,918
nm7682776,1.0,9,9,950
nm10347855,1.0,9,9,950
nm10347926,1.0,9,9,950
nm10318508,1.0,9,9,204
nm0045119,1.0,9,9,204
nm12973204,1.0,9,9,204
nm1574041,1.0,9,9,204
nm10318909,0.942653,9,9,114
nm10320053,1.0,9,9,719
nm4976391,1.0,9,9,719
nm1940420,0.883852,9,9,1216
nm10321698,0.877139,9,9,43
nm10565873,0.877139,9,9,43
nm10858694,1.0,9,9,953
nm10355139,1.0,9,9,953
nm10322425,0.870558,9,9,954
nm10369281,0.870558,9,9,955
nm10369283,0.870558,9,9,955
nm9306337,0.935367,9,9,503
nm10323691,1.0,9,9,956
nm10323697,1.0,9,9,956
nm8883759,1.0,9,9,956
nm8433300,1.0,9,9,957
nm10324812,1.0,9,9,957
nm10324815,1.0,9,9,957
nm7081485,1.0,9,9,957
nm6049034,1.0,9,9,917
nm9407264,1.0,9,9,917
nm9958408,1.0,9,9,917
nm10326805,1.0,9,9,958
nm10326800,1.0,9,9,958
nm10326801,1.0,9,9,958
nm1183050,1.0,9,9,958
nm1485628,1.0,9,9,958
nm10327034,1.0,9,9,959
nm10327040,1.0,9,9,959
nm5402278,1.0,9,9,960
nm2525214,1.0,9,9,961
nm10330965,0.607061,9,9,113
nm10919511,1.0,9,9,965
nm10333295,0.87749,9,9,966
nm6236901,0.87749,9,9,966
nm9567602,0.87749,9,9,966
nm10333197,0.87749,9,9,966
nm11587529,0.87749,9,9,966
nm10333192,0.87749,9,9,966
nm10333198,0.87749,9,9,966
nm9709002,1.640276,18,18,966
nm10333636,0.913706,9,9,969
nm9680890,0.913706,9,9,969
nm10333633,0.913706,9,9,969
nm10333908,1.0,9,9,971
nm6786673,1.0,9,9,971
nm10333907,1.0,9,9,971
nm10334614,1.0,9,9,826
nm10516908,0.935964,9,9,19
nm10516909,0.935964,9,9,19
nm10450256,1.0,9,9,972
nm10450264,1.0,9,9,972
nm9967504,1.0,9,9,972
nm4392607,1.0,9,9,973
nm5136687,1.0,9,9,973
nm6573080,1.0,9,9,973
nm6820375,1.0,9,9,973
nm9680892,0.913706,9,9,970
nm9680897,0.913706,9,9,970
nm9680891,0.913706,9,9,970
nm9680909,0.913706,9,9,970
nm3455998,1.0,9,9,974
nm10337380,1.0,9,9,974
nm3263076,1.0,9,9,974
nm7903846,1.0,9,9,974
nm12191660,1.0,9,9,975
nm10338571,1.674464,18,18,454
nm10338579,0.937401,9,9,454
nm2120778,0.937401,9,9,454
nm1847621,1.0,9,9,976
nm10338884,1.0,9,9,976
nm12081923,1.0,9,9,976
nm14170032,1.0,9,9,976
nm10339103,1.0,9,9,977
nm10339742,0.871246,9,9,13
nm8367803,1.0,9,9,978
nm2832695,1.0,9,9,978
nm7276503,0.956853,9,9,979
nm7139083,0.956853,9,9,979
nm1285394,1.0,9,9,943
nm10570112,1.0,9,9,943
nm10342517,0.956853,9,9,980
nm10342516,0.956853,9,9,980
nm1091861,0.956853,9,9,980
nm5071399,0.818159,9,9,23
nm9864490,1.0,9,9,981
nm10343512,1.0,9,9,981
nm10343513,1.0,9,9,981
nm10348983,1.0,9,9,981
nm10344900,0.884751,9,9,11
nm10344897,0.884751,9,9,11
nm11196402,0.884751,9,9,11
nm16049743,0.884751,9,9,11
nm8389782,0.884751,9,9,11
nm9257789,0.884751,9,9,11
nm15972751,0.87664,9,9,13
nm3453866,1.584229,18,18,11
nm10576101,0.87664,9,9,13
nm2680269,1.0,9,9,983
nm9466769,1.0,9,9,983
nm10345839,0.844992,9,9,114
nm10347947,1.0,9,9,984
nm10349599,1.0,9,9,986
nm10349600,1.0,9,9,986
nm9240162,1.0,9,9,986
nm10466646,1.0,9,9,987
nm10350141,1.0,9,9,987
nm10350182,1.0,9,9,987
nm10569204,0.913706,9,9,989
nm5274532,0.913706,9,9,989
nm4047075,0.913706,9,9,989
nm10353358,1.0,9,9,990
nm9209415,1.0,9,9,990
nm10353375,1.0,9,9,990
nm10350937,1.0,9,9,992
nm10350933,1.0,9,9,992
nm10352263,1.0,9,9,993
nm7989024,1.0,9,9,994
nm4718099,1.0,9,9,994
nm9775949,1.0,9,9,994
nm4718933,1.0,9,9,994
nm10577934,1.0,9,9,996
nm10050841,0.956853,9,9,597
nm1257611,0.889034,9,9,114
nm1269719,0.889034,9,9,114
nm10357866,0.856524,9,9,13
nm9439999,0.856524,9,9,13
nm10358002,1.0,9,9,999
nm1888295,1.0,9,9,1000
nm10359218,1.0,9,9,730
nm0962519,1.0,9,9,730
nm10359217,1.0,9,9,730
nm5592042,1.0,9,9,730
nm1807925,1.0,9,9,538
nm0423722,1.0,9,9,538
nm1813913,1.0,9,9,538
nm10361106,1.0,9,9,612
nm7577471,1.0,9,9,612
nm10362795,1.0,9,9,998
nm10447409,1.0,9,9,1002
nm8164806,1.0,9,9,1002
nm10447364,1.0,9,9,1002
nm6801695,1.0,9,9,1002
nm11916996,0.880775,9,9,137
nm7973284,0.880775,9,9,137
nm10646808,1.0,9,9,1004
nm10702143,1.0,9,9,1004
nm10364392,1.0,9,9,1005
nm10364394,1.0,9,9,1005
nm10364607,1.0,9,9,1006
nm10364608,1.0,9,9,1006
nm10364606,1.0,9,9,1006
nm10364609,1.0,9,9,1006
nm7390671,1.0,9,9,1006
nm7821993,1.0,9,9,1006
nm10364818,1.0,9,9,1007
nm9970779,1.0,9,9,1007
nm4072060,1.0,9,9,1007
nm9159882,1.0,9,9,1007
nm10364895,0.949921,9,9,273
nm12092732,0.949921,9,9,273
nm2831213,0.927569,9,9,273
nm0100653,0.927569,9,9,273
nm0458511,0.927569,9,9,273
nm1902776,0.927569,9,9,273
nm10329578,0.927569,9,9,273
nm2779825,0.927569,9,9,273
nm7782119,0.927569,9,9,273
nm6419803,1.0,9,9,1009
nm10469119,1.0,9,9,1009
nm7630834,1.0,9,9,1009
nm9050337,0.956853,9,9,980
nm10369306,1.0,9,9,1010
nm10369308,1.0,9,9,1010
nm10369425,1.0,9,9,1011
nm10369420,1.0,9,9,1011
nm10369648,1.0,9,9,1013
nm10369653,1.0,9,9,1013
nm10370314,1.0,9,9,1014
nm10165243,1.0,9,9,821
nm10388469,1.0,9,9,821
nm6835871,1.0,9,9,821
nm1537329,1.0,9,9,821
nm1857170,1.0,9,9,821
nm9759219,1.0,9,9,821
nm9787727,1.0,9,9,821
nm2673512,1.0,9,9,1019
nm6417920,1.0,9,9,1019
nm10376602,0.927542,9,9,39
nm6518022,0.927542,9,9,39
nm9654872,0.927542,9,9,39
nm6074904,0.927542,9,9,39
nm2588610,0.844644,9,9,11
nm10377642,1.0,9,9,869
nm9577548,1.0,9,9,869
nm10265751,1.0,9,9,869
nm10377640,1.0,9,9,869
nm10377641,1.0,9,9,869
nm5400786,1.0,9,9,1021
nm5816550,1.0,9,9,1021
nm9218406,1.0,9,9,1021
nm10378904,1.0,9,9,1022
nm10379061,1.0,9,9,1023
nm10379064,1.0,9,9,1023
nm10379145,1.0,9,9,1024
nm10791962,1.0,9,9,1025
nm10387325,1.0,9,9,1025
nm14341508,1.0,9,9,1025
nm10381411,1.0,9,9,1026
nm10381422,1.0,9,9,1026
nm10462404,1.0,9,9,1027
nm10382308,1.0,9,9,908
nm10382309,1.0,9,9,908
nm10382563,1.0,9,9,1029
nm8158637,1.0,9,9,1029
nm13394289,1.0,9,9,1029
nm2076603,1.0,9,9,1029
nm10396378,1.0,9,9,1030
nm10396381,1.0,9,9,1030
nm10383832,0.956853,9,9,551
nm10383833,0.956853,9,9,551
nm3466279,0.956853,9,9,551
nm10424483,1.0,9,9,1032
nm16405068,1.0,9,9,1033
nm16405070,1.0,9,9,1033
nm9648940,1.0,9,9,1034
nm2927936,0.932328,9,9,1036
nm3341685,0.932328,9,9,1036
nm6411669,0.932328,9,9,1036
nm1123859,0.956853,9,9,642
nm10387666,1.0,9,9,1039
nm10387661,1.0,9,9,1039
nm3070482,0.837142,9,9,33
nm10487813,0.956853,9,9,775
nm5652097,1.77665,18,18,775
nm10388685,0.956853,9,9,775
nm10389252,1.0,9,9,496
nm10389253,1.0,9,9,496
nm5674124,1.0,9,9,496
nm0372091,1.0,9,9,496
nm10389248,1.0,9,9,496
nm10411427,1.0,9,9,1041
nm4817771,1.0,9,9,1041
nm3263461,1.0,9,9,1041
nm10390409,1.0,9,9,1042
nm10390412,1.0,9,9,1042
nm10390694,0.937065,9,9,126
nm4646761,0.937065,9,9,126
nm11600725,0.87528,9,9,19
nm11600727,0.87528,9,9,19
nm10392019,1.0,9,9,1043
nm1281652,1.0,9,9,1044
nm10447861,1.0,9,9,1044
nm10395065,1.0,9,9,1046
nm10436662,1.0,9,9,1048
nm12052708,1.0,9,9,1048
nm10399797,0.908055,9,9,110
nm0465221,0.908055,9,9,110
nm1406650,1.0,9,9,764
nm10186457,1.0,9,9,764
nm12001759,1.0,9,9,764
nm8687556,1.0,9,9,1052
nm10403403,1.0,9,9,1053
nm10403415,1.0,9,9,1053
nm7541334,0.881046,9,9,1054
nm3149791,2.321775,27,27,1054
nm14002880,0.948165,9,9,23
nm11713971,0.948165,9,9,23
nm3556463,0.948165,9,9,23
nm9047365,0.650182,9,9,113
nm3040724,0.927569,9,9,317
nm1427785,0.927569,9,9,317
nm3263422,1.740434,18,18,317
nm11638992,1.0,9,9,1055
nm10406710,0.883367,9,9,11
nm6649988,1.551373,18,18,11
nm7381472,0.866527,9,9,1057
nm9939887,0.866527,9,9,1057
nm9714813,1.0,9,9,1050
nm5711973,1.0,9,9,1050
nm9211007,1.0,9,9,1050
nm9649501,1.0,9,9,1050
nm4200158,1.0,9,9,1060
nm8725945,1.0,9,9,1060
nm4272368,1.0,9,9,1060
nm4272350,1.0,9,9,1060
nm10511949,0.640078,9,9,113
nm10407601,1.0,9,9,1062
nm10471485,1.0,9,9,1062
nm10655177,1.0,9,9,1062
nm3045468,1.0,9,9,1062
nm2296641,1.0,9,9,1062
nm10408593,0.956853,9,9,155
nm5451670,0.956853,9,9,155
nm9638522,0.956853,9,9,155
nm10498862,0.851853,9,9,114
nm10318822,0.851853,9,9,114
nm10409715,0.857763,9,9,114
nm10409717,0.857763,9,9,114
nm3073947,0.851853,9,9,114
nm5880134,0.913706,9,9,1065
nm5074824,0.913706,9,9,1065
nm11212833,1.0,9,9,262
nm0092348,1.0,9,9,262
nm1176037,1.0,9,9,262
nm9734377,1.0,9,9,262
nm1308017,1.0,9,9,523
nm3684463,1.0,9,9,523
nm10415258,0.956853,9,9,810
nm9931908,1.77665,18,18,810
nm9244518,0.956853,9,9,810
nm1041650,1.0,9,9,154
nm0022134,1.0,9,9,154
nm11087821,1.0,9,9,1069
nm6546775,1.0,9,9,1072
nm10419131,1.0,9,9,1073
nm3509265,1.0,9,9,1073
nm10419377,1.0,9,9,1074
nm10419386,1.0,9,9,1074
nm10419374,1.0,9,9,1074
nm10419380,1.0,9,9,1074
nm4207994,0.721731,9,9,739
nm5025250,1.348102,16,18,739
nm9539277,0.893672,9,9,114
nm6325651,0.843643,9,9,1054
nm7249955,1.595714,18,18,1054
nm9803346,1.534257,18,18,1054
nm10424799,0.829379,9,9,1056
nm12963100,0.829379,9,9,1056
nm5628004,0.829379,9,9,1056
nm10425081,1.0,9,9,1077
nm10425132,0.956853,9,9,1078
nm10425799,1.0,9,9,1079
nm10425797,1.0,9,9,1079
nm10425803,1.0,9,9,1079
nm10425800,1.0,9,9,1079
nm1463711,1.0,9,9,1081
nm8569197,1.0,9,9,1081
nm5056001,1.0,9,9,1082
nm10427467,1.0,9,9,1084
nm10427473,1.0,9,9,1084
nm9001824,1.0,9,9,1084
nm10428101,1.0,9,9,1085
nm10428102,1.0,9,9,1085
nm10428098,1.0,9,9,1085
nm8827128,1.0,9,9,1086
nm10428305,1.0,9,9,1086
nm10428694,1.0,9,9,1086
nm10429833,1.0,9,9,1088
nm10429839,1.0,9,9,1088
nm10429918,1.0,9,9,1089
nm1759775,1.0,9,9,1089
nm2348576,1.0,9,9,1089
nm10430014,1.0,9,9,1090
nm10436383,0.956853,9,9,1083
nm10436384,0.956853,9,9,1083
nm10440590,1.0,9,9,1092
nm10440593,1.0,9,9,1092
nm10443275,1.0,9,9,1092
nm2735127,0.938161,9,9,371
nm6774674,0.938161,9,9,371
nm11625258,1.0,9,9,1093
nm10431285,1.0,9,9,1093
nm10431747,1.0,9,9,905
nm2540126,1.0,9,9,905
nm10365912,1.0,9,9,905
nm10432800,0.933656,9,9,310
nm3139448,1.0,9,9,814
nm10433012,1.0,9,9,814
nm10433061,1.0,9,9,751
nm10434416,1.0,9,9,751
nm7840775,1.0,9,9,751
nm1029211,1.0,9,9,912
nm9598742,1.0,9,9,912
nm1227303,1.0,9,9,912
nm10433746,1.0,9,9,1094
nm10433745,1.0,9,9,1094
nm2162693,1.0,9,9,1094
nm10433743,1.0,9,9,1094
nm5546239,0.947298,9,9,707
nm7025759,0.947298,9,9,707
nm10434310,1.0,9,9,807
nm10138613,1.0,9,9,807
nm7564241,1.0,9,9,807
nm10434497,1.0,9,9,1095
nm2806785,1.0,9,9,1095
nm10436337,0.889127,9,9,1054
nm1595910,0.889127,9,9,1054
nm5795194,0.889127,9,9,1054
nm5964365,1.608121,18,18,1054
nm10438664,1.0,9,9,884
nm10438667,1.0,9,9,884
nm10427377,0.956853,9,9,1083
nm6734397,1.0,9,9,1040
nm10436706,1.0,9,9,1040
nm3382327,1.0,9,9,1096
nm9299264,1.0,9,9,1096
nm10436897,1.0,9,9,763
nm10437046,1.0,9,9,1097
nm7672956,1.0,9,9,1097
nm11214448,1.0,9,9,1097
nm10437234,1.0,9,9,1098
nm10437236,1.0,9,9,1098
nm10437293,1.0,9,9,1099
nm2850450,1.0,9,9,486
nm7966228,1.0,9,9,486
nm9434849,1.0,9,9,486
nm10442521,1.0,9,9,1100
nm10442617,1.0,9,9,1100
nm10442620,1.0,9,9,1100
nm10437934,1.0,9,9,1101
nm10437933,1.0,9,9,1101
nm10437937,1.0,9,9,1101
nm10437998,1.0,9,9,1101
nm5535093,0.868366,9,9,23
nm10438090,0.882163,9,9,1102
nm11492404,0.869497,9,9,1294
nm13704769,0.869497,9,9,1294
nm8464384,0.869497,9,9,1294
nm1252241,1.645195,18,18,23
nm1162224,1.721011,18,18,23
nm10438727,0.911618,9,9,23
nm5521949,1.0,9,9,1105
nm10439994,1.0,9,9,1105
nm10439995,1.0,9,9,1105
nm7853681,1.0,9,9,1105
nm10575312,1.0,9,9,1106
nm10676585,1.0,9,9,1107
nm10442543,1.0,9,9,1107
nm13344995,1.0,9,9,1108
nm13344988,1.0,9,9,1108
nm1644478,1.0,9,9,1108
nm10443339,1.0,9,9,672
nm4300711,1.0,9,9,672
nm10443677,1.0,9,9,1109
nm8907038,1.0,9,9,1110
nm10446126,0.903814,9,9,1111
nm2640474,0.903814,9,9,1111
nm1126156,1.0,9,9,372
nm9294155,1.0,9,9,372
nm3120844,1.0,9,9,1113
nm10448555,1.0,9,9,1113
nm10448919,0.949921,9,9,820
nm12645751,0.927569,9,9,820
nm8429516,0.927569,9,9,820
nm3482371,0.949921,9,9,820
nm7770551,1.740434,18,18,820
nm9730273,0.927569,9,9,820
nm10449216,1.0,9,9,1114
nm10449223,1.0,9,9,1114
nm10449220,1.0,9,9,1114
nm9151002,1.0,9,9,769
nm3281844,0.763427,9,9,739
nm7988260,0.763427,9,9,739
nm10450558,0.763427,9,9,739
nm10447070,0.763427,9,9,739
nm10561903,1.0,9,9,1117
nm10451509,1.0,9,9,1118
nm6012914,1.0,9,9,1118
nm10452946,1.0,9,9,791
nm10077810,1.0,9,9,791
nm10452948,1.0,9,9,791
nm10453496,0.870558,9,9,1119
nm10453504,0.870558,9,9,1119
nm10454406,0.870558,9,9,1120
nm10454407,0.870558,9,9,1120
nm9578668,1.0,9,9,1121
nm10455698,1.0,9,9,1121
nm9578670,1.0,9,9,1121
nm10454899,1.0,9,9,1124
nm10454894,1.0,9,9,1124
nm10455049,0.616949,9,9,113
nm8734857,0.616949,9,9,113
nm4435755,1.0,9,9,1126
nm10456639,1.0,9,9,766
nm2966645,0.854893,9,9,56
nm0553747,0.854893,9,9,56
nm7836926,0.854893,9,9,56
nm9397915,1.0,9,9,1127
nm5265015,0.817716,9,9,111
nm6712587,0.833039,9,9,111
nm8581283,0.817716,9,9,111
nm11317217,0.817716,9,9,111
nm13182919,0.833039,9,9,111
nm10459411,1.428648,14,18,1130
nm10459413,1.428648,14,18,1130
nm7798251,0.782941,9,9,1130
nm10461344,1.0,9,9,1134
nm10461348,1.0,9,9,1134
nm8796806,1.0,9,9,1134
nm10022068,0.855501,9,9,754
nm9873412,0.855501,9,9,754
nm10462662,1.0,9,9,1135
nm4945454,1.0,9,9,1135
nm10464078,1.0,9,9,1136
nm10692808,1.0,9,9,1136
nm8193718,1.0,9,9,1136
nm10464081,1.0,9,9,1136
nm8971119,1.0,9,9,1136
nm10464713,1.0,9,9,1137
nm7930619,1.0,9,9,1137
nm10464715,1.0,9,9,1137
nm10464716,1.0,9,9,1137
nm9078230,1.0,9,9,1137
nm10496838,0.892631,9,9,114
nm10496842,0.892631,9,9,114
nm10174505,0.892631,9,9,114
nm9181836,1.0,9,9,1125
nm10455733,1.0,9,9,1125
nm3141242,1.0,9,9,1138
nm10482617,1.0,9,9,1139
nm10471433,1.0,9,9,577
nm0486761,1.0,9,9,577
nm10468988,1.0,9,9,577
nm10468985,1.0,9,9,577
nm2507180,0.946426,9,9,114
nm4532731,0.946426,9,9,114
nm10469273,0.946426,9,9,114
nm4680185,0.946426,9,9,114
nm4680774,0.946426,9,9,114
nm9851360,1.0,9,9,1140
nm3931192,0.944246,9,9,59
nm10471695,1.0,9,9,1142
nm10471696,1.0,9,9,1142
nm10471699,1.0,9,9,1142
nm10471875,1.0,9,9,1143
nm10576428,1.0,9,9,1143
nm9914908,1.0,9,9,1143
nm10471873,1.0,9,9,1143
nm1197336,1.0,9,9,659
nm2703232,1.0,9,9,659
nm1669784,1.0,9,9,659
nm10472115,1.0,9,9,849
nm10472116,1.0,9,9,849
nm8896354,1.0,9,9,894
nm10999806,1.0,9,9,894
nm4162078,1.0,9,9,894
nm6617180,1.0,9,9,1145
nm7022523,1.0,9,9,1145
nm10474790,1.0,9,9,1145
nm10476420,0.949921,9,9,820
nm10165007,0.949921,9,9,820
nm7384359,0.949921,9,9,820
nm3738372,1.0,9,9,1146
nm1702463,0.772035,9,9,111
nm6346172,0.772035,9,9,111
nm3776270,0.956853,9,9,597
nm10477371,1.0,9,9,1148
nm10477372,1.0,9,9,1148
nm10477374,1.0,9,9,1148
nm10477377,1.0,9,9,1148
nm10479194,1.0,9,9,1150
nm7054349,1.0,9,9,1150
nm10309465,1.0,9,9,938
nm10483765,1.0,9,9,938
nm10484284,1.0,9,9,938
nm1478149,1.0,9,9,794
nm11086776,1.0,9,9,794
nm1986451,1.0,9,9,794
nm10479920,1.0,9,9,1151
nm10848643,1.0,9,9,1151
nm12674561,1.0,9,9,1152
nm12674559,1.0,9,9,1152
nm12674562,1.0,9,9,1152
nm10480888,1.0,9,9,1153
nm7637210,1.0,9,9,1153
nm7285894,1.0,9,9,1154
nm9856689,1.0,9,9,1154
nm9580044,1.0,9,9,1154
nm10930960,0.956853,9,9,676
nm10483667,1.0,9,9,1155
nm1627809,1.014679,9,18,690
nm2416766,1.014679,9,18,690
nm6151985,1.014679,9,18,690
nm1759339,1.0,9,9,889
nm10485140,1.0,9,9,889
nm10485139,1.0,9,9,889
nm9748421,1.0,9,9,889
nm9864876,1.0,9,9,889
nm10486129,1.0,9,9,1156
nm10486130,1.0,9,9,1156
nm3452209,1.0,9,9,1156
nm15269621,1.0,9,9,1156
nm8074717,1.0,9,9,1156
nm7034023,0.91653,9,9,68
nm7034044,0.91653,9,9,68
nm10487107,1.0,9,9,1157
nm10487108,1.0,9,9,1157
nm10487113,1.0,9,9,1157
nm5048092,1.186327,18,18,113
nm10488497,1.0,9,9,1123
nm5496985,1.0,9,9,1123
nm9724541,1.0,9,9,1123
nm6931940,0.948678,9,9,323
nm6349342,0.948678,9,9,323
nm7548573,0.948678,9,9,323
nm10498051,1.0,9,9,1158
nm10491040,1.0,9,9,813
nm10491049,1.0,9,9,813
nm10491056,1.0,9,9,813
nm10491050,1.0,9,9,813
nm10491239,1.0,9,9,1159
nm10491840,1.0,9,9,94
nm0005000,1.0,9,9,94
nm4206647,1.0,9,9,94
nm10492021,0.956853,9,9,1070
nm10494470,0.956853,9,9,1070
nm10494471,0.956853,9,9,1070
nm10494626,1.0,9,9,997
nm10355448,1.0,9,9,997
nm10492245,1.0,9,9,997
nm10588260,1.0,9,9,997
nm5236560,1.0,9,9,1162
nm9287217,1.0,9,9,1162
nm10493364,1.0,9,9,1164
nm8808610,1.0,9,9,1164
nm11322754,0.909238,9,9,23
nm5661080,0.909238,9,9,23
nm11752730,1.0,9,9,1166
nm1148932,1.0,9,9,1166
nm7809993,1.0,9,9,1167
nm2873161,1.0,9,9,663
nm8011886,1.0,9,9,663
nm10497414,1.0,9,9,1168
nm10497428,1.0,9,9,1168
nm10830029,1.0,9,9,1169
nm2338224,1.0,9,9,755
nm2545672,1.0,9,9,755
nm2595872,1.0,9,9,755
nm10508412,0.927569,9,9,1161
nm7716984,0.949921,9,9,1161
nm9098721,0.927569,9,9,1161
nm10492477,0.949921,9,9,1161
nm10502631,0.949921,9,9,1161
nm8302445,0.927569,9,9,1161
nm9372014,0.927569,9,9,1161
nm9145616,1.0,9,9,1175
nm10502940,1.0,9,9,1175
nm8892987,1.0,9,9,1175
nm5394488,1.0,9,9,1175
nm5946083,1.0,9,9,1175
nm7232203,1.0,9,9,1175
nm10503421,0.956853,9,9,1176
nm8266096,0.956853,9,9,1176
nm7963858,0.956853,9,9,1176
nm4515254,0.956853,9,9,1176
nm9615498,1.0,9,9,1177
nm5304837,1.0,9,9,1177
nm10505335,0.946449,9,9,23
nm1254154,0.946449,9,9,23
nm1299704,0.946449,9,9,23
nm10505424,0.847167,9,9,13
nm10505427,0.847167,9,9,13
nm10505421,0.847167,9,9,13
nm10506097,1.0,9,9,1179
nm10506102,1.0,9,9,1179
nm3337275,1.0,9,9,1181
nm4417920,1.0,9,9,1181
nm10931457,1.0,9,9,1181
nm10508475,1.0,9,9,1182
nm10508459,1.0,9,9,1182
nm10508461,1.0,9,9,1182
nm10508471,1.0,9,9,1182
nm4302851,1.0,9,9,261
nm6851210,1.0,9,9,261
nm10510601,1.0,9,9,1183
nm4400182,1.0,9,9,1183
nm10510605,1.0,9,9,1183
nm10511275,1.0,9,9,1184
nm10511276,1.0,9,9,1184
nm10511352,1.0,9,9,776
nm10511355,1.0,9,9,776
nm5869788,1.0,9,9,776
nm6621786,1.0,9,9,776
nm10511707,1.0,9,9,801
nm10511708,1.0,9,9,801
nm10395075,1.0,9,9,1045
nm10512316,1.0,9,9,1045
nm13970801,1.0,9,9,1045
nm10395055,1.0,9,9,1045
nm13970803,1.0,9,9,1045
nm6432937,1.0,9,9,1112
nm10513493,1.0,9,9,893
nm10518018,1.0,9,9,1185
nm10513558,1.0,9,9,1185
nm10513561,1.0,9,9,1185
nm10513570,1.0,9,9,1185
nm10521139,0.956853,9,9,1186
nm10521140,0.956853,9,9,1186
nm10514444,0.956853,9,9,1186
nm10514441,0.956853,9,9,1186
nm10514449,0.956853,9,9,1186
nm4519203,0.956853,9,9,601
nm6276059,0.956853,9,9,601
nm11364610,1.0,9,9,1188
nm10516039,1.0,9,9,1188
nm11364609,1.0,9,9,1188
nm10516260,1.0,9,9,335
nm2051971,1.0,9,9,335
nm3522923,1.0,9,9,335
nm10516636,1.0,9,9,1190
nm10517486,1.0,9,9,839
nm10517488,1.0,9,9,839
nm10517812,1.0,9,9,839
nm10517811,1.0,9,9,839
nm10518006,1.0,9,9,1191
nm10518002,1.0,9,9,1191
nm10518005,1.0,9,9,1191
nm10518008,1.0,9,9,1191
nm10518655,1.428648,14,18,1193
nm10519747,0.782941,9,9,1193
nm10520680,0.782763,9,9,1192
nm7583177,1.428648,14,18,1193
nm9240677,0.91653,9,9,1192
nm10518650,0.91653,9,9,1192
nm9240672,0.91653,9,9,1192
nm10519402,1.0,9,9,1194
nm10519167,1.0,9,9,1194
nm10530468,1.0,9,9,1195
nm10520205,1.0,9,9,1196
nm10520200,1.0,9,9,1196
nm10520201,1.0,9,9,1196
nm5893186,1.0,9,9,1196
nm10520334,1.0,9,9,1197
nm7519257,1.0,9,9,1197
nm10520335,1.0,9,9,1197
nm7519255,1.0,9,9,1197
nm7519259,1.0,9,9,1197
nm10521100,1.0,9,9,1199
nm8730563,1.0,9,9,1199
nm10521115,1.0,9,9,1199
nm9571123,1.0,9,9,1199
nm15335261,0.893249,9,9,111
nm4922487,0.893249,9,9,111
nm16349152,0.893249,9,9,111
nm10521728,0.938133,9,9,596
nm10521730,0.938133,9,9,596
nm10522458,1.0,9,9,1200
nm3571717,1.0,9,9,1200
nm9927246,1.0,9,9,1201
nm10522904,1.0,9,9,1201
nm10523204,0.911087,9,9,220
nm10523718,1.0,9,9,1203
nm3119894,0.936842,9,9,240
nm10389677,0.936842,9,9,240
nm10525920,1.0,9,9,1204
nm10527333,1.0,9,9,1206
nm10527336,1.0,9,9,1206
nm10562600,1.0,9,9,1208
nm10529308,1.0,9,9,1208
nm10529310,1.0,9,9,1208
nm18626633,1.0,9,9,1209
nm18626632,1.0,9,9,1209
nm10531361,1.0,9,9,1210
nm10531357,1.0,9,9,1210
nm10531363,1.0,9,9,1210
nm10608888,1.0,9,9,1211
nm10533870,1.0,9,9,1211
nm17440775,1.0,9,9,1211
nm10531606,1.0,9,9,1212
nm0827956,0.913706,9,9,701
nm7459846,0.913706,9,9,701
nm1860056,0.913706,9,9,701
nm5418157,1.690355,17,18,1373
nm10532833,1.0,9,9,1214
nm10532841,1.0,9,9,1214
nm10532891,1.0,9,9,1215
nm10548033,1.0,9,9,1215
nm10548027,1.0,9,9,1215
nm10548030,1.0,9,9,1215
nm10083179,1.0,9,9,799
nm10556899,1.0,9,9,799
nm10621925,1.0,9,9,799
nm10535703,0.821686,9,9,111
nm2227434,0.821686,9,9,111
nm8819372,0.932328,9,9,890
nm7288238,0.932328,9,9,890
nm10536165,0.694682,9,9,113
nm9513875,0.694682,9,9,113
nm5079209,1.0,9,9,1219
nm10536359,1.0,9,9,1219
nm9855918,1.0,9,9,1219
nm10536915,1.0,9,9,573
nm3234734,1.0,9,9,573
nm3991786,1.0,9,9,573
nm6503978,1.0,9,9,573
nm10537554,1.0,9,9,1220
nm10537555,1.0,9,9,1220
nm10537551,1.0,9,9,1220
nm10537552,1.0,9,9,1220
nm10537559,1.0,9,9,1220
nm10538086,0.93759,9,9,669
nm0017332,1.0,9,9,141
nm10538309,1.0,9,9,141
nm7106350,1.0,9,9,141
nm10542698,1.0,9,9,631
nm11796881,1.0,9,9,1221
nm9176393,1.0,9,9,1222
nm10551731,1.0,9,9,1223
nm13234490,1.0,9,9,1223
nm13234494,1.0,9,9,1223
nm10551729,1.0,9,9,1223
nm13234491,1.0,9,9,1223
nm10773505,1.0,9,9,786
nm9458725,1.0,9,9,786
nm8450570,1.77665,18,18,1224
nm6447403,1.0,9,9,1225
nm6447400,1.0,9,9,1225
nm6447401,1.0,9,9,1225
nm9847038,1.0,9,9,1226
nm10581290,1.0,9,9,1226
nm9048396,1.0,9,9,1226
nm10584285,1.0,9,9,846
nm10584284,1.0,9,9,846
nm10584291,1.0,9,9,846
nm5253191,1.0,9,9,846
nm5757621,1.0,9,9,846
nm3816753,1.0,9,9,1227
nm4701946,1.0,9,9,1227
nm8908428,1.0,9,9,1227
nm9083111,1.0,9,9,1227
nm10598693,1.0,9,9,1228
nm10591087,1.0,9,9,1228
nm4095508,1.0,9,9,1228
nm4565850,1.0,9,9,1228
nm10591628,0.846876,9,9,43
nm12219102,0.856936,9,9,348
nm2820986,0.856936,9,9,348
nm3061531,0.846876,9,9,43
nm11314289,1.0,9,9,1016
nm4413592,1.0,9,9,1016
nm5416450,1.0,9,9,1016
nm11585046,1.0,9,9,910
nm8531599,1.0,9,9,910
nm8699662,1.0,9,9,910
nm9660620,1.0,9,9,910
nm3400133,0.90977,9,9,1056
nm10452474,0.90977,9,9,1056
nm10737964,1.0,9,9,1229
nm10618259,1.0,9,9,1229
nm10786798,1.0,9,9,1229
nm9902166,0.948678,9,9,226
nm11055607,0.948678,9,9,226
nm10619054,0.869925,9,9,1230
nm4438619,0.869925,9,9,1230
nm11469679,0.863451,9,9,11
nm14138368,0.863451,9,9,11
nm7119706,1.0,9,9,1231
nm15883051,1.0,9,9,1231
nm10626421,1.0,9,9,1231
nm15883054,1.0,9,9,1231
nm5250412,1.0,9,9,1231
nm10627018,1.0,9,9,656
nm10627026,1.0,9,9,656
nm10627019,1.0,9,9,656
nm10627024,1.0,9,9,656
nm10631705,0.895866,9,9,1232
nm12524298,0.895866,9,9,1232
nm4947538,1.62682,17,18,1391
nm9940378,0.895866,9,9,1232
nm13478914,1.0,9,9,1233
nm4869521,1.0,9,9,1233
nm2877778,0.868736,9,9,111
nm10653021,1.0,9,9,1235
nm3996747,1.0,9,9,1235
nm4877001,1.0,9,9,1235
nm2200858,1.0,9,9,1235
nm8712098,1.0,9,9,186
nm11972147,0.820093,9,9,11
nm7561244,0.820093,9,9,11
nm7182750,0.956853,9,9,1224
nm3448542,0.920637,9,9,152
nm10680097,1.0,9,9,1236
nm10680092,1.0,9,9,1236
nm10680102,1.0,9,9,1236
nm10680593,1.0,9,9,718
nm1401493,1.0,9,9,718
nm5726457,1.0,9,9,718
nm10683362,1.0,9,9,1237
nm9236419,1.0,9,9,1237
nm13801747,1.0,9,9,1237
nm9161984,1.0,9,9,1237
nm10683823,1.0,9,9,934
nm7917379,1.0,9,9,934
nm10690684,1.0,9,9,1238
nm10690686,1.0,9,9,1238
nm0874865,0.93297,9,9,23
nm7766764,1.0,9,9,1144
nm7782141,1.0,9,9,1144
nm10700972,0.892006,9,9,1054
nm12498788,0.892006,9,9,1054
nm2119196,1.642121,18,18,1054
nm5270569,0.892006,9,9,1054
nm16586992,0.900914,9,9,23
nm3484903,0.900914,9,9,23
nm10813432,0.933939,9,9,310
nm10813435,0.933939,9,9,310
nm1680229,0.856501,9,9,310
nm10450735,0.856501,9,9,310
nm10654491,0.856501,9,9,310
nm12608848,1.578488,18,18,310
nm5037723,1.0,9,9,1244
nm1138926,1.0,9,9,1244
nm8785183,1.0,9,9,1244
nm8793835,0.750385,9,9,11
nm4405659,1.0,9,9,1245
nm10732080,1.0,9,9,1163
nm10760751,1.0,9,9,1163
nm10492887,1.0,9,9,1163
nm10732083,1.0,9,9,1163
nm10760755,1.0,9,9,1163
nm12805108,0.956853,9,9,1247
nm9575908,0.915172,9,9,152
nm3841030,0.915172,9,9,152
nm7844980,1.0,9,9,1075
nm4498129,1.0,9,9,1075
nm10743345,0.922314,9,9,11
nm10805784,0.922314,9,9,11
nm10805801,0.922314,9,9,11
nm10179382,1.0,9,9,828
nm8175611,1.0,9,9,1160
nm10491405,1.0,9,9,1160
nm11614717,1.0,9,9,1160
nm5825028,1.0,9,9,1160
nm9457511,0.927569,9,9,99
nm4246320,0.927569,9,9,99
nm10774160,0.949921,9,9,1161
nm5193389,0.949921,9,9,1161
nm15466514,1.0,9,9,1243
nm2983144,1.0,9,9,1243
nm6836378,0.827411,9,9,1248
nm8906891,0.827411,9,9,1248
nm10803022,0.827411,9,9,1248
nm5670518,0.827411,9,9,1248
nm10803023,0.827411,9,9,1248
nm5582452,0.827411,9,9,1248
nm6836377,1.517766,15,18,1248
nm10804501,1.0,9,9,1249
nm8400629,1.0,9,9,1249
nm9416452,1.0,9,9,1249
nm8400634,1.0,9,9,1249
nm10827606,1.0,9,9,1251
nm10827611,1.0,9,9,1251
nm4094411,0.856356,9,9,56
nm4571321,0.856356,9,9,56
nm5946358,1.0,9,9,1252
nm9327029,1.0,9,9,1252
nm6956643,1.0,9,9,1242
nm8627164,1.0,9,9,1242
nm8319268,1.0,9,9,1242
nm6566578,0.943792,9,9,559
nm8916809,1.0,9,9,1253
nm10835833,0.956853,9,9,1078
nm6737445,0.956853,9,9,724
nm3637974,0.956853,9,9,724
nm6618195,1.77665,18,18,724
nm2728268,0.956853,9,9,724
nm10864580,0.923685,9,9,19
nm12385551,0.923685,9,9,19
nm2494557,1.0,9,9,1255
nm10866299,1.0,9,9,1256
nm10866360,1.0,9,9,1256
nm10425855,1.0,9,9,1080
nm10425856,1.0,9,9,1080
nm11075415,1.0,9,9,1080
nm5178443,1.0,9,9,1080
nm10883876,0.713667,9,9,113
nm4730737,0.713667,9,9,113
nm9884914,0.956853,9,9,1257
nm6808979,1.0,9,9,734
nm0992104,1.0,9,9,734
nm10117277,1.0,9,9,734
nm7024958,1.0,9,9,734
nm7367159,1.0,9,9,1259
nm0293842,0.917756,9,9,119
nm0813691,0.917756,9,9,119
nm10900172,1.0,9,9,1241
nm8821891,1.0,9,9,1241
nm7288448,1.0,9,9,1241
nm9955536,1.0,9,9,1241
nm10695336,1.0,9,9,1241
nm7288451,1.0,9,9,1241
nm10918640,0.7839,9,9,11
nm9045614,0.7839,9,9,11
nm10683292,0.7839,9,9,11
nm11062620,1.0,9,9,1261
nm11402386,0.917328,9,9,596
nm8471994,0.917328,9,9,596
nm10939014,0.870558,9,9,1263
nm6686759,1.604061,16,18,1403
nm8950016,0.870558,9,9,1263
nm10944847,1.0,9,9,1264
nm9993444,1.0,9,9,1264
nm10944739,1.0,9,9,1264
nm2962353,1.327827,12,18,6
nm0000129,1.327827,12,18,6
nm0000609,1.327827,12,18,6
nm0272581,0.732291,9,9,6
nm0924154,1.478726,18,18,6
nm12513524,0.898594,9,9,6
nm10954222,1.0,9,9,1265
nm8209433,0.850825,9,9,231
nm2669445,0.850825,9,9,231
nm2767828,0.956853,9,9,1269
nm1200073,0.956853,9,9,1269
nm9838275,0.956853,9,9,1269
nm10989597,0.870558,9,9,1270
nm5706132,0.876443,9,9,11
nm10999643,1.0,9,9,1271
nm10999640,1.0,9,9,1271
nm2205155,1.0,9,9,1271
nm11006398,0.946591,9,9,454
nm12696230,0.946591,9,9,454
nm7139921,0.946591,9,9,454
nm0684187,0.878818,9,9,3
nm3922085,0.878818,9,9,3
nm1165044,0.878818,9,9,3
nm1620756,0.878818,9,9,3
nm12665632,1.0,9,9,1104
nm10438512,1.0,9,9,1104
nm10438513,1.0,9,9,1104
nm8194718,1.0,9,9,122
nm0013542,1.0,9,9,122
nm17163927,1.0,9,9,122
nm4859271,0.907915,9,9,13
nm0471447,0.907915,9,9,13
nm9867673,0.907915,9,9,13
nm9783509,1.0,9,9,1272
nm5896360,1.0,9,9,1272
nm7448309,1.0,9,9,1272
nm0756820,0.915586,9,9,110
nm0014247,0.915586,9,9,110
nm2921197,1.668746,18,18,110
nm11034928,1.0,9,9,1273
nm11035036,1.0,9,9,1273
nm11034914,1.0,9,9,1273
nm2410212,0.917584,9,9,13
nm11062165,0.907226,9,9,11
nm11115127,1.0,9,9,1276
nm9717222,1.0,9,9,1276
nm11782802,0.956853,9,9,1257
nm7704744,0.956853,9,9,1257
nm7737551,0.956853,9,9,1257
nm11098518,0.956853,9,9,574
nm10182371,0.956853,9,9,574
nm1055963,0.956853,9,9,574
nm1235659,0.956853,9,9,574
nm13611675,0.947296,9,9,36
nm13611673,0.947296,9,9,36
nm13718764,0.947296,9,9,36
nm8620401,0.898105,9,9,619
nm3675413,0.898105,9,9,619
nm4680079,0.898105,9,9,619
nm1559779,0.898105,9,9,619
nm11102591,1.0,9,9,1277
nm11283066,1.0,9,9,1277
nm5714824,1.0,9,9,1277
nm4778390,0.956853,9,9,214
nm11136111,1.0,9,9,1278
nm11136101,1.0,9,9,1278
nm7102892,0.912562,9,9,23
nm6009683,0.946726,9,9,23
nm5753377,0.946726,9,9,23
nm11142329,1.0,9,9,1279
nm11142343,1.0,9,9,1279
nm11142357,1.0,9,9,1279
nm5064474,1.0,9,9,1279
nm11391211,0.926369,9,9,43
nm11461233,0.926369,9,9,43
nm11169939,0.893672,9,9,114
nm1322135,1.638378,18,18,114
nm5953363,1.0,9,9,1281
nm5688777,1.0,9,9,1281
nm11476772,1.0,9,9,1285
nm12088102,1.0,9,9,1285
nm3602259,0.948184,9,9,23
nm3530937,0.948184,9,9,23
nm4405625,0.948184,9,9,23
nm11236715,1.0,9,9,817
nm5980942,1.0,9,9,817
nm7430811,1.0,9,9,817
nm9629822,1.0,9,9,817
nm11240798,0.899842,9,9,966
nm11306381,0.899842,9,9,966
nm11720303,0.899842,9,9,966
nm13131072,0.948258,9,9,23
nm9509129,0.948258,9,9,23
nm11259081,1.0,9,9,1287
nm8113878,1.0,9,9,1287
nm11698704,1.0,9,9,1287
nm5056109,0.757491,9,9,86
nm2016476,0.741053,9,9,844
nm2465061,0.757491,9,9,86
nm3544809,0.757491,9,9,86
nm7800337,0.757491,9,9,86
nm11280432,0.808238,9,9,13
nm7144237,0.808238,9,9,13
nm3761856,1.0,9,9,1289
nm12479429,1.0,9,9,1289
nm9461939,1.0,9,9,1258
nm10893292,1.0,9,9,1258
nm3406338,0.928891,9,9,21
nm0464880,0.928891,9,9,21
nm10536829,0.928891,9,9,21
nm9746033,1.0,9,9,556
nm0442933,1.0,9,9,556
nm1134612,1.0,9,9,64
nm1013003,1.0,9,9,64
nm4939934,1.0,9,9,64
nm11363399,0.928939,9,9,11
nm7155404,0.928939,9,9,11
nm14599484,1.628942,18,18,11
nm11426888,1.0,9,9,1292
nm1773444,1.0,9,9,1292
nm9257919,1.0,9,9,1292
nm10364246,0.844585,9,9,740
nm4841567,0.844585,9,9,740
nm9811540,1.0,9,9,964
nm9608462,1.0,9,9,1038
nm8855159,1.0,9,9,1038
nm6894302,1.0,9,9,1293
nm5017322,1.0,9,9,1293
nm4101191,1.0,9,9,415
nm4927314,1.0,9,9,415
nm8721088,1.0,9,9,415
nm12466518,1.0,9,9,288
nm0120648,1.0,9,9,288
nm3117320,1.0,9,9,288
nm10031373,1.0,9,9,765
nm13913126,1.0,9,9,765
nm9707863,1.0,9,9,765
nm0661845,0.956853,9,9,326
nm13642852,0.956853,9,9,326
nm11521183,0.948279,9,9,180
nm0629195,0.948279,9,9,180
nm10868748,0.948279,9,9,180
nm1945217,0.948279,9,9,180
nm8452127,1.0,9,9,1274
nm11062386,1.0,9,9,1274
nm2702017,1.0,9,9,1274
nm11175487,1.0,9,9,744
nm7519297,1.0,9,9,744
nm7607384,1.0,9,9,744
nm5724877,1.0,9,9,744
nm11583044,1.0,9,9,280
nm5776452,1.0,9,9,280
nm10426510,1.0,9,9,280
nm7126592,1.0,9,9,815
nm5920943,1.0,9,9,815
nm10150207,1.0,9,9,815
nm11596708,1.0,9,9,1295
nm6453091,1.0,9,9,1296
nm3294569,1.0,9,9,1296
nm6686507,1.0,9,9,1296
nm9391482,0.924111,9,9,23
nm2215249,1.54107,17,18,1321
nm1167449,0.834345,9,9,699
nm2404493,0.834345,9,9,699
nm10497829,1.0,9,9,1170
nm11663249,1.0,9,9,1170
nm11663255,1.0,9,9,1170
nm11663339,1.0,9,9,1298
nm11663345,1.0,9,9,1298
nm11663350,1.0,9,9,1298
nm11663355,1.0,9,9,1298
nm11669273,1.0,9,9,393
nm7236743,1.0,9,9,393
nm13235226,0.905912,9,9,23
nm5212264,1.0,9,9,1300
nm11682655,1.0,9,9,1300
nm11682652,1.0,9,9,1300
nm11682654,1.0,9,9,1300
nm7467125,1.0,9,9,328
nm7806571,1.0,9,9,328
nm1172804,0.843781,9,9,111
nm2787335,0.843781,9,9,111
nm8194931,0.843781,9,9,111
nm13815452,0.927569,9,9,427
nm7126666,0.927569,9,9,427
nm1143538,0.943792,9,9,119
nm1918176,0.943792,9,9,119
nm2255289,0.943792,9,9,119
nm2704055,1.0,9,9,622
nm1963907,1.0,9,9,622
nm0452338,1.0,9,9,414
nm4072025,1.0,9,9,414
nm1187374,0.947522,9,9,596
nm2148845,0.947522,9,9,596
nm1372258,0.947522,9,9,596
nm7744616,0.947522,9,9,596
nm11883215,1.0,9,9,1304
nm11885597,1.0,9,9,1304
nm12875670,0.910324,9,9,180
nm6874234,0.910324,9,9,180
nm5682314,0.94604,9,9,11
nm8779123,0.94604,9,9,11
nm12805929,0.944535,9,9,1054
nm3413004,0.944535,9,9,1054
nm2104863,0.944535,9,9,1054
nm7906830,1.0,9,9,1267
nm1210364,1.0,9,9,1309
nm1237235,1.0,9,9,1309
nm5275589,1.0,9,9,1309
nm1298458,1.0,9,9,1309
nm2745463,1.0,9,9,1309
nm6416873,0.938624,9,9,30
nm12937054,0.938624,9,9,30
nm13948709,0.938624,9,9,30
nm7813024,0.949921,9,9,104
nm2505548,0.856573,9,9,56
nm3353502,0.856573,9,9,56
nm0010355,0.856573,9,9,56
nm15124373,0.910027,9,9,11
nm5282266,0.88181,9,9,110
nm7609219,1.0,9,9,1310
nm0357644,1.0,9,9,484
nm6186834,1.0,9,9,484
nm4318172,1.0,9,9,1311
nm4416570,1.0,9,9,1311
nm4400540,1.0,9,9,1312
nm16027802,1.0,9,9,1312
nm1589064,1.0,9,9,236
nm7107173,1.0,9,9,236
nm9809249,1.0,9,9,236
nm0068959,1.0,9,9,236
nm3011554,1.0,9,9,236
nm1230844,0.805062,9,9,11
nm1912683,0.805062,9,9,11
nm2533953,1.471673,18,18,11
nm5483416,0.775078,9,9,11
nm9617780,1.0,9,9,758
nm7565175,1.0,9,9,758
nm5802426,1.0,9,9,758
nm12376184,0.864574,9,9,11
nm11862067,0.864574,9,9,11
nm9965574,0.864574,9,9,11
nm6492067,0.915243,9,9,13
nm7077277,0.915243,9,9,13
nm9268739,0.915243,9,9,13
nm7915157,0.859918,9,9,19
nm8739748,0.85605,9,9,1054
nm6515066,1.0,9,9,1314
nm8817378,1.0,9,9,1314
nm4122123,1.0,9,9,1314
nm9664746,0.887171,9,9,1054
nm2175087,0.887171,9,9,1054
nm12497419,0.887171,9,9,1054
nm12497421,0.887171,9,9,1054
nm2731980,0.883491,9,9,6
nm6746818,0.883491,9,9,6
nm2847247,1.0,9,9,292
nm2957668,1.0,9,9,292
nm1397645,1.0,9,9,292
nm12589525,1.0,9,9,453
nm2740720,1.0,9,9,453
nm12589520,1.0,9,9,453
nm10705899,1.0,9,9,453
nm12589519,1.0,9,9,453
nm9850382,1.0,9,9,453
nm1261587,1.0,9,9,20
nm0000276,1.0,9,9,20
nm5330264,1.0,9,9,20
nm11085704,1.0,9,9,20
nm6376834,1.0,9,9,20
nm4896071,1.0,9,9,1315
nm12633531,0.956853,9,9,542
nm1907812,0.956853,9,9,542
nm5935181,0.956853,9,9,542
nm14214690,1.0,9,9,1318
nm1276085,1.0,9,9,705
nm1287273,1.0,9,9,705
nm12789775,1.0,9,9,1319
nm2759746,1.0,9,9,1319
nm12798899,1.0,9,9,1320
nm12798897,1.0,9,9,1320
nm0156926,1.0,9,9,318
nm1280699,1.0,9,9,318
nm12498524,0.826493,9,9,11
nm1289225,0.883382,9,9,1290
nm3412322,0.883382,9,9,1290
nm5497685,0.883382,9,9,1290
nm1980400,0.883382,9,9,1290
nm5333987,0.913706,9,9,832
nm8793595,1.0,9,9,706
nm9417739,1.0,9,9,706
nm3518001,1.0,9,9,386
nm4466003,1.0,9,9,386
nm2964950,1.0,9,9,564
nm0463539,1.0,9,9,564
nm7319350,1.0,9,9,564
nm7396726,1.0,9,9,564
nm0019271,1.0,9,9,146
nm0161524,1.0,9,9,146
nm11419330,1.0,9,9,146
nm7291329,1.0,9,9,647
nm0685638,1.0,9,9,647
nm1306019,1.0,9,9,301
nm0294372,1.0,9,9,301
nm14277167,1.0,9,9,1326
nm4796168,0.956853,9,9,98
nm5262620,0.956853,9,9,98
nm7744472,1.0,9,9,534
nm0421044,1.0,9,9,534
nm1675134,0.907181,9,9,13
nm7751840,0.907181,9,9,13
nm7909122,0.907181,9,9,13
nm1783981,0.907181,9,9,13
nm1338476,0.881739,9,9,55
nm7698067,0.881739,9,9,55
nm10215564,0.949921,9,9,317
nm13414070,1.0,9,9,1234
nm6436912,0.833671,9,9,111
nm0649746,1.585429,18,18,111
nm1357740,0.858431,9,9,59
nm1665054,0.858431,9,9,59
nm8590202,0.69797,9,9,991
nm8450134,1.0,9,9,1317
nm12699510,1.0,9,9,1317
nm16424073,1.0,9,9,1329
nm16424129,1.0,9,9,1329
nm0417314,0.725995,9,9,13
nm16527379,1.0,9,9,1325
nm15215647,1.0,9,9,1325
nm16527384,1.0,9,9,1325
nm4216428,0.729819,9,9,86
nm13736108,0.956853,9,9,810
nm1445482,0.956853,9,9,810
nm5279518,0.956853,9,9,810
nm5333609,0.956853,9,9,810
nm2783722,1.633664,18,18,56
nm17847410,0.875359,9,9,56
nm4589975,0.875359,9,9,56
nm13808571,0.940124,9,9,11
nm13808565,0.940124,9,9,11
nm13812781,1.0,9,9,293
nm15887547,1.0,9,9,1307
nm11959712,1.0,9,9,1307
nm14308036,1.0,9,9,1301
nm5444787,0.729392,9,9,11
nm3790190,1.0,9,9,471
nm0344802,1.0,9,9,471
nm9786539,1.0,9,9,471
nm1395806,1.0,9,9,1335
nm4276217,1.0,9,9,1335
nm15878665,1.0,9,9,749
nm1941303,1.0,9,9,749
nm8200235,0.783975,9,9,110
nm0394679,0.783975,9,9,110
nm5137121,1.492875,18,18,110
nm5481013,1.45165,17,18,1383
nm9367321,0.918179,9,9,59
nm3987995,0.956853,9,9,493
nm1163808,1.0,9,9,1297
nm2208322,1.0,9,9,1297
nm14302137,1.0,9,9,1313
nm8600510,1.0,9,9,1313
nm3811485,1.0,9,9,342
nm11435114,1.0,9,9,342
nm8092417,1.0,9,9,342
nm1441419,1.0,9,9,1337
nm5684012,1.0,9,9,1337
nm1795697,1.0,9,9,1337
nm5684629,1.0,9,9,1337
nm3017474,1.0,9,9,600
nm1460419,0.949921,9,9,273
nm7489961,0.949921,9,9,273
nm2848837,0.949921,9,9,273
nm1461177,0.949921,9,9,273
nm2349190,0.949921,9,9,273
nm2957173,1.0,9,9,772
nm10045404,1.0,9,9,772
nm2582459,1.0,9,9,772
nm1843496,1.0,9,9,772
nm3232787,1.0,9,9,1327
nm13294276,1.0,9,9,1327
nm14749459,1.0,9,9,1091
nm14749458,1.0,9,9,1091
nm3718947,1.0,9,9,1091
nm7022372,1.0,9,9,1001
nm2629217,1.0,9,9,1291
nm1660410,1.0,9,9,1291
nm3237083,1.0,9,9,1291
nm8827722,0.920049,9,9,111
nm7665579,0.833839,9,9,3
nm0180639,1.0,9,9,41
nm3370088,0.900939,9,9,23
nm5328306,0.900939,9,9,23
nm4736837,0.848124,9,9,3
nm9048134,0.848124,9,9,3
nm1575524,1.0,9,9,1282
nm2850234,1.0,9,9,1282
nm3800050,1.0,9,9,1282
nm3872230,0.905276,9,9,3
nm11989496,0.905276,9,9,3
nm10764688,0.905276,9,9,3
nm3538718,0.905276,9,9,3
nm3130259,0.870131,9,9,110
nm0257934,0.870131,9,9,110
nm0406594,0.870131,9,9,110
nm0865806,0.870131,9,9,110
nm9103118,0.956853,9,9,837
nm1727242,0.956853,9,9,837
nm1906311,0.956853,9,9,837
nm1020221,0.956853,9,9,837
nm2097751,1.77665,18,18,837
nm9983290,0.956853,9,9,837
nm2179940,1.0,9,9,1306
nm3886541,0.946088,9,9,11
nm10435347,0.924538,9,9,23
nm5023615,1.690222,18,18,11
nm2594281,0.86844,9,9,126
nm7507993,0.86844,9,9,126
nm2393500,1.0,9,9,26
nm0000346,1.0,9,9,26
nm2194534,1.0,9,9,26
nm2910622,1.0,9,9,26
nm10440458,1.0,9,9,648
nm7800984,1.0,9,9,648
nm17163527,1.0,9,9,1350
nm17163529,1.0,9,9,1350
nm17163526,1.0,9,9,1350
nm8113511,1.0,9,9,1350
nm8971998,1.0,9,9,1350
nm0175958,1.0,9,9,339
nm1759557,0.944335,9,9,137
nm7197398,0.944335,9,9,137
nm9578555,0.944335,9,9,137
nm1738580,0.821057,9,9,43
nm3106945,0.821057,9,9,43
nm7190643,0.821057,9,9,43
nm7731977,0.821057,9,9,43
nm8819208,0.821057,9,9,43
nm7694242,0.853681,9,9,11
nm17479624,1.0,9,9,1353
nm17479621,1.0,9,9,1353
nm3472442,0.941694,9,9,36
nm4004501,0.941694,9,9,36
nm10322371,0.941694,9,9,36
nm1778096,1.0,9,9,1348
nm3655146,1.0,9,9,1348
nm1699275,1.0,9,9,1348
nm5257187,1.0,9,9,1348
nm10411387,0.927542,9,9,39
nm3282155,0.927542,9,9,39
nm3303059,0.927542,9,9,39
nm5640720,0.956853,9,9,452
nm10396291,0.849718,9,9,56
nm1905956,1.0,9,9,1343
nm4436837,1.0,9,9,1343
nm2089010,0.956853,9,9,303
nm4532663,0.956853,9,9,303
nm5138874,0.956853,9,9,303
nm6883803,0.946806,9,9,3
nm4777243,0.946806,9,9,3
nm5700622,1.0,9,9,1355
nm1125178,0.915288,9,9,707
nm2013677,1.0,9,9,784
nm6501150,1.0,9,9,784
nm4816336,1.0,9,9,784
nm1869082,1.614149,17,18,1357
nm0346394,0.884289,9,9,472
nm0434444,0.884289,9,9,472
nm1875040,0.884289,9,9,472
nm4530456,0.857163,9,9,310
nm2518312,0.857163,9,9,310
nm5713187,0.804731,9,9,110
nm4439231,0.804731,9,9,110
nm1985820,0.949921,9,9,99
nm7282382,0.949921,9,9,99
nm8556645,0.949921,9,9,99
nm2911598,1.0,9,9,1028
nm7474703,1.0,9,9,1028
nm3651759,1.0,9,9,1128
nm7109993,1.0,9,9,1128
nm8446544,1.0,9,9,1128
nm1981177,1.0,9,9,1017
nm1594770,1.0,9,9,1017
nm4031498,1.0,9,9,1017
nm3285753,0.956853,9,9,167
nm8291959,0.956853,9,9,167
nm0158253,0.921881,9,9,323
nm5043985,0.921881,9,9,323
nm6685535,0.921881,9,9,323
nm7730327,0.921881,9,9,323
nm7632179,0.921881,9,9,323
nm9568682,0.921881,9,9,323
nm9909171,0.921881,9,9,323
nm2047955,1.0,9,9,580
nm0492932,1.0,9,9,580
nm3923251,1.0,9,9,580
nm0726939,1.0,9,9,580
nm0930226,1.0,9,9,580
nm0949646,1.0,9,9,580
nm2114358,1.0,9,9,580
nm5680528,1.0,9,9,1362
nm6521557,1.0,9,9,1362
nm8092791,1.0,9,9,1362
nm6661484,0.948678,9,9,369
nm7199858,0.948678,9,9,369
nm8963304,0.948678,9,9,369
nm5965215,0.926445,9,9,1054
nm7782063,0.926445,9,9,1054
nm4347068,0.827411,9,9,589
nm0509748,0.827411,9,9,589
nm10276798,0.827411,9,9,589
nm6520259,0.872115,9,9,985
nm10608257,0.872115,9,9,985
nm7565569,0.872115,9,9,985
nm2794962,0.904723,9,9,39
nm0929330,0.866917,9,9,4
nm1411829,0.866917,9,9,4
nm3641927,0.866917,9,9,4
nm4992243,0.949921,9,9,478
nm4859779,0.949921,9,9,478
nm8171576,0.949921,9,9,478
nm8406236,0.949921,9,9,478
nm4445267,1.0,9,9,1328
nm2337089,1.0,9,9,90
nm6009491,0.80861,9,9,19
nm2569810,0.956853,9,9,898
nm3246926,0.956853,9,9,898
nm3078926,0.909184,9,9,56
nm0764755,0.909184,9,9,56
nm3307918,0.909184,9,9,56
nm2428276,0.913706,9,9,1366
nm5021384,0.913706,9,9,1366
nm5021810,0.913706,9,9,1366
nm5021375,0.913706,9,9,1366
nm7357196,1.0,9,9,1260
nm6918418,0.956853,9,9,1174
nm7360568,0.956853,9,9,1174
nm6054919,1.0,9,9,670
nm11331376,1.0,9,9,670
nm9778717,1.0,9,9,670
nm2438707,0.947636,9,9,114
nm2680994,0.947636,9,9,114
nm10438054,0.956853,9,9,724
nm3640660,0.956853,9,9,724
nm6497684,0.824005,9,9,1217
nm4431474,1.521173,17,18,1398
nm6749520,0.84463,9,9,1217
nm8978938,0.913706,9,9,1372
nm5169536,1.0,9,9,606
nm0557904,1.0,9,9,606
nm2101653,1.0,9,9,549
nm9623215,1.0,9,9,549
nm10409283,1.0,9,9,1064
nm6854277,1.0,9,9,1064
nm9802065,1.0,9,9,1064
nm7840305,0.82767,9,9,1054
nm6170424,1.593641,18,18,1054
nm9549609,0.82767,9,9,1054
nm7434342,1.0,9,9,237
nm9007992,1.0,9,9,237
nm9097614,1.0,9,9,237
nm0069580,1.0,9,9,237
nm0910040,1.0,9,9,237
nm1875420,1.0,9,9,1239
nm1106407,1.0,9,9,735
nm0992126,1.0,9,9,735
nm2264356,1.0,9,9,735
nm8173369,1.0,9,9,1330
nm13677722,1.0,9,9,1330
nm3381025,1.0,9,9,1330
nm0945339,0.845956,9,9,110
nm3041542,0.845956,9,9,110
nm0757076,0.845956,9,9,110
nm4289479,0.845956,9,9,110
nm4986321,0.845956,9,9,110
nm3669580,1.0,9,9,1031
nm8457419,1.0,9,9,1031
nm10271428,0.949921,9,9,276
nm10271429,0.949921,9,9,276
nm6252726,0.949921,9,9,276
nm3025366,1.0,9,9,717
nm0913409,1.0,9,9,717
nm14804311,1.0,9,9,717
nm4377242,1.0,9,9,717
nm8342903,1.0,9,9,717
nm8337227,1.0,9,9,1132
nm10460845,1.0,9,9,1132
nm3056676,0.637563,9,9,113
nm8717305,0.637563,9,9,113
nm10140456,1.0,9,9,750
nm9204659,1.0,9,9,750
nm3164292,0.796021,9,9,13
nm1748588,0.796021,9,9,13
nm8277879,0.796021,9,9,13
nm8680851,0.944032,9,9,23
nm8594703,0.944032,9,9,23
nm9445072,0.944032,9,9,23
nm0422639,0.944032,9,9,23
nm8547541,0.775006,9,9,11
nm6411762,0.775006,9,9,11
nm2167051,0.833651,9,9,11
nm7925167,0.833651,9,9,11
nm10457374,0.956853,9,9,1018
nm2351202,0.956853,9,9,1018
nm6483271,1.77665,18,18,1018
nm6548435,0.956853,9,9,1018
nm3390458,1.0,9,9,1133
nm8305739,1.0,9,9,1133
nm9511210,1.0,9,9,1133
nm8395450,1.0,9,9,336
nm7580719,1.0,9,9,336
nm2110485,0.93992,9,9,3
nm7821287,0.920645,9,9,59
nm6794936,0.920645,9,9,59
nm10245630,0.920645,9,9,59
nm3695477,1.0,9,9,540
nm2076506,1.0,9,9,540
nm4792950,1.0,9,9,540
nm3715431,1.0,9,9,1388
nm0416077,0.829379,9,9,530
nm10406637,0.829379,9,9,530
nm9808682,0.829379,9,9,530
nm4570282,1.0,9,9,40
nm6321850,1.0,9,9,40
nm1161069,1.0,9,9,40
nm4273618,1.0,9,9,1390
nm6333477,1.0,9,9,1390
nm5266820,0.86801,9,9,110
nm3868921,1.0,9,9,1344
nm8088017,1.0,9,9,1344
nm3054159,1.0,9,9,1344
nm6811097,1.0,9,9,1344
nm6486679,1.0,9,9,1394
nm7774428,0.872475,9,9,1087
nm10455845,0.872475,9,9,1087
nm4186597,1.0,9,9,1396
nm5161289,1.0,9,9,1396
nm5929736,1.0,9,9,1396
nm6694978,1.0,9,9,1396
nm9914612,1.0,9,9,1396
nm10407951,1.0,9,9,528
nm1980137,1.0,9,9,528
nm10407950,1.0,9,9,528
nm7064837,1.0,9,9,528
nm8886654,0.947326,9,9,3
nm2336650,0.947326,9,9,3
nm9495814,0.947326,9,9,3
nm9980032,1.0,9,9,1397
nm4410344,1.0,9,9,1397
nm8584381,1.0,9,9,1397
nm6911746,0.803401,9,9,86
nm9458120,0.803401,9,9,86
nm9818976,0.803401,9,9,86
nm8367216,0.949921,9,9,53
nm4460517,1.0,9,9,644
nm4824577,1.0,9,9,644
nm5702703,1.0,9,9,644
nm5969644,1.0,9,9,644
nm0635512,1.0,9,9,644
nm4656650,1.0,9,9,644
nm9094972,1.0,9,9,644
nm9850520,1.0,9,9,952
nm10321799,1.0,9,9,952
nm10321795,1.0,9,9,952
nm8933245,1.0,9,9,952
nm4497465,1.0,9,9,1367
nm6762533,1.0,9,9,1367
nm8473458,1.0,9,9,1367
nm9986430,1.0,9,9,1367
nm7848881,1.0,9,9,1250
nm10998632,1.0,9,9,1250
nm5732482,1.0,9,9,1250
nm0913831,1.0,9,9,537
nm9615887,1.0,9,9,1303
nm1197629,1.0,9,9,1303
nm6809999,1.0,9,9,1303
nm3401111,1.0,9,9,1049
nm4754750,0.956853,9,9,775
nm10048712,0.956853,9,9,775
nm1579661,0.956853,9,9,775
nm8743465,1.0,9,9,1218
nm4903685,1.0,9,9,919
nm10302096,1.0,9,9,919
nm3654931,1.0,9,9,919
nm10349387,1.0,9,9,756
nm10022315,1.0,9,9,756
nm10401447,1.0,9,9,756
nm8731685,1.0,9,9,756
nm5092846,1.0,9,9,1356
nm7923536,1.0,9,9,1356
nm18293583,1.0,9,9,1356
nm3576094,1.0,9,9,1356
nm4197233,1.0,9,9,1356
nm5570157,1.0,9,9,1356
nm5659567,0.86136,9,9,13
nm2513407,1.534888,18,18,11
nm7677312,0.956853,9,9,1174
nm0493797,0.949921,9,9,52
nm2660044,0.949921,9,9,52
nm3100463,0.949921,9,9,52
nm4683167,0.949921,9,9,52
nm5396706,1.0,9,9,1402
nm9253867,1.0,9,9,1402
nm3018183,1.0,9,9,85
nm0004266,1.0,9,9,85
nm5485172,0.949921,9,9,624
nm14650629,0.949921,9,9,624
nm9725701,0.949921,9,9,624
nm6001212,1.0,9,9,835
nm9710587,0.891961,9,9,110
nm1099195,0.891961,9,9,110
nm9315698,1.565594,18,18,110
nm6013757,1.0,9,9,1308
nm5721783,1.0,9,9,1308
nm5923940,0.872792,9,9,11
nm3413454,0.872792,9,9,11
nm5913352,0.943053,9,9,411
nm6669389,0.943053,9,9,411
nm6040011,0.939952,9,9,1216
nm9577042,1.0,9,9,1407
nm9577043,1.0,9,9,1407
nm9577038,1.0,9,9,1407
nm2016364,0.938682,9,9,3
nm0000174,0.938682,9,9,3
nm10293549,1.0,9,9,781
nm9016205,1.0,9,9,781
nm9927182,0.849944,9,9,11
nm8784315,0.849944,9,9,11
nm2552266,0.813599,9,9,1217
nm4098354,0.813599,9,9,1217
nm7263193,0.805059,9,9,985
nm10417986,0.956853,9,9,1070
nm8575766,0.956853,9,9,1070
nm9233198,0.956853,9,9,38
nm0000553,0.956853,9,9,38
nm1434871,0.956853,9,9,38
nm1041023,1.77665,18,18,38
nm9382865,1.0,9,9,1122
nm10454291,1.0,9,9,1122
nm9205621,1.0,9,9,1122
nm5636087,0.913706,9,9,82
nm6255347,0.913706,9,9,82
nm0753737,0.943427,9,9,36
nm0358825,1.0,9,9,135
nm1263036,1.0,9,9,135
nm2749745,1.0,9,9,135
nm1736445,1.0,9,9,491
nm2647965,1.0,9,9,491
nm2865089,1.0,9,9,500
nm5683792,0.956853,9,9,245
nm3086049,0.956853,9,9,245
nm1337113,0.763999,9,9,110
nm1670451,1.499909,18,18,110
nm10866516,0.895361,9,9,56
nm1295381,0.895361,9,9,56
nm10362969,0.719706,9,9,740
nm3407080,0.719706,9,9,740
nm10261552,1.0,9,9,864
nm10261553,1.0,9,9,864
nm10292618,1.0,9,9,914
nm10292619,1.0,9,9,914
nm7504772,0.956853,9,9,302
nm7870592,0.956853,9,9,302
nm8430400,0.8433,9,9,114
nm10410348,1.0,9,9,1066
nm10410347,1.0,9,9,1066
nm10410352,1.0,9,9,1066
nm10410353,1.0,9,9,1066
nm5471268,1.0,9,9,1066
nm10418367,1.0,9,9,1071
nm3138310,1.0,9,9,1071
nm4021557,1.0,9,9,1071
nm7522291,1.0,9,9,1076
nm10511907,0.848981,9,9,11
nm7384935,0.91084,9,9,56
nm1866281,1.0,9,9,1284
nm11196756,1.0,9,9,1284
nm7487578,1.0,9,9,1284
nm0634831,1.0,9,9,643
nm10114200,1.0,9,9,643
nm10268476,1.0,9,9,643
nm8054857,1.0,9,9,1401
nm6360578,1.0,9,9,1401
nm7223349,1.0,9,9,1401
nm8054856,1.0,9,9,1401
nm0564697,0.732592,9,9,2
nm0595631,0.941554,9,9,11
nm0898546,0.941554,9,9,11
nm3337190,0.941554,9,9,11
nm6566215,0.941554,9,9,11
nm0930317,0.941554,9,9,11
nm0000377,0.941554,9,9,11
nm0170381,0.956853,9,9,18
nm0241290,0.956853,9,9,18
nm10202268,0.930214,9,9,11
nm11894469,0.948133,9,9,11
nm11894472,0.948133,9,9,11
nm11894474,0.948133,9,9,11
nm0051397,1.0,9,9,58
nm0101198,1.0,9,9,58
nm10509917,0.944863,9,9,69
nm0421087,0.93291,9,9,6
nm1476804,0.93291,9,9,6
nm0254760,0.93291,9,9,6
nm1789278,1.0,9,9,84
nm16499469,1.0,9,9,84
nm11347904,0.747064,9,9,11
nm4449831,0.836584,9,9,11
nm0796107,0.836584,9,9,11
nm11637728,0.836584,9,9,11
nm1703330,0.663131,9,9,110
nm1797141,0.663131,9,9,110
nm1822609,0.663131,9,9,110
nm0359302,0.868655,9,9,110
nm1367145,0.868655,9,9,110
nm1090569,0.868655,9,9,110
nm1168161,0.868655,9,9,110
nm6710084,0.940533,9,9,137
nm8189662,0.940533,9,9,137
nm1727005,0.940533,9,9,137
nm11416436,1.0,9,9,158
nm11054947,1.0,9,9,158
nm11087841,1.0,9,9,158
nm0406743,0.562853,9,9,110
nm0441961,0.562853,9,9,110
nm1671382,0.590822,9,9,177
nm0593930,0.590822,9,9,177
nm0406733,0.760303,16,18,521
nm10363279,0.890216,9,9,110
nm0036873,0.890216,9,9,110
nm11464788,0.835221,9,9,665
nm11464774,0.835221,9,9,665
nm3209986,0.468281,9,9,1323
nm5090127,0.651972,9,9,110
nm3408936,0.651972,9,9,110
nm1357161,1.0,9,9,227
nm4615227,1.0,9,9,227
nm0893122,1.0,9,9,227
nm4802028,0.956853,9,9,254
nm5996755,0.956853,9,9,254
nm2968656,0.870479,9,9,3
nm0598454,0.870479,9,9,3
nm10564066,0.870479,9,9,3
nm1439721,0.870479,9,9,3
nm5473537,1.0,9,9,58
nm2946515,1.0,9,9,281
nm2259391,1.0,9,9,281
nm9082368,1.0,9,9,281
nm1490505,1.0,9,9,281
nm12640572,1.0,9,9,290
nm0504320,1.0,9,9,290
nm2328440,1.0,9,9,290
nm0789716,1.0,9,9,290
nm0489858,1.0,9,9,299
nm9859585,1.0,9,9,299
nm5329854,1.0,9,9,299
nm10404343,1.0,9,9,304
nm10404345,1.0,9,9,304
nm4733692,1.0,9,9,304
nm10188572,1.0,9,9,304
nm10404344,1.0,9,9,304
nm0142808,1.0,9,9,304
nm6421778,0.920494,9,9,11
nm1137340,0.920494,9,9,11
nm1267095,0.920494,9,9,11
nm2410557,0.920494,9,9,11
nm0149441,0.920494,9,9,11
nm3532874,0.859043,9,9,310
nm9818808,0.859043,9,9,310
nm5448327,0.859043,9,9,310
nm10446477,0.889029,9,9,23
nm1225348,0.889029,9,9,23
nm1239049,0.889029,9,9,23
nm3994838,0.889029,9,9,23
nm0621454,0.761594,9,9,110
nm0157131,0.761594,9,9,110
nm4329184,0.940624,9,9,23
nm7702461,0.940624,9,9,23
nm10339324,0.940624,9,9,23
nm7981365,0.940624,9,9,23
nm0004030,1.0,9,9,84
nm0855462,0.949921,9,9,174
nm7846596,0.921881,9,9,369
nm0204599,0.921881,9,9,369
nm0968559,0.956853,9,9,370
nm1212824,0.956853,9,9,370
nm2863907,0.956853,9,9,370
nm0207891,0.956853,9,9,370
nm5443585,0.956853,9,9,388
nm2790265,0.956853,9,9,388
nm3768355,0.918001,9,9,86
nm4216405,0.839541,9,9,86
nm0816669,0.890382,9,9,3
nm0419273,0.890382,9,9,3
nm10504805,0.921708,9,9,86
nm10532006,0.921708,9,9,86
nm2457283,0.913706,9,9,407
nm11205879,0.934964,9,9,30
nm11205876,0.934964,9,9,30
nm11205874,0.934964,9,9,30
nm0667387,1.0,9,9,367
nm0001793,0.93291,9,9,6
nm1287636,0.886731,9,9,11
nm1535093,0.886731,9,9,11
nm11198899,1.0,9,9,422
nm0345695,1.0,9,9,422
nm7435641,1.0,9,9,422
nm0259462,1.0,9,9,422
nm3797663,0.915586,9,9,110
nm0369916,0.915586,9,9,110
nm0457877,0.915586,9,9,110
nm9091737,1.0,9,9,426
nm3043910,1.0,9,9,426
nm9091751,1.0,9,9,426
nm13721924,1.0,9,9,426
nm13721928,1.0,9,9,426
nm13721922,1.0,9,9,426
nm7737710,0.949921,9,9,427
nm14060208,1.0,9,9,430
nm14060220,1.0,9,9,430
nm4591498,1.0,9,9,435
nm6567671,1.0,9,9,435
nm0746873,1.0,9,9,435
nm4154798,1.0,9,9,435
nm5097485,1.0,9,9,435
nm0346658,1.0,9,9,441
nm0546091,1.0,9,9,441
nm0292719,1.0,9,9,441
nm10421125,0.823578,9,9,110
nm1880510,0.823578,9,9,110
nm2065859,0.823578,9,9,110
nm5404830,0.823578,9,9,110
nm5678452,0.828112,9,9,110
nm10456047,0.750416,9,9,11
nm9713039,0.750416,9,9,11
nm2366511,0.750416,9,9,11
nm0597853,1.0,9,9,428
nm3314507,1.0,9,9,428
nm1056790,1.0,9,9,428
nm1697006,1.0,9,9,428
nm0322563,1.0,9,9,428
nm6005290,1.0,9,9,361
nm0196710,1.0,9,9,361
nm0918099,1.0,9,9,361
nm3818093,1.0,9,9,361
nm6395451,1.0,9,9,361
nm0590819,1.0,9,9,361
nm2325659,0.847771,9,9,483
nm0357307,0.847771,9,9,483
nm0799226,0.915586,9,9,110
nm0278354,1.0,9,9,435
nm4676126,0.807063,9,9,43
nm1113658,1.0,9,9,510
nm2785414,1.0,9,9,510
nm5939078,1.0,9,9,510
nm4006538,1.0,9,9,510
nm1978173,1.0,9,9,510
nm0410914,0.900024,9,9,110
nm10423425,0.900024,9,9,110
nm4111995,0.900024,9,9,110
nm0666719,1.0,9,9,518
nm2410221,1.0,9,9,518
nm1683996,1.0,9,9,518
nm0394670,0.900024,9,9,110
nm6705787,0.785738,9,9,504
nm1073348,0.785738,9,9,504
nm0538568,0.785738,9,9,504
nm4702330,0.888814,9,9,111
nm9150637,0.888814,9,9,111
nm5801305,0.890382,9,9,3
nm3561962,0.837059,9,9,11
nm1878161,0.872965,9,9,110
nm5485883,0.872965,9,9,110
nm1874163,0.872965,9,9,110
nm6175307,0.956853,9,9,551
nm3110951,0.956853,9,9,551
nm10788333,0.956853,9,9,551
nm9641019,0.863012,9,9,11
nm1024111,0.863012,9,9,11
nm2610427,0.863012,9,9,11
nm4877239,0.863012,9,9,11
nm0223560,0.839541,9,9,86
nm7260780,0.956853,9,9,245
nm8470426,0.956853,9,9,245
nm10487274,0.669607,9,9,113
nm9408805,0.669607,9,9,113
nm4706086,1.0,9,9,584
nm3011884,1.0,9,9,584
nm4551047,1.0,9,9,584
nm6527269,1.0,9,9,584
nm1028885,1.0,9,9,584
nm4272518,1.0,9,9,430
nm0686035,1.172589,11,18,436
nm0861440,1.172589,11,18,436
nm1773252,1.172589,11,18,436
nm5601857,1.0,9,9,611
nm8205904,1.0,9,9,611
nm7489737,1.0,9,9,611
nm6041424,0.925301,9,9,56
nm0660673,0.956853,9,9,320
nm2239499,0.956853,9,9,320
nm10426813,0.956853,9,9,320
nm1428706,0.773248,9,9,110
nm0945562,0.773248,9,9,110
nm9906366,0.948434,9,9,220
nm2572182,0.948434,9,9,220
nm11504067,0.948434,9,9,220
nm10458435,0.654822,9,9,436
nm10292983,0.92115,9,9,652
nm10292986,0.92115,9,9,652
nm0196529,0.949921,9,9,174
nm4244312,0.880915,9,9,11
nm7477060,0.880915,9,9,11
nm4450033,0.880915,9,9,11
nm3465006,0.880915,9,9,11
nm10840211,1.0,9,9,693
nm3105997,1.0,9,9,693
nm2779059,0.920577,9,9,110
nm5496968,0.810689,9,9,110
nm10508502,0.810689,9,9,110
nm3173607,0.870632,9,9,23
nm3548929,0.870632,9,9,23
nm9480120,0.870632,9,9,23
nm1315893,0.870632,9,9,23
nm8017879,0.715419,9,9,110
nm5217548,0.715419,9,9,110
nm9830527,0.908274,9,9,200
nm1687404,0.908274,9,9,200
nm0949210,0.908274,9,9,200
nm1892960,0.936842,9,9,240
nm5831457,0.936842,9,9,240
nm9533726,0.936842,9,9,240
nm1300254,0.936842,9,9,240
nm6464606,0.936842,9,9,240
nm7687161,0.936842,9,9,240
nm3754050,0.936842,9,9,240
nm6062528,0.936842,9,9,240
nm0951309,0.936842,9,9,240
nm9968037,0.850421,9,9,110
nm1962139,0.850421,9,9,110
nm6793833,1.0,9,9,757
nm8653223,1.0,9,9,757
nm9705526,1.0,9,9,757
nm10023022,1.0,9,9,757
nm5713957,1.0,9,9,767
nm7141502,1.0,9,9,767
nm7263212,1.0,9,9,767
nm9605846,1.0,9,9,767
nm10054402,1.0,9,9,767
nm9820652,1.0,9,9,787
nm8328802,1.0,9,9,787
nm10074396,1.0,9,9,787
nm10536940,0.913706,9,9,800
nm10665960,0.913706,9,9,800
nm8963094,1.0,9,9,803
nm8667631,0.956853,9,9,753
nm8764535,0.956853,9,9,753
nm10455074,0.956853,9,9,753
nm8172219,1.0,9,9,808
nm7347396,1.0,9,9,808
nm5955447,1.0,9,9,808
nm7920181,1.0,9,9,808
nm10140681,1.0,9,9,808
nm9940581,0.921708,9,9,86
nm16373889,0.810584,9,9,11
nm15967247,0.810584,9,9,11
nm10708154,1.0,9,9,843
nm5294158,1.0,9,9,368
nm6916130,1.0,9,9,857
nm8840600,1.0,9,9,857
nm10459375,1.0,9,9,857
nm10459374,1.0,9,9,857
nm10284551,1.0,9,9,903
nm3633953,1.0,9,9,903
nm5937264,1.0,9,9,903
nm10284550,1.0,9,9,903
nm7125623,0.92115,9,9,652
nm9603462,0.644401,9,9,113
nm10308244,1.0,9,9,937
nm17455543,1.0,9,9,937
nm16568217,1.0,9,9,937
nm6775229,1.0,9,9,940
nm1836078,1.0,9,9,962
nm3664729,1.0,9,9,962
nm6346200,1.0,9,9,962
nm8006184,1.0,9,9,962
nm3571967,1.0,9,9,962
nm10329973,1.0,9,9,962
nm8103780,1.0,9,9,945
nm8639066,1.0,9,9,945
nm10466029,1.0,9,9,945
nm3380718,0.913706,9,9,988
nm11936047,0.913706,9,9,988
nm6666749,0.913706,9,9,988
nm10350258,0.913706,9,9,988
nm1224415,1.0,9,9,995
nm9817570,1.0,9,9,995
nm9541033,0.758205,9,9,726
nm10370506,1.0,9,9,1015
nm3434454,1.0,9,9,1015
nm6181975,1.0,9,9,1015
nm9075313,1.0,9,9,1015
nm10370507,1.0,9,9,1015
nm1760704,1.0,9,9,1020
nm4997899,1.0,9,9,1020
nm4029200,0.956853,9,9,1018
nm5800422,0.956853,9,9,1018
nm9927999,0.956853,9,9,1018
nm10390506,0.956853,9,9,1018
nm10408834,1.0,9,9,1063
nm10408835,1.0,9,9,1063
nm10408828,1.0,9,9,1063
nm10408830,1.0,9,9,1063
nm5588633,0.956853,9,9,38
nm10450000,1.0,9,9,1115
nm10450003,1.0,9,9,1115
nm10450012,1.0,9,9,1115
nm10449999,1.0,9,9,1115
nm10450005,1.0,9,9,1115
nm10449987,1.0,9,9,1115
nm10456688,1.0,9,9,1116
nm2527254,1.0,9,9,1116
nm4300126,1.0,9,9,1116
nm10450800,1.0,9,9,1116
nm4354211,1.0,9,9,1116
nm3859790,1.0,9,9,1116
nm10450799,1.0,9,9,1116
nm9143182,1.0,9,9,843
nm12915509,0.903027,9,9,1054
nm5652916,0.903027,9,9,1054
nm10462462,0.91356,9,9,111
nm5236852,0.91356,9,9,111
nm5423060,0.91356,9,9,111
nm11650085,0.91356,9,9,111
nm10462465,0.91356,9,9,111
nm10462461,0.91356,9,9,111
nm10476629,1.0,9,9,1147
nm10476631,1.0,9,9,1147
nm10476628,1.0,9,9,1147
nm10476626,1.0,9,9,1147
nm10493408,1.0,9,9,1165
nm10493409,1.0,9,9,1165
nm10493416,1.0,9,9,1165
nm7151926,1.0,9,9,1172
nm1847121,1.0,9,9,1172
nm10504138,1.0,9,9,1172
nm7124708,1.0,9,9,1172
nm10500787,1.0,9,9,1173
nm10500788,1.0,9,9,1173
nm10500789,1.0,9,9,1173
nm9739054,1.0,9,9,1173
nm10500784,1.0,9,9,1173
nm10624876,1.0,9,9,1172
nm10505059,1.0,9,9,1178
nm10610062,1.0,9,9,1178
nm1507920,1.0,9,9,797
nm4328352,1.0,9,9,1187
nm9281244,1.0,9,9,1187
nm8587627,1.0,9,9,1187
nm10520906,1.0,9,9,1198
nm10520903,1.0,9,9,1198
nm10520867,1.0,9,9,1198
nm11484888,1.0,9,9,1205
nm11484898,1.0,9,9,1205
nm10608807,1.0,9,9,1205
nm1905179,0.956853,9,9,230
nm1071554,1.0,9,9,693
nm2877301,0.9216,9,9,137
nm7000274,1.0,9,9,797
nm0024188,1.0,9,9,158
nm11777607,0.881762,9,9,114
nm11777606,0.881762,9,9,114
nm1145612,0.881762,9,9,114
nm6579199,0.881762,9,9,114
nm1537947,1.0,9,9,1207
nm15601332,1.0,9,9,1207
nm7878527,1.0,9,9,1286
nm9667787,1.0,9,9,1286
nm5474787,1.0,9,9,1240
nm11302661,1.0,9,9,1240
nm14445837,0.924501,9,9,310
nm15184229,0.924501,9,9,310
nm3864624,0.924501,9,9,310
nm0000531,0.948133,9,9,11
nm10355361,1.0,9,9,995
nm8412146,1.0,9,9,940
nm12482554,0.948302,9,9,118
nm12482555,0.948302,9,9,118
nm12482559,0.948302,9,9,118
nm12482560,0.948302,9,9,118
nm1494542,0.940154,9,9,56
nm1137883,0.940154,9,9,56
nm1313509,0.940154,9,9,56
nm2074966,0.940154,9,9,56
nm2068826,0.940154,9,9,56
nm0850858,0.902266,9,9,240
nm5236534,0.902266,9,9,240
nm5642132,0.902266,9,9,240
nm9533543,0.902266,9,9,240
nm1891974,0.902266,9,9,240
nm13639498,1.0,9,9,445
nm13870415,0.837059,9,9,11
nm1180881,0.924501,9,9,310
nm11232862,1.0,9,9,1207
nm3911517,1.0,9,9,298
nm1760155,0.956853,9,9,837
nm3651535,0.956853,9,9,837
nm4128696,0.956853,9,9,837
nm6822352,0.956853,9,9,837
nm2171495,0.956853,9,9,837
nm3477928,0.956853,9,9,837
nm10680161,0.956853,9,9,230
nm3482613,0.908886,9,9,11
nm1699335,0.9216,9,9,137
nm5392430,0.854865,9,9,1054
nm9005530,0.854865,9,9,1054
nm3288392,0.920577,9,9,110
nm5800711,0.913706,9,9,407
nm5726317,0.949921,9,9,427
nm5209535,0.942373,9,9,460
nm6020570,0.942373,9,9,460
nm7734450,0.942373,9,9,460
nm2698390,0.942373,9,9,460
nm8773737,0.908886,9,9,11
nm3730270,1.0,9,9,1020
nm2143567,0.854865,9,9,1054
nm5448167,0.956853,9,9,245
nm11252276,1.0,9,9,1286
nm9261695,1.0,9,9,803
nm0001745,0.944863,9,9,69
nm13639493,1.0,9,9,445
nm0251523,1.0,9,9,367
nm1022725,1.0,9,9,368
nm8672549,0.758205,9,9,726
nm8422299,1.0,9,9,298
nm2747502,0.806261,9,9,217
nm1504972,0.85278,9,9,200
nm0233882,1.0,9,9,396
nm6283867,0.956853,9,9,324
nm8197294,0.836765,9,9,114
nm10396625,1.0,9,9,1047
nm10402096,1.0,9,9,1051
nm1747924,0.854123,9,9,39
nm10526027,1.0,9,9,1129
nm12231888,1.0,9,9,1283
nm0001329,0.943792,9,9,1
nm0391327,0.943792,9,9,1
nm0230826,0.946371,9,9,2
nm1099188,0.946371,9,9,2
nm0000114,0.8803,9,9,3
nm0788340,1.682001,18,18,3
nm1063517,0.8803,9,9,3
nm0000178,1.0,9,9,5
nm0000144,0.942925,9,9,7
nm0765597,1.706705,18,18,8
nm11370123,0.921881,9,9,8
nm2644871,1.0,9,9,9
nm1102577,1.0,9,9,9
nm6545385,1.694953,18,18,4
nm7441180,0.890639,9,9,4
nm0000574,1.633442,18,18,4
nm0005048,1.669247,18,18,4
nm7214377,0.890639,9,9,4
nm0270451,1.0,9,9,10
nm0001173,1.0,9,9,10
nm0000173,0.910155,9,9,3
nm0000185,1.673865,18,18,3
nm1720028,0.910155,9,9,3
nm5584344,1.68055,18,18,3
nm0002326,0.900765,9,9,3
nm1101910,0.900765,9,9,3
nm8556087,0.900765,9,9,3
nm0000190,1.0,9,9,14
nm0770462,1.0,9,9,14
nm4263987,1.0,9,9,14
nm0302108,1.0,9,9,14
nm0000194,1.0,9,9,15
nm3964350,1.0,9,9,15
nm9581005,1.0,9,9,15
nm9193673,0.948678,9,9,8
nm6675440,1.663098,18,18,6
nm2309517,0.907851,9,9,6
nm1428821,1.0,9,9,16
nm3253943,1.0,9,9,16
nm5114966,1.0,9,9,16
nm9403098,0.940203,9,9,6
nm10693286,0.940203,9,9,6
nm4815306,0.940203,9,9,6
nm0733625,0.956853,9,9,18
nm5860022,0.956853,9,9,18
nm0001159,0.956853,9,9,18
nm0626259,0.956853,9,9,18
nm0582257,2.317674,27,27,3
nm0629697,0.865366,9,9,3
nm0612534,1.633586,18,18,3
nm1053380,0.865366,9,9,3
nm1182011,0.865366,9,9,3
nm0000430,2.361403,27,27,3
nm1564024,0.859634,9,9,3
nm9200468,1.614204,18,18,3
nm1764351,1.656553,18,18,3
nm10045309,0.859634,9,9,3
nm0000286,0.874769,9,9,11
nm0430817,2.30229,27,27,11
nm6037662,0.874769,9,9,11
nm0000317,0.895646,9,9,3
nm1520977,0.895646,9,9,3
nm1209545,0.895646,9,9,3
nm2200658,0.895646,9,9,3
nm0111013,0.895646,9,9,3
nm3931538,3.154009,36,36,3
nm4592524,1.612188,18,18,23
nm0943104,0.855483,9,9,23
nm4538120,1.583614,18,18,23
nm0000334,0.907127,9,9,23
nm3841713,0.907127,9,9,23
nm2748640,0.907127,9,9,23
nm4454642,1.650243,18,18,23
nm0498189,0.874737,9,9,23
nm0227759,1.714334,18,18,24
nm0484916,0.944863,9,9,24
nm0000353,1.0,9,9,27
nm12120803,1.0,9,9,27
nm0000367,1.0,9,9,28
nm1101898,1.0,9,9,28
nm0288260,0.924626,9,9,6
nm3357942,0.918359,9,9,3
nm0108287,0.918359,9,9,3
nm0472710,1.0,9,9,29
nm3513533,1.0,9,9,29
nm6086396,1.0,9,9,29
nm7332711,1.0,9,9,29
nm0009629,0.867416,9,9,30
nm0684951,0.861201,9,9,30
nm0207731,0.867416,9,9,30
nm0000423,0.920386,9,9,31
nm0762248,0.920386,9,9,31
nm0212563,0.890006,9,9,3
nm3613279,0.890006,9,9,3
nm4958040,0.890006,9,9,3
nm6530274,0.890006,9,9,3
nm0130536,0.885874,9,9,3
nm0512420,0.85402,9,9,6
nm1856426,0.85402,9,9,6
nm0005246,2.044791,21,27,6
nm0075359,1.649873,18,18,6
nm1717152,0.85402,9,9,6
nm0000448,0.940198,9,9,33
nm2258449,0.940198,9,9,33
nm5496605,0.940198,9,9,33
nm5469792,0.879021,9,9,3
nm0665101,0.898836,9,9,3
nm0005314,0.850655,9,9,3
nm0139175,1.705235,18,18,3
nm1049613,0.898836,9,9,3
nm1192296,0.850655,9,9,3
nm12215683,0.898836,9,9,3
nm1583978,1.0,9,9,34
nm0180580,0.956853,9,9,35
nm0222922,0.899767,9,9,36
nm2530687,1.706138,18,18,36
nm1533569,0.899767,9,9,36
nm3228320,1.66839,18,18,36
nm8543451,1.706138,18,18,36
nm8953991,0.875764,9,9,3
nm4015380,0.825157,9,9,3
nm0000515,0.946816,9,9,33
nm0193554,1.723309,18,18,33
nm0337053,0.946816,9,9,33
nm0569226,1.0,9,9,37
nm3996999,1.0,9,9,37
nm0000579,1.0,9,9,37
nm2312662,0.897698,9,9,6
nm4648862,0.897698,9,9,6
nm7438321,0.897698,9,9,6
nm0183504,0.943387,9,9,39
nm0000651,0.943387,9,9,39
nm17028901,0.943387,9,9,39
nm2884019,0.879859,9,9,4
nm6679114,0.920674,9,9,7
nm3239630,0.920674,9,9,7
nm3940783,0.920674,9,9,7
nm0000597,0.874216,9,9,6
nm1476601,0.874216,9,9,6
nm3782322,0.894454,9,9,7
nm6573703,0.920674,9,9,7
nm8433745,0.920674,9,9,7
nm0296350,1.628296,18,18,7
nm10711391,0.920674,9,9,7
nm0690904,0.920674,9,9,7
nm3859710,0.875596,9,9,7
nm5899205,0.920674,9,9,7
nm6474955,0.920674,9,9,7
nm7237266,0.894454,9,9,7
nm7747145,0.920674,9,9,7
nm11391843,0.926369,9,9,43
nm0607415,0.926369,9,9,43
nm0005394,0.956853,9,9,44
nm3752578,0.956853,9,9,44
nm0926355,0.956853,9,9,44
nm1850901,1.77665,18,18,44
nm6399766,0.956853,9,9,44
nm2577076,1.705916,18,18,39
nm0687146,0.899585,9,9,39
nm6195774,0.899585,9,9,39
nm0005510,1.0,9,9,45
nm10078267,1.0,9,9,45
nm2499815,0.904557,9,9,3
nm3287985,0.904557,9,9,3
nm1032795,0.94476,9,9,3
nm1866685,0.904557,9,9,3
nm4109651,0.904557,9,9,3
nm0526182,0.904557,9,9,3
nm2477386,0.94476,9,9,3
nm3881952,0.94476,9,9,3
nm6441070,0.94476,9,9,3
nm2572554,0.920761,9,9,39
nm2654829,0.93291,9,9,6
nm5406780,0.93291,9,9,6
nm5698478,0.93291,9,9,6
nm0000721,0.913706,9,9,49
nm2725254,0.913706,9,9,49
nm3177382,0.913706,9,9,379
nm0213766,0.913706,9,9,379
nm0566279,0.894664,9,9,6
nm0781981,0.894664,9,9,6
nm10949578,0.854376,9,9,6
nm2464980,0.854376,9,9,6
nm11503414,0.854376,9,9,6
nm2239702,0.854376,9,9,6
nm5715289,0.894664,9,9,6
nm8627157,0.894664,9,9,6
nm10111920,1.0,9,9,51
nm4651199,1.0,9,9,51
nm8065206,1.0,9,9,51
nm1574386,0.927569,9,9,52
nm4728487,0.949921,9,9,52
nm10373720,0.949921,9,9,52
nm8460271,0.949921,9,9,52
nm0000838,0.927569,9,9,50
nm0621348,1.740434,18,18,50
nm0734352,1.0,9,9,0
nm0173160,1.0,9,9,0
nm0299026,1.0,9,9,0
nm11127058,0.927569,9,9,53
nm3457543,1.740434,18,18,53
nm7942853,0.927569,9,9,53
nm0618502,0.956853,9,9,54
nm1877162,0.956853,9,9,54
nm3434176,0.919522,9,9,56
nm5180960,0.919522,9,9,56
nm0082052,1.69165,18,18,56
nm7967336,0.919522,9,9,56
nm4503236,0.935481,9,9,2
nm0119144,0.935481,9,9,2
nm0139255,0.935481,9,9,2
nm0601041,1.0,9,9,61
nm10200328,1.0,9,9,61
nm10540833,1.0,9,9,61
nm0189200,1.0,9,9,63
nm1462159,1.0,9,9,63
nm4000521,1.0,9,9,63
nm2721727,1.0,9,9,63
nm0001298,1.643068,18,18,43
nm0424819,0.901742,9,9,65
nm0281107,0.917756,9,9,65
nm0012078,1.728441,18,18,65
nm2621030,0.917756,9,9,65
nm2204070,2.411796,27,27,23
nm8108730,0.938523,9,9,3
nm12000124,0.938523,9,9,3
nm0000706,1.680284,18,18,3
nm2371196,0.938523,9,9,3
nm0001461,0.933955,9,9,36
nm1551852,0.933955,9,9,36
nm1731624,0.933955,9,9,36
nm0001530,1.0,9,9,66
nm3700767,1.0,9,9,66
nm6437695,1.0,9,9,66
nm6435705,0.946959,9,9,4
nm1758306,1.0,9,9,67
nm0001671,0.910609,9,9,2
nm0509937,0.864792,9,9,2
nm2948025,0.864792,9,9,2
nm4216045,0.910609,9,9,2
nm0011882,0.864792,9,9,2
nm3915767,0.910609,9,9,2
nm0083714,0.864792,9,9,2
nm0396558,0.864792,9,9,2
nm1387552,0.893073,9,9,33
nm11584934,0.94199,9,9,33
nm0001763,1.0,9,9,70
nm7247068,1.0,9,9,70
nm8747878,1.0,9,9,70
nm0001841,0.897709,9,9,7
nm0002332,0.897709,9,9,7
nm1763493,0.897709,9,9,7
nm0446314,0.897709,9,9,7
nm7803642,1.0,9,9,73
nm1367490,1.0,9,9,17
nm2957490,1.0,9,9,17
nm3872839,1.0,9,9,74
nm10492158,1.0,9,9,74
nm0004380,1.0,9,9,75
nm0302916,1.0,9,9,75
nm0518310,1.0,9,9,75
nm2021640,1.0,9,9,75
nm0293444,1.0,9,9,76
nm0002027,1.0,9,9,77
nm3898236,1.0,9,9,77
nm2810106,1.0,9,9,77
nm3906069,1.0,9,9,77
nm0002096,1.0,9,9,79
nm3556021,1.0,9,9,79
nm0001156,0.91557,9,9,3
nm0001283,0.91557,9,9,3
nm9144786,1.72584,18,18,3
nm1652345,1.0,9,9,80
nm0002350,0.885171,9,9,21
nm1157315,0.885171,9,9,21
nm0081070,0.885171,9,9,21
nm0952685,0.93364,9,9,59
nm0003116,1.0,9,9,25
nm0003328,0.91358,9,9,4
nm5799954,0.91358,9,9,4
nm10850501,0.91358,9,9,4
nm8497034,0.91358,9,9,4
nm0501256,1.66839,18,18,36
nm3037845,0.956853,9,9,81
nm8959839,0.956853,9,9,81
nm0006763,0.828712,9,9,11
nm1252806,0.942925,9,9,7
nm1125989,1.53512,18,18,86
nm2794335,2.895121,35,36,1377
nm10182901,0.893832,9,9,87
nm8376220,0.893832,9,9,87
nm10267905,1.0,9,9,89
nm3223090,1.0,9,9,89
nm3251574,1.0,9,9,89
nm1435269,1.0,9,9,89
nm2195587,1.0,9,9,89
nm7395199,1.0,9,9,89
nm2529790,0.891626,9,9,3
nm0000227,1.696125,18,18,3
nm0001882,0.947645,9,9,3
nm0915093,1.0,9,9,92
nm3244369,1.0,9,9,92
nm1124234,1.0,9,9,92
nm1130627,1.0,9,9,92
nm0004979,1.631698,18,18,3
nm3500582,1.65501,18,18,3
nm0411857,0.956853,9,9,93
nm1101442,0.956853,9,9,93
nm1065319,1.0,9,9,95
nm0159867,1.0,9,9,95
nm0387133,1.0,9,9,95
nm0692996,1.0,9,9,95
nm1272418,1.0,9,9,95
nm10501867,0.938443,9,9,23
nm10270726,0.938443,9,9,23
nm3807369,1.616912,18,18,23
nm1556336,0.909129,9,9,59
nm2460402,1.630505,18,18,59
nm7336169,0.909129,9,9,59
nm9433045,1.0,9,9,88
nm0260348,1.0,9,9,88
nm1794268,0.915664,9,9,4
nm10019316,0.947355,9,9,4
nm10078781,0.947355,9,9,4
nm9518905,0.915664,9,9,4
nm10002747,0.948678,9,9,8
nm0701747,0.944863,9,9,24
nm3236159,0.944863,9,9,24
nm0926086,1.714334,18,18,24
nm0825749,1.0,9,9,96
nm0751762,1.0,9,9,96
nm0036109,1.0,9,9,78
nm0191742,1.0,9,9,78
nm10524645,0.923464,9,9,3
nm4356591,0.923464,9,9,3
nm6030704,0.923464,9,9,3
nm2586628,0.941253,9,9,3
nm4498494,0.941253,9,9,3
nm2111352,0.933975,9,9,3
nm0152430,0.933975,9,9,3
nm1696137,0.933975,9,9,3
nm10092080,0.933975,9,9,3
nm0685856,0.9418,9,9,6
nm16543804,0.9418,9,9,6
nm3180325,0.956853,9,9,98
nm0006663,1.0,9,9,100
nm0228912,1.0,9,9,100
nm2690647,2.338111,27,27,11
nm1474788,0.887004,9,9,11
nm3562302,0.887004,9,9,11
nm2055197,0.887004,9,9,11
nm0417309,0.88477,9,9,11
nm0151526,0.88477,9,9,11
nm0684131,0.914817,9,9,12
nm5450554,0.912975,9,9,12
nm0378698,0.914817,9,9,12
nm0867338,0.912975,9,9,12
nm2012595,1.684805,18,18,11
nm6153649,0.912975,9,9,12
nm0006820,1.0,9,9,101
nm2101229,1.0,9,9,101
nm1650932,1.0,9,9,101
nm4260661,1.0,9,9,101
nm10528885,1.0,9,9,102
nm3118945,0.756941,9,9,11
nm4143935,1.31318,18,18,11
nm1368581,4.41392,58,63,524
nm2055008,0.739627,9,9,11
nm1963406,0.756941,9,9,11
nm5249562,1.399977,18,18,11
nm11741542,0.865736,9,9,13
nm1259094,0.865736,9,9,13
nm11215130,0.742636,9,9,11
nm1388202,3.237314,43,45,524
nm0409204,1.422002,17,18,524
nm0896573,1.598243,18,18,11
nm0007545,0.898679,9,9,103
nm0222460,0.898679,9,9,103
nm0440590,1.612825,18,18,103
nm1292111,0.927569,9,9,104
nm1293644,0.927569,9,9,104
nm13051033,0.927569,9,9,104
nm6674968,0.949921,9,9,104
nm10505245,0.949921,9,9,104
nm6856890,0.949921,9,9,104
nm0008014,1.0,9,9,106
nm3238544,1.0,9,9,106
nm4057094,1.0,9,9,106
nm5553272,1.0,9,9,106
nm3714815,1.0,9,9,106
nm6800672,1.0,9,9,106
nm0409384,0.913706,9,9,107
nm0116670,0.913706,9,9,107
nm0599999,0.913706,9,9,107
nm0748207,0.913706,9,9,107
nm2317521,1.690355,17,18,107
nm4253709,0.913706,9,9,107
nm4745984,0.913706,9,9,107
nm4905454,0.841137,9,9,108
nm0693871,1.499889,16,18,664
nm1695459,0.811986,9,9,231
nm9452507,0.811986,9,9,231
nm1432432,2.269285,25,27,664
nm0848984,1.206542,18,18,110
nm0851071,0.714458,9,9,110
nm1799930,1.144597,18,18,110
nm0847654,1.19459,18,18,110
nm0008690,0.621742,9,9,112
nm5921321,2.195608,33,36,1363
nm8300354,3.453501,57,63,1316
nm6229773,1.035349,18,18,113
nm1413394,1.189027,18,18,113
nm5166245,0.681681,9,9,113
nm7316038,0.681681,9,9,113
nm2791178,2.499822,40,45,113
nm10326279,0.617883,9,9,113
nm1269796,3.121972,51,54,1316
nm2151247,2.065523,35,36,113
nm5285809,0.617883,9,9,113
nm5728582,0.691432,9,9,113
nm9605278,1.632139,26,27,113
nm10510090,0.604046,9,9,113
nm2932370,0.603917,9,9,113
nm4763574,0.604046,9,9,113
nm5469167,1.054271,18,18,113
nm7100818,0.61591,9,9,113
nm8300353,1.039704,18,18,113
nm8358490,1.621981,27,27,113
nm9269363,0.61591,9,9,113
nm0080180,2.322746,27,27,11
nm1399243,1.493684,18,18,11
nm2235330,0.811728,9,9,11
nm5118890,1.530711,18,18,11
nm0285071,0.904773,9,9,115
nm3226390,0.904773,9,9,97
nm0005244,0.904773,9,9,97
nm0305447,0.904773,9,9,97
nm3170174,0.956853,9,9,116
nm0284649,0.956853,9,9,116
nm0710810,1.77665,18,18,116
nm0392952,0.956853,9,9,116
nm0487954,0.94774,9,9,119
nm1268637,1.728441,18,18,119
nm2020451,0.94774,9,9,119
nm12900522,0.882163,9,9,121
nm10264698,0.900498,9,9,56
nm10264699,0.900498,9,9,56
nm2783697,0.900498,9,9,56
nm2049965,0.827489,9,9,56
nm1760490,1.547006,18,18,56
nm3672284,0.827489,9,9,56
nm2381071,0.903111,9,9,56
nm0023266,0.903111,9,9,56
nm10303980,0.903111,9,9,56
nm1566328,1.710719,18,18,56
nm4079093,0.903111,9,9,56
nm0648323,0.948455,9,9,124
nm5223603,0.920637,9,9,124
nm1403057,0.920637,9,9,124
nm2621861,0.900315,9,9,126
nm4705792,0.872314,9,9,126
nm1959001,1.672323,18,18,126
nm8211052,0.872314,9,9,126
nm0044455,3.02934,53,63,177
nm0157139,1.558335,25,27,177
nm0441526,2.012132,30,36,177
nm0462181,2.614579,42,45,128
nm0837360,1.187806,18,18,110
nm6785972,0.893761,9,9,23
nm1401547,0.893761,9,9,23
nm0386205,2.661972,37,45,505
nm0847031,1.181363,18,18,110
nm10407505,0.643657,9,9,110
nm0014954,0.659519,9,9,110
nm10323148,0.651688,9,9,548
nm1048051,1.613756,26,27,548
nm0015417,1.200945,18,18,110
nm3299039,1.410715,18,18,110
nm7936196,0.87146,9,9,11
nm0015110,1.197298,18,18,110
nm0879945,1.210302,18,18,110
nm0906699,1.661113,27,27,110
nm1586491,2.770532,42,45,129
nm2888499,0.63031,9,9,110
nm0015145,0.901321,9,9,131
nm0019815,0.901321,9,9,131
nm0071044,2.437994,27,27,240
nm0344346,1.646259,17,18,470
nm10514574,0.881993,9,9,240
nm0361676,1.086243,18,18,110
nm0945320,0.696069,9,9,110
nm0592756,1.864304,27,27,110
nm3203476,0.684695,9,9,110
nm10502256,0.679564,9,9,110
nm0847291,1.292302,18,18,110
nm0793879,1.37737,18,18,110
nm10382087,0.755978,9,9,110
nm1530182,0.755978,9,9,110
nm0620150,0.755978,9,9,110
nm0031818,1.346544,17,18,176
nm2493819,0.707636,9,9,110
nm1009531,0.67853,9,9,110
nm1650019,1.99713,26,27,482
nm0949045,3.210755,41,45,482
nm1946674,0.67853,9,9,110
nm10356057,0.598539,9,9,548
nm10430740,1.0,9,9,134
nm0297845,1.0,9,9,134
nm10430741,1.0,9,9,134
nm11224879,0.824959,9,9,136
nm8602194,0.824959,9,9,136
nm0778197,1.0,9,9,83
nm0775650,1.0,9,9,83
nm0937296,1.0,9,9,83
nm1164730,1.0,9,9,139
nm3641120,1.0,9,9,139
nm3317281,1.0,9,9,139
nm0016941,1.0,9,9,140
nm0773551,1.0,9,9,140
nm0778107,1.0,9,9,140
nm3769437,1.34161,13,18,142
nm1150853,1.0,9,9,143
nm0829699,1.0,9,9,143
nm2581098,1.0,9,9,143
nm0018203,1.341288,17,18,144
nm5018360,1.905597,27,27,11
nm9103031,0.742761,9,9,11
nm7457612,0.730569,9,9,11
nm1432578,1.3317,18,18,11
nm5528676,0.742761,9,9,11
nm5852449,1.329436,18,18,11
nm5159854,0.781074,9,9,19
nm1434433,0.781074,9,9,19
nm5837322,1.0,9,9,147
nm0787681,0.956853,9,9,148
nm10443712,1.0,9,9,149
nm0020281,1.0,9,9,60
nm6065245,1.0,9,9,60
nm0135584,0.875269,9,9,59
nm0262026,0.875269,9,9,59
nm0920460,2.383899,27,27,59
nm1867913,0.937615,9,9,59
nm0002546,0.937615,9,9,59
nm3157157,0.875269,9,9,59
nm4131336,2.388067,27,27,59
nm0046541,0.956853,9,9,151
nm1751183,0.956853,9,9,151
nm9495449,0.948455,9,9,152
nm0147978,1.732036,18,18,152
nm0070123,0.948455,9,9,152
nm5893121,0.921881,9,9,8
nm0022993,0.920473,9,9,33
nm1566368,1.731848,18,18,33
nm3306329,1.697572,18,18,33
nm0437053,1.399689,16,18,547
nm3286633,1.399689,16,18,547
nm1432283,1.446188,18,18,11
nm0023715,0.922359,9,9,110
nm1796069,0.922359,9,9,110
nm0023913,0.956853,9,9,155
nm7014900,0.956853,9,9,155
nm6921152,0.956853,9,9,155
nm0709389,1.706437,27,27,113
nm6556507,0.626965,9,9,113
nm10319157,0.913706,9,9,159
nm0274707,0.913706,9,9,159
nm0025654,1.486188,17,18,161
nm1298052,2.778174,35,36,161
nm6213948,0.843153,9,9,161
nm10662232,0.901757,9,9,11
nm3606427,0.780091,9,9,11
nm8412322,0.783281,9,9,11
nm8488982,1.486776,18,18,11
nm11891480,0.901757,9,9,11
nm7311859,0.901757,9,9,11
nm10103635,0.901757,9,9,11
nm10308382,0.901757,9,9,11
nm0375609,1.0,9,9,166
nm0927436,1.0,9,9,166
nm1269088,0.956853,9,9,167
nm10301720,1.0,9,9,168
nm0030022,1.0,9,9,71
nm0692239,1.0,9,9,71
nm0001816,1.0,9,9,71
nm0198941,1.0,9,9,71
nm0817958,1.0,9,9,71
nm3016957,1.575093,16,18,234
nm1881315,0.860946,9,9,169
nm3780470,0.860946,9,9,169
nm10301995,0.860946,9,9,169
nm3755586,1.575093,16,18,234
nm0495485,1.0,9,9,170
nm0371628,1.0,9,9,170
nm0880805,0.956853,9,9,148
nm3868423,0.956853,9,9,148
nm0490466,0.956853,9,9,148
nm0662744,1.0,9,9,171
nm3227993,1.0,9,9,171
nm0378161,1.0,9,9,171
nm0031216,1.0,9,9,172
nm1923788,1.0,9,9,172
nm10441642,1.0,9,9,172
nm10441644,1.0,9,9,172
nm10441641,1.0,9,9,172
nm0329210,1.0,9,9,173
nm11291873,1.0,9,9,173
nm10323185,0.80507,9,9,176
nm10323182,0.80507,9,9,176
nm7988098,0.80507,9,9,176
nm1031561,1.645621,23,27,548
nm10348167,0.664028,9,9,110
nm4563744,0.900226,9,9,21
nm1596350,1.659428,18,18,21
nm2016172,0.909699,9,9,33
nm15225419,0.914155,9,9,33
nm0594652,2.898462,42,45,560
nm0256707,1.311235,17,18,418
nm0441173,2.286509,35,36,554
nm0645422,1.200508,16,18,560
nm0847691,0.717733,9,9,110
nm0867391,1.138199,18,18,110
nm1800639,1.169302,18,18,110
nm5493729,1.200508,16,18,560
nm0881545,1.476633,22,27,177
nm0866736,1.049997,17,18,177
nm0032955,1.0,9,9,164
nm0051302,1.0,9,9,164
nm1067557,1.0,9,9,164
nm0033136,1.973233,30,54,178
nm10306722,0.854405,9,27,321
nm2630079,1.708295,26,54,553
nm2876954,0.854405,9,27,321
nm1794199,1.830199,28,54,1354
nm2361872,0.871315,9,27,178
nm7645455,1.013789,20,27,1354
nm10318473,0.421485,9,9,178
nm2899603,0.871315,9,27,178
nm0644573,0.657154,9,9,110
nm0632757,1.367805,18,18,110
nm0436620,0.720558,9,9,110
nm0043395,0.77301,9,9,110
nm0998932,1.486376,18,18,110
nm9147811,0.486662,9,9,178
nm0033152,0.845498,9,9,110
nm1066974,2.270839,27,27,110
nm3183214,0.845498,9,9,110
nm0895759,0.891356,9,9,180
nm1356465,0.891356,9,9,180
nm5595667,1.0,9,9,181
nm11826305,1.0,9,9,181
nm10864378,0.909184,9,9,56
nm2745686,0.909184,9,9,56
nm0013793,0.909184,9,9,56
nm0411196,1.657287,18,18,56
nm1204305,0.909184,9,9,56
nm3471316,0.956853,9,9,182
nm5959182,0.956853,9,9,182
nm1454881,0.956853,9,9,182
nm6539175,0.956853,9,9,182
nm6911082,0.921881,9,9,163
nm10354665,0.921881,9,9,163
nm1320600,0.921881,9,9,163
nm3196782,1.706705,18,18,163
nm2661912,0.939472,9,9,114
nm7548456,0.939472,9,9,114
nm0008739,0.939472,9,9,114
nm1228805,1.683736,18,18,114
nm0181920,1.664346,18,18,6
nm1546686,0.896875,9,9,6
nm4987502,0.896875,9,9,6
nm1027715,0.66325,9,9,548
nm10392374,1.043428,14,18,738
nm13213079,0.66325,9,9,548
nm2810399,0.65391,9,9,110
nm7986140,0.66325,9,9,548
nm2704084,0.650712,9,9,113
nm2748187,0.663009,9,9,113
nm6317486,0.663009,9,9,113
nm9429407,0.663009,9,9,113
nm9447652,1.582156,26,27,1131
nm0466924,0.899282,9,9,184
nm0621870,0.899282,9,9,184
nm0955048,0.899282,9,9,184
nm1105418,0.899282,9,9,184
nm0035280,1.0,9,9,185
nm0036575,1.0,9,9,188
nm0856917,1.0,9,9,188
nm4111472,1.0,9,9,188
nm0037425,0.864733,9,9,56
nm5138751,1.577395,18,18,56
nm0451574,0.799519,9,9,111
nm3132725,1.453058,18,18,111
nm0415416,1.606718,18,18,111
nm0040857,0.799519,9,9,111
nm0608214,1.492757,18,18,111
nm1368007,0.818982,9,9,111
nm1473166,1.575175,18,18,111
nm3975594,1.495501,18,18,111
nm7499818,0.799519,9,9,111
nm0038336,0.905844,9,9,110
nm7747984,0.905844,9,9,110
nm0038351,0.857128,9,9,110
nm4387862,0.857128,9,9,110
nm0361705,1.570493,18,18,110
nm0467248,1.539706,18,18,110
nm1671028,0.847195,9,9,110
nm0367951,0.847195,9,9,110
nm0654726,1.580899,18,18,110
nm0368969,0.847195,9,9,110
nm0768523,0.847195,9,9,110
nm0202137,0.779915,9,9,110
nm1172718,1.376284,18,18,110
nm1589151,1.537237,18,18,110
nm3600331,0.760473,9,9,110
nm0038960,1.445561,18,18,110
nm0882206,0.762594,9,9,110
nm12197382,0.762594,9,9,110
nm10233225,1.0,9,9,192
nm9954934,1.0,9,9,192
nm0049665,1.0,9,9,192
nm10233224,1.0,9,9,192
nm0643799,0.946,9,9,59
nm1533208,0.946,9,9,59
nm0134016,0.946,9,9,59
nm1883210,2.23923,27,27,110
nm3142377,1.0,9,9,193
nm1560591,1.0,9,9,193
nm10064583,1.0,9,9,194
nm3339359,1.0,9,9,194
nm3479264,1.0,9,9,194
nm0040366,0.771104,9,9,195
nm0758656,0.776688,9,9,402
nm0951304,0.771104,9,9,195
nm3380735,1.382661,16,18,402
nm4923307,0.772572,9,9,343
nm5972266,0.798,9,9,252
nm0850848,0.776688,9,9,402
nm0960259,1.449024,17,18,440
nm1146609,1.468987,18,18,195
nm6792967,0.798,9,9,252
nm0233325,0.772572,9,9,343
nm0244428,2.853697,35,36,402
nm1125189,1.525054,18,18,252
nm1422338,0.776688,9,9,402
nm1760072,0.770665,9,9,252
nm4364003,0.743029,9,9,402
nm0693848,0.813074,9,9,111
nm1368152,1.506313,18,18,111
nm2544899,2.280749,27,27,111
nm6346171,0.818193,9,9,111
nm7685635,0.818193,9,9,111
nm0441557,1.313575,18,18,110
nm0412862,1.0,9,9,197
nm0473814,0.956853,9,9,198
nm5088181,0.956853,9,9,198
nm0100333,1.0,9,9,199
nm0144583,1.0,9,9,199
nm6686622,1.0,9,9,203
nm0457500,0.718862,9,9,110
nm1549177,0.718862,9,9,110
nm0043678,0.891901,9,9,110
nm0441161,0.891901,9,9,110
nm0162535,1.0,9,9,117
nm0044293,0.948455,9,9,124
nm0408303,0.948455,9,9,124
nm3879003,0.948455,9,9,124
nm10782391,0.948455,9,9,124
nm11405230,0.948455,9,9,124
nm2367068,0.708495,9,9,110
nm1728139,0.708495,9,9,110
nm0411715,1.175406,17,18,129
nm3173883,1.757839,25,27,525
nm0370644,1.195831,17,18,494
nm0463152,0.614615,9,9,110
nm0256002,0.810202,9,9,111
nm13370157,0.810202,9,9,111
nm4551885,0.810202,9,9,111
nm6093723,1.0,9,9,205
nm0046217,0.854415,9,9,108
nm4166709,1.730927,18,18,180
nm11348298,0.949921,9,9,206
nm10341143,1.0,9,9,207
nm10281854,1.0,9,9,109
nm0619578,1.0,9,9,109
nm10291764,1.0,9,9,109
nm0944638,1.0,9,9,209
nm0389888,1.0,9,9,209
nm2956557,1.0,9,9,209
nm1203291,0.947369,9,9,180
nm4973460,0.947369,9,9,180
nm4098287,0.915769,9,9,180
nm0409971,0.784633,9,9,110
nm0370600,0.784633,9,9,110
nm0395953,0.817535,9,9,110
nm10379181,0.924696,9,9,110
nm10379173,0.924696,9,9,110
nm0952085,1.698753,18,18,124
nm1004978,0.920637,9,9,124
nm1126474,0.920637,9,9,124
nm10274120,0.948678,9,9,210
nm8609805,0.948678,9,9,210
nm0121529,0.921881,9,9,210
nm2847911,0.948678,9,9,210
nm0322963,0.921881,9,9,210
nm1456114,0.948678,9,9,210
nm2252397,0.94774,9,9,1
nm0296809,0.94774,9,9,1
nm1259124,0.94774,9,9,1
nm12940452,1.0,9,9,211
nm6706312,1.0,9,9,211
nm0608440,1.0,9,9,211
nm3838850,1.0,9,9,211
nm10269115,1.0,9,9,213
nm5563403,1.0,9,9,213
nm0051345,1.0,9,9,215
nm7060212,1.0,9,9,215
nm9065556,1.0,9,9,215
nm0590935,1.410136,18,18,110
nm0605449,1.952287,27,27,110
nm7121595,2.379664,27,27,110
nm2382533,1.739814,25,54,217
nm10281536,0.409217,9,9,217
nm1665429,1.179156,18,36,217
nm2359179,1.461984,19,27,217
nm5181236,0.671885,13,18,217
nm10279362,0.668054,12,18,217
nm10288541,0.420269,9,9,217
nm10293688,0.404625,9,9,217
nm2369538,0.792779,10,18,217
nm2385880,1.671333,30,54,217
nm2417901,0.464918,9,9,217
nm2611061,1.172169,24,36,217
nm2749076,0.464918,9,9,217
nm2775418,0.396048,9,9,217
nm1058983,0.949921,9,9,218
nm0594702,1.255221,18,18,110
nm0847396,1.209095,18,18,110
nm0462182,1.107949,18,18,110
nm1540540,0.943228,9,9,103
nm0032669,0.943228,9,9,103
nm0052491,0.803509,9,9,110
nm1030452,0.803509,9,9,110
nm0412819,0.755028,9,9,482
nm0590940,0.6345,9,9,129
nm1822435,0.67089,9,9,110
nm2597393,0.67089,9,9,110
nm0422550,0.846274,9,9,11
nm10203651,1.549681,18,18,11
nm9071083,0.846274,9,9,11
nm0582228,1.0,9,9,221
nm0231864,1.0,9,9,221
nm1072136,1.0,9,9,223
nm4358014,1.0,9,9,223
nm13303128,1.0,9,9,223
nm4334762,1.0,9,9,223
nm5834839,1.0,9,9,224
nm0158101,0.948678,9,9,226
nm2489799,0.906011,9,9,111
nm1082477,0.906011,9,9,111
nm4854875,0.906011,9,9,111
nm2001941,0.93787,9,9,33
nm6327654,0.93787,9,9,33
nm7027550,0.882889,9,9,142
nm9505910,0.882889,9,9,142
nm10959264,1.0,9,9,229
nm10967911,1.0,9,9,229
nm6334629,1.0,9,9,229
nm0225042,1.77665,18,18,230
nm0889928,0.956853,9,9,230
nm3203994,0.956853,9,9,230
nm10264005,0.956853,9,9,230
nm0579756,2.139143,27,27,11
nm1418952,0.890329,9,9,11
nm0066080,0.905679,9,9,36
nm0305365,0.905679,9,9,36
nm2847284,0.905679,9,9,36
nm3816263,0.887113,9,9,36
nm6891947,1.653639,18,18,36
nm10363322,0.887113,9,9,36
nm0015003,0.851202,9,9,103
nm3492864,0.851202,9,9,103
nm0785841,0.934321,9,9,30
nm10743069,0.915172,9,9,152
nm2068808,0.915172,9,9,152
nm10743071,0.915172,9,9,152
nm1441836,0.920637,9,9,152
nm1441852,0.920637,9,9,152
nm2990589,0.920637,9,9,152
nm0034782,0.915172,9,9,152
nm1632883,0.920637,9,9,152
nm6754911,1.0,9,9,238
nm0846630,1.638002,18,18,110
nm10465364,0.901911,9,9,110
nm10465366,0.901911,9,9,110
nm9057480,0.901911,9,9,110
nm8661629,0.927846,9,9,240
nm1926340,1.0,9,9,241
nm0912186,1.0,9,9,241
nm0633121,1.0,9,9,241
nm4686699,1.0,9,9,241
nm2568651,0.92796,9,9,19
nm13154963,1.0,9,9,242
nm13154976,1.0,9,9,242
nm0850618,0.949921,9,9,244
nm3734708,0.949921,9,9,244
nm7655252,0.949921,9,9,244
nm3446411,0.949921,9,9,244
nm0749363,0.945843,9,9,200
nm0041339,0.945843,9,9,200
nm0714235,0.945843,9,9,200
nm2061859,1.0,9,9,247
nm0495799,1.0,9,9,247
nm12470285,1.0,9,9,247
nm0677944,0.901547,9,9,33
nm0369696,0.91363,9,9,11
nm0080248,1.482549,18,18,11
nm10529330,0.84982,9,9,11
nm0304265,1.438697,18,18,11
nm10529331,0.84982,9,9,11
nm1559782,0.84982,9,9,11
nm1167594,1.55778,18,18,11
nm1572739,0.818755,9,9,11
nm1686962,0.769785,9,9,11
nm2243737,0.818755,9,9,11
nm2545330,0.893972,9,9,851
nm0433893,2.080602,26,27,545
nm10235353,0.893972,9,9,851
nm1326535,0.893972,9,9,851
nm1953187,0.769785,9,9,11
nm0707425,0.818393,9,9,11
nm1574854,1.59356,18,18,11
nm2284072,1.0,9,9,249
nm7694608,1.0,9,9,249
nm5689396,1.0,9,9,249
nm1516058,0.850484,9,9,11
nm10035528,0.850484,9,9,11
nm13287656,0.850484,9,9,11
nm2240044,2.999317,36,36,11
nm9012180,0.850484,9,9,11
nm0080426,1.659404,18,18,13
nm1123840,1.0,9,9,250
nm7074701,1.0,9,9,250
nm4696728,1.0,9,9,250
nm6745676,0.915769,9,9,180
nm9229144,0.915769,9,9,180
nm0452609,0.943792,9,9,1
nm1455087,0.943792,9,9,1
nm9458885,0.943792,9,9,1
nm1572219,0.948073,9,9,6
nm0265610,0.948073,9,9,6
nm0086134,1.0,9,9,255
nm0596681,1.0,9,9,255
nm0210875,0.956853,9,9,256
nm0570364,1.77665,18,18,256
nm1358539,0.956853,9,9,256
nm2941559,0.956853,9,9,256
nm0090487,1.0,9,9,258
nm0394499,1.0,9,9,258
nm5898124,1.0,9,9,259
nm8696173,1.0,9,9,259
nm0091505,1.0,9,9,260
nm6591382,1.0,9,9,260
nm6411633,1.0,9,9,260
nm0091931,0.908054,9,9,3
nm1838568,0.908054,9,9,3
nm0492089,0.908054,9,9,3
nm0093209,1.0,9,9,150
nm0352195,1.0,9,9,150
nm0527959,1.0,9,9,150
nm2683583,0.956853,9,9,264
nm3200264,0.956853,9,9,264
nm3171390,1.0,9,9,265
nm0135047,1.0,9,9,265
nm0176506,1.0,9,9,265
nm1163399,1.0,9,9,265
nm2147475,0.904493,9,9,36
nm0267042,1.655896,18,18,36
nm3380189,0.904493,9,9,36
nm10464506,1.0,9,9,266
nm0939443,1.0,9,9,266
nm10464505,1.0,9,9,266
nm2876284,1.0,9,9,267
nm10221800,1.0,9,9,267
nm0095971,1.0,9,9,162
nm7189092,1.0,9,9,162
nm10324547,1.0,9,9,162
nm3072413,1.0,9,9,162
nm5059239,1.0,9,9,268
nm15449938,1.0,9,9,268
nm2817369,1.0,9,9,268
nm3731222,1.0,9,9,268
nm0317457,1.0,9,9,270
nm2723283,1.0,9,9,270
nm5075874,0.827411,9,9,271
nm10390460,0.827411,9,9,271
nm8243160,1.517766,15,18,563
nm0739124,1.0,9,9,62
nm0129464,0.897379,9,9,21
nm4399265,0.917717,9,9,11
nm5892734,0.917717,9,9,11
nm6387949,0.917717,9,9,11
nm9972652,0.917717,9,9,11
nm8170479,0.917717,9,9,11
nm0102502,0.872067,9,9,195
nm0258899,1.523844,18,18,195
nm0359496,0.872067,9,9,195
nm0856194,1.626315,18,18,195
nm1871740,0.808777,9,9,195
nm0000680,1.631514,18,18,11
nm0610459,0.881839,9,9,11
nm1147982,0.906317,9,9,11
nm2053310,0.881839,9,9,11
nm3241196,0.881839,9,9,11
nm11888138,0.906317,9,9,11
nm2217380,0.768256,9,9,11
nm13023905,0.768256,9,9,11
nm2496992,1.358441,18,18,11
nm9544396,0.768256,9,9,11
nm2319565,1.438079,18,18,11
nm0105937,1.0,9,9,275
nm10524723,1.0,9,9,275
nm11844092,1.0,9,9,275
nm1654785,1.0,9,9,275
nm5856624,1.0,9,9,275
nm1760156,1.740434,18,18,276
nm11330621,0.927569,9,9,276
nm7275967,0.956853,9,9,277
nm10487470,0.956853,9,9,277
nm4615210,0.956853,9,9,277
nm9426597,1.77665,18,18,277
nm10678595,0.948678,9,9,163
nm10678597,0.948678,9,9,163
nm10678598,0.948678,9,9,163
nm0107285,0.9098,9,9,59
nm3841682,0.9098,9,9,59
nm0579795,0.861119,9,9,21
nm1872855,0.861119,9,9,21
nm3204925,1.0,9,9,278
nm0431221,0.933955,9,9,36
nm1446274,0.933955,9,9,36
nm1542818,0.933955,9,9,36
nm3018114,0.933955,9,9,36
nm4858550,0.933955,9,9,36
nm7613653,1.0,9,9,279
nm10024096,1.0,9,9,279
nm3930895,1.0,9,9,279
nm4548743,1.0,9,9,282
nm0333275,0.930135,9,9,55
nm3765649,0.930135,9,9,55
nm11751036,0.843114,9,9,55
nm9913749,1.0,9,9,284
nm2266299,1.0,9,9,284
nm8415169,1.0,9,9,284
nm1575619,1.0,9,9,228
nm0117763,0.939526,9,9,33
nm1374743,0.939526,9,9,33
nm5313418,0.939526,9,9,33
nm8136360,1.706705,18,18,226
nm8512286,1.733503,18,18,226
nm1881676,1.0,9,9,286
nm2148811,1.0,9,9,286
nm10877189,1.0,9,9,287
nm0824373,1.0,9,9,287
nm3236733,1.64341,18,18,6
nm0843100,0.905065,9,9,6
nm0671567,0.905065,9,9,6
nm1261997,0.905065,9,9,6
nm3381295,0.905065,9,9,6
nm0126744,0.943427,9,9,36
nm8020709,0.943427,9,9,36
nm6767387,0.943427,9,9,36
nm1962218,1.0,9,9,291
nm10160942,1.0,9,9,291
nm0129812,0.938757,9,9,3
nm16022819,0.938757,9,9,3
nm8494472,0.938757,9,9,3
nm0130429,0.899485,9,9,33
nm1359601,0.899485,9,9,33
nm5199382,0.899485,9,9,33
nm4245727,1.0,9,9,294
nm0135574,1.0,9,9,295
nm10265474,1.0,9,9,295
nm3338413,1.0,9,9,296
nm10117612,1.0,9,9,296
nm7352209,1.0,9,9,297
nm0016321,1.0,9,9,138
nm0270312,1.0,9,9,138
nm0309504,1.0,9,9,138
nm0340084,1.0,9,9,138
nm1517425,1.0,9,9,300
nm4537959,1.0,9,9,300
nm4940642,1.0,9,9,300
nm0594909,0.876073,9,9,23
nm0874676,1.607383,18,18,23
nm10704645,1.639931,18,18,23
nm1925238,0.956853,9,9,44
nm6871471,0.956853,9,9,44
nm10707787,0.956853,9,9,44
nm2834990,0.956853,9,9,44
nm5339596,0.905679,9,9,36
nm7556681,0.905679,9,9,36
nm8984345,0.905679,9,9,36
nm0144812,1.0,9,9,305
nm1438370,1.0,9,9,305
nm3645214,1.0,9,9,305
nm0547982,1.0,9,9,72
nm0001929,1.0,9,9,72
nm0280955,1.0,9,9,72
nm0782565,1.0,9,9,72
nm0147582,0.956853,9,9,306
nm10277610,0.956853,9,9,306
nm8111443,0.956853,9,9,306
nm10068557,0.956853,9,9,306
nm10485396,1.0,9,9,307
nm10485401,1.0,9,9,307
nm0147528,1.0,9,9,308
nm2804463,1.0,9,9,308
nm0133452,0.864111,9,9,252
nm1135205,0.864111,9,9,252
nm0245027,0.933216,9,9,56
nm0208112,0.933216,9,9,56
nm2964361,0.933216,9,9,56
nm10359184,0.891304,9,9,195
nm9113816,0.891304,9,9,195
nm0813804,0.891304,9,9,195
nm0347729,0.834939,9,9,195
nm0654710,0.834939,9,9,195
nm10359179,0.891304,9,9,195
nm4201639,0.865791,9,9,310
nm5520724,0.865791,9,9,310
nm0508293,1.0,9,9,311
nm0845358,1.0,9,9,311
nm3952521,1.0,9,9,311
nm10430874,0.948678,9,9,123
nm2119978,0.948678,9,9,123
nm2121089,0.921881,9,9,123
nm7535389,1.0,9,9,312
nm10414309,0.852313,9,9,11
nm1686044,0.852313,9,9,11
nm9855596,0.852313,9,9,11
nm11084813,0.869363,9,9,23
nm6785657,1.568099,18,18,23
nm7613069,0.886557,9,9,23
nm0153855,1.0,9,9,313
nm2597881,1.598348,18,18,310
nm4111432,0.85894,9,9,310
nm8457558,0.85894,9,9,310
nm10053793,0.921881,9,9,314
nm0945992,0.921881,9,9,314
nm4358682,0.921881,9,9,314
nm6431319,0.921881,9,9,314
nm0159039,0.868559,9,9,23
nm10365512,1.0,9,9,315
nm10365510,1.0,9,9,315
nm4652287,1.0,9,9,315
nm7318811,1.0,9,9,315
nm10365511,1.0,9,9,315
nm0284454,0.943792,9,9,65
nm1460131,0.943792,9,9,65
nm4622567,0.943792,9,9,65
nm1784379,0.919144,9,9,23
nm8726520,1.730272,18,18,23
nm10506271,0.919144,9,9,23
nm3005812,0.919144,9,9,23
nm0156660,0.949921,9,9,316
nm1458115,0.949921,9,9,316
nm11537169,0.903971,9,9,21
nm0481363,0.903971,9,9,21
nm2411135,0.949921,9,9,317
nm0683793,1.740434,18,18,317
nm11052849,0.91291,9,9,23
nm0155401,0.91291,9,9,23
nm3769209,0.921881,9,9,123
nm0157300,0.921881,9,9,123
nm2977461,2.169348,26,27,1383
nm0031844,0.89638,9,9,110
nm0407435,0.89638,9,9,110
nm0319980,1.702547,18,18,110
nm0351338,0.89638,9,9,110
nm0948420,0.664247,9,9,177
nm1226419,0.664247,9,9,177
nm7731379,1.048353,15,18,177
nm0594758,0.956853,9,9,320
nm0999291,0.956853,9,9,320
nm10307265,0.956853,9,9,320
nm4194229,1.0,9,9,322
nm3423916,1.0,9,9,322
nm0833333,0.956853,9,9,324
nm3699960,0.956853,9,9,324
nm1690002,0.956853,9,9,324
nm7624291,0.886301,9,9,126
nm6784658,1.617685,18,18,126
nm3858576,1.689781,18,18,126
nm0284842,0.949921,9,9,42
nm4377373,0.949921,9,9,42
nm2290763,0.949921,9,9,42
nm1792717,0.927569,9,9,42
nm5572919,0.927569,9,9,42
nm2933926,0.887563,9,9,11
nm9990676,0.887563,9,9,11
nm4414400,0.887563,9,9,11
nm0160400,1.0,9,9,325
nm3768173,1.0,9,9,325
nm11282330,1.0,9,9,325
nm1282623,1.0,9,9,325
nm10321341,1.0,9,9,327
nm16445503,0.86875,9,9,329
nm2950254,0.828623,9,9,110
nm2868707,0.871342,9,9,110
nm8923779,0.871342,9,9,110
nm10528044,1.0,9,9,330
nm10528042,1.0,9,9,330
nm10528046,1.0,9,9,330
nm0751917,1.0,9,9,332
nm14490911,1.0,9,9,332
nm0740090,1.674698,18,18,30
nm0194564,0.949921,9,9,331
nm3190970,0.949921,9,9,331
nm14139649,0.911193,9,9,56
nm1422176,0.939512,9,9,39
nm2534638,0.939512,9,9,39
nm6299190,0.939512,9,9,39
nm1233662,0.939512,9,9,39
nm1807222,0.939512,9,9,39
nm4576371,1.685174,18,18,39
nm0582889,0.938831,9,9,33
nm2564628,0.913549,9,9,33
nm2803762,0.913549,9,9,33
nm1577101,0.880684,9,9,33
nm2582755,0.880684,9,9,33
nm2797756,0.913549,9,9,33
nm8144032,0.880684,9,9,33
nm11364112,1.0,9,9,338
nm11364113,1.0,9,9,338
nm0408309,1.0,9,9,338
nm11364108,1.0,9,9,338
nm11364111,1.0,9,9,338
nm5186106,1.0,9,9,338
nm0177742,0.906363,9,9,6
nm2560100,0.906363,9,9,6
nm1160803,0.906363,9,9,6
nm2912067,0.906363,9,9,6
nm4429784,0.906363,9,9,6
nm0178964,0.943427,9,9,36
nm6053072,0.943427,9,9,36
nm0180336,0.927569,9,9,206
nm10515242,0.927569,9,9,206
nm8140465,1.0,9,9,344
nm1538552,0.938732,9,9,345
nm10735551,0.900653,9,9,220
nm1078686,1.674684,18,18,220
nm18131533,0.900653,9,9,220
nm8500591,0.900653,9,9,220
nm0519933,0.938831,9,9,33
nm2355282,0.938831,9,9,33
nm6756914,0.938831,9,9,33
nm1865237,1.0,9,9,347
nm10364424,1.0,9,9,347
nm5514564,1.0,9,9,347
nm13677590,0.89594,9,9,348
nm10628170,1.0,9,9,350
nm0278355,1.0,9,9,350
nm4744994,1.0,9,9,351
nm0313355,1.0,9,9,352
nm9848295,1.0,9,9,352
nm11236518,1.0,9,9,353
nm11236541,1.0,9,9,353
nm1779262,0.948678,9,9,163
nm2432364,0.948678,9,9,163
nm3193498,0.948678,9,9,163
nm0271263,0.948678,9,9,163
nm2267372,1.0,9,9,354
nm5248879,1.0,9,9,354
nm7714600,0.956853,9,9,355
nm1659162,0.956853,9,9,355
nm10421803,0.956853,9,9,355
nm10423961,0.956853,9,9,355
nm9466196,0.956853,9,9,355
nm10357059,0.956853,9,9,355
nm9213423,0.956853,9,9,355
nm1448869,0.948431,9,9,33
nm0266077,0.956853,9,9,116
nm9448072,0.947041,9,9,59
nm4889845,1.0,9,9,357
nm7669135,1.0,9,9,357
nm1475361,1.0,9,9,357
nm4829898,0.941793,9,9,43
nm1707874,0.921881,9,9,210
nm4425568,0.948678,9,9,210
nm9945002,0.948678,9,9,210
nm1708306,0.948678,9,9,210
nm2725299,0.948678,9,9,210
nm0194152,1.0,9,9,358
nm10514471,1.0,9,9,358
nm0387519,1.0,9,9,358
nm1171983,1.0,9,9,358
nm0782633,0.956853,9,9,302
nm9477328,0.956853,9,9,302
nm2258163,1.77665,18,18,302
nm0735323,1.0,9,9,359
nm5118453,1.0,9,9,359
nm13282550,0.857004,9,9,11
nm11962642,0.857004,9,9,11
nm10471719,0.825362,9,9,11
nm1259084,3.662453,45,45,11
nm3753357,0.825362,9,9,11
nm0348004,1.478166,18,18,11
nm4694127,1.0,9,9,362
nm0332709,0.903582,9,9,36
nm10288058,0.903582,9,9,36
nm4782158,0.903582,9,9,36
nm0368972,0.67845,9,9,110
nm0561155,0.87699,9,9,371
nm3822030,1.678095,18,18,371
nm3641538,0.902518,9,9,59
nm6210994,1.709709,18,18,59
nm4364980,0.902518,9,9,59
nm0811777,1.0,9,9,183
nm0064933,1.0,9,9,183
nm0034725,1.0,9,9,183
nm1005692,1.0,9,9,183
nm7377149,1.0,9,9,375
nm10410817,1.0,9,9,375
nm0894494,1.0,9,9,376
nm0211575,0.878765,9,9,113
nm9582860,0.878765,9,9,113
nm3834729,0.878765,9,9,113
nm1474596,0.853992,9,9,310
nm0019455,0.943228,9,9,103
nm3442270,1.0,9,9,380
nm0214358,1.0,9,9,381
nm0883305,1.0,9,9,381
nm1586516,1.0,9,9,381
nm0816389,1.0,9,9,382
nm2551311,1.0,9,9,382
nm3822586,0.943792,9,9,65
nm0219224,1.0,9,9,385
nm10283617,1.0,9,9,385
nm8785637,1.0,9,9,385
nm8897788,1.0,9,9,385
nm0724148,0.956853,9,9,387
nm6302657,0.956853,9,9,387
nm7330110,0.892565,9,9,36
nm13465094,0.927569,9,9,316
nm8453051,0.949921,9,9,316
nm1822271,0.927569,9,9,316
nm4978650,0.927569,9,9,316
nm6419815,0.956853,9,9,389
nm10438789,0.956853,9,9,389
nm6051579,0.956853,9,9,389
nm0220838,0.744475,9,9,11
nm10994971,0.791139,9,9,11
nm0712433,1.356598,18,18,11
nm10890816,0.781687,9,9,11
nm10890815,0.781687,9,9,11
nm18570155,0.791139,9,9,11
nm18570156,0.791139,9,9,11
nm10323699,0.836021,9,9,13
nm2906637,1.545026,18,18,13
nm10661860,1.574245,18,18,13
nm13142702,0.836021,9,9,13
nm7910915,0.919119,9,9,11
nm3601766,0.919119,9,9,11
nm3315894,0.919119,9,9,11
nm6269780,2.366685,27,27,11
nm0899703,0.948269,9,9,349
nm2800663,0.948269,9,9,349
nm0185039,0.948269,9,9,349
nm0867949,0.948269,9,9,349
nm11153588,0.948269,9,9,349
nm6194795,0.948269,9,9,349
nm0223452,0.949921,9,9,331
nm1832230,0.927569,9,9,331
nm1260909,0.949921,9,9,331
nm0224214,1.0,9,9,391
nm7385597,1.0,9,9,391
nm0227282,0.927569,9,9,218
nm0464710,0.927569,9,9,218
nm1366568,0.927569,9,9,218
nm1817824,1.0,9,9,395
nm1883509,1.0,9,9,395
nm2668139,1.0,9,9,395
nm0840783,1.0,9,9,395
nm7216916,1.0,9,9,395
nm2255632,1.0,9,9,395
nm4083459,0.907451,9,9,3
nm7700703,0.907451,9,9,3
nm0236043,0.934412,9,9,59
nm4673497,0.934412,9,9,59
nm0590507,0.949921,9,9,218
nm0239575,1.0,9,9,398
nm2338836,1.0,9,9,398
nm0239688,0.949921,9,9,244
nm0548686,0.927569,9,9,244
nm10856443,0.949921,9,9,244
nm9926931,1.0,9,9,399
nm4194237,1.0,9,9,399
nm0451387,1.0,9,9,400
nm0659244,1.0,9,9,400
nm1905991,1.0,9,9,400
nm10290749,1.0,9,9,400
nm1306744,1.0,9,9,400
nm2012038,1.0,9,9,400
nm0766005,1.0,9,9,401
nm0244624,1.0,9,9,403
nm3726250,1.0,9,9,403
nm0244864,0.818848,9,9,310
nm3374672,1.540835,18,18,310
nm0245282,1.0,9,9,405
nm3737301,1.0,9,9,405
nm1125938,1.0,9,9,406
nm0470886,1.0,9,9,406
nm3692656,1.0,9,9,406
nm0605706,1.0,9,9,409
nm3174873,1.0,9,9,409
nm5851871,0.937683,9,9,6
nm8352392,0.937683,9,9,6
nm2109624,1.0,9,9,410
nm10401616,1.0,9,9,410
nm0953105,1.0,9,9,410
nm1033554,1.0,9,9,410
nm0247242,0.919294,9,9,11
nm0629634,1.730444,18,18,11
nm3091209,0.919294,9,9,11
nm2518804,0.812615,9,9,110
nm0250070,0.943053,9,9,411
nm2867176,1.605165,18,18,30
nm3441044,0.863628,9,9,30
nm0000642,1.0,9,9,46
nm0890808,1.0,9,9,46
nm0647634,0.880111,9,9,6
nm1046097,0.880111,9,9,6
nm1216390,0.874694,9,9,136
nm1553376,1.77665,18,18,57
nm0047795,0.956853,9,9,57
nm14502743,0.956853,9,9,57
nm1867717,0.956853,9,9,57
nm4823415,1.0,9,9,417
nm0254291,0.91602,9,9,43
nm3065601,0.91602,9,9,43
nm1159869,1.672633,18,18,110
nm0793943,2.379648,27,27,110
nm0837452,1.533536,18,18,110
nm0393291,1.363238,17,18,448
nm0406695,0.730558,9,9,110
nm1533194,0.702874,9,9,110
nm1081069,3.18763,36,36,137
nm2734727,0.920386,9,9,420
nm4558335,0.920386,9,9,420
nm9770422,0.920386,9,9,420
nm0257951,1.90011,25,27,216
nm0297843,0.691479,9,9,177
nm10413789,0.700554,9,9,110
nm1665855,1.211895,18,18,110
nm0442951,0.691479,9,9,177
nm0457502,1.225207,18,18,110
nm0847400,0.691479,9,9,177
nm0906735,0.691479,9,9,177
nm10413790,0.700554,9,9,110
nm2802440,1.245638,17,18,1379
nm0412824,1.257789,17,18,527
nm10407597,0.712704,9,9,110
nm1220945,0.712704,9,9,110
nm1784719,0.712704,9,9,110
nm0082212,0.814976,9,9,252
nm0246931,0.814976,9,9,252
nm0351497,1.533157,18,18,252
nm1711156,1.0,9,9,421
nm0260697,0.914171,9,9,424
nm2132730,0.914171,9,9,424
nm2203235,0.914171,9,9,424
nm0319834,1.0,9,9,425
nm0324772,1.0,9,9,425
nm0652798,1.0,9,9,425
nm0261064,1.67569,18,18,118
nm10355427,0.916683,9,9,118
nm2929018,0.949921,9,9,427
nm0265797,0.865117,9,9,111
nm2207585,0.865117,9,9,111
nm1889308,0.865117,9,9,111
nm2716106,2.373952,27,27,111
nm10521233,0.900816,9,9,111
nm2202538,0.900816,9,9,111
nm3646747,0.900816,9,9,111
nm0765974,0.888459,9,9,36
nm10847832,0.888459,9,9,36
nm0415415,1.614657,18,18,111
nm10732662,1.0,9,9,429
nm1586095,1.0,9,9,429
nm9165599,0.892303,9,9,6
nm0269831,1.0,9,9,432
nm0770635,1.0,9,9,432
nm1801525,1.0,9,9,432
nm0273088,0.648096,9,9,113
nm5454914,2.087186,35,36,1131
nm9617201,0.648096,9,9,113
nm9429271,1.147999,18,18,113
nm8491123,0.672797,9,9,113
nm9549555,0.672797,9,9,113
nm4765351,0.665114,9,9,113
nm10436714,0.909684,9,9,349
nm0276657,0.943593,9,9,220
nm0180678,0.943593,9,9,220
nm0281212,0.875401,9,9,6
nm2319059,1.0,9,9,404
nm10056740,1.0,9,9,404
nm0040545,1.0,9,9,196
nm2611421,1.0,9,9,196
nm4576986,1.0,9,9,196
nm0667664,1.0,9,9,196
nm2582373,1.0,9,9,196
nm5509170,1.0,9,9,196
nm4803632,0.895561,9,9,23
nm10344555,0.895561,9,9,23
nm5912759,0.895561,9,9,23
nm15824100,1.0,9,9,438
nm0814192,0.600848,9,9,113
nm0365303,1.509245,25,27,474
nm5551753,0.600848,9,9,113
nm10597984,0.920501,9,9,220
nm3887345,1.688404,18,18,220
nm4373314,0.914373,9,9,220
nm5440244,0.914373,9,9,220
nm0285683,1.0,9,9,439
nm7407174,1.0,9,9,439
nm1395864,1.0,9,9,439
nm2546411,2.072964,26,27,699
nm2154410,0.773277,9,9,424
nm0286570,1.459743,18,18,111
nm9386560,0.792231,9,9,111
nm9678153,0.816084,9,9,111
nm10290450,0.895462,9,9,111
nm2153543,0.816084,9,9,111
nm8389112,0.895462,9,9,111
nm0603516,1.0,9,9,341
nm10851760,1.0,9,9,341
nm0267374,1.0,9,9,341
nm0868866,1.0,9,9,341
nm0181225,1.0,9,9,341
nm0292708,0.903227,9,9,110
nm4252250,1.686579,18,18,110
nm8192952,0.903227,9,9,110
nm10433995,1.0,9,9,442
nm10443949,1.0,9,9,442
nm10443948,1.0,9,9,442
nm0294321,1.0,9,9,443
nm1179525,1.0,9,9,443
nm8133234,1.0,9,9,443
nm1113696,1.0,9,9,443
nm3074010,1.0,9,9,443
nm0295429,1.0,9,9,444
nm0777649,1.0,9,9,444
nm2367180,1.0,9,9,444
nm3996801,1.0,9,9,444
nm1399885,1.0,9,9,444
nm8780720,1.0,9,9,444
nm0297552,1.0,9,9,447
nm1870393,1.0,9,9,447
nm10516647,1.0,9,9,447
nm1515422,0.90143,9,9,110
nm0465214,0.79742,9,9,110
nm0410895,0.79742,9,9,110
nm0457954,1.169182,18,18,110
nm0594709,1.190258,18,18,110
nm1656100,0.729268,9,9,449
nm1910547,0.631187,9,9,110
nm2102815,0.729268,9,9,449
nm2760410,0.649988,9,9,110
nm10088846,0.691214,9,9,110
nm2189977,0.691214,9,9,110
nm5077088,1.756801,24,27,525
nm4465175,0.676435,9,9,110
nm0297745,0.720618,9,9,110
nm1649793,0.720618,9,9,110
nm0297885,0.908906,9,9,110
nm1040419,0.908906,9,9,110
nm0386414,0.873871,9,9,110
nm5301216,0.937577,9,9,110
nm0613472,0.937577,9,9,110
nm8933053,0.937577,9,9,110
nm0464669,0.943223,9,9,110
nm0605252,0.943223,9,9,110
nm3732555,0.943223,9,9,110
nm5760167,0.86219,9,9,6
nm4337039,0.86219,9,9,6
nm0462387,1.0,9,9,201
nm0041528,1.0,9,9,201
nm4906203,1.0,9,9,201
nm2009056,0.910415,9,9,11
nm2995522,0.910415,9,9,11
nm1734621,0.956853,9,9,452
nm4991603,0.956853,9,9,452
nm5640489,0.956853,9,9,452
nm2330323,0.949921,9,9,174
nm8715338,0.949921,9,9,174
nm0948185,0.948678,9,9,314
nm17549786,0.948678,9,9,314
nm0550073,0.956853,9,9,370
nm5542067,0.956853,9,9,370
nm1154350,0.956853,9,9,370
nm10448886,0.911985,9,9,11
nm6945850,0.911985,9,9,11
nm7049955,0.911985,9,9,11
nm10763737,1.0,9,9,455
nm2343061,0.956853,9,9,456
nm0344223,0.956853,9,9,456
nm8264364,0.956853,9,9,456
nm0378102,0.956853,9,9,456
nm0890874,0.875125,9,9,33
nm7391785,0.875125,9,9,33
nm4813021,0.875125,9,9,33
nm1468386,0.921881,9,9,369
nm2210947,0.921881,9,9,369
nm10183222,1.0,9,9,459
nm11380291,1.0,9,9,459
nm6635672,1.0,9,9,459
nm1553585,0.770127,9,9,460
nm8541750,1.398333,14,18,1333
nm8702399,0.891765,9,9,460
nm1462983,0.891765,9,9,460
nm8610001,0.770127,9,9,460
nm0318622,0.739141,9,9,86
nm3844346,1.903032,25,27,1389
nm8906441,0.739141,9,9,86
nm3733434,0.956853,9,9,388
nm3339236,0.956853,9,9,388
nm3060479,0.956853,9,9,388
nm0323372,1.0,9,9,120
nm10676139,1.0,9,9,120
nm3589171,1.0,9,9,120
nm4624934,1.0,9,9,120
nm1631281,1.0,9,9,462
nm1073927,1.0,9,9,462
nm3078460,1.0,9,9,462
nm3272130,2.151899,27,27,13
nm7365111,0.809162,9,9,19
nm10330747,0.809162,9,9,19
nm0325943,1.690355,17,18,463
nm0327631,0.943792,9,9,119
nm2445350,0.943792,9,9,119
nm10529003,0.920632,9,9,11
nm7557914,0.920632,9,9,11
nm4037468,0.920632,9,9,11
nm4591962,1.0,9,9,465
nm8329710,1.0,9,9,465
nm9665229,1.0,9,9,465
nm8994105,1.0,9,9,465
nm7785804,1.566498,18,18,11
nm6703408,0.956853,9,9,198
nm6703405,0.956853,9,9,198
nm0332061,1.0,9,9,466
nm10255221,1.0,9,9,466
nm8332019,1.0,9,9,466
nm0063205,0.852122,9,9,195
nm5257813,0.852122,9,9,195
nm0678950,0.852122,9,9,195
nm0337422,1.0,9,9,468
nm10385457,1.0,9,9,468
nm1278335,0.919618,9,9,349
nm10959118,0.919618,9,9,349
nm10892931,1.0,9,9,469
nm12333318,1.0,9,9,469
nm5451410,1.0,9,9,469
nm10859916,1.0,9,9,469
nm0698562,1.0,9,9,458
nm0434169,1.0,9,9,458
nm0314047,1.0,9,9,458
nm0211144,1.0,9,9,334
nm0170168,1.0,9,9,334
nm7080395,1.0,9,9,334
nm9826800,0.944664,9,9,56
nm10344255,1.0,9,9,473
nm5215308,3.069809,51,54,1061
nm5825055,3.044506,52,54,474
nm7030186,1.541147,26,27,1316
nm9546798,1.585096,25,27,1131
nm6630514,1.517369,25,27,474
nm8290747,1.157516,18,18,113
nm2562287,0.615396,9,9,113
nm9565790,0.607859,9,9,113
nm9563541,1.161102,18,18,113
nm9580145,0.617998,9,9,113
nm10450232,0.659627,9,9,113
nm10455044,1.154772,18,18,113
nm8358337,1.087629,18,18,113
nm9019671,1.0,9,9,475
nm12573936,0.870511,9,9,11
nm13416350,0.870511,9,9,11
nm0820283,0.897059,9,9,11
nm0906226,0.897059,9,9,11
nm2371046,0.897059,9,9,11
nm0348507,1.0,9,9,253
nm0082848,1.0,9,9,253
nm0154129,1.0,9,9,253
nm1514336,1.0,9,9,253
nm4794057,1.0,9,9,476
nm10689140,1.0,9,9,476
nm12189729,1.0,9,9,476
nm10355436,0.947543,9,9,118
nm10753254,0.947543,9,9,118
nm6628926,0.861656,9,9,33
nm7004946,0.8934,9,9,222
nm0351235,0.8934,9,9,222
nm4264236,0.861656,9,9,33
nm5131296,0.8934,9,9,222
nm1001005,0.8934,9,9,222
nm5745476,1.0,9,9,246
nm3252257,0.940803,9,9,55
nm4152754,0.940803,9,9,55
nm4404195,0.940803,9,9,55
nm1446786,0.940803,9,9,55
nm0350273,1.653448,17,18,477
nm16393675,0.903407,9,9,477
nm1758899,0.887096,9,9,12
nm6955446,0.887096,9,9,12
nm0134435,0.855237,9,9,252
nm0465041,0.919848,9,9,23
nm0939190,0.919848,9,9,23
nm2374383,0.919848,9,9,23
nm7390393,0.8715,9,9,11
nm7538277,1.0,9,9,479
nm9856045,1.0,9,9,479
nm10493752,1.0,9,9,479
nm0626974,1.0,9,9,153
nm0637505,1.0,9,9,153
nm8273597,1.0,9,9,153
nm9987817,1.0,9,9,153
nm0762965,0.873147,9,9,110
nm0875364,0.873147,9,9,110
nm10519529,0.902113,9,9,110
nm4373363,0.902113,9,9,110
nm10519527,0.902113,9,9,110
nm3147240,0.902113,9,9,110
nm14504672,0.956853,9,9,481
nm15292349,0.956853,9,9,481
nm7709593,0.956853,9,9,481
nm7616435,1.0,9,9,239
nm0357277,0.6631,9,9,110
nm0357662,1.0,9,9,485
nm10362194,1.0,9,9,485
nm0436788,1.0,9,9,487
nm0594276,1.0,9,9,487
nm0454049,1.0,9,9,487
nm1694886,1.0,9,9,487
nm6194569,0.763267,9,9,413
nm1671571,0.690012,9,9,129
nm0014955,1.741392,25,27,129
nm1800845,0.690012,9,9,129
nm6194570,0.763267,9,9,413
nm0457506,0.698996,9,9,110
nm1047726,1.730616,18,18,55
nm0001004,0.94824,9,9,55
nm10287530,1.0,9,9,145
nm2083561,1.0,9,9,145
nm8079280,1.0,9,9,145
nm3652848,1.0,9,9,489
nm10421349,1.0,9,9,489
nm8177667,1.0,9,9,489
nm0360745,0.948426,9,9,3
nm6925212,0.948426,9,9,3
nm5756906,1.731804,18,18,3
nm0411733,0.801013,9,9,482
nm0441574,0.676923,9,9,110
nm0619821,0.676923,9,9,110
nm0462073,0.676923,9,9,110
nm0361866,0.949921,9,9,276
nm1454306,0.949921,9,9,276
nm2489222,0.949921,9,9,276
nm3141448,0.949921,9,9,276
nm7289094,0.949921,9,9,276
nm9934637,0.944863,9,9,69
nm0364686,1.0,9,9,283
nm3593738,1.0,9,9,283
nm10459748,1.566716,24,27,1131
nm10459750,0.601119,9,9,113
nm0368050,0.87076,9,9,110
nm0368263,0.88399,9,9,492
nm8300827,1.584076,17,18,1254
nm3190460,0.88399,9,9,492
nm3371002,0.88399,9,9,492
nm3851353,0.915172,9,9,124
nm2509198,0.915172,9,9,124
nm0756534,0.915172,9,9,124
nm0447527,0.905435,9,9,110
nm0442848,0.905435,9,9,110
nm1708078,0.905435,9,9,110
nm0038324,1.0,9,9,189
nm0644524,1.0,9,9,189
nm0847085,1.0,9,9,189
nm0371660,1.0,9,9,495
nm0382602,1.0,9,9,495
nm0806002,1.0,9,9,495
nm0814259,1.0,9,9,495
nm0747700,0.865187,9,9,23
nm2475285,0.956853,9,9,497
nm10427689,0.956853,9,9,497
nm0373001,1.0,9,9,498
nm3628039,1.0,9,9,498
nm2348319,1.0,9,9,501
nm5912470,1.0,9,9,502
nm9037501,1.0,9,9,502
nm12942399,1.0,9,9,208
nm1572044,1.0,9,9,208
nm0092314,1.0,9,9,208
nm0110336,1.0,9,9,208
nm0337220,1.0,9,9,467
nm3320209,1.0,9,9,467
nm0687887,1.0,9,9,467
nm1001712,1.0,9,9,467
nm3602024,1.0,9,9,467
nm3706325,1.0,9,9,467
nm0379783,1.0,9,9,434
nm0555902,1.0,9,9,434
nm10456946,1.0,9,9,91
nm10456953,1.0,9,9,91
nm0436345,0.948455,9,9,152
nm1925543,0.948455,9,9,152
nm0383213,0.947343,9,9,127
nm9172224,0.947343,9,9,127
nm10107176,0.947343,9,9,127
nm1263070,0.696127,9,9,110
nm3064143,0.645586,9,9,110
nm0767974,0.696127,9,9,110
nm1525234,0.677555,9,9,504
nm3472350,1.226436,17,18,634
nm0386217,1.541202,18,18,110
nm0793585,0.850583,9,9,110
nm0847146,0.82891,9,9,110
nm5140520,1.561985,18,18,110
nm0387360,1.0,9,9,507
nm1172626,1.0,9,9,507
nm10297630,1.0,9,9,507
nm1851472,1.0,9,9,507
nm1978793,1.0,9,9,507
nm2088803,0.872355,9,9,3
nm10699588,0.830501,9,9,43
nm8500687,1.514501,18,18,43
nm7213751,0.830501,9,9,43
nm7349457,1.540321,18,18,43
nm0079890,1.0,9,9,248
nm1955257,1.0,9,9,248
nm2834294,1.0,9,9,248
nm7979536,1.0,9,9,248
nm6637938,1.0,9,9,508
nm1150775,1.0,9,9,511
nm2082530,1.0,9,9,511
nm10511482,1.0,9,9,512
nm1303331,1.0,9,9,512
nm8844156,1.0,9,9,512
nm8967586,1.0,9,9,512
nm0419560,1.0,9,9,513
nm10457229,0.850389,9,9,110
nm0394724,1.0,9,9,514
nm0455829,1.0,9,9,514
nm10269162,1.0,9,9,515
nm1662081,1.0,9,9,515
nm10269163,1.0,9,9,515
nm1030234,0.906452,9,9,364
nm18663444,0.906452,9,9,364
nm2332149,1.0,9,9,516
nm5505687,1.0,9,9,516
nm3209833,1.0,9,9,517
nm3492877,1.0,9,9,517
nm3504811,1.0,9,9,517
nm0408374,1.0,9,9,517
nm0398694,0.917299,9,9,33
nm1164628,0.917299,9,9,33
nm14176586,0.92395,9,9,23
nm6949176,0.949921,9,9,99
nm0658293,0.949921,9,9,99
nm0403514,0.949921,9,9,519
nm8505639,1.740434,18,18,519
nm0482126,0.949921,9,9,519
nm3282535,0.949921,9,9,519
nm0404003,1.77665,18,18,493
nm9443339,0.956853,9,9,493
nm10313087,0.956853,9,9,493
nm4210670,0.956853,9,9,493
nm4973896,1.687041,18,18,3
nm5016962,0.918821,9,9,3
nm0532160,0.918821,9,9,3
nm8402992,0.918821,9,9,3
nm0449215,0.887456,9,9,349
nm5846801,0.887456,9,9,349
nm14776725,0.903501,9,9,130
nm8370368,1.0,9,9,520
nm2802018,0.956853,9,9,464
nm2464599,0.956853,9,9,464
nm4840687,0.956853,9,9,464
nm0840679,0.395289,9,9,217
nm3001967,0.414041,9,9,217
nm2366585,0.699669,18,18,110
nm2386777,1.152655,19,36,217
nm1364624,0.622727,9,9,133
nm0945414,0.621717,9,9,110
nm6218754,1.690486,18,18,137
nm1758680,0.89348,9,9,137
nm7663910,0.89348,9,9,137
nm10490902,0.879003,9,9,522
nm0911152,0.879003,9,9,522
nm10490904,0.879003,9,9,522
nm10490905,0.879003,9,9,522
nm9757880,0.879003,9,9,522
nm1169797,0.908049,9,9,110
nm3049403,0.891855,9,9,110
nm7131255,0.891855,9,9,110
nm0793851,0.840551,9,9,11
nm2433460,0.840551,9,9,11
nm8490426,0.840551,9,9,11
nm0411683,0.90411,9,9,127
nm7821071,1.635138,18,18,127
nm6044626,0.90411,9,9,127
nm10353457,0.90411,9,9,127
nm6425585,0.90411,9,9,127
nm7462544,1.0,9,9,526
nm7672743,1.0,9,9,526
nm1970291,1.0,9,9,526
nm2011274,1.0,9,9,526
nm2458380,1.0,9,9,526
nm4148876,1.0,9,9,526
nm1022194,0.589209,9,9,110
nm10575364,0.773583,9,9,11
nm3119556,0.840627,9,9,11
nm5465692,0.773583,9,9,11
nm4417069,0.840627,9,9,11
nm0795661,1.548005,18,18,11
nm11353088,0.840627,9,9,11
nm7478940,0.773583,9,9,11
nm4360404,1.0,9,9,529
nm0471601,0.944863,9,9,69
nm10353894,0.944863,9,9,69
nm0782627,0.944863,9,9,69
nm1282571,0.906527,9,9,69
nm0397034,1.714334,18,18,69
nm12180649,0.944863,9,9,69
nm10624740,0.924792,9,9,111
nm1167899,0.947242,9,9,23
nm5769726,1.665071,18,18,23
nm10503030,0.947242,9,9,23
nm10516071,0.915015,9,9,23
nm3138747,0.947242,9,9,23
nm0481994,1.0,9,9,257
nm11443889,1.0,9,9,257
nm4741714,0.956853,9,9,306
nm9724815,0.956853,9,9,306
nm10317469,0.956853,9,9,306
nm14456600,1.0,9,9,531
nm2849374,1.0,9,9,532
nm9565112,0.619768,9,9,113
nm6098361,1.299486,17,18,524
nm10749426,0.778734,9,9,11
nm0419709,0.709656,9,9,113
nm0926970,0.696627,9,9,113
nm4763591,0.709656,9,9,113
nm10452817,0.696627,9,9,113
nm9614826,0.709656,9,9,113
nm1442604,0.696627,9,9,113
nm2768604,0.709656,9,9,113
nm9427108,1.222782,18,18,113
nm9499890,1.580685,26,27,113
nm10446288,0.885517,9,9,43
nm7414355,0.885517,9,9,43
nm8231979,0.885517,9,9,43
nm9159694,0.885517,9,9,43
nm0613417,1.0,9,9,536
nm5878003,1.0,9,9,536
nm9904883,1.0,9,9,536
nm18777138,1.0,9,9,536
nm1089541,0.885156,9,9,23
nm3464409,0.885156,9,9,23
nm5000213,0.885156,9,9,23
nm0945189,0.885156,9,9,23
nm2656503,0.829605,9,9,110
nm0001057,0.956853,9,9,57
nm0056271,0.956853,9,9,57
nm0680795,0.956853,9,9,57
nm0722560,0.956853,9,9,57
nm1463818,0.89752,9,9,541
nm2622284,0.89752,9,9,541
nm10420437,0.943455,9,9,3
nm2034488,0.943455,9,9,3
nm0616790,0.956853,9,9,542
nm7759916,1.77665,18,18,542
nm12640295,0.956853,9,9,542
nm11824396,0.956853,9,9,542
nm1828185,0.880022,9,9,11
nm8454250,0.880022,9,9,11
nm1277861,0.847914,9,9,19
nm2590072,0.846061,9,9,19
nm10359130,0.846061,9,9,19
nm1282863,0.847914,9,9,19
nm4852977,0.816138,9,9,19
nm7845710,0.813919,9,9,13
nm10440440,0.816473,9,9,13
nm14445936,0.813919,9,9,13
nm10440438,0.816473,9,9,13
nm10440439,0.816473,9,9,13
nm3035081,1.526582,18,18,13
nm7144357,1.453833,18,18,11
nm7370336,0.816473,9,9,13
nm8071216,0.816473,9,9,13
nm0431732,0.948678,9,9,314
nm4531844,0.948678,9,9,314
nm2115624,0.948678,9,9,314
nm0161133,0.956853,9,9,326
nm2218210,0.809851,9,9,11
nm5573352,0.809851,9,9,11
nm8635807,0.809851,9,9,11
nm11004620,0.806003,9,9,13
nm1778107,1.483315,18,18,13
nm5467214,1.449188,18,18,13
nm8125303,0.79815,9,9,11
nm10153044,0.812133,9,9,13
nm4583371,0.79815,9,9,11
nm8743969,2.138465,27,27,11
nm10390551,0.806003,9,9,13
nm6192873,0.895845,9,9,13
nm8408568,0.895845,9,9,13
nm0435766,1.0,9,9,546
nm0542040,1.0,9,9,546
nm11275579,1.0,9,9,546
nm1722996,0.773595,9,9,13
nm9973563,0.773595,9,9,13
nm8565423,0.773595,9,9,13
nm8910575,0.911685,9,9,110
nm5030879,0.718962,9,9,176
nm15561591,0.93097,9,9,13
nm8890455,0.8475,9,9,13
nm0853673,0.896924,9,9,111
nm0039746,0.896924,9,9,111
nm0754333,1.0,9,9,550
nm1936672,1.0,9,9,550
nm10366108,0.723948,9,9,737
nm1399111,1.917028,23,27,1262
nm2421786,1.489339,18,18,737
nm5810585,0.827675,9,9,110
nm8692649,1.316011,15,18,1262
nm9535242,0.723948,9,9,737
nm10273948,0.849264,9,9,110
nm1092369,3.800195,46,54,1262
nm3019956,0.72912,9,9,740
nm9161742,0.41993,9,9,321
nm2153780,0.41993,9,9,321
nm1699418,0.760369,9,9,490
nm0441225,1.0,9,9,22
nm4497226,1.0,9,9,22
nm0000312,1.0,9,9,22
nm6749842,1.0,9,9,22
nm2843482,2.812183,30,45,1381
nm2532405,1.204239,16,18,1368
nm3819470,0.840463,9,9,11
nm0990640,0.840463,9,9,11
nm10441025,0.905767,9,9,13
nm4746089,0.956853,9,9,557
nm7430253,0.956853,9,9,557
nm0450975,0.913706,9,9,558
nm10368117,0.832184,9,9,11
nm10482385,0.930241,9,9,86
nm10484632,0.930241,9,9,86
nm1217893,0.945253,9,9,19
nm4449715,0.945253,9,9,19
nm1173203,0.794197,9,9,111
nm2151352,0.794197,9,9,111
nm2791668,0.794197,9,9,111
nm7886376,0.794197,9,9,111
nm1902531,0.947434,9,9,43
nm6669135,0.947434,9,9,43
nm6472360,0.91614,9,9,110
nm10292299,0.91614,9,9,110
nm5245242,0.91614,9,9,110
nm0452925,0.956853,9,9,81
nm0483069,0.956853,9,9,81
nm2440627,0.94774,9,9,559
nm0497631,0.917756,9,9,559
nm6728658,1.682442,18,18,559
nm4918457,0.93297,9,9,23
nm5580089,0.939788,9,9,59
nm5781475,0.939788,9,9,59
nm5580013,0.939788,9,9,59
nm7822670,0.939788,9,9,59
nm3039853,0.758153,9,9,216
nm0202136,0.758153,9,9,216
nm2171081,0.758153,9,9,216
nm0032894,0.855213,9,9,110
nm0462042,0.855213,9,9,110
nm0757293,0.855213,9,9,110
nm2615204,0.718272,9,9,110
nm3855467,0.915416,9,9,7
nm7403009,0.915416,9,9,7
nm0931898,0.915416,9,9,7
nm1724638,0.915416,9,9,7
nm8823344,0.889756,9,9,7
nm7752372,0.889756,9,9,7
nm10451714,0.889756,9,9,7
nm6972362,0.889756,9,9,7
nm10384357,0.827411,9,9,563
nm10384359,0.827411,9,9,563
nm8243159,0.827411,9,9,563
nm12372874,1.0,9,9,412
nm0619178,1.0,9,9,412
nm9977663,0.778267,9,9,565
nm0879989,1.366921,16,18,695
nm1002952,1.366921,16,18,695
nm1007226,0.778267,9,9,565
nm10486524,0.722126,9,9,110
nm2475486,0.645895,9,9,110
nm1794495,1.54811,18,18,111
nm6262100,0.779345,9,9,111
nm1335704,1.324259,18,18,11
nm1001625,1.936373,26,27,524
nm1560523,0.770006,9,9,11
nm6788820,1.380014,18,18,11
nm0471459,0.913729,9,9,11
nm10411559,1.547109,18,18,11
nm10411561,0.913729,9,9,11
nm3202886,0.913729,9,9,11
nm8861068,0.913729,9,9,11
nm1847486,0.855781,9,9,568
nm4496545,0.840465,9,9,33
nm4287294,0.840465,9,9,33
nm1754496,0.934916,9,9,411
nm6377486,0.934916,9,9,411
nm7351991,0.934916,9,9,411
nm0257922,0.934916,9,9,411
nm0356372,0.934916,9,9,411
nm10307102,0.934916,9,9,411
nm1698399,0.898883,9,9,411
nm10296665,0.934916,9,9,411
nm15392421,0.934916,9,9,411
nm10058464,1.0,9,9,569
nm5617255,1.0,9,9,569
nm0754097,1.0,9,9,569
nm1165284,1.0,9,9,569
nm10532694,0.856039,9,9,11
nm7216750,0.856039,9,9,11
nm0004569,0.819012,9,9,11
nm10035940,0.819012,9,9,11
nm4223263,1.413085,17,18,570
nm5744564,1.979131,26,27,1406
nm0043199,0.758665,9,9,202
nm2500160,0.758665,9,9,202
nm5699800,0.791476,9,9,570
nm5724719,2.176275,26,27,665
nm7548924,0.758665,9,9,202
nm0711836,0.790327,9,9,113
nm5215062,0.790327,9,9,113
nm5205279,0.87328,9,9,110
nm10849968,0.87328,9,9,110
nm10849969,0.87328,9,9,110
nm0875244,1.577211,18,18,110
nm10849970,0.87328,9,9,110
nm15626054,0.937497,9,9,110
nm0951121,0.956853,9,9,571
nm4291622,0.864684,9,9,483
nm1617208,0.864684,9,9,483
nm4587635,0.921903,9,9,33
nm6761294,1.0,9,9,289
nm7078907,1.0,9,9,289
nm7153454,0.948678,9,9,369
nm5623923,0.809839,9,9,11
nm0707399,0.775251,9,9,11
nm6601752,0.775251,9,9,11
nm1428724,4.408099,58,63,524
nm6660756,0.713434,9,9,524
nm0151097,0.891719,9,9,23
nm1111953,0.891719,9,9,23
nm1878301,0.891719,9,9,23
nm9496699,0.891719,9,9,23
nm2740594,0.913706,9,9,463
nm9693378,0.913706,9,9,463
nm11086048,1.0,9,9,575
nm5643341,0.943427,9,9,36
nm10450154,0.943427,9,9,36
nm10334571,1.0,9,9,576
nm3386125,1.0,9,9,576
nm0023979,1.0,9,9,157
nm10455670,1.0,9,9,157
nm0013833,0.948678,9,9,123
nm1936402,0.885074,9,9,23
nm0422623,1.657257,18,18,23
nm0490513,1.648933,18,18,23
nm0490492,0.947725,9,9,23
nm8353861,0.947725,9,9,23
nm8007355,0.948253,9,9,56
nm7105818,0.913876,9,9,3
nm5083927,0.913876,9,9,3
nm10866897,0.919545,9,9,23
nm0492924,1.0,9,9,579
nm3889539,1.0,9,9,579
nm16261379,1.0,9,9,579
nm3602977,1.0,9,9,579
nm4247602,1.0,9,9,579
nm7494237,0.956853,9,9,264
nm3581007,1.0,9,9,581
nm10288309,1.0,9,9,581
nm10473992,0.878977,9,9,348
nm3793902,0.878977,9,9,348
nm0497362,1.0,9,9,582
nm1713653,1.0,9,9,582
nm2944077,1.0,9,9,582
nm15593387,1.0,9,9,582
nm3609590,1.0,9,9,582
nm0387322,1.0,9,9,506
nm1649960,1.0,9,9,506
nm1893085,1.0,9,9,506
nm7950030,1.0,9,9,235
nm0067697,1.0,9,9,235
nm0750916,0.937683,9,9,6
nm2952467,0.937683,9,9,6
nm0767929,0.937683,9,9,6
nm0924502,0.937683,9,9,6
nm1183251,1.0,9,9,583
nm1877677,1.0,9,9,583
nm9327020,1.0,9,9,583
nm0501802,1.0,9,9,337
nm4161154,1.0,9,9,337
nm11659389,1.0,9,9,337
nm0507065,1.0,9,9,585
nm5795025,1.0,9,9,585
nm10409073,1.0,9,9,585
nm10409083,1.0,9,9,585
nm0508188,1.0,9,9,587
nm6946659,1.0,9,9,587
nm0513385,0.945882,9,9,59
nm1024264,0.945882,9,9,59
nm2849785,1.499701,17,18,1382
nm4907734,1.499701,17,18,1382
nm7094216,1.609525,18,18,23
nm9047363,1.083755,17,18,1380
nm6060417,0.622626,9,9,113
nm3131765,1.0,9,9,591
nm7450118,1.0,9,9,591
nm6873101,1.0,9,9,592
nm7160967,1.0,9,9,592
nm0876724,1.0,9,9,593
nm0904901,1.0,9,9,593
nm9590640,0.921881,9,9,314
nm1027309,2.266742,26,27,882
nm0001744,0.830065,9,9,3
nm0346595,1.620585,18,18,3
nm5439813,2.176502,26,27,882
nm4423756,1.0,9,9,595
nm3843073,1.0,9,9,595
nm0529310,0.909521,9,9,11
nm0809308,0.909521,9,9,11
nm0858808,0.909521,9,9,11
nm0530286,0.88256,9,9,33
nm0286579,0.88256,9,9,33
nm1001314,0.88256,9,9,33
nm0530782,1.0,9,9,363
nm0200806,1.0,9,9,363
nm5850563,1.0,9,9,356
nm1200739,1.0,9,9,356
nm0532610,0.66236,9,9,110
nm4877066,0.66236,9,9,110
nm2314136,0.882718,9,9,39
nm1978694,0.882718,9,9,39
nm6924097,0.882718,9,9,39
nm0346619,0.93554,9,9,13
nm1908800,0.93554,9,9,13
nm5089122,1.663058,18,18,11
nm6845744,1.0,9,9,598
nm13652346,1.0,9,9,598
nm1252616,0.790596,9,9,111
nm8775863,1.425575,18,18,111
nm0508561,1.0,9,9,588
nm2745688,1.0,9,9,588
nm3945747,1.0,9,9,599
nm1085816,1.0,9,9,599
nm7927064,1.0,9,9,599
nm8373689,1.0,9,9,599
nm9797923,1.0,9,9,599
nm4448535,0.949921,9,9,42
nm0000620,0.949921,9,9,42
nm2254074,0.949921,9,9,42
nm15630549,0.822472,9,9,11
nm5423482,1.566331,18,18,11
nm4818642,0.937357,9,9,30
nm2623983,0.937357,9,9,30
nm9057632,0.937357,9,9,30
nm0546417,0.956853,9,9,601
nm10347719,0.956853,9,9,601
nm2826608,1.77665,18,18,601
nm8725042,0.956853,9,9,601
nm9736967,0.956853,9,9,601
nm10424272,1.0,9,9,602
nm0023205,0.901742,9,9,119
nm13396716,0.901742,9,9,119
nm2013380,0.901742,9,9,119
nm0556623,1.0,9,9,604
nm3190124,1.0,9,9,604
nm5399017,1.0,9,9,604
nm2775828,1.0,9,9,605
nm0619834,1.0,9,9,605
nm1474022,1.0,9,9,605
nm10833135,0.894891,9,9,55
nm1460660,0.887623,9,9,55
nm5489754,1.0,9,9,607
nm10535373,0.749226,9,9,608
nm10513734,0.749226,9,9,608
nm10535372,0.749226,9,9,608
nm0559647,0.894033,9,9,110
nm1204924,0.894033,9,9,110
nm0632761,2.488989,27,27,110
nm2596793,1.580555,18,18,110
nm6107525,0.927569,9,9,174
nm7104317,0.927569,9,9,174
nm2283410,1.0,9,9,610
nm1918947,1.0,9,9,610
nm0567589,0.930762,9,9,6
nm8076281,0.930762,9,9,6
nm0732970,0.930762,9,9,6
nm3647676,0.930762,9,9,6
nm0575922,0.938127,9,9,33
nm3219657,0.938127,9,9,33
nm0525715,1.575973,18,18,33
nm5389665,0.875887,9,9,33
nm0473162,0.875887,9,9,33
nm1244880,1.609113,18,18,21
nm1898925,0.938127,9,9,33
nm2028753,0.875887,9,9,33
nm5681306,0.938127,9,9,33
nm5553616,1.0,9,9,614
nm3935097,1.0,9,9,614
nm5426873,1.0,9,9,614
nm6403241,1.0,9,9,614
nm1007039,0.611895,9,9,110
nm5087726,0.743268,9,9,110
nm10394000,0.588601,9,9,646
nm8401263,1.11423,17,18,739
nm10019801,1.0,9,9,618
nm1357627,1.0,9,9,618
nm1928389,1.0,9,9,618
nm7794816,1.0,9,9,618
nm1090704,0.829566,9,9,110
nm0645381,0.829566,9,9,110
nm1782903,0.829566,9,9,110
nm2913254,1.0,9,9,621
nm2432224,1.0,9,9,621
nm5632624,1.0,9,9,621
nm0812210,0.751934,9,9,110
nm0633984,0.720888,9,9,110
nm0595105,0.894379,9,9,110
nm13094979,0.894379,9,9,110
nm5492721,0.894379,9,9,110
nm13094978,0.894379,9,9,110
nm11589789,0.793688,9,9,11
nm4028885,0.76656,9,9,11
nm5422245,0.793688,9,9,11
nm8166767,1.992276,27,27,11
nm0599138,1.0,9,9,562
nm0813934,1.0,9,9,562
nm0599493,1.0,9,9,623
nm0845079,1.0,9,9,623
nm9334992,0.927569,9,9,624
nm8702519,0.927569,9,9,624
nm4497664,0.949921,9,9,624
nm0724604,0.949921,9,9,624
nm0601335,1.0,9,9,544
nm1727367,1.0,9,9,544
nm0604507,1.0,9,9,626
nm4574737,1.0,9,9,626
nm4630173,1.0,9,9,626
nm1352343,0.937408,9,9,110
nm0867401,0.937408,9,9,110
nm10435353,0.937408,9,9,110
nm7922534,0.830295,9,9,111
nm0608513,0.889892,9,9,11
nm2270882,0.889892,9,9,11
nm3736929,0.889892,9,9,11
nm16344328,0.804568,9,9,111
nm1799338,0.804568,9,9,111
nm0609396,1.236548,18,18,110
nm0034836,0.698552,9,9,110
nm0609706,0.787494,9,9,3
nm10711464,0.787494,9,9,3
nm3132784,1.382281,18,18,3
nm1366317,1.400854,18,18,3
nm0557983,0.956853,9,9,464
nm4468552,0.956853,9,9,464
nm0866895,1.670243,18,18,118
nm4098239,0.939889,9,9,110
nm0213339,1.0,9,9,377
nm10461998,1.0,9,9,630
nm3204954,1.0,9,9,630
nm4482064,1.0,9,9,630
nm3057392,1.0,9,9,630
nm10230116,0.829128,9,9,13
nm5303286,0.812932,9,9,13
nm5676658,0.812932,9,9,13
nm5704615,1.529065,17,18,1371
nm8206788,0.829128,9,9,13
nm10306452,0.858173,9,9,11
nm13321144,0.858173,9,9,11
nm0620847,1.0,9,9,636
nm11671412,1.0,9,9,636
nm0918109,1.0,9,9,636
nm10743273,1.0,9,9,636
nm5457688,1.0,9,9,636
nm0620919,0.879041,9,9,345
nm0758915,0.879041,9,9,345
nm9413032,0.879041,9,9,345
nm2068892,0.949921,9,9,50
nm0001592,0.949921,9,9,50
nm8612305,2.016487,26,27,1406
nm10290435,1.0,9,9,125
nm0014122,1.0,9,9,125
nm10290436,1.0,9,9,125
nm0621987,0.886616,9,9,111
nm11755619,0.886616,9,9,111
nm0452091,0.886616,9,9,111
nm2079292,1.608278,18,18,111
nm3155702,0.886616,9,9,111
nm10464513,0.886616,9,9,111
nm1274645,1.0,9,9,383
nm10364995,1.0,9,9,637
nm10364996,1.0,9,9,637
nm1229699,1.0,9,9,637
nm9661344,1.0,9,9,637
nm6923452,0.898655,9,9,103
nm0992109,0.876099,9,9,111
nm4159861,0.876099,9,9,111
nm0623414,0.773809,9,9,111
nm1028434,2.224491,27,27,111
nm10491924,0.773809,9,9,111
nm7884017,0.761855,9,9,111
nm10498623,0.785408,9,9,111
nm1171492,0.773809,9,9,111
nm1302654,0.773809,9,9,111
nm5028453,0.797112,9,9,111
nm2598657,1.0,9,9,638
nm3200988,1.0,9,9,638
nm0626938,1.0,9,9,285
nm10475049,1.0,9,9,285
nm10475051,1.0,9,9,285
nm8527073,1.0,9,9,639
nm10806329,1.0,9,9,191
nm0461746,1.0,9,9,191
nm10404190,1.0,9,9,191
nm2113617,1.0,9,9,640
nm10330475,1.0,9,9,640
nm0393093,0.934534,9,9,110
nm10425812,0.934534,9,9,110
nm4933812,0.934534,9,9,110
nm10418885,0.934534,9,9,110
nm1553119,0.934534,9,9,110
nm3083581,0.934534,9,9,110
nm4565874,0.956853,9,9,642
nm9836528,0.956853,9,9,642
nm10065777,0.956853,9,9,642
nm3721069,0.956853,9,9,642
nm3980553,0.956853,9,9,642
nm6089206,0.956853,9,9,642
nm4184892,0.956853,9,9,645
nm3847554,1.77665,18,18,645
nm9914246,0.956853,9,9,645
nm0659078,1.0,9,9,360
nm1462135,1.0,9,9,360
nm0592623,1.0,9,9,360
nm0771414,0.903424,9,9,2
nm7664209,0.903424,9,9,2
nm1328568,0.850764,9,9,110
nm2665929,2.260584,27,27,110
nm1960447,1.585741,18,18,110
nm3877635,0.840987,9,9,110
nm6425561,1.614413,18,18,110
nm4391133,0.944405,9,9,110
nm14871370,1.0,9,9,649
nm0653913,1.0,9,9,263
nm8257504,1.0,9,9,263
nm12204126,0.911236,9,9,118
nm12204128,0.911236,9,9,118
nm8352556,0.956853,9,9,571
nm6700498,0.956853,9,9,571
nm11369331,0.956853,9,9,571
nm0658810,0.850891,9,9,13
nm1133214,0.850891,9,9,13
nm6117670,0.850891,9,9,13
nm2162672,0.949921,9,9,519
nm0663546,0.956853,9,9,653
nm8264172,1.77665,18,18,653
nm0031741,1.0,9,9,175
nm4143310,1.0,9,9,175
nm3927203,0.85594,9,9,56
nm4260644,1.614244,18,18,56
nm3782081,0.85594,9,9,56
nm3859411,0.940124,9,9,11
nm1564082,0.940124,9,9,11
nm5959910,0.940124,9,9,11
nm0823040,1.0,9,9,654
nm3180447,1.0,9,9,654
nm10349346,1.0,9,9,654
nm0690743,1.0,9,9,654
nm5424487,1.0,9,9,509
nm0389058,1.0,9,9,509
nm1366328,0.858718,9,9,111
nm5452098,0.858718,9,9,111
nm3311657,0.858718,9,9,111
nm0679366,1.0,9,9,552
nm16229997,1.0,9,9,552
nm1759443,1.0,9,9,552
nm15442597,1.0,9,9,552
nm0440368,1.0,9,9,552
nm4793477,1.0,9,9,552
nm0741219,1.0,9,9,657
nm2235173,1.0,9,9,657
nm3359122,1.0,9,9,657
nm8214441,1.0,9,9,658
nm1682799,1.0,9,9,658
nm8916365,1.0,9,9,658
nm0689040,1.0,9,9,660
nm10556415,1.0,9,9,660
nm9399969,1.0,9,9,660
nm10503931,1.0,9,9,660
nm7665998,1.0,9,9,660
nm10492300,0.861555,9,9,11
nm9993693,0.861555,9,9,11
nm1152338,0.834255,9,9,11
nm9647744,0.834255,9,9,11
nm1877660,1.0,9,9,662
nm2999014,1.0,9,9,662
nm2905560,1.0,9,9,662
nm5645633,0.890186,9,9,11
nm0809793,1.639862,18,18,11
nm10105565,1.0,9,9,666
nm3989931,1.0,9,9,666
nm0055682,0.914335,9,9,59
nm2090153,0.914335,9,9,59
nm3252185,0.827411,9,9,667
nm3252391,1.517766,15,18,667
nm3251397,0.827411,9,9,667
nm3594598,0.827411,9,9,667
nm8379538,0.827411,9,9,667
nm3239632,0.827411,9,9,667
nm8855638,1.0,9,9,668
nm0706647,1.0,9,9,105
nm10934694,1.0,9,9,105
nm0082979,1.0,9,9,105
nm0706953,0.840763,9,9,11
nm5465033,1.72447,27,27,113
nm9559493,0.67264,9,9,113
nm9757995,0.67383,9,9,113
nm9435424,0.817143,9,9,11
nm2590318,1.543539,18,18,11
nm4980806,0.817143,9,9,11
nm11114849,0.817143,9,9,11
nm1748770,0.871281,9,9,669
nm6120787,0.871281,9,9,669
nm10602999,0.767338,9,9,669
nm10603010,0.767338,9,9,669
nm1928542,1.0,9,9,671
nm5577677,1.0,9,9,671
nm6787832,1.0,9,9,673
nm0916511,1.0,9,9,673
nm1663938,1.0,9,9,673
nm4343545,1.0,9,9,673
nm12434680,1.0,9,9,674
nm4629694,1.0,9,9,674
nm1737760,1.0,9,9,674
nm0080968,0.94255,9,9,118
nm0145102,0.94255,9,9,118
nm9942955,0.913706,9,9,678
nm1493163,1.0,9,9,679
nm0920185,1.0,9,9,679
nm12575299,1.0,9,9,680
nm5763862,1.0,9,9,680
nm0734689,0.885627,9,9,11
nm0112001,0.885627,9,9,11
nm9806129,0.885627,9,9,11
nm11166409,0.894972,9,9,11
nm2547466,0.841775,9,9,11
nm7188724,0.841775,9,9,11
nm5445942,1.555983,18,18,114
nm1417182,2.949671,34,36,1336
nm10097892,0.937357,9,9,30
nm1457030,0.937357,9,9,30
nm10288342,1.721796,18,18,30
nm1186230,0.912289,9,9,30
nm9424800,0.912289,9,9,30
nm10665747,1.0,9,9,629
nm1366855,1.0,9,9,629
nm8519895,1.0,9,9,629
nm3748253,0.931022,9,9,7
nm7793254,0.931022,9,9,7
nm2843037,0.931022,9,9,7
nm0741461,1.0,9,9,681
nm5017316,1.0,9,9,681
nm5725935,1.0,9,9,431
nm4705424,1.0,9,9,431
nm11130414,1.0,9,9,683
nm2157503,1.0,9,9,683
nm11873026,1.0,9,9,683
nm11744782,1.0,9,9,683
nm11873027,1.0,9,9,683
nm10534853,0.913706,9,9,684
nm1699218,1.0,9,9,685
nm9434833,1.0,9,9,686
nm10843233,1.0,9,9,686
nm8400771,1.0,9,9,686
nm5437493,0.947369,9,9,180
nm2290624,0.949921,9,9,478
nm9454245,1.0,9,9,586
nm0855092,1.0,9,9,586
nm1045593,1.0,9,9,586
nm2948024,0.940536,9,9,126
nm9251636,0.940536,9,9,126
nm4750198,0.884873,9,9,56
nm0764598,1.0,9,9,688
nm10273094,1.0,9,9,688
nm5508891,1.0,9,9,688
nm0766212,0.936071,9,9,110
nm4233819,1.667024,18,18,110
nm0875356,0.936071,9,9,110
nm10484884,0.936071,9,9,110
nm4744892,0.936071,9,9,110
nm0767954,1.0,9,9,609
nm0783740,1.0,9,9,609
nm0560619,1.0,9,9,609
nm1480694,1.0,9,9,609
nm0767986,0.887111,9,9,23
nm11739580,0.887111,9,9,23
nm10566946,0.887111,9,9,23
nm3904809,0.887111,9,9,23
nm10318513,1.0,9,9,691
nm1320935,1.0,9,9,691
nm10318507,1.0,9,9,691
nm1831169,0.899108,9,9,114
nm3314099,1.705603,18,18,114
nm7609206,0.899108,9,9,114
nm10350515,0.899108,9,9,114
nm7971356,1.0,9,9,682
nm6101559,1.0,9,9,682
nm7444712,1.0,9,9,682
nm0604349,1.0,9,9,625
nm4306987,1.0,9,9,625
nm5586767,1.0,9,9,578
nm4245678,1.0,9,9,578
nm0819440,0.931938,9,9,11
nm8668837,0.931938,9,9,11
nm6884988,0.956853,9,9,574
nm10137386,0.956853,9,9,574
nm8722290,0.956853,9,9,574
nm0784279,0.675051,9,9,110
nm1717599,1.212758,18,18,110
nm1728717,0.675051,9,9,110
nm6160575,0.876464,9,9,310
nm10527015,0.876464,9,9,310
nm10787930,0.851567,9,9,310
nm3684316,0.851567,9,9,310
nm7428212,0.851567,9,9,310
nm0788788,0.938969,9,9,137
nm2298127,0.938969,9,9,137
nm6406050,0.938969,9,9,137
nm9556742,0.806879,9,9,11
nm0955815,0.916845,9,9,23
nm1319395,0.916845,9,9,23
nm10397982,1.0,9,9,613
nm1320210,1.0,9,9,613
nm0578208,1.0,9,9,613
nm0791871,1.0,9,9,694
nm0940893,1.0,9,9,694
nm8196922,1.0,9,9,694
nm10448674,1.0,9,9,694
nm5678135,0.935447,9,9,6
nm0076780,0.935447,9,9,6
nm0593961,0.935447,9,9,6
nm9709610,1.0,9,9,696
nm1836657,2.640969,32,36,1288
nm2430007,0.754724,9,9,86
nm7532126,0.754724,9,9,86
nm2433065,0.798869,9,9,1288
nm9294429,1.77665,18,18,676
nm1031333,1.0,9,9,697
nm7477489,1.0,9,9,697
nm0883405,1.0,9,9,697
nm1981344,1.0,9,9,697
nm10485307,1.0,9,9,697
nm1234939,1.0,9,9,697
nm3768337,0.956853,9,9,698
nm7399799,0.956853,9,9,698
nm0142410,0.956853,9,9,303
nm11084156,0.811944,9,9,111
nm9610123,0.595539,9,9,113
nm0815751,1.0,9,9,700
nm9104338,1.0,9,9,700
nm10484785,1.0,9,9,700
nm1902165,0.956853,9,9,274
nm2608927,0.956853,9,9,274
nm6025378,0.930135,9,9,55
nm0162481,0.94774,9,9,65
nm2322467,0.941236,9,9,11
nm10363208,0.941236,9,9,11
nm16365398,0.941236,9,9,11
nm16365399,0.941236,9,9,11
nm2989239,0.941236,9,9,11
nm1252904,1.77665,18,18,702
nm0917672,0.956853,9,9,702
nm0905908,1.0,9,9,703
nm2112748,1.0,9,9,704
nm2277949,0.674763,9,9,110
nm0756998,0.674763,9,9,110
nm2332350,0.86501,9,9,503
nm5649428,1.62269,17,18,1405
nm7370901,0.86501,9,9,503
nm9277131,0.86501,9,9,503
nm9236703,1.0,9,9,433
nm6492969,1.0,9,9,433
nm1268200,1.630157,18,18,55
nm2207415,0.885474,9,9,55
nm2686604,0.885474,9,9,55
nm8461408,1.721847,18,18,454
nm12435107,0.912312,9,9,454
nm10136043,0.912312,9,9,454
nm1833530,1.0,9,9,590
nm5781348,1.0,9,9,590
nm8597673,1.0,9,9,590
nm0673631,1.0,9,9,590
nm1102019,1.0,9,9,590
nm1433658,1.0,9,9,710
nm10328539,1.0,9,9,710
nm10294377,0.956853,9,9,387
nm0878252,1.0,9,9,712
nm0880482,1.0,9,9,233
nm3339194,1.0,9,9,233
nm2579454,0.947343,9,9,127
nm7415721,1.725873,18,18,110
nm7064349,0.765261,9,9,713
nm9788369,1.0,9,9,397
nm10191071,1.0,9,9,397
nm10641169,1.0,9,9,397
nm8652775,1.0,9,9,714
nm0887356,1.0,9,9,437
nm4703125,1.0,9,9,437
nm0832338,1.0,9,9,437
nm1933992,1.0,9,9,437
nm2086851,0.919522,9,9,56
nm1345062,0.919522,9,9,56
nm1574827,1.0,9,9,715
nm1896035,1.0,9,9,715
nm3778527,1.0,9,9,715
nm0952624,1.0,9,9,715
nm6550916,1.0,9,9,715
nm0352764,1.0,9,9,394
nm6964940,1.0,9,9,394
nm1743016,0.670698,9,9,110
nm0753479,0.670698,9,9,110
nm0756870,0.670698,9,9,110
nm1476546,0.949921,9,9,50
nm1980099,0.949921,9,9,50
nm10467144,1.0,9,9,692
nm0780539,1.0,9,9,692
nm7104940,1.0,9,9,692
nm0911333,0.917756,9,9,1
nm10488768,0.917756,9,9,1
nm4061325,1.0,9,9,720
nm8424738,1.0,9,9,720
nm10948031,1.0,9,9,720
nm1513736,1.0,9,9,720
nm2066764,1.0,9,9,720
nm7147009,1.0,9,9,720
nm9461280,1.118098,18,18,113
nm9574731,0.617591,9,9,113
nm4763845,1.096233,16,18,1400
nm2814500,0.596611,9,9,113
nm9477855,0.636678,9,9,113
nm10816379,0.919757,9,9,503
nm0379782,0.919757,9,9,503
nm7622521,0.919757,9,9,503
nm8517084,1.0,9,9,594
nm0537648,1.0,9,9,594
nm2122336,1.0,9,9,594
nm4087606,1.0,9,9,722
nm2605345,1.0,9,9,722
nm0943079,1.0,9,9,723
nm5149382,1.0,9,9,723
nm12110161,1.0,9,9,723
nm5241523,1.0,9,9,723
nm10234074,1.0,9,9,723
nm1233224,0.893972,9,9,23
nm1860440,0.893972,9,9,23
nm10526628,0.956853,9,9,702
nm2053808,0.956853,9,9,702
nm1275337,0.956853,9,9,702
nm10762413,0.86331,9,9,503
nm1037433,0.86331,9,9,503
nm0944464,0.895877,9,9,23
nm17754849,0.895877,9,9,23
nm2079526,0.895877,9,9,23
nm2812610,1.629453,18,18,23
nm0944939,0.943149,9,9,110
nm16430605,0.943149,9,9,110
nm7833427,0.913706,9,9,725
nm6728149,0.920895,9,9,110
nm0620017,0.920895,9,9,110
nm0945566,0.820023,9,9,110
nm0651506,1.456215,18,18,110
nm10492165,0.820023,9,9,110
nm5089562,0.663646,9,9,548
nm0950935,0.94137,9,9,4
nm3857692,0.94137,9,9,4
nm2932868,0.863227,9,9,110
nm3782945,0.863227,9,9,110
nm0953344,1.0,9,9,727
nm5022883,1.0,9,9,727
nm0954036,0.956853,9,9,256
nm2628935,0.956853,9,9,256
nm10235918,0.956853,9,9,256
nm10347646,1.0,9,9,728
nm6827263,1.0,9,9,728
nm9944288,1.0,9,9,728
nm7615080,1.0,9,9,728
nm10354153,0.936588,9,9,23
nm3801831,0.936588,9,9,23
nm4329180,0.936588,9,9,23
nm0642718,0.918878,9,9,6
nm1862760,0.757667,9,9,110
nm3491019,1.757677,27,27,110
nm1698738,0.913706,9,9,729
nm5767201,1.0,9,9,731
nm6061529,1.0,9,9,731
nm13800736,1.0,9,9,731
nm10005847,1.0,9,9,732
nm3569284,1.0,9,9,732
nm4129480,1.0,9,9,732
nm10477840,1.0,9,9,733
nm10477838,1.0,9,9,733
nm2299879,1.0,9,9,733
nm10363134,1.989011,25,27,1003
nm10364552,1.356439,17,18,1003
nm10364867,0.754526,9,9,635
nm0620173,0.754526,9,9,635
nm2423976,0.77806,9,9,1003
nm3055124,1.360118,17,18,1003
nm9343446,0.77806,9,9,1003
nm9535902,0.761111,9,9,740
nm10364934,0.738969,9,9,740
nm7030324,2.001123,24,27,1003
nm10493082,0.662684,9,9,110
nm10493081,0.662684,9,9,110
nm10423998,0.956853,9,9,557
nm10423979,0.956853,9,9,557
nm10423990,0.956853,9,9,557
nm7482432,1.0,9,9,741
nm7657383,1.0,9,9,742
nm10373556,1.0,9,9,742
nm10367199,1.0,9,9,346
nm0998945,1.0,9,9,378
nm0213603,1.0,9,9,378
nm10349797,0.684235,9,9,110
nm8387024,0.684235,9,9,110
nm6623474,1.609367,18,18,110
nm4364278,0.868084,9,9,179
nm5620807,1.520032,18,18,110
nm7308187,0.868084,9,9,179
nm1426040,0.607277,9,9,646
nm1796032,0.607277,9,9,646
nm10005525,1.0,9,9,746
nm10625946,1.0,9,9,746
nm10005522,1.0,9,9,746
nm10007407,1.0,9,9,747
nm6241667,1.0,9,9,747
nm10093730,1.0,9,9,747
nm10009653,1.0,9,9,748
nm9656539,1.0,9,9,748
nm1209208,0.832949,9,9,114
nm9321611,1.537605,16,18,1336
nm10017940,1.0,9,9,752
nm6274564,1.0,9,9,752
nm9003913,1.0,9,9,752
nm6170557,1.0,9,9,752
nm7222271,0.956853,9,9,753
nm8890163,1.77665,18,18,753
nm13859587,0.956853,9,9,753
nm12902760,1.0,9,9,759
nm1570191,1.0,9,9,759
nm10028068,0.887916,9,9,43
nm10950371,0.887916,9,9,43
nm1002829,1.0,9,9,761
nm2059418,1.0,9,9,761
nm1235505,1.600046,18,18,114
nm4775022,0.893801,9,9,114
nm8662914,0.893801,9,9,114
nm8045830,1.0,9,9,762
nm1900499,1.0,9,9,762
nm13795299,0.932337,9,9,110
nm10039073,0.888423,9,9,707
nm1758556,1.655181,17,18,1111
nm2700551,0.888423,9,9,707
nm0850850,0.888423,9,9,707
nm10451090,0.888423,9,9,707
nm18642863,0.956853,9,9,736
nm0992636,0.956853,9,9,736
nm9626005,1.0,9,9,770
nm2999289,0.841712,9,9,771
nm3369416,0.841712,9,9,771
nm9410822,0.679175,9,9,113
nm15022703,1.0,9,9,773
nm8710368,1.0,9,9,773
nm10273749,1.0,9,9,774
nm8185152,1.0,9,9,774
nm8467477,1.0,9,9,774
nm5077458,1.0,9,9,777
nm9844474,1.0,9,9,777
nm10053729,1.0,9,9,779
nm10342544,1.0,9,9,779
nm10304223,0.946779,9,9,23
nm1300736,0.946779,9,9,23
nm8929624,0.946779,9,9,23
nm10384675,1.0,9,9,780
nm10215661,1.0,9,9,780
nm10384673,1.0,9,9,780
nm10063516,1.0,9,9,782
nm10066246,1.0,9,9,783
nm6674416,1.0,9,9,783
nm10525575,0.956853,9,9,481
nm8298453,0.956853,9,9,481
nm8414004,1.0,9,9,716
nm9538987,1.0,9,9,716
nm10192522,0.884428,9,9,785
nm10389236,0.815626,9,9,110
nm10389238,0.815626,9,9,110
nm6677201,1.0,9,9,788
nm9639586,1.0,9,9,788
nm9880928,1.0,9,9,788
nm10457033,0.928891,9,9,21
nm4482485,1.0,9,9,790
nm7051150,1.0,9,9,790
nm6605801,1.0,9,9,792
nm10666024,1.0,9,9,792
nm9810330,1.0,9,9,795
nm8520694,0.956853,9,9,796
nm1935978,0.913706,9,9,798
nm10191760,1.690355,17,18,832
nm6196159,0.913706,9,9,798
nm2879092,1.690355,17,18,832
nm10087257,0.86243,9,9,86
nm5712019,1.451185,18,18,86
nm7911117,0.956853,9,9,760
nm8544626,0.956853,9,9,760
nm8599195,0.956853,9,9,760
nm12413302,0.932961,9,9,365
nm3834744,0.913706,9,9,800
nm6216421,0.913706,9,9,800
nm2945270,0.929865,9,9,11
nm1302331,0.929865,9,9,11
nm10424354,0.956853,9,9,802
nm10428846,0.956853,9,9,802
nm10424350,0.956853,9,9,802
nm10428845,0.956853,9,9,802
nm12800932,0.956853,9,9,802
nm3823243,0.956853,9,9,698
nm7335276,0.956853,9,9,698
nm7968804,0.956853,9,9,698
nm9197875,0.956853,9,9,698
nm7928613,0.956853,9,9,698
nm7045326,1.0,9,9,805
nm1517134,0.943792,9,9,559
nm1049968,0.943792,9,9,559
nm12448083,0.901742,9,9,559
nm13874707,0.943792,9,9,559
nm1353689,0.943792,9,9,559
nm3727008,0.901742,9,9,559
nm10123313,0.9335,9,9,348
nm5276242,1.65338,18,18,348
nm9470125,0.9335,9,9,348
nm9993103,0.9335,9,9,348
nm2715539,0.894623,9,9,114
nm11501171,1.0,9,9,480
nm9568975,1.0,9,9,480
nm0352646,1.0,9,9,480
nm10511458,1.0,9,9,806
nm7760093,1.0,9,9,806
nm10140655,0.902991,9,9,21
nm9927302,0.902991,9,9,21
nm10389998,1.0,9,9,809
nm3845280,1.40812,18,18,86
nm3792384,1.902646,25,27,1389
nm4317498,0.725811,9,9,86
nm6299724,0.938757,9,9,3
nm8224164,0.938757,9,9,3
nm5392910,0.938757,9,9,3
nm8158779,0.938757,9,9,3
nm5743642,1.0,9,9,811
nm1014528,1.0,9,9,812
nm1492093,1.0,9,9,812
nm5161825,1.304955,16,18,1389
nm7447035,0.712192,9,9,1275
nm5974195,0.843131,9,9,11
nm10459559,0.843131,9,9,11
nm8440701,0.843131,9,9,11
nm10157807,1.0,9,9,818
nm10271721,1.0,9,9,818
nm10271722,1.0,9,9,818
nm3024100,1.0,9,9,818
nm1666970,1.0,9,9,819
nm8652229,1.0,9,9,819
nm8793577,1.0,9,9,819
nm9488163,1.0,9,9,819
nm5293209,1.0,9,9,822
nm10166044,0.849564,9,9,111
nm13552091,1.546179,18,18,111
nm10681866,0.849564,9,9,111
nm7363055,0.849564,9,9,111
nm6498932,1.0,9,9,823
nm10169842,1.0,9,9,824
nm2906029,1.0,9,9,824
nm9699567,1.0,9,9,824
nm6981797,1.0,9,9,825
nm9895876,1.0,9,9,825
nm7997361,1.0,9,9,825
nm7834015,1.0,9,9,384
nm10418097,1.0,9,9,827
nm6331132,1.0,9,9,827
nm1254580,0.884584,9,9,23
nm4568962,1.0,9,9,829
nm0468773,1.0,9,9,567
nm9611546,0.910967,9,9,114
nm2669386,0.910967,9,9,114
nm9397877,0.910967,9,9,114
nm7609214,1.720337,18,18,114
nm10344011,0.916602,9,9,114
nm10344014,0.916602,9,9,114
nm10344012,0.916602,9,9,114
nm12189969,0.894629,9,9,114
nm2473246,1.0,9,9,831
nm7427686,1.0,9,9,793
nm9190581,1.0,9,9,793
nm10195375,1.0,9,9,793
nm10342302,1.0,9,9,793
nm9866578,0.940058,9,9,785
nm2064962,0.940058,9,9,785
nm10531654,0.943551,9,9,114
nm10058902,0.943551,9,9,114
nm7070114,0.943551,9,9,114
nm2135713,1.0,9,9,834
nm10466396,1.0,9,9,834
nm2068871,1.0,9,9,834
nm10587249,1.0,9,9,539
nm10940023,1.0,9,9,539
nm9203439,1.0,9,9,745
nm2857889,1.0,9,9,836
nm2465620,1.0,9,9,836
nm10198591,1.0,9,9,830
nm5512743,1.0,9,9,830
nm10186390,1.0,9,9,830
nm10284013,1.35984,17,18,902
nm10284105,0.71738,9,9,838
nm5421394,1.883385,22,27,838
nm7574602,0.71738,9,9,838
nm10278434,0.737242,9,9,838
nm10284012,1.35984,17,18,902
nm10278478,1.394613,18,18,838
nm10287248,1.317567,16,18,838
nm5922816,0.737242,9,9,838
nm10204542,0.752822,9,9,838
nm10285007,1.34306,15,18,838
nm10285009,0.752822,9,9,838
nm8777468,1.628261,18,18,114
nm9659205,0.928552,9,9,114
nm10366905,0.928552,9,9,114
nm8674786,0.928552,9,9,114
nm10210824,1.0,9,9,840
nm9758616,1.0,9,9,840
nm2596821,0.956853,9,9,689
nm11221569,0.956853,9,9,689
nm4725556,0.956853,9,9,689
nm6794756,0.956853,9,9,689
nm8379439,0.956853,9,9,689
nm10210839,0.870558,9,9,841
nm3985205,1.0,9,9,845
nm10592820,1.0,9,9,847
nm10592823,1.0,9,9,847
nm5644630,1.0,9,9,847
nm10296362,1.0,9,9,848
nm8661684,1.0,9,9,848
nm10451259,1.0,9,9,842
nm5668720,1.0,9,9,850
nm10453054,1.0,9,9,850
nm9104009,1.0,9,9,850
nm11249139,1.0,9,9,853
nm10235828,1.0,9,9,854
nm10345040,1.0,9,9,854
nm8806402,1.0,9,9,854
nm10345041,1.0,9,9,854
nm7390330,1.0,9,9,854
nm1983064,1.0,9,9,854
nm6619662,1.0,9,9,854
nm7560620,1.0,9,9,855
nm3726094,1.0,9,9,855
nm5866590,1.0,9,9,855
nm10455288,1.0,9,9,855
nm10474377,0.852039,9,9,19
nm10474376,0.852039,9,9,19
nm10495007,1.0,9,9,858
nm10555859,1.0,9,9,859
nm4971605,1.0,9,9,859
nm5396228,1.0,9,9,859
nm9114605,0.870558,9,9,861
nm8843823,0.870558,9,9,861
nm10366114,0.870558,9,9,1008
nm10388279,0.870558,9,9,1008
nm2711203,1.0,9,9,862
nm10427384,1.0,9,9,862
nm10751497,1.0,9,9,862
nm3106534,1.0,9,9,862
nm1261649,1.524051,18,18,11
nm5697682,2.843975,36,36,11
nm6757384,0.920494,9,9,11
nm1024101,0.920494,9,9,11
nm10556270,1.0,9,9,863
nm11474125,1.0,9,9,863
nm5967723,1.0,9,9,863
nm10820590,1.0,9,9,863
nm11474124,1.0,9,9,863
nm6943991,1.0,9,9,603
nm11844126,1.0,9,9,603
nm10263874,1.0,9,9,866
nm1945410,1.0,9,9,866
nm10264208,1.0,9,9,867
nm6917808,1.0,9,9,867
nm5120913,1.0,9,9,868
nm10265580,1.0,9,9,868
nm10265577,1.0,9,9,868
nm10265966,1.0,9,9,870
nm10265972,1.0,9,9,870
nm10270272,1.0,9,9,870
nm9077920,1.0,9,9,872
nm7920660,1.629184,17,18,1411
nm9563038,1.629184,17,18,1411
nm10266989,0.896743,9,9,873
nm8502254,0.896743,9,9,873
nm10267158,1.0,9,9,874
nm10267292,1.0,9,9,875
nm10661586,1.0,9,9,875
nm10151205,1.0,9,9,816
nm9581477,1.0,9,9,816
nm4967175,1.0,9,9,876
nm4967368,1.0,9,9,876
nm6128366,1.0,9,9,876
nm4140819,1.0,9,9,877
nm5293380,1.0,9,9,877
nm6879442,0.956853,9,9,878
nm10420457,0.956853,9,9,878
nm7084525,0.956853,9,9,878
nm9958527,0.956853,9,9,878
nm10270566,1.0,9,9,879
nm9206815,1.0,9,9,880
nm10270626,1.0,9,9,880
nm8909876,1.0,9,9,880
nm16953421,0.850923,9,9,13
nm10271402,1.0,9,9,881
nm3597243,1.0,9,9,881
nm0147636,1.0,9,9,309
nm10273210,1.0,9,9,852
nm10272988,1.0,9,9,852
nm10235692,1.0,9,9,852
nm10798105,1.0,9,9,852
nm3021333,0.871532,9,9,19
nm2818543,0.871532,9,9,19
nm5327912,0.871532,9,9,19
nm10390354,0.855287,9,9,882
nm10392805,0.855287,9,9,882
nm2169502,0.827411,9,9,871
nm10273195,1.517766,15,18,883
nm1173583,1.517766,15,18,883
nm10266185,0.827411,9,9,871
nm5661500,1.517766,15,18,883
nm10273979,0.956853,9,9,675
nm4951025,0.956853,9,9,675
nm8228693,0.956853,9,9,675
nm10275013,1.0,9,9,885
nm10275431,1.0,9,9,886
nm8982000,1.0,9,9,886
nm8443805,1.0,9,9,887
nm2602858,1.0,9,9,887
nm5913510,1.0,9,9,888
nm11097122,1.0,9,9,888
nm1111149,1.0,9,9,888
nm6823316,0.956853,9,9,277
nm10274391,0.956853,9,9,277
nm1728167,1.566817,16,18,1351
nm3113502,0.851936,9,9,890
nm10278472,0.726229,9,9,838
nm10278481,1.383599,18,18,838
nm8073026,1.30306,15,18,838
nm0025459,0.870558,9,9,160
nm0746667,0.870558,9,9,160
nm10277013,0.956853,9,9,389
nm10277051,1.0,9,9,892
nm10277052,1.0,9,9,892
nm10277054,1.0,9,9,892
nm0968541,0.938133,9,9,596
nm10309317,0.938133,9,9,596
nm3406682,0.938133,9,9,596
nm9166190,1.0,9,9,865
nm10282597,1.0,9,9,895
nm10282599,1.0,9,9,895
nm10282602,1.0,9,9,895
nm5395237,1.0,9,9,896
nm10280464,0.794426,9,9,838
nm9760270,0.794426,9,9,838
nm10278984,1.0,9,9,897
nm10278986,1.0,9,9,897
nm10279637,0.956853,9,9,898
nm3338782,0.956853,9,9,898
nm4855833,1.77665,18,18,898
nm10279777,0.898532,9,9,3
nm6632634,0.898532,9,9,3
nm0667207,0.898532,9,9,3
nm8220034,0.898532,9,9,3
nm11084339,1.0,9,9,899
nm10279925,1.0,9,9,899
nm11084338,1.0,9,9,899
nm11084372,1.0,9,9,899
nm9275395,1.0,9,9,899
nm10396873,1.0,9,9,900
nm2865117,0.759653,9,9,838
nm10282871,1.0,9,9,901
nm10282873,1.0,9,9,901
nm8051846,1.0,9,9,901
nm2306583,0.85771,9,9,111
nm2260105,0.808281,9,9,111
nm1585829,0.949921,9,9,206
nm6787911,0.949921,9,9,206
nm4684947,0.949921,9,9,206
nm10285028,0.713888,9,9,838
nm10285029,0.713888,9,9,838
nm10285152,1.0,9,9,677
nm0729296,1.0,9,9,677
nm10286182,1.0,9,9,904
nm6308050,1.0,9,9,904
nm1434526,1.0,9,9,904
nm0059935,0.956853,9,9,225
nm2269906,0.956853,9,9,225
nm5022072,0.956853,9,9,225
nm9806264,0.956853,9,9,225
nm7149670,0.956853,9,9,225
nm0055362,0.956853,9,9,225
nm0029023,1.0,9,9,165
nm2647911,1.0,9,9,165
nm2146813,1.0,9,9,165
nm9629768,1.0,9,9,165
nm10288338,0.946562,9,9,30
nm10288341,0.946562,9,9,30
nm10288337,0.946562,9,9,30
nm10288340,0.946562,9,9,30
nm8737658,0.946562,9,9,30
nm10288530,1.0,9,9,906
nm12654674,1.0,9,9,906
nm12654673,1.0,9,9,906
nm10288730,1.0,9,9,789
nm10288729,1.0,9,9,789
nm2964838,0.956853,9,9,54
nm0508417,0.956853,9,9,54
nm12716907,0.956853,9,9,878
nm10528832,1.0,9,9,907
nm10528829,1.0,9,9,907
nm10528835,1.0,9,9,907
nm10289909,1.0,9,9,907
nm10290589,1.0,9,9,909
nm10290597,1.0,9,9,909
nm7742005,0.816421,9,9,524
nm10292048,1.0,9,9,911
nm10292071,1.0,9,9,911
nm10292382,0.941067,9,9,7
nm10292386,0.941067,9,9,7
nm10292440,1.0,9,9,913
nm4561517,1.0,9,9,915
nm7929510,1.0,9,9,915
nm10379168,0.866322,9,9,114
nm1799955,0.866322,9,9,114
nm3150965,0.866322,9,9,114
nm10293527,1.0,9,9,856
nm8243442,1.0,9,9,856
nm9209847,0.956853,9,9,274
nm10295079,0.956853,9,9,645
nm6166963,0.956853,9,9,645
nm2912119,0.956853,9,9,645
nm6018529,1.0,9,9,920
nm8001323,1.0,9,9,920
nm10830413,1.0,9,9,920
nm10830414,1.0,9,9,920
nm10830417,1.0,9,9,920
nm5100094,1.0,9,9,920
nm13812489,1.0,9,9,921
nm10296698,1.0,9,9,922
nm9406394,1.0,9,9,922
nm10661903,1.0,9,9,922
nm3303293,1.0,9,9,922
nm9858835,1.0,9,9,922
nm7488814,1.0,9,9,923
nm15135803,0.956853,9,9,254
nm14448584,0.956853,9,9,254
nm6390607,0.948678,9,9,323
nm3885547,1.733503,18,18,323
nm6474157,0.948678,9,9,323
nm10109491,1.0,9,9,499
nm10300659,1.0,9,9,499
nm10302535,1.0,9,9,499
nm10302537,1.0,9,9,499
nm5268152,1.0,9,9,499
nm10300829,0.905083,9,9,924
nm9103431,0.905083,9,9,924
nm10301008,1.0,9,9,925
nm8736591,1.0,9,9,925
nm4732808,0.927576,9,9,11
nm5017768,0.927576,9,9,11
nm2635565,0.927576,9,9,11
nm4933845,0.927569,9,9,478
nm6525359,1.740434,18,18,478
nm5208425,0.927569,9,9,478
nm5816494,0.927569,9,9,478
nm10301899,0.902805,9,9,926
nm1762618,0.886095,9,9,365
nm7721668,0.902805,9,9,926
nm10330849,0.886095,9,9,365
nm10330910,0.902805,9,9,926
nm3752091,0.902805,9,9,926
nm6812985,0.902805,9,9,926
nm9019496,0.902805,9,9,926
nm6021761,1.0,9,9,927
nm10302510,1.0,9,9,927
nm10303549,1.0,9,9,927
nm10303956,1.0,9,9,929
nm10303955,1.0,9,9,929
nm10304665,1.0,9,9,916
nm10750066,1.0,9,9,916
nm7894320,1.0,9,9,916
nm10293916,1.0,9,9,916
nm10304668,1.0,9,9,916
nm10305299,1.0,9,9,930
nm10305308,1.0,9,9,930
nm6702704,1.0,9,9,804
nm8884202,1.0,9,9,721
nm10305717,1.0,9,9,721
nm10305719,1.0,9,9,721
nm8736397,1.0,9,9,721
nm8752530,1.0,9,9,721
nm10305906,1.0,9,9,931
nm10305908,1.0,9,9,931
nm7037517,1.0,9,9,931
nm3473752,1.0,9,9,931
nm10369743,0.836993,9,9,932
nm1693209,0.836993,9,9,932
nm10307168,0.956853,9,9,617
nm10307161,0.956853,9,9,617
nm10307162,0.956853,9,9,617
nm10307167,0.956853,9,9,617
nm10308438,0.956853,9,9,617
nm10306559,1.0,9,9,933
nm10457998,1.0,9,9,933
nm10457992,1.0,9,9,933
nm10457994,1.0,9,9,933
nm10308108,0.637259,9,9,113
nm5551912,0.637259,9,9,113
nm10308180,1.0,9,9,935
nm10308175,1.0,9,9,935
nm3440452,1.0,9,9,936
nm3888269,1.0,9,9,936
nm1876322,1.0,9,9,939
nm10311790,0.956853,9,9,796
nm8722633,0.956853,9,9,796
nm7100817,1.116536,17,18,1380
nm10313349,0.900705,9,9,110
nm10313352,0.900705,9,9,110
nm2266683,0.900705,9,9,110
nm10313353,0.900705,9,9,110
nm9169503,0.900705,9,9,110
nm10313745,1.0,9,9,944
nm8509768,1.258883,12,18,1392
nm8630036,1.258883,12,18,1392
nm6394612,1.0,9,9,947
nm1787887,1.0,9,9,947
nm2951682,0.956853,9,9,653
nm5339815,0.956853,9,9,653
nm5579794,1.0,9,9,941
nm10311788,1.0,9,9,941
nm8225982,1.0,9,9,941
nm3518466,1.0,9,9,948
nm10316075,1.0,9,9,948
nm7467178,1.0,9,9,949
nm10294459,1.0,9,9,918
nm10327886,1.0,9,9,918
nm10317254,1.0,9,9,950
nm10349552,1.0,9,9,950
nm1784785,1.0,9,9,204
nm7470871,1.0,9,9,204
nm9372042,1.0,9,9,204
nm10318908,0.942653,9,9,114
nm5780443,0.942653,9,9,114
nm8038668,0.942653,9,9,114
nm9413209,0.942653,9,9,114
nm10187205,0.942653,9,9,114
nm5960947,1.0,9,9,719
nm7824910,1.0,9,9,719
nm8742839,1.0,9,9,719
nm6786312,0.883852,9,9,1216
nm5650535,0.883852,9,9,1216
nm3172728,0.883852,9,9,1216
nm9036839,0.877139,9,9,43
nm10858693,1.0,9,9,953
nm10321924,1.0,9,9,953
nm10322436,1.604061,16,18,955
nm7329204,1.604061,16,18,955
nm7208489,0.935367,9,9,503
nm4995683,1.0,9,9,956
nm8835374,1.0,9,9,956
nm8140511,1.0,9,9,957
nm7131558,1.0,9,9,957
nm10311802,1.0,9,9,917
nm8365589,1.0,9,9,917
nm10326802,1.0,9,9,958
nm10326803,1.0,9,9,958
nm10327036,1.0,9,9,959
nm10327037,1.0,9,9,959
nm10327828,1.0,9,9,960
nm10327831,1.0,9,9,960
nm4212481,1.0,9,9,960
nm10328668,1.0,9,9,961
nm10346916,1.0,9,9,961
nm7065118,1.0,9,9,961
nm9978339,1.0,9,9,961
nm10330966,0.607061,9,9,113
nm5917283,1.185852,18,18,113
nm8972571,0.607061,9,9,113
nm2932346,0.628226,9,9,113
nm10332267,1.0,9,9,965
nm10919512,1.0,9,9,965
nm10919509,1.0,9,9,965
nm10357886,1.0,9,9,965
nm10919573,1.0,9,9,965
nm10333359,0.87749,9,9,966
nm11566849,0.87749,9,9,966
nm7509308,1.617924,17,18,967
nm10333631,0.913706,9,9,969
nm10333630,1.690355,17,18,970
nm9680894,1.690355,17,18,970
nm10333911,1.0,9,9,971
nm8638195,1.0,9,9,971
nm10174065,1.0,9,9,826
nm10334613,1.0,9,9,826
nm10335234,0.935964,9,9,19
nm10363404,0.935964,9,9,19
nm10514493,0.935964,9,9,19
nm11878136,0.935964,9,9,19
nm9659147,1.0,9,9,972
nm7892854,1.0,9,9,972
nm10337006,1.0,9,9,973
nm10474557,0.79537,9,9,11
nm10337628,1.0,9,9,975
nm5676682,1.0,9,9,975
nm12191662,1.0,9,9,975
nm16427676,0.874119,9,9,454
nm0592398,1.635168,17,18,619
nm8841358,0.874119,9,9,454
nm10338576,0.937401,9,9,454
nm10338578,0.937401,9,9,454
nm10338582,0.937401,9,9,454
nm16995387,0.937401,9,9,454
nm10338574,0.937401,9,9,454
nm12081801,1.0,9,9,976
nm12081924,1.0,9,9,976
nm3667068,1.0,9,9,977
nm10339102,1.0,9,9,977
nm10339105,1.0,9,9,977
nm12096772,0.871246,9,9,13
nm3414806,0.871246,9,9,13
nm2995248,0.871246,9,9,13
nm1034066,1.0,9,9,978
nm2383250,1.0,9,9,978
nm5347988,1.0,9,9,978
nm12239803,0.956853,9,9,979
nm6319943,0.956853,9,9,979
nm12239801,0.956853,9,9,979
nm2816832,0.956853,9,9,979
nm7456138,0.956853,9,9,979
nm9609691,0.956853,9,9,979
nm10313053,1.0,9,9,943
nm4326729,1.0,9,9,943
nm4557634,1.0,9,9,943
nm10342514,0.956853,9,9,980
nm10344338,1.0,9,9,982
nm4318090,1.0,9,9,982
nm10344341,1.0,9,9,982
nm17664834,1.0,9,9,982
nm6938565,0.818159,9,9,23
nm6875568,0.818159,9,9,23
nm8435180,0.87664,9,9,13
nm9955285,0.87664,9,9,13
nm4393013,1.0,9,9,983
nm10345836,0.844992,9,9,114
nm8432165,1.589256,18,18,114
nm10345837,0.844992,9,9,114
nm1504885,0.844992,9,9,114
nm5567367,1.0,9,9,984
nm2278431,1.540118,18,18,985
nm10347973,1.473063,15,18,985
nm6952948,1.473063,15,18,985
nm10349594,1.0,9,9,986
nm6963925,1.0,9,9,986
nm10582653,1.0,9,9,987
nm10350176,1.0,9,9,987
nm10582656,1.0,9,9,987
nm9956418,1.690355,17,18,989
nm10350752,1.0,9,9,990
nm10351523,1.0,9,9,990
nm10353337,1.0,9,9,990
nm11051267,1.0,9,9,990
nm2979439,1.0,9,9,992
nm6117094,1.0,9,9,992
nm10352266,1.0,9,9,993
nm10401111,1.0,9,9,993
nm3390494,1.0,9,9,993
nm10360651,1.0,9,9,993
nm6425549,1.0,9,9,993
nm10577922,1.0,9,9,996
nm10577930,1.0,9,9,996
nm9129160,1.0,9,9,996
nm10577931,1.0,9,9,996
nm8734582,1.0,9,9,996
nm10355967,0.956853,9,9,597
nm10807120,0.956853,9,9,597
nm11008791,0.956853,9,9,597
nm8490640,0.956853,9,9,597
nm0538214,0.956853,9,9,597
nm3548468,0.956853,9,9,597
nm7176425,1.77665,18,18,597
nm10356447,0.889034,9,9,114
nm2504306,0.889034,9,9,114
nm10357867,0.856524,9,9,13
nm2192551,1.56845,18,18,11
nm10358001,1.0,9,9,999
nm10358005,1.0,9,9,999
nm10358007,1.0,9,9,999
nm10358728,1.0,9,9,1000
nm11329582,1.0,9,9,1000
nm1807654,1.0,9,9,1000
nm10666413,1.0,9,9,538
nm10312360,1.0,9,9,538
nm7432376,1.0,9,9,612
nm8314230,1.0,9,9,612
nm8798374,1.0,9,9,612
nm10362777,1.0,9,9,998
nm10362810,1.0,9,9,998
nm10362809,1.0,9,9,998
nm10448118,1.0,9,9,1002
nm10522098,1.0,9,9,1002
nm7820582,0.747486,9,9,740
nm1894124,0.747486,9,9,740
nm9540662,0.747486,9,9,740
nm10363420,0.880775,9,9,137
nm1760183,0.880775,9,9,137
nm1429888,1.0,9,9,1004
nm10364389,1.0,9,9,1005
nm10364390,1.0,9,9,1005
nm3658399,1.0,9,9,1005
nm9141908,1.0,9,9,1007
nm5966309,1.0,9,9,1007
nm9327563,1.0,9,9,1007
nm4891461,0.949921,9,9,273
nm12092733,0.949921,9,9,273
nm10469118,1.0,9,9,1009
nm9680919,0.956853,9,9,980
nm6490725,0.956853,9,9,980
nm10369310,1.0,9,9,1010
nm5747554,1.0,9,9,1010
nm10369422,1.0,9,9,1011
nm10369426,1.0,9,9,1011
nm9371379,1.0,9,9,1011
nm9624267,1.0,9,9,1012
nm11669775,1.0,9,9,1012
nm10369440,1.0,9,9,1012
nm10369441,1.0,9,9,1012
nm10369647,1.0,9,9,1013
nm10369652,1.0,9,9,1013
nm10369654,1.0,9,9,1013
nm8024787,1.0,9,9,1013
nm10370315,1.0,9,9,1014
nm10370316,1.0,9,9,1014
nm2388985,1.0,9,9,1014
nm2788001,0.902447,9,9,737
nm10372302,1.0,9,9,821
nm8995244,1.0,9,9,1019
nm9247882,1.0,9,9,1019
nm3933278,2.435096,27,27,39
nm0634753,0.927542,9,9,39
nm10376621,0.930978,9,9,13
nm10376625,0.930978,9,9,13
nm10376627,0.930978,9,9,13
nm10376628,0.930978,9,9,13
nm10377829,0.930978,9,9,13
nm11004104,0.844644,9,9,11
nm9011010,1.0,9,9,869
nm10378855,1.0,9,9,1021
nm2600157,1.0,9,9,1021
nm10378905,1.0,9,9,1022
nm7809104,1.0,9,9,1022
nm10379059,1.0,9,9,1023
nm10379144,1.0,9,9,1024
nm10395983,1.0,9,9,1024
nm10395978,1.0,9,9,1024
nm10395985,1.0,9,9,1024
nm10379926,1.0,9,9,1025
nm10381410,1.0,9,9,1026
nm10381415,1.0,9,9,1026
nm10381420,1.0,9,9,1026
nm10462015,1.0,9,9,1027
nm10462013,1.0,9,9,1027
nm10630353,1.0,9,9,1027
nm10381538,1.0,9,9,908
nm2305282,1.0,9,9,908
nm10290327,1.0,9,9,908
nm10381541,1.0,9,9,908
nm11633698,1.0,9,9,1029
nm5171466,1.0,9,9,1029
nm10383292,1.0,9,9,1030
nm11892030,1.0,9,9,1030
nm11778777,1.0,9,9,1030
nm10396379,1.0,9,9,1030
nm2155732,0.956853,9,9,551
nm6203023,0.956853,9,9,551
nm10384216,1.0,9,9,1032
nm12407569,1.0,9,9,1032
nm10385070,1.0,9,9,1033
nm11150419,1.0,9,9,1033
nm16405069,1.0,9,9,1033
nm14250625,1.0,9,9,1033
nm10385320,1.0,9,9,1034
nm6675794,1.0,9,9,1034
nm7681807,1.0,9,9,1034
nm10385398,1.0,9,9,1035
nm10385400,1.0,9,9,1035
nm10385403,1.0,9,9,1035
nm10385767,0.932328,9,9,1036
nm7165463,0.932328,9,9,1036
nm2948803,0.932328,9,9,1036
nm5862925,0.956853,9,9,642
nm9418960,0.956853,9,9,642
nm10387668,1.0,9,9,1039
nm10387662,1.0,9,9,1039
nm10387664,1.0,9,9,1039
nm10387667,1.0,9,9,1039
nm10388684,0.956853,9,9,775
nm3062843,0.956853,9,9,775
nm6638101,0.956853,9,9,775
nm9424794,0.956853,9,9,775
nm10389249,1.0,9,9,496
nm10389250,1.0,9,9,496
nm0521808,1.0,9,9,496
nm4841598,1.0,9,9,1041
nm10411432,1.0,9,9,1041
nm10390402,1.0,9,9,1042
nm1383799,0.937065,9,9,126
nm7926533,0.937065,9,9,126
nm10390785,0.87528,9,9,19
nm11600726,0.87528,9,9,19
nm10392031,1.0,9,9,1043
nm10392039,1.0,9,9,1043
nm10392035,1.0,9,9,1043
nm10392458,1.0,9,9,1044
nm10447865,1.0,9,9,1044
nm10447863,1.0,9,9,1044
nm10395064,1.0,9,9,1046
nm10397264,0.949921,9,9,53
nm14829966,0.949921,9,9,53
nm5725580,0.949921,9,9,53
nm12052706,1.0,9,9,1048
nm7628787,1.0,9,9,1048
nm0946660,0.908055,9,9,110
nm10399798,0.908055,9,9,110
nm3343765,0.908055,9,9,110
nm10402757,1.0,9,9,764
nm4618195,1.0,9,9,764
nm10402755,1.0,9,9,764
nm10031217,1.0,9,9,764
nm10473389,1.0,9,9,1052
nm8686347,1.0,9,9,1052
nm8686352,1.0,9,9,1052
nm8686354,1.0,9,9,1052
nm7626461,1.0,9,9,1052
nm8686355,1.0,9,9,1052
nm10403404,1.0,9,9,1053
nm10403416,1.0,9,9,1053
nm10404026,0.881046,9,9,1054
nm12685484,0.881046,9,9,1054
nm5057965,0.881046,9,9,1054
nm6785660,0.918962,9,9,23
nm7906102,0.918962,9,9,23
nm10404559,0.918962,9,9,23
nm2313432,0.918962,9,9,23
nm3280145,0.918962,9,9,23
nm5149588,0.918962,9,9,23
nm14002881,0.948165,9,9,23
nm14002883,0.948165,9,9,23
nm14002885,0.948165,9,9,23
nm14002882,0.948165,9,9,23
nm9452814,0.650182,9,9,113
nm5295022,0.927569,9,9,317
nm11638987,1.0,9,9,1055
nm11638998,1.0,9,9,1055
nm5895749,1.469184,18,18,86
nm2430054,0.802839,9,9,86
nm2644288,1.395603,18,18,86
nm3608767,1.325125,17,18,1332
nm2817027,0.721127,9,9,86
nm4167503,0.802839,9,9,86
nm8420520,0.802839,9,9,86
nm1493873,0.883367,9,9,11
nm9012886,0.883367,9,9,11
nm9593143,0.883367,9,9,11
nm7251300,0.866527,9,9,1057
nm8857571,0.866527,9,9,1057
nm9620339,0.866527,9,9,1057
nm10407095,1.0,9,9,1059
nm6510003,1.0,9,9,1059
nm10400408,1.0,9,9,1050
nm10407244,1.0,9,9,1060
nm5551688,0.640078,9,9,113
nm10495522,1.0,9,9,1062
nm10409714,0.857763,9,9,114
nm10409719,0.857763,9,9,114
nm10409718,0.857763,9,9,114
nm10498863,0.851853,9,9,114
nm11212832,1.0,9,9,262
nm10543601,1.0,9,9,262
nm10412499,1.0,9,9,523
nm11191619,1.0,9,9,523
nm1970707,1.0,9,9,523
nm0929582,1.0,9,9,523
nm3053855,1.0,9,9,523
nm5120886,1.0,9,9,1067
nm11133419,1.0,9,9,1067
nm9284657,1.0,9,9,1067
nm1947795,1.0,9,9,1068
nm9670502,1.0,9,9,1068
nm4475798,1.0,9,9,1068
nm8690230,0.956853,9,9,810
nm6372382,0.956853,9,9,810
nm0261218,1.0,9,9,154
nm9774983,1.0,9,9,154
nm10935352,1.0,9,9,1069
nm10935353,1.0,9,9,1069
nm10428898,1.0,9,9,1069
nm10418804,1.0,9,9,1072
nm10418806,1.0,9,9,1072
nm10419132,1.0,9,9,1073
nm1347556,1.0,9,9,1073
nm9918107,1.0,9,9,1073
nm10419375,1.0,9,9,1074
nm10443281,0.721731,9,9,739
nm10414472,0.721731,9,9,739
nm10421641,0.893672,9,9,114
nm1288928,0.893672,9,9,114
nm6055227,0.893672,9,9,114
nm7465273,1.561453,18,18,1054
nm9335959,1.562637,18,18,1054
nm2215609,0.843643,9,9,1054
nm1687944,1.521702,15,18,1056
nm9171701,0.829379,9,9,1056
nm10425078,1.0,9,9,1077
nm10425083,1.0,9,9,1077
nm5613530,0.956853,9,9,1078
nm6312294,0.956853,9,9,1078
nm4833672,0.956853,9,9,1078
nm10822997,0.956853,9,9,1078
nm10425794,1.0,9,9,1079
nm10425795,1.0,9,9,1079
nm4701570,1.0,9,9,1081
nm1206317,1.0,9,9,1082
nm8812386,1.0,9,9,1082
nm10427148,0.927218,9,9,19
nm6314102,0.927218,9,9,19
nm10427470,1.0,9,9,1084
nm10427472,1.0,9,9,1084
nm4789172,0.956853,9,9,497
nm10457644,0.956853,9,9,497
nm2794738,0.956853,9,9,497
nm10428104,1.0,9,9,1085
nm10428100,1.0,9,9,1085
nm10428105,1.0,9,9,1085
nm10428107,1.0,9,9,1085
nm10428693,1.0,9,9,1086
nm8827129,1.0,9,9,1086
nm2456848,1.0,9,9,1086
nm10430003,1.0,9,9,1090
nm2544719,1.0,9,9,1090
nm7736730,1.0,9,9,1090
nm10430009,1.0,9,9,1090
nm10430010,1.0,9,9,1090
nm6312588,0.908828,9,9,240
nm2040571,2.5084,27,27,240
nm8574050,0.908828,9,9,240
nm10430758,0.956853,9,9,1083
nm10430756,1.77665,18,18,1083
nm5592330,0.956853,9,9,1083
nm10440585,1.0,9,9,1092
nm10440587,1.0,9,9,1092
nm8411067,0.938161,9,9,371
nm8744533,0.938161,9,9,371
nm7318389,0.938161,9,9,371
nm10431280,1.0,9,9,1093
nm10431284,1.0,9,9,1093
nm10431286,1.0,9,9,1093
nm10288410,1.0,9,9,905
nm10431748,1.0,9,9,905
nm10431750,1.0,9,9,905
nm8340687,1.0,9,9,905
nm2594993,0.933656,9,9,310
nm7642152,0.933656,9,9,310
nm7934161,0.933656,9,9,310
nm10150023,1.0,9,9,814
nm2121456,1.0,9,9,814
nm3612551,1.0,9,9,814
nm10433060,1.0,9,9,751
nm10433341,1.0,9,9,912
nm8112151,1.0,9,9,912
nm4249606,1.0,9,9,1094
nm1293177,1.0,9,9,1094
nm5851110,1.0,9,9,1094
nm10434197,0.947298,9,9,707
nm1055050,1.725529,18,18,707
nm10434199,0.947298,9,9,707
nm3753408,0.947298,9,9,707
nm10499365,1.0,9,9,807
nm1067179,1.0,9,9,807
nm2352896,1.0,9,9,807
nm12285851,0.927569,9,9,519
nm5519788,0.889127,9,9,1054
nm3339311,0.889127,9,9,1054
nm10438661,1.0,9,9,884
nm10438665,1.0,9,9,884
nm10273499,1.0,9,9,884
nm9675543,1.0,9,9,884
nm10451470,0.956853,9,9,1083
nm10451477,0.956853,9,9,1083
nm5885804,1.0,9,9,1040
nm7024752,1.0,9,9,1040
nm10436819,1.0,9,9,1096
nm2535375,1.0,9,9,1096
nm6047778,1.0,9,9,1096
nm10436880,1.0,9,9,763
nm10421159,1.0,9,9,763
nm10436898,1.0,9,9,763
nm4674415,1.0,9,9,1097
nm10437049,1.0,9,9,1097
nm10437050,1.0,9,9,1097
nm10437052,1.0,9,9,1097
nm10437231,1.0,9,9,1098
nm10437235,1.0,9,9,1098
nm10437232,1.0,9,9,1098
nm10437233,1.0,9,9,1098
nm8828885,1.0,9,9,1098
nm10437294,1.0,9,9,1099
nm2129342,1.0,9,9,1099
nm12474073,1.0,9,9,1099
nm7632532,1.0,9,9,1099
nm2062436,1.0,9,9,486
nm2345845,1.0,9,9,486
nm10442613,1.0,9,9,1100
nm10442619,1.0,9,9,1100
nm10442611,1.0,9,9,1100
nm10437917,1.0,9,9,1101
nm7219340,1.0,9,9,1101
nm10437915,1.0,9,9,1101
nm8833346,0.882163,9,9,1102
nm4607195,0.882163,9,9,1102
nm11528526,0.869497,9,9,1294
nm5694847,0.869497,9,9,1294
nm10438102,1.0,9,9,1103
nm10438106,1.0,9,9,1103
nm10438100,1.0,9,9,1103
nm1316863,0.911618,9,9,23
nm10439927,1.0,9,9,1105
nm9812378,1.0,9,9,1105
nm5522706,1.0,9,9,1105
nm10440486,1.0,9,9,1106
nm5549451,1.0,9,9,1106
nm10533768,1.0,9,9,1106
nm2790906,1.0,9,9,1106
nm10442542,1.0,9,9,1107
nm13347280,1.0,9,9,1108
nm4750065,1.0,9,9,672
nm0715469,1.0,9,9,672
nm2748333,1.0,9,9,672
nm10443676,1.0,9,9,1109
nm10443679,1.0,9,9,1109
nm1671512,1.0,9,9,1109
nm10444085,1.0,9,9,1110
nm4976869,1.0,9,9,1110
nm10444074,1.0,9,9,1110
nm7644882,1.0,9,9,1110
nm10446128,0.903814,9,9,1111
nm0208704,1.0,9,9,372
nm3103495,0.949921,9,9,820
nm12538954,0.927569,9,9,820
nm12427244,0.927569,9,9,820
nm10449320,1.0,9,9,769
nm8518525,1.0,9,9,769
nm8643740,1.0,9,9,769
nm9151001,1.0,9,9,769
nm10040326,1.0,9,9,769
nm7653186,1.0,9,9,769
nm7988227,0.763427,9,9,739
nm10561890,1.0,9,9,1117
nm10561906,1.0,9,9,1117
nm10561891,1.0,9,9,1117
nm6044679,1.0,9,9,791
nm9933531,1.0,9,9,791
nm10454405,0.870558,9,9,1120
nm10455701,1.0,9,9,1121
nm10939474,1.0,9,9,1121
nm10454898,1.0,9,9,1124
nm6949661,1.0,9,9,1124
nm7329521,1.0,9,9,1124
nm9183289,1.0,9,9,1124
nm10454897,1.0,9,9,1124
nm8491070,0.619941,9,9,113
nm2747070,0.616949,9,9,113
nm9311326,1.1495,18,18,113
nm4731433,0.59214,9,9,113
nm10455867,1.0,9,9,1126
nm10455889,1.0,9,9,1126
nm1500361,1.0,9,9,1126
nm10456642,1.0,9,9,766
nm9086739,1.0,9,9,766
nm9636080,1.0,9,9,766
nm1129283,1.0,9,9,766
nm4122772,1.574193,18,18,56
nm0032633,0.854893,9,9,56
nm4462167,0.854893,9,9,56
nm10458157,1.0,9,9,1127
nm10458160,1.0,9,9,1127
nm7321798,1.0,9,9,1127
nm9156259,1.0,9,9,1127
nm11581622,0.833039,9,9,111
nm11317218,0.817716,9,9,111
nm11317219,0.817716,9,9,111
nm3213784,1.513699,17,18,1340
nm10459412,1.428648,14,18,1130
nm10459420,0.782763,9,9,68
nm10459423,0.782763,9,9,68
nm10463083,0.782941,9,9,1130
nm10463079,0.782941,9,9,1130
nm10461349,1.0,9,9,1134
nm10461341,1.0,9,9,1134
nm10461345,1.0,9,9,1134
nm9316716,1.0,9,9,1134
nm10461857,0.855501,9,9,754
nm8586448,1.0,9,9,1135
nm2274658,1.0,9,9,1136
nm10464711,1.0,9,9,1137
nm10464710,1.0,9,9,1137
nm10496841,0.892631,9,9,114
nm10496837,0.892631,9,9,114
nm10496840,1.59234,18,18,114
nm3184458,1.637337,18,18,114
nm10472095,1.0,9,9,1125
nm10455731,1.0,9,9,1125
nm10459963,1.0,9,9,1125
nm10455727,1.0,9,9,1125
nm10467925,1.0,9,9,1138
nm10467932,1.0,9,9,1138
nm10467933,1.0,9,9,1138
nm10468303,1.0,9,9,1139
nm10468982,1.0,9,9,577
nm10468983,1.0,9,9,577
nm10469274,0.946426,9,9,114
nm10471003,1.0,9,9,1140
nm10471980,1.0,9,9,1140
nm10471978,1.0,9,9,1140
nm9851358,1.0,9,9,1140
nm10471004,1.0,9,9,1140
nm10471291,0.944246,9,9,59
nm3297094,0.944246,9,9,59
nm8500276,0.944246,9,9,59
nm7514287,0.944246,9,9,59
nm15739661,1.0,9,9,1141
nm7898789,1.0,9,9,1141
nm15728350,1.0,9,9,1141
nm7308315,1.0,9,9,1142
nm10471697,1.0,9,9,1142
nm10471698,1.0,9,9,1142
nm10471702,1.0,9,9,1142
nm10471874,1.0,9,9,1143
nm10471877,1.0,9,9,1143
nm0685033,1.0,9,9,659
nm16030944,1.0,9,9,659
nm9363075,1.0,9,9,659
nm10226951,1.0,9,9,849
nm10472117,1.0,9,9,849
nm10277827,1.0,9,9,894
nm9879822,1.0,9,9,894
nm14264488,1.0,9,9,894
nm10474522,0.809877,9,9,13
nm10474524,0.809877,9,9,13
nm4479881,0.809877,9,9,13
nm10474792,1.0,9,9,1145
nm10474793,1.0,9,9,1145
nm10474795,1.0,9,9,1145
nm7084340,0.949921,9,9,820
nm7504486,0.949921,9,9,820
nm8958846,0.949921,9,9,820
nm9281024,1.0,9,9,1146
nm9780356,1.0,9,9,1146
nm8032035,1.0,9,9,1146
nm9449293,1.0,9,9,1146
nm9740227,1.0,9,9,1146
nm5070845,0.772035,9,9,111
nm6147743,0.956853,9,9,597
nm10480655,1.0,9,9,1148
nm10480656,1.0,9,9,1148
nm10478320,1.0,9,9,1149
nm10478326,1.0,9,9,1149
nm4640983,1.0,9,9,1149
nm5014986,1.0,9,9,1149
nm4110044,1.0,9,9,1149
nm9132463,1.0,9,9,1149
nm2296306,1.0,9,9,1150
nm5913864,1.0,9,9,938
nm10484283,1.0,9,9,938
nm10479460,1.0,9,9,938
nm5692465,1.0,9,9,938
nm8381609,1.0,9,9,938
nm3166114,0.88132,9,9,114
nm11023872,1.0,9,9,794
nm2274377,1.0,9,9,794
nm2764483,1.0,9,9,1151
nm10479922,1.0,9,9,1151
nm6685502,1.0,9,9,1151
nm12674560,1.0,9,9,1152
nm4964345,1.0,9,9,1152
nm10486121,1.0,9,9,1153
nm5898064,1.0,9,9,1153
nm5517325,1.0,9,9,1154
nm7437918,0.956853,9,9,676
nm6464840,0.956853,9,9,676
nm6789778,0.956853,9,9,676
nm7604357,0.956853,9,9,676
nm10483668,1.0,9,9,1155
nm9640232,1.0,9,9,1155
nm10483670,1.0,9,9,1155
nm1214482,1.014679,9,18,690
nm10485136,1.0,9,9,889
nm1564092,1.0,9,9,1156
nm7858189,1.0,9,9,1156
nm2075061,1.0,9,9,1156
nm3041625,0.91653,9,9,68
nm10487110,1.0,9,9,1157
nm3836444,1.205312,18,18,113
nm12176313,1.0,9,9,1123
nm7984586,1.0,9,9,1123
nm10454586,1.0,9,9,1123
nm7304713,0.948678,9,9,323
nm10498052,1.0,9,9,1158
nm10491048,1.0,9,9,813
nm10491236,1.0,9,9,1159
nm10491235,1.0,9,9,1159
nm10494474,0.956853,9,9,1070
nm6573765,0.956853,9,9,1070
nm10493366,1.0,9,9,1164
nm8808611,1.0,9,9,1164
nm10494000,0.909238,9,9,23
nm11322760,0.909238,9,9,23
nm4998550,0.909238,9,9,23
nm10495105,1.0,9,9,1166
nm3167464,1.0,9,9,1166
nm7035582,1.0,9,9,1166
nm5899132,1.0,9,9,1166
nm10496610,1.0,9,9,1167
nm10496612,1.0,9,9,1167
nm4608165,1.0,9,9,663
nm4679035,1.0,9,9,663
nm6342705,1.0,9,9,663
nm1764072,1.0,9,9,663
nm6006183,1.0,9,9,1168
nm10497421,1.0,9,9,1168
nm10731644,1.0,9,9,1168
nm10830025,1.0,9,9,1169
nm10497788,1.0,9,9,1169
nm10497790,1.0,9,9,1169
nm10830026,1.0,9,9,1169
nm9603201,1.0,9,9,1171
nm7452321,1.0,9,9,1171
nm3286930,1.0,9,9,1171
nm4728480,1.0,9,9,1171
nm8314219,1.0,9,9,1171
nm1002207,1.0,9,9,755
nm2282891,1.0,9,9,755
nm9453091,1.0,9,9,755
nm3914615,0.927569,9,9,1161
nm4363155,0.949921,9,9,1161
nm9838853,0.927569,9,9,1161
nm9969793,0.949921,9,9,1161
nm9030560,1.0,9,9,1175
nm8385038,0.956853,9,9,1176
nm7756094,0.956853,9,9,1176
nm7520461,0.956853,9,9,1176
nm9166038,0.956853,9,9,1176
nm10503692,1.0,9,9,1177
nm7553112,1.0,9,9,1177
nm7405876,1.0,9,9,1177
nm10505337,0.946449,9,9,23
nm1278853,0.946449,9,9,23
nm10505336,0.946449,9,9,23
nm10505423,0.847167,9,9,13
nm10505422,0.847167,9,9,13
nm10506113,1.0,9,9,1179
nm10506100,1.0,9,9,1179
nm4360072,1.0,9,9,1180
nm6808042,1.0,9,9,1180
nm8595061,1.0,9,9,1180
nm7022689,1.0,9,9,1181
nm10508472,1.0,9,9,1182
nm10508460,1.0,9,9,1182
nm0092118,1.0,9,9,261
nm2412219,1.0,9,9,261
nm6935325,1.0,9,9,261
nm10510600,1.0,9,9,1183
nm3377141,1.0,9,9,1183
nm10510602,1.0,9,9,1183
nm10510603,1.0,9,9,1183
nm2098273,1.0,9,9,1183
nm10511278,1.0,9,9,1184
nm10511271,1.0,9,9,1184
nm10511272,1.0,9,9,1184
nm10511273,1.0,9,9,1184
nm7308525,1.0,9,9,776
nm10511712,1.0,9,9,801
nm10100525,1.0,9,9,801
nm10512318,1.0,9,9,1045
nm10672181,1.0,9,9,1045
nm4551518,1.0,9,9,1112
nm3288201,1.0,9,9,1112
nm10513492,1.0,9,9,893
nm10513491,1.0,9,9,893
nm10518020,1.0,9,9,1185
nm8919809,1.0,9,9,1185
nm10521136,0.956853,9,9,1186
nm5418927,0.956853,9,9,1186
nm10514440,0.956853,9,9,1186
nm10514442,0.956853,9,9,1186
nm10132070,0.956853,9,9,601
nm8960302,0.956853,9,9,601
nm11364607,1.0,9,9,1188
nm10516258,1.0,9,9,335
nm3450012,1.0,9,9,335
nm1263519,1.0,9,9,1189
nm3404517,1.0,9,9,1189
nm10516435,1.0,9,9,1189
nm3129993,1.0,9,9,1189
nm10516629,1.0,9,9,1190
nm10517485,1.0,9,9,839
nm10517810,1.0,9,9,839
nm10517493,1.0,9,9,839
nm10518000,1.0,9,9,1191
nm10518004,1.0,9,9,1191
nm10519746,0.782941,9,9,1193
nm1803818,1.428648,14,18,1193
nm10519745,0.782941,9,9,1193
nm10519749,0.782941,9,9,1193
nm10518658,0.91653,9,9,1192
nm10518654,0.91653,9,9,1192
nm10518948,1.0,9,9,1194
nm10519172,1.0,9,9,1194
nm10519306,1.0,9,9,1194
nm6648682,1.0,9,9,1195
nm6451753,1.0,9,9,1196
nm10520204,1.0,9,9,1196
nm10520687,1.0,9,9,1197
nm10520326,1.0,9,9,1197
nm10521663,1.0,9,9,1197
nm10521106,1.0,9,9,1199
nm10521114,1.0,9,9,1199
nm8590711,1.0,9,9,1199
nm7859219,0.893249,9,9,111
nm12236478,0.893249,9,9,111
nm2459341,0.893249,9,9,111
nm8108071,0.938133,9,9,596
nm3091751,0.938133,9,9,596
nm4543998,1.0,9,9,1200
nm4887246,1.0,9,9,1200
nm5630090,1.0,9,9,1200
nm7044552,1.0,9,9,1200
nm10522456,1.0,9,9,1200
nm1882258,0.911087,9,9,220
nm11676837,0.911087,9,9,220
nm10523454,1.0,9,9,1202
nm10523597,1.0,9,9,1202
nm10523713,1.0,9,9,1203
nm10523716,1.0,9,9,1203
nm7600264,1.0,9,9,1203
nm5201899,0.936842,9,9,240
nm9551787,0.936842,9,9,240
nm9911004,0.936842,9,9,240
nm10525919,1.0,9,9,1204
nm10525923,1.0,9,9,1204
nm10527334,1.0,9,9,1206
nm10529306,1.0,9,9,1208
nm10529309,1.0,9,9,1208
nm18626611,1.0,9,9,1209
nm18626617,1.0,9,9,1209
nm18626618,1.0,9,9,1209
nm18626631,1.0,9,9,1209
nm10531359,1.0,9,9,1210
nm7993373,1.0,9,9,1211
nm10533869,1.0,9,9,1211
nm10533934,1.0,9,9,1211
nm10531605,1.0,9,9,1212
nm6297251,1.0,9,9,1212
nm3626053,1.0,9,9,1212
nm3706712,1.0,9,9,1212
nm6297249,1.0,9,9,1212
nm10532064,0.913706,9,9,701
nm10532870,0.66164,9,9,1058
nm10532827,1.0,9,9,1214
nm10532821,1.0,9,9,1214
nm10532835,1.0,9,9,1214
nm10548032,1.0,9,9,1215
nm7044734,1.0,9,9,799
nm9097086,1.0,9,9,799
nm10533891,0.770436,9,9,11
nm7376490,0.932328,9,9,890
nm10536357,1.0,9,9,1219
nm5065332,1.0,9,9,1219
nm8773481,1.0,9,9,1219
nm0481336,1.0,9,9,573
nm2628356,1.0,9,9,573
nm10537557,1.0,9,9,1220
nm10538078,0.93759,9,9,669
nm10538092,0.93759,9,9,669
nm10538311,1.0,9,9,141
nm10538304,1.0,9,9,141
nm10542694,1.0,9,9,631
nm10542700,1.0,9,9,631
nm10542695,1.0,9,9,631
nm0618522,1.0,9,9,631
nm10542699,1.0,9,9,631
nm12560160,1.0,9,9,1221
nm1271447,1.0,9,9,1221
nm3085941,1.0,9,9,1221
nm8020987,1.0,9,9,1222
nm10070918,1.0,9,9,786
nm10773506,1.0,9,9,786
nm9787129,1.0,9,9,786
nm10555658,0.956853,9,9,1224
nm7160314,0.956853,9,9,1224
nm4752466,1.0,9,9,1225
nm6447404,1.0,9,9,1225
nm10581289,1.0,9,9,1226
nm8024329,1.0,9,9,1226
nm2858832,1.0,9,9,1227
nm5274013,1.0,9,9,1227
nm5443734,1.0,9,9,1228
nm1871001,1.0,9,9,1228
nm12057485,0.856936,9,9,348
nm9444312,0.846876,9,9,43
nm9406873,1.566756,17,18,1412
nm10291057,1.0,9,9,910
nm11585047,1.0,9,9,910
nm2428837,1.0,9,9,910
nm10720574,0.90977,9,9,1056
nm10739173,0.90977,9,9,1056
nm10739172,0.90977,9,9,1056
nm10618260,1.0,9,9,1229
nm11789612,1.0,9,9,1229
nm11493936,1.0,9,9,1229
nm2538783,0.948678,9,9,226
nm5207334,0.948678,9,9,226
nm10396292,0.948678,9,9,226
nm16557855,0.869925,9,9,1230
nm10337629,0.863451,9,9,11
nm10400343,0.863451,9,9,11
nm9661819,1.47346,18,18,11
nm14138362,0.863451,9,9,11
nm0674264,1.0,9,9,656
nm10627021,1.0,9,9,656
nm6800318,0.895866,9,9,1232
nm10635747,1.0,9,9,1233
nm3573977,1.0,9,9,1233
nm11678106,0.868736,9,9,111
nm4812613,0.868736,9,9,111
nm7861830,1.0,9,9,1235
nm10690469,1.0,9,9,186
nm1868832,1.0,9,9,186
nm1411548,0.820093,9,9,11
nm5346772,0.820093,9,9,11
nm9439930,0.820093,9,9,11
nm2099350,0.956853,9,9,1224
nm2600002,0.956853,9,9,1224
nm0049315,0.920637,9,9,152
nm4873402,1.698753,18,18,152
nm9309073,0.920637,9,9,152
nm2770934,1.0,9,9,1236
nm5706358,1.0,9,9,718
nm0915385,1.0,9,9,718
nm2319859,1.0,9,9,718
nm2505753,1.0,9,9,718
nm10683360,1.0,9,9,1237
nm6848039,1.0,9,9,1237
nm7539023,1.0,9,9,934
nm1133652,1.0,9,9,934
nm4685278,1.0,9,9,934
nm10690675,1.0,9,9,1238
nm10690685,1.0,9,9,1238
nm10690680,1.0,9,9,1238
nm10701005,0.93297,9,9,23
nm8839252,1.0,9,9,1144
nm10473926,1.0,9,9,1144
nm17047782,1.0,9,9,1144
nm8435544,0.892006,9,9,1054
nm2662142,1.58262,18,18,1054
nm2339428,0.892006,9,9,1054
nm17182520,0.900914,9,9,23
nm8406459,0.900914,9,9,23
nm10713832,0.933939,9,9,310
nm8531722,0.933939,9,9,310
nm9356624,1.0,9,9,1244
nm10720572,0.750385,9,9,11
nm5593270,0.750385,9,9,11
nm5939214,0.750385,9,9,11
nm10760757,1.0,9,9,1163
nm12805106,0.956853,9,9,1247
nm10823679,0.956853,9,9,1247
nm3444240,0.956853,9,9,1247
nm11145229,0.956853,9,9,1247
nm3118120,0.915172,9,9,152
nm2183684,0.915172,9,9,152
nm5674223,0.915172,9,9,152
nm9575913,0.915172,9,9,152
nm10743332,1.0,9,9,1075
nm11409368,1.0,9,9,1075
nm8491051,0.922314,9,9,11
nm10805783,0.922314,9,9,11
nm4623853,1.0,9,9,828
nm7627014,1.0,9,9,828
nm8418847,1.0,9,9,828
nm10873608,1.0,9,9,1160
nm4455935,1.0,9,9,1160
nm5550986,0.927569,9,9,99
nm3949804,0.927569,9,9,99
nm4955895,0.927569,9,9,99
nm10767800,0.908116,9,9,111
nm10936057,0.949921,9,9,1161
nm14840088,0.949921,9,9,1161
nm11403912,1.0,9,9,1243
nm9544445,0.827411,9,9,1248
nm5476563,0.827411,9,9,1248
nm1126723,0.827411,9,9,1248
nm10804520,1.0,9,9,1249
nm8543928,1.0,9,9,1249
nm10827604,1.0,9,9,1251
nm10828119,0.856356,9,9,56
nm2376684,0.856356,9,9,56
nm9962816,1.0,9,9,1252
nm2781855,1.0,9,9,1252
nm4541464,1.0,9,9,1242
nm11102031,0.943792,9,9,559
nm13818625,1.0,9,9,1253
nm9005785,1.0,9,9,1253
nm8467479,0.956853,9,9,1078
nm3196854,0.956853,9,9,1078
nm3424642,0.956853,9,9,724
nm4325236,0.956853,9,9,724
nm3465032,0.956853,9,9,724
nm11144318,1.0,9,9,963
nm4742829,1.0,9,9,963
nm6233549,1.0,9,9,963
nm9479059,1.0,9,9,963
nm10330835,1.0,9,9,963
nm2818878,1.0,9,9,963
nm12385554,0.923685,9,9,19
nm8332122,0.923685,9,9,19
nm10864668,1.0,9,9,1255
nm10864671,1.0,9,9,1255
nm10866354,1.0,9,9,1256
nm10866378,1.0,9,9,1256
nm10866355,1.0,9,9,1256
nm10879336,1.0,9,9,1080
nm6251638,1.0,9,9,1080
nm1903257,1.0,9,9,1080
nm3715034,1.0,9,9,1080
nm7591676,0.713667,9,9,113
nm9093659,0.956853,9,9,1257
nm9302162,0.956853,9,9,1257
nm1089136,1.0,9,9,734
nm6375147,1.0,9,9,734
nm6531937,1.0,9,9,734
nm10894112,1.0,9,9,1259
nm13321450,1.0,9,9,1259
nm1089900,0.917756,9,9,119
nm0299078,0.917756,9,9,119
nm2241427,1.376236,18,18,11
nm11062619,1.0,9,9,1261
nm11062622,1.0,9,9,1261
nm6358249,1.0,9,9,1261
nm10939017,0.870558,9,9,1263
nm6951949,0.870558,9,9,1263
nm10944730,1.0,9,9,1264
nm4228995,1.0,9,9,1264
nm10944836,1.0,9,9,1264
nm11766522,1.0,9,9,1264
nm6286319,1.0,9,9,1264
nm11357366,0.898594,9,9,6
nm12513526,0.898594,9,9,6
nm9037499,0.898594,9,9,6
nm12203709,1.0,9,9,1265
nm12203718,1.0,9,9,1265
nm9352462,1.0,9,9,1265
nm1670735,0.850825,9,9,231
nm1098416,1.77665,18,18,1269
nm4257332,0.956853,9,9,1269
nm5126775,0.956853,9,9,1269
nm5126893,0.956853,9,9,1269
nm1451209,0.956853,9,9,1269
nm1466372,0.956853,9,9,1269
nm11661960,0.870558,9,9,1270
nm9433473,0.876443,9,9,11
nm4890513,0.876443,9,9,11
nm7111158,0.876443,9,9,11
nm10999639,1.0,9,9,1271
nm0308039,0.946591,9,9,454
nm12665628,1.0,9,9,1104
nm10438514,1.0,9,9,1104
nm12665633,1.0,9,9,1104
nm11014265,1.0,9,9,122
nm2551976,1.0,9,9,122
nm2857016,1.0,9,9,122
nm9640066,0.907915,9,9,13
nm0708023,0.907915,9,9,13
nm7394024,0.907915,9,9,13
nm11025972,1.0,9,9,1272
nm1285342,0.915586,9,9,110
nm1572684,0.915586,9,9,110
nm11034927,1.0,9,9,1273
nm11034925,1.0,9,9,1273
nm1831995,1.0,9,9,1273
nm11044410,0.917584,9,9,13
nm8124260,0.917584,9,9,13
nm9844787,0.917584,9,9,13
nm9593665,0.917584,9,9,13
nm4013056,0.907226,9,9,11
nm0045489,0.907226,9,9,11
nm0457999,0.907226,9,9,11
nm3982585,0.907226,9,9,11
nm11112419,1.0,9,9,1276
nm7148844,1.0,9,9,1276
nm11112416,1.0,9,9,1276
nm11112420,1.0,9,9,1276
nm7193158,0.956853,9,9,574
nm7907410,0.956853,9,9,574
nm11099230,0.947296,9,9,36
nm13611674,0.947296,9,9,36
nm0713614,0.898105,9,9,619
nm5701195,0.898105,9,9,619
nm11283071,1.0,9,9,1277
nm11283070,1.0,9,9,1277
nm9069975,1.0,9,9,1277
nm11132173,0.956853,9,9,214
nm3361102,0.956853,9,9,214
nm9102304,0.956853,9,9,214
nm6117651,1.0,9,9,1278
nm11136100,1.0,9,9,1278
nm8129908,0.912562,9,9,23
nm10397133,0.912562,9,9,23
nm1264361,0.946726,9,9,23
nm11152652,0.926369,9,9,43
nm11881260,0.926369,9,9,43
nm11163696,1.0,9,9,1280
nm11163699,1.0,9,9,1280
nm11163702,1.0,9,9,1280
nm15618865,0.893672,9,9,114
nm1906273,0.893672,9,9,114
nm2523085,0.893672,9,9,114
nm2677701,0.893672,9,9,114
nm11455243,1.0,9,9,1281
nm11455239,1.0,9,9,1281
nm5035251,1.0,9,9,1281
nm11198487,1.0,9,9,1285
nm11474508,1.0,9,9,1285
nm11476790,1.0,9,9,1285
nm11476799,1.0,9,9,1285
nm11474650,1.0,9,9,1285
nm2468729,0.948184,9,9,23
nm5042060,0.948184,9,9,23
nm11647252,0.948184,9,9,23
nm6039993,0.948184,9,9,23
nm10155232,1.0,9,9,817
nm11178322,1.0,9,9,817
nm11348814,1.0,9,9,817
nm11306378,0.899842,9,9,966
nm1125531,0.948258,9,9,23
nm10452901,0.948258,9,9,23
nm11698715,1.0,9,9,1287
nm15353535,1.0,9,9,1287
nm15979410,1.0,9,9,1287
nm1021129,0.741053,9,9,844
nm11292934,1.0,9,9,1289
nm3221054,1.0,9,9,1289
nm8767072,1.0,9,9,1289
nm2937499,1.0,9,9,1289
nm4957537,1.0,9,9,1258
nm11314356,1.0,9,9,1258
nm5036326,1.0,9,9,1258
nm8138176,1.0,9,9,1258
nm1132045,0.928891,9,9,21
nm1665116,0.928891,9,9,21
nm3002625,0.928891,9,9,21
nm3846801,0.928891,9,9,21
nm1132505,1.0,9,9,556
nm2594314,1.0,9,9,556
nm2584298,1.0,9,9,64
nm11363407,0.928939,9,9,11
nm14495908,0.928939,9,9,11
nm4105577,0.928939,9,9,11
nm6722399,0.844585,9,9,740
nm9764569,1.0,9,9,964
nm11441827,1.0,9,9,964
nm10331634,1.0,9,9,964
nm10386712,1.0,9,9,1038
nm3716382,1.0,9,9,1038
nm11464534,1.0,9,9,1293
nm9252711,1.0,9,9,1293
nm11464535,1.0,9,9,1293
nm3763255,1.0,9,9,1293
nm9046197,1.0,9,9,1293
nm9742718,1.0,9,9,1293
nm0251656,1.0,9,9,415
nm0427378,1.0,9,9,415
nm0387080,1.0,9,9,415
nm6726547,1.0,9,9,288
nm9469926,1.0,9,9,765
nm13913127,1.0,9,9,765
nm1392076,0.956853,9,9,326
nm2339825,0.956853,9,9,326
nm11521184,0.948279,9,9,180
nm2847812,0.948279,9,9,180
nm11527265,1.0,9,9,1274
nm3196568,1.0,9,9,1274
nm11527625,1.0,9,9,744
nm16481338,1.0,9,9,744
nm3899117,1.0,9,9,744
nm10002762,1.0,9,9,744
nm11583045,1.0,9,9,280
nm5163456,1.0,9,9,280
nm2172290,1.0,9,9,280
nm10467749,1.0,9,9,815
nm7373703,1.0,9,9,815
nm11596713,1.0,9,9,1295
nm6137028,1.0,9,9,1296
nm8706685,1.0,9,9,1296
nm4745422,1.0,9,9,1296
nm1163857,0.924111,9,9,23
nm1272032,0.924111,9,9,23
nm1286565,1.54107,17,18,1321
nm11663252,1.0,9,9,1170
nm2227756,1.0,9,9,1170
nm11663347,1.0,9,9,1298
nm1779556,1.0,9,9,393
nm2771908,1.0,9,9,393
nm3478737,1.0,9,9,393
nm7928683,0.905912,9,9,23
nm8810060,0.905912,9,9,23
nm4995535,1.0,9,9,1300
nm11682647,1.0,9,9,1300
nm9193136,1.0,9,9,328
nm2668717,1.740434,18,18,427
nm0785264,0.943792,9,9,119
nm7168339,0.943792,9,9,119
nm11754510,1.0,9,9,622
nm3987379,1.0,9,9,622
nm0594638,1.0,9,9,622
nm3003143,1.0,9,9,622
nm6122132,1.0,9,9,622
nm6338726,1.0,9,9,622
nm1177197,1.0,9,9,414
nm3812478,1.0,9,9,414
nm3052337,0.947522,9,9,596
nm11883216,1.0,9,9,1304
nm11885714,1.0,9,9,1304
nm11885715,1.0,9,9,1304
nm11896238,0.910324,9,9,180
nm12552633,0.910324,9,9,180
nm2244205,0.910324,9,9,180
nm0477810,0.910324,9,9,180
nm11910235,1.0,9,9,1246
nm10725033,1.0,9,9,1246
nm11910231,1.0,9,9,1246
nm11910236,1.0,9,9,1246
nm11910237,1.0,9,9,1246
nm2542744,0.94604,9,9,11
nm7233042,0.94604,9,9,11
nm9215849,0.94604,9,9,11
nm13827946,0.94604,9,9,11
nm11962476,0.944535,9,9,1054
nm2920950,0.944535,9,9,1054
nm9072045,1.710506,18,18,1054
nm1952490,1.0,9,9,1309
nm4410185,0.938624,9,9,30
nm9088357,0.938624,9,9,30
nm11224501,0.949921,9,9,104
nm1981584,0.949921,9,9,104
nm12175870,0.910027,9,9,11
nm13470010,0.910027,9,9,11
nm12185136,0.88181,9,9,110
nm4869921,0.88181,9,9,110
nm5296301,0.88181,9,9,110
nm12190402,1.0,9,9,1310
nm6073523,1.0,9,9,1310
nm7317732,1.0,9,9,1310
nm7609218,1.0,9,9,1310
nm3988801,1.0,9,9,484
nm15054731,1.0,9,9,484
nm16114302,1.0,9,9,484
nm4416397,1.0,9,9,1311
nm1225681,1.0,9,9,1312
nm5154209,1.0,9,9,1312
nm8799760,1.0,9,9,1312
nm2970520,1.0,9,9,1312
nm9071926,1.0,9,9,236
nm4347467,1.0,9,9,236
nm5917503,0.775078,9,9,11
nm10183124,0.805062,9,9,11
nm7130871,0.805062,9,9,11
nm7243877,0.725933,9,9,11
nm11208304,0.775078,9,9,11
nm3843863,0.725933,9,9,11
nm9904787,1.0,9,9,758
nm4549887,1.0,9,9,758
nm12313373,0.920434,9,9,3
nm4960653,0.920434,9,9,3
nm4803213,0.920434,9,9,3
nm7763809,0.920434,9,9,3
nm8510480,0.920434,9,9,3
nm1784355,0.859918,9,9,19
nm2192081,0.859918,9,9,19
nm1333017,1.531471,18,18,19
nm2553833,0.870283,9,9,21
nm8014084,0.870283,9,9,21
nm2674236,0.870283,9,9,21
nm2855554,0.870283,9,9,21
nm8319648,0.870283,9,9,21
nm6166940,0.85605,9,9,1054
nm12483758,0.85605,9,9,1054
nm4143944,0.85605,9,9,1054
nm7194019,0.85605,9,9,1054
nm12485297,1.0,9,9,1314
nm4970341,1.0,9,9,1314
nm0084581,0.883491,9,9,6
nm0819079,0.883491,9,9,6
nm6268102,0.883491,9,9,6
nm2829541,1.0,9,9,292
nm2825036,1.0,9,9,292
nm14542870,1.0,9,9,20
nm9090581,1.0,9,9,20
nm5190468,1.0,9,9,1315
nm5795914,0.956853,9,9,542
nm12720513,1.0,9,9,1318
nm14214691,1.0,9,9,1318
nm14214689,1.0,9,9,1318
nm0848927,1.0,9,9,705
nm1163810,1.0,9,9,705
nm12789774,1.0,9,9,1319
nm13916854,1.0,9,9,1319
nm4178718,1.0,9,9,1319
nm1701024,1.0,9,9,1319
nm0911083,1.0,9,9,318
nm9769811,1.0,9,9,318
nm12875327,0.826493,9,9,11
nm8850134,0.826493,9,9,11
nm6444864,0.826493,9,9,11
nm3373988,0.883382,9,9,1290
nm1136348,0.883382,9,9,1290
nm5795985,0.913706,9,9,832
nm15765498,0.913706,9,9,832
nm5829633,0.913706,9,9,832
nm3704574,1.0,9,9,706
nm0849916,1.0,9,9,706
nm9169920,1.0,9,9,564
nm1896478,1.0,9,9,564
nm1303982,1.0,9,9,146
nm8705577,1.0,9,9,146
nm10013114,1.0,9,9,146
nm12235821,1.0,9,9,146
nm0646663,1.0,9,9,647
nm3925410,1.0,9,9,647
nm0258194,1.0,9,9,301
nm0827075,1.0,9,9,301
nm1570591,1.0,9,9,301
nm8135859,1.0,9,9,1326
nm9024796,1.0,9,9,1326
nm6157473,1.0,9,9,534
nm0464641,1.0,9,9,534
nm0924210,1.0,9,9,534
nm1736605,1.0,9,9,534
nm1334235,0.907181,9,9,13
nm6845864,0.907181,9,9,13
nm10490695,0.907181,9,9,13
nm1338684,0.881739,9,9,55
nm4744613,0.949921,9,9,317
nm7109469,0.949921,9,9,317
nm10637541,1.0,9,9,1234
nm13414100,1.0,9,9,1234
nm13414103,1.0,9,9,1234
nm9395927,1.0,9,9,1234
nm10505943,0.833671,9,9,111
nm4704928,0.858431,9,9,59
nm1974708,2.335525,26,27,1357
nm1843026,1.0,9,9,1317
nm4652001,1.0,9,9,1317
nm5584750,1.0,9,9,1317
nm7326511,1.0,9,9,1317
nm6185683,1.0,9,9,1317
nm13961995,1.0,9,9,1329
nm9588820,0.725995,9,9,13
nm10536386,0.725995,9,9,13
nm10509032,0.729819,9,9,86
nm0252775,1.577356,16,18,416
nm13736107,0.956853,9,9,810
nm10143056,0.956853,9,9,810
nm13736109,0.956853,9,9,810
nm13808569,0.940124,9,9,11
nm13808564,0.940124,9,9,11
nm8344458,0.940124,9,9,11
nm2400035,1.0,9,9,293
nm5858716,1.0,9,9,293
nm15887545,1.0,9,9,1307
nm2729779,1.0,9,9,1307
nm13868268,1.0,9,9,1301
nm9300891,1.0,9,9,1301
nm4028151,1.367342,18,18,11
nm1391248,1.0,9,9,471
nm0389377,1.0,9,9,471
nm10985729,1.0,9,9,471
nm7733262,1.0,9,9,471
nm17459818,1.0,9,9,1335
nm2374808,1.0,9,9,1335
nm5320953,1.0,9,9,1335
nm10013900,1.0,9,9,749
nm14927442,1.0,9,9,749
nm1411540,0.783975,9,9,110
nm14207356,0.918179,9,9,59
nm7624827,0.918179,9,9,59
nm9304507,0.918179,9,9,59
nm3987877,0.956853,9,9,493
nm5929303,1.0,9,9,1297
nm2960196,1.0,9,9,1297
nm14302141,1.0,9,9,1313
nm12471068,1.0,9,9,1313
nm14302006,1.0,9,9,1313
nm14302138,1.0,9,9,1313
nm14302146,1.0,9,9,1313
nm3207345,1.0,9,9,342
nm0181397,1.0,9,9,342
nm2392676,1.0,9,9,1337
nm2081394,1.0,9,9,1337
nm5684117,1.0,9,9,1337
nm2380048,1.0,9,9,600
nm2673123,1.0,9,9,600
nm4411138,1.0,9,9,600
nm0543666,1.0,9,9,600
nm1866134,1.0,9,9,600
nm5095861,0.949921,9,9,273
nm14523947,1.0,9,9,772
nm1478916,1.0,9,9,772
nm17938216,1.0,9,9,772
nm9517466,1.0,9,9,1327
nm10430613,1.0,9,9,1091
nm10430614,1.0,9,9,1091
nm14749461,1.0,9,9,1091
nm2004234,1.0,9,9,1091
nm8910767,1.0,9,9,1091
nm4143170,1.0,9,9,1001
nm6575561,1.0,9,9,1001
nm10360858,1.0,9,9,1001
nm14946689,1.0,9,9,1001
nm3500208,1.0,9,9,1001
nm1138979,1.0,9,9,1291
nm1501881,1.0,9,9,1291
nm1801619,1.0,9,9,1291
nm1388343,0.453754,9,9,1323
nm1390180,0.783977,17,18,1334
nm2531162,0.920049,9,9,111
nm6403597,0.920049,9,9,111
nm8967868,0.920049,9,9,111
nm0000593,1.0,9,9,41
nm0680766,1.0,9,9,41
nm12873804,1.0,9,9,41
nm6250631,1.0,9,9,41
nm9587598,0.900939,9,9,23
nm5328540,0.900939,9,9,23
nm6334521,0.848124,9,9,3
nm4241449,0.848124,9,9,3
nm4079236,1.0,9,9,1282
nm7208549,1.0,9,9,1282
nm5429373,1.0,9,9,1282
nm3750475,0.905276,9,9,3
nm16363454,0.870131,9,9,110
nm1949808,0.870131,9,9,110
nm2958550,0.870131,9,9,110
nm4351101,0.956853,9,9,837
nm12876490,1.0,9,9,1306
nm3550868,1.0,9,9,1306
nm8659047,0.946088,9,9,11
nm10958545,0.946088,9,9,11
nm16621167,0.924538,9,9,23
nm2198699,0.924538,9,9,23
nm5042259,0.924538,9,9,23
nm9196622,0.924538,9,9,23
nm0255001,0.940546,9,9,11
nm0695497,0.940546,9,9,11
nm10055423,0.940546,9,9,11
nm7393874,1.588548,17,18,1358
nm5960961,1.0,9,9,26
nm10333025,1.0,9,9,26
nm8011037,1.0,9,9,26
nm17163530,1.0,9,9,1350
nm2437939,1.0,9,9,339
nm7633470,1.0,9,9,339
nm2342502,1.0,9,9,339
nm3241397,1.0,9,9,339
nm17278322,0.944335,9,9,137
nm17479598,1.0,9,9,1353
nm17479627,1.0,9,9,1353
nm9714815,1.0,9,9,1348
nm1788075,0.927542,9,9,39
nm4576354,0.927542,9,9,39
nm5003252,0.956853,9,9,452
nm2377000,0.956853,9,9,452
nm9801453,0.956853,9,9,452
nm1794478,0.849718,9,9,56
nm1285140,0.849718,9,9,56
nm8610597,1.0,9,9,1343
nm4225090,1.0,9,9,1343
nm7697417,1.0,9,9,1343
nm1799434,0.956853,9,9,303
nm16514717,0.956853,9,9,303
nm3473975,0.956853,9,9,303
nm1873329,0.946806,9,9,3
nm0267659,0.946806,9,9,3
nm8208331,0.946806,9,9,3
nm8720783,0.946806,9,9,3
nm7662319,1.0,9,9,1355
nm6708288,0.915288,9,9,707
nm5108275,1.0,9,9,784
nm2374741,0.884289,9,9,472
nm7840131,0.884289,9,9,472
nm2635725,0.857163,9,9,310
nm6412481,0.931022,9,9,7
nm8297771,0.931022,9,9,7
nm6662487,0.804731,9,9,110
nm3017331,0.804731,9,9,110
nm1922619,0.949921,9,9,99
nm2693356,0.949921,9,9,99
nm6973330,0.949921,9,9,99
nm9052753,0.949921,9,9,99
nm1926109,1.0,9,9,1028
nm4879042,1.0,9,9,1028
nm10382225,1.0,9,9,1028
nm2282761,1.0,9,9,1028
nm4786965,1.0,9,9,1028
nm9822601,1.0,9,9,1128
nm1045839,1.0,9,9,1128
nm2373232,1.0,9,9,1017
nm6576970,1.0,9,9,1017
nm7509519,1.0,9,9,1017
nm9101150,1.0,9,9,1017
nm6779623,0.956853,9,9,167
nm5661084,0.921881,9,9,323
nm5044092,0.921881,9,9,323
nm10435487,0.921881,9,9,323
nm12713040,0.921881,9,9,323
nm1513121,0.921881,9,9,323
nm5545145,0.921881,9,9,323
nm4782330,1.0,9,9,580
nm6195386,1.0,9,9,580
nm7659185,1.0,9,9,1362
nm4073978,1.0,9,9,1362
nm5943779,1.0,9,9,1362
nm8599881,1.0,9,9,1362
nm9482101,1.0,9,9,1362
nm5097095,0.948678,9,9,369
nm7782080,0.926445,9,9,1054
nm3710008,0.926445,9,9,1054
nm7782043,0.926445,9,9,1054
nm8051912,0.827411,9,9,589
nm10276797,0.827411,9,9,589
nm9716498,0.872115,9,9,985
nm7300537,0.872115,9,9,985
nm8963633,0.872115,9,9,985
nm4793987,0.904723,9,9,39
nm0005403,0.904723,9,9,39
nm1209966,0.904723,9,9,39
nm4175221,0.904723,9,9,39
nm8750454,0.866917,9,9,4
nm11050411,0.949921,9,9,478
nm1354491,1.0,9,9,1328
nm3283352,1.0,9,9,90
nm0004739,1.0,9,9,90
nm3179851,1.0,9,9,90
nm6009489,0.80861,9,9,19
nm6999451,0.80861,9,9,19
nm3554707,0.80861,9,9,19
nm1127373,0.909184,9,9,56
nm2015658,0.909184,9,9,56
nm3349065,0.909184,9,9,56
nm5482973,0.913706,9,9,1366
nm2463151,1.0,9,9,1260
nm8246782,1.0,9,9,1260
nm10912895,1.0,9,9,1260
nm3133211,1.0,9,9,1260
nm7339148,1.0,9,9,1260
nm9837054,1.0,9,9,1260
nm2506048,0.956853,9,9,1174
nm6913129,1.77665,18,18,1174
nm6891047,1.0,9,9,670
nm0866870,1.0,9,9,670
nm4346582,0.947636,9,9,114
nm2546649,0.956853,9,9,724
nm8658956,0.956853,9,9,724
nm0943807,0.956853,9,9,724
nm9051929,0.824005,9,9,1217
nm10535863,0.824005,9,9,1217
nm1505002,1.500548,16,18,1217
nm6755001,1.521173,17,18,1398
nm13245550,0.84463,9,9,1217
nm8531959,0.913706,9,9,1372
nm7241265,0.913706,9,9,1372
nm8270797,0.913706,9,9,1372
nm5404487,1.0,9,9,606
nm1390742,1.0,9,9,606
nm2614548,1.0,9,9,606
nm3810276,1.0,9,9,606
nm9263753,1.0,9,9,606
nm3114120,1.0,9,9,549
nm3769724,1.0,9,9,549
nm0438895,1.0,9,9,549
nm10329192,1.0,9,9,549
nm5022323,1.0,9,9,1064
nm7737656,1.0,9,9,1064
nm6136290,0.82767,9,9,1054
nm2669366,1.0,9,9,237
nm9450235,1.0,9,9,237
nm2988542,1.0,9,9,237
nm2725758,1.0,9,9,1239
nm3603159,1.0,9,9,1239
nm3742747,1.0,9,9,1239
nm4799420,1.0,9,9,1239
nm1510131,1.0,9,9,735
nm2843641,1.0,9,9,1330
nm6305117,1.0,9,9,1330
nm4705505,1.0,9,9,1330
nm5338363,1.0,9,9,1330
nm3150446,0.845956,9,9,110
nm8052257,1.0,9,9,1322
nm3294507,1.0,9,9,1322
nm3817431,1.0,9,9,1322
nm7995979,1.0,9,9,1322
nm1040307,1.0,9,9,1031
nm9578056,1.0,9,9,1031
nm10271430,0.949921,9,9,276
nm3584152,1.0,9,9,717
nm10572833,1.0,9,9,717
nm3160864,1.0,9,9,717
nm1152954,1.0,9,9,1132
nm3175451,1.0,9,9,1132
nm8349412,1.0,9,9,1132
nm2942715,1.0,9,9,1132
nm9567821,0.637563,9,9,113
nm10510387,1.0,9,9,750
nm1224286,1.0,9,9,750
nm9981119,1.0,9,9,750
nm9274324,1.0,9,9,1385
nm9348122,1.0,9,9,1385
nm5348007,1.0,9,9,1385
nm7009796,1.0,9,9,1385
nm3611859,0.944032,9,9,23
nm1316038,0.944032,9,9,23
nm3710453,0.944032,9,9,23
nm0794481,0.833651,9,9,11
nm5015284,0.833651,9,9,11
nm3376756,0.956853,9,9,1018
nm7207551,0.956853,9,9,1018
nm6568152,1.0,9,9,336
nm0004920,0.93992,9,9,3
nm0731075,0.93992,9,9,3
nm6253277,0.920645,9,9,59
nm7661938,0.920645,9,9,59
nm9135025,1.0,9,9,540
nm0497888,1.0,9,9,540
nm1307560,1.0,9,9,540
nm2479938,1.0,9,9,540
nm7728809,1.0,9,9,1388
nm4291539,1.0,9,9,40
nm0000588,1.0,9,9,40
nm0935659,1.0,9,9,40
nm5113622,1.0,9,9,40
nm3852106,1.0,9,9,1390
nm8070141,1.0,9,9,1390
nm8160070,1.0,9,9,1390
nm7341770,1.0,9,9,1390
nm7094507,0.86801,9,9,110
nm7918400,1.0,9,9,1344
nm1620762,1.0,9,9,1344
nm8836879,1.0,9,9,1344
nm9859981,1.0,9,9,1344
nm9644567,1.0,9,9,1394
nm4041577,0.872475,9,9,1087
nm8320014,0.872475,9,9,1087
nm10437297,0.872475,9,9,1087
nm9908280,1.542482,17,18,1410
nm9405076,1.0,9,9,528
nm5050480,0.947326,9,9,3
nm5304684,0.947326,9,9,3
nm2326212,0.947326,9,9,3
nm5170315,1.0,9,9,1397
nm5250517,1.0,9,9,1397
nm10669296,0.803401,9,9,86
nm1473114,0.949921,9,9,53
nm9134282,0.949921,9,9,53
nm10715871,1.0,9,9,644
nm10321796,1.0,9,9,952
nm10321798,1.0,9,9,952
nm6682211,1.0,9,9,952
nm9688435,1.0,9,9,1250
nm1491156,1.0,9,9,1250
nm5871788,1.0,9,9,1250
nm7429973,1.0,9,9,1250
nm4583219,1.0,9,9,537
nm6523480,1.0,9,9,537
nm0594331,1.0,9,9,537
nm4759838,1.0,9,9,537
nm8535692,1.0,9,9,537
nm5420078,1.0,9,9,1303
nm1183143,1.0,9,9,1303
nm5427808,1.0,9,9,1303
nm4722052,1.0,9,9,1049
nm10399379,1.0,9,9,1049
nm1040372,1.0,9,9,1049
nm5403673,1.0,9,9,1049
nm7862385,1.0,9,9,1049
nm8851822,1.0,9,9,1049
nm7249993,0.956853,9,9,775
nm6767243,0.956853,9,9,775
nm10535773,1.0,9,9,1218
nm3003858,1.0,9,9,1218
nm6011424,1.0,9,9,1218
nm7204225,1.0,9,9,1218
nm9632998,1.0,9,9,1218
nm10295662,1.0,9,9,919
nm8055755,1.0,9,9,919
nm6316977,1.0,9,9,756
nm10689232,1.0,9,9,756
nm10219512,1.0,9,9,756
nm10349386,1.0,9,9,756
nm5085187,1.0,9,9,1356
nm8705358,1.0,9,9,1356
nm10365245,0.86136,9,9,13
nm0001550,0.949921,9,9,52
nm7874640,1.0,9,9,1402
nm5671152,1.0,9,9,1402
nm6534962,1.0,9,9,1402
nm1754239,1.0,9,9,85
nm14650628,0.949921,9,9,624
nm3198287,0.949921,9,9,624
nm5250141,0.949921,9,9,624
nm10195351,1.0,9,9,835
nm11227205,1.0,9,9,835
nm2084963,1.0,9,9,835
nm5509636,0.891961,9,9,110
nm4238608,0.891961,9,9,110
nm9526610,0.891961,9,9,110
nm6481696,1.0,9,9,187
nm0036237,1.0,9,9,187
nm8512754,1.0,9,9,187
nm10185914,1.0,9,9,187
nm11267784,1.0,9,9,187
nm6292133,1.0,9,9,187
nm5723704,1.0,9,9,1308
nm5723588,1.0,9,9,1308
nm6309689,1.0,9,9,1308
nm5723361,1.0,9,9,1308
nm5744563,0.872792,9,9,11
nm7989363,0.872792,9,9,11
nm8770322,0.943053,9,9,411
nm6836192,0.939952,9,9,1216
nm7511275,0.939952,9,9,1216
nm2151197,0.939952,9,9,1216
nm7562994,0.939952,9,9,1216
nm6661994,1.0,9,9,1407
nm6280095,1.0,9,9,781
nm8586210,1.0,9,9,781
nm10313951,1.0,9,9,781
nm8041794,1.0,9,9,781
nm8294221,1.0,9,9,781
nm9498864,0.849944,9,9,11
nm6633565,0.849944,9,9,11
nm6755006,0.813599,9,9,1217
nm10348260,0.805059,9,9,985
nm10348261,0.805059,9,9,985
nm0025193,0.915285,9,9,36
nm2224828,0.915285,9,9,36
nm9137480,0.915285,9,9,36
nm0869461,0.915285,9,9,36
nm9372711,0.956853,9,9,1070
nm10418003,0.956853,9,9,1070
nm11048453,0.956853,9,9,1070
nm1157048,0.956853,9,9,38
nm2941877,0.956853,9,9,38
nm5266794,0.956853,9,9,38
nm9196476,1.0,9,9,1122
nm9205625,1.0,9,9,1122
nm9363506,1.0,9,9,1122
nm9383293,1.0,9,9,1122
nm9604602,1.0,9,9,1386
nm9606557,1.0,9,9,1386
nm9692022,1.0,9,9,1386
nm3460923,1.0,9,9,1386
nm5422980,1.0,9,9,1386
nm0246286,1.690355,17,18,407
nm6301672,0.913706,9,9,82
nm1985962,0.913706,9,9,82
nm3268630,0.913706,9,9,82
nm12008513,0.943427,9,9,36
nm0173585,0.943427,9,9,36
nm12008514,0.943427,9,9,36
nm0375793,1.0,9,9,135
nm1689730,1.0,9,9,135
nm0015651,1.0,9,9,135
nm2733342,1.0,9,9,135
nm0613596,0.661708,9,9,110
nm0879918,0.661708,9,9,110
nm2533322,1.0,9,9,491
nm5950025,1.0,9,9,491
nm0852060,1.0,9,9,491
nm1871688,1.0,9,9,491
nm2181128,1.0,9,9,491
nm10509238,1.0,9,9,500
nm13278693,1.0,9,9,500
nm0874851,1.0,9,9,500
nm2321118,0.956853,9,9,245
nm0077257,0.956853,9,9,245
nm1495359,0.956853,9,9,245
nm6924159,0.956853,9,9,245
nm1046347,0.763999,9,9,110
nm1840556,1.388537,14,18,641
nm1192347,1.388537,14,18,641
nm2791162,0.895361,9,9,56
nm6738885,0.895361,9,9,56
nm10261554,1.0,9,9,864
nm10261557,1.0,9,9,864
nm10261556,1.0,9,9,864
nm3894232,1.0,9,9,864
nm10292584,1.0,9,9,914
nm10292587,1.0,9,9,914
nm10292621,1.0,9,9,914
nm10292622,1.0,9,9,914
nm10292620,1.0,9,9,914
nm0140060,0.956853,9,9,302
nm5077418,0.956853,9,9,302
nm7088715,0.956853,9,9,302
nm2660163,0.8433,9,9,114
nm5844615,0.8433,9,9,114
nm8759834,1.54301,18,18,114
nm10410355,1.0,9,9,1066
nm10410350,1.0,9,9,1066
nm12097325,1.0,9,9,1071
nm12097327,1.0,9,9,1071
nm10423872,1.0,9,9,1076
nm10423857,1.0,9,9,1076
nm2936970,0.848981,9,9,11
nm6003405,0.91084,9,9,56
nm10468606,0.91084,9,9,56
nm10468607,0.91084,9,9,56
nm9814633,0.91084,9,9,56
nm1539366,1.0,9,9,1284
nm1614974,1.0,9,9,1284
nm5310553,1.0,9,9,1284
nm1727188,1.0,9,9,1284
nm1763577,1.0,9,9,1284
nm3121148,1.0,9,9,1284
nm4702939,1.0,9,9,643
nm0758545,1.0,9,9,643
nm4766555,1.0,9,9,643
nm5490670,1.0,9,9,643
nm6349661,1.0,9,9,1401
nm6360564,1.0,9,9,1401
nm6360567,1.0,9,9,1401
nm7165192,1.0,9,9,1401
nm0568770,0.941554,9,9,11
nm5842180,0.941554,9,9,11
nm0277433,0.956853,9,9,18
nm10434490,0.956853,9,9,18
nm5740344,0.956853,9,9,18
nm10537844,0.956853,9,9,18
nm6528259,0.956853,9,9,18
nm8068814,0.956853,9,9,18
nm10275393,0.930214,9,9,11
nm0060544,0.930214,9,9,11
nm2471076,0.930214,9,9,11
nm2765435,0.930214,9,9,11
nm7064292,0.930214,9,9,11
nm11894470,0.948133,9,9,11
nm11894471,0.948133,9,9,11
nm11894473,0.948133,9,9,11
nm0001074,1.0,9,9,58
nm0359398,1.0,9,9,58
nm1182008,1.0,9,9,58
nm1683137,1.0,9,9,58
nm9602953,0.944863,9,9,69
nm1802951,0.944863,9,9,69
nm3408254,0.93291,9,9,6
nm0936198,0.93291,9,9,6
nm1020124,0.93291,9,9,6
nm0086301,0.906527,9,9,24
nm0582149,0.906527,9,9,24
nm2555462,0.906527,9,9,24
nm0683253,0.906527,9,9,24
nm1239713,1.0,9,9,84
nm2383520,1.0,9,9,84
nm4478001,1.0,9,9,84
nm7294663,1.0,9,9,84
nm1432530,0.747064,9,9,11
nm5066571,0.747064,9,9,11
nm8300348,0.598184,9,9,113
nm9413217,0.598184,9,9,113
nm10620615,0.836584,9,9,11
nm10837038,0.836584,9,9,11
nm11192089,0.836584,9,9,11
nm2535064,0.663131,9,9,110
nm3703390,0.868655,9,9,110
nm5310307,0.868655,9,9,110
nm1665759,0.868655,9,9,110
nm0015764,0.940533,9,9,137
nm1939438,0.940533,9,9,137
nm10327043,0.940533,9,9,137
nm3515044,1.0,9,9,158
nm0583856,1.0,9,9,158
nm0925544,1.0,9,9,158
nm0793766,0.562853,9,9,110
nm0620862,0.590822,9,9,177
nm0620634,0.590822,9,9,177
nm10363245,0.890216,9,9,110
nm8211152,0.890216,9,9,110
nm11464786,0.835221,9,9,665
nm11464761,0.835221,9,9,665
nm11464768,0.835221,9,9,665
nm1293000,0.467278,9,9,177
nm3209201,0.468281,9,9,1323
nm0046532,0.925301,9,9,56
nm0302965,0.925301,9,9,56
nm1258927,0.925301,9,9,56
nm4564288,0.925301,9,9,56
nm8240143,0.925301,9,9,56
nm0224511,1.0,9,9,227
nm0287398,1.0,9,9,227
nm9732090,1.0,9,9,227
nm7666800,1.0,9,9,227
nm10526497,0.956853,9,9,254
nm1683947,0.870479,9,9,3
nm4174928,0.870479,9,9,3
nm0109944,1.0,9,9,281
nm4217279,1.0,9,9,281
nm5687599,1.0,9,9,281
nm2978720,1.0,9,9,290
nm8044596,1.0,9,9,290
nm4006608,1.0,9,9,290
nm4110963,1.0,9,9,290
nm0259708,1.0,9,9,299
nm0459732,1.0,9,9,299
nm1879584,1.0,9,9,299
nm2838790,1.0,9,9,304
nm4875180,1.0,9,9,304
nm6798708,0.920494,9,9,11
nm4113924,0.920494,9,9,11
nm3387450,0.859043,9,9,310
nm4450720,0.889029,9,9,23
nm1899013,0.854123,9,9,39
nm10339325,0.940624,9,9,23
nm10339330,0.940624,9,9,23
nm10339326,0.940624,9,9,23
nm4843872,0.949921,9,9,174
nm10555872,0.921881,9,9,369
nm6608434,0.921881,9,9,369
nm6286339,0.956853,9,9,370
nm0305753,0.956853,9,9,370
nm0386176,0.956853,9,9,370
nm0220240,0.956853,9,9,388
nm1204760,0.956853,9,9,388
nm3322393,0.956853,9,9,388
nm4905066,0.956853,9,9,388
nm8011939,0.918001,9,9,86
nm9614260,0.918001,9,9,86
nm11078918,0.918001,9,9,86
nm5764181,0.839541,9,9,86
nm9154859,0.839541,9,9,86
nm0159159,0.839541,9,9,86
nm0226326,0.890382,9,9,3
nm1552467,0.890382,9,9,3
nm9858166,0.921708,9,9,86
nm10504827,0.921708,9,9,86
nm10518837,0.921708,9,9,86
nm2874468,0.913706,9,9,407
nm11205881,0.934964,9,9,30
nm11205882,0.934964,9,9,30
nm0203069,1.0,9,9,367
nm0831051,1.0,9,9,367
nm0004729,0.886731,9,9,11
nm10509072,1.0,9,9,422
nm1335996,1.0,9,9,422
nm2514156,1.0,9,9,422
nm10509071,1.0,9,9,422
nm8004027,1.0,9,9,422
nm0263209,1.0,9,9,426
nm13721893,1.0,9,9,426
nm13721925,1.0,9,9,426
nm13721902,1.0,9,9,426
nm4318066,0.949921,9,9,427
nm9783483,0.949921,9,9,427
nm0267941,1.0,9,9,430
nm14060210,1.0,9,9,430
nm4081805,1.0,9,9,435
nm7401575,1.0,9,9,441
nm1238264,1.0,9,9,441
nm1514052,1.0,9,9,441
nm0299437,0.828112,9,9,110
nm10126150,0.828112,9,9,110
nm11866849,0.828112,9,9,110
nm6598018,0.828112,9,9,110
nm6691848,0.828112,9,9,110
nm0311677,0.750416,9,9,11
nm10794176,0.750416,9,9,11
nm9287628,1.0,9,9,428
nm1642065,1.0,9,9,428
nm0265492,1.0,9,9,428
nm0330832,1.0,9,9,361
nm0729705,1.0,9,9,361
nm0793759,1.0,9,9,361
nm10420930,1.0,9,9,361
nm4649341,0.847771,9,9,483
nm4699858,0.807063,9,9,43
nm1049124,0.807063,9,9,43
nm0389882,1.0,9,9,510
nm1968466,1.0,9,9,510
nm3828269,1.0,9,9,510
nm1919023,0.900024,9,9,110
nm0401286,1.0,9,9,518
nm0889743,1.0,9,9,518
nm1030711,1.0,9,9,518
nm10510494,1.0,9,9,518
nm3284561,0.785738,9,9,504
nm0462069,0.785738,9,9,504
nm10437291,0.785738,9,9,504
nm8559164,0.888814,9,9,111
nm1650197,0.888814,9,9,111
nm8981542,0.888814,9,9,111
nm8160621,0.888814,9,9,111
nm3194282,0.837059,9,9,11
nm0435358,0.872965,9,9,110
nm7139946,0.872965,9,9,110
nm1310525,0.872965,9,9,110
nm10361189,0.956853,9,9,551
nm6702201,0.956853,9,9,551
nm10490168,0.863012,9,9,11
nm9198267,0.863012,9,9,11
nm1253802,0.956853,9,9,245
nm9610124,0.669607,9,9,113
nm4602164,1.0,9,9,584
nm0657510,1.172589,11,18,436
nm2595793,1.172589,11,18,436
nm6550677,1.0,9,9,611
nm1880746,1.0,9,9,611
nm4726429,1.0,9,9,611
nm4297968,0.956853,9,9,320
nm4305421,0.956853,9,9,320
nm10426812,0.956853,9,9,320
nm8067036,0.956853,9,9,320
nm4440521,0.773248,9,9,110
nm0793675,0.773248,9,9,110
nm0879743,0.773248,9,9,110
nm4234452,0.948434,9,9,220
nm1354301,0.654822,9,9,436
nm1950214,0.654822,9,9,436
nm10292987,0.92115,9,9,652
nm0704694,0.880915,9,9,11
nm10936718,0.880915,9,9,11
nm14371606,0.880915,9,9,11
nm1526347,1.0,9,9,693
nm3335067,1.0,9,9,693
nm6832604,1.0,9,9,693
nm3531202,0.920577,9,9,110
nm7017710,0.920577,9,9,110
nm1855836,0.920577,9,9,110
nm2486937,0.920577,9,9,110
nm2873228,0.920577,9,9,110
nm3177356,0.920577,9,9,110
nm6625339,0.810689,9,9,110
nm3368020,0.810689,9,9,110
nm9839032,0.810689,9,9,110
nm4106043,0.870632,9,9,23
nm5638922,0.908274,9,9,200
nm1109153,0.908274,9,9,200
nm2984738,0.908274,9,9,200
nm1071149,0.908274,9,9,200
nm1975511,0.850421,9,9,110
nm3956825,0.850421,9,9,110
nm3530741,0.850421,9,9,110
nm5135200,0.850421,9,9,110
nm10712621,1.0,9,9,757
nm8877277,1.0,9,9,757
nm10032663,1.0,9,9,767
nm10292689,1.0,9,9,767
nm2950889,1.0,9,9,767
nm10703308,1.0,9,9,787
nm1111966,1.0,9,9,787
nm4173692,1.0,9,9,787
nm7272981,1.0,9,9,787
nm7963857,1.0,9,9,787
nm10536936,0.913706,9,9,800
nm10536938,0.913706,9,9,800
nm7467399,0.913706,9,9,800
nm10536937,0.913706,9,9,800
nm6056340,0.913706,9,9,800
nm10110915,1.0,9,9,803
nm5916186,1.0,9,9,803
nm8285867,1.0,9,9,803
nm8637232,1.0,9,9,803
nm8944757,1.0,9,9,803
nm10397757,0.956853,9,9,753
nm10854486,0.956853,9,9,753
nm8697489,1.0,9,9,808
nm1018224,0.810584,9,9,11
nm1189897,0.810584,9,9,11
nm2515388,0.810584,9,9,11
nm10496598,0.810584,9,9,11
nm10708153,1.0,9,9,843
nm10451119,1.0,9,9,843
nm10708155,1.0,9,9,843
nm10722071,1.0,9,9,843
nm11380875,1.0,9,9,368
nm1684740,1.0,9,9,368
nm0875056,1.0,9,9,368
nm11186896,1.0,9,9,368
nm9378508,1.0,9,9,857
nm10459377,1.0,9,9,857
nm10284552,1.0,9,9,903
nm1689689,1.0,9,9,903
nm10297082,0.644401,9,9,113
nm10310790,1.0,9,9,940
nm12475733,1.0,9,9,940
nm2015188,1.0,9,9,940
nm12475731,1.0,9,9,940
nm8516270,1.0,9,9,940
nm10329964,1.0,9,9,962
nm3400134,1.0,9,9,962
nm10343710,1.0,9,9,945
nm9862188,1.0,9,9,945
nm9809869,1.0,9,9,945
nm10313893,1.0,9,9,945
nm10350256,0.913706,9,9,988
nm2238626,1.0,9,9,995
nm2751273,1.0,9,9,995
nm7569294,1.0,9,9,995
nm8863067,1.0,9,9,995
nm10364590,0.758205,9,9,726
nm5373628,1.0,9,9,1015
nm9148197,1.0,9,9,1015
nm10377695,1.0,9,9,1020
nm4777842,1.0,9,9,1020
nm5270858,1.0,9,9,1020
nm10372745,0.956853,9,9,1018
nm11263782,0.956853,9,9,1018
nm10372746,0.956853,9,9,1018
nm10396626,1.0,9,9,1047
nm12900988,1.0,9,9,1047
nm10396627,1.0,9,9,1047
nm9396295,1.0,9,9,1047
nm9472924,1.0,9,9,1047
nm10402089,1.0,9,9,1051
nm10402100,1.0,9,9,1051
nm10402088,1.0,9,9,1051
nm10408829,1.0,9,9,1063
nm10408832,1.0,9,9,1063
nm10408833,1.0,9,9,1063
nm10408836,1.0,9,9,1063
nm2428447,0.956853,9,9,38
nm3127378,0.956853,9,9,38
nm10727705,0.956853,9,9,38
nm3073428,0.956853,9,9,38
nm8902130,0.956853,9,9,38
nm10450002,1.0,9,9,1115
nm10515528,1.0,9,9,1116
nm10458581,1.0,9,9,1129
nm10526025,1.0,9,9,1129
nm10526021,1.0,9,9,1129
nm10526023,1.0,9,9,1129
nm2103791,0.903027,9,9,1054
nm12562660,0.903027,9,9,1054
nm12915505,0.903027,9,9,1054
nm12915507,0.903027,9,9,1054
nm10462460,0.91356,9,9,111
nm10462463,0.91356,9,9,111
nm10476627,1.0,9,9,1147
nm10476634,1.0,9,9,1147
nm10493404,1.0,9,9,1165
nm10493406,1.0,9,9,1165
nm10493414,1.0,9,9,1165
nm10493410,1.0,9,9,1165
nm11879099,0.836765,9,9,114
nm3276965,0.836765,9,9,114
nm4940254,1.0,9,9,1172
nm10500791,1.0,9,9,1173
nm10500792,1.0,9,9,1173
nm10500786,1.0,9,9,1173
nm10505042,1.0,9,9,1178
nm10505052,1.0,9,9,1178
nm2326220,1.0,9,9,1178
nm10505054,1.0,9,9,1178
nm6195775,1.0,9,9,1178
nm10508366,0.956853,9,9,324
nm10508365,0.956853,9,9,324
nm10508368,0.956853,9,9,324
nm10511555,1.0,9,9,797
nm8578134,1.0,9,9,797
nm1008173,1.0,9,9,797
nm10961889,1.0,9,9,797
nm10514928,1.0,9,9,1187
nm3048050,1.0,9,9,1187
nm10517798,1.0,9,9,1187
nm8590992,1.0,9,9,1187
nm9840989,1.0,9,9,1187
nm10520907,1.0,9,9,1198
nm10520917,1.0,9,9,1198
nm10520870,1.0,9,9,1198
nm10520911,1.0,9,9,1198
nm11484891,1.0,9,9,1205
nm11484894,1.0,9,9,1205
nm4318528,1.0,9,9,1205
nm10527092,1.0,9,9,1205
nm11484897,1.0,9,9,1205
nm11372323,1.0,9,9,1205
nm0246703,0.956853,9,9,230
nm1486821,0.956853,9,9,230
nm7110263,0.9216,9,9,137
nm2071924,0.9216,9,9,137
nm6045109,0.9216,9,9,137
nm9533540,0.9216,9,9,137
nm11777608,0.881762,9,9,114
nm15601334,1.0,9,9,1207
nm8544967,1.0,9,9,1207
nm10527795,1.0,9,9,1207
nm7797362,1.0,9,9,1207
nm7960887,1.0,9,9,1207
nm5580438,1.0,9,9,1286
nm8958156,1.0,9,9,1286
nm7414835,1.0,9,9,1240
nm14019957,0.924501,9,9,310
nm3030100,0.924501,9,9,310
nm12231889,1.0,9,9,1283
nm12231890,1.0,9,9,1283
nm12231894,1.0,9,9,1283
nm12231900,1.0,9,9,1283
nm12155878,1.0,9,9,1283
nm12482552,0.948302,9,9,118
nm2459609,0.948302,9,9,118
nm8613028,0.948302,9,9,118
nm12482558,0.948302,9,9,118
nm6491406,0.940154,9,9,56
nm1717582,0.940154,9,9,56
nm12666133,0.902266,9,9,240
nm4691742,0.902266,9,9,240
nm13639494,1.0,9,9,445
nm0295651,1.0,9,9,445
nm13639495,1.0,9,9,445
nm13639499,1.0,9,9,445
nm0119711,0.85278,9,9,200
nm1509089,0.85278,9,9,200
nm5585713,0.85278,9,9,200
nm5812965,0.85278,9,9,200
nm7601016,1.0,9,9,298
nm1243103,1.0,9,9,298
nm3047613,1.0,9,9,298
nm9967887,1.0,9,9,298
nm1794254,0.956853,9,9,837
nm6822356,0.956853,9,9,837
nm8228726,0.908886,9,9,11
nm1328726,0.908886,9,9,11
nm2965286,0.908886,9,9,11
nm8631697,0.854865,9,9,1054
nm2373151,0.806261,9,9,217
nm6728625,0.806261,9,9,217
nm11437647,0.806261,9,9,217
nm2995677,0.806261,9,9,217
nm7488983,0.942373,9,9,460
nm8645154,0.942373,9,9,460
nm0293724,1.0,9,9,396
nm0799544,1.0,9,9,396
nm10975211,1.0,9,9,272
nm2934950,1.0,9,9,272
nm0100263,1.0,9,9,272
nm0294067,0.943792,9,9,1
nm5041464,0.946371,9,9,2
nm0000376,0.8803,9,9,3
nm0005450,1.656728,18,18,3
nm11302980,1.0,9,9,5
nm7434168,1.0,9,9,5
nm8408599,0.942925,9,9,7
nm0000160,0.921881,9,9,8
nm2142336,0.921881,9,9,8
nm0350453,0.921881,9,9,8
nm2051779,1.0,9,9,9
nm0000162,0.890639,9,9,4
nm10802681,1.0,9,9,10
nm0183548,0.916764,9,9,3
nm0241049,1.727352,18,18,3
nm3210828,0.916764,9,9,3
nm3639013,0.916764,9,9,3
nm1408453,0.900765,9,9,3
nm2295319,1.0,9,9,14
nm0010736,1.0,9,9,15
nm4805317,1.0,9,9,15
nm3239803,1.0,9,9,15
nm0005541,0.948678,9,9,8
nm3725055,0.948678,9,9,8
nm0429069,1.733503,18,18,8
nm10701751,0.948678,9,9,8
nm9193672,0.948678,9,9,8
nm0000198,0.907851,9,9,6
nm0001427,0.907851,9,9,6
nm1812656,0.907851,9,9,6
nm3264596,1.67586,18,18,6
nm7193305,1.0,9,9,16
nm8624059,1.0,9,9,16
nm5181138,0.940203,9,9,6
nm0001282,0.940203,9,9,6
nm0727640,0.940203,9,9,6
nm0000228,0.956853,9,9,18
nm0710179,0.956853,9,9,18
nm0000246,1.587944,18,18,3
nm5372988,0.859634,9,9,3
nm0651274,0.859634,9,9,3
nm1388463,1.566841,18,18,11
nm0000329,1.577896,18,18,23
nm0955471,0.855483,9,9,23
nm0947447,0.907127,9,9,23
nm11101448,0.907127,9,9,23
nm0155284,0.907127,9,9,23
nm0477209,0.907127,9,9,23
nm4763863,0.874737,9,9,23
nm2840530,0.874737,9,9,23
nm3666749,0.944863,9,9,24
nm0000409,0.944863,9,9,24
nm9790053,1.0,9,9,27
nm2840660,1.0,9,9,28
nm10933149,1.0,9,9,28
nm10933150,1.0,9,9,28
nm10933151,1.0,9,9,28
nm0000391,0.924626,9,9,6
nm0045791,0.924626,9,9,6
nm0000407,0.918359,9,9,3
nm0671561,0.918359,9,9,3
nm3387568,0.901742,9,9,1
nm0081457,0.901742,9,9,1
nm2395048,1.0,9,9,29
nm3231721,1.0,9,9,29
nm4609222,1.0,9,9,29
nm0000420,0.867416,9,9,30
nm0162911,1.658466,18,18,30
nm0771753,0.867416,9,9,30
nm5034016,3.17401,35,36,1302
nm2431340,0.920386,9,9,31
nm0694843,0.920386,9,9,31
nm0001586,0.885874,9,9,3
nm1795464,0.885874,9,9,3
nm0001720,0.885874,9,9,3
nm0718647,0.885874,9,9,3
nm4561124,0.85402,9,9,6
nm8534450,0.85402,9,9,6
nm4209644,0.940198,9,9,33
nm13361752,0.879021,9,9,3
nm1715118,1.680646,18,18,3
nm3817905,0.879021,9,9,3
nm0195844,0.898836,9,9,3
nm0825627,0.898836,9,9,3
nm0868782,0.898836,9,9,3
nm0000708,0.850655,9,9,3
nm8459247,0.898836,9,9,3
nm0885014,0.898836,9,9,3
nm4376653,0.850655,9,9,3
nm3954882,1.0,9,9,34
nm0869088,1.77665,18,18,35
nm0192377,0.956853,9,9,35
nm0349427,0.956853,9,9,35
nm0383603,0.956853,9,9,35
nm0727165,0.956853,9,9,35
nm0000483,0.899767,9,9,36
nm0693591,0.899767,9,9,36
nm8988411,0.899767,9,9,36
nm0000514,1.563865,18,18,3
nm0513598,0.875764,9,9,3
nm0004904,0.875764,9,9,3
nm0618651,0.875764,9,9,3
nm1251243,0.825157,9,9,3
nm2011932,0.825157,9,9,3
nm7565671,0.946816,9,9,33
nm0000532,1.0,9,9,37
nm0005068,1.0,9,9,37
nm1628079,1.0,9,9,37
nm3890987,1.626598,18,18,6
nm0568385,2.460711,27,27,6
nm0004051,0.897698,9,9,6
nm4862056,0.897698,9,9,6
nm0741388,0.943387,9,9,39
nm13536956,0.943387,9,9,39
nm0001166,1.656382,18,18,4
nm0507814,0.879859,9,9,4
nm4609670,1.609719,18,18,4
nm0000539,0.879859,9,9,4
nm10600389,0.920674,9,9,7
nm9761218,0.920674,9,9,7
nm2053085,0.874216,9,9,6
nm3082341,1.612561,18,18,6
nm5123156,0.874216,9,9,6
nm0412850,1.603115,18,18,6
nm0424848,1.631824,18,18,6
nm1668816,0.920674,9,9,7
nm4708592,0.920674,9,9,7
nm15645588,0.920674,9,9,7
nm2983901,0.920674,9,9,7
nm3564464,0.894454,9,9,7
nm7423562,0.920674,9,9,7
nm9239964,0.875596,9,9,7
nm10532612,0.920674,9,9,7
nm2770629,0.920674,9,9,7
nm6573684,0.920674,9,9,7
nm7380347,0.920674,9,9,7
nm9875211,0.894454,9,9,7
nm0000626,0.926369,9,9,43
nm5289856,0.926369,9,9,43
nm0574159,0.926369,9,9,43
nm5475638,0.926369,9,9,43
nm0000638,0.956853,9,9,44
nm1228007,0.956853,9,9,44
nm0000640,0.899585,9,9,39
nm9584861,0.899585,9,9,39
nm0785352,1.0,9,9,45
nm4845366,1.0,9,9,45
nm6216001,1.0,9,9,45
nm0000665,0.904557,9,9,3
nm1911033,0.904557,9,9,3
nm2632573,0.94476,9,9,3
nm3045634,0.904557,9,9,3
nm0000666,0.920761,9,9,39
nm2479233,0.920761,9,9,39
nm1644112,2.38349,27,27,39
nm0000673,0.93291,9,9,6
nm0203457,0.93291,9,9,6
nm11591853,0.93291,9,9,6
nm11486929,0.913706,9,9,49
nm11731829,0.913706,9,9,49
nm3435229,1.690355,17,18,1359
nm0869718,0.913706,9,9,49
nm1997490,0.913706,9,9,379
nm11771045,0.854376,9,9,6
nm2097479,0.854376,9,9,6
nm0000744,1.0,9,9,51
nm7225702,1.0,9,9,51
nm10154768,1.0,9,9,51
nm8684773,1.0,9,9,51
nm0205772,0.927569,9,9,52
nm1216382,0.949921,9,9,52
nm4404428,0.949921,9,9,52
nm0001595,1.740434,18,18,50
nm0039226,0.927569,9,9,50
nm0101005,0.927569,9,9,50
nm0181288,0.927569,9,9,50
nm0455502,0.927569,9,9,50
nm0385543,0.927569,9,9,50
nm0000051,1.0,9,9,0
nm0036427,1.0,9,9,0
nm0933810,1.0,9,9,0
nm8536897,0.927569,9,9,53
nm9277423,1.740434,18,18,53
nm6884511,0.927569,9,9,53
nm9723440,0.927569,9,9,53
nm0000962,0.956853,9,9,54
nm9455933,0.919522,9,9,56
nm0304282,0.919522,9,9,56
nm0522205,1.730719,18,18,56
nm0001133,0.935481,9,9,2
nm0012178,0.935481,9,9,2
nm1818245,0.935481,9,9,2
nm2804503,1.0,9,9,61
nm0239768,1.0,9,9,61
nm1683043,1.0,9,9,61
nm9715037,1.0,9,9,61
nm0001251,0.89895,9,9,3
nm3616779,0.89895,9,9,3
nm0193509,0.892208,9,9,43
nm10181284,0.892208,9,9,43
nm4302644,0.901742,9,9,65
nm2930154,0.917756,9,9,65
nm4961623,0.917756,9,9,65
nm0001376,0.876785,9,9,23
nm0156955,1.652639,18,18,23
nm0001426,0.938523,9,9,3
nm5377144,0.938523,9,9,3
nm5147838,0.938523,9,9,3
nm1500446,0.933955,9,9,36
nm0233123,0.933955,9,9,36
nm1081573,2.486363,27,27,36
nm0001621,0.946959,9,9,4
nm0241039,1.723483,18,18,4
nm2623337,0.946959,9,9,4
nm7176413,1.0,9,9,67
nm0561114,1.0,9,9,67
nm0005216,1.460328,18,18,2
nm5954287,0.893073,9,9,33
nm0142677,0.893073,9,9,33
nm0854676,0.893073,9,9,33
nm0240537,0.94199,9,9,33
nm14251621,1.0,9,9,70
nm9992117,1.0,9,9,70
nm0713297,1.0,9,9,70
nm0449276,1.0,9,9,73
nm0831127,1.0,9,9,73
nm0844142,1.0,9,9,73
nm0126070,0.941554,9,9,11
nm10217092,0.941554,9,9,11
nm3429346,1.696125,18,18,3
nm0648416,0.941554,9,9,11
nm2228294,0.941554,9,9,11
nm0017343,1.0,9,9,17
nm0056770,1.0,9,9,17
nm7650817,1.0,9,9,17
nm3771539,1.0,9,9,74
nm2632418,1.0,9,9,74
nm4951842,1.0,9,9,74
nm7911216,1.0,9,9,74
nm17832002,1.0,9,9,75
nm8376185,1.0,9,9,75
nm7426302,1.0,9,9,75
nm0002019,1.0,9,9,76
nm0256364,1.0,9,9,76
nm0393028,1.0,9,9,76
nm0007342,1.0,9,9,76
nm0308256,1.0,9,9,76
nm3941379,1.0,9,9,77
nm1526225,1.0,9,9,77
nm0087807,1.0,9,9,77
nm1086319,1.0,9,9,77
nm0780116,2.469786,27,27,11
nm10316647,0.931938,9,9,11
nm5938562,0.931938,9,9,11
nm5134621,1.0,9,9,79
nm0362153,0.91557,9,9,3
nm0001575,1.668896,18,18,3
nm0001995,0.91557,9,9,3
nm13185944,0.91557,9,9,3
nm0002246,1.0,9,9,80
nm1809054,1.0,9,9,80
nm4844496,0.885171,9,9,21
nm0422434,0.93364,9,9,59
nm0675950,0.93364,9,9,59
nm1267261,1.632474,18,18,11
nm0094170,1.593431,18,18,3
nm0031976,1.0,9,9,25
nm16189990,1.0,9,9,25
nm0823366,0.91358,9,9,4
nm0112811,0.899767,9,9,36
nm4109267,0.956853,9,9,81
nm0008713,1.503384,18,18,11
nm3049068,0.828712,9,9,11
nm0222426,0.828712,9,9,11
nm0474774,2.219886,27,27,11
nm6643369,0.942925,9,9,7
nm0236225,0.942925,9,9,7
nm1822183,0.942925,9,9,7
nm2351246,0.942925,9,9,7
nm0004429,0.832634,9,9,86
nm5479385,0.832634,9,9,86
nm7955935,1.558008,18,18,86
nm10507027,0.893832,9,9,87
nm10553203,0.893832,9,9,87
nm10507025,0.893832,9,9,87
nm10507028,0.893832,9,9,87
nm5932580,0.893832,9,9,87
nm2016157,1.0,9,9,89
nm6475293,1.0,9,9,89
nm0004743,0.891626,9,9,3
nm0324790,0.891626,9,9,3
nm0001828,0.891626,9,9,3
nm2394568,0.947645,9,9,3
nm0000154,0.947645,9,9,3
nm9040593,0.947645,9,9,3
nm2360398,0.947645,9,9,3
nm0004898,0.94845,9,9,48
nm8990893,0.94845,9,9,48
nm0005532,0.94845,9,9,48
nm0431235,0.92059,9,9,32
nm14753470,0.92059,9,9,32
nm2222175,0.94845,9,9,48
nm8982579,0.92059,9,9,32
nm1896736,0.94845,9,9,48
nm4544635,0.884616,9,9,3
nm10880962,0.884616,9,9,3
nm0004991,0.956853,9,9,93
nm0166359,0.956853,9,9,93
nm3381677,0.956853,9,9,93
nm0155642,0.938443,9,9,23
nm1067551,0.938443,9,9,23
nm3132907,0.938443,9,9,23
nm0398760,0.877895,9,9,23
nm3518961,0.877895,9,9,23
nm4767006,0.909129,9,9,59
nm1722598,1.717955,18,18,59
nm0005039,1.0,9,9,88
nm1371726,1.0,9,9,88
nm0004645,1.0,9,9,88
nm1113550,0.915664,9,9,4
nm2612382,0.915664,9,9,4
nm5744645,0.947355,9,9,4
nm13561965,0.948678,9,9,8
nm0507592,0.944863,9,9,24
nm3718007,0.944863,9,9,24
nm0858048,0.944863,9,9,24
nm1077299,1.0,9,9,96
nm1469262,1.0,9,9,78
nm1875890,1.0,9,9,78
nm1172890,0.923464,9,9,3
nm0925220,0.923464,9,9,3
nm1807442,0.941253,9,9,3
nm2111833,1.694579,18,18,3
nm4417925,0.941253,9,9,3
nm8642552,0.933975,9,9,3
nm1497328,0.933975,9,9,3
nm9435082,0.9418,9,9,6
nm16543790,0.9418,9,9,6
nm0000576,0.9418,9,9,6
nm4446467,1.697047,18,18,6
nm0005522,0.956853,9,9,98
nm7432163,0.956853,9,9,98
nm1596707,0.956853,9,9,98
nm10516430,0.956853,9,9,98
nm8159701,1.0,9,9,100
nm0048250,1.0,9,9,100
nm9444319,1.0,9,9,100
nm10395515,0.856517,9,9,11
nm6617552,0.856517,9,9,11
nm10395514,0.856517,9,9,11
nm0025625,0.887004,9,9,11
nm0707352,0.88477,9,9,11
nm0006801,0.912975,9,9,12
nm0295568,0.914817,9,9,12
nm0643805,0.914817,9,9,12
nm10691532,0.912975,9,9,12
nm1340738,1.0,9,9,101
nm2784214,1.0,9,9,101
nm0087281,1.0,9,9,102
nm8030827,1.0,9,9,102
nm0007102,0.756941,9,9,11
nm1084853,1.347126,18,18,11
nm2284321,1.529912,18,18,11
nm6209398,0.739627,9,9,11
nm4520191,0.739627,9,9,11
nm0007106,0.865736,9,9,13
nm11629240,0.865736,9,9,13
nm0474820,0.865736,9,9,13
nm8269806,1.664644,18,18,13
nm9952570,0.865736,9,9,13
nm12304446,0.742636,9,9,11
nm0239267,0.894747,9,9,11
nm4225184,0.894747,9,9,11
nm4357061,0.894747,9,9,11
nm10337829,0.898679,9,9,103
nm1472177,1.660278,18,18,103
nm14078127,0.927569,9,9,104
nm10055965,0.927569,9,9,104
nm4209388,1.740434,18,18,104
nm0142790,0.949921,9,9,104
nm5558344,1.0,9,9,106
nm1671208,2.20397,24,27,664
nm1724635,0.841137,9,9,108
nm6470228,0.841137,9,9,108
nm0066093,0.811986,9,9,231
nm0853392,1.245948,17,18,110
nm1717428,0.668546,9,9,110
nm0359275,1.888556,27,27,110
nm0875465,1.230487,18,18,110
nm0847028,0.714458,9,9,110
nm5666452,1.262097,18,18,110
nm0224882,1.076368,17,18,392
nm1257062,2.535078,44,45,113
nm8894386,0.598027,9,9,113
nm2156908,3.605335,56,63,1363
nm5594794,1.60588,27,27,113
nm9450477,0.621742,9,9,112
nm2932493,2.121046,34,36,1380
nm9047366,0.637778,9,9,113
nm2637354,0.691432,9,9,113
nm2897413,1.109527,18,18,113
nm5214862,0.691432,9,9,113
nm0024032,1.635099,27,27,113
nm0284715,0.691432,9,9,113
nm6229748,0.617883,9,9,113
nm2212823,4.064313,65,72,113
nm2933042,0.604046,9,9,113
nm0500618,2.090051,36,36,113
nm2794951,2.087971,35,36,1378
nm8491125,1.082387,17,18,1408
nm10450363,0.61591,9,9,113
nm8358495,0.61591,9,9,113
nm5042848,0.811728,9,9,11
nm6618354,0.811728,9,9,11
nm1137130,0.904773,9,9,97
nm2853853,0.904773,9,9,115
nm1596219,0.904773,9,9,97
nm1947809,0.904773,9,9,97
nm4460584,0.904773,9,9,115
nm0009352,0.956853,9,9,116
nm0215429,0.956853,9,9,116
nm2281741,0.956853,9,9,116
nm0544330,0.94774,9,9,119
nm2047724,0.94774,9,9,119
nm0011775,0.882163,9,9,121
nm5848246,0.882163,9,9,121
nm10018645,0.900498,9,9,56
nm4200805,1.674282,18,18,56
nm6341901,0.900498,9,9,56
nm1822342,1.516745,18,18,11
nm3013500,0.809157,9,9,11
nm17343620,0.809157,9,9,11
nm3806911,1.521082,18,18,11
nm0434263,2.208971,27,27,11
nm1290816,1.546789,18,18,56
nm1106048,0.861547,9,9,56
nm3184137,1.599851,18,18,56
nm3440419,0.861547,9,9,56
nm4912288,1.579385,18,18,56
nm1383883,0.903111,9,9,56
nm0883684,0.903111,9,9,56
nm0764893,0.948455,9,9,124
nm0024908,0.948455,9,9,124
nm1401969,1.698753,18,18,124
nm1742457,0.920637,9,9,124
nm4457541,0.872314,9,9,126
nm7504215,1.632778,17,18,1399
nm7858230,0.900315,9,9,126
nm0014417,1.024154,17,18,128
nm0462208,1.051574,17,18,490
nm0361696,2.925664,40,54,490
nm0945544,2.263264,36,36,110
nm0406737,4.91875,73,90,177
nm0708479,0.593012,9,9,110
nm6710968,0.893761,9,9,23
nm0014629,0.643657,9,9,110
nm0462013,1.796414,26,27,133
nm0590775,1.649631,25,27,505
nm1001108,2.678857,40,45,548
nm0999232,0.659471,9,9,110
nm3554025,1.132224,18,18,110
nm10323147,0.651688,9,9,548
nm5084063,0.659519,9,9,110
nm5224785,0.659166,9,9,110
nm8019376,0.87146,9,9,11
nm10327070,0.87146,9,9,11
nm0590906,1.623369,19,27,615
nm0865800,1.162314,18,18,110
nm10500175,0.656143,9,9,110
nm0879971,2.204344,35,36,554
nm0359271,1.672674,25,27,133
nm0793650,0.635802,9,9,110
nm4085103,0.635802,9,9,110
nm1578697,0.901321,9,9,131
nm5985010,0.881993,9,9,240
nm0035082,0.901321,9,9,131
nm1832154,0.901321,9,9,131
nm2102062,0.881993,9,9,240
nm9761348,0.881993,9,9,240
nm0645207,2.335246,35,36,132
nm0394661,2.156542,30,36,450
nm0875370,1.715564,26,27,490
nm0044445,1.202953,17,18,132
nm0100492,0.696069,9,9,110
nm2596288,0.660445,9,9,110
nm8403469,0.696069,9,9,110
nm0594679,1.218337,18,18,110
nm1459703,0.684695,9,9,110
nm1232756,0.684695,9,9,110
nm0473530,0.6988,9,9,110
nm0784119,1.20356,18,18,110
nm0948499,0.755978,9,9,110
nm0949107,0.755978,9,9,110
nm0044467,3.119365,41,45,176
nm0793732,1.302431,18,18,110
nm0913911,0.707636,9,9,110
nm1066117,3.29773,47,54,548
nm0875460,2.437926,31,45,711
nm1003010,1.113594,17,18,548
nm2852446,2.823216,40,45,739
nm5079362,1.157694,18,18,110
nm9538792,0.64084,9,9,110
nm1158284,1.562597,18,18,136
nm10681083,1.0,9,9,83
nm0611145,1.0,9,9,83
nm3440889,1.0,9,9,83
nm6119388,1.0,9,9,139
nm4103520,1.0,9,9,140
nm0017868,1.34161,13,18,142
nm0059461,2.087443,22,27,142
nm1748460,0.743345,9,9,142
nm1559927,1.0,9,9,143
nm3154399,2.611546,34,36,547
nm10470415,0.735583,9,9,11
nm6446990,0.735583,9,9,11
nm1459609,3.15876,42,45,524
nm8814704,0.730569,9,9,11
nm7205423,1.292114,18,18,11
nm1119544,0.781074,9,9,19
nm5433705,0.781074,9,9,19
nm6736924,1.0,9,9,147
nm0491551,1.0,9,9,147
nm4310184,1.0,9,9,147
nm6494254,1.0,9,9,147
nm0019741,0.956853,9,9,148
nm0950989,0.956853,9,9,148
nm0631494,0.956853,9,9,148
nm0001983,1.0,9,9,60
nm0601512,1.0,9,9,60
nm0942550,0.937615,9,9,59
nm7883974,0.875269,9,9,59
nm2199801,0.875269,9,9,59
nm0061877,0.937615,9,9,59
nm2637702,0.937615,9,9,59
nm9631433,0.937615,9,9,59
nm10056717,0.956853,9,9,151
nm5267697,0.948455,9,9,152
nm0200887,0.948455,9,9,152
nm8738069,0.948455,9,9,152
nm0671721,0.921881,9,9,8
nm0292066,0.921881,9,9,8
nm1678610,0.921881,9,9,8
nm4686142,0.921881,9,9,8
nm1760439,0.920473,9,9,33
nm2664304,0.920473,9,9,33
nm0023097,0.76315,9,9,11
nm1662092,0.922359,9,9,110
nm6030368,0.956853,9,9,155
nm1305153,0.616629,9,9,156
nm5408347,1.184592,17,18,1363
nm3591564,1.084825,18,18,113
nm10319156,1.690355,17,18,951
nm6845069,0.843153,9,9,161
nm9706424,0.843153,9,9,161
nm10584760,1.452887,18,18,11
nm10641095,0.780091,9,9,11
nm11221119,0.901757,9,9,11
nm11480131,0.901757,9,9,11
nm16016764,0.901757,9,9,11
nm7674551,0.780091,9,9,11
nm10312086,0.901757,9,9,11
nm10484265,0.901757,9,9,11
nm1796211,0.901757,9,9,11
nm11221130,0.901757,9,9,11
nm1212515,0.901757,9,9,11
nm4992838,0.901757,9,9,11
nm0869687,1.0,9,9,166
nm0572324,1.0,9,9,166
nm0853439,1.0,9,9,166
nm1035643,0.956853,9,9,167
nm1361049,0.956853,9,9,167
nm3467471,0.956853,9,9,167
nm0516272,0.956853,9,9,167
nm4175887,1.77665,18,18,167
nm0619496,1.0,9,9,168
nm0961121,1.0,9,9,168
nm2983614,1.0,9,9,168
nm2672255,1.0,9,9,168
nm10301996,0.860946,9,9,169
nm0368491,1.0,9,9,170
nm0376891,1.0,9,9,170
nm0511576,1.0,9,9,170
nm10296608,1.0,9,9,170
nm0407520,0.956853,9,9,148
nm10484251,0.835915,9,9,11
nm10691849,0.835915,9,9,11
nm2843559,0.835915,9,9,11
nm9562694,0.835915,9,9,11
nm10691836,0.835915,9,9,11
nm6216593,1.0,9,9,173
nm8582082,1.0,9,9,173
nm0377807,1.0,9,9,173
nm3593926,1.0,9,9,173
nm12473275,1.0,9,9,173
nm10348166,0.664028,9,9,110
nm3640420,0.900226,9,9,21
nm0053519,0.900226,9,9,21
nm1961204,1.62429,18,18,21
nm1877415,0.914155,9,9,33
nm2946712,0.909699,9,9,33
nm1593379,0.909699,9,9,33
nm0032794,0.914155,9,9,33
nm8105906,0.914155,9,9,33
nm1272563,1.08911,17,18,177
nm0298007,0.604448,9,9,177
nm2398174,0.604448,9,9,177
nm0327104,0.717733,9,9,110
nm0410965,1.515868,25,27,177
nm0644856,0.717733,9,9,110
nm0839977,0.643226,9,9,110
nm0945522,1.194282,18,18,110
nm1137962,0.717733,9,9,110
nm0645502,1.789597,26,27,449
nm0847698,1.194974,18,18,110
nm1033299,0.717733,9,9,110
nm5381501,0.641816,9,9,110
nm0793643,1.036053,18,18,110
nm0298575,1.017489,17,18,177
nm0645676,0.600463,9,9,129
nm0367928,1.748678,27,27,110
nm0351273,1.0,9,9,164
nm0190300,1.0,9,9,164
nm0319880,1.0,9,9,164
nm2376212,0.871315,9,27,178
nm1796242,2.548319,39,72,1347
nm1662075,1.223526,21,36,553
nm5666515,0.657154,9,9,110
nm0297891,0.770786,9,9,110
nm0848533,1.491168,18,18,110
nm0298020,0.77301,9,9,110
nm0407401,0.720558,9,9,110
nm6635410,1.072129,23,27,1347
nm1654929,0.765672,15,18,1345
nm2751064,1.355996,27,36,1347
nm10326473,0.410681,9,9,178
nm2384746,1.988492,37,54,1347
nm1257423,1.53202,18,18,110
nm2320634,0.845498,9,9,110
nm6768002,0.845498,9,9,110
nm1947564,0.845498,9,9,110
nm6009711,0.891356,9,9,180
nm5100686,1.0,9,9,181
nm0671886,1.0,9,9,181
nm6038392,1.0,9,9,181
nm0033843,0.909184,9,9,56
nm4108455,0.909184,9,9,56
nm2492023,0.956853,9,9,182
nm4044551,0.956853,9,9,182
nm0266723,1.733503,18,18,163
nm10354664,0.921881,9,9,163
nm0406363,0.939472,9,9,114
nm1290912,0.939472,9,9,114
nm5219130,0.896875,9,9,6
nm2401020,0.896875,9,9,6
nm2295590,0.865955,9,9,6
nm8525654,0.865955,9,9,6
nm5046950,0.66325,9,9,548
nm5086513,0.591882,9,9,110
nm1027842,1.317852,18,18,110
nm9655821,0.591882,9,9,110
nm5770597,0.650712,9,9,113
nm9448164,0.609584,9,9,113
nm5664543,1.145169,18,18,113
nm5675846,1.122366,18,18,113
nm0457973,0.899282,9,9,184
nm1118716,0.899282,9,9,184
nm0448906,0.899282,9,9,184
nm0163217,1.0,9,9,185
nm2450885,1.0,9,9,188
nm0356448,1.0,9,9,188
nm0822998,1.0,9,9,188
nm0510528,0.864733,9,9,56
nm2622173,0.864733,9,9,56
nm0038167,0.818982,9,9,111
nm6264177,0.818982,9,9,111
nm8605837,0.799519,9,9,111
nm1352696,0.905844,9,9,110
nm0793089,0.905844,9,9,110
nm3876657,0.905844,9,9,110
nm1328076,0.857128,9,9,110
nm0475737,0.857128,9,9,110
nm1414471,0.847195,9,9,110
nm0201669,1.0,9,9,190
nm0874556,1.0,9,9,190
nm0457498,0.779915,9,9,110
nm1586246,0.779915,9,9,110
nm0357264,2.003982,25,27,482
nm0762966,0.779915,9,9,110
nm4489759,0.760473,9,9,110
nm10233226,1.0,9,9,192
nm10233228,1.0,9,9,192
nm0039327,1.718744,18,18,59
nm3574449,0.946,9,9,59
nm1839680,0.946,9,9,59
nm0039591,0.845384,9,9,110
nm13071294,0.845384,9,9,110
nm6961436,0.845384,9,9,110
nm0821850,1.0,9,9,193
nm4535489,1.0,9,9,194
nm3829191,1.0,9,9,194
nm0147923,1.49772,18,18,252
nm1015599,0.776688,9,9,402
nm1514447,1.444293,17,18,457
nm1121853,0.776688,9,9,402
nm4364027,0.743029,9,9,402
nm3840978,0.798,9,9,252
nm10535602,0.813074,9,9,111
nm6124828,0.818193,9,9,111
nm10494941,0.818193,9,9,111
nm10498819,0.818193,9,9,111
nm1818216,2.263993,27,27,111
nm0297675,0.747494,9,9,110
nm1832010,0.747494,9,9,110
nm2141178,1.0,9,9,197
nm8208671,1.0,9,9,197
nm4531936,0.956853,9,9,198
nm8619320,0.956853,9,9,198
nm2813164,1.0,9,9,199
nm0623128,1.0,9,9,203
nm3272216,1.0,9,9,203
nm0043396,0.718862,9,9,110
nm1708851,1.258241,18,18,110
nm0359222,1.938827,25,27,216
nm1299912,0.891901,9,9,110
nm5223819,0.891901,9,9,110
nm5862455,2.350363,27,27,110
nm10449322,1.0,9,9,117
nm10449335,1.0,9,9,117
nm0227498,1.732036,18,18,124
nm3603197,0.948455,9,9,124
nm1662096,0.708495,9,9,110
nm0452875,0.614615,9,9,110
nm4487241,0.677961,9,9,110
nm5032766,1.498477,18,18,111
nm5227404,2.169891,27,27,111
nm5781340,0.810202,9,9,111
nm1050671,0.908091,9,9,11
nm1468674,0.908091,9,9,11
nm5024101,0.908091,9,9,11
nm0427358,0.908091,9,9,11
nm7828073,0.908091,9,9,11
nm0045331,1.0,9,9,205
nm4488662,1.0,9,9,205
nm1165804,0.919704,9,9,180
nm0149260,0.919704,9,9,180
nm2384041,0.919704,9,9,180
nm5487541,0.919704,9,9,180
nm5674479,0.919704,9,9,180
nm13609823,0.949921,9,9,206
nm0782005,1.740434,18,18,206
nm13118042,0.949921,9,9,206
nm4829602,0.949921,9,9,206
nm0046522,1.0,9,9,207
nm10341144,1.0,9,9,207
nm10341142,1.0,9,9,207
nm0069974,1.0,9,9,109
nm4824727,1.0,9,9,209
nm1065900,0.947369,9,9,180
nm7079932,0.947369,9,9,180
nm1971640,0.947369,9,9,180
nm2481285,0.915769,9,9,180
nm3042800,0.915769,9,9,180
nm2662182,0.915769,9,9,180
nm0047962,2.08443,27,27,110
nm0814464,0.784633,9,9,110
nm0847628,0.784633,9,9,110
nm10409895,0.784633,9,9,110
nm0632656,1.509389,18,18,110
nm10464469,0.817535,9,9,110
nm4107935,0.817535,9,9,110
nm0463500,1.508591,18,18,110
nm0848862,0.920637,9,9,124
nm1935071,0.920637,9,9,124
nm1767178,0.920637,9,9,124
nm0059824,0.921881,9,9,210
nm0822278,1.706705,18,18,210
nm1566592,0.948678,9,9,210
nm3332284,0.921881,9,9,210
nm6360873,0.921881,9,9,210
nm8285638,0.94774,9,9,1
nm0844371,0.94774,9,9,1
nm3515177,0.94774,9,9,1
nm3801587,1.728441,18,18,1
nm11720085,1.0,9,9,211
nm7636001,1.0,9,9,211
nm0050698,1.0,9,9,212
nm1682551,1.0,9,9,212
nm4027445,1.0,9,9,212
nm10269116,1.0,9,9,213
nm4511069,1.0,9,9,213
nm10400629,0.956853,9,9,214
nm10456939,0.956853,9,9,214
nm7273876,1.77665,18,18,214
nm6660277,0.956853,9,9,214
nm2539875,1.0,9,9,215
nm0467379,1.0,9,9,215
nm1799017,0.73152,9,9,110
nm10304707,0.73152,9,9,110
nm1839900,0.73152,9,9,110
nm1961450,0.73152,9,9,110
nm3159465,0.886925,9,9,110
nm0387033,0.886925,9,9,110
nm10996306,0.886925,9,9,110
nm1662153,1.112186,20,36,217
nm2419625,1.409695,26,45,217
nm2363115,4.177631,51,144,217
nm2386430,2.216685,38,72,217
nm2395335,2.173577,33,72,217
nm6718435,0.671885,13,18,217
nm7288558,0.792779,10,18,217
nm10280979,0.856238,10,27,217
nm10295486,1.38855,24,45,217
nm1662057,2.249467,28,72,217
nm2383070,2.588966,30,90,217
nm2387197,0.980927,21,27,217
nm1799345,0.430145,9,9,217
nm2382711,0.39244,9,9,217
nm10282858,0.692813,16,18,217
nm0051784,1.740434,18,18,218
nm0865411,0.949921,9,9,218
nm0863794,0.949921,9,9,218
nm6914294,0.949921,9,9,218
nm0757104,1.16552,18,18,110
nm0406710,0.631898,9,9,110
nm1191192,0.631898,9,9,110
nm0793616,0.671389,9,9,110
nm0848768,0.671389,9,9,110
nm0905266,0.671389,9,9,110
nm0368100,0.943228,9,9,103
nm3782061,0.943228,9,9,103
nm3269037,0.943228,9,9,103
nm1364109,0.803509,9,9,110
nm3877470,0.803509,9,9,110
nm0620083,1.234389,18,18,110
nm0386285,0.755028,9,9,482
nm1029928,0.755028,9,9,482
nm1359992,0.755028,9,9,482
nm0084443,0.846274,9,9,11
nm2452772,1.0,9,9,221
nm2750217,1.0,9,9,221
nm10418689,1.0,9,9,221
nm0162737,1.0,9,9,221
nm1161041,1.0,9,9,221
nm0564012,1.0,9,9,223
nm13303127,1.0,9,9,223
nm3343260,1.0,9,9,224
nm2707990,1.0,9,9,224
nm2823350,0.948678,9,9,226
nm0217022,1.733503,18,18,226
nm10450270,0.948678,9,9,226
nm0714229,0.906011,9,9,111
nm1148206,0.906011,9,9,111
nm0059303,0.93787,9,9,33
nm2208237,0.93787,9,9,33
nm0312064,1.675939,18,18,33
nm2579651,0.93787,9,9,33
nm0782454,0.93787,9,9,33
nm10538563,0.882889,9,9,142
nm5107399,0.882889,9,9,142
nm0430705,1.0,9,9,229
nm8334221,0.956853,9,9,230
nm0890159,0.956853,9,9,230
nm1524882,0.890329,9,9,11
nm3404556,0.890329,9,9,11
nm0595936,0.890329,9,9,11
nm1466902,0.890329,9,9,11
nm0063387,1.694037,18,18,118
nm5828513,1.731103,18,18,118
nm7804649,0.919857,9,9,118
nm3432415,0.919857,9,9,118
nm3719463,0.919857,9,9,118
nm1982617,0.887113,9,9,36
nm3214170,0.905679,9,9,36
nm8497569,0.887113,9,9,36
nm4561528,0.887113,9,9,36
nm6395915,1.655736,18,18,36
nm1336617,1.0,9,9,232
nm12416423,0.851202,9,9,103
nm0612616,0.851202,9,9,103
nm3017003,0.851202,9,9,103
nm0069898,0.920637,9,9,152
nm2445177,0.915172,9,9,152
nm11304634,0.920637,9,9,152
nm8873142,0.915172,9,9,152
nm0069994,1.0,9,9,238
nm10395998,1.0,9,9,238
nm10465362,0.901911,9,9,110
nm1127662,0.901911,9,9,110
nm10365867,0.927846,9,9,240
nm3719472,0.927846,9,9,240
nm5508008,0.927846,9,9,240
nm1457831,1.0,9,9,241
nm4208163,1.0,9,9,241
nm5431622,1.0,9,9,241
nm0456507,1.0,9,9,241
nm10454823,0.831944,9,9,13
nm1098018,0.92796,9,9,19
nm1241531,0.831944,9,9,13
nm11312574,0.92796,9,9,19
nm0618936,1.503498,18,18,13
nm3836224,0.92796,9,9,19
nm13154981,1.0,9,9,242
nm13154960,1.0,9,9,242
nm13154973,1.0,9,9,242
nm6004699,0.949921,9,9,244
nm1058827,0.949921,9,9,244
nm4427913,0.945843,9,9,200
nm7104320,0.945843,9,9,200
nm3143558,1.717061,18,18,200
nm5242693,0.945843,9,9,200
nm0387012,1.0,9,9,247
nm12470282,1.0,9,9,247
nm3646923,1.645175,18,18,33
nm10498203,0.901547,9,9,33
nm7748240,0.901547,9,9,33
nm3833583,0.91363,9,9,11
nm1421465,0.91363,9,9,11
nm2275012,0.91363,9,9,11
nm10529328,0.84982,9,9,11
nm0846681,0.818393,9,9,11
nm2132667,2.131292,27,27,3
nm2536215,0.893972,9,9,851
nm5637317,2.041862,27,27,11
nm10568843,0.818755,9,9,11
nm2366974,0.866429,9,9,11
nm4876224,0.818393,9,9,11
nm6106368,0.866429,9,9,11
nm6299092,0.769785,9,9,11
nm0080333,1.0,9,9,249
nm14037831,1.0,9,9,249
nm6310844,1.0,9,9,249
nm9551261,1.0,9,9,249
nm11306918,1.550487,18,18,11
nm10339440,0.935099,9,9,19
nm10339429,0.935099,9,9,19
nm10339441,0.935099,9,9,19
nm9577747,0.935099,9,9,19
nm1981893,1.0,9,9,250
nm9342181,1.0,9,9,250
nm4408716,1.0,9,9,250
nm0891350,1.0,9,9,251
nm10446094,1.0,9,9,251
nm1460782,0.915769,9,9,180
nm0108509,0.915769,9,9,180
nm5477543,0.915769,9,9,180
nm0244707,0.915769,9,9,180
nm0090353,0.943792,9,9,1
nm5878208,0.943792,9,9,1
nm1992756,0.943792,9,9,1
nm0952102,0.915172,9,9,124
nm6552300,0.915172,9,9,124
nm0083795,0.948073,9,9,6
nm12528125,0.948073,9,9,6
nm0550371,0.948073,9,9,6
nm0641433,0.948073,9,9,6
nm3438835,1.729896,18,18,6
nm0592271,1.0,9,9,255
nm1449512,0.956853,9,9,151
nm6271582,0.956853,9,9,151
nm0089707,0.956853,9,9,256
nm0163060,1.0,9,9,258
nm5751695,1.0,9,9,258
nm7984132,1.0,9,9,258
nm0434129,1.0,9,9,258
nm0474054,1.0,9,9,259
nm0531722,1.0,9,9,259
nm10828061,1.0,9,9,259
nm0371415,1.0,9,9,259
nm2452384,1.0,9,9,260
nm5783517,1.0,9,9,260
nm6449080,1.0,9,9,260
nm3324982,0.908054,9,9,3
nm0486426,1.0,9,9,150
nm0093210,1.0,9,9,150
nm0795495,0.956853,9,9,264
nm1914593,1.77665,18,18,264
nm11410408,0.956853,9,9,264
nm1669753,1.653263,18,18,55
nm0141140,0.904493,9,9,36
nm1739904,0.904493,9,9,36
nm6060299,0.904493,9,9,36
nm0846484,1.660002,18,18,36
nm10444269,0.943593,9,9,220
nm3887158,0.943593,9,9,220
nm5510319,0.943593,9,9,220
nm2253794,0.943593,9,9,220
nm0095465,1.0,9,9,266
nm10543180,1.0,9,9,266
nm0898544,1.0,9,9,267
nm0025879,1.0,9,9,162
nm0126606,1.0,9,9,162
nm2622044,1.0,9,9,268
nm0845270,1.0,9,9,268
nm4222026,1.0,9,9,269
nm4478540,1.0,9,9,269
nm7429604,1.0,9,9,269
nm9669717,1.0,9,9,269
nm6707561,1.0,9,9,269
nm9810442,1.0,9,9,269
nm0098388,1.0,9,9,270
nm0602131,1.0,9,9,270
nm0212328,1.0,9,9,270
nm0098524,0.827411,9,9,271
nm0460697,1.517766,15,18,563
nm8398350,0.827411,9,9,271
nm0099560,1.0,9,9,62
nm0127656,1.0,9,9,62
nm0306351,1.0,9,9,62
nm0959420,1.0,9,9,62
nm0001238,1.0,9,9,62
nm0100460,0.897379,9,9,21
nm10089139,0.917717,9,9,11
nm0230479,0.808777,9,9,195
nm10435079,0.808777,9,9,195
nm0438736,0.872067,9,9,195
nm0783991,0.872067,9,9,195
nm4762222,0.872067,9,9,195
nm0103852,0.906317,9,9,11
nm1833810,0.906317,9,9,11
nm5672421,0.881839,9,9,11
nm4246018,0.881839,9,9,11
nm6541199,0.906317,9,9,11
nm11844089,1.0,9,9,275
nm0530726,0.927569,9,9,276
nm0774634,1.740434,18,18,276
nm3529321,0.927569,9,9,276
nm9854757,0.956853,9,9,277
nm7953451,0.956853,9,9,277
nm3084436,0.948678,9,9,163
nm3766704,0.948678,9,9,163
nm0881986,0.948678,9,9,163
nm0217819,0.9098,9,9,59
nm2270016,0.9098,9,9,59
nm3110915,0.861119,9,9,21
nm1760053,1.0,9,9,278
nm10505085,1.0,9,9,278
nm10505086,1.0,9,9,278
nm0243620,0.933955,9,9,36
nm2558275,0.933955,9,9,36
nm0200702,0.933955,9,9,36
nm0108820,1.0,9,9,279
nm5462219,1.0,9,9,279
nm4124704,1.0,9,9,279
nm0114216,1.0,9,9,282
nm0587686,1.0,9,9,282
nm2692160,1.0,9,9,282
nm7899183,1.0,9,9,282
nm0645822,0.930135,9,9,55
nm1411679,0.930135,9,9,55
nm0764671,0.930135,9,9,55
nm1466093,1.60095,18,18,55
nm0474492,1.636193,18,18,55
nm2555387,1.0,9,9,284
nm3411358,1.0,9,9,284
nm1288981,1.0,9,9,284
nm6420055,1.0,9,9,284
nm0117697,1.0,9,9,228
nm0806662,1.0,9,9,228
nm0058537,1.0,9,9,228
nm10625465,0.939526,9,9,33
nm10625466,0.939526,9,9,33
nm1257208,0.939526,9,9,33
nm0154236,1.0,9,9,47
nm0949775,1.0,9,9,47
nm0913797,1.0,9,9,47
nm15780117,1.0,9,9,47
nm0119193,0.921881,9,9,226
nm3641050,0.921881,9,9,226
nm0760866,0.921881,9,9,226
nm0119234,1.0,9,9,286
nm0161974,1.0,9,9,286
nm8311520,1.0,9,9,286
nm0119870,1.0,9,9,287
nm0277932,1.0,9,9,287
nm2099145,1.0,9,9,287
nm3362584,1.0,9,9,287
nm0126284,0.905065,9,9,6
nm9881756,0.905065,9,9,6
nm2796745,0.905065,9,9,6
nm0127150,1.0,9,9,291
nm12012457,1.0,9,9,291
nm12012458,1.0,9,9,291
nm2524138,1.0,9,9,291
nm1677477,0.938757,9,9,3
nm0314980,0.899485,9,9,33
nm1318798,1.0,9,9,294
nm0885204,1.0,9,9,295
nm0264768,1.0,9,9,295
nm0330923,1.0,9,9,295
nm0654876,1.0,9,9,295
nm0136036,1.0,9,9,296
nm0229301,1.0,9,9,296
nm1833640,1.0,9,9,296
nm10207272,1.0,9,9,296
nm11128751,1.0,9,9,297
nm7529924,1.0,9,9,297
nm10070800,1.0,9,9,297
nm8030246,1.0,9,9,297
nm0239402,1.0,9,9,138
nm0747365,1.0,9,9,138
nm8516743,1.0,9,9,300
nm10485613,1.0,9,9,300
nm8427431,1.0,9,9,300
nm0139568,0.876073,9,9,23
nm8969330,0.956853,9,9,93
nm9058135,0.956853,9,9,93
nm4146448,0.956853,9,9,44
nm6632536,0.956853,9,9,44
nm0116197,0.905679,9,9,36
nm1840504,0.943387,9,9,39
nm3616423,0.943387,9,9,39
nm3055456,0.943387,9,9,39
nm1073777,0.943387,9,9,39
nm4417549,0.943387,9,9,39
nm2063290,1.0,9,9,305
nm5454124,1.0,9,9,305
nm1984126,1.0,9,9,305
nm2532542,1.0,9,9,72
nm1162222,1.0,9,9,72
nm1569942,1.0,9,9,72
nm0146993,1.0,9,9,307
nm0285753,1.0,9,9,307
nm10485398,1.0,9,9,307
nm3516479,1.0,9,9,307
nm0190591,1.0,9,9,308
nm0246873,0.864111,9,9,252
nm0147994,0.933216,9,9,56
nm0149194,0.891304,9,9,195
nm0457860,0.891304,9,9,195
nm4062958,0.891304,9,9,195
nm0351366,0.834939,9,9,195
nm0959885,0.891304,9,9,195
nm0149826,0.864411,9,9,310
nm11587695,0.865791,9,9,310
nm1910815,1.610737,17,18,1360
nm2756056,0.864411,9,9,310
nm10963782,0.865791,9,9,310
nm3392688,0.864411,9,9,310
nm6074326,0.913484,9,9,3
nm0001705,0.913484,9,9,3
nm0864490,0.913484,9,9,3
nm1944055,0.913484,9,9,3
nm0488477,1.0,9,9,311
nm1682659,1.0,9,9,311
nm0150882,0.948678,9,9,123
nm0508424,0.948678,9,9,123
nm10430873,0.948678,9,9,123
nm0461904,0.948678,9,9,123
nm1165904,0.948678,9,9,123
nm2183622,0.921881,9,9,123
nm2985692,0.921881,9,9,123
nm0151071,1.0,9,9,312
nm0158605,1.0,9,9,312
nm0950475,1.0,9,9,312
nm10290898,1.0,9,9,312
nm0151282,0.852313,9,9,11
nm4043111,2.226387,27,27,3
nm0152061,0.886557,9,9,23
nm0854990,0.886557,9,9,23
nm11084814,0.869363,9,9,23
nm2682046,0.886557,9,9,23
nm8361677,0.886557,9,9,23
nm0169753,1.0,9,9,313
nm1209413,1.0,9,9,313
nm5133879,1.0,9,9,313
nm7725345,0.85894,9,9,310
nm3419887,1.549662,18,18,23
nm10364903,1.0,9,9,315
nm1330495,0.943792,9,9,65
nm0957746,0.943792,9,9,65
nm4003072,0.919144,9,9,23
nm10506272,0.919144,9,9,23
nm0702619,0.919144,9,9,23
nm0837784,0.949921,9,9,316
nm1747928,0.903971,9,9,21
nm1513899,0.903971,9,9,21
nm5533667,0.91291,9,9,23
nm9751810,0.91291,9,9,23
nm0353697,0.89638,9,9,110
nm2144460,0.860347,9,9,110
nm2367277,0.860347,9,9,110
nm0386252,0.89638,9,9,110
nm0394649,0.89638,9,9,110
nm0619200,0.860347,9,9,110
nm1483861,0.89638,9,9,110
nm0848401,0.664247,9,9,177
nm2103881,0.664247,9,9,177
nm2386820,0.664247,9,9,177
nm0652689,0.596199,9,9,110
nm0157207,0.956853,9,9,320
nm3047464,0.956853,9,9,320
nm4310467,0.956853,9,9,320
nm7691231,1.0,9,9,322
nm10337014,1.0,9,9,322
nm2242337,0.956853,9,9,324
nm2868791,0.956853,9,9,324
nm7224067,0.956853,9,9,324
nm9175942,1.77665,18,18,324
nm0159337,0.886301,9,9,126
nm0403951,0.886301,9,9,126
nm7635634,0.886301,9,9,126
nm3242110,0.949921,9,9,42
nm5056119,0.949921,9,9,42
nm2811073,0.927569,9,9,42
nm0317181,0.927569,9,9,42
nm3442411,0.927569,9,9,42
nm0159537,0.887563,9,9,11
nm0438496,0.887563,9,9,11
nm5766822,1.0,9,9,325
nm0396187,1.0,9,9,325
nm7684245,1.0,9,9,325
nm4274135,1.0,9,9,327
nm3692419,1.0,9,9,327
nm0475054,0.86875,9,9,329
nm1907973,0.828623,9,9,110
nm8929536,0.828623,9,9,110
nm13499866,0.86875,9,9,329
nm9954803,0.86875,9,9,329
nm0162072,1.0,9,9,330
nm0162502,1.0,9,9,332
nm11460158,1.0,9,9,332
nm13462877,1.0,9,9,332
nm0769233,0.874396,9,9,30
nm1314276,1.674698,18,18,30
nm5565166,0.874396,9,9,30
nm0162945,0.949921,9,9,331
nm0501743,0.949921,9,9,331
nm0438578,1.740434,18,18,331
nm4286925,0.949921,9,9,331
nm7439143,0.949921,9,9,331
nm1107053,0.911193,9,9,56
nm0015846,0.911193,9,9,56
nm0202516,1.684978,18,18,56
nm2965538,0.911193,9,9,56
nm1832026,0.911193,9,9,56
nm4915334,1.0,9,9,333
nm8749103,1.0,9,9,333
nm3215397,0.939512,9,9,39
nm0169399,1.0,9,9,243
nm9499214,1.0,9,9,243
nm0171499,1.68246,18,18,33
nm11068068,0.938831,9,9,33
nm7083392,0.913549,9,9,33
nm2325956,0.913549,9,9,33
nm3057022,0.913549,9,9,33
nm8969293,0.913549,9,9,33
nm11364109,1.0,9,9,338
nm10261280,0.906363,9,9,6
nm1481355,0.943427,9,9,36
nm1531116,0.943427,9,9,36
nm6388096,1.740434,18,18,206
nm1194281,1.574455,18,18,56
nm8245587,0.856618,9,9,56
nm1006583,1.621896,18,18,56
nm2475907,0.856618,9,9,56
nm1145422,1.0,9,9,344
nm3388377,1.0,9,9,344
nm0182904,0.938732,9,9,345
nm11029299,0.938732,9,9,345
nm2081663,0.900653,9,9,220
nm0183660,0.938831,9,9,33
nm10413970,0.938831,9,9,33
nm1868293,1.0,9,9,347
nm0750521,1.0,9,9,347
nm4204330,1.0,9,9,347
nm4347120,1.0,9,9,350
nm4649116,1.0,9,9,350
nm10793054,1.0,9,9,351
nm4252139,1.0,9,9,351
nm5124307,1.0,9,9,351
nm0714695,1.0,9,9,351
nm1166167,1.0,9,9,351
nm10525993,1.0,9,9,352
nm8984132,1.0,9,9,353
nm11236496,1.0,9,9,353
nm0633715,0.948678,9,9,163
nm1010999,0.948678,9,9,163
nm0028007,1.733503,18,18,163
nm0188709,1.0,9,9,354
nm5574410,1.0,9,9,354
nm2377551,1.0,9,9,354
nm9102026,0.956853,9,9,355
nm1642639,0.948431,9,9,33
nm5842571,0.948431,9,9,33
nm0190388,0.956853,9,9,116
nm0028059,0.956853,9,9,116
nm0347276,0.956853,9,9,116
nm10328867,0.956853,9,9,116
nm4075149,0.947041,9,9,59
nm3143686,0.947041,9,9,59
nm5803605,0.947041,9,9,59
nm0193024,1.0,9,9,357
nm0337042,1.0,9,9,357
nm0922342,1.0,9,9,357
nm3020303,0.941793,9,9,43
nm3680266,0.941793,9,9,43
nm8487528,0.941793,9,9,43
nm3180472,0.941793,9,9,43
nm4576084,0.941793,9,9,43
nm0678261,0.921881,9,9,210
nm1303310,0.921881,9,9,210
nm10279438,0.948678,9,9,210
nm6419485,0.948678,9,9,210
nm10514469,1.0,9,9,358
nm11778044,0.956853,9,9,302
nm3587952,0.956853,9,9,302
nm4173047,1.0,9,9,359
nm0244890,1.556532,18,18,11
nm10049716,0.857004,9,9,11
nm0882287,0.825362,9,9,11
nm7944314,2.184306,27,27,11
nm14118468,0.825362,9,9,11
nm11541661,1.0,9,9,362
nm11541663,1.0,9,9,362
nm11541662,1.0,9,9,362
nm3020280,1.0,9,9,362
nm6714979,1.0,9,9,362
nm0199006,0.903582,9,9,36
nm2488871,0.67845,9,9,110
nm0682578,0.87699,9,9,371
nm5269206,0.87699,9,9,371
nm0491065,0.902518,9,9,59
nm3373863,0.902518,9,9,59
nm5383147,1.0,9,9,183
nm0346491,1.0,9,9,183
nm0042144,1.0,9,9,183
nm10582239,1.0,9,9,373
nm2568198,1.0,9,9,374
nm4116010,1.0,9,9,374
nm14007687,1.0,9,9,375
nm4539107,1.0,9,9,375
nm0380521,1.0,9,9,376
nm0927937,1.359301,18,18,113
nm10496667,0.878765,9,9,113
nm2646872,0.878765,9,9,113
nm1397299,0.853992,9,9,310
nm2671390,1.574099,18,18,310
nm6649930,0.853992,9,9,310
nm0214240,0.943228,9,9,103
nm3505439,0.943228,9,9,103
nm2462840,0.943228,9,9,103
nm1440098,1.0,9,9,380
nm2964387,1.0,9,9,380
nm0592782,1.0,9,9,381
nm10531595,1.0,9,9,381
nm6199186,1.0,9,9,381
nm10510557,1.0,9,9,382
nm1951216,1.0,9,9,382
nm2925304,1.0,9,9,382
nm0885934,0.943792,9,9,65
nm2587859,0.943792,9,9,65
nm10511214,0.921881,9,9,226
nm2799390,0.921881,9,9,226
nm4932442,1.0,9,9,385
nm6134388,0.956853,9,9,387
nm0480524,0.892565,9,9,36
nm0310865,0.892565,9,9,36
nm0419894,1.697203,18,18,36
nm11243529,0.927569,9,9,316
nm8213628,0.927569,9,9,316
nm13674212,0.927569,9,9,316
nm13575723,0.927569,9,9,316
nm7179123,0.949921,9,9,316
nm6390296,1.77665,18,18,389
nm7435942,0.956853,9,9,389
nm10644868,0.956853,9,9,389
nm7864509,0.956853,9,9,389
nm12878330,0.791139,9,9,11
nm17167773,0.791139,9,9,11
nm4710099,1.970997,27,27,11
nm7639503,1.449693,18,18,11
nm3807965,0.781687,9,9,11
nm1244971,1.551005,18,18,13
nm5644335,0.919119,9,9,11
nm0905108,0.948269,9,9,349
nm2156780,0.948269,9,9,349
nm0398713,0.949921,9,9,331
nm0623938,0.927569,9,9,331
nm0826174,0.927569,9,9,331
nm0482261,0.949921,9,9,331
nm0953840,0.949921,9,9,331
nm1167094,0.927569,9,9,331
nm0162311,0.949921,9,9,331
nm0592799,2.392952,27,27,21
nm10482677,0.896258,9,9,21
nm1201151,0.896258,9,9,21
nm13763737,0.896258,9,9,21
nm10866044,1.0,9,9,390
nm9286237,1.0,9,9,391
nm10467153,1.0,9,9,391
nm10467155,1.0,9,9,391
nm0900577,0.927569,9,9,218
nm0463827,0.927569,9,9,218
nm9084786,1.740434,18,18,218
nm0423031,1.0,9,9,395
nm0004539,0.907451,9,9,3
nm2805533,0.907451,9,9,3
nm5269143,0.907451,9,9,3
nm1029764,0.934412,9,9,59
nm3474166,0.934412,9,9,59
nm2201207,0.949921,9,9,218
nm1595733,0.949921,9,9,218
nm2345589,0.949921,9,9,218
nm12711701,1.0,9,9,398
nm3839849,1.0,9,9,398
nm6394314,1.0,9,9,398
nm0759797,0.927569,9,9,244
nm1127862,0.949921,9,9,244
nm7099888,0.927569,9,9,244
nm5569044,1.0,9,9,399
nm0241291,1.0,9,9,400
nm1128461,1.0,9,9,400
nm0533589,1.0,9,9,401
nm2771798,1.0,9,9,401
nm14306495,1.0,9,9,403
nm5816610,1.0,9,9,403
nm0788164,0.818848,9,9,310
nm3054665,1.606293,18,18,310
nm5016551,1.533359,17,18,1376
nm6100884,1.0,9,9,405
nm0245988,1.0,9,9,406
nm2685920,1.0,9,9,406
nm2369414,1.0,9,9,409
nm2803420,1.0,9,9,409
nm0430331,1.0,9,9,409
nm0427963,1.676028,18,18,6
nm1502218,0.937683,9,9,6
nm1682832,0.937683,9,9,6
nm6843400,0.937683,9,9,6
nm0322741,1.0,9,9,410
nm1699594,0.919294,9,9,11
nm1796422,0.812615,9,9,110
nm10468792,0.943053,9,9,411
nm10622302,0.943053,9,9,411
nm6408861,0.943053,9,9,411
nm8009836,0.943053,9,9,411
nm10468793,0.943053,9,9,411
nm0869035,1.605613,17,18,709
nm3211285,0.863628,9,9,30
nm0703725,1.0,9,9,46
nm1439400,1.0,9,9,46
nm2076652,1.0,9,9,46
nm0872997,1.0,9,9,46
nm2017943,2.070882,21,27,6
nm4810527,0.880111,9,9,6
nm6623135,0.880111,9,9,6
nm0252847,0.874694,9,9,136
nm14502745,0.956853,9,9,57
nm15235807,0.956853,9,9,57
nm14502746,0.956853,9,9,57
nm2265507,0.956853,9,9,57
nm10346113,1.0,9,9,417
nm4630525,1.0,9,9,417
nm12366953,0.91602,9,9,43
nm1372650,0.91602,9,9,43
nm1097739,2.339289,27,27,110
nm1330681,0.872282,9,9,110
nm0847224,0.872282,9,9,110
nm0441549,0.859903,9,9,110
nm1855682,0.859903,9,9,110
nm0784112,0.730558,9,9,110
nm0297788,1.363238,17,18,448
nm0389922,0.702874,9,9,110
nm0847645,1.315132,18,18,110
nm5996757,0.902943,9,9,137
nm2413221,0.902943,9,9,137
nm7099101,0.902943,9,9,137
nm2409083,0.920386,9,9,420
nm3536989,0.920386,9,9,420
nm0594344,0.703137,9,9,110
nm0559642,0.700554,9,9,110
nm0756866,0.703365,9,9,110
nm1148769,0.703365,9,9,110
nm0586524,1.29392,18,18,110
nm1024541,0.814976,9,9,252
nm0351565,0.814976,9,9,252
nm5456245,1.0,9,9,421
nm0683898,1.0,9,9,421
nm15376777,1.0,9,9,421
nm3938099,1.0,9,9,421
nm0260470,1.0,9,9,423
nm0648282,1.0,9,9,423
nm10406791,1.0,9,9,423
nm1209316,1.0,9,9,423
nm4846250,1.0,9,9,423
nm1649791,0.914171,9,9,424
nm0451571,1.550391,18,18,424
nm1209792,0.914171,9,9,424
nm10431640,1.0,9,9,425
nm1273899,1.0,9,9,425
nm0010157,0.916683,9,9,118
nm2201406,0.900816,9,9,111
nm10850375,0.900816,9,9,111
nm2715168,0.865117,9,9,111
nm4944598,0.865117,9,9,111
nm5047005,0.900816,9,9,111
nm6667874,0.888459,9,9,36
nm0539335,1.543559,18,18,111
nm1714614,0.862898,9,9,111
nm2698488,0.862898,9,9,111
nm10209071,1.0,9,9,429
nm10732664,1.0,9,9,429
nm10732661,1.0,9,9,429
nm5462166,0.892303,9,9,6
nm6001320,0.892303,9,9,6
nm0295625,1.0,9,9,432
nm0701180,1.0,9,9,432
nm5551759,1.171765,18,18,113
nm5048074,0.648096,9,9,113
nm9411001,0.672797,9,9,113
nm9503474,0.665114,9,9,113
nm8894369,1.60063,26,27,474
nm0273143,1.660084,18,18,349
nm0303577,0.943593,9,9,220
nm0558261,0.943593,9,9,220
nm1876129,0.943593,9,9,220
nm4967937,0.943593,9,9,220
nm6415715,0.943593,9,9,220
nm2613100,1.676028,18,18,6
nm4161838,0.875401,9,9,6
nm3154969,1.0,9,9,404
nm0244756,1.0,9,9,404
nm11614280,1.0,9,9,404
nm2796399,1.0,9,9,404
nm3198758,1.0,9,9,404
nm0830802,1.0,9,9,196
nm1327526,1.0,9,9,196
nm0482970,1.67535,18,18,23
nm3462599,1.0,9,9,438
nm11648877,1.0,9,9,438
nm2547298,1.0,9,9,438
nm9598928,0.920501,9,9,220
nm1373106,0.914373,9,9,220
nm7506705,0.914373,9,9,220
nm7234020,0.914373,9,9,220
nm1376997,1.0,9,9,439
nm1437387,1.0,9,9,439
nm1795828,1.0,9,9,439
nm0286567,0.773277,9,9,424
nm11829658,0.816084,9,9,111
nm2506509,0.792231,9,9,111
nm7060634,0.792231,9,9,111
nm15776358,0.792231,9,9,111
nm4961778,0.895462,9,9,111
nm7104443,2.0695,26,27,1409
nm0951954,0.816084,9,9,111
nm10295049,0.895462,9,9,111
nm6436913,0.792231,9,9,111
nm10978726,1.0,9,9,341
nm10962298,1.0,9,9,341
nm2441169,0.903227,9,9,110
nm0793697,0.883746,9,9,110
nm1502351,0.903227,9,9,110
nm2611934,0.883746,9,9,110
nm9356262,0.883746,9,9,110
nm10443946,1.0,9,9,442
nm10443950,1.0,9,9,442
nm11168484,1.0,9,9,443
nm11168485,1.0,9,9,443
nm4381156,1.0,9,9,443
nm1759945,1.0,9,9,444
nm3588309,1.0,9,9,444
nm10516649,1.0,9,9,447
nm7601695,1.0,9,9,447
nm0476211,1.708779,18,18,110
nm0757324,0.79742,9,9,110
nm0359219,0.79742,9,9,110
nm0617078,0.79742,9,9,110
nm1654497,0.729268,9,9,449
nm1665465,0.631187,9,9,110
nm2874587,0.729268,9,9,449
nm0299397,0.729268,9,9,449
nm10361793,0.631187,9,9,110
nm5361971,0.649988,9,9,110
nm0457956,1.305193,18,18,110
nm1649761,0.720618,9,9,110
nm0468699,0.676435,9,9,110
nm0945354,0.720618,9,9,110
nm1270165,0.720618,9,9,110
nm14819681,0.908906,9,9,110
nm3217785,0.908906,9,9,110
nm9005902,0.937577,9,9,110
nm0361665,0.937577,9,9,110
nm5203099,1.604825,18,18,110
nm0266528,0.873871,9,9,110
nm0386388,0.943223,9,9,110
nm0299203,1.124623,12,18,450
nm1839828,0.629169,9,9,450
nm4464298,1.0,9,9,451
nm1392596,1.0,9,9,451
nm3043258,1.0,9,9,451
nm6210009,1.0,9,9,451
nm0419293,1.0,9,9,451
nm5630743,1.0,9,9,451
nm3026217,0.86219,9,9,6
nm4545599,0.86219,9,9,6
nm2698115,1.579258,17,18,1375
nm3026487,1.579258,17,18,1375
nm7549676,0.86219,9,9,6
nm4279181,1.0,9,9,201
nm2326379,2.364595,27,27,59
nm0762520,0.862096,9,9,59
nm2952127,0.910415,9,9,11
nm7477011,0.910415,9,9,11
nm2614112,0.956853,9,9,452
nm6577829,0.956853,9,9,452
nm5724419,0.949921,9,9,174
nm0031590,0.949921,9,9,174
nm0340012,0.949921,9,9,174
nm2331110,1.740434,18,18,174
nm4916455,0.949921,9,9,174
nm8467135,0.948678,9,9,314
nm6718766,0.948678,9,9,314
nm12454993,0.956853,9,9,370
nm9805190,0.911985,9,9,11
nm10484854,1.0,9,9,455
nm10484855,1.0,9,9,455
nm10763736,1.0,9,9,455
nm0876300,0.956853,9,9,456
nm4516296,0.956853,9,9,456
nm0420889,0.956853,9,9,456
nm9464624,0.956853,9,9,456
nm1916072,0.875125,9,9,33
nm2141804,0.875125,9,9,33
nm6559173,0.921881,9,9,369
nm1157205,1.733503,18,18,369
nm1051245,0.921881,9,9,369
nm12377881,0.921881,9,9,369
nm10459444,1.0,9,9,459
nm1111807,1.0,9,9,459
nm11381159,1.0,9,9,459
nm13390054,1.0,9,9,459
nm0314606,0.891765,9,9,460
nm8964796,0.770127,9,9,460
nm5613974,1.697082,18,18,460
nm4875369,0.891765,9,9,460
nm8203122,1.398333,14,18,1333
nm8388527,0.891765,9,9,460
nm8554085,1.0,9,9,461
nm17054125,1.0,9,9,461
nm7605611,0.739141,9,9,86
nm5679766,1.90704,24,27,1389
nm8589214,1.359576,18,18,86
nm0519456,1.77665,18,18,388
nm3813115,0.956853,9,9,388
nm7521778,1.0,9,9,462
nm5794167,0.809162,9,9,19
nm5228009,1.533467,18,18,13
nm1961487,0.810351,9,9,19
nm2347196,1.519355,18,18,19
nm10443890,0.810351,9,9,19
nm10406690,0.810351,9,9,19
nm1938287,1.489433,18,18,19
nm16156202,0.913706,9,9,463
nm3201821,0.913706,9,9,463
nm0532721,0.943792,9,9,119
nm0328223,0.921881,9,9,163
nm13030700,0.921881,9,9,163
nm0328954,2.381185,27,27,3
nm10447436,0.920632,9,9,11
nm9477428,0.920632,9,9,11
nm10814009,1.0,9,9,465
nm5636479,1.0,9,9,465
nm6319462,0.78597,9,9,11
nm3440031,1.378153,18,18,11
nm4584004,2.675607,35,36,1361
nm10097983,0.956853,9,9,198
nm11205658,0.956853,9,9,198
nm7447363,0.956853,9,9,198
nm7809716,1.0,9,9,466
nm1270037,1.0,9,9,466
nm7095359,1.0,9,9,466
nm8608230,1.0,9,9,466
nm12299612,0.852122,9,9,195
nm2296016,1.0,9,9,468
nm8485804,0.919618,9,9,349
nm0524011,0.919618,9,9,349
nm1557329,1.0,9,9,469
nm0502425,1.0,9,9,469
nm0931324,1.0,9,9,469
nm0603265,1.0,9,9,458
nm0794629,1.0,9,9,458
nm2895878,0.944664,9,9,56
nm1387739,0.944664,9,9,56
nm5149328,0.944664,9,9,56
nm0348005,1.0,9,9,473
nm10344251,1.0,9,9,473
nm10344252,1.0,9,9,473
nm10344253,1.0,9,9,473
nm10333561,1.0,9,9,473
nm10344250,1.0,9,9,473
nm10493528,0.649838,9,9,113
nm10509078,0.608973,9,9,113
nm0672784,0.660725,9,9,113
nm10433336,0.581389,9,9,474
nm8894368,0.619499,9,9,113
nm9507136,0.619499,9,9,113
nm9583071,0.615396,9,9,113
nm9450805,0.615396,9,9,113
nm9626319,0.607859,9,9,113
nm10452940,0.659627,9,9,113
nm1631311,1.0,9,9,475
nm0361407,0.870511,9,9,11
nm6072674,0.870511,9,9,11
nm0643350,0.897059,9,9,11
nm1241910,0.897059,9,9,11
nm0442471,1.0,9,9,253
nm8838121,1.0,9,9,476
nm10355433,0.947543,9,9,118
nm10753255,0.947543,9,9,118
nm10355434,0.947543,9,9,118
nm0783591,0.861656,9,9,33
nm1992631,2.392007,27,27,33
nm0054214,0.8934,9,9,222
nm1253039,0.8934,9,9,222
nm2409796,0.8934,9,9,222
nm10393791,1.0,9,9,246
nm10393784,1.0,9,9,246
nm10393793,1.0,9,9,246
nm2952597,0.940803,9,9,55
nm3968860,0.940803,9,9,55
nm0797610,0.887096,9,9,12
nm0636426,0.903407,9,9,477
nm16393671,0.903407,9,9,477
nm1127446,0.855237,9,9,252
nm0372016,0.855237,9,9,252
nm0948011,0.855237,9,9,252
nm0387390,0.919848,9,9,23
nm1173060,0.8715,9,9,11
nm1126254,0.8715,9,9,11
nm1129966,0.8715,9,9,11
nm5254746,1.0,9,9,479
nm1625281,1.0,9,9,479
nm0352592,1.0,9,9,153
nm0913822,0.873147,9,9,110
nm10519530,0.902113,9,9,110
nm13888569,0.956853,9,9,481
nm11089405,1.0,9,9,239
nm4873616,1.0,9,9,239
nm3486660,1.0,9,9,239
nm0070771,1.0,9,9,239
nm11089391,1.0,9,9,239
nm0467557,0.6631,9,9,110
nm0407411,0.6631,9,9,110
nm10362193,1.0,9,9,485
nm10362196,1.0,9,9,485
nm0359168,1.0,9,9,487
nm0637586,1.0,9,9,487
nm0407329,0.763267,9,9,413
nm10306945,0.690012,9,9,129
nm1189725,1.316223,16,18,488
nm1359720,0.733426,9,9,110
nm6194573,0.763267,9,9,413
nm10501200,0.698996,9,9,110
nm3826660,0.815671,9,9,110
nm0644935,0.815671,9,9,110
nm0019027,1.0,9,9,145
nm12623704,1.0,9,9,145
nm3580847,1.0,9,9,145
nm10529687,1.0,9,9,145
nm4453291,1.0,9,9,145
nm2741897,1.0,9,9,489
nm0619227,1.511727,17,18,633
nm10427912,0.801013,9,9,482
nm10427913,0.801013,9,9,482
nm1126143,0.801013,9,9,482
nm0845915,0.949921,9,9,276
nm0866209,0.949921,9,9,276
nm7321254,0.949921,9,9,276
nm0364028,1.714334,18,18,69
nm9095307,0.944863,9,9,69
nm15793738,0.944863,9,9,69
nm9095306,0.944863,9,9,69
nm9095308,0.944863,9,9,69
nm18127912,1.0,9,9,283
nm3354963,1.0,9,9,283
nm9976563,1.0,9,9,283
nm9457581,1.136703,18,18,113
nm0386952,0.87076,9,9,110
nm0594391,1.485638,18,18,110
nm0952104,0.87076,9,9,110
nm1579622,0.87076,9,9,110
nm1085921,1.584076,17,18,1254
nm5862210,0.88399,9,9,492
nm6777070,0.88399,9,9,492
nm10649121,0.915172,9,9,124
nm0411417,1.50023,18,18,110
nm0782644,0.905435,9,9,110
nm1767861,0.905435,9,9,110
nm0847439,1.0,9,9,189
nm1042946,1.0,9,9,495
nm1273830,1.0,9,9,495
nm0372078,0.865187,9,9,23
nm3138980,0.865187,9,9,23
nm5088245,0.865187,9,9,23
nm2744476,0.956853,9,9,497
nm10427691,0.956853,9,9,497
nm4990173,1.0,9,9,498
nm10057332,1.0,9,9,498
nm9378220,1.0,9,9,498
nm2260724,1.0,9,9,501
nm6742608,1.0,9,9,501
nm6194268,1.0,9,9,501
nm0376720,1.0,9,9,502
nm10751619,1.0,9,9,502
nm11799117,1.0,9,9,502
nm9377694,1.0,9,9,208
nm0433697,1.0,9,9,208
nm3552604,0.884138,9,9,3
nm2285290,0.884138,9,9,3
nm10449632,1.0,9,9,467
nm0274277,1.0,9,9,434
nm11885521,1.0,9,9,434
nm1209192,1.0,9,9,434
nm0381761,1.0,9,9,91
nm1603020,1.0,9,9,91
nm0382632,0.948455,9,9,152
nm11128766,0.948455,9,9,152
nm6694271,0.948455,9,9,152
nm6779063,0.948455,9,9,152
nm1007767,0.947343,9,9,127
nm6322635,0.947343,9,9,127
nm0757299,1.853929,26,27,504
nm0410968,1.326237,18,18,504
nm0606168,0.685938,9,9,110
nm10321662,0.850583,9,9,110
nm1002746,0.82891,9,9,110
nm8928142,0.82891,9,9,110
nm2987726,0.82891,9,9,110
nm4027243,0.86856,9,9,446
nm4429739,0.86856,9,9,446
nm7321179,0.86856,9,9,446
nm2435596,1.559616,17,18,561
nm0297149,0.86856,9,9,446
nm6617350,0.86856,9,9,446
nm0695435,0.872355,9,9,3
nm0707476,0.872355,9,9,3
nm5469428,0.872355,9,9,3
nm9344734,0.830501,9,9,43
nm5345373,1.0,9,9,248
nm4464216,1.0,9,9,508
nm0391738,1.0,9,9,511
nm10511484,1.0,9,9,512
nm1252320,1.0,9,9,512
nm10444491,1.0,9,9,513
nm10451612,1.0,9,9,513
nm10451613,1.0,9,9,513
nm10451615,1.0,9,9,513
nm0394723,0.850389,9,9,110
nm3471660,0.850389,9,9,110
nm0657139,0.850389,9,9,110
nm2865703,1.563754,18,18,110
nm7889606,0.850389,9,9,110
nm3513195,1.0,9,9,514
nm1178851,1.0,9,9,514
nm2944369,1.0,9,9,514
nm0395964,1.0,9,9,515
nm10269164,1.0,9,9,515
nm7257457,1.0,9,9,515
nm1284828,1.0,9,9,515
nm0441393,1.0,9,9,515
nm0396069,0.906452,9,9,364
nm8979403,0.906452,9,9,364
nm8979510,0.906452,9,9,364
nm10392624,1.0,9,9,516
nm2306191,1.0,9,9,516
nm1287617,1.0,9,9,516
nm2242145,1.0,9,9,516
nm3503246,1.0,9,9,517
nm3504429,1.0,9,9,517
nm0354748,0.917299,9,9,33
nm4430247,0.917299,9,9,33
nm14176590,0.92395,9,9,23
nm14176597,0.92395,9,9,23
nm0401841,0.949921,9,9,99
nm0006009,0.949921,9,9,99
nm11476913,0.949921,9,9,99
nm8266000,1.740434,18,18,99
nm1690432,0.949921,9,9,519
nm5730006,0.956853,9,9,493
nm3622832,0.956853,9,9,493
nm0000657,1.729898,18,18,3
nm0226813,0.918821,9,9,3
nm1501738,0.918821,9,9,3
nm6170168,0.918821,9,9,3
nm0015033,0.903501,9,9,130
nm0591389,1.653901,17,18,616
nm10252511,0.903501,9,9,130
nm0406305,1.0,9,9,520
nm10777053,1.0,9,9,520
nm11848561,1.0,9,9,520
nm5299382,1.0,9,9,520
nm0406373,0.956853,9,9,464
nm14011692,0.956853,9,9,464
nm6776380,0.956853,9,9,464
nm9215833,0.390066,9,9,217
nm10295738,0.392925,9,9,217
nm10297695,0.392679,9,9,217
nm2389894,0.645935,13,18,217
nm1759161,0.613106,9,9,110
nm0385843,0.613106,9,9,110
nm0410983,0.622727,9,9,133
nm0477767,1.107388,17,18,177
nm10416109,0.621717,9,9,110
nm1194778,0.621717,9,9,110
nm5273658,0.887009,9,9,137
nm8189431,1.630728,18,18,137
nm2202294,0.887009,9,9,137
nm9717839,0.89348,9,9,137
nm7077371,0.89348,9,9,137
nm9862792,0.879003,9,9,522
nm3029960,2.383804,26,27,1384
nm4936344,0.879003,9,9,522
nm0408346,0.891855,9,9,110
nm3110389,0.908049,9,9,110
nm6833236,0.908049,9,9,110
nm2515334,0.891855,9,9,110
nm9101253,0.908049,9,9,110
nm0412615,0.73185,9,9,110
nm5157126,0.840551,9,9,11
nm4514363,0.90411,9,9,127
nm0442891,0.72163,9,9,110
nm0411804,1.0,9,9,526
nm7599451,1.0,9,9,526
nm4731677,0.840627,9,9,11
nm3240282,1.0,9,9,529
nm0675036,1.0,9,9,529
nm3090924,1.0,9,9,529
nm0471942,0.944863,9,9,69
nm0200144,0.906527,9,9,69
nm0530609,0.944863,9,9,69
nm0652934,0.944863,9,9,69
nm0804603,0.944863,9,9,69
nm10386336,0.906527,9,9,69
nm6270969,0.924792,9,9,111
nm14919724,0.924792,9,9,111
nm16129920,0.947242,9,9,23
nm16129922,0.947242,9,9,23
nm10516070,0.915015,9,9,23
nm13764157,0.915015,9,9,23
nm16129926,0.947242,9,9,23
nm2216089,0.947242,9,9,23
nm3241362,0.915015,9,9,23
nm10040565,1.0,9,9,257
nm0090236,1.0,9,9,257
nm0810738,0.956853,9,9,306
nm0417687,1.0,9,9,532
nm1500638,1.0,9,9,532
nm9568024,1.0,9,9,532
nm9605462,0.619768,9,9,113
nm8359835,0.619768,9,9,113
nm0482309,0.778734,9,9,11
nm8311581,0.778734,9,9,11
nm1335091,0.808351,9,9,11
nm10521529,0.808351,9,9,11
nm1415924,0.696627,9,9,113
nm0709777,0.696627,9,9,113
nm5917286,0.618082,9,9,113
nm4997892,0.618082,9,9,113
nm5687735,0.885517,9,9,43
nm3347140,1.0,9,9,535
nm1539197,1.0,9,9,535
nm1951437,1.0,9,9,535
nm4576978,1.0,9,9,535
nm6054979,1.0,9,9,535
nm7108952,1.0,9,9,535
nm12443640,1.0,9,9,536
nm2149215,0.885156,9,9,23
nm6921373,0.885156,9,9,23
nm0620120,0.829605,9,9,110
nm0507073,0.956853,9,9,57
nm0853583,0.956853,9,9,57
nm4316082,0.956853,9,9,57
nm2548959,0.89752,9,9,541
nm3842931,0.89752,9,9,541
nm5280472,0.89752,9,9,541
nm5456213,0.943455,9,9,3
nm5676276,0.943455,9,9,3
nm2979225,0.943455,9,9,3
nm3299619,0.943455,9,9,3
nm5684356,0.956853,9,9,542
nm0585469,0.956853,9,9,542
nm0878155,0.880022,9,9,11
nm5393346,0.880022,9,9,11
nm4852679,0.847914,9,9,19
nm8408269,0.847914,9,9,19
nm1550913,1.56175,18,18,13
nm10767666,0.846061,9,9,19
nm1778632,0.846061,9,9,19
nm6199208,0.847914,9,9,19
nm2386716,0.816138,9,9,19
nm5037569,0.795519,9,9,13
nm7703059,0.795519,9,9,13
nm2260168,1.600548,18,18,13
nm2983496,1.474787,18,18,11
nm9133882,0.795519,9,9,13
nm2361282,1.550663,18,18,13
nm5516500,0.816138,9,9,19
nm9113372,2.293946,27,27,13
nm9534286,0.948678,9,9,314
nm1784919,0.948678,9,9,314
nm3362169,0.956853,9,9,326
nm9241185,0.956853,9,9,326
nm3755026,0.956853,9,9,326
nm8713021,1.77665,18,18,326
nm10390547,0.806003,9,9,13
nm10446554,0.812133,9,9,13
nm5891034,0.812133,9,9,13
nm0221218,2.279453,27,27,11
nm10390548,0.806003,9,9,13
nm10440306,0.79815,9,9,11
nm11628061,0.735321,9,9,13
nm10390550,0.806003,9,9,13
nm15729779,0.806003,9,9,13
nm3311444,1.458808,18,18,11
nm3974782,1.469797,18,18,13
nm4470570,2.222129,27,27,11
nm4492863,0.875776,9,9,11
nm0542498,0.895845,9,9,13
nm2847166,0.895845,9,9,13
nm10234765,1.0,9,9,546
nm11275580,1.0,9,9,546
nm1550800,1.494712,18,18,11
nm9183129,0.911685,9,9,110
nm0906696,1.538629,18,18,110
nm3080619,0.911685,9,9,110
nm3922667,0.911685,9,9,110
nm6517501,0.911685,9,9,110
nm7999814,0.718962,9,9,176
nm10434852,0.718962,9,9,176
nm0437787,0.93097,9,9,13
nm10565764,0.93097,9,9,13
nm6489927,0.93097,9,9,13
nm8956274,0.93097,9,9,13
nm1664541,0.844434,9,9,11
nm0451174,0.844434,9,9,11
nm3169069,0.8475,9,9,13
nm17086622,0.8475,9,9,13
nm1287358,0.896924,9,9,111
nm2334970,0.896924,9,9,111
nm1032348,0.896924,9,9,111
nm2742878,1.0,9,9,550
nm10366107,0.723948,9,9,737
nm10661913,0.849264,9,9,110
nm14954806,0.849264,9,9,110
nm3128033,1.331033,18,18,740
nm7392140,1.927747,23,27,1003
nm8662410,0.72912,9,9,740
nm1989801,0.827675,9,9,110
nm14954807,0.849264,9,9,110
nm9224536,0.849264,9,9,110
nm1296300,1.37813,27,36,1323
nm1796812,0.75388,14,18,1323
nm6517349,0.712955,16,18,553
nm0441154,1.285021,17,18,490
nm1699098,0.760369,9,9,490
nm0442368,0.679654,9,9,555
nm10532931,0.663817,9,9,1213
nm6225250,2.812183,30,45,1381
nm10532730,2.269584,25,36,1213
nm3658258,0.674384,9,9,1213
nm3833810,0.905767,9,9,13
nm0443570,0.756373,9,9,110
nm0408585,0.756373,9,9,110
nm13093242,0.865374,9,9,1305
nm4207238,0.865374,9,9,1305
nm0444795,0.956853,9,9,557
nm11028215,0.956853,9,9,557
nm9587926,1.77665,18,18,557
nm10488755,0.956853,9,9,557
nm9643785,0.956853,9,9,557
nm1166576,1.690355,17,18,1299
nm10368118,0.832184,9,9,11
nm13350083,0.930241,9,9,86
nm10482383,0.930241,9,9,86
nm2240830,0.945253,9,9,19
nm2194798,0.945253,9,9,19
nm2113653,0.947434,9,9,43
nm3897067,0.947434,9,9,43
nm2417960,0.956853,9,9,81
nm11198314,0.956853,9,9,81
nm0453440,1.728441,18,18,559
nm6771561,0.94774,9,9,559
nm5887272,0.94774,9,9,559
nm6811859,0.94774,9,9,559
nm2293453,0.917756,9,9,559
nm3102174,0.93297,9,9,23
nm2628347,0.884392,9,9,59
nm4207629,0.884392,9,9,59
nm0437088,1.661671,18,18,59
nm3849011,0.884392,9,9,59
nm10373943,0.758153,9,9,216
nm0457483,0.855213,9,9,110
nm1165541,0.855213,9,9,110
nm5834167,0.855213,9,9,110
nm1373003,0.718272,9,9,110
nm1465166,0.718272,9,9,110
nm0725079,0.915416,9,9,7
nm11274852,0.947287,9,9,7
nm5574325,0.947287,9,9,7
nm15690553,0.947287,9,9,7
nm9177055,0.947287,9,9,7
nm0043766,1.693768,18,18,7
nm0970866,0.889756,9,9,7
nm6068682,0.889756,9,9,7
nm10387542,0.827411,9,9,563
nm0847624,1.0,9,9,412
nm7788268,1.0,9,9,412
nm0463774,0.778267,9,9,565
nm0999005,0.781851,9,9,650
nm1030209,1.196507,18,18,110
nm10443350,0.778267,9,9,565
nm10533945,0.781851,9,9,650
nm10533946,0.781851,9,9,650
nm11428386,0.722126,9,9,110
nm9067829,0.645895,9,9,110
nm2275452,0.781851,9,9,650
nm5030574,0.781851,9,9,650
nm9867639,0.771606,9,9,111
nm7922711,1.432885,18,18,111
nm0439312,0.779345,9,9,111
nm0956938,1.0,9,9,566
nm5884537,1.0,9,9,566
nm5876117,1.0,9,9,566
nm2445419,0.734074,9,9,11
nm14020378,0.770006,9,9,11
nm14657364,0.770006,9,9,11
nm0689996,1.55919,16,18,661
nm10436241,0.855781,9,9,568
nm10436240,0.855781,9,9,568
nm10436161,0.840465,9,9,33
nm3427667,0.840465,9,9,33
nm0472912,0.898883,9,9,411
nm8407826,0.934916,9,9,411
nm10307103,0.934916,9,9,411
nm10307106,0.934916,9,9,411
nm1440805,0.934916,9,9,411
nm2487170,0.934916,9,9,411
nm3607201,0.898883,9,9,411
nm4908103,0.898883,9,9,411
nm15833707,1.0,9,9,569
nm0789391,0.856039,9,9,11
nm9922590,0.856039,9,9,11
nm10244736,0.758665,9,9,202
nm1099556,0.791476,9,9,570
nm3910892,1.450442,17,18,1393
nm6492899,2.792543,35,36,1393
nm5212769,0.790327,9,9,113
nm8894372,0.790327,9,9,113
nm0475900,1.673721,18,18,110
nm6050501,0.937497,9,9,110
nm18416472,0.937497,9,9,110
nm11401734,0.937497,9,9,110
nm6119056,0.937497,9,9,110
nm0476821,0.956853,9,9,571
nm3756556,0.956853,9,9,571
nm9574820,0.956853,9,9,571
nm1177397,2.172073,26,27,627
nm3482676,0.864684,9,9,483
nm0846186,0.864684,9,9,483
nm3802082,0.921903,9,9,33
nm0541256,0.921903,9,9,33
nm1422320,0.921903,9,9,33
nm0125166,1.0,9,9,289
nm4439920,1.0,9,9,289
nm1439204,0.948678,9,9,369
nm9439942,0.948678,9,9,369
nm1277066,0.775251,9,9,11
nm3559559,1.960222,26,27,1387
nm8257146,0.809839,9,9,11
nm0882219,1.471846,18,18,11
nm10987206,0.809839,9,9,11
nm3606487,1.445073,18,18,11
nm0482300,1.894494,25,27,524
nm1797498,1.305616,17,18,524
nm8842140,0.729238,9,9,11
nm6418458,0.891719,9,9,23
nm3097592,0.913706,9,9,463
nm6012247,0.913706,9,9,463
nm1046050,1.0,9,9,575
nm1316789,1.0,9,9,575
nm1748821,1.0,9,9,575
nm4810845,1.0,9,9,575
nm0484051,1.0,9,9,576
nm10334574,1.0,9,9,576
nm5508230,1.0,9,9,576
nm10455677,1.0,9,9,157
nm10455678,1.0,9,9,157
nm0485707,0.948678,9,9,123
nm2652047,0.948678,9,9,123
nm1455865,0.948678,9,9,123
nm2639149,0.948678,9,9,123
nm6632518,0.885074,9,9,23
nm0874860,0.885074,9,9,23
nm9091508,0.885074,9,9,23
nm1702742,0.947725,9,9,23
nm0948112,0.947725,9,9,23
nm6949066,0.947725,9,9,23
nm8218516,0.948253,9,9,56
nm1331316,1.697255,18,18,3
nm3339478,0.913876,9,9,3
nm10443837,0.919545,9,9,23
nm10443838,0.919545,9,9,23
nm4907940,0.919545,9,9,23
nm8177147,0.919545,9,9,23
nm10064963,1.0,9,9,579
nm5708573,1.0,9,9,579
nm5014211,0.956853,9,9,264
nm0495950,1.0,9,9,581
nm4613462,1.0,9,9,581
nm2678603,0.878977,9,9,348
nm10377910,1.0,9,9,506
nm4523607,1.0,9,9,235
nm4719218,1.0,9,9,235
nm3126325,0.937683,9,9,6
nm9149916,0.620555,9,9,113
nm2914537,1.0,9,9,583
nm2674704,1.0,9,9,583
nm8583232,1.0,9,9,337
nm10409071,1.0,9,9,585
nm10409080,1.0,9,9,585
nm1382817,1.0,9,9,587
nm2006206,1.0,9,9,587
nm8091630,0.945882,9,9,59
nm3756798,0.818598,9,9,23
nm6184064,0.859469,9,9,23
nm7055164,0.859469,9,9,23
nm1291827,0.818598,9,9,23
nm9440492,0.622626,9,9,113
nm0517028,1.0,9,9,591
nm2166719,1.0,9,9,591
nm1960519,1.0,9,9,591
nm7903749,1.0,9,9,592
nm2063780,1.0,9,9,592
nm2579496,1.0,9,9,592
nm6783407,1.0,9,9,593
nm10475220,1.0,9,9,593
nm10177469,0.921881,9,9,314
nm10418531,0.921881,9,9,314
nm8850067,0.921881,9,9,314
nm1632747,0.830065,9,9,3
nm4136611,1.0,9,9,595
nm0815677,1.0,9,9,595
nm1066970,0.909521,9,9,11
nm0931227,0.909521,9,9,11
nm8447789,1.718505,18,18,11
nm4201461,0.88256,9,9,33
nm2968673,0.88256,9,9,33
nm0305182,1.0,9,9,356
nm0644952,0.66236,9,9,110
nm2792296,0.882718,9,9,39
nm3545872,0.882718,9,9,39
nm0538303,0.93554,9,9,13
nm6560119,0.93554,9,9,13
nm9061449,0.93554,9,9,13
nm3374021,0.93554,9,9,13
nm0538717,1.0,9,9,598
nm12783310,1.0,9,9,598
nm14466284,1.0,9,9,598
nm4428594,1.458108,18,18,111
nm0541193,1.0,9,9,588
nm2788183,1.0,9,9,588
nm0948115,1.0,9,9,588
nm10026135,1.0,9,9,599
nm11002694,0.949921,9,9,42
nm0113508,0.949921,9,9,42
nm11001251,0.949921,9,9,42
nm15630552,0.822472,9,9,11
nm10514681,0.937357,9,9,30
nm5414076,0.937357,9,9,30
nm0084270,0.937357,9,9,30
nm10368896,0.956853,9,9,601
nm7942101,0.956853,9,9,601
nm9904692,0.956853,9,9,601
nm0893228,1.0,9,9,602
nm11389897,1.0,9,9,602
nm6071546,1.0,9,9,602
nm0553816,0.93157,9,9,572
nm0733784,0.93157,9,9,572
nm1303983,0.93157,9,9,572
nm1795849,0.93157,9,9,572
nm1352128,1.682442,18,18,119
nm4242292,0.901742,9,9,119
nm4287836,1.0,9,9,604
nm6400946,1.0,9,9,605
nm2769024,1.0,9,9,605
nm0546236,0.887623,9,9,55
nm4813513,0.894891,9,9,55
nm0010611,0.887623,9,9,55
nm0087787,0.887623,9,9,55
nm0437849,0.887623,9,9,55
nm0867603,0.894891,9,9,55
nm2615075,0.887623,9,9,55
nm0558898,1.0,9,9,607
nm1830387,1.0,9,9,607
nm1683343,1.0,9,9,607
nm2464261,1.0,9,9,607
nm1001836,1.79781,25,27,739
nm10535369,0.749226,9,9,608
nm5479043,0.927569,9,9,174
nm8101697,0.927569,9,9,174
nm10883493,0.927569,9,9,174
nm10797830,1.0,9,9,610
nm5785085,1.0,9,9,610
nm11298966,0.930762,9,9,6
nm0261824,0.843554,9,9,56
nm5153692,0.843554,9,9,56
nm9657375,0.843554,9,9,56
nm0873398,0.938127,9,9,33
nm0584206,1.0,9,9,614
nm9709101,1.0,9,9,614
nm6868308,1.0,9,9,614
nm0999317,1.526234,22,27,548
nm1080916,0.743268,9,9,110
nm10394001,0.588601,9,9,646
nm6164859,0.668428,9,9,739
nm2919997,1.0,9,9,618
nm10307332,1.0,9,9,618
nm0592654,0.829566,9,9,110
nm0605750,1.444444,17,18,627
nm0945435,0.829566,9,9,110
nm9336526,0.874083,9,9,21
nm3865073,0.874083,9,9,21
nm4466582,1.662658,18,18,21
nm7903965,0.896723,9,9,21
nm5677120,1.0,9,9,621
nm10443256,1.0,9,9,621
nm5173885,1.0,9,9,621
nm0755953,0.720888,9,9,110
nm13094977,0.894379,9,9,110
nm3473547,0.894379,9,9,110
nm6302636,1.700471,18,18,110
nm6697575,0.76656,9,9,11
nm6976646,0.76656,9,9,11
nm2053149,1.0,9,9,562
nm0460423,1.0,9,9,562
nm0675897,1.0,9,9,562
nm10557258,1.0,9,9,623
nm5632381,1.0,9,9,623
nm10430588,0.927569,9,9,624
nm3730222,0.927569,9,9,624
nm10809092,0.949921,9,9,624
nm1816787,0.949921,9,9,624
nm9625631,1.0,9,9,544
nm10710352,1.0,9,9,626
nm0930326,1.0,9,9,626
nm7391964,0.38222,9,9,217
nm0605668,0.937408,9,9,110
nm0443559,0.937408,9,9,110
nm0848406,0.937408,9,9,110
nm2142096,1.561974,18,18,111
nm7532664,1.661721,18,18,11
nm16801427,0.804568,9,9,111
nm18573214,0.804568,9,9,111
nm0408026,0.698552,9,9,110
nm10469691,0.698552,9,9,110
nm1784521,0.698552,9,9,110
nm5626435,0.787494,9,9,3
nm0580224,0.956853,9,9,464
nm3172485,0.956853,9,9,464
nm2423347,0.956853,9,9,464
nm9396920,0.896063,9,9,118
nm4224647,0.939889,9,9,110
nm0231677,0.939889,9,9,110
nm11989351,0.939889,9,9,110
nm2316253,0.939889,9,9,110
nm1179669,1.0,9,9,377
nm7253444,1.0,9,9,377
nm0616391,1.0,9,9,630
nm4190695,1.0,9,9,630
nm2590596,1.529065,17,18,1371
nm9378883,0.812932,9,9,13
nm1679254,0.812932,9,9,13
nm0620685,0.858173,9,9,11
nm0898913,0.858173,9,9,11
nm6203022,1.0,9,9,636
nm11671413,1.0,9,9,636
nm7770566,1.0,9,9,636
nm4191778,0.879041,9,9,345
nm9088356,0.879041,9,9,345
nm0621176,0.949921,9,9,50
nm9631216,0.949921,9,9,50
nm10153699,1.433316,18,18,11
nm1682953,0.749179,9,9,11
nm7850258,0.72724,9,9,11
nm0893142,0.731843,9,9,11
nm6131003,1.0,9,9,125
nm2507201,1.0,9,9,125
nm8968281,1.0,9,9,125
nm15312788,0.886616,9,9,111
nm1354843,1.0,9,9,383
nm5534709,1.0,9,9,383
nm10363145,1.0,9,9,637
nm2990507,0.898655,9,9,103
nm7939035,0.876099,9,9,111
nm3443995,1.511079,18,18,111
nm10498622,0.785408,9,9,111
nm2762456,1.445034,18,18,111
nm2308267,0.797112,9,9,111
nm0441191,1.494462,18,18,111
nm1184348,2.095897,25,27,699
nm2759672,0.785408,9,9,111
nm2775500,0.797112,9,9,111
nm2792699,0.761855,9,9,111
nm10475050,1.0,9,9,285
nm0345570,1.0,9,9,285
nm0944296,1.0,9,9,285
nm4692354,0.948206,9,9,11
nm4885148,0.948206,9,9,11
nm0630281,1.0,9,9,639
nm1929017,1.0,9,9,639
nm0138067,1.0,9,9,191
nm1273753,1.0,9,9,191
nm1481802,1.0,9,9,191
nm3765292,1.0,9,9,191
nm0632030,1.0,9,9,640
nm10331653,1.0,9,9,640
nm10331656,1.0,9,9,640
nm10330477,1.0,9,9,640
nm10334200,0.934534,9,9,110
nm2454994,0.956853,9,9,642
nm4449764,0.956853,9,9,645
nm9059181,0.956853,9,9,645
nm1118909,1.0,9,9,360
nm1075809,1.0,9,9,360
nm0644406,1.49896,18,18,2
nm10407983,0.903424,9,9,2
nm10553994,0.903424,9,9,2
nm0644521,0.840987,9,9,110
nm2615398,0.850764,9,9,110
nm1209657,0.840987,9,9,110
nm0840485,0.840987,9,9,110
nm3011132,0.840987,9,9,110
nm0837247,0.944405,9,9,110
nm6128958,0.944405,9,9,110
nm4611972,0.944405,9,9,110
nm3875162,0.944405,9,9,110
nm0648356,1.0,9,9,649
nm10340069,1.0,9,9,649
nm2193578,1.0,9,9,649
nm14871372,1.0,9,9,649
nm0785755,1.0,9,9,263
nm1712462,1.0,9,9,263
nm0314751,1.0,9,9,263
nm0093199,1.0,9,9,263
nm1297976,0.911236,9,9,118
nm0658626,0.956853,9,9,571
nm1023932,1.565874,18,18,13
nm14106130,0.850891,9,9,13
nm2337388,0.919431,9,9,55
nm7462417,0.919431,9,9,55
nm0724995,0.949921,9,9,519
nm1658533,0.949921,9,9,519
nm3170207,0.956853,9,9,653
nm3908228,0.956853,9,9,653
nm2506042,1.0,9,9,175
nm1216245,1.575457,18,18,56
nm1571087,0.85594,9,9,56
nm1478954,0.940124,9,9,11
nm8759007,0.940124,9,9,11
nm4141529,0.940124,9,9,11
nm0668644,1.0,9,9,654
nm1969113,1.0,9,9,509
nm2265157,1.0,9,9,509
nm9436200,1.0,9,9,509
nm0993010,1.0,9,9,655
nm4473738,1.0,9,9,655
nm1367625,0.858718,9,9,111
nm3206691,0.858718,9,9,111
nm3894716,0.858718,9,9,111
nm11357336,1.0,9,9,552
nm2783690,1.0,9,9,552
nm3206118,1.0,9,9,657
nm3376453,1.0,9,9,657
nm0684500,1.0,9,9,658
nm11167646,1.0,9,9,658
nm12822819,1.0,9,9,658
nm9435577,1.0,9,9,658
nm3011659,1.680162,18,18,30
nm5307910,0.878593,9,9,30
nm11342886,0.878593,9,9,30
nm10503928,1.0,9,9,660
nm1223449,0.861555,9,9,11
nm2376650,0.861555,9,9,11
nm9542601,0.834255,9,9,11
nm7533736,1.0,9,9,662
nm0766470,0.814346,9,9,11
nm12086195,0.814346,9,9,11
nm5369429,0.814346,9,9,11
nm0621066,0.864186,9,9,11
nm1436194,0.864186,9,9,11
nm4695210,0.890186,9,9,11
nm9085093,0.890186,9,9,11
nm6726235,1.0,9,9,666
nm0699092,0.914335,9,9,59
nm5105990,0.914335,9,9,59
nm10389481,0.914335,9,9,59
nm8818698,0.914335,9,9,59
nm0699596,1.517766,15,18,667
nm1245754,0.827411,9,9,667
nm10377022,1.0,9,9,668
nm10377020,1.0,9,9,668
nm10377026,1.0,9,9,668
nm1617256,0.840763,9,9,11
nm2286188,1.553651,18,18,11
nm3348178,1.633572,18,18,11
nm10412585,0.68154,9,9,113
nm10498924,0.67383,9,9,113
nm8894384,1.591867,27,27,113
nm7590368,1.57415,26,27,1061
nm9549064,0.67383,9,9,113
nm11069554,0.817143,9,9,11
nm6995220,0.817143,9,9,11
nm5736198,0.871281,9,9,669
nm10602996,0.767338,9,9,669
nm1398736,0.871281,9,9,669
nm11683551,0.762533,9,9,669
nm1361690,1.0,9,9,671
nm4735327,1.0,9,9,671
nm5469513,1.0,9,9,671
nm5668913,1.0,9,9,671
nm2215307,1.0,9,9,674
nm5340409,1.0,9,9,674
nm12434679,1.0,9,9,674
nm18519654,0.94255,9,9,118
nm1964225,0.94255,9,9,118
nm2358676,0.94255,9,9,118
nm0725526,0.902334,9,9,56
nm5377439,0.902334,9,9,56
nm4837509,0.902334,9,9,56
nm4052191,1.690355,17,18,1395
nm4325303,0.913706,9,9,678
nm5193529,0.913706,9,9,678
nm1409024,1.0,9,9,679
nm9252018,1.0,9,9,679
nm2526613,1.0,9,9,680
nm8930145,1.0,9,9,680
nm11855263,0.885627,9,9,11
nm10493872,0.894972,9,9,11
nm11166415,0.894972,9,9,11
nm3046678,0.841775,9,9,11
nm11166413,0.894972,9,9,11
nm9061367,1.642667,18,18,11
nm8280069,0.841186,9,9,114
nm8152587,0.841186,9,9,114
nm8737285,1.597802,18,18,114
nm10318868,0.841186,9,9,114
nm1059365,1.597802,18,18,114
nm7627852,0.937357,9,9,30
nm10207056,1.0,9,9,629
nm1163023,1.0,9,9,629
nm0616192,1.0,9,9,629
nm8859382,1.0,9,9,629
nm4371007,0.931022,9,9,7
nm6030090,0.931022,9,9,7
nm0387987,0.931022,9,9,7
nm5688481,1.0,9,9,681
nm2467205,1.0,9,9,681
nm4678782,1.0,9,9,681
nm0744107,1.0,9,9,431
nm0763216,1.0,9,9,431
nm0269419,1.0,9,9,431
nm0708045,1.0,9,9,431
nm6333914,1.0,9,9,431
nm0746162,1.0,9,9,683
nm11130413,1.0,9,9,683
nm11873025,1.0,9,9,683
nm10319162,0.913706,9,9,684
nm1699237,1.0,9,9,685
nm9558539,1.0,9,9,685
nm2306680,1.0,9,9,685
nm8400782,1.0,9,9,686
nm7744932,1.0,9,9,686
nm8400781,1.0,9,9,686
nm9029049,1.0,9,9,686
nm5998289,0.947369,9,9,180
nm11115403,0.947369,9,9,180
nm8541375,0.949921,9,9,478
nm0507535,1.0,9,9,586
nm1401154,1.0,9,9,687
nm1690408,1.0,9,9,687
nm2950204,0.940536,9,9,126
nm0613420,0.940536,9,9,126
nm3825387,0.940536,9,9,126
nm8263623,0.884873,9,9,56
nm1714943,0.884873,9,9,56
nm7976335,1.0,9,9,688
nm18559637,0.791577,9,9,11
nm3503716,0.791577,9,9,11
nm12473650,0.791577,9,9,11
nm18559638,0.791577,9,9,11
nm8502390,1.0,9,9,408
nm1239720,1.0,9,9,408
nm0246534,1.0,9,9,408
nm1794260,1.0,9,9,408
nm1467875,1.0,9,9,609
nm15921508,1.0,9,9,609
nm3140968,1.0,9,9,609
nm0158414,0.887111,9,9,23
nm0768297,1.0,9,9,691
nm10350514,2.35639,27,27,114
nm3810745,1.0,9,9,682
nm0741629,1.0,9,9,682
nm5879789,1.0,9,9,682
nm6263563,1.0,9,9,625
nm0759898,1.0,9,9,625
nm6488665,1.0,9,9,625
nm10476706,1.0,9,9,578
nm7552600,1.0,9,9,578
nm8767235,1.0,9,9,578
nm0846687,0.931938,9,9,11
nm0783887,0.956853,9,9,574
nm1218764,0.675051,9,9,110
nm5078787,0.851567,9,9,310
nm10527019,0.876464,9,9,310
nm10467060,0.875995,9,9,310
nm14632978,0.875995,9,9,310
nm5450663,0.875995,9,9,310
nm6124827,0.938969,9,9,137
nm11338684,0.806879,9,9,11
nm0790034,0.916845,9,9,23
nm10369868,1.0,9,9,613
nm1169445,1.0,9,9,613
nm7267746,1.0,9,9,694
nm1401022,0.935447,9,9,6
nm3345670,0.935447,9,9,6
nm4089109,0.935447,9,9,6
nm11363744,1.0,9,9,696
nm9867799,1.0,9,9,696
nm4349094,2.716318,36,36,86
nm11320591,0.798869,9,9,1288
nm3741799,0.798869,9,9,1288
nm0802995,0.956853,9,9,676
nm2427684,0.956853,9,9,676
nm3554130,0.956853,9,9,676
nm4980620,0.956853,9,9,676
nm10710511,0.956853,9,9,698
nm4383366,1.77665,18,18,698
nm1165110,0.956853,9,9,698
nm0811910,0.956853,9,9,303
nm12061022,0.956853,9,9,303
nm4289197,0.956853,9,9,303
nm3093908,0.956853,9,9,303
nm10402215,0.811944,9,9,111
nm10402214,0.811944,9,9,111
nm8608183,0.811944,9,9,111
nm5324177,1.075432,18,18,113
nm8894367,2.066188,34,36,1380
nm10484783,1.0,9,9,700
nm1056736,0.956853,9,9,274
nm1625732,0.956853,9,9,274
nm3485889,0.956853,9,9,274
nm3667760,0.956853,9,9,274
nm0101880,0.956853,9,9,274
nm0826611,0.930135,9,9,55
nm8574900,0.930135,9,9,55
nm0829032,0.94774,9,9,65
nm0072610,0.94774,9,9,65
nm8589893,0.94774,9,9,65
nm11065452,0.941236,9,9,11
nm0838937,0.956853,9,9,702
nm1303080,0.956853,9,9,702
nm0845609,1.0,9,9,703
nm3627424,1.0,9,9,704
nm0652741,0.674763,9,9,110
nm0950825,0.674763,9,9,110
nm3829870,0.894736,9,9,708
nm8745779,0.894736,9,9,708
nm9017753,0.86501,9,9,503
nm4606016,0.894736,9,9,708
nm4843024,2.373965,27,27,503
nm10263714,0.894736,9,9,708
nm3008388,1.663321,18,18,503
nm0271127,1.0,9,9,433
nm0376890,1.0,9,9,433
nm0439878,0.885474,9,9,55
nm1472487,0.885474,9,9,55
nm5101271,0.885474,9,9,55
nm0596461,1.649375,18,18,454
nm6626840,0.912312,9,9,454
nm13189915,0.912312,9,9,454
nm3135674,0.912312,9,9,454
nm10328541,1.0,9,9,710
nm2787844,1.0,9,9,710
nm6529288,0.956853,9,9,387
nm7727350,0.956853,9,9,387
nm10764434,1.0,9,9,712
nm11367475,1.0,9,9,712
nm8658151,1.0,9,9,712
nm0920574,1.0,9,9,233
nm2056274,1.0,9,9,233
nm0066763,1.0,9,9,233
nm0851458,1.0,9,9,233
nm1716855,1.0,9,9,233
nm2346091,1.0,9,9,651
nm0653342,1.0,9,9,651
nm1137909,1.0,9,9,651
nm0369392,0.947343,9,9,127
nm11001745,1.0,9,9,397
nm2076238,1.0,9,9,397
nm2531116,1.0,9,9,397
nm3388759,1.0,9,9,397
nm10364851,1.0,9,9,714
nm11586297,1.0,9,9,714
nm1210999,1.0,9,9,714
nm5978967,1.0,9,9,714
nm5323888,1.0,9,9,437
nm4282588,1.0,9,9,437
nm2688589,0.948253,9,9,56
nm2841309,0.948253,9,9,56
nm4993797,0.948253,9,9,56
nm3190976,0.948253,9,9,56
nm8263622,0.919522,9,9,56
nm9322289,0.919522,9,9,56
nm0207344,0.919522,9,9,56
nm1063407,0.919522,9,9,56
nm10484635,1.0,9,9,715
nm0229859,1.0,9,9,394
nm1671924,1.0,9,9,394
nm10491032,0.956853,9,9,35
nm1155977,0.956853,9,9,35
nm5727890,0.956853,9,9,35
nm3086789,0.949921,9,9,50
nm1708673,1.0,9,9,692
nm0918814,1.0,9,9,720
nm4254593,1.0,9,9,720
nm2562850,1.077146,17,18,1370
nm10448110,0.636678,9,9,113
nm9039096,0.919757,9,9,503
nm10358826,0.919757,9,9,503
nm5243688,0.919757,9,9,503
nm6752942,1.0,9,9,594
nm4590837,1.0,9,9,594
nm6466474,1.0,9,9,594
nm11989873,1.0,9,9,594
nm0942712,1.0,9,9,722
nm7874279,1.0,9,9,722
nm9008183,1.0,9,9,723
nm10459591,0.893972,9,9,23
nm1251565,0.893972,9,9,23
nm7267977,0.893972,9,9,23
nm14245592,0.893972,9,9,23
nm2924454,0.893972,9,9,23
nm1254991,0.956853,9,9,702
nm1254827,0.956853,9,9,702
nm2125813,0.956853,9,9,702
nm9377887,0.86331,9,9,503
nm17754848,0.895877,9,9,23
nm11483564,0.895877,9,9,23
nm10487899,0.943149,9,9,110
nm1156772,0.943149,9,9,110
nm0946159,0.913706,9,9,725
nm6896341,0.913706,9,9,725
nm6695982,0.920895,9,9,110
nm1111054,0.920895,9,9,110
nm1788916,0.820023,9,9,110
nm0497691,0.820023,9,9,110
nm0849264,0.820023,9,9,110
nm10380429,0.663646,9,9,548
nm10380428,0.663646,9,9,548
nm10380427,0.663646,9,9,548
nm10341411,0.944863,9,9,24
nm2715315,0.944863,9,9,24
nm5234709,0.944863,9,9,24
nm3383115,0.944863,9,9,24
nm12083012,0.94137,9,9,4
nm2142537,0.94137,9,9,4
nm12083010,0.94137,9,9,4
nm4785118,0.863227,9,9,110
nm1670783,1.0,9,9,727
nm8775157,1.0,9,9,727
nm1044611,1.0,9,9,727
nm2026965,1.0,9,9,727
nm0740535,0.956853,9,9,256
nm1179677,0.956853,9,9,256
nm1789985,0.956853,9,9,256
nm0954489,1.0,9,9,728
nm7802497,1.0,9,9,728
nm10252275,0.918878,9,9,6
nm0641177,0.918878,9,9,6
nm0641244,0.918878,9,9,6
nm12795750,0.918878,9,9,6
nm0960012,0.757667,9,9,110
nm1869343,0.757667,9,9,110
nm10486786,0.757667,9,9,110
nm5034104,1.33603,18,18,110
nm1779926,1.690355,17,18,1352
nm1699178,0.913706,9,9,729
nm2123167,0.913706,9,9,729
nm13800735,1.0,9,9,731
nm1715024,1.0,9,9,732
nm7019105,1.0,9,9,732
nm4140414,1.0,9,9,732
nm0991942,1.0,9,9,733
nm5083066,1.0,9,9,733
nm10363133,1.343761,18,18,740
nm6193437,0.761111,9,9,740
nm8674109,1.981859,25,27,1003
nm10423981,0.956853,9,9,557
nm10423983,0.956853,9,9,557
nm10423997,0.956853,9,9,557
nm0997289,1.0,9,9,741
nm10456063,1.0,9,9,741
nm1085355,1.0,9,9,741
nm0997982,1.0,9,9,742
nm8006127,1.0,9,9,742
nm0998429,1.0,9,9,346
nm10370420,1.0,9,9,346
nm3397213,1.0,9,9,346
nm6133722,1.0,9,9,378
nm4077309,1.0,9,9,378
nm6282337,1.0,9,9,378
nm2852415,1.199151,18,18,110
nm7321199,1.577427,17,18,743
nm10172266,0.868084,9,9,179
nm6138923,0.846399,9,9,110
nm2343617,2.241641,27,27,111
nm10005526,1.0,9,9,746
nm10288973,1.0,9,9,746
nm10625957,1.0,9,9,746
nm10842578,1.0,9,9,340
nm10704034,1.0,9,9,340
nm10842583,1.0,9,9,340
nm4961715,1.0,9,9,340
nm10804521,1.0,9,9,747
nm4323053,1.0,9,9,747
nm9689643,1.0,9,9,747
nm3256497,1.0,9,9,748
nm3968703,1.0,9,9,748
nm10086745,1.0,9,9,748
nm9514119,1.0,9,9,748
nm3159919,0.832949,9,9,114
nm3370435,1.537605,16,18,1336
nm6370783,0.832949,9,9,114
nm9782337,1.0,9,9,752
nm11278367,0.956853,9,9,753
nm2973107,0.956853,9,9,753
nm10532780,0.956853,9,9,753
nm13859588,0.956853,9,9,753
nm2082436,1.0,9,9,759
nm3768164,1.0,9,9,759
nm2666477,1.0,9,9,761
nm3704920,1.0,9,9,761
nm3174082,1.0,9,9,761
nm7609205,0.893801,9,9,114
nm7646570,1.638065,18,18,114
nm1592136,1.0,9,9,762
nm6868119,1.0,9,9,762
nm3037470,1.0,9,9,762
nm12505886,0.932337,9,9,110
nm0299228,0.932337,9,9,110
nm6543253,1.0,9,9,768
nm8982949,1.0,9,9,768
nm9917744,1.0,9,9,768
nm9351994,1.0,9,9,768
nm7339828,1.0,9,9,768
nm10446124,1.655181,17,18,1111
nm6249205,0.956853,9,9,736
nm10476379,0.956853,9,9,736
nm18642864,0.956853,9,9,736
nm7891787,0.956853,9,9,736
nm1450561,0.956853,9,9,736
nm10877611,1.0,9,9,770
nm3111951,1.0,9,9,770
nm10877612,1.0,9,9,770
nm1485940,1.0,9,9,770
nm7730296,1.0,9,9,770
nm8032581,1.0,9,9,770
nm4774809,0.841712,9,9,771
nm10045195,0.679175,9,9,113
nm9452511,0.679175,9,9,113
nm10487467,0.679175,9,9,113
nm10273746,1.0,9,9,774
nm10051374,1.0,9,9,777
nm11262676,1.0,9,9,777
nm4808183,1.0,9,9,778
nm8728332,1.0,9,9,778
nm9262644,1.0,9,9,778
nm9682345,1.0,9,9,778
nm10342540,1.0,9,9,779
nm10342546,1.0,9,9,779
nm9377354,0.946779,9,9,23
nm7848796,1.0,9,9,780
nm10063311,1.0,9,9,782
nm10338624,1.0,9,9,782
nm10063318,1.0,9,9,782
nm10063319,1.0,9,9,782
nm10063384,1.0,9,9,782
nm6975296,0.956853,9,9,760
nm10280915,1.0,9,9,783
nm2978384,0.956853,9,9,481
nm10067871,1.0,9,9,716
nm0913307,1.0,9,9,716
nm13245159,1.0,9,9,716
nm8412958,1.0,9,9,716
nm10069353,0.884428,9,9,785
nm7612784,0.884428,9,9,785
nm6485638,0.884428,9,9,785
nm9484954,0.884428,9,9,785
nm10082715,0.815626,9,9,110
nm10389237,0.815626,9,9,110
nm12773671,1.0,9,9,788
nm7802961,0.928891,9,9,21
nm2550128,1.0,9,9,790
nm8283698,1.0,9,9,790
nm9570790,1.0,9,9,790
nm11157952,1.0,9,9,792
nm5342958,1.0,9,9,792
nm10454483,1.0,9,9,795
nm8136305,1.0,9,9,795
nm4147468,1.0,9,9,795
nm10081537,0.956853,9,9,796
nm10319674,0.956853,9,9,796
nm9872069,0.956853,9,9,796
nm10082610,0.913706,9,9,798
nm9317345,0.913706,9,9,798
nm8718565,0.86243,9,9,86
nm4719034,0.86243,9,9,86
nm8033021,0.86243,9,9,86
nm2672647,0.956853,9,9,760
nm2851426,2.477906,27,27,365
nm17128681,0.932961,9,9,365
nm10091178,0.932961,9,9,365
nm1108739,0.932961,9,9,365
nm12495917,0.932961,9,9,365
nm5567030,0.932961,9,9,365
nm10093374,0.932961,9,9,365
nm7106489,0.913706,9,9,800
nm6228292,0.913706,9,9,800
nm6230615,0.913706,9,9,800
nm10099696,0.929865,9,9,11
nm1671291,0.929865,9,9,11
nm9936176,0.929865,9,9,11
nm10109408,0.956853,9,9,802
nm3413690,0.956853,9,9,802
nm10428843,0.956853,9,9,802
nm10428849,0.956853,9,9,802
nm2115757,0.956853,9,9,802
nm10113902,1.0,9,9,805
nm10122060,1.0,9,9,805
nm10120018,0.943792,9,9,559
nm3702737,0.901742,9,9,559
nm3789450,1.708478,18,18,559
nm8167695,0.943792,9,9,559
nm10002550,0.9335,9,9,348
nm8855973,0.9335,9,9,348
nm9478262,0.9335,9,9,348
nm9381266,0.894623,9,9,114
nm2547176,0.894623,9,9,114
nm4712899,1.0,9,9,480
nm8072655,1.0,9,9,480
nm10134922,1.0,9,9,806
nm10511459,1.0,9,9,806
nm10511457,1.0,9,9,806
nm10511462,1.0,9,9,806
nm3786184,1.0,9,9,806
nm10469969,0.902991,9,9,21
nm9927301,0.902991,9,9,21
nm5983291,1.0,9,9,809
nm8816949,0.787685,9,9,86
nm1372094,2.55089,35,36,1332
nm8543158,0.787685,9,9,86
nm1689341,0.725811,9,9,86
nm8860518,0.938757,9,9,3
nm3529685,0.938757,9,9,3
nm5052940,1.0,9,9,811
nm6858586,1.0,9,9,811
nm9685038,1.0,9,9,811
nm1080620,1.0,9,9,812
nm2323045,1.0,9,9,812
nm1495475,1.0,9,9,812
nm2099247,1.0,9,9,812
nm3853047,0.742708,9,9,86
nm5316837,0.742708,9,9,86
nm8050126,0.712192,9,9,1275
nm1219922,0.843131,9,9,11
nm2680186,1.0,9,9,818
nm1211326,1.0,9,9,819
nm2757035,1.0,9,9,819
nm11982839,1.0,9,9,822
nm11982834,1.0,9,9,822
nm11982837,1.0,9,9,822
nm11982840,1.0,9,9,822
nm10681865,0.849564,9,9,111
nm9932497,0.849564,9,9,111
nm8361950,1.0,9,9,823
nm10169843,1.0,9,9,824
nm10172541,1.0,9,9,825
nm4609281,1.0,9,9,825
nm6495544,1.0,9,9,384
nm7890595,1.0,9,9,384
nm3826683,1.0,9,9,384
nm3129298,1.0,9,9,827
nm8509873,1.0,9,9,827
nm2348667,0.884584,9,9,23
nm2837594,1.0,9,9,829
nm2441202,1.0,9,9,829
nm10483739,1.0,9,9,829
nm10495101,1.0,9,9,829
nm5840062,1.0,9,9,567
nm7736042,1.0,9,9,567
nm8236770,1.0,9,9,567
nm6470822,1.0,9,9,567
nm10187203,0.910967,9,9,114
nm1126338,0.910967,9,9,114
nm8504956,0.916602,9,9,114
nm10344013,0.916602,9,9,114
nm1416903,1.727182,18,18,114
nm5665666,0.894629,9,9,114
nm2700522,0.894629,9,9,114
nm3032586,0.894629,9,9,114
nm8802963,0.916602,9,9,114
nm2471825,1.0,9,9,831
nm3145714,1.0,9,9,831
nm4106907,1.0,9,9,831
nm4250645,1.0,9,9,831
nm5976210,1.0,9,9,831
nm10188585,1.0,9,9,793
nm9974123,1.0,9,9,793
nm4772741,0.940058,9,9,785
nm9611748,0.940058,9,9,785
nm4294865,0.940058,9,9,785
nm1586922,0.940058,9,9,785
nm5145138,0.940058,9,9,785
nm10228377,1.0,9,9,834
nm9062741,1.0,9,9,834
nm10195787,1.0,9,9,539
nm4825006,1.0,9,9,539
nm1138590,1.0,9,9,539
nm10506333,1.0,9,9,836
nm10506337,1.0,9,9,836
nm9513622,1.0,9,9,830
nm10278449,1.894399,23,27,838
nm10282237,0.752822,9,9,838
nm10205174,0.928552,9,9,114
nm10366904,0.928552,9,9,114
nm2352234,1.0,9,9,840
nm1056829,1.0,9,9,840
nm14154583,0.956853,9,9,689
nm3666287,0.956853,9,9,689
nm0765179,0.956853,9,9,689
nm10367779,1.604061,16,18,891
nm10381444,0.870558,9,9,841
nm2855184,0.870558,9,9,841
nm10212813,1.0,9,9,845
nm13277930,1.0,9,9,845
nm8180542,1.0,9,9,845
nm9711685,1.0,9,9,845
nm10592822,1.0,9,9,847
nm10226640,1.0,9,9,847
nm10225636,1.0,9,9,848
nm10296363,1.0,9,9,848
nm10296360,1.0,9,9,848
nm8465532,1.0,9,9,848
nm10228382,1.0,9,9,842
nm10211049,1.0,9,9,842
nm10211052,1.0,9,9,842
nm10211053,1.0,9,9,842
nm10451264,1.0,9,9,842
nm10451270,1.0,9,9,842
nm5800997,1.0,9,9,842
nm9978993,1.0,9,9,850
nm6978202,1.0,9,9,850
nm9242209,1.0,9,9,850
nm10352165,0.8883,9,9,110
nm10420859,0.8883,9,9,110
nm10235716,1.0,9,9,853
nm8277159,1.0,9,9,853
nm10345043,1.0,9,9,854
nm10529279,1.0,9,9,855
nm2363187,0.852039,9,9,19
nm7814127,0.852039,9,9,19
nm10495010,1.0,9,9,858
nm10495005,1.0,9,9,858
nm10498187,1.0,9,9,858
nm10555860,1.0,9,9,859
nm10693363,1.0,9,9,860
nm10386206,1.604061,16,18,1037
nm10386208,0.870558,9,9,861
nm10386209,0.870558,9,9,861
nm3542926,1.604061,16,18,1037
nm6025867,0.870558,9,9,1008
nm9773245,0.870558,9,9,1008
nm8952968,0.870558,9,9,1008
nm10751499,1.0,9,9,862
nm2593716,1.0,9,9,862
nm10257212,0.78986,9,9,11
nm10474988,0.78986,9,9,11
nm10258324,0.920494,9,9,11
nm4302215,0.920494,9,9,11
nm10439875,1.0,9,9,863
nm11474126,1.0,9,9,863
nm10261360,1.0,9,9,603
nm4841399,1.0,9,9,603
nm2869139,1.0,9,9,603
nm8776834,1.0,9,9,866
nm9554586,1.0,9,9,866
nm9554700,1.0,9,9,866
nm10265581,1.0,9,9,868
nm10265579,1.0,9,9,868
nm10265583,1.0,9,9,868
nm6314039,1.0,9,9,868
nm10265969,1.0,9,9,870
nm10265967,1.0,9,9,870
nm7812022,1.0,9,9,870
nm10266725,1.0,9,9,872
nm6963181,1.0,9,9,872
nm8501138,1.0,9,9,872
nm8485153,1.0,9,9,872
nm9265715,1.0,9,9,872
nm10266987,0.896743,9,9,873
nm9034284,0.896743,9,9,873
nm10267133,1.0,9,9,874
nm10267163,1.0,9,9,874
nm10267173,1.0,9,9,874
nm8165272,1.0,9,9,875
nm8402737,1.0,9,9,875
nm9655951,1.0,9,9,875
nm9380166,1.0,9,9,816
nm10268002,1.0,9,9,816
nm5355171,1.0,9,9,816
nm8843555,1.0,9,9,816
nm10269001,1.0,9,9,876
nm4977507,1.0,9,9,876
nm1305012,1.0,9,9,877
nm2420168,1.0,9,9,877
nm3647771,1.0,9,9,877
nm5480083,1.0,9,9,877
nm3791134,0.956853,9,9,878
nm7825322,1.77665,18,18,878
nm4830925,1.0,9,9,879
nm5920263,1.0,9,9,879
nm2120530,1.0,9,9,879
nm7186028,1.0,9,9,880
nm10271251,0.850923,9,9,13
nm4566081,1.0,9,9,881
nm3404632,1.0,9,9,881
nm3713413,1.0,9,9,881
nm13357370,1.0,9,9,881
nm10288813,1.0,9,9,309
nm2878427,1.0,9,9,309
nm5626898,1.0,9,9,309
nm6527505,0.871532,9,9,19
nm10392817,0.855287,9,9,882
nm10405979,0.855287,9,9,882
nm2213957,0.855287,9,9,882
nm10441249,0.855287,9,9,882
nm3033768,0.827411,9,9,871
nm6162988,0.827411,9,9,871
nm10273981,0.956853,9,9,675
nm9365054,0.956853,9,9,675
nm10273978,0.956853,9,9,675
nm10278215,0.956853,9,9,675
nm8315801,0.956853,9,9,675
nm9365055,0.956853,9,9,675
nm10301295,1.0,9,9,885
nm6088477,1.0,9,9,885
nm11669139,1.0,9,9,886
nm10275432,1.0,9,9,886
nm11520892,1.0,9,9,886
nm10275514,1.0,9,9,887
nm9753058,1.0,9,9,887
nm11097121,1.0,9,9,888
nm11097123,1.0,9,9,888
nm10276227,0.956853,9,9,277
nm10276266,0.956853,9,9,277
nm10276271,0.956853,9,9,277
nm1282801,0.851936,9,9,890
nm1772606,0.851936,9,9,890
nm10401186,0.851936,9,9,1036
nm1998753,0.851936,9,9,1036
nm2009629,1.647208,18,18,1036
nm10282163,0.726229,9,9,838
nm10287368,0.727294,9,9,838
nm10287372,0.727294,9,9,838
nm5630118,0.727294,9,9,838
nm6827674,1.30306,15,18,838
nm10277001,0.956853,9,9,389
nm10277014,0.956853,9,9,389
nm10277003,0.956853,9,9,389
nm10277008,0.956853,9,9,389
nm8353860,1.0,9,9,892
nm10277260,1.0,9,9,865
nm1026163,1.0,9,9,865
nm6837668,1.0,9,9,865
nm8152365,1.0,9,9,865
nm3191126,1.0,9,9,865
nm8879762,1.0,9,9,865
nm10277974,1.0,9,9,895
nm10278576,1.0,9,9,895
nm10282595,1.0,9,9,895
nm10282598,1.0,9,9,895
nm9488894,1.0,9,9,895
nm10282596,1.0,9,9,895
nm10278265,1.0,9,9,896
nm10278266,1.0,9,9,896
nm4147574,0.800998,9,9,110
nm5131213,0.800998,9,9,110
nm1009361,0.800998,9,9,110
nm8274224,0.794426,9,9,838
nm10278988,1.0,9,9,897
nm10278981,1.0,9,9,897
nm2531609,0.956853,9,9,898
nm5902207,0.956853,9,9,898
nm2819797,0.898532,9,9,3
nm0236657,0.898532,9,9,3
nm11084342,1.0,9,9,899
nm11142241,1.0,9,9,899
nm9886158,1.0,9,9,899
nm10284014,0.759653,9,9,838
nm10282870,1.0,9,9,901
nm2087065,1.0,9,9,901
nm1181576,0.85771,9,9,111
nm1160050,0.85771,9,9,111
nm2214646,0.85771,9,9,111
nm2551613,0.808281,9,9,111
nm0722088,0.808281,9,9,111
nm10436776,0.808281,9,9,111
nm7574603,0.713888,9,9,838
nm2381150,1.0,9,9,677
nm5444743,1.0,9,9,677
nm10285153,1.0,9,9,677
nm3285903,1.0,9,9,677
nm13983298,1.0,9,9,677
nm10286181,1.0,9,9,904
nm2670356,1.0,9,9,904
nm6288327,1.0,9,9,904
nm11370720,0.956853,9,9,225
nm4658298,0.956853,9,9,225
nm0896626,1.0,9,9,165
nm2343968,0.946562,9,9,30
nm2889535,0.946562,9,9,30
nm3874902,1.0,9,9,906
nm18243817,1.0,9,9,906
nm10075303,1.0,9,9,789
nm10288726,1.0,9,9,789
nm4940595,1.0,9,9,789
nm0082897,0.956853,9,9,54
nm1227864,0.956853,9,9,54
nm1982556,0.956853,9,9,54
nm12776689,0.956853,9,9,878
nm13045531,0.956853,9,9,878
nm9404918,0.956853,9,9,878
nm10292523,1.0,9,9,907
nm10530182,1.0,9,9,907
nm10528834,1.0,9,9,907
nm10290588,1.0,9,9,909
nm10290593,1.0,9,9,909
nm10290595,1.0,9,9,909
nm6053142,1.0,9,9,909
nm10290590,1.0,9,9,909
nm10290591,1.0,9,9,909
nm12294533,0.816421,9,9,524
nm4115259,0.816421,9,9,524
nm8850112,0.816421,9,9,524
nm10292046,1.0,9,9,911
nm10292072,1.0,9,9,911
nm10292389,0.941067,9,9,7
nm9742125,0.941067,9,9,7
nm10292439,1.0,9,9,913
nm6545172,1.0,9,9,913
nm10031888,0.866322,9,9,114
nm1244898,2.273968,27,27,114
nm6055225,0.866322,9,9,114
nm10293523,1.0,9,9,856
nm1797652,0.956853,9,9,274
nm2592123,0.956853,9,9,274
nm3813885,0.956853,9,9,274
nm1145617,0.956853,9,9,274
nm10295859,1.0,9,9,920
nm10830415,1.0,9,9,920
nm10830416,1.0,9,9,920
nm12698965,1.0,9,9,921
nm13812491,1.0,9,9,921
nm10296702,1.0,9,9,922
nm9221622,1.0,9,9,922
nm10555285,1.0,9,9,923
nm5046424,1.0,9,9,923
nm10296873,1.0,9,9,923
nm10301361,1.0,9,9,923
nm10510880,1.0,9,9,923
nm10555263,1.0,9,9,923
nm15135805,0.956853,9,9,254
nm10300661,1.0,9,9,499
nm10302536,1.0,9,9,499
nm2419847,0.905083,9,9,924
nm6984294,0.905083,9,9,924
nm3683078,1.0,9,9,925
nm10301005,1.0,9,9,925
nm2599473,0.927576,9,9,11
nm9683228,0.927569,9,9,478
nm5425413,0.927569,9,9,478
nm2940796,0.886095,9,9,365
nm5576978,0.886095,9,9,365
nm8669559,0.886095,9,9,365
nm10087145,0.886095,9,9,365
nm10303425,1.0,9,9,927
nm10302511,1.0,9,9,927
nm10303766,1.0,9,9,928
nm10303781,1.0,9,9,928
nm10303752,1.0,9,9,928
nm10303753,1.0,9,9,928
nm10303959,1.0,9,9,929
nm10303954,1.0,9,9,929
nm6481461,1.0,9,9,929
nm7268239,1.0,9,9,929
nm8009298,1.0,9,9,929
nm10304666,1.0,9,9,916
nm10304667,1.0,9,9,916
nm10304664,1.0,9,9,916
nm6248484,1.0,9,9,930
nm10305295,1.0,9,9,930
nm6369408,1.0,9,9,930
nm6713262,1.0,9,9,804
nm10110938,1.0,9,9,804
nm4366217,1.0,9,9,804
nm10305720,1.0,9,9,721
nm10305909,1.0,9,9,931
nm10305905,1.0,9,9,931
nm4916809,1.0,9,9,931
nm10308441,0.956853,9,9,617
nm0591651,0.956853,9,9,617
nm10307165,0.956853,9,9,617
nm10457996,1.0,9,9,933
nm10308109,0.637259,9,9,113
nm9624381,0.637259,9,9,113
nm10308174,1.0,9,9,935
nm10308177,1.0,9,9,935
nm7430936,1.0,9,9,936
nm10310557,1.0,9,9,939
nm10310859,1.0,9,9,939
nm1918614,1.0,9,9,939
nm10311794,0.956853,9,9,796
nm8615474,0.956853,9,9,796
nm9310910,0.956853,9,9,796
nm10312040,0.616029,9,9,942
nm3591507,1.590283,25,27,1380
nm3440823,0.616029,9,9,942
nm1284880,1.0,9,9,944
nm1800470,1.0,9,9,944
nm8797881,1.0,9,9,944
nm10315030,0.69797,9,9,946
nm3869087,1.258883,12,18,1392
nm11041863,1.0,9,9,947
nm10550282,0.956853,9,9,653
nm5956330,0.956853,9,9,653
nm5252055,1.0,9,9,941
nm7597173,1.0,9,9,941
nm4177195,1.0,9,9,941
nm4756188,1.0,9,9,948
nm10316076,1.0,9,9,948
nm1517311,1.0,9,9,948
nm7467053,1.0,9,9,949
nm8819794,1.0,9,9,949
nm10316986,1.0,9,9,918
nm10294915,1.0,9,9,918
nm10333614,1.0,9,9,918
nm10330467,1.0,9,9,918
nm10317264,1.0,9,9,950
nm10317255,1.0,9,9,950
nm10317263,1.0,9,9,950
nm9281265,1.0,9,9,204
nm2922103,0.942653,9,9,114
nm3120250,0.942653,9,9,114
nm10537764,1.0,9,9,719
nm0917381,1.0,9,9,719
nm10321699,0.877139,9,9,43
nm3221421,0.883852,9,9,1216
nm3794219,1.686748,18,18,1216
nm4827066,0.877139,9,9,43
nm2701005,0.883852,9,9,1216
nm7382947,0.877139,9,9,43
nm10321925,1.0,9,9,953
nm10858691,1.0,9,9,953
nm10321923,1.0,9,9,953
nm10858692,1.0,9,9,953
nm10675588,1.0,9,9,953
nm10322427,0.870558,9,9,954
nm10322443,0.870558,9,9,954
nm10322431,0.870558,9,9,954
nm10369273,0.870558,9,9,955
nm4526647,0.870558,9,9,955
nm10369278,0.870558,9,9,955
nm9481215,0.935367,9,9,503
nm8758981,1.0,9,9,956
nm10324814,1.0,9,9,957
nm6353289,1.0,9,9,957
nm7460351,1.0,9,9,917
nm7785962,1.0,9,9,917
nm10294083,1.0,9,9,917
nm6778905,1.0,9,9,958
nm8028537,1.0,9,9,958
nm10327035,1.0,9,9,959
nm10327039,1.0,9,9,959
nm4470318,1.0,9,9,959
nm10327038,1.0,9,9,959
nm6576452,1.0,9,9,960
nm6772181,1.0,9,9,961
nm10328671,1.0,9,9,961
nm8825668,1.0,9,9,961
nm10438367,0.628226,9,9,113
nm9724876,1.0,9,9,965
nm10332276,1.0,9,9,965
nm10919510,1.0,9,9,965
nm10333358,0.87749,9,9,966
nm10333195,0.87749,9,9,966
nm9872474,1.640276,18,18,966
nm7514964,1.0,9,9,971
nm5407537,1.0,9,9,971
nm1242118,1.0,9,9,971
nm2386577,1.0,9,9,971
nm10334610,1.0,9,9,826
nm10334612,1.0,9,9,826
nm10334792,1.0,9,9,826
nm10334611,1.0,9,9,826
nm1295827,0.935964,9,9,19
nm10871664,0.935964,9,9,19
nm10335367,1.0,9,9,972
nm8129116,1.0,9,9,972
nm8178680,1.0,9,9,972
nm3970165,1.0,9,9,973
nm9045427,1.0,9,9,973
nm1272902,1.0,9,9,973
nm6820372,1.0,9,9,973
nm10474558,0.79537,9,9,11
nm2587401,1.468898,18,18,11
nm2586010,0.79537,9,9,11
nm10337156,0.913706,9,9,970
nm10337377,1.0,9,9,974
nm10337381,1.0,9,9,974
nm6700366,1.0,9,9,974
nm5931026,1.0,9,9,975
nm4470621,1.635168,17,18,619
nm8841357,0.874119,9,9,454
nm10349867,0.874119,9,9,454
nm10338761,1.0,9,9,976
nm10339099,1.0,9,9,977
nm10339106,1.0,9,9,977
nm5573198,1.0,9,9,977
nm9290421,0.871246,9,9,13
nm2256253,0.871246,9,9,13
nm8249698,1.0,9,9,978
nm4616554,1.0,9,9,978
nm5710414,1.0,9,9,978
nm10341537,0.956853,9,9,979
nm12239799,0.956853,9,9,979
nm12239802,0.956853,9,9,979
nm11876042,0.956853,9,9,979
nm5767655,0.956853,9,9,979
nm10519683,0.956853,9,9,979
nm10519684,0.956853,9,9,979
nm5653715,0.956853,9,9,979
nm1943060,1.0,9,9,943
nm3079083,1.0,9,9,943
nm4557677,1.0,9,9,943
nm2705154,0.956853,9,9,980
nm1865082,0.956853,9,9,980
nm9496018,0.956853,9,9,980
nm9680921,1.77665,18,18,980
nm17664832,1.0,9,9,982
nm16365811,1.0,9,9,982
nm9880445,1.0,9,9,982
nm9864495,1.0,9,9,981
nm10343511,1.0,9,9,981
nm10344698,1.0,9,9,981
nm10344704,1.0,9,9,981
nm9864487,1.0,9,9,981
nm6178628,0.884751,9,9,11
nm13504762,0.87664,9,9,13
nm10345115,0.87664,9,9,13
nm10345118,0.87664,9,9,13
nm10362308,1.0,9,9,983
nm3623569,1.0,9,9,983
nm5254236,1.0,9,9,983
nm3784836,0.844992,9,9,114
nm9363168,0.844992,9,9,114
nm3317262,1.0,9,9,984
nm5567368,1.0,9,9,984
nm5568030,1.0,9,9,984
nm4882946,1.0,9,9,984
nm10347944,1.0,9,9,984
nm3317210,1.0,9,9,984
nm9393405,1.473063,15,18,985
nm10349456,0.805059,9,9,985
nm10349457,0.805059,9,9,985
nm5751952,0.805059,9,9,985
nm10349593,1.0,9,9,986
nm10349595,1.0,9,9,986
nm10349597,1.0,9,9,986
nm13931649,1.0,9,9,987
nm10350160,1.0,9,9,987
nm10350257,1.690355,17,18,989
nm4322312,0.913706,9,9,989
nm10402249,0.913706,9,9,989
nm10483886,0.913706,9,9,989
nm10353327,1.0,9,9,990
nm11049968,1.0,9,9,990
nm10350936,1.0,9,9,992
nm8606718,1.0,9,9,992
nm10350934,1.0,9,9,992
nm4439079,1.0,9,9,992
nm10401109,1.0,9,9,993
nm7865013,1.0,9,9,993
nm5559835,1.0,9,9,994
nm7727960,1.0,9,9,994
nm9697024,1.0,9,9,996
nm5664029,0.956853,9,9,597
nm9005150,0.856524,9,9,13
nm10357999,1.0,9,9,999
nm10358003,1.0,9,9,999
nm10358004,1.0,9,9,999
nm10358006,1.0,9,9,999
nm4086303,1.0,9,9,1000
nm7192128,1.0,9,9,1000
nm10359219,1.0,9,9,730
nm6819140,1.0,9,9,730
nm9608920,1.0,9,9,730
nm1053169,1.0,9,9,538
nm10666414,1.0,9,9,538
nm1477854,1.0,9,9,538
nm0571264,1.0,9,9,612
nm10399474,1.0,9,9,612
nm7533976,1.0,9,9,612
nm10362785,1.0,9,9,998
nm10362811,1.0,9,9,998
nm10357010,1.0,9,9,998
nm10448186,1.0,9,9,1002
nm7722049,1.0,9,9,1002
nm8255801,1.0,9,9,1002
nm7822064,1.455015,18,18,740
nm9540664,0.747486,9,9,740
nm7487475,0.880775,9,9,137
nm9390890,0.880775,9,9,137
nm10364081,1.0,9,9,1004
nm10385190,1.0,9,9,1004
nm9443054,1.0,9,9,1004
nm10364393,1.0,9,9,1005
nm4977260,1.0,9,9,1006
nm9198094,1.0,9,9,1006
nm9338633,1.0,9,9,1007
nm8109372,1.0,9,9,1007
nm9532877,0.949921,9,9,273
nm3404450,1.740434,18,18,273
nm7630836,1.0,9,9,1009
nm6311879,1.0,9,9,1009
nm10367757,0.956853,9,9,980
nm8616359,0.956853,9,9,980
nm9680920,0.956853,9,9,980
nm9898003,0.956853,9,9,980
nm9898007,0.956853,9,9,980
nm10369305,1.0,9,9,1010
nm10369307,1.0,9,9,1010
nm2199633,1.0,9,9,1010
nm10369423,1.0,9,9,1011
nm10369421,1.0,9,9,1011
nm10369424,1.0,9,9,1011
nm9329205,1.0,9,9,1012
nm5562206,1.0,9,9,1012
nm10369650,1.0,9,9,1013
nm10369649,1.0,9,9,1013
nm11717030,1.0,9,9,1014
nm4841882,1.0,9,9,1014
nm10370317,1.0,9,9,1014
nm8817655,1.0,9,9,1014
nm10372162,0.902447,9,9,737
nm8172595,0.902447,9,9,737
nm10372161,0.902447,9,9,737
nm2459212,0.902447,9,9,737
nm3724770,0.902447,9,9,737
nm0993188,0.902447,9,9,737
nm10372305,1.0,9,9,821
nm9008678,1.0,9,9,1019
nm10383082,1.0,9,9,1019
nm9634908,1.0,9,9,1019
nm5209540,0.927542,9,9,39
nm5620042,0.927542,9,9,39
nm7356566,0.927542,9,9,39
nm10376626,0.930978,9,9,13
nm1277293,0.844644,9,9,11
nm11585402,1.0,9,9,869
nm11585403,1.0,9,9,869
nm10377639,1.0,9,9,869
nm8682490,1.0,9,9,1021
nm2609445,1.0,9,9,1021
nm10378896,1.0,9,9,1022
nm10378907,1.0,9,9,1022
nm5140887,1.0,9,9,1022
nm10378903,1.0,9,9,1022
nm10379065,1.0,9,9,1023
nm10395986,1.0,9,9,1024
nm10395979,1.0,9,9,1024
nm13526544,1.0,9,9,1024
nm10379923,1.0,9,9,1025
nm7354641,1.0,9,9,1025
nm10379925,1.0,9,9,1025
nm10381418,1.0,9,9,1026
nm10381409,1.0,9,9,1026
nm10381492,1.0,9,9,1027
nm10661717,1.0,9,9,1027
nm10382311,1.0,9,9,908
nm10381407,1.0,9,9,908
nm2056519,1.0,9,9,1029
nm11633842,1.0,9,9,1029
nm11778776,1.0,9,9,1030
nm4051847,1.77665,18,18,551
nm3128762,1.0,9,9,1032
nm8744655,1.0,9,9,1032
nm9989234,1.0,9,9,1032
nm5995708,1.0,9,9,1033
nm10385069,1.0,9,9,1033
nm6761378,1.0,9,9,1033
nm5306367,1.0,9,9,1034
nm9486576,1.0,9,9,1034
nm10385766,0.932328,9,9,1036
nm7065745,0.932328,9,9,1036
nm10385908,0.956853,9,9,642
nm6940200,0.956853,9,9,642
nm8178625,0.956853,9,9,642
nm8878489,0.956853,9,9,642
nm10387663,1.0,9,9,1039
nm5008678,1.0,9,9,1039
nm10387659,1.0,9,9,1039
nm6511246,0.837142,9,9,33
nm1716909,0.837142,9,9,33
nm4474640,0.956853,9,9,775
nm0939224,1.0,9,9,496
nm10390265,1.0,9,9,1041
nm10411425,1.0,9,9,1041
nm3078257,1.0,9,9,1041
nm10390408,1.0,9,9,1042
nm4457349,0.937065,9,9,126
nm3674756,0.937065,9,9,126
nm3492497,0.937065,9,9,126
nm9207663,0.87528,9,9,19
nm1104698,0.87528,9,9,19
nm1276263,0.87528,9,9,19
nm10392018,1.0,9,9,1043
nm10392036,1.0,9,9,1043
nm10392020,1.0,9,9,1043
nm6759421,1.0,9,9,1044
nm2305470,1.0,9,9,1044
nm3934032,1.0,9,9,1044
nm10395060,1.0,9,9,1046
nm10395061,1.0,9,9,1046
nm10395063,1.0,9,9,1046
nm10395067,1.0,9,9,1046
nm14829974,0.949921,9,9,53
nm14829971,0.949921,9,9,53
nm8333786,0.949921,9,9,53
nm12166756,0.949921,9,9,53
nm7596465,0.949921,9,9,53
nm10397910,1.0,9,9,1048
nm7480472,1.0,9,9,1048
nm9177070,1.0,9,9,1048
nm0840646,0.908055,9,9,110
nm6252520,1.0,9,9,764
nm7761976,1.0,9,9,764
nm7626470,1.0,9,9,1052
nm8687620,1.0,9,9,1052
nm10403421,1.0,9,9,1053
nm1367313,1.598855,18,18,1054
nm12685483,0.881046,9,9,1054
nm2740210,1.687819,18,18,23
nm3362979,0.918962,9,9,23
nm9408646,0.650182,9,9,113
nm6160653,0.650182,9,9,113
nm10405512,0.927569,9,9,317
nm1292302,0.927569,9,9,317
nm10406140,1.0,9,9,1055
nm9567837,1.0,9,9,1055
nm10406139,1.0,9,9,1055
nm11638994,1.0,9,9,1055
nm11638997,1.0,9,9,1055
nm9607558,0.802839,9,9,86
nm6793660,0.802839,9,9,86
nm9449730,0.721127,9,9,86
nm9025542,0.883367,9,9,11
nm5576933,0.866527,9,9,1057
nm9714664,0.866527,9,9,1057
nm7412124,0.866527,9,9,1057
nm10407093,1.205495,14,18,1058
nm10532733,0.680911,9,9,1058
nm4667740,0.680911,9,9,1058
nm10407096,1.0,9,9,1059
nm9993484,1.0,9,9,1059
nm9993485,1.0,9,9,1059
nm10407099,1.0,9,9,1059
nm4780658,1.0,9,9,1059
nm10407097,1.0,9,9,1059
nm10407098,1.0,9,9,1059
nm7501047,1.0,9,9,1050
nm2255965,1.0,9,9,1060
nm4270904,1.0,9,9,1060
nm4272147,1.0,9,9,1060
nm10407604,1.0,9,9,1062
nm10471447,1.0,9,9,1062
nm10492599,1.0,9,9,1062
nm4514409,0.956853,9,9,155
nm2026341,0.956853,9,9,155
nm10409716,0.857763,9,9,114
nm5194234,0.851853,9,9,114
nm10498861,0.851853,9,9,114
nm3207134,0.851853,9,9,114
nm7189111,1.564007,18,18,114
nm10409729,0.913706,9,9,1065
nm1699432,0.913706,9,9,1065
nm2338933,0.913706,9,9,1065
nm10410494,1.0,9,9,262
nm0221315,1.0,9,9,262
nm1092208,1.0,9,9,262
nm0408142,1.0,9,9,523
nm11130699,1.0,9,9,1067
nm11133418,1.0,9,9,1067
nm10414955,1.0,9,9,1068
nm4214874,1.0,9,9,1068
nm9788259,1.0,9,9,1068
nm9128274,1.0,9,9,1068
nm10924248,0.956853,9,9,810
nm10603941,0.956853,9,9,810
nm12519578,1.0,9,9,154
nm3150764,1.0,9,9,154
nm1265207,1.0,9,9,154
nm14821377,1.0,9,9,154
nm17620163,1.0,9,9,154
nm7233931,1.0,9,9,1069
nm10423126,1.0,9,9,1069
nm7508996,1.0,9,9,1069
nm9984976,1.0,9,9,1069
nm10418798,1.0,9,9,1072
nm10418807,1.0,9,9,1072
nm6611636,1.0,9,9,1072
nm10419133,1.0,9,9,1073
nm1300458,1.0,9,9,1073
nm10419379,1.0,9,9,1074
nm10419385,1.0,9,9,1074
nm10443282,0.721731,9,9,739
nm8017732,1.348102,16,18,739
nm10443280,0.721731,9,9,739
nm1237533,0.893672,9,9,114
nm1245077,1.638378,18,18,114
nm1908872,0.893672,9,9,114
nm2136707,0.843643,9,9,1054
nm6823397,0.843643,9,9,1054
nm6931894,2.294416,24,27,1056
nm7902114,1.521702,15,18,1056
nm10406638,1.521702,15,18,1056
nm3865589,0.829379,9,9,1056
nm10425074,1.0,9,9,1077
nm10447830,1.0,9,9,1077
nm10425130,0.956853,9,9,1078
nm7704530,1.77665,18,18,1078
nm10425801,1.0,9,9,1079
nm10425802,1.0,9,9,1079
nm5477572,1.0,9,9,1081
nm8015611,1.0,9,9,1081
nm10426602,1.0,9,9,1081
nm3921227,1.0,9,9,1081
nm6369174,1.0,9,9,1082
nm7987438,1.0,9,9,1082
nm3035025,1.0,9,9,1082
nm7839325,1.0,9,9,1082
nm10427147,0.927218,9,9,19
nm9672998,0.927218,9,9,19
nm10427150,0.927218,9,9,19
nm10427466,1.0,9,9,1084
nm7420809,0.956853,9,9,497
nm9453929,0.956853,9,9,497
nm10428103,1.0,9,9,1085
nm10428106,1.0,9,9,1085
nm10428308,1.0,9,9,1086
nm10428309,1.0,9,9,1086
nm8963171,1.0,9,9,1086
nm10429831,1.0,9,9,1088
nm10429834,1.0,9,9,1088
nm10429836,1.0,9,9,1088
nm7654200,1.0,9,9,1089
nm9518178,1.0,9,9,1089
nm10430004,1.0,9,9,1090
nm10430007,1.0,9,9,1090
nm10430008,1.0,9,9,1090
nm2525754,1.674038,18,18,240
nm3515263,0.908828,9,9,240
nm5188998,0.908828,9,9,240
nm1758570,0.908828,9,9,240
nm10436386,0.956853,9,9,1083
nm10430777,1.0,9,9,1092
nm8853149,1.0,9,9,1092
nm6066983,0.938161,9,9,371
nm7091100,0.938161,9,9,371
nm10431129,0.938161,9,9,371
nm10431283,1.0,9,9,1093
nm10431281,1.0,9,9,1093
nm10288362,1.0,9,9,905
nm7866296,0.933656,9,9,310
nm8206133,0.933656,9,9,310
nm10432803,0.933656,9,9,310
nm2622225,0.933656,9,9,310
nm8423459,1.0,9,9,751
nm10017483,1.0,9,9,751
nm10433062,1.0,9,9,751
nm10433340,1.0,9,9,912
nm10433343,1.0,9,9,912
nm1269581,1.0,9,9,912
nm10433742,1.0,9,9,1094
nm8640499,1.0,9,9,1094
nm4691677,0.947298,9,9,707
nm10041313,0.947298,9,9,707
nm1021099,0.947298,9,9,707
nm3430300,1.0,9,9,807
nm10434496,1.0,9,9,1095
nm10434498,1.0,9,9,1095
nm2810290,1.0,9,9,1095
nm6384539,0.927569,9,9,519
nm4597050,0.927569,9,9,519
nm5199313,0.927569,9,9,519
nm8040682,0.889127,9,9,1054
nm10436348,1.0,9,9,884
nm10438662,1.0,9,9,884
nm10438666,1.0,9,9,884
nm10451471,0.956853,9,9,1083
nm10451478,0.956853,9,9,1083
nm10436514,1.0,9,9,1040
nm10388578,1.0,9,9,1040
nm10436515,1.0,9,9,1040
nm10436707,1.0,9,9,1040
nm9587563,1.0,9,9,1040
nm10436820,1.0,9,9,1096
nm9537869,1.0,9,9,763
nm10031066,1.0,9,9,763
nm10436902,1.0,9,9,763
nm1650737,1.0,9,9,763
nm6429677,1.0,9,9,763
nm10437053,1.0,9,9,1097
nm10437238,1.0,9,9,1098
nm12474072,1.0,9,9,1099
nm12474069,1.0,9,9,1099
nm12474070,1.0,9,9,1099
nm0359082,1.0,9,9,486
nm8532388,1.0,9,9,486
nm10437906,1.0,9,9,1100
nm10442618,1.0,9,9,1100
nm10438212,1.0,9,9,1101
nm10437997,1.0,9,9,1101
nm2023228,0.868366,9,9,23
nm13237493,0.882163,9,9,1102
nm12786858,0.882163,9,9,1102
nm10438092,0.882163,9,9,1102
nm9392635,1.0,9,9,1103
nm10438105,1.0,9,9,1103
nm10438103,1.0,9,9,1103
nm10438104,1.0,9,9,1103
nm10438107,1.0,9,9,1103
nm1196019,0.911618,9,9,23
nm8043785,1.0,9,9,1105
nm5134117,1.0,9,9,1105
nm10440485,1.0,9,9,1106
nm5191282,1.0,9,9,1106
nm8309876,1.0,9,9,1106
nm10442541,1.0,9,9,1107
nm10676622,1.0,9,9,1107
nm10676623,1.0,9,9,1107
nm10489906,1.0,9,9,1108
nm13344987,1.0,9,9,1108
nm13344989,1.0,9,9,1108
nm1334056,1.0,9,9,672
nm4581095,1.0,9,9,672
nm2865434,1.0,9,9,1109
nm10837702,1.0,9,9,1109
nm10444071,1.0,9,9,1110
nm5064479,1.0,9,9,1110
nm7997369,1.0,9,9,1110
nm8329755,1.0,9,9,1110
nm10446129,0.903814,9,9,1111
nm4576728,0.903814,9,9,1111
nm7070508,1.0,9,9,372
nm0726922,1.0,9,9,372
nm8830552,1.0,9,9,372
nm7952187,1.0,9,9,372
nm10448556,1.0,9,9,1113
nm1972850,1.0,9,9,1113
nm3267600,1.0,9,9,1113
nm1919259,1.0,9,9,1113
nm3041466,1.0,9,9,1113
nm10448916,0.949921,9,9,820
nm4997973,0.949921,9,9,820
nm7668897,0.927569,9,9,820
nm10448915,0.949921,9,9,820
nm10448917,0.949921,9,9,820
nm10448918,0.949921,9,9,820
nm12645750,0.927569,9,9,820
nm3668855,0.949921,9,9,820
nm9813170,1.0,9,9,1114
nm10449218,1.0,9,9,1114
nm10449222,1.0,9,9,1114
nm10449219,1.0,9,9,1114
nm10451457,1.0,9,9,1117
nm10561908,1.0,9,9,1117
nm10561889,1.0,9,9,1117
nm10451508,1.0,9,9,1118
nm3464555,1.0,9,9,1118
nm6750316,1.0,9,9,1118
nm9013863,1.0,9,9,1118
nm16553677,1.0,9,9,1118
nm10451512,1.0,9,9,1118
nm7517955,1.0,9,9,1118
nm10118850,1.0,9,9,791
nm6733359,1.0,9,9,791
nm10453500,0.870558,9,9,1119
nm4188857,1.604061,16,18,1120
nm4605066,1.604061,16,18,1120
nm10453506,1.604061,16,18,1120
nm1856676,0.870558,9,9,1119
nm10466003,0.870558,9,9,1119
nm10454403,0.870558,9,9,1120
nm6763368,0.870558,9,9,1120
nm5026180,0.870558,9,9,1120
nm10455697,1.0,9,9,1121
nm10455699,1.0,9,9,1121
nm10455705,1.0,9,9,1121
nm9594393,1.0,9,9,1121
nm10454895,1.0,9,9,1124
nm5216844,0.619941,9,9,113
nm1091033,0.619941,9,9,113
nm1880549,1.0,9,9,1126
nm2146987,1.0,9,9,1126
nm10456641,1.0,9,9,766
nm10032398,1.0,9,9,766
nm10456643,1.0,9,9,766
nm10458155,1.0,9,9,1127
nm10458161,1.0,9,9,1127
nm10458156,1.0,9,9,1127
nm7321793,1.0,9,9,1127
nm4160584,0.813901,9,9,111
nm9430747,0.813901,9,9,111
nm2118613,0.813901,9,9,111
nm2120538,0.813901,9,9,111
nm0794242,0.817716,9,9,111
nm11581621,0.833039,9,9,111
nm10459414,1.428648,14,18,1130
nm6736465,1.562237,18,18,68
nm10463089,0.782941,9,9,1130
nm10463082,0.782941,9,9,1130
nm10461340,1.0,9,9,1134
nm4350327,0.855501,9,9,754
nm10458972,0.855501,9,9,754
nm4855161,1.0,9,9,1135
nm6956662,1.0,9,9,1135
nm3033831,1.0,9,9,1135
nm9396070,1.0,9,9,1136
nm5256042,1.0,9,9,1137
nm11004106,1.0,9,9,1125
nm10455726,1.0,9,9,1125
nm10474257,1.0,9,9,1125
nm10467935,1.0,9,9,1138
nm10467938,1.0,9,9,1138
nm10467937,1.0,9,9,1138
nm10468307,1.0,9,9,1139
nm10482619,1.0,9,9,1139
nm10468302,1.0,9,9,1139
nm10468305,1.0,9,9,1139
nm10468306,1.0,9,9,1139
nm10468987,1.0,9,9,577
nm10468986,1.0,9,9,577
nm10468981,1.0,9,9,577
nm9851355,1.0,9,9,1140
nm8852558,0.944246,9,9,59
nm4318347,0.944246,9,9,59
nm10471344,1.0,9,9,1141
nm3363584,1.0,9,9,1141
nm10471700,1.0,9,9,1142
nm6869529,1.0,9,9,1142
nm4468587,1.0,9,9,1143
nm10471922,1.0,9,9,659
nm8437918,1.0,9,9,659
nm2312656,1.0,9,9,659
nm6371162,1.0,9,9,894
nm10473064,1.0,9,9,894
nm2346665,0.809877,9,9,13
nm10474791,1.0,9,9,1145
nm5563698,1.0,9,9,1145
nm10474794,1.0,9,9,1145
nm10674714,0.949921,9,9,820
nm8930016,0.949921,9,9,820
nm9802079,1.0,9,9,1146
nm7922388,0.772035,9,9,111
nm10476971,0.956853,9,9,597
nm6111186,0.956853,9,9,597
nm6198519,0.956853,9,9,597
nm6284745,0.956853,9,9,597
nm5640962,0.956853,9,9,597
nm10480657,1.0,9,9,1148
nm10477373,1.0,9,9,1148
nm10477376,1.0,9,9,1148
nm10478323,1.0,9,9,1149
nm10478324,1.0,9,9,1149
nm10478325,1.0,9,9,1149
nm10486084,1.0,9,9,1150
nm8942747,1.0,9,9,1150
nm4341114,1.0,9,9,1150
nm4666732,1.0,9,9,1150
nm10479458,1.0,9,9,938
nm10479557,0.88132,9,9,114
nm5120794,0.88132,9,9,114
nm2805221,0.88132,9,9,114
nm11088617,1.0,9,9,794
nm5599447,1.0,9,9,1151
nm12674556,1.0,9,9,1152
nm12674557,1.0,9,9,1152
nm12674558,1.0,9,9,1152
nm10484456,1.0,9,9,1153
nm7795173,1.0,9,9,1153
nm10482255,1.0,9,9,1154
nm0726234,0.956853,9,9,676
nm10930959,0.956853,9,9,676
nm10483664,1.0,9,9,1155
nm10601956,1.0,9,9,1155
nm5680617,1.014679,9,18,690
nm10276297,1.0,9,9,889
nm9828762,1.0,9,9,889
nm0001643,0.91653,9,9,68
nm3617013,0.91653,9,9,68
nm3616347,0.91653,9,9,68
nm6669551,0.91653,9,9,68
nm8715317,1.0,9,9,1157
nm10487114,1.0,9,9,1157
nm10487112,1.0,9,9,1157
nm5410602,0.628701,9,9,113
nm8767964,1.0,9,9,1123
nm10488762,0.948678,9,9,323
nm2694385,1.733503,18,18,323
nm8540541,0.948678,9,9,323
nm10496476,1.0,9,9,1158
nm10498050,1.0,9,9,1158
nm10148819,1.0,9,9,813
nm10148814,1.0,9,9,813
nm10491063,1.0,9,9,813
nm10491233,1.0,9,9,1159
nm10491238,1.0,9,9,1159
nm1202122,1.0,9,9,1159
nm4162452,1.0,9,9,1159
nm2949959,1.0,9,9,94
nm10491845,1.0,9,9,94
nm10491841,1.0,9,9,94
nm2949715,1.0,9,9,94
nm3940715,1.0,9,9,94
nm10494467,0.956853,9,9,1070
nm5475083,1.77665,18,18,1070
nm10492242,1.0,9,9,997
nm10492243,1.0,9,9,997
nm10492255,1.0,9,9,997
nm10492247,1.0,9,9,997
nm4289510,1.0,9,9,1162
nm9862140,1.0,9,9,1162
nm7961313,1.0,9,9,1164
nm11322757,0.909238,9,9,23
nm9361680,1.0,9,9,1166
nm8207833,1.0,9,9,1166
nm10496609,1.0,9,9,1167
nm10496611,1.0,9,9,1167
nm10496616,1.0,9,9,1167
nm10496617,1.0,9,9,1167
nm0693795,1.0,9,9,663
nm2997755,1.0,9,9,663
nm4994808,1.0,9,9,663
nm10497418,1.0,9,9,1168
nm10497422,1.0,9,9,1168
nm7064912,1.0,9,9,1168
nm10497786,1.0,9,9,1169
nm10830027,1.0,9,9,1169
nm10830028,1.0,9,9,1169
nm8358814,1.0,9,9,1171
nm4724538,1.0,9,9,1171
nm4407823,1.0,9,9,755
nm10498968,1.0,9,9,755
nm2014279,1.0,9,9,755
nm10502632,0.949921,9,9,1161
nm6869208,0.949921,9,9,1161
nm9600356,1.740434,18,18,1161
nm4311727,0.949921,9,9,1161
nm10502939,1.0,9,9,1175
nm8454987,1.0,9,9,1175
nm8683370,0.956853,9,9,1176
nm4527948,0.956853,9,9,1176
nm7582636,0.956853,9,9,1176
nm12102793,0.956853,9,9,1176
nm12102792,0.956853,9,9,1176
nm6652333,0.956853,9,9,1176
nm3636597,1.0,9,9,1177
nm10503693,1.0,9,9,1177
nm7553114,1.0,9,9,1177
nm8801226,0.946449,9,9,23
nm1276933,0.946449,9,9,23
nm10333406,0.847167,9,9,13
nm11129103,0.847167,9,9,13
nm10506107,1.0,9,9,1179
nm10506108,1.0,9,9,1179
nm9855889,1.0,9,9,1179
nm10506105,1.0,9,9,1179
nm8595063,1.0,9,9,1180
nm9958734,1.0,9,9,1180
nm5672892,1.0,9,9,1180
nm10508445,1.0,9,9,1181
nm10729192,1.0,9,9,1181
nm3835850,1.0,9,9,1181
nm3673618,1.0,9,9,1181
nm10508458,1.0,9,9,1182
nm10509649,1.0,9,9,261
nm0639403,1.0,9,9,261
nm5205139,1.0,9,9,261
nm6514296,1.0,9,9,261
nm10510604,1.0,9,9,1183
nm10511277,1.0,9,9,1184
nm1797516,1.0,9,9,1184
nm7842711,1.0,9,9,776
nm10051337,1.0,9,9,776
nm9327907,1.0,9,9,776
nm10511704,1.0,9,9,801
nm10511706,1.0,9,9,801
nm10511709,1.0,9,9,801
nm10511710,1.0,9,9,801
nm10511703,1.0,9,9,801
nm13970802,1.0,9,9,1045
nm10395076,1.0,9,9,1045
nm3582612,1.0,9,9,1112
nm10447683,1.0,9,9,1112
nm10512523,1.0,9,9,1112
nm10513496,1.0,9,9,893
nm3240558,1.0,9,9,893
nm10513490,1.0,9,9,893
nm10513494,1.0,9,9,893
nm1027735,1.0,9,9,893
nm10513495,1.0,9,9,893
nm10513559,1.0,9,9,1185
nm10513550,1.0,9,9,1185
nm8191991,1.0,9,9,1185
nm10514438,1.77665,18,18,1186
nm10521133,0.956853,9,9,1186
nm10521137,0.956853,9,9,1186
nm10514439,0.956853,9,9,1186
nm7245181,0.956853,9,9,601
nm7260732,0.956853,9,9,601
nm11232735,1.0,9,9,1188
nm11364604,1.0,9,9,1188
nm3434660,1.0,9,9,335
nm0172862,1.0,9,9,335
nm3385467,1.0,9,9,1189
nm10516613,1.0,9,9,1190
nm10516621,1.0,9,9,1190
nm10516619,1.0,9,9,1190
nm10516631,1.0,9,9,1190
nm10517497,1.0,9,9,839
nm10204853,1.0,9,9,839
nm10518007,1.0,9,9,1191
nm7583174,0.782763,9,9,1192
nm9240671,1.562237,18,18,1192
nm10518651,0.91653,9,9,1192
nm10519168,1.0,9,9,1194
nm9598428,1.0,9,9,1194
nm8854447,1.0,9,9,1194
nm10520102,1.0,9,9,1195
nm10520100,1.0,9,9,1195
nm10520101,1.0,9,9,1195
nm10520202,1.0,9,9,1196
nm10521108,1.0,9,9,1199
nm2149437,0.938133,9,9,596
nm7369952,0.938133,9,9,596
nm7681612,0.938133,9,9,596
nm7747767,1.0,9,9,1200
nm10522457,1.0,9,9,1200
nm10611935,1.0,9,9,1201
nm10522901,1.0,9,9,1201
nm10522898,1.0,9,9,1201
nm2188512,1.0,9,9,1201
nm11676839,0.911087,9,9,220
nm3885092,0.911087,9,9,220
nm10523596,1.0,9,9,1202
nm10523452,1.0,9,9,1202
nm10523717,1.0,9,9,1203
nm10523723,1.0,9,9,1203
nm10523724,1.0,9,9,1203
nm10525925,1.0,9,9,1204
nm10525921,1.0,9,9,1204
nm10525922,1.0,9,9,1204
nm7410252,1.0,9,9,1204
nm8897024,1.0,9,9,1206
nm10527335,1.0,9,9,1206
nm10527337,1.0,9,9,1206
nm10560374,1.0,9,9,1208
nm10560371,1.0,9,9,1208
nm10557535,1.0,9,9,1208
nm14760562,1.0,9,9,1209
nm18626615,1.0,9,9,1209
nm10531358,1.0,9,9,1210
nm1303216,1.0,9,9,1210
nm10531569,1.0,9,9,1211
nm10531604,1.0,9,9,1212
nm9541144,0.913706,9,9,701
nm1647994,0.913706,9,9,701
nm2648766,1.690355,17,18,1373
nm4617709,0.66164,9,9,1058
nm10532869,0.66164,9,9,1058
nm10532822,1.0,9,9,1214
nm10532823,1.0,9,9,1214
nm10532840,1.0,9,9,1214
nm10532816,1.0,9,9,1214
nm10548029,1.0,9,9,1215
nm10548031,1.0,9,9,1215
nm3112166,1.0,9,9,1215
nm10532992,1.0,9,9,799
nm1810152,1.0,9,9,799
nm10543059,1.0,9,9,799
nm10533894,0.770436,9,9,11
nm3397660,1.459873,18,18,11
nm10379526,0.770436,9,9,11
nm1846425,0.821686,9,9,111
nm2144343,0.821686,9,9,111
nm4114552,0.932328,9,9,890
nm5956683,0.932328,9,9,890
nm1742030,0.932328,9,9,890
nm4519154,0.694682,9,9,113
nm10536360,1.0,9,9,1219
nm4382414,1.0,9,9,573
nm10536989,1.0,9,9,573
nm10537553,1.0,9,9,1220
nm10537556,1.0,9,9,1220
nm10538100,0.93759,9,9,669
nm10538080,0.93759,9,9,669
nm10538097,0.93759,9,9,669
nm5480560,0.93759,9,9,669
nm10538303,1.0,9,9,141
nm10538305,1.0,9,9,141
nm10538307,1.0,9,9,141
nm10538308,1.0,9,9,141
nm10542697,1.0,9,9,631
nm3017011,1.0,9,9,1221
nm12560130,1.0,9,9,1221
nm2852180,1.0,9,9,1221
nm10723828,1.0,9,9,1222
nm3764759,1.0,9,9,1222
nm9602596,1.0,9,9,1222
nm7662036,1.0,9,9,1222
nm13234493,1.0,9,9,1223
nm10773507,1.0,9,9,786
nm8957085,1.0,9,9,786
nm9608152,1.0,9,9,786
nm6412100,0.956853,9,9,1224
nm10768265,0.956853,9,9,1224
nm5560278,0.956853,9,9,1224
nm9764325,0.956853,9,9,1224
nm4502709,1.0,9,9,1225
nm6447402,1.0,9,9,1225
nm8024327,1.0,9,9,1226
nm2146263,1.0,9,9,1226
nm10584286,1.0,9,9,846
nm10584288,1.0,9,9,846
nm10584289,1.0,9,9,846
nm10221396,1.0,9,9,846
nm5273047,1.0,9,9,1227
nm6908870,1.0,9,9,1228
nm7542869,0.846876,9,9,43
nm12791923,0.856936,9,9,348
nm10123310,0.846876,9,9,43
nm2140244,0.846876,9,9,43
nm9900699,0.856936,9,9,348
nm10595533,1.0,9,9,1016
nm6275982,1.0,9,9,1016
nm10370655,1.0,9,9,1016
nm5150208,1.0,9,9,1016
nm6910675,1.0,9,9,1016
nm9780089,1.0,9,9,910
nm10706678,0.90977,9,9,1056
nm10452475,0.90977,9,9,1056
nm10786119,1.0,9,9,1229
nm10786120,1.0,9,9,1229
nm11055608,0.948678,9,9,226
nm10619052,0.869925,9,9,1230
nm10619056,0.869925,9,9,1230
nm6372743,0.869925,9,9,1230
nm3639497,0.869925,9,9,1230
nm11638140,0.863451,9,9,11
nm14326385,1.0,9,9,1231
nm15883053,1.0,9,9,1231
nm10627023,1.0,9,9,656
nm10627022,1.0,9,9,656
nm3861581,1.62682,17,18,1391
nm11819149,0.895866,9,9,1232
nm6672891,1.0,9,9,1233
nm3399361,1.0,9,9,1233
nm3419668,1.0,9,9,1233
nm1846495,0.868736,9,9,111
nm2126840,0.868736,9,9,111
nm1982933,0.868736,9,9,111
nm4441111,0.868736,9,9,111
nm3285792,1.0,9,9,1235
nm9047565,1.0,9,9,1235
nm8191940,1.0,9,9,1235
nm10692489,1.0,9,9,186
nm0036024,1.0,9,9,186
nm8612331,1.0,9,9,186
nm10657092,1.0,9,9,186
nm10690475,1.0,9,9,186
nm1792604,0.820093,9,9,11
nm6603672,0.956853,9,9,1224
nm7910551,0.956853,9,9,1224
nm7504803,0.956853,9,9,1224
nm10676588,0.920637,9,9,152
nm2269674,0.920637,9,9,152
nm3935625,0.920637,9,9,152
nm6514637,0.920637,9,9,152
nm10680110,1.0,9,9,1236
nm10680095,1.0,9,9,1236
nm10680100,1.0,9,9,1236
nm1578801,1.0,9,9,1236
nm4086400,1.0,9,9,718
nm4962495,1.0,9,9,718
nm9913257,1.0,9,9,1237
nm1030766,1.0,9,9,934
nm5631118,1.0,9,9,934
nm10706907,1.0,9,9,1238
nm10701003,0.93297,9,9,23
nm5934434,0.93297,9,9,23
nm7494061,0.93297,9,9,23
nm5968967,1.0,9,9,1144
nm8423524,1.0,9,9,1144
nm3225390,0.900914,9,9,23
nm0156533,0.900914,9,9,23
nm1157324,0.900914,9,9,23
nm10813427,0.933939,9,9,310
nm6400631,0.856501,9,9,310
nm11736782,0.856501,9,9,310
nm3766940,0.856501,9,9,310
nm11309545,1.0,9,9,1244
nm10717755,1.0,9,9,1244
nm11309531,1.0,9,9,1244
nm8175508,1.0,9,9,1244
nm10723889,1.0,9,9,1245
nm6824481,1.0,9,9,1245
nm8647493,1.0,9,9,1245
nm9556271,1.0,9,9,1245
nm10817994,1.0,9,9,1245
nm10760760,1.0,9,9,1163
nm9045377,1.0,9,9,1163
nm10732679,1.77665,18,18,1247
nm12292819,0.956853,9,9,1247
nm12292817,0.956853,9,9,1247
nm12292818,0.956853,9,9,1247
nm1290838,0.956853,9,9,1247
nm11145228,0.956853,9,9,1247
nm1412926,0.956853,9,9,1247
nm1326428,0.915172,9,9,152
nm16397899,0.915172,9,9,152
nm10420626,1.0,9,9,1075
nm4911970,1.0,9,9,1075
nm10805786,0.922314,9,9,11
nm3482257,1.0,9,9,828
nm9909800,1.0,9,9,828
nm10747722,1.0,9,9,1160
nm7340667,1.0,9,9,1160
nm6654547,0.927569,9,9,99
nm4159008,0.908116,9,9,111
nm10767802,0.908116,9,9,111
nm2116766,0.908116,9,9,111
nm7308148,0.908116,9,9,111
nm17540477,0.949921,9,9,1161
nm1375309,0.949921,9,9,1161
nm5505169,0.949921,9,9,1161
nm10775855,1.0,9,9,1243
nm3753553,1.0,9,9,1243
nm9256571,1.0,9,9,1243
nm10698341,1.0,9,9,1243
nm16267073,1.0,9,9,1243
nm6103501,0.827411,9,9,1248
nm1794876,1.517766,15,18,1248
nm10804522,1.0,9,9,1249
nm8400631,1.0,9,9,1249
nm10827609,1.0,9,9,1251
nm1276942,1.0,9,9,1251
nm10827603,1.0,9,9,1251
nm10827610,1.0,9,9,1251
nm1975871,1.0,9,9,1252
nm2358356,1.0,9,9,1252
nm9627094,1.0,9,9,1252
nm3955278,1.0,9,9,1242
nm10695917,1.0,9,9,1242
nm8604880,1.0,9,9,1242
nm1083311,0.943792,9,9,559
nm8906287,0.943792,9,9,559
nm3606690,0.943792,9,9,559
nm2410400,0.943792,9,9,559
nm3663864,0.943792,9,9,559
nm6764800,1.0,9,9,1253
nm11770295,1.0,9,9,1253
nm5739770,1.0,9,9,1253
nm5739768,1.0,9,9,1253
nm3628431,0.956853,9,9,1078
nm5406209,0.956853,9,9,1078
nm7579937,0.956853,9,9,1078
nm9571986,0.956853,9,9,1078
nm3635216,0.956853,9,9,724
nm5177861,0.956853,9,9,724
nm10857343,1.0,9,9,963
nm8931997,1.0,9,9,963
nm10864581,0.923685,9,9,19
nm12385563,0.923685,9,9,19
nm10864667,1.0,9,9,1255
nm1393947,1.0,9,9,1255
nm3960304,1.0,9,9,1255
nm1249638,1.0,9,9,1255
nm4048608,1.0,9,9,1255
nm9200426,1.0,9,9,1256
nm5105047,1.0,9,9,1080
nm7112007,0.713667,9,9,113
nm6920613,0.956853,9,9,1257
nm7140010,0.956853,9,9,1257
nm6385429,0.956853,9,9,1257
nm7418904,0.956853,9,9,1257
nm7504157,1.77665,18,18,1257
nm11175496,1.0,9,9,734
nm9958842,1.0,9,9,1259
nm10894111,1.0,9,9,1259
nm13416804,1.0,9,9,1259
nm5604534,1.0,9,9,1259
nm2996301,0.917756,9,9,119
nm0893941,0.917756,9,9,119
nm2975962,0.917756,9,9,119
nm11463445,1.0,9,9,1241
nm10404304,0.7839,9,9,11
nm11102317,0.7839,9,9,11
nm13037711,1.0,9,9,1261
nm3464457,1.0,9,9,1261
nm3860307,1.0,9,9,1261
nm3517457,0.917328,9,9,596
nm1649704,1.727795,18,18,596
nm3636189,0.917328,9,9,596
nm9322895,1.604061,16,18,1403
nm5439251,1.604061,16,18,1403
nm7138338,1.0,9,9,1264
nm12505163,0.898594,9,9,6
nm5104522,0.898594,9,9,6
nm0001089,1.327827,12,18,6
nm12513525,0.898594,9,9,6
nm0670408,1.327827,12,18,6
nm10954223,1.0,9,9,1265
nm12203721,1.0,9,9,1265
nm4463886,1.0,9,9,1265
nm4443927,0.850825,9,9,231
nm8979501,0.850825,9,9,231
nm4452726,0.956853,9,9,1269
nm9661987,0.956853,9,9,1269
nm4542007,0.956853,9,9,1269
nm7295963,0.956853,9,9,1269
nm9179842,0.870558,9,9,1270
nm9868637,0.870558,9,9,1270
nm5561908,2.328804,27,27,11
nm5800073,0.876443,9,9,11
nm10999637,1.0,9,9,1271
nm10999638,1.0,9,9,1271
nm8970369,1.0,9,9,1271
nm12696229,0.946591,9,9,454
nm1929699,0.946591,9,9,454
nm12696231,0.946591,9,9,454
nm8744341,0.878818,9,9,3
nm2059117,1.632144,18,18,3
nm3821782,0.878818,9,9,3
nm10438515,1.0,9,9,1104
nm12665631,1.0,9,9,1104
nm5691453,1.0,9,9,1104
nm11280348,1.0,9,9,122
nm2564634,1.0,9,9,122
nm11023884,0.907915,9,9,13
nm0882596,0.907915,9,9,13
nm9417918,1.0,9,9,1272
nm11025973,1.0,9,9,1272
nm11025976,1.0,9,9,1272
nm5626108,1.0,9,9,1272
nm1279980,0.915586,9,9,110
nm1438556,0.915586,9,9,110
nm11035039,1.0,9,9,1273
nm9767414,0.917584,9,9,13
nm11044409,0.917584,9,9,13
nm12645007,0.917584,9,9,13
nm0959963,0.907226,9,9,11
nm4008100,0.907226,9,9,11
nm11075887,1.0,9,9,1276
nm4593934,0.956853,9,9,1257
nm2969259,0.956853,9,9,574
nm13718766,0.947296,9,9,36
nm13611676,0.947296,9,9,36
nm3808714,0.947296,9,9,36
nm0534497,1.725524,18,18,36
nm7937521,1.0,9,9,1277
nm11132149,0.956853,9,9,214
nm11132169,0.956853,9,9,214
nm11151946,1.0,9,9,1278
nm9681341,1.0,9,9,1278
nm11136099,1.0,9,9,1278
nm11136102,1.0,9,9,1278
nm11139916,1.722232,18,18,23
nm2598196,0.946726,9,9,23
nm11142338,1.0,9,9,1279
nm11142367,1.0,9,9,1279
nm11142369,1.0,9,9,1279
nm11142355,1.0,9,9,1279
nm0324980,0.926369,9,9,43
nm1595493,0.926369,9,9,43
nm3973781,1.0,9,9,1280
nm9299062,1.0,9,9,1280
nm11163698,1.0,9,9,1280
nm11163700,1.0,9,9,1280
nm11163701,1.0,9,9,1280
nm15618866,0.893672,9,9,114
nm11176253,1.0,9,9,1281
nm11455240,1.0,9,9,1281
nm3388842,0.948184,9,9,23
nm9380852,1.0,9,9,817
nm10642658,1.0,9,9,817
nm8870532,0.899842,9,9,966
nm11306374,0.899842,9,9,966
nm9329401,0.899842,9,9,966
nm2839825,0.948258,9,9,23
nm0518074,0.948258,9,9,23
nm13131071,0.948258,9,9,23
nm11698716,1.0,9,9,1287
nm3434061,0.757491,9,9,86
nm5688044,0.741053,9,9,844
nm3993149,0.741053,9,9,844
nm3642592,0.808238,9,9,13
nm1523938,1.0,9,9,1289
nm3084554,1.0,9,9,1289
nm11314354,1.0,9,9,1258
nm11314355,1.0,9,9,1258
nm7445578,1.0,9,9,1258
nm15551773,1.0,9,9,556
nm12600664,1.0,9,9,556
nm0001293,1.0,9,9,64
nm0335275,1.0,9,9,64
nm2620667,1.0,9,9,64
nm6667192,1.0,9,9,64
nm9789812,0.928939,9,9,11
nm3979015,0.928939,9,9,11
nm11426880,1.0,9,9,1292
nm11426885,1.0,9,9,1292
nm11426881,1.0,9,9,1292
nm11426889,1.0,9,9,1292
nm9829510,1.0,9,9,1292
nm9428830,1.0,9,9,1292
nm1143119,0.844585,9,9,740
nm7898245,1.427235,18,18,740
nm8686011,0.844585,9,9,740
nm10364247,0.844585,9,9,740
nm8023685,1.0,9,9,964
nm6470644,1.0,9,9,964
nm4304935,1.0,9,9,964
nm11202377,1.0,9,9,1038
nm2105009,1.0,9,9,1038
nm9133391,1.0,9,9,1038
nm2424149,1.0,9,9,1038
nm5788570,1.0,9,9,1293
nm11473397,1.0,9,9,415
nm5235708,1.0,9,9,415
nm7443988,1.0,9,9,415
nm11484135,1.0,9,9,288
nm2239942,1.0,9,9,288
nm9085254,1.0,9,9,288
nm11484344,1.0,9,9,765
nm14041993,1.0,9,9,765
nm13913129,1.0,9,9,765
nm5775182,1.0,9,9,765
nm7441315,0.956853,9,9,326
nm11486686,0.956853,9,9,326
nm4765550,0.948279,9,9,180
nm10529368,0.948279,9,9,180
nm2558152,1.0,9,9,1274
nm4142562,1.0,9,9,1274
nm3333413,1.0,9,9,744
nm11583055,1.0,9,9,280
nm0109878,1.0,9,9,280
nm11594041,1.0,9,9,815
nm2131780,1.0,9,9,815
nm1625220,1.0,9,9,815
nm1728175,1.0,9,9,815
nm11596709,1.0,9,9,1295
nm6916922,1.0,9,9,1296
nm4013410,1.0,9,9,1296
nm3437803,0.924111,9,9,23
nm1222856,0.924111,9,9,23
nm5119238,0.924111,9,9,23
nm1165585,0.834345,9,9,699
nm2780676,0.834345,9,9,699
nm1181284,0.834345,9,9,699
nm11663250,1.0,9,9,1170
nm10536741,1.0,9,9,1170
nm11663251,1.0,9,9,1170
nm11663340,1.0,9,9,1298
nm2780135,1.0,9,9,393
nm0225766,1.0,9,9,393
nm1455328,1.0,9,9,393
nm2549642,1.0,9,9,393
nm11201693,0.905912,9,9,23
nm13235225,0.905912,9,9,23
nm11682653,1.0,9,9,1300
nm1171795,1.0,9,9,328
nm6518721,1.0,9,9,328
nm0161198,1.0,9,9,328
nm1177124,1.0,9,9,328
nm10556224,1.0,9,9,328
nm1184557,0.843781,9,9,111
nm0044082,0.843781,9,9,111
nm11731379,0.927569,9,9,427
nm11738593,0.943792,9,9,119
nm11486584,0.943792,9,9,119
nm1197455,0.943792,9,9,119
nm4369125,1.0,9,9,414
nm5506976,1.0,9,9,414
nm8447136,1.0,9,9,414
nm9534518,1.0,9,9,414
nm0251538,1.0,9,9,414
nm10375380,0.947522,9,9,596
nm1542939,0.947522,9,9,596
nm11885716,1.0,9,9,1304
nm11884850,1.0,9,9,1304
nm8298324,1.0,9,9,1304
nm12875669,0.910324,9,9,180
nm12875671,0.910324,9,9,180
nm11910238,1.0,9,9,1246
nm11910240,1.0,9,9,1246
nm9824443,1.0,9,9,1246
nm8435168,0.94604,9,9,11
nm2686038,0.944535,9,9,1054
nm8924712,0.944535,9,9,1054
nm2460720,1.0,9,9,1267
nm4827456,1.0,9,9,1267
nm10973629,1.0,9,9,1267
nm5978201,1.0,9,9,1267
nm2554070,1.0,9,9,1309
nm9805545,1.0,9,9,1309
nm12121766,0.938624,9,9,30
nm8529314,0.938624,9,9,30
nm1216145,0.949921,9,9,104
nm3314114,0.949921,9,9,104
nm5391966,0.949921,9,9,104
nm8094855,0.949921,9,9,104
nm5027149,0.856573,9,9,56
nm1758562,0.856573,9,9,56
nm11244285,0.910027,9,9,11
nm8595292,0.910027,9,9,11
nm4818220,0.88181,9,9,110
nm6954008,0.88181,9,9,110
nm3341538,1.0,9,9,1310
nm5780537,1.0,9,9,1310
nm5780539,1.0,9,9,1310
nm5394892,1.0,9,9,484
nm3668113,1.0,9,9,484
nm16114301,1.0,9,9,484
nm4459597,1.0,9,9,484
nm1668786,1.0,9,9,1311
nm8248120,1.0,9,9,1311
nm4019355,1.0,9,9,1311
nm16027799,1.0,9,9,1312
nm2068971,0.725933,9,9,11
nm6998719,1.501845,18,18,3
nm7645843,0.805062,9,9,11
nm10375007,0.725933,9,9,11
nm4971960,0.775078,9,9,11
nm8682329,0.775078,9,9,11
nm10024868,1.0,9,9,758
nm10265121,1.0,9,9,758
nm9528286,1.0,9,9,758
nm1024046,0.920434,9,9,3
nm3674507,0.920434,9,9,3
nm12376183,0.864574,9,9,11
nm12376185,0.864574,9,9,11
nm2585918,0.864574,9,9,11
nm14079188,0.915243,9,9,13
nm12034253,0.915243,9,9,13
nm6644577,0.915243,9,9,13
nm12483757,0.85605,9,9,1054
nm6767239,2.264473,27,27,1054
nm5490494,1.0,9,9,1314
nm12485300,1.0,9,9,1314
nm2791239,0.887171,9,9,1054
nm7607825,0.887171,9,9,1054
nm0722587,0.883491,9,9,6
nm0689708,0.883491,9,9,6
nm1256710,1.0,9,9,292
nm2845856,1.0,9,9,292
nm12589518,1.0,9,9,453
nm0306057,1.0,9,9,453
nm9010459,1.0,9,9,453
nm2052978,1.0,9,9,20
nm2006559,1.0,9,9,20
nm6851778,1.0,9,9,1315
nm3279726,1.0,9,9,1315
nm5503026,1.0,9,9,1315
nm12633532,0.956853,9,9,542
nm12720512,1.0,9,9,1318
nm12720511,1.0,9,9,1318
nm0955448,1.0,9,9,705
nm1253905,1.0,9,9,705
nm1273365,1.0,9,9,705
nm1276463,1.0,9,9,705
nm1273487,1.0,9,9,705
nm6575696,1.0,9,9,1319
nm2644115,1.0,9,9,1319
nm12798893,1.0,9,9,1320
nm2090045,1.0,9,9,1320
nm12798895,1.0,9,9,1320
nm4642373,1.0,9,9,318
nm10347846,1.0,9,9,318
nm8843033,1.0,9,9,318
nm1012524,1.0,9,9,318
nm1254116,1.0,9,9,318
nm9375204,0.883382,9,9,1290
nm12931715,0.913706,9,9,832
nm10487051,0.913706,9,9,832
nm2598275,1.0,9,9,706
nm10646606,1.0,9,9,706
nm10734588,1.0,9,9,706
nm1702381,1.0,9,9,706
nm1298369,1.0,9,9,386
nm3067118,1.0,9,9,386
nm0219334,1.0,9,9,386
nm3442218,1.0,9,9,386
nm1300009,1.0,9,9,564
nm1496115,1.0,9,9,564
nm1113851,1.0,9,9,146
nm11227019,1.0,9,9,146
nm1596315,1.0,9,9,647
nm1102002,1.0,9,9,647
nm1229757,1.0,9,9,647
nm1719790,1.0,9,9,647
nm1726111,1.0,9,9,301
nm2766030,1.0,9,9,301
nm0139673,1.0,9,9,301
nm0624830,1.0,9,9,301
nm1539484,1.0,9,9,1326
nm13221173,1.0,9,9,1326
nm5107323,1.0,9,9,1326
nm2062531,0.956853,9,9,98
nm1445891,0.956853,9,9,98
nm4537360,0.956853,9,9,98
nm7132587,0.956853,9,9,98
nm2593278,1.0,9,9,534
nm1186830,1.0,9,9,534
nm0957468,0.881739,9,9,55
nm1339257,0.949921,9,9,317
nm6084330,0.949921,9,9,317
nm6661432,0.949921,9,9,317
nm10505942,0.833671,9,9,111
nm2145989,0.833671,9,9,111
nm2320613,0.833671,9,9,111
nm6012805,0.833671,9,9,111
nm10350898,0.69797,9,9,991
nm1364532,1.0,9,9,1317
nm6367882,1.0,9,9,1329
nm16424078,1.0,9,9,1329
nm16424128,1.0,9,9,1329
nm5505932,1.0,9,9,1329
nm2603023,0.725995,9,9,13
nm13081288,1.0,9,9,1325
nm16527389,1.0,9,9,1325
nm10306454,0.729819,9,9,86
nm8862370,0.729819,9,9,86
nm6130976,0.861632,9,9,416
nm7346980,0.861632,9,9,416
nm7470146,0.861632,9,9,416
nm1687861,1.577356,16,18,416
nm3041664,1.577356,16,18,416
nm3171918,0.861632,9,9,416
nm6130977,0.861632,9,9,416
nm9300004,0.861632,9,9,416
nm10465625,0.956853,9,9,810
nm1920587,0.875359,9,9,56
nm13808563,0.940124,9,9,11
nm6910585,0.940124,9,9,11
nm9250215,0.940124,9,9,11
nm0131829,1.0,9,9,293
nm0685126,1.0,9,9,293
nm0708613,1.0,9,9,293
nm2404064,1.0,9,9,293
nm15893242,1.0,9,9,1307
nm15898967,1.0,9,9,1307
nm5636913,1.0,9,9,1307
nm14308037,1.0,9,9,1301
nm1172144,1.0,9,9,1301
nm14308038,1.0,9,9,1301
nm2413916,1.0,9,9,1301
nm8983168,1.0,9,9,1301
nm0226770,0.729392,9,9,11
nm10985728,1.0,9,9,471
nm3403823,1.0,9,9,471
nm5947149,1.0,9,9,1335
nm5034324,1.0,9,9,749
nm14183742,1.0,9,9,749
nm15878662,1.0,9,9,749
nm6515560,1.0,9,9,749
nm1101677,2.035456,23,27,641
nm5240345,0.783975,9,9,110
nm3815831,0.956853,9,9,493
nm0368333,0.956853,9,9,493
nm0952084,0.956853,9,9,493
nm0784093,0.956853,9,9,493
nm4037241,0.956853,9,9,493
nm14260747,1.0,9,9,1297
nm8721279,1.0,9,9,1297
nm1432775,1.0,9,9,342
nm2767706,1.0,9,9,342
nm0209337,1.0,9,9,342
nm2694094,1.0,9,9,1337
nm8445528,1.0,9,9,1337
nm5388554,1.0,9,9,600
nm3720756,1.0,9,9,600
nm0451857,0.949921,9,9,273
nm2837044,0.949921,9,9,273
nm14350109,1.0,9,9,1327
nm9770929,1.0,9,9,1327
nm13846305,1.0,9,9,1327
nm2566548,1.0,9,9,1327
nm14749462,1.0,9,9,1091
nm6579510,1.0,9,9,1001
nm7249375,1.0,9,9,1001
nm3876068,1.0,9,9,1001
nm1482625,1.0,9,9,1291
nm1481148,1.0,9,9,1291
nm1795945,1.0,9,9,1291
nm0997881,0.920049,9,9,111
nm10713116,0.920049,9,9,111
nm14918418,0.833839,9,9,3
nm15433810,0.833839,9,9,3
nm9388614,0.833839,9,9,3
nm1499401,1.0,9,9,41
nm0101248,1.0,9,9,41
nm0780485,1.0,9,9,41
nm5958776,0.900939,9,9,23
nm7613074,0.900939,9,9,23
nm8348575,0.900939,9,9,23
nm9647765,0.848124,9,9,3
nm4787081,0.848124,9,9,3
nm1117631,1.0,9,9,1282
nm3055239,1.0,9,9,1282
nm2699211,0.905276,9,9,3
nm11989497,0.905276,9,9,3
nm1642030,0.956853,9,9,837
nm16509319,1.0,9,9,1306
nm11955840,1.0,9,9,1306
nm1700833,1.0,9,9,1306
nm3782241,1.0,9,9,1306
nm1778060,1.0,9,9,1306
nm3501643,1.0,9,9,1306
nm8772394,0.946088,9,9,11
nm2060055,0.946088,9,9,11
nm7919266,0.946088,9,9,11
nm9391454,0.924538,9,9,23
nm9667041,0.924538,9,9,23
nm9072760,0.924538,9,9,23
nm1854168,0.940546,9,9,11
nm4183406,0.940546,9,9,11
nm7785899,0.940546,9,9,11
nm13416347,0.940546,9,9,11
nm16905891,0.86844,9,9,126
nm1871112,1.588548,17,18,1358
nm5068444,0.86844,9,9,126
nm1767051,1.0,9,9,26
nm10333026,1.0,9,9,26
nm1701384,1.0,9,9,648
nm7561406,1.0,9,9,648
nm8111706,1.0,9,9,648
nm0646968,1.0,9,9,648
nm3032416,1.0,9,9,648
nm10440456,1.0,9,9,648
nm7800985,1.0,9,9,648
nm17163524,1.0,9,9,1350
nm4143974,1.0,9,9,1350
nm17232191,1.0,9,9,339
nm6178538,1.0,9,9,339
nm7728725,1.0,9,9,339
nm9653495,1.0,9,9,339
nm8419928,0.944335,9,9,137
nm9621862,0.944335,9,9,137
nm7899531,1.491064,16,18,1374
nm2672980,1.491064,16,18,1374
nm5672764,0.853681,9,9,11
nm11697825,0.853681,9,9,11
nm3297448,0.853681,9,9,11
nm4167126,0.853681,9,9,11
nm17479623,1.0,9,9,1353
nm17479626,1.0,9,9,1353
nm1603552,0.941694,9,9,36
nm4285821,0.941694,9,9,36
nm10322370,0.941694,9,9,36
nm5161567,0.941694,9,9,36
nm9403406,0.941694,9,9,36
nm2183200,1.0,9,9,1348
nm4918569,1.0,9,9,1348
nm8568295,1.0,9,9,1348
nm1868654,1.0,9,9,1348
nm1952875,0.927542,9,9,39
nm7166641,0.927542,9,9,39
nm10411388,0.927542,9,9,39
nm6786155,0.956853,9,9,452
nm1289561,0.849718,9,9,56
nm0479300,0.849718,9,9,56
nm1035919,0.849718,9,9,56
nm7356818,1.0,9,9,1343
nm3940819,1.0,9,9,1343
nm5178472,1.0,9,9,1343
nm0799111,0.956853,9,9,303
nm10489529,0.946806,9,9,3
nm7663135,1.0,9,9,1355
nm3912523,1.0,9,9,1355
nm4404182,1.0,9,9,1355
nm6811103,0.915288,9,9,707
nm10569025,0.915288,9,9,707
nm10569206,0.915288,9,9,707
nm7659571,0.915288,9,9,707
nm5633565,1.0,9,9,784
nm2954690,1.0,9,9,784
nm10067140,1.0,9,9,784
nm1981794,1.0,9,9,784
nm3958585,0.884289,9,9,472
nm6595127,0.884289,9,9,472
nm7608220,0.857163,9,9,310
nm8207234,0.857163,9,9,310
nm5178550,0.931022,9,9,7
nm6341102,0.931022,9,9,7
nm6458099,0.931022,9,9,7
nm8906742,0.931022,9,9,7
nm6856660,1.0,9,9,1028
nm8541170,1.0,9,9,1028
nm1950558,1.0,9,9,1128
nm3796133,1.0,9,9,1128
nm10372196,1.0,9,9,1017
nm3708145,0.956853,9,9,167
nm3297585,0.956853,9,9,167
nm3176450,0.956853,9,9,167
nm7585380,0.921881,9,9,323
nm2997229,0.921881,9,9,323
nm6115335,1.0,9,9,1362
nm3572845,0.948678,9,9,369
nm6935095,0.948678,9,9,369
nm8770610,1.733503,18,18,369
nm8887517,0.948678,9,9,369
nm2123097,0.926445,9,9,1054
nm4423033,0.827411,9,9,589
nm6522378,0.872115,9,9,985
nm6874873,1.540118,18,18,985
nm4271336,0.904723,9,9,39
nm0904967,0.904723,9,9,39
nm2159926,0.904723,9,9,39
nm5966739,0.866917,9,9,4
nm7138719,0.866917,9,9,4
nm2090349,0.949921,9,9,478
nm4196716,0.949921,9,9,478
nm2335809,1.0,9,9,1328
nm6816957,1.0,9,9,1328
nm7542582,1.0,9,9,1328
nm4296064,1.0,9,9,1328
nm4588209,1.0,9,9,90
nm4571699,1.0,9,9,90
nm0108637,1.0,9,9,90
nm1699385,1.0,9,9,90
nm4193818,1.0,9,9,90
nm1277705,0.80861,9,9,19
nm4072944,0.956853,9,9,898
nm3287914,0.913706,9,9,1366
nm7371196,1.0,9,9,1260
nm4764141,1.0,9,9,1260
nm5066467,0.956853,9,9,1174
nm9570807,0.956853,9,9,1174
nm4792489,0.956853,9,9,1174
nm4931077,0.956853,9,9,1174
nm4581293,0.956853,9,9,1174
nm2523072,1.0,9,9,670
nm0713942,1.0,9,9,670
nm1559617,1.0,9,9,670
nm8373555,1.0,9,9,670
nm2532230,0.947636,9,9,114
nm5663569,0.947636,9,9,114
nm5780243,0.947636,9,9,114
nm3152456,0.947636,9,9,114
nm6732700,0.956853,9,9,724
nm9190295,0.956853,9,9,724
nm8857993,0.956853,9,9,724
nm10534968,1.500548,16,18,1217
nm10535864,0.824005,9,9,1217
nm2086876,1.500548,16,18,1217
nm3784379,0.84463,9,9,1217
nm1086788,0.84463,9,9,1217
nm3043319,0.84463,9,9,1217
nm7269212,0.84463,9,9,1217
nm6212505,0.913706,9,9,1372
nm4260846,0.913706,9,9,1372
nm2596959,1.0,9,9,606
nm3251936,1.0,9,9,606
nm1703429,1.0,9,9,549
nm1798871,1.0,9,9,549
nm8925446,1.0,9,9,549
nm2645920,1.0,9,9,1064
nm4187131,1.0,9,9,1064
nm9802066,1.0,9,9,1064
nm5379363,0.82767,9,9,1054
nm3596492,1.0,9,9,237
nm4864935,1.0,9,9,1239
nm10694896,1.0,9,9,1239
nm7577430,1.0,9,9,1239
nm9271840,1.0,9,9,1239
nm2766068,1.0,9,9,735
nm2069669,1.0,9,9,735
nm2616372,1.0,9,9,735
nm3854533,1.0,9,9,735
nm5230093,1.0,9,9,735
nm3482756,1.0,9,9,1330
nm1832677,1.0,9,9,1330
nm1293353,1.0,9,9,1322
nm8510226,1.0,9,9,1322
nm3514312,1.0,9,9,1322
nm3675238,1.0,9,9,1031
nm10383717,1.0,9,9,1031
nm5469309,1.0,9,9,1031
nm1784388,1.0,9,9,1031
nm8124363,1.0,9,9,1031
nm3485230,0.949921,9,9,276
nm0208985,0.949921,9,9,276
nm1091259,1.0,9,9,1132
nm9585068,1.0,9,9,1132
nm6146135,1.0,9,9,750
nm10017300,1.0,9,9,750
nm10510389,1.0,9,9,750
nm3749108,1.531757,18,18,11
nm5880181,0.796021,9,9,13
nm6186854,0.796021,9,9,13
nm5223294,1.0,9,9,1385
nm7586511,1.0,9,9,1385
nm9274323,1.0,9,9,1385
nm4436476,0.944032,9,9,23
nm2936907,0.775006,9,9,11
nm7684852,0.775006,9,9,11
nm7063828,0.833651,9,9,11
nm1962272,0.833651,9,9,11
nm3605032,0.833651,9,9,11
nm4671471,0.956853,9,9,1018
nm10457373,0.956853,9,9,1018
nm6677587,1.0,9,9,1133
nm9292457,1.0,9,9,1133
nm10461331,1.0,9,9,1133
nm9500268,1.0,9,9,1133
nm3391699,1.0,9,9,336
nm5854680,1.0,9,9,336
nm3679375,1.0,9,9,336
nm0173004,1.0,9,9,336
nm0004800,0.93992,9,9,3
nm0155693,0.93992,9,9,3
nm4889489,0.93992,9,9,3
nm5318271,0.93992,9,9,3
nm5803981,0.93992,9,9,3
nm3644596,0.920645,9,9,59
nm5708793,0.920645,9,9,59
nm5046754,1.0,9,9,540
nm4533763,1.0,9,9,1388
nm5246951,1.0,9,9,1388
nm8238745,1.0,9,9,1388
nm8445335,1.0,9,9,1388
nm3767035,0.829379,9,9,530
nm5876095,0.829379,9,9,530
nm6920210,1.0,9,9,40
nm0653660,1.0,9,9,40
nm3967345,1.0,9,9,1390
nm4002016,1.0,9,9,1390
nm3929139,1.0,9,9,1394
nm4121384,1.0,9,9,1394
nm7169972,1.0,9,9,1394
nm10429770,0.872475,9,9,1087
nm3976580,0.872475,9,9,1087
nm7331081,1.542482,17,18,1410
nm9546259,1.0,9,9,1396
nm5550060,1.0,9,9,1396
nm7556138,1.0,9,9,1396
nm0413054,1.0,9,9,528
nm9139545,1.0,9,9,528
nm6634505,0.947326,9,9,3
nm10148947,0.947326,9,9,3
nm7337359,1.0,9,9,1397
nm6061913,1.0,9,9,1397
nm9147066,1.0,9,9,1397
nm0240880,1.588053,18,18,86
nm10191596,0.949921,9,9,53
nm5499902,0.949921,9,9,53
nm7837949,1.0,9,9,644
nm8984347,1.0,9,9,952
nm5696471,1.0,9,9,952
nm9618114,1.0,9,9,1367
nm9990627,1.0,9,9,1367
nm2467183,1.0,9,9,1367
nm10809623,1.0,9,9,1250
nm0423102,1.0,9,9,537
nm4678178,1.0,9,9,1303
nm4730026,1.0,9,9,1303
nm5427630,1.0,9,9,1303
nm10399380,1.0,9,9,1049
nm9466547,1.0,9,9,1049
nm5496702,0.956853,9,9,775
nm9599989,0.956853,9,9,775
nm5011198,1.0,9,9,1218
nm7548984,1.0,9,9,919
nm9950402,1.0,9,9,919
nm2391781,1.0,9,9,919
nm4913730,1.0,9,9,919
nm9657176,1.0,9,9,756
nm7522509,1.0,9,9,1356
nm1025262,0.86136,9,9,13
nm10365244,0.86136,9,9,13
nm7931483,0.86136,9,9,13
nm5738000,0.956853,9,9,1174
nm10501288,0.956853,9,9,1174
nm4506683,0.956853,9,9,1174
nm9761391,0.956853,9,9,1174
nm8716993,0.956853,9,9,1174
nm8789058,0.956853,9,9,1174
nm7350709,0.949921,9,9,52
nm0698998,0.949921,9,9,52
nm1826988,0.949921,9,9,52
nm5662522,1.0,9,9,1402
nm9253868,1.0,9,9,1402
nm5840032,1.0,9,9,85
nm1169428,1.0,9,9,85
nm14194142,1.0,9,9,85
nm5954280,1.0,9,9,85
nm9173586,1.0,9,9,85
nm14650630,0.949921,9,9,624
nm14650632,0.949921,9,9,624
nm2417194,1.0,9,9,835
nm11571399,1.0,9,9,835
nm2861211,1.0,9,9,835
nm5709236,1.0,9,9,835
nm5924413,1.0,9,9,835
nm9238904,0.891961,9,9,110
nm8351607,0.891961,9,9,110
nm10800751,1.0,9,9,187
nm3292201,1.0,9,9,187
nm8934443,1.0,9,9,187
nm7141439,1.0,9,9,1308
nm12012221,1.0,9,9,1308
nm14558027,1.0,9,9,1308
nm1227718,0.872792,9,9,11
nm5859418,0.872792,9,9,11
nm8174663,0.872792,9,9,11
nm9986065,0.943053,9,9,411
nm5913350,0.943053,9,9,411
nm5913384,0.943053,9,9,411
nm10533830,0.939952,9,9,1216
nm4722276,0.939952,9,9,1216
nm7510432,0.939952,9,9,1216
nm9577041,1.0,9,9,1407
nm6161588,0.938682,9,9,3
nm0138371,0.938682,9,9,3
nm0100889,0.938682,9,9,3
nm0681893,0.938682,9,9,3
nm2112939,0.938682,9,9,3
nm2373827,0.938682,9,9,3
nm10058325,1.0,9,9,781
nm5686215,0.849944,9,9,11
nm2217556,0.813599,9,9,1217
nm7565564,0.805059,9,9,985
nm9393406,0.805059,9,9,985
nm0069871,0.915285,9,9,36
nm6058648,0.915285,9,9,36
nm2574673,0.915285,9,9,36
nm10418001,0.956853,9,9,1070
nm5707384,0.956853,9,9,1070
nm8313465,0.956853,9,9,1070
nm4007865,0.956853,9,9,38
nm2908492,0.956853,9,9,38
nm9382866,1.0,9,9,1122
nm6607955,1.0,9,9,1386
nm9604308,1.0,9,9,1386
nm9609083,1.0,9,9,1386
nm4030759,1.690355,17,18,407
nm8474939,0.913706,9,9,82
nm8981185,0.913706,9,9,82
nm0218884,0.943427,9,9,36
nm12008512,0.943427,9,9,36
nm12008515,0.943427,9,9,36
nm8627770,0.943427,9,9,36
nm6382653,1.0,9,9,135
nm0865372,0.661708,9,9,110
nm0363857,1.0,9,9,491
nm10462688,1.0,9,9,491
nm0374399,1.0,9,9,500
nm4528937,1.0,9,9,500
nm0524992,1.0,9,9,500
nm10509237,1.0,9,9,500
nm9503156,1.0,9,9,500
nm0451483,1.77665,18,18,245
nm12285098,0.956853,9,9,245
nm6756432,0.956853,9,9,245
nm0633989,1.388537,14,18,641
nm0757327,1.388537,14,18,641
nm0729461,0.895361,9,9,56
nm1708816,0.895361,9,9,56
nm4495817,0.895361,9,9,56
nm10261562,1.0,9,9,864
nm13385761,1.0,9,9,864
nm8362121,1.0,9,9,864
nm10292586,1.0,9,9,914
nm10292588,1.0,9,9,914
nm10315884,0.956853,9,9,302
nm10315882,0.956853,9,9,302
nm10315883,0.956853,9,9,302
nm9106753,0.8433,9,9,114
nm10333352,0.8433,9,9,114
nm10410349,1.0,9,9,1066
nm10410351,1.0,9,9,1066
nm12097323,1.0,9,9,1071
nm12097324,1.0,9,9,1071
nm12097326,1.0,9,9,1071
nm12097328,1.0,9,9,1071
nm10423840,1.0,9,9,1076
nm10423844,1.0,9,9,1076
nm5822568,1.0,9,9,1076
nm10423835,1.0,9,9,1076
nm10423861,1.0,9,9,1076
nm8067930,1.0,9,9,1076
nm3496069,0.848981,9,9,11
nm7732655,0.848981,9,9,11
nm8595182,0.848981,9,9,11
nm9441913,0.848981,9,9,11
nm10468599,0.91084,9,9,56
nm10468604,0.91084,9,9,56
nm1770376,1.0,9,9,643
nm4459676,1.0,9,9,643
nm5394209,1.0,9,9,1401
nm1683193,0.941554,9,9,11
nm0253291,0.956853,9,9,18
nm7478283,0.930214,9,9,11
nm4767031,0.930214,9,9,11
nm3881688,0.930214,9,9,11
nm9584508,0.948133,9,9,11
nm11894475,0.948133,9,9,11
nm0145290,1.0,9,9,58
nm2166395,1.0,9,9,58
nm4742129,1.0,9,9,58
nm10509919,0.944863,9,9,69
nm0433385,0.944863,9,9,69
nm7611437,0.944863,9,9,69
nm9362150,0.944863,9,9,69
nm10509918,0.944863,9,9,69
nm0401132,0.93291,9,9,6
nm7511512,0.93291,9,9,6
nm0001848,0.906527,9,9,24
nm0001860,0.906527,9,9,24
nm3485972,0.906527,9,9,24
nm0177138,1.0,9,9,84
nm10054569,1.0,9,9,84
nm1429402,1.0,9,9,84
nm10366932,0.836584,9,9,11
nm1421951,0.868655,9,9,110
nm1293128,0.868655,9,9,110
nm8060566,0.940533,9,9,137
nm0259472,0.940533,9,9,137
nm2912444,0.940533,9,9,137
nm8185690,1.0,9,9,158
nm8547878,1.0,9,9,158
nm3265325,1.0,9,9,158
nm4317141,0.890216,9,9,110
nm0259762,1.668746,18,18,110
nm3098706,0.890216,9,9,110
nm3643178,0.890216,9,9,110
nm6980314,0.835221,9,9,665
nm7181957,0.835221,9,9,665
nm8833077,0.835221,9,9,665
nm10347284,0.467278,9,9,177
nm1392366,0.468281,9,9,1323
nm10408787,0.651972,9,9,110
nm6958029,0.651972,9,9,110
nm10203949,0.925301,9,9,56
nm4161330,0.925301,9,9,56
nm2816424,0.925301,9,9,56
nm0056948,1.0,9,9,227
nm3025595,1.0,9,9,227
nm10455087,1.0,9,9,227
nm10526496,0.956853,9,9,254
nm10526499,0.956853,9,9,254
nm1991209,0.956853,9,9,254
nm2647824,0.956853,9,9,254
nm5208549,0.956853,9,9,254
nm8728647,0.956853,9,9,254
nm7417110,0.870479,9,9,3
nm5046459,1.0,9,9,281
nm2576320,1.0,9,9,281
nm4433613,1.0,9,9,281
nm0126298,1.0,9,9,290
nm5685205,1.0,9,9,290
nm0138120,1.0,9,9,299
nm1257934,1.0,9,9,299
nm0256890,1.0,9,9,299
nm5048087,1.0,9,9,299
nm4176831,1.0,9,9,304
nm3486258,1.0,9,9,304
nm0786033,0.920494,9,9,11
nm2858395,0.920494,9,9,11
nm10369595,0.859043,9,9,310
nm10734161,0.859043,9,9,310
nm5992648,0.859043,9,9,310
nm0423268,0.889029,9,9,23
nm0874868,0.889029,9,9,23
nm4591912,0.889029,9,9,23
nm1738264,0.761594,9,9,110
nm1411545,0.761594,9,9,110
nm0158207,0.854123,9,9,39
nm0619651,0.854123,9,9,39
nm4168755,0.854123,9,9,39
nm1318410,0.854123,9,9,39
nm10339336,0.940624,9,9,23
nm10339339,0.940624,9,9,23
nm10425528,0.949921,9,9,174
nm1072736,0.949921,9,9,174
nm1279305,0.949921,9,9,174
nm2785857,0.949921,9,9,174
nm2062375,0.949921,9,9,174
nm5095492,0.949921,9,9,174
nm3459865,0.921881,9,9,369
nm8944328,0.921881,9,9,369
nm5108614,0.921881,9,9,369
nm5678623,0.921881,9,9,369
nm0347201,0.956853,9,9,370
nm2415043,0.956853,9,9,370
nm1227481,0.956853,9,9,388
nm0287168,0.956853,9,9,388
nm11398460,0.956853,9,9,388
nm0222143,0.918001,9,9,86
nm5160293,0.918001,9,9,86
nm5669149,0.918001,9,9,86
nm1206435,0.918001,9,9,86
nm7491908,0.918001,9,9,86
nm9957528,0.839541,9,9,86
nm10337771,0.839541,9,9,86
nm4841962,0.890382,9,9,3
nm9322167,0.890382,9,9,3
nm10900759,0.921708,9,9,86
nm10170946,0.921708,9,9,86
nm10504826,0.921708,9,9,86
nm2928412,0.913706,9,9,407
nm10413253,0.913706,9,9,407
nm5024364,0.913706,9,9,407
nm1403009,0.913706,9,9,407
nm7315664,0.913706,9,9,407
nm11205875,0.934964,9,9,30
nm11205880,0.934964,9,9,30
nm11205877,0.934964,9,9,30
nm11205878,0.934964,9,9,30
nm10348969,1.0,9,9,367
nm10349255,1.0,9,9,367
nm10349257,1.0,9,9,367
nm10349260,1.0,9,9,367
nm10349258,1.0,9,9,367
nm10349259,1.0,9,9,367
nm2827538,0.886731,9,9,11
nm4927095,0.886731,9,9,11
nm0004975,0.886731,9,9,11
nm4266787,0.886731,9,9,11
nm1029790,1.0,9,9,422
nm1514971,0.915586,9,9,110
nm0802406,0.915586,9,9,110
nm0617031,0.915586,9,9,110
nm6415367,0.915586,9,9,110
nm0265252,0.949921,9,9,427
nm5907440,0.949921,9,9,427
nm1989683,0.949921,9,9,427
nm2640610,0.949921,9,9,427
nm3052331,0.949921,9,9,427
nm14060207,1.0,9,9,430
nm0518806,1.0,9,9,430
nm3039589,1.0,9,9,430
nm3530614,1.0,9,9,430
nm14060209,1.0,9,9,430
nm3411431,1.0,9,9,435
nm0373780,1.0,9,9,435
nm10747995,1.0,9,9,435
nm2080607,1.0,9,9,441
nm4759582,1.0,9,9,441
nm7322415,1.0,9,9,441
nm7579068,1.0,9,9,441
nm7685655,0.823578,9,9,110
nm0558981,0.750416,9,9,11
nm7501381,1.0,9,9,428
nm7842996,1.0,9,9,428
nm0847464,0.847771,9,9,483
nm5959433,0.847771,9,9,483
nm0755960,0.847771,9,9,483
nm2049980,0.847771,9,9,483
nm2921854,0.807063,9,9,43
nm0444343,1.0,9,9,510
nm4834296,1.0,9,9,510
nm3213240,0.900024,9,9,110
nm9519484,0.900024,9,9,110
nm0441548,0.900024,9,9,110
nm0937380,1.0,9,9,518
nm5390068,1.0,9,9,518
nm9234863,1.0,9,9,518
nm1795843,0.785738,9,9,504
nm0439307,0.888814,9,9,111
nm9306890,0.888814,9,9,111
nm4546297,0.837059,9,9,11
nm2147526,0.837059,9,9,11
nm3966365,0.837059,9,9,11
nm1778686,0.872965,9,9,110
nm1543800,0.872965,9,9,110
nm0440107,0.956853,9,9,551
nm1935906,0.956853,9,9,551
nm10359066,0.956853,9,9,551
nm9132749,0.956853,9,9,551
nm9933208,0.863012,9,9,11
nm10490169,0.863012,9,9,11
nm0474334,0.956853,9,9,245
nm8312370,0.956853,9,9,245
nm2566876,0.956853,9,9,245
nm6154954,0.956853,9,9,245
nm6414838,0.956853,9,9,245
nm1414289,0.669607,9,9,113
nm10487273,0.669607,9,9,113
nm10487275,0.669607,9,9,113
nm0501309,1.0,9,9,584
nm10305379,1.0,9,9,584
nm1116142,1.0,9,9,584
nm2688329,1.0,9,9,584
nm0524999,1.172589,11,18,436
nm1901120,1.172589,11,18,436
nm0282348,1.172589,11,18,436
nm10458436,0.654822,9,9,436
nm0568729,1.0,9,9,611
nm1132913,1.0,9,9,611
nm6069517,1.0,9,9,611
nm10380360,1.0,9,9,611
nm0996310,0.956853,9,9,320
nm2243644,0.956853,9,9,320
nm0905268,0.773248,9,9,110
nm11504066,0.948434,9,9,220
nm1571497,0.948434,9,9,220
nm10811372,0.948434,9,9,220
nm0078209,0.948434,9,9,220
nm3149025,0.948434,9,9,220
nm0658943,0.92115,9,9,652
nm10292984,0.92115,9,9,652
nm10292985,0.92115,9,9,652
nm10134821,0.92115,9,9,652
nm10292982,0.92115,9,9,652
nm2526461,0.880915,9,9,11
nm0782213,1.0,9,9,693
nm10469223,1.0,9,9,693
nm8115563,1.0,9,9,693
nm10469224,1.0,9,9,693
nm2181420,0.920577,9,9,110
nm2731755,0.810689,9,9,110
nm0849928,0.870632,9,9,23
nm10521238,0.715419,9,9,110
nm5212553,0.715419,9,9,110
nm10521237,0.715419,9,9,110
nm10521239,0.715419,9,9,110
nm1763487,0.908274,9,9,200
nm6137761,1.623997,18,18,200
nm1216915,0.850421,9,9,110
nm10180505,1.0,9,9,757
nm9544527,1.0,9,9,757
nm10583931,1.0,9,9,757
nm10574764,1.0,9,9,757
nm10869349,1.0,9,9,767
nm9766874,1.0,9,9,767
nm10573550,1.0,9,9,787
nm10359581,1.0,9,9,787
nm10536939,0.913706,9,9,800
nm7237738,1.0,9,9,803
nm9755573,1.0,9,9,803
nm8858879,1.0,9,9,803
nm10139646,0.956853,9,9,753
nm1715290,0.956853,9,9,753
nm9904394,0.956853,9,9,753
nm10397758,0.956853,9,9,753
nm7920193,1.0,9,9,808
nm5955452,1.0,9,9,808
nm10359791,1.0,9,9,808
nm7260615,1.0,9,9,808
nm1021126,1.0,9,9,843
nm10451120,1.0,9,9,843
nm10722074,1.0,9,9,843
nm10722073,1.0,9,9,843
nm0674837,1.0,9,9,368
nm0204576,1.0,9,9,368
nm11187778,1.0,9,9,368
nm7440990,1.0,9,9,368
nm10240435,1.0,9,9,857
nm9187009,1.0,9,9,857
nm10459376,1.0,9,9,857
nm2930632,1.0,9,9,857
nm10284553,1.0,9,9,903
nm10284554,1.0,9,9,903
nm5937268,1.0,9,9,903
nm5937266,1.0,9,9,903
nm10297081,0.644401,9,9,113
nm12668486,0.644401,9,9,113
nm10308241,1.0,9,9,937
nm10308242,1.0,9,9,937
nm10345769,1.0,9,9,937
nm10308243,1.0,9,9,937
nm16744143,1.0,9,9,937
nm17172995,1.0,9,9,937
nm16527298,1.0,9,9,937
nm10903837,1.0,9,9,940
nm12475730,1.0,9,9,940
nm12475732,1.0,9,9,940
nm10567253,1.0,9,9,962
nm5604363,1.0,9,9,962
nm7004001,1.0,9,9,945
nm9328148,1.0,9,9,945
nm9974367,1.0,9,9,945
nm7822298,0.913706,9,9,988
nm4483863,0.913706,9,9,988
nm10350260,0.913706,9,9,988
nm7125176,1.0,9,9,995
nm9443755,1.0,9,9,995
nm7629480,1.0,9,9,995
nm10364588,0.758205,9,9,726
nm10364589,0.758205,9,9,726
nm0949098,0.758205,9,9,726
nm10370504,1.0,9,9,1015
nm10370508,1.0,9,9,1015
nm7828133,1.0,9,9,1015
nm7679824,1.0,9,9,1020
nm9107974,1.0,9,9,1020
nm8229647,1.0,9,9,1020
nm9107973,1.0,9,9,1020
nm11263781,0.956853,9,9,1018
nm10574326,0.956853,9,9,1018
nm10396622,1.0,9,9,1047
nm14476655,1.0,9,9,1047
nm10396624,1.0,9,9,1047
nm10396628,1.0,9,9,1047
nm10402105,1.0,9,9,1051
nm1666541,1.0,9,9,1051
nm10402091,1.0,9,9,1051
nm10402102,1.0,9,9,1051
nm10402099,1.0,9,9,1051
nm10402104,1.0,9,9,1051
nm10408831,1.0,9,9,1063
nm10408837,1.0,9,9,1063
nm2157271,0.956853,9,9,38
nm7037298,0.956853,9,9,38
nm3159524,0.956853,9,9,38
nm10449993,1.0,9,9,1115
nm10450007,1.0,9,9,1115
nm10450014,1.0,9,9,1115
nm10456689,1.0,9,9,1116
nm4353901,1.0,9,9,1116
nm10526028,1.0,9,9,1129
nm10526022,1.0,9,9,1129
nm10526026,1.0,9,9,1129
nm10526029,1.0,9,9,1129
nm10526030,1.0,9,9,1129
nm10459071,0.903027,9,9,1054
nm15222408,0.903027,9,9,1054
nm10462459,0.91356,9,9,111
nm10476623,1.0,9,9,1147
nm10476621,1.0,9,9,1147
nm2244765,1.0,9,9,1147
nm10476624,1.0,9,9,1147
nm10493405,1.0,9,9,1165
nm10493415,1.0,9,9,1165
nm10493412,1.0,9,9,1165
nm6669031,0.836765,9,9,114
nm5143940,0.836765,9,9,114
nm10500251,1.0,9,9,1172
nm10880668,1.0,9,9,1172
nm7124712,1.0,9,9,1172
nm9097476,1.0,9,9,1172
nm10500785,1.0,9,9,1173
nm7246824,1.0,9,9,1173
nm7699591,1.0,9,9,1178
nm7699631,1.0,9,9,1178
nm7647352,1.0,9,9,1178
nm4593114,0.956853,9,9,324
nm7662035,0.956853,9,9,324
nm0385612,0.956853,9,9,324
nm10508367,0.956853,9,9,324
nm18253159,0.956853,9,9,324
nm5756788,1.0,9,9,797
nm9979407,1.0,9,9,797
nm7991288,1.0,9,9,797
nm7097423,1.0,9,9,797
nm1595023,1.0,9,9,1187
nm4955588,1.0,9,9,1187
nm10520909,1.0,9,9,1198
nm10520914,1.0,9,9,1198
nm10520916,1.0,9,9,1198
nm11484895,1.0,9,9,1205
nm2537380,0.956853,9,9,230
nm0272951,0.956853,9,9,230
nm0516404,0.956853,9,9,230
nm10680162,0.956853,9,9,230
nm1753729,0.956853,9,9,230
nm9533542,0.9216,9,9,137
nm3743594,0.9216,9,9,137
nm4805391,0.9216,9,9,137
nm10576576,0.881762,9,9,114
nm11777609,0.881762,9,9,114
nm15601333,1.0,9,9,1207
nm6364046,1.0,9,9,1207
nm5552796,1.0,9,9,1286
nm8266609,1.0,9,9,1286
nm6572022,1.0,9,9,1286
nm9482709,1.0,9,9,1286
nm11252292,1.0,9,9,1286
nm14754835,1.0,9,9,1240
nm9704298,1.0,9,9,1240
nm9831542,1.0,9,9,1240
nm10695002,1.0,9,9,1240
nm3071281,1.0,9,9,1240
nm4642822,1.0,9,9,1240
nm7755046,1.0,9,9,1240
nm1982843,0.924501,9,9,310
nm1946407,0.924501,9,9,310
nm3258460,0.924501,9,9,310
nm12231897,1.0,9,9,1283
nm12231899,1.0,9,9,1283
nm11185120,1.0,9,9,1283
nm12231893,1.0,9,9,1283
nm12482557,0.948302,9,9,118
nm1263763,0.940154,9,9,56
nm1763656,0.940154,9,9,56
nm8871557,0.902266,9,9,240
nm13639500,1.0,9,9,445
nm13639497,1.0,9,9,445
nm10296530,1.0,9,9,445
nm13639496,1.0,9,9,445
nm2765676,0.85278,9,9,200
nm1674539,1.0,9,9,298
nm8730008,1.0,9,9,298
nm0137849,1.0,9,9,298
nm6865772,1.0,9,9,298
nm6822354,0.956853,9,9,837
nm1768149,0.908886,9,9,11
nm7929688,0.908886,9,9,11
nm0075616,0.908886,9,9,11
nm6331752,0.854865,9,9,1054
nm5840380,0.854865,9,9,1054
nm9549599,0.854865,9,9,1054
nm2398416,0.806261,9,9,217
nm1798739,0.806261,9,9,217
nm1800105,0.806261,9,9,217
nm9152431,0.806261,9,9,217
nm11780665,0.942373,9,9,460
nm5736544,0.942373,9,9,460
nm3292130,0.942373,9,9,460
nm0391094,1.0,9,9,396
nm0905856,1.0,9,9,396
nm3131085,1.0,9,9,396
nm0384910,1.0,9,9,396
nm0928536,1.0,9,9,396
nm10398707,1.0,9,9,396
nm10398708,1.0,9,9,396
nm0540261,1.0,9,9,272
nm10975210,1.0,9,9,272
nm10314153,1.0,9,9,272
nm0102410,1.0,9,9,272
nm0392113,1.0,9,9,272
nm4668497,1.0,9,9,272
nm7469747,1.0,9,9,272
