2026-09-01 15:36:37.125+0000 INFO  [o.n.g.f.m.GlobalModule] Logging config in use: File 'D:\bigmaths\neo4j\conf\server-logs.xml'
2026-09-01 15:36:37.547+0000 INFO  [o.n.i.d.DiagnosticsManager] 
                                                                ********************************************************************************
                                                                                             [ System diagnostics ]                             
                                                                ********************************************************************************
2026-09-01 15:36:37.547+0000 INFO  [o.n.i.d.DiagnosticsManager] 
                                                                --------------------------------------------------------------------------------
                                                                                         [ System memory information ]                          
                                                                --------------------------------------------------------------------------------
                                                                Total Physical memory: 15.81GiB
                                                                Free Physical memory: 5.151GiB
                                                                Committed virtual memory: 705.9MiB
                                                                Total swap space: 25.31GiB
                                                                Free swap space: 11.97GiB
                                                                
2026-09-01 15:36:37.547+0000 INFO  [o.n.i.d.DiagnosticsManager] 
                                                                --------------------------------------------------------------------------------
                                                                                           [ JVM memory information ]                           
                                                                --------------------------------------------------------------------------------
                                                                Free  memory: 487.9MiB
                                                                Total memory: 512.0MiB
                                                                Max   memory: 2.000GiB
                                                                Garbage Collector: G1 Young Generation: [G1 Eden Space, G1 Survivor Space, G1 Old Gen]
                                                                Garbage Collector: G1 Concurrent GC: [G1 Old Gen]
                                                                Garbage Collector: G1 Old Generation: [G1 Eden Space, G1 Survivor Space, G1 Old Gen]
                                                                Memory Pool: CodeHeap 'non-nmethods' (Non-heap memory): committed=3.688MiB, used=3.617MiB, max=7.875MiB, threshold=0B
                                                                Memory Pool: Metaspace (Non-heap memory): committed=21.75MiB, used=21.45MiB, max=-1B, threshold=0B
                                                                Memory Pool: CodeHeap 'profiled nmethods' (Non-heap memory): committed=6.375MiB, used=6.353MiB, max=116.1MiB, threshold=0B
                                                                Memory Pool: Compressed Class Space (Non-heap memory): committed=2.438MiB, used=2.310MiB, max=1.000GiB, threshold=0B
                                                                Memory Pool: G1 Eden Space (Heap memory): committed=317.0MiB, used=3.000MiB, max=-1B, threshold=?
                                                                Memory Pool: G1 Old Gen (Heap memory): committed=189.0MiB, used=14.36MiB, max=2.000GiB, threshold=0B
                                                                Memory Pool: G1 Survivor Space (Heap memory): committed=6.000MiB, used=6.000MiB, max=-1B, threshold=?
                                                                Memory Pool: CodeHeap 'non-profiled nmethods' (Non-heap memory): committed=2.438MiB, used=1.607MiB, max=116.1MiB, threshold=0B
                                                                
2026-09-01 15:36:37.548+0000 INFO  [o.n.i.d.DiagnosticsManager] 
                                                                --------------------------------------------------------------------------------
                                                                                        [ Operating system information ]                        
                                                                --------------------------------------------------------------------------------
                                                                Operating System: Windows 11; version: 10.0; arch: amd64; cpus: 32
                                                                Process id: 4348
                                                                Byte order: LITTLE_ENDIAN
                                                                Local timezone: Asia/Shanghai
                                                                Memory page size: 4096
                                                                Unaligned memory access allowed: true
                                                                
2026-09-01 15:36:37.548+0000 INFO  [o.n.i.d.DiagnosticsManager] 
                                                                --------------------------------------------------------------------------------
                                                                                              [ JVM information ]                               
                                                                --------------------------------------------------------------------------------
                                                                VM Name: OpenJDK 64-Bit Server VM
                                                                VM Vendor: Eclipse Adoptium
                                                                VM Version: 21.0.10+7-LTS
                                                                JIT compiler: HotSpot 64-Bit Tiered Compilers
                                                                VM Arguments: [-XX:+UseG1GC, -XX:-OmitStackTraceInFastThrow, -XX:+AlwaysPreTouch, -XX:+UnlockExperimentalVMOptions, -XX:+TrustFinalNonStaticFields, -XX:+DisableExplicitGC, -Djdk.nio.maxCachedBufferSize=1024, -Dio.netty.tryReflectionSetAccessible=true, -Djdk.tls.ephemeralDHKeySize=2048, -Djdk.tls.rejectClientInitiatedRenegotiation=true, -XX:FlightRecorderOptions=stackdepth=256, -XX:+UnlockDiagnosticVMOptions, -XX:+DebugNonSafepoints, --add-opens=java.base/java.nio=ALL-UNNAMED, --add-opens=java.base/java.io=ALL-UNNAMED, --add-opens=java.base/sun.nio.ch=ALL-UNNAMED, --enable-native-access=ALL-UNNAMED, -Dlog4j2.disable.jmx=true, -Dlog4j.layout.jsonTemplate.maxStringLength=32768, -Dfile.encoding=UTF-8, -Xms524288k, -Xmx2097152k]
                                                                
2026-09-01 15:36:37.548+0000 INFO  [o.n.i.d.DiagnosticsManager] 
                                                                --------------------------------------------------------------------------------
                                                                                               [ Java classpath ]                               
                                                                --------------------------------------------------------------------------------
                                                                 [classpath] D:\bigmaths\neo4j\lib\neo4j-values-5.26.30.jar
                                                                 [classpath] D:\bigmaths\neo4j\lib\log4j-api-2.26.1.jar
                                                                 [classpath] D:\bigmaths\neo4j\lib\commons-lang3-3.18.0.jar
                                                                 [classpath] D:\bigmaths\neo4j\lib\neo4j-dbms-5.26.30.jar
                                                                 [classpath] D:\bigmaths\neo4j\lib\jersey-client-2.46.jar
                                                                 [classpath] D:\bigmaths\neo4j\lib\jctools-core-4.0.5.jar
                                                                 [classpath] D:\bigmaths\neo4j\lib\jetty-alpn-server-12.1.11.jar
                                                                 [classpath] D:\bigmaths\neo4j\lib\shiro-lang-3.0.0.jar
                                                                 [classpath] D:\bigmaths\neo4j\lib\cypher-parser-factory-5.26.30.jar
                                                                 [classpath] D:\bigmaths\neo4j\lib\neo4j-common-5.26.30.jar
                                                                 [classpath] D:\bigmaths\neo4j\lib\neo4j-unsafe-5.26.30.jar
                                                                 [classpath] D:\bigmaths\neo4j\lib\jetty-security-12.1.11.jar
                                                                 [classpath] D:\bigmaths\neo4j\lib\picocli-4.7.6.jar
                                                                 [classpath] D:\bigmaths\neo4j\lib\neo4j-graph-algo-5.26.30.jar
                                                                 [classpath] D:\bigmaths\neo4j\lib\ipaddress-5.5.1.jar
                                                                 [classpath] D:\bigmaths\neo4j\lib\FastInfoset-1.2.16.jar
                                                                 [classpath] D:\bigmaths\neo4j\lib\neo4j-fabric-5.26.30.jar
                                                                 [classpath] D:\bigmaths\neo4j\lib\jakarta.inject-2.6.1.jar
                                                                 [classpath] D:\bigmaths\neo4j\lib\reactor-core-3.7.12.jar
                                                                 [classpath] D:\bigmaths\neo4j\lib\jackson-annotations-2.22.jar
                                                                 [classpath] D:\bigmaths\neo4j\lib\eclipse-collections-api-11.1.0.jar
                                                                 [classpath] D:\bigmaths\neo4j\lib\neo4j-layout-5.26.30.jar
                                                                 [classpath] D:\bigmaths\neo4j\lib\neo4j-cypher-dsl-2024.2.0.jar
                                                                 [classpath] D:\bigmaths\neo4j\lib\neo4j-cypher-planner-spi-5.26.30.jar
                                                                 [classpath] D:\bigmaths\neo4j\lib\neo4j-lock-5.26.30.jar
                                                                 [classpath] D:\bigmaths\neo4j\lib\jetty-ee8-security-12.1.11.jar
                                                                 [classpath] D:\bigmaths\neo4j\lib\jakarta.ws.rs-api-2.1.6.jar
                                                                 [classpath] D:\bigmaths\neo4j\lib\jline-terminal-jansi-3.21.0.jar
                                                                 [classpath] D:\bigmaths\neo4j\lib\hk2-locator-2.6.1.jar
                                                                 [classpath] D:\bigmaths\neo4j\lib\neo4j-cypher-interpreted-runtime-5.26.30.jar
                                                                 [classpath] D:\bigmaths\neo4j\lib\cypher-v5-literal-interpreter-5.26.30.jar
                                                                 [classpath] D:\bigmaths\neo4j\lib\neo4j-udc-5.26.30.jar
                                                                 [classpath] D:\bigmaths\neo4j\lib\slf4j-api-2.0.9.jar
                                                                 [classpath] D:\bigmaths\neo4j\lib\neo4j-monitoring-5.26.30.jar
                                                                 [classpath] D:\bigmaths\neo4j\lib\neo4j-index-5.26.30.jar
                                                                 [classpath] D:\bigmaths\neo4j\lib\neo4j-cypher-rendering-5.26.30.jar
                                                                 [classpath] D:\bigmaths\neo4j\lib\jetty-ee8-servlet-12.1.11.jar
                                                                 [classpath] D:\bigmaths\neo4j\lib\WMI4Java-1.6.3.jar
                                                                 [classpath] D:\bigmaths\neo4j\lib\neo4j-procedure-api-5.26.30.jar
                                                                 [classpath] D:\bigmaths\neo4j\lib\neo4j-collections-5.26.30.jar
                                                                 [classpath] D:\bigmaths\neo4j\lib\neo4j-rewriting-5.26.30.jar
                                                                 [classpath] D:\bigmaths\neo4j\lib\stax-ex-1.8.1.jar
                                                                 [classpath] D:\bigmaths\neo4j\lib\neo4j-cypher-logical-plans-5.26.30.jar
                                                                 [classpath] D:\bigmaths\neo4j\lib\netty-codec-http-4.1.137.Final.jar
                                                                 [classpath] D:\bigmaths\neo4j\lib\neo4j-cypher-javacc-parser-5.26.30.jar
                                                                 [classpath] D:\bigmaths\neo4j\lib\parquet-floor-1.62.jar
                                                                 [classpath] D:\bigmaths\neo4j\lib\jersey-server-2.46.jar
                                                                 [classpath] D:\bigmaths\neo4j\lib\neo4j-notifications-5.26.30.jar
                                                                 [classpath] D:\bigmaths\neo4j\lib\caffeine-3.1.8.jar
                                                                 [classpath] D:\bigmaths\neo4j\lib\neo4j-cypher-cache-5.26.30.jar
                                                                 [classpath] D:\bigmaths\neo4j\lib\neo4j-wal-5.26.30.jar
                                                                 [classpath] D:\bigmaths\neo4j\lib\netty-transport-native-kqueue-4.1.137.Final-osx-aarch_64.jar
                                                                 [classpath] D:\bigmaths\neo4j\lib\jersey-common-2.46.jar
                                                                 [classpath] D:\bigmaths\neo4j\lib\jersey-container-servlet-core-2.46.jar
                                                                 [classpath] D:\bigmaths\neo4j\lib\javax.annotation-api-1.3.2.jar
                                                                 [classpath] D:\bigmaths\neo4j\lib\commons-compress-1.27.1.jar
                                                                 [classpath] D:\bigmaths\neo4j\lib\neo4j-id-generator-5.26.30.jar
                                                                 [classpath] D:\bigmaths\neo4j\lib\neo4j-cypher-ir-5.26.30.jar
                                                                 [classpath] D:\bigmaths\neo4j\lib\argparse4j-0.9.0.jar
                                                                 [classpath] D:\bigmaths\neo4j\conf\*
                                                                 [classpath] D:\bigmaths\neo4j\lib\jettison-1.5.4.jar
                                                                 [classpath] D:\bigmaths\neo4j\lib\neo4j-cypher-planner-5.26.30.jar
                                                                 [classpath] D:\bigmaths\neo4j\lib\neo4j-concurrent-5.26.30.jar
                                                                 [classpath] D:\bigmaths\neo4j\lib\jna-5.15.0.jar
                                                                 [classpath] D:\bigmaths\neo4j\lib\neo4j-procedure-5.26.30.jar
                                                                 [classpath] D:\bigmaths\neo4j\lib\jts-core-1.20.0.jar
                                                                 [classpath] D:\bigmaths\neo4j\lib\neo4j-import-tool-5.26.30.jar
                                                                 [classpath] D:\bigmaths\neo4j\lib\shiro-cache-3.0.0.jar
                                                                 [classpath] D:\bigmaths\neo4j\lib\zstd-proxy-5.26.30.jar
                                                                 [classpath] D:\bigmaths\neo4j\lib\netty-transport-native-unix-common-4.1.137.Final.jar
                                                                 [classpath] D:\bigmaths\neo4j\lib\istack-commons-runtime-3.0.8.jar
                                                                 [classpath] D:\bigmaths\neo4j\lib\netty-transport-native-kqueue-4.1.137.Final-osx-x86_64.jar
                                                                 [classpath] D:\bigmaths\neo4j\lib\netty-tcnative-classes-2.0.81.Final.jar
                                                                 [classpath] D:\bigmaths\neo4j\lib\neo4j-record-storage-engine-5.26.30.jar
                                                                 [classpath] D:\bigmaths\neo4j\lib\neo4j-query-router-5.26.30.jar
                                                                 [classpath] D:\bigmaths\neo4j\lib\neo4j-lucene-index-5.26.30.jar
                                                                 [classpath] D:\bigmaths\neo4j\lib\jackson-databind-2.22.1.jar
                                                                 [classpath] D:\bigmaths\neo4j\lib\shiro-crypto-hash-3.0.0.jar
                                                                 [classpath] D:\bigmaths\neo4j\lib\hk2-api-2.6.1.jar
                                                                 [classpath] D:\bigmaths\neo4j\lib\neo4j-codegen-5.26.30.jar
                                                                 [classpath] D:\bigmaths\neo4j\lib\jakarta.xml.bind-api-2.3.2.jar
                                                                 [classpath] D:\bigmaths\neo4j\lib\neo4j-bolt-connection-pooled-12.0.0.jar
                                                                 [classpath] D:\bigmaths\neo4j\lib\cypher-parser-ast-common-5.26.30.jar
                                                                 [classpath] D:\bigmaths\neo4j\lib\jaxb-runtime-2.3.2.jar
                                                                 [classpath] D:\bigmaths\neo4j\lib\jackson-module-jaxb-annotations-2.22.1.jar
                                                                 [classpath] D:\bigmaths\neo4j\lib\scala-reflect-2.13.11.jar
                                                                 [classpath] D:\bigmaths\neo4j\lib\neo4j-security-5.26.30.jar
                                                                 [classpath] D:\bigmaths\neo4j\lib\neo4j-logging-5.26.30.jar
                                                                 [classpath] D:\bigmaths\neo4j\lib\jackson-jaxrs-base-2.22.1.jar
                                                                 [classpath] D:\bigmaths\neo4j\lib\neo4j-token-api-5.26.30.jar
                                                                 [classpath] D:\bigmaths\neo4j\lib\scala-collection-contrib_2.13-0.3.0.jar
                                                                 [classpath] D:\bigmaths\neo4j\lib\neo4j-bolt-5.26.30.jar
                                                                 [classpath] D:\bigmaths\neo4j\lib\jakarta.annotation-api-1.3.5.jar
                                                                 [classpath] D:\bigmaths\neo4j\lib\neo4j-cypher-config-5.26.30.jar
                                                                 [classpath] D:\bigmaths\neo4j\lib\neo4j-bolt-connection-routed-12.0.0.jar
                                                                 [classpath] D:\bigmaths\neo4j\lib\jline-reader-3.21.0.jar
                                                                 [classpath] D:\bigmaths\neo4j\lib\cypher-v25-ast-factory-5.26.30.jar
                                                                 [classpath] D:\bigmaths\neo4j\lib\jetty-io-12.1.11.jar
                                                                 [classpath] D:\bigmaths\neo4j\lib\jetty-alpn-java-server-12.1.11.jar
                                                                 [classpath] D:\bigmaths\neo4j\lib\shiro-crypto-cipher-3.0.0.jar
                                                                 [classpath] D:\bigmaths\neo4j\lib\neo4j-push-to-cloud-5.26.30.jar
                                                                 [classpath] D:\bigmaths\neo4j\lib\log4j-layout-template-json-2.26.1.jar
                                                                 [classpath] D:\bigmaths\neo4j\lib\hadoop-common-3.5.0.jar
                                                                 [classpath] D:\bigmaths\neo4j\lib\hk2-utils-2.6.1.jar
                                                                 [classpath] D:\bigmaths\neo4j\lib\javassist-3.30.2-GA.jar
                                                                 [classpath] D:\bigmaths\neo4j\lib\shiro-core-3.0.0.jar
                                                                 [classpath] D:\bigmaths\neo4j\lib\lucene-analysis-common-9.11.1.jar
                                                                 [classpath] D:\bigmaths\neo4j\lib\jackson-jaxrs-json-provider-2.22.1.jar
                                                                 [classpath] D:\bigmaths\neo4j\lib\jProcesses-1.6.5.jar
                                                                 [classpath] D:\bigmaths\neo4j\lib\jPowerShell-3.0.jar
                                                                 [classpath] D:\bigmaths\neo4j\lib\cypher-shell-5.26.30.jar
                                                                 [classpath] D:\bigmaths\neo4j\lib\shiro-event-3.0.0.jar
                                                                 [classpath] D:\bigmaths\neo4j\lib\lucene-queryparser-9.11.1.jar
                                                                 [classpath] D:\bigmaths\neo4j\lib\commons-text-1.12.0.jar
                                                                 [classpath] D:\bigmaths\neo4j\lib\cypher-v25-parser-listener-5.26.30.jar
                                                                 [classpath] D:\bigmaths\neo4j\lib\neo4j-server-5.26.30.jar
                                                                 [classpath] D:\bigmaths\neo4j\lib\neo4j-cypher-physical-planning-5.26.30.jar
                                                                 [classpath] D:\bigmaths\neo4j\lib\neo4j-5.26.30.jar
                                                                 [classpath] D:\bigmaths\neo4j\lib\neo4j-import-api-5.26.30.jar
                                                                 [classpath] D:\bigmaths\neo4j\lib\parquet-common-1.18.0.jar
                                                                 [classpath] D:\bigmaths\neo4j\plugins\*
                                                                 [classpath] D:\bigmaths\neo4j\lib\neo4j-cypher-runtime-util-5.26.30.jar
                                                                 [classpath] D:\bigmaths\neo4j\lib\neo4j-command-line-5.26.30.jar
                                                                 [classpath] D:\bigmaths\neo4j\lib\annotations-5.26.30.jar
                                                                 [classpath] D:\bigmaths\neo4j\lib\neo4j-cypher-macros-5.26.30.jar
                                                                 [classpath] D:\bigmaths\neo4j\lib\eclipse-collections-11.1.0.jar
                                                                 [classpath] D:\bigmaths\neo4j\lib\neo4j-configuration-5.26.30.jar
                                                                 [classpath] D:\bigmaths\neo4j\lib\commons-io-2.17.0.jar
                                                                 [classpath] D:\bigmaths\neo4j\lib\neo4j-cypher-5.26.30.jar
                                                                 [classpath] D:\bigmaths\neo4j\lib\commons-codec-1.17.1.jar
                                                                 [classpath] D:\bigmaths\neo4j\lib\netty-buffer-4.1.137.Final.jar
                                                                 [classpath] D:\bigmaths\neo4j\lib\neo4j-gql-status-5.26.30.jar
                                                                 [classpath] D:\bigmaths\neo4j\lib\jetty-servlet-api-4.0.9.jar
                                                                 [classpath] D:\bigmaths\neo4j\lib\jersey-hk2-2.46.jar
                                                                 [classpath] D:\bigmaths\neo4j\lib\jline-terminal-3.21.0.jar
                                                                 [classpath] D:\bigmaths\neo4j\lib\kiama_2.13-2.5.1.jar
                                                                 [classpath] D:\bigmaths\neo4j\lib\netty-transport-native-epoll-4.1.137.Final-linux-aarch_64.jar
                                                                 [classpath] D:\bigmaths\neo4j\lib\neo4j-graphdb-api-5.26.30.jar
                                                                 [classpath] D:\bigmaths\neo4j\lib\cypher-parser-common-5.26.30.jar
                                                                 [classpath] D:\bigmaths\neo4j\lib\cypher-v5-antlr-parser-5.26.30.jar
                                                                 [classpath] D:\bigmaths\neo4j\lib\neo4j-fulltext-index-5.26.30.jar
                                                                 [classpath] D:\bigmaths\neo4j\lib\neo4j-capabilities-5.26.30.jar
                                                                 [classpath] D:\bigmaths\neo4j\lib\netty-transport-classes-epoll-4.1.137.Final.jar
                                                                 [classpath] D:\bigmaths\neo4j\lib\neo4j-import-util-5.26.30.jar
                                                                 [classpath] D:\bigmaths\neo4j\lib\magnolia_2.13-1.1.8.jar
                                                                 [classpath] D:\bigmaths\neo4j\lib\neo4j-cypher-expression-evaluator-5.26.30.jar
                                                                 [classpath] D:\bigmaths\neo4j\lib\reactive-streams-1.0.4.jar
                                                                 [classpath] D:\bigmaths\neo4j\lib\jetty-server-12.1.11.jar
                                                                 [classpath] D:\bigmaths\neo4j\lib\jaxb-api-2.2.12.jar
                                                                 [classpath] D:\bigmaths\neo4j\lib\jansi-2.4.0.jar
                                                                 [classpath] D:\bigmaths\neo4j\lib\neo4j-schema-5.26.30.jar
                                                                 [classpath] D:\bigmaths\neo4j\lib\zstd-jni-1.5.6-6.jar
                                                                 [classpath] D:\bigmaths\neo4j\lib\netty-transport-native-epoll-4.1.137.Final-linux-x86_64.jar
                                                                 [classpath] D:\bigmaths\neo4j\lib\commons-logging-1.3.4.jar
                                                                 [classpath] D:\bigmaths\neo4j\lib\neo4j-expressions-5.26.30.jar
                                                                 [classpath] D:\bigmaths\neo4j\lib\cypher-v25-antlr-parser-5.26.30.jar
                                                                 [classpath] D:\bigmaths\neo4j\lib\neo4j-kernel-api-5.26.30.jar
                                                                 [classpath] D:\bigmaths\neo4j\lib\parquet-hadoop-1.18.0.jar
                                                                 [classpath] D:\bigmaths\neo4j\lib\jetty-xml-12.1.11.jar
                                                                 [classpath] D:\bigmaths\neo4j\lib\netty-resolver-4.1.137.Final.jar
                                                                 [classpath] D:\bigmaths\neo4j\lib\neo4j-java-driver-5.28.15.jar
                                                                 [classpath] D:\bigmaths\neo4j\lib\shiro-crypto-core-3.0.0.jar
                                                                 [classpath] D:\bigmaths\neo4j\lib\neo4j-slf4j-provider-5.26.30.jar
                                                                 [classpath] D:\bigmaths\neo4j\lib\antlr4-runtime-4.13.2.jar
                                                                 [classpath] D:\bigmaths\neo4j\lib\jetty-http-12.1.11.jar
                                                                 [classpath] D:\bigmaths\neo4j\lib\snappy-java-1.1.10.8.jar
                                                                 [classpath] D:\bigmaths\neo4j\lib\neo4j-consistency-check-5.26.30.jar
                                                                 [classpath] D:\bigmaths\neo4j\lib\jersey-container-servlet-2.46.jar
                                                                 [classpath] D:\bigmaths\neo4j\lib\netty-codec-4.1.137.Final.jar
                                                                 [classpath] D:\bigmaths\neo4j\lib\shiro-config-core-3.0.0.jar
                                                                 [classpath] D:\bigmaths\neo4j\lib\jakarta.activation-api-1.2.2.jar
                                                                 [classpath] D:\bigmaths\neo4j\lib\neo4j-storage-engine-util-5.26.30.jar
                                                                 [classpath] D:\bigmaths\neo4j\lib\scala-library-2.13.11.jar
                                                                 [classpath] D:\bigmaths\neo4j\lib\neo4j-cypher-slotted-runtime-5.26.30.jar
                                                                 [classpath] D:\bigmaths\neo4j\lib\jetty-session-12.1.11.jar
                                                                 [classpath] D:\bigmaths\neo4j\lib\cypher-v5-parser-listener-5.26.30.jar
                                                                 [classpath] D:\bigmaths\neo4j\lib\lucene-backward-codecs-9.11.1.jar
                                                                 [classpath] D:\bigmaths\neo4j\lib\server-api-5.26.30.jar
                                                                 [classpath] D:\bigmaths\neo4j\lib\cypher-antlr-common-5.26.30.jar
                                                                 [classpath] D:\bigmaths\neo4j\lib\neo4j-csv-5.26.30.jar
                                                                 [classpath] D:\bigmaths\neo4j\lib\neo4j-diagnostics-5.26.30.jar
                                                                 [classpath] D:\bigmaths\neo4j\lib\neo4j-cypher-ast-factory-5.26.30.jar
                                                                 [classpath] D:\bigmaths\neo4j\lib\jakarta.validation-api-2.0.2.jar
                                                                 [classpath] D:\bigmaths\neo4j\lib\log4j-core-2.26.1.jar
                                                                 [classpath] D:\bigmaths\neo4j\lib\neo4j-data-collector-5.26.30.jar
                                                                 [classpath] D:\bigmaths\neo4j\lib\jackson-core-2.22.1.jar
                                                                 [classpath] D:\bigmaths\neo4j\lib\neo4j-front-end-5.26.30.jar
                                                                 [classpath] D:\bigmaths\neo4j\lib\netty-handler-4.1.137.Final.jar
                                                                 [classpath] D:\bigmaths\neo4j\lib\netty-common-4.1.137.Final.jar
                                                                 [classpath] D:\bigmaths\neo4j\lib\parquet-encoding-1.18.0.jar
                                                                 [classpath] D:\bigmaths\neo4j\lib\txw2-2.3.2.jar
                                                                 [classpath] D:\bigmaths\neo4j\lib\neo4j-bolt-connection-netty-12.0.0.jar
                                                                 [classpath] D:\bigmaths\neo4j\lib\cypher-v5-ast-factory-5.26.30.jar
                                                                 [classpath] D:\bigmaths\neo4j\lib\neo4j-cloud-5.26.30.jar
                                                                 [classpath] D:\bigmaths\neo4j\lib\jetty-ee8-webapp-12.1.11.jar
                                                                 [classpath] D:\bigmaths\neo4j\lib\neo4j-bolt-connection-12.0.0.jar
                                                                 [classpath] D:\bigmaths\neo4j\lib\neo4j-util-5.26.30.jar
                                                                 [classpath] D:\bigmaths\neo4j\lib\jetty-http2-hpack-12.1.11.jar
                                                                 [classpath] D:\bigmaths\neo4j\lib\commons-configuration2-2.15.1.jar
                                                                 [classpath] D:\bigmaths\neo4j\lib\jetty-ee-webapp-12.1.11.jar
                                                                 [classpath] D:\bigmaths\neo4j\lib\jetty-ee8-nested-12.1.11.jar
                                                                 [classpath] D:\bigmaths\neo4j\lib\neo4j-ssl-5.26.30.jar
                                                                 [classpath] D:\bigmaths\neo4j\lib\neo4j-bootcheck-5.26.30.jar
                                                                 [classpath] D:\bigmaths\neo4j\lib\cypher-antlr-ast-common-5.26.30.jar
                                                                 [classpath] D:\bigmaths\neo4j\lib\jetty-http2-server-12.1.11.jar
                                                                 [classpath] D:\bigmaths\neo4j\lib\neo4j-exceptions-5.26.30.jar
                                                                 [classpath] D:\bigmaths\neo4j\lib\parquet-jackson-1.18.0.jar
                                                                 [classpath] D:\bigmaths\neo4j\lib\neo4j-spatial-index-5.26.30.jar
                                                                 [classpath] D:\bigmaths\neo4j\lib\neo4j-io-5.26.30.jar
                                                                 [classpath] D:\bigmaths\neo4j\lib\jetty-http2-common-12.1.11.jar
                                                                 [classpath] D:\bigmaths\neo4j\lib\netty-transport-4.1.137.Final.jar
                                                                 [classpath] D:\bigmaths\neo4j\lib\neo4j-kernel-5.26.30.jar
                                                                 [classpath] D:\bigmaths\neo4j\lib\neo4j-resource-5.26.30.jar
                                                                 [classpath] D:\bigmaths\neo4j\lib\lucene-core-9.11.1.jar
                                                                 [classpath] D:\bigmaths\neo4j\lib\parquet-format-structures-1.18.0.jar
                                                                 [classpath] D:\bigmaths\neo4j\lib\netty-transport-classes-kqueue-4.1.137.Final.jar
                                                                 [classpath] D:\bigmaths\neo4j\lib\jetty-util-12.1.11.jar
                                                                 [classpath] D:\bigmaths\neo4j\lib\neo4j-ast-5.26.30.jar
                                                                 [classpath] D:\bigmaths\neo4j\lib\cypher-ast-factory-5.26.30.jar
                                                                 [classpath] D:\bigmaths\neo4j\lib\neo4j-native-5.26.30.jar
                                                                 [classpath] D:\bigmaths\neo4j\lib\parquet-column-1.18.0.jar
                                                                
2026-09-01 15:36:37.548+0000 INFO  [o.n.i.d.DiagnosticsManager] 
                                                                --------------------------------------------------------------------------------
                                                                                                [ Library path ]                                
                                                                --------------------------------------------------------------------------------
                                                                C:\Users\admin\AppData\Roaming\TRAE SOLO CN\ModularData\ai-agent\vm\tools\app\jre\bin
                                                                C:\Windows\Sun\Java\bin
                                                                C:\Windows\System32
                                                                C:\Windows
                                                                C:\Users\admin\AppData\Local\Programs\TRAE SOLO CN\resources\app\modules\ai-agent\bin
                                                                C:\Users\admin\AppData\Local\Programs\TRAE SOLO CN\resources\app\bin
                                                                C:\Users\admin\AppData\Roaming\TRAE SOLO CN\ModularData\ai-agent\vm\tools\python
                                                                C:\Users\admin\AppData\Roaming\TRAE SOLO CN\ModularData\ai-agent\vm\tools\node
                                                                C:\Users\admin\AppData\Roaming\TRAE SOLO CN\ModularData\ai-agent\vm\tools\app\jre\bin
                                                                C:\Users\admin\AppData\Roaming\TRAE SOLO CN\ModularData\ai-agent\vm\tools\bin
                                                                C:\Users\admin\.trae-cn\plugins\trae-remote-official\lark\1.0.4\bin
                                                                C:\Program Files (x86)\VMware\VMware Workstation\bin
                                                                C:\Program Files\Common Files\Oracle\Java\javapath_target_511624203
                                                                C:\Program Files (x86)\Common Files\Oracle\Java\java8path_target_509770031
                                                                C:\Program Files (x86)\Common Files\Oracle\Java\javapath
                                                                C:\Program Files\Microsoft\jdk-11.0.16.101-hotspot\bin
                                                                C:\Windows\System32
                                                                C:\Windows
                                                                C:\Windows\System32\wbem
                                                                C:\Windows\System32\WindowsPowerShell\v1.0
                                                                C:\Windows\System32\OpenSSH
                                                                C:\Program Files (x86)\NVIDIA Corporation\PhysX\Common
                                                                C:\Program Files\NVIDIA Corporation\NVIDIA NvDLISR
                                                                C:\Program Files\Bandizip
                                                                D:\matlab\runtime\win64
                                                                D:\matlab\bin
                                                                C:\Program Files\dotnet
                                                                C:\Program Files (x86)\Windows Kits\10\Windows Performance Toolkit
                                                                C:\Program Files (x86)\Tencent\微锟斤拷web锟斤拷锟斤拷锟竭癸拷锟斤拷\dll
                                                                D:\
                                                                C:\Users\admin\AppData\Local\Microsoft\WindowsApps
                                                                C:\Users\admin\.dotnet\tools
                                                                D:\quartus\questa_fse\win64
                                                                D:\QUART\modelsim_ase\win32aloem
                                                                C:\Users\admin\AppData\Roaming\npm
                                                                C:\Users\admin\AppData\Local\Programs\cursor\resources\app\bin
                                                                C:\Users\admin\AppData\Local\Programs\TRAE SOLO CN\resources\app\bin
                                                                C:\Users\admin\AppData\Roaming\TRAE SOLO CN\ModularData\ai-agent\vm\tools\python
                                                                C:\Users\admin\AppData\Roaming\TRAE SOLO CN\ModularData\ai-agent\vm\tools\node
                                                                C:\Users\admin\AppData\Roaming\TRAE SOLO CN\ModularData\ai-agent\vm\tools\app\jre\bin
                                                                C:\Users\admin\AppData\Roaming\TRAE SOLO CN\ModularData\ai-agent\vm\tools\bin
                                                                C:\Program Files (x86)\Microsoft\Edge\Application
                                                                C:\Users\admin\AppData\Local\Programs\TRAE SOLO CN\resources\app\bin\lib
                                                                C:\Users\admin\AppData\Local\Programs\TRAE SOLO CN\resources\app\node_modules\@vscode\ripgrep\bin
                                                                D:\bigmaths
                                                                
2026-09-01 15:36:37.548+0000 INFO  [o.n.i.d.DiagnosticsManager] 
                                                                --------------------------------------------------------------------------------
                                                                                             [ System properties ]                              
                                                                --------------------------------------------------------------------------------
                                                                jdk.tls.rejectClientInitiatedRenegotiation = true
                                                                sun.cpu.isalist = amd64
                                                                sun.jnu.encoding = GBK
                                                                log4j.layout.jsonTemplate.maxStringLength = 32768
                                                                sun.arch.data.model = 64
                                                                user.variant = 
                                                                user.timezone = Asia/Shanghai
                                                                sun.java.launcher = SUN_STANDARD
                                                                user.country = CN
                                                                sun.boot.library.path = C:\Users\admin\AppData\Roaming\TRAE SOLO CN\ModularData\ai-agent\vm\tools\app\jre\bin
                                                                sun.java.command = org.neo4j.server.CommunityEntryPoint --home-dir=D:\bigmaths\neo4j --config-dir=D:\bigmaths\neo4j\conf --console-mode
                                                                jdk.debug = release
                                                                io.netty.tryReflectionSetAccessible = true
                                                                sun.cpu.endian = little
                                                                user.home = C:\Users\admin
                                                                user.language = zh
                                                                file.separator = \
                                                                jdk.tls.ephemeralDHKeySize = 2048
                                                                user.script = 
                                                                sun.management.compiler = HotSpot 64-Bit Tiered Compilers
                                                                user.name = admin
                                                                stdout.encoding = GBK
                                                                jdk.nio.maxCachedBufferSize = 1024
                                                                path.separator = ;
                                                                file.encoding = UTF-8
                                                                jnidispatch.path = C:\Users\admin\AppData\Local\Temp\jna-92668751\jna994162113211998876.dll
                                                                jna.loaded = true
                                                                user.dir = D:\bigmaths
                                                                sun.os.patch.level = 
                                                                native.encoding = GBK
                                                                stderr.encoding = GBK
                                                                sun.io.unicode.encoding = UnicodeLittle
                                                                log4j2.disable.jmx = true
                                                                
2026-09-01 15:36:37.548+0000 INFO  [o.n.i.d.DiagnosticsManager] 
                                                                --------------------------------------------------------------------------------
                                                                                      [ (IANA) TimeZone database version ]                      
                                                                --------------------------------------------------------------------------------
                                                                  TimeZone version: 2025b (available for 604 zone identifiers)
                                                                
2026-09-01 15:36:37.548+0000 INFO  [o.n.i.d.DiagnosticsManager] 
                                                                --------------------------------------------------------------------------------
                                                                                            [ Network information ]                             
                                                                --------------------------------------------------------------------------------
                                                                Interface Realtek PCIe GbE Family Controller-WFP Native MAC Layer LightWeight Filter-0000:
                                                                Interface Realtek PCIe GbE Family Controller-Huorong NDIS Filter Driver-0000:
                                                                Interface Realtek PCIe GbE Family Controller-QoS Packet Scheduler-0000:
                                                                Interface Realtek PCIe GbE Family Controller-WFP 802.3 MAC Layer LightWeight Filter-0000:
                                                                Interface WAN Miniport (IP)-WFP Native MAC Layer LightWeight Filter-0000:
                                                                Interface WAN Miniport (IP)-Huorong NDIS Filter Driver-0000:
                                                                Interface WAN Miniport (IP)-QoS Packet Scheduler-0000:
                                                                Interface WAN Miniport (IPv6)-WFP Native MAC Layer LightWeight Filter-0000:
                                                                Interface WAN Miniport (IPv6)-Huorong NDIS Filter Driver-0000:
                                                                Interface WAN Miniport (IPv6)-QoS Packet Scheduler-0000:
                                                                Interface WAN Miniport (Network Monitor)-WFP Native MAC Layer LightWeight Filter-0000:
                                                                Interface WAN Miniport (Network Monitor)-Huorong NDIS Filter Driver-0000:
                                                                Interface WAN Miniport (Network Monitor)-QoS Packet Scheduler-0000:
                                                                Interface Microsoft Kernel Debug Network Adapter:
                                                                Interface Realtek PCIe GbE Family Controller:
                                                                    address: fe80:0:0:0:6e9a:672:f7f7:7d78%ethernet_32769
                                                                Interface Bluetooth Device (Personal Area Network):
                                                                    address: fe80:0:0:0:bd2d:3418:be44:7ad0%ethernet_32770
                                                                Interface WAN Miniport (IP):
                                                                Interface WAN Miniport (IPv6):
                                                                Interface WAN Miniport (Network Monitor):
                                                                Interface VMware Virtual Ethernet Adapter for VMnet1:
                                                                    address: fe80:0:0:0:55fb:8360:549f:d0b1%ethernet_32774
                                                                    address: 192.168.147.1
                                                                Interface VMware Virtual Ethernet Adapter for VMnet8:
                                                                    address: fe80:0:0:0:622a:2ac0:618a:dfa%ethernet_32775
                                                                    address: 192.168.37.1
                                                                Interface WAN Miniport (PPPOE):
                                                                Interface Software Loopback Interface 1:
                                                                    address: 0:0:0:0:0:0:0:1
                                                                    address: 127.0.0.1
                                                                Interface Intel(R) Wi-Fi 6E AX211 160MHz-WFP Native MAC Layer LightWeight Filter-0000:
                                                                Interface Intel(R) Wi-Fi 6E AX211 160MHz-Virtual WiFi Filter Driver-0000:
                                                                Interface Intel(R) Wi-Fi 6E AX211 160MHz-Native WiFi Filter Driver-0000:
                                                                Interface Intel(R) Wi-Fi 6E AX211 160MHz-Huorong NDIS Filter Driver-0000:
                                                                Interface Intel(R) Wi-Fi 6E AX211 160MHz-QoS Packet Scheduler-0000:
                                                                Interface Intel(R) Wi-Fi 6E AX211 160MHz-WFP 802.3 MAC Layer LightWeight Filter-0000:
                                                                Interface Microsoft Wi-Fi Direct Virtual Adapter-WFP Native MAC Layer LightWeight Filter-0000:
                                                                Interface Microsoft Wi-Fi Direct Virtual Adapter-Native WiFi Filter Driver-0000:
                                                                Interface Microsoft Wi-Fi Direct Virtual Adapter-Huorong NDIS Filter Driver-0000:
                                                                Interface Microsoft Wi-Fi Direct Virtual Adapter-QoS Packet Scheduler-0000:
                                                                Interface Microsoft Wi-Fi Direct Virtual Adapter-WFP 802.3 MAC Layer LightWeight Filter-0000:
                                                                Interface Microsoft Wi-Fi Direct Virtual Adapter #2-WFP Native MAC Layer LightWeight Filter-0000:
                                                                Interface Microsoft Wi-Fi Direct Virtual Adapter #2-Native WiFi Filter Driver-0000:
                                                                Interface Microsoft Wi-Fi Direct Virtual Adapter #2-Huorong NDIS Filter Driver-0000:
                                                                Interface Microsoft Wi-Fi Direct Virtual Adapter #2-QoS Packet Scheduler-0000:
                                                                Interface Microsoft Wi-Fi Direct Virtual Adapter #2-WFP 802.3 MAC Layer LightWeight Filter-0000:
                                                                Interface Intel(R) Wi-Fi 6E AX211 160MHz:
                                                                    address: 10.20.166.71
                                                                Interface Microsoft Wi-Fi Direct Virtual Adapter:
                                                                    address: fe80:0:0:0:c4c5:411a:ee20:b776%wireless_32769
                                                                Interface Microsoft Wi-Fi Direct Virtual Adapter #2:
                                                                    address: fe80:0:0:0:1f6a:d24:c553:2b5c%wireless_32770
                                                                Interface Microsoft Teredo Tunneling Adapter:
                                                                Interface Microsoft IP-HTTPS Platform Adapter:
                                                                Interface Microsoft 6to4 Adapter:
                                                                Interface WAN Miniport (SSTP):
                                                                Interface WAN Miniport (IKEv2):
                                                                Interface WAN Miniport (L2TP):
                                                                Interface WAN Miniport (PPTP):
                                                                
2026-09-01 15:36:37.548+0000 INFO  [o.n.i.d.DiagnosticsManager] 
                                                                --------------------------------------------------------------------------------
                                                                                         [ Native access information ]                          
                                                                --------------------------------------------------------------------------------
                                                                Native access details: Native access is not available for current platform.
                                                                
2026-09-01 15:36:37.548+0000 INFO  [o.n.i.d.DiagnosticsManager] 
                                                                --------------------------------------------------------------------------------
                                                                                                [ DBMS config ]                                 
                                                                --------------------------------------------------------------------------------
                                                                DBMS provided settings:
                                                                db.tx_log.rotation.retention_policy=2 days 2G
                                                                server.bolt.enabled=true
                                                                server.default_listen_address=127.0.0.1
                                                                server.directories.import=D:\bigmaths\neo4j\import
                                                                server.directories.neo4j_home=D:\bigmaths\neo4j
                                                                server.http.enabled=true
                                                                server.https.enabled=false
                                                                server.jvm.additional=-XX:+UseG1GC
-XX:-OmitStackTraceInFastThrow
-XX:+AlwaysPreTouch
-XX:+UnlockExperimentalVMOptions
-XX:+TrustFinalNonStaticFields
-XX:+DisableExplicitGC
-Djdk.nio.maxCachedBufferSize=1024
-Dio.netty.tryReflectionSetAccessible=true
-Djdk.tls.ephemeralDHKeySize=2048
-Djdk.tls.rejectClientInitiatedRenegotiation=true
-XX:FlightRecorderOptions=stackdepth=256
-XX:+UnlockDiagnosticVMOptions
-XX:+DebugNonSafepoints
--add-opens=java.base/java.nio=ALL-UNNAMED
--add-opens=java.base/java.io=ALL-UNNAMED
--add-opens=java.base/sun.nio.ch=ALL-UNNAMED
--enable-native-access=ALL-UNNAMED
-Dlog4j2.disable.jmx=true
-Dlog4j.layout.jsonTemplate.maxStringLength=32768
                                                                server.memory.heap.initial_size=512.00MiB
                                                                server.memory.heap.max_size=2.00GiB
                                                                server.memory.pagecache.size=1.00GiB
                                                                server.windows_service_name=neo4j
                                                                Directories in use:
                                                                server.directories.data=D:\bigmaths\neo4j\data
                                                                server.directories.dumps.root=D:\bigmaths\neo4j\data\dumps
                                                                server.directories.import=D:\bigmaths\neo4j\import
                                                                server.directories.lib=D:\bigmaths\neo4j\lib
                                                                server.directories.licenses=D:\bigmaths\neo4j\licenses
                                                                server.directories.logs=D:\bigmaths\neo4j\logs
                                                                server.directories.neo4j_home=D:\bigmaths\neo4j
                                                                server.directories.plugins=D:\bigmaths\neo4j\plugins
                                                                server.directories.run=D:\bigmaths\neo4j\run
                                                                server.directories.script.root=D:\bigmaths\neo4j\data\scripts
                                                                server.directories.transaction.logs.root=D:\bigmaths\neo4j\data\transactions
                                                                
2026-09-01 15:36:37.549+0000 INFO  [o.n.i.d.DiagnosticsManager] 
                                                                --------------------------------------------------------------------------------
                                                                                                 [ Packaging ]                                  
                                                                --------------------------------------------------------------------------------
                                                                Edition: Community
                                                                Package Type: docker trixie
                                                                
2026-09-01 15:36:37.591+0000 INFO  [o.n.d.i.DefaultIdentityModule] Generated new ServerId: ServerId{1d60b665} (1d60b665-7b67-4ac4-a89f-dac9840a564f)
2026-09-01 15:36:37.591+0000 INFO  [o.n.d.i.DefaultIdentityModule] This instance is ServerId{1d60b665} (1d60b665-7b67-4ac4-a89f-dac9840a564f)
2026-09-01 15:36:38.386+0000 INFO  [o.n.s.CommunityNeoWebServer] ======== Neo4j 5.26.30 ========
2026-09-01 15:36:38.401+0000 INFO  [o.n.d.d.DatabaseLifecycles] Creating 'DatabaseId{00000000[system]}'.
2026-09-01 15:36:38.706+0000 INFO  [o.n.b.BoltServer] Using connector transport NIO
2026-09-01 15:36:38.933+0000 INFO  [o.n.b.BoltServer] Configured external Bolt connector with listener address /127.0.0.1:7687
2026-09-01 15:36:38.933+0000 INFO  [o.n.b.BoltServer] Bolt server loaded
2026-09-01 15:36:38.950+0000 INFO  [o.n.d.d.DatabaseLifecycles] Starting 'DatabaseId{00000000[system]}'.
2026-09-01 15:36:39.641+0000 INFO  [o.n.i.d.DiagnosticsManager] [system/00000000] 
                                                                [system/00000000] ********************************************************************************
                                                                [system/00000000]                               [ Database: system ]                              
                                                                [system/00000000] ********************************************************************************
                                                                [system/00000000] --------------------------------------------------------------------------------
                                                                [system/00000000]                                   [ Version ]                                   
                                                                [system/00000000] --------------------------------------------------------------------------------
                                                                [system/00000000] DBMS: community record-aligned-1.1
                                                                [system/00000000] Kernel version: 5.26.30
                                                                [system/00000000] 
                                                                [system/00000000] --------------------------------------------------------------------------------
                                                                [system/00000000]                                 [ Store files ]                                 
                                                                [system/00000000] --------------------------------------------------------------------------------
                                                                [system/00000000] Disk space on partition (Total / Free / Free %): 807072165888 / 182942945280 / 22
                                                                [system/00000000] Storage files stored on file store: NTFS
                                                                [system/00000000] Storage files: (filename : modification date - size)
                                                                [system/00000000]   neostore: 2026-09-01 15:36:39.547+0000 - 8.000KiB
                                                                [system/00000000]   neostore.counts.db: 2026-09-01 15:36:39.567+0000 - 0B
                                                                [system/00000000]   neostore.indexstats.db: 2026-09-01 15:36:39.581+0000 - 0B
                                                                [system/00000000]   neostore.labeltokenstore.db: 2026-09-01 15:36:39.431+0000 - 0B
                                                                [system/00000000]   neostore.labeltokenstore.db.id: 2026-09-01 15:36:39.431+0000 - 0B
                                                                [system/00000000]   neostore.labeltokenstore.db.names: 2026-09-01 15:36:39.427+0000 - 8.000KiB
                                                                [system/00000000]   neostore.labeltokenstore.db.names.id: 2026-09-01 15:36:39.427+0000 - 0B
                                                                [system/00000000]   neostore.nodestore.db: 2026-09-01 15:36:39.400+0000 - 0B
                                                                [system/00000000]   neostore.nodestore.db.id: 2026-09-01 15:36:39.398+0000 - 0B
                                                                [system/00000000]   neostore.nodestore.db.labels: 2026-09-01 15:36:39.392+0000 - 8.000KiB
                                                                [system/00000000]   neostore.nodestore.db.labels.id: 2026-09-01 15:36:39.371+0000 - 0B
                                                                [system/00000000]   neostore.propertystore.db: 2026-09-01 15:36:39.418+0000 - 0B
                                                                [system/00000000]   neostore.propertystore.db.arrays: 2026-09-01 15:36:39.412+0000 - 8.000KiB
                                                                [system/00000000]   neostore.propertystore.db.arrays.id: 2026-09-01 15:36:39.412+0000 - 0B
                                                                [system/00000000]   neostore.propertystore.db.id: 2026-09-01 15:36:39.418+0000 - 0B
                                                                [system/00000000]   neostore.propertystore.db.index: 2026-09-01 15:36:39.406+0000 - 0B
                                                                [system/00000000]   neostore.propertystore.db.index.id: 2026-09-01 15:36:39.406+0000 - 0B
                                                                [system/00000000]   neostore.propertystore.db.index.keys: 2026-09-01 15:36:39.401+0000 - 8.000KiB
                                                                [system/00000000]   neostore.propertystore.db.index.keys.id: 2026-09-01 15:36:39.401+0000 - 0B
                                                                [system/00000000]   neostore.propertystore.db.strings: 2026-09-01 15:36:39.409+0000 - 8.000KiB
                                                                [system/00000000]   neostore.propertystore.db.strings.id: 2026-09-01 15:36:39.407+0000 - 0B
                                                                [system/00000000]   neostore.relationshipgroupstore.db: 2026-09-01 15:36:39.440+0000 - 8.000KiB
                                                                [system/00000000]   neostore.relationshipgroupstore.db.id: 2026-09-01 15:36:39.439+0000 - 0B
                                                                [system/00000000]   neostore.relationshipgroupstore.degrees.db: 2026-09-01 15:36:39.574+0000 - 0B
                                                                [system/00000000]   neostore.relationshipstore.db: 2026-09-01 15:36:39.419+0000 - 0B
                                                                [system/00000000]   neostore.relationshipstore.db.id: 2026-09-01 15:36:39.419+0000 - 0B
                                                                [system/00000000]   neostore.relationshiptypestore.db: 2026-09-01 15:36:39.426+0000 - 0B
                                                                [system/00000000]   neostore.relationshiptypestore.db.id: 2026-09-01 15:36:39.426+0000 - 0B
                                                                [system/00000000]   neostore.relationshiptypestore.db.names: 2026-09-01 15:36:39.421+0000 - 8.000KiB
                                                                [system/00000000]   neostore.relationshiptypestore.db.names.id: 2026-09-01 15:36:39.420+0000 - 0B
                                                                [system/00000000]   neostore.schemastore.db: 2026-09-01 15:36:39.434+0000 - 8.000KiB
                                                                [system/00000000]   neostore.schemastore.db.id: 2026-09-01 15:36:39.433+0000 - 0B
                                                                [system/00000000] Storage summary: 
                                                                [system/00000000]   Total size of store: 72.00KiB
                                                                [system/00000000]   Total size of mapped files: 72.00KiB
                                                                [system/00000000] 
                                                                [system/00000000] --------------------------------------------------------------------------------
                                                                [system/00000000]                               [ Transaction log ]                               
                                                                [system/00000000] --------------------------------------------------------------------------------
                                                                [system/00000000] Transaction log files stored on file store: NTFS
                                                                [system/00000000] Transaction log metadata:
                                                                [system/00000000]  - current kernel version used in transactions: V5_25
                                                                [system/00000000]  - last committed transaction id: 1
                                                                [system/00000000] Transaction log files:
                                                                [system/00000000]  - existing transaction log versions: -1--1
                                                                [system/00000000]  - no transactions found
                                                                [system/00000000] Checkpoint log files:
                                                                [system/00000000]  - existing checkpoint log versions: -1--1
                                                                [system/00000000]  - no checkpoints found
                                                                [system/00000000] 
                                                                [system/00000000] --------------------------------------------------------------------------------
                                                                [system/00000000]                                   [ Id usage ]                                  
                                                                [system/00000000] --------------------------------------------------------------------------------
                                                                [system/00000000] ArrayPropertyStore[neostore.nodestore.db.labels]: used=1 high=0
                                                                [system/00000000] NodeStore[neostore.nodestore.db]: used=0 high=-1
                                                                [system/00000000] StringPropertyStore[neostore.propertystore.db.index.keys]: used=1 high=0
                                                                [system/00000000] PropertyIndexStore[neostore.propertystore.db.index]: used=0 high=-1
                                                                [system/00000000] StringPropertyStore[neostore.propertystore.db.strings]: used=1 high=0
                                                                [system/00000000] ArrayPropertyStore[neostore.propertystore.db.arrays]: used=1 high=0
                                                                [system/00000000] PropertyStore[neostore.propertystore.db]: used=0 high=-1
                                                                [system/00000000] RelationshipStore[neostore.relationshipstore.db]: used=0 high=-1
                                                                [system/00000000] StringPropertyStore[neostore.relationshiptypestore.db.names]: used=1 high=0
                                                                [system/00000000] RelationshipTypeStore[neostore.relationshiptypestore.db]: used=0 high=-1
                                                                [system/00000000] StringPropertyStore[neostore.labeltokenstore.db.names]: used=1 high=0
                                                                [system/00000000] LabelTokenStore[neostore.labeltokenstore.db]: used=0 high=-1
                                                                [system/00000000] SchemaStore[neostore.schemastore.db]: used=1 high=0
                                                                [system/00000000] RelationshipGroupStore[neostore.relationshipgroupstore.db]: used=1 high=0
                                                                [system/00000000] NeoStore[neostore]: used=-1 high=-1
                                                                [system/00000000] 
                                                                [system/00000000] --------------------------------------------------------------------------------
                                                                [system/00000000]                                   [ Metadata ]                                  
                                                                [system/00000000] --------------------------------------------------------------------------------
                                                                [system/00000000] EXTERNAL_STORE_UUID (Database identifier exposed as external store identity. Generated on creation and never updated): 6a3217bc-66a7-4529-a254-975c2d29b57f
                                                                [system/00000000] DATABASE_ID (The last used DatabaseId for this database): null
                                                                [system/00000000] LEGACY_STORE_VERSION (Legacy store format version. This field is used from 5.0 onwards only to distinguish non-migrated pre 5.0 metadata stores.): -3523014627327384477
                                                                [system/00000000] STORE_ID (Store ID): StoreId{creationTime=1788276999542, random=974428032443312329, storageEngineName='record', formatName='aligned', majorVersion=1, minorVersion=1}
                                                                [system/00000000] 
2026-09-01 15:36:39.657+0000 INFO  [o.n.k.a.DatabaseAvailabilityGuard] [system/00000000] Requirement `Database unavailable` makes database system unavailable.
2026-09-01 15:36:39.658+0000 INFO  [o.n.k.a.DatabaseAvailabilityGuard] [system/00000000] DatabaseId{00000000[system]} is unavailable.
2026-09-01 15:36:39.666+0000 WARN  [o.n.k.i.s.MetaDataStore] [system/00000000] Missing counts store, rebuilding it.
2026-09-01 15:36:39.671+0000 WARN  [o.n.k.i.s.MetaDataStore] [system/00000000] Counts store rebuild completed.
2026-09-01 15:36:39.685+0000 INFO  [o.n.k.d.Database] [system/00000000] Starting transaction log [D:\bigmaths\neo4j\data\transactions\system\neostore.transaction.db.0] at version=0
2026-09-01 15:36:39.704+0000 INFO  [o.n.k.d.Database] [system/00000000] Starting transaction log [D:\bigmaths\neo4j\data\transactions\system\checkpoint.0] at version=0
2026-09-01 15:36:39.710+0000 INFO  [o.n.k.i.t.l.f.c.CheckpointLogFile] [system/00000000] Scanning log file with version 0 for checkpoint entries
2026-09-01 15:36:39.719+0000 INFO  [o.n.k.a.DatabaseAvailabilityGuard] [system/00000000] Fulfilling of requirement 'Database unavailable' makes database system available.
2026-09-01 15:36:39.720+0000 INFO  [o.n.k.a.DatabaseAvailabilityGuard] [system/00000000] DatabaseId{00000000[system]} is ready.
2026-09-01 15:36:39.838+0000 INFO  [o.n.k.i.a.i.IndexPopulationJob] [system/00000000] Index population started: [Index( id=1, name='index_343aff4e', type='LOOKUP', schema=(:<any-labels>), indexProvider='token-lookup-1.0' )]
2026-09-01 15:36:39.887+0000 INFO  [o.n.k.i.a.i.IndexPopulationJob] [system/00000000] Index creation finished for index [Index( id=1, name='index_343aff4e', type='LOOKUP', schema=(:<any-labels>), indexProvider='token-lookup-1.0' )].
2026-09-01 15:36:39.901+0000 INFO  [o.n.k.i.a.i.IndexPopulationJob] [system/00000000] Index population started: [Index( id=2, name='index_f7700477', type='LOOKUP', schema=()-[:<any-types>]-(), indexProvider='token-lookup-1.0' )]
2026-09-01 15:36:39.927+0000 INFO  [o.n.k.i.a.i.IndexPopulationJob] [system/00000000] Index creation finished for index [Index( id=2, name='index_f7700477', type='LOOKUP', schema=()-[:<any-types>]-(), indexProvider='token-lookup-1.0' )].
2026-09-01 15:36:39.942+0000 INFO  [o.n.k.i.t.l.c.CheckPointerImpl] [system/00000000] Checkpoint triggered by "Database init completed." @ txId: 3, append index: 3 checkpoint started...
2026-09-01 15:36:40.112+0000 INFO  [o.n.k.i.t.l.c.CheckPointerImpl] [system/00000000] Checkpoint triggered by "Database init completed." @ txId: 3, append index: 3 checkpoint completed in 169ms. Checkpoint flushed 74 pages (0% of total available pages), in 57 IOs. Checkpoint performed with IO limit: unlimited, paused in total 0 times( 0 millis).
2026-09-01 15:36:40.115+0000 INFO  [o.n.k.i.t.l.p.LogPruningImpl] [system/00000000] No log version pruned. The strategy used was '2 days 2147483648 size'. 
2026-09-01 15:36:40.187+0000 INFO  [o.n.k.i.a.i.IndexPopulationJob] [system/00000000] Index population started: [Index( id=3, name='constraint_798238d6', type='RANGE', schema=(:DatabaseName {name, namespace}), indexProvider='range-1.0' )]
2026-09-01 15:36:40.221+0000 INFO  [o.n.k.i.a.i.IndexPopulationJob] [system/00000000] Index creation finished for index [Index( id=3, name='constraint_798238d6', type='RANGE', schema=(:DatabaseName {name, namespace}), indexProvider='range-1.0' )].
2026-09-01 15:36:40.252+0000 INFO  [o.n.k.i.a.i.IndexPopulationJob] [system/00000000] Index population started: [Index( id=4, name='constraint_8014b60a', type='RANGE', schema=(:Database {name}), indexProvider='range-1.0' )]
2026-09-01 15:36:40.277+0000 INFO  [o.n.k.i.a.i.IndexPopulationJob] [system/00000000] Index creation finished for index [Index( id=4, name='constraint_8014b60a', type='RANGE', schema=(:Database {name}), indexProvider='range-1.0' )].
2026-09-01 15:36:40.306+0000 INFO  [o.n.k.i.a.i.IndexingService] [system/00000000] Constraint Index( id=3, name='constraint_798238d6', type='RANGE', schema=(:Label[1] {PropertyKey[11], PropertyKey[12]}), indexProvider='range-1.0' ) is ONLINE.
2026-09-01 15:36:40.306+0000 INFO  [o.n.k.i.a.i.IndexingService] [system/00000000] Constraint Index( id=4, name='constraint_8014b60a', type='RANGE', schema=(:Label[2] {PropertyKey[11]}), indexProvider='range-1.0' ) is ONLINE.
2026-09-01 15:36:40.454+0000 INFO  [o.n.k.i.a.i.IndexPopulationJob] [system/00000000] Index population started: [Index( id=7, name='constraint_5789ae3', type='RANGE', schema=(:User {name}), indexProvider='range-1.0' )]
2026-09-01 15:36:40.482+0000 INFO  [o.n.k.i.a.i.IndexPopulationJob] [system/00000000] Index creation finished for index [Index( id=7, name='constraint_5789ae3', type='RANGE', schema=(:User {name}), indexProvider='range-1.0' )].
2026-09-01 15:36:40.505+0000 INFO  [o.n.k.i.a.i.IndexPopulationJob] [system/00000000] Index population started: [Index( id=8, name='constraint_74fad970', type='RANGE', schema=(:User {id}), indexProvider='range-1.0' )]
2026-09-01 15:36:40.545+0000 INFO  [o.n.k.i.a.i.IndexPopulationJob] [system/00000000] Index creation finished for index [Index( id=8, name='constraint_74fad970', type='RANGE', schema=(:User {id}), indexProvider='range-1.0' )].
2026-09-01 15:36:40.576+0000 INFO  [o.n.k.i.a.i.IndexPopulationJob] [system/00000000] Index population started: [Index( id=9, name='auth-constraint', type='RANGE', schema=(:Auth {provider, id}), indexProvider='range-1.0' )]
2026-09-01 15:36:40.606+0000 INFO  [o.n.k.i.a.i.IndexPopulationJob] [system/00000000] Index creation finished for index [Index( id=9, name='auth-constraint', type='RANGE', schema=(:Auth {provider, id}), indexProvider='range-1.0' )].
2026-09-01 15:36:40.623+0000 INFO  [o.n.k.i.a.i.IndexingService] [system/00000000] Constraint Index( id=7, name='constraint_5789ae3', type='RANGE', schema=(:Label[3] {PropertyKey[11]}), indexProvider='range-1.0' ) is ONLINE.
2026-09-01 15:36:40.623+0000 INFO  [o.n.k.i.a.i.IndexingService] [system/00000000] Constraint Index( id=8, name='constraint_74fad970', type='RANGE', schema=(:Label[3] {PropertyKey[27]}), indexProvider='range-1.0' ) is ONLINE.
2026-09-01 15:36:40.624+0000 INFO  [o.n.k.i.a.i.IndexingService] [system/00000000] Constraint Index( id=9, name='auth-constraint', type='RANGE', schema=(:Label[4] {PropertyKey[28], PropertyKey[27]}), indexProvider='range-1.0' ) is ONLINE.
2026-09-01 15:36:40.625+0000 INFO  [o.n.s.s.s.UserSecurityGraphComponent] Initializing system graph model for component 'security-users' with version -1 and status UNINITIALIZED
2026-09-01 15:36:40.634+0000 INFO  [o.n.s.s.s.UserSecurityGraphComponent] Setting up initial user from `auth.ini` file: neo4j
2026-09-01 15:36:40.635+0000 INFO  [o.n.s.s.a.CommunitySecurityModule] CREATE USER neo4j PASSWORD ****** CHANGE NOT REQUIRED
2026-09-01 15:36:40.654+0000 INFO  [o.n.s.s.s.UserSecurityGraphComponent] Setting version for 'security-users' to 5
2026-09-01 15:36:40.659+0000 INFO  [o.n.s.s.s.UserSecurityGraphComponent] After initialization of system graph model component 'security-users' have version 5 and status CURRENT
2026-09-01 15:36:40.664+0000 INFO  [o.n.s.s.s.UserSecurityGraphComponent] Performing postInitialization step for component 'security-users' with version 5 and status CURRENT
2026-09-01 15:36:40.668+0000 INFO  [o.n.d.d.DatabaseLifecycles] Creating 'DatabaseId{3681fcc7[neo4j]}'.
2026-09-01 15:36:40.671+0000 INFO  [o.n.d.d.DatabaseLifecycles] Starting 'DatabaseId{3681fcc7[neo4j]}'.
2026-09-01 15:36:40.678+0000 INFO  [o.n.k.i.s.f.RecordFormatSelector] [neo4j/3681fcc7] Selected configured format for store D:\bigmaths\neo4j\data\databases\neo4j: RecordFormat:PageAlignedV5_0[aligned-1.1]
2026-09-01 15:36:40.736+0000 INFO  [o.n.i.d.DiagnosticsManager] [neo4j/3681fcc7] 
                                                                [neo4j/3681fcc7] ********************************************************************************
                                                                [neo4j/3681fcc7]                               [ Database: neo4j ]                               
                                                                [neo4j/3681fcc7] ********************************************************************************
                                                                [neo4j/3681fcc7] --------------------------------------------------------------------------------
                                                                [neo4j/3681fcc7]                                   [ Version ]                                   
                                                                [neo4j/3681fcc7] --------------------------------------------------------------------------------
                                                                [neo4j/3681fcc7] DBMS: community record-aligned-1.1
                                                                [neo4j/3681fcc7] Kernel version: 5.26.30
                                                                [neo4j/3681fcc7] 
                                                                [neo4j/3681fcc7] --------------------------------------------------------------------------------
                                                                [neo4j/3681fcc7]                                 [ Store files ]                                 
                                                                [neo4j/3681fcc7] --------------------------------------------------------------------------------
                                                                [neo4j/3681fcc7] Disk space on partition (Total / Free / Free %): 807072165888 / 182921019392 / 22
                                                                [neo4j/3681fcc7] Storage files stored on file store: NTFS
                                                                [neo4j/3681fcc7] Storage files: (filename : modification date - size)
                                                                [neo4j/3681fcc7]   neostore: 2026-09-01 15:36:40.722+0000 - 8.000KiB
                                                                [neo4j/3681fcc7]   neostore.counts.db: 2026-09-01 15:36:40.727+0000 - 0B
                                                                [neo4j/3681fcc7]   neostore.indexstats.db: 2026-09-01 15:36:40.728+0000 - 0B
                                                                [neo4j/3681fcc7]   neostore.labeltokenstore.db: 2026-09-01 15:36:40.714+0000 - 0B
                                                                [neo4j/3681fcc7]   neostore.labeltokenstore.db.id: 2026-09-01 15:36:40.712+0000 - 0B
                                                                [neo4j/3681fcc7]   neostore.labeltokenstore.db.names: 2026-09-01 15:36:40.709+0000 - 8.000KiB
                                                                [neo4j/3681fcc7]   neostore.labeltokenstore.db.names.id: 2026-09-01 15:36:40.709+0000 - 0B
                                                                [neo4j/3681fcc7]   neostore.nodestore.db: 2026-09-01 15:36:40.684+0000 - 0B
                                                                [neo4j/3681fcc7]   neostore.nodestore.db.id: 2026-09-01 15:36:40.684+0000 - 0B
                                                                [neo4j/3681fcc7]   neostore.nodestore.db.labels: 2026-09-01 15:36:40.679+0000 - 8.000KiB
                                                                [neo4j/3681fcc7]   neostore.nodestore.db.labels.id: 2026-09-01 15:36:40.678+0000 - 0B
                                                                [neo4j/3681fcc7]   neostore.propertystore.db: 2026-09-01 15:36:40.702+0000 - 0B
                                                                [neo4j/3681fcc7]   neostore.propertystore.db.arrays: 2026-09-01 15:36:40.698+0000 - 8.000KiB
                                                                [neo4j/3681fcc7]   neostore.propertystore.db.arrays.id: 2026-09-01 15:36:40.696+0000 - 0B
                                                                [neo4j/3681fcc7]   neostore.propertystore.db.id: 2026-09-01 15:36:40.702+0000 - 0B
                                                                [neo4j/3681fcc7]   neostore.propertystore.db.index: 2026-09-01 15:36:40.690+0000 - 0B
                                                                [neo4j/3681fcc7]   neostore.propertystore.db.index.id: 2026-09-01 15:36:40.690+0000 - 0B
                                                                [neo4j/3681fcc7]   neostore.propertystore.db.index.keys: 2026-09-01 15:36:40.686+0000 - 8.000KiB
                                                                [neo4j/3681fcc7]   neostore.propertystore.db.index.keys.id: 2026-09-01 15:36:40.685+0000 - 0B
                                                                [neo4j/3681fcc7]   neostore.propertystore.db.strings: 2026-09-01 15:36:40.691+0000 - 8.000KiB
                                                                [neo4j/3681fcc7]   neostore.propertystore.db.strings.id: 2026-09-01 15:36:40.690+0000 - 0B
                                                                [neo4j/3681fcc7]   neostore.relationshipgroupstore.db: 2026-09-01 15:36:40.719+0000 - 8.000KiB
                                                                [neo4j/3681fcc7]   neostore.relationshipgroupstore.db.id: 2026-09-01 15:36:40.719+0000 - 0B
                                                                [neo4j/3681fcc7]   neostore.relationshipgroupstore.degrees.db: 2026-09-01 15:36:40.727+0000 - 0B
                                                                [neo4j/3681fcc7]   neostore.relationshipstore.db: 2026-09-01 15:36:40.703+0000 - 0B
                                                                [neo4j/3681fcc7]   neostore.relationshipstore.db.id: 2026-09-01 15:36:40.702+0000 - 0B
                                                                [neo4j/3681fcc7]   neostore.relationshiptypestore.db: 2026-09-01 15:36:40.709+0000 - 0B
                                                                [neo4j/3681fcc7]   neostore.relationshiptypestore.db.id: 2026-09-01 15:36:40.708+0000 - 0B
                                                                [neo4j/3681fcc7]   neostore.relationshiptypestore.db.names: 2026-09-01 15:36:40.704+0000 - 8.000KiB
                                                                [neo4j/3681fcc7]   neostore.relationshiptypestore.db.names.id: 2026-09-01 15:36:40.703+0000 - 0B
                                                                [neo4j/3681fcc7]   neostore.schemastore.db: 2026-09-01 15:36:40.714+0000 - 8.000KiB
                                                                [neo4j/3681fcc7]   neostore.schemastore.db.id: 2026-09-01 15:36:40.714+0000 - 0B
                                                                [neo4j/3681fcc7] Storage summary: 
                                                                [neo4j/3681fcc7]   Total size of store: 72.00KiB
                                                                [neo4j/3681fcc7]   Total size of mapped files: 72.00KiB
                                                                [neo4j/3681fcc7] 
                                                                [neo4j/3681fcc7] --------------------------------------------------------------------------------
                                                                [neo4j/3681fcc7]                               [ Transaction log ]                               
                                                                [neo4j/3681fcc7] --------------------------------------------------------------------------------
                                                                [neo4j/3681fcc7] Transaction log files stored on file store: NTFS
                                                                [neo4j/3681fcc7] Transaction log metadata:
                                                                [neo4j/3681fcc7]  - current kernel version used in transactions: V5_25
                                                                [neo4j/3681fcc7]  - last committed transaction id: 1
                                                                [neo4j/3681fcc7] Transaction log files:
                                                                [neo4j/3681fcc7]  - existing transaction log versions: -1--1
                                                                [neo4j/3681fcc7]  - no transactions found
                                                                [neo4j/3681fcc7] Checkpoint log files:
                                                                [neo4j/3681fcc7]  - existing checkpoint log versions: -1--1
                                                                [neo4j/3681fcc7]  - no checkpoints found
                                                                [neo4j/3681fcc7] 
                                                                [neo4j/3681fcc7] --------------------------------------------------------------------------------
                                                                [neo4j/3681fcc7]                                   [ Id usage ]                                  
                                                                [neo4j/3681fcc7] --------------------------------------------------------------------------------
                                                                [neo4j/3681fcc7] ArrayPropertyStore[neostore.nodestore.db.labels]: used=1 high=0
                                                                [neo4j/3681fcc7] NodeStore[neostore.nodestore.db]: used=0 high=-1
                                                                [neo4j/3681fcc7] StringPropertyStore[neostore.propertystore.db.index.keys]: used=1 high=0
                                                                [neo4j/3681fcc7] PropertyIndexStore[neostore.propertystore.db.index]: used=0 high=-1
                                                                [neo4j/3681fcc7] StringPropertyStore[neostore.propertystore.db.strings]: used=1 high=0
                                                                [neo4j/3681fcc7] ArrayPropertyStore[neostore.propertystore.db.arrays]: used=1 high=0
                                                                [neo4j/3681fcc7] PropertyStore[neostore.propertystore.db]: used=0 high=-1
                                                                [neo4j/3681fcc7] RelationshipStore[neostore.relationshipstore.db]: used=0 high=-1
                                                                [neo4j/3681fcc7] StringPropertyStore[neostore.relationshiptypestore.db.names]: used=1 high=0
                                                                [neo4j/3681fcc7] RelationshipTypeStore[neostore.relationshiptypestore.db]: used=0 high=-1
                                                                [neo4j/3681fcc7] StringPropertyStore[neostore.labeltokenstore.db.names]: used=1 high=0
                                                                [neo4j/3681fcc7] LabelTokenStore[neostore.labeltokenstore.db]: used=0 high=-1
                                                                [neo4j/3681fcc7] SchemaStore[neostore.schemastore.db]: used=1 high=0
                                                                [neo4j/3681fcc7] RelationshipGroupStore[neostore.relationshipgroupstore.db]: used=1 high=0
                                                                [neo4j/3681fcc7] NeoStore[neostore]: used=-1 high=-1
                                                                [neo4j/3681fcc7] 
                                                                [neo4j/3681fcc7] --------------------------------------------------------------------------------
                                                                [neo4j/3681fcc7]                                   [ Metadata ]                                  
                                                                [neo4j/3681fcc7] --------------------------------------------------------------------------------
                                                                [neo4j/3681fcc7] EXTERNAL_STORE_UUID (Database identifier exposed as external store identity. Generated on creation and never updated): ca389aac-c311-437a-aa33-d425b26ae14a
                                                                [neo4j/3681fcc7] DATABASE_ID (The last used DatabaseId for this database): null
                                                                [neo4j/3681fcc7] LEGACY_STORE_VERSION (Legacy store format version. This field is used from 5.0 onwards only to distinguish non-migrated pre 5.0 metadata stores.): -3523014627327384477
                                                                [neo4j/3681fcc7] STORE_ID (Store ID): StoreId{creationTime=1788277000722, random=464425553357387614, storageEngineName='record', formatName='aligned', majorVersion=1, minorVersion=1}
                                                                [neo4j/3681fcc7] 
2026-09-01 15:36:40.738+0000 INFO  [o.n.k.a.DatabaseAvailabilityGuard] [neo4j/3681fcc7] Requirement `Database unavailable` makes database neo4j unavailable.
2026-09-01 15:36:40.738+0000 INFO  [o.n.k.a.DatabaseAvailabilityGuard] [neo4j/3681fcc7] DatabaseId{3681fcc7[neo4j]} is unavailable.
2026-09-01 15:36:40.739+0000 WARN  [o.n.k.i.s.MetaDataStore] [neo4j/3681fcc7] Missing counts store, rebuilding it.
2026-09-01 15:36:40.739+0000 WARN  [o.n.k.i.s.MetaDataStore] [neo4j/3681fcc7] Counts store rebuild completed.
2026-09-01 15:36:40.748+0000 INFO  [o.n.k.d.Database] [neo4j/3681fcc7] Starting transaction log [D:\bigmaths\neo4j\data\transactions\neo4j\neostore.transaction.db.0] at version=0
2026-09-01 15:36:40.766+0000 INFO  [o.n.k.d.Database] [neo4j/3681fcc7] Starting transaction log [D:\bigmaths\neo4j\data\transactions\neo4j\checkpoint.0] at version=0
2026-09-01 15:36:40.776+0000 INFO  [o.n.k.i.t.l.f.c.CheckpointLogFile] [neo4j/3681fcc7] Scanning log file with version 0 for checkpoint entries
2026-09-01 15:36:40.778+0000 INFO  [o.n.k.a.DatabaseAvailabilityGuard] [neo4j/3681fcc7] Fulfilling of requirement 'Database unavailable' makes database neo4j available.
2026-09-01 15:36:40.779+0000 INFO  [o.n.k.a.DatabaseAvailabilityGuard] [neo4j/3681fcc7] DatabaseId{3681fcc7[neo4j]} is ready.
2026-09-01 15:36:40.790+0000 INFO  [o.n.k.i.a.i.IndexPopulationJob] [neo4j/3681fcc7] Index population started: [Index( id=1, name='index_343aff4e', type='LOOKUP', schema=(:<any-labels>), indexProvider='token-lookup-1.0' )]
2026-09-01 15:36:40.823+0000 INFO  [o.n.k.i.a.i.IndexPopulationJob] [neo4j/3681fcc7] Index creation finished for index [Index( id=1, name='index_343aff4e', type='LOOKUP', schema=(:<any-labels>), indexProvider='token-lookup-1.0' )].
2026-09-01 15:36:40.834+0000 INFO  [o.n.k.i.a.i.IndexPopulationJob] [neo4j/3681fcc7] Index population started: [Index( id=2, name='index_f7700477', type='LOOKUP', schema=()-[:<any-types>]-(), indexProvider='token-lookup-1.0' )]
2026-09-01 15:36:40.850+0000 INFO  [o.n.k.i.a.i.IndexPopulationJob] [neo4j/3681fcc7] Index creation finished for index [Index( id=2, name='index_f7700477', type='LOOKUP', schema=()-[:<any-types>]-(), indexProvider='token-lookup-1.0' )].
2026-09-01 15:36:40.862+0000 INFO  [o.n.k.i.t.l.c.CheckPointerImpl] [neo4j/3681fcc7] Checkpoint triggered by "Database init completed." @ txId: 3, append index: 3 checkpoint started...
2026-09-01 15:36:41.044+0000 INFO  [o.n.k.i.t.l.c.CheckPointerImpl] [neo4j/3681fcc7] Checkpoint triggered by "Database init completed." @ txId: 3, append index: 3 checkpoint completed in 181ms. Checkpoint flushed 74 pages (0% of total available pages), in 57 IOs. Checkpoint performed with IO limit: unlimited, paused in total 0 times( 0 millis).
2026-09-01 15:36:41.044+0000 INFO  [o.n.k.i.t.l.p.LogPruningImpl] [neo4j/3681fcc7] No log version pruned. The strategy used was '2 days 2147483648 size'. 
2026-09-01 15:36:41.045+0000 INFO  [o.n.u.UserDataCollector] Anonymous Usage Data is being sent to Neo4j, see https://neo4j.com/docs/usage-data/
2026-09-01 15:36:41.075+0000 INFO  [o.n.b.p.c.c.n.SocketNettyConnector] Bolt enabled on 127.0.0.1:7687.
2026-09-01 15:36:41.076+0000 WARN  [i.n.b.ServerBootstrap] Unknown channel option 'SO_REUSEADDR' for channel '[id: 0x74333b47]' of type 'class io.netty.channel.local.LocalServerChannel'
2026-09-01 15:36:41.079+0000 INFO  [o.n.b.BoltServer] Bolt server started
2026-09-01 15:36:41.079+0000 INFO  [o.n.s.A.ServerComponentsLifecycleAdapter] Starting web server
2026-09-01 15:36:43.124+0000 INFO  [o.n.s.CommunityNeoWebServer] HTTP enabled on 127.0.0.1:7474.
2026-09-01 15:36:43.126+0000 INFO  [o.n.s.CommunityNeoWebServer] Remote interface available at http://localhost:7474/
2026-09-01 15:36:43.126+0000 INFO  [o.n.s.A.ServerComponentsLifecycleAdapter] Web server started.
2026-09-01 15:36:43.127+0000 INFO  [o.n.g.f.DatabaseManagementServiceFactory] id: 32EDBFDCC648FCE3529EDFE5CC7B0995964120C6F88C2DE2EBC51FCFB04A5AB6
2026-09-01 15:36:43.127+0000 INFO  [o.n.g.f.DatabaseManagementServiceFactory] name: system
2026-09-01 15:36:43.127+0000 INFO  [o.n.g.f.DatabaseManagementServiceFactory] creationDate: 2026-09-01T15:36:39.542Z
2026-09-01 15:51:40.455+0000 INFO  [o.n.k.i.t.l.c.CheckPointerImpl] [system/00000000] Checkpoint triggered by "Scheduled checkpoint for every 15 minutes threshold" @ txId: 41, append index: 41 checkpoint started...
2026-09-01 15:51:40.688+0000 INFO  [o.n.k.i.t.l.c.CheckPointerImpl] [system/00000000] Checkpoint triggered by "Scheduled checkpoint for every 15 minutes threshold" @ txId: 41, append index: 41 checkpoint completed in 232ms. Checkpoint flushed 73 pages (0% of total available pages), in 73 IOs. Checkpoint performed with IO limit: unlimited, paused in total 0 times( 0 millis).
2026-09-01 15:51:40.688+0000 INFO  [o.n.k.i.t.l.p.LogPruningImpl] [system/00000000] No log version pruned. The strategy used was '2 days 2147483648 size'. 
2026-09-01 16:26:53.647+0000 INFO  [o.n.k.i.a.i.IndexPopulationJob] [neo4j/3681fcc7] Index population started: [Index( id=3, name='actor_id', type='RANGE', schema=(:Actor {id}), indexProvider='range-1.0' )]
2026-09-01 16:26:53.673+0000 INFO  [o.n.k.i.a.i.IndexPopulationJob] [neo4j/3681fcc7] Index creation finished for index [Index( id=3, name='actor_id', type='RANGE', schema=(:Actor {id}), indexProvider='range-1.0' )].
2026-09-01 16:26:53.701+0000 INFO  [o.n.k.i.a.i.IndexingService] [neo4j/3681fcc7] Constraint Index( id=3, name='actor_id', type='RANGE', schema=(:Label[0] {PropertyKey[10]}), indexProvider='range-1.0' ) is ONLINE.
2026-09-01 16:26:53.726+0000 INFO  [o.n.k.i.a.i.IndexPopulationJob] [neo4j/3681fcc7] Index population started: [Index( id=5, name='movie_id', type='RANGE', schema=(:Movie {id}), indexProvider='range-1.0' )]
2026-09-01 16:26:53.750+0000 INFO  [o.n.k.i.a.i.IndexPopulationJob] [neo4j/3681fcc7] Index creation finished for index [Index( id=5, name='movie_id', type='RANGE', schema=(:Movie {id}), indexProvider='range-1.0' )].
2026-09-01 16:26:53.771+0000 INFO  [o.n.k.i.a.i.IndexingService] [neo4j/3681fcc7] Constraint Index( id=5, name='movie_id', type='RANGE', schema=(:Label[1] {PropertyKey[10]}), indexProvider='range-1.0' ) is ONLINE.
2026-09-01 16:26:53.800+0000 INFO  [o.n.k.i.a.i.IndexPopulationJob] [neo4j/3681fcc7] Index population started: [Index( id=7, name='actor_name', type='RANGE', schema=(:Actor {name}), indexProvider='range-1.0' )]
2026-09-01 16:26:53.827+0000 INFO  [o.n.k.i.a.i.IndexPopulationJob] [neo4j/3681fcc7] Index creation finished for index [Index( id=7, name='actor_name', type='RANGE', schema=(:Actor {name}), indexProvider='range-1.0' )].
2026-09-01 16:26:53.858+0000 INFO  [o.n.k.i.a.i.IndexPopulationJob] [neo4j/3681fcc7] Index population started: [Index( id=8, name='actor_community', type='RANGE', schema=(:Actor {community}), indexProvider='range-1.0' )]
2026-09-01 16:26:53.892+0000 INFO  [o.n.k.i.a.i.IndexPopulationJob] [neo4j/3681fcc7] Index creation finished for index [Index( id=8, name='actor_community', type='RANGE', schema=(:Actor {community}), indexProvider='range-1.0' )].
2026-09-01 16:27:03.120+0000 INFO  [o.n.k.i.t.l.c.CheckPointerImpl] [neo4j/3681fcc7] Checkpoint triggered by "Scheduled checkpoint for every 15 minutes threshold" @ txId: 62, append index: 62 checkpoint started...
2026-09-01 16:27:03.377+0000 INFO  [o.n.k.i.t.l.c.CheckPointerImpl] [neo4j/3681fcc7] Checkpoint triggered by "Scheduled checkpoint for every 15 minutes threshold" @ txId: 62, append index: 62 checkpoint completed in 256ms. Checkpoint flushed 1859 pages (1% of total available pages), in 326 IOs. Checkpoint performed with IO limit: unlimited, paused in total 0 times( 0 millis).
2026-09-01 16:27:03.377+0000 INFO  [o.n.k.i.t.l.p.LogPruningImpl] [neo4j/3681fcc7] No log version pruned. The strategy used was '2 days 2147483648 size'. 
2026-09-01 16:30:07.106+0000 INFO  [o.n.c.i.c.CypherQueryCaches] [neo4j/3681fcc7] Discarded stale query from the query cache after 193 seconds. Reason: NodesAllCardinality changed from 10.0 to 24811.0, which is a divergence of 0.999596952964411 which is greater than threshold 0.7161775961224627. Query id: 49.
2026-09-01 16:30:09.511+0000 INFO  [o.n.c.i.c.CypherQueryCaches] [neo4j/3681fcc7] Discarded stale query from the query cache after 194 seconds. Reason: IndexSelectivity(IndexDescriptor(Range,Node(LabelId(0)),List(PropertyKeyId(10)),Set(),NONE,DoNotGetValue,None,false)) changed from 0.0 to 4.4820940343328406E-5, which is a divergence of 1.0 which is greater than threshold 0.7158408775434304. Query id: 50.
2026-09-01 16:30:10.678+0000 INFO  [o.n.c.i.c.CypherQueryCaches] [neo4j/3681fcc7] Discarded stale query from the query cache after 194 seconds. Reason: IndexSelectivity(IndexDescriptor(Range,Node(LabelId(1)),List(PropertyKeyId(10)),Set(),NONE,DoNotGetValue,None,false)) changed from 0.0 to 4.0E-4, which is a divergence of 1.0 which is greater than threshold 0.7159685428604805. Query id: 55.
2026-09-01 16:30:10.885+0000 INFO  [o.n.c.i.c.CypherQueryCaches] [neo4j/3681fcc7] Discarded stale query from the query cache after 193 seconds. Reason: IndexPropertyExistsSelectivity(IndexDescriptor(Range,Node(LabelId(1)),List(PropertyKeyId(10)),Set(),NONE,DoNotGetValue,None,false)) changed from 0.0 to 1.0, which is a divergence of 1.0 which is greater than threshold 0.7160558540621885. Query id: 56.
2026-09-01 16:30:11.846+0000 INFO  [o.n.c.i.c.CypherQueryCaches] [neo4j/3681fcc7] Discarded stale query from the query cache after 192 seconds. Reason: IndexSelectivity(IndexDescriptor(Range,Node(LabelId(0)),List(PropertyKeyId(10)),Set(),NONE,DoNotGetValue,None,false)) changed from 0.0 to 4.481692287007574E-5, which is a divergence of 1.0 which is greater than threshold 0.7162051261521832. Query id: 61.
2026-09-01 16:42:04.107+0000 INFO  [o.n.k.i.t.l.c.CheckPointerImpl] [neo4j/3681fcc7] Checkpoint triggered by "Scheduled checkpoint for every 15 minutes threshold" @ txId: 97, append index: 97 checkpoint started...
2026-09-01 16:42:04.334+0000 INFO  [o.n.k.i.t.l.c.CheckPointerImpl] [neo4j/3681fcc7] Checkpoint triggered by "Scheduled checkpoint for every 15 minutes threshold" @ txId: 97, append index: 97 checkpoint completed in 226ms. Checkpoint flushed 2390 pages (1% of total available pages), in 519 IOs. Checkpoint performed with IO limit: unlimited, paused in total 0 times( 0 millis).
2026-09-01 16:42:04.334+0000 INFO  [o.n.k.i.t.l.p.LogPruningImpl] [neo4j/3681fcc7] No log version pruned. The strategy used was '2 days 2147483648 size'. 
2026-09-01 17:10:36.592+0000 ERROR [o.n.b.p.c.h.HouseKeeperHandler] Fatal error occurred when handling a client connection: [id: 0xd2197974, L:/127.0.0.1:7687 - R:/127.0.0.1:56364]
java.net.SocketException: Connection reset
	at java.base/sun.nio.ch.SocketChannelImpl.throwConnectionReset(Unknown Source)
	at java.base/sun.nio.ch.SocketChannelImpl.read(Unknown Source)
	at io.netty.buffer.PooledByteBuf.setBytes(PooledByteBuf.java:255)
	at io.netty.buffer.AbstractByteBuf.writeBytes(AbstractByteBuf.java:1132)
	at io.netty.channel.socket.nio.NioSocketChannel.doReadBytes(NioSocketChannel.java:356)
	at io.netty.channel.nio.AbstractNioByteChannel$NioByteUnsafe.read(AbstractNioByteChannel.java:156)
	at io.netty.channel.nio.NioEventLoop.processSelectedKey(NioEventLoop.java:796)
	at io.netty.channel.nio.NioEventLoop.processSelectedKeysOptimized(NioEventLoop.java:732)
	at io.netty.channel.nio.NioEventLoop.processSelectedKeys(NioEventLoop.java:658)
	at io.netty.channel.nio.NioEventLoop.run(NioEventLoop.java:562)
	at io.netty.util.concurrent.SingleThreadEventExecutor$4.run(SingleThreadEventExecutor.java:1007)
	at io.netty.util.internal.ThreadExecutorMap$2.run(ThreadExecutorMap.java:74)
	at io.netty.util.concurrent.FastThreadLocalRunnable.run(FastThreadLocalRunnable.java:30)
	at java.base/java.lang.Thread.run(Unknown Source)
2026-09-01 17:11:09.281+0000 ERROR [o.n.b.p.c.h.HouseKeeperHandler] Fatal error occurred when handling a client connection: [id: 0x27170f94, L:/127.0.0.1:7687 - R:/127.0.0.1:56540]
java.net.SocketException: Connection reset
	at java.base/sun.nio.ch.SocketChannelImpl.throwConnectionReset(Unknown Source)
	at java.base/sun.nio.ch.SocketChannelImpl.read(Unknown Source)
	at io.netty.buffer.PooledByteBuf.setBytes(PooledByteBuf.java:255)
	at io.netty.buffer.AbstractByteBuf.writeBytes(AbstractByteBuf.java:1132)
	at io.netty.channel.socket.nio.NioSocketChannel.doReadBytes(NioSocketChannel.java:356)
	at io.netty.channel.nio.AbstractNioByteChannel$NioByteUnsafe.read(AbstractNioByteChannel.java:156)
	at io.netty.channel.nio.NioEventLoop.processSelectedKey(NioEventLoop.java:796)
	at io.netty.channel.nio.NioEventLoop.processSelectedKeysOptimized(NioEventLoop.java:732)
	at io.netty.channel.nio.NioEventLoop.processSelectedKeys(NioEventLoop.java:658)
	at io.netty.channel.nio.NioEventLoop.run(NioEventLoop.java:562)
	at io.netty.util.concurrent.SingleThreadEventExecutor$4.run(SingleThreadEventExecutor.java:1007)
	at io.netty.util.internal.ThreadExecutorMap$2.run(ThreadExecutorMap.java:74)
	at io.netty.util.concurrent.FastThreadLocalRunnable.run(FastThreadLocalRunnable.java:30)
	at java.base/java.lang.Thread.run(Unknown Source)
2026-09-01 17:13:19.439+0000 ERROR [o.n.b.p.c.h.HouseKeeperHandler] Fatal error occurred when handling a client connection: [id: 0xd729ebbc, L:/127.0.0.1:7687 - R:/127.0.0.1:56694]
java.net.SocketException: Connection reset
	at java.base/sun.nio.ch.SocketChannelImpl.throwConnectionReset(Unknown Source)
	at java.base/sun.nio.ch.SocketChannelImpl.read(Unknown Source)
	at io.netty.buffer.PooledByteBuf.setBytes(PooledByteBuf.java:255)
	at io.netty.buffer.AbstractByteBuf.writeBytes(AbstractByteBuf.java:1132)
	at io.netty.channel.socket.nio.NioSocketChannel.doReadBytes(NioSocketChannel.java:356)
	at io.netty.channel.nio.AbstractNioByteChannel$NioByteUnsafe.read(AbstractNioByteChannel.java:156)
	at io.netty.channel.nio.NioEventLoop.processSelectedKey(NioEventLoop.java:796)
	at io.netty.channel.nio.NioEventLoop.processSelectedKeysOptimized(NioEventLoop.java:732)
	at io.netty.channel.nio.NioEventLoop.processSelectedKeys(NioEventLoop.java:658)
	at io.netty.channel.nio.NioEventLoop.run(NioEventLoop.java:562)
	at io.netty.util.concurrent.SingleThreadEventExecutor$4.run(SingleThreadEventExecutor.java:1007)
	at io.netty.util.internal.ThreadExecutorMap$2.run(ThreadExecutorMap.java:74)
	at io.netty.util.concurrent.FastThreadLocalRunnable.run(FastThreadLocalRunnable.java:30)
	at java.base/java.lang.Thread.run(Unknown Source)
2026-09-01 17:15:56.979+0000 ERROR [o.n.b.p.c.h.HouseKeeperHandler] Fatal error occurred when handling a client connection: [id: 0x881ba719, L:/127.0.0.1:7687 - R:/127.0.0.1:56280]
java.net.SocketException: Connection reset
	at java.base/sun.nio.ch.SocketChannelImpl.throwConnectionReset(Unknown Source)
	at java.base/sun.nio.ch.SocketChannelImpl.read(Unknown Source)
	at io.netty.buffer.PooledByteBuf.setBytes(PooledByteBuf.java:255)
	at io.netty.buffer.AbstractByteBuf.writeBytes(AbstractByteBuf.java:1132)
	at io.netty.channel.socket.nio.NioSocketChannel.doReadBytes(NioSocketChannel.java:356)
	at io.netty.channel.nio.AbstractNioByteChannel$NioByteUnsafe.read(AbstractNioByteChannel.java:156)
	at io.netty.channel.nio.NioEventLoop.processSelectedKey(NioEventLoop.java:796)
	at io.netty.channel.nio.NioEventLoop.processSelectedKeysOptimized(NioEventLoop.java:732)
	at io.netty.channel.nio.NioEventLoop.processSelectedKeys(NioEventLoop.java:658)
	at io.netty.channel.nio.NioEventLoop.run(NioEventLoop.java:562)
	at io.netty.util.concurrent.SingleThreadEventExecutor$4.run(SingleThreadEventExecutor.java:1007)
	at io.netty.util.internal.ThreadExecutorMap$2.run(ThreadExecutorMap.java:74)
	at io.netty.util.concurrent.FastThreadLocalRunnable.run(FastThreadLocalRunnable.java:30)
	at java.base/java.lang.Thread.run(Unknown Source)
2026-09-01 17:16:34.195+0000 ERROR [o.n.b.p.c.h.HouseKeeperHandler] Fatal error occurred when handling a client connection: [id: 0x38284b91, L:/127.0.0.1:7687 - R:/127.0.0.1:63386]
java.net.SocketException: Connection reset
	at java.base/sun.nio.ch.SocketChannelImpl.throwConnectionReset(Unknown Source)
	at java.base/sun.nio.ch.SocketChannelImpl.read(Unknown Source)
	at io.netty.buffer.PooledByteBuf.setBytes(PooledByteBuf.java:255)
	at io.netty.buffer.AbstractByteBuf.writeBytes(AbstractByteBuf.java:1132)
	at io.netty.channel.socket.nio.NioSocketChannel.doReadBytes(NioSocketChannel.java:356)
	at io.netty.channel.nio.AbstractNioByteChannel$NioByteUnsafe.read(AbstractNioByteChannel.java:156)
	at io.netty.channel.nio.NioEventLoop.processSelectedKey(NioEventLoop.java:796)
	at io.netty.channel.nio.NioEventLoop.processSelectedKeysOptimized(NioEventLoop.java:732)
	at io.netty.channel.nio.NioEventLoop.processSelectedKeys(NioEventLoop.java:658)
	at io.netty.channel.nio.NioEventLoop.run(NioEventLoop.java:562)
	at io.netty.util.concurrent.SingleThreadEventExecutor$4.run(SingleThreadEventExecutor.java:1007)
	at io.netty.util.internal.ThreadExecutorMap$2.run(ThreadExecutorMap.java:74)
	at io.netty.util.concurrent.FastThreadLocalRunnable.run(FastThreadLocalRunnable.java:30)
	at java.base/java.lang.Thread.run(Unknown Source)
2026-09-01 17:20:39.860+0000 ERROR [o.n.b.p.c.h.HouseKeeperHandler] Fatal error occurred when handling a client connection: [id: 0x2f23e8b5, L:/127.0.0.1:7687 - R:/127.0.0.1:58246]
java.net.SocketException: Connection reset
	at java.base/sun.nio.ch.SocketChannelImpl.throwConnectionReset(Unknown Source)
	at java.base/sun.nio.ch.SocketChannelImpl.read(Unknown Source)
	at io.netty.buffer.PooledByteBuf.setBytes(PooledByteBuf.java:255)
	at io.netty.buffer.AbstractByteBuf.writeBytes(AbstractByteBuf.java:1132)
	at io.netty.channel.socket.nio.NioSocketChannel.doReadBytes(NioSocketChannel.java:356)
	at io.netty.channel.nio.AbstractNioByteChannel$NioByteUnsafe.read(AbstractNioByteChannel.java:156)
	at io.netty.channel.nio.NioEventLoop.processSelectedKey(NioEventLoop.java:796)
	at io.netty.channel.nio.NioEventLoop.processSelectedKeysOptimized(NioEventLoop.java:732)
	at io.netty.channel.nio.NioEventLoop.processSelectedKeys(NioEventLoop.java:658)
	at io.netty.channel.nio.NioEventLoop.run(NioEventLoop.java:562)
	at io.netty.util.concurrent.SingleThreadEventExecutor$4.run(SingleThreadEventExecutor.java:1007)
	at io.netty.util.internal.ThreadExecutorMap$2.run(ThreadExecutorMap.java:74)
	at io.netty.util.concurrent.FastThreadLocalRunnable.run(FastThreadLocalRunnable.java:30)
	at java.base/java.lang.Thread.run(Unknown Source)
2026-09-01 18:05:58.039+0000 ERROR [o.n.b.p.c.h.HouseKeeperHandler] Fatal error occurred when handling a client connection: [id: 0x52de3de6, L:/127.0.0.1:7687 - R:/127.0.0.1:60337]
java.net.SocketException: Connection reset
	at java.base/sun.nio.ch.SocketChannelImpl.throwConnectionReset(Unknown Source)
	at java.base/sun.nio.ch.SocketChannelImpl.read(Unknown Source)
	at io.netty.buffer.PooledByteBuf.setBytes(PooledByteBuf.java:255)
	at io.netty.buffer.AbstractByteBuf.writeBytes(AbstractByteBuf.java:1132)
	at io.netty.channel.socket.nio.NioSocketChannel.doReadBytes(NioSocketChannel.java:356)
	at io.netty.channel.nio.AbstractNioByteChannel$NioByteUnsafe.read(AbstractNioByteChannel.java:156)
	at io.netty.channel.nio.NioEventLoop.processSelectedKey(NioEventLoop.java:796)
	at io.netty.channel.nio.NioEventLoop.processSelectedKeysOptimized(NioEventLoop.java:732)
	at io.netty.channel.nio.NioEventLoop.processSelectedKeys(NioEventLoop.java:658)
	at io.netty.channel.nio.NioEventLoop.run(NioEventLoop.java:562)
	at io.netty.util.concurrent.SingleThreadEventExecutor$4.run(SingleThreadEventExecutor.java:1007)
	at io.netty.util.internal.ThreadExecutorMap$2.run(ThreadExecutorMap.java:74)
	at io.netty.util.concurrent.FastThreadLocalRunnable.run(FastThreadLocalRunnable.java:30)
	at java.base/java.lang.Thread.run(Unknown Source)
2026-09-01 18:05:58.039+0000 ERROR [o.n.b.p.c.h.HouseKeeperHandler] Fatal error occurred when handling a client connection: [id: 0x67248bbb, L:/127.0.0.1:7687 - R:/127.0.0.1:60338]
java.net.SocketException: Connection reset
	at java.base/sun.nio.ch.SocketChannelImpl.throwConnectionReset(Unknown Source)
	at java.base/sun.nio.ch.SocketChannelImpl.read(Unknown Source)
	at io.netty.buffer.PooledByteBuf.setBytes(PooledByteBuf.java:255)
	at io.netty.buffer.AbstractByteBuf.writeBytes(AbstractByteBuf.java:1132)
	at io.netty.channel.socket.nio.NioSocketChannel.doReadBytes(NioSocketChannel.java:356)
	at io.netty.channel.nio.AbstractNioByteChannel$NioByteUnsafe.read(AbstractNioByteChannel.java:156)
	at io.netty.channel.nio.NioEventLoop.processSelectedKey(NioEventLoop.java:796)
	at io.netty.channel.nio.NioEventLoop.processSelectedKeysOptimized(NioEventLoop.java:732)
	at io.netty.channel.nio.NioEventLoop.processSelectedKeys(NioEventLoop.java:658)
	at io.netty.channel.nio.NioEventLoop.run(NioEventLoop.java:562)
	at io.netty.util.concurrent.SingleThreadEventExecutor$4.run(SingleThreadEventExecutor.java:1007)
	at io.netty.util.internal.ThreadExecutorMap$2.run(ThreadExecutorMap.java:74)
	at io.netty.util.concurrent.FastThreadLocalRunnable.run(FastThreadLocalRunnable.java:30)
	at java.base/java.lang.Thread.run(Unknown Source)
2026-09-01 18:05:58.041+0000 ERROR [o.n.b.p.c.h.HouseKeeperHandler] Fatal error occurred when handling a client connection: [id: 0xe2529e29, L:/127.0.0.1:7687 - R:/127.0.0.1:60339]
java.net.SocketException: Connection reset
	at java.base/sun.nio.ch.SocketChannelImpl.throwConnectionReset(Unknown Source)
	at java.base/sun.nio.ch.SocketChannelImpl.read(Unknown Source)
	at io.netty.buffer.PooledByteBuf.setBytes(PooledByteBuf.java:255)
	at io.netty.buffer.AbstractByteBuf.writeBytes(AbstractByteBuf.java:1132)
	at io.netty.channel.socket.nio.NioSocketChannel.doReadBytes(NioSocketChannel.java:356)
	at io.netty.channel.nio.AbstractNioByteChannel$NioByteUnsafe.read(AbstractNioByteChannel.java:156)
	at io.netty.channel.nio.NioEventLoop.processSelectedKey(NioEventLoop.java:796)
	at io.netty.channel.nio.NioEventLoop.processSelectedKeysOptimized(NioEventLoop.java:732)
	at io.netty.channel.nio.NioEventLoop.processSelectedKeys(NioEventLoop.java:658)
	at io.netty.channel.nio.NioEventLoop.run(NioEventLoop.java:562)
	at io.netty.util.concurrent.SingleThreadEventExecutor$4.run(SingleThreadEventExecutor.java:1007)
	at io.netty.util.internal.ThreadExecutorMap$2.run(ThreadExecutorMap.java:74)
	at io.netty.util.concurrent.FastThreadLocalRunnable.run(FastThreadLocalRunnable.java:30)
	at java.base/java.lang.Thread.run(Unknown Source)
2026-09-01 18:05:58.039+0000 ERROR [o.n.b.p.c.h.HouseKeeperHandler] Fatal error occurred when handling a client connection: [id: 0xd4bb193b, L:/127.0.0.1:7687 - R:/127.0.0.1:49538]
java.net.SocketException: Connection reset
	at java.base/sun.nio.ch.SocketChannelImpl.throwConnectionReset(Unknown Source)
	at java.base/sun.nio.ch.SocketChannelImpl.read(Unknown Source)
	at io.netty.buffer.PooledByteBuf.setBytes(PooledByteBuf.java:255)
	at io.netty.buffer.AbstractByteBuf.writeBytes(AbstractByteBuf.java:1132)
	at io.netty.channel.socket.nio.NioSocketChannel.doReadBytes(NioSocketChannel.java:356)
	at io.netty.channel.nio.AbstractNioByteChannel$NioByteUnsafe.read(AbstractNioByteChannel.java:156)
	at io.netty.channel.nio.NioEventLoop.processSelectedKey(NioEventLoop.java:796)
	at io.netty.channel.nio.NioEventLoop.processSelectedKeysOptimized(NioEventLoop.java:732)
	at io.netty.channel.nio.NioEventLoop.processSelectedKeys(NioEventLoop.java:658)
	at io.netty.channel.nio.NioEventLoop.run(NioEventLoop.java:562)
	at io.netty.util.concurrent.SingleThreadEventExecutor$4.run(SingleThreadEventExecutor.java:1007)
	at io.netty.util.internal.ThreadExecutorMap$2.run(ThreadExecutorMap.java:74)
	at io.netty.util.concurrent.FastThreadLocalRunnable.run(FastThreadLocalRunnable.java:30)
	at java.base/java.lang.Thread.run(Unknown Source)
2026-09-01 18:05:58.039+0000 ERROR [o.n.b.p.c.h.HouseKeeperHandler] Fatal error occurred when handling a client connection: [id: 0xf257e902, L:/127.0.0.1:7687 - R:/127.0.0.1:63129]
java.net.SocketException: Connection reset
	at java.base/sun.nio.ch.SocketChannelImpl.throwConnectionReset(Unknown Source)
	at java.base/sun.nio.ch.SocketChannelImpl.read(Unknown Source)
	at io.netty.buffer.PooledByteBuf.setBytes(PooledByteBuf.java:255)
	at io.netty.buffer.AbstractByteBuf.writeBytes(AbstractByteBuf.java:1132)
	at io.netty.channel.socket.nio.NioSocketChannel.doReadBytes(NioSocketChannel.java:356)
	at io.netty.channel.nio.AbstractNioByteChannel$NioByteUnsafe.read(AbstractNioByteChannel.java:156)
	at io.netty.channel.nio.NioEventLoop.processSelectedKey(NioEventLoop.java:796)
	at io.netty.channel.nio.NioEventLoop.processSelectedKeysOptimized(NioEventLoop.java:732)
	at io.netty.channel.nio.NioEventLoop.processSelectedKeys(NioEventLoop.java:658)
	at io.netty.channel.nio.NioEventLoop.run(NioEventLoop.java:562)
	at io.netty.util.concurrent.SingleThreadEventExecutor$4.run(SingleThreadEventExecutor.java:1007)
	at io.netty.util.internal.ThreadExecutorMap$2.run(ThreadExecutorMap.java:74)
	at io.netty.util.concurrent.FastThreadLocalRunnable.run(FastThreadLocalRunnable.java:30)
	at java.base/java.lang.Thread.run(Unknown Source)
2026-09-01 18:24:59.168+0000 INFO  [o.n.k.i.t.l.c.CheckPointerImpl] [neo4j/3681fcc7] Checkpoint triggered by "Scheduled checkpoint for every 15 minutes threshold" @ txId: 102, append index: 102 checkpoint started...
2026-09-01 18:24:59.316+0000 INFO  [o.n.k.i.t.l.c.CheckPointerImpl] [neo4j/3681fcc7] Checkpoint triggered by "Scheduled checkpoint for every 15 minutes threshold" @ txId: 102, append index: 102 checkpoint completed in 148ms. Checkpoint flushed 423 pages (0% of total available pages), in 58 IOs. Checkpoint performed with IO limit: unlimited, paused in total 0 times( 0 millis).
2026-09-01 18:24:59.317+0000 INFO  [o.n.k.i.t.l.p.LogPruningImpl] [neo4j/3681fcc7] No log version pruned. The strategy used was '2 days 2147483648 size'. 
2026-09-01 18:27:42.591+0000 INFO  [o.n.c.i.c.CypherQueryCaches] [neo4j/3681fcc7] Discarded stale query from the query cache after 4611 seconds. Reason: IndexPropertyExistsSelectivity(IndexDescriptor(Range,Node(LabelId(0)),List(PropertyKeyId(16)),Set(),NONE,DoNotGetValue,None,false)) changed from 0.0 to 1.0, which is a divergence of 1.0 which is greater than threshold 0.3428766066901964. Query id: 146.
2026-09-01 18:27:52.981+0000 INFO  [o.n.c.i.c.CypherQueryCaches] [neo4j/3681fcc7] Discarded stale query from the query cache after 2461 seconds. Reason: IndexSelectivity(IndexDescriptor(Range,Node(LabelId(0)),List(PropertyKeyId(16)),Set(),NONE,DoNotGetValue,None,false)) changed from 0.0 to 7.072135785007071E-4, which is a divergence of 1.0 which is greater than threshold 0.4593964147529313. Query id: 148.
2026-09-01 18:28:38.293+0000 ERROR [o.n.b.p.c.h.HouseKeeperHandler] Fatal error occurred when handling a client connection: [id: 0xe9414187, L:/127.0.0.1:7687 - R:/127.0.0.1:64321]
java.net.SocketException: Connection reset
	at java.base/sun.nio.ch.SocketChannelImpl.throwConnectionReset(Unknown Source)
	at java.base/sun.nio.ch.SocketChannelImpl.read(Unknown Source)
	at io.netty.buffer.PooledByteBuf.setBytes(PooledByteBuf.java:255)
	at io.netty.buffer.AbstractByteBuf.writeBytes(AbstractByteBuf.java:1132)
	at io.netty.channel.socket.nio.NioSocketChannel.doReadBytes(NioSocketChannel.java:356)
	at io.netty.channel.nio.AbstractNioByteChannel$NioByteUnsafe.read(AbstractNioByteChannel.java:156)
	at io.netty.channel.nio.NioEventLoop.processSelectedKey(NioEventLoop.java:796)
	at io.netty.channel.nio.NioEventLoop.processSelectedKeysOptimized(NioEventLoop.java:732)
	at io.netty.channel.nio.NioEventLoop.processSelectedKeys(NioEventLoop.java:658)
	at io.netty.channel.nio.NioEventLoop.run(NioEventLoop.java:562)
	at io.netty.util.concurrent.SingleThreadEventExecutor$4.run(SingleThreadEventExecutor.java:1007)
	at io.netty.util.internal.ThreadExecutorMap$2.run(ThreadExecutorMap.java:74)
	at io.netty.util.concurrent.FastThreadLocalRunnable.run(FastThreadLocalRunnable.java:30)
	at java.base/java.lang.Thread.run(Unknown Source)
2026-09-01 18:28:38.292+0000 ERROR [o.n.b.p.c.h.HouseKeeperHandler] Fatal error occurred when handling a client connection: [id: 0x228d033b, L:/127.0.0.1:7687 - R:/127.0.0.1:60481]
java.net.SocketException: Connection reset
	at java.base/sun.nio.ch.SocketChannelImpl.throwConnectionReset(Unknown Source)
	at java.base/sun.nio.ch.SocketChannelImpl.read(Unknown Source)
	at io.netty.buffer.PooledByteBuf.setBytes(PooledByteBuf.java:255)
	at io.netty.buffer.AbstractByteBuf.writeBytes(AbstractByteBuf.java:1132)
	at io.netty.channel.socket.nio.NioSocketChannel.doReadBytes(NioSocketChannel.java:356)
	at io.netty.channel.nio.AbstractNioByteChannel$NioByteUnsafe.read(AbstractNioByteChannel.java:156)
	at io.netty.channel.nio.NioEventLoop.processSelectedKey(NioEventLoop.java:796)
	at io.netty.channel.nio.NioEventLoop.processSelectedKeysOptimized(NioEventLoop.java:732)
	at io.netty.channel.nio.NioEventLoop.processSelectedKeys(NioEventLoop.java:658)
	at io.netty.channel.nio.NioEventLoop.run(NioEventLoop.java:562)
	at io.netty.util.concurrent.SingleThreadEventExecutor$4.run(SingleThreadEventExecutor.java:1007)
	at io.netty.util.internal.ThreadExecutorMap$2.run(ThreadExecutorMap.java:74)
	at io.netty.util.concurrent.FastThreadLocalRunnable.run(FastThreadLocalRunnable.java:30)
	at java.base/java.lang.Thread.run(Unknown Source)
2026-09-01 18:40:00.079+0000 INFO  [o.n.k.i.t.l.c.CheckPointerImpl] [neo4j/3681fcc7] Checkpoint triggered by "Scheduled checkpoint for every 15 minutes threshold" @ txId: 105, append index: 105 checkpoint started...
2026-09-01 18:40:00.201+0000 INFO  [o.n.k.i.t.l.c.CheckPointerImpl] [neo4j/3681fcc7] Checkpoint triggered by "Scheduled checkpoint for every 15 minutes threshold" @ txId: 105, append index: 105 checkpoint completed in 122ms. Checkpoint flushed 447 pages (0% of total available pages), in 58 IOs. Checkpoint performed with IO limit: unlimited, paused in total 0 times( 0 millis).
2026-09-01 18:40:00.202+0000 INFO  [o.n.k.i.t.l.p.LogPruningImpl] [neo4j/3681fcc7] No log version pruned. The strategy used was '2 days 2147483648 size'. 
2026-09-02 02:34:57.509+0000 WARN  [o.n.k.i.c.VmPauseMonitorComponent] Detected VM stop-the-world pause: {pauseTime=229, gcTime=0, gcCount=0}
2026-09-02 14:12:18.592+0000 WARN  [o.n.k.i.c.VmPauseMonitorComponent] Detected VM stop-the-world pause: {pauseTime=94736, gcTime=0, gcCount=0}
2026-09-04 10:50:33.503+0000 WARN  [o.n.k.i.c.VmPauseMonitorComponent] Detected VM stop-the-world pause: {pauseTime=74224915, gcTime=0, gcCount=0}
2026-09-04 13:54:18.366+0000 INFO  [o.n.k.i.a.i.IndexPopulationJob] [neo4j/3681fcc7] Index population started: [Index( id=9, name='actor_kshell', type='RANGE', schema=(:Actor {kshell}), indexProvider='range-1.0' )]
2026-09-04 13:54:18.388+0000 INFO  [o.n.k.i.a.i.IndexPopulationJob] [neo4j/3681fcc7] Index population started: [Index( id=10, name='actor_betweenness', type='RANGE', schema=(:Actor {betweenness}), indexProvider='range-1.0' )]
2026-09-04 13:54:18.515+0000 INFO  [o.n.k.i.a.i.IndexPopulationJob] [neo4j/3681fcc7] Index creation finished for index [Index( id=9, name='actor_kshell', type='RANGE', schema=(:Actor {kshell}), indexProvider='range-1.0' )].
2026-09-04 13:54:18.519+0000 INFO  [o.n.k.i.a.i.IndexPopulationJob] [neo4j/3681fcc7] Index creation finished for index [Index( id=10, name='actor_betweenness', type='RANGE', schema=(:Actor {betweenness}), indexProvider='range-1.0' )].
2026-09-04 13:54:21.805+0000 INFO  [o.n.k.i.t.l.c.CheckPointerImpl] [neo4j/3681fcc7] Checkpoint triggered by "Scheduled checkpoint for every 15 minutes threshold" @ txId: 118, append index: 118 checkpoint started...
2026-09-04 13:54:21.976+0000 INFO  [o.n.k.i.t.l.c.CheckPointerImpl] [neo4j/3681fcc7] Checkpoint triggered by "Scheduled checkpoint for every 15 minutes threshold" @ txId: 118, append index: 118 checkpoint completed in 170ms. Checkpoint flushed 462 pages (0% of total available pages), in 73 IOs. Checkpoint performed with IO limit: unlimited, paused in total 0 times( 0 millis).
2026-09-04 13:54:21.976+0000 INFO  [o.n.k.i.t.l.p.LogPruningImpl] [neo4j/3681fcc7] No log version pruned. The strategy used was '2 days 2147483648 size'. 
2026-09-04 13:59:35.094+0000 ERROR [o.n.b.p.c.h.HouseKeeperHandler] Fatal error occurred when handling a client connection: [id: 0x9e5a086c, L:/127.0.0.1:7687 - R:/127.0.0.1:64803]
java.net.SocketException: Connection reset
	at java.base/sun.nio.ch.SocketChannelImpl.throwConnectionReset(Unknown Source)
	at java.base/sun.nio.ch.SocketChannelImpl.read(Unknown Source)
	at io.netty.buffer.PooledByteBuf.setBytes(PooledByteBuf.java:255)
	at io.netty.buffer.AbstractByteBuf.writeBytes(AbstractByteBuf.java:1132)
	at io.netty.channel.socket.nio.NioSocketChannel.doReadBytes(NioSocketChannel.java:356)
	at io.netty.channel.nio.AbstractNioByteChannel$NioByteUnsafe.read(AbstractNioByteChannel.java:156)
	at io.netty.channel.nio.NioEventLoop.processSelectedKey(NioEventLoop.java:796)
	at io.netty.channel.nio.NioEventLoop.processSelectedKeysOptimized(NioEventLoop.java:732)
	at io.netty.channel.nio.NioEventLoop.processSelectedKeys(NioEventLoop.java:658)
	at io.netty.channel.nio.NioEventLoop.run(NioEventLoop.java:562)
	at io.netty.util.concurrent.SingleThreadEventExecutor$4.run(SingleThreadEventExecutor.java:1007)
	at io.netty.util.internal.ThreadExecutorMap$2.run(ThreadExecutorMap.java:74)
	at io.netty.util.concurrent.FastThreadLocalRunnable.run(FastThreadLocalRunnable.java:30)
	at java.base/java.lang.Thread.run(Unknown Source)
2026-09-04 13:59:35.094+0000 ERROR [o.n.b.p.c.h.HouseKeeperHandler] Fatal error occurred when handling a client connection: [id: 0x7e12ccd0, L:/127.0.0.1:7687 - R:/127.0.0.1:64869]
java.net.SocketException: Connection reset
	at java.base/sun.nio.ch.SocketChannelImpl.throwConnectionReset(Unknown Source)
	at java.base/sun.nio.ch.SocketChannelImpl.read(Unknown Source)
	at io.netty.buffer.PooledByteBuf.setBytes(PooledByteBuf.java:255)
	at io.netty.buffer.AbstractByteBuf.writeBytes(AbstractByteBuf.java:1132)
	at io.netty.channel.socket.nio.NioSocketChannel.doReadBytes(NioSocketChannel.java:356)
	at io.netty.channel.nio.AbstractNioByteChannel$NioByteUnsafe.read(AbstractNioByteChannel.java:156)
	at io.netty.channel.nio.NioEventLoop.processSelectedKey(NioEventLoop.java:796)
	at io.netty.channel.nio.NioEventLoop.processSelectedKeysOptimized(NioEventLoop.java:732)
	at io.netty.channel.nio.NioEventLoop.processSelectedKeys(NioEventLoop.java:658)
	at io.netty.channel.nio.NioEventLoop.run(NioEventLoop.java:562)
	at io.netty.util.concurrent.SingleThreadEventExecutor$4.run(SingleThreadEventExecutor.java:1007)
	at io.netty.util.internal.ThreadExecutorMap$2.run(ThreadExecutorMap.java:74)
	at io.netty.util.concurrent.FastThreadLocalRunnable.run(FastThreadLocalRunnable.java:30)
	at java.base/java.lang.Thread.run(Unknown Source)
2026-09-04 13:59:35.094+0000 ERROR [o.n.b.p.c.h.HouseKeeperHandler] Fatal error occurred when handling a client connection: [id: 0x1a6cbc8c, L:/127.0.0.1:7687 - R:/127.0.0.1:64804]
java.net.SocketException: Connection reset
	at java.base/sun.nio.ch.SocketChannelImpl.throwConnectionReset(Unknown Source)
	at java.base/sun.nio.ch.SocketChannelImpl.read(Unknown Source)
	at io.netty.buffer.PooledByteBuf.setBytes(PooledByteBuf.java:255)
	at io.netty.buffer.AbstractByteBuf.writeBytes(AbstractByteBuf.java:1132)
	at io.netty.channel.socket.nio.NioSocketChannel.doReadBytes(NioSocketChannel.java:356)
	at io.netty.channel.nio.AbstractNioByteChannel$NioByteUnsafe.read(AbstractNioByteChannel.java:156)
	at io.netty.channel.nio.NioEventLoop.processSelectedKey(NioEventLoop.java:796)
	at io.netty.channel.nio.NioEventLoop.processSelectedKeysOptimized(NioEventLoop.java:732)
	at io.netty.channel.nio.NioEventLoop.processSelectedKeys(NioEventLoop.java:658)
	at io.netty.channel.nio.NioEventLoop.run(NioEventLoop.java:562)
	at io.netty.util.concurrent.SingleThreadEventExecutor$4.run(SingleThreadEventExecutor.java:1007)
	at io.netty.util.internal.ThreadExecutorMap$2.run(ThreadExecutorMap.java:74)
	at io.netty.util.concurrent.FastThreadLocalRunnable.run(FastThreadLocalRunnable.java:30)
	at java.base/java.lang.Thread.run(Unknown Source)
2026-09-04 13:59:35.094+0000 ERROR [o.n.b.p.c.h.HouseKeeperHandler] Fatal error occurred when handling a client connection: [id: 0xbfa22e5d, L:/127.0.0.1:7687 - R:/127.0.0.1:64802]
java.net.SocketException: Connection reset
	at java.base/sun.nio.ch.SocketChannelImpl.throwConnectionReset(Unknown Source)
	at java.base/sun.nio.ch.SocketChannelImpl.read(Unknown Source)
	at io.netty.buffer.PooledByteBuf.setBytes(PooledByteBuf.java:255)
	at io.netty.buffer.AbstractByteBuf.writeBytes(AbstractByteBuf.java:1132)
	at io.netty.channel.socket.nio.NioSocketChannel.doReadBytes(NioSocketChannel.java:356)
	at io.netty.channel.nio.AbstractNioByteChannel$NioByteUnsafe.read(AbstractNioByteChannel.java:156)
	at io.netty.channel.nio.NioEventLoop.processSelectedKey(NioEventLoop.java:796)
	at io.netty.channel.nio.NioEventLoop.processSelectedKeysOptimized(NioEventLoop.java:732)
	at io.netty.channel.nio.NioEventLoop.processSelectedKeys(NioEventLoop.java:658)
	at io.netty.channel.nio.NioEventLoop.run(NioEventLoop.java:562)
	at io.netty.util.concurrent.SingleThreadEventExecutor$4.run(SingleThreadEventExecutor.java:1007)
	at io.netty.util.internal.ThreadExecutorMap$2.run(ThreadExecutorMap.java:74)
	at io.netty.util.concurrent.FastThreadLocalRunnable.run(FastThreadLocalRunnable.java:30)
	at java.base/java.lang.Thread.run(Unknown Source)
2026-09-04 15:19:39.547+0000 WARN  [o.n.k.i.c.VmPauseMonitorComponent] Detected VM stop-the-world pause: {pauseTime=2405691, gcTime=0, gcCount=0}
2026-09-05 23:22:48.143+0000 INFO  [o.n.g.f.m.GlobalModule] Logging config in use: File 'D:\bigmaths\neo4j\conf\server-logs.xml'
2026-09-05 23:23:05.873+0000 INFO  [o.n.i.d.DiagnosticsManager] 
                                                                ********************************************************************************
                                                                                             [ System diagnostics ]                             
                                                                ********************************************************************************
2026-09-05 23:23:05.874+0000 INFO  [o.n.i.d.DiagnosticsManager] 
                                                                --------------------------------------------------------------------------------
                                                                                         [ System memory information ]                          
                                                                --------------------------------------------------------------------------------
                                                                Total Physical memory: 15.81GiB
                                                                Free Physical memory: 6.521GiB
                                                                Committed virtual memory: 692.7MiB
                                                                Total swap space: 25.31GiB
                                                                Free swap space: 12.62GiB
                                                                
2026-09-05 23:23:05.874+0000 INFO  [o.n.i.d.DiagnosticsManager] 
                                                                --------------------------------------------------------------------------------
                                                                                           [ JVM memory information ]                           
                                                                --------------------------------------------------------------------------------
                                                                Free  memory: 487.5MiB
                                                                Total memory: 512.0MiB
                                                                Max   memory: 2.000GiB
                                                                Garbage Collector: G1 Young Generation: [G1 Eden Space, G1 Survivor Space, G1 Old Gen]
                                                                Garbage Collector: G1 Concurrent GC: [G1 Old Gen]
                                                                Garbage Collector: G1 Old Generation: [G1 Eden Space, G1 Survivor Space, G1 Old Gen]
                                                                Memory Pool: CodeHeap 'non-nmethods' (Non-heap memory): committed=3.688MiB, used=1.972MiB, max=7.875MiB, threshold=0B
                                                                Memory Pool: Metaspace (Non-heap memory): committed=21.75MiB, used=21.43MiB, max=-1B, threshold=0B
                                                                Memory Pool: CodeHeap 'profiled nmethods' (Non-heap memory): committed=6.250MiB, used=6.239MiB, max=116.1MiB, threshold=0B
                                                                Memory Pool: Compressed Class Space (Non-heap memory): committed=2.438MiB, used=2.310MiB, max=1.000GiB, threshold=0B
                                                                Memory Pool: G1 Eden Space (Heap memory): committed=316.0MiB, used=4.000MiB, max=-1B, threshold=?
                                                                Memory Pool: G1 Old Gen (Heap memory): committed=189.0MiB, used=14.38MiB, max=2.000GiB, threshold=0B
                                                                Memory Pool: G1 Survivor Space (Heap memory): committed=7.000MiB, used=6.122MiB, max=-1B, threshold=?
                                                                Memory Pool: CodeHeap 'non-profiled nmethods' (Non-heap memory): committed=2.438MiB, used=1.581MiB, max=116.1MiB, threshold=0B
                                                                
2026-09-05 23:23:05.874+0000 INFO  [o.n.i.d.DiagnosticsManager] 
                                                                --------------------------------------------------------------------------------
                                                                                        [ Operating system information ]                        
                                                                --------------------------------------------------------------------------------
                                                                Operating System: Windows 11; version: 10.0; arch: amd64; cpus: 32
                                                                Process id: 14800
                                                                Byte order: LITTLE_ENDIAN
                                                                Local timezone: Asia/Shanghai
                                                                Memory page size: 4096
                                                                Unaligned memory access allowed: true
                                                                
2026-09-05 23:23:05.874+0000 INFO  [o.n.i.d.DiagnosticsManager] 
                                                                --------------------------------------------------------------------------------
                                                                                              [ JVM information ]                               
                                                                --------------------------------------------------------------------------------
                                                                VM Name: OpenJDK 64-Bit Server VM
                                                                VM Vendor: Eclipse Adoptium
                                                                VM Version: 21.0.10+7-LTS
                                                                JIT compiler: HotSpot 64-Bit Tiered Compilers
                                                                VM Arguments: [-XX:+UseG1GC, -XX:-OmitStackTraceInFastThrow, -XX:+AlwaysPreTouch, -XX:+UnlockExperimentalVMOptions, -XX:+TrustFinalNonStaticFields, -XX:+DisableExplicitGC, -Djdk.nio.maxCachedBufferSize=1024, -Dio.netty.tryReflectionSetAccessible=true, -Djdk.tls.ephemeralDHKeySize=2048, -Djdk.tls.rejectClientInitiatedRenegotiation=true, -XX:FlightRecorderOptions=stackdepth=256, -XX:+UnlockDiagnosticVMOptions, -XX:+DebugNonSafepoints, --add-opens=java.base/java.nio=ALL-UNNAMED, --add-opens=java.base/java.io=ALL-UNNAMED, --add-opens=java.base/sun.nio.ch=ALL-UNNAMED, --enable-native-access=ALL-UNNAMED, -Dlog4j2.disable.jmx=true, -Dlog4j.layout.jsonTemplate.maxStringLength=32768, -Dfile.encoding=UTF-8, -Xms524288k, -Xmx2097152k]
                                                                
2026-09-05 23:23:05.874+0000 INFO  [o.n.i.d.DiagnosticsManager] 
                                                                --------------------------------------------------------------------------------
                                                                                               [ Java classpath ]                               
                                                                --------------------------------------------------------------------------------
                                                                 [classpath] D:\bigmaths\neo4j\lib\neo4j-values-5.26.30.jar
                                                                 [classpath] D:\bigmaths\neo4j\lib\log4j-api-2.26.1.jar
                                                                 [classpath] D:\bigmaths\neo4j\lib\commons-lang3-3.18.0.jar
                                                                 [classpath] D:\bigmaths\neo4j\lib\neo4j-dbms-5.26.30.jar
                                                                 [classpath] D:\bigmaths\neo4j\lib\jersey-client-2.46.jar
                                                                 [classpath] D:\bigmaths\neo4j\lib\jctools-core-4.0.5.jar
                                                                 [classpath] D:\bigmaths\neo4j\lib\jetty-alpn-server-12.1.11.jar
                                                                 [classpath] D:\bigmaths\neo4j\lib\shiro-lang-3.0.0.jar
                                                                 [classpath] D:\bigmaths\neo4j\lib\cypher-parser-factory-5.26.30.jar
                                                                 [classpath] D:\bigmaths\neo4j\lib\neo4j-common-5.26.30.jar
                                                                 [classpath] D:\bigmaths\neo4j\lib\neo4j-unsafe-5.26.30.jar
                                                                 [classpath] D:\bigmaths\neo4j\lib\jetty-security-12.1.11.jar
                                                                 [classpath] D:\bigmaths\neo4j\lib\picocli-4.7.6.jar
                                                                 [classpath] D:\bigmaths\neo4j\lib\neo4j-graph-algo-5.26.30.jar
                                                                 [classpath] D:\bigmaths\neo4j\lib\ipaddress-5.5.1.jar
                                                                 [classpath] D:\bigmaths\neo4j\lib\FastInfoset-1.2.16.jar
                                                                 [classpath] D:\bigmaths\neo4j\lib\neo4j-fabric-5.26.30.jar
                                                                 [classpath] D:\bigmaths\neo4j\lib\jakarta.inject-2.6.1.jar
                                                                 [classpath] D:\bigmaths\neo4j\lib\reactor-core-3.7.12.jar
                                                                 [classpath] D:\bigmaths\neo4j\lib\jackson-annotations-2.22.jar
                                                                 [classpath] D:\bigmaths\neo4j\lib\eclipse-collections-api-11.1.0.jar
                                                                 [classpath] D:\bigmaths\neo4j\lib\neo4j-layout-5.26.30.jar
                                                                 [classpath] D:\bigmaths\neo4j\lib\neo4j-cypher-dsl-2024.2.0.jar
                                                                 [classpath] D:\bigmaths\neo4j\lib\neo4j-cypher-planner-spi-5.26.30.jar
                                                                 [classpath] D:\bigmaths\neo4j\lib\neo4j-lock-5.26.30.jar
                                                                 [classpath] D:\bigmaths\neo4j\lib\jetty-ee8-security-12.1.11.jar
                                                                 [classpath] D:\bigmaths\neo4j\lib\jakarta.ws.rs-api-2.1.6.jar
                                                                 [classpath] D:\bigmaths\neo4j\lib\jline-terminal-jansi-3.21.0.jar
                                                                 [classpath] D:\bigmaths\neo4j\lib\hk2-locator-2.6.1.jar
                                                                 [classpath] D:\bigmaths\neo4j\lib\neo4j-cypher-interpreted-runtime-5.26.30.jar
                                                                 [classpath] D:\bigmaths\neo4j\lib\cypher-v5-literal-interpreter-5.26.30.jar
                                                                 [classpath] D:\bigmaths\neo4j\lib\neo4j-udc-5.26.30.jar
                                                                 [classpath] D:\bigmaths\neo4j\lib\slf4j-api-2.0.9.jar
                                                                 [classpath] D:\bigmaths\neo4j\lib\neo4j-monitoring-5.26.30.jar
                                                                 [classpath] D:\bigmaths\neo4j\lib\neo4j-index-5.26.30.jar
                                                                 [classpath] D:\bigmaths\neo4j\lib\neo4j-cypher-rendering-5.26.30.jar
                                                                 [classpath] D:\bigmaths\neo4j\lib\jetty-ee8-servlet-12.1.11.jar
                                                                 [classpath] D:\bigmaths\neo4j\lib\WMI4Java-1.6.3.jar
                                                                 [classpath] D:\bigmaths\neo4j\lib\neo4j-procedure-api-5.26.30.jar
                                                                 [classpath] D:\bigmaths\neo4j\lib\neo4j-collections-5.26.30.jar
                                                                 [classpath] D:\bigmaths\neo4j\lib\neo4j-rewriting-5.26.30.jar
                                                                 [classpath] D:\bigmaths\neo4j\lib\stax-ex-1.8.1.jar
                                                                 [classpath] D:\bigmaths\neo4j\lib\neo4j-cypher-logical-plans-5.26.30.jar
                                                                 [classpath] D:\bigmaths\neo4j\lib\netty-codec-http-4.1.137.Final.jar
                                                                 [classpath] D:\bigmaths\neo4j\lib\neo4j-cypher-javacc-parser-5.26.30.jar
                                                                 [classpath] D:\bigmaths\neo4j\lib\parquet-floor-1.62.jar
                                                                 [classpath] D:\bigmaths\neo4j\lib\jersey-server-2.46.jar
                                                                 [classpath] D:\bigmaths\neo4j\lib\neo4j-notifications-5.26.30.jar
                                                                 [classpath] D:\bigmaths\neo4j\lib\caffeine-3.1.8.jar
                                                                 [classpath] D:\bigmaths\neo4j\lib\neo4j-cypher-cache-5.26.30.jar
                                                                 [classpath] D:\bigmaths\neo4j\lib\neo4j-wal-5.26.30.jar
                                                                 [classpath] D:\bigmaths\neo4j\lib\netty-transport-native-kqueue-4.1.137.Final-osx-aarch_64.jar
                                                                 [classpath] D:\bigmaths\neo4j\lib\jersey-common-2.46.jar
                                                                 [classpath] D:\bigmaths\neo4j\lib\jersey-container-servlet-core-2.46.jar
                                                                 [classpath] D:\bigmaths\neo4j\lib\javax.annotation-api-1.3.2.jar
                                                                 [classpath] D:\bigmaths\neo4j\lib\commons-compress-1.27.1.jar
                                                                 [classpath] D:\bigmaths\neo4j\lib\neo4j-id-generator-5.26.30.jar
                                                                 [classpath] D:\bigmaths\neo4j\lib\neo4j-cypher-ir-5.26.30.jar
                                                                 [classpath] D:\bigmaths\neo4j\lib\argparse4j-0.9.0.jar
                                                                 [classpath] D:\bigmaths\neo4j\conf\*
                                                                 [classpath] D:\bigmaths\neo4j\lib\jettison-1.5.4.jar
                                                                 [classpath] D:\bigmaths\neo4j\lib\neo4j-cypher-planner-5.26.30.jar
                                                                 [classpath] D:\bigmaths\neo4j\lib\neo4j-concurrent-5.26.30.jar
                                                                 [classpath] D:\bigmaths\neo4j\lib\jna-5.15.0.jar
                                                                 [classpath] D:\bigmaths\neo4j\lib\neo4j-procedure-5.26.30.jar
                                                                 [classpath] D:\bigmaths\neo4j\lib\jts-core-1.20.0.jar
                                                                 [classpath] D:\bigmaths\neo4j\lib\neo4j-import-tool-5.26.30.jar
                                                                 [classpath] D:\bigmaths\neo4j\lib\shiro-cache-3.0.0.jar
                                                                 [classpath] D:\bigmaths\neo4j\lib\zstd-proxy-5.26.30.jar
                                                                 [classpath] D:\bigmaths\neo4j\lib\netty-transport-native-unix-common-4.1.137.Final.jar
                                                                 [classpath] D:\bigmaths\neo4j\lib\istack-commons-runtime-3.0.8.jar
                                                                 [classpath] D:\bigmaths\neo4j\lib\netty-transport-native-kqueue-4.1.137.Final-osx-x86_64.jar
                                                                 [classpath] D:\bigmaths\neo4j\lib\netty-tcnative-classes-2.0.81.Final.jar
                                                                 [classpath] D:\bigmaths\neo4j\lib\neo4j-record-storage-engine-5.26.30.jar
                                                                 [classpath] D:\bigmaths\neo4j\lib\neo4j-query-router-5.26.30.jar
                                                                 [classpath] D:\bigmaths\neo4j\lib\neo4j-lucene-index-5.26.30.jar
                                                                 [classpath] D:\bigmaths\neo4j\lib\jackson-databind-2.22.1.jar
                                                                 [classpath] D:\bigmaths\neo4j\lib\shiro-crypto-hash-3.0.0.jar
                                                                 [classpath] D:\bigmaths\neo4j\lib\hk2-api-2.6.1.jar
                                                                 [classpath] D:\bigmaths\neo4j\lib\neo4j-codegen-5.26.30.jar
                                                                 [classpath] D:\bigmaths\neo4j\lib\jakarta.xml.bind-api-2.3.2.jar
                                                                 [classpath] D:\bigmaths\neo4j\lib\neo4j-bolt-connection-pooled-12.0.0.jar
                                                                 [classpath] D:\bigmaths\neo4j\lib\cypher-parser-ast-common-5.26.30.jar
                                                                 [classpath] D:\bigmaths\neo4j\lib\jaxb-runtime-2.3.2.jar
                                                                 [classpath] D:\bigmaths\neo4j\lib\jackson-module-jaxb-annotations-2.22.1.jar
                                                                 [classpath] D:\bigmaths\neo4j\lib\scala-reflect-2.13.11.jar
                                                                 [classpath] D:\bigmaths\neo4j\lib\neo4j-security-5.26.30.jar
                                                                 [classpath] D:\bigmaths\neo4j\lib\neo4j-logging-5.26.30.jar
                                                                 [classpath] D:\bigmaths\neo4j\lib\jackson-jaxrs-base-2.22.1.jar
                                                                 [classpath] D:\bigmaths\neo4j\lib\neo4j-token-api-5.26.30.jar
                                                                 [classpath] D:\bigmaths\neo4j\lib\scala-collection-contrib_2.13-0.3.0.jar
                                                                 [classpath] D:\bigmaths\neo4j\lib\neo4j-bolt-5.26.30.jar
                                                                 [classpath] D:\bigmaths\neo4j\lib\jakarta.annotation-api-1.3.5.jar
                                                                 [classpath] D:\bigmaths\neo4j\lib\neo4j-cypher-config-5.26.30.jar
                                                                 [classpath] D:\bigmaths\neo4j\lib\neo4j-bolt-connection-routed-12.0.0.jar
                                                                 [classpath] D:\bigmaths\neo4j\lib\jline-reader-3.21.0.jar
                                                                 [classpath] D:\bigmaths\neo4j\lib\cypher-v25-ast-factory-5.26.30.jar
                                                                 [classpath] D:\bigmaths\neo4j\lib\jetty-io-12.1.11.jar
                                                                 [classpath] D:\bigmaths\neo4j\lib\jetty-alpn-java-server-12.1.11.jar
                                                                 [classpath] D:\bigmaths\neo4j\lib\shiro-crypto-cipher-3.0.0.jar
                                                                 [classpath] D:\bigmaths\neo4j\lib\neo4j-push-to-cloud-5.26.30.jar
                                                                 [classpath] D:\bigmaths\neo4j\lib\log4j-layout-template-json-2.26.1.jar
                                                                 [classpath] D:\bigmaths\neo4j\lib\hadoop-common-3.5.0.jar
                                                                 [classpath] D:\bigmaths\neo4j\lib\hk2-utils-2.6.1.jar
                                                                 [classpath] D:\bigmaths\neo4j\lib\javassist-3.30.2-GA.jar
                                                                 [classpath] D:\bigmaths\neo4j\lib\shiro-core-3.0.0.jar
                                                                 [classpath] D:\bigmaths\neo4j\lib\lucene-analysis-common-9.11.1.jar
                                                                 [classpath] D:\bigmaths\neo4j\lib\jackson-jaxrs-json-provider-2.22.1.jar
                                                                 [classpath] D:\bigmaths\neo4j\lib\jProcesses-1.6.5.jar
                                                                 [classpath] D:\bigmaths\neo4j\lib\jPowerShell-3.0.jar
                                                                 [classpath] D:\bigmaths\neo4j\lib\cypher-shell-5.26.30.jar
                                                                 [classpath] D:\bigmaths\neo4j\lib\shiro-event-3.0.0.jar
                                                                 [classpath] D:\bigmaths\neo4j\lib\lucene-queryparser-9.11.1.jar
                                                                 [classpath] D:\bigmaths\neo4j\lib\commons-text-1.12.0.jar
                                                                 [classpath] D:\bigmaths\neo4j\lib\cypher-v25-parser-listener-5.26.30.jar
                                                                 [classpath] D:\bigmaths\neo4j\lib\neo4j-server-5.26.30.jar
                                                                 [classpath] D:\bigmaths\neo4j\lib\neo4j-cypher-physical-planning-5.26.30.jar
                                                                 [classpath] D:\bigmaths\neo4j\lib\neo4j-5.26.30.jar
                                                                 [classpath] D:\bigmaths\neo4j\lib\neo4j-import-api-5.26.30.jar
                                                                 [classpath] D:\bigmaths\neo4j\lib\parquet-common-1.18.0.jar
                                                                 [classpath] D:\bigmaths\neo4j\plugins\*
                                                                 [classpath] D:\bigmaths\neo4j\lib\neo4j-cypher-runtime-util-5.26.30.jar
                                                                 [classpath] D:\bigmaths\neo4j\lib\neo4j-command-line-5.26.30.jar
                                                                 [classpath] D:\bigmaths\neo4j\lib\annotations-5.26.30.jar
                                                                 [classpath] D:\bigmaths\neo4j\lib\neo4j-cypher-macros-5.26.30.jar
                                                                 [classpath] D:\bigmaths\neo4j\lib\eclipse-collections-11.1.0.jar
                                                                 [classpath] D:\bigmaths\neo4j\lib\neo4j-configuration-5.26.30.jar
                                                                 [classpath] D:\bigmaths\neo4j\lib\commons-io-2.17.0.jar
                                                                 [classpath] D:\bigmaths\neo4j\lib\neo4j-cypher-5.26.30.jar
                                                                 [classpath] D:\bigmaths\neo4j\lib\commons-codec-1.17.1.jar
                                                                 [classpath] D:\bigmaths\neo4j\lib\netty-buffer-4.1.137.Final.jar
                                                                 [classpath] D:\bigmaths\neo4j\lib\neo4j-gql-status-5.26.30.jar
                                                                 [classpath] D:\bigmaths\neo4j\lib\jetty-servlet-api-4.0.9.jar
                                                                 [classpath] D:\bigmaths\neo4j\lib\jersey-hk2-2.46.jar
                                                                 [classpath] D:\bigmaths\neo4j\lib\jline-terminal-3.21.0.jar
                                                                 [classpath] D:\bigmaths\neo4j\lib\kiama_2.13-2.5.1.jar
                                                                 [classpath] D:\bigmaths\neo4j\lib\netty-transport-native-epoll-4.1.137.Final-linux-aarch_64.jar
                                                                 [classpath] D:\bigmaths\neo4j\lib\neo4j-graphdb-api-5.26.30.jar
                                                                 [classpath] D:\bigmaths\neo4j\lib\cypher-parser-common-5.26.30.jar
                                                                 [classpath] D:\bigmaths\neo4j\lib\cypher-v5-antlr-parser-5.26.30.jar
                                                                 [classpath] D:\bigmaths\neo4j\lib\neo4j-fulltext-index-5.26.30.jar
                                                                 [classpath] D:\bigmaths\neo4j\lib\neo4j-capabilities-5.26.30.jar
                                                                 [classpath] D:\bigmaths\neo4j\lib\netty-transport-classes-epoll-4.1.137.Final.jar
                                                                 [classpath] D:\bigmaths\neo4j\lib\neo4j-import-util-5.26.30.jar
                                                                 [classpath] D:\bigmaths\neo4j\lib\magnolia_2.13-1.1.8.jar
                                                                 [classpath] D:\bigmaths\neo4j\lib\neo4j-cypher-expression-evaluator-5.26.30.jar
                                                                 [classpath] D:\bigmaths\neo4j\lib\reactive-streams-1.0.4.jar
                                                                 [classpath] D:\bigmaths\neo4j\lib\jetty-server-12.1.11.jar
                                                                 [classpath] D:\bigmaths\neo4j\lib\jaxb-api-2.2.12.jar
                                                                 [classpath] D:\bigmaths\neo4j\lib\jansi-2.4.0.jar
                                                                 [classpath] D:\bigmaths\neo4j\lib\neo4j-schema-5.26.30.jar
                                                                 [classpath] D:\bigmaths\neo4j\lib\zstd-jni-1.5.6-6.jar
                                                                 [classpath] D:\bigmaths\neo4j\lib\netty-transport-native-epoll-4.1.137.Final-linux-x86_64.jar
                                                                 [classpath] D:\bigmaths\neo4j\lib\commons-logging-1.3.4.jar
                                                                 [classpath] D:\bigmaths\neo4j\lib\neo4j-expressions-5.26.30.jar
                                                                 [classpath] D:\bigmaths\neo4j\lib\cypher-v25-antlr-parser-5.26.30.jar
                                                                 [classpath] D:\bigmaths\neo4j\lib\neo4j-kernel-api-5.26.30.jar
                                                                 [classpath] D:\bigmaths\neo4j\lib\parquet-hadoop-1.18.0.jar
                                                                 [classpath] D:\bigmaths\neo4j\lib\jetty-xml-12.1.11.jar
                                                                 [classpath] D:\bigmaths\neo4j\lib\netty-resolver-4.1.137.Final.jar
                                                                 [classpath] D:\bigmaths\neo4j\lib\neo4j-java-driver-5.28.15.jar
                                                                 [classpath] D:\bigmaths\neo4j\lib\shiro-crypto-core-3.0.0.jar
                                                                 [classpath] D:\bigmaths\neo4j\lib\neo4j-slf4j-provider-5.26.30.jar
                                                                 [classpath] D:\bigmaths\neo4j\lib\antlr4-runtime-4.13.2.jar
                                                                 [classpath] D:\bigmaths\neo4j\lib\jetty-http-12.1.11.jar
                                                                 [classpath] D:\bigmaths\neo4j\lib\snappy-java-1.1.10.8.jar
                                                                 [classpath] D:\bigmaths\neo4j\lib\neo4j-consistency-check-5.26.30.jar
                                                                 [classpath] D:\bigmaths\neo4j\lib\jersey-container-servlet-2.46.jar
                                                                 [classpath] D:\bigmaths\neo4j\lib\netty-codec-4.1.137.Final.jar
                                                                 [classpath] D:\bigmaths\neo4j\lib\shiro-config-core-3.0.0.jar
                                                                 [classpath] D:\bigmaths\neo4j\lib\jakarta.activation-api-1.2.2.jar
                                                                 [classpath] D:\bigmaths\neo4j\lib\neo4j-storage-engine-util-5.26.30.jar
                                                                 [classpath] D:\bigmaths\neo4j\lib\scala-library-2.13.11.jar
                                                                 [classpath] D:\bigmaths\neo4j\lib\neo4j-cypher-slotted-runtime-5.26.30.jar
                                                                 [classpath] D:\bigmaths\neo4j\lib\jetty-session-12.1.11.jar
                                                                 [classpath] D:\bigmaths\neo4j\lib\cypher-v5-parser-listener-5.26.30.jar
                                                                 [classpath] D:\bigmaths\neo4j\lib\lucene-backward-codecs-9.11.1.jar
                                                                 [classpath] D:\bigmaths\neo4j\lib\server-api-5.26.30.jar
                                                                 [classpath] D:\bigmaths\neo4j\lib\cypher-antlr-common-5.26.30.jar
                                                                 [classpath] D:\bigmaths\neo4j\lib\neo4j-csv-5.26.30.jar
                                                                 [classpath] D:\bigmaths\neo4j\lib\neo4j-diagnostics-5.26.30.jar
                                                                 [classpath] D:\bigmaths\neo4j\lib\neo4j-cypher-ast-factory-5.26.30.jar
                                                                 [classpath] D:\bigmaths\neo4j\lib\jakarta.validation-api-2.0.2.jar
                                                                 [classpath] D:\bigmaths\neo4j\lib\log4j-core-2.26.1.jar
                                                                 [classpath] D:\bigmaths\neo4j\lib\neo4j-data-collector-5.26.30.jar
                                                                 [classpath] D:\bigmaths\neo4j\lib\jackson-core-2.22.1.jar
                                                                 [classpath] D:\bigmaths\neo4j\lib\neo4j-front-end-5.26.30.jar
                                                                 [classpath] D:\bigmaths\neo4j\lib\netty-handler-4.1.137.Final.jar
                                                                 [classpath] D:\bigmaths\neo4j\lib\netty-common-4.1.137.Final.jar
                                                                 [classpath] D:\bigmaths\neo4j\lib\parquet-encoding-1.18.0.jar
                                                                 [classpath] D:\bigmaths\neo4j\lib\txw2-2.3.2.jar
                                                                 [classpath] D:\bigmaths\neo4j\lib\neo4j-bolt-connection-netty-12.0.0.jar
                                                                 [classpath] D:\bigmaths\neo4j\lib\cypher-v5-ast-factory-5.26.30.jar
                                                                 [classpath] D:\bigmaths\neo4j\lib\neo4j-cloud-5.26.30.jar
                                                                 [classpath] D:\bigmaths\neo4j\lib\jetty-ee8-webapp-12.1.11.jar
                                                                 [classpath] D:\bigmaths\neo4j\lib\neo4j-bolt-connection-12.0.0.jar
                                                                 [classpath] D:\bigmaths\neo4j\lib\neo4j-util-5.26.30.jar
                                                                 [classpath] D:\bigmaths\neo4j\lib\jetty-http2-hpack-12.1.11.jar
                                                                 [classpath] D:\bigmaths\neo4j\lib\commons-configuration2-2.15.1.jar
                                                                 [classpath] D:\bigmaths\neo4j\lib\jetty-ee-webapp-12.1.11.jar
                                                                 [classpath] D:\bigmaths\neo4j\lib\jetty-ee8-nested-12.1.11.jar
                                                                 [classpath] D:\bigmaths\neo4j\lib\neo4j-ssl-5.26.30.jar
                                                                 [classpath] D:\bigmaths\neo4j\lib\neo4j-bootcheck-5.26.30.jar
                                                                 [classpath] D:\bigmaths\neo4j\lib\cypher-antlr-ast-common-5.26.30.jar
                                                                 [classpath] D:\bigmaths\neo4j\lib\jetty-http2-server-12.1.11.jar
                                                                 [classpath] D:\bigmaths\neo4j\lib\neo4j-exceptions-5.26.30.jar
                                                                 [classpath] D:\bigmaths\neo4j\lib\parquet-jackson-1.18.0.jar
                                                                 [classpath] D:\bigmaths\neo4j\lib\neo4j-spatial-index-5.26.30.jar
                                                                 [classpath] D:\bigmaths\neo4j\lib\neo4j-io-5.26.30.jar
                                                                 [classpath] D:\bigmaths\neo4j\lib\jetty-http2-common-12.1.11.jar
                                                                 [classpath] D:\bigmaths\neo4j\lib\netty-transport-4.1.137.Final.jar
                                                                 [classpath] D:\bigmaths\neo4j\lib\neo4j-kernel-5.26.30.jar
                                                                 [classpath] D:\bigmaths\neo4j\lib\neo4j-resource-5.26.30.jar
                                                                 [classpath] D:\bigmaths\neo4j\lib\lucene-core-9.11.1.jar
                                                                 [classpath] D:\bigmaths\neo4j\lib\parquet-format-structures-1.18.0.jar
                                                                 [classpath] D:\bigmaths\neo4j\lib\netty-transport-classes-kqueue-4.1.137.Final.jar
                                                                 [classpath] D:\bigmaths\neo4j\lib\jetty-util-12.1.11.jar
                                                                 [classpath] D:\bigmaths\neo4j\lib\neo4j-ast-5.26.30.jar
                                                                 [classpath] D:\bigmaths\neo4j\lib\cypher-ast-factory-5.26.30.jar
                                                                 [classpath] D:\bigmaths\neo4j\lib\neo4j-native-5.26.30.jar
                                                                 [classpath] D:\bigmaths\neo4j\lib\parquet-column-1.18.0.jar
                                                                
2026-09-05 23:23:05.874+0000 INFO  [o.n.i.d.DiagnosticsManager] 
                                                                --------------------------------------------------------------------------------
                                                                                                [ Library path ]                                
                                                                --------------------------------------------------------------------------------
                                                                C:\Users\admin\AppData\Roaming\TRAE SOLO CN\ModularData\ai-agent\vm\tools\app\jre\bin
                                                                C:\Windows\Sun\Java\bin
                                                                C:\Windows\System32
                                                                C:\Windows
                                                                C:\Users\admin\AppData\Local\Programs\TRAE SOLO CN\resources\app\modules\ai-agent\bin
                                                                C:\Users\admin\AppData\Local\Programs\TRAE SOLO CN\resources\app\bin
                                                                C:\Users\admin\AppData\Roaming\TRAE SOLO CN\ModularData\ai-agent\vm\tools\python
                                                                C:\Users\admin\AppData\Roaming\TRAE SOLO CN\ModularData\ai-agent\vm\tools\node
                                                                C:\Users\admin\AppData\Roaming\TRAE SOLO CN\ModularData\ai-agent\vm\tools\app\jre\bin
                                                                C:\Users\admin\AppData\Roaming\TRAE SOLO CN\ModularData\ai-agent\vm\tools\bin
                                                                C:\Users\admin\.trae-cn\plugins\trae-remote-official\lark\1.0.4\bin
                                                                C:\Program Files (x86)\VMware\VMware Workstation\bin
                                                                C:\Program Files\Common Files\Oracle\Java\javapath_target_511624203
                                                                C:\Program Files (x86)\Common Files\Oracle\Java\java8path_target_509770031
                                                                C:\Program Files (x86)\Common Files\Oracle\Java\javapath
                                                                C:\Program Files\Microsoft\jdk-11.0.16.101-hotspot\bin
                                                                C:\Windows\System32
                                                                C:\Windows
                                                                C:\Windows\System32\wbem
                                                                C:\Windows\System32\WindowsPowerShell\v1.0
                                                                C:\Windows\System32\OpenSSH
                                                                C:\Program Files (x86)\NVIDIA Corporation\PhysX\Common
                                                                C:\Program Files\NVIDIA Corporation\NVIDIA NvDLISR
                                                                C:\Program Files\Bandizip
                                                                D:\matlab\runtime\win64
                                                                D:\matlab\bin
                                                                C:\Program Files\dotnet
                                                                C:\Program Files (x86)\Windows Kits\10\Windows Performance Toolkit
                                                                C:\Program Files (x86)\Tencent\微锟斤拷web锟斤拷锟斤拷锟竭癸拷锟斤拷\dll
                                                                D:\
                                                                C:\Users\admin\AppData\Local\Microsoft\WindowsApps
                                                                C:\Users\admin\.dotnet\tools
                                                                D:\quartus\questa_fse\win64
                                                                D:\QUART\modelsim_ase\win32aloem
                                                                C:\Users\admin\AppData\Roaming\npm
                                                                C:\Users\admin\AppData\Local\Programs\cursor\resources\app\bin
                                                                C:\Users\admin\AppData\Local\Programs\TRAE SOLO CN\resources\app\bin
                                                                C:\Users\admin\AppData\Roaming\TRAE SOLO CN\ModularData\ai-agent\vm\tools\python
                                                                C:\Users\admin\AppData\Roaming\TRAE SOLO CN\ModularData\ai-agent\vm\tools\node
                                                                C:\Users\admin\AppData\Roaming\TRAE SOLO CN\ModularData\ai-agent\vm\tools\app\jre\bin
                                                                C:\Users\admin\AppData\Roaming\TRAE SOLO CN\ModularData\ai-agent\vm\tools\bin
                                                                C:\Users\admin\AppData\Local\Programs\TRAE SOLO CN\resources\app\bin\lib
                                                                C:\Users\admin\AppData\Local\Programs\TRAE SOLO CN\resources\app\node_modules\@vscode\ripgrep\bin
                                                                D:\bigmaths
                                                                
2026-09-05 23:23:05.874+0000 INFO  [o.n.i.d.DiagnosticsManager] 
                                                                --------------------------------------------------------------------------------
                                                                                             [ System properties ]                              
                                                                --------------------------------------------------------------------------------
                                                                jdk.tls.rejectClientInitiatedRenegotiation = true
                                                                sun.cpu.isalist = amd64
                                                                sun.jnu.encoding = GBK
                                                                log4j.layout.jsonTemplate.maxStringLength = 32768
                                                                sun.arch.data.model = 64
                                                                user.variant = 
                                                                user.timezone = Asia/Shanghai
                                                                sun.java.launcher = SUN_STANDARD
                                                                user.country = CN
                                                                sun.boot.library.path = C:\Users\admin\AppData\Roaming\TRAE SOLO CN\ModularData\ai-agent\vm\tools\app\jre\bin
                                                                sun.java.command = org.neo4j.server.CommunityEntryPoint --home-dir=D:\bigmaths\neo4j --config-dir=D:\bigmaths\neo4j\conf --console-mode
                                                                jdk.debug = release
                                                                io.netty.tryReflectionSetAccessible = true
                                                                sun.cpu.endian = little
                                                                user.home = C:\Users\admin
                                                                user.language = zh
                                                                file.separator = \
                                                                jdk.tls.ephemeralDHKeySize = 2048
                                                                user.script = 
                                                                sun.management.compiler = HotSpot 64-Bit Tiered Compilers
                                                                user.name = admin
                                                                stdout.encoding = GBK
                                                                jdk.nio.maxCachedBufferSize = 1024
                                                                path.separator = ;
                                                                file.encoding = UTF-8
                                                                jnidispatch.path = C:\Users\admin\AppData\Local\Temp\jna-92668751\jna1440710376030722950.dll
                                                                jna.loaded = true
                                                                user.dir = D:\bigmaths
                                                                sun.os.patch.level = 
                                                                native.encoding = GBK
                                                                stderr.encoding = GBK
                                                                sun.io.unicode.encoding = UnicodeLittle
                                                                log4j2.disable.jmx = true
                                                                
2026-09-05 23:23:05.874+0000 INFO  [o.n.i.d.DiagnosticsManager] 
                                                                --------------------------------------------------------------------------------
                                                                                      [ (IANA) TimeZone database version ]                      
                                                                --------------------------------------------------------------------------------
                                                                  TimeZone version: 2025b (available for 604 zone identifiers)
                                                                
2026-09-05 23:23:05.874+0000 INFO  [o.n.i.d.DiagnosticsManager] 
                                                                --------------------------------------------------------------------------------
                                                                                            [ Network information ]                             
                                                                --------------------------------------------------------------------------------
                                                                Interface Realtek PCIe GbE Family Controller-WFP Native MAC Layer LightWeight Filter-0000:
                                                                Interface Realtek PCIe GbE Family Controller-Huorong NDIS Filter Driver-0000:
                                                                Interface Realtek PCIe GbE Family Controller-QoS Packet Scheduler-0000:
                                                                Interface Realtek PCIe GbE Family Controller-WFP 802.3 MAC Layer LightWeight Filter-0000:
                                                                Interface WAN Miniport (IP)-WFP Native MAC Layer LightWeight Filter-0000:
                                                                Interface WAN Miniport (IP)-Huorong NDIS Filter Driver-0000:
                                                                Interface WAN Miniport (IP)-QoS Packet Scheduler-0000:
                                                                Interface WAN Miniport (IPv6)-WFP Native MAC Layer LightWeight Filter-0000:
                                                                Interface WAN Miniport (IPv6)-Huorong NDIS Filter Driver-0000:
                                                                Interface WAN Miniport (IPv6)-QoS Packet Scheduler-0000:
                                                                Interface WAN Miniport (Network Monitor)-WFP Native MAC Layer LightWeight Filter-0000:
                                                                Interface WAN Miniport (Network Monitor)-Huorong NDIS Filter Driver-0000:
                                                                Interface WAN Miniport (Network Monitor)-QoS Packet Scheduler-0000:
                                                                Interface Microsoft Kernel Debug Network Adapter:
                                                                Interface Realtek PCIe GbE Family Controller:
                                                                    address: fe80:0:0:0:6e9a:672:f7f7:7d78%ethernet_32769
                                                                Interface Bluetooth Device (Personal Area Network):
                                                                    address: fe80:0:0:0:bd2d:3418:be44:7ad0%ethernet_32770
                                                                Interface WAN Miniport (IP):
                                                                Interface WAN Miniport (IPv6):
                                                                Interface WAN Miniport (Network Monitor):
                                                                Interface VMware Virtual Ethernet Adapter for VMnet1:
                                                                    address: fe80:0:0:0:55fb:8360:549f:d0b1%ethernet_32774
                                                                    address: 192.168.147.1
                                                                Interface VMware Virtual Ethernet Adapter for VMnet8:
                                                                    address: fe80:0:0:0:622a:2ac0:618a:dfa%ethernet_32775
                                                                    address: 192.168.37.1
                                                                Interface WAN Miniport (PPPOE):
                                                                Interface Software Loopback Interface 1:
                                                                    address: 0:0:0:0:0:0:0:1
                                                                    address: 127.0.0.1
                                                                Interface Intel(R) Wi-Fi 6E AX211 160MHz-WFP Native MAC Layer LightWeight Filter-0000:
                                                                Interface Intel(R) Wi-Fi 6E AX211 160MHz-Virtual WiFi Filter Driver-0000:
                                                                Interface Intel(R) Wi-Fi 6E AX211 160MHz-Native WiFi Filter Driver-0000:
                                                                Interface Intel(R) Wi-Fi 6E AX211 160MHz-Huorong NDIS Filter Driver-0000:
                                                                Interface Intel(R) Wi-Fi 6E AX211 160MHz-QoS Packet Scheduler-0000:
                                                                Interface Intel(R) Wi-Fi 6E AX211 160MHz-WFP 802.3 MAC Layer LightWeight Filter-0000:
                                                                Interface Microsoft Wi-Fi Direct Virtual Adapter-WFP Native MAC Layer LightWeight Filter-0000:
                                                                Interface Microsoft Wi-Fi Direct Virtual Adapter-Native WiFi Filter Driver-0000:
                                                                Interface Microsoft Wi-Fi Direct Virtual Adapter-Huorong NDIS Filter Driver-0000:
                                                                Interface Microsoft Wi-Fi Direct Virtual Adapter-QoS Packet Scheduler-0000:
                                                                Interface Microsoft Wi-Fi Direct Virtual Adapter-WFP 802.3 MAC Layer LightWeight Filter-0000:
                                                                Interface Microsoft Wi-Fi Direct Virtual Adapter #2-WFP Native MAC Layer LightWeight Filter-0000:
                                                                Interface Microsoft Wi-Fi Direct Virtual Adapter #2-Native WiFi Filter Driver-0000:
                                                                Interface Microsoft Wi-Fi Direct Virtual Adapter #2-Huorong NDIS Filter Driver-0000:
                                                                Interface Microsoft Wi-Fi Direct Virtual Adapter #2-QoS Packet Scheduler-0000:
                                                                Interface Microsoft Wi-Fi Direct Virtual Adapter #2-WFP 802.3 MAC Layer LightWeight Filter-0000:
                                                                Interface Intel(R) Wi-Fi 6E AX211 160MHz:
                                                                    address: 10.20.166.71
                                                                Interface Microsoft Wi-Fi Direct Virtual Adapter:
                                                                    address: fe80:0:0:0:c4c5:411a:ee20:b776%wireless_32769
                                                                Interface Microsoft Wi-Fi Direct Virtual Adapter #2:
                                                                    address: fe80:0:0:0:1f6a:d24:c553:2b5c%wireless_32770
                                                                Interface Microsoft Teredo Tunneling Adapter:
                                                                Interface Microsoft IP-HTTPS Platform Adapter:
                                                                Interface Microsoft 6to4 Adapter:
                                                                Interface WAN Miniport (SSTP):
                                                                Interface WAN Miniport (IKEv2):
                                                                Interface WAN Miniport (L2TP):
                                                                Interface WAN Miniport (PPTP):
                                                                
2026-09-05 23:23:05.875+0000 INFO  [o.n.i.d.DiagnosticsManager] 
                                                                --------------------------------------------------------------------------------
                                                                                         [ Native access information ]                          
                                                                --------------------------------------------------------------------------------
                                                                Native access details: Native access is not available for current platform.
                                                                
2026-09-05 23:23:05.875+0000 INFO  [o.n.i.d.DiagnosticsManager] 
                                                                --------------------------------------------------------------------------------
                                                                                                [ DBMS config ]                                 
                                                                --------------------------------------------------------------------------------
                                                                DBMS provided settings:
                                                                db.tx_log.rotation.retention_policy=2 days 2G
                                                                server.bolt.enabled=true
                                                                server.default_listen_address=127.0.0.1
                                                                server.directories.import=D:\bigmaths\neo4j\import
                                                                server.directories.neo4j_home=D:\bigmaths\neo4j
                                                                server.http.enabled=true
                                                                server.https.enabled=false
                                                                server.jvm.additional=-XX:+UseG1GC
-XX:-OmitStackTraceInFastThrow
-XX:+AlwaysPreTouch
-XX:+UnlockExperimentalVMOptions
-XX:+TrustFinalNonStaticFields
-XX:+DisableExplicitGC
-Djdk.nio.maxCachedBufferSize=1024
-Dio.netty.tryReflectionSetAccessible=true
-Djdk.tls.ephemeralDHKeySize=2048
-Djdk.tls.rejectClientInitiatedRenegotiation=true
-XX:FlightRecorderOptions=stackdepth=256
-XX:+UnlockDiagnosticVMOptions
-XX:+DebugNonSafepoints
--add-opens=java.base/java.nio=ALL-UNNAMED
--add-opens=java.base/java.io=ALL-UNNAMED
--add-opens=java.base/sun.nio.ch=ALL-UNNAMED
--enable-native-access=ALL-UNNAMED
-Dlog4j2.disable.jmx=true
-Dlog4j.layout.jsonTemplate.maxStringLength=32768
                                                                server.memory.heap.initial_size=512.00MiB
                                                                server.memory.heap.max_size=2.00GiB
                                                                server.memory.pagecache.size=1.00GiB
                                                                server.windows_service_name=neo4j
                                                                Directories in use:
                                                                server.directories.data=D:\bigmaths\neo4j\data
                                                                server.directories.dumps.root=D:\bigmaths\neo4j\data\dumps
                                                                server.directories.import=D:\bigmaths\neo4j\import
                                                                server.directories.lib=D:\bigmaths\neo4j\lib
                                                                server.directories.licenses=D:\bigmaths\neo4j\licenses
                                                                server.directories.logs=D:\bigmaths\neo4j\logs
                                                                server.directories.neo4j_home=D:\bigmaths\neo4j
                                                                server.directories.plugins=D:\bigmaths\neo4j\plugins
                                                                server.directories.run=D:\bigmaths\neo4j\run
                                                                server.directories.script.root=D:\bigmaths\neo4j\data\scripts
                                                                server.directories.transaction.logs.root=D:\bigmaths\neo4j\data\transactions
                                                                
2026-09-05 23:23:05.875+0000 INFO  [o.n.i.d.DiagnosticsManager] 
                                                                --------------------------------------------------------------------------------
                                                                                                 [ Packaging ]                                  
                                                                --------------------------------------------------------------------------------
                                                                Edition: Community
                                                                Package Type: docker trixie
                                                                
2026-09-05 23:23:05.920+0000 INFO  [o.n.d.i.DefaultIdentityModule] Found ServerId on disk: ServerId{1d60b665} (1d60b665-7b67-4ac4-a89f-dac9840a564f)
2026-09-05 23:23:05.922+0000 INFO  [o.n.d.i.DefaultIdentityModule] This instance is ServerId{1d60b665} (1d60b665-7b67-4ac4-a89f-dac9840a564f)
2026-09-05 23:23:07.006+0000 INFO  [o.n.s.CommunityNeoWebServer] ======== Neo4j 5.26.30 ========
2026-09-05 23:23:07.028+0000 INFO  [o.n.d.d.DatabaseLifecycles] Creating 'DatabaseId{00000000[system]}'.
2026-09-05 23:23:07.315+0000 INFO  [o.n.b.BoltServer] Using connector transport NIO
2026-09-05 23:23:07.569+0000 INFO  [o.n.b.BoltServer] Configured external Bolt connector with listener address /127.0.0.1:7687
2026-09-05 23:23:07.571+0000 INFO  [o.n.b.BoltServer] Bolt server loaded
2026-09-05 23:23:07.591+0000 INFO  [o.n.d.d.DatabaseLifecycles] Starting 'DatabaseId{00000000[system]}'.
2026-09-05 23:23:08.068+0000 INFO  [o.n.k.i.t.l.f.c.CheckpointLogFile] [system/00000000] Scanning log file with version 0 for checkpoint entries
2026-09-05 23:23:08.104+0000 INFO  [o.n.k.i.s.f.RecordFormatSelector] [system/00000000] Selected RecordFormat:PageAlignedV5_0[aligned-1.1] record format from store D:\bigmaths\neo4j\data\databases\system
2026-09-05 23:23:08.105+0000 INFO  [o.n.k.i.s.f.RecordFormatSelector] [system/00000000] Selected format from the store files: RecordFormat:PageAlignedV5_0[aligned-1.1]
2026-09-05 23:23:08.511+0000 INFO  [o.n.i.d.DiagnosticsManager] [system/00000000] 
                                                                [system/00000000] ********************************************************************************
                                                                [system/00000000]                               [ Database: system ]                              
                                                                [system/00000000] ********************************************************************************
                                                                [system/00000000] --------------------------------------------------------------------------------
                                                                [system/00000000]                                   [ Version ]                                   
                                                                [system/00000000] --------------------------------------------------------------------------------
                                                                [system/00000000] DBMS: community record-aligned-1.1
                                                                [system/00000000] Kernel version: 5.26.30
                                                                [system/00000000] 
                                                                [system/00000000] --------------------------------------------------------------------------------
                                                                [system/00000000]                                 [ Store files ]                                 
                                                                [system/00000000] --------------------------------------------------------------------------------
                                                                [system/00000000] Disk space on partition (Total / Free / Free %): 807072165888 / 180168388608 / 22
                                                                [system/00000000] Storage files stored on file store: NTFS
                                                                [system/00000000] Storage files: (filename : modification date - size)
                                                                [system/00000000]   database_lock: 2026-09-01 15:36:39.658+0000 - 0B
                                                                [system/00000000]   id-buffer.tmp.0: 2026-09-01 15:36:39.654+0000 - 0B
                                                                [system/00000000]   neostore: 2026-09-01 15:36:39.547+0000 - 8.000KiB
                                                                [system/00000000]   neostore.counts.db: 2026-09-05 23:23:08.394+0000 - 48.00KiB
                                                                [system/00000000]   neostore.indexstats.db: 2026-09-05 23:23:08.424+0000 - 48.00KiB
                                                                [system/00000000]   neostore.labeltokenstore.db: 2026-09-01 15:51:40.648+0000 - 8.000KiB
                                                                [system/00000000]   neostore.labeltokenstore.db.id: 2026-09-05 23:23:08.333+0000 - 40.00KiB
                                                                [system/00000000]   neostore.labeltokenstore.db.names: 2026-09-01 15:51:40.667+0000 - 8.000KiB
                                                                [system/00000000]   neostore.labeltokenstore.db.names.id: 2026-09-05 23:23:08.319+0000 - 40.00KiB
                                                                [system/00000000]   neostore.nodestore.db: 2026-09-01 15:51:40.678+0000 - 8.000KiB
                                                                [system/00000000]   neostore.nodestore.db.id: 2026-09-05 23:23:08.184+0000 - 40.00KiB
                                                                [system/00000000]   neostore.nodestore.db.labels: 2026-09-01 15:36:39.392+0000 - 8.000KiB
                                                                [system/00000000]   neostore.nodestore.db.labels.id: 2026-09-05 23:23:08.165+0000 - 40.00KiB
                                                                [system/00000000]   neostore.propertystore.db: 2026-09-01 15:51:40.658+0000 - 8.000KiB
                                                                [system/00000000]   neostore.propertystore.db.arrays: 2026-09-01 15:36:39.412+0000 - 8.000KiB
                                                                [system/00000000]   neostore.propertystore.db.arrays.id: 2026-09-05 23:23:08.244+0000 - 40.00KiB
                                                                [system/00000000]   neostore.propertystore.db.id: 2026-09-05 23:23:08.260+0000 - 40.00KiB
                                                                [system/00000000]   neostore.propertystore.db.index: 2026-09-01 15:51:40.651+0000 - 8.000KiB
                                                                [system/00000000]   neostore.propertystore.db.index.id: 2026-09-05 23:23:08.212+0000 - 40.00KiB
                                                                [system/00000000]   neostore.propertystore.db.index.keys: 2026-09-01 15:51:40.644+0000 - 8.000KiB
                                                                [system/00000000]   neostore.propertystore.db.index.keys.id: 2026-09-05 23:23:08.200+0000 - 40.00KiB
                                                                [system/00000000]   neostore.propertystore.db.strings: 2026-09-01 15:51:40.654+0000 - 8.000KiB
                                                                [system/00000000]   neostore.propertystore.db.strings.id: 2026-09-05 23:23:08.229+0000 - 40.00KiB
                                                                [system/00000000]   neostore.relationshipgroupstore.db: 2026-09-01 15:36:39.440+0000 - 8.000KiB
                                                                [system/00000000]   neostore.relationshipgroupstore.db.id: 2026-09-05 23:23:08.364+0000 - 40.00KiB
                                                                [system/00000000]   neostore.relationshipgroupstore.degrees.db: 2026-09-05 23:23:08.412+0000 - 40.00KiB
                                                                [system/00000000]   neostore.relationshipstore.db: 2026-09-01 15:51:40.671+0000 - 8.000KiB
                                                                [system/00000000]   neostore.relationshipstore.db.id: 2026-09-05 23:23:08.275+0000 - 40.00KiB
                                                                [system/00000000]   neostore.relationshiptypestore.db: 2026-09-01 15:51:40.674+0000 - 8.000KiB
                                                                [system/00000000]   neostore.relationshiptypestore.db.id: 2026-09-05 23:23:08.305+0000 - 40.00KiB
                                                                [system/00000000]   neostore.relationshiptypestore.db.names: 2026-09-01 15:51:40.661+0000 - 8.000KiB
                                                                [system/00000000]   neostore.relationshiptypestore.db.names.id: 2026-09-05 23:23:08.291+0000 - 40.00KiB
                                                                [system/00000000]   neostore.schemastore.db: 2026-09-01 15:51:40.665+0000 - 8.000KiB
                                                                [system/00000000]   neostore.schemastore.db.id: 2026-09-05 23:23:08.349+0000 - 40.00KiB
                                                                [system/00000000]   schema:
                                                                [system/00000000]     index:
                                                                [system/00000000]       range-1.0:
                                                                [system/00000000]         3:
                                                                [system/00000000]           index-3: 2026-09-01 15:51:40.499+0000 - 48.00KiB
                                                                [system/00000000]         - Total: 2026-09-01 15:36:40.188+0000 - 48.00KiB
                                                                [system/00000000]         4:
                                                                [system/00000000]           index-4: 2026-09-01 15:51:40.509+0000 - 48.00KiB
                                                                [system/00000000]         - Total: 2026-09-01 15:36:40.253+0000 - 48.00KiB
                                                                [system/00000000]         7:
                                                                [system/00000000]           index-7: 2026-09-01 15:51:40.519+0000 - 48.00KiB
                                                                [system/00000000]         - Total: 2026-09-01 15:36:40.454+0000 - 48.00KiB
                                                                [system/00000000]         8:
                                                                [system/00000000]           index-8: 2026-09-01 15:51:40.529+0000 - 48.00KiB
                                                                [system/00000000]         - Total: 2026-09-01 15:36:40.506+0000 - 48.00KiB
                                                                [system/00000000]         9:
                                                                [system/00000000]           index-9: 2026-09-01 15:51:40.538+0000 - 48.00KiB
                                                                [system/00000000]         - Total: 2026-09-01 15:36:40.577+0000 - 48.00KiB
                                                                [system/00000000]       - Total: 2026-09-01 15:36:40.576+0000 - 240.0KiB
                                                                [system/00000000]       token-lookup-1.0:
                                                                [system/00000000]         1:
                                                                [system/00000000]           index-1: 2026-09-01 15:51:40.477+0000 - 48.00KiB
                                                                [system/00000000]         - Total: 2026-09-01 15:36:39.842+0000 - 48.00KiB
                                                                [system/00000000]         2:
                                                                [system/00000000]           index-2: 2026-09-01 15:51:40.488+0000 - 48.00KiB
                                                                [system/00000000]         - Total: 2026-09-01 15:36:39.902+0000 - 48.00KiB
                                                                [system/00000000]       - Total: 2026-09-01 15:36:39.901+0000 - 96.00KiB
                                                                [system/00000000]     - Total: 2026-09-01 15:36:40.188+0000 - 336.0KiB
                                                                [system/00000000]   - Total: 2026-09-01 15:36:39.839+0000 - 336.0KiB
                                                                [system/00000000] Storage summary: 
                                                                [system/00000000]   Total size of store: 1.125MiB
                                                                [system/00000000]   Total size of mapped files: 456.0KiB
                                                                [system/00000000] 
                                                                [system/00000000] --------------------------------------------------------------------------------
                                                                [system/00000000]                               [ Transaction log ]                               
                                                                [system/00000000] --------------------------------------------------------------------------------
                                                                [system/00000000] Transaction log files stored on file store: NTFS
                                                                [system/00000000] Transaction log metadata:
                                                                [system/00000000]  - current kernel version used in transactions: V5_25
                                                                [system/00000000]  - last committed transaction id: 41
                                                                [system/00000000] Transaction log files:
                                                                [system/00000000]  - existing transaction log versions: 0-0
                                                                [system/00000000]  - oldest append index 2 found in log with version 0
                                                                [system/00000000]  - files: (filename : creation date - size)
                                                                [system/00000000]      neostore.transaction.db.0: 2026-09-01 15:36:39.671+0000 - 23.46KiB
                                                                [system/00000000]  - total size of files: 23.46KiB
                                                                [system/00000000] Checkpoint log files:
                                                                [system/00000000]  - existing checkpoint log versions: 0-0
                                                                [system/00000000]  - last checkpoint: CheckpointInfo[oldestNotVisibleTransactionLogPosition=LogPosition{logVersion=0, byteOffset=24028}, transactionLogPosition=LogPosition{logVersion=0, byteOffset=24028}, storeId=StoreId{creationTime=1788276999542, random=974428032443312329, storageEngineName='record', formatName='aligned', majorVersion=1, minorVersion=1}, checkpointEntryPosition=LogPosition{logVersion=0, byteOffset=360}, channelPositionAfterCheckpoint=LogPosition{logVersion=0, byteOffset=592}, checkpointFilePostReadPosition=LogPosition{logVersion=0, byteOffset=592}, kernelVersion=KernelVersion{V5_25,version=20}, kernelVersionByte=20, transactionId=TransactionId[id=41, appendIndex=41, kernelVersion=KernelVersion{V5_25,version=20}, checksum=1982320162, commitTimestamp=1788277000659, consensusIndex=-1], appendIndex=41, reason=Checkpoint triggered by "Scheduled checkpoint for every 15 minutes threshol, consensusIndexInCheckpoint=true]
                                                                [system/00000000] 
                                                                [system/00000000] --------------------------------------------------------------------------------
                                                                [system/00000000]                                   [ Id usage ]                                  
                                                                [system/00000000] --------------------------------------------------------------------------------
                                                                [system/00000000] ArrayPropertyStore[neostore.nodestore.db.labels]: used=1 high=0
                                                                [system/00000000] NodeStore[neostore.nodestore.db]: used=7 high=6
                                                                [system/00000000] StringPropertyStore[neostore.propertystore.db.index.keys]: used=47 high=46
                                                                [system/00000000] PropertyIndexStore[neostore.propertystore.db.index]: used=33 high=32
                                                                [system/00000000] StringPropertyStore[neostore.propertystore.db.strings]: used=3 high=2
                                                                [system/00000000] ArrayPropertyStore[neostore.propertystore.db.arrays]: used=1 high=0
                                                                [system/00000000] PropertyStore[neostore.propertystore.db]: used=73 high=72
                                                                [system/00000000] RelationshipStore[neostore.relationshipstore.db]: used=3 high=2
                                                                [system/00000000] StringPropertyStore[neostore.relationshiptypestore.db.names]: used=3 high=2
                                                                [system/00000000] RelationshipTypeStore[neostore.relationshiptypestore.db]: used=2 high=1
                                                                [system/00000000] StringPropertyStore[neostore.labeltokenstore.db.names]: used=6 high=5
                                                                [system/00000000] LabelTokenStore[neostore.labeltokenstore.db]: used=5 high=4
                                                                [system/00000000] SchemaStore[neostore.schemastore.db]: used=13 high=12
                                                                [system/00000000] RelationshipGroupStore[neostore.relationshipgroupstore.db]: used=1 high=0
                                                                [system/00000000] NeoStore[neostore]: used=-1 high=-1
                                                                [system/00000000] 
                                                                [system/00000000] --------------------------------------------------------------------------------
                                                                [system/00000000]                                   [ Metadata ]                                  
                                                                [system/00000000] --------------------------------------------------------------------------------
                                                                [system/00000000] EXTERNAL_STORE_UUID (Database identifier exposed as external store identity. Generated on creation and never updated): 6a3217bc-66a7-4529-a254-975c2d29b57f
                                                                [system/00000000] DATABASE_ID (The last used DatabaseId for this database): null
                                                                [system/00000000] LEGACY_STORE_VERSION (Legacy store format version. This field is used from 5.0 onwards only to distinguish non-migrated pre 5.0 metadata stores.): -3523014627327384477
                                                                [system/00000000] STORE_ID (Store ID): StoreId{creationTime=1788276999542, random=974428032443312329, storageEngineName='record', formatName='aligned', majorVersion=1, minorVersion=1}
                                                                [system/00000000] 
2026-09-05 23:23:08.571+0000 INFO  [o.n.k.i.i.s.TokenIndexProvider] [system/00000000] Schema index cleanup job registered: descriptor=Index( id=1, name='index_343aff4e', type='LOOKUP', schema=(:<any-labels>), indexProvider='token-lookup-1.0' ), indexFile=D:\bigmaths\neo4j\data\databases\system\schema\index\token-lookup-1.0\1\index-1
2026-09-05 23:23:08.572+0000 INFO  [o.n.k.i.i.s.TokenIndexProvider] [system/00000000] Schema index cleanup job started: descriptor=Index( id=1, name='index_343aff4e', type='LOOKUP', schema=(:<any-labels>), indexProvider='token-lookup-1.0' ), indexFile=D:\bigmaths\neo4j\data\databases\system\schema\index\token-lookup-1.0\1\index-1
2026-09-05 23:23:08.574+0000 INFO  [o.n.k.i.i.s.TokenIndexProvider] [system/00000000] Schema index cleanup job finished: descriptor=Index( id=1, name='index_343aff4e', type='LOOKUP', schema=(:<any-labels>), indexProvider='token-lookup-1.0' ), indexFile=D:\bigmaths\neo4j\data\databases\system\schema\index\token-lookup-1.0\1\index-1 Number of pages visited: 3, Number of tree nodes: 2, Number of cleaned crashed pointers: 0, Time spent: 0ms
2026-09-05 23:23:08.574+0000 INFO  [o.n.k.i.i.s.TokenIndexProvider] [system/00000000] Schema index cleanup job closed: descriptor=Index( id=1, name='index_343aff4e', type='LOOKUP', schema=(:<any-labels>), indexProvider='token-lookup-1.0' ), indexFile=D:\bigmaths\neo4j\data\databases\system\schema\index\token-lookup-1.0\1\index-1
2026-09-05 23:23:08.591+0000 INFO  [o.n.k.i.i.s.TokenIndexProvider] [system/00000000] Schema index cleanup job registered: descriptor=Index( id=2, name='index_f7700477', type='LOOKUP', schema=()-[:<any-types>]-(), indexProvider='token-lookup-1.0' ), indexFile=D:\bigmaths\neo4j\data\databases\system\schema\index\token-lookup-1.0\2\index-2
2026-09-05 23:23:08.591+0000 INFO  [o.n.k.i.i.s.TokenIndexProvider] [system/00000000] Schema index cleanup job started: descriptor=Index( id=2, name='index_f7700477', type='LOOKUP', schema=()-[:<any-types>]-(), indexProvider='token-lookup-1.0' ), indexFile=D:\bigmaths\neo4j\data\databases\system\schema\index\token-lookup-1.0\2\index-2
2026-09-05 23:23:08.592+0000 INFO  [o.n.k.i.i.s.TokenIndexProvider] [system/00000000] Schema index cleanup job finished: descriptor=Index( id=2, name='index_f7700477', type='LOOKUP', schema=()-[:<any-types>]-(), indexProvider='token-lookup-1.0' ), indexFile=D:\bigmaths\neo4j\data\databases\system\schema\index\token-lookup-1.0\2\index-2 Number of pages visited: 3, Number of tree nodes: 2, Number of cleaned crashed pointers: 0, Time spent: 0ms
2026-09-05 23:23:08.592+0000 INFO  [o.n.k.i.i.s.TokenIndexProvider] [system/00000000] Schema index cleanup job closed: descriptor=Index( id=2, name='index_f7700477', type='LOOKUP', schema=()-[:<any-types>]-(), indexProvider='token-lookup-1.0' ), indexFile=D:\bigmaths\neo4j\data\databases\system\schema\index\token-lookup-1.0\2\index-2
2026-09-05 23:23:08.615+0000 INFO  [o.n.k.i.i.s.RangeIndexProvider] [system/00000000] Schema index cleanup job registered: descriptor=Index( id=3, name='constraint_798238d6', type='RANGE', schema=(:Label[1] {PropertyKey[11], PropertyKey[12]}), indexProvider='range-1.0', owningConstraint=5 ), indexFile=D:\bigmaths\neo4j\data\databases\system\schema\index\range-1.0\3\index-3
2026-09-05 23:23:08.615+0000 INFO  [o.n.k.i.i.s.RangeIndexProvider] [system/00000000] Schema index cleanup job started: descriptor=Index( id=3, name='constraint_798238d6', type='RANGE', schema=(:Label[1] {PropertyKey[11], PropertyKey[12]}), indexProvider='range-1.0', owningConstraint=5 ), indexFile=D:\bigmaths\neo4j\data\databases\system\schema\index\range-1.0\3\index-3
2026-09-05 23:23:08.615+0000 INFO  [o.n.k.i.i.s.RangeIndexProvider] [system/00000000] Schema index cleanup job finished: descriptor=Index( id=3, name='constraint_798238d6', type='RANGE', schema=(:Label[1] {PropertyKey[11], PropertyKey[12]}), indexProvider='range-1.0', owningConstraint=5 ), indexFile=D:\bigmaths\neo4j\data\databases\system\schema\index\range-1.0\3\index-3 Number of pages visited: 3, Number of tree nodes: 2, Number of cleaned crashed pointers: 0, Time spent: 0ms
2026-09-05 23:23:08.615+0000 INFO  [o.n.k.i.i.s.RangeIndexProvider] [system/00000000] Schema index cleanup job closed: descriptor=Index( id=3, name='constraint_798238d6', type='RANGE', schema=(:Label[1] {PropertyKey[11], PropertyKey[12]}), indexProvider='range-1.0', owningConstraint=5 ), indexFile=D:\bigmaths\neo4j\data\databases\system\schema\index\range-1.0\3\index-3
2026-09-05 23:23:08.632+0000 INFO  [o.n.k.i.i.s.RangeIndexProvider] [system/00000000] Schema index cleanup job registered: descriptor=Index( id=4, name='constraint_8014b60a', type='RANGE', schema=(:Label[2] {PropertyKey[11]}), indexProvider='range-1.0', owningConstraint=6 ), indexFile=D:\bigmaths\neo4j\data\databases\system\schema\index\range-1.0\4\index-4
2026-09-05 23:23:08.632+0000 INFO  [o.n.k.i.i.s.RangeIndexProvider] [system/00000000] Schema index cleanup job started: descriptor=Index( id=4, name='constraint_8014b60a', type='RANGE', schema=(:Label[2] {PropertyKey[11]}), indexProvider='range-1.0', owningConstraint=6 ), indexFile=D:\bigmaths\neo4j\data\databases\system\schema\index\range-1.0\4\index-4
2026-09-05 23:23:08.632+0000 INFO  [o.n.k.i.i.s.RangeIndexProvider] [system/00000000] Schema index cleanup job finished: descriptor=Index( id=4, name='constraint_8014b60a', type='RANGE', schema=(:Label[2] {PropertyKey[11]}), indexProvider='range-1.0', owningConstraint=6 ), indexFile=D:\bigmaths\neo4j\data\databases\system\schema\index\range-1.0\4\index-4 Number of pages visited: 3, Number of tree nodes: 2, Number of cleaned crashed pointers: 0, Time spent: 0ms
2026-09-05 23:23:08.632+0000 INFO  [o.n.k.i.i.s.RangeIndexProvider] [system/00000000] Schema index cleanup job closed: descriptor=Index( id=4, name='constraint_8014b60a', type='RANGE', schema=(:Label[2] {PropertyKey[11]}), indexProvider='range-1.0', owningConstraint=6 ), indexFile=D:\bigmaths\neo4j\data\databases\system\schema\index\range-1.0\4\index-4
2026-09-05 23:23:08.644+0000 INFO  [o.n.k.i.i.s.RangeIndexProvider] [system/00000000] Schema index cleanup job registered: descriptor=Index( id=7, name='constraint_5789ae3', type='RANGE', schema=(:Label[3] {PropertyKey[11]}), indexProvider='range-1.0', owningConstraint=12 ), indexFile=D:\bigmaths\neo4j\data\databases\system\schema\index\range-1.0\7\index-7
2026-09-05 23:23:08.644+0000 INFO  [o.n.k.i.i.s.RangeIndexProvider] [system/00000000] Schema index cleanup job started: descriptor=Index( id=7, name='constraint_5789ae3', type='RANGE', schema=(:Label[3] {PropertyKey[11]}), indexProvider='range-1.0', owningConstraint=12 ), indexFile=D:\bigmaths\neo4j\data\databases\system\schema\index\range-1.0\7\index-7
2026-09-05 23:23:08.644+0000 INFO  [o.n.k.i.i.s.RangeIndexProvider] [system/00000000] Schema index cleanup job finished: descriptor=Index( id=7, name='constraint_5789ae3', type='RANGE', schema=(:Label[3] {PropertyKey[11]}), indexProvider='range-1.0', owningConstraint=12 ), indexFile=D:\bigmaths\neo4j\data\databases\system\schema\index\range-1.0\7\index-7 Number of pages visited: 3, Number of tree nodes: 2, Number of cleaned crashed pointers: 0, Time spent: 0ms
2026-09-05 23:23:08.645+0000 INFO  [o.n.k.i.i.s.RangeIndexProvider] [system/00000000] Schema index cleanup job closed: descriptor=Index( id=7, name='constraint_5789ae3', type='RANGE', schema=(:Label[3] {PropertyKey[11]}), indexProvider='range-1.0', owningConstraint=12 ), indexFile=D:\bigmaths\neo4j\data\databases\system\schema\index\range-1.0\7\index-7
2026-09-05 23:23:08.661+0000 INFO  [o.n.k.i.i.s.RangeIndexProvider] [system/00000000] Schema index cleanup job registered: descriptor=Index( id=8, name='constraint_74fad970', type='RANGE', schema=(:Label[3] {PropertyKey[27]}), indexProvider='range-1.0', owningConstraint=10 ), indexFile=D:\bigmaths\neo4j\data\databases\system\schema\index\range-1.0\8\index-8
2026-09-05 23:23:08.662+0000 INFO  [o.n.k.i.i.s.RangeIndexProvider] [system/00000000] Schema index cleanup job started: descriptor=Index( id=8, name='constraint_74fad970', type='RANGE', schema=(:Label[3] {PropertyKey[27]}), indexProvider='range-1.0', owningConstraint=10 ), indexFile=D:\bigmaths\neo4j\data\databases\system\schema\index\range-1.0\8\index-8
2026-09-05 23:23:08.662+0000 INFO  [o.n.k.i.i.s.RangeIndexProvider] [system/00000000] Schema index cleanup job finished: descriptor=Index( id=8, name='constraint_74fad970', type='RANGE', schema=(:Label[3] {PropertyKey[27]}), indexProvider='range-1.0', owningConstraint=10 ), indexFile=D:\bigmaths\neo4j\data\databases\system\schema\index\range-1.0\8\index-8 Number of pages visited: 3, Number of tree nodes: 2, Number of cleaned crashed pointers: 0, Time spent: 0ms
2026-09-05 23:23:08.662+0000 INFO  [o.n.k.i.i.s.RangeIndexProvider] [system/00000000] Schema index cleanup job closed: descriptor=Index( id=8, name='constraint_74fad970', type='RANGE', schema=(:Label[3] {PropertyKey[27]}), indexProvider='range-1.0', owningConstraint=10 ), indexFile=D:\bigmaths\neo4j\data\databases\system\schema\index\range-1.0\8\index-8
2026-09-05 23:23:08.673+0000 INFO  [o.n.k.i.i.s.RangeIndexProvider] [system/00000000] Schema index cleanup job registered: descriptor=Index( id=9, name='auth-constraint', type='RANGE', schema=(:Label[4] {PropertyKey[28], PropertyKey[27]}), indexProvider='range-1.0', owningConstraint=11 ), indexFile=D:\bigmaths\neo4j\data\databases\system\schema\index\range-1.0\9\index-9
2026-09-05 23:23:08.673+0000 INFO  [o.n.k.i.i.s.RangeIndexProvider] [system/00000000] Schema index cleanup job started: descriptor=Index( id=9, name='auth-constraint', type='RANGE', schema=(:Label[4] {PropertyKey[28], PropertyKey[27]}), indexProvider='range-1.0', owningConstraint=11 ), indexFile=D:\bigmaths\neo4j\data\databases\system\schema\index\range-1.0\9\index-9
2026-09-05 23:23:08.674+0000 INFO  [o.n.k.i.i.s.RangeIndexProvider] [system/00000000] Schema index cleanup job finished: descriptor=Index( id=9, name='auth-constraint', type='RANGE', schema=(:Label[4] {PropertyKey[28], PropertyKey[27]}), indexProvider='range-1.0', owningConstraint=11 ), indexFile=D:\bigmaths\neo4j\data\databases\system\schema\index\range-1.0\9\index-9 Number of pages visited: 3, Number of tree nodes: 2, Number of cleaned crashed pointers: 0, Time spent: 0ms
2026-09-05 23:23:08.674+0000 INFO  [o.n.k.i.i.s.RangeIndexProvider] [system/00000000] Schema index cleanup job closed: descriptor=Index( id=9, name='auth-constraint', type='RANGE', schema=(:Label[4] {PropertyKey[28], PropertyKey[27]}), indexProvider='range-1.0', owningConstraint=11 ), indexFile=D:\bigmaths\neo4j\data\databases\system\schema\index\range-1.0\9\index-9
2026-09-05 23:23:08.674+0000 INFO  [o.n.k.i.a.i.IndexingService] [system/00000000] IndexingService.init: indexes not specifically mentioned above are ONLINE. Total 7 indexes. Processed in 127ms
2026-09-05 23:23:08.676+0000 INFO  [o.n.k.a.DatabaseAvailabilityGuard] [system/00000000] Requirement `Database unavailable` makes database system unavailable.
2026-09-05 23:23:08.676+0000 INFO  [o.n.k.a.DatabaseAvailabilityGuard] [system/00000000] DatabaseId{00000000[system]} is unavailable.
2026-09-05 23:23:08.684+0000 INFO  [o.n.k.d.Database] [system/00000000] Starting transaction log [D:\bigmaths\neo4j\data\transactions\system\neostore.transaction.db.0] at version=0
2026-09-05 23:23:08.687+0000 INFO  [o.n.k.d.Database] [system/00000000] Starting transaction log [D:\bigmaths\neo4j\data\transactions\system\checkpoint.0] at version=0
2026-09-05 23:23:08.688+0000 INFO  [o.n.k.i.t.l.f.c.CheckpointLogFile] [system/00000000] Scanning log file with version 0 for checkpoint entries
2026-09-05 23:23:08.690+0000 INFO  [o.n.k.i.a.i.IndexingService] [system/00000000] IndexingService.start: indexes not specifically mentioned above are ONLINE. Total 7 indexes. Processed in 0ms
2026-09-05 23:23:08.696+0000 INFO  [o.n.k.a.DatabaseAvailabilityGuard] [system/00000000] Fulfilling of requirement 'Database unavailable' makes database system available.
2026-09-05 23:23:08.696+0000 INFO  [o.n.k.a.DatabaseAvailabilityGuard] [system/00000000] DatabaseId{00000000[system]} is ready.
2026-09-05 23:23:08.784+0000 INFO  [o.n.s.s.s.UserSecurityGraphComponent] Performing postInitialization step for component 'security-users' with version 5 and status CURRENT
2026-09-05 23:23:08.784+0000 INFO  [o.n.s.s.s.UserSecurityGraphComponent] Updating the initial password in component 'security-users'
2026-09-05 23:23:08.807+0000 INFO  [o.n.d.d.DatabaseLifecycles] Creating 'DatabaseId{3681fcc7[neo4j]}'.
2026-09-05 23:23:08.809+0000 INFO  [o.n.d.d.DatabaseLifecycles] Starting 'DatabaseId{3681fcc7[neo4j]}'.
2026-09-05 23:23:08.839+0000 INFO  [o.n.k.i.t.l.f.c.CheckpointLogFile] [neo4j/3681fcc7] Scanning log file with version 0 for checkpoint entries
2026-09-05 23:23:08.854+0000 INFO  [o.n.k.i.s.f.RecordFormatSelector] [neo4j/3681fcc7] Selected RecordFormat:PageAlignedV5_0[aligned-1.1] record format from store D:\bigmaths\neo4j\data\databases\neo4j
2026-09-05 23:23:08.855+0000 INFO  [o.n.k.i.s.f.RecordFormatSelector] [neo4j/3681fcc7] Selected format from the store files: RecordFormat:PageAlignedV5_0[aligned-1.1]
2026-09-05 23:23:09.128+0000 INFO  [o.n.i.d.DiagnosticsManager] [neo4j/3681fcc7] 
                                                                [neo4j/3681fcc7] ********************************************************************************
                                                                [neo4j/3681fcc7]                               [ Database: neo4j ]                               
                                                                [neo4j/3681fcc7] ********************************************************************************
                                                                [neo4j/3681fcc7] --------------------------------------------------------------------------------
                                                                [neo4j/3681fcc7]                                   [ Version ]                                   
                                                                [neo4j/3681fcc7] --------------------------------------------------------------------------------
                                                                [neo4j/3681fcc7] DBMS: community record-aligned-1.1
                                                                [neo4j/3681fcc7] Kernel version: 5.26.30
                                                                [neo4j/3681fcc7] 
                                                                [neo4j/3681fcc7] --------------------------------------------------------------------------------
                                                                [neo4j/3681fcc7]                                 [ Store files ]                                 
                                                                [neo4j/3681fcc7] --------------------------------------------------------------------------------
                                                                [neo4j/3681fcc7] Disk space on partition (Total / Free / Free %): 807072165888 / 180168388608 / 22
                                                                [neo4j/3681fcc7] Storage files stored on file store: NTFS
                                                                [neo4j/3681fcc7] Storage files: (filename : modification date - size)
                                                                [neo4j/3681fcc7]   database_lock: 2026-09-01 15:36:40.738+0000 - 0B
                                                                [neo4j/3681fcc7]   id-buffer.tmp.0: 2026-09-01 16:30:09.653+0000 - 2.599MiB
                                                                [neo4j/3681fcc7]   neostore: 2026-09-01 15:36:40.722+0000 - 8.000KiB
                                                                [neo4j/3681fcc7]   neostore.counts.db: 2026-09-05 23:23:09.095+0000 - 48.00KiB
                                                                [neo4j/3681fcc7]   neostore.indexstats.db: 2026-09-05 23:23:09.113+0000 - 48.00KiB
                                                                [neo4j/3681fcc7]   neostore.labeltokenstore.db: 2026-09-01 16:27:03.341+0000 - 8.000KiB
                                                                [neo4j/3681fcc7]   neostore.labeltokenstore.db.id: 2026-09-05 23:23:09.052+0000 - 40.00KiB
                                                                [neo4j/3681fcc7]   neostore.labeltokenstore.db.names: 2026-09-01 16:27:03.328+0000 - 8.000KiB
                                                                [neo4j/3681fcc7]   neostore.labeltokenstore.db.names.id: 2026-09-05 23:23:09.039+0000 - 40.00KiB
                                                                [neo4j/3681fcc7]   neostore.nodestore.db: 2026-09-04 13:54:21.959+0000 - 432.0KiB
                                                                [neo4j/3681fcc7]   neostore.nodestore.db.id: 2026-09-05 23:23:08.903+0000 - 72.00KiB
                                                                [neo4j/3681fcc7]   neostore.nodestore.db.labels: 2026-09-01 15:36:40.679+0000 - 8.000KiB
                                                                [neo4j/3681fcc7]   neostore.nodestore.db.labels.id: 2026-09-05 23:23:08.863+0000 - 40.00KiB
                                                                [neo4j/3681fcc7]   neostore.propertystore.db: 2026-09-04 13:54:21.967+0000 - 9.211MiB
                                                                [neo4j/3681fcc7]   neostore.propertystore.db.arrays: 2026-09-01 16:42:04.301+0000 - 320.0KiB
                                                                [neo4j/3681fcc7]   neostore.propertystore.db.arrays.id: 2026-09-05 23:23:08.961+0000 - 48.00KiB
                                                                [neo4j/3681fcc7]   neostore.propertystore.db.id: 2026-09-05 23:23:08.977+0000 - 216.0KiB
                                                                [neo4j/3681fcc7]   neostore.propertystore.db.index: 2026-09-04 13:54:21.948+0000 - 8.000KiB
                                                                [neo4j/3681fcc7]   neostore.propertystore.db.index.id: 2026-09-05 23:23:08.930+0000 - 40.00KiB
                                                                [neo4j/3681fcc7]   neostore.propertystore.db.index.keys: 2026-09-04 13:54:21.962+0000 - 8.000KiB
                                                                [neo4j/3681fcc7]   neostore.propertystore.db.index.keys.id: 2026-09-05 23:23:08.919+0000 - 40.00KiB
                                                                [neo4j/3681fcc7]   neostore.propertystore.db.strings: 2026-09-01 16:42:04.314+0000 - 32.00KiB
                                                                [neo4j/3681fcc7]   neostore.propertystore.db.strings.id: 2026-09-05 23:23:08.946+0000 - 48.00KiB
                                                                [neo4j/3681fcc7]   neostore.relationshipgroupstore.db: 2026-09-01 16:42:04.296+0000 - 8.000KiB
                                                                [neo4j/3681fcc7]   neostore.relationshipgroupstore.db.id: 2026-09-05 23:23:09.082+0000 - 48.00KiB
                                                                [neo4j/3681fcc7]   neostore.relationshipgroupstore.degrees.db: 2026-09-05 23:23:09.104+0000 - 48.00KiB
                                                                [neo4j/3681fcc7]   neostore.relationshipstore.db: 2026-09-01 16:42:04.306+0000 - 4.422MiB
                                                                [neo4j/3681fcc7]   neostore.relationshipstore.db.id: 2026-09-05 23:23:08.994+0000 - 176.0KiB
                                                                [neo4j/3681fcc7]   neostore.relationshiptypestore.db: 2026-09-01 16:27:03.351+0000 - 8.000KiB
                                                                [neo4j/3681fcc7]   neostore.relationshiptypestore.db.id: 2026-09-05 23:23:09.024+0000 - 40.00KiB
                                                                [neo4j/3681fcc7]   neostore.relationshiptypestore.db.names: 2026-09-01 16:27:03.319+0000 - 8.000KiB
                                                                [neo4j/3681fcc7]   neostore.relationshiptypestore.db.names.id: 2026-09-05 23:23:09.013+0000 - 40.00KiB
                                                                [neo4j/3681fcc7]   neostore.schemastore.db: 2026-09-04 13:54:21.954+0000 - 8.000KiB
                                                                [neo4j/3681fcc7]   neostore.schemastore.db.id: 2026-09-05 23:23:09.068+0000 - 40.00KiB
                                                                [neo4j/3681fcc7]   schema:
                                                                [neo4j/3681fcc7]     index:
                                                                [neo4j/3681fcc7]       range-1.0:
                                                                [neo4j/3681fcc7]         10:
                                                                [neo4j/3681fcc7]           index-10: 2026-09-04 13:54:21.860+0000 - 64.00KiB
                                                                [neo4j/3681fcc7]         - Total: 2026-09-04 13:54:18.388+0000 - 64.00KiB
                                                                [neo4j/3681fcc7]         3:
                                                                [neo4j/3681fcc7]           index-3: 2026-09-04 13:54:21.827+0000 - 2.320MiB
                                                                [neo4j/3681fcc7]         - Total: 2026-09-01 16:26:53.649+0000 - 2.320MiB
                                                                [neo4j/3681fcc7]         5:
                                                                [neo4j/3681fcc7]           index-5: 2026-09-04 13:54:21.831+0000 - 312.0KiB
                                                                [neo4j/3681fcc7]         - Total: 2026-09-01 16:26:53.726+0000 - 312.0KiB
                                                                [neo4j/3681fcc7]         7:
                                                                [neo4j/3681fcc7]           index-7: 2026-09-04 13:54:21.836+0000 - 2.945MiB
                                                                [neo4j/3681fcc7]         - Total: 2026-09-01 16:26:53.801+0000 - 2.945MiB
                                                                [neo4j/3681fcc7]         8:
                                                                [neo4j/3681fcc7]           index-8: 2026-09-04 13:54:21.839+0000 - 1.148MiB
                                                                [neo4j/3681fcc7]         - Total: 2026-09-01 16:26:53.859+0000 - 1.148MiB
                                                                [neo4j/3681fcc7]         9:
                                                                [neo4j/3681fcc7]           index-9: 2026-09-04 13:54:21.850+0000 - 728.0KiB
                                                                [neo4j/3681fcc7]         - Total: 2026-09-04 13:54:18.367+0000 - 728.0KiB
                                                                [neo4j/3681fcc7]       - Total: 2026-09-04 13:54:18.388+0000 - 7.492MiB
                                                                [neo4j/3681fcc7]       token-lookup-1.0:
                                                                [neo4j/3681fcc7]         1:
                                                                [neo4j/3681fcc7]           index-1: 2026-09-04 13:54:21.817+0000 - 48.00KiB
                                                                [neo4j/3681fcc7]         - Total: 2026-09-01 15:36:40.792+0000 - 48.00KiB
                                                                [neo4j/3681fcc7]         2:
                                                                [neo4j/3681fcc7]           index-2: 2026-09-04 13:54:21.822+0000 - 264.0KiB
                                                                [neo4j/3681fcc7]         - Total: 2026-09-01 15:36:40.834+0000 - 264.0KiB
                                                                [neo4j/3681fcc7]       - Total: 2026-09-01 15:36:40.834+0000 - 312.0KiB
                                                                [neo4j/3681fcc7]     - Total: 2026-09-01 16:26:53.647+0000 - 7.797MiB
                                                                [neo4j/3681fcc7]   - Total: 2026-09-01 15:36:40.791+0000 - 7.797MiB
                                                                [neo4j/3681fcc7] Storage summary: 
                                                                [neo4j/3681fcc7]   Total size of store: 25.92MiB
                                                                [neo4j/3681fcc7]   Total size of mapped files: 22.27MiB
                                                                [neo4j/3681fcc7] 
                                                                [neo4j/3681fcc7] --------------------------------------------------------------------------------
                                                                [neo4j/3681fcc7]                               [ Transaction log ]                               
                                                                [neo4j/3681fcc7] --------------------------------------------------------------------------------
                                                                [neo4j/3681fcc7] Transaction log files stored on file store: NTFS
                                                                [neo4j/3681fcc7] Transaction log metadata:
                                                                [neo4j/3681fcc7]  - current kernel version used in transactions: V5_25
                                                                [neo4j/3681fcc7]  - last committed transaction id: 118
                                                                [neo4j/3681fcc7] Transaction log files:
                                                                [neo4j/3681fcc7]  - existing transaction log versions: 0-0
                                                                [neo4j/3681fcc7]  - oldest append index 2 found in log with version 0
                                                                [neo4j/3681fcc7]  - files: (filename : creation date - size)
                                                                [neo4j/3681fcc7]      neostore.transaction.db.0: 2026-09-01 15:36:40.741+0000 - 135.8MiB
                                                                [neo4j/3681fcc7]  - total size of files: 135.8MiB
                                                                [neo4j/3681fcc7] Checkpoint log files:
                                                                [neo4j/3681fcc7]  - existing checkpoint log versions: 0-0
                                                                [neo4j/3681fcc7]  - last checkpoint: CheckpointInfo[oldestNotVisibleTransactionLogPosition=LogPosition{logVersion=0, byteOffset=142354738}, transactionLogPosition=LogPosition{logVersion=0, byteOffset=142354738}, storeId=StoreId{creationTime=1788277000722, random=464425553357387614, storageEngineName='record', formatName='aligned', majorVersion=1, minorVersion=1}, checkpointEntryPosition=LogPosition{logVersion=0, byteOffset=1288}, channelPositionAfterCheckpoint=LogPosition{logVersion=0, byteOffset=1520}, checkpointFilePostReadPosition=LogPosition{logVersion=0, byteOffset=1520}, kernelVersion=KernelVersion{V5_25,version=20}, kernelVersionByte=20, transactionId=TransactionId[id=118, appendIndex=118, kernelVersion=KernelVersion{V5_25,version=20}, checksum=1095626093, commitTimestamp=1788530060263, consensusIndex=-1], appendIndex=118, reason=Checkpoint triggered by "Scheduled checkpoint for every 15 minutes threshol, consensusIndexInCheckpoint=true]
                                                                [neo4j/3681fcc7] 
                                                                [neo4j/3681fcc7] --------------------------------------------------------------------------------
                                                                [neo4j/3681fcc7]                                   [ Id usage ]                                  
                                                                [neo4j/3681fcc7] --------------------------------------------------------------------------------
                                                                [neo4j/3681fcc7] ArrayPropertyStore[neostore.nodestore.db.labels]: used=1 high=0
                                                                [neo4j/3681fcc7] NodeStore[neostore.nodestore.db]: used=29094 high=29093
                                                                [neo4j/3681fcc7] StringPropertyStore[neostore.propertystore.db.index.keys]: used=49 high=48
                                                                [neo4j/3681fcc7] PropertyIndexStore[neostore.propertystore.db.index]: used=35 high=34
                                                                [neo4j/3681fcc7] StringPropertyStore[neostore.propertystore.db.strings]: used=247 high=246
                                                                [neo4j/3681fcc7] ArrayPropertyStore[neostore.propertystore.db.arrays]: used=2501 high=2500
                                                                [neo4j/3681fcc7] PropertyStore[neostore.propertystore.db]: used=234546 high=234545
                                                                [neo4j/3681fcc7] RelationshipStore[neostore.relationshipstore.db]: used=135822 high=135821
                                                                [neo4j/3681fcc7] StringPropertyStore[neostore.relationshiptypestore.db.names]: used=3 high=2
                                                                [neo4j/3681fcc7] RelationshipTypeStore[neostore.relationshiptypestore.db]: used=2 high=1
                                                                [neo4j/3681fcc7] StringPropertyStore[neostore.labeltokenstore.db.names]: used=3 high=2
                                                                [neo4j/3681fcc7] LabelTokenStore[neostore.labeltokenstore.db]: used=2 high=1
                                                                [neo4j/3681fcc7] SchemaStore[neostore.schemastore.db]: used=11 high=10
                                                                [neo4j/3681fcc7] RelationshipGroupStore[neostore.relationshipgroupstore.db]: used=65 high=64
                                                                [neo4j/3681fcc7] NeoStore[neostore]: used=-1 high=-1
                                                                [neo4j/3681fcc7] 
                                                                [neo4j/3681fcc7] --------------------------------------------------------------------------------
                                                                [neo4j/3681fcc7]                                   [ Metadata ]                                  
                                                                [neo4j/3681fcc7] --------------------------------------------------------------------------------
                                                                [neo4j/3681fcc7] EXTERNAL_STORE_UUID (Database identifier exposed as external store identity. Generated on creation and never updated): ca389aac-c311-437a-aa33-d425b26ae14a
                                                                [neo4j/3681fcc7] DATABASE_ID (The last used DatabaseId for this database): null
                                                                [neo4j/3681fcc7] LEGACY_STORE_VERSION (Legacy store format version. This field is used from 5.0 onwards only to distinguish non-migrated pre 5.0 metadata stores.): -3523014627327384477
                                                                [neo4j/3681fcc7] STORE_ID (Store ID): StoreId{creationTime=1788277000722, random=464425553357387614, storageEngineName='record', formatName='aligned', majorVersion=1, minorVersion=1}
                                                                [neo4j/3681fcc7] 
2026-09-05 23:23:09.145+0000 INFO  [o.n.k.i.i.s.TokenIndexProvider] [neo4j/3681fcc7] Schema index cleanup job registered: descriptor=Index( id=1, name='index_343aff4e', type='LOOKUP', schema=(:<any-labels>), indexProvider='token-lookup-1.0' ), indexFile=D:\bigmaths\neo4j\data\databases\neo4j\schema\index\token-lookup-1.0\1\index-1
2026-09-05 23:23:09.145+0000 INFO  [o.n.k.i.i.s.TokenIndexProvider] [neo4j/3681fcc7] Schema index cleanup job started: descriptor=Index( id=1, name='index_343aff4e', type='LOOKUP', schema=(:<any-labels>), indexProvider='token-lookup-1.0' ), indexFile=D:\bigmaths\neo4j\data\databases\neo4j\schema\index\token-lookup-1.0\1\index-1
2026-09-05 23:23:09.146+0000 INFO  [o.n.k.i.i.s.TokenIndexProvider] [neo4j/3681fcc7] Schema index cleanup job finished: descriptor=Index( id=1, name='index_343aff4e', type='LOOKUP', schema=(:<any-labels>), indexProvider='token-lookup-1.0' ), indexFile=D:\bigmaths\neo4j\data\databases\neo4j\schema\index\token-lookup-1.0\1\index-1 Number of pages visited: 3, Number of tree nodes: 2, Number of cleaned crashed pointers: 0, Time spent: 0ms
2026-09-05 23:23:09.146+0000 INFO  [o.n.k.i.i.s.TokenIndexProvider] [neo4j/3681fcc7] Schema index cleanup job closed: descriptor=Index( id=1, name='index_343aff4e', type='LOOKUP', schema=(:<any-labels>), indexProvider='token-lookup-1.0' ), indexFile=D:\bigmaths\neo4j\data\databases\neo4j\schema\index\token-lookup-1.0\1\index-1
2026-09-05 23:23:09.156+0000 INFO  [o.n.k.i.i.s.TokenIndexProvider] [neo4j/3681fcc7] Schema index cleanup job registered: descriptor=Index( id=2, name='index_f7700477', type='LOOKUP', schema=()-[:<any-types>]-(), indexProvider='token-lookup-1.0' ), indexFile=D:\bigmaths\neo4j\data\databases\neo4j\schema\index\token-lookup-1.0\2\index-2
2026-09-05 23:23:09.156+0000 INFO  [o.n.k.i.i.s.TokenIndexProvider] [neo4j/3681fcc7] Schema index cleanup job started: descriptor=Index( id=2, name='index_f7700477', type='LOOKUP', schema=()-[:<any-types>]-(), indexProvider='token-lookup-1.0' ), indexFile=D:\bigmaths\neo4j\data\databases\neo4j\schema\index\token-lookup-1.0\2\index-2
2026-09-05 23:23:09.159+0000 INFO  [o.n.k.i.i.s.TokenIndexProvider] [neo4j/3681fcc7] Schema index cleanup job finished: descriptor=Index( id=2, name='index_f7700477', type='LOOKUP', schema=()-[:<any-types>]-(), indexProvider='token-lookup-1.0' ), indexFile=D:\bigmaths\neo4j\data\databases\neo4j\schema\index\token-lookup-1.0\2\index-2 Number of pages visited: 30, Number of tree nodes: 29, Number of cleaned crashed pointers: 0, Time spent: 2ms
2026-09-05 23:23:09.159+0000 INFO  [o.n.k.i.i.s.TokenIndexProvider] [neo4j/3681fcc7] Schema index cleanup job closed: descriptor=Index( id=2, name='index_f7700477', type='LOOKUP', schema=()-[:<any-types>]-(), indexProvider='token-lookup-1.0' ), indexFile=D:\bigmaths\neo4j\data\databases\neo4j\schema\index\token-lookup-1.0\2\index-2
2026-09-05 23:23:09.165+0000 INFO  [o.n.k.i.i.s.RangeIndexProvider] [neo4j/3681fcc7] Schema index cleanup job registered: descriptor=Index( id=3, name='actor_id', type='RANGE', schema=(:Label[0] {PropertyKey[10]}), indexProvider='range-1.0', owningConstraint=4 ), indexFile=D:\bigmaths\neo4j\data\databases\neo4j\schema\index\range-1.0\3\index-3
2026-09-05 23:23:09.166+0000 INFO  [o.n.k.i.i.s.RangeIndexProvider] [neo4j/3681fcc7] Schema index cleanup job started: descriptor=Index( id=3, name='actor_id', type='RANGE', schema=(:Label[0] {PropertyKey[10]}), indexProvider='range-1.0', owningConstraint=4 ), indexFile=D:\bigmaths\neo4j\data\databases\neo4j\schema\index\range-1.0\3\index-3
2026-09-05 23:23:09.178+0000 INFO  [o.n.k.i.i.s.RangeIndexProvider] [neo4j/3681fcc7] Schema index cleanup job registered: descriptor=Index( id=5, name='movie_id', type='RANGE', schema=(:Label[1] {PropertyKey[10]}), indexProvider='range-1.0', owningConstraint=6 ), indexFile=D:\bigmaths\neo4j\data\databases\neo4j\schema\index\range-1.0\5\index-5
2026-09-05 23:23:09.187+0000 INFO  [o.n.k.i.i.s.RangeIndexProvider] [neo4j/3681fcc7] Schema index cleanup job finished: descriptor=Index( id=3, name='actor_id', type='RANGE', schema=(:Label[0] {PropertyKey[10]}), indexProvider='range-1.0', owningConstraint=4 ), indexFile=D:\bigmaths\neo4j\data\databases\neo4j\schema\index\range-1.0\3\index-3 Number of pages visited: 294, Number of tree nodes: 293, Number of cleaned crashed pointers: 0, Time spent: 20ms
2026-09-05 23:23:09.187+0000 INFO  [o.n.k.i.i.s.RangeIndexProvider] [neo4j/3681fcc7] Schema index cleanup job closed: descriptor=Index( id=3, name='actor_id', type='RANGE', schema=(:Label[0] {PropertyKey[10]}), indexProvider='range-1.0', owningConstraint=4 ), indexFile=D:\bigmaths\neo4j\data\databases\neo4j\schema\index\range-1.0\3\index-3
2026-09-05 23:23:09.187+0000 INFO  [o.n.k.i.i.s.RangeIndexProvider] [neo4j/3681fcc7] Schema index cleanup job started: descriptor=Index( id=5, name='movie_id', type='RANGE', schema=(:Label[1] {PropertyKey[10]}), indexProvider='range-1.0', owningConstraint=6 ), indexFile=D:\bigmaths\neo4j\data\databases\neo4j\schema\index\range-1.0\5\index-5
2026-09-05 23:23:09.189+0000 INFO  [o.n.k.i.i.s.RangeIndexProvider] [neo4j/3681fcc7] Schema index cleanup job finished: descriptor=Index( id=5, name='movie_id', type='RANGE', schema=(:Label[1] {PropertyKey[10]}), indexProvider='range-1.0', owningConstraint=6 ), indexFile=D:\bigmaths\neo4j\data\databases\neo4j\schema\index\range-1.0\5\index-5 Number of pages visited: 36, Number of tree nodes: 35, Number of cleaned crashed pointers: 0, Time spent: 1ms
2026-09-05 23:23:09.189+0000 INFO  [o.n.k.i.i.s.RangeIndexProvider] [neo4j/3681fcc7] Schema index cleanup job closed: descriptor=Index( id=5, name='movie_id', type='RANGE', schema=(:Label[1] {PropertyKey[10]}), indexProvider='range-1.0', owningConstraint=6 ), indexFile=D:\bigmaths\neo4j\data\databases\neo4j\schema\index\range-1.0\5\index-5
2026-09-05 23:23:09.189+0000 INFO  [o.n.k.i.i.s.RangeIndexProvider] [neo4j/3681fcc7] Schema index cleanup job registered: descriptor=Index( id=7, name='actor_name', type='RANGE', schema=(:Label[0] {PropertyKey[15]}), indexProvider='range-1.0' ), indexFile=D:\bigmaths\neo4j\data\databases\neo4j\schema\index\range-1.0\7\index-7
2026-09-05 23:23:09.189+0000 INFO  [o.n.k.i.i.s.RangeIndexProvider] [neo4j/3681fcc7] Schema index cleanup job started: descriptor=Index( id=7, name='actor_name', type='RANGE', schema=(:Label[0] {PropertyKey[15]}), indexProvider='range-1.0' ), indexFile=D:\bigmaths\neo4j\data\databases\neo4j\schema\index\range-1.0\7\index-7
2026-09-05 23:23:09.199+0000 INFO  [o.n.k.i.i.s.RangeIndexProvider] [neo4j/3681fcc7] Schema index cleanup job registered: descriptor=Index( id=8, name='actor_community', type='RANGE', schema=(:Label[0] {PropertyKey[16]}), indexProvider='range-1.0' ), indexFile=D:\bigmaths\neo4j\data\databases\neo4j\schema\index\range-1.0\8\index-8
2026-09-05 23:23:09.205+0000 INFO  [o.n.k.i.i.s.RangeIndexProvider] [neo4j/3681fcc7] Schema index cleanup job finished: descriptor=Index( id=7, name='actor_name', type='RANGE', schema=(:Label[0] {PropertyKey[15]}), indexProvider='range-1.0' ), indexFile=D:\bigmaths\neo4j\data\databases\neo4j\schema\index\range-1.0\7\index-7 Number of pages visited: 374, Number of tree nodes: 373, Number of cleaned crashed pointers: 0, Time spent: 14ms
2026-09-05 23:23:09.205+0000 INFO  [o.n.k.i.i.s.RangeIndexProvider] [neo4j/3681fcc7] Schema index cleanup job closed: descriptor=Index( id=7, name='actor_name', type='RANGE', schema=(:Label[0] {PropertyKey[15]}), indexProvider='range-1.0' ), indexFile=D:\bigmaths\neo4j\data\databases\neo4j\schema\index\range-1.0\7\index-7
2026-09-05 23:23:09.205+0000 INFO  [o.n.k.i.i.s.RangeIndexProvider] [neo4j/3681fcc7] Schema index cleanup job started: descriptor=Index( id=8, name='actor_community', type='RANGE', schema=(:Label[0] {PropertyKey[16]}), indexProvider='range-1.0' ), indexFile=D:\bigmaths\neo4j\data\databases\neo4j\schema\index\range-1.0\8\index-8
2026-09-05 23:23:09.211+0000 INFO  [o.n.k.i.i.s.RangeIndexProvider] [neo4j/3681fcc7] Schema index cleanup job registered: descriptor=Index( id=9, name='actor_kshell', type='RANGE', schema=(:Label[0] {PropertyKey[30]}), indexProvider='range-1.0' ), indexFile=D:\bigmaths\neo4j\data\databases\neo4j\schema\index\range-1.0\9\index-9
2026-09-05 23:23:09.216+0000 INFO  [o.n.k.i.i.s.RangeIndexProvider] [neo4j/3681fcc7] Schema index cleanup job finished: descriptor=Index( id=8, name='actor_community', type='RANGE', schema=(:Label[0] {PropertyKey[16]}), indexProvider='range-1.0' ), indexFile=D:\bigmaths\neo4j\data\databases\neo4j\schema\index\range-1.0\8\index-8 Number of pages visited: 144, Number of tree nodes: 143, Number of cleaned crashed pointers: 0, Time spent: 10ms
2026-09-05 23:23:09.216+0000 INFO  [o.n.k.i.i.s.RangeIndexProvider] [neo4j/3681fcc7] Schema index cleanup job closed: descriptor=Index( id=8, name='actor_community', type='RANGE', schema=(:Label[0] {PropertyKey[16]}), indexProvider='range-1.0' ), indexFile=D:\bigmaths\neo4j\data\databases\neo4j\schema\index\range-1.0\8\index-8
2026-09-05 23:23:09.216+0000 INFO  [o.n.k.i.i.s.RangeIndexProvider] [neo4j/3681fcc7] Schema index cleanup job started: descriptor=Index( id=9, name='actor_kshell', type='RANGE', schema=(:Label[0] {PropertyKey[30]}), indexProvider='range-1.0' ), indexFile=D:\bigmaths\neo4j\data\databases\neo4j\schema\index\range-1.0\9\index-9
2026-09-05 23:23:09.224+0000 INFO  [o.n.k.i.i.s.RangeIndexProvider] [neo4j/3681fcc7] Schema index cleanup job finished: descriptor=Index( id=9, name='actor_kshell', type='RANGE', schema=(:Label[0] {PropertyKey[30]}), indexProvider='range-1.0' ), indexFile=D:\bigmaths\neo4j\data\databases\neo4j\schema\index\range-1.0\9\index-9 Number of pages visited: 88, Number of tree nodes: 87, Number of cleaned crashed pointers: 0, Time spent: 8ms
2026-09-05 23:23:09.224+0000 INFO  [o.n.k.i.i.s.RangeIndexProvider] [neo4j/3681fcc7] Schema index cleanup job closed: descriptor=Index( id=9, name='actor_kshell', type='RANGE', schema=(:Label[0] {PropertyKey[30]}), indexProvider='range-1.0' ), indexFile=D:\bigmaths\neo4j\data\databases\neo4j\schema\index\range-1.0\9\index-9
2026-09-05 23:23:09.229+0000 INFO  [o.n.k.i.i.s.RangeIndexProvider] [neo4j/3681fcc7] Schema index cleanup job registered: descriptor=Index( id=10, name='actor_betweenness', type='RANGE', schema=(:Label[0] {PropertyKey[31]}), indexProvider='range-1.0' ), indexFile=D:\bigmaths\neo4j\data\databases\neo4j\schema\index\range-1.0\10\index-10
2026-09-05 23:23:09.229+0000 INFO  [o.n.k.i.i.s.RangeIndexProvider] [neo4j/3681fcc7] Schema index cleanup job started: descriptor=Index( id=10, name='actor_betweenness', type='RANGE', schema=(:Label[0] {PropertyKey[31]}), indexProvider='range-1.0' ), indexFile=D:\bigmaths\neo4j\data\databases\neo4j\schema\index\range-1.0\10\index-10
2026-09-05 23:23:09.229+0000 INFO  [o.n.k.i.a.i.IndexingService] [neo4j/3681fcc7] IndexingService.init: indexes not specifically mentioned above are ONLINE. Total 8 indexes. Processed in 97ms
2026-09-05 23:23:09.229+0000 INFO  [o.n.k.i.i.s.RangeIndexProvider] [neo4j/3681fcc7] Schema index cleanup job finished: descriptor=Index( id=10, name='actor_betweenness', type='RANGE', schema=(:Label[0] {PropertyKey[31]}), indexProvider='range-1.0' ), indexFile=D:\bigmaths\neo4j\data\databases\neo4j\schema\index\range-1.0\10\index-10 Number of pages visited: 5, Number of tree nodes: 4, Number of cleaned crashed pointers: 0, Time spent: 0ms
2026-09-05 23:23:09.229+0000 INFO  [o.n.k.i.i.s.RangeIndexProvider] [neo4j/3681fcc7] Schema index cleanup job closed: descriptor=Index( id=10, name='actor_betweenness', type='RANGE', schema=(:Label[0] {PropertyKey[31]}), indexProvider='range-1.0' ), indexFile=D:\bigmaths\neo4j\data\databases\neo4j\schema\index\range-1.0\10\index-10
2026-09-05 23:23:09.232+0000 INFO  [o.n.k.a.DatabaseAvailabilityGuard] [neo4j/3681fcc7] Requirement `Database unavailable` makes database neo4j unavailable.
2026-09-05 23:23:09.232+0000 INFO  [o.n.k.a.DatabaseAvailabilityGuard] [neo4j/3681fcc7] DatabaseId{3681fcc7[neo4j]} is unavailable.
2026-09-05 23:23:09.233+0000 INFO  [o.n.k.d.Database] [neo4j/3681fcc7] Starting transaction log [D:\bigmaths\neo4j\data\transactions\neo4j\neostore.transaction.db.0] at version=0
2026-09-05 23:23:09.235+0000 INFO  [o.n.k.d.Database] [neo4j/3681fcc7] Starting transaction log [D:\bigmaths\neo4j\data\transactions\neo4j\checkpoint.0] at version=0
2026-09-05 23:23:09.236+0000 INFO  [o.n.k.i.t.l.f.c.CheckpointLogFile] [neo4j/3681fcc7] Scanning log file with version 0 for checkpoint entries
2026-09-05 23:23:09.238+0000 INFO  [o.n.k.i.a.i.IndexingService] [neo4j/3681fcc7] IndexingService.start: indexes not specifically mentioned above are ONLINE. Total 8 indexes. Processed in 0ms
2026-09-05 23:23:09.253+0000 INFO  [o.n.k.a.DatabaseAvailabilityGuard] [neo4j/3681fcc7] Fulfilling of requirement 'Database unavailable' makes database neo4j available.
2026-09-05 23:23:09.253+0000 INFO  [o.n.k.a.DatabaseAvailabilityGuard] [neo4j/3681fcc7] DatabaseId{3681fcc7[neo4j]} is ready.
2026-09-05 23:23:09.253+0000 INFO  [o.n.u.UserDataCollector] Anonymous Usage Data is being sent to Neo4j, see https://neo4j.com/docs/usage-data/
2026-09-05 23:23:09.308+0000 INFO  [o.n.b.p.c.c.n.SocketNettyConnector] Bolt enabled on 127.0.0.1:7687.
2026-09-05 23:23:09.308+0000 WARN  [i.n.b.ServerBootstrap] Unknown channel option 'SO_REUSEADDR' for channel '[id: 0x91cc3313]' of type 'class io.netty.channel.local.LocalServerChannel'
2026-09-05 23:23:09.313+0000 INFO  [o.n.b.BoltServer] Bolt server started
2026-09-05 23:23:09.313+0000 INFO  [o.n.s.A.ServerComponentsLifecycleAdapter] Starting web server
2026-09-05 23:23:11.499+0000 INFO  [o.n.s.CommunityNeoWebServer] HTTP enabled on 127.0.0.1:7474.
2026-09-05 23:23:11.500+0000 INFO  [o.n.s.CommunityNeoWebServer] Remote interface available at http://localhost:7474/
2026-09-05 23:23:11.500+0000 INFO  [o.n.s.A.ServerComponentsLifecycleAdapter] Web server started.
2026-09-05 23:23:11.502+0000 INFO  [o.n.g.f.DatabaseManagementServiceFactory] id: 32EDBFDCC648FCE3529EDFE5CC7B0995964120C6F88C2DE2EBC51FCFB04A5AB6
2026-09-05 23:23:11.502+0000 INFO  [o.n.g.f.DatabaseManagementServiceFactory] name: system
2026-09-05 23:23:11.502+0000 INFO  [o.n.g.f.DatabaseManagementServiceFactory] creationDate: 2026-09-01T15:36:39.542Z
2026-09-11 15:25:09.558+0000 INFO  [o.n.g.f.m.GlobalModule] Logging config in use: File 'D:\bigmaths\neo4j\conf\server-logs.xml'
2026-09-11 15:25:10.055+0000 INFO  [o.n.i.d.DiagnosticsManager] 
                                                                ********************************************************************************
                                                                                             [ System diagnostics ]                             
                                                                ********************************************************************************
2026-09-11 15:25:10.055+0000 INFO  [o.n.i.d.DiagnosticsManager] 
                                                                --------------------------------------------------------------------------------
                                                                                         [ System memory information ]                          
                                                                --------------------------------------------------------------------------------
                                                                Total Physical memory: 15.81GiB
                                                                Free Physical memory: 6.725GiB
                                                                Committed virtual memory: 704.4MiB
                                                                Total swap space: 25.31GiB
                                                                Free swap space: 13.29GiB
                                                                
2026-09-11 15:25:10.055+0000 INFO  [o.n.i.d.DiagnosticsManager] 
                                                                --------------------------------------------------------------------------------
                                                                                           [ JVM memory information ]                           
                                                                --------------------------------------------------------------------------------
                                                                Free  memory: 488.2MiB
                                                                Total memory: 512.0MiB
                                                                Max   memory: 2.000GiB
                                                                Garbage Collector: G1 Young Generation: [G1 Eden Space, G1 Survivor Space, G1 Old Gen]
                                                                Garbage Collector: G1 Concurrent GC: [G1 Old Gen]
                                                                Garbage Collector: G1 Old Generation: [G1 Eden Space, G1 Survivor Space, G1 Old Gen]
                                                                Memory Pool: CodeHeap 'non-nmethods' (Non-heap memory): committed=3.688MiB, used=3.620MiB, max=7.875MiB, threshold=0B
                                                                Memory Pool: Metaspace (Non-heap memory): committed=21.75MiB, used=21.42MiB, max=-1B, threshold=0B
                                                                Memory Pool: CodeHeap 'profiled nmethods' (Non-heap memory): committed=6.250MiB, used=6.230MiB, max=116.1MiB, threshold=0B
                                                                Memory Pool: Compressed Class Space (Non-heap memory): committed=2.438MiB, used=2.310MiB, max=1.000GiB, threshold=0B
                                                                Memory Pool: G1 Eden Space (Heap memory): committed=316.0MiB, used=3.000MiB, max=-1B, threshold=?
                                                                Memory Pool: G1 Old Gen (Heap memory): committed=189.0MiB, used=14.38MiB, max=2.000GiB, threshold=0B
                                                                Memory Pool: G1 Survivor Space (Heap memory): committed=7.000MiB, used=6.392MiB, max=-1B, threshold=?
                                                                Memory Pool: CodeHeap 'non-profiled nmethods' (Non-heap memory): committed=2.438MiB, used=1.589MiB, max=116.1MiB, threshold=0B
                                                                
2026-09-11 15:25:10.055+0000 INFO  [o.n.i.d.DiagnosticsManager] 
                                                                --------------------------------------------------------------------------------
                                                                                        [ Operating system information ]                        
                                                                --------------------------------------------------------------------------------
                                                                Operating System: Windows 11; version: 10.0; arch: amd64; cpus: 32
                                                                Process id: 22576
                                                                Byte order: LITTLE_ENDIAN
                                                                Local timezone: Asia/Shanghai
                                                                Memory page size: 4096
                                                                Unaligned memory access allowed: true
                                                                
2026-09-11 15:25:10.055+0000 INFO  [o.n.i.d.DiagnosticsManager] 
                                                                --------------------------------------------------------------------------------
                                                                                              [ JVM information ]                               
                                                                --------------------------------------------------------------------------------
                                                                VM Name: OpenJDK 64-Bit Server VM
                                                                VM Vendor: Eclipse Adoptium
                                                                VM Version: 21.0.10+7-LTS
                                                                JIT compiler: HotSpot 64-Bit Tiered Compilers
                                                                VM Arguments: [-XX:+UseG1GC, -XX:-OmitStackTraceInFastThrow, -XX:+AlwaysPreTouch, -XX:+UnlockExperimentalVMOptions, -XX:+TrustFinalNonStaticFields, -XX:+DisableExplicitGC, -Djdk.nio.maxCachedBufferSize=1024, -Dio.netty.tryReflectionSetAccessible=true, -Djdk.tls.ephemeralDHKeySize=2048, -Djdk.tls.rejectClientInitiatedRenegotiation=true, -XX:FlightRecorderOptions=stackdepth=256, -XX:+UnlockDiagnosticVMOptions, -XX:+DebugNonSafepoints, --add-opens=java.base/java.nio=ALL-UNNAMED, --add-opens=java.base/java.io=ALL-UNNAMED, --add-opens=java.base/sun.nio.ch=ALL-UNNAMED, --enable-native-access=ALL-UNNAMED, -Dlog4j2.disable.jmx=true, -Dlog4j.layout.jsonTemplate.maxStringLength=32768, -Dfile.encoding=UTF-8, -Xms524288k, -Xmx2097152k]
                                                                
2026-09-11 15:25:10.055+0000 INFO  [o.n.i.d.DiagnosticsManager] 
                                                                --------------------------------------------------------------------------------
                                                                                               [ Java classpath ]                               
                                                                --------------------------------------------------------------------------------
                                                                 [classpath] D:\bigmaths\neo4j\lib\neo4j-values-5.26.30.jar
                                                                 [classpath] D:\bigmaths\neo4j\lib\log4j-api-2.26.1.jar
                                                                 [classpath] D:\bigmaths\neo4j\lib\commons-lang3-3.18.0.jar
                                                                 [classpath] D:\bigmaths\neo4j\lib\neo4j-dbms-5.26.30.jar
                                                                 [classpath] D:\bigmaths\neo4j\lib\jersey-client-2.46.jar
                                                                 [classpath] D:\bigmaths\neo4j\lib\jctools-core-4.0.5.jar
                                                                 [classpath] D:\bigmaths\neo4j\lib\jetty-alpn-server-12.1.11.jar
                                                                 [classpath] D:\bigmaths\neo4j\lib\shiro-lang-3.0.0.jar
                                                                 [classpath] D:\bigmaths\neo4j\lib\cypher-parser-factory-5.26.30.jar
                                                                 [classpath] D:\bigmaths\neo4j\lib\neo4j-common-5.26.30.jar
                                                                 [classpath] D:\bigmaths\neo4j\lib\neo4j-unsafe-5.26.30.jar
                                                                 [classpath] D:\bigmaths\neo4j\lib\jetty-security-12.1.11.jar
                                                                 [classpath] D:\bigmaths\neo4j\lib\picocli-4.7.6.jar
                                                                 [classpath] D:\bigmaths\neo4j\lib\neo4j-graph-algo-5.26.30.jar
                                                                 [classpath] D:\bigmaths\neo4j\lib\ipaddress-5.5.1.jar
                                                                 [classpath] D:\bigmaths\neo4j\lib\FastInfoset-1.2.16.jar
                                                                 [classpath] D:\bigmaths\neo4j\lib\neo4j-fabric-5.26.30.jar
                                                                 [classpath] D:\bigmaths\neo4j\lib\jakarta.inject-2.6.1.jar
                                                                 [classpath] D:\bigmaths\neo4j\lib\reactor-core-3.7.12.jar
                                                                 [classpath] D:\bigmaths\neo4j\lib\jackson-annotations-2.22.jar
                                                                 [classpath] D:\bigmaths\neo4j\lib\eclipse-collections-api-11.1.0.jar
                                                                 [classpath] D:\bigmaths\neo4j\lib\neo4j-layout-5.26.30.jar
                                                                 [classpath] D:\bigmaths\neo4j\lib\neo4j-cypher-dsl-2024.2.0.jar
                                                                 [classpath] D:\bigmaths\neo4j\lib\neo4j-cypher-planner-spi-5.26.30.jar
                                                                 [classpath] D:\bigmaths\neo4j\lib\neo4j-lock-5.26.30.jar
                                                                 [classpath] D:\bigmaths\neo4j\lib\jetty-ee8-security-12.1.11.jar
                                                                 [classpath] D:\bigmaths\neo4j\lib\jakarta.ws.rs-api-2.1.6.jar
                                                                 [classpath] D:\bigmaths\neo4j\lib\jline-terminal-jansi-3.21.0.jar
                                                                 [classpath] D:\bigmaths\neo4j\lib\hk2-locator-2.6.1.jar
                                                                 [classpath] D:\bigmaths\neo4j\lib\neo4j-cypher-interpreted-runtime-5.26.30.jar
                                                                 [classpath] D:\bigmaths\neo4j\lib\cypher-v5-literal-interpreter-5.26.30.jar
                                                                 [classpath] D:\bigmaths\neo4j\lib\neo4j-udc-5.26.30.jar
                                                                 [classpath] D:\bigmaths\neo4j\lib\slf4j-api-2.0.9.jar
                                                                 [classpath] D:\bigmaths\neo4j\lib\neo4j-monitoring-5.26.30.jar
                                                                 [classpath] D:\bigmaths\neo4j\lib\neo4j-index-5.26.30.jar
                                                                 [classpath] D:\bigmaths\neo4j\lib\neo4j-cypher-rendering-5.26.30.jar
                                                                 [classpath] D:\bigmaths\neo4j\lib\jetty-ee8-servlet-12.1.11.jar
                                                                 [classpath] D:\bigmaths\neo4j\lib\WMI4Java-1.6.3.jar
                                                                 [classpath] D:\bigmaths\neo4j\lib\neo4j-procedure-api-5.26.30.jar
                                                                 [classpath] D:\bigmaths\neo4j\lib\neo4j-collections-5.26.30.jar
                                                                 [classpath] D:\bigmaths\neo4j\lib\neo4j-rewriting-5.26.30.jar
                                                                 [classpath] D:\bigmaths\neo4j\lib\stax-ex-1.8.1.jar
                                                                 [classpath] D:\bigmaths\neo4j\lib\neo4j-cypher-logical-plans-5.26.30.jar
                                                                 [classpath] D:\bigmaths\neo4j\lib\netty-codec-http-4.1.137.Final.jar
                                                                 [classpath] D:\bigmaths\neo4j\lib\neo4j-cypher-javacc-parser-5.26.30.jar
                                                                 [classpath] D:\bigmaths\neo4j\lib\parquet-floor-1.62.jar
                                                                 [classpath] D:\bigmaths\neo4j\lib\jersey-server-2.46.jar
                                                                 [classpath] D:\bigmaths\neo4j\lib\neo4j-notifications-5.26.30.jar
                                                                 [classpath] D:\bigmaths\neo4j\lib\caffeine-3.1.8.jar
                                                                 [classpath] D:\bigmaths\neo4j\lib\neo4j-cypher-cache-5.26.30.jar
                                                                 [classpath] D:\bigmaths\neo4j\lib\neo4j-wal-5.26.30.jar
                                                                 [classpath] D:\bigmaths\neo4j\lib\netty-transport-native-kqueue-4.1.137.Final-osx-aarch_64.jar
                                                                 [classpath] D:\bigmaths\neo4j\lib\jersey-common-2.46.jar
                                                                 [classpath] D:\bigmaths\neo4j\lib\jersey-container-servlet-core-2.46.jar
                                                                 [classpath] D:\bigmaths\neo4j\lib\javax.annotation-api-1.3.2.jar
                                                                 [classpath] D:\bigmaths\neo4j\lib\commons-compress-1.27.1.jar
                                                                 [classpath] D:\bigmaths\neo4j\lib\neo4j-id-generator-5.26.30.jar
                                                                 [classpath] D:\bigmaths\neo4j\lib\neo4j-cypher-ir-5.26.30.jar
                                                                 [classpath] D:\bigmaths\neo4j\lib\argparse4j-0.9.0.jar
                                                                 [classpath] D:\bigmaths\neo4j\conf\*
                                                                 [classpath] D:\bigmaths\neo4j\lib\jettison-1.5.4.jar
                                                                 [classpath] D:\bigmaths\neo4j\lib\neo4j-cypher-planner-5.26.30.jar
                                                                 [classpath] D:\bigmaths\neo4j\lib\neo4j-concurrent-5.26.30.jar
                                                                 [classpath] D:\bigmaths\neo4j\lib\jna-5.15.0.jar
                                                                 [classpath] D:\bigmaths\neo4j\lib\neo4j-procedure-5.26.30.jar
                                                                 [classpath] D:\bigmaths\neo4j\lib\jts-core-1.20.0.jar
                                                                 [classpath] D:\bigmaths\neo4j\lib\neo4j-import-tool-5.26.30.jar
                                                                 [classpath] D:\bigmaths\neo4j\lib\shiro-cache-3.0.0.jar
                                                                 [classpath] D:\bigmaths\neo4j\lib\zstd-proxy-5.26.30.jar
                                                                 [classpath] D:\bigmaths\neo4j\lib\netty-transport-native-unix-common-4.1.137.Final.jar
                                                                 [classpath] D:\bigmaths\neo4j\lib\istack-commons-runtime-3.0.8.jar
                                                                 [classpath] D:\bigmaths\neo4j\lib\netty-transport-native-kqueue-4.1.137.Final-osx-x86_64.jar
                                                                 [classpath] D:\bigmaths\neo4j\lib\netty-tcnative-classes-2.0.81.Final.jar
                                                                 [classpath] D:\bigmaths\neo4j\lib\neo4j-record-storage-engine-5.26.30.jar
                                                                 [classpath] D:\bigmaths\neo4j\lib\neo4j-query-router-5.26.30.jar
                                                                 [classpath] D:\bigmaths\neo4j\lib\neo4j-lucene-index-5.26.30.jar
                                                                 [classpath] D:\bigmaths\neo4j\lib\jackson-databind-2.22.1.jar
                                                                 [classpath] D:\bigmaths\neo4j\lib\shiro-crypto-hash-3.0.0.jar
                                                                 [classpath] D:\bigmaths\neo4j\lib\hk2-api-2.6.1.jar
                                                                 [classpath] D:\bigmaths\neo4j\lib\neo4j-codegen-5.26.30.jar
                                                                 [classpath] D:\bigmaths\neo4j\lib\jakarta.xml.bind-api-2.3.2.jar
                                                                 [classpath] D:\bigmaths\neo4j\lib\neo4j-bolt-connection-pooled-12.0.0.jar
                                                                 [classpath] D:\bigmaths\neo4j\lib\cypher-parser-ast-common-5.26.30.jar
                                                                 [classpath] D:\bigmaths\neo4j\lib\jaxb-runtime-2.3.2.jar
                                                                 [classpath] D:\bigmaths\neo4j\lib\jackson-module-jaxb-annotations-2.22.1.jar
                                                                 [classpath] D:\bigmaths\neo4j\lib\scala-reflect-2.13.11.jar
                                                                 [classpath] D:\bigmaths\neo4j\lib\neo4j-security-5.26.30.jar
                                                                 [classpath] D:\bigmaths\neo4j\lib\neo4j-logging-5.26.30.jar
                                                                 [classpath] D:\bigmaths\neo4j\lib\jackson-jaxrs-base-2.22.1.jar
                                                                 [classpath] D:\bigmaths\neo4j\lib\neo4j-token-api-5.26.30.jar
                                                                 [classpath] D:\bigmaths\neo4j\lib\scala-collection-contrib_2.13-0.3.0.jar
                                                                 [classpath] D:\bigmaths\neo4j\lib\neo4j-bolt-5.26.30.jar
                                                                 [classpath] D:\bigmaths\neo4j\lib\jakarta.annotation-api-1.3.5.jar
                                                                 [classpath] D:\bigmaths\neo4j\lib\neo4j-cypher-config-5.26.30.jar
                                                                 [classpath] D:\bigmaths\neo4j\lib\neo4j-bolt-connection-routed-12.0.0.jar
                                                                 [classpath] D:\bigmaths\neo4j\lib\jline-reader-3.21.0.jar
                                                                 [classpath] D:\bigmaths\neo4j\lib\cypher-v25-ast-factory-5.26.30.jar
                                                                 [classpath] D:\bigmaths\neo4j\lib\jetty-io-12.1.11.jar
                                                                 [classpath] D:\bigmaths\neo4j\lib\jetty-alpn-java-server-12.1.11.jar
                                                                 [classpath] D:\bigmaths\neo4j\lib\shiro-crypto-cipher-3.0.0.jar
                                                                 [classpath] D:\bigmaths\neo4j\lib\neo4j-push-to-cloud-5.26.30.jar
                                                                 [classpath] D:\bigmaths\neo4j\lib\log4j-layout-template-json-2.26.1.jar
                                                                 [classpath] D:\bigmaths\neo4j\lib\hadoop-common-3.5.0.jar
                                                                 [classpath] D:\bigmaths\neo4j\lib\hk2-utils-2.6.1.jar
                                                                 [classpath] D:\bigmaths\neo4j\lib\javassist-3.30.2-GA.jar
                                                                 [classpath] D:\bigmaths\neo4j\lib\shiro-core-3.0.0.jar
                                                                 [classpath] D:\bigmaths\neo4j\lib\lucene-analysis-common-9.11.1.jar
                                                                 [classpath] D:\bigmaths\neo4j\lib\jackson-jaxrs-json-provider-2.22.1.jar
                                                                 [classpath] D:\bigmaths\neo4j\lib\jProcesses-1.6.5.jar
                                                                 [classpath] D:\bigmaths\neo4j\lib\jPowerShell-3.0.jar
                                                                 [classpath] D:\bigmaths\neo4j\lib\cypher-shell-5.26.30.jar
                                                                 [classpath] D:\bigmaths\neo4j\lib\shiro-event-3.0.0.jar
                                                                 [classpath] D:\bigmaths\neo4j\lib\lucene-queryparser-9.11.1.jar
                                                                 [classpath] D:\bigmaths\neo4j\lib\commons-text-1.12.0.jar
                                                                 [classpath] D:\bigmaths\neo4j\lib\cypher-v25-parser-listener-5.26.30.jar
                                                                 [classpath] D:\bigmaths\neo4j\lib\neo4j-server-5.26.30.jar
                                                                 [classpath] D:\bigmaths\neo4j\lib\neo4j-cypher-physical-planning-5.26.30.jar
                                                                 [classpath] D:\bigmaths\neo4j\lib\neo4j-5.26.30.jar
                                                                 [classpath] D:\bigmaths\neo4j\lib\neo4j-import-api-5.26.30.jar
                                                                 [classpath] D:\bigmaths\neo4j\lib\parquet-common-1.18.0.jar
                                                                 [classpath] D:\bigmaths\neo4j\plugins\*
                                                                 [classpath] D:\bigmaths\neo4j\lib\neo4j-cypher-runtime-util-5.26.30.jar
                                                                 [classpath] D:\bigmaths\neo4j\lib\neo4j-command-line-5.26.30.jar
                                                                 [classpath] D:\bigmaths\neo4j\lib\annotations-5.26.30.jar
                                                                 [classpath] D:\bigmaths\neo4j\lib\neo4j-cypher-macros-5.26.30.jar
                                                                 [classpath] D:\bigmaths\neo4j\lib\eclipse-collections-11.1.0.jar
                                                                 [classpath] D:\bigmaths\neo4j\lib\neo4j-configuration-5.26.30.jar
                                                                 [classpath] D:\bigmaths\neo4j\lib\commons-io-2.17.0.jar
                                                                 [classpath] D:\bigmaths\neo4j\lib\neo4j-cypher-5.26.30.jar
                                                                 [classpath] D:\bigmaths\neo4j\lib\commons-codec-1.17.1.jar
                                                                 [classpath] D:\bigmaths\neo4j\lib\netty-buffer-4.1.137.Final.jar
                                                                 [classpath] D:\bigmaths\neo4j\lib\neo4j-gql-status-5.26.30.jar
                                                                 [classpath] D:\bigmaths\neo4j\lib\jetty-servlet-api-4.0.9.jar
                                                                 [classpath] D:\bigmaths\neo4j\lib\jersey-hk2-2.46.jar
                                                                 [classpath] D:\bigmaths\neo4j\lib\jline-terminal-3.21.0.jar
                                                                 [classpath] D:\bigmaths\neo4j\lib\kiama_2.13-2.5.1.jar
                                                                 [classpath] D:\bigmaths\neo4j\lib\netty-transport-native-epoll-4.1.137.Final-linux-aarch_64.jar
                                                                 [classpath] D:\bigmaths\neo4j\lib\neo4j-graphdb-api-5.26.30.jar
                                                                 [classpath] D:\bigmaths\neo4j\lib\cypher-parser-common-5.26.30.jar
                                                                 [classpath] D:\bigmaths\neo4j\lib\cypher-v5-antlr-parser-5.26.30.jar
                                                                 [classpath] D:\bigmaths\neo4j\lib\neo4j-fulltext-index-5.26.30.jar
                                                                 [classpath] D:\bigmaths\neo4j\lib\neo4j-capabilities-5.26.30.jar
                                                                 [classpath] D:\bigmaths\neo4j\lib\netty-transport-classes-epoll-4.1.137.Final.jar
                                                                 [classpath] D:\bigmaths\neo4j\lib\neo4j-import-util-5.26.30.jar
                                                                 [classpath] D:\bigmaths\neo4j\lib\magnolia_2.13-1.1.8.jar
                                                                 [classpath] D:\bigmaths\neo4j\lib\neo4j-cypher-expression-evaluator-5.26.30.jar
                                                                 [classpath] D:\bigmaths\neo4j\lib\reactive-streams-1.0.4.jar
                                                                 [classpath] D:\bigmaths\neo4j\lib\jetty-server-12.1.11.jar
                                                                 [classpath] D:\bigmaths\neo4j\lib\jaxb-api-2.2.12.jar
                                                                 [classpath] D:\bigmaths\neo4j\lib\jansi-2.4.0.jar
                                                                 [classpath] D:\bigmaths\neo4j\lib\neo4j-schema-5.26.30.jar
                                                                 [classpath] D:\bigmaths\neo4j\lib\zstd-jni-1.5.6-6.jar
                                                                 [classpath] D:\bigmaths\neo4j\lib\netty-transport-native-epoll-4.1.137.Final-linux-x86_64.jar
                                                                 [classpath] D:\bigmaths\neo4j\lib\commons-logging-1.3.4.jar
                                                                 [classpath] D:\bigmaths\neo4j\lib\neo4j-expressions-5.26.30.jar
                                                                 [classpath] D:\bigmaths\neo4j\lib\cypher-v25-antlr-parser-5.26.30.jar
                                                                 [classpath] D:\bigmaths\neo4j\lib\neo4j-kernel-api-5.26.30.jar
                                                                 [classpath] D:\bigmaths\neo4j\lib\parquet-hadoop-1.18.0.jar
                                                                 [classpath] D:\bigmaths\neo4j\lib\jetty-xml-12.1.11.jar
                                                                 [classpath] D:\bigmaths\neo4j\lib\netty-resolver-4.1.137.Final.jar
                                                                 [classpath] D:\bigmaths\neo4j\lib\neo4j-java-driver-5.28.15.jar
                                                                 [classpath] D:\bigmaths\neo4j\lib\shiro-crypto-core-3.0.0.jar
                                                                 [classpath] D:\bigmaths\neo4j\lib\neo4j-slf4j-provider-5.26.30.jar
                                                                 [classpath] D:\bigmaths\neo4j\lib\antlr4-runtime-4.13.2.jar
                                                                 [classpath] D:\bigmaths\neo4j\lib\jetty-http-12.1.11.jar
                                                                 [classpath] D:\bigmaths\neo4j\lib\snappy-java-1.1.10.8.jar
                                                                 [classpath] D:\bigmaths\neo4j\lib\neo4j-consistency-check-5.26.30.jar
                                                                 [classpath] D:\bigmaths\neo4j\lib\jersey-container-servlet-2.46.jar
                                                                 [classpath] D:\bigmaths\neo4j\lib\netty-codec-4.1.137.Final.jar
                                                                 [classpath] D:\bigmaths\neo4j\lib\shiro-config-core-3.0.0.jar
                                                                 [classpath] D:\bigmaths\neo4j\lib\jakarta.activation-api-1.2.2.jar
                                                                 [classpath] D:\bigmaths\neo4j\lib\neo4j-storage-engine-util-5.26.30.jar
                                                                 [classpath] D:\bigmaths\neo4j\lib\scala-library-2.13.11.jar
                                                                 [classpath] D:\bigmaths\neo4j\lib\neo4j-cypher-slotted-runtime-5.26.30.jar
                                                                 [classpath] D:\bigmaths\neo4j\lib\jetty-session-12.1.11.jar
                                                                 [classpath] D:\bigmaths\neo4j\lib\cypher-v5-parser-listener-5.26.30.jar
                                                                 [classpath] D:\bigmaths\neo4j\lib\lucene-backward-codecs-9.11.1.jar
                                                                 [classpath] D:\bigmaths\neo4j\lib\server-api-5.26.30.jar
                                                                 [classpath] D:\bigmaths\neo4j\lib\cypher-antlr-common-5.26.30.jar
                                                                 [classpath] D:\bigmaths\neo4j\lib\neo4j-csv-5.26.30.jar
                                                                 [classpath] D:\bigmaths\neo4j\lib\neo4j-diagnostics-5.26.30.jar
                                                                 [classpath] D:\bigmaths\neo4j\lib\neo4j-cypher-ast-factory-5.26.30.jar
                                                                 [classpath] D:\bigmaths\neo4j\lib\jakarta.validation-api-2.0.2.jar
                                                                 [classpath] D:\bigmaths\neo4j\lib\log4j-core-2.26.1.jar
                                                                 [classpath] D:\bigmaths\neo4j\lib\neo4j-data-collector-5.26.30.jar
                                                                 [classpath] D:\bigmaths\neo4j\lib\jackson-core-2.22.1.jar
                                                                 [classpath] D:\bigmaths\neo4j\lib\neo4j-front-end-5.26.30.jar
                                                                 [classpath] D:\bigmaths\neo4j\lib\netty-handler-4.1.137.Final.jar
                                                                 [classpath] D:\bigmaths\neo4j\lib\netty-common-4.1.137.Final.jar
                                                                 [classpath] D:\bigmaths\neo4j\lib\parquet-encoding-1.18.0.jar
                                                                 [classpath] D:\bigmaths\neo4j\lib\txw2-2.3.2.jar
                                                                 [classpath] D:\bigmaths\neo4j\lib\neo4j-bolt-connection-netty-12.0.0.jar
                                                                 [classpath] D:\bigmaths\neo4j\lib\cypher-v5-ast-factory-5.26.30.jar
                                                                 [classpath] D:\bigmaths\neo4j\lib\neo4j-cloud-5.26.30.jar
                                                                 [classpath] D:\bigmaths\neo4j\lib\jetty-ee8-webapp-12.1.11.jar
                                                                 [classpath] D:\bigmaths\neo4j\lib\neo4j-bolt-connection-12.0.0.jar
                                                                 [classpath] D:\bigmaths\neo4j\lib\neo4j-util-5.26.30.jar
                                                                 [classpath] D:\bigmaths\neo4j\lib\jetty-http2-hpack-12.1.11.jar
                                                                 [classpath] D:\bigmaths\neo4j\lib\commons-configuration2-2.15.1.jar
                                                                 [classpath] D:\bigmaths\neo4j\lib\jetty-ee-webapp-12.1.11.jar
                                                                 [classpath] D:\bigmaths\neo4j\lib\jetty-ee8-nested-12.1.11.jar
                                                                 [classpath] D:\bigmaths\neo4j\lib\neo4j-ssl-5.26.30.jar
                                                                 [classpath] D:\bigmaths\neo4j\lib\neo4j-bootcheck-5.26.30.jar
                                                                 [classpath] D:\bigmaths\neo4j\lib\cypher-antlr-ast-common-5.26.30.jar
                                                                 [classpath] D:\bigmaths\neo4j\lib\jetty-http2-server-12.1.11.jar
                                                                 [classpath] D:\bigmaths\neo4j\lib\neo4j-exceptions-5.26.30.jar
                                                                 [classpath] D:\bigmaths\neo4j\lib\parquet-jackson-1.18.0.jar
                                                                 [classpath] D:\bigmaths\neo4j\lib\neo4j-spatial-index-5.26.30.jar
                                                                 [classpath] D:\bigmaths\neo4j\lib\neo4j-io-5.26.30.jar
                                                                 [classpath] D:\bigmaths\neo4j\lib\jetty-http2-common-12.1.11.jar
                                                                 [classpath] D:\bigmaths\neo4j\lib\netty-transport-4.1.137.Final.jar
                                                                 [classpath] D:\bigmaths\neo4j\lib\neo4j-kernel-5.26.30.jar
                                                                 [classpath] D:\bigmaths\neo4j\lib\neo4j-resource-5.26.30.jar
                                                                 [classpath] D:\bigmaths\neo4j\lib\lucene-core-9.11.1.jar
                                                                 [classpath] D:\bigmaths\neo4j\lib\parquet-format-structures-1.18.0.jar
                                                                 [classpath] D:\bigmaths\neo4j\lib\netty-transport-classes-kqueue-4.1.137.Final.jar
                                                                 [classpath] D:\bigmaths\neo4j\lib\jetty-util-12.1.11.jar
                                                                 [classpath] D:\bigmaths\neo4j\lib\neo4j-ast-5.26.30.jar
                                                                 [classpath] D:\bigmaths\neo4j\lib\cypher-ast-factory-5.26.30.jar
                                                                 [classpath] D:\bigmaths\neo4j\lib\neo4j-native-5.26.30.jar
                                                                 [classpath] D:\bigmaths\neo4j\lib\parquet-column-1.18.0.jar
                                                                
2026-09-11 15:25:10.055+0000 INFO  [o.n.i.d.DiagnosticsManager] 
                                                                --------------------------------------------------------------------------------
                                                                                                [ Library path ]                                
                                                                --------------------------------------------------------------------------------
                                                                C:\Users\admin\AppData\Roaming\TRAE SOLO CN\ModularData\ai-agent\vm\tools\app\jre\bin
                                                                C:\Windows\Sun\Java\bin
                                                                C:\Windows\System32
                                                                C:\Windows
                                                                C:\Users\admin\AppData\Local\Programs\TRAE SOLO CN\resources\app\modules\ai-agent\bin
                                                                C:\Users\admin\AppData\Local\Programs\TRAE SOLO CN\resources\app\bin
                                                                C:\Users\admin\AppData\Roaming\TRAE SOLO CN\ModularData\ai-agent\vm\tools\python
                                                                C:\Users\admin\AppData\Roaming\TRAE SOLO CN\ModularData\ai-agent\vm\tools\node
                                                                C:\Users\admin\AppData\Roaming\TRAE SOLO CN\ModularData\ai-agent\vm\tools\app\jre\bin
                                                                C:\Users\admin\AppData\Roaming\TRAE SOLO CN\ModularData\ai-agent\vm\tools\bin
                                                                C:\Users\admin\.trae-cn\plugins\trae-remote-official\lark\1.0.5\bin
                                                                C:\Program Files (x86)\VMware\VMware Workstation\bin
                                                                C:\Program Files\Common Files\Oracle\Java\javapath_target_511624203
                                                                C:\Program Files (x86)\Common Files\Oracle\Java\java8path_target_509770031
                                                                C:\Program Files (x86)\Common Files\Oracle\Java\javapath
                                                                C:\Program Files\Microsoft\jdk-11.0.16.101-hotspot\bin
                                                                C:\Windows\System32
                                                                C:\Windows
                                                                C:\Windows\System32\wbem
                                                                C:\Windows\System32\WindowsPowerShell\v1.0
                                                                C:\Windows\System32\OpenSSH
                                                                C:\Program Files (x86)\NVIDIA Corporation\PhysX\Common
                                                                C:\Program Files\NVIDIA Corporation\NVIDIA NvDLISR
                                                                C:\Program Files\Bandizip
                                                                D:\matlab\runtime\win64
                                                                D:\matlab\bin
                                                                C:\Program Files\dotnet
                                                                C:\Program Files (x86)\Windows Kits\10\Windows Performance Toolkit
                                                                C:\Program Files (x86)\Tencent\微锟斤拷web锟斤拷锟斤拷锟竭癸拷锟斤拷\dll
                                                                D:\
                                                                C:\Users\admin\AppData\Local\Microsoft\WindowsApps
                                                                C:\Users\admin\.dotnet\tools
                                                                D:\quartus\questa_fse\win64
                                                                D:\QUART\modelsim_ase\win32aloem
                                                                C:\Users\admin\AppData\Roaming\npm
                                                                C:\Users\admin\AppData\Local\Programs\cursor\resources\app\bin
                                                                C:\Users\admin\AppData\Local\Programs\TRAE SOLO CN\resources\app\bin
                                                                C:\Users\admin\AppData\Roaming\TRAE SOLO CN\ModularData\ai-agent\vm\tools\python
                                                                C:\Users\admin\AppData\Roaming\TRAE SOLO CN\ModularData\ai-agent\vm\tools\node
                                                                C:\Users\admin\AppData\Roaming\TRAE SOLO CN\ModularData\ai-agent\vm\tools\app\jre\bin
                                                                C:\Users\admin\AppData\Roaming\TRAE SOLO CN\ModularData\ai-agent\vm\tools\bin
                                                                C:\Users\admin\AppData\Local\Programs\TRAE SOLO CN\resources\app\bin\lib
                                                                C:\Users\admin\AppData\Local\Programs\TRAE SOLO CN\resources\app\node_modules\@vscode\ripgrep\bin
                                                                D:\bigmaths
                                                                
2026-09-11 15:25:10.055+0000 INFO  [o.n.i.d.DiagnosticsManager] 
                                                                --------------------------------------------------------------------------------
                                                                                             [ System properties ]                              
                                                                --------------------------------------------------------------------------------
                                                                jdk.tls.rejectClientInitiatedRenegotiation = true
                                                                sun.cpu.isalist = amd64
                                                                sun.jnu.encoding = GBK
                                                                log4j.layout.jsonTemplate.maxStringLength = 32768
                                                                sun.arch.data.model = 64
                                                                user.variant = 
                                                                user.timezone = Asia/Shanghai
                                                                sun.java.launcher = SUN_STANDARD
                                                                user.country = CN
                                                                sun.boot.library.path = C:\Users\admin\AppData\Roaming\TRAE SOLO CN\ModularData\ai-agent\vm\tools\app\jre\bin
                                                                sun.java.command = org.neo4j.server.CommunityEntryPoint --home-dir=D:\bigmaths\neo4j --config-dir=D:\bigmaths\neo4j\conf --console-mode
                                                                jdk.debug = release
                                                                io.netty.tryReflectionSetAccessible = true
                                                                sun.cpu.endian = little
                                                                user.home = C:\Users\admin
                                                                user.language = zh
                                                                file.separator = \
                                                                jdk.tls.ephemeralDHKeySize = 2048
                                                                user.script = 
                                                                sun.management.compiler = HotSpot 64-Bit Tiered Compilers
                                                                user.name = admin
                                                                stdout.encoding = GBK
                                                                jdk.nio.maxCachedBufferSize = 1024
                                                                path.separator = ;
                                                                file.encoding = UTF-8
                                                                jnidispatch.path = C:\Users\admin\AppData\Local\Temp\jna-92668751\jna18144564048836538829.dll
                                                                jna.loaded = true
                                                                user.dir = D:\bigmaths
                                                                sun.os.patch.level = 
                                                                native.encoding = GBK
                                                                stderr.encoding = GBK
                                                                sun.io.unicode.encoding = UnicodeLittle
                                                                log4j2.disable.jmx = true
                                                                
2026-09-11 15:25:10.055+0000 INFO  [o.n.i.d.DiagnosticsManager] 
                                                                --------------------------------------------------------------------------------
                                                                                      [ (IANA) TimeZone database version ]                      
                                                                --------------------------------------------------------------------------------
                                                                  TimeZone version: 2025b (available for 604 zone identifiers)
                                                                
2026-09-11 15:25:10.055+0000 INFO  [o.n.i.d.DiagnosticsManager] 
                                                                --------------------------------------------------------------------------------
                                                                                            [ Network information ]                             
                                                                --------------------------------------------------------------------------------
                                                                Interface Realtek PCIe GbE Family Controller-WFP Native MAC Layer LightWeight Filter-0000:
                                                                Interface Realtek PCIe GbE Family Controller-Huorong NDIS Filter Driver-0000:
                                                                Interface Realtek PCIe GbE Family Controller-QoS Packet Scheduler-0000:
                                                                Interface Realtek PCIe GbE Family Controller-WFP 802.3 MAC Layer LightWeight Filter-0000:
                                                                Interface Microsoft Kernel Debug Network Adapter:
                                                                Interface Realtek PCIe GbE Family Controller:
                                                                    address: fe80:0:0:0:6e9a:672:f7f7:7d78%ethernet_32769
                                                                Interface Bluetooth Device (Personal Area Network):
                                                                    address: fe80:0:0:0:bd2d:3418:be44:7ad0%ethernet_32770
                                                                Interface WAN Miniport (IP):
                                                                Interface WAN Miniport (IPv6):
                                                                Interface WAN Miniport (Network Monitor):
                                                                Interface VMware Virtual Ethernet Adapter for VMnet1:
                                                                    address: fe80:0:0:0:55fb:8360:549f:d0b1%ethernet_32774
                                                                    address: 192.168.147.1
                                                                Interface VMware Virtual Ethernet Adapter for VMnet8:
                                                                    address: fe80:0:0:0:622a:2ac0:618a:dfa%ethernet_32775
                                                                    address: 192.168.37.1
                                                                Interface WAN Miniport (PPPOE):
                                                                Interface Software Loopback Interface 1:
                                                                    address: 0:0:0:0:0:0:0:1
                                                                    address: 127.0.0.1
                                                                Interface Intel(R) Wi-Fi 6E AX211 160MHz-WFP Native MAC Layer LightWeight Filter-0000:
                                                                Interface Intel(R) Wi-Fi 6E AX211 160MHz-Virtual WiFi Filter Driver-0000:
                                                                Interface Intel(R) Wi-Fi 6E AX211 160MHz-Native WiFi Filter Driver-0000:
                                                                Interface Intel(R) Wi-Fi 6E AX211 160MHz-Huorong NDIS Filter Driver-0000:
                                                                Interface Intel(R) Wi-Fi 6E AX211 160MHz-QoS Packet Scheduler-0000:
                                                                Interface Intel(R) Wi-Fi 6E AX211 160MHz-WFP 802.3 MAC Layer LightWeight Filter-0000:
                                                                Interface Microsoft Wi-Fi Direct Virtual Adapter-WFP Native MAC Layer LightWeight Filter-0000:
                                                                Interface Microsoft Wi-Fi Direct Virtual Adapter-Native WiFi Filter Driver-0000:
                                                                Interface Microsoft Wi-Fi Direct Virtual Adapter-Huorong NDIS Filter Driver-0000:
                                                                Interface Microsoft Wi-Fi Direct Virtual Adapter-QoS Packet Scheduler-0000:
                                                                Interface Microsoft Wi-Fi Direct Virtual Adapter-WFP 802.3 MAC Layer LightWeight Filter-0000:
                                                                Interface Microsoft Wi-Fi Direct Virtual Adapter #2-WFP Native MAC Layer LightWeight Filter-0000:
                                                                Interface Microsoft Wi-Fi Direct Virtual Adapter #2-Native WiFi Filter Driver-0000:
                                                                Interface Microsoft Wi-Fi Direct Virtual Adapter #2-Huorong NDIS Filter Driver-0000:
                                                                Interface Microsoft Wi-Fi Direct Virtual Adapter #2-QoS Packet Scheduler-0000:
                                                                Interface Microsoft Wi-Fi Direct Virtual Adapter #2-WFP 802.3 MAC Layer LightWeight Filter-0000:
                                                                Interface Intel(R) Wi-Fi 6E AX211 160MHz:
                                                                    address: fe80:0:0:0:86ec:4e5c:34c0:3bbe%wireless_32768
                                                                    address: 2001:250:5004:fffe:0:0:1:4d49
                                                                    address: 10.20.166.71
                                                                Interface Microsoft Wi-Fi Direct Virtual Adapter:
                                                                    address: fe80:0:0:0:c4c5:411a:ee20:b776%wireless_32769
                                                                Interface Microsoft Wi-Fi Direct Virtual Adapter #2:
                                                                    address: fe80:0:0:0:1f6a:d24:c553:2b5c%wireless_32770
                                                                Interface Microsoft Teredo Tunneling Adapter:
                                                                Interface Microsoft IP-HTTPS Platform Adapter:
                                                                Interface Microsoft 6to4 Adapter:
                                                                Interface WAN Miniport (SSTP):
                                                                Interface WAN Miniport (IKEv2):
                                                                Interface WAN Miniport (L2TP):
                                                                Interface WAN Miniport (PPTP):
                                                                
2026-09-11 15:25:10.055+0000 INFO  [o.n.i.d.DiagnosticsManager] 
                                                                --------------------------------------------------------------------------------
                                                                                         [ Native access information ]                          
                                                                --------------------------------------------------------------------------------
                                                                Native access details: Native access is not available for current platform.
                                                                
2026-09-11 15:25:10.055+0000 INFO  [o.n.i.d.DiagnosticsManager] 
                                                                --------------------------------------------------------------------------------
                                                                                                [ DBMS config ]                                 
                                                                --------------------------------------------------------------------------------
                                                                DBMS provided settings:
                                                                db.tx_log.rotation.retention_policy=2 days 2G
                                                                server.bolt.enabled=true
                                                                server.default_listen_address=127.0.0.1
                                                                server.directories.import=D:\bigmaths\neo4j\import
                                                                server.directories.neo4j_home=D:\bigmaths\neo4j
                                                                server.http.enabled=true
                                                                server.https.enabled=false
                                                                server.jvm.additional=-XX:+UseG1GC
-XX:-OmitStackTraceInFastThrow
-XX:+AlwaysPreTouch
-XX:+UnlockExperimentalVMOptions
-XX:+TrustFinalNonStaticFields
-XX:+DisableExplicitGC
-Djdk.nio.maxCachedBufferSize=1024
-Dio.netty.tryReflectionSetAccessible=true
-Djdk.tls.ephemeralDHKeySize=2048
-Djdk.tls.rejectClientInitiatedRenegotiation=true
-XX:FlightRecorderOptions=stackdepth=256
-XX:+UnlockDiagnosticVMOptions
-XX:+DebugNonSafepoints
--add-opens=java.base/java.nio=ALL-UNNAMED
--add-opens=java.base/java.io=ALL-UNNAMED
--add-opens=java.base/sun.nio.ch=ALL-UNNAMED
--enable-native-access=ALL-UNNAMED
-Dlog4j2.disable.jmx=true
-Dlog4j.layout.jsonTemplate.maxStringLength=32768
                                                                server.memory.heap.initial_size=512.00MiB
                                                                server.memory.heap.max_size=2.00GiB
                                                                server.memory.pagecache.size=1.00GiB
                                                                server.windows_service_name=neo4j
                                                                Directories in use:
                                                                server.directories.data=D:\bigmaths\neo4j\data
                                                                server.directories.dumps.root=D:\bigmaths\neo4j\data\dumps
                                                                server.directories.import=D:\bigmaths\neo4j\import
                                                                server.directories.lib=D:\bigmaths\neo4j\lib
                                                                server.directories.licenses=D:\bigmaths\neo4j\licenses
                                                                server.directories.logs=D:\bigmaths\neo4j\logs
                                                                server.directories.neo4j_home=D:\bigmaths\neo4j
                                                                server.directories.plugins=D:\bigmaths\neo4j\plugins
                                                                server.directories.run=D:\bigmaths\neo4j\run
                                                                server.directories.script.root=D:\bigmaths\neo4j\data\scripts
                                                                server.directories.transaction.logs.root=D:\bigmaths\neo4j\data\transactions
                                                                
2026-09-11 15:25:10.055+0000 INFO  [o.n.i.d.DiagnosticsManager] 
                                                                --------------------------------------------------------------------------------
                                                                                                 [ Packaging ]                                  
                                                                --------------------------------------------------------------------------------
                                                                Edition: Community
                                                                Package Type: docker trixie
                                                                
2026-09-11 15:25:10.091+0000 INFO  [o.n.d.i.DefaultIdentityModule] Found ServerId on disk: ServerId{1d60b665} (1d60b665-7b67-4ac4-a89f-dac9840a564f)
2026-09-11 15:25:10.091+0000 INFO  [o.n.d.i.DefaultIdentityModule] This instance is ServerId{1d60b665} (1d60b665-7b67-4ac4-a89f-dac9840a564f)
2026-09-11 15:25:11.068+0000 INFO  [o.n.s.CommunityNeoWebServer] ======== Neo4j 5.26.30 ========
2026-09-11 15:25:11.089+0000 INFO  [o.n.d.d.DatabaseLifecycles] Creating 'DatabaseId{00000000[system]}'.
2026-09-11 15:25:11.316+0000 INFO  [o.n.b.BoltServer] Using connector transport NIO
2026-09-11 15:25:11.567+0000 INFO  [o.n.b.BoltServer] Configured external Bolt connector with listener address /127.0.0.1:7687
2026-09-11 15:25:11.567+0000 INFO  [o.n.b.BoltServer] Bolt server loaded
2026-09-11 15:25:11.588+0000 INFO  [o.n.d.d.DatabaseLifecycles] Starting 'DatabaseId{00000000[system]}'.
2026-09-11 15:25:12.033+0000 INFO  [o.n.k.i.t.l.f.c.CheckpointLogFile] [system/00000000] Scanning log file with version 0 for checkpoint entries
2026-09-11 15:25:12.066+0000 INFO  [o.n.k.i.s.f.RecordFormatSelector] [system/00000000] Selected RecordFormat:PageAlignedV5_0[aligned-1.1] record format from store D:\bigmaths\neo4j\data\databases\system
2026-09-11 15:25:12.066+0000 INFO  [o.n.k.i.s.f.RecordFormatSelector] [system/00000000] Selected format from the store files: RecordFormat:PageAlignedV5_0[aligned-1.1]
2026-09-11 15:25:12.540+0000 INFO  [o.n.i.d.DiagnosticsManager] [system/00000000] 
                                                                [system/00000000] ********************************************************************************
                                                                [system/00000000]                               [ Database: system ]                              
                                                                [system/00000000] ********************************************************************************
                                                                [system/00000000] --------------------------------------------------------------------------------
                                                                [system/00000000]                                   [ Version ]                                   
                                                                [system/00000000] --------------------------------------------------------------------------------
                                                                [system/00000000] DBMS: community record-aligned-1.1
                                                                [system/00000000] Kernel version: 5.26.30
                                                                [system/00000000] 
                                                                [system/00000000] --------------------------------------------------------------------------------
                                                                [system/00000000]                                 [ Store files ]                                 
                                                                [system/00000000] --------------------------------------------------------------------------------
                                                                [system/00000000] Disk space on partition (Total / Free / Free %): 807072165888 / 186993631232 / 23
                                                                [system/00000000] Storage files stored on file store: NTFS
                                                                [system/00000000] Storage files: (filename : modification date - size)
                                                                [system/00000000]   database_lock: 2026-09-01 15:36:39.658+0000 - 0B
                                                                [system/00000000]   id-buffer.tmp.0: 2026-09-05 23:23:08.676+0000 - 0B
                                                                [system/00000000]   neostore: 2026-09-01 15:36:39.547+0000 - 8.000KiB
                                                                [system/00000000]   neostore.counts.db: 2026-09-11 15:25:12.425+0000 - 48.00KiB
                                                                [system/00000000]   neostore.indexstats.db: 2026-09-11 15:25:12.453+0000 - 48.00KiB
                                                                [system/00000000]   neostore.labeltokenstore.db: 2026-09-01 15:51:40.648+0000 - 8.000KiB
                                                                [system/00000000]   neostore.labeltokenstore.db.id: 2026-09-11 15:25:12.367+0000 - 40.00KiB
                                                                [system/00000000]   neostore.labeltokenstore.db.names: 2026-09-01 15:51:40.667+0000 - 8.000KiB
                                                                [system/00000000]   neostore.labeltokenstore.db.names.id: 2026-09-11 15:25:12.356+0000 - 40.00KiB
                                                                [system/00000000]   neostore.nodestore.db: 2026-09-01 15:51:40.678+0000 - 8.000KiB
                                                                [system/00000000]   neostore.nodestore.db.id: 2026-09-11 15:25:12.227+0000 - 40.00KiB
                                                                [system/00000000]   neostore.nodestore.db.labels: 2026-09-01 15:36:39.392+0000 - 8.000KiB
                                                                [system/00000000]   neostore.nodestore.db.labels.id: 2026-09-11 15:25:12.206+0000 - 40.00KiB
                                                                [system/00000000]   neostore.propertystore.db: 2026-09-01 15:51:40.658+0000 - 8.000KiB
                                                                [system/00000000]   neostore.propertystore.db.arrays: 2026-09-01 15:36:39.412+0000 - 8.000KiB
                                                                [system/00000000]   neostore.propertystore.db.arrays.id: 2026-09-11 15:25:12.285+0000 - 40.00KiB
                                                                [system/00000000]   neostore.propertystore.db.id: 2026-09-11 15:25:12.300+0000 - 40.00KiB
                                                                [system/00000000]   neostore.propertystore.db.index: 2026-09-01 15:51:40.651+0000 - 8.000KiB
                                                                [system/00000000]   neostore.propertystore.db.index.id: 2026-09-11 15:25:12.253+0000 - 40.00KiB
                                                                [system/00000000]   neostore.propertystore.db.index.keys: 2026-09-01 15:51:40.644+0000 - 8.000KiB
                                                                [system/00000000]   neostore.propertystore.db.index.keys.id: 2026-09-11 15:25:12.244+0000 - 40.00KiB
                                                                [system/00000000]   neostore.propertystore.db.strings: 2026-09-01 15:51:40.654+0000 - 8.000KiB
                                                                [system/00000000]   neostore.propertystore.db.strings.id: 2026-09-11 15:25:12.270+0000 - 40.00KiB
                                                                [system/00000000]   neostore.relationshipgroupstore.db: 2026-09-01 15:36:39.440+0000 - 8.000KiB
                                                                [system/00000000]   neostore.relationshipgroupstore.db.id: 2026-09-11 15:25:12.396+0000 - 40.00KiB
                                                                [system/00000000]   neostore.relationshipgroupstore.degrees.db: 2026-09-11 15:25:12.442+0000 - 40.00KiB
                                                                [system/00000000]   neostore.relationshipstore.db: 2026-09-01 15:51:40.671+0000 - 8.000KiB
                                                                [system/00000000]   neostore.relationshipstore.db.id: 2026-09-11 15:25:12.315+0000 - 40.00KiB
                                                                [system/00000000]   neostore.relationshiptypestore.db: 2026-09-01 15:51:40.674+0000 - 8.000KiB
                                                                [system/00000000]   neostore.relationshiptypestore.db.id: 2026-09-11 15:25:12.343+0000 - 40.00KiB
                                                                [system/00000000]   neostore.relationshiptypestore.db.names: 2026-09-01 15:51:40.661+0000 - 8.000KiB
                                                                [system/00000000]   neostore.relationshiptypestore.db.names.id: 2026-09-11 15:25:12.328+0000 - 40.00KiB
                                                                [system/00000000]   neostore.schemastore.db: 2026-09-01 15:51:40.665+0000 - 8.000KiB
                                                                [system/00000000]   neostore.schemastore.db.id: 2026-09-11 15:25:12.382+0000 - 40.00KiB
                                                                [system/00000000]   schema:
                                                                [system/00000000]     index:
                                                                [system/00000000]       range-1.0:
                                                                [system/00000000]         3:
                                                                [system/00000000]           index-3: 2026-09-05 23:23:08.612+0000 - 48.00KiB
                                                                [system/00000000]         - Total: 2026-09-01 15:36:40.188+0000 - 48.00KiB
                                                                [system/00000000]         4:
                                                                [system/00000000]           index-4: 2026-09-05 23:23:08.628+0000 - 48.00KiB
                                                                [system/00000000]         - Total: 2026-09-01 15:36:40.253+0000 - 48.00KiB
                                                                [system/00000000]         7:
                                                                [system/00000000]           index-7: 2026-09-05 23:23:08.640+0000 - 48.00KiB
                                                                [system/00000000]         - Total: 2026-09-01 15:36:40.454+0000 - 48.00KiB
                                                                [system/00000000]         8:
                                                                [system/00000000]           index-8: 2026-09-05 23:23:08.658+0000 - 48.00KiB
                                                                [system/00000000]         - Total: 2026-09-01 15:36:40.506+0000 - 48.00KiB
                                                                [system/00000000]         9:
                                                                [system/00000000]           index-9: 2026-09-05 23:23:08.669+0000 - 48.00KiB
                                                                [system/00000000]         - Total: 2026-09-01 15:36:40.577+0000 - 48.00KiB
                                                                [system/00000000]       - Total: 2026-09-01 15:36:40.576+0000 - 240.0KiB
                                                                [system/00000000]       token-lookup-1.0:
                                                                [system/00000000]         1:
                                                                [system/00000000]           index-1: 2026-09-05 23:23:08.567+0000 - 48.00KiB
                                                                [system/00000000]         - Total: 2026-09-01 15:36:39.842+0000 - 48.00KiB
                                                                [system/00000000]         2:
                                                                [system/00000000]           index-2: 2026-09-05 23:23:08.587+0000 - 48.00KiB
                                                                [system/00000000]         - Total: 2026-09-01 15:36:39.902+0000 - 48.00KiB
                                                                [system/00000000]       - Total: 2026-09-01 15:36:39.901+0000 - 96.00KiB
                                                                [system/00000000]     - Total: 2026-09-01 15:36:40.188+0000 - 336.0KiB
                                                                [system/00000000]   - Total: 2026-09-01 15:36:39.839+0000 - 336.0KiB
                                                                [system/00000000] Storage summary: 
                                                                [system/00000000]   Total size of store: 1.125MiB
                                                                [system/00000000]   Total size of mapped files: 456.0KiB
                                                                [system/00000000] 
                                                                [system/00000000] --------------------------------------------------------------------------------
                                                                [system/00000000]                               [ Transaction log ]                               
                                                                [system/00000000] --------------------------------------------------------------------------------
                                                                [system/00000000] Transaction log files stored on file store: NTFS
                                                                [system/00000000] Transaction log metadata:
                                                                [system/00000000]  - current kernel version used in transactions: V5_25
                                                                [system/00000000]  - last committed transaction id: 41
                                                                [system/00000000] Transaction log files:
                                                                [system/00000000]  - existing transaction log versions: 0-0
                                                                [system/00000000]  - oldest append index 2 found in log with version 0
                                                                [system/00000000]  - files: (filename : creation date - size)
                                                                [system/00000000]      neostore.transaction.db.0: 2026-09-01 15:36:39.671+0000 - 23.46KiB
                                                                [system/00000000]  - total size of files: 23.46KiB
                                                                [system/00000000] Checkpoint log files:
                                                                [system/00000000]  - existing checkpoint log versions: 0-0
                                                                [system/00000000]  - last checkpoint: CheckpointInfo[oldestNotVisibleTransactionLogPosition=LogPosition{logVersion=0, byteOffset=24028}, transactionLogPosition=LogPosition{logVersion=0, byteOffset=24028}, storeId=StoreId{creationTime=1788276999542, random=974428032443312329, storageEngineName='record', formatName='aligned', majorVersion=1, minorVersion=1}, checkpointEntryPosition=LogPosition{logVersion=0, byteOffset=360}, channelPositionAfterCheckpoint=LogPosition{logVersion=0, byteOffset=592}, checkpointFilePostReadPosition=LogPosition{logVersion=0, byteOffset=592}, kernelVersion=KernelVersion{V5_25,version=20}, kernelVersionByte=20, transactionId=TransactionId[id=41, appendIndex=41, kernelVersion=KernelVersion{V5_25,version=20}, checksum=1982320162, commitTimestamp=1788277000659, consensusIndex=-1], appendIndex=41, reason=Checkpoint triggered by "Scheduled checkpoint for every 15 minutes threshol, consensusIndexInCheckpoint=true]
                                                                [system/00000000] 
                                                                [system/00000000] --------------------------------------------------------------------------------
                                                                [system/00000000]                                   [ Id usage ]                                  
                                                                [system/00000000] --------------------------------------------------------------------------------
                                                                [system/00000000] ArrayPropertyStore[neostore.nodestore.db.labels]: used=1 high=0
                                                                [system/00000000] NodeStore[neostore.nodestore.db]: used=7 high=6
                                                                [system/00000000] StringPropertyStore[neostore.propertystore.db.index.keys]: used=47 high=46
                                                                [system/00000000] PropertyIndexStore[neostore.propertystore.db.index]: used=33 high=32
                                                                [system/00000000] StringPropertyStore[neostore.propertystore.db.strings]: used=3 high=2
                                                                [system/00000000] ArrayPropertyStore[neostore.propertystore.db.arrays]: used=1 high=0
                                                                [system/00000000] PropertyStore[neostore.propertystore.db]: used=73 high=72
                                                                [system/00000000] RelationshipStore[neostore.relationshipstore.db]: used=3 high=2
                                                                [system/00000000] StringPropertyStore[neostore.relationshiptypestore.db.names]: used=3 high=2
                                                                [system/00000000] RelationshipTypeStore[neostore.relationshiptypestore.db]: used=2 high=1
                                                                [system/00000000] StringPropertyStore[neostore.labeltokenstore.db.names]: used=6 high=5
                                                                [system/00000000] LabelTokenStore[neostore.labeltokenstore.db]: used=5 high=4
                                                                [system/00000000] SchemaStore[neostore.schemastore.db]: used=13 high=12
                                                                [system/00000000] RelationshipGroupStore[neostore.relationshipgroupstore.db]: used=1 high=0
                                                                [system/00000000] NeoStore[neostore]: used=-1 high=-1
                                                                [system/00000000] 
                                                                [system/00000000] --------------------------------------------------------------------------------
                                                                [system/00000000]                                   [ Metadata ]                                  
                                                                [system/00000000] --------------------------------------------------------------------------------
                                                                [system/00000000] EXTERNAL_STORE_UUID (Database identifier exposed as external store identity. Generated on creation and never updated): 6a3217bc-66a7-4529-a254-975c2d29b57f
                                                                [system/00000000] DATABASE_ID (The last used DatabaseId for this database): null
                                                                [system/00000000] LEGACY_STORE_VERSION (Legacy store format version. This field is used from 5.0 onwards only to distinguish non-migrated pre 5.0 metadata stores.): -3523014627327384477
                                                                [system/00000000] STORE_ID (Store ID): StoreId{creationTime=1788276999542, random=974428032443312329, storageEngineName='record', formatName='aligned', majorVersion=1, minorVersion=1}
                                                                [system/00000000] 
2026-09-11 15:25:12.602+0000 INFO  [o.n.k.i.i.s.TokenIndexProvider] [system/00000000] Schema index cleanup job registered: descriptor=Index( id=1, name='index_343aff4e', type='LOOKUP', schema=(:<any-labels>), indexProvider='token-lookup-1.0' ), indexFile=D:\bigmaths\neo4j\data\databases\system\schema\index\token-lookup-1.0\1\index-1
2026-09-11 15:25:12.602+0000 INFO  [o.n.k.i.i.s.TokenIndexProvider] [system/00000000] Schema index cleanup job started: descriptor=Index( id=1, name='index_343aff4e', type='LOOKUP', schema=(:<any-labels>), indexProvider='token-lookup-1.0' ), indexFile=D:\bigmaths\neo4j\data\databases\system\schema\index\token-lookup-1.0\1\index-1
2026-09-11 15:25:12.608+0000 INFO  [o.n.k.i.i.s.TokenIndexProvider] [system/00000000] Schema index cleanup job finished: descriptor=Index( id=1, name='index_343aff4e', type='LOOKUP', schema=(:<any-labels>), indexProvider='token-lookup-1.0' ), indexFile=D:\bigmaths\neo4j\data\databases\system\schema\index\token-lookup-1.0\1\index-1 Number of pages visited: 3, Number of tree nodes: 2, Number of cleaned crashed pointers: 0, Time spent: 0ms
2026-09-11 15:25:12.608+0000 INFO  [o.n.k.i.i.s.TokenIndexProvider] [system/00000000] Schema index cleanup job closed: descriptor=Index( id=1, name='index_343aff4e', type='LOOKUP', schema=(:<any-labels>), indexProvider='token-lookup-1.0' ), indexFile=D:\bigmaths\neo4j\data\databases\system\schema\index\token-lookup-1.0\1\index-1
2026-09-11 15:25:12.625+0000 INFO  [o.n.k.i.i.s.TokenIndexProvider] [system/00000000] Schema index cleanup job registered: descriptor=Index( id=2, name='index_f7700477', type='LOOKUP', schema=()-[:<any-types>]-(), indexProvider='token-lookup-1.0' ), indexFile=D:\bigmaths\neo4j\data\databases\system\schema\index\token-lookup-1.0\2\index-2
2026-09-11 15:25:12.625+0000 INFO  [o.n.k.i.i.s.TokenIndexProvider] [system/00000000] Schema index cleanup job started: descriptor=Index( id=2, name='index_f7700477', type='LOOKUP', schema=()-[:<any-types>]-(), indexProvider='token-lookup-1.0' ), indexFile=D:\bigmaths\neo4j\data\databases\system\schema\index\token-lookup-1.0\2\index-2
2026-09-11 15:25:12.625+0000 INFO  [o.n.k.i.i.s.TokenIndexProvider] [system/00000000] Schema index cleanup job finished: descriptor=Index( id=2, name='index_f7700477', type='LOOKUP', schema=()-[:<any-types>]-(), indexProvider='token-lookup-1.0' ), indexFile=D:\bigmaths\neo4j\data\databases\system\schema\index\token-lookup-1.0\2\index-2 Number of pages visited: 3, Number of tree nodes: 2, Number of cleaned crashed pointers: 0, Time spent: 0ms
2026-09-11 15:25:12.625+0000 INFO  [o.n.k.i.i.s.TokenIndexProvider] [system/00000000] Schema index cleanup job closed: descriptor=Index( id=2, name='index_f7700477', type='LOOKUP', schema=()-[:<any-types>]-(), indexProvider='token-lookup-1.0' ), indexFile=D:\bigmaths\neo4j\data\databases\system\schema\index\token-lookup-1.0\2\index-2
2026-09-11 15:25:12.648+0000 INFO  [o.n.k.i.i.s.RangeIndexProvider] [system/00000000] Schema index cleanup job registered: descriptor=Index( id=3, name='constraint_798238d6', type='RANGE', schema=(:Label[1] {PropertyKey[11], PropertyKey[12]}), indexProvider='range-1.0', owningConstraint=5 ), indexFile=D:\bigmaths\neo4j\data\databases\system\schema\index\range-1.0\3\index-3
2026-09-11 15:25:12.648+0000 INFO  [o.n.k.i.i.s.RangeIndexProvider] [system/00000000] Schema index cleanup job started: descriptor=Index( id=3, name='constraint_798238d6', type='RANGE', schema=(:Label[1] {PropertyKey[11], PropertyKey[12]}), indexProvider='range-1.0', owningConstraint=5 ), indexFile=D:\bigmaths\neo4j\data\databases\system\schema\index\range-1.0\3\index-3
2026-09-11 15:25:12.649+0000 INFO  [o.n.k.i.i.s.RangeIndexProvider] [system/00000000] Schema index cleanup job finished: descriptor=Index( id=3, name='constraint_798238d6', type='RANGE', schema=(:Label[1] {PropertyKey[11], PropertyKey[12]}), indexProvider='range-1.0', owningConstraint=5 ), indexFile=D:\bigmaths\neo4j\data\databases\system\schema\index\range-1.0\3\index-3 Number of pages visited: 3, Number of tree nodes: 2, Number of cleaned crashed pointers: 0, Time spent: 0ms
2026-09-11 15:25:12.649+0000 INFO  [o.n.k.i.i.s.RangeIndexProvider] [system/00000000] Schema index cleanup job closed: descriptor=Index( id=3, name='constraint_798238d6', type='RANGE', schema=(:Label[1] {PropertyKey[11], PropertyKey[12]}), indexProvider='range-1.0', owningConstraint=5 ), indexFile=D:\bigmaths\neo4j\data\databases\system\schema\index\range-1.0\3\index-3
2026-09-11 15:25:12.659+0000 INFO  [o.n.k.i.i.s.RangeIndexProvider] [system/00000000] Schema index cleanup job registered: descriptor=Index( id=4, name='constraint_8014b60a', type='RANGE', schema=(:Label[2] {PropertyKey[11]}), indexProvider='range-1.0', owningConstraint=6 ), indexFile=D:\bigmaths\neo4j\data\databases\system\schema\index\range-1.0\4\index-4
2026-09-11 15:25:12.659+0000 INFO  [o.n.k.i.i.s.RangeIndexProvider] [system/00000000] Schema index cleanup job started: descriptor=Index( id=4, name='constraint_8014b60a', type='RANGE', schema=(:Label[2] {PropertyKey[11]}), indexProvider='range-1.0', owningConstraint=6 ), indexFile=D:\bigmaths\neo4j\data\databases\system\schema\index\range-1.0\4\index-4
2026-09-11 15:25:12.659+0000 INFO  [o.n.k.i.i.s.RangeIndexProvider] [system/00000000] Schema index cleanup job finished: descriptor=Index( id=4, name='constraint_8014b60a', type='RANGE', schema=(:Label[2] {PropertyKey[11]}), indexProvider='range-1.0', owningConstraint=6 ), indexFile=D:\bigmaths\neo4j\data\databases\system\schema\index\range-1.0\4\index-4 Number of pages visited: 3, Number of tree nodes: 2, Number of cleaned crashed pointers: 0, Time spent: 0ms
2026-09-11 15:25:12.659+0000 INFO  [o.n.k.i.i.s.RangeIndexProvider] [system/00000000] Schema index cleanup job closed: descriptor=Index( id=4, name='constraint_8014b60a', type='RANGE', schema=(:Label[2] {PropertyKey[11]}), indexProvider='range-1.0', owningConstraint=6 ), indexFile=D:\bigmaths\neo4j\data\databases\system\schema\index\range-1.0\4\index-4
2026-09-11 15:25:12.669+0000 INFO  [o.n.k.i.i.s.RangeIndexProvider] [system/00000000] Schema index cleanup job registered: descriptor=Index( id=7, name='constraint_5789ae3', type='RANGE', schema=(:Label[3] {PropertyKey[11]}), indexProvider='range-1.0', owningConstraint=12 ), indexFile=D:\bigmaths\neo4j\data\databases\system\schema\index\range-1.0\7\index-7
2026-09-11 15:25:12.669+0000 INFO  [o.n.k.i.i.s.RangeIndexProvider] [system/00000000] Schema index cleanup job started: descriptor=Index( id=7, name='constraint_5789ae3', type='RANGE', schema=(:Label[3] {PropertyKey[11]}), indexProvider='range-1.0', owningConstraint=12 ), indexFile=D:\bigmaths\neo4j\data\databases\system\schema\index\range-1.0\7\index-7
2026-09-11 15:25:12.669+0000 INFO  [o.n.k.i.i.s.RangeIndexProvider] [system/00000000] Schema index cleanup job finished: descriptor=Index( id=7, name='constraint_5789ae3', type='RANGE', schema=(:Label[3] {PropertyKey[11]}), indexProvider='range-1.0', owningConstraint=12 ), indexFile=D:\bigmaths\neo4j\data\databases\system\schema\index\range-1.0\7\index-7 Number of pages visited: 3, Number of tree nodes: 2, Number of cleaned crashed pointers: 0, Time spent: 0ms
2026-09-11 15:25:12.669+0000 INFO  [o.n.k.i.i.s.RangeIndexProvider] [system/00000000] Schema index cleanup job closed: descriptor=Index( id=7, name='constraint_5789ae3', type='RANGE', schema=(:Label[3] {PropertyKey[11]}), indexProvider='range-1.0', owningConstraint=12 ), indexFile=D:\bigmaths\neo4j\data\databases\system\schema\index\range-1.0\7\index-7
2026-09-11 15:25:12.685+0000 INFO  [o.n.k.i.i.s.RangeIndexProvider] [system/00000000] Schema index cleanup job registered: descriptor=Index( id=8, name='constraint_74fad970', type='RANGE', schema=(:Label[3] {PropertyKey[27]}), indexProvider='range-1.0', owningConstraint=10 ), indexFile=D:\bigmaths\neo4j\data\databases\system\schema\index\range-1.0\8\index-8
2026-09-11 15:25:12.685+0000 INFO  [o.n.k.i.i.s.RangeIndexProvider] [system/00000000] Schema index cleanup job started: descriptor=Index( id=8, name='constraint_74fad970', type='RANGE', schema=(:Label[3] {PropertyKey[27]}), indexProvider='range-1.0', owningConstraint=10 ), indexFile=D:\bigmaths\neo4j\data\databases\system\schema\index\range-1.0\8\index-8
2026-09-11 15:25:12.685+0000 INFO  [o.n.k.i.i.s.RangeIndexProvider] [system/00000000] Schema index cleanup job finished: descriptor=Index( id=8, name='constraint_74fad970', type='RANGE', schema=(:Label[3] {PropertyKey[27]}), indexProvider='range-1.0', owningConstraint=10 ), indexFile=D:\bigmaths\neo4j\data\databases\system\schema\index\range-1.0\8\index-8 Number of pages visited: 3, Number of tree nodes: 2, Number of cleaned crashed pointers: 0, Time spent: 0ms
2026-09-11 15:25:12.685+0000 INFO  [o.n.k.i.i.s.RangeIndexProvider] [system/00000000] Schema index cleanup job closed: descriptor=Index( id=8, name='constraint_74fad970', type='RANGE', schema=(:Label[3] {PropertyKey[27]}), indexProvider='range-1.0', owningConstraint=10 ), indexFile=D:\bigmaths\neo4j\data\databases\system\schema\index\range-1.0\8\index-8
2026-09-11 15:25:12.695+0000 INFO  [o.n.k.i.i.s.RangeIndexProvider] [system/00000000] Schema index cleanup job registered: descriptor=Index( id=9, name='auth-constraint', type='RANGE', schema=(:Label[4] {PropertyKey[28], PropertyKey[27]}), indexProvider='range-1.0', owningConstraint=11 ), indexFile=D:\bigmaths\neo4j\data\databases\system\schema\index\range-1.0\9\index-9
2026-09-11 15:25:12.695+0000 INFO  [o.n.k.i.i.s.RangeIndexProvider] [system/00000000] Schema index cleanup job started: descriptor=Index( id=9, name='auth-constraint', type='RANGE', schema=(:Label[4] {PropertyKey[28], PropertyKey[27]}), indexProvider='range-1.0', owningConstraint=11 ), indexFile=D:\bigmaths\neo4j\data\databases\system\schema\index\range-1.0\9\index-9
2026-09-11 15:25:12.695+0000 INFO  [o.n.k.i.i.s.RangeIndexProvider] [system/00000000] Schema index cleanup job finished: descriptor=Index( id=9, name='auth-constraint', type='RANGE', schema=(:Label[4] {PropertyKey[28], PropertyKey[27]}), indexProvider='range-1.0', owningConstraint=11 ), indexFile=D:\bigmaths\neo4j\data\databases\system\schema\index\range-1.0\9\index-9 Number of pages visited: 3, Number of tree nodes: 2, Number of cleaned crashed pointers: 0, Time spent: 0ms
2026-09-11 15:25:12.695+0000 INFO  [o.n.k.i.i.s.RangeIndexProvider] [system/00000000] Schema index cleanup job closed: descriptor=Index( id=9, name='auth-constraint', type='RANGE', schema=(:Label[4] {PropertyKey[28], PropertyKey[27]}), indexProvider='range-1.0', owningConstraint=11 ), indexFile=D:\bigmaths\neo4j\data\databases\system\schema\index\range-1.0\9\index-9
2026-09-11 15:25:12.696+0000 INFO  [o.n.k.i.a.i.IndexingService] [system/00000000] IndexingService.init: indexes not specifically mentioned above are ONLINE. Total 7 indexes. Processed in 113ms
2026-09-11 15:25:12.700+0000 INFO  [o.n.k.a.DatabaseAvailabilityGuard] [system/00000000] Requirement `Database unavailable` makes database system unavailable.
2026-09-11 15:25:12.700+0000 INFO  [o.n.k.a.DatabaseAvailabilityGuard] [system/00000000] DatabaseId{00000000[system]} is unavailable.
2026-09-11 15:25:12.705+0000 INFO  [o.n.k.d.Database] [system/00000000] Starting transaction log [D:\bigmaths\neo4j\data\transactions\system\neostore.transaction.db.0] at version=0
2026-09-11 15:25:12.708+0000 INFO  [o.n.k.d.Database] [system/00000000] Starting transaction log [D:\bigmaths\neo4j\data\transactions\system\checkpoint.0] at version=0
2026-09-11 15:25:12.709+0000 INFO  [o.n.k.i.t.l.f.c.CheckpointLogFile] [system/00000000] Scanning log file with version 0 for checkpoint entries
2026-09-11 15:25:12.712+0000 INFO  [o.n.k.i.a.i.IndexingService] [system/00000000] IndexingService.start: indexes not specifically mentioned above are ONLINE. Total 7 indexes. Processed in 0ms
2026-09-11 15:25:12.721+0000 INFO  [o.n.k.a.DatabaseAvailabilityGuard] [system/00000000] Fulfilling of requirement 'Database unavailable' makes database system available.
2026-09-11 15:25:12.721+0000 INFO  [o.n.k.a.DatabaseAvailabilityGuard] [system/00000000] DatabaseId{00000000[system]} is ready.
2026-09-11 15:25:12.798+0000 INFO  [o.n.s.s.s.UserSecurityGraphComponent] Performing postInitialization step for component 'security-users' with version 5 and status CURRENT
2026-09-11 15:25:12.798+0000 INFO  [o.n.s.s.s.UserSecurityGraphComponent] Updating the initial password in component 'security-users'
2026-09-11 15:25:12.817+0000 INFO  [o.n.d.d.DatabaseLifecycles] Creating 'DatabaseId{3681fcc7[neo4j]}'.
2026-09-11 15:25:12.821+0000 INFO  [o.n.d.d.DatabaseLifecycles] Starting 'DatabaseId{3681fcc7[neo4j]}'.
2026-09-11 15:25:12.848+0000 INFO  [o.n.k.i.t.l.f.c.CheckpointLogFile] [neo4j/3681fcc7] Scanning log file with version 0 for checkpoint entries
2026-09-11 15:25:12.862+0000 INFO  [o.n.k.i.s.f.RecordFormatSelector] [neo4j/3681fcc7] Selected RecordFormat:PageAlignedV5_0[aligned-1.1] record format from store D:\bigmaths\neo4j\data\databases\neo4j
2026-09-11 15:25:12.862+0000 INFO  [o.n.k.i.s.f.RecordFormatSelector] [neo4j/3681fcc7] Selected format from the store files: RecordFormat:PageAlignedV5_0[aligned-1.1]
2026-09-11 15:25:13.106+0000 INFO  [o.n.i.d.DiagnosticsManager] [neo4j/3681fcc7] 
                                                                [neo4j/3681fcc7] ********************************************************************************
                                                                [neo4j/3681fcc7]                               [ Database: neo4j ]                               
                                                                [neo4j/3681fcc7] ********************************************************************************
                                                                [neo4j/3681fcc7] --------------------------------------------------------------------------------
                                                                [neo4j/3681fcc7]                                   [ Version ]                                   
                                                                [neo4j/3681fcc7] --------------------------------------------------------------------------------
                                                                [neo4j/3681fcc7] DBMS: community record-aligned-1.1
                                                                [neo4j/3681fcc7] Kernel version: 5.26.30
                                                                [neo4j/3681fcc7] 
                                                                [neo4j/3681fcc7] --------------------------------------------------------------------------------
                                                                [neo4j/3681fcc7]                                 [ Store files ]                                 
                                                                [neo4j/3681fcc7] --------------------------------------------------------------------------------
                                                                [neo4j/3681fcc7] Disk space on partition (Total / Free / Free %): 807072165888 / 186993631232 / 23
                                                                [neo4j/3681fcc7] Storage files stored on file store: NTFS
                                                                [neo4j/3681fcc7] Storage files: (filename : modification date - size)
                                                                [neo4j/3681fcc7]   database_lock: 2026-09-01 15:36:40.738+0000 - 0B
                                                                [neo4j/3681fcc7]   id-buffer.tmp.0: 2026-09-05 23:23:09.232+0000 - 0B
                                                                [neo4j/3681fcc7]   neostore: 2026-09-01 15:36:40.722+0000 - 8.000KiB
                                                                [neo4j/3681fcc7]   neostore.counts.db: 2026-09-11 15:25:13.079+0000 - 48.00KiB
                                                                [neo4j/3681fcc7]   neostore.indexstats.db: 2026-09-11 15:25:13.094+0000 - 48.00KiB
                                                                [neo4j/3681fcc7]   neostore.labeltokenstore.db: 2026-09-01 16:27:03.341+0000 - 8.000KiB
                                                                [neo4j/3681fcc7]   neostore.labeltokenstore.db.id: 2026-09-11 15:25:13.040+0000 - 40.00KiB
                                                                [neo4j/3681fcc7]   neostore.labeltokenstore.db.names: 2026-09-01 16:27:03.328+0000 - 8.000KiB
                                                                [neo4j/3681fcc7]   neostore.labeltokenstore.db.names.id: 2026-09-11 15:25:13.028+0000 - 40.00KiB
                                                                [neo4j/3681fcc7]   neostore.nodestore.db: 2026-09-04 13:54:21.959+0000 - 432.0KiB
                                                                [neo4j/3681fcc7]   neostore.nodestore.db.id: 2026-09-11 15:25:12.901+0000 - 72.00KiB
                                                                [neo4j/3681fcc7]   neostore.nodestore.db.labels: 2026-09-01 15:36:40.679+0000 - 8.000KiB
                                                                [neo4j/3681fcc7]   neostore.nodestore.db.labels.id: 2026-09-11 15:25:12.870+0000 - 40.00KiB
                                                                [neo4j/3681fcc7]   neostore.propertystore.db: 2026-09-04 13:54:21.967+0000 - 9.211MiB
                                                                [neo4j/3681fcc7]   neostore.propertystore.db.arrays: 2026-09-01 16:42:04.301+0000 - 320.0KiB
                                                                [neo4j/3681fcc7]   neostore.propertystore.db.arrays.id: 2026-09-11 15:25:12.953+0000 - 48.00KiB
                                                                [neo4j/3681fcc7]   neostore.propertystore.db.id: 2026-09-11 15:25:12.967+0000 - 216.0KiB
                                                                [neo4j/3681fcc7]   neostore.propertystore.db.index: 2026-09-04 13:54:21.948+0000 - 8.000KiB
                                                                [neo4j/3681fcc7]   neostore.propertystore.db.index.id: 2026-09-11 15:25:12.926+0000 - 40.00KiB
                                                                [neo4j/3681fcc7]   neostore.propertystore.db.index.keys: 2026-09-04 13:54:21.962+0000 - 8.000KiB
                                                                [neo4j/3681fcc7]   neostore.propertystore.db.index.keys.id: 2026-09-11 15:25:12.916+0000 - 40.00KiB
                                                                [neo4j/3681fcc7]   neostore.propertystore.db.strings: 2026-09-01 16:42:04.314+0000 - 32.00KiB
                                                                [neo4j/3681fcc7]   neostore.propertystore.db.strings.id: 2026-09-11 15:25:12.940+0000 - 48.00KiB
                                                                [neo4j/3681fcc7]   neostore.relationshipgroupstore.db: 2026-09-01 16:42:04.296+0000 - 8.000KiB
                                                                [neo4j/3681fcc7]   neostore.relationshipgroupstore.db.id: 2026-09-11 15:25:13.069+0000 - 48.00KiB
                                                                [neo4j/3681fcc7]   neostore.relationshipgroupstore.degrees.db: 2026-09-11 15:25:13.087+0000 - 48.00KiB
                                                                [neo4j/3681fcc7]   neostore.relationshipstore.db: 2026-09-01 16:42:04.306+0000 - 4.422MiB
                                                                [neo4j/3681fcc7]   neostore.relationshipstore.db.id: 2026-09-11 15:25:12.982+0000 - 176.0KiB
                                                                [neo4j/3681fcc7]   neostore.relationshiptypestore.db: 2026-09-01 16:27:03.351+0000 - 8.000KiB
                                                                [neo4j/3681fcc7]   neostore.relationshiptypestore.db.id: 2026-09-11 15:25:13.009+0000 - 40.00KiB
                                                                [neo4j/3681fcc7]   neostore.relationshiptypestore.db.names: 2026-09-01 16:27:03.319+0000 - 8.000KiB
                                                                [neo4j/3681fcc7]   neostore.relationshiptypestore.db.names.id: 2026-09-11 15:25:13.000+0000 - 40.00KiB
                                                                [neo4j/3681fcc7]   neostore.schemastore.db: 2026-09-04 13:54:21.954+0000 - 8.000KiB
                                                                [neo4j/3681fcc7]   neostore.schemastore.db.id: 2026-09-11 15:25:13.052+0000 - 40.00KiB
                                                                [neo4j/3681fcc7]   schema:
                                                                [neo4j/3681fcc7]     index:
                                                                [neo4j/3681fcc7]       range-1.0:
                                                                [neo4j/3681fcc7]         10:
                                                                [neo4j/3681fcc7]           index-10: 2026-09-05 23:23:09.225+0000 - 64.00KiB
                                                                [neo4j/3681fcc7]         - Total: 2026-09-04 13:54:18.388+0000 - 64.00KiB
                                                                [neo4j/3681fcc7]         3:
                                                                [neo4j/3681fcc7]           index-3: 2026-09-05 23:23:09.163+0000 - 2.320MiB
                                                                [neo4j/3681fcc7]         - Total: 2026-09-01 16:26:53.649+0000 - 2.320MiB
                                                                [neo4j/3681fcc7]         5:
                                                                [neo4j/3681fcc7]           index-5: 2026-09-05 23:23:09.175+0000 - 312.0KiB
                                                                [neo4j/3681fcc7]         - Total: 2026-09-01 16:26:53.726+0000 - 312.0KiB
                                                                [neo4j/3681fcc7]         7:
                                                                [neo4j/3681fcc7]           index-7: 2026-09-05 23:23:09.187+0000 - 2.945MiB
                                                                [neo4j/3681fcc7]         - Total: 2026-09-01 16:26:53.801+0000 - 2.945MiB
                                                                [neo4j/3681fcc7]         8:
                                                                [neo4j/3681fcc7]           index-8: 2026-09-05 23:23:09.196+0000 - 1.148MiB
                                                                [neo4j/3681fcc7]         - Total: 2026-09-01 16:26:53.859+0000 - 1.148MiB
                                                                [neo4j/3681fcc7]         9:
                                                                [neo4j/3681fcc7]           index-9: 2026-09-05 23:23:09.208+0000 - 728.0KiB
                                                                [neo4j/3681fcc7]         - Total: 2026-09-04 13:54:18.367+0000 - 728.0KiB
                                                                [neo4j/3681fcc7]       - Total: 2026-09-04 13:54:18.388+0000 - 7.492MiB
                                                                [neo4j/3681fcc7]       token-lookup-1.0:
                                                                [neo4j/3681fcc7]         1:
                                                                [neo4j/3681fcc7]           index-1: 2026-09-05 23:23:09.142+0000 - 48.00KiB
                                                                [neo4j/3681fcc7]         - Total: 2026-09-01 15:36:40.792+0000 - 48.00KiB
                                                                [neo4j/3681fcc7]         2:
                                                                [neo4j/3681fcc7]           index-2: 2026-09-05 23:23:09.153+0000 - 264.0KiB
                                                                [neo4j/3681fcc7]         - Total: 2026-09-01 15:36:40.834+0000 - 264.0KiB
                                                                [neo4j/3681fcc7]       - Total: 2026-09-01 15:36:40.834+0000 - 312.0KiB
                                                                [neo4j/3681fcc7]     - Total: 2026-09-01 16:26:53.647+0000 - 7.797MiB
                                                                [neo4j/3681fcc7]   - Total: 2026-09-01 15:36:40.791+0000 - 7.797MiB
                                                                [neo4j/3681fcc7] Storage summary: 
                                                                [neo4j/3681fcc7]   Total size of store: 23.32MiB
                                                                [neo4j/3681fcc7]   Total size of mapped files: 22.27MiB
                                                                [neo4j/3681fcc7] 
                                                                [neo4j/3681fcc7] --------------------------------------------------------------------------------
                                                                [neo4j/3681fcc7]                               [ Transaction log ]                               
                                                                [neo4j/3681fcc7] --------------------------------------------------------------------------------
                                                                [neo4j/3681fcc7] Transaction log files stored on file store: NTFS
                                                                [neo4j/3681fcc7] Transaction log metadata:
                                                                [neo4j/3681fcc7]  - current kernel version used in transactions: V5_25
                                                                [neo4j/3681fcc7]  - last committed transaction id: 118
                                                                [neo4j/3681fcc7] Transaction log files:
                                                                [neo4j/3681fcc7]  - existing transaction log versions: 0-0
                                                                [neo4j/3681fcc7]  - oldest append index 2 found in log with version 0
                                                                [neo4j/3681fcc7]  - files: (filename : creation date - size)
                                                                [neo4j/3681fcc7]      neostore.transaction.db.0: 2026-09-01 15:36:40.741+0000 - 135.8MiB
                                                                [neo4j/3681fcc7]  - total size of files: 135.8MiB
                                                                [neo4j/3681fcc7] Checkpoint log files:
                                                                [neo4j/3681fcc7]  - existing checkpoint log versions: 0-0
                                                                [neo4j/3681fcc7]  - last checkpoint: CheckpointInfo[oldestNotVisibleTransactionLogPosition=LogPosition{logVersion=0, byteOffset=142354738}, transactionLogPosition=LogPosition{logVersion=0, byteOffset=142354738}, storeId=StoreId{creationTime=1788277000722, random=464425553357387614, storageEngineName='record', formatName='aligned', majorVersion=1, minorVersion=1}, checkpointEntryPosition=LogPosition{logVersion=0, byteOffset=1288}, channelPositionAfterCheckpoint=LogPosition{logVersion=0, byteOffset=1520}, checkpointFilePostReadPosition=LogPosition{logVersion=0, byteOffset=1520}, kernelVersion=KernelVersion{V5_25,version=20}, kernelVersionByte=20, transactionId=TransactionId[id=118, appendIndex=118, kernelVersion=KernelVersion{V5_25,version=20}, checksum=1095626093, commitTimestamp=1788530060263, consensusIndex=-1], appendIndex=118, reason=Checkpoint triggered by "Scheduled checkpoint for every 15 minutes threshol, consensusIndexInCheckpoint=true]
                                                                [neo4j/3681fcc7] 
                                                                [neo4j/3681fcc7] --------------------------------------------------------------------------------
                                                                [neo4j/3681fcc7]                                   [ Id usage ]                                  
                                                                [neo4j/3681fcc7] --------------------------------------------------------------------------------
                                                                [neo4j/3681fcc7] ArrayPropertyStore[neostore.nodestore.db.labels]: used=1 high=0
                                                                [neo4j/3681fcc7] NodeStore[neostore.nodestore.db]: used=29094 high=29093
                                                                [neo4j/3681fcc7] StringPropertyStore[neostore.propertystore.db.index.keys]: used=49 high=48
                                                                [neo4j/3681fcc7] PropertyIndexStore[neostore.propertystore.db.index]: used=35 high=34
                                                                [neo4j/3681fcc7] StringPropertyStore[neostore.propertystore.db.strings]: used=247 high=246
                                                                [neo4j/3681fcc7] ArrayPropertyStore[neostore.propertystore.db.arrays]: used=2501 high=2500
                                                                [neo4j/3681fcc7] PropertyStore[neostore.propertystore.db]: used=234546 high=234545
                                                                [neo4j/3681fcc7] RelationshipStore[neostore.relationshipstore.db]: used=135822 high=135821
                                                                [neo4j/3681fcc7] StringPropertyStore[neostore.relationshiptypestore.db.names]: used=3 high=2
                                                                [neo4j/3681fcc7] RelationshipTypeStore[neostore.relationshiptypestore.db]: used=2 high=1
                                                                [neo4j/3681fcc7] StringPropertyStore[neostore.labeltokenstore.db.names]: used=3 high=2
                                                                [neo4j/3681fcc7] LabelTokenStore[neostore.labeltokenstore.db]: used=2 high=1
                                                                [neo4j/3681fcc7] SchemaStore[neostore.schemastore.db]: used=11 high=10
                                                                [neo4j/3681fcc7] RelationshipGroupStore[neostore.relationshipgroupstore.db]: used=65 high=64
                                                                [neo4j/3681fcc7] NeoStore[neostore]: used=-1 high=-1
                                                                [neo4j/3681fcc7] 
                                                                [neo4j/3681fcc7] --------------------------------------------------------------------------------
                                                                [neo4j/3681fcc7]                                   [ Metadata ]                                  
                                                                [neo4j/3681fcc7] --------------------------------------------------------------------------------
                                                                [neo4j/3681fcc7] EXTERNAL_STORE_UUID (Database identifier exposed as external store identity. Generated on creation and never updated): ca389aac-c311-437a-aa33-d425b26ae14a
                                                                [neo4j/3681fcc7] DATABASE_ID (The last used DatabaseId for this database): null
                                                                [neo4j/3681fcc7] LEGACY_STORE_VERSION (Legacy store format version. This field is used from 5.0 onwards only to distinguish non-migrated pre 5.0 metadata stores.): -3523014627327384477
                                                                [neo4j/3681fcc7] STORE_ID (Store ID): StoreId{creationTime=1788277000722, random=464425553357387614, storageEngineName='record', formatName='aligned', majorVersion=1, minorVersion=1}
                                                                [neo4j/3681fcc7] 
2026-09-11 15:25:13.120+0000 INFO  [o.n.k.i.i.s.TokenIndexProvider] [neo4j/3681fcc7] Schema index cleanup job registered: descriptor=Index( id=1, name='index_343aff4e', type='LOOKUP', schema=(:<any-labels>), indexProvider='token-lookup-1.0' ), indexFile=D:\bigmaths\neo4j\data\databases\neo4j\schema\index\token-lookup-1.0\1\index-1
2026-09-11 15:25:13.120+0000 INFO  [o.n.k.i.i.s.TokenIndexProvider] [neo4j/3681fcc7] Schema index cleanup job started: descriptor=Index( id=1, name='index_343aff4e', type='LOOKUP', schema=(:<any-labels>), indexProvider='token-lookup-1.0' ), indexFile=D:\bigmaths\neo4j\data\databases\neo4j\schema\index\token-lookup-1.0\1\index-1
2026-09-11 15:25:13.120+0000 INFO  [o.n.k.i.i.s.TokenIndexProvider] [neo4j/3681fcc7] Schema index cleanup job finished: descriptor=Index( id=1, name='index_343aff4e', type='LOOKUP', schema=(:<any-labels>), indexProvider='token-lookup-1.0' ), indexFile=D:\bigmaths\neo4j\data\databases\neo4j\schema\index\token-lookup-1.0\1\index-1 Number of pages visited: 3, Number of tree nodes: 2, Number of cleaned crashed pointers: 0, Time spent: 0ms
2026-09-11 15:25:13.120+0000 INFO  [o.n.k.i.i.s.TokenIndexProvider] [neo4j/3681fcc7] Schema index cleanup job closed: descriptor=Index( id=1, name='index_343aff4e', type='LOOKUP', schema=(:<any-labels>), indexProvider='token-lookup-1.0' ), indexFile=D:\bigmaths\neo4j\data\databases\neo4j\schema\index\token-lookup-1.0\1\index-1
2026-09-11 15:25:13.131+0000 INFO  [o.n.k.i.i.s.TokenIndexProvider] [neo4j/3681fcc7] Schema index cleanup job registered: descriptor=Index( id=2, name='index_f7700477', type='LOOKUP', schema=()-[:<any-types>]-(), indexProvider='token-lookup-1.0' ), indexFile=D:\bigmaths\neo4j\data\databases\neo4j\schema\index\token-lookup-1.0\2\index-2
2026-09-11 15:25:13.131+0000 INFO  [o.n.k.i.i.s.TokenIndexProvider] [neo4j/3681fcc7] Schema index cleanup job started: descriptor=Index( id=2, name='index_f7700477', type='LOOKUP', schema=()-[:<any-types>]-(), indexProvider='token-lookup-1.0' ), indexFile=D:\bigmaths\neo4j\data\databases\neo4j\schema\index\token-lookup-1.0\2\index-2
2026-09-11 15:25:13.132+0000 INFO  [o.n.k.i.i.s.TokenIndexProvider] [neo4j/3681fcc7] Schema index cleanup job finished: descriptor=Index( id=2, name='index_f7700477', type='LOOKUP', schema=()-[:<any-types>]-(), indexProvider='token-lookup-1.0' ), indexFile=D:\bigmaths\neo4j\data\databases\neo4j\schema\index\token-lookup-1.0\2\index-2 Number of pages visited: 30, Number of tree nodes: 29, Number of cleaned crashed pointers: 0, Time spent: 1ms
2026-09-11 15:25:13.132+0000 INFO  [o.n.k.i.i.s.TokenIndexProvider] [neo4j/3681fcc7] Schema index cleanup job closed: descriptor=Index( id=2, name='index_f7700477', type='LOOKUP', schema=()-[:<any-types>]-(), indexProvider='token-lookup-1.0' ), indexFile=D:\bigmaths\neo4j\data\databases\neo4j\schema\index\token-lookup-1.0\2\index-2
2026-09-11 15:25:13.138+0000 INFO  [o.n.k.i.i.s.RangeIndexProvider] [neo4j/3681fcc7] Schema index cleanup job registered: descriptor=Index( id=3, name='actor_id', type='RANGE', schema=(:Label[0] {PropertyKey[10]}), indexProvider='range-1.0', owningConstraint=4 ), indexFile=D:\bigmaths\neo4j\data\databases\neo4j\schema\index\range-1.0\3\index-3
2026-09-11 15:25:13.138+0000 INFO  [o.n.k.i.i.s.RangeIndexProvider] [neo4j/3681fcc7] Schema index cleanup job started: descriptor=Index( id=3, name='actor_id', type='RANGE', schema=(:Label[0] {PropertyKey[10]}), indexProvider='range-1.0', owningConstraint=4 ), indexFile=D:\bigmaths\neo4j\data\databases\neo4j\schema\index\range-1.0\3\index-3
2026-09-11 15:25:13.148+0000 INFO  [o.n.k.i.i.s.RangeIndexProvider] [neo4j/3681fcc7] Schema index cleanup job registered: descriptor=Index( id=5, name='movie_id', type='RANGE', schema=(:Label[1] {PropertyKey[10]}), indexProvider='range-1.0', owningConstraint=6 ), indexFile=D:\bigmaths\neo4j\data\databases\neo4j\schema\index\range-1.0\5\index-5
2026-09-11 15:25:13.155+0000 INFO  [o.n.k.i.i.s.RangeIndexProvider] [neo4j/3681fcc7] Schema index cleanup job finished: descriptor=Index( id=3, name='actor_id', type='RANGE', schema=(:Label[0] {PropertyKey[10]}), indexProvider='range-1.0', owningConstraint=4 ), indexFile=D:\bigmaths\neo4j\data\databases\neo4j\schema\index\range-1.0\3\index-3 Number of pages visited: 294, Number of tree nodes: 293, Number of cleaned crashed pointers: 0, Time spent: 15ms
2026-09-11 15:25:13.155+0000 INFO  [o.n.k.i.i.s.RangeIndexProvider] [neo4j/3681fcc7] Schema index cleanup job closed: descriptor=Index( id=3, name='actor_id', type='RANGE', schema=(:Label[0] {PropertyKey[10]}), indexProvider='range-1.0', owningConstraint=4 ), indexFile=D:\bigmaths\neo4j\data\databases\neo4j\schema\index\range-1.0\3\index-3
2026-09-11 15:25:13.155+0000 INFO  [o.n.k.i.i.s.RangeIndexProvider] [neo4j/3681fcc7] Schema index cleanup job started: descriptor=Index( id=5, name='movie_id', type='RANGE', schema=(:Label[1] {PropertyKey[10]}), indexProvider='range-1.0', owningConstraint=6 ), indexFile=D:\bigmaths\neo4j\data\databases\neo4j\schema\index\range-1.0\5\index-5
2026-09-11 15:25:13.156+0000 INFO  [o.n.k.i.i.s.RangeIndexProvider] [neo4j/3681fcc7] Schema index cleanup job registered: descriptor=Index( id=7, name='actor_name', type='RANGE', schema=(:Label[0] {PropertyKey[15]}), indexProvider='range-1.0' ), indexFile=D:\bigmaths\neo4j\data\databases\neo4j\schema\index\range-1.0\7\index-7
2026-09-11 15:25:13.158+0000 INFO  [o.n.k.i.i.s.RangeIndexProvider] [neo4j/3681fcc7] Schema index cleanup job finished: descriptor=Index( id=5, name='movie_id', type='RANGE', schema=(:Label[1] {PropertyKey[10]}), indexProvider='range-1.0', owningConstraint=6 ), indexFile=D:\bigmaths\neo4j\data\databases\neo4j\schema\index\range-1.0\5\index-5 Number of pages visited: 36, Number of tree nodes: 35, Number of cleaned crashed pointers: 0, Time spent: 3ms
2026-09-11 15:25:13.158+0000 INFO  [o.n.k.i.i.s.RangeIndexProvider] [neo4j/3681fcc7] Schema index cleanup job closed: descriptor=Index( id=5, name='movie_id', type='RANGE', schema=(:Label[1] {PropertyKey[10]}), indexProvider='range-1.0', owningConstraint=6 ), indexFile=D:\bigmaths\neo4j\data\databases\neo4j\schema\index\range-1.0\5\index-5
2026-09-11 15:25:13.158+0000 INFO  [o.n.k.i.i.s.RangeIndexProvider] [neo4j/3681fcc7] Schema index cleanup job started: descriptor=Index( id=7, name='actor_name', type='RANGE', schema=(:Label[0] {PropertyKey[15]}), indexProvider='range-1.0' ), indexFile=D:\bigmaths\neo4j\data\databases\neo4j\schema\index\range-1.0\7\index-7
2026-09-11 15:25:13.163+0000 INFO  [o.n.k.i.i.s.RangeIndexProvider] [neo4j/3681fcc7] Schema index cleanup job registered: descriptor=Index( id=8, name='actor_community', type='RANGE', schema=(:Label[0] {PropertyKey[16]}), indexProvider='range-1.0' ), indexFile=D:\bigmaths\neo4j\data\databases\neo4j\schema\index\range-1.0\8\index-8
2026-09-11 15:25:13.168+0000 INFO  [o.n.k.i.i.s.RangeIndexProvider] [neo4j/3681fcc7] Schema index cleanup job finished: descriptor=Index( id=7, name='actor_name', type='RANGE', schema=(:Label[0] {PropertyKey[15]}), indexProvider='range-1.0' ), indexFile=D:\bigmaths\neo4j\data\databases\neo4j\schema\index\range-1.0\7\index-7 Number of pages visited: 374, Number of tree nodes: 373, Number of cleaned crashed pointers: 0, Time spent: 9ms
2026-09-11 15:25:13.168+0000 INFO  [o.n.k.i.i.s.RangeIndexProvider] [neo4j/3681fcc7] Schema index cleanup job closed: descriptor=Index( id=7, name='actor_name', type='RANGE', schema=(:Label[0] {PropertyKey[15]}), indexProvider='range-1.0' ), indexFile=D:\bigmaths\neo4j\data\databases\neo4j\schema\index\range-1.0\7\index-7
2026-09-11 15:25:13.168+0000 INFO  [o.n.k.i.i.s.RangeIndexProvider] [neo4j/3681fcc7] Schema index cleanup job started: descriptor=Index( id=8, name='actor_community', type='RANGE', schema=(:Label[0] {PropertyKey[16]}), indexProvider='range-1.0' ), indexFile=D:\bigmaths\neo4j\data\databases\neo4j\schema\index\range-1.0\8\index-8
2026-09-11 15:25:13.172+0000 INFO  [o.n.k.i.i.s.RangeIndexProvider] [neo4j/3681fcc7] Schema index cleanup job finished: descriptor=Index( id=8, name='actor_community', type='RANGE', schema=(:Label[0] {PropertyKey[16]}), indexProvider='range-1.0' ), indexFile=D:\bigmaths\neo4j\data\databases\neo4j\schema\index\range-1.0\8\index-8 Number of pages visited: 144, Number of tree nodes: 143, Number of cleaned crashed pointers: 0, Time spent: 4ms
2026-09-11 15:25:13.172+0000 INFO  [o.n.k.i.i.s.RangeIndexProvider] [neo4j/3681fcc7] Schema index cleanup job closed: descriptor=Index( id=8, name='actor_community', type='RANGE', schema=(:Label[0] {PropertyKey[16]}), indexProvider='range-1.0' ), indexFile=D:\bigmaths\neo4j\data\databases\neo4j\schema\index\range-1.0\8\index-8
2026-09-11 15:25:13.172+0000 INFO  [o.n.k.i.i.s.RangeIndexProvider] [neo4j/3681fcc7] Schema index cleanup job registered: descriptor=Index( id=9, name='actor_kshell', type='RANGE', schema=(:Label[0] {PropertyKey[30]}), indexProvider='range-1.0' ), indexFile=D:\bigmaths\neo4j\data\databases\neo4j\schema\index\range-1.0\9\index-9
2026-09-11 15:25:13.172+0000 INFO  [o.n.k.i.i.s.RangeIndexProvider] [neo4j/3681fcc7] Schema index cleanup job started: descriptor=Index( id=9, name='actor_kshell', type='RANGE', schema=(:Label[0] {PropertyKey[30]}), indexProvider='range-1.0' ), indexFile=D:\bigmaths\neo4j\data\databases\neo4j\schema\index\range-1.0\9\index-9
2026-09-11 15:25:13.176+0000 INFO  [o.n.k.i.i.s.RangeIndexProvider] [neo4j/3681fcc7] Schema index cleanup job finished: descriptor=Index( id=9, name='actor_kshell', type='RANGE', schema=(:Label[0] {PropertyKey[30]}), indexProvider='range-1.0' ), indexFile=D:\bigmaths\neo4j\data\databases\neo4j\schema\index\range-1.0\9\index-9 Number of pages visited: 88, Number of tree nodes: 87, Number of cleaned crashed pointers: 0, Time spent: 2ms
2026-09-11 15:25:13.176+0000 INFO  [o.n.k.i.i.s.RangeIndexProvider] [neo4j/3681fcc7] Schema index cleanup job closed: descriptor=Index( id=9, name='actor_kshell', type='RANGE', schema=(:Label[0] {PropertyKey[30]}), indexProvider='range-1.0' ), indexFile=D:\bigmaths\neo4j\data\databases\neo4j\schema\index\range-1.0\9\index-9
2026-09-11 15:25:13.186+0000 INFO  [o.n.k.i.i.s.RangeIndexProvider] [neo4j/3681fcc7] Schema index cleanup job registered: descriptor=Index( id=10, name='actor_betweenness', type='RANGE', schema=(:Label[0] {PropertyKey[31]}), indexProvider='range-1.0' ), indexFile=D:\bigmaths\neo4j\data\databases\neo4j\schema\index\range-1.0\10\index-10
2026-09-11 15:25:13.186+0000 INFO  [o.n.k.i.a.i.IndexingService] [neo4j/3681fcc7] IndexingService.init: indexes not specifically mentioned above are ONLINE. Total 8 indexes. Processed in 76ms
2026-09-11 15:25:13.186+0000 INFO  [o.n.k.i.i.s.RangeIndexProvider] [neo4j/3681fcc7] Schema index cleanup job started: descriptor=Index( id=10, name='actor_betweenness', type='RANGE', schema=(:Label[0] {PropertyKey[31]}), indexProvider='range-1.0' ), indexFile=D:\bigmaths\neo4j\data\databases\neo4j\schema\index\range-1.0\10\index-10
2026-09-11 15:25:13.187+0000 INFO  [o.n.k.i.i.s.RangeIndexProvider] [neo4j/3681fcc7] Schema index cleanup job finished: descriptor=Index( id=10, name='actor_betweenness', type='RANGE', schema=(:Label[0] {PropertyKey[31]}), indexProvider='range-1.0' ), indexFile=D:\bigmaths\neo4j\data\databases\neo4j\schema\index\range-1.0\10\index-10 Number of pages visited: 5, Number of tree nodes: 4, Number of cleaned crashed pointers: 0, Time spent: 0ms
2026-09-11 15:25:13.187+0000 INFO  [o.n.k.i.i.s.RangeIndexProvider] [neo4j/3681fcc7] Schema index cleanup job closed: descriptor=Index( id=10, name='actor_betweenness', type='RANGE', schema=(:Label[0] {PropertyKey[31]}), indexProvider='range-1.0' ), indexFile=D:\bigmaths\neo4j\data\databases\neo4j\schema\index\range-1.0\10\index-10
2026-09-11 15:25:13.189+0000 INFO  [o.n.k.a.DatabaseAvailabilityGuard] [neo4j/3681fcc7] Requirement `Database unavailable` makes database neo4j unavailable.
2026-09-11 15:25:13.189+0000 INFO  [o.n.k.a.DatabaseAvailabilityGuard] [neo4j/3681fcc7] DatabaseId{3681fcc7[neo4j]} is unavailable.
2026-09-11 15:25:13.189+0000 INFO  [o.n.k.d.Database] [neo4j/3681fcc7] Starting transaction log [D:\bigmaths\neo4j\data\transactions\neo4j\neostore.transaction.db.0] at version=0
2026-09-11 15:25:13.190+0000 INFO  [o.n.k.d.Database] [neo4j/3681fcc7] Starting transaction log [D:\bigmaths\neo4j\data\transactions\neo4j\checkpoint.0] at version=0
2026-09-11 15:25:13.192+0000 INFO  [o.n.k.i.t.l.f.c.CheckpointLogFile] [neo4j/3681fcc7] Scanning log file with version 0 for checkpoint entries
2026-09-11 15:25:13.195+0000 INFO  [o.n.k.i.a.i.IndexingService] [neo4j/3681fcc7] IndexingService.start: indexes not specifically mentioned above are ONLINE. Total 8 indexes. Processed in 0ms
2026-09-11 15:25:13.208+0000 INFO  [o.n.k.a.DatabaseAvailabilityGuard] [neo4j/3681fcc7] Fulfilling of requirement 'Database unavailable' makes database neo4j available.
2026-09-11 15:25:13.208+0000 INFO  [o.n.k.a.DatabaseAvailabilityGuard] [neo4j/3681fcc7] DatabaseId{3681fcc7[neo4j]} is ready.
2026-09-11 15:25:13.210+0000 INFO  [o.n.u.UserDataCollector] Anonymous Usage Data is being sent to Neo4j, see https://neo4j.com/docs/usage-data/
2026-09-11 15:25:13.264+0000 INFO  [o.n.b.p.c.c.n.SocketNettyConnector] Bolt enabled on 127.0.0.1:7687.
2026-09-11 15:25:13.264+0000 WARN  [i.n.b.ServerBootstrap] Unknown channel option 'SO_REUSEADDR' for channel '[id: 0xd23d8a79]' of type 'class io.netty.channel.local.LocalServerChannel'
2026-09-11 15:25:13.269+0000 INFO  [o.n.b.BoltServer] Bolt server started
2026-09-11 15:25:13.269+0000 INFO  [o.n.s.A.ServerComponentsLifecycleAdapter] Starting web server
2026-09-11 15:25:15.386+0000 INFO  [o.n.s.CommunityNeoWebServer] HTTP enabled on 127.0.0.1:7474.
2026-09-11 15:25:15.386+0000 INFO  [o.n.s.CommunityNeoWebServer] Remote interface available at http://localhost:7474/
2026-09-11 15:25:15.386+0000 INFO  [o.n.s.A.ServerComponentsLifecycleAdapter] Web server started.
2026-09-11 15:25:15.389+0000 INFO  [o.n.g.f.DatabaseManagementServiceFactory] id: 32EDBFDCC648FCE3529EDFE5CC7B0995964120C6F88C2DE2EBC51FCFB04A5AB6
2026-09-11 15:25:15.389+0000 INFO  [o.n.g.f.DatabaseManagementServiceFactory] name: system
2026-09-11 15:25:15.389+0000 INFO  [o.n.g.f.DatabaseManagementServiceFactory] creationDate: 2026-09-01T15:36:39.542Z
2026-09-11 15:32:07.124+0000 INFO  [o.n.k.i.a.i.IndexPopulationJob] [neo4j/3681fcc7] Index population started: [Index( id=11, name='actor_genre_diversity', type='RANGE', schema=(:Actor {genreDiversity}), indexProvider='range-1.0' )]
2026-09-11 15:32:07.264+0000 INFO  [o.n.k.i.a.i.IndexPopulationJob] [neo4j/3681fcc7] Index creation finished for index [Index( id=11, name='actor_genre_diversity', type='RANGE', schema=(:Actor {genreDiversity}), indexProvider='range-1.0' )].
2026-09-11 15:37:28.786+0000 ERROR [o.n.b.p.c.h.HouseKeeperHandler] Fatal error occurred when handling a client connection: [id: 0xfde18db7, L:/127.0.0.1:7687 - R:/127.0.0.1:52013]
java.net.SocketException: Connection reset
	at java.base/sun.nio.ch.SocketChannelImpl.throwConnectionReset(Unknown Source)
	at java.base/sun.nio.ch.SocketChannelImpl.read(Unknown Source)
	at io.netty.buffer.PooledByteBuf.setBytes(PooledByteBuf.java:255)
	at io.netty.buffer.AbstractByteBuf.writeBytes(AbstractByteBuf.java:1132)
	at io.netty.channel.socket.nio.NioSocketChannel.doReadBytes(NioSocketChannel.java:356)
	at io.netty.channel.nio.AbstractNioByteChannel$NioByteUnsafe.read(AbstractNioByteChannel.java:156)
	at io.netty.channel.nio.NioEventLoop.processSelectedKey(NioEventLoop.java:796)
	at io.netty.channel.nio.NioEventLoop.processSelectedKeysOptimized(NioEventLoop.java:732)
	at io.netty.channel.nio.NioEventLoop.processSelectedKeys(NioEventLoop.java:658)
	at io.netty.channel.nio.NioEventLoop.run(NioEventLoop.java:562)
	at io.netty.util.concurrent.SingleThreadEventExecutor$4.run(SingleThreadEventExecutor.java:1007)
	at io.netty.util.internal.ThreadExecutorMap$2.run(ThreadExecutorMap.java:74)
	at io.netty.util.concurrent.FastThreadLocalRunnable.run(FastThreadLocalRunnable.java:30)
	at java.base/java.lang.Thread.run(Unknown Source)
2026-09-11 15:37:28.786+0000 ERROR [o.n.b.p.c.h.HouseKeeperHandler] Fatal error occurred when handling a client connection: [id: 0x1f38e2a8, L:/127.0.0.1:7687 - R:/127.0.0.1:57930]
java.net.SocketException: Connection reset
	at java.base/sun.nio.ch.SocketChannelImpl.throwConnectionReset(Unknown Source)
	at java.base/sun.nio.ch.SocketChannelImpl.read(Unknown Source)
	at io.netty.buffer.PooledByteBuf.setBytes(PooledByteBuf.java:255)
	at io.netty.buffer.AbstractByteBuf.writeBytes(AbstractByteBuf.java:1132)
	at io.netty.channel.socket.nio.NioSocketChannel.doReadBytes(NioSocketChannel.java:356)
	at io.netty.channel.nio.AbstractNioByteChannel$NioByteUnsafe.read(AbstractNioByteChannel.java:156)
	at io.netty.channel.nio.NioEventLoop.processSelectedKey(NioEventLoop.java:796)
	at io.netty.channel.nio.NioEventLoop.processSelectedKeysOptimized(NioEventLoop.java:732)
	at io.netty.channel.nio.NioEventLoop.processSelectedKeys(NioEventLoop.java:658)
	at io.netty.channel.nio.NioEventLoop.run(NioEventLoop.java:562)
	at io.netty.util.concurrent.SingleThreadEventExecutor$4.run(SingleThreadEventExecutor.java:1007)
	at io.netty.util.internal.ThreadExecutorMap$2.run(ThreadExecutorMap.java:74)
	at io.netty.util.concurrent.FastThreadLocalRunnable.run(FastThreadLocalRunnable.java:30)
	at java.base/java.lang.Thread.run(Unknown Source)
2026-09-11 15:40:23.854+0000 INFO  [o.n.k.i.t.l.c.CheckPointerImpl] [neo4j/3681fcc7] Checkpoint triggered by "Scheduled checkpoint for every 15 minutes threshold" @ txId: 127, append index: 127 checkpoint started...
2026-09-11 15:40:23.994+0000 INFO  [o.n.k.i.t.l.c.CheckPointerImpl] [neo4j/3681fcc7] Checkpoint triggered by "Scheduled checkpoint for every 15 minutes threshold" @ txId: 127, append index: 127 checkpoint completed in 138ms. Checkpoint flushed 476 pages (0% of total available pages), in 229 IOs. Checkpoint performed with IO limit: unlimited, paused in total 0 times( 0 millis).
2026-09-11 15:40:23.996+0000 INFO  [o.n.k.i.t.l.p.LogPruningImpl] [neo4j/3681fcc7] No log version pruned. The strategy used was '2 days 2147483648 size'. 
2026-09-11 15:43:52.991+0000 ERROR [o.n.b.p.c.h.HouseKeeperHandler] Fatal error occurred when handling a client connection: [id: 0x8cd0fb0b, L:/127.0.0.1:7687 - R:/127.0.0.1:57562]
java.net.SocketException: Connection reset
	at java.base/sun.nio.ch.SocketChannelImpl.throwConnectionReset(Unknown Source)
	at java.base/sun.nio.ch.SocketChannelImpl.read(Unknown Source)
	at io.netty.buffer.PooledByteBuf.setBytes(PooledByteBuf.java:255)
	at io.netty.buffer.AbstractByteBuf.writeBytes(AbstractByteBuf.java:1132)
	at io.netty.channel.socket.nio.NioSocketChannel.doReadBytes(NioSocketChannel.java:356)
	at io.netty.channel.nio.AbstractNioByteChannel$NioByteUnsafe.read(AbstractNioByteChannel.java:156)
	at io.netty.channel.nio.NioEventLoop.processSelectedKey(NioEventLoop.java:796)
	at io.netty.channel.nio.NioEventLoop.processSelectedKeysOptimized(NioEventLoop.java:732)
	at io.netty.channel.nio.NioEventLoop.processSelectedKeys(NioEventLoop.java:658)
	at io.netty.channel.nio.NioEventLoop.run(NioEventLoop.java:562)
	at io.netty.util.concurrent.SingleThreadEventExecutor$4.run(SingleThreadEventExecutor.java:1007)
	at io.netty.util.internal.ThreadExecutorMap$2.run(ThreadExecutorMap.java:74)
	at io.netty.util.concurrent.FastThreadLocalRunnable.run(FastThreadLocalRunnable.java:30)
	at java.base/java.lang.Thread.run(Unknown Source)
2026-09-11 15:43:52.991+0000 ERROR [o.n.b.p.c.h.HouseKeeperHandler] Fatal error occurred when handling a client connection: [id: 0x73ca4602, L:/127.0.0.1:7687 - R:/127.0.0.1:56065]
java.net.SocketException: Connection reset
	at java.base/sun.nio.ch.SocketChannelImpl.throwConnectionReset(Unknown Source)
	at java.base/sun.nio.ch.SocketChannelImpl.read(Unknown Source)
	at io.netty.buffer.PooledByteBuf.setBytes(PooledByteBuf.java:255)
	at io.netty.buffer.AbstractByteBuf.writeBytes(AbstractByteBuf.java:1132)
	at io.netty.channel.socket.nio.NioSocketChannel.doReadBytes(NioSocketChannel.java:356)
	at io.netty.channel.nio.AbstractNioByteChannel$NioByteUnsafe.read(AbstractNioByteChannel.java:156)
	at io.netty.channel.nio.NioEventLoop.processSelectedKey(NioEventLoop.java:796)
	at io.netty.channel.nio.NioEventLoop.processSelectedKeysOptimized(NioEventLoop.java:732)
	at io.netty.channel.nio.NioEventLoop.processSelectedKeys(NioEventLoop.java:658)
	at io.netty.channel.nio.NioEventLoop.run(NioEventLoop.java:562)
	at io.netty.util.concurrent.SingleThreadEventExecutor$4.run(SingleThreadEventExecutor.java:1007)
	at io.netty.util.internal.ThreadExecutorMap$2.run(ThreadExecutorMap.java:74)
	at io.netty.util.concurrent.FastThreadLocalRunnable.run(FastThreadLocalRunnable.java:30)
	at java.base/java.lang.Thread.run(Unknown Source)
2026-09-11 15:43:52.988+0000 ERROR [o.n.b.p.c.h.HouseKeeperHandler] Fatal error occurred when handling a client connection: [id: 0x84f00501, L:/127.0.0.1:7687 - R:/127.0.0.1:56066]
java.net.SocketException: Connection reset
	at java.base/sun.nio.ch.SocketChannelImpl.throwConnectionReset(Unknown Source)
	at java.base/sun.nio.ch.SocketChannelImpl.read(Unknown Source)
	at io.netty.buffer.PooledByteBuf.setBytes(PooledByteBuf.java:255)
	at io.netty.buffer.AbstractByteBuf.writeBytes(AbstractByteBuf.java:1132)
	at io.netty.channel.socket.nio.NioSocketChannel.doReadBytes(NioSocketChannel.java:356)
	at io.netty.channel.nio.AbstractNioByteChannel$NioByteUnsafe.read(AbstractNioByteChannel.java:156)
	at io.netty.channel.nio.NioEventLoop.processSelectedKey(NioEventLoop.java:796)
	at io.netty.channel.nio.NioEventLoop.processSelectedKeysOptimized(NioEventLoop.java:732)
	at io.netty.channel.nio.NioEventLoop.processSelectedKeys(NioEventLoop.java:658)
	at io.netty.channel.nio.NioEventLoop.run(NioEventLoop.java:562)
	at io.netty.util.concurrent.SingleThreadEventExecutor$4.run(SingleThreadEventExecutor.java:1007)
	at io.netty.util.internal.ThreadExecutorMap$2.run(ThreadExecutorMap.java:74)
	at io.netty.util.concurrent.FastThreadLocalRunnable.run(FastThreadLocalRunnable.java:30)
	at java.base/java.lang.Thread.run(Unknown Source)
2026-09-11 15:43:52.991+0000 ERROR [o.n.b.p.c.h.HouseKeeperHandler] Fatal error occurred when handling a client connection: [id: 0x11864750, L:/127.0.0.1:7687 - R:/127.0.0.1:56067]
java.net.SocketException: Connection reset
	at java.base/sun.nio.ch.SocketChannelImpl.throwConnectionReset(Unknown Source)
	at java.base/sun.nio.ch.SocketChannelImpl.read(Unknown Source)
	at io.netty.buffer.PooledByteBuf.setBytes(PooledByteBuf.java:255)
	at io.netty.buffer.AbstractByteBuf.writeBytes(AbstractByteBuf.java:1132)
	at io.netty.channel.socket.nio.NioSocketChannel.doReadBytes(NioSocketChannel.java:356)
	at io.netty.channel.nio.AbstractNioByteChannel$NioByteUnsafe.read(AbstractNioByteChannel.java:156)
	at io.netty.channel.nio.NioEventLoop.processSelectedKey(NioEventLoop.java:796)
	at io.netty.channel.nio.NioEventLoop.processSelectedKeysOptimized(NioEventLoop.java:732)
	at io.netty.channel.nio.NioEventLoop.processSelectedKeys(NioEventLoop.java:658)
	at io.netty.channel.nio.NioEventLoop.run(NioEventLoop.java:562)
	at io.netty.util.concurrent.SingleThreadEventExecutor$4.run(SingleThreadEventExecutor.java:1007)
	at io.netty.util.internal.ThreadExecutorMap$2.run(ThreadExecutorMap.java:74)
	at io.netty.util.concurrent.FastThreadLocalRunnable.run(FastThreadLocalRunnable.java:30)
	at java.base/java.lang.Thread.run(Unknown Source)
2026-09-11 15:43:52.991+0000 ERROR [o.n.b.p.c.h.HouseKeeperHandler] Fatal error occurred when handling a client connection: [id: 0x09b1a3f7, L:/127.0.0.1:7687 - R:/127.0.0.1:60663]
java.net.SocketException: Connection reset
	at java.base/sun.nio.ch.SocketChannelImpl.throwConnectionReset(Unknown Source)
	at java.base/sun.nio.ch.SocketChannelImpl.read(Unknown Source)
	at io.netty.buffer.PooledByteBuf.setBytes(PooledByteBuf.java:255)
	at io.netty.buffer.AbstractByteBuf.writeBytes(AbstractByteBuf.java:1132)
	at io.netty.channel.socket.nio.NioSocketChannel.doReadBytes(NioSocketChannel.java:356)
	at io.netty.channel.nio.AbstractNioByteChannel$NioByteUnsafe.read(AbstractNioByteChannel.java:156)
	at io.netty.channel.nio.NioEventLoop.processSelectedKey(NioEventLoop.java:796)
	at io.netty.channel.nio.NioEventLoop.processSelectedKeysOptimized(NioEventLoop.java:732)
	at io.netty.channel.nio.NioEventLoop.processSelectedKeys(NioEventLoop.java:658)
	at io.netty.channel.nio.NioEventLoop.run(NioEventLoop.java:562)
	at io.netty.util.concurrent.SingleThreadEventExecutor$4.run(SingleThreadEventExecutor.java:1007)
	at io.netty.util.internal.ThreadExecutorMap$2.run(ThreadExecutorMap.java:74)
	at io.netty.util.concurrent.FastThreadLocalRunnable.run(FastThreadLocalRunnable.java:30)
	at java.base/java.lang.Thread.run(Unknown Source)
2026-09-11 15:43:52.991+0000 ERROR [o.n.b.p.c.h.HouseKeeperHandler] Fatal error occurred when handling a client connection: [id: 0x921fa65f, L:/127.0.0.1:7687 - R:/127.0.0.1:60664]
java.net.SocketException: Connection reset
	at java.base/sun.nio.ch.SocketChannelImpl.throwConnectionReset(Unknown Source)
	at java.base/sun.nio.ch.SocketChannelImpl.read(Unknown Source)
	at io.netty.buffer.PooledByteBuf.setBytes(PooledByteBuf.java:255)
	at io.netty.buffer.AbstractByteBuf.writeBytes(AbstractByteBuf.java:1132)
	at io.netty.channel.socket.nio.NioSocketChannel.doReadBytes(NioSocketChannel.java:356)
	at io.netty.channel.nio.AbstractNioByteChannel$NioByteUnsafe.read(AbstractNioByteChannel.java:156)
	at io.netty.channel.nio.NioEventLoop.processSelectedKey(NioEventLoop.java:796)
	at io.netty.channel.nio.NioEventLoop.processSelectedKeysOptimized(NioEventLoop.java:732)
	at io.netty.channel.nio.NioEventLoop.processSelectedKeys(NioEventLoop.java:658)
	at io.netty.channel.nio.NioEventLoop.run(NioEventLoop.java:562)
	at io.netty.util.concurrent.SingleThreadEventExecutor$4.run(SingleThreadEventExecutor.java:1007)
	at io.netty.util.internal.ThreadExecutorMap$2.run(ThreadExecutorMap.java:74)
	at io.netty.util.concurrent.FastThreadLocalRunnable.run(FastThreadLocalRunnable.java:30)
	at java.base/java.lang.Thread.run(Unknown Source)
2026-09-12 12:20:47.220+0000 INFO  [o.n.g.f.m.GlobalModule] Logging config in use: File 'D:\bigmaths (2)\neo4j\conf\server-logs.xml'
2026-09-12 12:20:47.641+0000 INFO  [o.n.i.d.DiagnosticsManager] 
                                                                ********************************************************************************
                                                                                             [ System diagnostics ]                             
                                                                ********************************************************************************
2026-09-12 12:20:47.641+0000 INFO  [o.n.i.d.DiagnosticsManager] 
                                                                --------------------------------------------------------------------------------
                                                                                         [ System memory information ]                          
                                                                --------------------------------------------------------------------------------
                                                                Total Physical memory: 15.73GiB
                                                                Free Physical memory: 5.205GiB
                                                                Committed virtual memory: 679.3MiB
                                                                Total swap space: 26.46GiB
                                                                Free swap space: 3.823GiB
                                                                
2026-09-12 12:20:47.641+0000 INFO  [o.n.i.d.DiagnosticsManager] 
                                                                --------------------------------------------------------------------------------
                                                                                           [ JVM memory information ]                           
                                                                --------------------------------------------------------------------------------
                                                                Free  memory: 485.8MiB
                                                                Total memory: 512.0MiB
                                                                Max   memory: 2.000GiB
                                                                Garbage Collector: G1 Young Generation: [G1 Eden Space, G1 Survivor Space, G1 Old Gen]
                                                                Garbage Collector: G1 Concurrent GC: [G1 Old Gen]
                                                                Garbage Collector: G1 Old Generation: [G1 Eden Space, G1 Survivor Space, G1 Old Gen]
                                                                Memory Pool: CodeHeap 'non-nmethods' (Non-heap memory): committed=3.250MiB, used=3.158MiB, max=7.313MiB, threshold=0B
                                                                Memory Pool: Metaspace (Non-heap memory): committed=22.19MiB, used=21.84MiB, max=-1B, threshold=0B
                                                                Memory Pool: CodeHeap 'profiled nmethods' (Non-heap memory): committed=6.625MiB, used=6.589MiB, max=116.3MiB, threshold=0B
                                                                Memory Pool: Compressed Class Space (Non-heap memory): committed=2.438MiB, used=2.260MiB, max=1.000GiB, threshold=0B
                                                                Memory Pool: G1 Eden Space (Heap memory): committed=316.0MiB, used=5.000MiB, max=-1B, threshold=?
                                                                Memory Pool: G1 Old Gen (Heap memory): committed=189.0MiB, used=14.35MiB, max=2.000GiB, threshold=0B
                                                                Memory Pool: G1 Survivor Space (Heap memory): committed=7.000MiB, used=6.117MiB, max=-1B, threshold=?
                                                                Memory Pool: CodeHeap 'non-profiled nmethods' (Non-heap memory): committed=2.438MiB, used=1.616MiB, max=116.4MiB, threshold=0B
                                                                
2026-09-12 12:20:47.641+0000 INFO  [o.n.i.d.DiagnosticsManager] 
                                                                --------------------------------------------------------------------------------
                                                                                        [ Operating system information ]                        
                                                                --------------------------------------------------------------------------------
                                                                Operating System: Windows 11; version: 10.0; arch: amd64; cpus: 16
                                                                Process id: 117156
                                                                Byte order: LITTLE_ENDIAN
                                                                Local timezone: Asia/Shanghai
                                                                Memory page size: 4096
                                                                Unaligned memory access allowed: true
                                                                
2026-09-12 12:20:47.641+0000 INFO  [o.n.i.d.DiagnosticsManager] 
                                                                --------------------------------------------------------------------------------
                                                                                              [ JVM information ]                               
                                                                --------------------------------------------------------------------------------
                                                                VM Name: Java HotSpot(TM) 64-Bit Server VM
                                                                VM Vendor: Oracle Corporation
                                                                VM Version: 21.0.6+8-LTS-188
                                                                JIT compiler: HotSpot 64-Bit Tiered Compilers
                                                                VM Arguments: [-XX:+UseG1GC, -XX:-OmitStackTraceInFastThrow, -XX:+AlwaysPreTouch, -XX:+UnlockExperimentalVMOptions, -XX:+TrustFinalNonStaticFields, -XX:+DisableExplicitGC, -Djdk.nio.maxCachedBufferSize=1024, -Dio.netty.tryReflectionSetAccessible=true, -Djdk.tls.ephemeralDHKeySize=2048, -Djdk.tls.rejectClientInitiatedRenegotiation=true, -XX:FlightRecorderOptions=stackdepth=256, -XX:+UnlockDiagnosticVMOptions, -XX:+DebugNonSafepoints, --add-opens=java.base/java.nio=ALL-UNNAMED, --add-opens=java.base/java.io=ALL-UNNAMED, --add-opens=java.base/sun.nio.ch=ALL-UNNAMED, --enable-native-access=ALL-UNNAMED, -Dlog4j2.disable.jmx=true, -Dlog4j.layout.jsonTemplate.maxStringLength=32768, -Dfile.encoding=UTF-8, -Xms524288k, -Xmx2097152k]
                                                                
2026-09-12 12:20:47.641+0000 INFO  [o.n.i.d.DiagnosticsManager] 
                                                                --------------------------------------------------------------------------------
                                                                                               [ Java classpath ]                               
                                                                --------------------------------------------------------------------------------
                                                                 [classpath] D:\bigmaths (2)\neo4j\lib\neo4j-monitoring-5.26.30.jar
                                                                 [classpath] D:\bigmaths (2)\neo4j\lib\scala-reflect-2.13.11.jar
                                                                 [classpath] D:\bigmaths (2)\neo4j\lib\neo4j-notifications-5.26.30.jar
                                                                 [classpath] D:\bigmaths (2)\neo4j\lib\jline-terminal-jansi-3.21.0.jar
                                                                 [classpath] D:\bigmaths (2)\neo4j\lib\annotations-5.26.30.jar
                                                                 [classpath] D:\bigmaths (2)\neo4j\lib\neo4j-cypher-config-5.26.30.jar
                                                                 [classpath] D:\bigmaths (2)\neo4j\lib\neo4j-fabric-5.26.30.jar
                                                                 [classpath] D:\bigmaths (2)\neo4j\lib\zstd-proxy-5.26.30.jar
                                                                 [classpath] D:\bigmaths (2)\neo4j\lib\netty-tcnative-classes-2.0.81.Final.jar
                                                                 [classpath] D:\bigmaths (2)\neo4j\lib\server-api-5.26.30.jar
                                                                 [classpath] D:\bigmaths (2)\neo4j\lib\parquet-hadoop-1.18.0.jar
                                                                 [classpath] D:\bigmaths (2)\neo4j\lib\neo4j-record-storage-engine-5.26.30.jar
                                                                 [classpath] D:\bigmaths (2)\neo4j\lib\neo4j-layout-5.26.30.jar
                                                                 [classpath] D:\bigmaths (2)\neo4j\lib\cypher-v25-parser-listener-5.26.30.jar
                                                                 [classpath] D:\bigmaths (2)\neo4j\lib\jetty-ee8-nested-12.1.11.jar
                                                                 [classpath] D:\bigmaths (2)\neo4j\lib\neo4j-bootcheck-5.26.30.jar
                                                                 [classpath] D:\bigmaths (2)\neo4j\lib\commons-configuration2-2.15.1.jar
                                                                 [classpath] D:\bigmaths (2)\neo4j\lib\parquet-jackson-1.18.0.jar
                                                                 [classpath] D:\bigmaths (2)\neo4j\lib\jersey-common-2.46.jar
                                                                 [classpath] D:\bigmaths (2)\neo4j\lib\jPowerShell-3.0.jar
                                                                 [classpath] D:\bigmaths (2)\neo4j\lib\neo4j-wal-5.26.30.jar
                                                                 [classpath] D:\bigmaths (2)\neo4j\lib\netty-common-4.1.137.Final.jar
                                                                 [classpath] D:\bigmaths (2)\neo4j\lib\lucene-analysis-common-9.11.1.jar
                                                                 [classpath] D:\bigmaths (2)\neo4j\lib\commons-logging-1.3.4.jar
                                                                 [classpath] D:\bigmaths (2)\neo4j\lib\neo4j-common-5.26.30.jar
                                                                 [classpath] D:\bigmaths (2)\neo4j\lib\neo4j-values-5.26.30.jar
                                                                 [classpath] D:\bigmaths (2)\neo4j\lib\neo4j-cypher-planner-5.26.30.jar
                                                                 [classpath] D:\bigmaths (2)\neo4j\lib\parquet-column-1.18.0.jar
                                                                 [classpath] D:\bigmaths (2)\neo4j\lib\neo4j-fulltext-index-5.26.30.jar
                                                                 [classpath] D:\bigmaths (2)\neo4j\lib\jaxb-api-2.2.12.jar
                                                                 [classpath] D:\bigmaths (2)\neo4j\lib\neo4j-io-5.26.30.jar
                                                                 [classpath] D:\bigmaths (2)\neo4j\lib\neo4j-diagnostics-5.26.30.jar
                                                                 [classpath] D:\bigmaths (2)\neo4j\lib\neo4j-cypher-runtime-util-5.26.30.jar
                                                                 [classpath] D:\bigmaths (2)\neo4j\lib\commons-lang3-3.18.0.jar
                                                                 [classpath] D:\bigmaths (2)\neo4j\lib\neo4j-command-line-5.26.30.jar
                                                                 [classpath] D:\bigmaths (2)\neo4j\lib\jts-core-1.20.0.jar
                                                                 [classpath] D:\bigmaths (2)\neo4j\lib\neo4j-cypher-ir-5.26.30.jar
                                                                 [classpath] D:\bigmaths (2)\neo4j\lib\neo4j-unsafe-5.26.30.jar
                                                                 [classpath] D:\bigmaths (2)\neo4j\lib\magnolia_2.13-1.1.8.jar
                                                                 [classpath] D:\bigmaths (2)\neo4j\lib\istack-commons-runtime-3.0.8.jar
                                                                 [classpath] D:\bigmaths (2)\neo4j\lib\netty-transport-classes-kqueue-4.1.137.Final.jar
                                                                 [classpath] D:\bigmaths (2)\neo4j\lib\eclipse-collections-api-11.1.0.jar
                                                                 [classpath] D:\bigmaths (2)\neo4j\lib\neo4j-csv-5.26.30.jar
                                                                 [classpath] D:\bigmaths (2)\neo4j\lib\netty-transport-native-epoll-4.1.137.Final-linux-x86_64.jar
                                                                 [classpath] D:\bigmaths (2)\neo4j\lib\jansi-2.4.0.jar
                                                                 [classpath] D:\bigmaths (2)\neo4j\lib\jProcesses-1.6.5.jar
                                                                 [classpath] D:\bigmaths (2)\neo4j\lib\javax.annotation-api-1.3.2.jar
                                                                 [classpath] D:\bigmaths (2)\neo4j\lib\neo4j-kernel-api-5.26.30.jar
                                                                 [classpath] D:\bigmaths (2)\neo4j\lib\jersey-client-2.46.jar
                                                                 [classpath] D:\bigmaths (2)\neo4j\lib\parquet-common-1.18.0.jar
                                                                 [classpath] D:\bigmaths (2)\neo4j\lib\cypher-ast-factory-5.26.30.jar
                                                                 [classpath] D:\bigmaths (2)\neo4j\lib\neo4j-expressions-5.26.30.jar
                                                                 [classpath] D:\bigmaths (2)\neo4j\lib\neo4j-collections-5.26.30.jar
                                                                 [classpath] D:\bigmaths (2)\neo4j\lib\scala-collection-contrib_2.13-0.3.0.jar
                                                                 [classpath] D:\bigmaths (2)\neo4j\lib\neo4j-consistency-check-5.26.30.jar
                                                                 [classpath] D:\bigmaths (2)\neo4j\lib\commons-text-1.12.0.jar
                                                                 [classpath] D:\bigmaths (2)\neo4j\plugins\*
                                                                 [classpath] D:\bigmaths (2)\neo4j\lib\neo4j-cypher-interpreted-runtime-5.26.30.jar
                                                                 [classpath] D:\bigmaths (2)\neo4j\lib\neo4j-resource-5.26.30.jar
                                                                 [classpath] D:\bigmaths (2)\neo4j\lib\cypher-parser-common-5.26.30.jar
                                                                 [classpath] D:\bigmaths (2)\neo4j\lib\neo4j-bolt-connection-routed-12.0.0.jar
                                                                 [classpath] D:\bigmaths (2)\neo4j\lib\log4j-layout-template-json-2.26.1.jar
                                                                 [classpath] D:\bigmaths (2)\neo4j\lib\neo4j-schema-5.26.30.jar
                                                                 [classpath] D:\bigmaths (2)\neo4j\lib\netty-transport-native-epoll-4.1.137.Final-linux-aarch_64.jar
                                                                 [classpath] D:\bigmaths (2)\neo4j\lib\neo4j-security-5.26.30.jar
                                                                 [classpath] D:\bigmaths (2)\neo4j\lib\neo4j-lock-5.26.30.jar
                                                                 [classpath] D:\bigmaths (2)\neo4j\lib\netty-transport-native-kqueue-4.1.137.Final-osx-x86_64.jar
                                                                 [classpath] D:\bigmaths (2)\neo4j\lib\jetty-ee8-webapp-12.1.11.jar
                                                                 [classpath] D:\bigmaths (2)\neo4j\lib\WMI4Java-1.6.3.jar
                                                                 [classpath] D:\bigmaths (2)\neo4j\lib\lucene-queryparser-9.11.1.jar
                                                                 [classpath] D:\bigmaths (2)\neo4j\lib\stax-ex-1.8.1.jar
                                                                 [classpath] D:\bigmaths (2)\neo4j\lib\jline-terminal-3.21.0.jar
                                                                 [classpath] D:\bigmaths (2)\neo4j\lib\jersey-hk2-2.46.jar
                                                                 [classpath] D:\bigmaths (2)\neo4j\lib\jetty-io-12.1.11.jar
                                                                 [classpath] D:\bigmaths (2)\neo4j\lib\netty-resolver-4.1.137.Final.jar
                                                                 [classpath] D:\bigmaths (2)\neo4j\lib\jetty-http2-server-12.1.11.jar
                                                                 [classpath] D:\bigmaths (2)\neo4j\lib\neo4j-dbms-5.26.30.jar
                                                                 [classpath] D:\bigmaths (2)\neo4j\lib\jersey-server-2.46.jar
                                                                 [classpath] D:\bigmaths (2)\neo4j\lib\jetty-xml-12.1.11.jar
                                                                 [classpath] D:\bigmaths (2)\neo4j\lib\eclipse-collections-11.1.0.jar
                                                                 [classpath] D:\bigmaths (2)\neo4j\lib\shiro-lang-3.0.0.jar
                                                                 [classpath] D:\bigmaths (2)\neo4j\lib\shiro-crypto-core-3.0.0.jar
                                                                 [classpath] D:\bigmaths (2)\neo4j\lib\parquet-floor-1.62.jar
                                                                 [classpath] D:\bigmaths (2)\neo4j\lib\neo4j-cypher-rendering-5.26.30.jar
                                                                 [classpath] D:\bigmaths (2)\neo4j\lib\neo4j-rewriting-5.26.30.jar
                                                                 [classpath] D:\bigmaths (2)\neo4j\lib\jackson-core-2.22.1.jar
                                                                 [classpath] D:\bigmaths (2)\neo4j\lib\jetty-alpn-server-12.1.11.jar
                                                                 [classpath] D:\bigmaths (2)\neo4j\lib\netty-transport-classes-epoll-4.1.137.Final.jar
                                                                 [classpath] D:\bigmaths (2)\neo4j\lib\neo4j-procedure-5.26.30.jar
                                                                 [classpath] D:\bigmaths (2)\neo4j\lib\cypher-parser-factory-5.26.30.jar
                                                                 [classpath] D:\bigmaths (2)\neo4j\lib\log4j-core-2.26.1.jar
                                                                 [classpath] D:\bigmaths (2)\neo4j\lib\neo4j-bolt-connection-netty-12.0.0.jar
                                                                 [classpath] D:\bigmaths (2)\neo4j\lib\shiro-core-3.0.0.jar
                                                                 [classpath] D:\bigmaths (2)\neo4j\lib\neo4j-data-collector-5.26.30.jar
                                                                 [classpath] D:\bigmaths (2)\neo4j\lib\neo4j-cypher-expression-evaluator-5.26.30.jar
                                                                 [classpath] D:\bigmaths (2)\neo4j\lib\cypher-v5-literal-interpreter-5.26.30.jar
                                                                 [classpath] D:\bigmaths (2)\neo4j\lib\antlr4-runtime-4.13.2.jar
                                                                 [classpath] D:\bigmaths (2)\neo4j\lib\neo4j-graph-algo-5.26.30.jar
                                                                 [classpath] D:\bigmaths (2)\neo4j\lib\cypher-shell-5.26.30.jar
                                                                 [classpath] D:\bigmaths (2)\neo4j\lib\jackson-jaxrs-base-2.22.1.jar
                                                                 [classpath] D:\bigmaths (2)\neo4j\lib\reactive-streams-1.0.4.jar
                                                                 [classpath] D:\bigmaths (2)\neo4j\lib\neo4j-capabilities-5.26.30.jar
                                                                 [classpath] D:\bigmaths (2)\neo4j\lib\neo4j-ssl-5.26.30.jar
                                                                 [classpath] D:\bigmaths (2)\neo4j\lib\jettison-1.5.4.jar
                                                                 [classpath] D:\bigmaths (2)\neo4j\lib\neo4j-cypher-planner-spi-5.26.30.jar
                                                                 [classpath] D:\bigmaths (2)\neo4j\lib\hk2-utils-2.6.1.jar
                                                                 [classpath] D:\bigmaths (2)\neo4j\lib\jaxb-runtime-2.3.2.jar
                                                                 [classpath] D:\bigmaths (2)\neo4j\lib\shiro-crypto-cipher-3.0.0.jar
                                                                 [classpath] D:\bigmaths (2)\neo4j\lib\jakarta.validation-api-2.0.2.jar
                                                                 [classpath] D:\bigmaths (2)\neo4j\lib\hk2-api-2.6.1.jar
                                                                 [classpath] D:\bigmaths (2)\neo4j\lib\lucene-core-9.11.1.jar
                                                                 [classpath] D:\bigmaths (2)\neo4j\lib\neo4j-exceptions-5.26.30.jar
                                                                 [classpath] D:\bigmaths (2)\neo4j\lib\neo4j-gql-status-5.26.30.jar
                                                                 [classpath] D:\bigmaths (2)\neo4j\lib\jakarta.activation-api-1.2.2.jar
                                                                 [classpath] D:\bigmaths (2)\neo4j\lib\jakarta.ws.rs-api-2.1.6.jar
                                                                 [classpath] D:\bigmaths (2)\neo4j\lib\jackson-module-jaxb-annotations-2.22.1.jar
                                                                 [classpath] D:\bigmaths (2)\neo4j\lib\cypher-v25-ast-factory-5.26.30.jar
                                                                 [classpath] D:\bigmaths (2)\neo4j\lib\javassist-3.30.2-GA.jar
                                                                 [classpath] D:\bigmaths (2)\neo4j\lib\cypher-v5-ast-factory-5.26.30.jar
                                                                 [classpath] D:\bigmaths (2)\neo4j\lib\neo4j-push-to-cloud-5.26.30.jar
                                                                 [classpath] D:\bigmaths (2)\neo4j\lib\neo4j-import-tool-5.26.30.jar
                                                                 [classpath] D:\bigmaths (2)\neo4j\lib\neo4j-ast-5.26.30.jar
                                                                 [classpath] D:\bigmaths (2)\neo4j\lib\jetty-ee8-security-12.1.11.jar
                                                                 [classpath] D:\bigmaths (2)\neo4j\lib\parquet-format-structures-1.18.0.jar
                                                                 [classpath] D:\bigmaths (2)\neo4j\lib\cypher-antlr-ast-common-5.26.30.jar
                                                                 [classpath] D:\bigmaths (2)\neo4j\lib\neo4j-native-5.26.30.jar
                                                                 [classpath] D:\bigmaths (2)\neo4j\lib\netty-codec-4.1.137.Final.jar
                                                                 [classpath] D:\bigmaths (2)\neo4j\lib\neo4j-token-api-5.26.30.jar
                                                                 [classpath] D:\bigmaths (2)\neo4j\lib\neo4j-bolt-connection-12.0.0.jar
                                                                 [classpath] D:\bigmaths (2)\neo4j\lib\neo4j-slf4j-provider-5.26.30.jar
                                                                 [classpath] D:\bigmaths (2)\neo4j\lib\commons-codec-1.17.1.jar
                                                                 [classpath] D:\bigmaths (2)\neo4j\lib\neo4j-cypher-physical-planning-5.26.30.jar
                                                                 [classpath] D:\bigmaths (2)\neo4j\lib\neo4j-cypher-javacc-parser-5.26.30.jar
                                                                 [classpath] D:\bigmaths (2)\neo4j\lib\jakarta.xml.bind-api-2.3.2.jar
                                                                 [classpath] D:\bigmaths (2)\neo4j\lib\neo4j-cypher-logical-plans-5.26.30.jar
                                                                 [classpath] D:\bigmaths (2)\neo4j\lib\neo4j-bolt-5.26.30.jar
                                                                 [classpath] D:\bigmaths (2)\neo4j\lib\neo4j-import-api-5.26.30.jar
                                                                 [classpath] D:\bigmaths (2)\neo4j\lib\neo4j-cypher-slotted-runtime-5.26.30.jar
                                                                 [classpath] D:\bigmaths (2)\neo4j\lib\ipaddress-5.5.1.jar
                                                                 [classpath] D:\bigmaths (2)\neo4j\lib\cypher-v25-antlr-parser-5.26.30.jar
                                                                 [classpath] D:\bigmaths (2)\neo4j\lib\neo4j-cloud-5.26.30.jar
                                                                 [classpath] D:\bigmaths (2)\neo4j\lib\picocli-4.7.6.jar
                                                                 [classpath] D:\bigmaths (2)\neo4j\lib\neo4j-graphdb-api-5.26.30.jar
                                                                 [classpath] D:\bigmaths (2)\neo4j\lib\jackson-databind-2.22.1.jar
                                                                 [classpath] D:\bigmaths (2)\neo4j\lib\reactor-core-3.7.12.jar
                                                                 [classpath] D:\bigmaths (2)\neo4j\lib\neo4j-index-5.26.30.jar
                                                                 [classpath] D:\bigmaths (2)\neo4j\lib\jetty-alpn-java-server-12.1.11.jar
                                                                 [classpath] D:\bigmaths (2)\neo4j\lib\commons-compress-1.27.1.jar
                                                                 [classpath] D:\bigmaths (2)\neo4j\lib\jna-5.15.0.jar
                                                                 [classpath] D:\bigmaths (2)\neo4j\lib\snappy-java-1.1.10.8.jar
                                                                 [classpath] D:\bigmaths (2)\neo4j\lib\jetty-session-12.1.11.jar
                                                                 [classpath] D:\bigmaths (2)\neo4j\lib\jetty-ee8-servlet-12.1.11.jar
                                                                 [classpath] D:\bigmaths (2)\neo4j\lib\scala-library-2.13.11.jar
                                                                 [classpath] D:\bigmaths (2)\neo4j\lib\log4j-api-2.26.1.jar
                                                                 [classpath] D:\bigmaths (2)\neo4j\conf\*
                                                                 [classpath] D:\bigmaths (2)\neo4j\lib\neo4j-java-driver-5.28.15.jar
                                                                 [classpath] D:\bigmaths (2)\neo4j\lib\neo4j-id-generator-5.26.30.jar
                                                                 [classpath] D:\bigmaths (2)\neo4j\lib\neo4j-bolt-connection-pooled-12.0.0.jar
                                                                 [classpath] D:\bigmaths (2)\neo4j\lib\jetty-http2-common-12.1.11.jar
                                                                 [classpath] D:\bigmaths (2)\neo4j\lib\argparse4j-0.9.0.jar
                                                                 [classpath] D:\bigmaths (2)\neo4j\lib\lucene-backward-codecs-9.11.1.jar
                                                                 [classpath] D:\bigmaths (2)\neo4j\lib\kiama_2.13-2.5.1.jar
                                                                 [classpath] D:\bigmaths (2)\neo4j\lib\neo4j-cypher-macros-5.26.30.jar
                                                                 [classpath] D:\bigmaths (2)\neo4j\lib\shiro-event-3.0.0.jar
                                                                 [classpath] D:\bigmaths (2)\neo4j\lib\hk2-locator-2.6.1.jar
                                                                 [classpath] D:\bigmaths (2)\neo4j\lib\slf4j-api-2.0.9.jar
                                                                 [classpath] D:\bigmaths (2)\neo4j\lib\cypher-parser-ast-common-5.26.30.jar
                                                                 [classpath] D:\bigmaths (2)\neo4j\lib\neo4j-server-5.26.30.jar
                                                                 [classpath] D:\bigmaths (2)\neo4j\lib\neo4j-import-util-5.26.30.jar
                                                                 [classpath] D:\bigmaths (2)\neo4j\lib\jetty-http-12.1.11.jar
                                                                 [classpath] D:\bigmaths (2)\neo4j\lib\neo4j-front-end-5.26.30.jar
                                                                 [classpath] D:\bigmaths (2)\neo4j\lib\shiro-crypto-hash-3.0.0.jar
                                                                 [classpath] D:\bigmaths (2)\neo4j\lib\jetty-server-12.1.11.jar
                                                                 [classpath] D:\bigmaths (2)\neo4j\lib\neo4j-storage-engine-util-5.26.30.jar
                                                                 [classpath] D:\bigmaths (2)\neo4j\lib\jersey-container-servlet-core-2.46.jar
                                                                 [classpath] D:\bigmaths (2)\neo4j\lib\netty-codec-http-4.1.137.Final.jar
                                                                 [classpath] D:\bigmaths (2)\neo4j\lib\jetty-util-12.1.11.jar
                                                                 [classpath] D:\bigmaths (2)\neo4j\lib\neo4j-procedure-api-5.26.30.jar
                                                                 [classpath] D:\bigmaths (2)\neo4j\lib\jetty-ee-webapp-12.1.11.jar
                                                                 [classpath] D:\bigmaths (2)\neo4j\lib\netty-transport-4.1.137.Final.jar
                                                                 [classpath] D:\bigmaths (2)\neo4j\lib\zstd-jni-1.5.6-6.jar
                                                                 [classpath] D:\bigmaths (2)\neo4j\lib\neo4j-spatial-index-5.26.30.jar
                                                                 [classpath] D:\bigmaths (2)\neo4j\lib\neo4j-lucene-index-5.26.30.jar
                                                                 [classpath] D:\bigmaths (2)\neo4j\lib\neo4j-cypher-5.26.30.jar
                                                                 [classpath] D:\bigmaths (2)\neo4j\lib\neo4j-query-router-5.26.30.jar
                                                                 [classpath] D:\bigmaths (2)\neo4j\lib\neo4j-logging-5.26.30.jar
                                                                 [classpath] D:\bigmaths (2)\neo4j\lib\cypher-v5-parser-listener-5.26.30.jar
                                                                 [classpath] D:\bigmaths (2)\neo4j\lib\neo4j-concurrent-5.26.30.jar
                                                                 [classpath] D:\bigmaths (2)\neo4j\lib\jetty-servlet-api-4.0.9.jar
                                                                 [classpath] D:\bigmaths (2)\neo4j\lib\jackson-jaxrs-json-provider-2.22.1.jar
                                                                 [classpath] D:\bigmaths (2)\neo4j\lib\FastInfoset-1.2.16.jar
                                                                 [classpath] D:\bigmaths (2)\neo4j\lib\jakarta.inject-2.6.1.jar
                                                                 [classpath] D:\bigmaths (2)\neo4j\lib\txw2-2.3.2.jar
                                                                 [classpath] D:\bigmaths (2)\neo4j\lib\neo4j-udc-5.26.30.jar
                                                                 [classpath] D:\bigmaths (2)\neo4j\lib\neo4j-cypher-dsl-2024.2.0.jar
                                                                 [classpath] D:\bigmaths (2)\neo4j\lib\jackson-annotations-2.22.jar
                                                                 [classpath] D:\bigmaths (2)\neo4j\lib\jakarta.annotation-api-1.3.5.jar
                                                                 [classpath] D:\bigmaths (2)\neo4j\lib\parquet-encoding-1.18.0.jar
                                                                 [classpath] D:\bigmaths (2)\neo4j\lib\jetty-http2-hpack-12.1.11.jar
                                                                 [classpath] D:\bigmaths (2)\neo4j\lib\neo4j-util-5.26.30.jar
                                                                 [classpath] D:\bigmaths (2)\neo4j\lib\hadoop-common-3.5.0.jar
                                                                 [classpath] D:\bigmaths (2)\neo4j\lib\jetty-security-12.1.11.jar
                                                                 [classpath] D:\bigmaths (2)\neo4j\lib\shiro-cache-3.0.0.jar
                                                                 [classpath] D:\bigmaths (2)\neo4j\lib\cypher-antlr-common-5.26.30.jar
                                                                 [classpath] D:\bigmaths (2)\neo4j\lib\shiro-config-core-3.0.0.jar
                                                                 [classpath] D:\bigmaths (2)\neo4j\lib\jline-reader-3.21.0.jar
                                                                 [classpath] D:\bigmaths (2)\neo4j\lib\neo4j-5.26.30.jar
                                                                 [classpath] D:\bigmaths (2)\neo4j\lib\commons-io-2.17.0.jar
                                                                 [classpath] D:\bigmaths (2)\neo4j\lib\caffeine-3.1.8.jar
                                                                 [classpath] D:\bigmaths (2)\neo4j\lib\jctools-core-4.0.5.jar
                                                                 [classpath] D:\bigmaths (2)\neo4j\lib\neo4j-cypher-cache-5.26.30.jar
                                                                 [classpath] D:\bigmaths (2)\neo4j\lib\jersey-container-servlet-2.46.jar
                                                                 [classpath] D:\bigmaths (2)\neo4j\lib\neo4j-configuration-5.26.30.jar
                                                                 [classpath] D:\bigmaths (2)\neo4j\lib\netty-transport-native-unix-common-4.1.137.Final.jar
                                                                 [classpath] D:\bigmaths (2)\neo4j\lib\netty-buffer-4.1.137.Final.jar
                                                                 [classpath] D:\bigmaths (2)\neo4j\lib\neo4j-cypher-ast-factory-5.26.30.jar
                                                                 [classpath] D:\bigmaths (2)\neo4j\lib\cypher-v5-antlr-parser-5.26.30.jar
                                                                 [classpath] D:\bigmaths (2)\neo4j\lib\neo4j-codegen-5.26.30.jar
                                                                 [classpath] D:\bigmaths (2)\neo4j\lib\netty-handler-4.1.137.Final.jar
                                                                 [classpath] D:\bigmaths (2)\neo4j\lib\netty-transport-native-kqueue-4.1.137.Final-osx-aarch_64.jar
                                                                 [classpath] D:\bigmaths (2)\neo4j\lib\neo4j-kernel-5.26.30.jar
                                                                
2026-09-12 12:20:47.641+0000 INFO  [o.n.i.d.DiagnosticsManager] 
                                                                --------------------------------------------------------------------------------
                                                                                                [ Library path ]                                
                                                                --------------------------------------------------------------------------------
                                                                C:\Program Files\Java\jdk-21\bin
                                                                C:\Windows\Sun\Java\bin
                                                                C:\Windows\System32
                                                                C:\Windows
                                                                C:\Users\21176\AppData\Roaming\Code\User\globalStorage\github.copilot-chat\debugCommand
                                                                C:\Users\21176\AppData\Roaming\Code\User\globalStorage\github.copilot-chat\copilotCli
                                                                C:\ProgramData\Oracle\Java\javapath
                                                                D:\VMware\bin
                                                                C:\Program Files\Common Files\Oracle\Java\javapath_target_384906828
                                                                C:\Windows\System32
                                                                C:\Windows
                                                                C:\Windows\System32\wbem
                                                                C:\Windows\System32\WindowsPowerShell\v1.0
                                                                C:\Windows\System32\OpenSSH
                                                                C:\Program Files\Microsoft SQL Server\150\Tools\Binn
                                                                D:\bigmaths (2)\neo4j\bin\%GIT_HOME%\usr\bin
                                                                D:\bigmaths (2)\neo4j\bin\%GIT_HOME%\bin
                                                                D:\mingw\bin
                                                                C:\Program Files\dotnet
                                                                C:\Program Files (x86)\Windows Kits\10\Windows Performance Toolkit
                                                                D:\MySQL\MySQL Server 8.0\bin
                                                                D:\altera\91\quartus\bin
                                                                D:\Xshell 8
                                                                D:\mingw\bin
                                                                D:\Nodejs
                                                                D:\c\Git\cmd
                                                                C:\Users\21176\AppData\Local\Programs\Python\Python312\Scripts
                                                                C:\Users\21176\AppData\Local\Programs\Python\Python312
                                                                D:\MySQL\MySQL Shell 8.0\bin
                                                                D:\mingw\bin
                                                                C:\Users\21176\.dotnet\tools
                                                                C:\Users\21176\AppData\Local\Microsoft\WindowsApps
                                                                D:\PyCharm Community Edition 2024.3.3\bin
                                                                D:\bigmaths (2)\neo4j\bin
                                                                D:\Anaco
                                                                D:\Anaco\Scripts
                                                                D:\Anaco\Library\bin
                                                                C:\Program Files\Java\jdk-21\bin
                                                                D:\IntelliJ IDEA 2024.3.4\bin
                                                                D:\bigmaths (2)\neo4j\bin
                                                                D:\IntelliJ IDEA Community Edition 2024.3.4\bin
                                                                D:\bigmaths (2)\neo4j\bin
                                                                D:\bigmaths (2)\neo4j\bin
                                                                C:\Users\21176\AppData\Local\Programs\Ollama
                                                                D:\Users\21176\AppData\Microsoft VS Code\bin
                                                                C:\Users\21176\AppData\Roaming\npm
                                                                C:\Users\21176\.vscode\extensions\ms-python.debugpy-2026.6.0-win32-x64\bundled\scripts\noConfigScripts
                                                                D:\bigmaths (2)\neo4j\bin
                                                                
2026-09-12 12:20:47.641+0000 INFO  [o.n.i.d.DiagnosticsManager] 
                                                                --------------------------------------------------------------------------------
                                                                                             [ System properties ]                              
                                                                --------------------------------------------------------------------------------
                                                                jdk.tls.rejectClientInitiatedRenegotiation = true
                                                                sun.cpu.isalist = amd64
                                                                sun.jnu.encoding = GBK
                                                                log4j.layout.jsonTemplate.maxStringLength = 32768
                                                                sun.arch.data.model = 64
                                                                user.variant = 
                                                                user.timezone = Asia/Shanghai
                                                                sun.java.launcher = SUN_STANDARD
                                                                user.country = CN
                                                                sun.boot.library.path = C:\Program Files\Java\jdk-21\bin
                                                                sun.java.command = org.neo4j.server.CommunityEntryPoint --home-dir=D:\bigmaths (2)\neo4j --config-dir=D:\bigmaths (2)\neo4j\conf --console-mode
                                                                jdk.debug = release
                                                                io.netty.tryReflectionSetAccessible = true
                                                                sun.cpu.endian = little
                                                                user.home = C:\Users\21176
                                                                user.language = zh
                                                                file.separator = \
                                                                jdk.tls.ephemeralDHKeySize = 2048
                                                                user.script = 
                                                                sun.management.compiler = HotSpot 64-Bit Tiered Compilers
                                                                user.name = 21176
                                                                stdout.encoding = ms936
                                                                jdk.nio.maxCachedBufferSize = 1024
                                                                path.separator = ;
                                                                file.encoding = UTF-8
                                                                jnidispatch.path = C:\Users\21176\AppData\Local\Temp\jna-47684657\jna7108025592442121069.dll
                                                                jna.loaded = true
                                                                user.dir = D:\bigmaths (2)\neo4j\bin
                                                                sun.os.patch.level = 
                                                                native.encoding = GBK
                                                                stderr.encoding = ms936
                                                                sun.io.unicode.encoding = UnicodeLittle
                                                                log4j2.disable.jmx = true
                                                                
2026-09-12 12:20:47.641+0000 INFO  [o.n.i.d.DiagnosticsManager] 
                                                                --------------------------------------------------------------------------------
                                                                                      [ (IANA) TimeZone database version ]                      
                                                                --------------------------------------------------------------------------------
                                                                  TimeZone version: 2024b (available for 603 zone identifiers)
                                                                
2026-09-12 12:20:47.641+0000 INFO  [o.n.i.d.DiagnosticsManager] 
                                                                --------------------------------------------------------------------------------
                                                                                            [ Network information ]                             
                                                                --------------------------------------------------------------------------------
                                                                Interface Hyper-V Virtual Ethernet Adapter-WFP Native MAC Layer LightWeight Filter-0000:
                                                                Interface Hyper-V Virtual Ethernet Adapter-QoS Packet Scheduler-0000:
                                                                Interface Hyper-V Virtual Ethernet Adapter-WFP 802.3 MAC Layer LightWeight Filter-0000:
                                                                Interface Hyper-V Virtual Switch Extension Adapter-Hyper-V Virtual Switch Extension Filter-0000:
                                                                Interface WAN Miniport (IP)-WFP Native MAC Layer LightWeight Filter-0000:
                                                                Interface WAN Miniport (IP)-QoS Packet Scheduler-0000:
                                                                Interface WAN Miniport (IPv6)-WFP Native MAC Layer LightWeight Filter-0000:
                                                                Interface WAN Miniport (IPv6)-QoS Packet Scheduler-0000:
                                                                Interface WAN Miniport (Network Monitor)-WFP Native MAC Layer LightWeight Filter-0000:
                                                                Interface WAN Miniport (Network Monitor)-QoS Packet Scheduler-0000:
                                                                Interface Microsoft Kernel Debug Network Adapter:
                                                                Interface WAN Miniport (IP):
                                                                Interface Bluetooth Device (Personal Area Network):
                                                                Interface WAN Miniport (IPv6):
                                                                Interface WAN Miniport (Network Monitor):
                                                                Interface VMware Virtual Ethernet Adapter for VMnet1:
                                                                    address: fe80:0:0:0:804c:cc0b:270f:df81%ethernet_32773
                                                                    address: 192.168.81.1
                                                                Interface Hyper-V Virtual Switch Extension Adapter:
                                                                Interface Hyper-V Virtual Ethernet Adapter:
                                                                    address: fe80:0:0:0:d46e:a44a:5a2:c34%ethernet_32775
                                                                    address: 172.21.224.1
                                                                Interface VMware Virtual Ethernet Adapter for VMnet8:
                                                                    address: fe80:0:0:0:7266:6cd2:c870:b0f5%ethernet_32776
                                                                    address: 192.168.32.1
                                                                Interface WAN Miniport (PPPOE):
                                                                Interface Software Loopback Interface 1:
                                                                    address: 0:0:0:0:0:0:0:1
                                                                    address: 127.0.0.1
                                                                Interface Intel(R) Wi-Fi 6E AX211 160MHz-WFP Native MAC Layer LightWeight Filter-0000:
                                                                Interface Intel(R) Wi-Fi 6E AX211 160MHz-Virtual WiFi Filter Driver-0000:
                                                                Interface Intel(R) Wi-Fi 6E AX211 160MHz-Native WiFi Filter Driver-0000:
                                                                Interface Intel(R) Wi-Fi 6E AX211 160MHz-QoS Packet Scheduler-0000:
                                                                Interface Intel(R) Wi-Fi 6E AX211 160MHz-WFP 802.3 MAC Layer LightWeight Filter-0000:
                                                                Interface Microsoft Wi-Fi Direct Virtual Adapter #2-WFP Native MAC Layer LightWeight Filter-0000:
                                                                Interface Microsoft Wi-Fi Direct Virtual Adapter-WFP Native MAC Layer LightWeight Filter-0000:
                                                                Interface Microsoft Wi-Fi Direct Virtual Adapter-Native WiFi Filter Driver-0000:
                                                                Interface Microsoft Wi-Fi Direct Virtual Adapter-QoS Packet Scheduler-0000:
                                                                Interface Microsoft Wi-Fi Direct Virtual Adapter-WFP 802.3 MAC Layer LightWeight Filter-0000:
                                                                Interface Microsoft Wi-Fi Direct Virtual Adapter #2-Native WiFi Filter Driver-0000:
                                                                Interface Microsoft Wi-Fi Direct Virtual Adapter #2-QoS Packet Scheduler-0000:
                                                                Interface Microsoft Wi-Fi Direct Virtual Adapter #2-WFP 802.3 MAC Layer LightWeight Filter-0000:
                                                                Interface Intel(R) Wi-Fi 6E AX211 160MHz:
                                                                    address: 10.20.202.207
                                                                Interface Microsoft Wi-Fi Direct Virtual Adapter:
                                                                    address: fe80:0:0:0:bddc:ff2:8e94:fb6f%wireless_32769
                                                                Interface Microsoft Wi-Fi Direct Virtual Adapter #2:
                                                                    address: fe80:0:0:0:3c79:5628:1e32:d487%wireless_32770
                                                                Interface Microsoft Teredo Tunneling Adapter:
                                                                Interface Microsoft IP-HTTPS Platform Adapter:
                                                                Interface Microsoft 6to4 Adapter:
                                                                Interface WAN Miniport (SSTP):
                                                                Interface WAN Miniport (IKEv2):
                                                                Interface WAN Miniport (L2TP):
                                                                Interface WAN Miniport (PPTP):
                                                                
2026-09-12 12:20:47.641+0000 INFO  [o.n.i.d.DiagnosticsManager] 
                                                                --------------------------------------------------------------------------------
                                                                                         [ Native access information ]                          
                                                                --------------------------------------------------------------------------------
                                                                Native access details: Native access is not available for current platform.
                                                                
2026-09-12 12:20:47.641+0000 INFO  [o.n.i.d.DiagnosticsManager] 
                                                                --------------------------------------------------------------------------------
                                                                                                [ DBMS config ]                                 
                                                                --------------------------------------------------------------------------------
                                                                DBMS provided settings:
                                                                db.tx_log.rotation.retention_policy=2 days 2G
                                                                server.bolt.enabled=true
                                                                server.default_listen_address=127.0.0.1
                                                                server.directories.import=D:\bigmaths (2)\neo4j\import
                                                                server.directories.neo4j_home=D:\bigmaths (2)\neo4j
                                                                server.http.enabled=true
                                                                server.https.enabled=false
                                                                server.jvm.additional=-XX:+UseG1GC
-XX:-OmitStackTraceInFastThrow
-XX:+AlwaysPreTouch
-XX:+UnlockExperimentalVMOptions
-XX:+TrustFinalNonStaticFields
-XX:+DisableExplicitGC
-Djdk.nio.maxCachedBufferSize=1024
-Dio.netty.tryReflectionSetAccessible=true
-Djdk.tls.ephemeralDHKeySize=2048
-Djdk.tls.rejectClientInitiatedRenegotiation=true
-XX:FlightRecorderOptions=stackdepth=256
-XX:+UnlockDiagnosticVMOptions
-XX:+DebugNonSafepoints
--add-opens=java.base/java.nio=ALL-UNNAMED
--add-opens=java.base/java.io=ALL-UNNAMED
--add-opens=java.base/sun.nio.ch=ALL-UNNAMED
--enable-native-access=ALL-UNNAMED
-Dlog4j2.disable.jmx=true
-Dlog4j.layout.jsonTemplate.maxStringLength=32768
                                                                server.memory.heap.initial_size=512.00MiB
                                                                server.memory.heap.max_size=2.00GiB
                                                                server.memory.pagecache.size=1.00GiB
                                                                server.windows_service_name=neo4j
                                                                Directories in use:
                                                                server.directories.data=D:\bigmaths (2)\neo4j\data
                                                                server.directories.dumps.root=D:\bigmaths (2)\neo4j\data\dumps
                                                                server.directories.import=D:\bigmaths (2)\neo4j\import
                                                                server.directories.lib=D:\bigmaths (2)\neo4j\lib
                                                                server.directories.licenses=D:\bigmaths (2)\neo4j\licenses
                                                                server.directories.logs=D:\bigmaths (2)\neo4j\logs
                                                                server.directories.neo4j_home=D:\bigmaths (2)\neo4j
                                                                server.directories.plugins=D:\bigmaths (2)\neo4j\plugins
                                                                server.directories.run=D:\bigmaths (2)\neo4j\run
                                                                server.directories.script.root=D:\bigmaths (2)\neo4j\data\scripts
                                                                server.directories.transaction.logs.root=D:\bigmaths (2)\neo4j\data\transactions
                                                                
2026-09-12 12:20:47.641+0000 INFO  [o.n.i.d.DiagnosticsManager] 
                                                                --------------------------------------------------------------------------------
                                                                                                 [ Packaging ]                                  
                                                                --------------------------------------------------------------------------------
                                                                Edition: Community
                                                                Package Type: docker trixie
                                                                
2026-09-12 12:20:47.673+0000 INFO  [o.n.d.i.DefaultIdentityModule] Found ServerId on disk: ServerId{1d60b665} (1d60b665-7b67-4ac4-a89f-dac9840a564f)
2026-09-12 12:20:47.673+0000 INFO  [o.n.d.i.DefaultIdentityModule] This instance is ServerId{1d60b665} (1d60b665-7b67-4ac4-a89f-dac9840a564f)
2026-09-12 12:20:48.751+0000 INFO  [o.n.s.CommunityNeoWebServer] ======== Neo4j 5.26.30 ========
2026-09-12 12:20:48.769+0000 INFO  [o.n.d.d.DatabaseLifecycles] Creating 'DatabaseId{00000000[system]}'.
2026-09-12 12:20:48.991+0000 INFO  [o.n.b.BoltServer] Using connector transport NIO
2026-09-12 12:20:49.139+0000 INFO  [o.n.b.BoltServer] Configured external Bolt connector with listener address /127.0.0.1:7687
2026-09-12 12:20:49.139+0000 INFO  [o.n.b.BoltServer] Bolt server loaded
2026-09-12 12:20:49.168+0000 INFO  [o.n.d.d.DatabaseLifecycles] Starting 'DatabaseId{00000000[system]}'.
2026-09-12 12:20:49.676+0000 INFO  [o.n.k.i.t.l.f.c.CheckpointLogFile] [system/00000000] Scanning log file with version 0 for checkpoint entries
2026-09-12 12:20:49.718+0000 INFO  [o.n.k.i.s.f.RecordFormatSelector] [system/00000000] Selected RecordFormat:PageAlignedV5_0[aligned-1.1] record format from store D:\bigmaths (2)\neo4j\data\databases\system
2026-09-12 12:20:49.718+0000 INFO  [o.n.k.i.s.f.RecordFormatSelector] [system/00000000] Selected format from the store files: RecordFormat:PageAlignedV5_0[aligned-1.1]
2026-09-12 12:20:50.222+0000 INFO  [o.n.i.d.DiagnosticsManager] [system/00000000] 
                                                                [system/00000000] ********************************************************************************
                                                                [system/00000000]                               [ Database: system ]                              
                                                                [system/00000000] ********************************************************************************
                                                                [system/00000000] --------------------------------------------------------------------------------
                                                                [system/00000000]                                   [ Version ]                                   
                                                                [system/00000000] --------------------------------------------------------------------------------
                                                                [system/00000000] DBMS: community record-aligned-1.1
                                                                [system/00000000] Kernel version: 5.26.30
                                                                [system/00000000] 
                                                                [system/00000000] --------------------------------------------------------------------------------
                                                                [system/00000000]                                 [ Store files ]                                 
                                                                [system/00000000] --------------------------------------------------------------------------------
                                                                [system/00000000] Disk space on partition (Total / Free / Free %): 807072165888 / 598909964288 / 74
                                                                [system/00000000] Storage files stored on file store: NTFS
                                                                [system/00000000] Storage files: (filename : modification date - size)
                                                                [system/00000000]   database_lock: 2026-09-01 15:36:40.000+0000 - 0B
                                                                [system/00000000]   id-buffer.tmp.0: 2026-09-11 15:25:14.000+0000 - 0B
                                                                [system/00000000]   neostore: 2026-09-01 15:36:40.000+0000 - 8.000KiB
                                                                [system/00000000]   neostore.counts.db: 2026-09-12 12:20:50.096+0000 - 48.00KiB
                                                                [system/00000000]   neostore.indexstats.db: 2026-09-12 12:20:50.127+0000 - 48.00KiB
                                                                [system/00000000]   neostore.labeltokenstore.db: 2026-09-01 15:51:42.000+0000 - 8.000KiB
                                                                [system/00000000]   neostore.labeltokenstore.db.id: 2026-09-12 12:20:50.032+0000 - 40.00KiB
                                                                [system/00000000]   neostore.labeltokenstore.db.names: 2026-09-01 15:51:42.000+0000 - 8.000KiB
                                                                [system/00000000]   neostore.labeltokenstore.db.names.id: 2026-09-12 12:20:50.020+0000 - 40.00KiB
                                                                [system/00000000]   neostore.nodestore.db: 2026-09-01 15:51:42.000+0000 - 8.000KiB
                                                                [system/00000000]   neostore.nodestore.db.id: 2026-09-12 12:20:49.872+0000 - 40.00KiB
                                                                [system/00000000]   neostore.nodestore.db.labels: 2026-09-01 15:36:40.000+0000 - 8.000KiB
                                                                [system/00000000]   neostore.nodestore.db.labels.id: 2026-09-12 12:20:49.843+0000 - 40.00KiB
                                                                [system/00000000]   neostore.propertystore.db: 2026-09-01 15:51:42.000+0000 - 8.000KiB
                                                                [system/00000000]   neostore.propertystore.db.arrays: 2026-09-01 15:36:40.000+0000 - 8.000KiB
                                                                [system/00000000]   neostore.propertystore.db.arrays.id: 2026-09-12 12:20:49.935+0000 - 40.00KiB
                                                                [system/00000000]   neostore.propertystore.db.id: 2026-09-12 12:20:49.953+0000 - 40.00KiB
                                                                [system/00000000]   neostore.propertystore.db.index: 2026-09-01 15:51:42.000+0000 - 8.000KiB
                                                                [system/00000000]   neostore.propertystore.db.index.id: 2026-09-12 12:20:49.902+0000 - 40.00KiB
                                                                [system/00000000]   neostore.propertystore.db.index.keys: 2026-09-01 15:51:42.000+0000 - 8.000KiB
                                                                [system/00000000]   neostore.propertystore.db.index.keys.id: 2026-09-12 12:20:49.890+0000 - 40.00KiB
                                                                [system/00000000]   neostore.propertystore.db.strings: 2026-09-01 15:51:42.000+0000 - 8.000KiB
                                                                [system/00000000]   neostore.propertystore.db.strings.id: 2026-09-12 12:20:49.919+0000 - 40.00KiB
                                                                [system/00000000]   neostore.relationshipgroupstore.db: 2026-09-01 15:36:40.000+0000 - 8.000KiB
                                                                [system/00000000]   neostore.relationshipgroupstore.db.id: 2026-09-12 12:20:50.066+0000 - 40.00KiB
                                                                [system/00000000]   neostore.relationshipgroupstore.degrees.db: 2026-09-12 12:20:50.111+0000 - 40.00KiB
                                                                [system/00000000]   neostore.relationshipstore.db: 2026-09-01 15:51:42.000+0000 - 8.000KiB
                                                                [system/00000000]   neostore.relationshipstore.db.id: 2026-09-12 12:20:49.969+0000 - 40.00KiB
                                                                [system/00000000]   neostore.relationshiptypestore.db: 2026-09-01 15:51:42.000+0000 - 8.000KiB
                                                                [system/00000000]   neostore.relationshiptypestore.db.id: 2026-09-12 12:20:50.004+0000 - 40.00KiB
                                                                [system/00000000]   neostore.relationshiptypestore.db.names: 2026-09-01 15:51:42.000+0000 - 8.000KiB
                                                                [system/00000000]   neostore.relationshiptypestore.db.names.id: 2026-09-12 12:20:49.984+0000 - 40.00KiB
                                                                [system/00000000]   neostore.schemastore.db: 2026-09-01 15:51:42.000+0000 - 8.000KiB
                                                                [system/00000000]   neostore.schemastore.db.id: 2026-09-12 12:20:50.048+0000 - 40.00KiB
                                                                [system/00000000]   schema:
                                                                [system/00000000]     index:
                                                                [system/00000000]       range-1.0:
                                                                [system/00000000]         3:
                                                                [system/00000000]           index-3: 2026-09-11 15:25:14.000+0000 - 48.00KiB
                                                                [system/00000000]         - Total: 2026-09-12 11:44:42.592+0000 - 48.00KiB
                                                                [system/00000000]         4:
                                                                [system/00000000]           index-4: 2026-09-11 15:25:14.000+0000 - 48.00KiB
                                                                [system/00000000]         - Total: 2026-09-12 11:44:42.608+0000 - 48.00KiB
                                                                [system/00000000]         7:
                                                                [system/00000000]           index-7: 2026-09-11 15:25:14.000+0000 - 48.00KiB
                                                                [system/00000000]         - Total: 2026-09-12 11:44:42.624+0000 - 48.00KiB
                                                                [system/00000000]         8:
                                                                [system/00000000]           index-8: 2026-09-11 15:25:14.000+0000 - 48.00KiB
                                                                [system/00000000]         - Total: 2026-09-12 11:44:42.640+0000 - 48.00KiB
                                                                [system/00000000]         9:
                                                                [system/00000000]           index-9: 2026-09-11 15:25:14.000+0000 - 48.00KiB
                                                                [system/00000000]         - Total: 2026-09-12 11:44:42.654+0000 - 48.00KiB
                                                                [system/00000000]       - Total: 2026-09-12 11:44:42.648+0000 - 240.0KiB
                                                                [system/00000000]       token-lookup-1.0:
                                                                [system/00000000]         1:
                                                                [system/00000000]           index-1: 2026-09-11 15:25:14.000+0000 - 48.00KiB
                                                                [system/00000000]         - Total: 2026-09-12 11:44:42.677+0000 - 48.00KiB
                                                                [system/00000000]         2:
                                                                [system/00000000]           index-2: 2026-09-11 15:25:14.000+0000 - 48.00KiB
                                                                [system/00000000]         - Total: 2026-09-12 11:44:42.693+0000 - 48.00KiB
                                                                [system/00000000]       - Total: 2026-09-12 11:44:42.688+0000 - 96.00KiB
                                                                [system/00000000]     - Total: 2026-09-12 11:44:42.663+0000 - 336.0KiB
                                                                [system/00000000]   - Total: 2026-09-12 11:44:42.560+0000 - 336.0KiB
                                                                [system/00000000] Storage summary: 
                                                                [system/00000000]   Total size of store: 1.125MiB
                                                                [system/00000000]   Total size of mapped files: 456.0KiB
                                                                [system/00000000] 
                                                                [system/00000000] --------------------------------------------------------------------------------
                                                                [system/00000000]                               [ Transaction log ]                               
                                                                [system/00000000] --------------------------------------------------------------------------------
                                                                [system/00000000] Transaction log files stored on file store: NTFS
                                                                [system/00000000] Transaction log metadata:
                                                                [system/00000000]  - current kernel version used in transactions: V5_25
                                                                [system/00000000]  - last committed transaction id: 41
                                                                [system/00000000] Transaction log files:
                                                                [system/00000000]  - existing transaction log versions: 0-0
                                                                [system/00000000]  - oldest append index 2 found in log with version 0
                                                                [system/00000000]  - files: (filename : creation date - size)
                                                                [system/00000000]      neostore.transaction.db.0: 2026-09-01 15:36:42.000+0000 - 23.46KiB
                                                                [system/00000000]  - total size of files: 23.46KiB
                                                                [system/00000000] Checkpoint log files:
                                                                [system/00000000]  - existing checkpoint log versions: 0-0
                                                                [system/00000000]  - last checkpoint: CheckpointInfo[oldestNotVisibleTransactionLogPosition=LogPosition{logVersion=0, byteOffset=24028}, transactionLogPosition=LogPosition{logVersion=0, byteOffset=24028}, storeId=StoreId{creationTime=1788276999542, random=974428032443312329, storageEngineName='record', formatName='aligned', majorVersion=1, minorVersion=1}, checkpointEntryPosition=LogPosition{logVersion=0, byteOffset=360}, channelPositionAfterCheckpoint=LogPosition{logVersion=0, byteOffset=592}, checkpointFilePostReadPosition=LogPosition{logVersion=0, byteOffset=592}, kernelVersion=KernelVersion{V5_25,version=20}, kernelVersionByte=20, transactionId=TransactionId[id=41, appendIndex=41, kernelVersion=KernelVersion{V5_25,version=20}, checksum=1982320162, commitTimestamp=1788277000659, consensusIndex=-1], appendIndex=41, reason=Checkpoint triggered by "Scheduled checkpoint for every 15 minutes threshol, consensusIndexInCheckpoint=true]
                                                                [system/00000000] 
                                                                [system/00000000] --------------------------------------------------------------------------------
                                                                [system/00000000]                                   [ Id usage ]                                  
                                                                [system/00000000] --------------------------------------------------------------------------------
                                                                [system/00000000] ArrayPropertyStore[neostore.nodestore.db.labels]: used=1 high=0
                                                                [system/00000000] NodeStore[neostore.nodestore.db]: used=7 high=6
                                                                [system/00000000] StringPropertyStore[neostore.propertystore.db.index.keys]: used=47 high=46
                                                                [system/00000000] PropertyIndexStore[neostore.propertystore.db.index]: used=33 high=32
                                                                [system/00000000] StringPropertyStore[neostore.propertystore.db.strings]: used=3 high=2
                                                                [system/00000000] ArrayPropertyStore[neostore.propertystore.db.arrays]: used=1 high=0
                                                                [system/00000000] PropertyStore[neostore.propertystore.db]: used=73 high=72
                                                                [system/00000000] RelationshipStore[neostore.relationshipstore.db]: used=3 high=2
                                                                [system/00000000] StringPropertyStore[neostore.relationshiptypestore.db.names]: used=3 high=2
                                                                [system/00000000] RelationshipTypeStore[neostore.relationshiptypestore.db]: used=2 high=1
                                                                [system/00000000] StringPropertyStore[neostore.labeltokenstore.db.names]: used=6 high=5
                                                                [system/00000000] LabelTokenStore[neostore.labeltokenstore.db]: used=5 high=4
                                                                [system/00000000] SchemaStore[neostore.schemastore.db]: used=13 high=12
                                                                [system/00000000] RelationshipGroupStore[neostore.relationshipgroupstore.db]: used=1 high=0
                                                                [system/00000000] NeoStore[neostore]: used=-1 high=-1
                                                                [system/00000000] 
                                                                [system/00000000] --------------------------------------------------------------------------------
                                                                [system/00000000]                                   [ Metadata ]                                  
                                                                [system/00000000] --------------------------------------------------------------------------------
                                                                [system/00000000] EXTERNAL_STORE_UUID (Database identifier exposed as external store identity. Generated on creation and never updated): 6a3217bc-66a7-4529-a254-975c2d29b57f
                                                                [system/00000000] DATABASE_ID (The last used DatabaseId for this database): null
                                                                [system/00000000] LEGACY_STORE_VERSION (Legacy store format version. This field is used from 5.0 onwards only to distinguish non-migrated pre 5.0 metadata stores.): -3523014627327384477
                                                                [system/00000000] STORE_ID (Store ID): StoreId{creationTime=1788276999542, random=974428032443312329, storageEngineName='record', formatName='aligned', majorVersion=1, minorVersion=1}
                                                                [system/00000000] 
2026-09-12 12:20:50.278+0000 INFO  [o.n.k.i.i.s.TokenIndexProvider] [system/00000000] Schema index cleanup job registered: descriptor=Index( id=1, name='index_343aff4e', type='LOOKUP', schema=(:<any-labels>), indexProvider='token-lookup-1.0' ), indexFile=D:\bigmaths (2)\neo4j\data\databases\system\schema\index\token-lookup-1.0\1\index-1
2026-09-12 12:20:50.278+0000 INFO  [o.n.k.i.i.s.TokenIndexProvider] [system/00000000] Schema index cleanup job started: descriptor=Index( id=1, name='index_343aff4e', type='LOOKUP', schema=(:<any-labels>), indexProvider='token-lookup-1.0' ), indexFile=D:\bigmaths (2)\neo4j\data\databases\system\schema\index\token-lookup-1.0\1\index-1
2026-09-12 12:20:50.286+0000 INFO  [o.n.k.i.i.s.TokenIndexProvider] [system/00000000] Schema index cleanup job finished: descriptor=Index( id=1, name='index_343aff4e', type='LOOKUP', schema=(:<any-labels>), indexProvider='token-lookup-1.0' ), indexFile=D:\bigmaths (2)\neo4j\data\databases\system\schema\index\token-lookup-1.0\1\index-1 Number of pages visited: 3, Number of tree nodes: 2, Number of cleaned crashed pointers: 0, Time spent: 0ms
2026-09-12 12:20:50.286+0000 INFO  [o.n.k.i.i.s.TokenIndexProvider] [system/00000000] Schema index cleanup job closed: descriptor=Index( id=1, name='index_343aff4e', type='LOOKUP', schema=(:<any-labels>), indexProvider='token-lookup-1.0' ), indexFile=D:\bigmaths (2)\neo4j\data\databases\system\schema\index\token-lookup-1.0\1\index-1
2026-09-12 12:20:50.300+0000 INFO  [o.n.k.i.i.s.TokenIndexProvider] [system/00000000] Schema index cleanup job registered: descriptor=Index( id=2, name='index_f7700477', type='LOOKUP', schema=()-[:<any-types>]-(), indexProvider='token-lookup-1.0' ), indexFile=D:\bigmaths (2)\neo4j\data\databases\system\schema\index\token-lookup-1.0\2\index-2
2026-09-12 12:20:50.300+0000 INFO  [o.n.k.i.i.s.TokenIndexProvider] [system/00000000] Schema index cleanup job started: descriptor=Index( id=2, name='index_f7700477', type='LOOKUP', schema=()-[:<any-types>]-(), indexProvider='token-lookup-1.0' ), indexFile=D:\bigmaths (2)\neo4j\data\databases\system\schema\index\token-lookup-1.0\2\index-2
2026-09-12 12:20:50.300+0000 INFO  [o.n.k.i.i.s.TokenIndexProvider] [system/00000000] Schema index cleanup job finished: descriptor=Index( id=2, name='index_f7700477', type='LOOKUP', schema=()-[:<any-types>]-(), indexProvider='token-lookup-1.0' ), indexFile=D:\bigmaths (2)\neo4j\data\databases\system\schema\index\token-lookup-1.0\2\index-2 Number of pages visited: 3, Number of tree nodes: 2, Number of cleaned crashed pointers: 0, Time spent: 0ms
2026-09-12 12:20:50.300+0000 INFO  [o.n.k.i.i.s.TokenIndexProvider] [system/00000000] Schema index cleanup job closed: descriptor=Index( id=2, name='index_f7700477', type='LOOKUP', schema=()-[:<any-types>]-(), indexProvider='token-lookup-1.0' ), indexFile=D:\bigmaths (2)\neo4j\data\databases\system\schema\index\token-lookup-1.0\2\index-2
2026-09-12 12:20:50.317+0000 INFO  [o.n.k.i.i.s.RangeIndexProvider] [system/00000000] Schema index cleanup job registered: descriptor=Index( id=3, name='constraint_798238d6', type='RANGE', schema=(:Label[1] {PropertyKey[11], PropertyKey[12]}), indexProvider='range-1.0', owningConstraint=5 ), indexFile=D:\bigmaths (2)\neo4j\data\databases\system\schema\index\range-1.0\3\index-3
2026-09-12 12:20:50.317+0000 INFO  [o.n.k.i.i.s.RangeIndexProvider] [system/00000000] Schema index cleanup job started: descriptor=Index( id=3, name='constraint_798238d6', type='RANGE', schema=(:Label[1] {PropertyKey[11], PropertyKey[12]}), indexProvider='range-1.0', owningConstraint=5 ), indexFile=D:\bigmaths (2)\neo4j\data\databases\system\schema\index\range-1.0\3\index-3
2026-09-12 12:20:50.317+0000 INFO  [o.n.k.i.i.s.RangeIndexProvider] [system/00000000] Schema index cleanup job finished: descriptor=Index( id=3, name='constraint_798238d6', type='RANGE', schema=(:Label[1] {PropertyKey[11], PropertyKey[12]}), indexProvider='range-1.0', owningConstraint=5 ), indexFile=D:\bigmaths (2)\neo4j\data\databases\system\schema\index\range-1.0\3\index-3 Number of pages visited: 3, Number of tree nodes: 2, Number of cleaned crashed pointers: 0, Time spent: 0ms
2026-09-12 12:20:50.317+0000 INFO  [o.n.k.i.i.s.RangeIndexProvider] [system/00000000] Schema index cleanup job closed: descriptor=Index( id=3, name='constraint_798238d6', type='RANGE', schema=(:Label[1] {PropertyKey[11], PropertyKey[12]}), indexProvider='range-1.0', owningConstraint=5 ), indexFile=D:\bigmaths (2)\neo4j\data\databases\system\schema\index\range-1.0\3\index-3
2026-09-12 12:20:50.334+0000 INFO  [o.n.k.i.i.s.RangeIndexProvider] [system/00000000] Schema index cleanup job registered: descriptor=Index( id=4, name='constraint_8014b60a', type='RANGE', schema=(:Label[2] {PropertyKey[11]}), indexProvider='range-1.0', owningConstraint=6 ), indexFile=D:\bigmaths (2)\neo4j\data\databases\system\schema\index\range-1.0\4\index-4
2026-09-12 12:20:50.334+0000 INFO  [o.n.k.i.i.s.RangeIndexProvider] [system/00000000] Schema index cleanup job started: descriptor=Index( id=4, name='constraint_8014b60a', type='RANGE', schema=(:Label[2] {PropertyKey[11]}), indexProvider='range-1.0', owningConstraint=6 ), indexFile=D:\bigmaths (2)\neo4j\data\databases\system\schema\index\range-1.0\4\index-4
2026-09-12 12:20:50.334+0000 INFO  [o.n.k.i.i.s.RangeIndexProvider] [system/00000000] Schema index cleanup job finished: descriptor=Index( id=4, name='constraint_8014b60a', type='RANGE', schema=(:Label[2] {PropertyKey[11]}), indexProvider='range-1.0', owningConstraint=6 ), indexFile=D:\bigmaths (2)\neo4j\data\databases\system\schema\index\range-1.0\4\index-4 Number of pages visited: 3, Number of tree nodes: 2, Number of cleaned crashed pointers: 0, Time spent: 0ms
2026-09-12 12:20:50.334+0000 INFO  [o.n.k.i.i.s.RangeIndexProvider] [system/00000000] Schema index cleanup job closed: descriptor=Index( id=4, name='constraint_8014b60a', type='RANGE', schema=(:Label[2] {PropertyKey[11]}), indexProvider='range-1.0', owningConstraint=6 ), indexFile=D:\bigmaths (2)\neo4j\data\databases\system\schema\index\range-1.0\4\index-4
2026-09-12 12:20:50.334+0000 INFO  [o.n.k.i.i.s.RangeIndexProvider] [system/00000000] Schema index cleanup job registered: descriptor=Index( id=7, name='constraint_5789ae3', type='RANGE', schema=(:Label[3] {PropertyKey[11]}), indexProvider='range-1.0', owningConstraint=12 ), indexFile=D:\bigmaths (2)\neo4j\data\databases\system\schema\index\range-1.0\7\index-7
2026-09-12 12:20:50.349+0000 INFO  [o.n.k.i.i.s.RangeIndexProvider] [system/00000000] Schema index cleanup job started: descriptor=Index( id=7, name='constraint_5789ae3', type='RANGE', schema=(:Label[3] {PropertyKey[11]}), indexProvider='range-1.0', owningConstraint=12 ), indexFile=D:\bigmaths (2)\neo4j\data\databases\system\schema\index\range-1.0\7\index-7
2026-09-12 12:20:50.349+0000 INFO  [o.n.k.i.i.s.RangeIndexProvider] [system/00000000] Schema index cleanup job finished: descriptor=Index( id=7, name='constraint_5789ae3', type='RANGE', schema=(:Label[3] {PropertyKey[11]}), indexProvider='range-1.0', owningConstraint=12 ), indexFile=D:\bigmaths (2)\neo4j\data\databases\system\schema\index\range-1.0\7\index-7 Number of pages visited: 3, Number of tree nodes: 2, Number of cleaned crashed pointers: 0, Time spent: 0ms
2026-09-12 12:20:50.349+0000 INFO  [o.n.k.i.i.s.RangeIndexProvider] [system/00000000] Schema index cleanup job closed: descriptor=Index( id=7, name='constraint_5789ae3', type='RANGE', schema=(:Label[3] {PropertyKey[11]}), indexProvider='range-1.0', owningConstraint=12 ), indexFile=D:\bigmaths (2)\neo4j\data\databases\system\schema\index\range-1.0\7\index-7
2026-09-12 12:20:50.365+0000 INFO  [o.n.k.i.i.s.RangeIndexProvider] [system/00000000] Schema index cleanup job registered: descriptor=Index( id=8, name='constraint_74fad970', type='RANGE', schema=(:Label[3] {PropertyKey[27]}), indexProvider='range-1.0', owningConstraint=10 ), indexFile=D:\bigmaths (2)\neo4j\data\databases\system\schema\index\range-1.0\8\index-8
2026-09-12 12:20:50.365+0000 INFO  [o.n.k.i.i.s.RangeIndexProvider] [system/00000000] Schema index cleanup job started: descriptor=Index( id=8, name='constraint_74fad970', type='RANGE', schema=(:Label[3] {PropertyKey[27]}), indexProvider='range-1.0', owningConstraint=10 ), indexFile=D:\bigmaths (2)\neo4j\data\databases\system\schema\index\range-1.0\8\index-8
2026-09-12 12:20:50.365+0000 INFO  [o.n.k.i.i.s.RangeIndexProvider] [system/00000000] Schema index cleanup job finished: descriptor=Index( id=8, name='constraint_74fad970', type='RANGE', schema=(:Label[3] {PropertyKey[27]}), indexProvider='range-1.0', owningConstraint=10 ), indexFile=D:\bigmaths (2)\neo4j\data\databases\system\schema\index\range-1.0\8\index-8 Number of pages visited: 3, Number of tree nodes: 2, Number of cleaned crashed pointers: 0, Time spent: 0ms
2026-09-12 12:20:50.365+0000 INFO  [o.n.k.i.i.s.RangeIndexProvider] [system/00000000] Schema index cleanup job closed: descriptor=Index( id=8, name='constraint_74fad970', type='RANGE', schema=(:Label[3] {PropertyKey[27]}), indexProvider='range-1.0', owningConstraint=10 ), indexFile=D:\bigmaths (2)\neo4j\data\databases\system\schema\index\range-1.0\8\index-8
2026-09-12 12:20:50.365+0000 INFO  [o.n.k.i.i.s.RangeIndexProvider] [system/00000000] Schema index cleanup job registered: descriptor=Index( id=9, name='auth-constraint', type='RANGE', schema=(:Label[4] {PropertyKey[28], PropertyKey[27]}), indexProvider='range-1.0', owningConstraint=11 ), indexFile=D:\bigmaths (2)\neo4j\data\databases\system\schema\index\range-1.0\9\index-9
2026-09-12 12:20:50.365+0000 INFO  [o.n.k.i.i.s.RangeIndexProvider] [system/00000000] Schema index cleanup job started: descriptor=Index( id=9, name='auth-constraint', type='RANGE', schema=(:Label[4] {PropertyKey[28], PropertyKey[27]}), indexProvider='range-1.0', owningConstraint=11 ), indexFile=D:\bigmaths (2)\neo4j\data\databases\system\schema\index\range-1.0\9\index-9
2026-09-12 12:20:50.365+0000 INFO  [o.n.k.i.i.s.RangeIndexProvider] [system/00000000] Schema index cleanup job finished: descriptor=Index( id=9, name='auth-constraint', type='RANGE', schema=(:Label[4] {PropertyKey[28], PropertyKey[27]}), indexProvider='range-1.0', owningConstraint=11 ), indexFile=D:\bigmaths (2)\neo4j\data\databases\system\schema\index\range-1.0\9\index-9 Number of pages visited: 3, Number of tree nodes: 2, Number of cleaned crashed pointers: 0, Time spent: 0ms
2026-09-12 12:20:50.365+0000 INFO  [o.n.k.i.i.s.RangeIndexProvider] [system/00000000] Schema index cleanup job closed: descriptor=Index( id=9, name='auth-constraint', type='RANGE', schema=(:Label[4] {PropertyKey[28], PropertyKey[27]}), indexProvider='range-1.0', owningConstraint=11 ), indexFile=D:\bigmaths (2)\neo4j\data\databases\system\schema\index\range-1.0\9\index-9
2026-09-12 12:20:50.365+0000 INFO  [o.n.k.i.a.i.IndexingService] [system/00000000] IndexingService.init: indexes not specifically mentioned above are ONLINE. Total 7 indexes. Processed in 115ms
2026-09-12 12:20:50.377+0000 INFO  [o.n.k.a.DatabaseAvailabilityGuard] [system/00000000] Requirement `Database unavailable` makes database system unavailable.
2026-09-12 12:20:50.377+0000 INFO  [o.n.k.a.DatabaseAvailabilityGuard] [system/00000000] DatabaseId{00000000[system]} is unavailable.
2026-09-12 12:20:50.381+0000 INFO  [o.n.k.d.Database] [system/00000000] Starting transaction log [D:\bigmaths (2)\neo4j\data\transactions\system\neostore.transaction.db.0] at version=0
2026-09-12 12:20:50.381+0000 INFO  [o.n.k.d.Database] [system/00000000] Starting transaction log [D:\bigmaths (2)\neo4j\data\transactions\system\checkpoint.0] at version=0
2026-09-12 12:20:50.381+0000 INFO  [o.n.k.i.t.l.f.c.CheckpointLogFile] [system/00000000] Scanning log file with version 0 for checkpoint entries
2026-09-12 12:20:50.381+0000 INFO  [o.n.k.i.a.i.IndexingService] [system/00000000] IndexingService.start: indexes not specifically mentioned above are ONLINE. Total 7 indexes. Processed in 0ms
2026-09-12 12:20:50.400+0000 INFO  [o.n.k.a.DatabaseAvailabilityGuard] [system/00000000] Fulfilling of requirement 'Database unavailable' makes database system available.
2026-09-12 12:20:50.400+0000 INFO  [o.n.k.a.DatabaseAvailabilityGuard] [system/00000000] DatabaseId{00000000[system]} is ready.
2026-09-12 12:20:50.491+0000 INFO  [o.n.s.s.s.UserSecurityGraphComponent] Performing postInitialization step for component 'security-users' with version 5 and status CURRENT
2026-09-12 12:20:50.491+0000 INFO  [o.n.s.s.s.UserSecurityGraphComponent] Updating the initial password in component 'security-users'
2026-09-12 12:20:50.516+0000 INFO  [o.n.d.d.DatabaseLifecycles] Creating 'DatabaseId{3681fcc7[neo4j]}'.
2026-09-12 12:20:50.518+0000 INFO  [o.n.d.d.DatabaseLifecycles] Starting 'DatabaseId{3681fcc7[neo4j]}'.
2026-09-12 12:20:50.549+0000 INFO  [o.n.k.i.t.l.f.c.CheckpointLogFile] [neo4j/3681fcc7] Scanning log file with version 0 for checkpoint entries
2026-09-12 12:20:50.558+0000 INFO  [o.n.k.i.s.f.RecordFormatSelector] [neo4j/3681fcc7] Selected RecordFormat:PageAlignedV5_0[aligned-1.1] record format from store D:\bigmaths (2)\neo4j\data\databases\neo4j
2026-09-12 12:20:50.558+0000 INFO  [o.n.k.i.s.f.RecordFormatSelector] [neo4j/3681fcc7] Selected format from the store files: RecordFormat:PageAlignedV5_0[aligned-1.1]
2026-09-12 12:20:50.815+0000 INFO  [o.n.i.d.DiagnosticsManager] [neo4j/3681fcc7] 
                                                                [neo4j/3681fcc7] ********************************************************************************
                                                                [neo4j/3681fcc7]                               [ Database: neo4j ]                               
                                                                [neo4j/3681fcc7] ********************************************************************************
                                                                [neo4j/3681fcc7] --------------------------------------------------------------------------------
                                                                [neo4j/3681fcc7]                                   [ Version ]                                   
                                                                [neo4j/3681fcc7] --------------------------------------------------------------------------------
                                                                [neo4j/3681fcc7] DBMS: community record-aligned-1.1
                                                                [neo4j/3681fcc7] Kernel version: 5.26.30
                                                                [neo4j/3681fcc7] 
                                                                [neo4j/3681fcc7] --------------------------------------------------------------------------------
                                                                [neo4j/3681fcc7]                                 [ Store files ]                                 
                                                                [neo4j/3681fcc7] --------------------------------------------------------------------------------
                                                                [neo4j/3681fcc7] Disk space on partition (Total / Free / Free %): 807072165888 / 598909964288 / 74
                                                                [neo4j/3681fcc7] Storage files stored on file store: NTFS
                                                                [neo4j/3681fcc7] Storage files: (filename : modification date - size)
                                                                [neo4j/3681fcc7]   database_lock: 2026-09-01 15:36:42.000+0000 - 0B
                                                                [neo4j/3681fcc7]   id-buffer.tmp.0: 2026-09-11 15:25:14.000+0000 - 0B
                                                                [neo4j/3681fcc7]   neostore: 2026-09-01 15:36:42.000+0000 - 8.000KiB
                                                                [neo4j/3681fcc7]   neostore.counts.db: 2026-09-12 12:20:50.783+0000 - 48.00KiB
                                                                [neo4j/3681fcc7]   neostore.indexstats.db: 2026-09-12 12:20:50.801+0000 - 48.00KiB
                                                                [neo4j/3681fcc7]   neostore.labeltokenstore.db: 2026-09-01 16:27:04.000+0000 - 8.000KiB
                                                                [neo4j/3681fcc7]   neostore.labeltokenstore.db.id: 2026-09-12 12:20:50.753+0000 - 40.00KiB
                                                                [neo4j/3681fcc7]   neostore.labeltokenstore.db.names: 2026-09-01 16:27:04.000+0000 - 8.000KiB
                                                                [neo4j/3681fcc7]   neostore.labeltokenstore.db.names.id: 2026-09-12 12:20:50.741+0000 - 40.00KiB
                                                                [neo4j/3681fcc7]   neostore.nodestore.db: 2026-09-11 15:40:24.000+0000 - 432.0KiB
                                                                [neo4j/3681fcc7]   neostore.nodestore.db.id: 2026-09-12 12:20:50.606+0000 - 72.00KiB
                                                                [neo4j/3681fcc7]   neostore.nodestore.db.labels: 2026-09-01 15:36:42.000+0000 - 8.000KiB
                                                                [neo4j/3681fcc7]   neostore.nodestore.db.labels.id: 2026-09-12 12:20:50.573+0000 - 40.00KiB
                                                                [neo4j/3681fcc7]   neostore.propertystore.db: 2026-09-11 15:40:24.000+0000 - 10.54MiB
                                                                [neo4j/3681fcc7]   neostore.propertystore.db.arrays: 2026-09-01 16:42:06.000+0000 - 320.0KiB
                                                                [neo4j/3681fcc7]   neostore.propertystore.db.arrays.id: 2026-09-12 12:20:50.653+0000 - 48.00KiB
                                                                [neo4j/3681fcc7]   neostore.propertystore.db.id: 2026-09-12 12:20:50.677+0000 - 216.0KiB
                                                                [neo4j/3681fcc7]   neostore.propertystore.db.index: 2026-09-11 15:40:24.000+0000 - 8.000KiB
                                                                [neo4j/3681fcc7]   neostore.propertystore.db.index.id: 2026-09-12 12:20:50.637+0000 - 40.00KiB
                                                                [neo4j/3681fcc7]   neostore.propertystore.db.index.keys: 2026-09-11 15:40:24.000+0000 - 8.000KiB
                                                                [neo4j/3681fcc7]   neostore.propertystore.db.index.keys.id: 2026-09-12 12:20:50.622+0000 - 40.00KiB
                                                                [neo4j/3681fcc7]   neostore.propertystore.db.strings: 2026-09-01 16:42:06.000+0000 - 32.00KiB
                                                                [neo4j/3681fcc7]   neostore.propertystore.db.strings.id: 2026-09-12 12:20:50.653+0000 - 48.00KiB
                                                                [neo4j/3681fcc7]   neostore.relationshipgroupstore.db: 2026-09-01 16:42:06.000+0000 - 8.000KiB
                                                                [neo4j/3681fcc7]   neostore.relationshipgroupstore.db.id: 2026-09-12 12:20:50.783+0000 - 48.00KiB
                                                                [neo4j/3681fcc7]   neostore.relationshipgroupstore.degrees.db: 2026-09-12 12:20:50.801+0000 - 48.00KiB
                                                                [neo4j/3681fcc7]   neostore.relationshipstore.db: 2026-09-01 16:42:06.000+0000 - 4.422MiB
                                                                [neo4j/3681fcc7]   neostore.relationshipstore.db.id: 2026-09-12 12:20:50.701+0000 - 176.0KiB
                                                                [neo4j/3681fcc7]   neostore.relationshiptypestore.db: 2026-09-01 16:27:04.000+0000 - 8.000KiB
                                                                [neo4j/3681fcc7]   neostore.relationshiptypestore.db.id: 2026-09-12 12:20:50.720+0000 - 40.00KiB
                                                                [neo4j/3681fcc7]   neostore.relationshiptypestore.db.names: 2026-09-01 16:27:04.000+0000 - 8.000KiB
                                                                [neo4j/3681fcc7]   neostore.relationshiptypestore.db.names.id: 2026-09-12 12:20:50.704+0000 - 40.00KiB
                                                                [neo4j/3681fcc7]   neostore.schemastore.db: 2026-09-11 15:40:24.000+0000 - 8.000KiB
                                                                [neo4j/3681fcc7]   neostore.schemastore.db.id: 2026-09-12 12:20:50.768+0000 - 40.00KiB
                                                                [neo4j/3681fcc7]   schema:
                                                                [neo4j/3681fcc7]     index:
                                                                [neo4j/3681fcc7]       range-1.0:
                                                                [neo4j/3681fcc7]         10:
                                                                [neo4j/3681fcc7]           index-10: 2026-09-11 15:40:24.000+0000 - 64.00KiB
                                                                [neo4j/3681fcc7]         - Total: 2026-09-12 11:44:42.034+0000 - 64.00KiB
                                                                [neo4j/3681fcc7]         11:
                                                                [neo4j/3681fcc7]           index-11: 2026-09-11 15:40:24.000+0000 - 760.0KiB
                                                                [neo4j/3681fcc7]         - Total: 2026-09-12 11:44:42.057+0000 - 760.0KiB
                                                                [neo4j/3681fcc7]         3:
                                                                [neo4j/3681fcc7]           index-3: 2026-09-11 15:40:24.000+0000 - 2.320MiB
                                                                [neo4j/3681fcc7]         - Total: 2026-09-12 11:44:42.085+0000 - 2.320MiB
                                                                [neo4j/3681fcc7]         5:
                                                                [neo4j/3681fcc7]           index-5: 2026-09-11 15:40:24.000+0000 - 312.0KiB
                                                                [neo4j/3681fcc7]         - Total: 2026-09-12 11:44:42.117+0000 - 312.0KiB
                                                                [neo4j/3681fcc7]         7:
                                                                [neo4j/3681fcc7]           index-7: 2026-09-11 15:40:24.000+0000 - 2.945MiB
                                                                [neo4j/3681fcc7]         - Total: 2026-09-12 11:44:42.147+0000 - 2.945MiB
                                                                [neo4j/3681fcc7]         8:
                                                                [neo4j/3681fcc7]           index-8: 2026-09-11 15:40:24.000+0000 - 1.148MiB
                                                                [neo4j/3681fcc7]         - Total: 2026-09-12 11:44:42.196+0000 - 1.148MiB
                                                                [neo4j/3681fcc7]         9:
                                                                [neo4j/3681fcc7]           index-9: 2026-09-11 15:40:24.000+0000 - 728.0KiB
                                                                [neo4j/3681fcc7]         - Total: 2026-09-12 11:44:42.212+0000 - 728.0KiB
                                                                [neo4j/3681fcc7]       - Total: 2026-09-12 11:44:42.212+0000 - 8.234MiB
                                                                [neo4j/3681fcc7]       token-lookup-1.0:
                                                                [neo4j/3681fcc7]         1:
                                                                [neo4j/3681fcc7]           index-1: 2026-09-11 15:40:24.000+0000 - 48.00KiB
                                                                [neo4j/3681fcc7]         - Total: 2026-09-12 11:44:42.260+0000 - 48.00KiB
                                                                [neo4j/3681fcc7]         2:
                                                                [neo4j/3681fcc7]           index-2: 2026-09-11 15:40:24.000+0000 - 264.0KiB
                                                                [neo4j/3681fcc7]         - Total: 2026-09-12 11:44:42.276+0000 - 264.0KiB
                                                                [neo4j/3681fcc7]       - Total: 2026-09-12 11:44:42.260+0000 - 312.0KiB
                                                                [neo4j/3681fcc7]     - Total: 2026-09-12 11:44:42.228+0000 - 8.539MiB
                                                                [neo4j/3681fcc7]   - Total: 2026-09-12 11:44:42.003+0000 - 8.539MiB
                                                                [neo4j/3681fcc7] Storage summary: 
                                                                [neo4j/3681fcc7]   Total size of store: 25.39MiB
                                                                [neo4j/3681fcc7]   Total size of mapped files: 24.34MiB
                                                                [neo4j/3681fcc7] 
                                                                [neo4j/3681fcc7] --------------------------------------------------------------------------------
                                                                [neo4j/3681fcc7]                               [ Transaction log ]                               
                                                                [neo4j/3681fcc7] --------------------------------------------------------------------------------
                                                                [neo4j/3681fcc7] Transaction log files stored on file store: NTFS
                                                                [neo4j/3681fcc7] Transaction log metadata:
                                                                [neo4j/3681fcc7]  - current kernel version used in transactions: V5_25
                                                                [neo4j/3681fcc7]  - last committed transaction id: 127
                                                                [neo4j/3681fcc7] Transaction log files:
                                                                [neo4j/3681fcc7]  - existing transaction log versions: 0-0
                                                                [neo4j/3681fcc7]  - oldest append index 2 found in log with version 0
                                                                [neo4j/3681fcc7]  - files: (filename : creation date - size)
                                                                [neo4j/3681fcc7]      neostore.transaction.db.0: 2026-09-11 15:32:10.000+0000 - 142.6MiB
                                                                [neo4j/3681fcc7]  - total size of files: 142.6MiB
                                                                [neo4j/3681fcc7] Checkpoint log files:
                                                                [neo4j/3681fcc7]  - existing checkpoint log versions: 0-0
                                                                [neo4j/3681fcc7]  - last checkpoint: CheckpointInfo[oldestNotVisibleTransactionLogPosition=LogPosition{logVersion=0, byteOffset=149555717}, transactionLogPosition=LogPosition{logVersion=0, byteOffset=149555717}, storeId=StoreId{creationTime=1788277000722, random=464425553357387614, storageEngineName='record', formatName='aligned', majorVersion=1, minorVersion=1}, checkpointEntryPosition=LogPosition{logVersion=0, byteOffset=1520}, channelPositionAfterCheckpoint=LogPosition{logVersion=0, byteOffset=1752}, checkpointFilePostReadPosition=LogPosition{logVersion=0, byteOffset=1752}, kernelVersion=KernelVersion{V5_25,version=20}, kernelVersionByte=20, transactionId=TransactionId[id=127, appendIndex=127, kernelVersion=KernelVersion{V5_25,version=20}, checksum=885770379, commitTimestamp=1789140729015, consensusIndex=-1], appendIndex=127, reason=Checkpoint triggered by "Scheduled checkpoint for every 15 minutes threshol, consensusIndexInCheckpoint=true]
                                                                [neo4j/3681fcc7] 
                                                                [neo4j/3681fcc7] --------------------------------------------------------------------------------
                                                                [neo4j/3681fcc7]                                   [ Id usage ]                                  
                                                                [neo4j/3681fcc7] --------------------------------------------------------------------------------
                                                                [neo4j/3681fcc7] ArrayPropertyStore[neostore.nodestore.db.labels]: used=1 high=0
                                                                [neo4j/3681fcc7] NodeStore[neostore.nodestore.db]: used=29094 high=29093
                                                                [neo4j/3681fcc7] StringPropertyStore[neostore.propertystore.db.index.keys]: used=52 high=51
                                                                [neo4j/3681fcc7] PropertyIndexStore[neostore.propertystore.db.index]: used=38 high=37
                                                                [neo4j/3681fcc7] StringPropertyStore[neostore.propertystore.db.strings]: used=247 high=246
                                                                [neo4j/3681fcc7] ArrayPropertyStore[neostore.propertystore.db.arrays]: used=2501 high=2500
                                                                [neo4j/3681fcc7] PropertyStore[neostore.propertystore.db]: used=268346 high=268345
                                                                [neo4j/3681fcc7] RelationshipStore[neostore.relationshipstore.db]: used=135822 high=135821
                                                                [neo4j/3681fcc7] StringPropertyStore[neostore.relationshiptypestore.db.names]: used=3 high=2
                                                                [neo4j/3681fcc7] RelationshipTypeStore[neostore.relationshiptypestore.db]: used=2 high=1
                                                                [neo4j/3681fcc7] StringPropertyStore[neostore.labeltokenstore.db.names]: used=3 high=2
                                                                [neo4j/3681fcc7] LabelTokenStore[neostore.labeltokenstore.db]: used=2 high=1
                                                                [neo4j/3681fcc7] SchemaStore[neostore.schemastore.db]: used=12 high=11
                                                                [neo4j/3681fcc7] RelationshipGroupStore[neostore.relationshipgroupstore.db]: used=65 high=64
                                                                [neo4j/3681fcc7] NeoStore[neostore]: used=-1 high=-1
                                                                [neo4j/3681fcc7] 
                                                                [neo4j/3681fcc7] --------------------------------------------------------------------------------
                                                                [neo4j/3681fcc7]                                   [ Metadata ]                                  
                                                                [neo4j/3681fcc7] --------------------------------------------------------------------------------
                                                                [neo4j/3681fcc7] EXTERNAL_STORE_UUID (Database identifier exposed as external store identity. Generated on creation and never updated): ca389aac-c311-437a-aa33-d425b26ae14a
                                                                [neo4j/3681fcc7] DATABASE_ID (The last used DatabaseId for this database): null
                                                                [neo4j/3681fcc7] LEGACY_STORE_VERSION (Legacy store format version. This field is used from 5.0 onwards only to distinguish non-migrated pre 5.0 metadata stores.): -3523014627327384477
                                                                [neo4j/3681fcc7] STORE_ID (Store ID): StoreId{creationTime=1788277000722, random=464425553357387614, storageEngineName='record', formatName='aligned', majorVersion=1, minorVersion=1}
                                                                [neo4j/3681fcc7] 
2026-09-12 12:20:50.841+0000 INFO  [o.n.k.i.i.s.TokenIndexProvider] [neo4j/3681fcc7] Schema index cleanup job registered: descriptor=Index( id=1, name='index_343aff4e', type='LOOKUP', schema=(:<any-labels>), indexProvider='token-lookup-1.0' ), indexFile=D:\bigmaths (2)\neo4j\data\databases\neo4j\schema\index\token-lookup-1.0\1\index-1
2026-09-12 12:20:50.841+0000 INFO  [o.n.k.i.i.s.TokenIndexProvider] [neo4j/3681fcc7] Schema index cleanup job started: descriptor=Index( id=1, name='index_343aff4e', type='LOOKUP', schema=(:<any-labels>), indexProvider='token-lookup-1.0' ), indexFile=D:\bigmaths (2)\neo4j\data\databases\neo4j\schema\index\token-lookup-1.0\1\index-1
2026-09-12 12:20:50.841+0000 INFO  [o.n.k.i.i.s.TokenIndexProvider] [neo4j/3681fcc7] Schema index cleanup job finished: descriptor=Index( id=1, name='index_343aff4e', type='LOOKUP', schema=(:<any-labels>), indexProvider='token-lookup-1.0' ), indexFile=D:\bigmaths (2)\neo4j\data\databases\neo4j\schema\index\token-lookup-1.0\1\index-1 Number of pages visited: 3, Number of tree nodes: 2, Number of cleaned crashed pointers: 0, Time spent: 0ms
2026-09-12 12:20:50.841+0000 INFO  [o.n.k.i.i.s.TokenIndexProvider] [neo4j/3681fcc7] Schema index cleanup job closed: descriptor=Index( id=1, name='index_343aff4e', type='LOOKUP', schema=(:<any-labels>), indexProvider='token-lookup-1.0' ), indexFile=D:\bigmaths (2)\neo4j\data\databases\neo4j\schema\index\token-lookup-1.0\1\index-1
2026-09-12 12:20:50.847+0000 INFO  [o.n.k.i.i.s.TokenIndexProvider] [neo4j/3681fcc7] Schema index cleanup job registered: descriptor=Index( id=2, name='index_f7700477', type='LOOKUP', schema=()-[:<any-types>]-(), indexProvider='token-lookup-1.0' ), indexFile=D:\bigmaths (2)\neo4j\data\databases\neo4j\schema\index\token-lookup-1.0\2\index-2
2026-09-12 12:20:50.847+0000 INFO  [o.n.k.i.i.s.TokenIndexProvider] [neo4j/3681fcc7] Schema index cleanup job started: descriptor=Index( id=2, name='index_f7700477', type='LOOKUP', schema=()-[:<any-types>]-(), indexProvider='token-lookup-1.0' ), indexFile=D:\bigmaths (2)\neo4j\data\databases\neo4j\schema\index\token-lookup-1.0\2\index-2
2026-09-12 12:20:50.854+0000 INFO  [o.n.k.i.i.s.TokenIndexProvider] [neo4j/3681fcc7] Schema index cleanup job finished: descriptor=Index( id=2, name='index_f7700477', type='LOOKUP', schema=()-[:<any-types>]-(), indexProvider='token-lookup-1.0' ), indexFile=D:\bigmaths (2)\neo4j\data\databases\neo4j\schema\index\token-lookup-1.0\2\index-2 Number of pages visited: 30, Number of tree nodes: 29, Number of cleaned crashed pointers: 0, Time spent: 1ms
2026-09-12 12:20:50.854+0000 INFO  [o.n.k.i.i.s.TokenIndexProvider] [neo4j/3681fcc7] Schema index cleanup job closed: descriptor=Index( id=2, name='index_f7700477', type='LOOKUP', schema=()-[:<any-types>]-(), indexProvider='token-lookup-1.0' ), indexFile=D:\bigmaths (2)\neo4j\data\databases\neo4j\schema\index\token-lookup-1.0\2\index-2
2026-09-12 12:20:50.854+0000 INFO  [o.n.k.i.i.s.RangeIndexProvider] [neo4j/3681fcc7] Schema index cleanup job registered: descriptor=Index( id=3, name='actor_id', type='RANGE', schema=(:Label[0] {PropertyKey[10]}), indexProvider='range-1.0', owningConstraint=4 ), indexFile=D:\bigmaths (2)\neo4j\data\databases\neo4j\schema\index\range-1.0\3\index-3
2026-09-12 12:20:50.854+0000 INFO  [o.n.k.i.i.s.RangeIndexProvider] [neo4j/3681fcc7] Schema index cleanup job started: descriptor=Index( id=3, name='actor_id', type='RANGE', schema=(:Label[0] {PropertyKey[10]}), indexProvider='range-1.0', owningConstraint=4 ), indexFile=D:\bigmaths (2)\neo4j\data\databases\neo4j\schema\index\range-1.0\3\index-3
2026-09-12 12:20:50.863+0000 INFO  [o.n.k.i.i.s.RangeIndexProvider] [neo4j/3681fcc7] Schema index cleanup job registered: descriptor=Index( id=5, name='movie_id', type='RANGE', schema=(:Label[1] {PropertyKey[10]}), indexProvider='range-1.0', owningConstraint=6 ), indexFile=D:\bigmaths (2)\neo4j\data\databases\neo4j\schema\index\range-1.0\5\index-5
2026-09-12 12:20:50.881+0000 INFO  [o.n.k.i.i.s.RangeIndexProvider] [neo4j/3681fcc7] Schema index cleanup job finished: descriptor=Index( id=3, name='actor_id', type='RANGE', schema=(:Label[0] {PropertyKey[10]}), indexProvider='range-1.0', owningConstraint=4 ), indexFile=D:\bigmaths (2)\neo4j\data\databases\neo4j\schema\index\range-1.0\3\index-3 Number of pages visited: 294, Number of tree nodes: 293, Number of cleaned crashed pointers: 0, Time spent: 18ms
2026-09-12 12:20:50.881+0000 INFO  [o.n.k.i.i.s.RangeIndexProvider] [neo4j/3681fcc7] Schema index cleanup job closed: descriptor=Index( id=3, name='actor_id', type='RANGE', schema=(:Label[0] {PropertyKey[10]}), indexProvider='range-1.0', owningConstraint=4 ), indexFile=D:\bigmaths (2)\neo4j\data\databases\neo4j\schema\index\range-1.0\3\index-3
2026-09-12 12:20:50.881+0000 INFO  [o.n.k.i.i.s.RangeIndexProvider] [neo4j/3681fcc7] Schema index cleanup job registered: descriptor=Index( id=7, name='actor_name', type='RANGE', schema=(:Label[0] {PropertyKey[15]}), indexProvider='range-1.0' ), indexFile=D:\bigmaths (2)\neo4j\data\databases\neo4j\schema\index\range-1.0\7\index-7
2026-09-12 12:20:50.881+0000 INFO  [o.n.k.i.i.s.RangeIndexProvider] [neo4j/3681fcc7] Schema index cleanup job started: descriptor=Index( id=5, name='movie_id', type='RANGE', schema=(:Label[1] {PropertyKey[10]}), indexProvider='range-1.0', owningConstraint=6 ), indexFile=D:\bigmaths (2)\neo4j\data\databases\neo4j\schema\index\range-1.0\5\index-5
2026-09-12 12:20:50.882+0000 INFO  [o.n.k.i.i.s.RangeIndexProvider] [neo4j/3681fcc7] Schema index cleanup job finished: descriptor=Index( id=5, name='movie_id', type='RANGE', schema=(:Label[1] {PropertyKey[10]}), indexProvider='range-1.0', owningConstraint=6 ), indexFile=D:\bigmaths (2)\neo4j\data\databases\neo4j\schema\index\range-1.0\5\index-5 Number of pages visited: 36, Number of tree nodes: 35, Number of cleaned crashed pointers: 0, Time spent: 1ms
2026-09-12 12:20:50.882+0000 INFO  [o.n.k.i.i.s.RangeIndexProvider] [neo4j/3681fcc7] Schema index cleanup job closed: descriptor=Index( id=5, name='movie_id', type='RANGE', schema=(:Label[1] {PropertyKey[10]}), indexProvider='range-1.0', owningConstraint=6 ), indexFile=D:\bigmaths (2)\neo4j\data\databases\neo4j\schema\index\range-1.0\5\index-5
2026-09-12 12:20:50.882+0000 INFO  [o.n.k.i.i.s.RangeIndexProvider] [neo4j/3681fcc7] Schema index cleanup job started: descriptor=Index( id=7, name='actor_name', type='RANGE', schema=(:Label[0] {PropertyKey[15]}), indexProvider='range-1.0' ), indexFile=D:\bigmaths (2)\neo4j\data\databases\neo4j\schema\index\range-1.0\7\index-7
2026-09-12 12:20:50.884+0000 INFO  [o.n.k.i.i.s.RangeIndexProvider] [neo4j/3681fcc7] Schema index cleanup job registered: descriptor=Index( id=8, name='actor_community', type='RANGE', schema=(:Label[0] {PropertyKey[16]}), indexProvider='range-1.0' ), indexFile=D:\bigmaths (2)\neo4j\data\databases\neo4j\schema\index\range-1.0\8\index-8
2026-09-12 12:20:50.895+0000 INFO  [o.n.k.i.i.s.RangeIndexProvider] [neo4j/3681fcc7] Schema index cleanup job finished: descriptor=Index( id=7, name='actor_name', type='RANGE', schema=(:Label[0] {PropertyKey[15]}), indexProvider='range-1.0' ), indexFile=D:\bigmaths (2)\neo4j\data\databases\neo4j\schema\index\range-1.0\7\index-7 Number of pages visited: 374, Number of tree nodes: 373, Number of cleaned crashed pointers: 0, Time spent: 12ms
2026-09-12 12:20:50.895+0000 INFO  [o.n.k.i.i.s.RangeIndexProvider] [neo4j/3681fcc7] Schema index cleanup job closed: descriptor=Index( id=7, name='actor_name', type='RANGE', schema=(:Label[0] {PropertyKey[15]}), indexProvider='range-1.0' ), indexFile=D:\bigmaths (2)\neo4j\data\databases\neo4j\schema\index\range-1.0\7\index-7
2026-09-12 12:20:50.895+0000 INFO  [o.n.k.i.i.s.RangeIndexProvider] [neo4j/3681fcc7] Schema index cleanup job started: descriptor=Index( id=8, name='actor_community', type='RANGE', schema=(:Label[0] {PropertyKey[16]}), indexProvider='range-1.0' ), indexFile=D:\bigmaths (2)\neo4j\data\databases\neo4j\schema\index\range-1.0\8\index-8
2026-09-12 12:20:50.897+0000 INFO  [o.n.k.i.i.s.RangeIndexProvider] [neo4j/3681fcc7] Schema index cleanup job registered: descriptor=Index( id=9, name='actor_kshell', type='RANGE', schema=(:Label[0] {PropertyKey[30]}), indexProvider='range-1.0' ), indexFile=D:\bigmaths (2)\neo4j\data\databases\neo4j\schema\index\range-1.0\9\index-9
2026-09-12 12:20:50.902+0000 INFO  [o.n.k.i.i.s.RangeIndexProvider] [neo4j/3681fcc7] Schema index cleanup job finished: descriptor=Index( id=8, name='actor_community', type='RANGE', schema=(:Label[0] {PropertyKey[16]}), indexProvider='range-1.0' ), indexFile=D:\bigmaths (2)\neo4j\data\databases\neo4j\schema\index\range-1.0\8\index-8 Number of pages visited: 144, Number of tree nodes: 143, Number of cleaned crashed pointers: 0, Time spent: 8ms
2026-09-12 12:20:50.902+0000 INFO  [o.n.k.i.i.s.RangeIndexProvider] [neo4j/3681fcc7] Schema index cleanup job closed: descriptor=Index( id=8, name='actor_community', type='RANGE', schema=(:Label[0] {PropertyKey[16]}), indexProvider='range-1.0' ), indexFile=D:\bigmaths (2)\neo4j\data\databases\neo4j\schema\index\range-1.0\8\index-8
2026-09-12 12:20:50.902+0000 INFO  [o.n.k.i.i.s.RangeIndexProvider] [neo4j/3681fcc7] Schema index cleanup job started: descriptor=Index( id=9, name='actor_kshell', type='RANGE', schema=(:Label[0] {PropertyKey[30]}), indexProvider='range-1.0' ), indexFile=D:\bigmaths (2)\neo4j\data\databases\neo4j\schema\index\range-1.0\9\index-9
2026-09-12 12:20:50.909+0000 INFO  [o.n.k.i.i.s.RangeIndexProvider] [neo4j/3681fcc7] Schema index cleanup job finished: descriptor=Index( id=9, name='actor_kshell', type='RANGE', schema=(:Label[0] {PropertyKey[30]}), indexProvider='range-1.0' ), indexFile=D:\bigmaths (2)\neo4j\data\databases\neo4j\schema\index\range-1.0\9\index-9 Number of pages visited: 88, Number of tree nodes: 87, Number of cleaned crashed pointers: 0, Time spent: 4ms
2026-09-12 12:20:50.909+0000 INFO  [o.n.k.i.i.s.RangeIndexProvider] [neo4j/3681fcc7] Schema index cleanup job closed: descriptor=Index( id=9, name='actor_kshell', type='RANGE', schema=(:Label[0] {PropertyKey[30]}), indexProvider='range-1.0' ), indexFile=D:\bigmaths (2)\neo4j\data\databases\neo4j\schema\index\range-1.0\9\index-9
2026-09-12 12:20:50.909+0000 INFO  [o.n.k.i.i.s.RangeIndexProvider] [neo4j/3681fcc7] Schema index cleanup job registered: descriptor=Index( id=10, name='actor_betweenness', type='RANGE', schema=(:Label[0] {PropertyKey[31]}), indexProvider='range-1.0' ), indexFile=D:\bigmaths (2)\neo4j\data\databases\neo4j\schema\index\range-1.0\10\index-10
2026-09-12 12:20:50.909+0000 INFO  [o.n.k.i.i.s.RangeIndexProvider] [neo4j/3681fcc7] Schema index cleanup job started: descriptor=Index( id=10, name='actor_betweenness', type='RANGE', schema=(:Label[0] {PropertyKey[31]}), indexProvider='range-1.0' ), indexFile=D:\bigmaths (2)\neo4j\data\databases\neo4j\schema\index\range-1.0\10\index-10
2026-09-12 12:20:50.909+0000 INFO  [o.n.k.i.i.s.RangeIndexProvider] [neo4j/3681fcc7] Schema index cleanup job finished: descriptor=Index( id=10, name='actor_betweenness', type='RANGE', schema=(:Label[0] {PropertyKey[31]}), indexProvider='range-1.0' ), indexFile=D:\bigmaths (2)\neo4j\data\databases\neo4j\schema\index\range-1.0\10\index-10 Number of pages visited: 5, Number of tree nodes: 4, Number of cleaned crashed pointers: 0, Time spent: 0ms
2026-09-12 12:20:50.909+0000 INFO  [o.n.k.i.i.s.RangeIndexProvider] [neo4j/3681fcc7] Schema index cleanup job closed: descriptor=Index( id=10, name='actor_betweenness', type='RANGE', schema=(:Label[0] {PropertyKey[31]}), indexProvider='range-1.0' ), indexFile=D:\bigmaths (2)\neo4j\data\databases\neo4j\schema\index\range-1.0\10\index-10
2026-09-12 12:20:50.909+0000 INFO  [o.n.k.i.i.s.RangeIndexProvider] [neo4j/3681fcc7] Schema index cleanup job registered: descriptor=Index( id=11, name='actor_genre_diversity', type='RANGE', schema=(:Label[0] {PropertyKey[35]}), indexProvider='range-1.0' ), indexFile=D:\bigmaths (2)\neo4j\data\databases\neo4j\schema\index\range-1.0\11\index-11
2026-09-12 12:20:50.909+0000 INFO  [o.n.k.i.a.i.IndexingService] [neo4j/3681fcc7] IndexingService.init: indexes not specifically mentioned above are ONLINE. Total 9 indexes. Processed in 90ms
2026-09-12 12:20:50.909+0000 INFO  [o.n.k.i.i.s.RangeIndexProvider] [neo4j/3681fcc7] Schema index cleanup job started: descriptor=Index( id=11, name='actor_genre_diversity', type='RANGE', schema=(:Label[0] {PropertyKey[35]}), indexProvider='range-1.0' ), indexFile=D:\bigmaths (2)\neo4j\data\databases\neo4j\schema\index\range-1.0\11\index-11
2026-09-12 12:20:50.922+0000 INFO  [o.n.k.a.DatabaseAvailabilityGuard] [neo4j/3681fcc7] Requirement `Database unavailable` makes database neo4j unavailable.
2026-09-12 12:20:50.922+0000 INFO  [o.n.k.a.DatabaseAvailabilityGuard] [neo4j/3681fcc7] DatabaseId{3681fcc7[neo4j]} is unavailable.
2026-09-12 12:20:50.922+0000 INFO  [o.n.k.d.Database] [neo4j/3681fcc7] Starting transaction log [D:\bigmaths (2)\neo4j\data\transactions\neo4j\neostore.transaction.db.0] at version=0
2026-09-12 12:20:50.925+0000 INFO  [o.n.k.i.i.s.RangeIndexProvider] [neo4j/3681fcc7] Schema index cleanup job finished: descriptor=Index( id=11, name='actor_genre_diversity', type='RANGE', schema=(:Label[0] {PropertyKey[35]}), indexProvider='range-1.0' ), indexFile=D:\bigmaths (2)\neo4j\data\databases\neo4j\schema\index\range-1.0\11\index-11 Number of pages visited: 92, Number of tree nodes: 91, Number of cleaned crashed pointers: 0, Time spent: 4ms
2026-09-12 12:20:50.925+0000 INFO  [o.n.k.i.i.s.RangeIndexProvider] [neo4j/3681fcc7] Schema index cleanup job closed: descriptor=Index( id=11, name='actor_genre_diversity', type='RANGE', schema=(:Label[0] {PropertyKey[35]}), indexProvider='range-1.0' ), indexFile=D:\bigmaths (2)\neo4j\data\databases\neo4j\schema\index\range-1.0\11\index-11
2026-09-12 12:20:50.925+0000 INFO  [o.n.k.d.Database] [neo4j/3681fcc7] Starting transaction log [D:\bigmaths (2)\neo4j\data\transactions\neo4j\checkpoint.0] at version=0
2026-09-12 12:20:50.925+0000 INFO  [o.n.k.i.t.l.f.c.CheckpointLogFile] [neo4j/3681fcc7] Scanning log file with version 0 for checkpoint entries
2026-09-12 12:20:50.927+0000 INFO  [o.n.k.i.a.i.IndexingService] [neo4j/3681fcc7] IndexingService.start: indexes not specifically mentioned above are ONLINE. Total 9 indexes. Processed in 0ms
2026-09-12 12:20:50.927+0000 INFO  [o.n.k.a.DatabaseAvailabilityGuard] [neo4j/3681fcc7] Fulfilling of requirement 'Database unavailable' makes database neo4j available.
2026-09-12 12:20:50.927+0000 INFO  [o.n.k.a.DatabaseAvailabilityGuard] [neo4j/3681fcc7] DatabaseId{3681fcc7[neo4j]} is ready.
2026-09-12 12:20:50.927+0000 INFO  [o.n.u.UserDataCollector] Anonymous Usage Data is being sent to Neo4j, see https://neo4j.com/docs/usage-data/
2026-09-12 12:20:50.973+0000 INFO  [o.n.b.p.c.c.n.SocketNettyConnector] Bolt enabled on steamcdn-a.akamaihd.net:7687.
2026-09-12 12:20:50.975+0000 WARN  [i.n.b.ServerBootstrap] Unknown channel option 'SO_REUSEADDR' for channel '[id: 0x49ebddff]' of type 'class io.netty.channel.local.LocalServerChannel'
2026-09-12 12:20:50.979+0000 INFO  [o.n.b.BoltServer] Bolt server started
2026-09-12 12:20:50.979+0000 INFO  [o.n.s.A.ServerComponentsLifecycleAdapter] Starting web server
2026-09-12 12:20:52.924+0000 INFO  [o.n.s.CommunityNeoWebServer] HTTP enabled on 127.0.0.1:7474.
2026-09-12 12:20:52.924+0000 INFO  [o.n.s.CommunityNeoWebServer] Remote interface available at http://localhost:7474/
2026-09-12 12:20:52.924+0000 INFO  [o.n.s.A.ServerComponentsLifecycleAdapter] Web server started.
2026-09-12 12:20:52.924+0000 INFO  [o.n.g.f.DatabaseManagementServiceFactory] id: 32EDBFDCC648FCE3529EDFE5CC7B0995964120C6F88C2DE2EBC51FCFB04A5AB6
2026-09-12 12:20:52.924+0000 INFO  [o.n.g.f.DatabaseManagementServiceFactory] name: system
2026-09-12 12:20:52.924+0000 INFO  [o.n.g.f.DatabaseManagementServiceFactory] creationDate: 2026-09-01T15:36:39.542Z
2026-09-13 15:10:53.122+0000 INFO  [o.n.g.f.m.GlobalModule] Logging config in use: File 'D:\bigmaths (2)\neo4j\conf\server-logs.xml'
2026-09-13 15:10:53.657+0000 INFO  [o.n.i.d.DiagnosticsManager] 
                                                                ********************************************************************************
                                                                                             [ System diagnostics ]                             
                                                                ********************************************************************************
2026-09-13 15:10:53.657+0000 INFO  [o.n.i.d.DiagnosticsManager] 
                                                                --------------------------------------------------------------------------------
                                                                                         [ System memory information ]                          
                                                                --------------------------------------------------------------------------------
                                                                Total Physical memory: 15.73GiB
                                                                Free Physical memory: 4.324GiB
                                                                Committed virtual memory: 678.9MiB
                                                                Total swap space: 19.61GiB
                                                                Free swap space: 3.506GiB
                                                                
2026-09-13 15:10:53.657+0000 INFO  [o.n.i.d.DiagnosticsManager] 
                                                                --------------------------------------------------------------------------------
                                                                                           [ JVM memory information ]                           
                                                                --------------------------------------------------------------------------------
                                                                Free  memory: 485.5MiB
                                                                Total memory: 512.0MiB
                                                                Max   memory: 2.000GiB
                                                                Garbage Collector: G1 Young Generation: [G1 Eden Space, G1 Survivor Space, G1 Old Gen]
                                                                Garbage Collector: G1 Concurrent GC: [G1 Old Gen]
                                                                Garbage Collector: G1 Old Generation: [G1 Eden Space, G1 Survivor Space, G1 Old Gen]
                                                                Memory Pool: CodeHeap 'non-nmethods' (Non-heap memory): committed=3.188MiB, used=3.156MiB, max=7.313MiB, threshold=0B
                                                                Memory Pool: Metaspace (Non-heap memory): committed=22.25MiB, used=21.84MiB, max=-1B, threshold=0B
                                                                Memory Pool: CodeHeap 'profiled nmethods' (Non-heap memory): committed=6.625MiB, used=6.596MiB, max=116.3MiB, threshold=0B
                                                                Memory Pool: Compressed Class Space (Non-heap memory): committed=2.438MiB, used=2.260MiB, max=1.000GiB, threshold=0B
                                                                Memory Pool: G1 Eden Space (Heap memory): committed=317.0MiB, used=6.000MiB, max=-1B, threshold=?
                                                                Memory Pool: G1 Old Gen (Heap memory): committed=189.0MiB, used=14.51MiB, max=2.000GiB, threshold=0B
                                                                Memory Pool: G1 Survivor Space (Heap memory): committed=6.000MiB, used=5.502MiB, max=-1B, threshold=?
                                                                Memory Pool: CodeHeap 'non-profiled nmethods' (Non-heap memory): committed=2.438MiB, used=1.572MiB, max=116.4MiB, threshold=0B
                                                                
2026-09-13 15:10:53.657+0000 INFO  [o.n.i.d.DiagnosticsManager] 
                                                                --------------------------------------------------------------------------------
                                                                                        [ Operating system information ]                        
                                                                --------------------------------------------------------------------------------
                                                                Operating System: Windows 11; version: 10.0; arch: amd64; cpus: 16
                                                                Process id: 11192
                                                                Byte order: LITTLE_ENDIAN
                                                                Local timezone: Asia/Shanghai
                                                                Memory page size: 4096
                                                                Unaligned memory access allowed: true
                                                                
2026-09-13 15:10:53.657+0000 INFO  [o.n.i.d.DiagnosticsManager] 
                                                                --------------------------------------------------------------------------------
                                                                                              [ JVM information ]                               
                                                                --------------------------------------------------------------------------------
                                                                VM Name: Java HotSpot(TM) 64-Bit Server VM
                                                                VM Vendor: Oracle Corporation
                                                                VM Version: 21.0.6+8-LTS-188
                                                                JIT compiler: HotSpot 64-Bit Tiered Compilers
                                                                VM Arguments: [-XX:+UseG1GC, -XX:-OmitStackTraceInFastThrow, -XX:+AlwaysPreTouch, -XX:+UnlockExperimentalVMOptions, -XX:+TrustFinalNonStaticFields, -XX:+DisableExplicitGC, -Djdk.nio.maxCachedBufferSize=1024, -Dio.netty.tryReflectionSetAccessible=true, -Djdk.tls.ephemeralDHKeySize=2048, -Djdk.tls.rejectClientInitiatedRenegotiation=true, -XX:FlightRecorderOptions=stackdepth=256, -XX:+UnlockDiagnosticVMOptions, -XX:+DebugNonSafepoints, --add-opens=java.base/java.nio=ALL-UNNAMED, --add-opens=java.base/java.io=ALL-UNNAMED, --add-opens=java.base/sun.nio.ch=ALL-UNNAMED, --enable-native-access=ALL-UNNAMED, -Dlog4j2.disable.jmx=true, -Dlog4j.layout.jsonTemplate.maxStringLength=32768, -Dfile.encoding=UTF-8, -Xms524288k, -Xmx2097152k]
                                                                
2026-09-13 15:10:53.657+0000 INFO  [o.n.i.d.DiagnosticsManager] 
                                                                --------------------------------------------------------------------------------
                                                                                               [ Java classpath ]                               
                                                                --------------------------------------------------------------------------------
                                                                 [classpath] D:\bigmaths (2)\neo4j\lib\neo4j-monitoring-5.26.30.jar
                                                                 [classpath] D:\bigmaths (2)\neo4j\lib\scala-reflect-2.13.11.jar
                                                                 [classpath] D:\bigmaths (2)\neo4j\lib\neo4j-notifications-5.26.30.jar
                                                                 [classpath] D:\bigmaths (2)\neo4j\lib\jline-terminal-jansi-3.21.0.jar
                                                                 [classpath] D:\bigmaths (2)\neo4j\lib\annotations-5.26.30.jar
                                                                 [classpath] D:\bigmaths (2)\neo4j\lib\neo4j-cypher-config-5.26.30.jar
                                                                 [classpath] D:\bigmaths (2)\neo4j\lib\neo4j-fabric-5.26.30.jar
                                                                 [classpath] D:\bigmaths (2)\neo4j\lib\zstd-proxy-5.26.30.jar
                                                                 [classpath] D:\bigmaths (2)\neo4j\lib\netty-tcnative-classes-2.0.81.Final.jar
                                                                 [classpath] D:\bigmaths (2)\neo4j\lib\server-api-5.26.30.jar
                                                                 [classpath] D:\bigmaths (2)\neo4j\lib\parquet-hadoop-1.18.0.jar
                                                                 [classpath] D:\bigmaths (2)\neo4j\lib\neo4j-record-storage-engine-5.26.30.jar
                                                                 [classpath] D:\bigmaths (2)\neo4j\lib\neo4j-layout-5.26.30.jar
                                                                 [classpath] D:\bigmaths (2)\neo4j\lib\cypher-v25-parser-listener-5.26.30.jar
                                                                 [classpath] D:\bigmaths (2)\neo4j\lib\jetty-ee8-nested-12.1.11.jar
                                                                 [classpath] D:\bigmaths (2)\neo4j\lib\neo4j-bootcheck-5.26.30.jar
                                                                 [classpath] D:\bigmaths (2)\neo4j\lib\commons-configuration2-2.15.1.jar
                                                                 [classpath] D:\bigmaths (2)\neo4j\lib\parquet-jackson-1.18.0.jar
                                                                 [classpath] D:\bigmaths (2)\neo4j\lib\jersey-common-2.46.jar
                                                                 [classpath] D:\bigmaths (2)\neo4j\lib\jPowerShell-3.0.jar
                                                                 [classpath] D:\bigmaths (2)\neo4j\lib\neo4j-wal-5.26.30.jar
                                                                 [classpath] D:\bigmaths (2)\neo4j\lib\netty-common-4.1.137.Final.jar
                                                                 [classpath] D:\bigmaths (2)\neo4j\lib\lucene-analysis-common-9.11.1.jar
                                                                 [classpath] D:\bigmaths (2)\neo4j\lib\commons-logging-1.3.4.jar
                                                                 [classpath] D:\bigmaths (2)\neo4j\lib\neo4j-common-5.26.30.jar
                                                                 [classpath] D:\bigmaths (2)\neo4j\lib\neo4j-values-5.26.30.jar
                                                                 [classpath] D:\bigmaths (2)\neo4j\lib\neo4j-cypher-planner-5.26.30.jar
                                                                 [classpath] D:\bigmaths (2)\neo4j\lib\parquet-column-1.18.0.jar
                                                                 [classpath] D:\bigmaths (2)\neo4j\lib\neo4j-fulltext-index-5.26.30.jar
                                                                 [classpath] D:\bigmaths (2)\neo4j\lib\jaxb-api-2.2.12.jar
                                                                 [classpath] D:\bigmaths (2)\neo4j\lib\neo4j-io-5.26.30.jar
                                                                 [classpath] D:\bigmaths (2)\neo4j\lib\neo4j-diagnostics-5.26.30.jar
                                                                 [classpath] D:\bigmaths (2)\neo4j\lib\neo4j-cypher-runtime-util-5.26.30.jar
                                                                 [classpath] D:\bigmaths (2)\neo4j\lib\commons-lang3-3.18.0.jar
                                                                 [classpath] D:\bigmaths (2)\neo4j\lib\neo4j-command-line-5.26.30.jar
                                                                 [classpath] D:\bigmaths (2)\neo4j\lib\jts-core-1.20.0.jar
                                                                 [classpath] D:\bigmaths (2)\neo4j\lib\neo4j-cypher-ir-5.26.30.jar
                                                                 [classpath] D:\bigmaths (2)\neo4j\lib\neo4j-unsafe-5.26.30.jar
                                                                 [classpath] D:\bigmaths (2)\neo4j\lib\magnolia_2.13-1.1.8.jar
                                                                 [classpath] D:\bigmaths (2)\neo4j\lib\istack-commons-runtime-3.0.8.jar
                                                                 [classpath] D:\bigmaths (2)\neo4j\lib\netty-transport-classes-kqueue-4.1.137.Final.jar
                                                                 [classpath] D:\bigmaths (2)\neo4j\lib\eclipse-collections-api-11.1.0.jar
                                                                 [classpath] D:\bigmaths (2)\neo4j\lib\neo4j-csv-5.26.30.jar
                                                                 [classpath] D:\bigmaths (2)\neo4j\lib\netty-transport-native-epoll-4.1.137.Final-linux-x86_64.jar
                                                                 [classpath] D:\bigmaths (2)\neo4j\lib\jansi-2.4.0.jar
                                                                 [classpath] D:\bigmaths (2)\neo4j\lib\jProcesses-1.6.5.jar
                                                                 [classpath] D:\bigmaths (2)\neo4j\lib\javax.annotation-api-1.3.2.jar
                                                                 [classpath] D:\bigmaths (2)\neo4j\lib\neo4j-kernel-api-5.26.30.jar
                                                                 [classpath] D:\bigmaths (2)\neo4j\lib\jersey-client-2.46.jar
                                                                 [classpath] D:\bigmaths (2)\neo4j\lib\parquet-common-1.18.0.jar
                                                                 [classpath] D:\bigmaths (2)\neo4j\lib\cypher-ast-factory-5.26.30.jar
                                                                 [classpath] D:\bigmaths (2)\neo4j\lib\neo4j-expressions-5.26.30.jar
                                                                 [classpath] D:\bigmaths (2)\neo4j\lib\neo4j-collections-5.26.30.jar
                                                                 [classpath] D:\bigmaths (2)\neo4j\lib\scala-collection-contrib_2.13-0.3.0.jar
                                                                 [classpath] D:\bigmaths (2)\neo4j\lib\neo4j-consistency-check-5.26.30.jar
                                                                 [classpath] D:\bigmaths (2)\neo4j\lib\commons-text-1.12.0.jar
                                                                 [classpath] D:\bigmaths (2)\neo4j\plugins\*
                                                                 [classpath] D:\bigmaths (2)\neo4j\lib\neo4j-cypher-interpreted-runtime-5.26.30.jar
                                                                 [classpath] D:\bigmaths (2)\neo4j\lib\neo4j-resource-5.26.30.jar
                                                                 [classpath] D:\bigmaths (2)\neo4j\lib\cypher-parser-common-5.26.30.jar
                                                                 [classpath] D:\bigmaths (2)\neo4j\lib\neo4j-bolt-connection-routed-12.0.0.jar
                                                                 [classpath] D:\bigmaths (2)\neo4j\lib\log4j-layout-template-json-2.26.1.jar
                                                                 [classpath] D:\bigmaths (2)\neo4j\lib\neo4j-schema-5.26.30.jar
                                                                 [classpath] D:\bigmaths (2)\neo4j\lib\netty-transport-native-epoll-4.1.137.Final-linux-aarch_64.jar
                                                                 [classpath] D:\bigmaths (2)\neo4j\lib\neo4j-security-5.26.30.jar
                                                                 [classpath] D:\bigmaths (2)\neo4j\lib\neo4j-lock-5.26.30.jar
                                                                 [classpath] D:\bigmaths (2)\neo4j\lib\netty-transport-native-kqueue-4.1.137.Final-osx-x86_64.jar
                                                                 [classpath] D:\bigmaths (2)\neo4j\lib\jetty-ee8-webapp-12.1.11.jar
                                                                 [classpath] D:\bigmaths (2)\neo4j\lib\WMI4Java-1.6.3.jar
                                                                 [classpath] D:\bigmaths (2)\neo4j\lib\lucene-queryparser-9.11.1.jar
                                                                 [classpath] D:\bigmaths (2)\neo4j\lib\stax-ex-1.8.1.jar
                                                                 [classpath] D:\bigmaths (2)\neo4j\lib\jline-terminal-3.21.0.jar
                                                                 [classpath] D:\bigmaths (2)\neo4j\lib\jersey-hk2-2.46.jar
                                                                 [classpath] D:\bigmaths (2)\neo4j\lib\jetty-io-12.1.11.jar
                                                                 [classpath] D:\bigmaths (2)\neo4j\lib\netty-resolver-4.1.137.Final.jar
                                                                 [classpath] D:\bigmaths (2)\neo4j\lib\jetty-http2-server-12.1.11.jar
                                                                 [classpath] D:\bigmaths (2)\neo4j\lib\neo4j-dbms-5.26.30.jar
                                                                 [classpath] D:\bigmaths (2)\neo4j\lib\jersey-server-2.46.jar
                                                                 [classpath] D:\bigmaths (2)\neo4j\lib\jetty-xml-12.1.11.jar
                                                                 [classpath] D:\bigmaths (2)\neo4j\lib\eclipse-collections-11.1.0.jar
                                                                 [classpath] D:\bigmaths (2)\neo4j\lib\shiro-lang-3.0.0.jar
                                                                 [classpath] D:\bigmaths (2)\neo4j\lib\shiro-crypto-core-3.0.0.jar
                                                                 [classpath] D:\bigmaths (2)\neo4j\lib\parquet-floor-1.62.jar
                                                                 [classpath] D:\bigmaths (2)\neo4j\lib\neo4j-cypher-rendering-5.26.30.jar
                                                                 [classpath] D:\bigmaths (2)\neo4j\lib\neo4j-rewriting-5.26.30.jar
                                                                 [classpath] D:\bigmaths (2)\neo4j\lib\jackson-core-2.22.1.jar
                                                                 [classpath] D:\bigmaths (2)\neo4j\lib\jetty-alpn-server-12.1.11.jar
                                                                 [classpath] D:\bigmaths (2)\neo4j\lib\netty-transport-classes-epoll-4.1.137.Final.jar
                                                                 [classpath] D:\bigmaths (2)\neo4j\lib\neo4j-procedure-5.26.30.jar
                                                                 [classpath] D:\bigmaths (2)\neo4j\lib\cypher-parser-factory-5.26.30.jar
                                                                 [classpath] D:\bigmaths (2)\neo4j\lib\log4j-core-2.26.1.jar
                                                                 [classpath] D:\bigmaths (2)\neo4j\lib\neo4j-bolt-connection-netty-12.0.0.jar
                                                                 [classpath] D:\bigmaths (2)\neo4j\lib\shiro-core-3.0.0.jar
                                                                 [classpath] D:\bigmaths (2)\neo4j\lib\neo4j-data-collector-5.26.30.jar
                                                                 [classpath] D:\bigmaths (2)\neo4j\lib\neo4j-cypher-expression-evaluator-5.26.30.jar
                                                                 [classpath] D:\bigmaths (2)\neo4j\lib\cypher-v5-literal-interpreter-5.26.30.jar
                                                                 [classpath] D:\bigmaths (2)\neo4j\lib\antlr4-runtime-4.13.2.jar
                                                                 [classpath] D:\bigmaths (2)\neo4j\lib\neo4j-graph-algo-5.26.30.jar
                                                                 [classpath] D:\bigmaths (2)\neo4j\lib\cypher-shell-5.26.30.jar
                                                                 [classpath] D:\bigmaths (2)\neo4j\lib\jackson-jaxrs-base-2.22.1.jar
                                                                 [classpath] D:\bigmaths (2)\neo4j\lib\reactive-streams-1.0.4.jar
                                                                 [classpath] D:\bigmaths (2)\neo4j\lib\neo4j-capabilities-5.26.30.jar
                                                                 [classpath] D:\bigmaths (2)\neo4j\lib\neo4j-ssl-5.26.30.jar
                                                                 [classpath] D:\bigmaths (2)\neo4j\lib\jettison-1.5.4.jar
                                                                 [classpath] D:\bigmaths (2)\neo4j\lib\neo4j-cypher-planner-spi-5.26.30.jar
                                                                 [classpath] D:\bigmaths (2)\neo4j\lib\hk2-utils-2.6.1.jar
                                                                 [classpath] D:\bigmaths (2)\neo4j\lib\jaxb-runtime-2.3.2.jar
                                                                 [classpath] D:\bigmaths (2)\neo4j\lib\shiro-crypto-cipher-3.0.0.jar
                                                                 [classpath] D:\bigmaths (2)\neo4j\lib\jakarta.validation-api-2.0.2.jar
                                                                 [classpath] D:\bigmaths (2)\neo4j\lib\hk2-api-2.6.1.jar
                                                                 [classpath] D:\bigmaths (2)\neo4j\lib\lucene-core-9.11.1.jar
                                                                 [classpath] D:\bigmaths (2)\neo4j\lib\neo4j-exceptions-5.26.30.jar
                                                                 [classpath] D:\bigmaths (2)\neo4j\lib\neo4j-gql-status-5.26.30.jar
                                                                 [classpath] D:\bigmaths (2)\neo4j\lib\jakarta.activation-api-1.2.2.jar
                                                                 [classpath] D:\bigmaths (2)\neo4j\lib\jakarta.ws.rs-api-2.1.6.jar
                                                                 [classpath] D:\bigmaths (2)\neo4j\lib\jackson-module-jaxb-annotations-2.22.1.jar
                                                                 [classpath] D:\bigmaths (2)\neo4j\lib\cypher-v25-ast-factory-5.26.30.jar
                                                                 [classpath] D:\bigmaths (2)\neo4j\lib\javassist-3.30.2-GA.jar
                                                                 [classpath] D:\bigmaths (2)\neo4j\lib\cypher-v5-ast-factory-5.26.30.jar
                                                                 [classpath] D:\bigmaths (2)\neo4j\lib\neo4j-push-to-cloud-5.26.30.jar
                                                                 [classpath] D:\bigmaths (2)\neo4j\lib\neo4j-import-tool-5.26.30.jar
                                                                 [classpath] D:\bigmaths (2)\neo4j\lib\neo4j-ast-5.26.30.jar
                                                                 [classpath] D:\bigmaths (2)\neo4j\lib\jetty-ee8-security-12.1.11.jar
                                                                 [classpath] D:\bigmaths (2)\neo4j\lib\parquet-format-structures-1.18.0.jar
                                                                 [classpath] D:\bigmaths (2)\neo4j\lib\cypher-antlr-ast-common-5.26.30.jar
                                                                 [classpath] D:\bigmaths (2)\neo4j\lib\neo4j-native-5.26.30.jar
                                                                 [classpath] D:\bigmaths (2)\neo4j\lib\netty-codec-4.1.137.Final.jar
                                                                 [classpath] D:\bigmaths (2)\neo4j\lib\neo4j-token-api-5.26.30.jar
                                                                 [classpath] D:\bigmaths (2)\neo4j\lib\neo4j-bolt-connection-12.0.0.jar
                                                                 [classpath] D:\bigmaths (2)\neo4j\lib\neo4j-slf4j-provider-5.26.30.jar
                                                                 [classpath] D:\bigmaths (2)\neo4j\lib\commons-codec-1.17.1.jar
                                                                 [classpath] D:\bigmaths (2)\neo4j\lib\neo4j-cypher-physical-planning-5.26.30.jar
                                                                 [classpath] D:\bigmaths (2)\neo4j\lib\neo4j-cypher-javacc-parser-5.26.30.jar
                                                                 [classpath] D:\bigmaths (2)\neo4j\lib\jakarta.xml.bind-api-2.3.2.jar
                                                                 [classpath] D:\bigmaths (2)\neo4j\lib\neo4j-cypher-logical-plans-5.26.30.jar
                                                                 [classpath] D:\bigmaths (2)\neo4j\lib\neo4j-bolt-5.26.30.jar
                                                                 [classpath] D:\bigmaths (2)\neo4j\lib\neo4j-import-api-5.26.30.jar
                                                                 [classpath] D:\bigmaths (2)\neo4j\lib\neo4j-cypher-slotted-runtime-5.26.30.jar
                                                                 [classpath] D:\bigmaths (2)\neo4j\lib\ipaddress-5.5.1.jar
                                                                 [classpath] D:\bigmaths (2)\neo4j\lib\cypher-v25-antlr-parser-5.26.30.jar
                                                                 [classpath] D:\bigmaths (2)\neo4j\lib\neo4j-cloud-5.26.30.jar
                                                                 [classpath] D:\bigmaths (2)\neo4j\lib\picocli-4.7.6.jar
                                                                 [classpath] D:\bigmaths (2)\neo4j\lib\neo4j-graphdb-api-5.26.30.jar
                                                                 [classpath] D:\bigmaths (2)\neo4j\lib\jackson-databind-2.22.1.jar
                                                                 [classpath] D:\bigmaths (2)\neo4j\lib\reactor-core-3.7.12.jar
                                                                 [classpath] D:\bigmaths (2)\neo4j\lib\neo4j-index-5.26.30.jar
                                                                 [classpath] D:\bigmaths (2)\neo4j\lib\jetty-alpn-java-server-12.1.11.jar
                                                                 [classpath] D:\bigmaths (2)\neo4j\lib\commons-compress-1.27.1.jar
                                                                 [classpath] D:\bigmaths (2)\neo4j\lib\jna-5.15.0.jar
                                                                 [classpath] D:\bigmaths (2)\neo4j\lib\snappy-java-1.1.10.8.jar
                                                                 [classpath] D:\bigmaths (2)\neo4j\lib\jetty-session-12.1.11.jar
                                                                 [classpath] D:\bigmaths (2)\neo4j\lib\jetty-ee8-servlet-12.1.11.jar
                                                                 [classpath] D:\bigmaths (2)\neo4j\lib\scala-library-2.13.11.jar
                                                                 [classpath] D:\bigmaths (2)\neo4j\lib\log4j-api-2.26.1.jar
                                                                 [classpath] D:\bigmaths (2)\neo4j\conf\*
                                                                 [classpath] D:\bigmaths (2)\neo4j\lib\neo4j-java-driver-5.28.15.jar
                                                                 [classpath] D:\bigmaths (2)\neo4j\lib\neo4j-id-generator-5.26.30.jar
                                                                 [classpath] D:\bigmaths (2)\neo4j\lib\neo4j-bolt-connection-pooled-12.0.0.jar
                                                                 [classpath] D:\bigmaths (2)\neo4j\lib\jetty-http2-common-12.1.11.jar
                                                                 [classpath] D:\bigmaths (2)\neo4j\lib\argparse4j-0.9.0.jar
                                                                 [classpath] D:\bigmaths (2)\neo4j\lib\lucene-backward-codecs-9.11.1.jar
                                                                 [classpath] D:\bigmaths (2)\neo4j\lib\kiama_2.13-2.5.1.jar
                                                                 [classpath] D:\bigmaths (2)\neo4j\lib\neo4j-cypher-macros-5.26.30.jar
                                                                 [classpath] D:\bigmaths (2)\neo4j\lib\shiro-event-3.0.0.jar
                                                                 [classpath] D:\bigmaths (2)\neo4j\lib\hk2-locator-2.6.1.jar
                                                                 [classpath] D:\bigmaths (2)\neo4j\lib\slf4j-api-2.0.9.jar
                                                                 [classpath] D:\bigmaths (2)\neo4j\lib\cypher-parser-ast-common-5.26.30.jar
                                                                 [classpath] D:\bigmaths (2)\neo4j\lib\neo4j-server-5.26.30.jar
                                                                 [classpath] D:\bigmaths (2)\neo4j\lib\neo4j-import-util-5.26.30.jar
                                                                 [classpath] D:\bigmaths (2)\neo4j\lib\jetty-http-12.1.11.jar
                                                                 [classpath] D:\bigmaths (2)\neo4j\lib\neo4j-front-end-5.26.30.jar
                                                                 [classpath] D:\bigmaths (2)\neo4j\lib\shiro-crypto-hash-3.0.0.jar
                                                                 [classpath] D:\bigmaths (2)\neo4j\lib\jetty-server-12.1.11.jar
                                                                 [classpath] D:\bigmaths (2)\neo4j\lib\neo4j-storage-engine-util-5.26.30.jar
                                                                 [classpath] D:\bigmaths (2)\neo4j\lib\jersey-container-servlet-core-2.46.jar
                                                                 [classpath] D:\bigmaths (2)\neo4j\lib\netty-codec-http-4.1.137.Final.jar
                                                                 [classpath] D:\bigmaths (2)\neo4j\lib\jetty-util-12.1.11.jar
                                                                 [classpath] D:\bigmaths (2)\neo4j\lib\neo4j-procedure-api-5.26.30.jar
                                                                 [classpath] D:\bigmaths (2)\neo4j\lib\jetty-ee-webapp-12.1.11.jar
                                                                 [classpath] D:\bigmaths (2)\neo4j\lib\netty-transport-4.1.137.Final.jar
                                                                 [classpath] D:\bigmaths (2)\neo4j\lib\zstd-jni-1.5.6-6.jar
                                                                 [classpath] D:\bigmaths (2)\neo4j\lib\neo4j-spatial-index-5.26.30.jar
                                                                 [classpath] D:\bigmaths (2)\neo4j\lib\neo4j-lucene-index-5.26.30.jar
                                                                 [classpath] D:\bigmaths (2)\neo4j\lib\neo4j-cypher-5.26.30.jar
                                                                 [classpath] D:\bigmaths (2)\neo4j\lib\neo4j-query-router-5.26.30.jar
                                                                 [classpath] D:\bigmaths (2)\neo4j\lib\neo4j-logging-5.26.30.jar
                                                                 [classpath] D:\bigmaths (2)\neo4j\lib\cypher-v5-parser-listener-5.26.30.jar
                                                                 [classpath] D:\bigmaths (2)\neo4j\lib\neo4j-concurrent-5.26.30.jar
                                                                 [classpath] D:\bigmaths (2)\neo4j\lib\jetty-servlet-api-4.0.9.jar
                                                                 [classpath] D:\bigmaths (2)\neo4j\lib\jackson-jaxrs-json-provider-2.22.1.jar
                                                                 [classpath] D:\bigmaths (2)\neo4j\lib\FastInfoset-1.2.16.jar
                                                                 [classpath] D:\bigmaths (2)\neo4j\lib\jakarta.inject-2.6.1.jar
                                                                 [classpath] D:\bigmaths (2)\neo4j\lib\txw2-2.3.2.jar
                                                                 [classpath] D:\bigmaths (2)\neo4j\lib\neo4j-udc-5.26.30.jar
                                                                 [classpath] D:\bigmaths (2)\neo4j\lib\neo4j-cypher-dsl-2024.2.0.jar
                                                                 [classpath] D:\bigmaths (2)\neo4j\lib\jackson-annotations-2.22.jar
                                                                 [classpath] D:\bigmaths (2)\neo4j\lib\jakarta.annotation-api-1.3.5.jar
                                                                 [classpath] D:\bigmaths (2)\neo4j\lib\parquet-encoding-1.18.0.jar
                                                                 [classpath] D:\bigmaths (2)\neo4j\lib\jetty-http2-hpack-12.1.11.jar
                                                                 [classpath] D:\bigmaths (2)\neo4j\lib\neo4j-util-5.26.30.jar
                                                                 [classpath] D:\bigmaths (2)\neo4j\lib\hadoop-common-3.5.0.jar
                                                                 [classpath] D:\bigmaths (2)\neo4j\lib\jetty-security-12.1.11.jar
                                                                 [classpath] D:\bigmaths (2)\neo4j\lib\shiro-cache-3.0.0.jar
                                                                 [classpath] D:\bigmaths (2)\neo4j\lib\cypher-antlr-common-5.26.30.jar
                                                                 [classpath] D:\bigmaths (2)\neo4j\lib\shiro-config-core-3.0.0.jar
                                                                 [classpath] D:\bigmaths (2)\neo4j\lib\jline-reader-3.21.0.jar
                                                                 [classpath] D:\bigmaths (2)\neo4j\lib\neo4j-5.26.30.jar
                                                                 [classpath] D:\bigmaths (2)\neo4j\lib\commons-io-2.17.0.jar
                                                                 [classpath] D:\bigmaths (2)\neo4j\lib\caffeine-3.1.8.jar
                                                                 [classpath] D:\bigmaths (2)\neo4j\lib\jctools-core-4.0.5.jar
                                                                 [classpath] D:\bigmaths (2)\neo4j\lib\neo4j-cypher-cache-5.26.30.jar
                                                                 [classpath] D:\bigmaths (2)\neo4j\lib\jersey-container-servlet-2.46.jar
                                                                 [classpath] D:\bigmaths (2)\neo4j\lib\neo4j-configuration-5.26.30.jar
                                                                 [classpath] D:\bigmaths (2)\neo4j\lib\netty-transport-native-unix-common-4.1.137.Final.jar
                                                                 [classpath] D:\bigmaths (2)\neo4j\lib\netty-buffer-4.1.137.Final.jar
                                                                 [classpath] D:\bigmaths (2)\neo4j\lib\neo4j-cypher-ast-factory-5.26.30.jar
                                                                 [classpath] D:\bigmaths (2)\neo4j\lib\cypher-v5-antlr-parser-5.26.30.jar
                                                                 [classpath] D:\bigmaths (2)\neo4j\lib\neo4j-codegen-5.26.30.jar
                                                                 [classpath] D:\bigmaths (2)\neo4j\lib\netty-handler-4.1.137.Final.jar
                                                                 [classpath] D:\bigmaths (2)\neo4j\lib\netty-transport-native-kqueue-4.1.137.Final-osx-aarch_64.jar
                                                                 [classpath] D:\bigmaths (2)\neo4j\lib\neo4j-kernel-5.26.30.jar
                                                                
2026-09-13 15:10:53.657+0000 INFO  [o.n.i.d.DiagnosticsManager] 
                                                                --------------------------------------------------------------------------------
                                                                                                [ Library path ]                                
                                                                --------------------------------------------------------------------------------
                                                                C:\Program Files\Java\jdk-21\bin
                                                                C:\Windows\Sun\Java\bin
                                                                C:\Windows\System32
                                                                C:\Windows
                                                                C:\Users\21176\AppData\Roaming\Code\User\globalStorage\github.copilot-chat\debugCommand
                                                                C:\Users\21176\AppData\Roaming\Code\User\globalStorage\github.copilot-chat\copilotCli
                                                                C:\ProgramData\Oracle\Java\javapath
                                                                D:\VMware\bin
                                                                C:\Program Files\Common Files\Oracle\Java\javapath_target_384906828
                                                                C:\Windows\System32
                                                                C:\Windows
                                                                C:\Windows\System32\wbem
                                                                C:\Windows\System32\WindowsPowerShell\v1.0
                                                                C:\Windows\System32\OpenSSH
                                                                C:\Program Files\Microsoft SQL Server\150\Tools\Binn
                                                                D:\bigmaths (2)\neo4j\bin\%GIT_HOME%\usr\bin
                                                                D:\bigmaths (2)\neo4j\bin\%GIT_HOME%\bin
                                                                D:\mingw\bin
                                                                C:\Program Files\dotnet
                                                                C:\Program Files (x86)\Windows Kits\10\Windows Performance Toolkit
                                                                D:\MySQL\MySQL Server 8.0\bin
                                                                D:\altera\91\quartus\bin
                                                                D:\Xshell 8
                                                                D:\mingw\bin
                                                                D:\Nodejs
                                                                D:\c\Git\cmd
                                                                C:\Users\21176\AppData\Local\Programs\Python\Python312\Scripts
                                                                C:\Users\21176\AppData\Local\Programs\Python\Python312
                                                                D:\MySQL\MySQL Shell 8.0\bin
                                                                D:\mingw\bin
                                                                C:\Users\21176\.dotnet\tools
                                                                C:\Users\21176\AppData\Local\Microsoft\WindowsApps
                                                                D:\PyCharm Community Edition 2024.3.3\bin
                                                                D:\bigmaths (2)\neo4j\bin
                                                                D:\Anaco
                                                                D:\Anaco\Scripts
                                                                D:\Anaco\Library\bin
                                                                C:\Program Files\Java\jdk-21\bin
                                                                D:\IntelliJ IDEA 2024.3.4\bin
                                                                D:\bigmaths (2)\neo4j\bin
                                                                D:\IntelliJ IDEA Community Edition 2024.3.4\bin
                                                                D:\bigmaths (2)\neo4j\bin
                                                                D:\bigmaths (2)\neo4j\bin
                                                                C:\Users\21176\AppData\Local\Programs\Ollama
                                                                D:\Users\21176\AppData\Microsoft VS Code\bin
                                                                C:\Users\21176\AppData\Roaming\npm
                                                                C:\Users\21176\.vscode\extensions\ms-python.debugpy-2026.6.0-win32-x64\bundled\scripts\noConfigScripts
                                                                D:\bigmaths (2)\neo4j\bin
                                                                
2026-09-13 15:10:53.657+0000 INFO  [o.n.i.d.DiagnosticsManager] 
                                                                --------------------------------------------------------------------------------
                                                                                             [ System properties ]                              
                                                                --------------------------------------------------------------------------------
                                                                jdk.tls.rejectClientInitiatedRenegotiation = true
                                                                sun.cpu.isalist = amd64
                                                                sun.jnu.encoding = GBK
                                                                log4j.layout.jsonTemplate.maxStringLength = 32768
                                                                sun.arch.data.model = 64
                                                                user.variant = 
                                                                user.timezone = Asia/Shanghai
                                                                sun.java.launcher = SUN_STANDARD
                                                                user.country = CN
                                                                sun.boot.library.path = C:\Program Files\Java\jdk-21\bin
                                                                sun.java.command = org.neo4j.server.CommunityEntryPoint --home-dir=D:\bigmaths (2)\neo4j --config-dir=D:\bigmaths (2)\neo4j\conf --console-mode
                                                                jdk.debug = release
                                                                io.netty.tryReflectionSetAccessible = true
                                                                sun.cpu.endian = little
                                                                user.home = C:\Users\21176
                                                                user.language = zh
                                                                file.separator = \
                                                                jdk.tls.ephemeralDHKeySize = 2048
                                                                user.script = 
                                                                sun.management.compiler = HotSpot 64-Bit Tiered Compilers
                                                                user.name = 21176
                                                                stdout.encoding = ms936
                                                                jdk.nio.maxCachedBufferSize = 1024
                                                                path.separator = ;
                                                                file.encoding = UTF-8
                                                                jnidispatch.path = C:\Users\21176\AppData\Local\Temp\jna-47684657\jna10550710922853368212.dll
                                                                jna.loaded = true
                                                                user.dir = D:\bigmaths (2)\neo4j\bin
                                                                sun.os.patch.level = 
                                                                native.encoding = GBK
                                                                stderr.encoding = ms936
                                                                sun.io.unicode.encoding = UnicodeLittle
                                                                log4j2.disable.jmx = true
                                                                
2026-09-13 15:10:53.657+0000 INFO  [o.n.i.d.DiagnosticsManager] 
                                                                --------------------------------------------------------------------------------
                                                                                      [ (IANA) TimeZone database version ]                      
                                                                --------------------------------------------------------------------------------
                                                                  TimeZone version: 2024b (available for 603 zone identifiers)
                                                                
2026-09-13 15:10:53.657+0000 INFO  [o.n.i.d.DiagnosticsManager] 
                                                                --------------------------------------------------------------------------------
                                                                                            [ Network information ]                             
                                                                --------------------------------------------------------------------------------
                                                                Interface Hyper-V Virtual Ethernet Adapter-WFP Native MAC Layer LightWeight Filter-0000:
                                                                Interface Hyper-V Virtual Ethernet Adapter-QoS Packet Scheduler-0000:
                                                                Interface Hyper-V Virtual Ethernet Adapter-WFP 802.3 MAC Layer LightWeight Filter-0000:
                                                                Interface Hyper-V Virtual Switch Extension Adapter-Hyper-V Virtual Switch Extension Filter-0000:
                                                                Interface WAN Miniport (IP)-WFP Native MAC Layer LightWeight Filter-0000:
                                                                Interface WAN Miniport (IP)-QoS Packet Scheduler-0000:
                                                                Interface WAN Miniport (IPv6)-WFP Native MAC Layer LightWeight Filter-0000:
                                                                Interface WAN Miniport (IPv6)-QoS Packet Scheduler-0000:
                                                                Interface WAN Miniport (Network Monitor)-WFP Native MAC Layer LightWeight Filter-0000:
                                                                Interface WAN Miniport (Network Monitor)-QoS Packet Scheduler-0000:
                                                                Interface Microsoft Kernel Debug Network Adapter:
                                                                Interface WAN Miniport (IP):
                                                                Interface Bluetooth Device (Personal Area Network):
                                                                Interface WAN Miniport (IPv6):
                                                                Interface WAN Miniport (Network Monitor):
                                                                Interface VMware Virtual Ethernet Adapter for VMnet1:
                                                                    address: fe80:0:0:0:804c:cc0b:270f:df81%ethernet_32773
                                                                    address: 192.168.81.1
                                                                Interface Hyper-V Virtual Switch Extension Adapter:
                                                                Interface Hyper-V Virtual Ethernet Adapter:
                                                                    address: fe80:0:0:0:d46e:a44a:5a2:c34%ethernet_32775
                                                                    address: 172.21.224.1
                                                                Interface VMware Virtual Ethernet Adapter for VMnet8:
                                                                    address: fe80:0:0:0:7266:6cd2:c870:b0f5%ethernet_32776
                                                                    address: 192.168.32.1
                                                                Interface WAN Miniport (PPPOE):
                                                                Interface Software Loopback Interface 1:
                                                                    address: 0:0:0:0:0:0:0:1
                                                                    address: 127.0.0.1
                                                                Interface Intel(R) Wi-Fi 6E AX211 160MHz-WFP Native MAC Layer LightWeight Filter-0000:
                                                                Interface Intel(R) Wi-Fi 6E AX211 160MHz-Virtual WiFi Filter Driver-0000:
                                                                Interface Intel(R) Wi-Fi 6E AX211 160MHz-Native WiFi Filter Driver-0000:
                                                                Interface Intel(R) Wi-Fi 6E AX211 160MHz-QoS Packet Scheduler-0000:
                                                                Interface Intel(R) Wi-Fi 6E AX211 160MHz-WFP 802.3 MAC Layer LightWeight Filter-0000:
                                                                Interface Microsoft Wi-Fi Direct Virtual Adapter-WFP Native MAC Layer LightWeight Filter-0000:
                                                                Interface Microsoft Wi-Fi Direct Virtual Adapter-Native WiFi Filter Driver-0000:
                                                                Interface Microsoft Wi-Fi Direct Virtual Adapter-QoS Packet Scheduler-0000:
                                                                Interface Microsoft Wi-Fi Direct Virtual Adapter-WFP 802.3 MAC Layer LightWeight Filter-0000:
                                                                Interface Microsoft Wi-Fi Direct Virtual Adapter #2-WFP Native MAC Layer LightWeight Filter-0000:
                                                                Interface Microsoft Wi-Fi Direct Virtual Adapter #2-Native WiFi Filter Driver-0000:
                                                                Interface Microsoft Wi-Fi Direct Virtual Adapter #2-QoS Packet Scheduler-0000:
                                                                Interface Microsoft Wi-Fi Direct Virtual Adapter #2-WFP 802.3 MAC Layer LightWeight Filter-0000:
                                                                Interface Intel(R) Wi-Fi 6E AX211 160MHz:
                                                                    address: 10.20.202.207
                                                                Interface Microsoft Wi-Fi Direct Virtual Adapter:
                                                                    address: fe80:0:0:0:bddc:ff2:8e94:fb6f%wireless_32769
                                                                Interface Microsoft Wi-Fi Direct Virtual Adapter #2:
                                                                    address: fe80:0:0:0:3c79:5628:1e32:d487%wireless_32770
                                                                Interface Microsoft Teredo Tunneling Adapter:
                                                                Interface Microsoft IP-HTTPS Platform Adapter:
                                                                Interface Microsoft 6to4 Adapter:
                                                                Interface WAN Miniport (SSTP):
                                                                Interface WAN Miniport (IKEv2):
                                                                Interface WAN Miniport (L2TP):
                                                                Interface WAN Miniport (PPTP):
                                                                
2026-09-13 15:10:53.657+0000 INFO  [o.n.i.d.DiagnosticsManager] 
                                                                --------------------------------------------------------------------------------
                                                                                         [ Native access information ]                          
                                                                --------------------------------------------------------------------------------
                                                                Native access details: Native access is not available for current platform.
                                                                
2026-09-13 15:10:53.657+0000 INFO  [o.n.i.d.DiagnosticsManager] 
                                                                --------------------------------------------------------------------------------
                                                                                                [ DBMS config ]                                 
                                                                --------------------------------------------------------------------------------
                                                                DBMS provided settings:
                                                                db.tx_log.rotation.retention_policy=2 days 2G
                                                                server.bolt.enabled=true
                                                                server.default_listen_address=127.0.0.1
                                                                server.directories.import=D:\bigmaths (2)\neo4j\import
                                                                server.directories.neo4j_home=D:\bigmaths (2)\neo4j
                                                                server.http.enabled=true
                                                                server.https.enabled=false
                                                                server.jvm.additional=-XX:+UseG1GC
-XX:-OmitStackTraceInFastThrow
-XX:+AlwaysPreTouch
-XX:+UnlockExperimentalVMOptions
-XX:+TrustFinalNonStaticFields
-XX:+DisableExplicitGC
-Djdk.nio.maxCachedBufferSize=1024
-Dio.netty.tryReflectionSetAccessible=true
-Djdk.tls.ephemeralDHKeySize=2048
-Djdk.tls.rejectClientInitiatedRenegotiation=true
-XX:FlightRecorderOptions=stackdepth=256
-XX:+UnlockDiagnosticVMOptions
-XX:+DebugNonSafepoints
--add-opens=java.base/java.nio=ALL-UNNAMED
--add-opens=java.base/java.io=ALL-UNNAMED
--add-opens=java.base/sun.nio.ch=ALL-UNNAMED
--enable-native-access=ALL-UNNAMED
-Dlog4j2.disable.jmx=true
-Dlog4j.layout.jsonTemplate.maxStringLength=32768
                                                                server.memory.heap.initial_size=512.00MiB
                                                                server.memory.heap.max_size=2.00GiB
                                                                server.memory.pagecache.size=1.00GiB
                                                                server.windows_service_name=neo4j
                                                                Directories in use:
                                                                server.directories.data=D:\bigmaths (2)\neo4j\data
                                                                server.directories.dumps.root=D:\bigmaths (2)\neo4j\data\dumps
                                                                server.directories.import=D:\bigmaths (2)\neo4j\import
                                                                server.directories.lib=D:\bigmaths (2)\neo4j\lib
                                                                server.directories.licenses=D:\bigmaths (2)\neo4j\licenses
                                                                server.directories.logs=D:\bigmaths (2)\neo4j\logs
                                                                server.directories.neo4j_home=D:\bigmaths (2)\neo4j
                                                                server.directories.plugins=D:\bigmaths (2)\neo4j\plugins
                                                                server.directories.run=D:\bigmaths (2)\neo4j\run
                                                                server.directories.script.root=D:\bigmaths (2)\neo4j\data\scripts
                                                                server.directories.transaction.logs.root=D:\bigmaths (2)\neo4j\data\transactions
                                                                
2026-09-13 15:10:53.657+0000 INFO  [o.n.i.d.DiagnosticsManager] 
                                                                --------------------------------------------------------------------------------
                                                                                                 [ Packaging ]                                  
                                                                --------------------------------------------------------------------------------
                                                                Edition: Community
                                                                Package Type: docker trixie
                                                                
2026-09-13 15:10:53.715+0000 INFO  [o.n.d.i.DefaultIdentityModule] Found ServerId on disk: ServerId{1d60b665} (1d60b665-7b67-4ac4-a89f-dac9840a564f)
2026-09-13 15:10:53.715+0000 INFO  [o.n.d.i.DefaultIdentityModule] This instance is ServerId{1d60b665} (1d60b665-7b67-4ac4-a89f-dac9840a564f)
2026-09-13 15:10:55.434+0000 INFO  [o.n.s.CommunityNeoWebServer] ======== Neo4j 5.26.30 ========
2026-09-13 15:10:55.471+0000 INFO  [o.n.d.d.DatabaseLifecycles] Creating 'DatabaseId{00000000[system]}'.
2026-09-13 15:10:55.876+0000 INFO  [o.n.b.BoltServer] Using connector transport NIO
2026-09-13 15:10:56.047+0000 INFO  [o.n.b.BoltServer] Configured external Bolt connector with listener address /127.0.0.1:7687
2026-09-13 15:10:56.049+0000 INFO  [o.n.b.BoltServer] Bolt server loaded
2026-09-13 15:10:56.083+0000 INFO  [o.n.d.d.DatabaseLifecycles] Starting 'DatabaseId{00000000[system]}'.
2026-09-13 15:10:56.681+0000 INFO  [o.n.k.i.t.l.f.c.CheckpointLogFile] [system/00000000] Scanning log file with version 0 for checkpoint entries
2026-09-13 15:10:56.723+0000 INFO  [o.n.k.i.s.f.RecordFormatSelector] [system/00000000] Selected RecordFormat:PageAlignedV5_0[aligned-1.1] record format from store D:\bigmaths (2)\neo4j\data\databases\system
2026-09-13 15:10:56.723+0000 INFO  [o.n.k.i.s.f.RecordFormatSelector] [system/00000000] Selected format from the store files: RecordFormat:PageAlignedV5_0[aligned-1.1]
2026-09-13 15:10:57.265+0000 INFO  [o.n.i.d.DiagnosticsManager] [system/00000000] 
                                                                [system/00000000] ********************************************************************************
                                                                [system/00000000]                               [ Database: system ]                              
                                                                [system/00000000] ********************************************************************************
                                                                [system/00000000] --------------------------------------------------------------------------------
                                                                [system/00000000]                                   [ Version ]                                   
                                                                [system/00000000] --------------------------------------------------------------------------------
                                                                [system/00000000] DBMS: community record-aligned-1.1
                                                                [system/00000000] Kernel version: 5.26.30
                                                                [system/00000000] 
                                                                [system/00000000] --------------------------------------------------------------------------------
                                                                [system/00000000]                                 [ Store files ]                                 
                                                                [system/00000000] --------------------------------------------------------------------------------
                                                                [system/00000000] Disk space on partition (Total / Free / Free %): 807072165888 / 610575892480 / 75
                                                                [system/00000000] Storage files stored on file store: NTFS
                                                                [system/00000000] Storage files: (filename : modification date - size)
                                                                [system/00000000]   database_lock: 2026-09-01 15:36:40.000+0000 - 0B
                                                                [system/00000000]   id-buffer.tmp.0: 2026-09-12 12:20:50.377+0000 - 0B
                                                                [system/00000000]   neostore: 2026-09-01 15:36:40.000+0000 - 8.000KiB
                                                                [system/00000000]   neostore.counts.db: 2026-09-13 15:10:57.081+0000 - 48.00KiB
                                                                [system/00000000]   neostore.indexstats.db: 2026-09-13 15:10:57.112+0000 - 48.00KiB
                                                                [system/00000000]   neostore.labeltokenstore.db: 2026-09-01 15:51:42.000+0000 - 8.000KiB
                                                                [system/00000000]   neostore.labeltokenstore.db.id: 2026-09-13 15:10:57.019+0000 - 40.00KiB
                                                                [system/00000000]   neostore.labeltokenstore.db.names: 2026-09-01 15:51:42.000+0000 - 8.000KiB
                                                                [system/00000000]   neostore.labeltokenstore.db.names.id: 2026-09-13 15:10:57.002+0000 - 40.00KiB
                                                                [system/00000000]   neostore.nodestore.db: 2026-09-01 15:51:42.000+0000 - 8.000KiB
                                                                [system/00000000]   neostore.nodestore.db.id: 2026-09-13 15:10:56.816+0000 - 40.00KiB
                                                                [system/00000000]   neostore.nodestore.db.labels: 2026-09-01 15:36:40.000+0000 - 8.000KiB
                                                                [system/00000000]   neostore.nodestore.db.labels.id: 2026-09-13 15:10:56.795+0000 - 40.00KiB
                                                                [system/00000000]   neostore.propertystore.db: 2026-09-01 15:51:42.000+0000 - 8.000KiB
                                                                [system/00000000]   neostore.propertystore.db.arrays: 2026-09-01 15:36:40.000+0000 - 8.000KiB
                                                                [system/00000000]   neostore.propertystore.db.arrays.id: 2026-09-13 15:10:56.875+0000 - 40.00KiB
                                                                [system/00000000]   neostore.propertystore.db.id: 2026-09-13 15:10:56.907+0000 - 40.00KiB
                                                                [system/00000000]   neostore.propertystore.db.index: 2026-09-01 15:51:42.000+0000 - 8.000KiB
                                                                [system/00000000]   neostore.propertystore.db.index.id: 2026-09-13 15:10:56.845+0000 - 40.00KiB
                                                                [system/00000000]   neostore.propertystore.db.index.keys: 2026-09-01 15:51:42.000+0000 - 8.000KiB
                                                                [system/00000000]   neostore.propertystore.db.index.keys.id: 2026-09-13 15:10:56.833+0000 - 40.00KiB
                                                                [system/00000000]   neostore.propertystore.db.strings: 2026-09-01 15:51:42.000+0000 - 8.000KiB
                                                                [system/00000000]   neostore.propertystore.db.strings.id: 2026-09-13 15:10:56.860+0000 - 40.00KiB
                                                                [system/00000000]   neostore.relationshipgroupstore.db: 2026-09-01 15:36:40.000+0000 - 8.000KiB
                                                                [system/00000000]   neostore.relationshipgroupstore.db.id: 2026-09-13 15:10:57.049+0000 - 40.00KiB
                                                                [system/00000000]   neostore.relationshipgroupstore.degrees.db: 2026-09-13 15:10:57.104+0000 - 40.00KiB
                                                                [system/00000000]   neostore.relationshipstore.db: 2026-09-01 15:51:42.000+0000 - 8.000KiB
                                                                [system/00000000]   neostore.relationshipstore.db.id: 2026-09-13 15:10:56.922+0000 - 40.00KiB
                                                                [system/00000000]   neostore.relationshiptypestore.db: 2026-09-01 15:51:42.000+0000 - 8.000KiB
                                                                [system/00000000]   neostore.relationshiptypestore.db.id: 2026-09-13 15:10:56.986+0000 - 40.00KiB
                                                                [system/00000000]   neostore.relationshiptypestore.db.names: 2026-09-01 15:51:42.000+0000 - 8.000KiB
                                                                [system/00000000]   neostore.relationshiptypestore.db.names.id: 2026-09-13 15:10:56.923+0000 - 40.00KiB
                                                                [system/00000000]   neostore.schemastore.db: 2026-09-01 15:51:42.000+0000 - 8.000KiB
                                                                [system/00000000]   neostore.schemastore.db.id: 2026-09-13 15:10:57.033+0000 - 40.00KiB
                                                                [system/00000000]   schema:
                                                                [system/00000000]     index:
                                                                [system/00000000]       range-1.0:
                                                                [system/00000000]         3:
                                                                [system/00000000]           index-3: 2026-09-12 12:20:50.317+0000 - 48.00KiB
                                                                [system/00000000]         - Total: 2026-09-12 11:44:42.592+0000 - 48.00KiB
                                                                [system/00000000]         4:
                                                                [system/00000000]           index-4: 2026-09-12 12:20:50.334+0000 - 48.00KiB
                                                                [system/00000000]         - Total: 2026-09-12 11:44:42.608+0000 - 48.00KiB
                                                                [system/00000000]         7:
                                                                [system/00000000]           index-7: 2026-09-12 12:20:50.334+0000 - 48.00KiB
                                                                [system/00000000]         - Total: 2026-09-12 11:44:42.624+0000 - 48.00KiB
                                                                [system/00000000]         8:
                                                                [system/00000000]           index-8: 2026-09-12 12:20:50.365+0000 - 48.00KiB
                                                                [system/00000000]         - Total: 2026-09-12 11:44:42.640+0000 - 48.00KiB
                                                                [system/00000000]         9:
                                                                [system/00000000]           index-9: 2026-09-12 12:20:50.365+0000 - 48.00KiB
                                                                [system/00000000]         - Total: 2026-09-12 11:44:42.654+0000 - 48.00KiB
                                                                [system/00000000]       - Total: 2026-09-12 11:44:42.648+0000 - 240.0KiB
                                                                [system/00000000]       token-lookup-1.0:
                                                                [system/00000000]         1:
                                                                [system/00000000]           index-1: 2026-09-12 12:20:50.278+0000 - 48.00KiB
                                                                [system/00000000]         - Total: 2026-09-12 11:44:42.677+0000 - 48.00KiB
                                                                [system/00000000]         2:
                                                                [system/00000000]           index-2: 2026-09-12 12:20:50.286+0000 - 48.00KiB
                                                                [system/00000000]         - Total: 2026-09-12 11:44:42.693+0000 - 48.00KiB
                                                                [system/00000000]       - Total: 2026-09-12 11:44:42.688+0000 - 96.00KiB
                                                                [system/00000000]     - Total: 2026-09-12 11:44:42.663+0000 - 336.0KiB
                                                                [system/00000000]   - Total: 2026-09-12 11:44:42.560+0000 - 336.0KiB
                                                                [system/00000000] Storage summary: 
                                                                [system/00000000]   Total size of store: 1.125MiB
                                                                [system/00000000]   Total size of mapped files: 456.0KiB
                                                                [system/00000000] 
                                                                [system/00000000] --------------------------------------------------------------------------------
                                                                [system/00000000]                               [ Transaction log ]                               
                                                                [system/00000000] --------------------------------------------------------------------------------
                                                                [system/00000000] Transaction log files stored on file store: NTFS
                                                                [system/00000000] Transaction log metadata:
                                                                [system/00000000]  - current kernel version used in transactions: V5_25
                                                                [system/00000000]  - last committed transaction id: 41
                                                                [system/00000000] Transaction log files:
                                                                [system/00000000]  - existing transaction log versions: 0-0
                                                                [system/00000000]  - oldest append index 2 found in log with version 0
                                                                [system/00000000]  - files: (filename : creation date - size)
                                                                [system/00000000]      neostore.transaction.db.0: 2026-09-01 15:36:42.000+0000 - 23.46KiB
                                                                [system/00000000]  - total size of files: 23.46KiB
                                                                [system/00000000] Checkpoint log files:
                                                                [system/00000000]  - existing checkpoint log versions: 0-0
                                                                [system/00000000]  - last checkpoint: CheckpointInfo[oldestNotVisibleTransactionLogPosition=LogPosition{logVersion=0, byteOffset=24028}, transactionLogPosition=LogPosition{logVersion=0, byteOffset=24028}, storeId=StoreId{creationTime=1788276999542, random=974428032443312329, storageEngineName='record', formatName='aligned', majorVersion=1, minorVersion=1}, checkpointEntryPosition=LogPosition{logVersion=0, byteOffset=360}, channelPositionAfterCheckpoint=LogPosition{logVersion=0, byteOffset=592}, checkpointFilePostReadPosition=LogPosition{logVersion=0, byteOffset=592}, kernelVersion=KernelVersion{V5_25,version=20}, kernelVersionByte=20, transactionId=TransactionId[id=41, appendIndex=41, kernelVersion=KernelVersion{V5_25,version=20}, checksum=1982320162, commitTimestamp=1788277000659, consensusIndex=-1], appendIndex=41, reason=Checkpoint triggered by "Scheduled checkpoint for every 15 minutes threshol, consensusIndexInCheckpoint=true]
                                                                [system/00000000] 
                                                                [system/00000000] --------------------------------------------------------------------------------
                                                                [system/00000000]                                   [ Id usage ]                                  
                                                                [system/00000000] --------------------------------------------------------------------------------
                                                                [system/00000000] ArrayPropertyStore[neostore.nodestore.db.labels]: used=1 high=0
                                                                [system/00000000] NodeStore[neostore.nodestore.db]: used=7 high=6
                                                                [system/00000000] StringPropertyStore[neostore.propertystore.db.index.keys]: used=47 high=46
                                                                [system/00000000] PropertyIndexStore[neostore.propertystore.db.index]: used=33 high=32
                                                                [system/00000000] StringPropertyStore[neostore.propertystore.db.strings]: used=3 high=2
                                                                [system/00000000] ArrayPropertyStore[neostore.propertystore.db.arrays]: used=1 high=0
                                                                [system/00000000] PropertyStore[neostore.propertystore.db]: used=73 high=72
                                                                [system/00000000] RelationshipStore[neostore.relationshipstore.db]: used=3 high=2
                                                                [system/00000000] StringPropertyStore[neostore.relationshiptypestore.db.names]: used=3 high=2
                                                                [system/00000000] RelationshipTypeStore[neostore.relationshiptypestore.db]: used=2 high=1
                                                                [system/00000000] StringPropertyStore[neostore.labeltokenstore.db.names]: used=6 high=5
                                                                [system/00000000] LabelTokenStore[neostore.labeltokenstore.db]: used=5 high=4
                                                                [system/00000000] SchemaStore[neostore.schemastore.db]: used=13 high=12
                                                                [system/00000000] RelationshipGroupStore[neostore.relationshipgroupstore.db]: used=1 high=0
                                                                [system/00000000] NeoStore[neostore]: used=-1 high=-1
                                                                [system/00000000] 
                                                                [system/00000000] --------------------------------------------------------------------------------
                                                                [system/00000000]                                   [ Metadata ]                                  
                                                                [system/00000000] --------------------------------------------------------------------------------
                                                                [system/00000000] EXTERNAL_STORE_UUID (Database identifier exposed as external store identity. Generated on creation and never updated): 6a3217bc-66a7-4529-a254-975c2d29b57f
                                                                [system/00000000] DATABASE_ID (The last used DatabaseId for this database): null
                                                                [system/00000000] LEGACY_STORE_VERSION (Legacy store format version. This field is used from 5.0 onwards only to distinguish non-migrated pre 5.0 metadata stores.): -3523014627327384477
                                                                [system/00000000] STORE_ID (Store ID): StoreId{creationTime=1788276999542, random=974428032443312329, storageEngineName='record', formatName='aligned', majorVersion=1, minorVersion=1}
                                                                [system/00000000] 
2026-09-13 15:10:57.338+0000 INFO  [o.n.k.i.i.s.TokenIndexProvider] [system/00000000] Schema index cleanup job registered: descriptor=Index( id=1, name='index_343aff4e', type='LOOKUP', schema=(:<any-labels>), indexProvider='token-lookup-1.0' ), indexFile=D:\bigmaths (2)\neo4j\data\databases\system\schema\index\token-lookup-1.0\1\index-1
2026-09-13 15:10:57.338+0000 INFO  [o.n.k.i.i.s.TokenIndexProvider] [system/00000000] Schema index cleanup job started: descriptor=Index( id=1, name='index_343aff4e', type='LOOKUP', schema=(:<any-labels>), indexProvider='token-lookup-1.0' ), indexFile=D:\bigmaths (2)\neo4j\data\databases\system\schema\index\token-lookup-1.0\1\index-1
2026-09-13 15:10:57.338+0000 INFO  [o.n.k.i.i.s.TokenIndexProvider] [system/00000000] Schema index cleanup job finished: descriptor=Index( id=1, name='index_343aff4e', type='LOOKUP', schema=(:<any-labels>), indexProvider='token-lookup-1.0' ), indexFile=D:\bigmaths (2)\neo4j\data\databases\system\schema\index\token-lookup-1.0\1\index-1 Number of pages visited: 3, Number of tree nodes: 2, Number of cleaned crashed pointers: 0, Time spent: 0ms
2026-09-13 15:10:57.338+0000 INFO  [o.n.k.i.i.s.TokenIndexProvider] [system/00000000] Schema index cleanup job closed: descriptor=Index( id=1, name='index_343aff4e', type='LOOKUP', schema=(:<any-labels>), indexProvider='token-lookup-1.0' ), indexFile=D:\bigmaths (2)\neo4j\data\databases\system\schema\index\token-lookup-1.0\1\index-1
2026-09-13 15:10:57.354+0000 INFO  [o.n.k.i.i.s.TokenIndexProvider] [system/00000000] Schema index cleanup job registered: descriptor=Index( id=2, name='index_f7700477', type='LOOKUP', schema=()-[:<any-types>]-(), indexProvider='token-lookup-1.0' ), indexFile=D:\bigmaths (2)\neo4j\data\databases\system\schema\index\token-lookup-1.0\2\index-2
2026-09-13 15:10:57.354+0000 INFO  [o.n.k.i.i.s.TokenIndexProvider] [system/00000000] Schema index cleanup job started: descriptor=Index( id=2, name='index_f7700477', type='LOOKUP', schema=()-[:<any-types>]-(), indexProvider='token-lookup-1.0' ), indexFile=D:\bigmaths (2)\neo4j\data\databases\system\schema\index\token-lookup-1.0\2\index-2
2026-09-13 15:10:57.361+0000 INFO  [o.n.k.i.i.s.TokenIndexProvider] [system/00000000] Schema index cleanup job finished: descriptor=Index( id=2, name='index_f7700477', type='LOOKUP', schema=()-[:<any-types>]-(), indexProvider='token-lookup-1.0' ), indexFile=D:\bigmaths (2)\neo4j\data\databases\system\schema\index\token-lookup-1.0\2\index-2 Number of pages visited: 3, Number of tree nodes: 2, Number of cleaned crashed pointers: 0, Time spent: 0ms
2026-09-13 15:10:57.361+0000 INFO  [o.n.k.i.i.s.TokenIndexProvider] [system/00000000] Schema index cleanup job closed: descriptor=Index( id=2, name='index_f7700477', type='LOOKUP', schema=()-[:<any-types>]-(), indexProvider='token-lookup-1.0' ), indexFile=D:\bigmaths (2)\neo4j\data\databases\system\schema\index\token-lookup-1.0\2\index-2
2026-09-13 15:10:57.386+0000 INFO  [o.n.k.i.i.s.RangeIndexProvider] [system/00000000] Schema index cleanup job registered: descriptor=Index( id=3, name='constraint_798238d6', type='RANGE', schema=(:Label[1] {PropertyKey[11], PropertyKey[12]}), indexProvider='range-1.0', owningConstraint=5 ), indexFile=D:\bigmaths (2)\neo4j\data\databases\system\schema\index\range-1.0\3\index-3
2026-09-13 15:10:57.386+0000 INFO  [o.n.k.i.i.s.RangeIndexProvider] [system/00000000] Schema index cleanup job started: descriptor=Index( id=3, name='constraint_798238d6', type='RANGE', schema=(:Label[1] {PropertyKey[11], PropertyKey[12]}), indexProvider='range-1.0', owningConstraint=5 ), indexFile=D:\bigmaths (2)\neo4j\data\databases\system\schema\index\range-1.0\3\index-3
2026-09-13 15:10:57.386+0000 INFO  [o.n.k.i.i.s.RangeIndexProvider] [system/00000000] Schema index cleanup job finished: descriptor=Index( id=3, name='constraint_798238d6', type='RANGE', schema=(:Label[1] {PropertyKey[11], PropertyKey[12]}), indexProvider='range-1.0', owningConstraint=5 ), indexFile=D:\bigmaths (2)\neo4j\data\databases\system\schema\index\range-1.0\3\index-3 Number of pages visited: 3, Number of tree nodes: 2, Number of cleaned crashed pointers: 0, Time spent: 0ms
2026-09-13 15:10:57.386+0000 INFO  [o.n.k.i.i.s.RangeIndexProvider] [system/00000000] Schema index cleanup job closed: descriptor=Index( id=3, name='constraint_798238d6', type='RANGE', schema=(:Label[1] {PropertyKey[11], PropertyKey[12]}), indexProvider='range-1.0', owningConstraint=5 ), indexFile=D:\bigmaths (2)\neo4j\data\databases\system\schema\index\range-1.0\3\index-3
2026-09-13 15:10:57.397+0000 INFO  [o.n.k.i.i.s.RangeIndexProvider] [system/00000000] Schema index cleanup job registered: descriptor=Index( id=4, name='constraint_8014b60a', type='RANGE', schema=(:Label[2] {PropertyKey[11]}), indexProvider='range-1.0', owningConstraint=6 ), indexFile=D:\bigmaths (2)\neo4j\data\databases\system\schema\index\range-1.0\4\index-4
2026-09-13 15:10:57.397+0000 INFO  [o.n.k.i.i.s.RangeIndexProvider] [system/00000000] Schema index cleanup job started: descriptor=Index( id=4, name='constraint_8014b60a', type='RANGE', schema=(:Label[2] {PropertyKey[11]}), indexProvider='range-1.0', owningConstraint=6 ), indexFile=D:\bigmaths (2)\neo4j\data\databases\system\schema\index\range-1.0\4\index-4
2026-09-13 15:10:57.397+0000 INFO  [o.n.k.i.i.s.RangeIndexProvider] [system/00000000] Schema index cleanup job finished: descriptor=Index( id=4, name='constraint_8014b60a', type='RANGE', schema=(:Label[2] {PropertyKey[11]}), indexProvider='range-1.0', owningConstraint=6 ), indexFile=D:\bigmaths (2)\neo4j\data\databases\system\schema\index\range-1.0\4\index-4 Number of pages visited: 3, Number of tree nodes: 2, Number of cleaned crashed pointers: 0, Time spent: 0ms
2026-09-13 15:10:57.397+0000 INFO  [o.n.k.i.i.s.RangeIndexProvider] [system/00000000] Schema index cleanup job closed: descriptor=Index( id=4, name='constraint_8014b60a', type='RANGE', schema=(:Label[2] {PropertyKey[11]}), indexProvider='range-1.0', owningConstraint=6 ), indexFile=D:\bigmaths (2)\neo4j\data\databases\system\schema\index\range-1.0\4\index-4
2026-09-13 15:10:57.410+0000 INFO  [o.n.k.i.i.s.RangeIndexProvider] [system/00000000] Schema index cleanup job registered: descriptor=Index( id=7, name='constraint_5789ae3', type='RANGE', schema=(:Label[3] {PropertyKey[11]}), indexProvider='range-1.0', owningConstraint=12 ), indexFile=D:\bigmaths (2)\neo4j\data\databases\system\schema\index\range-1.0\7\index-7
2026-09-13 15:10:57.411+0000 INFO  [o.n.k.i.i.s.RangeIndexProvider] [system/00000000] Schema index cleanup job started: descriptor=Index( id=7, name='constraint_5789ae3', type='RANGE', schema=(:Label[3] {PropertyKey[11]}), indexProvider='range-1.0', owningConstraint=12 ), indexFile=D:\bigmaths (2)\neo4j\data\databases\system\schema\index\range-1.0\7\index-7
2026-09-13 15:10:57.411+0000 INFO  [o.n.k.i.i.s.RangeIndexProvider] [system/00000000] Schema index cleanup job finished: descriptor=Index( id=7, name='constraint_5789ae3', type='RANGE', schema=(:Label[3] {PropertyKey[11]}), indexProvider='range-1.0', owningConstraint=12 ), indexFile=D:\bigmaths (2)\neo4j\data\databases\system\schema\index\range-1.0\7\index-7 Number of pages visited: 3, Number of tree nodes: 2, Number of cleaned crashed pointers: 0, Time spent: 0ms
2026-09-13 15:10:57.411+0000 INFO  [o.n.k.i.i.s.RangeIndexProvider] [system/00000000] Schema index cleanup job closed: descriptor=Index( id=7, name='constraint_5789ae3', type='RANGE', schema=(:Label[3] {PropertyKey[11]}), indexProvider='range-1.0', owningConstraint=12 ), indexFile=D:\bigmaths (2)\neo4j\data\databases\system\schema\index\range-1.0\7\index-7
2026-09-13 15:10:57.417+0000 INFO  [o.n.k.i.i.s.RangeIndexProvider] [system/00000000] Schema index cleanup job registered: descriptor=Index( id=8, name='constraint_74fad970', type='RANGE', schema=(:Label[3] {PropertyKey[27]}), indexProvider='range-1.0', owningConstraint=10 ), indexFile=D:\bigmaths (2)\neo4j\data\databases\system\schema\index\range-1.0\8\index-8
2026-09-13 15:10:57.417+0000 INFO  [o.n.k.i.i.s.RangeIndexProvider] [system/00000000] Schema index cleanup job started: descriptor=Index( id=8, name='constraint_74fad970', type='RANGE', schema=(:Label[3] {PropertyKey[27]}), indexProvider='range-1.0', owningConstraint=10 ), indexFile=D:\bigmaths (2)\neo4j\data\databases\system\schema\index\range-1.0\8\index-8
2026-09-13 15:10:57.417+0000 INFO  [o.n.k.i.i.s.RangeIndexProvider] [system/00000000] Schema index cleanup job finished: descriptor=Index( id=8, name='constraint_74fad970', type='RANGE', schema=(:Label[3] {PropertyKey[27]}), indexProvider='range-1.0', owningConstraint=10 ), indexFile=D:\bigmaths (2)\neo4j\data\databases\system\schema\index\range-1.0\8\index-8 Number of pages visited: 3, Number of tree nodes: 2, Number of cleaned crashed pointers: 0, Time spent: 0ms
2026-09-13 15:10:57.417+0000 INFO  [o.n.k.i.i.s.RangeIndexProvider] [system/00000000] Schema index cleanup job closed: descriptor=Index( id=8, name='constraint_74fad970', type='RANGE', schema=(:Label[3] {PropertyKey[27]}), indexProvider='range-1.0', owningConstraint=10 ), indexFile=D:\bigmaths (2)\neo4j\data\databases\system\schema\index\range-1.0\8\index-8
2026-09-13 15:10:57.429+0000 INFO  [o.n.k.i.i.s.RangeIndexProvider] [system/00000000] Schema index cleanup job registered: descriptor=Index( id=9, name='auth-constraint', type='RANGE', schema=(:Label[4] {PropertyKey[28], PropertyKey[27]}), indexProvider='range-1.0', owningConstraint=11 ), indexFile=D:\bigmaths (2)\neo4j\data\databases\system\schema\index\range-1.0\9\index-9
2026-09-13 15:10:57.429+0000 INFO  [o.n.k.i.i.s.RangeIndexProvider] [system/00000000] Schema index cleanup job started: descriptor=Index( id=9, name='auth-constraint', type='RANGE', schema=(:Label[4] {PropertyKey[28], PropertyKey[27]}), indexProvider='range-1.0', owningConstraint=11 ), indexFile=D:\bigmaths (2)\neo4j\data\databases\system\schema\index\range-1.0\9\index-9
2026-09-13 15:10:57.429+0000 INFO  [o.n.k.i.i.s.RangeIndexProvider] [system/00000000] Schema index cleanup job finished: descriptor=Index( id=9, name='auth-constraint', type='RANGE', schema=(:Label[4] {PropertyKey[28], PropertyKey[27]}), indexProvider='range-1.0', owningConstraint=11 ), indexFile=D:\bigmaths (2)\neo4j\data\databases\system\schema\index\range-1.0\9\index-9 Number of pages visited: 3, Number of tree nodes: 2, Number of cleaned crashed pointers: 0, Time spent: 0ms
2026-09-13 15:10:57.429+0000 INFO  [o.n.k.i.i.s.RangeIndexProvider] [system/00000000] Schema index cleanup job closed: descriptor=Index( id=9, name='auth-constraint', type='RANGE', schema=(:Label[4] {PropertyKey[28], PropertyKey[27]}), indexProvider='range-1.0', owningConstraint=11 ), indexFile=D:\bigmaths (2)\neo4j\data\databases\system\schema\index\range-1.0\9\index-9
2026-09-13 15:10:57.429+0000 INFO  [o.n.k.i.a.i.IndexingService] [system/00000000] IndexingService.init: indexes not specifically mentioned above are ONLINE. Total 7 indexes. Processed in 121ms
2026-09-13 15:10:57.429+0000 INFO  [o.n.k.a.DatabaseAvailabilityGuard] [system/00000000] Requirement `Database unavailable` makes database system unavailable.
2026-09-13 15:10:57.429+0000 INFO  [o.n.k.a.DatabaseAvailabilityGuard] [system/00000000] DatabaseId{00000000[system]} is unavailable.
2026-09-13 15:10:57.445+0000 INFO  [o.n.k.d.Database] [system/00000000] Starting transaction log [D:\bigmaths (2)\neo4j\data\transactions\system\neostore.transaction.db.0] at version=0
2026-09-13 15:10:57.445+0000 INFO  [o.n.k.d.Database] [system/00000000] Starting transaction log [D:\bigmaths (2)\neo4j\data\transactions\system\checkpoint.0] at version=0
2026-09-13 15:10:57.445+0000 INFO  [o.n.k.i.t.l.f.c.CheckpointLogFile] [system/00000000] Scanning log file with version 0 for checkpoint entries
2026-09-13 15:10:57.445+0000 INFO  [o.n.k.i.a.i.IndexingService] [system/00000000] IndexingService.start: indexes not specifically mentioned above are ONLINE. Total 7 indexes. Processed in 0ms
2026-09-13 15:10:57.463+0000 INFO  [o.n.k.a.DatabaseAvailabilityGuard] [system/00000000] Fulfilling of requirement 'Database unavailable' makes database system available.
2026-09-13 15:10:57.463+0000 INFO  [o.n.k.a.DatabaseAvailabilityGuard] [system/00000000] DatabaseId{00000000[system]} is ready.
2026-09-13 15:10:57.557+0000 INFO  [o.n.s.s.s.UserSecurityGraphComponent] Performing postInitialization step for component 'security-users' with version 5 and status CURRENT
2026-09-13 15:10:57.557+0000 INFO  [o.n.s.s.s.UserSecurityGraphComponent] Updating the initial password in component 'security-users'
2026-09-13 15:10:57.576+0000 INFO  [o.n.d.d.DatabaseLifecycles] Creating 'DatabaseId{3681fcc7[neo4j]}'.
2026-09-13 15:10:57.576+0000 INFO  [o.n.d.d.DatabaseLifecycles] Starting 'DatabaseId{3681fcc7[neo4j]}'.
2026-09-13 15:10:57.605+0000 INFO  [o.n.k.i.t.l.f.c.CheckpointLogFile] [neo4j/3681fcc7] Scanning log file with version 0 for checkpoint entries
2026-09-13 15:10:57.621+0000 INFO  [o.n.k.i.s.f.RecordFormatSelector] [neo4j/3681fcc7] Selected RecordFormat:PageAlignedV5_0[aligned-1.1] record format from store D:\bigmaths (2)\neo4j\data\databases\neo4j
2026-09-13 15:10:57.621+0000 INFO  [o.n.k.i.s.f.RecordFormatSelector] [neo4j/3681fcc7] Selected format from the store files: RecordFormat:PageAlignedV5_0[aligned-1.1]
2026-09-13 15:10:58.386+0000 INFO  [o.n.i.d.DiagnosticsManager] [neo4j/3681fcc7] 
                                                                [neo4j/3681fcc7] ********************************************************************************
                                                                [neo4j/3681fcc7]                               [ Database: neo4j ]                               
                                                                [neo4j/3681fcc7] ********************************************************************************
                                                                [neo4j/3681fcc7] --------------------------------------------------------------------------------
                                                                [neo4j/3681fcc7]                                   [ Version ]                                   
                                                                [neo4j/3681fcc7] --------------------------------------------------------------------------------
                                                                [neo4j/3681fcc7] DBMS: community record-aligned-1.1
                                                                [neo4j/3681fcc7] Kernel version: 5.26.30
                                                                [neo4j/3681fcc7] 
                                                                [neo4j/3681fcc7] --------------------------------------------------------------------------------
                                                                [neo4j/3681fcc7]                                 [ Store files ]                                 
                                                                [neo4j/3681fcc7] --------------------------------------------------------------------------------
                                                                [neo4j/3681fcc7] Disk space on partition (Total / Free / Free %): 807072165888 / 610575876096 / 75
                                                                [neo4j/3681fcc7] Storage files stored on file store: NTFS
                                                                [neo4j/3681fcc7] Storage files: (filename : modification date - size)
                                                                [neo4j/3681fcc7]   database_lock: 2026-09-01 15:36:42.000+0000 - 0B
                                                                [neo4j/3681fcc7]   id-buffer.tmp.0: 2026-09-12 12:20:50.922+0000 - 0B
                                                                [neo4j/3681fcc7]   neostore: 2026-09-01 15:36:42.000+0000 - 8.000KiB
                                                                [neo4j/3681fcc7]   neostore.counts.db: 2026-09-13 15:10:58.350+0000 - 48.00KiB
                                                                [neo4j/3681fcc7]   neostore.indexstats.db: 2026-09-13 15:10:58.368+0000 - 48.00KiB
                                                                [neo4j/3681fcc7]   neostore.labeltokenstore.db: 2026-09-01 16:27:04.000+0000 - 8.000KiB
                                                                [neo4j/3681fcc7]   neostore.labeltokenstore.db.id: 2026-09-13 15:10:58.318+0000 - 40.00KiB
                                                                [neo4j/3681fcc7]   neostore.labeltokenstore.db.names: 2026-09-01 16:27:04.000+0000 - 8.000KiB
                                                                [neo4j/3681fcc7]   neostore.labeltokenstore.db.names.id: 2026-09-13 15:10:58.302+0000 - 40.00KiB
                                                                [neo4j/3681fcc7]   neostore.nodestore.db: 2026-09-11 15:40:24.000+0000 - 432.0KiB
                                                                [neo4j/3681fcc7]   neostore.nodestore.db.id: 2026-09-13 15:10:57.772+0000 - 72.00KiB
                                                                [neo4j/3681fcc7]   neostore.nodestore.db.labels: 2026-09-01 15:36:42.000+0000 - 8.000KiB
                                                                [neo4j/3681fcc7]   neostore.nodestore.db.labels.id: 2026-09-13 15:10:57.621+0000 - 40.00KiB
                                                                [neo4j/3681fcc7]   neostore.propertystore.db: 2026-09-11 15:40:24.000+0000 - 10.54MiB
                                                                [neo4j/3681fcc7]   neostore.propertystore.db.arrays: 2026-09-01 16:42:06.000+0000 - 320.0KiB
                                                                [neo4j/3681fcc7]   neostore.propertystore.db.arrays.id: 2026-09-13 15:10:58.064+0000 - 48.00KiB
                                                                [neo4j/3681fcc7]   neostore.propertystore.db.id: 2026-09-13 15:10:58.173+0000 - 216.0KiB
                                                                [neo4j/3681fcc7]   neostore.propertystore.db.index: 2026-09-11 15:40:24.000+0000 - 8.000KiB
                                                                [neo4j/3681fcc7]   neostore.propertystore.db.index.id: 2026-09-13 15:10:57.976+0000 - 40.00KiB
                                                                [neo4j/3681fcc7]   neostore.propertystore.db.index.keys: 2026-09-11 15:40:24.000+0000 - 8.000KiB
                                                                [neo4j/3681fcc7]   neostore.propertystore.db.index.keys.id: 2026-09-13 15:10:57.951+0000 - 40.00KiB
                                                                [neo4j/3681fcc7]   neostore.propertystore.db.strings: 2026-09-01 16:42:06.000+0000 - 32.00KiB
                                                                [neo4j/3681fcc7]   neostore.propertystore.db.strings.id: 2026-09-13 15:10:58.014+0000 - 48.00KiB
                                                                [neo4j/3681fcc7]   neostore.relationshipgroupstore.db: 2026-09-01 16:42:06.000+0000 - 8.000KiB
                                                                [neo4j/3681fcc7]   neostore.relationshipgroupstore.db.id: 2026-09-13 15:10:58.347+0000 - 48.00KiB
                                                                [neo4j/3681fcc7]   neostore.relationshipgroupstore.degrees.db: 2026-09-13 15:10:58.350+0000 - 48.00KiB
                                                                [neo4j/3681fcc7]   neostore.relationshipstore.db: 2026-09-01 16:42:06.000+0000 - 4.422MiB
                                                                [neo4j/3681fcc7]   neostore.relationshipstore.db.id: 2026-09-13 15:10:58.261+0000 - 176.0KiB
                                                                [neo4j/3681fcc7]   neostore.relationshiptypestore.db: 2026-09-01 16:27:04.000+0000 - 8.000KiB
                                                                [neo4j/3681fcc7]   neostore.relationshiptypestore.db.id: 2026-09-13 15:10:58.286+0000 - 40.00KiB
                                                                [neo4j/3681fcc7]   neostore.relationshiptypestore.db.names: 2026-09-01 16:27:04.000+0000 - 8.000KiB
                                                                [neo4j/3681fcc7]   neostore.relationshiptypestore.db.names.id: 2026-09-13 15:10:58.281+0000 - 40.00KiB
                                                                [neo4j/3681fcc7]   neostore.schemastore.db: 2026-09-11 15:40:24.000+0000 - 8.000KiB
                                                                [neo4j/3681fcc7]   neostore.schemastore.db.id: 2026-09-13 15:10:58.318+0000 - 40.00KiB
                                                                [neo4j/3681fcc7]   schema:
                                                                [neo4j/3681fcc7]     index:
                                                                [neo4j/3681fcc7]       range-1.0:
                                                                [neo4j/3681fcc7]         10:
                                                                [neo4j/3681fcc7]           index-10: 2026-09-12 12:20:50.909+0000 - 64.00KiB
                                                                [neo4j/3681fcc7]         - Total: 2026-09-12 11:44:42.034+0000 - 64.00KiB
                                                                [neo4j/3681fcc7]         11:
                                                                [neo4j/3681fcc7]           index-11: 2026-09-12 12:20:50.909+0000 - 760.0KiB
                                                                [neo4j/3681fcc7]         - Total: 2026-09-12 11:44:42.057+0000 - 760.0KiB
                                                                [neo4j/3681fcc7]         3:
                                                                [neo4j/3681fcc7]           index-3: 2026-09-12 12:20:50.854+0000 - 2.320MiB
                                                                [neo4j/3681fcc7]         - Total: 2026-09-12 11:44:42.085+0000 - 2.320MiB
                                                                [neo4j/3681fcc7]         5:
                                                                [neo4j/3681fcc7]           index-5: 2026-09-12 12:20:50.863+0000 - 312.0KiB
                                                                [neo4j/3681fcc7]         - Total: 2026-09-12 11:44:42.117+0000 - 312.0KiB
                                                                [neo4j/3681fcc7]         7:
                                                                [neo4j/3681fcc7]           index-7: 2026-09-12 12:20:50.879+0000 - 2.945MiB
                                                                [neo4j/3681fcc7]         - Total: 2026-09-12 11:44:42.147+0000 - 2.945MiB
                                                                [neo4j/3681fcc7]         8:
                                                                [neo4j/3681fcc7]           index-8: 2026-09-12 12:20:50.884+0000 - 1.148MiB
                                                                [neo4j/3681fcc7]         - Total: 2026-09-12 11:44:42.196+0000 - 1.148MiB
                                                                [neo4j/3681fcc7]         9:
                                                                [neo4j/3681fcc7]           index-9: 2026-09-12 12:20:50.897+0000 - 728.0KiB
                                                                [neo4j/3681fcc7]         - Total: 2026-09-12 11:44:42.212+0000 - 728.0KiB
                                                                [neo4j/3681fcc7]       - Total: 2026-09-12 11:44:42.212+0000 - 8.234MiB
                                                                [neo4j/3681fcc7]       token-lookup-1.0:
                                                                [neo4j/3681fcc7]         1:
                                                                [neo4j/3681fcc7]           index-1: 2026-09-12 12:20:50.831+0000 - 48.00KiB
                                                                [neo4j/3681fcc7]         - Total: 2026-09-12 11:44:42.260+0000 - 48.00KiB
                                                                [neo4j/3681fcc7]         2:
                                                                [neo4j/3681fcc7]           index-2: 2026-09-12 12:20:50.847+0000 - 264.0KiB
                                                                [neo4j/3681fcc7]         - Total: 2026-09-12 11:44:42.276+0000 - 264.0KiB
                                                                [neo4j/3681fcc7]       - Total: 2026-09-12 11:44:42.260+0000 - 312.0KiB
                                                                [neo4j/3681fcc7]     - Total: 2026-09-12 11:44:42.228+0000 - 8.539MiB
                                                                [neo4j/3681fcc7]   - Total: 2026-09-12 11:44:42.003+0000 - 8.539MiB
                                                                [neo4j/3681fcc7] Storage summary: 
                                                                [neo4j/3681fcc7]   Total size of store: 25.39MiB
                                                                [neo4j/3681fcc7]   Total size of mapped files: 24.34MiB
                                                                [neo4j/3681fcc7] 
                                                                [neo4j/3681fcc7] --------------------------------------------------------------------------------
                                                                [neo4j/3681fcc7]                               [ Transaction log ]                               
                                                                [neo4j/3681fcc7] --------------------------------------------------------------------------------
                                                                [neo4j/3681fcc7] Transaction log files stored on file store: NTFS
                                                                [neo4j/3681fcc7] Transaction log metadata:
                                                                [neo4j/3681fcc7]  - current kernel version used in transactions: V5_25
                                                                [neo4j/3681fcc7]  - last committed transaction id: 127
                                                                [neo4j/3681fcc7] Transaction log files:
                                                                [neo4j/3681fcc7]  - existing transaction log versions: 0-0
                                                                [neo4j/3681fcc7]  - oldest append index 2 found in log with version 0
                                                                [neo4j/3681fcc7]  - files: (filename : creation date - size)
                                                                [neo4j/3681fcc7]      neostore.transaction.db.0: 2026-09-11 15:32:10.000+0000 - 142.6MiB
                                                                [neo4j/3681fcc7]  - total size of files: 142.6MiB
                                                                [neo4j/3681fcc7] Checkpoint log files:
                                                                [neo4j/3681fcc7]  - existing checkpoint log versions: 0-0
                                                                [neo4j/3681fcc7]  - last checkpoint: CheckpointInfo[oldestNotVisibleTransactionLogPosition=LogPosition{logVersion=0, byteOffset=149555717}, transactionLogPosition=LogPosition{logVersion=0, byteOffset=149555717}, storeId=StoreId{creationTime=1788277000722, random=464425553357387614, storageEngineName='record', formatName='aligned', majorVersion=1, minorVersion=1}, checkpointEntryPosition=LogPosition{logVersion=0, byteOffset=1520}, channelPositionAfterCheckpoint=LogPosition{logVersion=0, byteOffset=1752}, checkpointFilePostReadPosition=LogPosition{logVersion=0, byteOffset=1752}, kernelVersion=KernelVersion{V5_25,version=20}, kernelVersionByte=20, transactionId=TransactionId[id=127, appendIndex=127, kernelVersion=KernelVersion{V5_25,version=20}, checksum=885770379, commitTimestamp=1789140729015, consensusIndex=-1], appendIndex=127, reason=Checkpoint triggered by "Scheduled checkpoint for every 15 minutes threshol, consensusIndexInCheckpoint=true]
                                                                [neo4j/3681fcc7] 
                                                                [neo4j/3681fcc7] --------------------------------------------------------------------------------
                                                                [neo4j/3681fcc7]                                   [ Id usage ]                                  
                                                                [neo4j/3681fcc7] --------------------------------------------------------------------------------
                                                                [neo4j/3681fcc7] ArrayPropertyStore[neostore.nodestore.db.labels]: used=1 high=0
                                                                [neo4j/3681fcc7] NodeStore[neostore.nodestore.db]: used=29094 high=29093
                                                                [neo4j/3681fcc7] StringPropertyStore[neostore.propertystore.db.index.keys]: used=52 high=51
                                                                [neo4j/3681fcc7] PropertyIndexStore[neostore.propertystore.db.index]: used=38 high=37
                                                                [neo4j/3681fcc7] StringPropertyStore[neostore.propertystore.db.strings]: used=247 high=246
                                                                [neo4j/3681fcc7] ArrayPropertyStore[neostore.propertystore.db.arrays]: used=2501 high=2500
                                                                [neo4j/3681fcc7] PropertyStore[neostore.propertystore.db]: used=268346 high=268345
                                                                [neo4j/3681fcc7] RelationshipStore[neostore.relationshipstore.db]: used=135822 high=135821
                                                                [neo4j/3681fcc7] StringPropertyStore[neostore.relationshiptypestore.db.names]: used=3 high=2
                                                                [neo4j/3681fcc7] RelationshipTypeStore[neostore.relationshiptypestore.db]: used=2 high=1
                                                                [neo4j/3681fcc7] StringPropertyStore[neostore.labeltokenstore.db.names]: used=3 high=2
                                                                [neo4j/3681fcc7] LabelTokenStore[neostore.labeltokenstore.db]: used=2 high=1
                                                                [neo4j/3681fcc7] SchemaStore[neostore.schemastore.db]: used=12 high=11
                                                                [neo4j/3681fcc7] RelationshipGroupStore[neostore.relationshipgroupstore.db]: used=65 high=64
                                                                [neo4j/3681fcc7] NeoStore[neostore]: used=-1 high=-1
                                                                [neo4j/3681fcc7] 
                                                                [neo4j/3681fcc7] --------------------------------------------------------------------------------
                                                                [neo4j/3681fcc7]                                   [ Metadata ]                                  
                                                                [neo4j/3681fcc7] --------------------------------------------------------------------------------
                                                                [neo4j/3681fcc7] EXTERNAL_STORE_UUID (Database identifier exposed as external store identity. Generated on creation and never updated): ca389aac-c311-437a-aa33-d425b26ae14a
                                                                [neo4j/3681fcc7] DATABASE_ID (The last used DatabaseId for this database): null
                                                                [neo4j/3681fcc7] LEGACY_STORE_VERSION (Legacy store format version. This field is used from 5.0 onwards only to distinguish non-migrated pre 5.0 metadata stores.): -3523014627327384477
                                                                [neo4j/3681fcc7] STORE_ID (Store ID): StoreId{creationTime=1788277000722, random=464425553357387614, storageEngineName='record', formatName='aligned', majorVersion=1, minorVersion=1}
                                                                [neo4j/3681fcc7] 
2026-09-13 15:10:58.402+0000 INFO  [o.n.k.i.i.s.TokenIndexProvider] [neo4j/3681fcc7] Schema index cleanup job registered: descriptor=Index( id=1, name='index_343aff4e', type='LOOKUP', schema=(:<any-labels>), indexProvider='token-lookup-1.0' ), indexFile=D:\bigmaths (2)\neo4j\data\databases\neo4j\schema\index\token-lookup-1.0\1\index-1
2026-09-13 15:10:58.402+0000 INFO  [o.n.k.i.i.s.TokenIndexProvider] [neo4j/3681fcc7] Schema index cleanup job started: descriptor=Index( id=1, name='index_343aff4e', type='LOOKUP', schema=(:<any-labels>), indexProvider='token-lookup-1.0' ), indexFile=D:\bigmaths (2)\neo4j\data\databases\neo4j\schema\index\token-lookup-1.0\1\index-1
2026-09-13 15:10:58.402+0000 INFO  [o.n.k.i.i.s.TokenIndexProvider] [neo4j/3681fcc7] Schema index cleanup job finished: descriptor=Index( id=1, name='index_343aff4e', type='LOOKUP', schema=(:<any-labels>), indexProvider='token-lookup-1.0' ), indexFile=D:\bigmaths (2)\neo4j\data\databases\neo4j\schema\index\token-lookup-1.0\1\index-1 Number of pages visited: 3, Number of tree nodes: 2, Number of cleaned crashed pointers: 0, Time spent: 0ms
2026-09-13 15:10:58.402+0000 INFO  [o.n.k.i.i.s.TokenIndexProvider] [neo4j/3681fcc7] Schema index cleanup job closed: descriptor=Index( id=1, name='index_343aff4e', type='LOOKUP', schema=(:<any-labels>), indexProvider='token-lookup-1.0' ), indexFile=D:\bigmaths (2)\neo4j\data\databases\neo4j\schema\index\token-lookup-1.0\1\index-1
2026-09-13 15:10:58.412+0000 INFO  [o.n.k.i.i.s.TokenIndexProvider] [neo4j/3681fcc7] Schema index cleanup job registered: descriptor=Index( id=2, name='index_f7700477', type='LOOKUP', schema=()-[:<any-types>]-(), indexProvider='token-lookup-1.0' ), indexFile=D:\bigmaths (2)\neo4j\data\databases\neo4j\schema\index\token-lookup-1.0\2\index-2
2026-09-13 15:10:58.412+0000 INFO  [o.n.k.i.i.s.TokenIndexProvider] [neo4j/3681fcc7] Schema index cleanup job started: descriptor=Index( id=2, name='index_f7700477', type='LOOKUP', schema=()-[:<any-types>]-(), indexProvider='token-lookup-1.0' ), indexFile=D:\bigmaths (2)\neo4j\data\databases\neo4j\schema\index\token-lookup-1.0\2\index-2
2026-09-13 15:10:58.415+0000 INFO  [o.n.k.i.i.s.TokenIndexProvider] [neo4j/3681fcc7] Schema index cleanup job finished: descriptor=Index( id=2, name='index_f7700477', type='LOOKUP', schema=()-[:<any-types>]-(), indexProvider='token-lookup-1.0' ), indexFile=D:\bigmaths (2)\neo4j\data\databases\neo4j\schema\index\token-lookup-1.0\2\index-2 Number of pages visited: 30, Number of tree nodes: 29, Number of cleaned crashed pointers: 0, Time spent: 2ms
2026-09-13 15:10:58.415+0000 INFO  [o.n.k.i.i.s.TokenIndexProvider] [neo4j/3681fcc7] Schema index cleanup job closed: descriptor=Index( id=2, name='index_f7700477', type='LOOKUP', schema=()-[:<any-types>]-(), indexProvider='token-lookup-1.0' ), indexFile=D:\bigmaths (2)\neo4j\data\databases\neo4j\schema\index\token-lookup-1.0\2\index-2
2026-09-13 15:10:58.419+0000 INFO  [o.n.k.i.i.s.RangeIndexProvider] [neo4j/3681fcc7] Schema index cleanup job registered: descriptor=Index( id=3, name='actor_id', type='RANGE', schema=(:Label[0] {PropertyKey[10]}), indexProvider='range-1.0', owningConstraint=4 ), indexFile=D:\bigmaths (2)\neo4j\data\databases\neo4j\schema\index\range-1.0\3\index-3
2026-09-13 15:10:58.419+0000 INFO  [o.n.k.i.i.s.RangeIndexProvider] [neo4j/3681fcc7] Schema index cleanup job started: descriptor=Index( id=3, name='actor_id', type='RANGE', schema=(:Label[0] {PropertyKey[10]}), indexProvider='range-1.0', owningConstraint=4 ), indexFile=D:\bigmaths (2)\neo4j\data\databases\neo4j\schema\index\range-1.0\3\index-3
2026-09-13 15:10:58.425+0000 INFO  [o.n.k.i.i.s.RangeIndexProvider] [neo4j/3681fcc7] Schema index cleanup job registered: descriptor=Index( id=5, name='movie_id', type='RANGE', schema=(:Label[1] {PropertyKey[10]}), indexProvider='range-1.0', owningConstraint=6 ), indexFile=D:\bigmaths (2)\neo4j\data\databases\neo4j\schema\index\range-1.0\5\index-5
2026-09-13 15:10:58.439+0000 INFO  [o.n.k.i.i.s.RangeIndexProvider] [neo4j/3681fcc7] Schema index cleanup job registered: descriptor=Index( id=7, name='actor_name', type='RANGE', schema=(:Label[0] {PropertyKey[15]}), indexProvider='range-1.0' ), indexFile=D:\bigmaths (2)\neo4j\data\databases\neo4j\schema\index\range-1.0\7\index-7
2026-09-13 15:10:58.443+0000 INFO  [o.n.k.i.i.s.RangeIndexProvider] [neo4j/3681fcc7] Schema index cleanup job finished: descriptor=Index( id=3, name='actor_id', type='RANGE', schema=(:Label[0] {PropertyKey[10]}), indexProvider='range-1.0', owningConstraint=4 ), indexFile=D:\bigmaths (2)\neo4j\data\databases\neo4j\schema\index\range-1.0\3\index-3 Number of pages visited: 294, Number of tree nodes: 293, Number of cleaned crashed pointers: 0, Time spent: 21ms
2026-09-13 15:10:58.443+0000 INFO  [o.n.k.i.i.s.RangeIndexProvider] [neo4j/3681fcc7] Schema index cleanup job closed: descriptor=Index( id=3, name='actor_id', type='RANGE', schema=(:Label[0] {PropertyKey[10]}), indexProvider='range-1.0', owningConstraint=4 ), indexFile=D:\bigmaths (2)\neo4j\data\databases\neo4j\schema\index\range-1.0\3\index-3
2026-09-13 15:10:58.443+0000 INFO  [o.n.k.i.i.s.RangeIndexProvider] [neo4j/3681fcc7] Schema index cleanup job started: descriptor=Index( id=5, name='movie_id', type='RANGE', schema=(:Label[1] {PropertyKey[10]}), indexProvider='range-1.0', owningConstraint=6 ), indexFile=D:\bigmaths (2)\neo4j\data\databases\neo4j\schema\index\range-1.0\5\index-5
2026-09-13 15:10:58.445+0000 INFO  [o.n.k.i.i.s.RangeIndexProvider] [neo4j/3681fcc7] Schema index cleanup job finished: descriptor=Index( id=5, name='movie_id', type='RANGE', schema=(:Label[1] {PropertyKey[10]}), indexProvider='range-1.0', owningConstraint=6 ), indexFile=D:\bigmaths (2)\neo4j\data\databases\neo4j\schema\index\range-1.0\5\index-5 Number of pages visited: 36, Number of tree nodes: 35, Number of cleaned crashed pointers: 0, Time spent: 1ms
2026-09-13 15:10:58.445+0000 INFO  [o.n.k.i.i.s.RangeIndexProvider] [neo4j/3681fcc7] Schema index cleanup job closed: descriptor=Index( id=5, name='movie_id', type='RANGE', schema=(:Label[1] {PropertyKey[10]}), indexProvider='range-1.0', owningConstraint=6 ), indexFile=D:\bigmaths (2)\neo4j\data\databases\neo4j\schema\index\range-1.0\5\index-5
2026-09-13 15:10:58.445+0000 INFO  [o.n.k.i.i.s.RangeIndexProvider] [neo4j/3681fcc7] Schema index cleanup job started: descriptor=Index( id=7, name='actor_name', type='RANGE', schema=(:Label[0] {PropertyKey[15]}), indexProvider='range-1.0' ), indexFile=D:\bigmaths (2)\neo4j\data\databases\neo4j\schema\index\range-1.0\7\index-7
2026-09-13 15:10:58.445+0000 INFO  [o.n.k.i.i.s.RangeIndexProvider] [neo4j/3681fcc7] Schema index cleanup job registered: descriptor=Index( id=8, name='actor_community', type='RANGE', schema=(:Label[0] {PropertyKey[16]}), indexProvider='range-1.0' ), indexFile=D:\bigmaths (2)\neo4j\data\databases\neo4j\schema\index\range-1.0\8\index-8
2026-09-13 15:10:58.450+0000 INFO  [o.n.k.i.i.s.RangeIndexProvider] [neo4j/3681fcc7] Schema index cleanup job registered: descriptor=Index( id=9, name='actor_kshell', type='RANGE', schema=(:Label[0] {PropertyKey[30]}), indexProvider='range-1.0' ), indexFile=D:\bigmaths (2)\neo4j\data\databases\neo4j\schema\index\range-1.0\9\index-9
2026-09-13 15:10:58.463+0000 INFO  [o.n.k.i.i.s.RangeIndexProvider] [neo4j/3681fcc7] Schema index cleanup job registered: descriptor=Index( id=10, name='actor_betweenness', type='RANGE', schema=(:Label[0] {PropertyKey[31]}), indexProvider='range-1.0' ), indexFile=D:\bigmaths (2)\neo4j\data\databases\neo4j\schema\index\range-1.0\10\index-10
2026-09-13 15:10:58.467+0000 INFO  [o.n.k.i.i.s.RangeIndexProvider] [neo4j/3681fcc7] Schema index cleanup job finished: descriptor=Index( id=7, name='actor_name', type='RANGE', schema=(:Label[0] {PropertyKey[15]}), indexProvider='range-1.0' ), indexFile=D:\bigmaths (2)\neo4j\data\databases\neo4j\schema\index\range-1.0\7\index-7 Number of pages visited: 374, Number of tree nodes: 373, Number of cleaned crashed pointers: 0, Time spent: 22ms
2026-09-13 15:10:58.467+0000 INFO  [o.n.k.i.i.s.RangeIndexProvider] [neo4j/3681fcc7] Schema index cleanup job closed: descriptor=Index( id=7, name='actor_name', type='RANGE', schema=(:Label[0] {PropertyKey[15]}), indexProvider='range-1.0' ), indexFile=D:\bigmaths (2)\neo4j\data\databases\neo4j\schema\index\range-1.0\7\index-7
2026-09-13 15:10:58.467+0000 INFO  [o.n.k.i.i.s.RangeIndexProvider] [neo4j/3681fcc7] Schema index cleanup job started: descriptor=Index( id=8, name='actor_community', type='RANGE', schema=(:Label[0] {PropertyKey[16]}), indexProvider='range-1.0' ), indexFile=D:\bigmaths (2)\neo4j\data\databases\neo4j\schema\index\range-1.0\8\index-8
2026-09-13 15:10:58.469+0000 INFO  [o.n.k.i.i.s.RangeIndexProvider] [neo4j/3681fcc7] Schema index cleanup job registered: descriptor=Index( id=11, name='actor_genre_diversity', type='RANGE', schema=(:Label[0] {PropertyKey[35]}), indexProvider='range-1.0' ), indexFile=D:\bigmaths (2)\neo4j\data\databases\neo4j\schema\index\range-1.0\11\index-11
2026-09-13 15:10:58.469+0000 INFO  [o.n.k.i.a.i.IndexingService] [neo4j/3681fcc7] IndexingService.init: indexes not specifically mentioned above are ONLINE. Total 9 indexes. Processed in 82ms
2026-09-13 15:10:58.476+0000 INFO  [o.n.k.a.DatabaseAvailabilityGuard] [neo4j/3681fcc7] Requirement `Database unavailable` makes database neo4j unavailable.
2026-09-13 15:10:58.476+0000 INFO  [o.n.k.a.DatabaseAvailabilityGuard] [neo4j/3681fcc7] DatabaseId{3681fcc7[neo4j]} is unavailable.
2026-09-13 15:10:58.476+0000 INFO  [o.n.k.i.i.s.RangeIndexProvider] [neo4j/3681fcc7] Schema index cleanup job finished: descriptor=Index( id=8, name='actor_community', type='RANGE', schema=(:Label[0] {PropertyKey[16]}), indexProvider='range-1.0' ), indexFile=D:\bigmaths (2)\neo4j\data\databases\neo4j\schema\index\range-1.0\8\index-8 Number of pages visited: 144, Number of tree nodes: 143, Number of cleaned crashed pointers: 0, Time spent: 8ms
2026-09-13 15:10:58.476+0000 INFO  [o.n.k.i.i.s.RangeIndexProvider] [neo4j/3681fcc7] Schema index cleanup job closed: descriptor=Index( id=8, name='actor_community', type='RANGE', schema=(:Label[0] {PropertyKey[16]}), indexProvider='range-1.0' ), indexFile=D:\bigmaths (2)\neo4j\data\databases\neo4j\schema\index\range-1.0\8\index-8
2026-09-13 15:10:58.476+0000 INFO  [o.n.k.i.i.s.RangeIndexProvider] [neo4j/3681fcc7] Schema index cleanup job started: descriptor=Index( id=9, name='actor_kshell', type='RANGE', schema=(:Label[0] {PropertyKey[30]}), indexProvider='range-1.0' ), indexFile=D:\bigmaths (2)\neo4j\data\databases\neo4j\schema\index\range-1.0\9\index-9
2026-09-13 15:10:58.477+0000 INFO  [o.n.k.d.Database] [neo4j/3681fcc7] Starting transaction log [D:\bigmaths (2)\neo4j\data\transactions\neo4j\neostore.transaction.db.0] at version=0
2026-09-13 15:10:58.478+0000 INFO  [o.n.k.d.Database] [neo4j/3681fcc7] Starting transaction log [D:\bigmaths (2)\neo4j\data\transactions\neo4j\checkpoint.0] at version=0
2026-09-13 15:10:58.478+0000 INFO  [o.n.k.i.t.l.f.c.CheckpointLogFile] [neo4j/3681fcc7] Scanning log file with version 0 for checkpoint entries
2026-09-13 15:10:58.483+0000 INFO  [o.n.k.i.i.s.RangeIndexProvider] [neo4j/3681fcc7] Schema index cleanup job finished: descriptor=Index( id=9, name='actor_kshell', type='RANGE', schema=(:Label[0] {PropertyKey[30]}), indexProvider='range-1.0' ), indexFile=D:\bigmaths (2)\neo4j\data\databases\neo4j\schema\index\range-1.0\9\index-9 Number of pages visited: 88, Number of tree nodes: 87, Number of cleaned crashed pointers: 0, Time spent: 6ms
2026-09-13 15:10:58.483+0000 INFO  [o.n.k.i.i.s.RangeIndexProvider] [neo4j/3681fcc7] Schema index cleanup job closed: descriptor=Index( id=9, name='actor_kshell', type='RANGE', schema=(:Label[0] {PropertyKey[30]}), indexProvider='range-1.0' ), indexFile=D:\bigmaths (2)\neo4j\data\databases\neo4j\schema\index\range-1.0\9\index-9
2026-09-13 15:10:58.483+0000 INFO  [o.n.k.i.i.s.RangeIndexProvider] [neo4j/3681fcc7] Schema index cleanup job started: descriptor=Index( id=10, name='actor_betweenness', type='RANGE', schema=(:Label[0] {PropertyKey[31]}), indexProvider='range-1.0' ), indexFile=D:\bigmaths (2)\neo4j\data\databases\neo4j\schema\index\range-1.0\10\index-10
2026-09-13 15:10:58.483+0000 INFO  [o.n.k.i.a.i.IndexingService] [neo4j/3681fcc7] IndexingService.start: indexes not specifically mentioned above are ONLINE. Total 9 indexes. Processed in 0ms
2026-09-13 15:10:58.483+0000 INFO  [o.n.k.i.i.s.RangeIndexProvider] [neo4j/3681fcc7] Schema index cleanup job finished: descriptor=Index( id=10, name='actor_betweenness', type='RANGE', schema=(:Label[0] {PropertyKey[31]}), indexProvider='range-1.0' ), indexFile=D:\bigmaths (2)\neo4j\data\databases\neo4j\schema\index\range-1.0\10\index-10 Number of pages visited: 5, Number of tree nodes: 4, Number of cleaned crashed pointers: 0, Time spent: 0ms
2026-09-13 15:10:58.483+0000 INFO  [o.n.k.i.i.s.RangeIndexProvider] [neo4j/3681fcc7] Schema index cleanup job closed: descriptor=Index( id=10, name='actor_betweenness', type='RANGE', schema=(:Label[0] {PropertyKey[31]}), indexProvider='range-1.0' ), indexFile=D:\bigmaths (2)\neo4j\data\databases\neo4j\schema\index\range-1.0\10\index-10
2026-09-13 15:10:58.483+0000 INFO  [o.n.k.i.i.s.RangeIndexProvider] [neo4j/3681fcc7] Schema index cleanup job started: descriptor=Index( id=11, name='actor_genre_diversity', type='RANGE', schema=(:Label[0] {PropertyKey[35]}), indexProvider='range-1.0' ), indexFile=D:\bigmaths (2)\neo4j\data\databases\neo4j\schema\index\range-1.0\11\index-11
2026-09-13 15:10:58.484+0000 INFO  [o.n.k.a.DatabaseAvailabilityGuard] [neo4j/3681fcc7] Fulfilling of requirement 'Database unavailable' makes database neo4j available.
2026-09-13 15:10:58.484+0000 INFO  [o.n.k.a.DatabaseAvailabilityGuard] [neo4j/3681fcc7] DatabaseId{3681fcc7[neo4j]} is ready.
2026-09-13 15:10:58.484+0000 INFO  [o.n.u.UserDataCollector] Anonymous Usage Data is being sent to Neo4j, see https://neo4j.com/docs/usage-data/
2026-09-13 15:10:58.487+0000 INFO  [o.n.k.i.i.s.RangeIndexProvider] [neo4j/3681fcc7] Schema index cleanup job finished: descriptor=Index( id=11, name='actor_genre_diversity', type='RANGE', schema=(:Label[0] {PropertyKey[35]}), indexProvider='range-1.0' ), indexFile=D:\bigmaths (2)\neo4j\data\databases\neo4j\schema\index\range-1.0\11\index-11 Number of pages visited: 92, Number of tree nodes: 91, Number of cleaned crashed pointers: 0, Time spent: 5ms
2026-09-13 15:10:58.487+0000 INFO  [o.n.k.i.i.s.RangeIndexProvider] [neo4j/3681fcc7] Schema index cleanup job closed: descriptor=Index( id=11, name='actor_genre_diversity', type='RANGE', schema=(:Label[0] {PropertyKey[35]}), indexProvider='range-1.0' ), indexFile=D:\bigmaths (2)\neo4j\data\databases\neo4j\schema\index\range-1.0\11\index-11
2026-09-13 15:10:58.528+0000 INFO  [o.n.b.p.c.c.n.SocketNettyConnector] Bolt enabled on steamcdn-a.akamaihd.net:7687.
2026-09-13 15:10:58.529+0000 WARN  [i.n.b.ServerBootstrap] Unknown channel option 'SO_REUSEADDR' for channel '[id: 0xc77f9382]' of type 'class io.netty.channel.local.LocalServerChannel'
2026-09-13 15:10:58.533+0000 INFO  [o.n.b.BoltServer] Bolt server started
2026-09-13 15:10:58.533+0000 INFO  [o.n.s.A.ServerComponentsLifecycleAdapter] Starting web server
2026-09-13 15:11:00.588+0000 INFO  [o.n.s.CommunityNeoWebServer] HTTP enabled on 127.0.0.1:7474.
2026-09-13 15:11:00.588+0000 INFO  [o.n.s.CommunityNeoWebServer] Remote interface available at http://localhost:7474/
2026-09-13 15:11:00.588+0000 INFO  [o.n.s.A.ServerComponentsLifecycleAdapter] Web server started.
2026-09-13 15:11:00.588+0000 INFO  [o.n.g.f.DatabaseManagementServiceFactory] id: 32EDBFDCC648FCE3529EDFE5CC7B0995964120C6F88C2DE2EBC51FCFB04A5AB6
2026-09-13 15:11:00.588+0000 INFO  [o.n.g.f.DatabaseManagementServiceFactory] name: system
2026-09-13 15:11:00.588+0000 INFO  [o.n.g.f.DatabaseManagementServiceFactory] creationDate: 2026-09-01T15:36:39.542Z
2026-09-16 05:58:17.391+0000 INFO  [o.n.g.f.m.GlobalModule] Logging config in use: File 'D:\bigmaths3\neo4j\conf\server-logs.xml'
2026-09-16 05:58:17.836+0000 INFO  [o.n.i.d.DiagnosticsManager] 
                                                                ********************************************************************************
                                                                                             [ System diagnostics ]                             
                                                                ********************************************************************************
2026-09-16 05:58:17.836+0000 INFO  [o.n.i.d.DiagnosticsManager] 
                                                                --------------------------------------------------------------------------------
                                                                                         [ System memory information ]                          
                                                                --------------------------------------------------------------------------------
                                                                Total Physical memory: 15.73GiB
                                                                Free Physical memory: 3.465GiB
                                                                Committed virtual memory: 679.2MiB
                                                                Total swap space: 19.98GiB
                                                                Free swap space: 5.025GiB
                                                                
2026-09-16 05:58:17.836+0000 INFO  [o.n.i.d.DiagnosticsManager] 
                                                                --------------------------------------------------------------------------------
                                                                                           [ JVM memory information ]                           
                                                                --------------------------------------------------------------------------------
                                                                Free  memory: 485.6MiB
                                                                Total memory: 512.0MiB
                                                                Max   memory: 2.000GiB
                                                                Garbage Collector: G1 Young Generation: [G1 Eden Space, G1 Survivor Space, G1 Old Gen]
                                                                Garbage Collector: G1 Concurrent GC: [G1 Old Gen]
                                                                Garbage Collector: G1 Old Generation: [G1 Eden Space, G1 Survivor Space, G1 Old Gen]
                                                                Memory Pool: CodeHeap 'non-nmethods' (Non-heap memory): committed=3.188MiB, used=3.159MiB, max=7.313MiB, threshold=0B
                                                                Memory Pool: Metaspace (Non-heap memory): committed=22.19MiB, used=21.82MiB, max=-1B, threshold=0B
                                                                Memory Pool: CodeHeap 'profiled nmethods' (Non-heap memory): committed=6.563MiB, used=6.526MiB, max=116.3MiB, threshold=0B
                                                                Memory Pool: Compressed Class Space (Non-heap memory): committed=2.438MiB, used=2.260MiB, max=1.000GiB, threshold=0B
                                                                Memory Pool: G1 Eden Space (Heap memory): committed=317.0MiB, used=6.000MiB, max=-1B, threshold=?
                                                                Memory Pool: G1 Old Gen (Heap memory): committed=189.0MiB, used=14.43MiB, max=2.000GiB, threshold=0B
                                                                Memory Pool: G1 Survivor Space (Heap memory): committed=6.000MiB, used=6.000MiB, max=-1B, threshold=?
                                                                Memory Pool: CodeHeap 'non-profiled nmethods' (Non-heap memory): committed=2.438MiB, used=1.619MiB, max=116.4MiB, threshold=0B
                                                                
2026-09-16 05:58:17.836+0000 INFO  [o.n.i.d.DiagnosticsManager] 
                                                                --------------------------------------------------------------------------------
                                                                                        [ Operating system information ]                        
                                                                --------------------------------------------------------------------------------
                                                                Operating System: Windows 11; version: 10.0; arch: amd64; cpus: 16
                                                                Process id: 12104
                                                                Byte order: LITTLE_ENDIAN
                                                                Local timezone: Asia/Shanghai
                                                                Memory page size: 4096
                                                                Unaligned memory access allowed: true
                                                                
2026-09-16 05:58:17.836+0000 INFO  [o.n.i.d.DiagnosticsManager] 
                                                                --------------------------------------------------------------------------------
                                                                                              [ JVM information ]                               
                                                                --------------------------------------------------------------------------------
                                                                VM Name: Java HotSpot(TM) 64-Bit Server VM
                                                                VM Vendor: Oracle Corporation
                                                                VM Version: 21.0.6+8-LTS-188
                                                                JIT compiler: HotSpot 64-Bit Tiered Compilers
                                                                VM Arguments: [-XX:+UseG1GC, -XX:-OmitStackTraceInFastThrow, -XX:+AlwaysPreTouch, -XX:+UnlockExperimentalVMOptions, -XX:+TrustFinalNonStaticFields, -XX:+DisableExplicitGC, -Djdk.nio.maxCachedBufferSize=1024, -Dio.netty.tryReflectionSetAccessible=true, -Djdk.tls.ephemeralDHKeySize=2048, -Djdk.tls.rejectClientInitiatedRenegotiation=true, -XX:FlightRecorderOptions=stackdepth=256, -XX:+UnlockDiagnosticVMOptions, -XX:+DebugNonSafepoints, --add-opens=java.base/java.nio=ALL-UNNAMED, --add-opens=java.base/java.io=ALL-UNNAMED, --add-opens=java.base/sun.nio.ch=ALL-UNNAMED, --enable-native-access=ALL-UNNAMED, -Dlog4j2.disable.jmx=true, -Dlog4j.layout.jsonTemplate.maxStringLength=32768, -Dfile.encoding=UTF-8, -Xms524288k, -Xmx2097152k]
                                                                
2026-09-16 05:58:17.836+0000 INFO  [o.n.i.d.DiagnosticsManager] 
                                                                --------------------------------------------------------------------------------
                                                                                               [ Java classpath ]                               
                                                                --------------------------------------------------------------------------------
                                                                 [classpath] D:\bigmaths3\neo4j\lib\neo4j-graphdb-api-5.26.30.jar
                                                                 [classpath] D:\bigmaths3\neo4j\lib\jetty-io-12.1.11.jar
                                                                 [classpath] D:\bigmaths3\neo4j\lib\jaxb-runtime-2.3.2.jar
                                                                 [classpath] D:\bigmaths3\neo4j\lib\neo4j-slf4j-provider-5.26.30.jar
                                                                 [classpath] D:\bigmaths3\neo4j\lib\neo4j-cypher-planner-spi-5.26.30.jar
                                                                 [classpath] D:\bigmaths3\neo4j\lib\parquet-encoding-1.18.0.jar
                                                                 [classpath] D:\bigmaths3\neo4j\lib\neo4j-cypher-runtime-util-5.26.30.jar
                                                                 [classpath] D:\bigmaths3\neo4j\lib\jackson-module-jaxb-annotations-2.22.1.jar
                                                                 [classpath] D:\bigmaths3\neo4j\lib\scala-library-2.13.11.jar
                                                                 [classpath] D:\bigmaths3\neo4j\lib\neo4j-procedure-api-5.26.30.jar
                                                                 [classpath] D:\bigmaths3\neo4j\lib\neo4j-data-collector-5.26.30.jar
                                                                 [classpath] D:\bigmaths3\neo4j\lib\magnolia_2.13-1.1.8.jar
                                                                 [classpath] D:\bigmaths3\neo4j\lib\neo4j-gql-status-5.26.30.jar
                                                                 [classpath] D:\bigmaths3\neo4j\lib\neo4j-cypher-logical-plans-5.26.30.jar
                                                                 [classpath] D:\bigmaths3\neo4j\lib\neo4j-import-util-5.26.30.jar
                                                                 [classpath] D:\bigmaths3\neo4j\lib\neo4j-cypher-ir-5.26.30.jar
                                                                 [classpath] D:\bigmaths3\neo4j\lib\neo4j-java-driver-5.28.15.jar
                                                                 [classpath] D:\bigmaths3\neo4j\lib\neo4j-cypher-rendering-5.26.30.jar
                                                                 [classpath] D:\bigmaths3\neo4j\lib\hk2-locator-2.6.1.jar
                                                                 [classpath] D:\bigmaths3\neo4j\lib\jersey-hk2-2.46.jar
                                                                 [classpath] D:\bigmaths3\neo4j\lib\antlr4-runtime-4.13.2.jar
                                                                 [classpath] D:\bigmaths3\neo4j\lib\lucene-core-9.11.1.jar
                                                                 [classpath] D:\bigmaths3\neo4j\lib\neo4j-cypher-ast-factory-5.26.30.jar
                                                                 [classpath] D:\bigmaths3\neo4j\lib\jetty-ee8-security-12.1.11.jar
                                                                 [classpath] D:\bigmaths3\neo4j\lib\jetty-server-12.1.11.jar
                                                                 [classpath] D:\bigmaths3\neo4j\lib\jakarta.activation-api-1.2.2.jar
                                                                 [classpath] D:\bigmaths3\neo4j\lib\neo4j-bootcheck-5.26.30.jar
                                                                 [classpath] D:\bigmaths3\neo4j\lib\jetty-http-12.1.11.jar
                                                                 [classpath] D:\bigmaths3\neo4j\lib\caffeine-3.1.8.jar
                                                                 [classpath] D:\bigmaths3\neo4j\lib\netty-resolver-4.1.137.Final.jar
                                                                 [classpath] D:\bigmaths3\neo4j\lib\jersey-container-servlet-2.46.jar
                                                                 [classpath] D:\bigmaths3\neo4j\lib\neo4j-schema-5.26.30.jar
                                                                 [classpath] D:\bigmaths3\neo4j\lib\neo4j-cypher-javacc-parser-5.26.30.jar
                                                                 [classpath] D:\bigmaths3\neo4j\lib\neo4j-import-api-5.26.30.jar
                                                                 [classpath] D:\bigmaths3\neo4j\lib\log4j-api-2.26.1.jar
                                                                 [classpath] D:\bigmaths3\neo4j\lib\jakarta.xml.bind-api-2.3.2.jar
                                                                 [classpath] D:\bigmaths3\neo4j\lib\netty-handler-4.1.137.Final.jar
                                                                 [classpath] D:\bigmaths3\neo4j\lib\jetty-util-12.1.11.jar
                                                                 [classpath] D:\bigmaths3\neo4j\lib\jakarta.validation-api-2.0.2.jar
                                                                 [classpath] D:\bigmaths3\neo4j\lib\shiro-lang-3.0.0.jar
                                                                 [classpath] D:\bigmaths3\neo4j\lib\jline-terminal-3.21.0.jar
                                                                 [classpath] D:\bigmaths3\neo4j\lib\neo4j-spatial-index-5.26.30.jar
                                                                 [classpath] D:\bigmaths3\neo4j\lib\lucene-analysis-common-9.11.1.jar
                                                                 [classpath] D:\bigmaths3\neo4j\lib\commons-configuration2-2.15.1.jar
                                                                 [classpath] D:\bigmaths3\neo4j\lib\neo4j-cypher-expression-evaluator-5.26.30.jar
                                                                 [classpath] D:\bigmaths3\neo4j\lib\jersey-container-servlet-core-2.46.jar
                                                                 [classpath] D:\bigmaths3\neo4j\lib\eclipse-collections-11.1.0.jar
                                                                 [classpath] D:\bigmaths3\neo4j\lib\netty-transport-native-unix-common-4.1.137.Final.jar
                                                                 [classpath] D:\bigmaths3\neo4j\lib\netty-transport-4.1.137.Final.jar
                                                                 [classpath] D:\bigmaths3\neo4j\lib\neo4j-exceptions-5.26.30.jar
                                                                 [classpath] D:\bigmaths3\neo4j\lib\neo4j-bolt-5.26.30.jar
                                                                 [classpath] D:\bigmaths3\neo4j\lib\neo4j-5.26.30.jar
                                                                 [classpath] D:\bigmaths3\neo4j\lib\jackson-jaxrs-base-2.22.1.jar
                                                                 [classpath] D:\bigmaths3\neo4j\lib\neo4j-security-5.26.30.jar
                                                                 [classpath] D:\bigmaths3\neo4j\lib\netty-codec-4.1.137.Final.jar
                                                                 [classpath] D:\bigmaths3\neo4j\lib\neo4j-id-generator-5.26.30.jar
                                                                 [classpath] D:\bigmaths3\neo4j\lib\lucene-queryparser-9.11.1.jar
                                                                 [classpath] D:\bigmaths3\neo4j\lib\netty-transport-native-epoll-4.1.137.Final-linux-aarch_64.jar
                                                                 [classpath] D:\bigmaths3\neo4j\lib\cypher-parser-ast-common-5.26.30.jar
                                                                 [classpath] D:\bigmaths3\neo4j\lib\neo4j-cypher-dsl-2024.2.0.jar
                                                                 [classpath] D:\bigmaths3\neo4j\lib\neo4j-cypher-config-5.26.30.jar
                                                                 [classpath] D:\bigmaths3\neo4j\lib\neo4j-util-5.26.30.jar
                                                                 [classpath] D:\bigmaths3\neo4j\lib\jetty-ee8-servlet-12.1.11.jar
                                                                 [classpath] D:\bigmaths3\neo4j\lib\netty-transport-native-kqueue-4.1.137.Final-osx-x86_64.jar
                                                                 [classpath] D:\bigmaths3\neo4j\lib\jna-5.15.0.jar
                                                                 [classpath] D:\bigmaths3\neo4j\lib\jakarta.inject-2.6.1.jar
                                                                 [classpath] D:\bigmaths3\neo4j\lib\cypher-v5-parser-listener-5.26.30.jar
                                                                 [classpath] D:\bigmaths3\neo4j\lib\jPowerShell-3.0.jar
                                                                 [classpath] D:\bigmaths3\neo4j\lib\commons-lang3-3.18.0.jar
                                                                 [classpath] D:\bigmaths3\neo4j\lib\neo4j-rewriting-5.26.30.jar
                                                                 [classpath] D:\bigmaths3\neo4j\lib\jetty-security-12.1.11.jar
                                                                 [classpath] D:\bigmaths3\neo4j\lib\jline-terminal-jansi-3.21.0.jar
                                                                 [classpath] D:\bigmaths3\neo4j\lib\neo4j-bolt-connection-pooled-12.0.0.jar
                                                                 [classpath] D:\bigmaths3\neo4j\lib\neo4j-server-5.26.30.jar
                                                                 [classpath] D:\bigmaths3\neo4j\lib\shiro-crypto-cipher-3.0.0.jar
                                                                 [classpath] D:\bigmaths3\neo4j\lib\reactor-core-3.7.12.jar
                                                                 [classpath] D:\bigmaths3\neo4j\lib\neo4j-expressions-5.26.30.jar
                                                                 [classpath] D:\bigmaths3\neo4j\lib\neo4j-command-line-5.26.30.jar
                                                                 [classpath] D:\bigmaths3\neo4j\lib\netty-codec-http-4.1.137.Final.jar
                                                                 [classpath] D:\bigmaths3\neo4j\lib\commons-io-2.17.0.jar
                                                                 [classpath] D:\bigmaths3\neo4j\lib\neo4j-bolt-connection-routed-12.0.0.jar
                                                                 [classpath] D:\bigmaths3\neo4j\lib\jetty-ee-webapp-12.1.11.jar
                                                                 [classpath] D:\bigmaths3\neo4j\lib\neo4j-push-to-cloud-5.26.30.jar
                                                                 [classpath] D:\bigmaths3\neo4j\lib\jetty-ee8-webapp-12.1.11.jar
                                                                 [classpath] D:\bigmaths3\neo4j\lib\neo4j-cypher-5.26.30.jar
                                                                 [classpath] D:\bigmaths3\neo4j\lib\commons-text-1.12.0.jar
                                                                 [classpath] D:\bigmaths3\neo4j\lib\FastInfoset-1.2.16.jar
                                                                 [classpath] D:\bigmaths3\neo4j\lib\neo4j-native-5.26.30.jar
                                                                 [classpath] D:\bigmaths3\neo4j\lib\cypher-parser-common-5.26.30.jar
                                                                 [classpath] D:\bigmaths3\neo4j\lib\shiro-cache-3.0.0.jar
                                                                 [classpath] D:\bigmaths3\neo4j\lib\jctools-core-4.0.5.jar
                                                                 [classpath] D:\bigmaths3\neo4j\lib\neo4j-udc-5.26.30.jar
                                                                 [classpath] D:\bigmaths3\neo4j\lib\parquet-common-1.18.0.jar
                                                                 [classpath] D:\bigmaths3\neo4j\lib\jackson-jaxrs-json-provider-2.22.1.jar
                                                                 [classpath] D:\bigmaths3\neo4j\lib\neo4j-cypher-physical-planning-5.26.30.jar
                                                                 [classpath] D:\bigmaths3\neo4j\lib\jetty-session-12.1.11.jar
                                                                 [classpath] D:\bigmaths3\neo4j\lib\jakarta.ws.rs-api-2.1.6.jar
                                                                 [classpath] D:\bigmaths3\neo4j\lib\netty-buffer-4.1.137.Final.jar
                                                                 [classpath] D:\bigmaths3\neo4j\lib\jersey-client-2.46.jar
                                                                 [classpath] D:\bigmaths3\neo4j\lib\jts-core-1.20.0.jar
                                                                 [classpath] D:\bigmaths3\neo4j\lib\neo4j-storage-engine-util-5.26.30.jar
                                                                 [classpath] D:\bigmaths3\neo4j\lib\neo4j-lucene-index-5.26.30.jar
                                                                 [classpath] D:\bigmaths3\neo4j\lib\neo4j-import-tool-5.26.30.jar
                                                                 [classpath] D:\bigmaths3\neo4j\lib\shiro-crypto-core-3.0.0.jar
                                                                 [classpath] D:\bigmaths3\neo4j\lib\neo4j-values-5.26.30.jar
                                                                 [classpath] D:\bigmaths3\neo4j\lib\neo4j-fabric-5.26.30.jar
                                                                 [classpath] D:\bigmaths3\neo4j\lib\neo4j-layout-5.26.30.jar
                                                                 [classpath] D:\bigmaths3\neo4j\lib\neo4j-cypher-macros-5.26.30.jar
                                                                 [classpath] D:\bigmaths3\neo4j\lib\neo4j-bolt-connection-12.0.0.jar
                                                                 [classpath] D:\bigmaths3\neo4j\lib\neo4j-query-router-5.26.30.jar
                                                                 [classpath] D:\bigmaths3\neo4j\lib\annotations-5.26.30.jar
                                                                 [classpath] D:\bigmaths3\neo4j\lib\shiro-config-core-3.0.0.jar
                                                                 [classpath] D:\bigmaths3\neo4j\lib\jansi-2.4.0.jar
                                                                 [classpath] D:\bigmaths3\neo4j\lib\shiro-crypto-hash-3.0.0.jar
                                                                 [classpath] D:\bigmaths3\neo4j\lib\jackson-databind-2.22.1.jar
                                                                 [classpath] D:\bigmaths3\neo4j\lib\neo4j-procedure-5.26.30.jar
                                                                 [classpath] D:\bigmaths3\neo4j\lib\zstd-jni-1.5.6-6.jar
                                                                 [classpath] D:\bigmaths3\neo4j\lib\jetty-xml-12.1.11.jar
                                                                 [classpath] D:\bigmaths3\neo4j\lib\parquet-column-1.18.0.jar
                                                                 [classpath] D:\bigmaths3\neo4j\lib\jetty-ee8-nested-12.1.11.jar
                                                                 [classpath] D:\bigmaths3\neo4j\lib\netty-transport-native-kqueue-4.1.137.Final-osx-aarch_64.jar
                                                                 [classpath] D:\bigmaths3\neo4j\lib\jetty-alpn-java-server-12.1.11.jar
                                                                 [classpath] D:\bigmaths3\neo4j\lib\netty-transport-classes-epoll-4.1.137.Final.jar
                                                                 [classpath] D:\bigmaths3\neo4j\lib\stax-ex-1.8.1.jar
                                                                 [classpath] D:\bigmaths3\neo4j\lib\neo4j-kernel-5.26.30.jar
                                                                 [classpath] D:\bigmaths3\neo4j\lib\server-api-5.26.30.jar
                                                                 [classpath] D:\bigmaths3\neo4j\lib\cypher-ast-factory-5.26.30.jar
                                                                 [classpath] D:\bigmaths3\neo4j\lib\shiro-event-3.0.0.jar
                                                                 [classpath] D:\bigmaths3\neo4j\lib\neo4j-cypher-slotted-runtime-5.26.30.jar
                                                                 [classpath] D:\bigmaths3\neo4j\lib\cypher-v25-parser-listener-5.26.30.jar
                                                                 [classpath] D:\bigmaths3\neo4j\lib\parquet-jackson-1.18.0.jar
                                                                 [classpath] D:\bigmaths3\neo4j\lib\neo4j-token-api-5.26.30.jar
                                                                 [classpath] D:\bigmaths3\neo4j\lib\neo4j-index-5.26.30.jar
                                                                 [classpath] D:\bigmaths3\neo4j\lib\neo4j-front-end-5.26.30.jar
                                                                 [classpath] D:\bigmaths3\neo4j\lib\zstd-proxy-5.26.30.jar
                                                                 [classpath] D:\bigmaths3\neo4j\lib\neo4j-cypher-cache-5.26.30.jar
                                                                 [classpath] D:\bigmaths3\neo4j\lib\neo4j-collections-5.26.30.jar
                                                                 [classpath] D:\bigmaths3\neo4j\lib\kiama_2.13-2.5.1.jar
                                                                 [classpath] D:\bigmaths3\neo4j\lib\shiro-core-3.0.0.jar
                                                                 [classpath] D:\bigmaths3\neo4j\lib\scala-collection-contrib_2.13-0.3.0.jar
                                                                 [classpath] D:\bigmaths3\neo4j\lib\neo4j-resource-5.26.30.jar
                                                                 [classpath] D:\bigmaths3\neo4j\lib\neo4j-csv-5.26.30.jar
                                                                 [classpath] D:\bigmaths3\neo4j\lib\jackson-core-2.22.1.jar
                                                                 [classpath] D:\bigmaths3\neo4j\lib\hk2-utils-2.6.1.jar
                                                                 [classpath] D:\bigmaths3\neo4j\lib\neo4j-dbms-5.26.30.jar
                                                                 [classpath] D:\bigmaths3\neo4j\lib\commons-logging-1.3.4.jar
                                                                 [classpath] D:\bigmaths3\neo4j\lib\netty-transport-native-epoll-4.1.137.Final-linux-x86_64.jar
                                                                 [classpath] D:\bigmaths3\neo4j\lib\neo4j-lock-5.26.30.jar
                                                                 [classpath] D:\bigmaths3\neo4j\lib\neo4j-io-5.26.30.jar
                                                                 [classpath] D:\bigmaths3\neo4j\lib\jersey-common-2.46.jar
                                                                 [classpath] D:\bigmaths3\neo4j\lib\jackson-annotations-2.22.jar
                                                                 [classpath] D:\bigmaths3\neo4j\lib\neo4j-record-storage-engine-5.26.30.jar
                                                                 [classpath] D:\bigmaths3\neo4j\lib\neo4j-bolt-connection-netty-12.0.0.jar
                                                                 [classpath] D:\bigmaths3\neo4j\lib\jetty-alpn-server-12.1.11.jar
                                                                 [classpath] D:\bigmaths3\neo4j\lib\jProcesses-1.6.5.jar
                                                                 [classpath] D:\bigmaths3\neo4j\lib\hk2-api-2.6.1.jar
                                                                 [classpath] D:\bigmaths3\neo4j\conf\*
                                                                 [classpath] D:\bigmaths3\neo4j\lib\netty-tcnative-classes-2.0.81.Final.jar
                                                                 [classpath] D:\bigmaths3\neo4j\lib\cypher-v5-literal-interpreter-5.26.30.jar
                                                                 [classpath] D:\bigmaths3\neo4j\lib\jetty-http2-common-12.1.11.jar
                                                                 [classpath] D:\bigmaths3\neo4j\lib\cypher-v5-antlr-parser-5.26.30.jar
                                                                 [classpath] D:\bigmaths3\neo4j\lib\cypher-antlr-common-5.26.30.jar
                                                                 [classpath] D:\bigmaths3\neo4j\lib\commons-codec-1.17.1.jar
                                                                 [classpath] D:\bigmaths3\neo4j\lib\parquet-hadoop-1.18.0.jar
                                                                 [classpath] D:\bigmaths3\neo4j\lib\cypher-parser-factory-5.26.30.jar
                                                                 [classpath] D:\bigmaths3\neo4j\lib\neo4j-cypher-planner-5.26.30.jar
                                                                 [classpath] D:\bigmaths3\neo4j\lib\argparse4j-0.9.0.jar
                                                                 [classpath] D:\bigmaths3\neo4j\lib\neo4j-configuration-5.26.30.jar
                                                                 [classpath] D:\bigmaths3\neo4j\lib\neo4j-concurrent-5.26.30.jar
                                                                 [classpath] D:\bigmaths3\neo4j\lib\neo4j-cloud-5.26.30.jar
                                                                 [classpath] D:\bigmaths3\neo4j\lib\jetty-http2-hpack-12.1.11.jar
                                                                 [classpath] D:\bigmaths3\neo4j\lib\javax.annotation-api-1.3.2.jar
                                                                 [classpath] D:\bigmaths3\neo4j\lib\snappy-java-1.1.10.8.jar
                                                                 [classpath] D:\bigmaths3\neo4j\lib\neo4j-graph-algo-5.26.30.jar
                                                                 [classpath] D:\bigmaths3\neo4j\lib\neo4j-fulltext-index-5.26.30.jar
                                                                 [classpath] D:\bigmaths3\neo4j\lib\cypher-v5-ast-factory-5.26.30.jar
                                                                 [classpath] D:\bigmaths3\neo4j\lib\neo4j-notifications-5.26.30.jar
                                                                 [classpath] D:\bigmaths3\neo4j\lib\WMI4Java-1.6.3.jar
                                                                 [classpath] D:\bigmaths3\neo4j\lib\neo4j-cypher-interpreted-runtime-5.26.30.jar
                                                                 [classpath] D:\bigmaths3\neo4j\lib\hadoop-common-3.5.0.jar
                                                                 [classpath] D:\bigmaths3\neo4j\lib\jaxb-api-2.2.12.jar
                                                                 [classpath] D:\bigmaths3\neo4j\lib\log4j-layout-template-json-2.26.1.jar
                                                                 [classpath] D:\bigmaths3\neo4j\lib\reactive-streams-1.0.4.jar
                                                                 [classpath] D:\bigmaths3\neo4j\lib\ipaddress-5.5.1.jar
                                                                 [classpath] D:\bigmaths3\neo4j\lib\neo4j-ast-5.26.30.jar
                                                                 [classpath] D:\bigmaths3\neo4j\lib\cypher-v25-antlr-parser-5.26.30.jar
                                                                 [classpath] D:\bigmaths3\neo4j\lib\neo4j-unsafe-5.26.30.jar
                                                                 [classpath] D:\bigmaths3\neo4j\lib\neo4j-common-5.26.30.jar
                                                                 [classpath] D:\bigmaths3\neo4j\lib\jline-reader-3.21.0.jar
                                                                 [classpath] D:\bigmaths3\neo4j\lib\cypher-antlr-ast-common-5.26.30.jar
                                                                 [classpath] D:\bigmaths3\neo4j\lib\parquet-format-structures-1.18.0.jar
                                                                 [classpath] D:\bigmaths3\neo4j\lib\neo4j-consistency-check-5.26.30.jar
                                                                 [classpath] D:\bigmaths3\neo4j\lib\javassist-3.30.2-GA.jar
                                                                 [classpath] D:\bigmaths3\neo4j\lib\netty-transport-classes-kqueue-4.1.137.Final.jar
                                                                 [classpath] D:\bigmaths3\neo4j\lib\log4j-core-2.26.1.jar
                                                                 [classpath] D:\bigmaths3\neo4j\lib\neo4j-ssl-5.26.30.jar
                                                                 [classpath] D:\bigmaths3\neo4j\lib\jettison-1.5.4.jar
                                                                 [classpath] D:\bigmaths3\neo4j\lib\neo4j-codegen-5.26.30.jar
                                                                 [classpath] D:\bigmaths3\neo4j\plugins\*
                                                                 [classpath] D:\bigmaths3\neo4j\lib\jakarta.annotation-api-1.3.5.jar
                                                                 [classpath] D:\bigmaths3\neo4j\lib\jetty-http2-server-12.1.11.jar
                                                                 [classpath] D:\bigmaths3\neo4j\lib\cypher-v25-ast-factory-5.26.30.jar
                                                                 [classpath] D:\bigmaths3\neo4j\lib\neo4j-kernel-api-5.26.30.jar
                                                                 [classpath] D:\bigmaths3\neo4j\lib\lucene-backward-codecs-9.11.1.jar
                                                                 [classpath] D:\bigmaths3\neo4j\lib\neo4j-diagnostics-5.26.30.jar
                                                                 [classpath] D:\bigmaths3\neo4j\lib\jetty-servlet-api-4.0.9.jar
                                                                 [classpath] D:\bigmaths3\neo4j\lib\neo4j-logging-5.26.30.jar
                                                                 [classpath] D:\bigmaths3\neo4j\lib\jersey-server-2.46.jar
                                                                 [classpath] D:\bigmaths3\neo4j\lib\istack-commons-runtime-3.0.8.jar
                                                                 [classpath] D:\bigmaths3\neo4j\lib\slf4j-api-2.0.9.jar
                                                                 [classpath] D:\bigmaths3\neo4j\lib\picocli-4.7.6.jar
                                                                 [classpath] D:\bigmaths3\neo4j\lib\netty-common-4.1.137.Final.jar
                                                                 [classpath] D:\bigmaths3\neo4j\lib\neo4j-capabilities-5.26.30.jar
                                                                 [classpath] D:\bigmaths3\neo4j\lib\scala-reflect-2.13.11.jar
                                                                 [classpath] D:\bigmaths3\neo4j\lib\parquet-floor-1.62.jar
                                                                 [classpath] D:\bigmaths3\neo4j\lib\neo4j-wal-5.26.30.jar
                                                                 [classpath] D:\bigmaths3\neo4j\lib\neo4j-monitoring-5.26.30.jar
                                                                 [classpath] D:\bigmaths3\neo4j\lib\cypher-shell-5.26.30.jar
                                                                 [classpath] D:\bigmaths3\neo4j\lib\commons-compress-1.27.1.jar
                                                                 [classpath] D:\bigmaths3\neo4j\lib\txw2-2.3.2.jar
                                                                 [classpath] D:\bigmaths3\neo4j\lib\eclipse-collections-api-11.1.0.jar
                                                                
2026-09-16 05:58:17.836+0000 INFO  [o.n.i.d.DiagnosticsManager] 
                                                                --------------------------------------------------------------------------------
                                                                                                [ Library path ]                                
                                                                --------------------------------------------------------------------------------
                                                                C:\Program Files\Java\jdk-21\bin
                                                                C:\Windows\Sun\Java\bin
                                                                C:\Windows\System32
                                                                C:\Windows
                                                                C:\Users\21176\AppData\Roaming\Code\User\globalStorage\github.copilot-chat\debugCommand
                                                                C:\Users\21176\AppData\Roaming\Code\User\globalStorage\github.copilot-chat\copilotCli
                                                                C:\ProgramData\Oracle\Java\javapath
                                                                D:\VMware\bin
                                                                C:\Program Files\Common Files\Oracle\Java\javapath_target_384906828
                                                                C:\Windows\System32
                                                                C:\Windows
                                                                C:\Windows\System32\wbem
                                                                C:\Windows\System32\WindowsPowerShell\v1.0
                                                                C:\Windows\System32\OpenSSH
                                                                C:\Program Files\Microsoft SQL Server\150\Tools\Binn
                                                                D:\bigmaths3\neo4j\bin\%GIT_HOME%\usr\bin
                                                                D:\bigmaths3\neo4j\bin\%GIT_HOME%\bin
                                                                D:\mingw\bin
                                                                C:\Program Files\dotnet
                                                                C:\Program Files (x86)\Windows Kits\10\Windows Performance Toolkit
                                                                D:\MySQL\MySQL Server 8.0\bin
                                                                D:\altera\91\quartus\bin
                                                                D:\Xshell 8
                                                                D:\mingw\bin
                                                                D:\Nodejs
                                                                D:\c\Git\cmd
                                                                C:\Users\21176\AppData\Local\Programs\Python\Python312\Scripts
                                                                C:\Users\21176\AppData\Local\Programs\Python\Python312
                                                                D:\MySQL\MySQL Shell 8.0\bin
                                                                D:\mingw\bin
                                                                C:\Users\21176\.dotnet\tools
                                                                C:\Users\21176\AppData\Local\Microsoft\WindowsApps
                                                                D:\PyCharm Community Edition 2024.3.3\bin
                                                                D:\bigmaths3\neo4j\bin
                                                                D:\Anaco
                                                                D:\Anaco\Scripts
                                                                D:\Anaco\Library\bin
                                                                C:\Program Files\Java\jdk-21\bin
                                                                D:\IntelliJ IDEA 2024.3.4\bin
                                                                D:\bigmaths3\neo4j\bin
                                                                D:\IntelliJ IDEA Community Edition 2024.3.4\bin
                                                                D:\bigmaths3\neo4j\bin
                                                                D:\bigmaths3\neo4j\bin
                                                                C:\Users\21176\AppData\Local\Programs\Ollama
                                                                D:\Users\21176\AppData\Microsoft VS Code\bin
                                                                C:\Users\21176\AppData\Roaming\npm
                                                                D:\bigmaths3\neo4j\bin
                                                                
2026-09-16 05:58:17.836+0000 INFO  [o.n.i.d.DiagnosticsManager] 
                                                                --------------------------------------------------------------------------------
                                                                                             [ System properties ]                              
                                                                --------------------------------------------------------------------------------
                                                                jdk.tls.rejectClientInitiatedRenegotiation = true
                                                                sun.cpu.isalist = amd64
                                                                sun.jnu.encoding = GBK
                                                                log4j.layout.jsonTemplate.maxStringLength = 32768
                                                                sun.arch.data.model = 64
                                                                user.variant = 
                                                                user.timezone = Asia/Shanghai
                                                                sun.java.launcher = SUN_STANDARD
                                                                user.country = CN
                                                                sun.boot.library.path = C:\Program Files\Java\jdk-21\bin
                                                                sun.java.command = org.neo4j.server.CommunityEntryPoint --home-dir=D:\bigmaths3\neo4j --config-dir=D:\bigmaths3\neo4j\conf --console-mode
                                                                jdk.debug = release
                                                                io.netty.tryReflectionSetAccessible = true
                                                                sun.cpu.endian = little
                                                                user.home = C:\Users\21176
                                                                user.language = zh
                                                                file.separator = \
                                                                jdk.tls.ephemeralDHKeySize = 2048
                                                                user.script = 
                                                                sun.management.compiler = HotSpot 64-Bit Tiered Compilers
                                                                user.name = 21176
                                                                stdout.encoding = ms936
                                                                jdk.nio.maxCachedBufferSize = 1024
                                                                path.separator = ;
                                                                file.encoding = UTF-8
                                                                jnidispatch.path = C:\Users\21176\AppData\Local\Temp\jna-47684657\jna6245425242972568288.dll
                                                                jna.loaded = true
                                                                user.dir = D:\bigmaths3\neo4j\bin
                                                                sun.os.patch.level = 
                                                                native.encoding = GBK
                                                                stderr.encoding = ms936
                                                                sun.io.unicode.encoding = UnicodeLittle
                                                                log4j2.disable.jmx = true
                                                                
2026-09-16 05:58:17.836+0000 INFO  [o.n.i.d.DiagnosticsManager] 
                                                                --------------------------------------------------------------------------------
                                                                                      [ (IANA) TimeZone database version ]                      
                                                                --------------------------------------------------------------------------------
                                                                  TimeZone version: 2024b (available for 603 zone identifiers)
                                                                
2026-09-16 05:58:17.836+0000 INFO  [o.n.i.d.DiagnosticsManager] 
                                                                --------------------------------------------------------------------------------
                                                                                            [ Network information ]                             
                                                                --------------------------------------------------------------------------------
                                                                Interface Hyper-V Virtual Ethernet Adapter-WFP Native MAC Layer LightWeight Filter-0000:
                                                                Interface Hyper-V Virtual Ethernet Adapter-QoS Packet Scheduler-0000:
                                                                Interface Hyper-V Virtual Ethernet Adapter-WFP 802.3 MAC Layer LightWeight Filter-0000:
                                                                Interface Hyper-V Virtual Switch Extension Adapter-Hyper-V Virtual Switch Extension Filter-0000:
                                                                Interface WAN Miniport (IP)-WFP Native MAC Layer LightWeight Filter-0000:
                                                                Interface WAN Miniport (IP)-QoS Packet Scheduler-0000:
                                                                Interface WAN Miniport (IPv6)-WFP Native MAC Layer LightWeight Filter-0000:
                                                                Interface WAN Miniport (IPv6)-QoS Packet Scheduler-0000:
                                                                Interface WAN Miniport (Network Monitor)-WFP Native MAC Layer LightWeight Filter-0000:
                                                                Interface WAN Miniport (Network Monitor)-QoS Packet Scheduler-0000:
                                                                Interface Microsoft Kernel Debug Network Adapter:
                                                                Interface WAN Miniport (IP):
                                                                Interface Bluetooth Device (Personal Area Network):
                                                                Interface WAN Miniport (IPv6):
                                                                Interface WAN Miniport (Network Monitor):
                                                                Interface VMware Virtual Ethernet Adapter for VMnet1:
                                                                    address: fe80:0:0:0:804c:cc0b:270f:df81%ethernet_32773
                                                                    address: 192.168.81.1
                                                                Interface Hyper-V Virtual Switch Extension Adapter:
                                                                Interface Hyper-V Virtual Ethernet Adapter:
                                                                    address: fe80:0:0:0:d46e:a44a:5a2:c34%ethernet_32775
                                                                    address: 172.21.224.1
                                                                Interface VMware Virtual Ethernet Adapter for VMnet8:
                                                                    address: fe80:0:0:0:7266:6cd2:c870:b0f5%ethernet_32776
                                                                    address: 192.168.32.1
                                                                Interface WAN Miniport (PPPOE):
                                                                Interface Software Loopback Interface 1:
                                                                    address: 0:0:0:0:0:0:0:1
                                                                    address: 127.0.0.1
                                                                Interface Intel(R) Wi-Fi 6E AX211 160MHz-WFP Native MAC Layer LightWeight Filter-0000:
                                                                Interface Intel(R) Wi-Fi 6E AX211 160MHz-Virtual WiFi Filter Driver-0000:
                                                                Interface Intel(R) Wi-Fi 6E AX211 160MHz-Native WiFi Filter Driver-0000:
                                                                Interface Intel(R) Wi-Fi 6E AX211 160MHz-QoS Packet Scheduler-0000:
                                                                Interface Intel(R) Wi-Fi 6E AX211 160MHz-WFP 802.3 MAC Layer LightWeight Filter-0000:
                                                                Interface Microsoft Wi-Fi Direct Virtual Adapter-WFP Native MAC Layer LightWeight Filter-0000:
                                                                Interface Microsoft Wi-Fi Direct Virtual Adapter-Native WiFi Filter Driver-0000:
                                                                Interface Microsoft Wi-Fi Direct Virtual Adapter-QoS Packet Scheduler-0000:
                                                                Interface Microsoft Wi-Fi Direct Virtual Adapter-WFP 802.3 MAC Layer LightWeight Filter-0000:
                                                                Interface Microsoft Wi-Fi Direct Virtual Adapter #2-WFP Native MAC Layer LightWeight Filter-0000:
                                                                Interface Microsoft Wi-Fi Direct Virtual Adapter #2-Native WiFi Filter Driver-0000:
                                                                Interface Microsoft Wi-Fi Direct Virtual Adapter #2-QoS Packet Scheduler-0000:
                                                                Interface Microsoft Wi-Fi Direct Virtual Adapter #2-WFP 802.3 MAC Layer LightWeight Filter-0000:
                                                                Interface Intel(R) Wi-Fi 6E AX211 160MHz:
                                                                    address: 10.20.202.207
                                                                Interface Microsoft Wi-Fi Direct Virtual Adapter:
                                                                    address: fe80:0:0:0:bddc:ff2:8e94:fb6f%wireless_32769
                                                                Interface Microsoft Wi-Fi Direct Virtual Adapter #2:
                                                                    address: fe80:0:0:0:3c79:5628:1e32:d487%wireless_32770
                                                                Interface Microsoft Teredo Tunneling Adapter:
                                                                Interface Microsoft IP-HTTPS Platform Adapter:
                                                                Interface Microsoft 6to4 Adapter:
                                                                Interface WAN Miniport (SSTP):
                                                                Interface WAN Miniport (IKEv2):
                                                                Interface WAN Miniport (L2TP):
                                                                Interface WAN Miniport (PPTP):
                                                                
2026-09-16 05:58:17.836+0000 INFO  [o.n.i.d.DiagnosticsManager] 
                                                                --------------------------------------------------------------------------------
                                                                                         [ Native access information ]                          
                                                                --------------------------------------------------------------------------------
                                                                Native access details: Native access is not available for current platform.
                                                                
2026-09-16 05:58:17.836+0000 INFO  [o.n.i.d.DiagnosticsManager] 
                                                                --------------------------------------------------------------------------------
                                                                                                [ DBMS config ]                                 
                                                                --------------------------------------------------------------------------------
                                                                DBMS provided settings:
                                                                db.tx_log.rotation.retention_policy=2 days 2G
                                                                server.bolt.enabled=true
                                                                server.default_listen_address=127.0.0.1
                                                                server.directories.import=D:\bigmaths3\neo4j\import
                                                                server.directories.neo4j_home=D:\bigmaths3\neo4j
                                                                server.http.enabled=true
                                                                server.https.enabled=false
                                                                server.jvm.additional=-XX:+UseG1GC
-XX:-OmitStackTraceInFastThrow
-XX:+AlwaysPreTouch
-XX:+UnlockExperimentalVMOptions
-XX:+TrustFinalNonStaticFields
-XX:+DisableExplicitGC
-Djdk.nio.maxCachedBufferSize=1024
-Dio.netty.tryReflectionSetAccessible=true
-Djdk.tls.ephemeralDHKeySize=2048
-Djdk.tls.rejectClientInitiatedRenegotiation=true
-XX:FlightRecorderOptions=stackdepth=256
-XX:+UnlockDiagnosticVMOptions
-XX:+DebugNonSafepoints
--add-opens=java.base/java.nio=ALL-UNNAMED
--add-opens=java.base/java.io=ALL-UNNAMED
--add-opens=java.base/sun.nio.ch=ALL-UNNAMED
--enable-native-access=ALL-UNNAMED
-Dlog4j2.disable.jmx=true
-Dlog4j.layout.jsonTemplate.maxStringLength=32768
                                                                server.memory.heap.initial_size=512.00MiB
                                                                server.memory.heap.max_size=2.00GiB
                                                                server.memory.pagecache.size=1.00GiB
                                                                server.windows_service_name=neo4j
                                                                Directories in use:
                                                                server.directories.data=D:\bigmaths3\neo4j\data
                                                                server.directories.dumps.root=D:\bigmaths3\neo4j\data\dumps
                                                                server.directories.import=D:\bigmaths3\neo4j\import
                                                                server.directories.lib=D:\bigmaths3\neo4j\lib
                                                                server.directories.licenses=D:\bigmaths3\neo4j\licenses
                                                                server.directories.logs=D:\bigmaths3\neo4j\logs
                                                                server.directories.neo4j_home=D:\bigmaths3\neo4j
                                                                server.directories.plugins=D:\bigmaths3\neo4j\plugins
                                                                server.directories.run=D:\bigmaths3\neo4j\run
                                                                server.directories.script.root=D:\bigmaths3\neo4j\data\scripts
                                                                server.directories.transaction.logs.root=D:\bigmaths3\neo4j\data\transactions
                                                                
2026-09-16 05:58:17.836+0000 INFO  [o.n.i.d.DiagnosticsManager] 
                                                                --------------------------------------------------------------------------------
                                                                                                 [ Packaging ]                                  
                                                                --------------------------------------------------------------------------------
                                                                Edition: Community
                                                                Package Type: docker trixie
                                                                
2026-09-16 05:58:17.865+0000 INFO  [o.n.d.i.DefaultIdentityModule] Found ServerId on disk: ServerId{1d60b665} (1d60b665-7b67-4ac4-a89f-dac9840a564f)
2026-09-16 05:58:17.873+0000 INFO  [o.n.d.i.DefaultIdentityModule] This instance is ServerId{1d60b665} (1d60b665-7b67-4ac4-a89f-dac9840a564f)
2026-09-16 05:58:18.871+0000 INFO  [o.n.s.CommunityNeoWebServer] ======== Neo4j 5.26.30 ========
2026-09-16 05:58:18.891+0000 INFO  [o.n.d.d.DatabaseLifecycles] Creating 'DatabaseId{00000000[system]}'.
2026-09-16 05:58:19.157+0000 INFO  [o.n.b.BoltServer] Using connector transport NIO
2026-09-16 05:58:19.294+0000 INFO  [o.n.b.BoltServer] Configured external Bolt connector with listener address /127.0.0.1:7687
2026-09-16 05:58:19.294+0000 INFO  [o.n.b.BoltServer] Bolt server loaded
2026-09-16 05:58:19.309+0000 INFO  [o.n.d.d.DatabaseLifecycles] Starting 'DatabaseId{00000000[system]}'.
2026-09-16 05:58:19.785+0000 INFO  [o.n.k.i.t.l.f.c.CheckpointLogFile] [system/00000000] Scanning log file with version 0 for checkpoint entries
2026-09-16 05:58:19.828+0000 INFO  [o.n.k.i.s.f.RecordFormatSelector] [system/00000000] Selected RecordFormat:PageAlignedV5_0[aligned-1.1] record format from store D:\bigmaths3\neo4j\data\databases\system
2026-09-16 05:58:19.828+0000 INFO  [o.n.k.i.s.f.RecordFormatSelector] [system/00000000] Selected format from the store files: RecordFormat:PageAlignedV5_0[aligned-1.1]
2026-09-16 05:58:20.223+0000 INFO  [o.n.i.d.DiagnosticsManager] [system/00000000] 
                                                                [system/00000000] ********************************************************************************
                                                                [system/00000000]                               [ Database: system ]                              
                                                                [system/00000000] ********************************************************************************
                                                                [system/00000000] --------------------------------------------------------------------------------
                                                                [system/00000000]                                   [ Version ]                                   
                                                                [system/00000000] --------------------------------------------------------------------------------
                                                                [system/00000000] DBMS: community record-aligned-1.1
                                                                [system/00000000] Kernel version: 5.26.30
                                                                [system/00000000] 
                                                                [system/00000000] --------------------------------------------------------------------------------
                                                                [system/00000000]                                 [ Store files ]                                 
                                                                [system/00000000] --------------------------------------------------------------------------------
                                                                [system/00000000] Disk space on partition (Total / Free / Free %): 807072165888 / 603743428608 / 74
                                                                [system/00000000] Storage files stored on file store: NTFS
                                                                [system/00000000] Storage files: (filename : modification date - size)
                                                                [system/00000000]   database_lock: 2026-09-01 15:36:40.000+0000 - 0B
                                                                [system/00000000]   id-buffer.tmp.0: 2026-09-13 15:10:57.429+0000 - 0B
                                                                [system/00000000]   neostore: 2026-09-01 15:36:40.000+0000 - 8.000KiB
                                                                [system/00000000]   neostore.counts.db: 2026-09-16 05:58:20.096+0000 - 48.00KiB
                                                                [system/00000000]   neostore.indexstats.db: 2026-09-16 05:58:20.128+0000 - 48.00KiB
                                                                [system/00000000]   neostore.labeltokenstore.db: 2026-09-01 15:51:42.000+0000 - 8.000KiB
                                                                [system/00000000]   neostore.labeltokenstore.db.id: 2026-09-16 05:58:20.039+0000 - 40.00KiB
                                                                [system/00000000]   neostore.labeltokenstore.db.names: 2026-09-01 15:51:42.000+0000 - 8.000KiB
                                                                [system/00000000]   neostore.labeltokenstore.db.names.id: 2026-09-16 05:58:20.033+0000 - 40.00KiB
                                                                [system/00000000]   neostore.nodestore.db: 2026-09-01 15:51:42.000+0000 - 8.000KiB
                                                                [system/00000000]   neostore.nodestore.db.id: 2026-09-16 05:58:19.908+0000 - 40.00KiB
                                                                [system/00000000]   neostore.nodestore.db.labels: 2026-09-01 15:36:40.000+0000 - 8.000KiB
                                                                [system/00000000]   neostore.nodestore.db.labels.id: 2026-09-16 05:58:19.874+0000 - 40.00KiB
                                                                [system/00000000]   neostore.propertystore.db: 2026-09-01 15:51:42.000+0000 - 8.000KiB
                                                                [system/00000000]   neostore.propertystore.db.arrays: 2026-09-01 15:36:40.000+0000 - 8.000KiB
                                                                [system/00000000]   neostore.propertystore.db.arrays.id: 2026-09-16 05:58:19.953+0000 - 40.00KiB
                                                                [system/00000000]   neostore.propertystore.db.id: 2026-09-16 05:58:19.969+0000 - 40.00KiB
                                                                [system/00000000]   neostore.propertystore.db.index: 2026-09-01 15:51:42.000+0000 - 8.000KiB
                                                                [system/00000000]   neostore.propertystore.db.index.id: 2026-09-16 05:58:19.922+0000 - 40.00KiB
                                                                [system/00000000]   neostore.propertystore.db.index.keys: 2026-09-01 15:51:42.000+0000 - 8.000KiB
                                                                [system/00000000]   neostore.propertystore.db.index.keys.id: 2026-09-16 05:58:19.922+0000 - 40.00KiB
                                                                [system/00000000]   neostore.propertystore.db.strings: 2026-09-01 15:51:42.000+0000 - 8.000KiB
                                                                [system/00000000]   neostore.propertystore.db.strings.id: 2026-09-16 05:58:19.939+0000 - 40.00KiB
                                                                [system/00000000]   neostore.relationshipgroupstore.db: 2026-09-01 15:36:40.000+0000 - 8.000KiB
                                                                [system/00000000]   neostore.relationshipgroupstore.db.id: 2026-09-16 05:58:20.065+0000 - 40.00KiB
                                                                [system/00000000]   neostore.relationshipgroupstore.degrees.db: 2026-09-16 05:58:20.112+0000 - 40.00KiB
                                                                [system/00000000]   neostore.relationshipstore.db: 2026-09-01 15:51:42.000+0000 - 8.000KiB
                                                                [system/00000000]   neostore.relationshipstore.db.id: 2026-09-16 05:58:19.985+0000 - 40.00KiB
                                                                [system/00000000]   neostore.relationshiptypestore.db: 2026-09-01 15:51:42.000+0000 - 8.000KiB
                                                                [system/00000000]   neostore.relationshiptypestore.db.id: 2026-09-16 05:58:20.019+0000 - 40.00KiB
                                                                [system/00000000]   neostore.relationshiptypestore.db.names: 2026-09-01 15:51:42.000+0000 - 8.000KiB
                                                                [system/00000000]   neostore.relationshiptypestore.db.names.id: 2026-09-16 05:58:20.001+0000 - 40.00KiB
                                                                [system/00000000]   neostore.schemastore.db: 2026-09-01 15:51:42.000+0000 - 8.000KiB
                                                                [system/00000000]   neostore.schemastore.db.id: 2026-09-16 05:58:20.049+0000 - 40.00KiB
                                                                [system/00000000]   schema:
                                                                [system/00000000]     index:
                                                                [system/00000000]       range-1.0:
                                                                [system/00000000]         3:
                                                                [system/00000000]           index-3: 2026-09-13 15:10:57.386+0000 - 48.00KiB
                                                                [system/00000000]         - Total: 2026-09-16 05:37:52.597+0000 - 48.00KiB
                                                                [system/00000000]         4:
                                                                [system/00000000]           index-4: 2026-09-13 15:10:57.395+0000 - 48.00KiB
                                                                [system/00000000]         - Total: 2026-09-16 05:37:52.618+0000 - 48.00KiB
                                                                [system/00000000]         7:
                                                                [system/00000000]           index-7: 2026-09-13 15:10:57.409+0000 - 48.00KiB
                                                                [system/00000000]         - Total: 2026-09-16 05:37:52.629+0000 - 48.00KiB
                                                                [system/00000000]         8:
                                                                [system/00000000]           index-8: 2026-09-13 15:10:57.417+0000 - 48.00KiB
                                                                [system/00000000]         - Total: 2026-09-16 05:37:52.645+0000 - 48.00KiB
                                                                [system/00000000]         9:
                                                                [system/00000000]           index-9: 2026-09-13 15:10:57.429+0000 - 48.00KiB
                                                                [system/00000000]         - Total: 2026-09-16 05:37:52.645+0000 - 48.00KiB
                                                                [system/00000000]       - Total: 2026-09-16 05:37:52.645+0000 - 240.0KiB
                                                                [system/00000000]       token-lookup-1.0:
                                                                [system/00000000]         1:
                                                                [system/00000000]           index-1: 2026-09-13 15:10:57.338+0000 - 48.00KiB
                                                                [system/00000000]         - Total: 2026-09-16 05:37:52.679+0000 - 48.00KiB
                                                                [system/00000000]         2:
                                                                [system/00000000]           index-2: 2026-09-13 15:10:57.354+0000 - 48.00KiB
                                                                [system/00000000]         - Total: 2026-09-16 05:37:52.679+0000 - 48.00KiB
                                                                [system/00000000]       - Total: 2026-09-16 05:37:52.679+0000 - 96.00KiB
                                                                [system/00000000]     - Total: 2026-09-16 05:37:52.661+0000 - 336.0KiB
                                                                [system/00000000]   - Total: 2026-09-16 05:37:52.585+0000 - 336.0KiB
                                                                [system/00000000] Storage summary: 
                                                                [system/00000000]   Total size of store: 1.125MiB
                                                                [system/00000000]   Total size of mapped files: 456.0KiB
                                                                [system/00000000] 
                                                                [system/00000000] --------------------------------------------------------------------------------
                                                                [system/00000000]                               [ Transaction log ]                               
                                                                [system/00000000] --------------------------------------------------------------------------------
                                                                [system/00000000] Transaction log files stored on file store: NTFS
                                                                [system/00000000] Transaction log metadata:
                                                                [system/00000000]  - current kernel version used in transactions: V5_25
                                                                [system/00000000]  - last committed transaction id: 41
                                                                [system/00000000] Transaction log files:
                                                                [system/00000000]  - existing transaction log versions: 0-0
                                                                [system/00000000]  - oldest append index 2 found in log with version 0
                                                                [system/00000000]  - files: (filename : creation date - size)
                                                                [system/00000000]      neostore.transaction.db.0: 2026-09-16 05:37:52.787+0000 - 23.46KiB
                                                                [system/00000000]  - total size of files: 23.46KiB
                                                                [system/00000000] Checkpoint log files:
                                                                [system/00000000]  - existing checkpoint log versions: 0-0
                                                                [system/00000000]  - last checkpoint: CheckpointInfo[oldestNotVisibleTransactionLogPosition=LogPosition{logVersion=0, byteOffset=24028}, transactionLogPosition=LogPosition{logVersion=0, byteOffset=24028}, storeId=StoreId{creationTime=1788276999542, random=974428032443312329, storageEngineName='record', formatName='aligned', majorVersion=1, minorVersion=1}, checkpointEntryPosition=LogPosition{logVersion=0, byteOffset=360}, channelPositionAfterCheckpoint=LogPosition{logVersion=0, byteOffset=592}, checkpointFilePostReadPosition=LogPosition{logVersion=0, byteOffset=592}, kernelVersion=KernelVersion{V5_25,version=20}, kernelVersionByte=20, transactionId=TransactionId[id=41, appendIndex=41, kernelVersion=KernelVersion{V5_25,version=20}, checksum=1982320162, commitTimestamp=1788277000659, consensusIndex=-1], appendIndex=41, reason=Checkpoint triggered by "Scheduled checkpoint for every 15 minutes threshol, consensusIndexInCheckpoint=true]
                                                                [system/00000000] 
                                                                [system/00000000] --------------------------------------------------------------------------------
                                                                [system/00000000]                                   [ Id usage ]                                  
                                                                [system/00000000] --------------------------------------------------------------------------------
                                                                [system/00000000] ArrayPropertyStore[neostore.nodestore.db.labels]: used=1 high=0
                                                                [system/00000000] NodeStore[neostore.nodestore.db]: used=7 high=6
                                                                [system/00000000] StringPropertyStore[neostore.propertystore.db.index.keys]: used=47 high=46
                                                                [system/00000000] PropertyIndexStore[neostore.propertystore.db.index]: used=33 high=32
                                                                [system/00000000] StringPropertyStore[neostore.propertystore.db.strings]: used=3 high=2
                                                                [system/00000000] ArrayPropertyStore[neostore.propertystore.db.arrays]: used=1 high=0
                                                                [system/00000000] PropertyStore[neostore.propertystore.db]: used=73 high=72
                                                                [system/00000000] RelationshipStore[neostore.relationshipstore.db]: used=3 high=2
                                                                [system/00000000] StringPropertyStore[neostore.relationshiptypestore.db.names]: used=3 high=2
                                                                [system/00000000] RelationshipTypeStore[neostore.relationshiptypestore.db]: used=2 high=1
                                                                [system/00000000] StringPropertyStore[neostore.labeltokenstore.db.names]: used=6 high=5
                                                                [system/00000000] LabelTokenStore[neostore.labeltokenstore.db]: used=5 high=4
                                                                [system/00000000] SchemaStore[neostore.schemastore.db]: used=13 high=12
                                                                [system/00000000] RelationshipGroupStore[neostore.relationshipgroupstore.db]: used=1 high=0
                                                                [system/00000000] NeoStore[neostore]: used=-1 high=-1
                                                                [system/00000000] 
                                                                [system/00000000] --------------------------------------------------------------------------------
                                                                [system/00000000]                                   [ Metadata ]                                  
                                                                [system/00000000] --------------------------------------------------------------------------------
                                                                [system/00000000] EXTERNAL_STORE_UUID (Database identifier exposed as external store identity. Generated on creation and never updated): 6a3217bc-66a7-4529-a254-975c2d29b57f
                                                                [system/00000000] DATABASE_ID (The last used DatabaseId for this database): null
                                                                [system/00000000] LEGACY_STORE_VERSION (Legacy store format version. This field is used from 5.0 onwards only to distinguish non-migrated pre 5.0 metadata stores.): -3523014627327384477
                                                                [system/00000000] STORE_ID (Store ID): StoreId{creationTime=1788276999542, random=974428032443312329, storageEngineName='record', formatName='aligned', majorVersion=1, minorVersion=1}
                                                                [system/00000000] 
2026-09-16 05:58:20.295+0000 INFO  [o.n.k.i.i.s.TokenIndexProvider] [system/00000000] Schema index cleanup job registered: descriptor=Index( id=1, name='index_343aff4e', type='LOOKUP', schema=(:<any-labels>), indexProvider='token-lookup-1.0' ), indexFile=D:\bigmaths3\neo4j\data\databases\system\schema\index\token-lookup-1.0\1\index-1
2026-09-16 05:58:20.295+0000 INFO  [o.n.k.i.i.s.TokenIndexProvider] [system/00000000] Schema index cleanup job started: descriptor=Index( id=1, name='index_343aff4e', type='LOOKUP', schema=(:<any-labels>), indexProvider='token-lookup-1.0' ), indexFile=D:\bigmaths3\neo4j\data\databases\system\schema\index\token-lookup-1.0\1\index-1
2026-09-16 05:58:20.295+0000 INFO  [o.n.k.i.i.s.TokenIndexProvider] [system/00000000] Schema index cleanup job finished: descriptor=Index( id=1, name='index_343aff4e', type='LOOKUP', schema=(:<any-labels>), indexProvider='token-lookup-1.0' ), indexFile=D:\bigmaths3\neo4j\data\databases\system\schema\index\token-lookup-1.0\1\index-1 Number of pages visited: 3, Number of tree nodes: 2, Number of cleaned crashed pointers: 0, Time spent: 0ms
2026-09-16 05:58:20.295+0000 INFO  [o.n.k.i.i.s.TokenIndexProvider] [system/00000000] Schema index cleanup job closed: descriptor=Index( id=1, name='index_343aff4e', type='LOOKUP', schema=(:<any-labels>), indexProvider='token-lookup-1.0' ), indexFile=D:\bigmaths3\neo4j\data\databases\system\schema\index\token-lookup-1.0\1\index-1
2026-09-16 05:58:20.305+0000 INFO  [o.n.k.i.i.s.TokenIndexProvider] [system/00000000] Schema index cleanup job registered: descriptor=Index( id=2, name='index_f7700477', type='LOOKUP', schema=()-[:<any-types>]-(), indexProvider='token-lookup-1.0' ), indexFile=D:\bigmaths3\neo4j\data\databases\system\schema\index\token-lookup-1.0\2\index-2
2026-09-16 05:58:20.305+0000 INFO  [o.n.k.i.i.s.TokenIndexProvider] [system/00000000] Schema index cleanup job started: descriptor=Index( id=2, name='index_f7700477', type='LOOKUP', schema=()-[:<any-types>]-(), indexProvider='token-lookup-1.0' ), indexFile=D:\bigmaths3\neo4j\data\databases\system\schema\index\token-lookup-1.0\2\index-2
2026-09-16 05:58:20.305+0000 INFO  [o.n.k.i.i.s.TokenIndexProvider] [system/00000000] Schema index cleanup job finished: descriptor=Index( id=2, name='index_f7700477', type='LOOKUP', schema=()-[:<any-types>]-(), indexProvider='token-lookup-1.0' ), indexFile=D:\bigmaths3\neo4j\data\databases\system\schema\index\token-lookup-1.0\2\index-2 Number of pages visited: 3, Number of tree nodes: 2, Number of cleaned crashed pointers: 0, Time spent: 0ms
2026-09-16 05:58:20.305+0000 INFO  [o.n.k.i.i.s.TokenIndexProvider] [system/00000000] Schema index cleanup job closed: descriptor=Index( id=2, name='index_f7700477', type='LOOKUP', schema=()-[:<any-types>]-(), indexProvider='token-lookup-1.0' ), indexFile=D:\bigmaths3\neo4j\data\databases\system\schema\index\token-lookup-1.0\2\index-2
2026-09-16 05:58:20.319+0000 INFO  [o.n.k.i.i.s.RangeIndexProvider] [system/00000000] Schema index cleanup job registered: descriptor=Index( id=3, name='constraint_798238d6', type='RANGE', schema=(:Label[1] {PropertyKey[11], PropertyKey[12]}), indexProvider='range-1.0', owningConstraint=5 ), indexFile=D:\bigmaths3\neo4j\data\databases\system\schema\index\range-1.0\3\index-3
2026-09-16 05:58:20.319+0000 INFO  [o.n.k.i.i.s.RangeIndexProvider] [system/00000000] Schema index cleanup job started: descriptor=Index( id=3, name='constraint_798238d6', type='RANGE', schema=(:Label[1] {PropertyKey[11], PropertyKey[12]}), indexProvider='range-1.0', owningConstraint=5 ), indexFile=D:\bigmaths3\neo4j\data\databases\system\schema\index\range-1.0\3\index-3
2026-09-16 05:58:20.319+0000 INFO  [o.n.k.i.i.s.RangeIndexProvider] [system/00000000] Schema index cleanup job finished: descriptor=Index( id=3, name='constraint_798238d6', type='RANGE', schema=(:Label[1] {PropertyKey[11], PropertyKey[12]}), indexProvider='range-1.0', owningConstraint=5 ), indexFile=D:\bigmaths3\neo4j\data\databases\system\schema\index\range-1.0\3\index-3 Number of pages visited: 3, Number of tree nodes: 2, Number of cleaned crashed pointers: 0, Time spent: 0ms
2026-09-16 05:58:20.319+0000 INFO  [o.n.k.i.i.s.RangeIndexProvider] [system/00000000] Schema index cleanup job closed: descriptor=Index( id=3, name='constraint_798238d6', type='RANGE', schema=(:Label[1] {PropertyKey[11], PropertyKey[12]}), indexProvider='range-1.0', owningConstraint=5 ), indexFile=D:\bigmaths3\neo4j\data\databases\system\schema\index\range-1.0\3\index-3
2026-09-16 05:58:20.339+0000 INFO  [o.n.k.i.i.s.RangeIndexProvider] [system/00000000] Schema index cleanup job registered: descriptor=Index( id=4, name='constraint_8014b60a', type='RANGE', schema=(:Label[2] {PropertyKey[11]}), indexProvider='range-1.0', owningConstraint=6 ), indexFile=D:\bigmaths3\neo4j\data\databases\system\schema\index\range-1.0\4\index-4
2026-09-16 05:58:20.339+0000 INFO  [o.n.k.i.i.s.RangeIndexProvider] [system/00000000] Schema index cleanup job started: descriptor=Index( id=4, name='constraint_8014b60a', type='RANGE', schema=(:Label[2] {PropertyKey[11]}), indexProvider='range-1.0', owningConstraint=6 ), indexFile=D:\bigmaths3\neo4j\data\databases\system\schema\index\range-1.0\4\index-4
2026-09-16 05:58:20.339+0000 INFO  [o.n.k.i.i.s.RangeIndexProvider] [system/00000000] Schema index cleanup job finished: descriptor=Index( id=4, name='constraint_8014b60a', type='RANGE', schema=(:Label[2] {PropertyKey[11]}), indexProvider='range-1.0', owningConstraint=6 ), indexFile=D:\bigmaths3\neo4j\data\databases\system\schema\index\range-1.0\4\index-4 Number of pages visited: 3, Number of tree nodes: 2, Number of cleaned crashed pointers: 0, Time spent: 0ms
2026-09-16 05:58:20.339+0000 INFO  [o.n.k.i.i.s.RangeIndexProvider] [system/00000000] Schema index cleanup job closed: descriptor=Index( id=4, name='constraint_8014b60a', type='RANGE', schema=(:Label[2] {PropertyKey[11]}), indexProvider='range-1.0', owningConstraint=6 ), indexFile=D:\bigmaths3\neo4j\data\databases\system\schema\index\range-1.0\4\index-4
2026-09-16 05:58:20.354+0000 INFO  [o.n.k.i.i.s.RangeIndexProvider] [system/00000000] Schema index cleanup job registered: descriptor=Index( id=7, name='constraint_5789ae3', type='RANGE', schema=(:Label[3] {PropertyKey[11]}), indexProvider='range-1.0', owningConstraint=12 ), indexFile=D:\bigmaths3\neo4j\data\databases\system\schema\index\range-1.0\7\index-7
2026-09-16 05:58:20.354+0000 INFO  [o.n.k.i.i.s.RangeIndexProvider] [system/00000000] Schema index cleanup job started: descriptor=Index( id=7, name='constraint_5789ae3', type='RANGE', schema=(:Label[3] {PropertyKey[11]}), indexProvider='range-1.0', owningConstraint=12 ), indexFile=D:\bigmaths3\neo4j\data\databases\system\schema\index\range-1.0\7\index-7
2026-09-16 05:58:20.355+0000 INFO  [o.n.k.i.i.s.RangeIndexProvider] [system/00000000] Schema index cleanup job finished: descriptor=Index( id=7, name='constraint_5789ae3', type='RANGE', schema=(:Label[3] {PropertyKey[11]}), indexProvider='range-1.0', owningConstraint=12 ), indexFile=D:\bigmaths3\neo4j\data\databases\system\schema\index\range-1.0\7\index-7 Number of pages visited: 3, Number of tree nodes: 2, Number of cleaned crashed pointers: 0, Time spent: 0ms
2026-09-16 05:58:20.355+0000 INFO  [o.n.k.i.i.s.RangeIndexProvider] [system/00000000] Schema index cleanup job closed: descriptor=Index( id=7, name='constraint_5789ae3', type='RANGE', schema=(:Label[3] {PropertyKey[11]}), indexProvider='range-1.0', owningConstraint=12 ), indexFile=D:\bigmaths3\neo4j\data\databases\system\schema\index\range-1.0\7\index-7
2026-09-16 05:58:20.367+0000 INFO  [o.n.k.i.i.s.RangeIndexProvider] [system/00000000] Schema index cleanup job registered: descriptor=Index( id=8, name='constraint_74fad970', type='RANGE', schema=(:Label[3] {PropertyKey[27]}), indexProvider='range-1.0', owningConstraint=10 ), indexFile=D:\bigmaths3\neo4j\data\databases\system\schema\index\range-1.0\8\index-8
2026-09-16 05:58:20.367+0000 INFO  [o.n.k.i.i.s.RangeIndexProvider] [system/00000000] Schema index cleanup job started: descriptor=Index( id=8, name='constraint_74fad970', type='RANGE', schema=(:Label[3] {PropertyKey[27]}), indexProvider='range-1.0', owningConstraint=10 ), indexFile=D:\bigmaths3\neo4j\data\databases\system\schema\index\range-1.0\8\index-8
2026-09-16 05:58:20.367+0000 INFO  [o.n.k.i.i.s.RangeIndexProvider] [system/00000000] Schema index cleanup job finished: descriptor=Index( id=8, name='constraint_74fad970', type='RANGE', schema=(:Label[3] {PropertyKey[27]}), indexProvider='range-1.0', owningConstraint=10 ), indexFile=D:\bigmaths3\neo4j\data\databases\system\schema\index\range-1.0\8\index-8 Number of pages visited: 3, Number of tree nodes: 2, Number of cleaned crashed pointers: 0, Time spent: 0ms
2026-09-16 05:58:20.367+0000 INFO  [o.n.k.i.i.s.RangeIndexProvider] [system/00000000] Schema index cleanup job closed: descriptor=Index( id=8, name='constraint_74fad970', type='RANGE', schema=(:Label[3] {PropertyKey[27]}), indexProvider='range-1.0', owningConstraint=10 ), indexFile=D:\bigmaths3\neo4j\data\databases\system\schema\index\range-1.0\8\index-8
2026-09-16 05:58:20.377+0000 INFO  [o.n.k.i.i.s.RangeIndexProvider] [system/00000000] Schema index cleanup job registered: descriptor=Index( id=9, name='auth-constraint', type='RANGE', schema=(:Label[4] {PropertyKey[28], PropertyKey[27]}), indexProvider='range-1.0', owningConstraint=11 ), indexFile=D:\bigmaths3\neo4j\data\databases\system\schema\index\range-1.0\9\index-9
2026-09-16 05:58:20.377+0000 INFO  [o.n.k.i.i.s.RangeIndexProvider] [system/00000000] Schema index cleanup job started: descriptor=Index( id=9, name='auth-constraint', type='RANGE', schema=(:Label[4] {PropertyKey[28], PropertyKey[27]}), indexProvider='range-1.0', owningConstraint=11 ), indexFile=D:\bigmaths3\neo4j\data\databases\system\schema\index\range-1.0\9\index-9
2026-09-16 05:58:20.377+0000 INFO  [o.n.k.i.i.s.RangeIndexProvider] [system/00000000] Schema index cleanup job finished: descriptor=Index( id=9, name='auth-constraint', type='RANGE', schema=(:Label[4] {PropertyKey[28], PropertyKey[27]}), indexProvider='range-1.0', owningConstraint=11 ), indexFile=D:\bigmaths3\neo4j\data\databases\system\schema\index\range-1.0\9\index-9 Number of pages visited: 3, Number of tree nodes: 2, Number of cleaned crashed pointers: 0, Time spent: 0ms
2026-09-16 05:58:20.377+0000 INFO  [o.n.k.i.i.s.RangeIndexProvider] [system/00000000] Schema index cleanup job closed: descriptor=Index( id=9, name='auth-constraint', type='RANGE', schema=(:Label[4] {PropertyKey[28], PropertyKey[27]}), indexProvider='range-1.0', owningConstraint=11 ), indexFile=D:\bigmaths3\neo4j\data\databases\system\schema\index\range-1.0\9\index-9
2026-09-16 05:58:20.377+0000 INFO  [o.n.k.i.a.i.IndexingService] [system/00000000] IndexingService.init: indexes not specifically mentioned above are ONLINE. Total 7 indexes. Processed in 121ms
2026-09-16 05:58:20.377+0000 INFO  [o.n.k.a.DatabaseAvailabilityGuard] [system/00000000] Requirement `Database unavailable` makes database system unavailable.
2026-09-16 05:58:20.377+0000 INFO  [o.n.k.a.DatabaseAvailabilityGuard] [system/00000000] DatabaseId{00000000[system]} is unavailable.
2026-09-16 05:58:20.393+0000 INFO  [o.n.k.d.Database] [system/00000000] Starting transaction log [D:\bigmaths3\neo4j\data\transactions\system\neostore.transaction.db.0] at version=0
2026-09-16 05:58:20.393+0000 INFO  [o.n.k.d.Database] [system/00000000] Starting transaction log [D:\bigmaths3\neo4j\data\transactions\system\checkpoint.0] at version=0
2026-09-16 05:58:20.393+0000 INFO  [o.n.k.i.t.l.f.c.CheckpointLogFile] [system/00000000] Scanning log file with version 0 for checkpoint entries
2026-09-16 05:58:20.393+0000 INFO  [o.n.k.i.a.i.IndexingService] [system/00000000] IndexingService.start: indexes not specifically mentioned above are ONLINE. Total 7 indexes. Processed in 0ms
2026-09-16 05:58:20.407+0000 INFO  [o.n.k.a.DatabaseAvailabilityGuard] [system/00000000] Fulfilling of requirement 'Database unavailable' makes database system available.
2026-09-16 05:58:20.407+0000 INFO  [o.n.k.a.DatabaseAvailabilityGuard] [system/00000000] DatabaseId{00000000[system]} is ready.
2026-09-16 05:58:20.492+0000 INFO  [o.n.s.s.s.UserSecurityGraphComponent] Performing postInitialization step for component 'security-users' with version 5 and status CURRENT
2026-09-16 05:58:20.492+0000 INFO  [o.n.s.s.s.UserSecurityGraphComponent] Updating the initial password in component 'security-users'
2026-09-16 05:58:20.502+0000 INFO  [o.n.d.d.DatabaseLifecycles] Creating 'DatabaseId{3681fcc7[neo4j]}'.
2026-09-16 05:58:20.502+0000 INFO  [o.n.d.d.DatabaseLifecycles] Starting 'DatabaseId{3681fcc7[neo4j]}'.
2026-09-16 05:58:20.539+0000 INFO  [o.n.k.i.t.l.f.c.CheckpointLogFile] [neo4j/3681fcc7] Scanning log file with version 0 for checkpoint entries
2026-09-16 05:58:20.550+0000 INFO  [o.n.k.i.s.f.RecordFormatSelector] [neo4j/3681fcc7] Selected RecordFormat:PageAlignedV5_0[aligned-1.1] record format from store D:\bigmaths3\neo4j\data\databases\neo4j
2026-09-16 05:58:20.550+0000 INFO  [o.n.k.i.s.f.RecordFormatSelector] [neo4j/3681fcc7] Selected format from the store files: RecordFormat:PageAlignedV5_0[aligned-1.1]
2026-09-16 05:58:20.776+0000 INFO  [o.n.i.d.DiagnosticsManager] [neo4j/3681fcc7] 
                                                                [neo4j/3681fcc7] ********************************************************************************
                                                                [neo4j/3681fcc7]                               [ Database: neo4j ]                               
                                                                [neo4j/3681fcc7] ********************************************************************************
                                                                [neo4j/3681fcc7] --------------------------------------------------------------------------------
                                                                [neo4j/3681fcc7]                                   [ Version ]                                   
                                                                [neo4j/3681fcc7] --------------------------------------------------------------------------------
                                                                [neo4j/3681fcc7] DBMS: community record-aligned-1.1
                                                                [neo4j/3681fcc7] Kernel version: 5.26.30
                                                                [neo4j/3681fcc7] 
                                                                [neo4j/3681fcc7] --------------------------------------------------------------------------------
                                                                [neo4j/3681fcc7]                                 [ Store files ]                                 
                                                                [neo4j/3681fcc7] --------------------------------------------------------------------------------
                                                                [neo4j/3681fcc7] Disk space on partition (Total / Free / Free %): 807072165888 / 603743428608 / 74
                                                                [neo4j/3681fcc7] Storage files stored on file store: NTFS
                                                                [neo4j/3681fcc7] Storage files: (filename : modification date - size)
                                                                [neo4j/3681fcc7]   database_lock: 2026-09-01 15:36:42.000+0000 - 0B
                                                                [neo4j/3681fcc7]   id-buffer.tmp.0: 2026-09-13 15:10:58.469+0000 - 0B
                                                                [neo4j/3681fcc7]   neostore: 2026-09-01 15:36:42.000+0000 - 8.000KiB
                                                                [neo4j/3681fcc7]   neostore.counts.db: 2026-09-16 05:58:20.750+0000 - 48.00KiB
                                                                [neo4j/3681fcc7]   neostore.indexstats.db: 2026-09-16 05:58:20.751+0000 - 48.00KiB
                                                                [neo4j/3681fcc7]   neostore.labeltokenstore.db: 2026-09-01 16:27:04.000+0000 - 8.000KiB
                                                                [neo4j/3681fcc7]   neostore.labeltokenstore.db.id: 2026-09-16 05:58:20.703+0000 - 40.00KiB
                                                                [neo4j/3681fcc7]   neostore.labeltokenstore.db.names: 2026-09-01 16:27:04.000+0000 - 8.000KiB
                                                                [neo4j/3681fcc7]   neostore.labeltokenstore.db.names.id: 2026-09-16 05:58:20.703+0000 - 40.00KiB
                                                                [neo4j/3681fcc7]   neostore.nodestore.db: 2026-09-11 15:40:24.000+0000 - 432.0KiB
                                                                [neo4j/3681fcc7]   neostore.nodestore.db.id: 2026-09-16 05:58:20.582+0000 - 72.00KiB
                                                                [neo4j/3681fcc7]   neostore.nodestore.db.labels: 2026-09-01 15:36:42.000+0000 - 8.000KiB
                                                                [neo4j/3681fcc7]   neostore.nodestore.db.labels.id: 2026-09-16 05:58:20.550+0000 - 40.00KiB
                                                                [neo4j/3681fcc7]   neostore.propertystore.db: 2026-09-11 15:40:24.000+0000 - 10.54MiB
                                                                [neo4j/3681fcc7]   neostore.propertystore.db.arrays: 2026-09-01 16:42:06.000+0000 - 320.0KiB
                                                                [neo4j/3681fcc7]   neostore.propertystore.db.arrays.id: 2026-09-16 05:58:20.639+0000 - 48.00KiB
                                                                [neo4j/3681fcc7]   neostore.propertystore.db.id: 2026-09-16 05:58:20.645+0000 - 216.0KiB
                                                                [neo4j/3681fcc7]   neostore.propertystore.db.index: 2026-09-11 15:40:24.000+0000 - 8.000KiB
                                                                [neo4j/3681fcc7]   neostore.propertystore.db.index.id: 2026-09-16 05:58:20.613+0000 - 40.00KiB
                                                                [neo4j/3681fcc7]   neostore.propertystore.db.index.keys: 2026-09-11 15:40:24.000+0000 - 8.000KiB
                                                                [neo4j/3681fcc7]   neostore.propertystore.db.index.keys.id: 2026-09-16 05:58:20.598+0000 - 40.00KiB
                                                                [neo4j/3681fcc7]   neostore.propertystore.db.strings: 2026-09-01 16:42:06.000+0000 - 32.00KiB
                                                                [neo4j/3681fcc7]   neostore.propertystore.db.strings.id: 2026-09-16 05:58:20.630+0000 - 48.00KiB
                                                                [neo4j/3681fcc7]   neostore.relationshipgroupstore.db: 2026-09-01 16:42:06.000+0000 - 8.000KiB
                                                                [neo4j/3681fcc7]   neostore.relationshipgroupstore.db.id: 2026-09-16 05:58:20.739+0000 - 48.00KiB
                                                                [neo4j/3681fcc7]   neostore.relationshipgroupstore.degrees.db: 2026-09-16 05:58:20.751+0000 - 48.00KiB
                                                                [neo4j/3681fcc7]   neostore.relationshipstore.db: 2026-09-01 16:42:06.000+0000 - 4.422MiB
                                                                [neo4j/3681fcc7]   neostore.relationshipstore.db.id: 2026-09-16 05:58:20.658+0000 - 176.0KiB
                                                                [neo4j/3681fcc7]   neostore.relationshiptypestore.db: 2026-09-01 16:27:04.000+0000 - 8.000KiB
                                                                [neo4j/3681fcc7]   neostore.relationshiptypestore.db.id: 2026-09-16 05:58:20.688+0000 - 40.00KiB
                                                                [neo4j/3681fcc7]   neostore.relationshiptypestore.db.names: 2026-09-01 16:27:04.000+0000 - 8.000KiB
                                                                [neo4j/3681fcc7]   neostore.relationshiptypestore.db.names.id: 2026-09-16 05:58:20.672+0000 - 40.00KiB
                                                                [neo4j/3681fcc7]   neostore.schemastore.db: 2026-09-11 15:40:24.000+0000 - 8.000KiB
                                                                [neo4j/3681fcc7]   neostore.schemastore.db.id: 2026-09-16 05:58:20.719+0000 - 40.00KiB
                                                                [neo4j/3681fcc7]   schema:
                                                                [neo4j/3681fcc7]     index:
                                                                [neo4j/3681fcc7]       range-1.0:
                                                                [neo4j/3681fcc7]         10:
                                                                [neo4j/3681fcc7]           index-10: 2026-09-13 15:10:58.463+0000 - 64.00KiB
                                                                [neo4j/3681fcc7]         - Total: 2026-09-16 05:37:52.332+0000 - 64.00KiB
                                                                [neo4j/3681fcc7]         11:
                                                                [neo4j/3681fcc7]           index-11: 2026-09-13 15:10:58.469+0000 - 760.0KiB
                                                                [neo4j/3681fcc7]         - Total: 2026-09-16 05:37:52.344+0000 - 760.0KiB
                                                                [neo4j/3681fcc7]         3:
                                                                [neo4j/3681fcc7]           index-3: 2026-09-13 15:10:58.419+0000 - 2.320MiB
                                                                [neo4j/3681fcc7]         - Total: 2026-09-16 05:37:52.354+0000 - 2.320MiB
                                                                [neo4j/3681fcc7]         5:
                                                                [neo4j/3681fcc7]           index-5: 2026-09-13 15:10:58.425+0000 - 312.0KiB
                                                                [neo4j/3681fcc7]         - Total: 2026-09-16 05:37:52.362+0000 - 312.0KiB
                                                                [neo4j/3681fcc7]         7:
                                                                [neo4j/3681fcc7]           index-7: 2026-09-13 15:10:58.437+0000 - 2.945MiB
                                                                [neo4j/3681fcc7]         - Total: 2026-09-16 05:37:52.387+0000 - 2.945MiB
                                                                [neo4j/3681fcc7]         8:
                                                                [neo4j/3681fcc7]           index-8: 2026-09-13 15:10:58.445+0000 - 1.148MiB
                                                                [neo4j/3681fcc7]         - Total: 2026-09-16 05:37:52.399+0000 - 1.148MiB
                                                                [neo4j/3681fcc7]         9:
                                                                [neo4j/3681fcc7]           index-9: 2026-09-13 15:10:58.450+0000 - 728.0KiB
                                                                [neo4j/3681fcc7]         - Total: 2026-09-16 05:37:52.407+0000 - 728.0KiB
                                                                [neo4j/3681fcc7]       - Total: 2026-09-16 05:37:52.407+0000 - 8.234MiB
                                                                [neo4j/3681fcc7]       token-lookup-1.0:
                                                                [neo4j/3681fcc7]         1:
                                                                [neo4j/3681fcc7]           index-1: 2026-09-13 15:10:58.402+0000 - 48.00KiB
                                                                [neo4j/3681fcc7]         - Total: 2026-09-16 05:37:52.427+0000 - 48.00KiB
                                                                [neo4j/3681fcc7]         2:
                                                                [neo4j/3681fcc7]           index-2: 2026-09-13 15:10:58.412+0000 - 264.0KiB
                                                                [neo4j/3681fcc7]         - Total: 2026-09-16 05:37:52.438+0000 - 264.0KiB
                                                                [neo4j/3681fcc7]       - Total: 2026-09-16 05:37:52.438+0000 - 312.0KiB
                                                                [neo4j/3681fcc7]     - Total: 2026-09-16 05:37:52.423+0000 - 8.539MiB
                                                                [neo4j/3681fcc7]   - Total: 2026-09-16 05:37:52.312+0000 - 8.539MiB
                                                                [neo4j/3681fcc7] Storage summary: 
                                                                [neo4j/3681fcc7]   Total size of store: 25.39MiB
                                                                [neo4j/3681fcc7]   Total size of mapped files: 24.34MiB
                                                                [neo4j/3681fcc7] 
                                                                [neo4j/3681fcc7] --------------------------------------------------------------------------------
                                                                [neo4j/3681fcc7]                               [ Transaction log ]                               
                                                                [neo4j/3681fcc7] --------------------------------------------------------------------------------
                                                                [neo4j/3681fcc7] Transaction log files stored on file store: NTFS
                                                                [neo4j/3681fcc7] Transaction log metadata:
                                                                [neo4j/3681fcc7]  - current kernel version used in transactions: V5_25
                                                                [neo4j/3681fcc7]  - last committed transaction id: 127
                                                                [neo4j/3681fcc7] Transaction log files:
                                                                [neo4j/3681fcc7]  - existing transaction log versions: 0-0
                                                                [neo4j/3681fcc7]  - oldest append index 2 found in log with version 0
                                                                [neo4j/3681fcc7]  - files: (filename : creation date - size)
                                                                [neo4j/3681fcc7]      neostore.transaction.db.0: 2026-09-16 05:37:52.724+0000 - 142.6MiB
                                                                [neo4j/3681fcc7]  - total size of files: 142.6MiB
                                                                [neo4j/3681fcc7] Checkpoint log files:
                                                                [neo4j/3681fcc7]  - existing checkpoint log versions: 0-0
                                                                [neo4j/3681fcc7]  - last checkpoint: CheckpointInfo[oldestNotVisibleTransactionLogPosition=LogPosition{logVersion=0, byteOffset=149555717}, transactionLogPosition=LogPosition{logVersion=0, byteOffset=149555717}, storeId=StoreId{creationTime=1788277000722, random=464425553357387614, storageEngineName='record', formatName='aligned', majorVersion=1, minorVersion=1}, checkpointEntryPosition=LogPosition{logVersion=0, byteOffset=1520}, channelPositionAfterCheckpoint=LogPosition{logVersion=0, byteOffset=1752}, checkpointFilePostReadPosition=LogPosition{logVersion=0, byteOffset=1752}, kernelVersion=KernelVersion{V5_25,version=20}, kernelVersionByte=20, transactionId=TransactionId[id=127, appendIndex=127, kernelVersion=KernelVersion{V5_25,version=20}, checksum=885770379, commitTimestamp=1789140729015, consensusIndex=-1], appendIndex=127, reason=Checkpoint triggered by "Scheduled checkpoint for every 15 minutes threshol, consensusIndexInCheckpoint=true]
                                                                [neo4j/3681fcc7] 
                                                                [neo4j/3681fcc7] --------------------------------------------------------------------------------
                                                                [neo4j/3681fcc7]                                   [ Id usage ]                                  
                                                                [neo4j/3681fcc7] --------------------------------------------------------------------------------
                                                                [neo4j/3681fcc7] ArrayPropertyStore[neostore.nodestore.db.labels]: used=1 high=0
                                                                [neo4j/3681fcc7] NodeStore[neostore.nodestore.db]: used=29094 high=29093
                                                                [neo4j/3681fcc7] StringPropertyStore[neostore.propertystore.db.index.keys]: used=52 high=51
                                                                [neo4j/3681fcc7] PropertyIndexStore[neostore.propertystore.db.index]: used=38 high=37
                                                                [neo4j/3681fcc7] StringPropertyStore[neostore.propertystore.db.strings]: used=247 high=246
                                                                [neo4j/3681fcc7] ArrayPropertyStore[neostore.propertystore.db.arrays]: used=2501 high=2500
                                                                [neo4j/3681fcc7] PropertyStore[neostore.propertystore.db]: used=268346 high=268345
                                                                [neo4j/3681fcc7] RelationshipStore[neostore.relationshipstore.db]: used=135822 high=135821
                                                                [neo4j/3681fcc7] StringPropertyStore[neostore.relationshiptypestore.db.names]: used=3 high=2
                                                                [neo4j/3681fcc7] RelationshipTypeStore[neostore.relationshiptypestore.db]: used=2 high=1
                                                                [neo4j/3681fcc7] StringPropertyStore[neostore.labeltokenstore.db.names]: used=3 high=2
                                                                [neo4j/3681fcc7] LabelTokenStore[neostore.labeltokenstore.db]: used=2 high=1
                                                                [neo4j/3681fcc7] SchemaStore[neostore.schemastore.db]: used=12 high=11
                                                                [neo4j/3681fcc7] RelationshipGroupStore[neostore.relationshipgroupstore.db]: used=65 high=64
                                                                [neo4j/3681fcc7] NeoStore[neostore]: used=-1 high=-1
                                                                [neo4j/3681fcc7] 
                                                                [neo4j/3681fcc7] --------------------------------------------------------------------------------
                                                                [neo4j/3681fcc7]                                   [ Metadata ]                                  
                                                                [neo4j/3681fcc7] --------------------------------------------------------------------------------
                                                                [neo4j/3681fcc7] EXTERNAL_STORE_UUID (Database identifier exposed as external store identity. Generated on creation and never updated): ca389aac-c311-437a-aa33-d425b26ae14a
                                                                [neo4j/3681fcc7] DATABASE_ID (The last used DatabaseId for this database): null
                                                                [neo4j/3681fcc7] LEGACY_STORE_VERSION (Legacy store format version. This field is used from 5.0 onwards only to distinguish non-migrated pre 5.0 metadata stores.): -3523014627327384477
                                                                [neo4j/3681fcc7] STORE_ID (Store ID): StoreId{creationTime=1788277000722, random=464425553357387614, storageEngineName='record', formatName='aligned', majorVersion=1, minorVersion=1}
                                                                [neo4j/3681fcc7] 
2026-09-16 05:58:20.783+0000 INFO  [o.n.k.i.i.s.TokenIndexProvider] [neo4j/3681fcc7] Schema index cleanup job registered: descriptor=Index( id=1, name='index_343aff4e', type='LOOKUP', schema=(:<any-labels>), indexProvider='token-lookup-1.0' ), indexFile=D:\bigmaths3\neo4j\data\databases\neo4j\schema\index\token-lookup-1.0\1\index-1
2026-09-16 05:58:20.783+0000 INFO  [o.n.k.i.i.s.TokenIndexProvider] [neo4j/3681fcc7] Schema index cleanup job started: descriptor=Index( id=1, name='index_343aff4e', type='LOOKUP', schema=(:<any-labels>), indexProvider='token-lookup-1.0' ), indexFile=D:\bigmaths3\neo4j\data\databases\neo4j\schema\index\token-lookup-1.0\1\index-1
2026-09-16 05:58:20.783+0000 INFO  [o.n.k.i.i.s.TokenIndexProvider] [neo4j/3681fcc7] Schema index cleanup job finished: descriptor=Index( id=1, name='index_343aff4e', type='LOOKUP', schema=(:<any-labels>), indexProvider='token-lookup-1.0' ), indexFile=D:\bigmaths3\neo4j\data\databases\neo4j\schema\index\token-lookup-1.0\1\index-1 Number of pages visited: 3, Number of tree nodes: 2, Number of cleaned crashed pointers: 0, Time spent: 0ms
2026-09-16 05:58:20.783+0000 INFO  [o.n.k.i.i.s.TokenIndexProvider] [neo4j/3681fcc7] Schema index cleanup job closed: descriptor=Index( id=1, name='index_343aff4e', type='LOOKUP', schema=(:<any-labels>), indexProvider='token-lookup-1.0' ), indexFile=D:\bigmaths3\neo4j\data\databases\neo4j\schema\index\token-lookup-1.0\1\index-1
2026-09-16 05:58:20.798+0000 INFO  [o.n.k.i.i.s.TokenIndexProvider] [neo4j/3681fcc7] Schema index cleanup job registered: descriptor=Index( id=2, name='index_f7700477', type='LOOKUP', schema=()-[:<any-types>]-(), indexProvider='token-lookup-1.0' ), indexFile=D:\bigmaths3\neo4j\data\databases\neo4j\schema\index\token-lookup-1.0\2\index-2
2026-09-16 05:58:20.798+0000 INFO  [o.n.k.i.i.s.TokenIndexProvider] [neo4j/3681fcc7] Schema index cleanup job started: descriptor=Index( id=2, name='index_f7700477', type='LOOKUP', schema=()-[:<any-types>]-(), indexProvider='token-lookup-1.0' ), indexFile=D:\bigmaths3\neo4j\data\databases\neo4j\schema\index\token-lookup-1.0\2\index-2
2026-09-16 05:58:20.803+0000 INFO  [o.n.k.i.i.s.TokenIndexProvider] [neo4j/3681fcc7] Schema index cleanup job finished: descriptor=Index( id=2, name='index_f7700477', type='LOOKUP', schema=()-[:<any-types>]-(), indexProvider='token-lookup-1.0' ), indexFile=D:\bigmaths3\neo4j\data\databases\neo4j\schema\index\token-lookup-1.0\2\index-2 Number of pages visited: 30, Number of tree nodes: 29, Number of cleaned crashed pointers: 0, Time spent: 1ms
2026-09-16 05:58:20.803+0000 INFO  [o.n.k.i.i.s.TokenIndexProvider] [neo4j/3681fcc7] Schema index cleanup job closed: descriptor=Index( id=2, name='index_f7700477', type='LOOKUP', schema=()-[:<any-types>]-(), indexProvider='token-lookup-1.0' ), indexFile=D:\bigmaths3\neo4j\data\databases\neo4j\schema\index\token-lookup-1.0\2\index-2
2026-09-16 05:58:20.803+0000 INFO  [o.n.k.i.i.s.RangeIndexProvider] [neo4j/3681fcc7] Schema index cleanup job registered: descriptor=Index( id=3, name='actor_id', type='RANGE', schema=(:Label[0] {PropertyKey[10]}), indexProvider='range-1.0', owningConstraint=4 ), indexFile=D:\bigmaths3\neo4j\data\databases\neo4j\schema\index\range-1.0\3\index-3
2026-09-16 05:58:20.803+0000 INFO  [o.n.k.i.i.s.RangeIndexProvider] [neo4j/3681fcc7] Schema index cleanup job started: descriptor=Index( id=3, name='actor_id', type='RANGE', schema=(:Label[0] {PropertyKey[10]}), indexProvider='range-1.0', owningConstraint=4 ), indexFile=D:\bigmaths3\neo4j\data\databases\neo4j\schema\index\range-1.0\3\index-3
2026-09-16 05:58:20.811+0000 INFO  [o.n.k.i.i.s.RangeIndexProvider] [neo4j/3681fcc7] Schema index cleanup job registered: descriptor=Index( id=5, name='movie_id', type='RANGE', schema=(:Label[1] {PropertyKey[10]}), indexProvider='range-1.0', owningConstraint=6 ), indexFile=D:\bigmaths3\neo4j\data\databases\neo4j\schema\index\range-1.0\5\index-5
2026-09-16 05:58:20.827+0000 INFO  [o.n.k.i.i.s.RangeIndexProvider] [neo4j/3681fcc7] Schema index cleanup job registered: descriptor=Index( id=7, name='actor_name', type='RANGE', schema=(:Label[0] {PropertyKey[15]}), indexProvider='range-1.0' ), indexFile=D:\bigmaths3\neo4j\data\databases\neo4j\schema\index\range-1.0\7\index-7
2026-09-16 05:58:20.835+0000 INFO  [o.n.k.i.i.s.RangeIndexProvider] [neo4j/3681fcc7] Schema index cleanup job finished: descriptor=Index( id=3, name='actor_id', type='RANGE', schema=(:Label[0] {PropertyKey[10]}), indexProvider='range-1.0', owningConstraint=4 ), indexFile=D:\bigmaths3\neo4j\data\databases\neo4j\schema\index\range-1.0\3\index-3 Number of pages visited: 294, Number of tree nodes: 293, Number of cleaned crashed pointers: 0, Time spent: 26ms
2026-09-16 05:58:20.835+0000 INFO  [o.n.k.i.i.s.RangeIndexProvider] [neo4j/3681fcc7] Schema index cleanup job closed: descriptor=Index( id=3, name='actor_id', type='RANGE', schema=(:Label[0] {PropertyKey[10]}), indexProvider='range-1.0', owningConstraint=4 ), indexFile=D:\bigmaths3\neo4j\data\databases\neo4j\schema\index\range-1.0\3\index-3
2026-09-16 05:58:20.835+0000 INFO  [o.n.k.i.i.s.RangeIndexProvider] [neo4j/3681fcc7] Schema index cleanup job started: descriptor=Index( id=5, name='movie_id', type='RANGE', schema=(:Label[1] {PropertyKey[10]}), indexProvider='range-1.0', owningConstraint=6 ), indexFile=D:\bigmaths3\neo4j\data\databases\neo4j\schema\index\range-1.0\5\index-5
2026-09-16 05:58:20.836+0000 INFO  [o.n.k.i.i.s.RangeIndexProvider] [neo4j/3681fcc7] Schema index cleanup job registered: descriptor=Index( id=8, name='actor_community', type='RANGE', schema=(:Label[0] {PropertyKey[16]}), indexProvider='range-1.0' ), indexFile=D:\bigmaths3\neo4j\data\databases\neo4j\schema\index\range-1.0\8\index-8
2026-09-16 05:58:20.837+0000 INFO  [o.n.k.i.i.s.RangeIndexProvider] [neo4j/3681fcc7] Schema index cleanup job finished: descriptor=Index( id=5, name='movie_id', type='RANGE', schema=(:Label[1] {PropertyKey[10]}), indexProvider='range-1.0', owningConstraint=6 ), indexFile=D:\bigmaths3\neo4j\data\databases\neo4j\schema\index\range-1.0\5\index-5 Number of pages visited: 36, Number of tree nodes: 35, Number of cleaned crashed pointers: 0, Time spent: 1ms
2026-09-16 05:58:20.837+0000 INFO  [o.n.k.i.i.s.RangeIndexProvider] [neo4j/3681fcc7] Schema index cleanup job closed: descriptor=Index( id=5, name='movie_id', type='RANGE', schema=(:Label[1] {PropertyKey[10]}), indexProvider='range-1.0', owningConstraint=6 ), indexFile=D:\bigmaths3\neo4j\data\databases\neo4j\schema\index\range-1.0\5\index-5
2026-09-16 05:58:20.837+0000 INFO  [o.n.k.i.i.s.RangeIndexProvider] [neo4j/3681fcc7] Schema index cleanup job started: descriptor=Index( id=7, name='actor_name', type='RANGE', schema=(:Label[0] {PropertyKey[15]}), indexProvider='range-1.0' ), indexFile=D:\bigmaths3\neo4j\data\databases\neo4j\schema\index\range-1.0\7\index-7
2026-09-16 05:58:20.839+0000 INFO  [o.n.k.i.i.s.RangeIndexProvider] [neo4j/3681fcc7] Schema index cleanup job registered: descriptor=Index( id=9, name='actor_kshell', type='RANGE', schema=(:Label[0] {PropertyKey[30]}), indexProvider='range-1.0' ), indexFile=D:\bigmaths3\neo4j\data\databases\neo4j\schema\index\range-1.0\9\index-9
2026-09-16 05:58:20.855+0000 INFO  [o.n.k.i.i.s.RangeIndexProvider] [neo4j/3681fcc7] Schema index cleanup job registered: descriptor=Index( id=10, name='actor_betweenness', type='RANGE', schema=(:Label[0] {PropertyKey[31]}), indexProvider='range-1.0' ), indexFile=D:\bigmaths3\neo4j\data\databases\neo4j\schema\index\range-1.0\10\index-10
2026-09-16 05:58:20.859+0000 INFO  [o.n.k.i.i.s.RangeIndexProvider] [neo4j/3681fcc7] Schema index cleanup job finished: descriptor=Index( id=7, name='actor_name', type='RANGE', schema=(:Label[0] {PropertyKey[15]}), indexProvider='range-1.0' ), indexFile=D:\bigmaths3\neo4j\data\databases\neo4j\schema\index\range-1.0\7\index-7 Number of pages visited: 374, Number of tree nodes: 373, Number of cleaned crashed pointers: 0, Time spent: 22ms
2026-09-16 05:58:20.859+0000 INFO  [o.n.k.i.i.s.RangeIndexProvider] [neo4j/3681fcc7] Schema index cleanup job closed: descriptor=Index( id=7, name='actor_name', type='RANGE', schema=(:Label[0] {PropertyKey[15]}), indexProvider='range-1.0' ), indexFile=D:\bigmaths3\neo4j\data\databases\neo4j\schema\index\range-1.0\7\index-7
2026-09-16 05:58:20.859+0000 INFO  [o.n.k.i.i.s.RangeIndexProvider] [neo4j/3681fcc7] Schema index cleanup job started: descriptor=Index( id=8, name='actor_community', type='RANGE', schema=(:Label[0] {PropertyKey[16]}), indexProvider='range-1.0' ), indexFile=D:\bigmaths3\neo4j\data\databases\neo4j\schema\index\range-1.0\8\index-8
2026-09-16 05:58:20.860+0000 INFO  [o.n.k.i.i.s.RangeIndexProvider] [neo4j/3681fcc7] Schema index cleanup job registered: descriptor=Index( id=11, name='actor_genre_diversity', type='RANGE', schema=(:Label[0] {PropertyKey[35]}), indexProvider='range-1.0' ), indexFile=D:\bigmaths3\neo4j\data\databases\neo4j\schema\index\range-1.0\11\index-11
2026-09-16 05:58:20.860+0000 INFO  [o.n.k.i.a.i.IndexingService] [neo4j/3681fcc7] IndexingService.init: indexes not specifically mentioned above are ONLINE. Total 9 indexes. Processed in 79ms
2026-09-16 05:58:20.860+0000 INFO  [o.n.k.a.DatabaseAvailabilityGuard] [neo4j/3681fcc7] Requirement `Database unavailable` makes database neo4j unavailable.
2026-09-16 05:58:20.860+0000 INFO  [o.n.k.a.DatabaseAvailabilityGuard] [neo4j/3681fcc7] DatabaseId{3681fcc7[neo4j]} is unavailable.
2026-09-16 05:58:20.868+0000 INFO  [o.n.k.d.Database] [neo4j/3681fcc7] Starting transaction log [D:\bigmaths3\neo4j\data\transactions\neo4j\neostore.transaction.db.0] at version=0
2026-09-16 05:58:20.868+0000 INFO  [o.n.k.i.i.s.RangeIndexProvider] [neo4j/3681fcc7] Schema index cleanup job finished: descriptor=Index( id=8, name='actor_community', type='RANGE', schema=(:Label[0] {PropertyKey[16]}), indexProvider='range-1.0' ), indexFile=D:\bigmaths3\neo4j\data\databases\neo4j\schema\index\range-1.0\8\index-8 Number of pages visited: 144, Number of tree nodes: 143, Number of cleaned crashed pointers: 0, Time spent: 8ms
2026-09-16 05:58:20.868+0000 INFO  [o.n.k.i.i.s.RangeIndexProvider] [neo4j/3681fcc7] Schema index cleanup job closed: descriptor=Index( id=8, name='actor_community', type='RANGE', schema=(:Label[0] {PropertyKey[16]}), indexProvider='range-1.0' ), indexFile=D:\bigmaths3\neo4j\data\databases\neo4j\schema\index\range-1.0\8\index-8
2026-09-16 05:58:20.868+0000 INFO  [o.n.k.i.i.s.RangeIndexProvider] [neo4j/3681fcc7] Schema index cleanup job started: descriptor=Index( id=9, name='actor_kshell', type='RANGE', schema=(:Label[0] {PropertyKey[30]}), indexProvider='range-1.0' ), indexFile=D:\bigmaths3\neo4j\data\databases\neo4j\schema\index\range-1.0\9\index-9
2026-09-16 05:58:20.870+0000 INFO  [o.n.k.d.Database] [neo4j/3681fcc7] Starting transaction log [D:\bigmaths3\neo4j\data\transactions\neo4j\checkpoint.0] at version=0
2026-09-16 05:58:20.870+0000 INFO  [o.n.k.i.t.l.f.c.CheckpointLogFile] [neo4j/3681fcc7] Scanning log file with version 0 for checkpoint entries
2026-09-16 05:58:20.872+0000 INFO  [o.n.k.i.a.i.IndexingService] [neo4j/3681fcc7] IndexingService.start: indexes not specifically mentioned above are ONLINE. Total 9 indexes. Processed in 0ms
2026-09-16 05:58:20.872+0000 INFO  [o.n.k.i.i.s.RangeIndexProvider] [neo4j/3681fcc7] Schema index cleanup job finished: descriptor=Index( id=9, name='actor_kshell', type='RANGE', schema=(:Label[0] {PropertyKey[30]}), indexProvider='range-1.0' ), indexFile=D:\bigmaths3\neo4j\data\databases\neo4j\schema\index\range-1.0\9\index-9 Number of pages visited: 88, Number of tree nodes: 87, Number of cleaned crashed pointers: 0, Time spent: 5ms
2026-09-16 05:58:20.872+0000 INFO  [o.n.k.i.i.s.RangeIndexProvider] [neo4j/3681fcc7] Schema index cleanup job closed: descriptor=Index( id=9, name='actor_kshell', type='RANGE', schema=(:Label[0] {PropertyKey[30]}), indexProvider='range-1.0' ), indexFile=D:\bigmaths3\neo4j\data\databases\neo4j\schema\index\range-1.0\9\index-9
2026-09-16 05:58:20.872+0000 INFO  [o.n.k.i.i.s.RangeIndexProvider] [neo4j/3681fcc7] Schema index cleanup job started: descriptor=Index( id=10, name='actor_betweenness', type='RANGE', schema=(:Label[0] {PropertyKey[31]}), indexProvider='range-1.0' ), indexFile=D:\bigmaths3\neo4j\data\databases\neo4j\schema\index\range-1.0\10\index-10
2026-09-16 05:58:20.872+0000 INFO  [o.n.k.i.i.s.RangeIndexProvider] [neo4j/3681fcc7] Schema index cleanup job finished: descriptor=Index( id=10, name='actor_betweenness', type='RANGE', schema=(:Label[0] {PropertyKey[31]}), indexProvider='range-1.0' ), indexFile=D:\bigmaths3\neo4j\data\databases\neo4j\schema\index\range-1.0\10\index-10 Number of pages visited: 5, Number of tree nodes: 4, Number of cleaned crashed pointers: 0, Time spent: 0ms
2026-09-16 05:58:20.872+0000 INFO  [o.n.k.i.i.s.RangeIndexProvider] [neo4j/3681fcc7] Schema index cleanup job closed: descriptor=Index( id=10, name='actor_betweenness', type='RANGE', schema=(:Label[0] {PropertyKey[31]}), indexProvider='range-1.0' ), indexFile=D:\bigmaths3\neo4j\data\databases\neo4j\schema\index\range-1.0\10\index-10
2026-09-16 05:58:20.872+0000 INFO  [o.n.k.i.i.s.RangeIndexProvider] [neo4j/3681fcc7] Schema index cleanup job started: descriptor=Index( id=11, name='actor_genre_diversity', type='RANGE', schema=(:Label[0] {PropertyKey[35]}), indexProvider='range-1.0' ), indexFile=D:\bigmaths3\neo4j\data\databases\neo4j\schema\index\range-1.0\11\index-11
2026-09-16 05:58:20.874+0000 INFO  [o.n.k.a.DatabaseAvailabilityGuard] [neo4j/3681fcc7] Fulfilling of requirement 'Database unavailable' makes database neo4j available.
2026-09-16 05:58:20.874+0000 INFO  [o.n.k.a.DatabaseAvailabilityGuard] [neo4j/3681fcc7] DatabaseId{3681fcc7[neo4j]} is ready.
2026-09-16 05:58:20.874+0000 INFO  [o.n.u.UserDataCollector] Anonymous Usage Data is being sent to Neo4j, see https://neo4j.com/docs/usage-data/
2026-09-16 05:58:20.880+0000 INFO  [o.n.k.i.i.s.RangeIndexProvider] [neo4j/3681fcc7] Schema index cleanup job finished: descriptor=Index( id=11, name='actor_genre_diversity', type='RANGE', schema=(:Label[0] {PropertyKey[35]}), indexProvider='range-1.0' ), indexFile=D:\bigmaths3\neo4j\data\databases\neo4j\schema\index\range-1.0\11\index-11 Number of pages visited: 92, Number of tree nodes: 91, Number of cleaned crashed pointers: 0, Time spent: 5ms
2026-09-16 05:58:20.880+0000 INFO  [o.n.k.i.i.s.RangeIndexProvider] [neo4j/3681fcc7] Schema index cleanup job closed: descriptor=Index( id=11, name='actor_genre_diversity', type='RANGE', schema=(:Label[0] {PropertyKey[35]}), indexProvider='range-1.0' ), indexFile=D:\bigmaths3\neo4j\data\databases\neo4j\schema\index\range-1.0\11\index-11
2026-09-16 05:58:20.919+0000 INFO  [o.n.b.p.c.c.n.SocketNettyConnector] Bolt enabled on steamcdn-a.akamaihd.net:7687.
2026-09-16 05:58:20.921+0000 WARN  [i.n.b.ServerBootstrap] Unknown channel option 'SO_REUSEADDR' for channel '[id: 0xeb70178a]' of type 'class io.netty.channel.local.LocalServerChannel'
2026-09-16 05:58:20.924+0000 INFO  [o.n.b.BoltServer] Bolt server started
2026-09-16 05:58:20.924+0000 INFO  [o.n.s.A.ServerComponentsLifecycleAdapter] Starting web server
2026-09-16 05:58:22.822+0000 INFO  [o.n.s.CommunityNeoWebServer] HTTP enabled on 127.0.0.1:7474.
2026-09-16 05:58:22.824+0000 INFO  [o.n.s.CommunityNeoWebServer] Remote interface available at http://localhost:7474/
2026-09-16 05:58:22.824+0000 INFO  [o.n.s.A.ServerComponentsLifecycleAdapter] Web server started.
2026-09-16 05:58:22.826+0000 INFO  [o.n.g.f.DatabaseManagementServiceFactory] id: 32EDBFDCC648FCE3529EDFE5CC7B0995964120C6F88C2DE2EBC51FCFB04A5AB6
2026-09-16 05:58:22.826+0000 INFO  [o.n.g.f.DatabaseManagementServiceFactory] name: system
2026-09-16 05:58:22.826+0000 INFO  [o.n.g.f.DatabaseManagementServiceFactory] creationDate: 2026-09-01T15:36:39.542Z
2026-09-16 06:45:33.758+0000 ERROR [o.n.k.i.u.w.DefaultFileDeletionEventListener] 'database_lock' which belongs to the 'neo4j' database was deleted while it was running.
2026-09-16 06:45:33.759+0000 ERROR [o.n.k.i.u.w.DefaultFileDeletionEventListener] 'neostore' which belongs to the 'neo4j' database was deleted while it was running.
2026-09-16 06:45:33.759+0000 ERROR [o.n.k.i.u.w.DefaultFileDeletionEventListener] 'neostore.counts.db' which belongs to the 'neo4j' database was deleted while it was running.
2026-09-16 06:45:33.759+0000 ERROR [o.n.k.i.u.w.DefaultFileDeletionEventListener] 'neostore.indexstats.db' which belongs to the 'neo4j' database was deleted while it was running.
2026-09-16 06:45:33.759+0000 ERROR [o.n.k.i.u.w.DefaultFileDeletionEventListener] 'neostore.labeltokenstore.db' which belongs to the 'neo4j' database was deleted while it was running.
2026-09-16 06:45:33.759+0000 ERROR [o.n.k.i.u.w.DefaultFileDeletionEventListener] 'neostore.labeltokenstore.db.id' which belongs to the 'neo4j' database was deleted while it was running.
2026-09-16 06:45:33.759+0000 ERROR [o.n.k.i.u.w.DefaultFileDeletionEventListener] 'neostore.labeltokenstore.db.names' which belongs to the 'neo4j' database was deleted while it was running.
2026-09-16 06:45:33.759+0000 ERROR [o.n.k.i.u.w.DefaultFileDeletionEventListener] 'neostore.labeltokenstore.db.names.id' which belongs to the 'neo4j' database was deleted while it was running.
2026-09-16 06:45:33.760+0000 ERROR [o.n.k.i.u.w.DefaultFileDeletionEventListener] 'neostore.nodestore.db' which belongs to the 'neo4j' database was deleted while it was running.
2026-09-16 06:45:33.760+0000 ERROR [o.n.k.i.u.w.DefaultFileDeletionEventListener] 'neostore.nodestore.db.id' which belongs to the 'neo4j' database was deleted while it was running.
2026-09-16 06:45:33.760+0000 ERROR [o.n.k.i.u.w.DefaultFileDeletionEventListener] 'neostore.nodestore.db.labels' which belongs to the 'neo4j' database was deleted while it was running.
2026-09-16 06:45:33.760+0000 ERROR [o.n.k.i.u.w.DefaultFileDeletionEventListener] 'neostore.nodestore.db.labels.id' which belongs to the 'neo4j' database was deleted while it was running.
2026-09-16 06:45:33.760+0000 ERROR [o.n.k.i.u.w.DefaultFileDeletionEventListener] 'neostore.propertystore.db' which belongs to the 'neo4j' database was deleted while it was running.
2026-09-16 06:45:33.760+0000 ERROR [o.n.k.i.u.w.DefaultFileDeletionEventListener] 'neostore.propertystore.db.arrays' which belongs to the 'neo4j' database was deleted while it was running.
2026-09-16 06:45:33.760+0000 ERROR [o.n.k.i.u.w.DefaultFileDeletionEventListener] 'neostore.propertystore.db.arrays.id' which belongs to the 'neo4j' database was deleted while it was running.
2026-09-16 06:45:33.760+0000 ERROR [o.n.k.i.u.w.DefaultFileDeletionEventListener] 'neostore.propertystore.db.id' which belongs to the 'neo4j' database was deleted while it was running.
2026-09-16 06:45:33.761+0000 ERROR [o.n.k.i.u.w.DefaultFileDeletionEventListener] 'neostore.propertystore.db.index' which belongs to the 'neo4j' database was deleted while it was running.
2026-09-16 06:45:33.761+0000 ERROR [o.n.k.i.u.w.DefaultFileDeletionEventListener] 'neostore.propertystore.db.index.id' which belongs to the 'neo4j' database was deleted while it was running.
2026-09-16 06:45:33.761+0000 ERROR [o.n.k.i.u.w.DefaultFileDeletionEventListener] 'neostore.propertystore.db.index.keys' which belongs to the 'neo4j' database was deleted while it was running.
2026-09-16 06:45:33.761+0000 ERROR [o.n.k.i.u.w.DefaultFileDeletionEventListener] 'neostore.propertystore.db.index.keys.id' which belongs to the 'neo4j' database was deleted while it was running.
2026-09-16 06:45:33.761+0000 ERROR [o.n.k.i.u.w.DefaultFileDeletionEventListener] 'neostore.propertystore.db.strings' which belongs to the 'neo4j' database was deleted while it was running.
2026-09-16 06:45:33.761+0000 ERROR [o.n.k.i.u.w.DefaultFileDeletionEventListener] 'neostore.propertystore.db.strings.id' which belongs to the 'neo4j' database was deleted while it was running.
2026-09-16 06:45:33.762+0000 ERROR [o.n.k.i.u.w.DefaultFileDeletionEventListener] 'neostore.relationshipgroupstore.db' which belongs to the 'neo4j' database was deleted while it was running.
2026-09-16 06:45:33.762+0000 ERROR [o.n.k.i.u.w.DefaultFileDeletionEventListener] 'neostore.relationshipgroupstore.db.id' which belongs to the 'neo4j' database was deleted while it was running.
2026-09-16 06:45:33.762+0000 ERROR [o.n.k.i.u.w.DefaultFileDeletionEventListener] 'neostore.relationshipgroupstore.degrees.db' which belongs to the 'neo4j' database was deleted while it was running.
2026-09-16 06:45:33.762+0000 ERROR [o.n.k.i.u.w.DefaultFileDeletionEventListener] 'neostore.relationshipstore.db' which belongs to the 'neo4j' database was deleted while it was running.
2026-09-16 06:45:33.762+0000 ERROR [o.n.k.i.u.w.DefaultFileDeletionEventListener] 'neostore.relationshipstore.db.id' which belongs to the 'neo4j' database was deleted while it was running.
2026-09-16 06:45:33.762+0000 ERROR [o.n.k.i.u.w.DefaultFileDeletionEventListener] 'neostore.relationshiptypestore.db' which belongs to the 'neo4j' database was deleted while it was running.
2026-09-16 06:45:33.762+0000 ERROR [o.n.k.i.u.w.DefaultFileDeletionEventListener] 'neostore.relationshiptypestore.db.id' which belongs to the 'neo4j' database was deleted while it was running.
2026-09-16 06:45:33.764+0000 ERROR [o.n.k.i.u.w.DefaultFileDeletionEventListener] 'neostore.relationshiptypestore.db.names' which belongs to the 'neo4j' database was deleted while it was running.
2026-09-16 06:45:33.764+0000 ERROR [o.n.k.i.u.w.DefaultFileDeletionEventListener] 'neostore.relationshiptypestore.db.names.id' which belongs to the 'neo4j' database was deleted while it was running.
2026-09-16 06:45:33.764+0000 ERROR [o.n.k.i.u.w.DefaultFileDeletionEventListener] 'neostore.schemastore.db' which belongs to the 'neo4j' database was deleted while it was running.
2026-09-16 06:45:33.764+0000 ERROR [o.n.k.i.u.w.DefaultFileDeletionEventListener] 'neostore.schemastore.db.id' which belongs to the 'neo4j' database was deleted while it was running.
2026-09-16 06:45:33.767+0000 ERROR [o.n.k.i.u.w.DefaultFileDeletionEventListener] 'database_lock' which belongs to the 'system' database was deleted while it was running.
2026-09-16 06:45:33.768+0000 ERROR [o.n.k.i.u.w.DefaultFileDeletionEventListener] 'schema' which belongs to the 'neo4j' database was deleted while it was running.
2026-09-16 06:45:33.768+0000 ERROR [o.n.k.i.u.w.DefaultFileDeletionEventListener] 'neo4j' which belongs to the 'neo4j' database was deleted while it was running.
2026-09-16 06:45:33.768+0000 ERROR [o.n.k.i.u.w.DefaultFileDeletionEventListener] 'neostore' which belongs to the 'system' database was deleted while it was running.
2026-09-16 06:45:33.768+0000 ERROR [o.n.k.i.u.w.DefaultFileDeletionEventListener] 'neostore.counts.db' which belongs to the 'system' database was deleted while it was running.
2026-09-16 06:45:33.769+0000 ERROR [o.n.k.i.u.w.DefaultFileDeletionEventListener] 'neostore.indexstats.db' which belongs to the 'system' database was deleted while it was running.
2026-09-16 06:45:33.769+0000 ERROR [o.n.k.i.u.w.DefaultFileDeletionEventListener] 'neostore.labeltokenstore.db' which belongs to the 'system' database was deleted while it was running.
2026-09-16 06:45:33.769+0000 ERROR [o.n.k.i.u.w.DefaultFileDeletionEventListener] 'neostore.labeltokenstore.db.id' which belongs to the 'system' database was deleted while it was running.
2026-09-16 06:45:33.769+0000 ERROR [o.n.k.i.u.w.DefaultFileDeletionEventListener] 'neostore.labeltokenstore.db.names' which belongs to the 'system' database was deleted while it was running.
2026-09-16 06:45:33.769+0000 ERROR [o.n.k.i.u.w.DefaultFileDeletionEventListener] 'neostore.labeltokenstore.db.names.id' which belongs to the 'system' database was deleted while it was running.
2026-09-16 06:45:33.769+0000 ERROR [o.n.k.i.u.w.DefaultFileDeletionEventListener] 'neostore.nodestore.db' which belongs to the 'system' database was deleted while it was running.
2026-09-16 06:45:33.769+0000 ERROR [o.n.k.i.u.w.DefaultFileDeletionEventListener] 'neostore.nodestore.db.id' which belongs to the 'system' database was deleted while it was running.
2026-09-16 06:45:33.769+0000 ERROR [o.n.k.i.u.w.DefaultFileDeletionEventListener] 'neostore.nodestore.db.labels' which belongs to the 'system' database was deleted while it was running.
2026-09-16 06:45:33.770+0000 ERROR [o.n.k.i.u.w.DefaultFileDeletionEventListener] 'neostore.nodestore.db.labels.id' which belongs to the 'system' database was deleted while it was running.
2026-09-16 06:45:33.770+0000 ERROR [o.n.k.i.u.w.DefaultFileDeletionEventListener] 'neostore.propertystore.db' which belongs to the 'system' database was deleted while it was running.
2026-09-16 06:45:33.770+0000 ERROR [o.n.k.i.u.w.DefaultFileDeletionEventListener] 'neostore.propertystore.db.arrays' which belongs to the 'system' database was deleted while it was running.
2026-09-16 06:45:33.770+0000 ERROR [o.n.k.i.u.w.DefaultFileDeletionEventListener] 'neostore.propertystore.db.arrays.id' which belongs to the 'system' database was deleted while it was running.
2026-09-16 06:45:33.770+0000 ERROR [o.n.k.i.u.w.DefaultFileDeletionEventListener] 'neostore.propertystore.db.id' which belongs to the 'system' database was deleted while it was running.
2026-09-16 06:45:33.771+0000 ERROR [o.n.k.i.u.w.DefaultFileDeletionEventListener] 'neostore.propertystore.db.index' which belongs to the 'system' database was deleted while it was running.
2026-09-16 06:45:33.771+0000 ERROR [o.n.k.i.u.w.DefaultFileDeletionEventListener] 'neostore.propertystore.db.index.id' which belongs to the 'system' database was deleted while it was running.
2026-09-16 06:45:33.771+0000 ERROR [o.n.k.i.u.w.DefaultFileDeletionEventListener] 'neostore.propertystore.db.index.keys' which belongs to the 'system' database was deleted while it was running.
2026-09-16 06:45:33.771+0000 ERROR [o.n.k.i.u.w.DefaultFileDeletionEventListener] 'neostore.propertystore.db.index.keys.id' which belongs to the 'system' database was deleted while it was running.
2026-09-16 06:45:33.771+0000 ERROR [o.n.k.i.u.w.DefaultFileDeletionEventListener] 'neostore.propertystore.db.strings' which belongs to the 'system' database was deleted while it was running.
2026-09-16 06:45:33.772+0000 ERROR [o.n.k.i.u.w.DefaultFileDeletionEventListener] 'neostore.propertystore.db.strings.id' which belongs to the 'system' database was deleted while it was running.
2026-09-16 06:45:33.772+0000 ERROR [o.n.k.i.u.w.DefaultFileDeletionEventListener] 'neostore.relationshipgroupstore.db' which belongs to the 'system' database was deleted while it was running.
2026-09-16 06:45:33.772+0000 ERROR [o.n.k.i.u.w.DefaultFileDeletionEventListener] 'neostore.relationshipgroupstore.db.id' which belongs to the 'system' database was deleted while it was running.
2026-09-16 06:45:33.772+0000 ERROR [o.n.k.i.u.w.DefaultFileDeletionEventListener] 'neostore.relationshipgroupstore.degrees.db' which belongs to the 'system' database was deleted while it was running.
2026-09-16 06:45:33.772+0000 ERROR [o.n.k.i.u.w.DefaultFileDeletionEventListener] 'neostore.relationshipstore.db' which belongs to the 'system' database was deleted while it was running.
2026-09-16 06:45:33.774+0000 ERROR [o.n.k.i.u.w.DefaultFileDeletionEventListener] 'neostore.relationshipstore.db.id' which belongs to the 'system' database was deleted while it was running.
2026-09-16 06:45:33.774+0000 ERROR [o.n.k.i.u.w.DefaultFileDeletionEventListener] 'neostore.relationshiptypestore.db' which belongs to the 'system' database was deleted while it was running.
2026-09-16 06:45:33.774+0000 ERROR [o.n.k.i.u.w.DefaultFileDeletionEventListener] 'neostore.relationshiptypestore.db.id' which belongs to the 'system' database was deleted while it was running.
2026-09-16 06:45:33.774+0000 ERROR [o.n.k.i.u.w.DefaultFileDeletionEventListener] 'neostore.relationshiptypestore.db.names' which belongs to the 'system' database was deleted while it was running.
2026-09-16 06:45:33.774+0000 ERROR [o.n.k.i.u.w.DefaultFileDeletionEventListener] 'neostore.relationshiptypestore.db.names.id' which belongs to the 'system' database was deleted while it was running.
2026-09-16 06:45:33.774+0000 ERROR [o.n.k.i.u.w.DefaultFileDeletionEventListener] 'neostore.schemastore.db' which belongs to the 'system' database was deleted while it was running.
2026-09-16 06:45:33.775+0000 ERROR [o.n.k.i.u.w.DefaultFileDeletionEventListener] 'neostore.schemastore.db.id' which belongs to the 'system' database was deleted while it was running.
2026-09-16 06:45:33.778+0000 ERROR [o.n.k.i.u.w.DefaultFileDeletionEventListener] 'schema' which belongs to the 'system' database was deleted while it was running.
2026-09-16 06:45:33.778+0000 ERROR [o.n.k.i.u.w.DefaultFileDeletionEventListener] 'system' which belongs to the 'system' database was deleted while it was running.
2026-09-16 06:45:33.780+0000 ERROR [o.n.k.i.u.w.DefaultFileDeletionEventListener] 'neo4j' which belongs to the 'neo4j' database was deleted while it was running.
2026-09-16 06:45:33.780+0000 ERROR [o.n.k.i.u.w.DefaultFileDeletionEventListener] 'system' which belongs to the 'system' database was deleted while it was running.
2026-09-16 06:45:47.915+0000 ERROR [o.n.b.p.c.h.HouseKeeperHandler] Fatal error occurred when handling a client connection: [id: 0x2f10c16e, L:/127.0.0.1:7687 - R:/127.0.0.1:65198]
java.net.SocketException: Connection reset
	at java.base/sun.nio.ch.SocketChannelImpl.throwConnectionReset(SocketChannelImpl.java:401)
	at java.base/sun.nio.ch.SocketChannelImpl.read(SocketChannelImpl.java:434)
	at io.netty.buffer.PooledByteBuf.setBytes(PooledByteBuf.java:255)
	at io.netty.buffer.AbstractByteBuf.writeBytes(AbstractByteBuf.java:1132)
	at io.netty.channel.socket.nio.NioSocketChannel.doReadBytes(NioSocketChannel.java:356)
	at io.netty.channel.nio.AbstractNioByteChannel$NioByteUnsafe.read(AbstractNioByteChannel.java:156)
	at io.netty.channel.nio.NioEventLoop.processSelectedKey(NioEventLoop.java:796)
	at io.netty.channel.nio.NioEventLoop.processSelectedKeysOptimized(NioEventLoop.java:732)
	at io.netty.channel.nio.NioEventLoop.processSelectedKeys(NioEventLoop.java:658)
	at io.netty.channel.nio.NioEventLoop.run(NioEventLoop.java:562)
	at io.netty.util.concurrent.SingleThreadEventExecutor$4.run(SingleThreadEventExecutor.java:1007)
	at io.netty.util.internal.ThreadExecutorMap$2.run(ThreadExecutorMap.java:74)
	at io.netty.util.concurrent.FastThreadLocalRunnable.run(FastThreadLocalRunnable.java:30)
	at java.base/java.lang.Thread.run(Thread.java:1583)
2026-09-16 06:45:47.915+0000 ERROR [o.n.b.p.c.h.HouseKeeperHandler] Fatal error occurred when handling a client connection: [id: 0xa0ae1546, L:/127.0.0.1:7687 - R:/127.0.0.1:57523]
java.net.SocketException: Connection reset
	at java.base/sun.nio.ch.SocketChannelImpl.throwConnectionReset(SocketChannelImpl.java:401)
	at java.base/sun.nio.ch.SocketChannelImpl.read(SocketChannelImpl.java:434)
	at io.netty.buffer.PooledByteBuf.setBytes(PooledByteBuf.java:255)
	at io.netty.buffer.AbstractByteBuf.writeBytes(AbstractByteBuf.java:1132)
	at io.netty.channel.socket.nio.NioSocketChannel.doReadBytes(NioSocketChannel.java:356)
	at io.netty.channel.nio.AbstractNioByteChannel$NioByteUnsafe.read(AbstractNioByteChannel.java:156)
	at io.netty.channel.nio.NioEventLoop.processSelectedKey(NioEventLoop.java:796)
	at io.netty.channel.nio.NioEventLoop.processSelectedKeysOptimized(NioEventLoop.java:732)
	at io.netty.channel.nio.NioEventLoop.processSelectedKeys(NioEventLoop.java:658)
	at io.netty.channel.nio.NioEventLoop.run(NioEventLoop.java:562)
	at io.netty.util.concurrent.SingleThreadEventExecutor$4.run(SingleThreadEventExecutor.java:1007)
	at io.netty.util.internal.ThreadExecutorMap$2.run(ThreadExecutorMap.java:74)
	at io.netty.util.concurrent.FastThreadLocalRunnable.run(FastThreadLocalRunnable.java:30)
	at java.base/java.lang.Thread.run(Thread.java:1583)
2026-09-16 06:45:47.915+0000 ERROR [o.n.b.p.c.h.HouseKeeperHandler] Fatal error occurred when handling a client connection: [id: 0xcecdeda6, L:/127.0.0.1:7687 - R:/127.0.0.1:65199]
java.net.SocketException: Connection reset
	at java.base/sun.nio.ch.SocketChannelImpl.throwConnectionReset(SocketChannelImpl.java:401)
	at java.base/sun.nio.ch.SocketChannelImpl.read(SocketChannelImpl.java:434)
	at io.netty.buffer.PooledByteBuf.setBytes(PooledByteBuf.java:255)
	at io.netty.buffer.AbstractByteBuf.writeBytes(AbstractByteBuf.java:1132)
	at io.netty.channel.socket.nio.NioSocketChannel.doReadBytes(NioSocketChannel.java:356)
	at io.netty.channel.nio.AbstractNioByteChannel$NioByteUnsafe.read(AbstractNioByteChannel.java:156)
	at io.netty.channel.nio.NioEventLoop.processSelectedKey(NioEventLoop.java:796)
	at io.netty.channel.nio.NioEventLoop.processSelectedKeysOptimized(NioEventLoop.java:732)
	at io.netty.channel.nio.NioEventLoop.processSelectedKeys(NioEventLoop.java:658)
	at io.netty.channel.nio.NioEventLoop.run(NioEventLoop.java:562)
	at io.netty.util.concurrent.SingleThreadEventExecutor$4.run(SingleThreadEventExecutor.java:1007)
	at io.netty.util.internal.ThreadExecutorMap$2.run(ThreadExecutorMap.java:74)
	at io.netty.util.concurrent.FastThreadLocalRunnable.run(FastThreadLocalRunnable.java:30)
	at java.base/java.lang.Thread.run(Thread.java:1583)
2026-09-16 06:45:47.915+0000 ERROR [o.n.b.p.c.h.HouseKeeperHandler] Fatal error occurred when handling a client connection: [id: 0xa220913b, L:/127.0.0.1:7687 - R:/127.0.0.1:65200]
java.net.SocketException: Connection reset
	at java.base/sun.nio.ch.SocketChannelImpl.throwConnectionReset(SocketChannelImpl.java:401)
	at java.base/sun.nio.ch.SocketChannelImpl.read(SocketChannelImpl.java:434)
	at io.netty.buffer.PooledByteBuf.setBytes(PooledByteBuf.java:255)
	at io.netty.buffer.AbstractByteBuf.writeBytes(AbstractByteBuf.java:1132)
	at io.netty.channel.socket.nio.NioSocketChannel.doReadBytes(NioSocketChannel.java:356)
	at io.netty.channel.nio.AbstractNioByteChannel$NioByteUnsafe.read(AbstractNioByteChannel.java:156)
	at io.netty.channel.nio.NioEventLoop.processSelectedKey(NioEventLoop.java:796)
	at io.netty.channel.nio.NioEventLoop.processSelectedKeysOptimized(NioEventLoop.java:732)
	at io.netty.channel.nio.NioEventLoop.processSelectedKeys(NioEventLoop.java:658)
	at io.netty.channel.nio.NioEventLoop.run(NioEventLoop.java:562)
	at io.netty.util.concurrent.SingleThreadEventExecutor$4.run(SingleThreadEventExecutor.java:1007)
	at io.netty.util.internal.ThreadExecutorMap$2.run(ThreadExecutorMap.java:74)
	at io.netty.util.concurrent.FastThreadLocalRunnable.run(FastThreadLocalRunnable.java:30)
	at java.base/java.lang.Thread.run(Thread.java:1583)
