actorId,name,birthYear
nm0000194,Julianne Moore,1960
nm0000198,Gary Oldman,1958
nm0001057,Toni Collette,1972
nm0001119,Yvonne De Carlo,1922
nm0001816,Robert Vaughn,1932
nm0001848,Dianne Wiest,1948
nm0005037,James Hyde,1962
nm0005253,Elisabeth Moss,1982
nm0005535,Estella Warren,1978
nm0007124,Suhasini,1961
nm0010736,Amy Adams,1974
nm0012078,Scott Adkins,1976
nm0022094,Miri Aloni,1949
nm0022764,Ernesto Alterio,1970
nm0034836,Ineko Arima,1932
nm0038449,Ariane Ascaride,1954
nm0043766,Chad Ayers,
nm0044729,Reza Babak,
nm0074053,Kris Bergen,1961
nm0107285,Frank Brennan,
nm0139175,Antoni Corone,1955
nm0141143,Jeanne Carré,
nm0149802,Chakori,
nm0156953,Ching-Hsia Chiang,
nm0162311,Igor Cillík,1941
nm0173004,Hervé Colombel,
nm0188121,Maria Cristina Gatti,
nm0189584,Randy Crowder,
nm0194553,Luciano Cáceres,1977
nm0195844,Joseph D'Onofrio,
nm0215429,Marcantonio Del Carlo,1965
nm0222181,Devan,1952
nm0224882,Lucky Dias,
nm0225777,João Didelet,1964
nm0230826,Monica Dolan,1969
nm0257922,Deana Demko,1968
nm0258194,Christine Entwisle,
nm0259074,Juli Erickson,1939
nm0266645,Chin Ao-Hsin,1947
nm0277932,Herman Finkers,1954
nm0285071,Guilherme Fontes,1967
nm0292708,Gunnel Fred,1955
nm0293724,André Frei,
nm0294372,Geoffrey Freshwater,
nm0297873,Keiji Fujiwara,1964
nm0303599,Giulia Gam,1966
nm0305365,Nanou Garcia,
nm0307253,Ruben Garfias,1960
nm0314751,Vincent Gerris,
nm0324772,Ramón E. Goicoechea,
nm0346363,Samir Guesmi,1967
nm0350453,Jake Gyllenhaal,1980
nm0368263,Emanuel Hason,1971
nm0375454,Ludo Hellinx,1955
nm0378245,Taraji P. Henson,1970
nm0386205,Kiyoko Hirai,
nm0388092,Patricia Hodge,1946
nm0389882,Hoi Heung,1921
nm0393291,Kôjirô Hongô,1938
nm0396212,Yukijirô Hotaru,1951
nm0406718,Haruyo Ichikawa,1913
nm0406737,Raizô Ichikawa,1931
nm0421044,Michael Jenn,1959
nm0424718,Carmel Johnson,
nm0432531,Jing Fang,
nm0434557,Kenichi Kagami,
nm0439307,Babak Karimi,1960
nm0446314,David Patrick Kelly,1951
nm0452748,Rya Kihlstedt,1969
nm0452939,Percy Kilbride,1888
nm0457038,Nino Kirtadze,1968
nm0463827,Sonja Kolačarić,1980
nm0467379,Lubo Kostelný,1981
nm0473530,Akira Kubo,1936
nm0477753,Casey Takamine,1934
nm0477767,Akitake Kôno,1911
nm0479300,Vangie Labalan,1943
nm0491426,Lucie Laurier,1975
nm0497362,Lee Han-wi,1961
nm0527959,Rolf Lydahl,1959
nm0530286,Mónica López,1969
nm0534497,Jamel Madani,
nm0536095,Benoît Magimel,1974
nm0538303,Sreela Majumdar,1958
nm0553778,Lou Martini Jr.,
nm0561114,Gail Maurice,
nm0572324,Gibb McLaughlin,1884
nm0579076,Melissa Mendez,1964
nm0579795,Peter Mensah,1959
nm0592654,Chieko Misaki,1921
nm0594391,Chôchô Miyako,1920
nm0601335,Jaren Moore,
nm0602071,Margo Moorer,
nm0608440,William Moseley,1987
nm0613874,Gerardo Murguía,1958
nm0618936,Usha Nadkarni,
nm0619200,Chô,1957
nm0619834,Ahmad Najafi,
nm0651274,Tito Ortiz,1975
nm0652708,Michimaro Otabe,
nm0657241,Germán Palacios,1963
nm0668241,Carl Anthony Payne II,1969
nm0719914,Robin Renucci,1956
nm0739287,Derby Romero,1989
nm0757299,Mutsuko Sakura,1921
nm0765974,Jamel Sassi,
nm0793585,Sumi Shimamoto,1954
nm0793675,Mayumi Shimizu,1940
nm0796513,Sadiya Siddiqui,1972
nm0799226,Satu Silvo,1962
nm0810379,Yeardley Smith,1964
nm0812453,Vladimir Sokoloff,1889
nm0845270,Marianne Sägebrecht,1945
nm0847464,Toyoko Takechi,
nm0848862,Khatijah Tan,
nm0852466,Holland Taylor,1943
nm0856194,Nubar Terziyan,1909
nm0875460,Hachirô Tsuruoka,1927
nm0913789,Atsushi Watanabe,1947
nm0944081,Sharyn Wynters,
nm0970866,Matthew Ewald,1982
nm0992636,Omar Medina,
nm0992655,Kiichirô Mutô,
nm1002207,Phetthai Vongkumlao,
nm10047921,Syahriar Tato,
nm10063311,Trevor Jean Volentine,
nm10067871,Khalid Mengah,1961
nm10093730,Connie Jo Bennett,
nm10109408,Success Akpojotor,1990
nm10114454,Gagan Kokri,
nm10122861,Daniel Heca,
nm10144763,Mario De Lillo,
nm10191596,Will Jones,
nm10215661,Cengceng Zhang,
nm10267905,Shirley DePhillips,
nm10269102,Alina Astrovskaya,1989
nm10270566,Teri D. Brown,
nm10271721,Echa Permatasari,
nm1027842,Masami Arisawa,
nm10282870,Jeanine Bérenguer,
nm10282871,Andrée Berjuin,
nm10284020,Kendra Jervis,
nm10285009,Emilia Berberausaite,
nm10285010,Erin Abrahams,
nm10289291,Abby Shaw,
nm10289913,Nia Payne,
nm10296873,David Bermudez,
nm10298321,Tito Gomez,
nm10303781,Millie Clarkes,
nm10307265,Natalia Kuloshvili,
nm10313053,Vlad Kiryukhin,
nm10322942,Ryû Miemachi,
nm10328670,Funda Öz,
nm10330477,Bruce Norton,
nm10330479,Henry da Silva,
nm10332268,Catherine Wolf,
nm10337380,Sounak Kundu,
nm10341143,Sasa Podhostnik,
nm10342515,Nehir Seymenoglu,
nm10344698,Pablo Cantón,
nm10349796,Yumi Kurihara,
nm10350752,Jeffery Walker,
nm10350935,Nikolay Dimitrov,
nm10355436,Perla Montes de Oca,
nm10362199,Caleb Allen,
nm10362777,Miriam Arce,
nm10364392,Nao Mizuno,
nm10367197,Harvey Dukes,
nm10369425,Kevin Rodrigues,
nm10376621,Vishal Sangale,
nm10377020,Martina Trillo,
nm10377829,Shivraj Chavan,
nm10379925,Ishaan Verma,
nm10388578,Derek Albert,
nm10389248,Fang-Fang Hsiao,
nm10390408,Terrence Manes,
nm10396381,Maria Elena Farias,
nm10397133,Yezhou Han,
nm1040273,Katarzyna Herman,1971
nm1040372,T.J. Jagodowski,1971
nm10408832,Jomo Rainbow,
nm10413848,Nadeesha Alahapperuma,
nm10415836,Gabriella Wisdom,
nm10427150,Vaishnavi,
nm10429837,Irving James,
nm10430003,Mahmut Kemal Sarialtun,
nm10430743,Sehij Iarmoshenko,
nm10431130,Celine Stampfer,
nm10434490,Izzy Davi,
nm10436337,Diana Egwuatu,
nm10436897,Kim Brown,
nm10443677,Chicho Tche,
nm10446092,Christina Aperioti,
nm10450363,Dhanuskha Iroshani,
nm10452946,Floris Meerveld,
nm10454406,Amaiya Bearpaw,
nm10455667,Célia Cordeiro,
nm10456642,Nikolas Vidal,
nm10456949,Heidi Shelhamer,
nm10458435,Sigismund Achenbach,
nm10460845,Rajesh Khurana,
nm10461997,Luciano González,
nm10464249,Skyler Knight,
nm10466029,Emil Vargas,
nm10467931,Ryan Grace,
nm10472114,Ayubu Juma,
nm10473064,Christopher Rector,
nm10479462,Steve Bluwa,
nm10490902,Teuku Zacky,
nm10490904,Annisa Aurelia,
nm10491040,Matthew Baker,
nm10491843,Simon Bannerot,
nm10493405,Dakota McConnell,
nm10496838,Clarice Cutie,
nm10498819,Yusef Khosravi,
nm10503010,Tomohiro Mei,
nm10504826,Harvinder Kaur,
nm10509238,Elizabeth Ballang,
nm10510604,Todd Demartino,
nm10511907,Sanket More,
nm10511950,Indika Fernando,
nm10515696,Clay Coleman-Davis,
nm10518018,Paul Bond,
nm10522098,Natalie Jane Walsh,
nm10522898,Gabriella Baronello,
nm10527017,Apratim Chatterjee,
nm10532827,Walt Brown,
nm10532835,Monique Cominio,
nm10532992,Vicious Precious Bardon,
nm10533934,Girish Bujji,
nm10533945,Yûichi Takehara,
nm10535372,Mr. Boo,
nm10548547,Jordan Athey,
nm10560371,Muhammad Fareez Daniel Bin Sharabuddin,
nm10592823,David Nanub,
nm10618260,Kyoko Clancy,
nm10626422,Jazmin Prado,
nm10680112,Marco Rosario Amato,
nm10683362,Larysa Yatzenko,
nm10695336,Ebba Bangoura,
nm10698341,Kay Boadi,
nm10700050,Yong Chen,
nm10730438,Yunyao Zhang,
nm10797159,Babu Jose,
nm1082873,Ben Crowley,1980
nm10857288,Ashton Kellogg,
nm10864667,Paul Cowling,
nm10866897,Tianqi Ren,
nm10890555,Balaji,
nm10919573,Robert Petrie,
nm1098018,Sukanya Kulkarni,1968
nm1104698,Vijay Bhanu,
nm11075415,Alex Mayo,
nm1110009,Farkhad Makhmudov,
nm11121192,Liza Giovagnoli,
nm11130701,Nina De Taeye,
nm11214448,Edgars Balins,
nm11221117,Bunty,
nm11225783,Binghui Li,
nm11232735,Yong Ding,
nm1125178,Toygun Ates,1954
nm1127071,Pallavi Patil,1991
nm1133652,Miguel Ferrari,
nm1137962,Mako Sanjô,1943
nm1141223,Zerrin Dogan,1951
nm11469679,Anjaneyulu,
nm11501147,Savitri Alpizar,
nm11533925,Bharath Kalyan,
nm11633698,Valdas Virgailis,
nm11638997,Tathguni Kempegowda,
nm1165904,Tien-Chu Lee,1956
nm11663351,Thomas Bell,
nm11678106,Helsa Zolfi,
nm1167899,Jiaolong Sun,
nm11682645,Raffaele Abete,
nm1169445,Aleksey Shevchenkov,1974
nm11713971,Siyuan Tao,
nm11721161,Ryan Bates,
nm1174035,Maria Mamona,1954
nm11751036,Maciej Drosio,
nm11758686,Malayka Nyman,
nm1181243,Murasaki Fujima,1923
nm1181828,Mohsen Mahdavi,
nm1186378,Hiroko Sugita,
nm11879822,Jonne Kaaretkoski,
nm11880040,Sung Joon Park,
nm1189897,Prema Kiran,1961
nm11982842,Jeanne Brouard,
nm12052708,Anton Samusik,
nm12061022,Daniel Chabannes,
nm1213235,Andris Keiss,1974
nm12204127,Eugenio Aguilar,
nm12497422,Monday Abraham,
nm1251511,Xibin Gong,
nm1263036,Fatheyya Ahmed,
nm1264612,Amira Amir,1920
nm1278335,Leo Alkemade,1980
nm1287617,Habibollah Kasehsaz,
nm1298369,Detlef Brand,
nm1310530,Nadir Legrand,
nm1318578,Tannishtha Chatterjee,1980
nm1320600,César Bordón,1961
nm13237493,Maram Alzghoul,
nm13321450,Bradley Dunn,1995
nm13344989,Christer Lind,
nm13403827,Nicole Fernandes,
nm13414064,Djordje Brajovic,
nm1345839,Shinobu Chihara,1931
nm13504762,Rahul Patil,
nm1367819,Bahram Radan,1979
nm1386893,Raymond Pozo,1969
nm1403664,Natalya Tetenova,
nm1416640,Roshan Pilapitaya,
nm14214694,Héctor González,
nm1428724,Indrans,1956
nm1431940,Evangeline Lilly,1979
nm1437257,Margarita Reyes,
nm14445936,Kangane Mangesh Rangnath,
nm1450944,Gavin Peretti,1983
nm1456554,Ahmed Lucan,
nm1457647,Aleksandar Lazic,
nm1478916,Stanislav Sevcik,1971
nm1482625,Dave R. Watkins,1978
nm1485941,Madhan Bob,1953
nm14919725,Erfan Mosaferchi,
nm1499401,Lucille Howe,
nm1500638,Sasa Tabakovic,
nm1513736,Sonia Couling,1974
nm1516058,Deepraj Rana,
nm1526673,Phoebe Price,1972
nm1533569,Thomas Blumenthal,
nm1536771,Bill Kelly,
nm15522051,Sinem Bilgi,
nm1553002,Eleanor Drew,1922
nm15979410,Masood Barahimi,
nm1616085,Dana Powell,
nm16393669,Amanda Rún Bergþórsdóttir,
nm16481338,Nick Albert,
nm1650019,Reiko Arai,
nm1651720,Olga Pogodina,1976
nm16557855,Divya Makkar,
nm1662057,Kensaku Haruji,
nm16995387,Ildar Kuyanchiyev,1981
nm1702742,Deep Ng,
nm17163530,Anyelo García,
nm1722598,Dillon Lane,1993
nm1731624,Pierre Deladonchamps,1978
nm1733525,Anwan Glover,
nm1734602,Bülent Alkis,1974
nm17479598,Jeff Brown,
nm1760156,Sallie Harmsen,1989
nm1763797,Emad Rashad,1951
nm1773074,Hiroo Wakabayashi,
nm1773122,Lidia Ariza,
nm1778060,Luc Bernier,
nm1784719,Chôji Oka,
nm1796069,Hiroshi Izumida,
nm1796950,Kazunobu Mineta,
nm1816787,Kyle Williams,
nm1822609,Ippei Torihashi,
nm1839828,Ken Hasebe,
nm1881315,Seema Begum,
nm1891974,Seher Terzi,1966
nm1901120,Emma Debner,
nm1962139,Ryôko Kobayashi,1989
nm2016364,Neal Bledsoe,1981
nm2026324,Ben Hall,
nm2065859,Erika Toda,1988
nm2067953,Ed Westwick,1987
nm2081663,Nico García Hume,1980
nm2090153,Jeremy John Wells,1981
nm2091689,Sunny Tang,
nm2104863,Binta Ayo Mogaji,
nm2140007,Cenk Durmazel,1971
nm2143950,Luca Marinelli,1984
nm2145366,Zhongyang Qi,
nm2151352,Soroor Rajai,
nm2202538,Rambod Javan,
nm2239666,Afshin Sangchap,
nm2265157,Isabelle Fuhrman,1997
nm2283410,Elfriede Schüsseleder,1951
nm2304722,Charlyne Yi,1986
nm2326212,Jaime Lyn Beatty,
nm2369538,Ichitarō Kataoka,1877
nm2380781,Haruko Izumi,1905
nm2383250,Logan Miller,1992
nm2386134,Michele Cesari,
nm2393500,Illyse Singer,
nm2398416,Ryûnosuke Kumoi,1903
nm2471825,Leah Rudick,
nm2506850,Adam Day,
nm2525790,Bel Powley,1992
nm2536215,VTV Ganesh,1961
nm2566876,Javier Calvo,1991
nm2620667,Bresha Webb,1984
nm2626103,Griselda Sanchez,
nm2629217,Matt Nielsen,1983
nm2647965,Sarah Leigh,
nm2662416,Jakujaku Katsura,
nm2715315,Kristina Kopf,1966
nm2749076,Hideko Yamamoto,
nm2755346,Ali Zahedi,
nm2806111,Kumara Thirimadura,
nm2868791,Jonathan Martin,
nm2876284,Christine Randall,1981
nm2946515,Kiki Harris,
nm2985692,Shu-Yi Chiu,
nm2995677,Hideo Hata,
nm3020303,Johnny Serret,1986
nm3035081,Amruta Khanvilkar,1984
nm3079083,Andrey Birin,1981
nm3097592,Joe Cornet,1961
nm3121357,Art Kearns,
nm3128033,Yasushi Takemoto,1966
nm3135063,Rebecca Naomi Jones,1981
nm3155702,Mohsen Hosseini,
nm3171390,Ernie Charles,
nm3193433,Enrique Gil,
nm3221539,Rachel Michetti,
nm3236159,Paul Walter Hauser,1986
nm3285792,Iconiq,
nm3322393,Jose Diaz,
nm3339311,Tina Mba,
nm3347140,Torrey B. Lawrence,
nm3371002,Juraj Loj,1983
nm3374672,Abir Chatterjee,1980
nm3387450,Debjani Chatterjee,
nm3401140,Danielle Renee Vivarttas,
nm3413454,S.K. Bhagavan,1933
nm3419887,Baihe Bai,1984
nm3420858,Sushama Deshpande,
nm3459865,Patrick Doughtie,1965
nm3460083,Lauren Poole,
nm3464409,Xianxin Zhou,
nm3474166,Justin Hawkins,
nm3478396,Luke Bracey,1989
nm3482257,Nitin Goel,
nm3485230,Ben Abelsma,
nm3486660,Elizabeth Ferraris,
nm3516479,Steve Fister,
nm3524360,Travis Mills,
nm3558256,Liz Kate,
nm3561833,Sarah Teed,
nm3672284,Junyka Santarin,
nm3684316,Puja Banerjee,1987
nm3699960,Adam Demos,1985
nm3703390,Hiroshi Funayama,
nm3710008,Marty Lindquist,
nm3718947,Julia Robles,
nm3725393,Jackson Yee,2000
nm3738372,Elizabeth Aeby,
nm3749108,P. Ravi Shankar,1966
nm3760640,Xiaoxing Zhai,
nm3768337,Ron Smyck,
nm3772235,Nasima Khan,
nm3817905,John Redlinger,
nm3827772,Peeter Raudsepp,
nm3838543,Jéssica Alonso,
nm3841713,Calvin Ka-Sing Cheng,
nm3854533,Fabio Tassone,
nm3912773,Brian Kirwin,
nm3921227,Maisa Silva,2002
nm3925410,Fátima Domingues,
nm3934032,Shi Lin,
nm3941379,Yavor Baharov,1985
nm3945747,Yukito Nishii,1995
nm3950261,Piotr Biedron,
nm3978201,Gabriel Gallicchio,
nm4037468,Pauletta Hickerson,
nm4086400,Hila Saada,1982
nm4107371,Yurika Kubo,1989
nm4111472,Ulli Smandek,
nm4154798,Brenton Thwaites,1989
nm4168755,Daniel K. Isaac,1988
nm4259483,Daria Simeonova,1989
nm4286925,Adela Mojzísová,1985
nm4323053,Dave Juehring,
nm4367523,Emine Meyrem,1980
nm4378865,Shahrzad Kamalzadeh,
nm4445267,John Long,
nm4448535,Mikey Lipka,
nm4530456,Jashim,1951
nm4537959,Roberta Caronia,
nm4583371,Milind Jadhav,
nm4584004,Dileesh Pothan,1981
nm4589975,Chienna Filomeno,
nm4610347,Dinh Y Nhung,
nm4618195,Robert Leaf,
nm4659433,Usha Rajak,
nm4699715,Madeleine Arthur,1997
nm4702390,Rahul Mittra,
nm4728487,Jemma Dallender,
nm4792489,Billy Freda,
nm4794057,Irina Antonenko,1991
nm4841567,Masahiro Kotaki,
nm4855517,Simu Liu,1989
nm4861346,Algee Smith,1994
nm4890513,Vishal Nayer,
nm4905454,Hanem Mohamed,1932
nm4931869,Nutan Sinha,
nm4962495,Liz Rabian,
nm4976401,Rika Takahara,1960
nm4977507,Abdellatif Atif,
nm4991603,Aleksy Komorowski,1987
nm4998103,Myrtle Sarrosa,1994
nm5037723,Michael L Garcia Jr.,
nm5048092,Kalana Gunasekara,
nm5079362,Mari Shimokawa,
nm5161567,Lana Fever,1985
nm5173885,Marlon Hargrave,
nm5178550,Lyle Shelley,
nm5208549,Omodada Pro,1976
nm5241981,Yachiyo Kasugano,
nm5270858,Pinar Unsal,
nm5280472,Marjina,
nm5325732,Chathurika Peiris,
nm5381501,Yasuko Mishima,
nm5427630,Shanon Snedden,
nm5462166,Madison Hu,2002
nm5465692,Sreenath Bhasi,1988
nm5475083,Garie Lewis,
nm5486523,Andrew Shelton,
nm5496968,Moga Mogami,
nm5542067,Agustín Pardella,1994
nm5551642,Kapila Sigera,
nm5551688,Sudesh Wasantha Pieris,
nm5565166,Valeria Perri,
nm5573352,Miya George,1992
nm5584750,Sadie Sink,2002
nm5613530,Chris Goodwin,
nm5636479,Hailey Chown,1989
nm5644630,Chops Tshoopara,
nm5661500,Pablo Alarson,
nm5675978,Elli Avrram,1990
nm5678135,Ieva Andrejevaite,1988
nm5678481,J-Cameron,
nm5697682,Prakash Dhotre,
nm5706358,Lea Shnirer,
nm5842180,Alejandra Rivera Flaviá,
nm5892734,Deshon Andrae,
nm5913350,Gabrielle Bodroghy,
nm5996757,Tolga Canbeyli,1991
nm6041418,VJ Mendoza,
nm6154954,Francisco de Borja De la Bella,
nm6160653,Kumara Ranapura,
nm6251638,Marc De Roy,
nm6280095,Will Nemi,
nm6305497,Dieter-Michael Grohmann,
nm6500854,Juraj Adamík,1954
nm6501150,Pat Santana,
nm6517501,Atsuhiro Inukai,1994
nm6560119,Supurna Malakar,
nm6595127,Taylor Bagley,1987
nm6601748,Tucson Vernon Walker,
nm6643369,Pauline Dyer,
nm6688102,Derek Chang,1992
nm6700506,Aman Graseka,
nm6761378,Mutebi Farooq,
nm6800672,Lauren Renahan,
nm6822352,Clovis,
nm6856651,Remigijus Endriukaitis,
nm6870283,Melisa Akman,1990
nm6918418,Tinuke Adetunji,
nm6947740,Kara Anderson,
nm7029055,Fang Yin,1986
nm7086305,Clara Lockyer,
nm7125624,Aarun Nagar,
nm7222121,Meghranjani,
nm7237266,Mila Milosevic,
nm7333113,Gang Cai,
nm7339828,Brendan Takash,
nm7355324,Kay Lofton,
nm7365111,Uma Gokhale,
nm7418904,Sharon Henry,
nm7426302,Tigran Mekhitarian,
nm7430936,Babken Chobanyan,
nm7504002,Gonzalo Martin,
nm7522291,Anthony Bryant,
nm7539023,Carolina Herrera,
nm7541334,Judith Audu,
nm7553114,Raphael Mudola,
nm7591676,Chulakshi Ranathunga,
nm7599451,Ayano Murasaki,1969
nm7677312,Dennis Scarfeo,
nm7693842,Jack Fisher,
nm7755046,Tung Leo,
nm7767161,Anoop Aryan,
nm7796795,Ernest Arfan,
nm7866296,Anup Kumar,
nm7930619,Johan B.B. Nielsen,
nm7934016,Jayraj Nair,
nm7995979,Sul Jung-hwan,1985
nm8028537,Aubakir Ismailov,1913
nm8038662,Sigit Pradityo,
nm8068078,Josef Trojan,2001
nm8092420,Andrew Wang,
nm8133234,Susanne Meyer,1977
nm8157833,Olena Khokhlatkina,1968
nm8205904,Alex Hope,
nm8234064,Dakota Miller,
nm8263622,Nico Nicolas,
nm8294221,Lori Dolan Meyer,
nm8313648,John Fiorentino,
nm8331248,Pierre Abena,
nm8435180,Rahul Patil,
nm8452127,Zoraide Coleto,
nm8536897,Bryan Martinez,
nm8547541,Srikant Murali,
nm8602194,Emad Moharam,1951
nm8660204,J.J. Bozeman,
nm8702090,Anri Namiki,
nm8702519,Armen Gendjian,
nm8794744,Robert Lamar Burns,
nm8819213,Aleksey Nagrudnyy,1974
nm8843555,Daan Kruysifix,
nm8855973,Emma Paunil,1996
nm8890163,Ariane Louis,
nm8894370,Jeevan Handunnetti,
nm8906287,Kim Hyun-mok,1991
nm8930145,Markus Paterson,
nm8942747,Selena D.,
nm8954121,Congdi Zhang,
nm8971390,Faith Alexis Oliver,
nm8971998,Josefina Navarro,
nm9019671,JC Anthony,
nm9065556,Matyás Kovár,
nm9071926,Katarina Jacobson,
nm9092461,Jessica Staples,1986
nm9113816,Erkan Ocakli,1949
nm9229144,Pierre Gommé,2004
nm9233198,Quincy Isaiah,
nm9236419,Igor Koltovskyy,
nm9253868,Benczik Gábor,
nm9261695,Ari Huber,
nm9284657,Eddy Vercleven,
nm9363075,Cécile Lancia,
nm9365055,Trevor Stevie Ray Ontiveros,
nm9381266,Caitlin Halderman,
nm9425204,Udayanthi Kulatunga,
nm9435424,Parvathy Arun,
nm9438310,Priyantha Seneviratne,
nm9443755,Maria Bensadoun,
nm9457581,Suraj Mapa,
nm9461939,Lee Ae-ri,1990
nm9466547,Mia Vivens,
nm9480120,Jian Xu,
nm9480183,David Alicandri,
nm9544527,April M. Grant,
nm9554659,Vinu Wettamuni,
nm9578056,Patric Paul,
nm9587598,Yunhe Yi,
nm9593143,Pandiarajan,
nm9604309,Clifford Lowe,
nm9626319,Sajeewa Malmala Arachchi,
nm9677496,Keith Allen West,1971
nm9783483,Heba Abdel Aziz,1984
nm9806264,Pedro Guilherme,
nm9822601,Lee Gasub,1991
nm9851355,Nick Radford,
nm9955285,Swapnil Kale,
nm9958842,Jack Buchanan,
nm0000161,Salma Hayek,1966
nm0000174,Val Kilmer,1959
nm0000339,Roger Corman,1926
nm0000616,Eric Roberts,1956
nm0000641,Gary Sinise,1955
nm0000674,Tamlyn Tomita,1966
nm0000744,Maria Conchita Alonso,1955
nm0001089,Henry Czerny,1959
nm0001376,Isabelle Huppert,1953
nm0001550,Cathy Moriarty,1960
nm0001625,Amanda Plummer,1957
nm0001826,M. Emmet Walsh,1935
nm0003578,Ray Nicholas Hosack,
nm0004266,Anne Hathaway,1982
nm0004801,Nestor Carbonell,1967
nm0004991,Hill Harper,1966
nm0006663,Enrique Murciano,1973
nm0011775,Ghada Adel,1974
nm0015196,Malin Akerman,1978
nm0024188,Vincenzo Amato,1966
nm0036873,Teemu Aromaa,1973
nm0038960,Izumi Ashikawa,1935
nm0039203,Dyrk Ashton,1962
nm0040366,Bahri Ates,1916
nm0049346,Patrick Baladi,1971
nm0049665,Nick Baldasare,
nm0055682,Louise Barnes,
nm0056948,Teodosio Barresi,
nm0075359,Xander Berkeley,1955
nm0080968,Odiseo Bichir,1960
nm0082979,Sergio Bini Bustric,1953
nm0092118,Bruce Bohne,
nm0093294,Aleksandr Bolshakov,1968
nm0093872,Jerzy Bonczak,1949
nm0095971,Ferenc Borbiczky,1957
nm0109944,Gary Bristow,
nm0127656,Antônio do Cabo,
nm0130794,Corinne Calvet,1925
nm0154236,François Chau,1959
nm0159537,Kalyan Chatterjee,1942
nm0169399,Gladys Cohen,1951
nm0172862,Jason Paul Collum,1973
nm0187092,Lynda Marnoni,
nm0189468,Brian Croucher,1942
nm0194152,Zrinka Cvitešić,1979
nm0212563,Adam Deacon,1983
nm0214240,Deeba Begum,1947
nm0216117,Pawel Delag,1970
nm0244428,Oktar Durukan,1938
nm0245027,Henry Duval,1937
nm0257826,Köksal Engür,1946
nm0265610,Michelle Fairley,1963
nm0269077,James Faulkner,1948
nm0269419,Pierfrancesco Favino,1969
nm0280267,Jeremy Fitzgerald,
nm0327104,Ryûtarô Gomi,1933
nm0337042,Sprague Grayden,
nm0348014,Nadika Gunasekera,
nm0352032,Kamal Haasan,1954
nm0359305,Tomoe Hanba,1972
nm0361667,Hisako Hara,1909
nm0365303,Sando Harris,1963
nm0397034,Andrea Bræin Hovig,1973
nm0399251,Charles Hubbell,1969
nm0408142,Frédéric Imberty,
nm0408303,Vanida Imran,
nm0411196,Agot Isidro,1966
nm0412046,Igor Ivanov,1954
nm0412615,Shima Iwashita,1941
nm0412728,Ichirō Izawa,1912
nm0437849,Miroslaw Konarowski,1952
nm0441399,Takeshi Katō,1929
nm0444343,Sau-Kei Lee,1920
nm0455502,Brigitte Kingsley,1976
nm0462017,Kiyoshi Kobayashi,1933
nm0464884,Hiroshi Kondō,1928
nm0473132,Sebastian Krähenbühl,1974
nm0492352,Helena Law,1934
nm0492932,Matthew Lawrence,1980
nm0500704,Andrea Leithe,
nm0520787,Fulvia Lorenzetti,
nm0543350,Patricia Manning,1930
nm0592782,Akhilendra Mishra,1962
nm0594702,Michitarō Mizushima,1912
nm0594728,Yaeko Mizutani,1939
nm0596461,Seydulla Moldakhanov,1958
nm0604349,Tobias Moretti,1959
nm0609182,Don Most,1953
nm0613472,Jun Murakami,1973
nm0613590,Chieko Murata,1915
nm0616790,D. Lynn Meyers,
nm0621348,Tony Nardi,1958
nm0623311,Lola Naymark,1987
nm0667978,Hee Ching Paw,1947
nm0679177,Horacio Peña,
nm0682762,Geoff Pierson,1949
nm0690743,Antonella Ponziani,1964
nm0692670,Matthew Posey,1958
nm0701747,Jasper Pääkkönen,1980
nm0724656,Kevin Michael Richardson,1964
nm0727165,Sam Riley,1980
nm0744107,Kim Rossi Stuart,1969
nm0768031,Sadako Sawamura,1908
nm0783887,Dezy Sempekopoulou,
nm0791898,Tiffany Shepis,1979
nm0793759,Ze'ev Shimshoni,
nm0811777,Esteban Soberanes,1969
nm0813278,Charles Solomon Jr.,
nm0832338,Patrick Stoof,1967
nm0847396,Tadao Takashima,1930
nm0849264,Bao-Yun Tang,1944
nm0864720,Krystyna Tkacz,1947
nm0867338,Laura Tonke,1974
nm0869088,Luis Tosar,1971
nm0869461,Kamel Touati,1952
nm0875444,Tsurube Shôfukutei,1951
nm0895089,Pierre Verville,1962
nm0931227,Malinda Williams,1970
nm0939038,Don Wong,1945
nm0943307,Trudel Wulle,1925
nm0943807,William Wylie,1950
nm0944464,Yu Xia,1978
nm0945094,Elena Yakovleva,1961
nm0945299,Isao Yamagata,1915
nm0945377,Kazuhiro Yamaji,1954
nm0950475,Chi-Wai Yu,
nm0997434,Hossein Maloomi,
nm10024096,Aiden Hartman,
nm10030077,Yang Zhou,
nm10057577,Jie Zhang,
nm10063318,Jesse Marks,
nm10066246,Ankeet Khadka,
nm10099696,Vishal Dahiya,
nm10131701,Axel Contreras,
nm1015599,Tuncer Sevi,1942
nm10171971,Fukami Hiroshi,
nm10181097,Ron Macapagal,
nm10183222,Amine Farhat,
nm10187204,Ari Irham,
nm10192522,Ty Herting,
nm10208715,Puja Astawa,
nm1021083,Neslihan Acar,1969
nm10217092,Mia Tucker,
nm10264207,Jose Cabral,
nm10267128,Ann Artist,
nm10267154,Em Arrick,
nm10271046,Ashwani,
nm1027715,Yûko Akane,
nm10277974,Timothy Gettle,
nm10278266,Claudia Bermudez,
nm10282200,Emily Cohen,
nm10282595,Santiago Garcia,
nm10288338,Silla Ferradini,
nm10292622,Vincent Valmores,
nm10292987,Putra Dinata,
nm10301720,Fruzsina Hais,
nm10303766,Kim Bradford,
nm10306559,Chameera Liyanage,
nm10306722,Sayoko Hanayama,
nm10308243,Asad Khan,
nm10310555,Motiejus Ivanauskas,
nm10313353,Benio Saeki,
nm10313744,Chunrong Yang,
nm10314100,Jarita Winslow,
nm10316076,Isaak Adoyi,
nm10318507,Prashil Rawat,
nm10319163,Karen Eng,
nm10320848,Andy Bornman,
nm10322443,Craig Bragg,
nm10323147,Yvonne Lee,
nm10323184,Miyo Nishikawa,
nm10327831,Yu Huan Cui,
nm10333192,Christopher McKay,
nm10333198,John Drakakis,
nm10337014,Sunnie Wang,
nm10347947,Ray Doran,
nm10349596,Olivia Santora,
nm10349866,Farodis Haydar,
nm10350898,Ed Borris,
nm10354664,Anahí Gadda,
nm10359581,Mac Van Khoa,
nm10362194,Michelle May Clark,
nm10362306,Alexis Dounis,
nm10362347,Tianye Li,
nm10362808,Carlos Benegas,
nm10363245,Suvi Blick,
nm10365866,Jose Hita,
nm10377639,Ilke Ketboga,
nm10377642,Dilara Yardimci,
nm10382225,Sarunas Januskevicius,
nm10386208,Maggie Dukes,
nm10392036,Tej Jung,
nm10393790,Óscar Javier Cuesta,
nm10393793,José Manuel Cantor,
nm10395514,Akbar,
nm10401111,Kim Boudreau,
nm10407243,Ursula Bruck,
nm10409082,Matt Wright,
nm10410354,Venus Woernle,
nm10411179,Siddhant More,
nm10411388,Kolyn Brown,
nm10412327,Sophia DiStefano,
nm10413277,Kenji Sakai,
nm10420876,Ai Takahashi,
nm1042825,Phil Hendrie,1952
nm10431750,Asmin,
nm10436161,Tamara Kusendová,
nm10436714,Faye Kimmijser,
nm10438107,Rebecca Schene,
nm10438727,Erying Hou,
nm10438789,Prashant Barot,
nm10441641,Koroush Hedjazi,
nm10443890,Kunjika,
nm10443945,Nicole Pozzi,
nm10446554,Arun Ghadigaonkar,
nm10449626,Kelum Niroshan,
nm10451119,Jennifer Rodriguez,
nm10451477,Volodymyr Kovaliv,
nm10451478,Vladyslav Kuchymskyj,
nm10451508,Jimmy Brown,
nm10455679,Luiz Baruti,
nm10455889,Stanislas Siwiorek,
nm10460602,Poi Haywood,
nm10467158,Massimiliano Fini,
nm10468986,Ricardo Perez Solorzano,
nm10471702,Leo Cruz,
nm10474986,Kamraj,
nm10475048,Ruth Iser,
nm10483664,Joshua Joyner,
nm10485307,Lampros Stavrinopoulos,
nm10487108,Adriani Romária,
nm10487273,Evon Tan Min Ai,
nm10487771,Alex,
nm10492242,Jennifer Sands,
nm10492305,Vitta Mahes,
nm10493408,Andre Reynolds,
nm10501332,Shir Eliman,
nm10505059,Ray Aquino,
nm10505422,Akshay Kharat,
nm10506102,Susanna Hidbäck,
nm10506107,Klara Enocksson,
nm10506113,Lovisa Pedersen Johansson,
nm10508462,Mélanie Marcotte,
nm10509917,Daniel Storm Forthun Sandbye,
nm10511270,Helena Barakovic,
nm10511355,Andreis Dixon,
nm10511709,Cyrielle Francois,
nm10511949,Thesara Jayawardane,
nm10513489,Wall Javier,
nm10514448,Ishu Gurung,
nm10516433,Paul Fisher,
nm10517810,Clara Bardeen,
nm10518002,Alexandre Morat,
nm10519402,Cassie Du-Haney Wilson,
nm10520680,Al Gigliati,
nm10521100,Ismael Barthelemy,
nm10526021,Helga Thoroddsen,
nm10527015,Trina Saha,1993
nm10531359,Weicheng Yao,
nm1053380,Johann Urb,1977
nm10537555,Jake,
nm10543059,James Goodchild,
nm10572833,Austin Roy,
nm10618712,Raine Dayrit,
nm10622302,Rob Macarthy,
nm10627216,Toby T. Johnson,
nm10628725,Tahia Nahia,
nm10629831,Kelsey Nicole Harris,
nm10705899,Lucia Argut,
nm10730437,Yu Ren,
nm10791962,Hansee Parmar,
nm10805784,Azhar,
nm10830417,Kim Patton,
nm10866044,Lucienne Perreca,
nm10883056,Adrian Baguio,
nm1089136,Karin Bertling,1937
nm10944730,Kevin Cheek,
nm1099188,Julian Ovenden,1976
nm11006176,Sudhi Kollam,1984
nm11025973,Anurag,
nm11050411,Megan Gurcze,
nm11132165,Latoya Blake,
nm11133418,Pascal Giot,
nm11145228,Martí Múrcia,
nm11166416,Balu,
nm11208304,Aarash Shah,1988
nm11283066,Myllyniemi Joni,
nm1130456,Meral Polat,
nm11348298,Muzafer Ipecki,
nm11367475,Joelle Westwood,
nm1143538,Gustavo Portela,
nm11441827,Yilmaz Agbulak,
nm1156184,Bart Quentzel,
nm1157048,Zachary Levi,1980
nm11589233,Nicholas Caesar Colon,
nm1166167,Julia Marchese,
nm11663342,Erin Clark,
nm1166586,Shion Nakamaru,1983
nm1172173,Sirus Gorjestani,
nm11765144,Sofia Rania,
nm1178851,Ren Matsuzawa,1981
nm11796881,Ho-Yin Chien,
nm1180881,Raja Bundela,
nm11873025,Brian Gakwavu,
nm11891480,Sanjana Choudhary,
nm11894475,Teresa Buchanan,
nm12008512,Melle Tistounet,
nm1209966,Oscar Isaac,1979
nm12102792,Le Huynh,
nm12203733,Alyssa Brandt,
nm12231888,Vajid Ali,
nm12231897,Vicky Choudhary,
nm1229940,Katrina Kaif,1984
nm1242836,Hiroshi Sugi,
nm1243922,Karim Abdel Aziz,1975
nm12443640,Asrar Khan,
nm12474070,Ferdinand Oghonoghor,
nm1254580,Liang Jin,
nm1257611,Agus Kuncoro,1972
nm1261649,Tanvi Hegde,1991
nm12666133,Begüm Polat,
nm12674562,Jenni Hytönen,
nm1284928,Adrian Alandy,1980
nm1293353,Lee Hyeong-cheol,1971
nm1302331,Satish Sharma,
nm13030700,Juan Ignacio Ugüet,
nm1305153,Tominosuke Hayama,
nm13154954,Twila Cassadore,
nm13154982,Rowley Craig,
nm1315893,Chunli Song,1951
nm13159338,Mihai Kolcsar,
nm1316038,Fan Tong,
nm1327526,Arnaud Maillard,
nm13277930,Jennie Marie Lewin,
nm1328076,Miyuki Sawashiro,1985
nm1340370,Brian Caspe,1975
nm1343925,Derek Boone,
nm13639498,Dan Block,
nm13732389,Momoka Kurita,
nm13770118,Z. Gabelko,
nm13795299,Ryô Akiyama,
nm13808563,Moe Eazy,
nm13812494,Joshua Carrao,
nm1387739,Dennis Trillo,1981
nm1388135,Najoua Zouhair,
nm13946181,Katherine Gibson,2001
nm14002885,Xiaodong Wang,
nm14060220,Fellipe Castro,
nm1411548,Irshad,
nm14183742,Sbu Shongwe,
nm14214691,Carlos Alberto Zuluaga,
nm14245592,Zhipeng Li,
nm1426536,Shaun Chen,1978
nm14333923,Jhaydi Barboza,
nm14341508,Aashi Patwa,
nm1434526,Yadh Beji,
nm14371606,Ali Abbas,
nm1438370,David Coco,1970
nm1454306,Hamid Djavadan,
nm1460660,Wojciech Zielinski,1979
nm1462159,George Howard Adams,
nm14657366,Vijayakumar Prabhakaran,
nm1493896,Barnabé Perrotey,
nm1531455,Darrin,
nm1533208,Paul Telfer,1979
nm1546364,Ye-Min Lee,
nm1564092,Katie Dowd,
nm1621551,Kevin Dang,
nm1666541,Gabriel Crouch,
nm1671028,Makiko Aoi,
nm1671924,Katarzyna Zawadzka,1984
nm1675134,Jayakrishnan,1974
nm1678610,Theodore Bouloukos,1962
nm16801427,Parmida Poor Abbasi,
nm1699218,Metin Zakoglu,1971
nm1728167,Ali Çatalbas,1963
nm1731694,Daniel Booko,1983
nm17343620,Tejas Indapurkar,
nm1742916,Ummi Kalthoum,
nm1747928,Kuldeep Pawar,1949
nm17540477,Stephanie Mae Howard,
nm1759426,Erkan Petekkaya,1971
nm1794260,Joavany Alvarez,1976
nm1799930,Kogiku Hanayagi,
nm1807222,Sarah Baker,
nm1840812,Machiko Yashiro,
nm1857170,Jerrod I. Haarstad,
nm1866685,Jason Coviello,
nm1871740,Kemal Iskender,1940
nm1905516,Bill Mendieta,
nm1918947,Julia Koschitz,1974
nm1981794,Christina DeRosa,
nm1982843,Robin Das,
nm2049980,Hajime Sugiyama,
nm2060055,Philip Desmeules,
nm2064962,Luis Jose Lopez,
nm2120205,Sam Concepcion,1992
nm2144150,David E. Ballard,
nm2154410,Ali Akbar Mahdavifar,
nm2204974,Mandy Rudski,1979
nm2205155,Mariola Kuriata,
nm2213325,Michael Geary,
nm2253071,Charlie Tahan,1998
nm2255965,Gerhard Breit,1954
nm2295319,Mike Ivy,
nm2316240,Ryohei Kimura,
nm2320634,Tokio Emoto,1989
nm2325659,Toshio Sugiyama,
nm2330323,Michelle Batista,1986
nm2332350,Matt Monaco,
nm2345845,Victoria Savage,
nm2346095,Jia Song,1980
nm2359443,Atmaram Bhende,1923
nm2366974,Raj Arjun,
nm2381318,Shan Chiang,
nm2384746,Hôshô Bandô,
nm2405454,Karina Michel,
nm2419573,Santiago Gobernori,
nm2433192,Yusuf Gökhan Atalay,1974
nm2435847,Manav Vij,1977
nm2462840,Sudhir,1922
nm2463151,Jason Crowe,
nm2533322,Nathaniel Martello-White,
nm2615204,Ukiko Kagurazaka,
nm2616372,Leslie L. Miller,
nm2671586,Lee Hanee,1983
nm2694719,Kelly Bogues,
nm2751824,Hengameh Ghaziani,1970
nm2764483,Ailín Salas,1993
nm2772801,Irish Contreras,
nm2773295,Lucy Faust,
nm2793591,Astrid Bergès-Frisbey,1986
nm2817369,Thomas Jansen,1975
nm2837594,Theo Theodoridis,
nm2840530,Bea Hayden Kuo,1984
nm2868707,Shingo Egami,
nm2941559,Ike Amadi,
nm3003143,Murat Boz,1980
nm3005812,Johnny Kou,1954
nm3012977,Buboy Villar,
nm3017003,Changezi,
nm3031425,Daphne Gabriel,
nm3052894,Tone Bell,1983
nm3078926,JC Santos,
nm3160752,Emma Kenney,1999
nm3164927,Stunt Silva,1973
nm3166114,Ben Kasyafani,
nm3180325,David Fernandez Jr.,1976
nm3219657,Michal Kollar,1978
nm3226240,Blanche Gardin,1977
nm3251397,Tamara Lachner,
nm3252257,Nardeep Khurmi,
nm3253844,Cathrin Benesch,
nm3257879,Chaiti Ghosal,
nm3284561,Seigô Fukuoka,1929
nm3307744,Robert Coffie,1970
nm3351534,Aleksey Filimonov,1981
nm3351988,Rudy Russo,
nm3368020,Yûsuke Furusawa,
nm3368667,Kanchan Mullick,1970
nm3370088,Xiaoli Wang,
nm3427667,Milada Rajzíková,1954
nm3473547,Takayuki Shindô,
nm3474753,Jessica Marie Jordan,
nm3485306,Eiji Yuki,
nm3515177,Sebastian Fabijanski,1987
nm3517457,Mikhail Bespalov,
nm3527272,Jennifer Nangle,
nm3616423,Kaleila Jordan,
nm3619308,Mei Yong,1970
nm3620703,Inan Ulas Torun,1982
nm3622094,Spike Leffke,
nm3658399,Shigeru Harihara,
nm3679375,Alexandre Pivette,
nm3695071,Sôtarô Tanaka,
nm3696993,Sarah Bauerett,1984
nm3699411,Sophia Emberson-Bain,
nm3700404,Cássia Gentile,
nm3731565,Robert González,
nm3782061,Habibur Rehman,1931
nm3808844,Strahinja Blazic,1990
nm3819470,Neha Chauhan,
nm3826683,Cody Porter,
nm3863899,Alice Tate,
nm3889956,Hassan Zarei,
nm3955278,Max Radbill,
nm3958876,Salah Jday,
nm4003072,Xiaosu Ling,1980
nm4093647,Anup Bhandari,1979
nm4095508,Doug Drucker,
nm4128696,Michael Ham,
nm4161838,Betsy Sodaro,1984
nm4177195,Alexandra Adornetto,
nm4193969,Jolanta Mojsej,
nm4224647,Andrei Dementiev,1988
nm4234031,Paul Leonard Murray,
nm4274135,Jung-kyoo Kim,
nm4306448,Aji John,
nm4313502,Brad Brinkley,1980
nm4364027,Kemal Bozbag,
nm4439920,Pierre Guy Blanchard,
nm4450033,Divyendu Sharma,1983
nm4457317,Sadek Bachchu,
nm4474914,Borut Stergar,
nm4527948,Kieu-Trinh Nguyen,
nm4528768,Hal Cumpston,
nm4528937,Matthew Crowley,
nm4535489,Giovanna Lancellotti,1993
nm4551885,Maryam Shirazi,
nm4570325,Sharyn Kmieciak,
nm4571370,Arisa Komiya,1994
nm4662945,Jaume Belló,
nm4681019,Marcos Morau,
nm4732281,Kokoro Hirasawa,2007
nm4778390,Carlos Canel,
nm4803213,June Laporte,
nm4843024,Laura Stetman,
nm4877239,Kanchan Awasthi,
nm4959055,Rwitobroto Mukherjee,
nm4983326,Bahareh Kian Afshar,
nm4995535,Vladimir Stoyanov,
nm4997899,Burçin Bildik,1968
nm5008678,Thomas Crosby Beaver,
nm5022323,Tatyana Pletnyova,1977
nm5056119,Valerie Lalonde,
nm5088969,Andrea Pittorino,2002
nm5095124,Rika Minase,
nm5095853,Rena Ogawa,
nm5101846,Anna Abonisimova,1984
nm5118890,Abhinav Gomatam,1986
nm5174193,Jared Egusa,
nm5186106,Rachel Maybank,
nm5201899,Pervin Bagdat,1981
nm5207111,Kate Alejandrino,
nm5223819,Satoru Kawaguchi,1982
nm5226061,Haley Madison,1992
nm5373628,Brendan McGrady,
nm5402278,Corey Woods,
nm5404817,Kenjirô Yamashita,1985
nm5445942,Fatih Unru,
nm5450554,Ilyes Moutaoukkil,
nm5462040,Sam Cobean,
nm5479043,Fabio Rabello,
nm5508008,Ökkes Avgin,1964
nm5600881,Andrés Elvira,
nm5603981,Rahul Venkat,
nm5665829,John R. Dike,
nm5680219,V. Nagendra Prasad,
nm5712436,Nisha Bano,
nm5729867,Kichimatsu Nakamura,1900
nm5754203,Tabla Nani,
nm5763330,Laguparan,
nm5801305,Austin McMains,
nm5816494,Sean Manos,
nm5860022,Alessia Pratolongo,1980
nm5862210,Matej Marusin,
nm5876095,Hina Khan,1987
nm5879789,Alexa Reddy,2004
nm5920263,Teri Ann Nelson,
nm5931659,Sowmya Jaganmurthy,
nm5955447,Robere Kazadi,
nm5956330,William Franklyn-Miller,2004
nm5960961,Cory Kennedy,
nm6009491,Minal Ghorpade,
nm6016644,Frank D'Alessandro,
nm6055225,Deva Mahenra,
nm6166719,Thaddeus Street,1983
nm6194573,Ikuko Hirano,
nm6212505,Victoria Rodriguez,
nm6241667,Matt Moody,
nm6288327,Walid Nahdi,
nm6308481,Jillian Harris,
nm6311879,Nisarg Trivedi,
nm6338726,Ali Yogurtcuoglu,1984
nm6408861,Maggie Hill,
nm6411762,Vishnu Unnikrishnan,1987
nm6431173,Sam Delich,
nm6431319,Allison Lin,1985
nm6464606,Mert Denizmen,1986
nm6475293,Therese Lloyd,
nm6550916,Cristian Bota,
nm6569498,Meg Smith,
nm6573765,Tim F. Hess,
nm6598222,Nora Fatehi,1992
nm6619660,Chao Liang,
nm6685291,Lorenzo Germeno,
nm6713699,Jane Doe,
nm6793660,Raj Dhaliwal,
nm6803605,Carron Clark,
nm6811511,Chris Calabrese,
nm6845864,Pradeep Kottayam,1961
nm6868119,Haodong Zhou,
nm6949661,Alexandre Alonso,
nm6952948,Scott Michael Dunn,1973
nm6976647,Sinil Sainuddin,
nm7037298,Kathryn Davis,
nm7084525,Kimberly Alley,
nm7126666,Hana El Zahed,1994
nm7202786,Brian Stowell,
nm7204225,Chad Chambers,
nm7272981,Hari Won,
nm7299496,Kanon Hanakage,
nm7308187,Daichi Kaneko,1996
nm7309931,Sampada Joglekar Kulkarni,
nm7351489,Sami Aksu,1988
nm7427956,Firdi Billimoria,
nm7432376,Andrew Reeves,
nm7451657,Steffi Lutz,
nm7489961,Aleksandr Finevich,1954
nm7507282,Amber Ford,
nm7626470,Wido Platenkamp,
nm7739410,Alla Tuz Haret,
nm7747145,Nicholas Grant,
nm7753033,Monroe Cline,
nm7850258,Anasuya Bharadwaj,1985
nm7858230,Shapna,
nm8006127,Jang Ga-Hyun,
nm8022637,Pablo Sandstrom,
nm8054856,Metin Benli,
nm8095213,Mehdi Hosseininia,
nm8105604,Michelle Ziudith,
nm8146831,Greg Yates,
nm8206133,Nowshad Mirpuri,
nm8228726,Andrii Korzhenivskyi,
nm8311520,Stefano Salvini,
nm8359696,Ayu Ting Ting,
nm8380569,Amber Doig-Thorne,
nm8395450,Teddy Candela,
nm8412958,Fayez Al-Malki,
nm8423459,Emily Anne Angelou,
nm8468017,Élodie Arnould,
nm8474939,Crystal Gattis,
nm8530716,Damon McKinnis,
nm8574900,Adam Gradowski,
nm8610001,Dotol Nastra,
nm8662914,Bayu Skak,1993
nm8687556,Rinze Poelstra,
nm8696788,Omar Mebrouk,
nm8701144,Alakbar Aliyev,
nm8718565,Deepak,
nm8774105,Rinka Kumada,2001
nm8812543,Gem Marc Collins,
nm8819795,Jennifer Harrell,
nm8830552,Antoin Peeters,
nm8841849,Dennis Konway,
nm8844726,Dave Soltura,
nm8870296,Adesh Aware,
nm8873142,Eden Saban,
nm8884785,Heather Farace,
nm8932828,Oussama Ahammoud,
nm8951197,Venu Gopal,
nm8961397,Jean Michelangeli,
nm8983168,Ali Jalili Bale,
nm8994105,Maggie Vaughan,
nm9015727,Sharad Jadhav,
nm9067892,Alexa Key,
nm9183129,Yuki Ochi,
nm9201681,Mizuho Sorai,1953
nm9211007,Jared Battle,
nm9306890,Forough Ghajabagli,
nm9326197,Mo Shokoohi,
nm9369004,Elysia Welch,
nm9380852,Dennis van Ooijen,
nm9403098,Demi Singleton,2007
nm9408094,Po-Hsiang Huang,
nm9409083,Oshini Liyanage,
nm9410159,Xiang Wei,
nm9448072,Madison Humes,
nm9453091,Souphaphone Somvichith,
nm9466769,Apostolis Koutsogiannis,
nm9488941,Irsyadillah,
nm9499214,Anton Csaszar,
nm9505910,Prajakta Hanamghar,1988
nm9547522,Keith Ranga,
nm9639687,Erdi Ünver,
nm9657375,Ricci Rivero,
nm9688435,Charli Quevedo,
nm9724541,Zuhal Ergen,
nm9769811,Ke Chen,
nm9792345,Reina Aoyama,
nm9793176,Oliver De Los Santos,
nm9802066,Mariya Korytova,
nm9830527,Matteo Salamone,
nm9839032,Tsubasa Sakiyama,1989
nm9854005,Marco Stefano Speziali,
nm9858166,Satnam Laddi,
nm9864876,Kerem Tanik,1985
nm9887655,Sam A Coleman,
nm9932497,Sajad Hamidian,
nm9933531,Raymon de Ronde,
nm9956418,Muhammad Al-Hmeli,
nm0000227,Mira Sorvino,1967
nm0001133,Brian Dennehy,1938
nm0001575,Tatum O'Neal,1963
nm0005241,Ralf Moeller,1959
nm0005510,Shania Twain,1965
nm0007023,José Luis López Vázquez,1922
nm0008739,Zainal Abidin,
nm0014417,Michiko Ai,
nm0015663,Sa'eed Saleh,1940
nm0019455,Mohammad Ali,1931
nm0024032,Sriyani Amarasena,
nm0028059,Jorge Andrade,
nm0039327,Mark Ashworth,
nm0043268,Tom Avni,1986
nm0047624,Quentin Baillot,
nm0048081,Izudin Bajrovic,1963
nm0056817,Bessie Barredo,1945
nm0059935,Nelson Baskeville,
nm0070123,Avraham Ben-Yosef,1907
nm0081070,Andrew Bicknell,
nm0098284,Arthur Bostrom,1955
nm0099560,Max H. Boulois,
nm0100460,Koen De Bouw,1964
nm0103852,Bryndis Petra Bragadóttir,
nm0111002,Tereza Brodská,1968
nm0127150,Anna Böttcher,1967
nm0131829,Leonardo Camilo,
nm0139528,Renato Carpentieri,1943
nm0147923,Arap Celal,1922
nm0149260,Alain Chabat,1958
nm0149826,Shankar Chakraborty,1962
nm0154543,Deborah Chavez,
nm0155693,Kristin Chenoweth,1968
nm0157133,Shigeru Chiba,1954
nm0157300,Ying-Chieh Han,1927
nm0161524,Lyudmila Chursina,1941
nm0162535,Caco Ciocler,1971
nm0169753,Scott Cohen,
nm0183904,Dave Courtney,1959
nm0184434,David Coverdale,1951
nm0196185,Craig muMs Grant,1968
nm0202137,Shin Date,
nm0211140,Sven De Ridder,1974
nm0219558,Stefan Dennis,1958
nm0222144,Rahul Dev,1968
nm0246703,Paquito Diaz,1937
nm0246873,Enver Dönmez,1943
nm0251014,Toshio Egi,1952
nm0258574,Necati Er,1940
nm0261218,Joan Espuig,
nm0264768,Elena Fabrizi,1915
nm0267772,Lonnie Farmer,
nm0273946,Adam Ferrara,
nm0282348,Hugo Flink,1879
nm0282982,François Florey,
nm0297793,Hideo Fujino,1878
nm0297956,Mitsuru Fukikoshi,1965
nm0300939,Holly Gagnier,
nm0303366,Yuriy Galtsev,1961
nm0303577,Mónica Galán,1950
nm0313368,Britt George,
nm0323372,Tamara Glynn,
nm0346485,Nacha Guevara,1940
nm0348126,Birtane Güngör,1952
nm0357277,Yuriko Hamada,
nm0375792,Ranja Bonalana,1973
nm0385843,Michio Hino,
nm0404924,Michael Hyatt,
nm0407548,Ikunosuke Koizumi,1917
nm0425539,Kenny Johnston,
nm0429348,Tilky Jones,
nm0436315,Salih Kalyon,1946
nm0477461,Masako Kyôzuka,1930
nm0479098,Sebastian De la Torre,
nm0484005,Alexandra Lamy,1971
nm0497888,Trent Walker,
nm0513385,Karsen Liotta,1998
nm0524992,Daniel Ludwig,
nm0531073,Tony Mabesa,1935
nm0558898,James Mathis III,
nm0559647,Yutaka Matsushige,1963
nm0561155,Giovanni Mauriello,1945
nm0579756,Biju Menon,1970
nm0597388,Jason Momoa,1979
nm0610612,Manuel Mozos,1959
nm0618502,Pascal N'Zonzi,
nm0619178,Masami Nagasawa,1987
nm0620634,Shōzō Nanbu,1898
nm0620816,Kishore Nandlaskar,1940
nm0645382,Naomi Oka,1952
nm0670408,Simon Pegg,1970
nm0699952,Viviana Puerta,1970
nm0712051,Jean-François Rauger,
nm0714537,Paco Reconti,
nm0722636,John Rhys-Davies,1944
nm0741378,Felissa Rose,1969
nm0751518,Wyatt Russell,1986
nm0757053,Rumi Sakakibara,1951
nm0765370,Carolina Sarmiento,
nm0778197,Irina Schönen,1960
nm0810619,Jurnee Smollett,
nm0847224,Atsuko Takahata,1954
nm0847395,Reiko Takashima,1964
nm0847624,Yûko Takeuchi,1980
nm0848533,Tetsurō Tanba,1922
nm0874864,Michael Tse,1967
nm0875364,Masane Tsukayama,1944
nm0880548,José Ulloa,1934
nm0917108,Steve Wedan,
nm0924154,Shea Whigham,1969
nm0936198,Billy Wirth,1962
nm0936300,Tom Wisdom,1973
nm0944985,Akiko Yajima,1967
nm0990525,Tadashi Kobayashi,
nm0997881,Reza Rooygari,1946
nm10024620,Noriaki Yoshida,
nm1002952,Yuka Asagiri,1958
nm10058325,Jesse Huntz,
nm10063514,Samuel Blanford,
nm10075638,Jeshua Vargas,
nm10076257,Tareq Al-Harbi,1980
nm10097892,Ludovica Nasti,
nm10136043,Sevastian Bugaev,2010
nm10142219,Amrit Amby,
nm10171821,Sahana Vasudevan,
nm10192526,Nicole Mahr,
nm10198591,Brian Mack,
nm10233224,Robert Jones,
nm10258324,Aakash Shukal,
nm10264201,Sebastain Ramos,
nm10270625,Boye Cole,1992
nm10273747,Awaluddin Tahir,
nm10280980,Shinichiro Ichijo,
nm10292442,Thomas E. Priest,
nm10293922,Emiliano Saiz y Madrid,
nm10296363,Denis Bayandurov,
nm10296702,Jean Carlos Santos,
nm10297630,Ah Hsia,
nm10301225,Josh Meeober,
nm10301899,Anupam Kaushik Borah,
nm10303427,Gary Ledford,
nm10303954,Georg Boder,
nm10316986,Mark Bennett,
nm10319175,Noel D'Abo,
nm10323693,Naresh Poudyal,
nm10327039,Carol Neuwirth,
nm10331653,Byron Jackson,
nm10331658,Grant Fury,
nm10334610,Dee Dray,
nm10334615,Ebony Jones,
nm10339441,Hanmant Kale,
nm10342542,Patricia Menacho,
nm10344378,Josep Antoni Llorens,
nm10344897,Swapna Rao,
nm10353327,Odessa Bobbie,
nm10355432,Alfonso Elizondo,
nm1035854,Ori Pfeffer,1975
nm10364590,Gregory Tuichin,
nm10369439,Jahangir,
nm10372746,Atchareeya Potipipittanakorn,
nm10379066,Maya Agawane,
nm10381415,Mukund Jadhav,
nm10386210,Darby Clark,
nm10389249,Chin-Cang Huang,
nm10389677,Sehnaz B. Baftali,
nm10395062,Davide Graceffa,
nm10395997,Baixue Zuo,
nm10397264,Valentin Cerda,
nm10403403,Sooeun Kim,
nm10405512,Mei Yang,
nm10406638,Zahid Qureshi,
nm10407274,Saliya Sathyajith,
nm10410723,Simge Uluer,
nm10418802,Mario Falanga,
nm10419386,Manish Shah,
nm10423979,Jonel Fabro,
nm10425130,Emily Whitlow,
nm10425810,Kaito Kumagai,
nm10430873,Shao-Chiang Cheng,
nm10433996,Stefan Rainer,
nm10434423,Tariq Burton,
nm10434495,Heidi Small,
nm10437050,Marta Grigale,
nm10438367,Jayantha Amarasinghe,
nm10439995,Ron Astar,
nm10442617,Dorrance Burns,
nm10443947,Léa Joannidis,
nm10449219,Aubrey Blount,
nm10449603,Thara,
nm10453054,Casey Cooper,
nm10454898,Liz Martins,
nm10457992,Nandana Wijekumara,
nm10459419,Alan G. Green,
nm10462462,Azadeh Nobahar,
nm10462463,Mohammad Ashkanfar,
nm10463079,Al Clark,
nm1046347,Fumiko Orikasa,1974
nm10467058,Subhadra Zayed,
nm10468793,Serena Bobinas,
nm10472118,Getrude Mwita,
nm10480656,Anna Bella Petreska,
nm10482435,Yuliya Makarova,1995
nm10483676,Zhengting Zhu,1996
nm10484284,Nazli Kheirabi,
nm10484632,Parveen Bansala,
nm10485039,Nilantha Mahawewa,
nm10494467,Max Henderson,
nm10495004,Ashton Ruiz,
nm10497829,Pauline Leblanc,
nm10505336,Jinghai Zhang,
nm10505423,Ankush Mandekar,
nm10511352,Molly Devoy,
nm10512523,Jake Keefe,
nm10516648,Lennon Acero,
nm10519749,Bryan Dusini,
nm10535374,Henry Shioda,
nm10535601,Mitra Rafee,1990
nm10535978,Emir Han Özcan,
nm10562600,Andhika Astari,
nm10573616,Jowin Abraham,
nm1063517,Kathryn Hahn,1973
nm10680095,Anthony Adamo,
nm1069583,Shinji Kubo,1948
nm10699370,Daniel Ruizar,
nm10707772,R. Krishnamoorthy,
nm10751619,Paul Lemaire,
nm10805786,Ajay,
nm10811372,Damian Grassi,
nm10813427,Devayya,
nm10813453,Akhila Asokan,
nm10835380,Andre Piaza,
nm10903837,Johanna Warren,
nm10988586,Brendan Bald,
nm10989597,Lydia Zagorski,
nm11001251,Emma-Leigh Cullum,
nm11013222,Amal Mustafa,
nm11025967,Avinash,
nm11034914,Levi Blumrosen,
nm11051267,Lamar Gentry,
nm11052767,Shen Li,
nm1106407,Jason Sims-Prewitt,1982
nm11084814,Yifan Zhang,2000
nm11163700,Takeshi Nakahara,
nm11196756,Lara Tonka,
nm11198899,Johan Bäckström,
nm1124234,Bob Mann,
nm11304636,Ori Avraham,
nm1130627,Cobie Smulders,1982
nm11352294,Livia Renner,
nm11363407,Manjit Singh Gill,
nm11363408,Mark Duffy,1996
nm11411076,Madan Reddy,
nm11426660,Sanndeep D. Bose,
nm11474508,Bianca Alexandrea,
nm1155340,Chiang Han,1920
nm11581622,Ehsan Mohammadi,
nm1159180,Ed Helms,1974
nm1159292,Iren,1927
nm1160886,Jason Dill,
nm11638140,Devika,
nm1164628,Kristýna Frejová,1971
nm1165541,Genji Kawai,1918
nm1166422,Taisei Miyamoto,1966
nm1167094,Marika Sarah Procházková,1974
nm1176395,Ratka Radmanovic,1940
nm11789612,Izumi Van den Bergh,
nm1178979,Juan Luis Orendain,
nm1179321,Antonia Truppo,1977
nm1196019,Ke Pu,1916
nm1197464,Abu Salim,
nm1204308,Jacqueline Stanbury,1948
nm12071390,Kenneth Bse Count Bosley,
nm12176312,Etem Tezel,
nm12219102,Olivia Rivera,
nm1224286,Tatyana Leganteva,
nm1228419,Maria Nazionale,1969
nm12399802,Marin Suzuki,2006
nm1245347,Virginia Moriones,
nm12505163,Annika Wahlsten,
nm1260157,Seema Pahwa,1962
nm1261997,Justin Hartley,1977
nm12685483,Adenipekun Harmony,
nm12696229,Vladimir Ignat,
nm1272563,Ryūzaburō Mitsuoka,1901
nm1277705,Uday Tikekar,1960
nm1281476,Taylor Trensch,
nm1283995,Eiji Oshimoto,
nm1293177,Artur Krajewski,1968
nm1298458,Guy Burnet,1983
nm1300650,Fangbing Lin,1965
nm1303433,John Abraham,1972
nm13182919,Masoud Naziri,1991
nm13206225,Hiro Nakamura,
nm1340424,Anthony Flanagan,1972
nm13416804,Jacob Colley,
nm13423729,Amelia Lule,
nm13893265,Abyn Reabe,
nm1398736,Navya Nair,1985
nm1401022,Jonathan Howard,
nm1406650,Kristof Gillese,
nm14078127,Jana San Antonio,
nm1415924,Gamini Jayalath,
nm1424624,Jay Curcuru,
nm1427785,Hong Mu,1924
nm14308038,Abdollah Naeimzadeh,
nm14502743,Khetra Bosi Hembram,
nm1465001,Mamoru Miyano,1983
nm1481355,Louis-José Houde,1977
nm14840088,Jean Ann Boshoven,
nm15054731,Harun Ahmad,
nm15113363,Hemant Soni Baba,
nm15292349,Kennedy Simpson,
nm15335261,Mohammad Rasoul Haghdoust,
nm1541448,Oľga Solárová,1955
nm15561591,Vinit Medhatia Akash,
nm15626054,Miho Kitagawa,
nm1574827,Maria Popistasu,1980
nm15887547,Tim Garrett,
nm1596798,Haim Zanati,1967
nm16022819,Hunter Simmons,
nm1631281,Thomas Nelstrop,1980
nm16349152,Mahyar Bakhshi,1990
nm1639737,Kentaro Koyama,
nm16424075,Arjun,
nm16445506,Stanislawa Bala,
nm1645275,Jue Huang,1975
nm1683996,Péter Dr. Rigó,
nm1698994,Manabu Nakanishi,1967
nm1703410,Josefin Neldén,1984
nm1710342,Dominic Depreeuw,
nm17163527,María Virgen Moreta,
nm1727764,Tetsu Ozawa,
nm1734745,Mahmut Gökgöz,1951
nm1754239,Annie Mumolo,1973
nm1767091,John Giancaspro,
nm1770183,Wayne Douglas Morgan,1972
nm1792717,Allison Graham,
nm1799345,Satoko Chikuma,
nm1801525,Susi Stach,1961
nm1812637,Virginie Efira,1977
nm1831169,Uus,
nm1871688,Jackie Howe,
nm1896478,Deepti Gupta,
nm1902916,Alex Boye,
nm1926211,Ignacio Rogers,1987
nm1929018,Carloto Cotta,1984
nm1953187,Vishal,1977
nm1960271,Ra Mi-ran,1975
nm1983064,Yuan Nie,1978
nm2011932,Anushka Shetty,1981
nm2016899,Ruby Ruiz,
nm2049965,Sam Milby,1984
nm2063780,Joe Filippone,1986
nm2099350,Frank Jakeman,
nm2127350,Beryl van Praag,
nm2139077,Khashayar,
nm2141804,Marek Majeský,1972
nm2142537,Tommy Walker,
nm2148361,Sakuko Yanagi,1902
nm2192551,Neha Bam,1985
nm2196971,Nadège Trebal,1976
nm2201406,Amir Jafari,
nm2245192,Irina Potapenko,1986
nm2268884,Sophia Thomalla,1989
nm2284072,Sanaya Irani,1983
nm2296306,Kaz B.,1982
nm2308267,Rafi Madadkar,
nm2328486,Luciano Sovena,1950
nm2382711,Kennosuke Uno,
nm2419779,Leslie Garza,1976
nm2473246,Katie Hartman,
nm2481000,Funke Akindele,1976
nm2492376,Carson Mell,
nm2539875,Petra Hrebícková,1979
nm2555462,Eiza González,
nm2586196,Ivana Lotito,1983
nm2590318,Ganesh,1980
nm2705084,Saara Pius,
nm2721727,Jason Collett,
nm2787844,Todd Carroll,
nm2828187,Cynthia Crites,
nm2830182,Andy Garchitorena,
nm2853853,Mayana Neiva,1983
nm2883441,Thodoros Antoniadis,
nm2911598,Audrius Bruzas,1979
nm2921856,Ahmet Karatop,1950
nm2922103,T. Rifnu Wikana,
nm2944077,Ko Chang-seok,1970
nm2950601,Mikolaj Roznerski,1983
nm2955024,Sergey Svetlakov,1977
nm2978384,Johnny O'Dowd,
nm3008846,Michael Nosé,1982
nm3011884,Julie Dionne,
nm3039853,Kenji Sawai,
nm3050429,Tsutomu Takahashi,1978
nm3201821,Kendall Wells,
nm3207134,Yayu A.W. Unru,
nm3251936,Toranosuke Katô,1974
nm3260157,Laura Ault,
nm3268630,Kim Cicio,
nm3297094,Nick Josephs,
nm3308257,Sirke Lääkkölä,
nm3359104,Win Morisaki,1990
nm3387568,Klara Bielawka,1984
nm3434660,Greg Johnson,
nm3482613,Nurit Hirschfeld,1992
nm3504811,Kazuo Egumi,
nm3518961,Louis Cheung,1980
nm3529685,Kumail Nanjiani,1978
nm3548929,Liuyuan Ding,
nm3576094,Jill Weller,1986
nm3668855,Ben Roney,
nm3679148,Greg Lutz,1964
nm3725055,Jessica Henwick,
nm3734986,Yin He,1967
nm3736492,Maideen,
nm3741799,Kainaat Arora,1986
nm3752578,Ciara Hanna,1991
nm3859411,Thea Camara,
nm3874948,Kamlakar Satputhe,
nm3910892,Dharma,
nm3928107,Rami Farah,
nm3974782,Shailesh Datar,
nm3991786,Raúl del Álamo,
nm4028151,Aju Varghese,1985
nm4073165,Pournima Ahire,
nm4109267,Matilda Ridgway,
nm4111432,Sayantika Banerjee,1986
nm4113112,Joel Thingvall,
nm4121384,Steve Wolf,
nm4122772,Nadine Lustre,1993
nm4147468,Nick Leali,
nm4173349,Maas Bronkhuyzen,2001
nm4243966,Seema Deshmukh,
nm4289479,Mao Ichimichi,1992
nm4291439,Ragini Dwivedi,1990
nm4306930,Matthias Knoll,
nm4359323,Kuo-Hua Wen,
nm4383366,Daniel Reader,
nm4392718,Andrew Bachelor,1988
nm4463886,Marco Bobadilla,
nm4515254,Tan Thi,
nm4566081,Bidusmitha,
nm4570282,Steven Love,
nm4681246,Fabian,
nm4718933,Jill Peterson,
nm4741273,Anna Lore,
nm4750065,Matthew Talamantes,
nm4906203,Mara Hernandez,
nm4915334,Cristina Flutur,1978
nm4916455,Jesuíta Barbosa,1991
nm4986686,Janine Gutierrez,1989
nm4992243,Kinsley Funari,1989
nm5077458,Timothy Banfield,
nm5089510,Midori Onuma,
nm5097485,María Albiñana,
nm5143666,Wasantha Wittachchi,
nm5216844,Sureni Senarath,1959
nm5217548,Takahiro Shimada,
nm5228009,Amol Kolhe,1980
nm5267697,Alma Dishi,1987
nm5285415,Gus Lopez,
nm5292650,Yana Dubuis,
nm5329854,Hedda Stiernstedt,1987
nm5390068,Gábor Zala,
nm5395237,Cesar Manjarrez,
nm5397578,Szabó Antal,
nm5416954,Shant Hovhannisyan,
nm5425413,Calavera Candy,
nm5435959,Frida Gustavsson,1993
nm5438913,Morgen Johnson,
nm5464699,Leo Ashizawa,
nm5477543,Ismaël Dramé,
nm5493599,Les McDowell,
nm5505687,Mohammad Reza Ahanj,
nm5550060,Marcia Jones Cross,
nm5567368,Steven Joon,
nm5596939,Jing Gao,
nm5621805,Anne Feo,
nm5637334,Mio Yûki,1999
nm5644335,Raghav Juyal,1991
nm5662804,Warnakulasooriya Udari,
nm5726472,Shiori Doi,1992
nm5728582,M.S. Fernando,
nm5747554,John Lee,
nm5751695,Marcela Černačová,1940
nm5753377,Cherry Ngan,1993
nm5769726,Mao Su,
nm5794167,Tejaa Deokar,
nm5825028,Erica McAdams-Roth,
nm5825055,Rajitha Hiran Chamikara,
nm5848246,Bayoumi Fouad,1965
nm5862455,Nana Komatsu,1996
nm5884959,Hungani Ndlovu,1994
nm5906570,Avinash Badal,
nm5920943,Cemre Ebuzziya,
nm5944786,Senaka Titus Anthony,
nm5959910,David Scott Crawford,
nm6026593,Praful Samant,
nm6046107,Freigeist van Tazzy,1966
nm6062528,Lesli Karavil,
nm6065245,Danielle Cotet,
nm6101559,Alexis Phillips,
nm6130976,Nordine Salhi,
nm6192873,Gaurav More,
nm6194570,Kazuko Itô,
nm6264177,Alireza Ostadi,
nm6286339,Juan Grandinetti,1991
nm6299190,Poppy Cunningham,
nm6327438,Soundararaja,
nm6353289,Keila J. Brown,
nm6360873,Hadzifejzovic Jusuf,
nm6447402,Mayra Grimaldo,
nm6490725,Berat Efe Parlar,2004
nm6550677,Abigail Lawrie,1997
nm6569977,Brandon Lumbly,1988
nm6575561,Arisha Razi,
nm6592338,Irina Vilkova,1986
nm6634664,Umberto Baccolo,
nm6706312,Alexander Lincoln,1994
nm6721658,Ana Tang,
nm6728149,Yûichirô Umehara,1991
nm6762533,James Forbis,
nm6921152,Masaru Mizuno,1990
nm6921373,Nuo Lu,
nm6951949,Angelo Giannone,
nm6961436,Deva Marie Gregory,
nm7141502,Darnel Williams,
nm7148362,Melissa Collazo,2000
nm7169972,Jackson Trent,
nm7194019,Kiki Omeili,
nm7249375,Mustafa Changazi,
nm7257457,Shigeru Mukudo,
nm7295963,Shilpa Maskey,
nm7329521,Regina Gaia,
nm7333829,Wilcox Ekenta,
nm7335270,Namrata Awate Sambherao,1989
nm7356818,Erica Sturdefant,
nm7399799,Ben Knight,
nm7412124,Kumar Ajay,
nm7448309,Bhargav,
nm7504486,Michaela Lee,
nm7574605,Niamh Murphy,
nm7579068,John Kroner,
nm7584343,Kiran Sonia Sawar,
nm7597173,Tony Fogas,
nm7609219,Andovi Da Lopez,
nm7657703,Hedwig Tam,1991
nm7744878,Rafael Amadeu,
nm7760595,Vanessa Aleksander,1996
nm7785804,Akshara Kishor,
nm7816978,Kei-Chan,
nm7819823,Rudy Ledbetter,1983
nm7874640,Kiss Gábor,
nm7926533,G.M. Ansari,
nm7927066,Rikiya Kaidô,
nm7929509,Sharon Aquilina,
nm8017732,Keiko Okada,
nm8073026,Connie Jenkins-Greig,2003
nm8092791,Berlin Lu,
nm8094889,Jake Blandina,1993
nm8158574,Madeleine Masson,
nm8159701,Daniel Diemer,1996
nm8178587,Hiroshi Murai,
nm8180542,Hudsynn Grace Kennedy,
nm8224164,Sophie Telegadis,2004
nm8226618,Aaron Banks,
nm8228693,Mikayla Leybovich,
nm8229647,Buse Popara,
nm8268551,Mark Speno,
nm8277879,Raghavendra Rajkumar,
nm8293941,Kisha Peart,
nm8312370,Inna Egorova,
nm8324884,Simi Chahal,1992
nm8340687,Mattummal Murali,
nm8389782,Rocket Raghava,1984
nm8400631,Tykel Gordon,
nm8412322,Rahul Ramakrishna,1991
nm8423524,Bradley Peake,
nm8424738,Julie Voshell,
nm8427431,Angelica Alleruzzo,
nm8495592,Dante Capaccio,
nm8505639,Maddy Martin,
nm8510546,Maria Sobocinska,1994
nm8547014,Richard Schmelcher,
nm8567129,Jasmine Mathews,
nm8569197,Duda Matte,2004
nm8728332,Nathan Kohnen,
nm8759007,Nia Kay,
nm8760105,Anggika Bolsterli,1995
nm8767072,Ejaz Akhtar,
nm8775863,Mahdi Zaminpardaz,
nm8801226,Lianhua Hu,
nm8821891,Isabelle Grill,1997
nm8906536,Ninja,
nm8910768,Martín Letichipia,
nm8928142,Hina Miyano,2003
nm8963304,Jesse Newell,
nm8970369,Yasen Elenov,
nm9008678,Travis Sanchez,1995
nm9012886,Sha Ra,1985
nm9013863,Elena Estér,
nm9015191,J. Maxwell Bash,
nm9169920,Rish Shah,
nm9173586,Jordan Aaron Hall,
nm9177055,Yutian Wang,1987
nm9216686,Mickaël Migliorini,
nm9242396,Alicia Agneson,1996
nm9328148,William Allen,
nm9393406,Nathan Shaw,
nm9405348,Sheng-Hui Lin,
nm9447652,Nandana Hettiarachchi,
nm9481215,Derek Crowe,
nm9533726,Nevsin Mengü,1982
nm9549669,Manjula Thilini,
nm9559493,Pavithra Wickramasinghe,
nm9562694,Ram Karthik,
nm9569449,Mohsen Azim Nia,
nm9594393,A.J. Orille,
nm9675543,Sayanti Chattoraj,
nm9682345,Josh Gilmer,
nm9714056,Cheech Manohar,1996
nm9766874,Darrick Watkins Jr.,
nm9826800,Clara Del Rosario,
nm9841773,Ashby Gentry,1999
nm9847038,Erramun Martikorena,
nm9880928,Begüm Koyçiç,
nm9977663,Mutsuo Toshima,
nm9990627,Kate Duffy,
nm0000413,Janeane Garofalo,1964
nm0001427,Greg Kinnear,1963
nm0001737,Martin Short,1950
nm0001983,Rory Calhoun,1922
nm0003328,Peter Foldy,
nm0003482,Nash Edgerton,1973
nm0005125,Sanaa Lathan,
nm0015033,Soumaya Akaaboune,1974
nm0016321,Alban Ceray,1945
nm0023205,Daniel Alvaredo,
nm0031844,Takeshi Aono,1936
nm0035250,Aytaç Arman,1949
nm0037459,Eduardo Arroyuelo,1973
nm0043199,Avinash,
nm0069994,Ben Niu,1935
nm0071416,Tina Benko,
nm0073426,Laxmikant Berde,1954
nm0101997,Adam Boyer,
nm0105984,Elsie de Brauw,1960
nm0106169,Aaron Braxton,
nm0135929,Claudio Caramaschi,1940
nm0151009,Maggie Chan,
nm0156857,Laxmi Chhaya,1948
nm0157131,Saeko Chiba,1977
nm0161133,Jeon Do-yeon,1973
nm0185794,Caroline Craig,1975
nm0187724,Wendy Crewson,1956
nm0190753,Mari Csomós,1943
nm0204599,Faye Davis,
nm0213766,Antonio Dechent,1960
nm0229301,Branko Djuric,1962
nm0233123,Valérie Donzelli,1973
nm0254712,Aunjanue Ellis-Taylor,1969
nm0271127,Tibor Feldman,1947
nm0284533,Alex Fong,1963
nm0284649,António Fonseca,1953
nm0312064,Anna Geislerová,1976
nm0348226,Richard Gunn,
nm0353697,Junko Hagimori,
nm0357264,Mitsuo Hamada,1943
nm0359082,Andrew Hamrick,
nm0388064,Edwin Hodge,
nm0389922,Jutarō Hōjō,
nm0393276,Yuzhou Hong,
nm0413054,Pete Jacelone,1953
nm0419653,Jayabharathi,
nm0421004,Bill Jenkins,1955
nm0436620,Kyoko Kami,
nm0441098,Hairi Katagiri,1963
nm0441592,Chris Kattan,1970
nm0457526,Yoshirô Kitahara,1929
nm0459294,Antonín Klepáč,1951
nm0461904,I-Chen Ko,1946
nm0462181,Akio Kobori,
nm0465214,Yuka Konno,
nm0474916,Geetha Kumarasinghe,1955
nm0481547,Simone Lahbib,1965
nm0481994,Trevor Laird,1957
nm0495920,Julie Le Breton,1975
nm0504897,Tony Leung Chiu-wai,1962
nm0508188,Eriberto Leão,1972
nm0519933,Nuno Lopes,1978
nm0540038,Søren Malling,1964
nm0540441,Jena Malone,1984
nm0547578,Sonny Marinelli,1967
nm0580224,María Mercedes,
nm0584575,Joel Michaely,
nm0594909,Teresa Mo,1960
nm0595936,Geethu Mohandas,1981
nm0601512,Lisa Moore,1940
nm0621863,M. Nasir,1957
nm0626865,Michael Neuenschwander,1962
nm0628877,Collin Chou,1967
nm0635512,Henrik Norman,1962
nm0639774,Peter O'Brien,1960
nm0642675,Milo O'Shea,1926
nm0643870,Masao Oda,1908
nm0645381,Mitsuko Oka,1948
nm0646010,Gracia Olayo,1957
nm0648416,Afemo Omilami,1950
nm0691419,Gorica Popović,1952
nm0708032,V.K. Ramasamy,1926
nm0717709,Kelly Reilly,1977
nm0725079,Branscombe Richmond,1955
nm0725526,Ronnie Ricketts,
nm0730070,Linus Roache,1964
nm0731286,Judith Roberts,1934
nm0750192,Jenny Runacre,1946
nm0754097,Max Rüdlinger,1949
nm0783991,Ali Şen,1918
nm0793879,Eitarō Shindō,1899
nm0809793,Roger Guenveur Smith,1955
nm0814465,Kayako Sono,1934
nm0829699,Nils Allen Stewart,
nm0840783,Héctor Noas,
nm0847266,Miyuki Takakura,1934
nm0855462,Otávio Terceiro,
nm0859740,Florence Thomassin,1966
nm0865411,Srdjan 'Zika' Todorovic,1965
nm0879989,Jun Ueno,
nm0880805,Khamza Umarov,1926
nm0908914,Dee Wallace,1948
nm0953823,Branko Zavrsan,1962
nm0960372,Levent Ülgen,1962
nm0961121,Gabriella Hámori,1978
nm1001213,Jirô Kokubu,1944
nm10031373,Zhe Zhang,
nm10041459,Sahil Shah,
nm10056998,Meg Fraser,
nm10058902,Frisly Herlind,
nm10063319,Austin Volentine,
nm10082610,David Anthony,
nm10087257,Hashneen Chauhan,
nm10112473,Umesh Damle,
nm10116011,Silvia Gutiérrez,
nm10153699,Jagadeesh Prathap Bandari,1993
nm10179336,Daria Bauer,
nm10180505,Shelby Wynne,1974
nm10182901,Suraj Gowda,
nm10185914,Rachel Cameron,
nm10252661,Meg Biddle Smith,
nm10257212,Jeet,
nm10264208,Hernan Duran,
nm10265581,Thomas Prelicz,
nm10269003,Tayeb Bellouch,
nm10270629,Jamie Douglas,
nm10271049,Madhumita Biswas,
nm10272294,Kenneth Canio Cancellara,
nm10273499,Tiyas Dey,
nm10276227,Fia Tapasa,
nm10277014,Alka Mehta,
nm10284013,Angelica Brosnan,
nm10286181,Ali Jaziri,
nm10288735,Connor Flak,
nm10296981,Dustin Pennington,
nm10300660,Michele Noonan,
nm10303765,Chip Francis,
nm10307037,Jasmine Nelson,
nm10321798,Barbara Butch,
nm10323181,Kyôko Higashiyama,
nm10327034,Di Bryant,
nm10327070,Abhirami Venkatachalam,
nm10333907,Sara Gomez,
nm10337610,Emi Manivala,
nm10338761,Casey Case Jr.,
nm10339101,Tyler Pipkin,
nm10344250,Vimukthi Udara,
nm10345837,Meisyarah Oemry,
nm10345838,Zhi Alatas,
nm10347646,Michael Anthony Suarez,
nm10349594,Nathan Bristol,
nm10353457,Shogo Iwaya,
nm10353894,Miriam Kolstad Strand,
nm10356440,Paul Michael Bradley,
nm10357886,Sam Wolf,
nm10362969,Hana Kanô,
nm10364818,Gabriela Londono,
nm10364851,Silvia Granada,
nm10364895,Fyodor Sushko,
nm10365867,Tommy Coombes,
nm10367199,Tom Beyer,
nm10369651,Imran,
nm10385403,Werner Schuster,
nm10385459,Milan Hamada,1933
nm10390406,Monica Mehmi,
nm10392019,Meeyun Girel,
nm10392375,Shôichi Izumida,
nm10395986,Chand Ansari,
nm10402760,Ella May,
nm10406790,Áurea Ortiz,
nm10407096,Serena Caldirola,
nm10407123,Kenyon Wilson,
nm10409073,Daniel Walters,
nm10409080,Scott Richardson,
nm10409714,Haico Van Der Veken,
nm10415258,Lisa Ullrich,
nm10421159,Keme Ari,
nm10423961,Kamara Benjamin Barnett,
nm10423997,Angel Advincula,
nm10426602,Giulia Ayumi,
nm10427470,Justin Fisher,
nm10430588,Thomas Connelly,
nm10431287,Carl Beaini,
nm10436383,Oleksandra Liuta,
nm10436776,Taraneh,
nm10439927,Ally Polster,
nm10441249,Harold Dershimer,
nm10443351,Michi Asakusa,
nm10447865,Hong Hui,
nm10448675,Martin Ellis,
nm10448886,Sreelaja Mukundakumaran,
nm10450003,Kwesiga Felix,
nm10453496,Ty Parks,
nm10453506,Bob Brogdon,
nm10453517,Kyle Bark,
nm10454587,Nuri Karadeniz,
nm10455697,Eric Hergott,
nm10456639,Alexis Epling,
nm10461346,Mitchell Griffith,
nm10462460,Niousha Alipour,
nm10469118,Prashant Barot,
nm10476627,Ameeta Mehra,
nm1047726,Christoph Bach,1975
nm10477372,Angela Spirovska,
nm10479557,Kukuh Prasetya,
nm10485140,Mert Temizci,
nm10492158,Georgia Reign,
nm10493528,M.K. Sudhakara,
nm10494474,Camille Cook,
nm10495522,Alex Hanshaw,
nm1049613,Jessie Camacho,
nm10496667,Sunil Saliya Ranaweera,
nm10498203,Max Mackintosh,
nm10500176,Jun Hieda,
nm10502631,Antoine Blevens,
nm10502939,Jessica Santiago,
nm10505337,Xiaojian Li,
nm10506100,Sergio Guillén,
nm10506272,Mengwei Ma,1994
nm10508502,Arisa Deguchi,
nm10511484,Jing Shi,
nm10512522,Andy Miller,
nm10513514,Naoko Mitsui,
nm10516625,Milvia Cuevas,
nm10522900,John Irvine,
nm10528044,Felice Fortuna,
nm10534884,Will Waldron,
nm10535369,Naomi Tsukazaki,
nm10536165,Wijitha Bandara,
nm10543601,Lior Chabbat,
nm10548891,Ronnie Taulafo,
nm10559851,Delilah Camille Schneider,
nm10577922,Joshua Ferreira,
nm10582238,Mark Jones,
nm10584286,Ashton Een,
nm10626421,Miriam Benitez,
nm10627026,Alisa Coleman,
nm10653021,Kana Hasegawa,
nm10657092,Árni Arnarson,
nm10681083,Giovanni Parenti,
nm10681084,Nunzia Mangani,
nm10690675,Praveen Raja,
nm10699271,Yanna Jin,1999
nm10703382,Emma Deckers,
nm10743072,Racheli Nahum,
nm10743332,Robert Frank,1980
nm10769224,Rudy Pineda,
nm10773506,J.P. Bunn,
nm10793054,Max Tretta,
nm10798105,Tiffany Lynn Cross,
nm10805771,Master Aman,
nm10842599,Vaisakh Shankar,
nm10864377,Kiera Espanola,
nm10864378,Nathalie Alexia O. Arana,
nm10864671,Thomas Michael Receveur,
nm10949578,Karina Ziana Gherasim,
nm10978726,Antonio Carlos Albuquerque,
nm10999637,Fawad Falzi,
nm1102577,Elle Fanning,1998
nm11029300,Jennifer Brokshi,
nm11163696,AZ Band,
nm1120593,Emily Barclay,1984
nm1123840,Alyy Khan,1968
nm1127446,Altin Ser,
nm1129283,Richard Grove,
nm11347904,Jipsa Beegam,
nm11364607,Deren Chen,
nm1145422,Saskia Guanche,
nm11484344,Kai Wang,1980
nm11524868,Tomoko Shiota,
nm1156772,Unpei Yokoyama,1881
nm11594041,Mehmet Akin,
nm1164730,Natalia Tena,1984
nm11661900,Han Soo-hyun,1977
nm11663250,Noémie Lancelot,
nm1166509,Mrinal Mukherjee,
nm1168078,Yōnosuke Toba,1905
nm1171534,Armais Vartani Hovsepian,1921
nm1173060,M.R. Radha,1907
nm11744221,Stéphane Robles,
nm11778777,Carla Bizuard,
nm11892030,Lisandro Krämer,
nm11928807,Néstor Romero,
nm11962476,Jaiye Muyiwa Donald,
nm11962642,Sushant Ghadge,
nm1197629,Vandi Clark,
nm1204924,Gaku Hamada,1988
nm1216382,Heart Evangelista,1985
nm1221055,Yûichi Kimura,1963
nm1227718,H.G. Dattatreya,
nm1239049,Tien You Chui,1983
nm1244898,Gary M. Iskak,1973
nm12497421,Genevieve Anaele,
nm12654672,Abubakar Mohammed,
nm12668486,Dhanushka Dias,
nm1273023,Sibilla Semadeni,
nm1273029,Ott Sepp,1982
nm1282623,Sarah Spale,1980
nm1291827,Dawei Tong,1979
nm1300009,Adil Hussain,1963
nm1316789,Sepo Seeman,1971
nm1321104,Paula Sartor,1990
nm13344992,Elin Johansson,
nm1338684,Izabela Dabrowska,1966
nm13677590,Michael Magdaleno Gallegos,
nm13818625,Dirk James Kehler,
nm1411829,Niki Koss,
nm1417931,Geneva Carr,1971
nm1420358,Mokhtar Hachicha,
nm14277163,Genesis San Nem,
nm1429380,Britt Robertson,1990
nm1432432,Ilham Shaheen,1960
nm1455865,Yun-Peng Hsiang,
nm1460419,Mikhail Trukhin,1971
nm14749458,Chilo Ramirez Rodriguez,
nm1476601,Marc Evan Jackson,1970
nm1488034,Joan Antón Rechi,1968
nm1492496,Gani Dede,
nm14954808,Yoshihiro Shimoda,
nm14997692,Kiiran Sharadh,
nm15022703,Micah Oser,
nm1504747,Tasuku Emoto,1986
nm1505297,Measha Brueggergosman,
nm1512499,James Smith,1968
nm1530182,Keishiro Kojima,1932
nm15442597,Jeremy Luciana,
nm1571497,Ingrid Grudke,1976
nm15729779,Sudhakar Birajdar,
nm1574854,G.V. Prakash Kumar,1987
nm1580957,B.J. Britt,1982
nm15887545,Morag Gamble,
nm1617256,Neeraj Sood,1969
nm16189990,Michael Rousselet,
nm1642065,Eloise Lovell Anderson,
nm1652345,Jeremy Gimenez,
nm1679435,Ivan Urgant,1978
nm1708306,Nenad Pecinar,1970
nm17228769,Siu-Yin Chan,
nm17455543,Pooja Dey,
nm1758562,Nash Aguas,1998
nm1759161,Saburô Kômyôji,
nm1795464,Erik Fellows,
nm1797836,Emiel Sandtke,1983
nm1824944,Ali Miri,1936
nm1839680,Robert Bryan Davis,
nm1843026,Gillian Jacobs,1982
nm1855651,Berke Üzrek,1979
nm1868781,Rhoda Pell,1947
nm1875420,Thaweesak Samruai,
nm1896035,Bogdan Dumitrache,1977
nm1914593,Evgeniy Dyatlov,1963
nm1938892,Brandon Thane Wilson,
nm1947795,Lord KraVen,
nm1952116,Kiko Matos,1990
nm1966297,Sonia Diaz,
nm2018573,Sean Cronin,
nm2019748,Nicholas Wilder,
nm2030779,Moises Arias,1994
nm2103554,Sau-Nin Wong,
nm2115624,Chia-Chia Peng,1956
nm2146987,Maria Laura Baccarini,1966
nm2194798,Sunny Singh,1990
nm2212823,Duleeka Marapana,
nm2228294,Gerran Howell,1991
nm2240044,Brijendra Kala,
nm2273474,Nanda Costa,1986
nm2296440,AnnMarie Giaquinto,
nm2326379,Jonathan Stoddard,1984
nm2343968,Gianni Milano,1938
nm2386632,Kikuya Okada,
nm2431340,Isabella Ragonese,1981
nm2440234,Woo Hyeon,1964
nm2452772,Kris Grove,
nm2487170,James Carolus,
nm2513407,Dipali Sayyad,1978
nm2515334,Ryôsuke Ôtani,1954
nm2518338,Lorena Vega,
nm2531162,Mehdi Moghaddam,
nm2537380,Joseph Villamor,
nm2547435,Sahin Nacar,
nm2556155,Christoph Letkowski,1982
nm2582459,Sus Wilkins,1989
nm2597393,Satsuki Arakawa,
nm2598657,Rodrigo Santos,
nm2599580,Adrienne Hartvigsen,1980
nm2614112,Grigoriy Kalinin,1983
nm2615075,Krystian Wieczorek,1975
nm2635725,Ashish Kumar Loho,1937
nm2652047,Yi-Chun Chiang,
nm2677773,Elena Petrovická,1941
nm2692160,Oliver Powell,
nm2703232,Xavier Brossard,
nm2740647,Gabrielle Stone,1988
nm2753207,Dinesh Das,
nm2770934,Maria Asaro,
nm2772584,Olivia Taylor Dudley,1985
nm2791668,Manoochehr Purahmad,
nm2812610,Yong Hou,
nm2827761,Manel Wanaguru,
nm2852180,Chien-Ping Chen,
nm2882408,Klára Cibulková,1975
nm2897883,Jeffrey Frame,
nm2936907,Siju Wilson,1984
nm2942715,Ravinder Maan,
nm2946751,Ichirô Yoshioka,
nm2948970,Danny Brady,
nm2950254,Massimo Biondi,1971
nm2978720,Natalia Kostrzewa,
nm2995162,Artt Butler,1969
nm3033831,Raj Richarson,
nm3039108,Meena Daud,
nm3039589,Polliana Aleixo,1996
nm3040063,Najma Mehboob,
nm3041049,Adam Danoff,
nm3043258,Gustavo Egelhaaf,1984
nm3084436,Asier Oruesagasti,
nm3110915,Eveline Hall,1945
nm3149025,Elisa Gagliano,
nm3159919,Ramzi,
nm3179851,Heather Hopkins,1996
nm3184137,Kat Galang,
nm3209201,Kikuko Futaba,
nm3209833,Miyu Oriyama,
nm3231721,Irene Morales,
nm3240558,Pedro Meza,
nm3255649,Sten Karpov,1984
nm3333413,Motlatsi Mafatshe,
nm3381677,Jonah Wharton,
nm3400134,Cengiz Dervis,
nm3403823,Samy Abdel Fattah,1998
nm3404556,Shalu Menon,
nm3438796,Rajesh Hebbar,
nm3443995,Behnoosh Tabatabaei,
nm3444369,Fataneh Malekmohamadi,
nm3464928,Qing Huo,1962
nm3473752,Ken Henderson,
nm3474462,Marsha Aruan,
nm3504429,Hanahei Hayashiya,
nm3507715,Abel Martinez Jr.,
nm3518001,Jürgen Heimüller,
nm3530581,Heather Schlitt,
nm3557375,Shine Tom Chacko,1983
nm3564464,Angie Bullaro,
nm3581007,Arieh Worthalter,1985
nm3608767,Malkeet Rauni,
nm3645531,Eric Huang,1971
nm3663864,Park Sung-woong,1973
nm3769437,Padmanabh Bind,
nm3779956,Baek Seung-hee,1986
nm3786479,Yoon Kyung-ho,1980
nm3837828,Parkash Gadhu,
nm3846801,Nandini Jog,
nm3859790,Michael Jamal Mitchell,1987
nm3885092,Denise Groesman,
nm3891594,David Bly,
nm3905146,Carmen Aub,1989
nm4007172,Lei Bao,
nm4037241,Angeline Tan,
nm4041577,Sandra Mateu,
nm4072060,Irakli Loladze,
nm4191182,Sandeepa Dhar,1989
nm4207994,Jun Yamaguchi,
nm4248027,Marlee van der Merwe,
nm4254152,Tarik Ellinger,
nm4254715,Deirdre McCourt,
nm4264654,Renan Bilek,1968
nm4290253,Yuki Yamada,1990
nm4303311,Yoshitsugu Matsuoka,1986
nm4326729,Andrey Alexandrin,1980
nm4337039,Alexander Koch,1988
nm4390501,Seishû Uragami,1999
nm4414400,Panchi Bora,
nm4462167,AJ Muhlach,
nm4470570,Ramchandra Dhumal,1949
nm4503157,Dina Fuad,
nm4533763,Stefano Jacurti,
nm4561528,Amine Mentseur,
nm4593934,Ross K. Foad,1988
nm4615210,Dia Frampton,
nm4730737,Preethi Randeniya,
nm4746089,Mary Galloway,1993
nm4772741,Ana Lorena Sánchez,1990
nm4813513,Maciej Bochniak,1984
nm4823415,Shannon Cox,
nm4864935,Weerayut Pornnawutthikul,
nm4948685,Valentin Kovic,
nm4950057,Ellie Bindman,
nm5021375,Eddie Toxey,
nm5021810,Henry Almann,
nm5027149,Alora Sasam,1989
nm5030879,Yuki Kitazawa,
nm5107460,Wei-Yi Lin,
nm5125622,Shibani Akthar,1981
nm5161825,Parminder Gill,
nm5253191,Stephen Harr,
nm5254274,Nelson J. Davis,
nm5377726,Yurika Nakamura,1997
nm5388554,Enrique Lojo,1988
nm5400786,Enrique Oseguera,
nm5413582,Bartley Burke,
nm5418927,Sita Gurung,
nm5487427,Petrie Willink,
nm5489754,Max Mittelman,
nm5493729,Yôko Machida,
nm5535093,Di Yang,
nm5561805,Fuyuna Asakura,
nm5574325,Tomer Oz,
nm5601857,Tallulah Greive,1997
nm5613974,Ruth Emeterio,
nm5664543,Amila Abeysekera,
nm5725935,Alma Noce,1999
nm5739768,Sunny Singh,
nm5740344,Anthony DiCarlo,
nm5796361,Rachita Ram,1990
nm5831457,Feyyaz Yiğit,1988
nm5840032,Ella Rubin,2001
nm5952104,Florus Hoogslag,
nm5957931,Duke Davis Roberts,1992
nm5964365,Ademola Adedoyin,
nm5983008,Katy Purnell,
nm6045109,Pervin Ünalp,1968
nm6049570,Danny Moens,
nm6079303,Doug Rogers,
nm6170168,Harris Dickinson,1996
nm6194795,Jasper Stokman,
nm6209398,Asha Aravind,1982
nm6213948,Bhargavi,
nm6216593,Rose Williams,1994
nm6274564,Bodie Ohrmund,
nm6372743,Jaswinder,
nm6412100,Damien Ashley,
nm6429677,Harriet Burnette,
nm6436912,Hootan Shakiba,1984
nm6447403,Lunara Yerdan,
nm6567659,Natalia Borowsky,
nm6577829,Sergey Garusov,1978
nm6607955,Rachael Redolfi,
nm6619752,Franco Pucci,
nm6655422,Aaron Liburd,
nm6707561,Charlie Clarke,
nm6728658,Kim Sun-young,1976
nm6749520,Justas Vanagas,
nm6785657,Yu Tian,
nm6794936,Makia Johnson,
nm6822354,Zakk Burgraff,
nm6822586,Daniele Lawson,2004
nm6824481,Jake Milton,
nm6858586,Alexia Turchi,
nm6931940,Bryan Malcolm,
nm6946659,Rominho Braga,
nm6973289,Zabihullah Shahrani,
nm7080308,Tina Potocnik,1988
nm7097423,Jalyna Wojnowski,
nm7124708,Alejandro Zenni,
nm7138338,Jeffery Ellis,
nm7213751,Christina King,
nm7260615,Michelle Oneida,
nm7297975,Larry Oeffner,
nm7306001,Saana Koivisto,1996
nm7312177,You Zhou,
nm7318389,Hannes Perkmann,
nm7329204,Roger Brown,
nm7345201,Pauline Caupenne,
nm7393874,Adil,
nm7467178,Jimmie Hamm,
nm7478548,Alana Wallace,
nm7501047,Dana Rampy,
nm7514964,Kevin Gallego,
nm7542869,Aidan Queen,
nm7559355,Irawati Harshe,
nm7592743,Iggy Blanco,
nm7604357,Derrick Burbage,
nm7621475,June Schreiner,
nm7645455,Shikahei Nakamura,1927
nm7672743,Nana Miyachi,1984
nm7679824,Irem Derici,1987
nm7754425,Nicola Nannavecchia,
nm7788268,Lisa Oda,1995
nm7806304,Fadlan Hazim,
nm7812022,Mario Hoelsken,
nm7813024,Andrea Melendo,
nm7825235,Din Mohammad,
nm7833427,Vladimir Butenko,1980
nm7848881,Jim Rigsby,
nm7922534,Amir Hossein Ghodsi,
nm7976335,Antara Banerjee,
nm7987556,Aslanbek Taugazov,
nm7991474,Gorô Ryûgawa,
nm8061002,Sonita Burgos,
nm8136305,Robert Gill,
nm8189662,Batuhan Aydar,1990
nm8225192,Joy Elizabeth Sterling,
nm8243160,Raffael Betzler,
nm8266000,Zachary Cirino,
nm8283698,Laima Akstinaitė,
nm8287501,Emmy Raver-Lampman,1988
nm8315801,Felicia Flaherty,
nm8348481,Gholamreza Ali Akbari,
nm8358334,Nilmini Kottagoda,
nm8398797,Ippei Ichimonji,
nm8400634,Anthony Cabrera,
nm8408269,Tejas Patil,
nm8440701,Ananya Nagalla,
nm8500687,Wayne Lundy,
nm8520694,DeAngelo Ellis,
nm8527073,Sammie Rimando,
nm8582532,Marika Gosick,
nm8613647,MK Haresign,
nm8668837,Ashton Solecki,
nm8720783,Merrick Hanna,2005
nm8726520,Yi Yang,1983
nm8736397,Qussai Sultan,
nm8742390,Kelner Macêdo,1994
nm8744655,Pawan Dhiman,
nm8758347,Jefri Nichol,1999
nm8780720,Manfred Fuchs,1976
nm8793835,Ann Sheetal,1994
nm8808602,Erfan Ebrahimi,
nm8835374,Prasant Tamrakar,
nm8852558,Faith Richards,
nm8858879,Jacques Aldridge,
nm8890455,Sanjeev Dhuri,
nm8950016,Sarah Rose Drake,
nm8970347,Mohammad Farousi,
nm8972571,Yehani Hansika,
nm9001605,Maina Wa Ndung'u,
nm9005530,Sambasa Nzeribe,
nm9047363,Gayathree Dias,
nm9047365,Vinu Udhani Siriwardena,
nm9103143,Ammu Abhirami,2000
nm9104338,Roni Dotan,
nm9117677,Vitto Marquez,
nm9161984,Viktor Zhdanov,1968
nm9193136,Cecilia Choi,1994
nm9196476,Benjamin Kapit,
nm9219550,Shiori Hazuki,
nm9286165,Cailum Carragher,1995
nm9303330,Kevin Molden,
nm9329305,Sterling Morales,
nm9348122,Sabrina Auclair,
nm9408805,Harshani Perera,
nm9421636,Dhananji Tharuka,
nm9472924,Sikander Khan,
nm9484954,Emilio Mils,
nm9540662,Airi Satô,
nm9556040,Olya Banar,
nm9568024,Alen Kermac,
nm9593665,Roopa Lakshmi,
nm9598771,Krithi Shetty,2003
nm9604602,Jeff Rapkin,
nm9609691,Amber Barnes,1990
nm9624380,Rajiv Nanayakkara,
nm9680921,Alperen Efe Esmer,2007
nm9714813,Madison Sturges,
nm9714815,Dogukan Mutlu,
nm9742718,Jonathan Lawrence Risdon,
nm9756237,Jake Ficken,
nm9862140,Mia Rio,
nm9898052,Kelsey Painter,
nm0000246,Bruce Willis,1955
nm0000276,Sean Astin,1971
nm0000708,Billy Zane,1966
nm0000729,Casey Affleck,1975
nm0000874,Steven Bauer,1956
nm0001592,Joe Pantoliano,1951
nm0001860,Alicia Witt,1975
nm0002004,Sarita Choudhury,1966
nm0004898,Omar Epps,1973
nm0005216,Janet McTeer,1961
nm0005394,Jeri Ryan,1968
nm0009352,Maria João Abreu,1964
nm0009496,Clarisse Abujamra,1947
nm0010355,Arthur Acuña,
nm0015846,Gina Alajar,
nm0025193,Raouf Ben Amor,
nm0028007,Tuca Andrada,1964
nm0036109,Lucie Arnaz,1951
nm0043395,Daisuke Awaji,1932
nm0044452,Kyôko Azuma,
nm0044463,Terumi Azuma,1956
nm0046977,Tawfik Bahri,1952
nm0080900,Spyros Bibilas,1956
nm0099561,Susy Boulois,
nm0107531,Philippe Brenninkmeyer,
nm0115415,Angela Bruce,1951
nm0157139,Toshio Chiba,
nm0159039,Felix Chong,1968
nm0171674,Kenneth Collard,
nm0181920,James Cosmo,1948
nm0190388,Luísa Cruz,1962
nm0190441,Raymond Cruz,1964
nm0190503,Óscar Cruz,1938
nm0190591,Michel Crémadès,1955
nm0204576,Eric Davis,
nm0214358,Dipshikkha Nagppal,1977
nm0218741,Lisa Dempsey,
nm0231677,Aleksandr Domogarov,1963
nm0253355,Richard Elfyn,
nm0262026,Eric Etebari,
nm0265252,Hussein Fahmy,1940
nm0295651,John Friesen,
nm0300712,Jim Gaffigan,1966
nm0311405,Haile Gebrselassie,1973
nm0331577,Luke Goss,1968
nm0333104,Muammer Gözalan,1903
nm0335404,Gary Grant,1977
nm0340084,Cathy Stewart,1956
nm0341421,Rhoda Griffis,
nm0348004,Milind Gunaji,1961
nm0350273,Hilmir Snær Guðnason,1969
nm0356372,Bruce G. Hallenbeck,
nm0357297,Yûko Hama,1935
nm0369392,Jevgeni Haukka,1962
nm0381241,Miguel Herz-Kestranek,1948
nm0387012,Patrick Hivon,1975
nm0387133,Lars Hjortshøj,1967
nm0403899,Farokhlagha Hushmand,1928
nm0406743,Utaemon Ichikawa,1904
nm0424800,Clark Johnson,
nm0441377,Masaya Katô,1963
nm0457590,Kitarō,1948
nm0466936,Baran Kosari,1985
nm0476821,Aleksandr Kuznetsov,1959
nm0482695,Suet Lam,1964
nm0490375,David Michael Latt,1966
nm0517638,Paul Logan,1973
nm0524999,Ernst Ludwig,1873
nm0545166,Sylvain Marcel,1964
nm0547982,Jean-Marie Marion,
nm0555500,Elizabeth Marvel,1969
nm0559642,Tsukie Matsuura,1907
nm0590931,Sumiko Minami,
nm0594263,Yoichi Miura,1954
nm0599138,Simone Montedoro,1973
nm0604507,Bonnie Morgan,1981
nm0606168,Keijirô Morozumi,
nm0608578,Harry Morgan Moses,
nm0611663,Suhasini Mulay,1950
nm0613663,Akira Murayama,1948
nm0620847,Marco Nanini,1948
nm0623360,Parivash Nazarieh,1970
nm0624830,Sandy Neilson,1943
nm0637505,Menashe Noy,1959
nm0644512,Shōjirō Ogasawara,1902
nm0645536,Hashizô Ôkawa,1929
nm0647634,Elizabeth Olsen,1989
nm0648489,Fumitake Ômura,
nm0657510,Anna von Palen,1875
nm0661845,Park In-hwan,1945
nm0667664,Bruno Paviot,
nm0668573,Lorna Cepeda,1970
nm0671567,Michael Peña,1976
nm0687887,Lucka Pockaj,1966
nm0693871,Poussi,1952
nm0697027,Marc Price,1968
nm0699596,Tilo Prückner,1940
nm0702284,Mary E. Pérez,
nm0714229,Cécile Rebboah,1975
nm0731457,Nia Roberts,1972
nm0741461,Jeff Rose,1965
nm0755960,Zenpei Saga,
nm0763216,Claudio Santamaria,1974
nm0776307,Marion Schultz,
nm0782840,Tomokazu Seki,1972
nm0797610,Sigurður Sigurjónsson,1955
nm0800766,Kari Simonsen,1937
nm0823040,Lucia Stara,
nm0831257,Elvis Stojko,1972
nm0847031,Minoru Takada,1899
nm0847085,Wataru Takagi,1966
nm0849429,Hayato Tani,1946
nm0854676,Ben Temple,
nm0858128,Thilakan,1935
nm0858255,Miguel Thiré,1982
nm0865302,Tony Todd,1954
nm0891350,Johnny Vavouras,
nm0899042,Sarit Vino-Elad,1971
nm0910040,Harriet Walter,1950
nm0913822,Ken Watanabe,1959
nm0913843,Misako Watanabe,1932
nm0945354,Shirley Yamaguchi,1920
nm0948420,Fumihiko Yokoyama,1903
nm0959885,Yusuf Çetin,
nm0971135,Craig Parkinson,1976
nm0993544,Etsuko Hara,1956
nm10005526,Juan Pedro Ramos,
nm10017483,Caroline Carlton,
nm10041313,Aleyna Dalveren,1996
nm10077810,Sean Bartelse,
nm10089139,Austin Bostic,
nm10103635,Harshad Babu,
nm10140681,Brennen Davis,
nm10202536,Hasan Gazeteci,
nm10264006,Mar Abalavan,
nm10265582,Nila Hotz,
nm10275431,Thandav Ram,
nm10275871,Belkis Avilladares,
nm10277008,Manohar Kapadia,
nm10278984,Robert Cote,
nm10279925,Kelsie Brown,
nm10280979,Takuo Onishi,
nm10290595,Roee Shpainer,
nm10292399,Jenny Edsall,
nm10292588,Atty. Bernie Cabidoy,
nm10292621,Arnold Carriaso,
nm10294378,Tasha O'Brien,
nm10299587,Mohamed Larbi Souri,
nm10304665,Gregg Burt,
nm10305295,Shea Taylor,
nm10308732,Masao Miyamoto,
nm10313349,Satsuki Mine,
nm10314153,Gurbani Gill,
nm10316614,Aileen Kent Gutierrez,
nm10321925,Fabio Corsaro,
nm10322437,Justin Denson,
nm10326279,Sajeev Rajaputhra,
nm10327040,Chris Kutchma,
nm10330966,Melisha Yenuli,
nm10331009,Rudraksh Bahuguna,
nm10331634,Yunus Emre Çelik,
nm10333352,Raya Adena Syah,
nm10333628,Pavel Miznikov,
nm10337162,Dmitriy Baklazhanskiy,
nm10337379,Sreejita Mitra,
nm10337381,Raja Chakravorty,
nm10349455,Roger Zimpel,
nm10351107,Danzel Fernandez,
nm10352165,Hito Ryûkô,
nm10352263,Jeremy Bernard,
nm10355433,Janine Grivsa,
nm10356441,A.J. Houghton,
nm10365245,Gayatri Soham,
nm10365912,Ashly Boban,1996
nm10369647,Noushad Ullah,
nm10371793,Hideaki Morishige,
nm10375007,Aparna Das,1995
nm10376602,Grant Garson,
nm10381541,Bae Leaf,
nm10390354,Yauna Kamerin,
nm10390506,Kellen James,
nm10390547,Rajendra Kachru Gaikwad,
nm10390694,Hena Chowdhury,
nm10392035,Rabin Bhandan,
nm10394957,Sharon Eronmwonsuyi,
nm10396873,Roxane Darlot-Harel,
nm10402215,Amir Shojaeddin,
nm10403410,Hyeran Go,
nm10411561,Arun Nair,
nm10413970,Mina Farid,
nm10419384,Vikash Kumar,
nm10425083,Oltanie Charles,
nm10437051,Henrijs Arajs,
nm10437231,Scott Wheeler,
nm10440438,Shraddha Sagaonkar,
nm10442613,Madison Thomas,
nm10443280,Takako Ôtake,
nm10443339,Mike Mozier,
nm10443352,Yô Hazuki,
nm10443676,Alexia Maria Proca,
nm10446480,Kevin Cunningham,
nm10450264,Rose Bryant,
nm10451474,Tobias Fogel,
nm10455087,Michele Cipriani,
nm10458976,Zohreh Abbasi,
nm10467144,Danu Sunth,
nm10467938,Kaitlyn Dempsey,
nm10468607,Matthan James Fernando,
nm10469692,Yoshikazu Inagawa,
nm10472112,Ahmed Zein,
nm10474257,Santhosh,
nm10476379,Erika Coli Clapes,
nm10482385,Garima Agarwal,
nm10482386,Anupama,
nm10483665,Aliyah Busby,
nm10485312,Mary Ann Olson,
nm10486129,Adam Cheatham,
nm10492477,Rashon Cashstrow,
nm10494941,Maziar Seyedi,
nm10496666,Sunil Liyanarachchi,
nm10497414,Grace Fine,
nm1049968,Kim In-kwon,1978
nm10500786,Kartik Rashtrapal,
nm10505424,Mauli Purane,
nm10508412,Anna Elizabeth Thompson,1999
nm10510600,Justin Cury,
nm10510603,Robert Barbieri,
nm10513561,Beonte Anglen,
nm10513568,Brian Bond,
nm10514573,Berfin Keles,
nm10520328,Dan Clarke,
nm10520906,Zevan Drozda,
nm10521106,Albert C. Asphall,
nm10521134,Saraswati Gurung,
nm10521237,Seiichirô Iinuma,
nm10523716,Veronika Ceh,
nm10526027,Thorarinn Ragnarsson,
nm10526496,Manysha Nayee,
nm10527044,Erik m Lewis,
nm10529310,Fakhrul Razi Ibrahim,
nm10529331,Sarah George,
nm10529687,Martin Rohde,
nm10529967,Alessandro Durand,
nm10532931,Courtney Hemphill,
nm10535773,Carlos Campos,
nm10536990,Alberto Guerra Obispo,
nm10555263,Damarre' Bradley,
nm1056736,Ryan Anthony,
nm10576101,Rupali Zankar,
nm10683361,Akmal Gurezov,
nm10690686,Allwin Ramaiah,
nm10692808,Qian Wang,
nm10693286,Mikayla LaShae Bartholomew,
nm1071149,Grégoire Bonnet,1966
nm10730775,Peng Cui,
nm10732662,Nay Bou Antoun,
nm10751497,Alex Joseph,
nm10763736,Ferhane Beker,
nm1078422,Hirofumi Arai,1979
nm10786798,John Koons,
nm10866355,Ricardo Luis Rodriguez,
nm10963782,Arindra Rai Chaudhuri,
nm11034925,Matt Burrus,
nm11062386,Camila Guerra,
nm11127058,Jonathan Tamez,
nm11136100,Vikas Bata,
nm11142367,Akhil,
nm11144318,Dre Anderson,
nm11187778,Lola Rossignol-Arts,
nm11192089,Nirali Joshi,
nm11259082,Abdolhalim Taghalobi,
nm11263782,Chanatcha Ratanatham,
nm1127373,Nicholas Saputra,1984
nm1127862,Roland Vouilloz,
nm11351308,Bianca Tomassian,
nm11363744,Bianca Ghilardi-Hellsten,
nm11364610,Xikun Yin,
nm11370123,Christiana Montoya,
nm11380875,Nathaniel Amranian,
nm11416436,Tim Ahren,
nm11463445,Sofie Folgart,
nm11476790,Adelina,
nm11484135,Danny Chavarriaga,
nm11531465,Merin Philip,
nm11536161,Peter Van Den Bergh,
nm11537169,Ranjit Budhkar,
nm11584934,Patricia Panther,
nm11669773,Apoorva Srinivasan,
nm11697825,Alathi Jayaram,
nm11717030,Dulós Domènech,
nm1172144,Mohammad Ghamshi,
nm11755620,Amir Ahmadzadeh,
nm1179525,Matthew Dickman,
nm11844089,Jasmin Fritschi,
nm11844126,Pedro Melo Alves,
nm11873027,Nelson Membe,
nm11894472,Carl R. Hughes,
nm11894474,Ryan Aquino,
nm1197737,Carmen Machi,1963
nm11982844,Jérôme Bernard-Var,
nm12008514,Maxence Clément,
nm12042238,Claire Turmel,
nm12099101,Bear Ushkowitz,
nm1212824,Ángel Durández,
nm12166557,Yûki Ashida,
nm12231894,Anshika,
nm12399467,Miki Hasuda,
nm1245077,Maudy Koesnaedi,1975
nm1245754,Lucia Schlör,
nm12645007,Sai Neeraj,
nm12645750,Tyler Snellenberger,
nm12711701,Johana Belzile,
nm12773671,Hatice Irkin,2000
nm1288082,Malihe Nasiri,1931
nm1289561,Karel Marquez,1986
nm1293128,Yōyō Kojima,1891
nm1294099,Saburō Ōno,
nm1314276,Anna Ferruzzo,1966
nm1322483,Xing Xing Cheng,
nm13234489,Mauro de Felice,
nm1331316,Soko,1985
nm13321144,Snehanth Mahendran,
nm1337113,Akeno Watanabe,1982
nm13478914,Camille Cumpston,
nm1371957,Issaka Sawadogo,1966
nm1375492,Giles King,
nm1379894,Ketchup Eusebio,
nm13857028,Mindahi Bastida,
nm1399885,Joseph Lorenz,1960
nm14011692,Alexandros Iatropoulos,
nm1403057,Ahmad Nisfu,
nm1417314,Vikram,1966
nm14350109,Misty Elliott,
nm1442840,Pepo Suevos,1971
nm1456114,Alban Ukaj,1980
nm1460131,Vasiliy Sedykh,1972
nm14754835,Gi A Nguyen,
nm14819681,Christopher Nishizawa,
nm14869367,Ali Marisultanov,
nm14919724,Ava Asilian,
nm1517134,Yoon Jin-seo,1983
nm1520977,Timothy E. Goodwin,
nm15225419,Gianco Bravo,
nm1526225,Alexander Sano,1977
nm15449938,Luca Simon Kron,
nm1557329,Jessica Rothe,1987
nm15601333,Pedro Principe,
nm15630549,Honaji Chauhan,
nm15630552,Rajendra Khedekar,
nm1563805,Weilin Sang,
nm16022818,Dylan Blair,
nm16027802,Phil Cappuccio,
nm1603020,Paul Sutt,
nm1603688,Laetitia Spigarelli,
nm1632508,Catherine Chabot,1988
nm16514717,Gustavo Manso,
nm1658533,Gord Rand,
nm1670234,Juanfra Juárez,
nm1671382,Hanko Kagurazaka,
nm1688117,Lee Ki-yeol,1955
nm1699594,Gisla Stringer,
nm1715118,AnnaLynne McCord,1987
nm1715356,Mimi Gamal,1941
nm1717599,Reiko Miyagawa,
nm1727243,Lemi Filozof,1983
nm1747510,Doddanna,
nm1763487,Youssef Hajdi,1979
nm1778686,Wasabi Mizuta,1974
nm1797141,Minoru Nitta,
nm18243817,Ebimobowei Ayah,
nm18253159,Robyn Paterson,
nm1832026,Archie Alemania,
nm1833530,Thaíde,1967
nm1840504,Tiffany Haddish,1979
nm1853380,Federico Pérez Rey,1976
nm1892699,Salva Reina,1978
nm1905413,Rúnar Freyr Gíslason,
nm1918614,Vidmantas Fijalkauskas,
nm1925918,Cholo Barretto,
nm1931829,Simon Jon Provan,
nm1982617,Aida Ghechoud,
nm1989683,Sabry Abdel Moniem,1945
nm2016172,Sofía Espinosa,
nm2021640,Jehnny Beth,1984
nm2026341,Yoshikazu Kotani,1982
nm2059418,Estefanía de los Santos,1975
nm2077607,Sherie Merlis,
nm2083561,Gerdy Zint,1979
nm2103907,Bi-Hui Fu,1924
nm2143171,Suely Rolnik,
nm2192081,Vasant Ingle,
nm2194534,Adam Green,1981
nm2195938,Batiste Miquel,
nm2238626,Adrian Parks,
nm2274377,Sally Clawson,
nm2338224,Wanida Saengsuk,
nm2361483,Seitarô Hayashi,
nm2388985,Micky Roman,
nm2410221,Sándor Ifj. Reisenbüchler,1967
nm2417901,Tamatarō Ichikawa,
nm2426143,Harry Dyer,
nm2430054,Anita Shabdeesh,
nm2432160,Sebastian Stankiewicz,1978
nm2459212,Syoko Mikami,
nm2460402,Matt Angel,1990
nm2477386,Scott Hoffman,
nm2511538,Sergey Burunov,1977
nm2529790,Shane Coffey,1987
nm2546442,Javad Ezati,1982
nm2560100,Eoin O'Dubhghaill,
nm2576328,Tiffany Daniels,
nm2595793,Herta Hambach,
nm2619595,Ujjal,
nm2644115,Nadia Charbel,2001
nm2660163,Karina Suwandhi,
nm2674704,Mariana Costa Pinto,
nm2687525,Max Collins,1992
nm2698488,Behrooz Ghaderi,
nm2732939,Giada Benedetti,
nm2749475,Richard de Lisle,
nm2761288,Dalj Brar,
nm2780716,Victoria Luengo,1990
nm2791178,Giriraj Kaushalya,
nm2810106,Yana Marinova,1978
nm2852571,Mako Kitano,1956
nm2873228,Shôichirô Tanigawa,
nm2957276,Bahram Bagirzada,
nm2997229,Tony Burgess,
nm2997755,Will Murphy,
nm3022132,Tarra Budiman,
nm3032416,Victoria Garza,
nm3073947,Cinta Laura Kiehl,
nm3121148,Birkan Sokullu,1985
nm3121384,Becky G,1997
nm3129108,Anita Meet,
nm3130490,Emelie Garbers,1982
nm3177382,Belén Cuesta,1984
nm3183214,Hidetoshi Hoshida,1971
nm3223090,Chloë Levine,
nm3259962,Jean-François Cayrey,
nm3271373,Tôri Matsuzaka,1988
nm3278781,Kurumi Shimizu,1994
nm3319531,Shaun Martindale,1982
nm3335067,Leo Harlem,1962
nm3390458,Meredith Heinrich,
nm3399361,Daniel Monks,
nm3406682,Roman Kurtsyn,1985
nm3418739,Anna Castro,
nm3513717,Fernando Bonilla,
nm3518466,Anna Ross,
nm3651492,Sophie Alibert,
nm3684463,Mounir Ait Hamou,
nm3692726,Kim Ye-won,1987
nm3750475,Byron Coll,1984
nm3811485,Jess Mendoza,
nm3822030,Cristiana Dell'Anna,1985
nm3829870,Alphonso Thompson,
nm3860266,Yumiko Matsubara,
nm3860273,Seiya Osada,1989
nm3861157,Roland Kagan Sommer,2002
nm3956825,Katsuya Maiguma,
nm3963044,Erika Maki,
nm3977038,Taylor Jabara,1996
nm3980859,Jean Fischer,
nm3987379,Açelya Topaloglu,1986
nm3998145,Derek Solorsano,
nm4051131,Sasi Kalinga,1961
nm4072025,Christian Witte,1987
nm4073978,Mitra Suri,
nm4082296,Dongyu Zhou,1992
nm4113475,Tony Noyes,
nm4140819,Evgeniy Sangadzhiev,
nm4206647,James Capps,
nm4225184,Kani Kusruti,1985
nm4233819,Elaiza Ikeda,
nm4243872,Jyoti Chandekar,1957
nm4369125,Sophia Schubert,1991
nm4391133,Atsushi Hashimoto,1987
nm4423033,Arthur Molinier,
nm4441529,Elizabeth Grullon,1987
nm4488662,Aida Leguizamon,
nm4488708,Evelin Kachulin,
nm4497226,Aj Brody,
nm4536011,Chiang Chen,
nm4539107,Germán Anzola,
nm4571699,Karlisha Hurley,
nm4623853,Kapil Madaan,
nm4730557,Adrian Zeigler,
nm4731677,Ayushmann Khurrana,1984
nm4788761,Clara Lee,1986
nm4830925,Quentin Brown,
nm4880713,Michael Martin,
nm4886518,Charlotte Graham,
nm4930889,Heidi Baker,1959
nm4961715,Mauricio Cujar,
nm5016962,Logan Macrae,1988
nm5017322,Amy Tyger,
nm5035471,Xi Qi,1984
nm5042060,Jiayin Lei,1983
nm5063717,Lex Ortega,1980
nm5108275,David Firestone,
nm5123156,Kelvin Harrison Jr.,1994
nm5159909,Leona Lishoy,1991
nm5171503,Hussain Manawer,
nm5216276,Sarah Kozlowski,
nm5224876,Tissa Biani Azzahra,2002
nm5236534,Tuncay Gençkalan,1969
nm5258595,Sunny Gill Ambersariya,
nm5265577,Alexandra Merle,
nm5268152,Brendan Morris,
nm5285809,Asela Jayakody,
nm5315479,Tilda Cobham-Hervey,1994
nm5315559,Robert Finster,1984
nm5339142,Sir Brodie,
nm5394488,Reginald Garner,
nm5462219,Matt Story,
nm5552796,Brenda Goedhart,
nm5562206,Lakshmi Hegde,
nm5638922,Charlotte Gabris,
nm5642132,Ömer Gecü,1972
nm5664029,Zoran Bogunovic,
nm5666515,Noritaka Dan,
nm5670518,Montse Ribadellas,
nm5694847,Abdulelah Alqurashi,
nm5720977,Arjun Talwar,
nm5755903,Luciana Curtis,
nm5782660,Gogo Lomo-David,
nm5799983,Abigail Rice,
nm5812965,Amir El Kacem,
nm5858716,Gilberto Baroli,
nm5966739,Travis Burns,1991
nm5988617,Johan L. Heinstedt,
nm6074904,Alex Breaux,
nm6119056,Tina Tamashiro,1997
nm6150808,David Jones David,
nm6166963,Zara Udofia Ejoh,
nm6170424,Timini Egbuson,
nm6195774,Dominique Fishback,1991
nm6208402,Posh Develos,
nm6229748,Roshan Ravindra,
nm6236069,Larisa Faber,1986
nm6341901,Antonette Perez,
nm6384539,Kyle Meagher,2002
nm6385429,Zuza Tehanu,
nm6400631,Sujay Shastry,1983
nm6421778,Chaitnya Sharma,1990
nm6435705,Brooklyn Robinson,2008
nm6485638,Elizabeth De Vries,
nm6509817,Haley Beauregard,
nm6522378,Chris O'Brien,
nm6543253,Harry Fowler,
nm6605801,Charles Salsgiver,
nm6674416,Bipin Karki,1982
nm6717726,Bowie Bundlie,
nm6759421,Zhengnan Gong,1984
nm6771561,Lee Dong-hwi,1985
nm6779063,Lihi Kornowski,1992
nm6785461,Ashley Wisdom,1994
nm6811804,Siena D'Addario,
nm6820878,Regina Vereker,
nm6822356,Genevieve Kersten,
nm6823241,Kleada Cane,
nm6838228,Dannii Byrne,
nm6883803,Riley Jackson,
nm6931894,Tariq Khan,
nm6960528,Mila Fernández Linares,
nm6975296,Louis Banks,
nm6976646,Arjun Ashokan,1993
nm7023816,Rajasimman,
nm7056693,Burak Arslan,1993
nm7106485,Sasha Ytterskog,
nm7109993,Jo Bok-rae,1986
nm7192128,Amy Cox,
nm7228332,Rafael Monsalve,
nm7302567,Maggie Maxwell,
nm7333707,Ana Ming Bostwick-Singer,
nm7340667,Cameron Lee Price,
nm7344328,Connor James Hess,
nm7346980,Samuel Bambi,
nm7465273,Chioma Omeruah,
nm7521778,Katrin Larissa Kasper,
nm7527785,Tamaki Shiratori,2010
nm7563501,Buddy Clements,
nm7600264,Mark Cleary,
nm7630833,Yash Soni,1996
nm7654200,Ercument Fidan,
nm7672956,Jana Herbsta,1991
nm7747984,Tatsuo Nishioka,
nm7798213,Miguel Rh Positivo,
nm7804649,Clarissa Molina,
nm7825322,Dale Dobson,
nm7842944,Gabriela Desangles,
nm7878094,Mandip Brar,
nm7901259,Prem Gadhavi,
nm7922711,Hossein Pakdel,
nm7929508,J.J. Curmi,
nm7937521,Michael Backland,
nm7955935,Pali Sandhu,
nm7970235,Isadora Leiva,
nm8021173,Makoto Ryûtani,
nm8114202,Ashwini Gowda,
nm8139148,Michael Cochran,
nm8153482,Olivier Déjean,
nm8167695,Je-Heon Choi,
nm8191940,Mai Chûsonji,
nm8254246,Hillary Takacs,
nm8314219,Mark Canjar,
nm8319648,Kristína Kanátová,1992
nm8419909,Gomez McGowaz,
nm8509873,Dan Lipsher,
nm8531955,Josefina Miranda,
nm8541750,Elvis De Jesús,
nm8544967,Josefine Lindegaard,
nm8630035,Ed Azzano,
nm8682329,Tanya S Ravichandran,1996
nm8682490,Jey Reynolds,
nm8699770,Robert L. Butler Jr.,
nm8710536,John Eisen,
nm8722291,Dimitris Papadopoulos,
nm8731685,George Hawkins,
nm8767235,Mitchell DeGuzman,
nm8797881,Qide Zhang,
nm8799760,Dave Campbell,
nm8801234,Claudia Gregersen,
nm8814704,Nirmal Palazhi,
nm8819208,Phoenix Jd Gabe,
nm8843823,Corynne Wagener,
nm8883759,Tika Pahari,
nm8884729,Razia,
nm8886649,Fella Makafui,
nm8892987,Biniyam Abreha,
nm8963094,Carol Roye,
nm8986515,Gar-Ye Lee,
nm9021967,Helena Chambon,
nm9052753,Evan James Henderson,
nm9166190,Jeremy Darling,
nm9172224,Linnea Leino,
nm9281024,Shane Grant,
nm9322895,Stephanie Swift,
nm9327029,Carleigh Elizabeth Johnston,
nm9327558,Jacinta Moses,
nm9348975,Abayomi Alvin,
nm9363506,Max Scribner,
nm9380166,Julian Moon Snijder,
nm9396920,Patricio José,
nm9478262,Daniel Brockert,
nm9546259,Jackie Harrington III,
nm9556321,Diamond Langi,
nm9577040,Madi Stevenson,
nm9609083,Katy Lynne Wolfe,
nm9621862,Rabia Soytürk,1999
nm9631216,Antonio DeCoppi,
nm9632514,Jassita Gurung,
nm9643785,Isla Gorton,
nm9661344,Kana Suzuna,
nm9690266,Larissa Andrade,1984
nm9709610,Julius Robin Weigel,
nm9711685,Elizabeth Chamberlain,
nm9759219,Brandon Michael Bunn,
nm9840989,Finlay Wojtak-Hissong,
nm9867639,Mojtaba Fallahi,
nm9909171,Carrie Cathrae-Keeling,
nm9913257,Anatoliy Marempolskiy,
nm9950402,Anita Kümmel,
nm9958734,Creighton Thomas,
nm9970779,Jamale Abou Hamad,
nm9974367,Katerina Lecourezos,
nm0000185,Dolph Lundgren,1957
nm0000228,Kevin Spacey,1959
nm0000532,Malcolm McDowell,1943
nm0001251,Peter Gallagher,1955
nm0005234,Donna Mills,1940
nm0008124,Mahmoud Abdel Aziz,1946
nm0008416,Hossein Abedini,
nm0016689,Mietta Albertini,1949
nm0023697,Nuri Alço,1951
nm0032955,Hugo Arana,1943
nm0035280,Jean-Pierre Armand,1950
nm0041339,Cyril Aubin,1969
nm0056271,Lynda Baron,1939
nm0061877,Kristin Bauer,
nm0071044,Sinan Bengier,1948
nm0083714,Reed Birney,1954
nm0103976,Brahmaji,1965
nm0118600,Frank Buckley,
nm0129227,Paolo Calabresi,1964
nm0154146,Prosenjit Chatterjee,1962
nm0174403,Kerry Condon,1983
nm0191742,Molly Culver,1967
nm0205772,Ken Davitian,1953
nm0223560,Deep Dhillon,
nm0241815,Allison Dunbar,1972
nm0246638,Julieta Díaz,1977
nm0249644,Nekohachi Edoya,1921
nm0253219,Ferenc Elek,1974
nm0257951,Ken'ichi Enomoto,1904
nm0263253,Tenniel Evans,1926
nm0265492,Craig Fairbrass,1964
nm0265797,Mehdi Fakhimzadeh,
nm0270451,Brendan Fehr,1977
nm0275687,Thomas M. Ficke,1967
nm0306057,Dino García,
nm0322742,Irene Glezos,
nm0328954,Omar Gooding,1976
nm0335275,Beth Grant,
nm0337422,Eduard Grečner,1931
nm0345695,Sverrir Gudnason,1978
nm0370621,Hiroshi Hayashi,1905
nm0389888,Hoi-Chuen Lee,1901
nm0394679,Yui Horie,1976
nm0396137,Seyed Ali Hosseini,
nm0401286,Ferenc Hujber,1974
nm0406594,Gorô Ibuki,1946
nm0406733,Momonosuke Ichikawa,1906
nm0412824,Seiji Izumi,1946
nm0416077,Farida Jalal,1949
nm0431520,Ella Joyce,
nm0433385,Gjertrud L. Jynge,1966
nm0449215,Michiel Kerbosch,1947
nm0451183,Ayub Khan,1969
nm0451387,Padma Khanna,1940
nm0470901,Věra Křesadlová,1944
nm0510620,Luís Lima Barreto,1943
nm0514108,Antonia Liskova,1977
nm0538568,Fusako Maki,
nm0541507,Paolo Mancini,
nm0545622,Bruce Marchiano,1956
nm0582278,Henrik Mestad,1964
nm0586549,Carmen Mikiver,1964
nm0594331,Ichirôta Miyakawa,1966
nm0594758,Eka Mzhavanadze,
nm0596440,Jitka Molavcová,1950
nm0599748,Claire Montgomery,
nm0601041,Christina Moore,
nm0609999,Vangelis Mourikis,
nm0620636,Govind Namdeo,1954
nm0621176,Tony Nappo,
nm0634753,Elisabeth Noone,
nm0635977,Grace Nortey,1937
nm0639403,Patrick Thomas O'Brien,
nm0657139,Romi Park,1972
nm0657440,Roberto Palazuelos,1967
nm0668644,Massimiliano Pazzaglia,1962
nm0675919,Milan Peschel,1968
nm0678950,Hüseyin Peyda,1919
nm0706647,Pietro Ragusa,1965
nm0710161,Sudharani,
nm0714695,Jeffrey Reddick,
nm0748964,Lars Rudolph,1966
nm0767853,Gigi Savoia,1954
nm0776584,Paul Schulze,1962
nm0782633,Marcelo Sein,
nm0790798,Peggy Sheffield,
nm0819007,Jeronimo Spinx,
nm0823366,Sherita Starks,
nm0825398,Axel Stein,1982
nm0848426,Utako Tamaki,1901
nm0867949,Waldemar Torenstra,1974
nm0868866,Ângelo Torres,1968
nm0874676,Eric Tsang,1953
nm0881540,Kumeko Urabe,1902
nm0883405,Manos Vakousis,1958
nm0896626,Carlos Vieira,1970
nm0913097,Manju Warrier,1979
nm0918109,Denise Weinberg,1956
nm0918814,Eileen Weisinger,
nm0945414,Fujiko Yamamoto,1931
nm0947447,Donnie Yen,1963
nm0948185,Yu An-Shun,1967
nm0950825,Izumi Yukimura,1937
nm0968559,Malena Alterio,1974
nm10002747,Jamila Gray,
nm1001108,Yuri Izumi,1946
nm10045469,Lexi Janicek,
nm10052455,Cedric Stephens,
nm10066504,Hannah Lochhead,
nm1011131,Arihiro Fujimura,1934
nm10124758,Alex Lederman,1992
nm1013003,Michael Ealy,1973
nm10148814,Ela Chopra,
nm10152723,Salah Abdelhamid,
nm10204853,Ronald Kah,
nm10215564,Borbor Wang,
nm10233227,Marshal Black,
nm10233229,Valerie Hammond-Coffey,
nm10261361,Miguel Orrico,
nm10265579,Patrik Simeon,
nm10271428,Sanaa Giwa,
nm10278434,Amelia Farrell,
nm10282872,Honoré Bérenguer,
nm10283617,Ella Mora,
nm10284014,Georgia Bentley,
nm10284987,Lia Moxom,
nm10290327,Peighton Bryant,
nm10292046,Oscar Suncín,
nm10294083,Janessa Gornichec,
nm10294459,June Du,
nm1030110,DJ Holte,
nm10302535,Killian Mannion,
nm10305906,Randy Clark,
nm10311798,Kiara Craft,
nm10314984,Dave Rigney,
nm1033012,Jayshree Talpade,
nm10330747,Mahesh Koli,
nm10330835,Bruce Hiit,
nm10331656,George Brook,
nm10333295,Andrew Cremen,
nm10337831,Babar,
nm10338624,Jacob Burns,
nm10344341,Zheng Yue,
nm10344379,Patricia Gago,
nm10345797,Kostas Chatzigeorgiou,
nm10348260,Chris Hargas,
nm10349257,Marie Dalldorf,1866
nm10352265,Alexandre Ballard,
nm10353279,Taniemon Ichikawa,
nm10362810,Rodrigo Barra,
nm10364394,Kazuki Abe,
nm10364609,Yoriko Takimoto,
nm10366107,Kuroki Ayumi,
nm10369649,Raj,
nm10369967,Koah Edwards,
nm10370420,Rochelle Carnegie,
nm10372305,Aleksandra Karina,
nm10385409,Johann Schaas,
nm10388279,Angela O'Brien,
nm10388313,Kegan James,
nm10392374,Kazuko Inoue,
nm10393786,Flor Marina Lopes,
nm10393795,Raúl Gutiérrez,
nm10395996,Manhua Yang,
nm10400629,City,
nm10404560,Libei Li,
nm10408831,Jeffrie Powell,
nm10409283,Konstantin Mukhanov,
nm10410349,Till Burkart,
nm10412499,Stefano Congiu,
nm10418001,Hannah Wiltgen,
nm10418688,Paolo Frattini,
nm10418806,Antonello Di Benedetto,
nm10421801,Cameron Hill,
nm10423835,Jackie Bonds,
nm10424351,Ben Okegwale,
nm10425075,Sarah Francois,
nm10425799,Nivaldo Botelho,
nm10427151,Uday,
nm10429834,Austin Hem,
nm10429918,Gülsah Senemoglu,
nm10434426,Raina Hawari,
nm10434854,Toki Kawamura,
nm10436239,Branislav Galla,
nm10436820,José Nué,
nm10437046,Aris Matesovics,
nm10437234,Samuel Johnson,
nm10437297,Sky C. Donovan,
nm10438106,Daniel Hughes,
nm10438666,Surajit Maity,
nm10440440,Snehal Kamble,
nm10440485,Kelley Marina,
nm10441644,Johnny Lavan,
nm10443275,Komal Chandel,
nm10443282,Isao Nagoya,
nm10443714,Roger Arsenault,
nm10446087,Maria Kamarioti,
nm1044611,Pedro Moreno,1980
nm10450558,Akiko Hiwatari,
nm10451264,Eve Salazar,
nm10451470,Andrij Kozak,
nm10451510,Sean Ross,
nm10455845,Christine Manola,
nm10456688,Summer Carrington,
nm1046050,Mait Malmsten,1972
nm10463082,Presley Lessey,
nm10465364,Koashita Houma,
nm10471485,M.M. Newman,
nm10472975,Angel Laín,
nm10480657,Anja Djordjevic,
nm10480888,Joel Gross,
nm10483739,Dimitris Panelis,
nm10483886,Tareq Alfadalah,
nm10484283,Pooneh Bolourchi,
nm10484904,Michiko Hikari,
nm10491840,Riley Hawk,
nm10497713,Leslie Werden,
nm10498924,Deepa Chandi,
nm10505042,Grace Eapen,
nm10511214,Shane Weinberg,
nm10511275,Emanuele Abbruzzese,
nm10514441,Raju Gurung,
nm10514468,Shamsa Issa Abdi,
nm10521135,Ram Prasad Gurung,
nm10521239,Yasushi Nishinaka,
nm10524645,Michaela Holla,
nm10525927,Tashi Choki,
nm10526023,Súsanna Katarína Guðmundsdóttir,
nm10526499,Peter Odunade,
nm10527014,Saswata Chatterjee,
nm10527334,Mary Fernández,
nm10527337,Lola de Vaisman,
nm10531236,Sabrina Heuer-Diakow,
nm10531362,Rui Qu,
nm10531605,Cathy Martin,
nm10532823,Victoria Anderson,
nm10533870,Anand Kuddannavar,
nm10536989,Diego Domínguez Rubiños,
nm10538078,Dharmendra Aras,
nm10538309,Carolina Ponce,
nm10542558,Sterling Johnson,
nm10542696,Jiang Bing,
nm10551729,Barbara Verrastro,
nm10564098,Gabriel Magloire,
nm10629196,Martina Krasinsky,1995
nm1063256,Carlos Careqa,1961
nm10661860,Faiz Khan,
nm10665747,Amanda Bornhall,
nm10666414,Ivan Alan Ali,
nm10680100,Nick di Girollamo,
nm10691532,Emma-Louise Schimpf,
nm10691836,Ananth,
nm10697498,Zodiac Willoughby-O'Neill,
nm10707726,Brian James Twiddy,
nm10717755,Max Castellanos,
nm10797829,Marii Weichsler,2002
nm10797830,Lars Bitterlich,2006
nm10805801,Upendra Barman,
nm10814833,Maria Morera,
nm10827607,Ha-Kyoung Lee,
nm10828710,Alyssa Dufren,
nm10890816,Ajay.,
nm10912895,Andres Boeta,
nm10918640,Sooraj Thelakkadu,
nm10931457,Naomi Phan,
nm10948720,Ahlaam Teghadouini,
nm11055607,April Cabalonga,
nm1105710,Max Lapitskij,
nm11062622,Raju Kumar,
nm11075887,Braulio Bandeira,
nm11084156,Akefe,
nm1109334,Oscar Guerrero,
nm11115127,Maxime Chenu,
nm11132176,Derrick Anderson,
nm11142300,Ananth,
nm11168484,Shay Dashewsky,
nm11198314,Willow Speers,
nm11202377,Charles Heimlich,
nm1121853,Arzu Atalay,1962
nm11236518,Malach Hajj Daud,
nm1124316,Joan Estrada,
nm1132505,Tetsu Inada,1972
nm1134612,Michael Mosley,1978
nm11469458,Toni Desselles Callis,
nm1148767,Roppa Furukawa,1903
nm11527265,Lucas Ferrari,
nm11582617,Mario Cersósimo,
nm11625258,Marko Regalo,
nm11663348,Dan Dagg,
nm11663350,Hugh Groman,
nm11671414,Layla Sah,
nm11698715,Hamzeh Vatani,
nm1172890,Ovidiu Niculescu,1974
nm1176037,Marie-Eugénie Maréchal,
nm11766521,William Francis,
nm1177397,Junko Natsu,1949
nm11778492,Aila Gavin,
nm1178214,Abigail Bianca,
nm1181610,Vitaliy Khaev,1965
nm1182276,Shahla Riahi,1927
nm1204760,Kevin Alejandro,1976
nm12081853,Peggy Case,
nm12083010,Raymond Pinharry,
nm12090547,Guri Billing,
nm12097324,Arturo Somilleda,
nm1227481,Veronica Falcón,
nm12295372,Aadi,
nm1237235,Ronnie Gene Blevins,1977
nm12385554,Sahadev Bhoi,
nm12434680,Karen Angelica Aguirre,
nm12474072,Blessing Igod,
nm12482555,King Wu Chen,
nm1253039,Vicente Romero,1969
nm1253905,Xinghuo Zhong,1924
nm12573936,Anil Joseph,
nm1261587,Kelly Stables,
nm1263519,Danny Gurniak,
nm12668645,Balwinder Dhaliwal,
nm1268200,Maria Dębska,1991
nm1282863,Sameer Dharmadhikari,1978
nm1286565,Mohsen Arasteh,
nm12875670,Lucile Roche,
nm12942399,Cornelius Won Riedel-Clausen,
nm1299704,Xuxin Guo,
nm13113295,Shaji Chen,
nm13278693,Nasdie Kelesau,
nm1359601,Miquel Gelabert,1954
nm13656295,Zebunissa,
nm1366317,Abhirami,1981
nm1370384,Stefano DiMatteo,
nm1375309,Brian Hillard,
nm13800736,Tatiana Mogavero,
nm13808569,Staci Cadwell,
nm1386721,Manolo Ozuna,
nm1395655,Daniel Muriel,1976
nm1397536,Pallavi Chatterjee,1965
nm14060210,Ana Paula Lopez,
nm14333924,Kevin García,
nm14456598,Dwarki,
nm1458668,Katarzyna Gniewkowska,1962
nm1463376,Jorge Ferrera,
nm1542939,Vadim Smirnov,1969
nm15439491,Avantika Mishra,
nm1553376,Rhys ap William,
nm15840795,Miranda Hayles,
nm15878665,Olivier Pike,
nm15893240,John Gowdy,
nm16405070,Ssozi Daudi,
nm1665429,Yasurō Shiga,1889
nm1674539,Abbie Hirst,
nm1690662,Albina Sotnikova,
nm1699237,Kadir Çöpdemir,1967
nm1713653,Rain,1982
nm17459818,Lesa Leiden,
nm1754496,Bill Zebub,
nm1783443,David Ramírez,1971
nm1787519,Felicia Pearson,1980
nm17928362,Morten Piilmann,
nm1796032,Jôji Ichimura,
nm1798871,Burak Öncü,1971
nm1812523,Nathalie Cox,1978
nm1818216,Payman Maadi,1970
nm1854168,Robert Diago DoQui,1971
nm18570156,Sridevi Goud,
nm1866281,Gökçen Gökçebag,1980
nm1881804,Julián Kartún,
nm1898365,Ruth Gómez,
nm1923788,Michael Monsour,
nm1950558,Lee Cheon-hee,1979
nm1951437,Nathaniel Westover,
nm1959789,André Amaro,
nm1962272,Santhanam,1980
nm1963907,Seda Güven,1984
nm1984126,Guglielmo Favilla,1981
nm1985070,Janelle Marie Rodriguez,
nm1986451,Kim Jiang Dubaniewicz,
nm2006559,Melody Thornton,1984
nm2009056,Akie Kotabe,
nm2012595,Trystan Pütter,1980
nm2039852,Ed Malone,
nm2086925,Anna Hardwick,
nm2151197,Calley Luman,
nm2183622,Wei Hu,
nm2186865,Hong Chau,1979
nm2208813,Moharram Basim,
nm2216101,Charo Gabella,1969
nm2254074,Bella Thorne,1997
nm2264356,Stefanie Estes,
nm2282891,Rung Runglawan Thonahongsa,
nm2305282,Boop,
nm2352909,Tracy Pelzer-Timm,
nm2360398,Michael H. Cole,
nm2362683,Momotarô Yamamura,
nm2367068,Sanshirō Tsubaki,1915
nm2384242,Andreia Nunes,1988
nm2401249,Jamshid Mehrdad,
nm2411515,Reiko Matsui,
nm2445419,Lenaa,1981
nm2496992,Ajay,1978
nm2501442,Nana Ghana,
nm2505548,Joem Bascon,
nm2531609,Tymeka L. Coney,
nm2532542,Claudine Vincent,
nm2537606,Tarina Patel,
nm2567228,Shintarô Asanuma,1976
nm2574673,Afef Ben Mahmoud,
nm2576320,David Mackey,
nm2579454,Miikka J. Anttila,
nm2628935,Kerry Bishé,1984
nm2635565,Freddie Roach,1960
nm2672647,Anna-Maria Angles,1977
nm2700551,Dogus,1974
nm2704084,Sachini Ayendra,1982
nm2729779,Ian Lowe,
nm2746065,Sofie Linde Lauridsen,1989
nm2784245,Mankichi Maeda,
nm2790265,Maynor Alvarado,
nm2805221,Imelda Therinne,1982
nm2805495,Amy Beth Hayes,1982
nm2810154,Craig Heyworth,
nm2814500,Bandu Samarasinghe,
nm2818878,Joy Yaholkovsky,
nm2829782,Rupa Gomez,
nm2842232,Ashley Zukerman,
nm2843641,Peter Ivaschenko,1976
nm2850450,Barika Phillips Bell,
nm2871680,Rolando Figueroa,
nm2948589,Deven MacNair,
nm2952127,Takayuki Suzuki,1990
nm2956022,Phatak,
nm2956557,Fei-Fei Chao,
nm2979684,Elle-Máijá Tailfeathers,
nm2989948,Carmen Baqué,
nm3023199,Max Hernandez,
nm3057392,Alejandra Yañez,
nm3072339,Rebecca Calder,
nm3082341,Eugene Cordero,
nm3170207,Noah Centineo,1996
nm3180447,Luigi Miseferi,1966
nm3223429,Nivetha Thomas,1995
nm3237083,Ashlee Heath,
nm3254964,Yi Sha,1978
nm3263422,Man-Chiao Wang,1943
nm3292130,Raymond Moreta,
nm3294507,Choi Jin-ho,1968
nm3318415,Byon,
nm3374027,Marek Geisberg,1982
nm3376756,Pimchanok Luevisadpaibul,1992
nm3376846,Ryô Nishikata,
nm3380735,Sadettin Durak,
nm3396625,Pablo Escobar Jr.,
nm3438353,Addison Anderson,
nm3445329,Olga Moroz,
nm3505439,Fomi,
nm3546868,Ryan DeLuca,
nm3560079,Carolyn Masson,
nm3572845,Alexandra Sedlak,
nm3596492,Anita Petry,
nm3633953,Paulo Udi,
nm3731222,Sandra Fleckenstein,1985
nm3734708,Dagmar Bernhard,
nm3737301,Kakha Mikiashvili,
nm3836224,Vijay Gokhale,
nm3839849,Marie-Eve Perron,
nm3843073,Isabelle Anciaux,
nm3849011,Jody Barton,
nm3852106,David Ross,
nm3857692,Alain Moussi,
nm3861562,Antonia De Michelis,
nm3861581,Haruka Fukuhara,1998
nm3891533,Siegfried Foster,1966
nm3897067,Teo Briones,
nm3938099,Ben Elliott,
nm3960304,Andrew Phung,1984
nm4004501,Anaïs Thomas,
nm4047802,Camilla Bianchini,
nm4072944,Tallie L. Brinson,
nm4104609,Ryô Mitsuya,
nm4143310,Ainars Ancevskis,
nm4162879,Paul McCarthy,1945
nm4242292,Laura Laprida,
nm4246018,Toby Osmond,
nm4270735,Fernando Miró,1962
nm4331023,Rajesh Sharma,
nm4341114,Dustin Ferguson,1982
nm4378341,Behnam Omidvar,
nm4435755,Paula Rita Saady,
nm4441111,Bijan Afshar,
nm4541464,Gabriel F. Bellotti,
nm4558440,Cate Belleveau,
nm4579097,Gabriele Granito,
nm4622567,Vladimir Kochetkov,
nm4651199,Gabriel Agüero,
nm4704928,Marc Rissmann,
nm4706086,Martin Boileau,
nm4726429,Rona Morison,
nm4741907,Brian Boynton,
nm4786965,Kristina Kazlauskaite,1953
nm4796168,Vivian Lamolli,
nm4818642,Kevin Blaser,
nm4827897,Shalom Korem,
nm4856668,Nav Bajwa,
nm4994808,Madani Tall,
nm5120084,Sayan Ghosh,
nm5124307,Sami Zwick,1989
nm5141883,Daniel J. Castaneda,
nm5168083,Noureddine Ayari,
nm5193389,Peter Tell,
nm5196498,Elisse Joson,
nm5225142,Takashi Seki,
nm5242011,Asha Sharath,1975
nm5261525,Zheng Wang,1984
nm5296301,Don Brown,
nm5448327,Arjun Chakrabarty,1990
nm5469309,Silver Days,
nm5485883,Hwan Chin Kim,
nm5510109,Nebojsa Pop Tasic,
nm5527493,Holly Dixon,
nm5551467,Mahesh Jayasinghe,
nm5560278,David Faulkner,
nm5582452,Sònia Guimerà,
nm5588633,Sarah Camacho,
nm5608098,Vanessa Benavente,1979
nm5626435,Guru Somasundaram,1975
nm5697385,Shinbum Shin,
nm5699800,Girish Shivanna,
nm5704026,Ivan Rodrigues,
nm5709236,Cuauhtli Jiménez,
nm5713187,Natsuki Aikawa,
nm5736441,Chethan Kumar,
nm5775182,Mauriett Chayeb,
nm5794898,Neenasam Ashwath,
nm5803981,Alex Moffat,1982
nm5828184,Pantea Panahiha,1977
nm5890167,Ugur Günes,1987
nm5954280,Nicholas Galitzine,1994
nm5978201,Alisa Guryeva,1990
nm6010052,Wei Wei Yu,1988
nm6107525,Giulia Costa,
nm6111186,Eliza Charley,
nm6112290,Bene Coopersmith,
nm6133756,Heng Cai,
nm6153349,Kevin Winstead,
nm6185683,Emily Rudd,1993
nm6199057,Kate Katzman,
nm6230615,Björn-Olof Larsson,
nm6265111,Neha Deshpande,
nm6271072,David Solomon,
nm6331950,León Orlandianyi,2001
nm6346200,Jonathan Bremner,
nm6388229,Régis Brochier,
nm6412481,Haley Lynn Rose,
nm6425561,Joey Iwanaga,1994
nm6492049,Paul Hertel,
nm6497684,Karina Krysko,
nm6566215,Aiden Malik,
nm6625339,Shunsuke Nishikawa,1994
nm6642750,Mark Valeriano,
nm6656023,Liz Atwater,
nm6724617,Christopher Ullrich,
nm6785972,Cheng Xu,
nm6864052,Shinsuke Kato,
nm6896341,Tatyana Zhukova-Kirtbaya,1939
nm6913129,Nessa Noel,
nm6978202,Selina Black,
nm6979445,Derek Nelson,
nm7004001,Anthony Caban,
nm7022689,Natasha Loudermilk,
nm7024958,Jonathan Wiking,1996
nm7051150,Lukas Malinauskas,1992
nm7052596,Phylicía Lloyd,
nm7094507,Natsume Mito,
nm7119706,Liz Sandoval,
nm7181957,Vasishta N. Simha,1988
nm7315664,DeAna Davis,
nm7321254,Avin Manshadi,
nm7349963,Sanskruti Balgude,1992
nm7373606,David Lenik,
nm7412230,Eloise Bourbeau,
nm7426973,Hanssel Casillas,
nm7458751,Chris Charais,
nm7467399,Feli Cabrera,
nm7532160,Kaleb Naquin,1996
nm7548573,Lee Lawson,
nm7565564,Donna Schulte,
nm7565671,Kayla Caulfield,
nm7576208,Javier Ponce,
nm7609213,Boris Bokir,1988
nm7624827,Elise Greene,
nm7659571,Belma Mamati,
nm7681636,Mikhail Buturlov,
nm7685071,Latoria Davis,
nm7703577,Hitesh Baruah,
nm7723888,Shin'ichi Hashimoto,
nm7726984,Kovácsovics Jennifer,
nm7732655,Mrunali Jambale,
nm7734449,Francisco Sanchís,
nm7736740,Grant Campbell,
nm7821071,Masaki Nakao,1996
nm7840131,Donal Brophy,
nm7848050,Gokul Suresh,1993
nm7853326,Neil Comber,
nm7889241,Duanduan Liu,1986
nm7908412,Emran Fejzuli,
nm7915157,Lata Arun,
nm7922387,Hadi Hejazifar,1976
nm8121713,Gizem Terzi,1990
nm8158779,Lilah Pate,
nm8173819,Sasha Dulics,
nm8254972,Sergey Goncharenko,
nm8327046,Farida,
nm8344458,Karmesha Clark,
nm8370368,Pablo Lafuente,
nm8408274,Ruel Dausan Varandani,
nm8435544,Lilian Afegbai,1991
nm8499543,Daichi Kodaira,
nm8556645,Sharon Desiree,
nm8586613,Martijn Hoeben,
nm8604880,Matthew Friend,
nm8639477,Dhurba Koirala,
nm8649953,Michael Blundell-Lithco,
nm8658956,Charlie Gabel,
nm8696625,Mohammad Shakeri,
nm8749103,Silvia Gisca,
nm8752530,Andrew J. Forner,1994
nm8908428,Pete Girard,
nm8913097,Cole Thomas Crum,
nm8958846,Michael Kevin Lovett,
nm8989780,Marguerite Hayter,
nm9015942,Jenny Lester,1992
nm9067829,Juri Kawaguchi,
nm9091968,Leonydus Johnson,
nm9101253,Juri Fukushima,
nm9105542,Jules Langlade,
nm9138548,Anvesh Michael,1990
nm9181836,Pranaya Murthy,
nm9203433,Brandon Jackson,
nm9204659,Dmitrii Davydov,
nm9279134,Brad Prime,
nm9294429,Erica Mary Gillheeney,
nm9321611,Dian Sidik,
nm9357202,Joshua Cody,
nm9413209,Arya Vasco,
nm9435649,Jitendra Rai,
nm9444229,Enza Barra,
nm9491587,Dharma Mangia Woods,
nm9533542,Ali Ertem,
nm9556271,Ava Grady,
nm9570807,Quincy Giles,
nm9602488,Chelsi Kern,
nm9604308,Jeff Shull,
nm9624267,Shreya Anchan,
nm9624935,Alessandra Malonzo,
nm9634908,Olivia Rae Bergstrom,1997
nm9647744,Nikki Tamboli,1996
nm9674956,Blanca Valletbó,
nm9732090,Elio Angelini,
nm9764325,Isabella Percival,
nm9778717,James Whitehurst,
nm9822025,Jaime Villamuera,1999
nm9886158,Josué Charles,
nm9927301,Amar Singh Parihar,
nm9933532,Michelle Bergsma,
nm9965574,Rizwan Kalshyan,
nm9989234,Happy BanMajra,
nm9990676,Amartya Ray,
nm0000962,Carole Bouquet,1957
nm0001314,John Hannah,1962
nm0004365,Fred Williamson,1938
nm0004739,Lauralee Bell,1968
nm0004936,Ben Foster,1980
nm0017343,Damián Alcázar,1953
nm0019815,Selda Alkor,1943
nm0029023,Carla Andrino,1966
nm0029771,Zsolt Anger,1969
nm0031590,Jackson Antunes,1953
nm0034782,Avigail Ariely,1966
nm0041103,Luigi Attrice,
nm0044762,Obba Babatundé,1950
nm0045791,Joanna Bacon,1953
nm0046619,Anders Baggesen,1958
nm0048121,Miroslaw Baka,1963
nm0059824,Senad Bašić,1962
nm0082848,Bindu Desai,1951
nm0089597,Carleton Bluford,
nm0093210,Tomas Bolme,1945
nm0107792,Alessandro Bressanello,1948
nm0126298,Terry Byrne,
nm0130429,Luis Callejo,1970
nm0135039,Francesc Xavier Capell,
nm0138371,Tonantzin Carmelo,
nm0145009,Alex Castillo,
nm0147582,Sandra Ceccarelli,1967
nm0148183,Magdalena Celówna-Janikowska,1940
nm0177639,Jennifer Coolidge,1961
nm0178964,Patrice Coquereau,
nm0180452,Robert Cornthwaite,1917
nm0185039,Gerard Cox,1940
nm0193024,Brenda Currin,1945
nm0201916,Tapan Das,
nm0217221,Grey DeLisle,1973
nm0244650,Iveta Dusková,1962
nm0247242,Jeremy Isaiah Earl,
nm0252847,Nagah El-Mogui,1943
nm0264776,Valeria Fabrizi,1936
nm0273143,Roeland Fernhout,1972
nm0277433,Martina Finch,1955
nm0278354,Anni Finsterer,
nm0278396,Virginia Fiol,
nm0293842,Daniel Freire,1961
nm0293896,Benedict Freitag,1952
nm0298050,Rob Fukuzaki,
nm0340012,Carlos Gregório,1947
nm0367917,Akio Hasegawa,1941
nm0368100,Naeem Hashmi,
nm0370600,Kumi Hayase,1951
nm0390486,Daniel Holguín,1979
nm0394723,Ken'yû Horiuchi,1957
nm0406695,Hiromi Ichida,1932
nm0419709,Saranapala Jayasuriya,
nm0432479,Mahmud June,
nm0437088,Sean Kanan,1966
nm0443937,Gillian Kearney,1972
nm0451857,Anatoliy Khostikoev,1953
nm0467043,Kanji Koshiba,
nm0480658,Andrea Ladányi,1961
nm0487954,Rosario Lara,1956
nm0501802,Nancy Lenehan,1953
nm0514944,Jackson Lou,1962
nm0515592,Claes Ljungmark,1954
nm0516404,Lani Lobangco,
nm0542498,Mahesh Manjrekar,1953
nm0558261,Nicolás Mateo,1980
nm0575397,Shariff Medan,
nm0577741,Ashot Melikdzhanyan,1952
nm0579159,Michael Mendl,1944
nm0581953,Roxane Mesquida,
nm0586261,Alena Mihulová,1965
nm0591389,Hadewych Minis,1977
nm0615905,Alessandra Mussolini,1962
nm0620685,Babu Namboothiri,
nm0629634,Lance E. Nichols,1955
nm0638154,Nevin Nuray,1946
nm0645676,Denjirō Ōkōchi,1898
nm0646968,Randall Oliver,
nm0652689,Hiroyuki Ōta,1947
nm0663546,Janel Parrish,1988
nm0687146,Jesse Plemons,1988
nm0700414,Melanie Clark Pullen,1975
nm0701180,Stefan Puntigam,1971
nm0701189,Bill Rutkoski,
nm0704479,Eric Quizon,1967
nm0706670,Slamet Rahardjo,1949
nm0722560,Steffan Rhodri,1967
nm0727640,Erika Ringor,1974
nm0746667,Alberto Rowinsky,1946
nm0757025,Shunji Sakai,1913
nm0762520,Camillia Monet,
nm0764755,Joel Saracho,
nm0765597,Peter Sarsgaard,1971
nm0768523,Fukuko Sayo,1909
nm0782938,Malik Selamat,
nm0785755,Joep Sertons,1959
nm0788918,Shishir Sharma,
nm0790034,Susan Yam-Yam Shaw,1950
nm0793089,Arata Shibata,1903
nm0796502,Alexander Siddig,1965
nm0801356,Molly Sims,1973
nm0806002,Paul Sloan,1970
nm0840618,Kiyonobu Suzuki,1950
nm0846687,Faran Tahir,
nm0849983,Ernesto Tapia,
nm0866951,Rie Tomosaka,1979
nm0873398,Ladislav Trojan,1932
nm0882743,Luigi Uzzo,1943
nm0890893,Bimbulat Vatayev,1939
nm0927740,Trine Wiggen,1968
nm0929582,Wim Willaert,1967
nm0931324,Michael Kenneth Williams,1966
nm0945522,Sō Yamamura,1910
nm0949030,Jitsuko Yoshimura,1943
nm0955815,Mimi Chu,1954
nm0958108,Habib Zrafi,
nm10014090,Scott Barker,
nm10028798,Laura Theux,
nm10031217,Azriel Dalman,2013
nm10055423,Nicole L. Campbell,
nm10063316,Kenyon Scott,
nm1008063,Mimi Sawaki,1956
nm1008972,Miguel Borines,1959
nm10138613,Selina Mour,
nm10148592,Camila Molina Martin,
nm10165537,Aurélie Aloy,
nm10169842,Mert Efe Günaydin,1993
nm10183085,Joana Vinogradoff,
nm1022194,Ryûji Shinagawa,
nm10233226,Linda C. Yernia,
nm10240449,Cece Elkinton,
nm1024046,Jules Bruff,
nm10263874,Terry Edgington,
nm10265583,René Graf,
nm10267158,Amanda Connor,
nm10267177,Skyler Burkhart,
nm10267292,Millicent Parker,
nm10270016,Enzo Bonomo,
nm10276297,Burhan Vural,
nm10277051,Amanda Lee,
nm10277610,Nicola Di Benedetto,
nm10280914,Hiubala Gautam,
nm10284596,Wendy Strubbe,
nm10288362,Master Alok,
nm10288530,Gambo Usman Kona,
nm10290589,Shlomi Eliraz,
nm10291057,Burak Küçük,
nm10292389,Javier Gonzalez,
nm10295048,Mahsa Irajpoor,
nm1030417,M.J. Karmi,
nm10306045,Sapna Raj,
nm10308244,Priti Singh,
nm10308437,Jack Taler,
nm10309317,Vladimir Parshenkov,
nm10322431,Allan Carroll,
nm10323182,Yoshiko Minami,
nm10323698,Sandeep Salve,
nm1032423,Naima Al Soghayar,1931
nm10329192,Arman Kutman,
nm10330748,Kiran Sharad,
nm10333353,Kelsea Dressler,
nm10334200,Shinji Murata,
nm10334574,Jia-Hua Jiang,
nm10339330,Jia Han,
nm1034066,Wayne Harrison,
nm10341410,Chloe Teddy Hannah-Drullard,
nm10345115,Akshay Hadke,
nm10347284,Shorokû Îwai,
nm10349595,Regina DuPont,
nm10352050,Andrey Bogatyrev,
nm10353278,Isamû Ôki,
nm1035919,Jeffrey Quizon,1973
nm10361189,Christian Dieterle,
nm10365865,John Jutchins,
nm10366108,Marie,
nm10369438,Bhuvann Ponannaa,
nm10389252,Kuang-Hui Chang,
nm10390548,Mayuri Kapadne,
nm10395059,Lucio Ciampallari,
nm10395060,Gianluca D'Amelia,
nm10401616,Sofía Orel Vladimirsky,
nm10403418,Soonil Han,
nm10403420,Jongchan Kim,
nm10406050,Kulwant Kaur Bhatia,
nm10409079,Michelle Rees,
nm10411425,Nicholas Guzman,
nm10419382,Monu Raj,
nm1041999,Yoo Hai Jin,1970
nm10425796,Carlos Dalmir,
nm10425855,Michel Angély,
nm10428098,Jelili Atiku,
nm10428849,Candy Akenobo,
nm10429831,Kelvin Marshall,
nm10431640,Tom Bourges,
nm10431748,Akash Boban,
nm10438104,Alina Luke,
nm10438514,Bonna Khalid,
nm10441026,Riva Kishan,
nm10443353,Fumio Tonami,
nm10446125,Ömer Konakçi,
nm10450153,Salomé Boulven,
nm10455726,Lohit,
nm10456062,Mirela Canic,
nm10457031,Mehul Jangli,
nm10458436,Hans Verder,
nm10458581,Erna Arnardottir,
nm10459415,Quentin Anderson,
nm10467061,Arrayan,
nm10467749,Basak Kivilcim Ertanoglu,
nm10468304,Demi Dijstelberge,
nm10468599,Chryssta Cordoves,
nm10471003,Ethan Taku,
nm10472978,Oscar Carreras,
nm10474376,Nandita Jog,
nm10474791,Paige Chan,
nm10475047,Walter Bernet,
nm10476626,Neil Darashah,
nm10478320,Tess DePretis,
nm10479420,Miguel Hernandez,
nm10482620,Erik Haitjema,
nm10483670,Shianna Harden,
nm10485314,Liliane Ferrarezi,
nm10485398,Ted Cohen,
nm10487107,João Mendonça,
nm10487855,Valentin Hagg,
nm10495012,Serice Marie,
nm10497790,Rich Aguilera,
nm10501333,Liron Ben-Sasson,
nm10507025,Dhanraj,
nm10508368,Ted Rattray,
nm10508471,Michel Bourassa,
nm10509032,Milanpreet Kaur,
nm10510090,Maleesha Samarathunga,
nm10510389,Nikolay Konstantinov,
nm10511458,Tyler Holding,
nm10511482,Xiaoming Zhu,
nm10514493,Aditi Bhagat,
nm10516255,Lacy Johnson,
nm10517497,William Valerius Sorel,
nm10517798,Richard White,1995
nm10517812,Frank Conan,
nm10522457,Matt De Leon,
nm10523724,Bruno Cerepinko,
nm10532816,Jasmine Deanne Andrews,
nm10538097,Suri Anuchukki,
nm10548033,Björn Wenders,
nm10561890,Allyssa Comer,
nm10569206,Dilek Ölekli,
nm10571411,Freya Wilson,
nm10584285,Coby Oram,1997
nm10618711,Carissa Viaje,
nm10627024,Gadi Bitton,
nm10666024,Duncan Jameson,
nm10690676,Rajesh Giriprasad,
nm10691849,Indu,
nm10695002,Trang Hi,
nm10704034,Lorena Altamirano,
nm10708154,Andy,
nm10711464,Alexander Babu,
nm10714047,Zahra Manel Doumandji,
nm10720574,Kaseem Mirza,
nm10731644,Hannah Henson,
nm10743068,Kevin Rubin,
nm10793889,Kostas Zografopoulos,
nm10809242,Inés Galocha,
nm10813428,Raj Gopal,
nm1082665,Hans-Jochen Wagner,1968
nm10827606,Jae-Hyun Shim,
nm10830416,Steven Sears,
nm10857343,Sheena Georges,
nm10873385,Tamara Givens,
nm1087555,Lucia Ocone,1974
nm10900759,Raj Jodhan,
nm10936718,Vani Sood,
nm11029299,Pietro Pescara,
nm11052849,Anthony Bao,
nm11054969,Kärt Anton,
nm11101448,Kei Gambit,
nm11102317,Renji Kankol,
nm11112419,Choko Erika,
nm1113696,Kerstin Cmelka,
nm11159627,Midori Oka,
nm11163697,Miki Yoshioka,
nm11163701,Mamoru Kitagawa,
nm11166409,Vinod Kumar,
nm1125531,Tze-Chung Lam,1976
nm11283071,Niemelä Aki,
nm11298966,Jordan McGuinness,
nm11314354,Hyeon-ji Park,
nm11322754,Shangxu Jin,
nm11353088,Dheerendra Gautam,
nm1135487,Daphne Bunskoek,1973
nm1146609,Ahmet Açan,1924
nm1149372,Chizuko Kanda,
nm1152954,Yash Sharma,
nm1156017,Siobhán O'Kelly,
nm11587529,Sam Dixon,
nm11596711,Tim Hagle,
nm1164771,Ahmad Ghadakchian,
nm11663340,Scott DeVries,
nm11754510,Sebnem Bilgeer,
nm11758681,Binyam Hale,
nm11844092,Ladina Almeida,
nm11862067,Ashish Londhe,
nm11885715,Eline Sylsjö,
nm1189034,Bharat Dabholkar,1969
nm11916315,Ruohan Xu,1998
nm1192347,Kaori Nazuka,1985
nm11972147,N.P. Nisa,
nm12029519,Yevhen Shekera,
nm12097323,Francisco Díaz,
nm12203709,Brianne Cliett,
nm1224415,Christian McKenna,
nm1228007,Brendan Wayne,
nm1228805,Ray Sahetapy,1957
nm1233662,Virginia Newcomb,
nm12340952,Ayane Kinoshita,2000
nm12372874,Mina Mizushima,1992
nm12403422,Valerian Menezes,
nm12434679,Armando Corrales,
nm1246724,Kim Su-an,2006
nm12481233,Do Duy Khai,2000
nm1249638,Jay Morberg,
nm12573799,Himani Sharma,
nm12575300,Rovelyn Cureg,
nm1259153,Linus James Nilsson,1985
nm1270165,Yō Shiomi,
nm1273697,Quim Gutiérrez,1981
nm12798894,Robin Podolsky,
nm12805107,Aina Rue Puigoriol,
nm1285394,Ekaterina Guseva,1976
nm12877113,Sunaina,
nm1287850,Qun Ma,
nm13071294,Kazua Akieda,
nm1310525,Lee Sun-kyun,1975
nm13106812,Oleksandr Yatsentyuk,
nm13252834,Deva Nandha,
nm1328568,Munetaka Aoki,1980
nm1334389,Jayasurya,1978
nm1345062,Ernie Garcia,
nm13499866,Krzysztof Drozdowski,
nm1352343,Hitomi Yoshioka,
nm1352696,Yōji Misaki,
nm1352826,Shigeo Takamatsu,1943
nm1358539,Jennifer Carpenter,1979
nm13611673,Najib Allagui,
nm13621188,William Kosovic,
nm13639495,Lore Lubosch,
nm1366376,Masaharu Arikawa,
nm1371858,Nirmal Rishi,
nm13812483,Yolanda Dixon,
nm13812490,Tory Boyd,
nm1388927,Miranda Cosgrove,1993
nm1391248,Kida Khodr Ramadan,1976
nm13913126,Lan Lin,
nm1411545,Norihiro Inoue,1958
nm14117849,Gauravraaj,
nm1414471,Keiko Hara,
nm14154577,Cuma Demirog,
nm1429402,Jed Rowen,
nm14495908,Abhimanue Kamboj,
nm1452155,Nathan Parsons,1988
nm1463711,Maria Clara Gueiros,1965
nm1466093,Lukasz Simlat,1977
nm1471547,Mahnaz Afshar,1977
nm1523289,Ruslan Gioev,1959
nm1531116,Antoine Bertrand,1977
nm1536875,Dmitry Smirnov,1969
nm1577285,Damien Witecka,1968
nm1586246,Yumiko Miyagino,
nm1594770,Patrick Zeller,1977
nm1650932,Ali Liebert,1981
nm1655500,Eiran Yoshikawa,1904
nm1669854,Rex Kodippili,1938
nm1678063,Estelle,1980
nm1686962,Anandraj,
nm1696137,Maureen Keiller,
nm1697006,George Russo,
nm1698399,Hillary Styer,
nm17054125,Reynaldo Hernandez,
nm1715009,Fumio Hara,
nm17163526,Carlos Manuel Moreta,
nm17182520,Don Pui-Kin Au,
nm1719673,Mirai Moriyama,1984
nm17304845,Victoria 'Len' Pérez,
nm1732318,Murat Yildirim,1979
nm1766456,Matthew Flynn,
nm1775551,Park Hee-soon,1970
nm17779180,Ilias Yaghmouri,
nm1793186,Mark Lawson,1978
nm1798317,Dean Testerman,1969
nm1810152,Allin Kempthorne,
nm1826988,Michael Drayer,1986
nm1828185,Joey Napoli,
nm18689155,Lucas Novelo Gody,
nm1877162,Lannick Gautry,1976
nm1896736,Haaz Sleiman,1976
nm1906311,Douglas Sidney,
nm1923286,Matthieu de Laubier,
nm1928389,Laze Manaskov,1958
nm1938287,Sharad Ponkshe,
nm1942726,Owen Drake,1986
nm1946674,Takashi Takano,
nm1959001,Shabnur,1979
nm2021835,Cezary Lukaszewicz,1981
nm2024943,Álvaro Cervantes,1989
nm2026965,Hector Kotsifakis,
nm2097378,Shôta Matsuda,1985
nm2103791,Lanre Hassan,1950
nm2104314,Verónica Intile,
nm2115757,Patience Ozokwor,
nm2129342,Fred Ariko,
nm2142096,Negar Javaherian,1983
nm2181128,Joel Fry,1985
nm2183200,Osman Sonant,1979
nm2213957,Chris Moss,
nm2246717,Bethany Hazelitt,1990
nm2274542,Heidi Azaro,
nm2319059,Matthew Webb,
nm2365811,Betty Gilpin,1986
nm2368990,Shari Rigby,1969
nm2383520,Tasha Tacosa,
nm2396101,Ge Hu,1982
nm2416509,Shaz Khan,
nm2419625,Saburō Kojima,1902
nm2456848,Rene Castillo,
nm2469558,Bijukuttan,
nm2505753,Michael Lewis,1987
nm2525754,Çetin Altay,1977
nm2532230,Cathrine Wilson,1981
nm2544719,Mustafa Diyar Demirsoy,1977
nm2548692,Sharmiela Mandre,1990
nm2556434,Sarath Jayasundara,
nm2564634,Irene Anula,
nm2572182,Nestor Rosso,
nm2593716,Brittany LeBorgne,
nm2596845,Ryuji Moriyama,
nm2653938,Ivano Urban,
nm2661912,Diding Boneng,1948
nm2709365,Nuria Piera,
nm2794335,Sadhu Kokila,1966
nm2799219,Sakshi Tanwar,1973
nm2820986,Matthew Hill,
nm2875236,Bill Francisco,
nm2884462,Riri Kôda,1974
nm2897658,Dharmapriya Dias,
nm2919997,Nenad Nacev,
nm2920950,Odunlade Adekola,1978
nm2921197,Johannes Holopainen,
nm2929018,Ahmed Fathy,1978
nm2988329,Giacomo Rossetto,1983
nm3025595,Giuseppe Ciciriello,
nm3053135,Amy Forrest,
nm3057476,Eric Belhassen,
nm3072413,Rozi Lovas,1986
nm3110951,Ulf Peter Schmitt,1980
nm3130259,Kyotaro Gan,
nm3142212,Tou Hu,
nm3171918,Esther Aflalo,
nm3177356,Kazuki Muramatsu,
nm3185774,Lorrisa Julianus,
nm3201028,Erik Jorn Sundquist,
nm3213191,Angelique Pretorius,
nm3225022,Anđela Jovanović,1992
nm3231341,Connie Norman,
nm3239803,Kaitlyn Dever,1996
nm3241346,Anne-Sophie Girard,
nm3252135,Saskia Höfle,
nm3285199,Alex Sgambati,
nm3292201,Stephanie Parker,
nm3299619,Karlee Eldridge,1988
nm3307918,Vithaya Pansringarm,1959
nm3345670,Yayan Ruhian,1968
nm3354963,Pallavi Sharda,
nm3362169,Jeong Man-sik,1974
nm3366443,Santilal Mukherjee,
nm3404632,Rabi Misra,1957
nm3409676,Miriam Leone,1985
nm3437803,Luyao Wang,
nm3448542,Dan Mor,
nm3514295,Song Jae-hee,1979
nm3536989,Daniele La Leggia,1992
nm3537172,Jacqueline Scislowski,2000
nm3541687,Sergey Agafonov,1981
nm3580847,Dieter Weichbrodt,1970
nm3583019,Shashank Shende,
nm3601766,Shraddha Kapoor,1987
nm3613838,Sean C. Dwyer,
nm3647771,Charay Mueanprayun,
nm3706447,Melai Cantiveros,1988
nm3750745,Ji Seo-yun,
nm3765292,Sigrid Kandal Husjord,1978
nm3780338,Gaby Mellado,
nm3817466,Julia Sarah Stone,1997
nm3842116,Astra Lanz,1976
nm3854930,Moi Marcampo,
nm3860307,Madhu Sagar,
nm3912523,John McPherson,
nm3940715,Vincent Alvarez,
nm4007865,Jake Choi,1985
nm4008100,Heida Reed,1988
nm4019355,Shokry Alfar,
nm4081805,Zahra Newman,
nm4083459,Carl Clemons-Hopkins,1987
nm4106907,Evan Kaufman,
nm4132108,Miranda de la Serna,2000
nm4143170,Nimra Bucha,1980
nm4159861,Shirin Yazdanbakhsh,1949
nm4173047,Nayab Hussain,
nm4178187,Maryam Booth,
nm4193818,Virginia Tucker,
nm4221521,Ali Bagheri,
nm4232416,Ankush Hazra,1989
nm4260846,Max Hernandez Jr.,
nm4264495,Candy Fox,
nm4297275,Ben Gavin,
nm4297673,Keyatta Crews,
nm4298865,Choi Moo-sung,1968
nm4318172,Nadia Al-Iraqia,1963
nm4325303,Adrian Ortiz Lara,
nm4373314,Valeria Correa,
nm4407823,Rebecca Lim,1986
nm4416570,Mohamed El Sherbini,
nm4428594,Linda Kiani,
nm4449831,Raayo S. Bakhirta,
nm4507468,Lucie Heinze,1988
nm4520191,Unni Mukundan,1987
nm4591912,Dada Chan,1989
nm4674415,Anta Aizupe,
nm4679514,Kazuho Hiramoto,
nm4724525,Jonas Smulders,1994
nm4759582,Natasha Coppola-Shalom,
nm4799420,Along Cham,
nm4841640,Victoria Sio,
nm4844496,Lacy Hart,
nm4852679,Bhushan Pradhan,
nm4911970,Leo Pyrata,
nm4912288,Marco Gumabao,1994
nm4918457,Shih-Mei Tu,1976
nm4935021,Lisa Ronaghan,
nm4939566,Arifin Shuvoo,
nm4944598,Hengameh Hamidzadeh,
nm4980481,Nisreen Tafish,1982
nm4980806,Shanvi Srivastava,1993
nm5030795,Jizeru Kouda,
nm5056109,Nazia Hussain,
nm5068962,Suruj Bangali,
nm5077418,Matías Dinardo,
nm5088245,Tao Yin,1979
nm5193529,Victor El Indio Estrada,
nm5203099,Aoi Morikawa,1995
nm5230093,Greg Berman,
nm5250517,George Bartholomew,
nm5275352,M.C. Nowell,
nm5403673,Liz Harvey,
nm5406780,Angus Costello,
nm5480894,Ashton Sanders,1995
nm5485172,Matthew J. Plumb,
nm5490494,Tia,
nm5508168,David Ajao,
nm5508197,Xiomara Fortuna,
nm5509636,Yoshito Momiki,
nm5527231,Takaya Aoyagi,1985
nm5533667,Yixin Tang,1989
nm5549451,Ian Golden,
nm5580968,Nicole Ferroni,
nm5592042,George Dippold,
nm5626108,Nandita Shwetha,1990
nm5644789,David Melvin,
nm5691908,Lamia Ameri,
nm5701195,Mohamed Bousbaa,
nm5744564,Dhananjaya,1986
nm5748347,Ian Abramson,
nm5779603,Samyuktha Hornadu,1991
nm5782889,Hareesh Peradi,1969
nm5795025,Robb Rigg,
nm5795194,Bikiya Graham-Douglas,
nm5800997,Eric Martinez,
nm5810585,Yaeko Kimura,
nm5824850,Drew Moore,
nm5834839,Mari Molefe van Heerden,
nm5860871,Jenny Jannetty,
nm5873274,Felix Martinsson,1994
nm5887272,Jin Seon-kyu,1977
nm5916186,Ryan Payne,
nm6002483,Matthew DeHoff,
nm6018529,Chevonne Wilson,1978
nm6074326,Chris Witaske,1983
nm6085680,Meganne Young,1990
nm6117651,Richa Meena,1992
nm6186854,Mayuri Kyatari,1995
nm6195386,Mary O'Neil,
nm6249205,David Angulo,
nm6398395,Xavi Francés,
nm6427345,Gürbey Ileri,1988
nm6434147,Rebecka Andersson,1994
nm6494254,Mina Nikolic,1993
nm6527156,Priyankara Rathnayake,
nm6528259,Roger Julian Cross,
nm6528766,Kan Hayashi,
nm6545172,Daniel Hamblin,
nm6579510,Fahad Mustafa,1983
nm6621786,Maija Blomquist,
nm6668961,Madelyn Wiley,
nm6672891,Lucy Barrett,1997
nm6711994,Manato Hamada,
nm6712587,Ali Milani,
nm6733359,Bart Juwett,
nm6749843,Lisa Alvillar,
nm6772181,Ayse Kaya,
nm6786155,Aleksandra Bortich,1994
nm6835617,SooJin Jeong,
nm6835871,Alyse Dionne,
nm6836377,Alba Lopez,1987
nm6911082,Valentina Goldzen,
nm6916922,Marimuthu,
nm6920210,Michelle McLeod,
nm6931051,Ignacia Uribe,
nm6949066,Chi-Shing Au,
nm6958029,Yokoyama Yoshihiro,
nm6963925,Ty Pryor,
nm7028977,Perihan Ünlücan,1984
nm7033618,Savannah Grace Elmer,
nm7044343,Amber Crews,1993
nm7074701,Dolly Jagdeo,
nm7104443,Mohsen Kiayee,
nm7143800,Kathryn Sue Young,
nm7265822,Sem Hulsmann,
nm7300537,Christina Raney,
nm7313244,Chara Mata Giannatou,1989
nm7332711,Sam Koll,
nm7371196,Jennie Osterman,
nm7435942,Dhwanii Gautam,1985
nm7477489,Errikos Miliaris,
nm7488814,Cash Evans,
nm7503954,Genene Alemu,
nm7504157,Nick Field,
nm7608220,Julia,
nm7612930,Ken Sugawara,1995
nm7616435,Dylan George,
nm7627852,Valentina Curatoli,
nm7640304,Baninder Bunny,
nm7661881,Mark Keegan,
nm7663910,Berke Gul,
nm7691231,Patricia Lin,
nm7744845,Shraddha Srinath,1990
nm7827998,Kenshirô Iwai,
nm7898975,Upendra Sanjeewa,
nm7903749,TJ Miller,
nm7917727,Samyuktha Menon,1995
nm7934247,Kwamie Liv,
nm7997361,Caleb Silvers,1995
nm8002071,Sami Hifny,
nm8009298,Elisabeth Kanettis,1988
nm8024327,Eneko Gil,
nm8045059,Abdur Arsyad,
nm8054857,Sezai Aydin,
nm8094855,Marta Aguilar,
nm8124260,Niharika Konidela,1993
nm8165272,Rachel Brownstein,1979
nm8171576,Alicia Marie Spurlock,
nm8177667,Kaisa Selde,
nm8197294,Aek Bewava,
nm8241978,Chetana Das,
nm8282112,Joseph Abboud,1950
nm8285638,Wiktoria Wolanska,1993
nm8294218,Michelina Houlihan,
nm8320014,Adam Voyles,
nm8329755,Nayeem,1970
nm8358339,Ishan Gammudali,
nm8402737,Ria Douglas,
nm8406545,Lakmal Fonseka,
nm8415169,Mehrad Motamedi,
nm8473458,Fabio Lo Fria,
nm8491051,Sunjit Akkinepalli,
nm8595182,Prashant Neman,
nm8631697,Bolaji Ogunmola,
nm8637232,Laura Gow,
nm8668984,Aleks Alifirenko Jr.,
nm8672549,Minako Kirishima,
nm8690230,Danielle Boor,
nm8698445,Deepak Shetty,
nm8766941,Kaitlyn Santa Juana,
nm8787050,Meiqi Meng,
nm8807133,Patrick Ryan,
nm8807859,Evan Franklin,
nm8817378,Vasilis Magouliotis,1989
nm8826563,Kamal Mani Nepal,
nm8841358,Bahora Arslanova,
nm8843033,Ping Gao,
nm8860518,Mohana Krishnan,
nm8879762,Caleb Galati,
nm8928086,Indrajit Deb,1948
nm8967868,Leyla Azizi,
nm8980801,Iris Vallés Torres,
nm8984345,Thomas Ducasse,
nm9005902,Fûju Kamio,1999
nm9029049,Tim Potter,
nm9039096,Clare Lopez,
nm9048134,Athulya Ravi,1992
nm9100847,Rick Dutrow,
nm9150706,Hugo Fuentes,
nm9152431,Suzutaro Nakamura,
nm9154859,Drishtii Garewal,
nm9257919,Amarnath,
nm9391482,Jiayi Wang,
nm9392635,Lily Kennedy,
nm9421540,Meisha Brooks,
nm9428255,Marina Occhionero,
nm9428830,Anusha Rai,1999
nm9432783,Ryan Van Rooyen,
nm9455933,Kevin Lettieri,
nm9457511,Hailee Sych,
nm9496699,Wing-Yan Tsang,
nm9544445,Elena Codó,
nm9608462,Anthony Castro,
nm9659147,Alanna Breault,
nm9680890,Dmitriy Paryonkin,1993
nm9680892,Yuriy Bybin,
nm9686121,Pathmaa Gopika,
nm9689580,Connor Benedict,
nm9723440,Julian Flores,
nm9775906,Dong Yanlei,
nm9783509,Siddhi Idnani,1996
nm9802065,Lev Kotkin,
nm9864872,Ates Bars,
nm9898007,Zeynep Çelik,
nm9921862,Simone Sassudeli,
nm9969793,Anna c Hollingsworth,
nm9976809,Victoria Chilap,
nm9993444,Jason Winter,
nm0000452,Lauren Holly,
nm0000574,Jason Patric,1966
nm0000626,John Sayles,1950
nm0000638,William Shatner,1931
nm0000642,Marina Sirtis,1955
nm0002010,Christian Clavier,1952
nm0002332,Stephen Lang,1952
nm0005033,Sammo Kam-Bo Hung,1952
nm0005512,Mike Tyson,1966
nm0006770,Narayana P.L.,
nm0007711,Silvia Abascal,1979
nm0008690,Damitha Abeyratne,
nm0012881,Mohan Agashe,1947
nm0015440,Kumiko Akiyoshi,1954
nm0016852,Francesc Albiol,1957
nm0019271,Irina Alfyorova,1951
nm0022134,Anabel Alonso,1964
nm0036237,Cameron Arnett,1960
nm0036427,Edward Arnold,1890
nm0038367,Gyearbuor Asante,1941
nm0039746,Masud Asadollahi,
nm0041308,Marianne Aubert,
nm0044245,Luciana Azevedo,
nm0071024,Bengal,1951
nm0093199,Filip Bolluyt,1953
nm0107165,Alex Brendemühl,1972
nm0129648,Nathalie Caldonazzo,1969
nm0130736,Daniel Caltagirone,1972
nm0144812,Sergio Castellitto,1953
nm0156912,Chia Essie Lin,1947
nm0159159,Prem Chopra,1935
nm0170381,Tim Colceri,1951
nm0181288,Joe Cortese,1948
nm0186225,Barbara Crampton,
nm0190300,Elena Cruz,1926
nm0197647,James Badge Dale,1978
nm0217984,Marya Delver,1974
nm0223563,Poonam Dhillon,1962
nm0225042,Romy Diaz,1940
nm0239267,Lillete Dubey,1953
nm0239402,Diane Dubois,1939
nm0240880,Aashish Duggal,
nm0241291,Dulari,1928
nm0267656,John Farley,1968
nm0284078,Pierre Földes,
nm0294067,Dawn French,1957
nm0297734,Jun Fujikawa,
nm0299203,Yayoi Furusato,
nm0299397,Kaoru Futaba,1871
nm0309839,Francisco Gattorno,1964
nm0342111,Eva Grimaldi,1961
nm0349599,Rodolfo Gutiérrez,
nm0354748,Kamil Halbich,1966
nm0368972,Reiko Hatsune,
nm0369916,Riitta Havukainen,1955
nm0376891,Lori Jo Hendrix,1969
nm0388819,Basil Hoffman,1938
nm0398713,Andrej Hryc,1949
nm0406163,Nadja Hüpscher,1972
nm0421087,Lucinda Jenney,1954
nm0435766,Ülle Kaljuste,1957
nm0439409,Tõnu Kark,1947
nm0441154,Chiezō Kataoka,1903
nm0474609,Atul Kulkarni,1965
nm0476675,Miyuki Kuwano,1942
nm0477108,Teddy Robin Kwan,1945
nm0481737,Yiu-Cheung Lai,1964
nm0495799,Laurence Leboeuf,1985
nm0501218,Leonardo Paes Leme,
nm0502813,Marco Leonardi,1971
nm0507073,Damian Lewis,1971
nm0507535,Matthew Lewis,1989
nm0508708,Carmen Liaño,
nm0517642,Phyllis Logan,1956
nm0530609,Torunn Lødemel Stokkeland,
nm0534856,Madhavan,1970
nm0557609,Valerio Mastandrea,1972
nm0559385,Chieko Matsubara,1945
nm0589019,Mirta Miller,1948
nm0590940,Yōko Minamida,1933
nm0592285,Petar Mircevski,1956
nm0594640,Kōichi Mizuhara,1909
nm0605668,Aiko Morishita,1958
nm0605750,Kōji Moritsugu,1943
nm0620124,Jôji Nakata,1954
nm0620651,Etsuko Nami,1950
nm0638980,Oliver Nägele,1957
nm0680766,Sally Phillips,1970
nm0709777,Ravindra Randeniya,1945
nm0717080,Wynn Reichert,
nm0741388,Gabrielle Rose,1954
nm0754273,Saadiah,1936
nm0758656,Ilyas Salman,1949
nm0758915,Enzo Salomone,1947
nm0763022,Maya Sansa,1975
nm0771414,Martin Starr,1982
nm0793650,Ichirô Shimizu,1899
nm0796365,Vladimir Sichkar,1949
nm0808670,Jeffrey R. Smith,
nm0812210,Meichô Soganoya,1908
nm0816669,Douglas Spain,
nm0822278,Tihomir Stanic,1960
nm0825749,Eric Steinberg,1969
nm0847361,Akira Takarada,1934
nm0848796,Takahiro Tamura,1928
nm0849437,Naomi Tani,1948
nm0854304,April Telek,1975
nm0855092,Olivia Tennet,
nm0861989,James Allen Brewer,
nm0867789,Aleksandr Topuriya,
nm0882596,Uttej,
nm0890337,Anselmo Vasconcelos,1953
nm0897005,Gillian Vigman,1972
nm0898546,Pruitt Taylor Vince,1960
nm0911319,Michael Warburton,
nm0920185,Dolly Wells,1971
nm0945563,Hal Yamanouchi,1946
nm0993783,Aaron Stielstra,
nm0999515,Jô Ichimura,
nm1002746,Tomohiro Kaku,1984
nm10051337,Ian Brownhill,
nm10070918,Mikey Averill,
nm10123313,Sean Berube,1975
nm1018224,Anant Jog,
nm10245269,Willem Bevers,
nm1024541,Sabahat Izgü,1936
nm10269103,Patchrida Paykaew,
nm10276266,Ashlee Curtise,
nm10278265,Mariana Montenegro,
nm10282598,Carl Baas,
nm10284597,Iva Dalving,
nm10288341,Marco Galvagni,
nm10288814,Marica Bollea,
nm10292986,Yanti Ws,
nm10296665,Brittany Boivin,
nm10300083,Elena Sever,
nm10301203,Bambi Johnson,
nm10305292,Greg Hardash,
nm10307160,Cristhine Amber,
nm10310854,Marius Gotbergas,
nm10310861,Saulius Jasiulevicius,
nm10323149,Akiko Okutani,
nm10324815,Jordan Carroll,
nm10326804,Sergey Muzyka,
nm10333636,Yuliya Danilova,
nm10334571,Teng-Fei Gao,
nm10337629,Viraj Ashwin,1993
nm10339102,Joe Coover,
nm10344374,Josep Maria Blanco,
nm10345118,Devroop Sharma,
nm10355139,Giovanni Paolo Corsaro,
nm10359791,Jenna Farden,
nm10362197,Steve Bowman,
nm10364606,Hiroshi Arai,
nm10366114,John Michael Hightower Jr.,
nm10373943,Miyako Haruyama,
nm10383717,Alana Aspen,
nm10384673,Xin-er Zhang,
nm10384674,Zi Jin,
nm10387867,Ela Stefunková,
nm10392020,Monalisha Bista,
nm10396378,Martina Vivanco,
nm1039977,Chad Faust,1980
nm10401186,Ozan Dogan,
nm10403415,Won Gong,
nm10404647,Pahandi Nethara,
nm10410355,Joya Schreier,
nm10419133,Tuty Rachmah,
nm10425800,Vanessa Ribeiro,
nm10428101,Nenad Bogdanovic,
nm1042980,Joel Navarro,
nm10431286,Levi Faehrmann,
nm10444085,Sadek Hossain Babul,
nm10447862,Rundong Li,
nm10447863,An Gao,
nm10448916,Gage Ritter,
nm10448919,Jeannette Ventura,
nm10450014,Bless,
nm10451512,Alphonso Black,
nm10453055,Chris Barrass,
nm10455044,Sanju Rodrigo,
nm10455286,Mark Kimmich,
nm10457412,Luna Mwezi,
nm10457991,Somarathna Malimbada,
nm1045839,Kong Hyo-jin,1980
nm10461331,Emily Fry,
nm10462459,Yoona Tadayyon,
nm10464709,Daniel Mbala,
nm10465363,Anna Misu,
nm10466003,Hope Argent,
nm10468305,Olivier Slebos,
nm10471700,Laura Paguada,
nm10476624,Suraj Narredu,
nm10477376,Lina Bojadjieva,
nm1048051,Kô Matsuura,
nm10483666,Allen Harrison,
nm10483887,Ahmed Bin Hussain,
nm10491055,Basir Al-Amin,
nm10493367,Monalisha Sahariya,
nm10496665,Chamila Nishanthi,
nm10496837,Roy Kiyoshi,
nm10498051,Ama Odeneho Arkwa,
nm10498862,Juliant Rafael,
nm10500789,Nandini Mehta,
nm10502940,Marisol Mora,
nm10506333,Bibi Fatemeh Sahelizadegan,
nm10506500,Tudor Bratucu,
nm10508475,Jézane Dallaire,
nm10513492,Juan Salmeri,
nm10514439,Gaman Ghale,
nm10516646,Leandro Martín López,
nm10517486,Max Logan,
nm10518658,Christine Lacamera,
nm10520200,Jean-Baptiste Heuet,
nm10521141,Chok Gurung,
nm10522458,MM Gigante,
nm10522901,Gordon Brownlie,
nm10527339,Lila Cuéllar,
nm10528835,Serenity James,
nm10529308,Irfan Fahim Bin Mohd Irman,
nm10531358,Tai Chang,
nm10531569,Mouna Shree,
nm10532612,Breanne Foster,
nm10532893,Patrick Hoffmann,
nm10533768,Bubacar Sarge,
nm10533946,Takashi Hamamura,
nm10535373,Shidô Takizawa,
nm10538100,Vishal Anvekar,
nm10538307,Beatriz González,
nm10542694,Wu Renyuan,
nm10548028,Tristan Heinen-Bizjak,
nm10570112,Karine Asiryan,
nm10582653,Adjei,
nm10584291,Barb Christensen,
nm10596213,Andrew Joseph Brodeur,
nm10621925,Miss Fortune,
nm10624740,Parsa Maghami,
nm1066795,Vijayaraghavan,1951
nm10739172,Vijay Mallah,
nm10764688,Joseph Witkowski,
nm10784527,Daniela Ioia,
nm1082477,Omar Sy,1978
nm10830414,Josh Ryan,
nm1083093,Christian Sancho,
nm10833135,Gabriel Piela,
nm10838113,Blayke Rose,
nm10843240,Katia Mullova-Brind,
nm1084853,Allu Arjun,1982
nm1085355,Sergej Ferrari,1933
nm10860156,Ioana Ilinca Neacsu,1998
nm10866360,Maria Liberato,
nm10877187,Aniek Stokkers,
nm10919512,Jake Rasof,
nm10940023,India Colombi,
nm10958545,Kurt Erickson,
nm11069563,Akash,
nm11097120,Adyane Gonzalez,
nm11130413,Djibril Vancoppenolle,
nm11132173,Onika Carrine,
nm11139916,Brono Bajtala,
nm11205877,Sebastiano Porasso,
nm11263781,Achira Detter,
nm11282330,Jorik Wenger,
nm11283070,Koskinen Jiri,
nm1128461,Hari Shukla,
nm11320331,Ray Gjonbalaj,
nm11320591,Ranav Bajwa,
nm11364108,Margherita Barbieri,
nm1137340,Rukshar Dhillon,1993
nm11411075,Hasini Anvi,
nm11428386,Hideo Gotô,
nm11476913,Nicole Mattox,
nm11486929,Ammar Alkatib,
nm11521184,Lulubelle Gobron-Amoti,
nm11571399,Silvia Matos,
nm11583045,Rio Sidik,
nm11596713,Dj Johnson,
nm11628061,Raya Bhave,
nm11669775,Raashi Balakrishna,
nm1167988,Vijay Tandon,
nm11682654,Pietro Picone,
nm11782802,Lindsey Beier,
nm11826305,Azéza Youngchief,
nm1185803,Tomijuro Nakamura,1929
nm11982839,Fréderic Avila,
nm1201151,Mukesh S. Bhatt,
nm12159462,Dominic Schmidt,1997
nm1217893,Rajendra Sethi,
nm1218915,Jennifer Batten,1957
nm12231893,Ankita,
nm12242222,Katsuki Bettô,
nm12384045,Sakura Ando,2001
nm1241910,Prashant Narayanan,1969
nm12466518,James Leon,
nm12482554,Roberto Linval,
nm12505886,Shintarô Hamaguchi,
nm1252616,Mahmoud Pakniat,
nm1253235,Ermin Sijamija,1974
nm12560160,Wu-Hu Chen,
nm12569449,Christian Düwel,
nm12615767,Enzo Buonomo,
nm1269614,Kousalya,
nm1272032,Yansong Hou,
nm1273830,Scott Peat,1974
nm1273899,Pep Torrents,1943
nm12798897,John Duran,
nm12798898,Paul Langlotz,
nm1290838,Isaac Alcayde,
nm13041068,João Gurgel,
nm13062881,Youssef Ahmed,
nm13154981,Ari Craig,
nm1322135,Joko Anwar,1976
nm13234492,Rocco Martino,
nm13390054,Lise Roy,
nm13619547,Tony Cinquegrani,
nm1362698,Alfonso Sánchez,1978
nm1368581,Salim Kumar,1969
nm13812781,Antonio Moreno,
nm1387232,Andrea Sartoretti,1971
nm13883409,Harumi Sugiyama,
nm14306553,Olga Kolokoltseva,
nm1440805,Joe Bagnardi,
nm1458115,Muriel Bénazéraf,
nm14588601,Amanda Jayne Jensen,
nm14651084,Silvio D'Addario,
nm1534784,Bobby J. Brown,1963
nm1537947,Lenka Vomocilova,
nm1574041,Jagesh Mukati,1973
nm1617631,Stella Fyrogeni,
nm1642639,Ariel Levy,1984
nm16445503,Arleta Barbacka,
nm1645195,Werner Biermeier,1961
nm1649780,Yitian Hai,
nm1649960,Eric Suen,1973
nm1659547,Carey Mulligan,1985
nm1669753,Przemyslaw Bluszcz,1970
nm1683137,Nina Bergman,
nm1734623,Paolo Ballesteros,1982
nm1759557,Murat Serezli,1969
nm17664833,Zhenxi Mao,
nm17694324,Kennedy Calderwood,
nm1772713,Teru Kawana,
nm1792644,Kevin Murphy,
nm1800470,Wenfeng Liu,
nm1822435,Toshiyuki Obara,
nm1845696,Kazuki Namioka,1978
nm1850901,Phillip Andre Botello,
nm1865082,Tuana Coskun Çeviker,1975
nm1868293,Ken T. Williams,1976
nm1869798,Yeliz Sar,1977
nm1919259,Jonathan Goodman,
nm1935881,Ming-Cheng Tseng,
nm1960306,Rajeev Kanakala,
nm1979463,Miles Ocampo,1997
nm1980099,Paul Collett,
nm1981584,Montserrat Martí,1972
nm1997490,Ricardo Castella,1974
nm2052977,Toni Torres,
nm2056274,Joel Basman,1990
nm2061859,Maxime Allard,
nm2068808,Tuval Shafir,1993
nm2082436,Brendan Hunter,1979
nm2083395,Perri Cummings,
nm2116766,Marzieh Boroomand,
nm2147526,Govardhan Asrani,1941
nm2166719,Henry Haggard,1962
nm2244205,Léa Seydoux,1985
nm2260670,Vito Tisdale,
nm2277949,Yoshiko Shinkura,
nm2295590,Kevin Guthrie,1988
nm2297029,Gary Douglas,
nm2319859,Hila Eran,
nm2326220,Jeanette Eng,
nm2333098,David Henry Gerson,
nm2340153,Modest Rucinski,1979
nm2360187,Kôjûrô Ichikawa,
nm2386820,Rumiko Komachi,
nm2397307,Antonio Milo,1968
nm2420725,Tyler Barnes,1984
nm2440627,Ryu Seung-ryong,1970
nm2456249,Metin Keçeci,1975
nm2459341,Shahram Ghaedi,
nm2533953,G. Marimuthu,1967
nm2592911,Aleksei Archer,
nm2646937,Neda Rahmanian,1978
nm2666477,María Cabrera,1954
nm2680186,Raffi Ahmad,
nm2682045,Denise Bradley,
nm2683695,Otig Pakis,1960
nm2711203,Devery Jacobs,
nm2740720,Hope Diaz,
nm2742878,Robert Annus,
nm2769024,Fuman Dejahang,
nm2771798,Ellen Wong,
nm2825036,Eva Marie,
nm2877301,Funda Eskioglu,1964
nm2877778,Tannaz Tabatabaei,1983
nm2908492,Grant Harvey,
nm2915851,James Knowlton,
nm2979439,Stoyan Mladenov,
nm3013500,Veena Jamkar,
nm3041542,Hitomi Yoshida,1984
nm3114205,Vaishnavi Sharma,
nm3140538,Mikkel Boe Følsgaard,1984
nm3159465,Miho Hino,
nm3192510,Sharib Hashmi,1979
nm3211285,Shi Yang Shi,
nm3214170,Jonathan Cohen,1980
nm3227380,Sebastian Walch,1968
nm3227993,Nija Okoro,
nm3239632,Valentin Hess,
nm3253943,Taylor Zakhar Perez,1991
nm3361102,Nikia Cavanaugh,
nm3478737,Antonis Myriagos,
nm3500208,Mehwish Hayat,1988
nm3515263,Burcu Binici,1986
nm3538718,Nick Robinson,1995
nm3584755,Mattias Naan,
nm3591564,Nilanthi Dias Karunarathna,
nm3602024,Claudio Magris,1939
nm3602259,Tianzuo Liu,
nm3616779,Chris Pang,1984
nm3628431,Katherine Partington,
nm3665215,Gregory Wilson,
nm3673618,Robert Crayton,1977
nm3695477,Barbara Wilder,
nm3715431,Irene Menichetti,
nm3739690,Vijeesh Mani,
nm3745258,Sonal Jha,
nm3769724,Seda Kement,
nm3797588,Dharmesh Yelande,
nm3801831,Like Wang,
nm3813885,Emily Adams,
nm3856284,Àlex Monner,1995
nm3879121,Kassandra Clementi,1990
nm3881952,Mary Paolino,
nm3885547,Steve Kasan,
nm3975594,Nasim Adabi,
nm3979015,Kartar Cheema,
nm4069693,Ingrid Olerinskaya,1992
nm4142788,Basil Eidenbenz,1993
nm4182630,Chris Petty,
nm4207238,Mohamed Abo Dawood,1952
nm4225981,Alison Wheeler,1986
nm4245727,Paloma Gomez-Zurdo,
nm4272368,Georg Gröchenig,
nm4275268,Erkan Avci,1982
nm4279762,Jayaprakash Kuloor,
nm4287836,Audrey Abraham,
nm4308851,Kangren Wu,1982
nm4320647,Jason Bayle,1976
nm4387862,Takeshi Hayakawa,
nm4392192,C.J. Vana,
nm4416397,Iman El-Sayyed,
nm4423501,Nanako Ôde,
nm4431289,Rima Raminfar,
nm4441966,Raffy Tejada,
nm4506683,Alicia Dell'Aria,
nm4534098,Ed Skrein,1983
nm4581095,Michael Karan Tomsu,
nm4699971,Seyhan Arman,1980
nm4701570,Matheus Lustosa,
nm4745984,Lorena Cacciatore,1987
nm4762741,Lukerya Ilyashenko,1989
nm4764161,Rinat Khairullin,1975
nm4790249,Cassiopée Mayance,
nm4810845,Aita Vaher,
nm4823334,Tala Gouveia,
nm4859271,Akash Puri,1997
nm4870321,Eloína Marcos,
nm4936584,Ajun Perwira,
nm4990173,Stephanie Stuart,
nm5049448,Sabi Garcia,
nm5083144,Ayako Okada,
nm5087726,Yoshiei Fukami,
nm5100094,Crystal Sparks,
nm5119238,Sang Lan,
nm5133879,Jeff Ryan,
nm5135200,Ken Aoki,
nm5149776,Jasper Musgrave,
nm5178583,Tiana Tuttle,
nm5193937,Cate O'Connor,
nm5212553,Yûko Nakagawa,
nm5227404,Saeed Aghakhani,1972
nm5245242,Keita Ninomiya,2006
nm5246951,Stefano Martinelli,1986
nm5263495,Tim Baltz,
nm5271239,Haci Ali Konuk,1969
nm5324177,Rebeka Nirmali,
nm5377439,Natalia Moon,1991
nm5392151,Daniel Sträßer,1987
nm5408984,Bagavathi Perumal,1978
nm5423482,Rajshri Deshpande,1982
nm5482973,Joyer Lark,
nm5517325,Robert Posey,
nm5575653,Adam Bessa,1991
nm5667034,Blas Sien Diaz,
nm5680528,Tina-Marie Springham,
nm5683997,Geetha Kanthi Jayakody,
nm5688777,Daffini Evans,
nm5690899,Swarnali,
nm5773448,Hunter Payton Mendoza,
nm5828516,Jose Cruz,
nm5862925,Jennifer Cové,
nm5880134,Gökay Müftüoglu,1986
nm5890145,Lucy Aarden,
nm5907440,Galal Abdel Kader,1940
nm5917057,Gayesha Perera,1987
nm5994098,Archie Madekwe,1995
nm5994234,Pamela Almanza,
nm6030090,L.E. Staiman,
nm6053142,Hen Sotto,
nm6145633,Ming Xi,1989
nm6198257,Justyna Kelley,
nm6262099,Soheila Golestani,1980
nm6299092,Pooja Devariya,
nm6323449,Usha Elizabeth,
nm6334629,Anais Almonte,
nm6437695,Neb Chupin,1964
nm6474157,Damian Romeo,1994
nm6511246,Sáva Popovic,1967
nm6514109,Marissa Kaye,
nm6558315,Dayu Wijanto,
nm6573703,Erik Lujan,
nm6581483,Yang Ge,1988
nm6585854,Michael Cochran,
nm6604791,Ping-Chun Cheng,
nm6633565,Purnendu Bhattacharya,
nm6638101,Mary Gacheri,
nm6662487,Atsumi Tanezaki,1990
nm6677201,Yildiz Okvuran,
nm6745676,Sébastien Chassagne,
nm6843400,Eve Lindley,
nm6868308,Reine Swart,1990
nm6924097,Olivia Edward,2007
nm7008753,Francesco Russo,
nm7009796,Andrew J. Hampton,
nm7019105,Faruk Amireh,
nm7044734,Zoe Dorman,
nm7065118,Hakan Erkuran,
nm7070508,Bram van der Kelen,
nm7094216,Miya Muqi,1987
nm7099888,Nikolaas von Schrader,
nm7107173,Martin Knudsen,
nm7165185,Karel Jirák,1995
nm7237738,Forest Baker,1948
nm7288238,Emre Çaltili,
nm7291329,Kizi Vaz,
nm7294663,Ben Stobber,
nm7308148,Ehsan Karami,
nm7313804,Keith Balanis,1976
nm7341770,Daniel Main,
nm7368334,Nagisa Morimoto,
nm7511512,Sarah Catherine Hook,1995
nm7517362,Saiyami Kher,1992
nm7570216,Terayle Hill,1994
nm7581510,Cassie Clare,
nm7583177,Jennifer Kahler,
nm7597651,Divyadarshan,
nm7662319,Daniel James,
nm7685635,Houman Kiai,
nm7770551,Karla Dansereau,
nm7809716,Ralf Drexler,1964
nm7822064,Seiji Nagakawa,
nm7938836,Artoun Nazareth,
nm7942101,Michael Joe Furlough,
nm8007406,Howard Patterson,
nm8016955,Jenabah Koroma,
nm8020783,Mehdi Bousaidan,1991
nm8152365,Luke J. Morgan,
nm8174053,Jason Maydew,1975
nm8186095,Sean Anthony Baker,
nm8225982,Timothy Courtman,1988
nm8243159,Mela Feigenbaum,
nm8248120,Rana Samaha,
nm8275076,Jay Boogie,
nm8320219,Nataliz Jimenez,
nm8333786,Augusto Contreras,
nm8388527,Cesar Domínguez,
nm8409908,Otis Pavlovic,
nm8467135,Melody Chiu,2006
nm8494472,Michael Hampton,
nm8502251,Nadia Malaika,
nm8510226,Park Se-wan,1994
nm8516743,Marcello Rimi,
nm8531722,Suraj Gowda,
nm8556087,Riccardo Berdini,
nm8558090,Nika Balina,
nm8559164,Arman Darvish,1987
nm8565423,Archana Suseelan,
nm8578134,Misia Lovegood,
nm8608183,Lida Daneshvar,
nm8609805,Kemal Rizvanovic,1993
nm8684773,Rossana Hernández,
nm8699662,Ilayda Özenses,
nm8712098,Sif Arnarsdóttir,
nm8715162,Esha Tewari,
nm8728647,Samuriel Hina,
nm8736591,Gwen Gottlieb,
nm8737285,Refal Hady,
nm8773737,Alva Schäfer,2002
nm8810060,Jiabin Zheng,
nm8894372,Udeni Chandrasiri,
nm8909876,Angus Dustagheer,
nm8916365,Athena Strates,1996
nm8917865,Justin Mirichii,
nm9036839,Kaye Brownlee-France,
nm9082368,Seth Goodfellow,
nm9088357,Brixhilda Shqalsi,
nm9094972,Oliver Burenfjäll,
nm9095108,Joe Lombard,
nm9125480,Ericka Black,
nm9156942,Bhishma Joshi,
nm9176829,Ben Kippris,
nm9192788,Tej Sangani,
nm9215849,Kiara Iman,
nm9246210,Jansien Altamarino,
nm9274323,Derick Neumeier,
nm9344734,Christopher Horak,
nm9387625,Priya Guns,
nm9417918,Krishnateja,
nm9438171,Jessie Mei Li,1995
nm9447347,George Apostolopoulos,
nm9449293,Molly Dove,
nm9450235,Molly McCann,
nm9450805,Anjula Rajapaksha,
nm9525403,Ahmad Kamali,
nm9528286,Santosha Nicole,
nm9615887,Daniel Frank,
nm9631433,Eddie Rivera,
nm9634539,Yashodhan Rana,
nm9656539,Jingwen E.,
nm9661987,Sonam Topden,
nm9680899,Kseniya Kuklina,
nm9699567,Esma Soysal,1996
nm9705526,Tameika Buggage,
nm9751810,Zhan Xiao,1991
nm9757995,Anusha Rajapaksha,
nm9864490,Paula Arioni,
nm9882055,Inna Ostrovskaya,
nm9898003,Ilknur Külahlioglu,2008
nm9954937,Jewel Bradford,
nm9955536,Sebastian Norén,
nm0000446,Mariel Hemingway,1961
nm0003632,Anne-Marie Blanc,1919
nm0005048,Thomas Jane,1969
nm0011589,Amanda Aday,1981
nm0013793,Marvin Agustin,1979
nm0019489,Sasa Ali,1977
nm0032737,Carlos Aragón,
nm0038324,Yu Asakawa,1975
nm0041316,Roch Aubert,
nm0041528,Erik Aude,1980
nm0044293,Kartina Aziz,
nm0046217,Sawsan Badr,1957
nm0093209,Maria Bolme,1965
nm0094170,De'aundre Bonds,1976
nm0108509,Didier Brice,
nm0116178,Jacques Brunet,1939
nm0134435,Feri Cansel,1944
nm0151282,Sai Chand,
nm0152061,Winston Chao,1960
nm0162911,Roberto Citran,1955
nm0180639,Andrea Corr,1974
nm0182815,Juan Manuel Cotelo,1966
nm0197582,Sudhir Dalvi,1939
nm0201557,Steve Daron,
nm0207731,Elio De Capitani,1953
nm0217022,Marissa Delgado,
nm0222596,Andy Devine,1905
nm0226326,Eileen Dietz,1944
nm0250757,Ureo Egawa,1902
nm0250945,Sien Eggers,1951
nm0276758,Katarzyna Figura,1962
nm0278355,Jack Finsterer,
nm0318622,Avtar Gill,1950
nm0337220,Paolo Graziosi,1940
nm0346394,Cornelia Guest,1963
nm0352230,Eva Habermann,1976
nm0357307,Jun Hamamura,1906
nm0357644,Jalil Hamid,1957
nm0357662,Alanna Hamill Newton,
nm0361705,Yasuyoshi Hara,1952
nm0370574,Masao Hayama,1925
nm0375609,Brigitte Helm,1908
nm0379783,Aarón Hernán,1930
nm0385543,Art Hindle,1948
nm0391327,Julian Holloway,1944
nm0421690,Stine Schrøder Jensen,1973
nm0422550,Pankaj Jha,
nm0425490,Karl Johnson,1948
nm0431918,Mike Judge,1962
nm0434444,Hakeem Kae-Kazim,
nm0437097,Tetsuo Kanao,1950
nm0440286,Claudia Karvan,1972
nm0451086,Khalil,1934
nm0451483,Andrey Kharybin,1960
nm0475336,Simon Kunz,1962
nm0507065,Crystal Lewis,1969
nm0553816,Jandira Martini,1945
nm0557918,Kiiton Masuda,1909
nm0582149,Chris Messina,1974
nm0591097,Sachiko Mine,
nm0604430,Diogo Morgado,1981
nm0605186,Anders Morgenthaler,1972
nm0609310,Fatemeh Motamed-Arya,1961
nm0616111,Pramod Moutho,1955
nm0636235,Jim Norton,1938
nm0639533,Eileen O'Brien,1945
nm0655799,Padmanabham,1931
nm0670739,Suna Pekuysal,1933
nm0709359,Ashutosh Rana,1967
nm0713614,Vyacheslav Razbegaev,1965
nm0715469,JR Reed,1967
nm0757013,Mikiko Sakai,
nm0768893,Tiaré Scanda,1974
nm0771713,Tom Schilling,1982
nm0771753,Elia Schilton,1956
nm0775858,Karoline Schuch,1981
nm0778107,Erik Schäffler,1961
nm0781981,Jason Segel,1980
nm0786187,Tin-Ngoh Seung,1962
nm0795294,Kathy Shower,1953
nm0815677,Jérôme Soubeyrand,
nm0817379,Peter Spears,
nm0824852,Henriette Steenstrup,1974
nm0840285,Carol Sutton,1944
nm0840305,Emma Burdon-Sutton,
nm0844371,Borys Szyc,1978
nm0845609,Hilmi Sözer,1970
nm0846754,Kiwako Taichi,1943
nm0863787,Sabine Timoteo,1975
nm0874860,Kwan-Ho Tse,1963
nm0881736,Melania Urbina,1977
nm0902254,Emanuela von Frankenberg,1961
nm0914444,Mike Watkiss,1957
nm0942712,Philip Wright,
nm0956190,Andrzej Zielinski,1962
nm0959420,Emilio Álvarez,
nm0992104,Josef Säterhagen,1975
nm1001314,Liz Lobato,1967
nm1001836,Mayumi Sanjô,
nm10050841,Matt Hadley,
nm10068557,Matteo Andrea Barbaria,1997
nm1007039,Kyôzô Fuyuki,
nm10080077,Chase Lastinger,
nm10091221,Cooper Mortlock,
nm10116922,Mathilde Holtedahl Cuhra,
nm10142738,Marley Aliah,
nm1014528,Gisele Bündchen,1980
nm10148777,Barbara Colón,
nm1020124,Sarah Clarke,1971
nm10243100,Aoi Mizutani,
nm10264698,Kyle Espiritu,
nm10265121,Kiara Ti'Chelle,
nm10270626,Sandra Daley,
nm1027293,Aishwariyaa Bhaskaran,
nm10277013,Deepika Aajvadia,
nm10288813,Marica Pace,
nm10292523,Michelle Han,
nm1029764,Scott Anthony Gould,
nm10300829,Cori Rae Lauren,
nm10302096,Ajwad Al-Mubaraki,
nm1030234,Gamal Ismail,1933
nm10303959,Katharina Bergmann,
nm10305308,Travis Dietlein,
nm10307167,Jhon Doils,
nm10309316,Stas Oksaniy,1995
nm10316741,Kristen Simons,
nm10318868,Jasmine Kusuma Carroll,
nm10327035,Emmy Huggins,
nm10327037,Herluf Lund,
nm1032795,Clayton Snyder,1987
nm10333193,Jordan Love,
nm10337100,Lei Wang,1992
nm10339797,Ana Merchante,
nm10342541,Rocio Leal,
nm10344013,Dede Satria,
nm10347719,Harrison Meloeny,
nm10349260,Fritzi Eggeling,
nm1035144,Peter Brandão,
nm10354180,Shawna Button,
nm10358000,Soraya Rasyid,
nm10362198,Elena Mckinnis,
nm10362804,Roberto Dante Arias,
nm10363279,Veikko Aalste,
nm10369278,Paul Clark,
nm10369653,Asif,
nm10373720,Emma Kek Petersson,1997
nm10378896,Tiffany Barta,
nm10381408,Pragati Baburao Kolage,
nm10381418,Pratik Hange,
nm10385458,Libor Duchoslav,
nm10389238,Burazasu Miruku,
nm10392039,Ganesh Belbase,
nm10400159,Teaghan Scarlet Young,
nm10404343,Diamara Ferrero,
nm10408837,Rudyard Kendall,
nm10410352,Divna Nikolic,
nm10427472,Aoki Skott,
nm10428843,Calistra Akenobo,
nm10433420,Kumar,
nm10434309,Mario Novembre,
nm10435079,Hamit Öztürk,
nm10435352,Miyuki Fukazawa,
nm10437925,Ruitao Xie,
nm10437937,Hyuk Jong Kim,
nm10446126,Mehmet Aydogmus,
nm10446128,Irem Alhan,
nm10447830,Emily Charles,
nm10449325,Eduardo Estrella,
nm10450005,Ting Africa,
nm10450270,Maria Luisa Morena,
nm10452066,Campbell Ellis,
nm10456047,Kiaan,
nm10458972,Rashad Alii,
nm10467895,Manuel Santos,2005
nm10468981,Luis Alán Vega,
nm10471922,Émmanuelle Péron,
nm10471979,Matt Honeyman,
nm10474522,Satish Fadake,
nm10474557,Seema Kadam,
nm10475051,Therese Rakel,
nm10476623,Jaydev Mody,
nm10479458,Honey Borghei,
nm10494475,Whitney Wolf,
nm10498052,Manny Lopez,
nm10511272,Melissa De Santis,
nm10511713,Sarah Dreano,
nm10513490,Germán Tarantino,
nm10513550,Donnetta Brown,
nm10514440,Binu Gurung,
nm10514470,Natalie Price Hafslund,
nm10518000,Camille Dutalloir,
nm10520199,Andrei Indreies,
nm10521238,Yûichi Ôkawa,
nm10523452,Courtney Godsey,
nm10523597,Mohammed Al Harbi,
nm10529307,Mohd Amir Asyraf Bin Mohd Noor Rashid,
nm10532730,Dave Graham,
nm10532989,Freyja Hazel,
nm10536360,Singyee Her,
nm10538080,Alakananda,
nm10555860,Inese Kucinska-Lauksteine,
nm10556415,Marissa Erickson,
nm10574326,Aerin Yuktadatta,1989
nm10583256,Thierry Bélanger,
nm10584287,Joshua Ford,
nm10602999,Master Abhinav,
nm10624876,Karla Leal,
nm10661517,Davide Fornaro,
nm10678595,Irati Saez de Urabain,
nm10731703,Sarah Greenfield,
nm10753255,Daniel Heca,
nm10755538,Aramis Gardea,
nm10787930,Rupsha Ghosh,
nm10805783,Avinash Baswapuram,
nm10807120,Johnny Hellkatze,
nm10833919,Helmi Tulev,
nm10834690,Wendy Prescott Luke,
nm10858694,Roberto De Michelis,
nm1085921,Ela Lehotská,1973
nm10864669,Isra Abdelrahim,
nm10866896,Ruyi Yangsu,
nm10919511,Luke Broccolo,
nm10987206,Praanya P. Rao,
nm1099556,Vijay Raghavendra,1979
nm11046462,Ryan Davis,
nm1106048,Dennis Padilla,
nm1109153,Audrey Fleurot,1977
nm11097122,Maria Ines Dugarte,
nm11114849,Aarti,
nm11127862,Alfonso Arfi,
nm11145229,Arés Fuster,
nm11175496,Elisabeth Ehde Torbjörnsdotter,
nm11205876,Annalisa Gollo,
nm1122912,Kumud Mishra,
nm11236496,Dawan Brown,
nm1128418,Robert Pralgo,1966
nm11317219,Nazanin Fallahi,
nm1139191,Chris Pflueger,
nm11426889,Tanu Gowda,
nm1145751,Tara London,
nm11464534,Anis Sghaier,
nm11464768,Shravan Aithal,
nm11528526,Mohammed Salamma,
nm11587695,Abhirup Chakrabarti,
nm1161041,Stefano Nosei,1956
nm1165044,Omari Hardwick,1974
nm1169797,Ai Hashimoto,1996
nm1173583,Franck Zerbib,
nm1185642,Tomáš Maštalír,1977
nm11878136,Sandeep Chatterjee,
nm11910235,Gugulethu Mhlongo,
nm1202122,Ramesh Budathoki,
nm1204891,Mattias Fransson,
nm12052709,Egor Kryuchkov,
nm12075493,Hani El-Arini,
nm1207895,Alvin Anson,1962
nm12083607,Sergei Chekeres,
nm12158334,Shirin Daryaie,
nm1231867,Parvesh Cheena,
nm12328267,Gaurav Daagar,
nm12385563,Bappu,
nm12406099,Connor Alexander,
nm12475732,Jack Bennett,
nm12533284,Andréi Zaharia,
nm12542920,Ke'Juan Moses,
nm12560133,Pai-Tu Hsiao,
nm12654671,Nasiru Mus,
nm1272031,Tianlai Hou,
nm1276463,Qing Lu,
nm1279870,Yûta Kanai,1985
nm1287787,Huanqing Li,
nm12878330,Kamtam Kiran Kumar,
nm12900522,Muhammad Abdulfattah,
nm1295381,Cris Villonco,
nm1297976,Agustín Arana,1968
nm13037711,Siddhant Nag,
nm1311741,Hichem Yacoubi,
nm13154959,Jandi Craig,
nm1316170,Baoqiang Wang,1984
nm1322499,Choi Jong-ryul,1946
nm1330495,Sergey Gorobchenko,1972
nm1335581,Nishanth Sagar,
nm1341478,Geum-ju Lee,
nm13511735,Fangxu Cheng,
nm1352128,Ezequiel Tronconi,1979
nm1352900,Chloe Bailey,1998
nm1354301,Siegmund Aschenbach,1866
nm13639494,Richard Labun,
nm13639497,Allan Siebert,
nm1368152,Hanieh Tavassoli,
nm1397645,Apeng Daldal,1928
nm14002879,Liang Wang,
nm14002883,Yue Liu,
nm1413394,Jayani Senanayake,
nm14138362,Nikitha Choudhary,
nm1422176,Jess Weixler,
nm14302139,Jeroen Bijnen,
nm1431772,Kalidas Jayaram,1993
nm1433658,Robert L. Duncan,
nm1434372,Johny Antony,
nm1441836,Nati Kluger,1976
nm1445891,Brooklyn McLinn,
nm1448869,Fernanda Castillo,1982
nm1452260,Steve Tran,1985
nm1453887,Cristina Anselmo,
nm14632978,Joheb Ahmed,
nm1483861,Michiko Abe,
nm14927520,Heidi Brown,
nm1500361,Lionel Rousselot,
nm1513044,Fasitua Amosa,
nm15135806,Thou Brown,
nm1514052,Allen Enlow,1952
nm1514686,Juncho Ito,
nm1514971,Olga Temonen,1978
nm1515422,Megumi,1981
nm1517311,Joe Amato,
nm15222408,Godspower Nwogwugwu,
nm15361931,Yugo Ikezawa,
nm1550800,Ambika Mohan,
nm1569942,Jérôme Commandeur,1976
nm1589151,Hatae Kishi,1927
nm1597989,Stefano Di Battista,1969
nm16114301,Tam Spider,
nm1617964,Weronika Rosati,1984
nm16405068,Richard Kamoga,
nm1640863,Lacy Moore,
nm1651104,Jim Iyke,
nm16527379,Kanmier,
nm16527390,Tu Mu,
nm1682832,Luke Macfarlane,1980
nm1690432,Tommie-Amber Pirie,
nm1711124,Jacory Gums,1980
nm1714868,Duvvasi Mohan,
nm1717428,Kô Yamamura,
nm1738580,Brenda Jean Foley,
nm17479619,Josie Clerfond,
nm1768149,Nora Waldstätten,1981
nm1784388,Ethan Ednee,
nm1799017,Toshiko Ayukawa,
nm18315649,Sahil Arora,2005
nm1855836,Chiharu,1970
nm1860440,Dao Qi,1975
nm18626611,Evariste Coulibaly,
nm18626615,Bouma Elola,
nm1877660,Tim DeLaughter,1965
nm1912546,Shinnosuke Abe,1982
nm1929699,Naidra Ayadi,
nm2050642,Rebecca Spence,1976
nm2055008,Baburaj,1970
nm2067218,Haruma Miura,1990
nm2079292,Saber Abar,1984
nm2079526,Pu Miao,1977
nm2088803,Yvonne Strahovski,1982
nm2090825,Desmond Elliot,
nm2112939,Rick Mora,
nm2146858,Majid Salehi,1975
nm2183298,Vitta Quinn,
nm2183684,Shira Kedem-Katzenelenbogen,1979
nm2218210,Irfan Pathan,1984
nm2266299,Kazem Baloochi,
nm2273418,Akiko Santô,
nm2316253,Hana Ebise,
nm2323408,Alejandro Jovic,
nm2330972,Steven Bruns,1979
nm2348576,Bulut Köpük,1980
nm2367180,Mikhail Evlanov,1976
nm2381150,Luis Galli,
nm2401020,Will Poulter,1993
nm2423347,Christian Charisiou,
nm2424149,Franklin Correa,1978
nm2430007,Kulraj Randhawa,1983
nm2467205,Richard Cordero,
nm2565613,Charles Lewis III,1981
nm2626347,Yanguozhang Zhao,1966
nm2654829,Maude Apatow,1997
nm2682046,Shaofeng Feng,1978
nm2694094,Carlos Escher,
nm2725758,Intan Ladyana,
nm2740594,Ernie Ventry,
nm2765191,Eric André,1983
nm2777800,Saghar Azizi,
nm2784214,Aliyah O'Brien,1981
nm2808502,Ana De Leon,
nm2827936,Carl Martin Eggesbø,
nm2835834,Luc Schwarz,
nm2861211,Leonardo Alonso,
nm2862095,Stefano Fresi,1974
nm2874587,Eiichi Kodama,
nm2890541,Josh Helman,1986
nm2912444,Tonguç Yücel Oksal,
nm2926954,Przemyslaw Redkowski,1980
nm2957008,Sadiq Hasanzada,1911
nm2989239,Lisa Hagmeister,1979
nm2989662,Hsing Wang,
nm2993483,Simon Hill,
nm3002625,Raghavendra Kadkol,1943
nm3002988,Julia Thays,
nm3006105,Naima Fehrenbacher,
nm3013862,Master Hirannayya,1934
nm3026217,Shannon O'Neill,1976
nm3035025,Vikas Shrivastav,
nm3056196,Aleksandr Ilyin,1983
nm3070482,Marián Mitaš,1980
nm3109964,Brian Tyree Henry,1982
nm3113502,Algi Eke,1985
nm3113678,Boris Ler,1985
nm3118120,Udi Razzin,
nm3118945,Sushanth,1986
nm3131769,Yukio Iketani,1970
nm3171360,Lizanne Tulip,1977
nm3190246,Richa Chadha,1986
nm3190976,Cherry Malvar,
nm3232787,Brandon Krum,
nm3250978,Miki Ogawa,
nm3270142,Peter Eberst,1975
nm3348178,Geeta Agrawal Sharma,
nm3360529,Hiran Chatterjee,1985
nm3362584,Leonie ter Braak,
nm3381295,Alexandra Shipp,1991
nm3383115,Tom Frank,
nm3408254,Greer Grammer,1992
nm3440823,Meena Kumari Perera,
nm3559559,Rao Ramesh,1968
nm3562302,Vivek Gore,
nm3585662,Kim Il-woo,1963
nm3651535,Aaron M. Donovan,
nm3702255,Roberto Cavazos,1982
nm3725546,Sasha Boggs,
nm3728280,Daniella Alma,
nm3730222,Corinne Laurance,
nm3752137,Ankur Bhatia,
nm3807965,Sundeep Kishan,1987
nm3822586,Shuya Chang,
nm3828269,Mei-Ying Fung,
nm3842931,Azharul Islam Khan,1935
nm3875162,Jun Murakami,
nm3884869,Dali Siliwangi,
nm3907732,Danny James,
nm3911517,Adam Byard,
nm3929139,Monica Garcia Bradley,
nm3950899,Jarvis Greiner,1990
nm4029200,Nattapong Chartpong,
nm4075149,Brett Eidman,
nm4086303,Alia E. Torrie,
nm4088627,Jessica Sula,1994
nm4109651,Shannon Victoria Murray,
nm4110132,Changrong Hou,
nm4117722,Arindam Dutta,
nm4120911,Bahram Aloui,
nm4122775,Ian Nelson,1995
nm4148480,Ajouad El Miloudi,
nm4156901,Olivia Mekdara,
nm4173978,Roberto Flores,
nm4212481,Chan Hong,
nm4272147,Rainer Kantz,
nm4276217,Erinn Elizabeth O'Sullivan,
nm4285821,David Ribeiro,
nm4423756,Cédrick Spinassou,
nm4463035,Kiyoomi Tamura,
nm4475798,Sharieff Walters,
nm4478721,Misa Hirose,
nm4511741,Aswin Rao,1981
nm4531743,Natalija Teodosieva,1990
nm4532668,António Parra,1987
nm4542007,Karma Shakya,
nm4587635,Jorge Pobes,1983
nm4619085,Rasheda Chowdhury,
nm4625025,Jovana Gavrilovic,1989
nm4708592,Corey Taylor,
nm4728510,Carolina Miranda,
nm4732808,Victor Castagna,
nm4775022,Timo Scheunemann,
nm4780658,Luigi Zanuso,
nm4818220,Yukiko Shinohara,1981
nm4841598,Alex Arredondo,
nm4845909,Luis Alberti,1981
nm4852977,Hemant Dhome,1986
nm4933812,Hitoshi Ito,
nm4973460,Victoire Du Bois,
nm5008704,Sofia Andres,
nm5057169,Thomasin McKenzie,2000
nm5071399,Xiubo Wu,1968
nm5079209,Ron Johnson,
nm5120794,Rukman Rosadi,
nm5120913,Reto Ziegler,
nm5140887,Kevin Cease,
nm5214862,Lionel Daraniyagala,
nm5250412,Carla Hernández,
nm5291007,Britt Michael Gordon,
nm5323888,Julia Akkermans,
nm5379363,Ivie Okujaye,
nm5422862,Shriram Pendse,
nm5569044,Nancy Mensah-Offei,1989
nm5736198,Sangeetha,
nm5935181,Laura E. Mock,
nm5967723,Tanner Garmon,
nm5983291,Benny Acevedo,
nm5992648,Aryann Bhowmick,1992
nm6054919,Dean Ackerman,
nm6060299,Yannis Bougeard,
nm6076273,Yonehachi Shima,
nm6115335,Darren Staten,
nm6120753,Sathya Prakash,
nm6195492,Vanessa Elise,
nm6198519,Mark Davis,
nm6225252,Chris McNamara,
nm6371162,Kaveh Rezaie,
nm6375147,Jenny Jernberg,
nm6432937,Anna Dart,
nm6494740,Mitila Mirajkar,
nm6548435,Naphat Siangsomboon,
nm6568152,Emmanuel Gillet,
nm6661484,Dan Michael,
nm6686759,Alex Blair,
nm6710968,Roy Wang,2000
nm6749842,Dallilah Aliaga,
nm6777070,Mary Havranová,1994
nm6836378,Dani Bernabe,
nm6859238,Allyson Malandra,
nm6875568,Dongdong Xu,1990
nm6876928,Charles Frederick Baker,
nm6998719,George Maryan,1963
nm7072315,Ricardo Quevedo,
nm7082239,Lexi Ann,
nm7112007,Senali Fonseka,
nm7161690,Nathan Taubert,
nm7208548,Esteban de la Isla,
nm7236743,Efthalia Papacosta,
nm7311859,Siva Geddam,
nm7344299,Emma Lieberman,
nm7437918,Deak J. Smalls,
nm7460351,Gabriel Monroe Eckert,
nm7467053,Seth Hamm,
nm7473951,Prashanth Siddi,
nm7488036,Elizabeth D'Ambrosio,
nm7508996,Matthew McMaster,
nm7532715,Yaya Maembong,
nm7533976,Andre Pierre,
nm7565569,Matt Huelsing,
nm7583179,Jody Hessel,
nm7622521,Chloë Marie Rhoades,
nm7684245,Delio Malär,
nm7700703,Miriam Moss,
nm7703059,Pushkaraj Chirputkar,
nm7709593,Rhiannon Jones,
nm7722733,Dana Yadlin,
nm7730327,Niki Kerro,
nm7734450,Isaura Taveras,
nm7745464,Toby Lee,1987
nm7802204,Thrigun,1990
nm7844980,Leonardo Amaral,
nm7864849,Purva Shah,
nm7890595,Morgan LeBlanc,
nm7899531,Becky Jo Harris,
nm7933720,Kelly Jensen,
nm7963859,Huynh Lap,
nm8041794,Cassie Klahn,
nm8051846,Jean-Pierre Minne,
nm8104400,Shariff Earp,
nm8113878,Majid Potki,
nm8198549,Apparao,
nm8273597,Eli Muallem,
nm8291959,Spooky Spring,
nm8300354,D.B. Gangodathenna,
nm8309564,Elizabeth Kadeli,
nm8329218,Mohammed Tharwat,1979
nm8405537,Carlos Aguillo,
nm8414004,Remas Mansoor,1983
nm8433300,Fatima Garba,2003
nm8433745,Maggie Lacy,
nm8444816,Samyuktha Hegde,1998
nm8445528,Carlota Joaquina,
nm8454250,Lil Durk,1992
nm8495218,Sam Pappagallo,
nm8518525,Brian Aceti,
nm8584475,Nadia Hallaf,
nm8587627,Kiroshan Naidoo,
nm8641420,Kyra Macpherson,
nm8744533,Katia Fellin,1992
nm8763039,Jakub Krejca,
nm8809554,Manda Omoregie,
nm8823344,Triston Dye,
nm8840600,Yue Liao,
nm8857993,Ronald Blanton,
nm8941715,Enrico Cuenca,
nm8957085,Kelsea Clements,
nm8968100,Yaser El-Tubgi,
nm8969330,Chris Lee,
nm8971119,Yiming Chen,
nm8995244,Eric Wood,
nm8997079,Keenan Jamelle Robinson,
nm9045283,Mercy Edirisinghe,
nm9103118,Iris Seifert,
nm9130968,Vaibhavi Upadhyaya,1984
nm9132463,Zach Beckman,
nm9160448,Charlie Moore,
nm9176778,Nanette Geree Rice,
nm9203451,Azrial Greene-Pina,
nm9215833,Kiyoe Mei,
nm9251060,Benjamin Joseph Varney,
nm9356262,Erik Smith-Meyer,
nm9356727,Rick Amsbury,
nm9367321,Mikhail Bugaev,
nm9378220,Kali Roses,1996
nm9406940,Heidi Kaplan,
nm9408646,Teena Shanell Fernando,
nm9409104,Manel Chandralatha,
nm9452511,Mohan Hettiarachchi,
nm9460096,Shanudrie Priyasad,
nm9507137,Mangala Premarathna,
nm9513105,Anura Waragoda,
nm9556742,Saranya Pradeep,1992
nm9565790,Vijaya Jayawardana,
nm9568682,Joseph Claude Dubois,
nm9577041,James Saint -John,
nm9577548,Mehmet Saglam,1984
nm9614260,Simran Sehajpal,
nm9624381,Inoka Edirisinghe,
nm9628399,Julian Ritchie,
nm9647765,Super Subbarayan,
nm9810330,Jonathan Cascio,
nm9831542,Phuong Anh Dao,
nm9846854,Kavya Gowda,
nm9866578,Jillian Moray,
nm9906366,Ambar Taborda Ceballos,
nm9923517,Harrison J. Cole,
nm9954803,Jakub Majmurek,1982
nm0000051,James Mason,1909
nm0000409,Brendan Fraser,1968
nm0000588,Martha Plimpton,1970
nm0000593,Kelly Preston,1962
nm0000609,Ving Rhames,1959
nm0000651,Sissy Spacek,1949
nm0000662,Kiefer Sutherland,1966
nm0000665,D.B. Sweeney,
nm0002090,Zach Galligan,1964
nm0004867,James DeBello,1980
nm0004904,Angie Everhart,1969
nm0005283,Jacqueline Obradors,
nm0008704,Joe Abeywickrama,1933
nm0009629,Stefano Accorsi,1971
nm0014102,Nordin Ahmad,
nm0015003,Ajmal,
nm0021607,Corbin Allred,1979
nm0030214,Julia Ann,1969
nm0031216,Michael Anton,1983
nm0033133,Yuki Aresa,1939
nm0034877,Jonathan Aris,1971
nm0044082,Ali Azad,
nm0044467,Yuriko Azuma,1952
nm0054214,Carlos Bardem,1963
nm0066827,Bahar Begum,1942
nm0076780,Daniel Bernhardt,1965
nm0080180,Bhagyaraj,1953
nm0080238,Tanikella Bharani,1954
nm0080438,Sudha Bhuchar,1954
nm0095308,Arturo Bonín,1943
nm0101198,Grant Bowler,1968
nm0117763,Emilio Buale,1972
nm0120648,Cara Buono,
nm0130536,James Callis,1971
nm0145102,Irán Castillo,1977
nm0145951,Antonio Catania,1952
nm0155284,Kelly Chen,1972
nm0158378,Angie Chiu,1955
nm0158605,Charlie Cho,
nm0161149,Jeon Moo-song,1941
nm0169558,Liisa Cohen,
nm0202516,Ricky Davao,1961
nm0230698,Osvaldo Doimeadiós,
nm0233325,Cavidan Dora,1941
nm0246545,Chico Díaz,1959
nm0257932,Hyōe Enoki,1928
nm0259762,Tommi Eronen,1968
nm0281387,John Fleck,
nm0297885,Tatsuya Fujiwara,1982
nm0329697,M.R. Gopakumar,
nm0333275,Andrzej Grabowski,1952
nm0349427,Emilio Gutiérrez Caba,1942
nm0351545,Seyhan Gümüs,
nm0359842,Su Han,1923
nm0377580,Bjarne Henriksen,1959
nm0379072,Roberto Herlitzka,1937
nm0383026,Sumiko Hidaka,1923
nm0391094,Peter Holliger,1945
nm0411683,Ayumi Ito,
nm0412632,Tadashi Iwata,
nm0423722,Olaf Johannessen,1961
nm0429069,Rashida Jones,1976
nm0433940,Karaca Kaan,1958
nm0441571,Kōichi Katsuragi,1890
nm0442933,Ayako Kawasumi,1976
nm0451571,Hamideh Kheirabadi,1924
nm0452860,Rinko Kikuchi,1981
nm0455829,Ryô Kinomoto,
nm0462208,Kanae Kobayashi,1907
nm0472431,Miodrag 'Miki' Krstovic,1950
nm0474774,Akshay Kumar,1967
nm0474871,Sai Kumar,1960
nm0479590,Ana Labordeta,1965
nm0480298,Donat Lacroix,
nm0484588,Lucero Lander,1963
nm0489858,Rolf Lassgård,1955
nm0560412,André Mattos,1961
nm0570364,Joel McHale,1971
nm0580158,Glydel Mercado,
nm0590935,Toshiaki Minami,1924
nm0590985,Yûichi Minato,1935
nm0591540,Jōji Oka,1904
nm0609396,Kazuko Motohashi,
nm0619098,Tomo'o Nagai,1914
nm0619651,Ajay Naidu,1972
nm0619931,Kôji Nakada,1920
nm0622333,Steve Nation,
nm0625936,Vincent Nemeth,
nm0641177,Mark O'Halloran,
nm0644524,Ken'ichi Ogata,1942
nm0652741,Reiko Ôtani,
nm0660673,Zaza Papuashvili,
nm0673631,Thaia Perez,
nm0689829,Aleksandr Polovtsev,1958
nm0722333,Cheryl Felicia Rhoads,
nm0734352,Robert Rockwell,1920
nm0764853,Saranya Ponvannan,1970
nm0781700,José Sefami,
nm0795520,Yaoxuan Shu,
nm0808104,Eileen Smith,
nm0811910,Teresa Sobral,
nm0813804,Önder Somer,1937
nm0819079,Jordana Spiro,1977
nm0867391,Eijirō Tōno,1907
nm0875056,Aristomenis Tsirbas,1967
nm0879945,Ken Uehara,1909
nm0881809,Orlando Urdaneta,1950
nm0881963,Sabine Urig,1962
nm0899786,Gheorghe Visu,1951
nm0906436,Barry Chan,
nm0906722,Wakana Yamazaki,1965
nm0911083,Yan Wang,
nm0911976,Zdzislaw Wardejn,1940
nm0927937,Sandun Wijesiri,
nm0930226,Caroline Williams,1957
nm0946660,Shôji Yasui,1928
nm0949098,Yumi Yoshiyuki,1965
nm0951043,Tōru Yuri,1921
nm0951216,Ryôka Yuzuki,1974
nm0955513,Yi Zhao,1975
nm0997681,Kôichi Ôse,1937
nm10017940,Brandon Mitchell,
nm10022068,Carlos Valentino,
nm10049716,Ravjeet Singh,
nm10054402,Michael D'Mitri,
nm10078781,Kate Edmonds,
nm10089635,Chandranabh Borthakur,
nm10160942,Yoran Leicher,
nm10182371,Joel Cederberg,1988
nm10188585,Jules Citro,
nm10204687,Hannah Gilbert,
nm10259647,Jeff Siarto,
nm10261280,Saise Quinn,
nm10264699,Enzo Osorio,
nm10264742,Luis Bañuelos,
nm10268001,Else Talsma,
nm10270269,Louis J.,
nm10274391,Joshua Leomiti,
nm10278352,Jorge Melo,1977
nm10278472,Beatriz Roxo,
nm10285007,Jordan Abey,
nm10286185,Fadhel Ben Achour,
nm10288310,Yuvil Abancio,
nm10289908,Vinson Russell Jr.,
nm10290451,Faraz Sarabi,
nm10292049,Mónica Aguilez,
nm10295898,Amber Fox,
nm10296362,Igor Grigoriev,
nm10303749,Jason Alward,
nm10305720,Christian A. Salinas,
nm10307161,Henry Monrroy,
nm10307166,Myndy Jackson,
nm10308185,Juana Rosa Aristizabal,
nm10310859,Matas Dirginčius,
nm10313893,Michael Stockford,
nm10313951,Kelsey Eckman,
nm10318909,Sarah Tuffahati,
nm10327826,Zi Xuan Lau,
nm10331660,Montana,
nm10337628,Ekanth Prem,
nm10337827,Shamshad Hussain,
nm10344376,Agustí Guasch,
nm10347946,Jacob Hardy,
nm10349593,Reed English,
nm10349598,Shakeem Flowers,
nm10350172,Benedicta Elorm Akegie,
nm10350176,Nana Akua,
nm10353358,Tammia Verser,
nm10356057,Reiko Tsugawa,
nm10357010,Macarena Sosa Bernales,
nm10357866,Rahul Thulasiram,
nm10359219,Anne Carr Regan,
nm10362886,Frank Buchanan,
nm10364391,Shinji Sonoda,
nm10365510,Zlata Glukhovskaya,
nm10377186,Wing Lea,1980
nm10377578,Oji Suzuka,2000
nm10379178,Kyohei Mitsune,
nm10379923,Alia Khan Dar,
nm10381044,Jun Kihara,
nm10381409,Vishwanath Kale,
nm10381492,Demarje Adair,
nm10389236,Hakuryû Kanda,
nm10390551,Nisha Mane,
nm10392624,Mohsen Zanganeh,
nm10396622,Sandeep Singh,
nm10401083,Buse Orçun,
nm10402104,Vincent Metallo,
nm10402248,Fahad Alabdulmohsen,
nm10407097,Pol Bertagnolli,
nm10410353,Jöri von Ballmoos,
nm10418885,Kazusa Nishimoto,
nm10419099,Josephine Celis,
nm10420858,Kumi Hayama,
nm10421800,Joseph Michael Williams,
nm10427384,Golshan Abdmoulaie,
nm10427912,Shinako Mine,
nm10429833,Lalida Pha,
nm10431280,Ben Pucci,
nm10433741,Billie Åstrand,
nm10436880,Kp Brabham,
nm10437933,Na Ram,
nm10438105,Daniel Copeland,
nm10438506,Lan Yu,
nm10443948,Bruno Eberle,
nm10443950,Mike Zweifel,
nm10444269,Pablo Cano,
nm10446288,Jeremy Miller,
nm10447070,Marie Mitsu,
nm10447409,Eyan Hackney,
nm10449224,Halen Anderson,
nm10450051,Stephanie Sandows,
nm10451270,Charlotte Bordegaray,
nm10451631,Jacob O'Neill,
nm10451714,Sydney Ashley Bennett,
nm10454403,Faunda Burch,
nm10456939,Derrick Butler Jr.,
nm10457373,Sukhapat Lohwacharin,
nm10459412,Michael Reynolds,
nm10467937,Adan Alvarado,
nm10469224,Martina Valeria de Antioquía,
nm10472979,Swing Ladies,
nm10473389,Fien Schelberg,
nm10476380,Edgar Chias,
nm1047838,Lee Donoghue,1983
nm10479194,Sonya Mailander,
nm10483217,Pradeep Patwardhan,
nm10483667,Brandon Green,
nm10488675,Amita Nagia,
nm10493365,Debajit Paul,
nm10493409,Ali Ajaz,
nm10494105,Danielle Campillo,
nm10496476,Randy Bernardez,
nm10502937,Cj Obima,
nm10504805,Jatinder Kaur,
nm10506108,Viktor Björk,
nm10508472,Serge Roux,
nm10510880,Gregory Brown III,
nm10511276,Luca Fosci,
nm1051245,Candice Coke,
nm10513558,Winston Brightharp,
nm10516622,Yeidalis Dotel,
nm10516647,Rory Widd,
nm10518006,Kathleen Mendi,
nm10520909,Justin Liu,
nm10521728,Sergey Bredyuk,
nm10537552,Mario,
nm10553994,Ella Dolan,
nm10555859,Mihails Samodahovs,
nm10561889,Wicahpi Bison,
nm10561908,Roy Dean Martinez,
nm10581288,Martxel Rodriguez,
nm10584284,Jadon Webster,
nm10584289,Will Haley,
nm1063407,Ariel Rivera,
nm10643804,Aleksandra Komissarova,
nm10646808,Roma Cervino,
nm10665960,Jackie Khoshnaw,
nm10680102,Francesco Bonaforte,
nm10691774,Baoying Yin,
nm10695654,Wanglai Jin,
nm10701005,Dou Dou,
nm10786120,Shin Ikeda,
nm10827604,Hee-Bong Cho,
nm10843233,Kenny Rogers XII,
nm10866343,Carlos Manuel Sánchez,
nm10883493,Jade Cardozo,
nm1091033,Chandi Rasika,
nm1091244,Utako Shibusawa,
nm10954222,Nathon Cash,
nm10962298,Ana Carolina Pascoal,
nm11004106,Shetty Radhika,
nm1102019,Paulo Miklos,1959
nm11025976,Jyothi,
nm1105418,Mete Inselel,1938
nm11069574,Anand,
nm11075590,Sandeep Brar,
nm11130526,Nupur Sanon,1995
nm11142240,Robbie Cantu,
nm11248904,Stephanie Neufeld,
nm11283054,Emmi Heikkinen,
nm11283069,Haapanen Essi,
nm11312574,Vidyadhar Gokhale,
nm11352297,Nova Amondson,
nm11426888,Adya,
nm11455238,Suzzette Chink,
nm11480117,Qudrat Bhatia,
nm11492404,Wael Ghobaish,
nm11541661,Kelley D. Cutler,
nm1158284,Farouk Al-Fishawy,1952
nm11585403,Nurettin Yurtseven,
nm11638988,Kempe Gowda,
nm11682647,Beste Kalender,
nm11698704,Saeed Alboebadi,
nm1182011,Timothy V. Murphy,1960
nm11829657,Davood Mohammadabadi,
nm1197336,Jacques Ledran,
nm1206435,Mahabir Bhullar,1962
nm12196143,Moeka Hirakuri,
nm1219922,Jhansi,
nm12204126,Danny Aranda,
nm12215683,Karmel Bortoleti,
nm12221961,Samir Bedair,
nm12297160,Tanja Craemmer,
nm1232756,Jûrô Hoshi,
nm1253936,Patrick d'Assumçao,
nm1254140,Jie Liu,
nm1263070,Jun Arai,1890
nm12640295,Sarah Mackie,
nm12696230,Simona Trocan,
nm1277856,Antoine Vézina,
nm1281809,Qi Zhang,1921
nm1285427,Yoshiko Kawada,1895
nm12873804,Ismael Calvillo Millán,
nm1293644,Ivan Massagué,1976
nm1300136,Jo-Jo Ngan,
nm13045531,Violet Warren,
nm13100499,Clara Thi Thanh Jensen,
nm13235226,Sheng Li,
nm1323901,Samart Payukaroon,
nm13281810,Aarav Desai,
nm13323597,Camille Mina,
nm1335387,Prithviraj Sukumaran,1982
nm13370157,Mojtaba Akbarzadeh Kahrizi,
nm13552091,Sajjad Dolati,
nm1366328,Ahmad Aghalu,1949
nm13722313,Taher Ahmed,
nm1376997,Jon Campling,1966
nm1396004,Serena Rossi,1985
nm14014076,Lizelle Pike,
nm14176586,Jun Zhu,
nm1435269,Paul Eenhoorn,1948
nm1439204,Hallie Shepherd,
nm14599484,Akshat,
nm1462135,M. Abdulayev,
nm14713743,Harveen Kaur,
nm14821377,Alex Moreno,
nm14954806,Kazu,
nm1504987,Kottayam Nazeer,
nm1507882,Xiaodong Guo,1974
nm15135805,Julia y Hampton,
nm1518573,Kyôko Izumi,
nm1523195,Yûko Fueki,1979
nm1551852,Pauline Serieys,
nm15690552,John Fred Cuz,
nm1574386,Ann Ogbomo,
nm1589782,Samrat Chakrabarti,
nm16155024,Dollah Dagang,
nm16513070,Ramsankar Bhardwaj,
nm16568217,Tushar Acharya,
nm1662075,Ebisaburô Ichikawa,
nm1669870,Rade Cosic,1984
nm1693112,Carlos Areces,1976
nm1702781,Frank Perozo,
nm1737760,Ricardo Abarca,1986
nm17479627,Katie Alderman,
nm1758306,Pamela Matthews,
nm1763493,Travis Hammer,
nm1767051,BP Fallon,
nm1779262,Lígia Fagundes,
nm1779926,Kemal Basar,1963
nm1784521,Masahiko Inoue,
nm17847410,Mel Oliveros,
nm1789985,Jon Daly,1977
nm1794199,Rokurô Akashi,1899
nm1807442,Tony Lewis Centore,
nm18131533,Marcela Chaves,
nm1828813,Terrell Carter,
nm1840536,Merle Jääger,1965
nm1847329,Erika Sawajiri,1986
nm1867717,Abhay Deol,1976
nm18689156,Pamela Irery,
nm1880510,Atsuko Maeda,1991
nm1905991,Gouri Khurana,
nm1910547,Hideya Yoshimura,
nm1926340,Christie Courville,
nm1947564,Ken'ichi Matsuyama,1985
nm1971640,Nicole Favart,1929
nm2017835,Ricardo Polanco,1988
nm2051779,Sabina Cameron,
nm2087369,Torie Osborn,
nm2089843,Karim Saidi,
nm2109624,Valeria Lois,
nm2122336,Kate Murphy,
nm2125813,Fan Di,
nm2145989,Elnaz Shakerdoost,1984
nm2199801,Cathy Baron,
nm2212688,Patrick Criado,1995
nm2217380,Aadarsh Balakrishna,1984
nm2225369,Jennifer Lawrence,1990
nm2242464,Reza Ashtiani,
nm2243737,Krushna Abhishek,1983
nm2281397,Federico Aimetta,
nm2319997,Precious Lara Quigaman,
nm2321118,Mitya Savelyev,1968
nm2334970,Karim Neshat,
nm2342502,Kate Gallagher,
nm2352234,Antonio Delli,1966
nm2366585,Ritoku Arashi,1875
nm2388044,Katsusaburo Ukita,
nm2419919,Mihiro,
nm2421786,Takahiro Nomura,1971
nm2435908,Matt Munroe,
nm2523085,Ario Bayu,1985
nm2609895,Masatarō Nakamura,
nm2611007,Kadir Özdal,1981
nm2637702,Kelsey Collins Keener,
nm2644288,B.N. Sharma,
nm2668717,Ahmed Hatem,1987
nm2686261,Martin Ewens,
nm2688589,Martin Del Rosario,1992
nm2733342,Mohsen Hassanain,1916
nm2751273,Mark Paci,
nm2760410,Hisao Furutani,
nm2771745,Enrique Belloch,
nm2777493,Petros Triandafyllopoulos,
nm2783722,Lao Rodriguez,
nm2871516,Sergiu Costache,
nm2876954,Takeshi Kimura,
nm2930632,Jiajun Li,
nm2945270,Anand Tiwari,1983
nm2950889,Palmer Williams Jr.,1964
nm2953505,Masataka Kubota,1988
nm2957882,Isabelle Chester,
nm2973934,Yoshio Kawada,
nm3028204,Raúl Briones,
nm3052331,Mona Hala,1985
nm3088211,Valeria Bilello,1982
nm3143686,Cher Hubsher,
nm3281844,Jirô Sagawa,
nm3288392,Aoi Tatsumi,
nm3337190,Joanna Walchuk,
nm3375850,Wafaa Amer,1968
nm3381527,Rein Hofman,
nm3407080,Shijimi,
nm3412322,Debnath Chatterjee,
nm3434219,Puja Uppal,
nm3442411,Jodi Larratt,
nm3467467,Kam-Cheong Cheng,1941
nm3473331,Viktorija Kuodytė,
nm3484903,Danny Chan,
nm3492877,Kyûzô Hayashiya,
nm3509265,Tina Juhara,
nm3545485,Toni Rovira,
nm3592491,Giuseppe Russo,
nm3639497,Neena Bundhel,
nm3640420,Cristina Puccinelli,
nm3654496,Nandu Poduval,
nm3675238,Nirine S. Brown,
nm3730270,Bektas Erdogan,1984
nm3766704,Amaia Aberasturi,1997
nm3808714,Mohamed Ouni,
nm3879111,Elysia Markou,1998
nm3922085,Sven Ruygrok,
nm4002016,Pete Law,
nm4030759,Lynn Andrews III,
nm4110044,Ilya Leshinsky,
nm4116010,Ramon Cordero,
nm4136611,Georges Devdariani,1974
nm4147574,Rena Hayakawa,
nm4148876,Anri Mizuna,
nm4158850,Lujza Garajová Schrameková,1983
nm4210670,Wan Hanafi Su,
nm4223263,Sonu Gowda,1990
nm4318347,Mia Marcon,
nm4360072,Andrew Gardner,
nm4378849,George Dawson,
nm4453291,Franz Rogowski,1986
nm4455935,Michael E. Bell,
nm4457559,Miguel Ángel López Cañadas,
nm4497664,Jon Akoko,
nm4523607,Zarrin Darnell-Martin,
nm4526647,B.,
nm4599394,Riko Matsui,1978
nm4608599,Joi Symone,
nm4658934,Matita Ferreira,
nm4691742,Seymen Aydin,1983
nm4704930,Eva Püssa,
nm4710727,Kelsey Leos Montoya,
nm4734130,Dhansika,1989
nm4754308,Gavin Drea,
nm4754750,Emmanuel Ilemobayo,
nm4782158,Steve Tientcheu,1982
nm4823096,Aleksandr Domogarov,1989
nm4855161,Brian Mclaughlin,
nm4873402,Udi Persi,
nm4886752,Ajay Ghosh,
nm4940642,Thony,
nm4974278,Utpal Das,1986
nm5055028,Silvia D'Amico,1986
nm5057965,Abiodun Kassim,
nm5068640,Arthur Gregory Pugh,
nm5075874,Sonja Kiefer,
nm5088181,Vyacheslav Chepurchenko,1987
nm5108614,Melissa Damas,
nm5157126,Madhusudhan Rao,
nm5160293,Rose J. Kaur,
nm5177861,Terry Gatch,
nm5248879,Matt Murray,
nm5250141,Ada Pasternak,
nm5296909,Kalaiyarasan,1986
nm5299382,Isabél Zuaa,1987
nm5307910,Linda Caridi,1988
nm5404830,Takanori Iwata,1989
nm5412668,Iztok Horvat,
nm5443585,Reese Gonzales,
nm5443734,Bryan Amato,
nm5450663,Mimi Chakraborty,1989
nm5453331,Meg Millidge,
nm5505932,Laddu,
nm5522706,Mason Howerton,1981
nm5547533,Burak Topaloglu,1988
nm5551641,Thilakarathna Liyanage,
nm5632381,Daniel Capote,
nm5640720,Rostislav Gulbis,1989
nm5672764,Rajesh Nataranga,1977
nm5687599,Tatum Price,
nm5726317,Sameh Kamal,
nm5767201,Matilde Gioli,1989
nm5783517,Kenny Wong,
nm5807637,Richard Rim,1978
nm5816841,Malcom Banks,
nm5822568,Bram Bates,
nm5880181,Shankar Ashwath,
nm5917503,Arun Mozhi Manickam,
nm5931026,Hanumanthe Gowda,
nm5954287,Malcolm McCarthy,
nm5977088,Frank Bal,
nm5996755,Edna Chichi Njoku Frenchwood,
nm6009489,Megha Dhade,
nm6013186,Adi Boutrous,
nm6041424,Bernard Carritero,
nm6045967,Eric Martinez,
nm6058648,Nasreddine Ben Maati,
nm6068682,Jimmy Ace Lewis,
nm6098361,Deepak Parambol,1988
nm6124828,Marjan Ghamari,
nm6199186,Aishwarya Arora,
nm6216421,Pauli Janhunen Calderón,1996
nm6244407,Milica Majkic,
nm6250631,Elizabeth Dormer-Phillips,
nm6312588,Osman Kot,1985
nm6318583,Thomas Johnston,
nm6319286,Lora Adams,
nm6331752,Kunle Remi,
nm6414838,Tanya Lialina,1994
nm6418458,Wiyona Yeung,1987
nm6419392,Priyadarshi Pulikonda,1989
nm6447404,Phanindhra Raju,1983
nm6486679,Jacqueline O'Kelly,
nm6489795,Vi Anand,1979
nm6517349,Kofuku Nakamura,
nm6534475,Olga Molina,
nm6539175,Sarah MacRae,
nm6552871,Darya Ursulyak,1989
nm6679114,Greg Poppa,
nm6694271,Gabriel Omri Loukas,1996
nm6703405,Oleg Gruz,
nm6714979,Camila Morrone,1997
nm6752942,Charlotte Stent,
nm6755001,Ineta Stasiulytė,
nm6756914,Zahia Dehar,1992
nm6763368,Josh Goff,
nm6787911,Sander Provost,
nm6809999,Mercedes Peterson,
nm6879442,Allison Perchman,
nm6923452,Baig,
nm6956643,Kayvon Kaliush,
nm7025759,Murat Ercanli,1965
nm7027550,Shivraj Waichal,1992
nm7030186,Don Guy,
nm7091100,Benno Steinegger,
nm7093076,Lana Condor,1997
nm7104317,Sheislane Hayalla,
nm7106489,Jonas Santi Einarsson,
nm7144237,Mukta Patwardhan,
nm7151926,Olga P. Alba,
nm7233042,Koryn Hawthorne,
nm7248493,Kaine Zajaz,
nm7267977,Yongzhong Chen,
nm7286184,Faustino Deblas,
nm7288558,Harimasu Ichikawa,
nm7289094,Aram Ghasemy,
nm7321798,Brian Mulka,
nm7335276,Ally Aurora,
nm7336169,Natalee Linez,
nm7367695,Sai Pallavi,1992
nm7407110,Kemuel Crossty,
nm7416896,Bianca Andrade,
nm7441315,Lee Soo-kyung,1996
nm7444712,Samantha Skelton,
nm7452321,Viv Bersin,
nm7456138,Damien S. Johnson,
nm7459846,David L. Walker,
nm7469747,Fernando Lucumí Carabalí,
nm7487475,Yusuf Çim,1991
nm7533736,Roxanna Redfoot,
nm7601016,Adam Hassan,
nm7653186,Richard Andreu,
nm7685655,Kanata Hosoda,2001
nm7752372,Virginia Vogt,
nm7927064,Yua Shiraishi,
nm7931125,Tyrone Nathaniel Reeves,
nm7931483,Rohit Chavan,
nm7973284,Hazal Türesan,1985
nm7981127,Deonde Crawford,
nm7989024,John Settle,
nm7993943,Al Di,
nm8032581,Princess Elmore,1971
nm8091630,Elsie Hewitt,1996
nm8178625,Chris Matteis,1993
nm8193718,Tieying Zhao,
nm8207234,Lalu,
nm8269687,Ray Cruz,
nm8300353,Hemantha Iriyagama,
nm8350918,Rowan-Raine Pretorius,
nm8351607,Haruka Imô,
nm8402598,Manoj Guinness,
nm8430400,Marthino Lio,
nm8505847,Keith Keyes,
nm8512754,Dawn Long,
nm8531599,Aydan Akboga,
nm8597648,Ra'na Safavi,
nm8624059,Jacob Elordi,1997
nm8657997,Ejiroghene,
nm8776834,Lori Carsillo,
nm8806402,Tian Ge,1990
nm8851822,Kenton Kiser,
nm8855159,Bryan C. King,
nm8857571,Jatin Sharma,
nm8933245,Ariel Borenstein,
nm8935375,Alexa Mechling,
nm8967586,Baohe Yang,
nm9003790,Tsz Yin Leung,
nm9016782,Nimisha Sajayan,1997
nm9057632,Anna Manuelli,
nm9075728,Yang Hyun-min,1981
nm9091737,Neil Dunsire,
nm9133882,Sharvari Lohokare,
nm9147066,Ryan Fargo,
nm9151002,William Darche,
nm9155775,Christopher Studenka,
nm9213423,Olly Bassi,
nm9223102,Carlotta Antonelli,1995
nm9240672,George Kayaian Sr.,
nm9240677,Michael Webb,
nm9253867,Tóth Kornél,
nm9322289,Joyce Peñas,
nm9335959,Falz,
nm9365636,Elizabeth Yamauchi,
nm9410838,Jarryd Doyle,
nm9416452,Jesse Edgecomb,
nm9421639,Sanjula Diwaratne,
nm9433473,Nyla Pramod,
nm9435082,Te'an Archer,
nm9445747,Baoxian Ren,
nm9457225,Upul Gunawardana,
nm9458885,Emma Giegzno,
nm9503304,Indika Deshapriya,
nm9520900,Minghao Jiang,
nm9533540,Taner Bahadir,
nm9536476,Anastasis Laoulakos,
nm9548661,Crystal Leah Jones,
nm9567821,Nayana Rambukkanage,
nm9578668,Ashley Killips,
nm9605400,Samudra Hikkaduwa,
nm9605846,Najeedah Suber,
nm9606557,Joe Skeen,
nm9629822,Kai Kolder,
nm9661819,Riddhi Kumar,1998
nm9782337,Stevie Vallejo,
nm9805190,Van Hu,
nm9835815,Lakdhar Dridi,
nm9836528,Milton Soto,
nm9864495,Alicia Arioni,
nm9925907,Nikole Rossitter,
nm9932174,Chandler Mantione,
nm9958408,Corynn Treadwell,
nm9993485,Augusto Cortesi,
nm0000146,Ralph Fiennes,1962
nm0000169,Tommy Lee Jones,1946
nm0000483,Christopher Lambert,1957
nm0000514,Michael Madsen,1957
nm0001995,George Chakiris,1932
nm0002546,Mena Suvari,1979
nm0004730,Orson Bean,1928
nm0013833,Ah-Lei Gua,1944
nm0023979,Jeovah Amaral,
nm0035395,Jillian Armenante,
nm0037490,Asuman Arsan,1934
nm0037721,Charles Arthur Berg,1970
nm0080426,Nagesh Bhonsle,1960
nm0086134,Rogelio Blain,1944
nm0108820,Tim Bridgewater,
nm0110336,Vigga Bro,1937
nm0136036,Boris Cavazza,1939
nm0151071,Pui-Kei Chan,
nm0151526,Chandramohan,1945
nm0152430,Kevin Chapman,
nm0153855,Will Chase,1970
nm0155642,Siu-Tung Ching,1953
nm0163217,Laura Clair,
nm0212534,Lunden De'Leon,
nm0223973,Francesco Di Leva,1978
nm0226701,Jasna Diklić,1946
nm0232998,Jeffrey Donovan,1968
nm0236657,Drag-On,1979
nm0251139,Yôsuke Eguchi,1967
nm0252230,Chiwetel Ejiofor,1977
nm0252775,Judith El Zein,1976
nm0257917,Alfred Enoch,1988
nm0267724,Bill Farmer,1952
nm0280955,Didier Flamand,1947
nm0299401,Issei Futamata,1955
nm0304065,Kwok-Leung Kam,1954
nm0317457,Wilbert Gieske,1947
nm0332061,Axel Gottschick,1953
nm0368491,Lisa Hasslehurst,
nm0372117,Anthony Head,1954
nm0375990,Mahmoud Hemida,1953
nm0393028,Oscar Homolka,1898
nm0409384,Flavio Insinna,1965
nm0411804,Kazu Itsuki,1968
nm0417687,Davor Janjic,1969
nm0433697,Bodil Jørgensen,1961
nm0434595,Ryōsuke Kagawa,1896
nm0436788,Takuzô Kamiyama,1931
nm0437156,Ilias Kanchan,1956
nm0440107,Katy Karrenbauer,1962
nm0441526,Shintarō Katsu,1931
nm0442368,Ron Kauk,1957
nm0442848,Reikichi Kawamura,1897
nm0452224,Anne Kidd,
nm0462164,Flip Kobler,
nm0464592,Midori Komatsu,1891
nm0465236,Toshiaki Konoe,1910
nm0465532,Kôji Takahashi,1935
nm0482285,Lakshmi,1952
nm0492924,Mark Christopher Lawrence,1964
nm0509937,Judith Light,1949
nm0515200,Barbara Livi,1973
nm0541238,Kaori Manabe,1980
nm0548133,Albert Maritz,
nm0553186,Víctor Huggo Martin,
nm0556305,Jamshid Mashayekhi,1934
nm0556623,Brianna Mason,
nm0563519,Fabián Mazzei,1966
nm0578248,Germano Melo,
nm0592398,Karim Mirkhadiev,1954
nm0593043,Tokiko Mita,
nm0594679,Hiroshi Mizuno,
nm0609706,Mouli,
nm0614885,Christian Murray,
nm0619969,Rie Nakagawa,1948
nm0619997,Sanae Nakahara,1935
nm0622186,Alok Nath,1956
nm0634349,Robert Nolan,
nm0641433,Patrick O'Kane,1965
nm0689040,Josiah Polhemus,
nm0690803,Aaron Poole,1977
nm0690904,Kirstie Pooley,
nm0698562,Sergei Prokhanov,1952
nm0706883,Steve Railsback,1945
nm0710179,Massimo Ranieri,1951
nm0713942,Andrew Readman,
nm0732970,Penelope Robinson,
nm0734368,Bembol Roco,1953
nm0736263,Daniel Roebuck,1963
nm0747365,Guy Royer,
nm0750913,Tim Russ,1956
nm0755401,Keiji Sada,1926
nm0760866,Sylvia Sanchez,
nm0762659,Sangeeta,
nm0770726,Judit Schell,1973
nm0773533,Jiří Schmitzer,1949
nm0780485,Jenny Seagrove,1957
nm0782627,Trond Espen Seim,1971
nm0793784,Shin Ha-kyun,1974
nm0837475,Kyôji Sugi,1903
nm0837784,Barbara Sukowa,1950
nm0838937,Daolin Sun,1921
nm0844142,Ági Szirtes,1955
nm0847645,Eiko Takashiro,1945
nm0847654,Hisako Takihana,1906
nm0858479,Angelika Thomas,1946
nm0865333,Bruno Todeschini,1962
nm0865800,Musei Tokugawa,1894
nm0874556,Yann Trégouët,1975
nm0875366,Yumeji Tsukioka,1922
nm0890808,Liz Vassey,1972
nm0896292,Christina Vidal,1981
nm0905266,Keinosuke Wada,
nm0913831,Makiko Watanabe,1968
nm0918099,Ami Weinberg,1953
nm0924552,Brian White,1975
nm0928296,Pawel Wilczak,1965
nm0931477,Philip Williams,1954
nm0931898,Wade Williams,1961
nm0944638,Menghen Xu,
nm0945435,Kei Yamamoto,1940
nm0948989,Mitsuko Yoshikawa,1901
nm0951954,Hassan Zahedi,
nm0972851,Luke Benward,1995
nm0992037,Kyôsuke Sasaki,
nm0994324,Yutaka Ikejima,1948
nm1000331,Rima Aono,
nm10004503,Ranard Ladd,
nm1005692,María Aura,1982
nm10168599,Theresa Smith-Levin,
nm10226951,Bakari Makuka,
nm10257126,Jahmal Padmore,
nm10273397,Kotone Furukawa,1996
nm10275013,Tremon Massey,
nm10275432,Shakthi Somanna,
nm10276299,Yu Zi Kuan,
nm10276797,Laura Ketels,
nm10276798,Heloise Luzzati,
nm10278478,Jenn Brown,
nm10278850,Vikram Mastal,
nm10278982,Billy Luce,
nm1027986,Julian Barratt,1968
nm10282237,Lillie Carr,
nm10285027,Enya Murtada,
nm10290433,Catherine Aslani,
nm10292620,Cassie Benedicto,
nm10293940,Marsi Fluehr,
nm10303428,Wolfgang Schmid,
nm10305909,Musy Hart,
nm10306945,Sosuke Nosaka,
nm10309875,Kenny Powell,
nm10315884,Francisco Rullo,
nm10338571,Rayhon Asatova,
nm10338582,Hans Hantke,
nm10344251,Maduri Poornima,
nm10345040,Lanyin Qi,
nm10348167,Saburô Fujiyama,
nm10349457,Andrew Berthinee,
nm10350747,Jeffery Bridges,
nm10364608,Yûta Okuyama,
nm10369306,John Lee,
nm10369310,Mary Cascone,
nm10369424,Kevin Bradley,
nm10377910,Pei-Hang Lin,
nm10379064,Aditya Pawar,
nm10381412,Akanksha Banasode,
nm10382563,Marius Povilas Elijas Martynenko,
nm10383292,Salvador Garay,
nm10383833,Derbe Street,
nm10396871,Florian Mery,
nm10399379,Daisy Maass,
nm10402099,Susan Farrar,
nm10409180,Sanju Samarasinghe,
nm10409719,Rayhan Cornellis,
nm10411560,Devendra Nath,
nm10413137,Kiyomi Inoue,
nm10418689,Linus,
nm10419318,Altea Hernandez,
nm10419374,Nishi Neha Mishra,
nm10420457,Vincenzo Bonomo,
nm10425078,Lumene Chenet,
nm10426810,Shrikant Kamat,
nm10427467,Kayson Robinson,
nm10427691,Troy Hewitt,
nm10430008,Baris Bayram Kesen,
nm10431282,Jeremy Truong,
nm10433341,Mohamed Derham,
nm10433745,Bosse Andersson,
nm10436662,Vladimir Korolev,
nm10436818,Katherina Sánchez,
nm10438100,Julia Smith,
nm10442521,Aaliyah Howell,
nm10442609,Diamond Smith,
nm10448118,Roman Guzman,
nm10449223,Jason Lakier,
nm10452475,Prem Kumar,1991
nm10453504,Megan Bearpaw,
nm10455669,Lina Garbo,
nm10456069,Sash Kuzma,
nm10459411,Chester Prawdzik,
nm10461998,Darío Salazar,
nm10464469,Kazuma Hamada,
nm10464715,Emil Dalsager,
nm10471433,George Aaron,
nm10475049,Hedi Knorr,
nm10476376,Diego de Icaza,
nm10478323,Len LoFrisco,
nm10483765,Golshad Moradi,
nm10484635,Catalina Mihai,
nm10484884,Himeka Himejima,
nm10485138,Burak Akbulut,
nm10485139,Nazim Atci,
nm10488674,Jae Sing,
nm10492515,Michele George,
nm10493082,Tatsuo Fuji,
nm10496618,Matt Effel,
nm10499341,Dushmantha Prasad,
nm10500175,Hiroko Asami,
nm10506337,Ahmad Balouchi,
nm10511274,Alessandro Pangrazi,
nm1051221,Katie Aselton,1978
nm10514469,Julija Salaseviciute,
nm10518152,Masoumeh Beigi,
nm10519168,Oliver King Bath,
nm10519529,Daiya Kunii,
nm10520204,Cedric Henquez,
nm10520907,Anish Kilaru,
nm10521730,Larisa Fedorova,
nm10525925,Talop Passang,
nm10528834,Maia Dubios,
nm10534852,Nathan Wackett,
nm10535863,Edvinas Vadoklis,
nm10536355,Sian Xiong,
nm10536356,Gernny Lor,
nm10536915,Marta Ibáñez Cruz,
nm10542778,Pan-Yang Chang,
nm10548032,Peter Riese,
nm10550282,Kianna Naomi,
nm10555658,Kyle Brookes,
nm1056425,Rajpal Naurang Yadav,1971
nm10568842,Gabrella Sellus,
nm10625957,Alex Areta,
nm10641637,Naib Singh,
nm10657090,Ari Arnarson,
nm10684503,Kenny Hendrix,
nm10732080,Druggy Gurt,
nm1073929,Alejandro García,1981
nm10743071,Dalia Librus,
nm10743273,Fabiola Liper,
nm10753254,Jonathan Elizondo,
nm10858691,Emanuela Saguato,
nm10864581,Vital Gaonkar,
nm10866046,Armando De Giulio,
nm10869349,Michael Nangle,
nm10894112,Sylvana Boonstra,
nm10894712,Marina Mazepa,
nm10906897,Matt Demayo,
nm10985729,Omar Antabli,
nm11034834,Ryan Chase,
nm11035036,Frank Billingsley,
nm11068066,Ousnabée Zounoua,
nm11163698,Keiji Takamura,
nm11166413,Surya Babu,
nm11176253,Hollis King,
nm11220737,Bunny Abiran,
nm11221569,Ekin Akkas,
nm11259081,Reza Noori,
nm11306378,Lucas Clarke,
nm11338684,Sai Kiran Kumar,
nm1136348,Abhijit Guha,
nm1138590,Natasha Wanganeen,1984
nm11441822,Recep Aladag,
nm11484888,Vikramadityan Nambi,
nm11504067,Daniel Grana,
nm1154350,Michelle Jones,
nm11596717,Charlie Mitchell,
nm1160803,Seán T. Ó Meallaigh,1983
nm1162224,Wei Liu,1957
nm1163659,Sophie Cadieux,1977
nm11661960,Hilda Ivette Rodriguez,
nm1166977,Guillermo Pfening,1978
nm1168161,Chiaki Tsukioka,
nm11682652,Marianna Mennitti,
nm11720085,Natasha Neckles,
nm11731829,Senae Refrade,
nm11771045,Daniel Blumberg,1990
nm11859109,Sebastian Ghandchi,
nm1187160,Aria London,1983
nm11982845,Thomas Boé,
nm12008513,Gaspard Couder,
nm12129669,Taranom Kazemi,
nm12313373,Shaun Holmes,
nm1231813,Maryfrances Careccia,
nm12473275,Anjelica Serra,
nm12524298,Tomoko Ikeda,
nm12589520,Estefanía Camarena,
nm12633531,Sean Cook,
nm1275407,Wenying Dongfang,
nm1276093,Gangshan Jing,1967
nm1276263,Sandeep Kulkarni,1964
nm12776689,Leandro Ramirez,
nm1284880,Baocai Zhao,
nm1299248,Karla Estrada,
nm1300736,Ling Lu,1972
nm13120332,Dilia Blok,
nm13234493,Antonio Martino,
nm1326535,Sundar C.,1968
nm1334056,Jack Gogreve,
nm13344988,Dino Buska,
nm13445593,Hamad Almutaani,
nm1372258,Hrant Tokhatyan,1958
nm1390180,Harue Koike,1893
nm1390742,Maki Mizuno,1970
nm14002880,Lai Xi,
nm1407212,Mohamed Lotfy,1968
nm14207356,Danielle Poblarp,
nm1425287,Takaya Kuroda,1965
nm1467875,Igor Artashonov,1964
nm14760562,Gilbert Bougouma,
nm1481148,Grant Garlinghouse,
nm1496115,Sophia Ali,1995
nm1497328,Jimmy Dunn,
nm15016167,Maurice Cassell,
nm15215647,Aoqi,
nm1522315,Baiju Santhosh,
nm1533194,Gorō Tarumi,
nm1542818,Benoît Pétré,
nm1543800,Won-chan Lee,
nm1566328,JC De Vera,1986
nm1569756,Bhaswar Chatterjee,1975
nm15833707,Komang Dodik,
nm1591927,Ramon Godino,1973
nm16259818,Pammi Motan,
nm1634832,Christopher Backus,1981
nm16397899,Ofer Greenberg,1994
nm1666855,Raúl Arévalo,1979
nm1671208,Farida Saif Al-Nasr,1959
nm16773179,Alicia Anna Nemetz,
nm1682659,Michel Cymès,
nm1689341,Jasmin Bajwa,1996
nm1699385,Maahra Hill,1970
nm1701024,Nadine Labaki,1974
nm1712462,Thomas Deelen,
nm1773252,Melitta Ferrow,
nm1794268,Adam Ambruso,
nm1797498,Vettukili Prakash,
nm18127912,Imara Calwell,
nm1840480,Mayumi Fujisato,
nm1868654,Bergüzar Korel,1982
nm1903507,Tomoya Nakamura,1986
nm1922788,Devanny Pinn,1989
nm1946577,Aleksandr Golovin,1989
nm1998117,Björn Olofsson,
nm2009629,Serkan Genç,1980
nm2015188,Bernadette Cuvalo,
nm2068971,Vineeth Sreenivasan,1985
nm2076238,Aquiles Correa,
nm2088872,Alfonso Bassave,1979
nm2147475,Elliot Jenicot,
nm2148482,Yoshiko Yashioji,
nm2157503,Isabelle Kabano,
nm2216089,Bojie Hao,1981
nm2290049,Alexander Pfleger,1982
nm2300127,Lauren Compton,1987
nm2319565,Sharwanand,1985
nm2320409,Jeisa Chiminazzo,1985
nm2336722,Yue Wu,1976
nm2373151,Chōsei Kataoka,1887
nm2386430,Yôjiro Bando,
nm2422373,Tomochika,1973
nm2432364,Sacha Bali,1981
nm2468729,Mi Yang,1986
nm2488871,Shintarô Kido,
nm2545330,Vimala Raman,1982
nm2567388,Linda Baldrich,
nm2579651,Lukás Juza,
nm2582373,Julien Crampon,
nm2596821,Sahin Bagci,
nm2598196,Yase Liu,1989
nm2598275,Chih-Wei Tang,1961
nm2648766,Vitaliy Versace,
nm2718017,Kailash,
nm2732805,Karolina Kominek-Skuratowicz,1986
nm2734727,Alberto Basaluzzo,
nm2768604,Gnananga Gunawardhana,1945
nm2780676,Gisoo,
nm2783697,Rafa Siguion-Reyna,
nm2847247,Andring Asuncion,
nm2948803,Perviz Memmedrzayev,
nm2951762,Akihiro Takizawa,
nm2963158,Sue Prado,1981
nm2964342,Julia Harriman,1992
nm3029960,Egy Fedly,1956
nm3039215,Somasiri Dehipitiya,
nm3042800,Bénédicte Choisnet,
nm3055239,Paloma Morales,
nm3064155,Rajendra Jadhav,
nm3120937,Jerry Mastrodomenico,1968
nm3136459,Aleksandr Demidov,1970
nm3149791,Gabriel Afolayan,
nm3208951,Natalya Tarynicheva,1978
nm3225390,Carlos Chan,1986
nm3239779,Andreas Nguyen,
nm3241196,Emily Haigh,
nm3243068,Jaswinder Bhalla,1960
nm3247379,Pedro Frias,1980
nm3263076,Joyraj Bhattacharya,
nm3301424,Jano Izoria,
nm3314507,Tomi May,
nm3338413,Mirko Soldano,
nm3341685,Ebdülqeni Eliyev,
nm3344179,Joseph Michael Harris,
nm3369416,Yati Pesek,
nm3370408,David Puncochár,1974
nm3373863,Jennifer Daley,
nm3376453,Brian Borello,
nm3377141,Kirk Bozigian,
nm3380718,Abdulmuhsen Al-Qaffas,
nm3396201,Pradyumna Lenka,
nm3404450,Pavel Kharlanchuk,1978
nm3441044,Simona Molinari,
nm3462599,Osvaldo Friger,
nm3492347,Mounir Maasri,
nm3496069,Gaurav Ghatnekar,
nm3534819,Monroe Robertson,
nm3573027,Milan Ondrík,1980
nm3589171,Dale Miller,
nm3607201,Will Debley,
nm3622832,Razali Hussin,
nm3623789,Daniel Passi,
nm3642592,Pravin Tarde,1974
nm3644157,Giulio Beranek,1987
nm3651759,Jang Nam-boo,1975
nm3654931,Johannes Grenzfurthner,1975
nm3684541,Masaharu Nakano,
nm3714002,Marta Ojrzynska,1981
nm3769209,Man-Miao Huang,
nm3771539,Monda Scott,
nm3789450,Kim Hong-pa,1962
nm3789806,Lee Jun-hyuk,1984
nm3813115,Aja Naomi King,
nm3833810,Kaushik Satish,
nm3877635,Tetsuya Chiba,1963
nm3886541,Miranda Nolan,
nm3889365,Joe Vargas,
nm3958585,Rainey Qualley,1990
nm3964972,Ryûki Kitaoka,1971
nm3966365,Sumit Gulati,1990
nm3970165,Leslie Appleton,
nm3977708,Sunaina Yella,1989
nm3996999,Brandon Sklenar,1990
nm4077309,Lauro Montana,
nm4112050,Yuki Kurimoto,
nm4131336,Rachel Alig,1987
nm4175221,Karan Soni,1989
nm4175887,Emily Goss,
nm4191893,Veebha Anand,1996
nm4204330,Rick Richter,
nm4304342,Davvy Singh,
nm4321429,Scott Gorbach,
nm4325236,Heather Clark,
nm4389614,Makara Supinacharoen,
nm4424786,Bernardo Chatillon,
nm4483863,Jasem Al-Nabhan,1944
nm4492863,Bhagyashree Desai,
nm4497465,Garrett Marchbank,
nm4518065,Doreen van der Meer,
nm4545984,Sam Quartin,
nm4580166,Sofía Del Tuffo,
nm4588209,John J. Jordan,
nm4668497,Mrinmayee Godbole,1988
nm4680391,Iis Dahlia,
nm4713973,Claire Veldkamp,
nm4748460,Sofya Mitskevich,
nm4762222,Tennur Solak,
nm4765550,Orelsan,1982
nm4767006,Chris Costanz,
nm4792262,Lucas Calzada,
nm4803560,Yiheng Du,1978
nm4816336,Tom Plumley,
nm4827456,Viktoriya Varley,1984
nm4877066,Akiko Chiaki,
nm4958040,Vin Hawke,
nm4965558,Chase Mullins,
nm4969434,Matthew Van Oss,
nm4979628,Rani Agarwal,
nm5002558,Keller Fornes,1992
nm5046950,Jun Aoba,
nm5070845,Hasti Mahdavifar,
nm5100686,Oliver Frances Valerie,
nm5106325,Alireza Mehran,
nm5107399,Rucha Inamdar,
nm5137121,Natsuki Hanae,1991
nm5143940,Yova Gracia,
nm5193462,Hirona Yamazaki,1994
nm5208425,Jen Hronek,
nm5330264,Stephanie Garvin,
nm5372988,Catherine Davis,
nm5390656,Rie Murakawa,
nm5391503,Stine Bruun,
nm5392910,Bri Giger,
nm5407537,Alex Galimany,
nm5423060,Zoheir Yari,
nm5440244,Paula Baldini,
nm5451541,Toofan 'Toufan' Mehrdadian,
nm5478103,Aparna Nancherla,1982
nm5496985,Eray Eren,
nm5499780,Shakthi Vasudevan,
nm5499902,Lee Mark Jones,
nm5503403,Tarlan Parvaneh,1998
nm5531691,Aruna Balraj,
nm5558344,Patrick Boyer,
nm5561908,Suchendra Prasad,
nm5567367,Joey Johnson,
nm5574410,Erin Margurite Carter,
nm5645633,Charles D. Clark,
nm5659567,Siyaa Patil,
nm5680859,Ko Sung-hee,1990
nm5684117,Wandré Gouveia,
nm5726457,Dean Miroshnikov,
nm5751952,Cameron Cook,
nm5834167,Sumiko Hasegawa,
nm5852404,Naveen Krishna,
nm5866590,Barbora Hankeová,
nm5878003,Lokesh Malik,
nm5893121,Adit Dileep,
nm5947724,Sakshi Chaudhary,1991
nm5959033,Damien Chapelle,1988
nm5968967,Alexander Doddy,
nm5977236,Shaji,
nm6030368,Ryô Matsuda,1991
nm6069517,Marli Siu,
nm6137761,Ornella Fleury,
nm6224597,Aadesh Bandekar,
nm6233323,Raja Sethi,
nm6239374,Jith Mohan Mitra,
nm6268102,Jennifer Pollono,
nm6299724,Sam Nivola,2003
nm6327654,Michelle Hansen,
nm6333914,Matteo De Buono,
nm6334521,Namo Narayana,
nm6411669,Aysen Batigün,
nm6453091,Kathir,1991
nm6491406,Ria Atayde,
nm6497561,Algirdas Gradauskas,
nm6515560,Aubrey Mmakola,
nm6518022,David Neil Cohen,
nm6572022,André Beukers,1944
nm6573684,Destiny Salas,
nm6628316,Paco Pizaña,
nm6635410,Sumiko Yamashita,1899
nm6660277,Charon Alston,
nm6669551,Barry W. Jerald Jr.,
nm6685502,Justo Calabria,
nm6685535,Brent Baird,
nm6741390,Charlie Baker,
nm6778905,Gaynikamal Baykoshkarova,
nm6796131,Juliana Jurenas,
nm6869208,Sonny Cruz,
nm6894302,Alexander King,
nm6910585,Josh Adams,
nm6922643,Chelsea Jurkiewicz,1998
nm6943991,Mariana Achega,
nm6972362,Jared M. Reeder,
nm7060212,Linda Kotisová,
nm7112244,Yildirim Gücük,1973
nm7144357,Sagar Karande,
nm7251826,Avi Holden,
nm7279652,Kaitlyn Hiller,
nm7425091,Alex Haydon,
nm7466077,Karim Mohammad Amini,
nm7504772,Fabio Taphanel,
nm7519259,Shi Drury,
nm7529924,Etiève Lena,
nm7549150,Felix Buenaventura,
nm7552807,Tallulah Haddon,1997
nm7564241,Pablo Grant,1997
nm7624291,Raju Ahmed,1941
nm7630841,Prapti Ajwalia,
nm7635634,Rahima,1915
nm7667168,Theresa Croft,
nm7694242,Meghashree,
nm7694608,Gayathri Iyer,1999
nm7733435,Milind Shintre,
nm7744932,Kevin Big K Taylor,
nm7756026,Bii,1989
nm7759916,Michael Shawn Starks,1975
nm7797832,Amr Yousri,
nm7816790,Hamada Asaaker,
nm7822298,Laila Abdallah,
nm7917379,Rocío Marín,
nm7922388,Amir Hossein Hashemi,1989
nm7988098,Ryôko Tani,
nm7988260,Yôko Hayakawa,
nm8011886,Rose-Marie Perreault,
nm8069289,Keni Bounds,
nm8071216,Shyam Thombre,
nm8084770,François Nour,1995
nm8088017,Krystal Elise,
nm8155551,Jason Schneider,
nm8159858,Miroslav Zavicár,1979
nm8169455,Nancy Sauer,
nm8175611,Ada Anane,1989
nm8264172,Anna Cathcart,2003
nm8277159,Tyler Penn,
nm8284971,Erika Karata,
nm8305739,Indy Saluja,
nm8316861,Louis Ova,
nm8352392,TS Madison,1977
nm8400771,Mosson Victor,1964
nm8400781,Gidron Hermione,
nm8423523,Jack Tracy,
nm8445335,Francesco Baldi,
nm8454987,Tyler Hopkins,
nm8467055,Alexxis Lemire,1996
nm8481488,Candice Brown,
nm8510480,James Scully,1992
nm8511955,Alexandru Aldea,
nm8527294,Leandro Baumgratz,
nm8581283,Azade Mehdizade,
nm8586210,Robert A. Coldicott,
nm8586448,Carleton King,
nm8587084,Karim Ghajar,
nm8620401,Yulduz Rajabova,
nm8630036,Don Gillespie,
nm8662410,Ryôko Iori,
nm8683370,Viet Huong,1976
nm8700897,Ivan Sharan,
nm8710368,James David West,
nm8754981,Helen Shephard,
nm8809885,Robert Nederlof,1993
nm8817221,Sara Pejcic,
nm8894368,Saman Almeida,1966
nm8894369,Chathura Perera,
nm8900135,Sidney Robote,
nm8904193,Manikandan K.,
nm8924553,Mickaël Lumière,
nm8964796,Daniel Luciano,
nm8982579,Antonio Scarpa,1990
nm9099331,Michael Keida,1979
nm9135025,Ryleigh Leggett,
nm9165599,Quintessa Swindell,1997
nm9175942,Simone Walker,
nm9427108,Sanet Dikkumbura,
nm9439942,Kurt Deimer,
nm9447600,Ananda Fatturahman,
nm9460103,Juliet Rusche,
nm9461280,Muthu Tharanga,
nm9549609,Emem Ufot,
nm9556979,Francesco Centorame,1996
nm9563541,Gamini Kostha,
nm9565589,Srilal Abeykoon,
nm9581477,Sterre van Woudenberg,
nm9584508,Linda May,
nm9614287,Itsuki Fujii,
nm9617210,Marcell Prince,
nm9640232,Alfonda Jamison,
nm9678912,Harry Wimalasena,
nm9680891,Anastasiya Bazhutina,
nm9680894,Valeriy Dyuldin,
nm9680909,Andrey Bobov,
nm9709002,Brandon Fairley,
nm9758616,Bárbara Di Flaviano,
nm9780356,Mellie White,
nm9811540,Mustafa Karadeniz,
nm9814633,Miguel Valdes,
nm9835969,Ramesh Adhikari,
nm9851356,Ben Key,
nm9851360,Daniel Lane,
nm9900699,Caeli Austin,
nm9959355,Kim Dae-han,1992
nm0000115,Nicolas Cage,1964
nm0000173,Nicole Kidman,1967
nm0000182,Jennifer Lopez,1969
nm0000317,Clancy Brown,1959
nm0000377,Richard Dreyfuss,1947
nm0000531,Frances McDormand,1957
nm0000840,Lucille Ball,1911
nm0001132,Judi Dench,1934
nm0001586,Joanna Pacula,1957
nm0001882,Olivia d'Abo,1969
nm0003030,Rosa Maria Sardà,1941
nm0004051,Brian Cox,1946
nm0007102,Tabu,1971
nm0012178,Jerry Adler,1929
nm0014620,Liya Ai,1965
nm0014954,Kyōko Aizome,1958
nm0015176,Bontarō Miake,1906
nm0016941,Ingo Albrecht,1959
nm0027984,Péter Andorai,1948
nm0038351,Mayumi Asano,1969
nm0040545,Féodor Atkine,1948
nm0046532,Raymond Bagatsing,1967
nm0055264,Mary-Anne Barlow,1974
nm0059303,Jiří Bartoška,1947
nm0069898,Shmil Ben Ari,1952
nm0070571,Camilla Bendix,1971
nm0092348,Damien Boisseau,
nm0098388,Carlo Boszhard,1969
nm0098524,Detlef Bothe,1965
nm0101558,Rodolfo 'Boy' Garcia,1935
nm0122834,Paul E. Burns,1881
nm0133452,Sevgi Can,1950
nm0149286,Janusz Chabior,1963
nm0150882,Ellen Chan,1966
nm0157207,Temiko Chichinadze,
nm0168036,Marcel Cobzariu,
nm0176506,Hector Contreras,
nm0188709,Neil Crone,1960
nm0193554,Vondie Curtis-Hall,1950
nm0210875,Darin De Paul,1960
nm0220838,Renu Desai,1981
nm0221315,Sébastien Desjours,
nm0235960,Robin Atkin Downes,1976
nm0239688,Pierre-Isaïe Duc,
nm0246582,Gloria Diaz,1951
nm0251177,Tatsuyoshi Ehara,1937
nm0259472,Altan Erkekli,1955
nm0284454,Oleg Fomin,1962
nm0297843,Susumu Fujita,1912
nm0299078,Joaquín Furriel,1974
nm0302108,Zach Galifianakis,1969
nm0317181,Scott Gibson,
nm0340028,Kay Greidanus,1991
nm0347201,Cayetana Guillén Cuervo,1969
nm0348005,Lionel Gunaratan,
nm0359496,Mahmure Handan,1915
nm0375962,Mark Hembrow,1955
nm0386414,Ryôko Hirosue,1980
nm0387363,Peter Ho,1975
nm0391738,Adrian Holmes,
nm0406305,Julia Ianina,1983
nm0409204,Innocent Vareed Thekkethala,1948
nm0410933,Nobuyuki Ishida,1950
nm0420156,Juliette Jeffers,
nm0421252,Stephen Jennings,
nm0422623,Philip Keung,1966
nm0434941,Mohammad Taghi Kahnemoui,1919
nm0441225,Ana Alexander,
nm0451345,Yusuf Khan,1929
nm0451574,Gohar Kheirandish,1954
nm0457483,Akemi Kita,1940
nm0457502,Chizuru Kitagawa,
nm0457877,Inka Kallén,1981
nm0457953,Nijiko Kiyokawa,1912
nm0517028,Jessejames Locorriere,1971
nm0530961,Mustapha Maarof,1935
nm0531722,Gary McDonald,1961
nm0546997,Nívea Maria,1947
nm0555902,Dulce María,1985
nm0559420,Masao Matsuda,
nm0562953,Andrew Mayor,
nm0564697,Holt McCallany,
nm0582889,Nina Meurisse,1988
nm0586524,Norihei Miki,1924
nm0590775,Aiko Mimasu,1910
nm0593930,Mitsuko Mito,1919
nm0598590,Antonio Monroi,
nm0599999,Maria Amelia Monti,1961
nm0611145,Joachim Dietmar Mues,1945
nm0619185,Masatoshi Nagase,1966
nm0623414,Abbas Nazeri,
nm0645781,Enuka Okuma,1976
nm0645822,Elzbieta Okupska,1953
nm0652934,Ola Otnes,1951
nm0654710,Turgut Özatay,1926
nm0654837,Mayumi Ôzora,1940
nm0661886,Park Geun Hyung,1940
nm0663708,Kenan Pars,1920
nm0667074,Alan Paule,
nm0670725,Oksal Pekmezoglu,1938
nm0675036,DJ Perry,1970
nm0679150,Candela Peña,1973
nm0683253,Rosamund Pike,1979
nm0686035,Ernst Pittschau,1883
nm0688705,Jaroslava Pokorná,1946
nm0715693,Sheila Reid,1937
nm0726922,Harry van Rijthoven,1950
nm0729461,Dante Rivero,
nm0756870,Tatsuo Saitō,1902
nm0762298,Carol Sands,
nm0767954,Iya Savvina,1936
nm0773551,Ingo Schmoll,1970
nm0776145,Michael Schulte,
nm0784093,Azlee Senario,1967
nm0784111,Luc Senay,1958
nm0804530,Janez Skof,1960
nm0806662,Dulcie Smart,
nm0822354,Richard Stanke,1967
nm0836137,Maciej Stuhr,1975
nm0856917,Anna Thalbach,1973
nm0864798,Yukiyo Toake,1942
nm0882219,Urvashi,
nm0883783,Germán Valdés III,
nm0887206,Jelka van Houten,1978
nm0905268,Kōji Wada,1944
nm0918800,Eleonore Weisgerber,1947
nm0925544,Trevor White,
nm0926970,Cyril Wickramage,
nm0955544,Margarita Zharova,1925
nm0992109,Siavosh Tahmoures,
nm1001712,Giorgio Pressburger,1937
nm10026135,Kanoko Sudo,
nm1003010,Keiko Hase,
nm10045404,Sofie Juul Blinkenberg,1997
nm10074746,Ejder Özkarsligil,1995
nm10075303,Brennan Huizinga,
nm10081542,Amanda Allen,
nm10093507,Shadia Abdulhameed,
nm10134821,Nadira Octova,
nm10175558,Pierce Briggs,
nm10188572,Camilla Nigro,
nm1020221,Bruce Purcell,
nm10207056,Teo Dellback,
nm1021126,Pablo Azar,
nm10234765,Dima Bespalov,
nm10235712,DeAge'a Davis,
nm10265474,Giuseppe Malerba,
nm10265751,Erol Üzümcü,
nm10265968,Maximilian Zschiesche,
nm10270564,Sean-Vaughn,
nm10273167,Jon Pacheco,
nm10279636,Dexter Holman,
nm10279637,Angelica Adewale,
nm10287499,Mariana Marques,
nm10288342,Bob Corn,
nm10288589,Hideo Omura,
nm10290435,Asghar Moradtalab,
nm1029098,Sandayû Dokumamushi,1936
nm10292073,Javier Elenilson Arevalo,
nm10297056,Kikuyâ Ôkazaki,
nm10301005,Betty Blanco-Gomez,
nm10303747,Matt Brown,
nm10303980,Gold Villar,1988
nm10304664,Michael Staruh,
nm10305379,Maude Choquet-Blanchette,
nm10308107,Suranga Satharasinghe,
nm10315883,Simi Redondo,
nm10327043,Kardelen Çakiroglu,
nm10333358,Nathan Steel,
nm10339336,Wenlong Du,
nm10348261,Carol Leathers,
nm10349346,Karol Mazzei,
nm10352906,Sarjano Khalid,1999
nm1035643,Frederick Lau,1989
nm10356449,Jacopo Maugeri,
nm10358005,Abenk Marco,
nm10367779,Ramón Roa,
nm10369281,Cody Cathcart,
nm10369423,Sage Elsesser,
nm10372302,Emily Hudomiet,
nm10377911,Ya-Chun Huang,
nm10379059,K.S. Thorat,
nm10379173,Satsuki Nakayama,
nm10381444,Beatriz Sojo,
nm10383831,Amanda Höldtke,
nm10385932,Tyler Godden,
nm10389253,Chieh Chien,
nm10390405,Alyssa Pileki,
nm10390409,Chad Allard,
nm10395067,Giovanna Filippone,
nm10396879,Dylan Phan,
nm10400885,Alys De Los Santos,
nm10402105,John C. Baker,
nm10403416,Youngman Cho,
nm10411939,Vicky Liang,
nm10413790,Kazue Ouchi,
nm10423840,Bram Bates,
nm10423983,Lee Banaga,
nm10425802,Diélyka Souza Maciel,
nm10426604,Pedro David,
nm10428102,Ana Milovanovic,
nm10428846,Simple Eromonsele,
nm10429832,Maria Jones,
nm10430007,M. John Rashiddin,
nm10433061,Keston Blackman,
nm10436357,Sandeep Kulkarni,
nm10437917,Hee Kyung Han,
nm10438102,Austin Arnold,
nm10438667,Saheb Halder,
nm10442543,Kailey Fisher,
nm10444356,Miguel Babo,
nm10447861,Hongyang Liu,
nm10449320,Nancy Ellen,
nm10450735,Pd Satish Chandra,
nm10451090,Betül Demirkaya,
nm10452474,Tariq Imtyaz,1990
nm10455288,Gem Deger,
nm10456061,Amanda Kuburas Alukic,
nm10457996,Ruwan Wasantha,
nm10459374,Chengcai Han,
nm10464710,Man Israel Ebaba,
nm10467145,Sam Larner,
nm10469691,Kyoko Matsushima,
nm10482384,Ravi Verma,
nm10482617,Sterre Land,
nm10482677,Aaliya Siddiqui,1977
nm10483049,Diane Box Worman,
nm10491063,Devdas Anand,
nm10491924,Farideh Bahrami,
nm10492300,Annapurna,
nm10492887,Jamikel Scott,
nm10493412,James Salvatore,
nm10494106,Laura May,
nm10496617,Thomas Barbenson,
nm10501288,Rochelle Dickerson,
nm10505052,Buket Coklar,
nm10505943,Amin Miri,1980
nm10507027,Sameerdatta,1992
nm10510879,Soleil Aubry,
nm10514574,Melih Bilecen,
nm10516612,Ricardo González,
nm10517493,Andre S.,
nm10521115,Shakes Daring,
nm10523723,Eliska Cechova,
nm10528043,Iris Raccah Fellus,
nm10529306,Asyiela Putri Bt Azhar,
nm10537550,Liam,
nm10538031,Saptarshi Basu Roychoudhury,
nm10538302,Rodolfo Llinás,
nm10542697,Ming Xing,
nm10569190,Hande Aras,1990
nm10576428,Swapnil Jadhav,
nm10587168,Pushan Dasgupta,
nm10603010,Anand,
nm10610062,Sabrina Carlo,
nm10618259,Chris Clancy,
nm10627018,Nour Morse,
nm10635747,April Blasdall,
nm10642658,Berit van de Wouw,1982
nm10654491,Vihana Tej,
nm10670328,Rajani Murali,
nm1067179,Tobias Licht,1977
nm10680092,Katia Annino,
nm10680110,Laura Accomando,
nm1069416,Gayatri Jayaraman,
nm10707787,Isabella Sides,
nm10725100,Laura van Der Meché,
nm10743345,Basha,
nm10764434,Daniel Repas,
nm10767666,Vaibhav Bhatnagar,
nm10813425,Shilpa Gowda,
nm10818341,Lysandra Anastasopoulou,
nm10866299,Inyelina 'Wendy' Sosa de Tavarez,
nm10886395,Matias Neves,
nm10930002,Vikhyat Swades,
nm10940767,Chris Barnett,
nm11001745,Valentina Chacin,2007
nm11049968,Josh King,
nm11062165,María Dögg Nelson,
nm11062619,Ekta Sodhi,
nm11084815,Runnan Zhao,
nm11115403,Ryad Okazi,
nm11132149,Jason Conner,
nm11136102,Shoban Makwa,
nm11136111,Kishan Parmar,
nm1116205,Karina Marimon,
nm11198487,Stephanie Adduci,
nm11306374,Gemma Ashton,
nm11322757,Hui Lan,
nm11363688,Samson Steine,
nm11410757,Ava Lyons,
nm11436370,Piper Wild,
nm11443889,Shaquahn Crowe,
nm1146797,Roberto Negri,
nm1147702,K.D. Aubert,1978
nm11585402,Irfan Sagbas,
nm11596712,Delbert Hosemann,
nm11614280,Charlotte Bradshaw,
nm11628110,Preet Anand,
nm11663249,Quentin Gilbert,
nm1167890,Sui-Man Chim,1965
nm11720303,Lucas B. Clarke,
nm1172749,Sandra Medina,
nm1181576,Kamyab Kasravi,
nm11894470,Patricia Grier,
nm1209137,Rio Akisada,
nm1209192,Moisés Arizmendi,
nm12097325,Ramiro Resendiz,
nm12102793,Ba Tay,
nm12111895,Xintong Xie,
nm12139768,John Combs,
nm12160436,Maria Bondareva,
nm12191660,Hemath,
nm12251475,Dudoo Amin,
nm1235303,Michal Koterski,1979
nm1254116,Ping Zhang,1917
nm12575299,Jendle Sy,
nm12885248,Ramnath Choudhary Algoja,
nm12902760,Jane Oliphant,
nm1293000,Kōemon Kataoka,
nm1298177,Philippe Bellet,
nm13041069,Nino Batista,
nm13357370,Caroline Derpienski,2000
nm13414154,Svetlana Brajovic,
nm13416350,Anahita Singh,
nm1347556,Alam Rengga Surawidjaja,
nm1354491,Nader Boussandel,1974
nm1359720,Yasumi Hara,1915
nm13721928,John Banwell,
nm1372650,Garth Collins,1967
nm13874707,Young Suk Ko,
nm13916854,Hadi El Hachem,
nm14079188,Ashish Athawle,
nm1417182,Cut Mini Theo,1973
nm1418952,Bhavana,1986
nm14302146,Wesley Cornelissen,
nm14304267,Melissa Boyle,
nm1432578,Shammi Thilakan,
nm1442642,Paboda Sandeepani,
nm14456599,Asha,
nm1446786,Travis Myers,
nm14650629,Sofia Titarenko,
nm14650630,Melania Wynar,
nm1472177,Cham Cham,
nm1478954,Antonique Smith,1983
nm1488876,Ryûkichi Yokoyama,
nm1500446,Thomas Scimeca,
nm1525234,Norikazu Takeda,
nm15353535,Mehdi Fathi,
nm15449941,Kris Bruno,
nm15466514,Nana Antwi-Boasiako,
nm1553585,Kenny Grullon,
nm15593387,Kang Deok-Joong,
nm1559927,Booboo Stewart,1994
nm1572739,Meera Krishnan,1968
nm16027800,Pasquale Bavota,
nm16030944,Kévin Saenger,
nm16049743,Konda Venkata Rajendra,1985
nm1627809,Minken Karasawa,
nm16393671,Agnes Emma Charlesdóttir Guanci,
nm16445504,Teresa Panek,
nm16527384,Esini,
nm16744143,Ridheema Karmakar,
nm1682953,Ramki,1962
nm1714943,Joross Gamboa,1984
nm1717152,Jackson Rathbone,
nm17261530,Bryce Owens-Roberts,
nm1728175,Hilmi Özçelik,1968
nm1728860,Samvrutha Sunil,
nm1745545,Yoshimi Aoki,
nm1783981,Bheeman Raghu,
nm1784919,Chuan-cheng Tao,1946
nm1803818,George Kayaian,1965
nm1822271,Kevin Janssens,1979
nm1846495,Ehteram Boroumand,1947
nm1863658,Brandon Ray Olive,
nm1874163,Megumi Ôhara,
nm1878301,Annie Liu,1981
nm1881676,Osmar Núñez,
nm1892960,Cengiz Bozkurt,1964
nm1905619,Frédéric Boudreault,
nm1910815,Subhasish Mukherjee,
nm1957308,V. Jayaprakash,1962
nm1961487,Welankar-Satam Madhura,
nm1963406,Navdeep,1986
nm1967566,Giulia Di Quilio,1980
nm1983393,Fareed Ward,
nm1985962,Stephen Brodie,
nm2001941,Stanislav Majer,1978
nm2055197,Sachit Patil,
nm2093976,Emilia Drago,
nm2135713,Christina Ritter,
nm2181420,Gantsu Morita,1965
nm2198906,Marlen Egutia,
nm2200658,Ray Nicholson,1992
nm2202931,Larry Jack Dotson,1953
nm2222175,Enver Gjokaj,1980
nm2244765,Vijay Mallya,
nm2260724,Marco Dapper,1983
nm2266683,Masanori Mimoto,
nm2274783,Sabrina Reiter,1983
nm2292317,Montserrat Marañon,
nm2315650,Timothy McCracken,
nm2323967,Sheryl Thompson,
nm2330321,Dashiell Connery,1997
nm2349190,Marianna Semyonova,
nm2353703,J.R. Cruz,
nm2366511,Bhagyalakshmi,
nm2369414,Gustavo Vargas,1980
nm2376650,Satya Krishnan,1982
nm2377000,Sofya Kashtanova,1987
nm2387707,Bront Palarae,1978
nm2410557,Akarsh Khurana,
nm2412978,Catherine Chau,1979
nm2413221,Hakan Meriçliler,1968
nm2415043,Raquel Cordero,
nm2415604,Mónica Del Carmen,1982
nm2416766,Utanosuke Arashi,
nm2445177,Eli Ildis,1966
nm2459609,Josue Guerrero,1982
nm2501633,Lena Dunham,1986
nm2507201,Hamid Reza Afshar,
nm2516110,Vijay Chavan,1955
nm2535133,Anahí de Cárdenas,
nm2546649,Brad Owens,
nm2551500,Tony DeMil,1976
nm2558112,Ferdi Stofmeel,1982
nm2570245,Kajal Aggarwal,1985
nm2572554,Peyton List,1998
nm2595872,Saisin Wongkhamlao,
nm2609445,Michael Gambino,1978
nm2613100,Ahmed Bharoocha,
nm2618253,Man Katô,1960
nm2715539,Miller Khan,1987
nm2728268,Tripp Courtney,
nm2744972,George Moreno,
nm2745688,Ji-Lung Chang,
nm2763314,Reba Phukan,
nm2779825,Ruslan Chernetskiy,1981
nm2785414,Chung-Ping Chiang,
nm2788001,Kôji Maeda,
nm2792296,Sonequa Martin-Green,1985
nm2796110,Keiko Yuri,
nm2796399,Matt Whittaker,
nm2811073,Jacob Blair,1984
nm2828216,Mary McMurphy,
nm2837850,Chieh-Ju Li,
nm2848552,Cyrus Desir,
nm2852415,Mami Sakura,1951
nm2859538,Peter Lee Thomas,
nm2879092,Remy Ishak,1982
nm2888499,Masatoki Sasaki,
nm2929886,Süleyman Karadag,1971
nm2938232,Manami Hashimoto,1984
nm2946712,Kristyan Ferrer,1995
nm2957173,Aske Bang,1988
nm2958419,Thomas Francis Murphy,1953
nm2958957,Jun Fukushima,
nm2988542,Ian Lloyd Anderson,
nm3043319,Rasa Marazaite,
nm3057595,Setsuko Hama,
nm3065296,Jacob Gregory,
nm3093908,Raphaël Tschudi,
nm3132907,Li-Chun Chen,
nm3138511,Yang Yang,1991
nm3174873,Hugo Mestre Amaro,
nm3191126,Steven J. Mihaljevich,
nm3206118,Jenna Ushkowitz,1986
nm3214649,Jack Donnelly,
nm3236733,Ron Funches,1983
nm3279726,Anthony Wayne,1968
nm3283352,Darrett Sanders,
nm3288201,James Fouhey,
nm3317262,Georgia Bernhardt,
nm3386125,Heng-Yin Chou,1979
nm3388842,Hewei Yu,1971
nm3434061,Shavinder Mahal,
nm3452209,Phillip Perry,
nm3459781,Kumiko Chiba,
nm3545407,Weiwei Liao,
nm3545872,Asia Kate Dillon,1984
nm3562832,Marquita Goings,
nm3569306,Lee Na-ra,1980
nm3597243,Salil Mitra,
nm3613279,Lee Nicholas Harris,1962
nm3623005,Rodion Galyuchenko,
nm3623569,Eliana Antoniadou,
nm3636597,Peter Güttinger,
nm3641120,Núria Valls,
nm3652842,Isaac Hempstead Wright,1999
nm3667760,Breanne Hill,
nm3715034,David Chazam,
nm3755435,Senthil Krishna,
nm3755774,Jake Van Wagoner,
nm3766940,Pranay Ranjan,2002
nm3767035,Rishi Bhutani,1980
nm3770854,Dustin Tucker,1979
nm3786184,Mitzi Ruhlmann,1998
nm3790190,Maradona Akkouch,
nm3793902,Justin Crose,
nm3797663,Sebastian Rejman,1978
nm3844346,Wamiqa Gabbi,1993
nm3853047,Seema Kaushal,1965
nm3856316,Zoë Chao,
nm3865589,Pradhuman Singh,
nm3872230,Beulah Koale,1991
nm3890987,Samuel Bottomley,2001
nm4005399,Bimal Jayakodi,
nm4010532,Donal O'Hanlon,
nm4174928,Elizabeth Ruiz,
nm4197233,Florentine Schara,1977
nm4216045,Aimée Cassettari,
nm4216405,Victor John,
nm4281935,Marius Repšys,1984
nm4317522,Leah Monet,1998
nm4325788,Andy Toulouse,
nm4329184,Guoqing Ma,
nm4340468,Thanh Ta,
nm4347068,Clément Solignac,
nm4358682,George Hu,1982
nm4363560,Gregor Holoska,1977
nm4431474,Gabriele Malinauskaite,
nm4438173,Ai Kayano,1987
nm4443927,Ghada El-Shamaa,1959
nm4449764,Salma Mumin,
nm4457541,Afzal Sharif,
nm4483936,Veera W. Vilo,
nm4516296,Marcus Engelhardt,
nm4531936,Masha Cima,
nm4561124,Carmela Zumbado,1991
nm4566352,Savaje Davis,
nm4568962,Lefteris Tsatsis,
nm4609670,Lou Ferrigno Jr.,1984
nm4620241,Mike Vezza,
nm4678782,Frederick Tabiyus Nah IV,1990
nm4823076,Darya Rudenok,1996
nm4841399,Sérgio Coragem,
nm4859856,Steve Drews,
nm4960653,Annabelle Watson,
nm4985651,Nick Carrillo,
nm5017768,Brando Abro,
nm5024364,Houston Ries,
nm5050480,Caroline Simone O'Brien,
nm5083927,Mackenzie Cardwell,
nm5128169,Jake Francis,
nm5145138,Rick Mancia,
nm5234709,Claire Fort,
nm5282266,Mugi Kadowaki,1992
nm5324648,Jerinx S.I.D.,
nm5340409,Mariano Palacios,
nm5347988,Taylor Russell,1994
nm5369439,Delia Tatiana,
nm5387462,Boone Platt,
nm5444743,Max Resto,
nm5444787,Vijay Babu,1976
nm5451670,Yûya Asato,
nm5474657,Trishna Mukherjee,1988
nm5476563,Alberto Esparza,1969
nm5493006,Laura Jean Clinton,
nm5512743,Michael Farca,
nm5516500,Madhura Deshpande,1992
nm5518972,RJ Cyler,1995
nm5527375,Raline Shah,1985
nm5580089,John C. Epperson,
nm5626208,Natsumi Okamoto,
nm5676210,Carrie Evaristo,
nm5708793,Gwen Conklin,
nm5768334,Ichiro Nakagawa,
nm5781340,Neda Jebreili,1990
nm5800711,Eric Hanson,
nm5835716,Andrey Burym,1973
nm5842571,Mirella Granucci,
nm5851871,Miss Lawrence,1982
nm5862036,Juanita de Villiers,
nm5911796,Ihana Dhillon,1995
nm5943779,Rebecca Kwan,
nm5979896,Fiona Blackhall,
nm5998289,Sebastien Colaert,1982
nm6009711,Lucas Englander,1992
nm6066983,Francesca Sanapo,
nm6072674,Rhea Yadav,
nm6165808,Tamar Hannah Shtaierman,
nm6213877,Maala Parvathi,1970
nm6289365,Udara Abeysundara,
nm6296119,Inese Pudza,
nm6297250,Matt Rentell,
nm6311828,Patrick Thomas Cragin,
nm6333918,Rosy Franzese,
nm6345400,Melymel,
nm6377486,Jennifer Birn,
nm6395915,Meriem Medjkane,
nm6432419,Ken Karunas,
nm6470644,Halit Demir,
nm6512505,Dinakshie Priyasad,1990
nm6514637,Ruti Asarsai,1982
nm6518721,Talu Wang,1991
nm6526252,Tom Ashley,
nm6601314,Igor van Dessel,2003
nm6618353,Ricky Velez,
nm6649278,Ariana Galya,
nm6661994,Lola Orlando,
nm6684661,Anuradha Mukherjee,1994
nm6687568,Vladimir Vuckovic,
nm6832604,Calma Segura,
nm6840275,Arjun Lakshmi Narayan,
nm6847783,Savannah Gilmore,
nm6884511,Carmen Vienhage,
nm6922682,Robin F. Baker,
nm6945850,Jack Silver,
nm6964940,Agáta Krystufkova,1993
nm7186028,Abid Bhatti,
nm7189092,Dániel Lukács,1996
nm7207551,Jia Meng,1989
nm7222271,Stéphane Fauré,
nm7224067,Daniel Watterson,
nm7251300,Mohit Bhaskar,
nm7276503,Melody Angelique,
nm7380347,Yussia Sanders,
nm7390330,Junchen Chu,
nm7423562,Charlie Clark,1990
nm7429604,Diane Ellis,
nm7467777,Ayan Bhattacharjee,
nm7488983,Pepe Sierra,
nm7501381,Taz Skylar,1995
nm7538277,Hans Jörg Berchtold,
nm7548924,Sayyeshaa Saigal,1997
nm7549676,Paola Lázaro,
nm7609198,Ernest Prakasa,1982
nm7644882,Shabnaz,
nm7709200,Paty Blanco,
nm7732480,Max Talisman,
nm7732675,Amol Bawdekar,
nm7733262,Derya Dilber,
nm7806571,Li-Tung Chang,1983
nm7828073,Arsi Nami,1984
nm7861830,Miyu Hayashida,
nm7883974,Emelina Adams,
nm7903846,Saurabh Saraswat,
nm7968959,Lydia Adair,
nm8022839,Tatyana Babenkova,1991
nm8030246,Louise Emma Morel,
nm8051912,Alicja Jablonska,
nm8129908,Yuexi Ge,
nm8131660,James DeFilippi,
nm8140465,Joe Gómez,
nm8207833,Julian Haig,1988
nm8231979,Kyle Jacob Henry,
nm8240143,James Paoleli,
nm8349785,Alanzo Phillips,
nm8401263,Daigorô Akechi,
nm8490093,Elena del Río,1991
nm8490776,Alexander Fernando,1940
nm8517084,George Pullar,
nm8531959,Arturo Padilla Jr.,
nm8535650,Ryuji Sato,
nm8705577,Oleg Chugunov,2004
nm8716993,Gorman Ruggiero,
nm8743969,Sunil Godabole,
nm8802637,Vinicius Meloni,
nm8908425,Katie McKinley,
nm8910981,Eranga Jeevantha,
nm8910982,Umayangana Wickramasingha,
nm8940348,Chay,
nm8963171,Kairo 777,
nm9012180,Shresth Kumar,
nm9034284,Saleem Homsi,
nm9048396,Iraia Oiartzabal,
nm9156259,Claude Selou,
nm9196203,Viveik Kalra,
nm9202878,Jianqiao Du,
nm9224536,Susumu Ogata,
nm9306337,John H. Berriochoa,
nm9326456,Alina Zaliukaite-Ramanauskiene,
nm9352462,Sydnee Averill,
nm9372042,Ankit Panchal,
nm9377726,Karl Licht,
nm9405076,Michael Bernhard,
nm9424794,Catherine Kamau,
nm9440492,Buwani Chapa,
nm9455181,Mert Ramazan Demir,1998
nm9477979,Gayana Sudarshani,
nm9503309,Sarath Silva,
nm9505536,Ozuna,1992
nm9509129,Zhao Ziluo,1992
nm9583071,Sujani Menaka,
nm9599167,Niro,
nm9612757,Shirani Priyasad,
nm9636080,Bob Ahlander,
nm9665229,Cassidy Ingersoll,
nm9685038,Nicole Petruzza,
nm9709101,Paige Bonnin,
nm9734015,Sebastian Flores,
nm9746033,Shoya Ishige,
nm9761391,Devin Richardson,
nm9770929,TeriEnna Blanco,
nm9850520,Claude-Emmanuelle Gajan-Maull,
nm9859981,Christian Liebe,
nm9983290,Katie Troske,
nm0000936,Martine Beswick,1941
nm0001036,Geraldine Chaplin,1944
nm0001117,Bruce Davison,1946
nm0001329,Nigel Hawthorne,1929
nm0001705,Rob Schneider,1963
nm0001763,Nick Stahl,1979
nm0004569,Sanjay Dutt,1959
nm0005000,Tony Hawk,1968
nm0007342,Lee Aaker,1943
nm0015764,Derya Alabora,1959
nm0027558,Virginia Anderson,1975
nm0029695,Susan Angelo,
nm0043678,Toshiki Ayata,1950
nm0047270,Jerry Bailey,
nm0052455,Swaran Lata,1924
nm0066763,Bibiana Beglau,1971
nm0077811,Valerie Bertagnini,
nm0080925,Laurence Bibot,
nm0100492,Saburō Bōya,1910
nm0111498,Brick Bronsky,1964
nm0112001,Golden Brooks,1970
nm0125166,Éric Butler,
nm0140060,Juan Carrasco,
nm0140755,Bryant Carroll,
nm0151189,Ameet Chana,1975
nm0160400,Esther Gemsch,1955
nm0166359,David Clennon,1943
nm0183223,Analía Couceyro,1974
nm0207891,Gonzalo de Castro,1963
nm0225483,Kate Dickie,1971
nm0229866,Nikolay Dobrynin,1963
nm0253291,Brian Elfand,
nm0259462,Siw Erixon,1957
nm0273091,Robin Fernando,1938
nm0286567,Jahangir Forouhar,
nm0289357,Laurie Foxx,
nm0297978,Kimiko Fukuda,
nm0321348,Ana María Giunta,1943
nm0328223,Iván González,
nm0349510,Germán Gutiérrez,
nm0351422,Melek Görgün,1949
nm0361866,Ray Haratian,
nm0372091,Man-Ning Ho,1976
nm0374815,Mahmut Hekimoglu,1955
nm0383603,Freddie Highmore,1992
nm0384910,Wolfgang Hiller,
nm0394724,Masami Horiuchi,1950
nm0396369,Serge Houde,1953
nm0401841,Ian Hummel,
nm0407411,Ryô Ikebe,1918
nm0410914,Hikari Ishida,1972
nm0410983,Sumao Ishihara,1903
nm0421110,Benton Jennings,1955
nm0424302,Dave Johns,
nm0450540,Kari Ketonen,1971
nm0451272,Mushtaq Khan,1969
nm0453440,Kim Eui-sung,1965
nm0457112,Kanta Kisaragi,
nm0457973,Seden Kiziltunç,1942
nm0468699,Akiko Koyama,1935
nm0474054,Daniel Kuhlman,
nm0480808,Sandra Ellis Lafferty,1940
nm0485707,Hsiu-Shen Liang,1948
nm0491136,Michael Laurence,
nm0491664,Lena Lauzemis,1983
nm0493797,Adam Lazarre-White,
nm0510694,Pedro Lima,1971
nm0511576,Janine Lindemulder,1968
nm0516272,Enrico Lo Verso,1964
nm0519456,Eva Longoria,1975
nm0525940,Dayton Lummis,1903
nm0532160,Sterling Macer Jr.,
nm0533589,Laird Macintosh,
nm0543666,Manuel Manquiña,1953
nm0547523,Graziella Marina,
nm0553440,Adrian Martinez,
nm0557552,Parvaneh Massoumi,1945
nm0557983,Senol Mat,
nm0559471,Naoko Matsui,1961
nm0560619,Gennadiy Matveev,1946
nm0575922,Taťjana Medvecká,1953
nm0586223,Kō Mihashi,
nm0605252,Katsuji Mori,1945
nm0618574,Gijs Naber,1980
nm0620150,Kanzaburô Nakamura,1955
nm0620221,Senjaku Nakamura,1931
nm0622438,Ana Cecilia Natteri,
nm0629195,Adama Niane,1966
nm0643350,Suresh Oberoi,1946
nm0651506,Shirō Ōsaka,1920
nm0659078,Amaliya Pänahova,1945
nm0693092,Prathap Pothen,1952
nm0695028,Jorge Prado,
nm0735467,Paul Rodriguez,1955
nm0770031,Tom Schanley,1961
nm0785352,Terry Serpico,1964
nm0793697,Yasuaki Shimizu,
nm0793766,Takashi Shimura,1905
nm0794242,Hassan Pourshirazi,
nm0815751,Galia Soudri,
nm0821850,Lena Stamm,1981
nm0829032,Ray Stevenson,1964
nm0837569,Homare Suguro,1940
nm0864490,Jackie Sandler,1974
nm0865799,Shin Tokudaiji,1911
nm0868577,Bruno Fatumbi Torres,1980
nm0874851,David K.S. Tse,
nm0885014,Nick Vallelonga,
nm0896631,Cédric Vieira,
nm0905908,Germain Wagner,1956
nm0912186,Kathleen Warfel,
nm0917381,Eric Bennett Weems,
nm0917406,Anoja Weerasinghe,
nm0921243,Michael Werckle,1970
nm0922342,Shane West,1978
nm0943944,Joel D. Wynkoop,1960
nm0945544,Hisako Yamane,1921
nm0945601,Shingo Yamashiro,1938
nm1001160,Niniek L. Karim,
nm10134922,Frederick Du Rietz,
nm1018267,Zhanwen Kou,
nm10210824,Antonio Cuevas,
nm10221800,Nicole Miners,
nm10234074,Junjia Hong,
nm10265577,Reinhard Fust,1967
nm10266987,Fatima Husein,
nm10270272,Lorenzo S.,
nm10272988,Kevin B. Duckworth,
nm10273195,Corine Watrin,
nm10273196,Yves Balmes-Morgan,
nm10280916,Apoorva Gautam,
nm10284550,Michelle Martuchelli,
nm10287248,Lola Moxom,
nm10287498,Sofia Campos,
nm10288973,Jose Ignacio Molinuevo,
nm10290597,Gal Vizer,
nm10292984,Dwi Surya,
nm10292985,Fannie Hasan,
nm10297696,Kikuê Azumâ,
nm10303778,Dominick Cook,
nm10307106,Paul Campbell,
nm10307332,Petar Caranovikj,
nm10311790,Michael Nico Fontenot,
nm10311802,Tara Berrett,
nm10315880,Hitomi Oka,
nm10321796,Nicholas-Don Giancarli,
nm10322371,Ambre Aurélie-Cordet,
nm10331659,Holly Ashcroft,
nm10333194,Ryan Thompson,
nm10335367,Jeremiah Court,
nm10337006,Kara Flanagan,
nm10345836,Allan Dastan,
nm10349255,Christiane Agte,
nm1036050,Shaun Sipos,1981
nm10362795,Florencia Baldearena,
nm10364247,Lilly,
nm10372196,Ashley Elyse Rogers,
nm10378903,Eddie Bredon,
nm10379926,Irfan Khan,
nm10380428,Noriko Hasegawa,
nm10389999,Omar Castillo,
nm10390265,Gustavo Chacon,
nm10390550,Rajendra Nannaware,
nm10392806,Aadersha Bhandari,
nm10393792,Javier Rodríguez Castellanos,
nm10395061,Lorenzo Rizzo,
nm10396815,Chien Li Yu,
nm10397758,Johann Coste,
nm10406791,Maite Larrauri,
nm10408593,Nishino Ryuta,
nm10409718,Jessica Lucyana Taroreh,
nm10410350,Daniel Ludwig,
nm10410494,Léovanie Raud,1983
nm10416109,Midori Ejima,
nm10419132,Saddiana,
nm10419377,Versha Lakra,
nm10424352,Johnbull Eghianruwa,
nm10424799,Ritu Rajput,
nm10425082,Seth Boateng,
nm10425794,Marcelo Di Souza,
nm10430746,Myroslava Rachynska,
nm10430991,Keith Jefferds,
nm10433012,Onyeke Ikechi,
nm10433746,Rolf Andersson,
nm10435487,Greg Collins,
nm10436515,Margaret Huerta,
nm10437053,Amelija Aboltina,
nm10437236,Jessica Nichols,
nm10439994,Alex Kramer,
nm10442542,Jonathan Mortensen,
nm10443946,Christa Ettlin,
nm10446552,Purvee Bhave,
nm10449340,Dedisce Barros,
nm10449604,Priyanka,
nm10451120,Hendi Zelaya,
nm10451614,Stella Tähtinen,
nm10454404,Samaudria Cox,
nm10454817,Xinyu Han,
nm10456947,Jeff Sibbach,
nm10458038,Ely Cocklin,
nm10459445,Yury Paulau,
nm10459591,Yicong Zhang,
nm10462017,Trevion Deleasbour,
nm10466396,Roberta Thompson,
nm10467151,Glauco Rampone,
nm10467152,Silvia Di Bernardo,
nm10469274,Niniek Arum,
nm10474524,Parag Bohodkar,
nm10477375,Viktor Jovanovski,
nm10478325,Chase Beck,
nm10478626,Ichirô Kawakami,
nm10484501,Priyanka Arulmohan,1994
nm10484852,Ashenafi Nigusu,
nm10487467,Shiwanka Wedikkara,
nm10488587,Lorna Campos,
nm10491236,Dinesh Kafle,
nm10491405,Raymond Power,
nm10493081,Hajime Yamagami,
nm10493416,Lisa McConnell,
nm10496843,Reza Pramudya Rizky,
nm10497419,Glory Fine,
nm10497835,Gabriana Caleo,
nm10498187,Lily B,
nm10501091,Denny Abinesh,
nm10501964,Petr Maga,
nm10502256,Sasatarô Onoe,
nm10503028,Zhang Li,
nm10507872,R.J. Orr,
nm10508445,Saskia Baur,
nm10510605,Albert Torres,
nm10511457,Ewan Wall,
nm10511707,Lena Janvier,
nm10514681,Giacomo Bastianelli,
nm10516258,Jessica Fuchs,
nm10516613,Francisco Ferreras,
nm10517488,Marian Hope,
nm10525919,Nidup Dorji,
nm10525923,Kezang Dorji,
nm10527019,Pallavi Chatterjee,
nm10531363,Yuanlin Zhong,
nm10531596,Master Ayushman,
nm10531656,Brooklyn Alif Rea,
nm10534854,Julia Muggenburg,
nm10548031,Ludger Op de Hipt,
nm10557258,Benji Leon,
nm10561901,Crystal Apple,
nm10568843,Ashwanth Ashokkumar,2011
nm10577923,Kaylee Blanchard,
nm10583457,Himang Rajput,
nm10587249,Eva Grados,
nm10591628,Houston Towe,
nm10625465,Mulle Jarju Salvador,
nm10631705,Yû Akiba,
nm1069584,Rie Kugimiya,1979
nm10710420,Samar Ali,
nm10713832,Girish Jatti,
nm10715871,Charleen Elea,
nm10749426,Priyamvada Krishnan,1998
nm10751496,Janïsa Weekes,
nm10763737,Alamudin Abduselam,
nm1080646,Zaina Juliette,
nm10820590,Dylan Weand,
nm10831229,Priyo Banerjee,
nm10850375,Behzad Ghadyanloo,
nm10880008,Amu Fukao,
nm10959119,Senn de Jong,
nm1096341,Gerti Drassl,1978
nm10999639,Benita Weber,
nm10999642,Hamidullah Habibi,
nm11023872,Lance Alberti,
nm11043146,Emmy Willow,
nm11066861,Emppu Kainulainen,
nm11084342,Hailey Diascro,
nm11087821,Charlie Creighton,
nm11089187,Ross De Falco,
nm11153588,Amke Scheuneman,
nm1115631,Woo Yeon-jeong,
nm11164364,Paulina Fenoy,
nm11205880,Lule Lika,
nm1123859,Francis Leik,
nm11252276,Gerwin Strootman,
nm11372323,Jensan Diwakar,
nm11460158,Sónia Gonçalves,
nm11464788,Balaji,
nm11486584,Valentín Caso Rosendi,
nm11638992,Mysuru Manjulamma,
nm1164865,Dakota Gorman,
nm1165804,Nathalie Lacroix,
nm11663252,Juliette Hamon,
nm11671412,Felipe De Paula,
nm11676839,Horacio Amigo,
nm11685819,Alex Mills,
nm1177124,Christopher Ming-Shun Lee,1971
nm11799117,Steven Curtis Jones,
nm1185110,Hengameh,
nm11881260,Robert Emery,
nm11883216,Michael Perlitz,
nm11926377,Drew 'Druski' Desbordes,1994
nm1198628,Sunil,1974
nm12052706,Sergey Bratkov,
nm1216390,Gihan Fadel,1973
nm12191662,Sohaib,
nm1232983,Butet Kertaradjasa,1961
nm12375173,Sourena Bayramloo,
nm12473650,Ajeesh Jose,
nm12538871,Aleksey Nazarov,1990
nm12699510,Meghan Packer,1985
nm12720512,Diego Alejandro Tobón,
nm1281652,Xinyu Wang,
nm1284850,Xingzhe Yuan,
nm12971104,Khushi Pandey,
nm13131072,Jiangxing Chen,
nm13139997,Said Alharbi,
nm1324819,Joshua Brennan,
nm13372705,Chandan Banerjee,
nm1359508,Jordi Figueras,1962
nm1360611,Padmavati Rao,
nm13611674,Salima Maatoug,
nm13626645,Ahmed Ashry,
nm1363680,Jayamala Inamdar,
nm1364532,Ryan Simpkins,1998
nm1375686,Yili Ma,1976
nm13846305,Kaitlyn Kemp,
nm1387864,Juan Vidal,
nm1388202,Siddique,1962
nm13948709,Cosima Centurioni,
nm1399243,Sonu Sood,1973
nm1411125,Selena Gomez,1992
nm14154574,Sehnaz Agirgün,
nm1421465,Priyamani,1984
nm14308037,Hosein Nikkhah,
nm1439400,Alex Alpharaoh,
nm1443814,Clara Segura,1974
nm1452229,Dejan Spasic,
nm1459739,Kentaro Ozato,
nm1465166,Tazuko Niki,
nm14657364,Dony Johnson,
nm1466372,Subarna Thapa,
nm14669789,Igor Tirskiy,
nm1474022,Pourandokht Mahiman,
nm1486831,Sam Hazeldine,1972
nm14871370,K. Aldatov,
nm1492093,Ana Beatriz Barros,1982
nm1507920,Jay Hindle,
nm1513584,João Catarré,1980
nm1572044,Joen Højerslev,1974
nm15824100,Jessica María Rodríguez,
nm15878662,Johan Baird,
nm1592136,Hongbo Jiang,1973
nm15921508,Elvira Brusnitsyna,
nm1593487,Miroslaw Kropielnicki,1965
nm16365398,Gabriel Grabas,
nm1647994,Natasha Alam,1983
nm16543804,Lenel Caze,
nm1654497,Shin'ichi Akita,
nm1670179,Pauline Yuk-Wan Wong,
nm1679834,Tella Kpomahou,1978
nm1680229,Yograj Bhat,
nm1694886,Tarô Sagami,
nm1708673,Lacey Bond,
nm17128682,Ankita Borkotoky,
nm1714982,Kelly Goyer,
nm17479599,Don Canestro,
nm17590464,Tok Suppakorn Kitsuwan,
nm1760053,Julia Edtmeier,1990
nm1782903,Hiroyuki Takano,1961
nm1787887,Veronica Ngo,1979
nm1792907,Hiroshi Ueda,
nm18223690,Kaori Haraguchi,
nm1830387,Lauren Mary Kim,
nm1832147,Märt Avandi,1981
nm1855281,George Remes,1981
nm18573214,Saman Ghannad,
nm1889308,Maziar Lorestani,1966
nm1935905,Lydia Hearst,1984
nm1936048,Rick Cosnett,1983
nm1950004,Raúl Castillo,
nm1970707,Hande Kodja,1984
nm1985820,Bernard Bullen,
nm1999333,Hsiang-Ping Hu,
nm2053310,Shayne Ward,1984
nm2085781,Mike Call,
nm2099367,Ephraim López,
nm2107127,Anastasia Phillips,
nm2130498,Lalithasree,1957
nm2138126,Aram,
nm2142336,Riley Keough,1989
nm2153938,Naminosuke Horikawa,
nm2195587,Sage Francis,
nm2196479,Carolyn Ratteray,
nm2201207,Vladimir Tesovic,1984
nm2217844,Breon Pugh,1985
nm2243644,Vasiko Bakhtadze,
nm2260168,Prasad Oak,1975
nm2270882,Yotam Ishay,1980
nm2284726,Morgan Peter Brown,1980
nm2299825,Ileana D'Cruz,1987
nm2300982,Robert Hartburn,
nm2308166,Nina Pearce,
nm2317466,Tetsuhiro Ikeda,1970
nm2326144,Phil Gwilliam,
nm2336615,Zachary Vazquez,
nm2346665,Chinmay Mandlekar,1979
nm2355526,Milind Dastane,
nm2396408,Dina Cataldi,1980
nm2411135,Lin Chiao,
nm2475285,Abdoulie Mboob,
nm2486937,Nao Okabe,
nm2487748,Kunie Gomi,1910
nm2507180,Leroy Osmani,
nm2514156,Eva Melander,1974
nm2518804,Yôyô Miyata,
nm2552380,Saulius Bagaliunas,1962
nm2580549,Sandy Penny,
nm2621167,Dave Marandola,
nm2621861,Saifuddin,1927
nm2632418,Natasha Blasick,
nm2647824,Van Vicker,1977
nm2650359,Piero Ali Passatore,
nm2671105,Niels Schneider,1987
nm2674236,Lachlan Nieboer,1981
nm2677701,Raihaanun,
nm2701005,Joe Cappa,
nm2727823,Ratan Kumar,1941
nm2750358,Pradeep Dharmadasa,
nm2766030,Mariah Gale,1979
nm2771908,Yota Argyropoulou,
nm2775418,Katsuyo Isshiki,
nm2814333,Scott Patey,
nm2829541,Chona Delgado,
nm2864554,Geraldo Rodrigues,1984
nm2873161,Monia Chokri,1983
nm2900986,Shanequa Reed,
nm2916966,David Ajala,1986
nm2921854,Michael Jason Allen,
nm2950204,Rukhsana,
nm2983464,Chetan Dalvi,
nm3061531,R.K. Anderson,
nm3110389,Aki Asakura,1991
nm3112166,Marcel Bergmann,1964
nm3113920,Jürg C. Maier,
nm3119556,Sunita Rajwar,1969
nm3122789,Sergio Feregrino,
nm3135462,Mario Nagy,
nm3141890,Tailsh,
nm3158948,Steve Heinz,
nm3170416,Ece Özdikici,1982
nm3183937,Stephen MacDonald,
nm3202886,Manikandan,
nm3260333,Erin Richards,
nm3328014,Sofia Manolakou,
nm3337275,C.J. Stussi,
nm3339208,Manami Enosawa,
nm3353199,Vasiliy Stepanov,1986
nm3353760,Premnath,
nm3362979,Mei Hei,
nm3368049,Joe Project P.,
nm3381025,Alyona Doletskaya,
nm3400133,Priyanka Chahar Choudhary,1996
nm3403776,Ushasie Chakraborty,
nm3411431,David Woods,
nm3413690,Presley Oravbiere,
nm3414188,Adivi Sesh,1985
nm3440419,Mitoy Yonting,
nm3441586,Louise Delos Reyes,1993
nm3441675,Alex Sparrow,1988
nm3483613,Barry Caiger,
nm3530741,Jinta Nishizawa,1959
nm3531202,Jyonmyon Pe,1985
nm3550868,Jeffrey Schneider,
nm3554873,Jeanne Werner,1985
nm3571717,Jef Gaitan,
nm3571806,Andrea Tagliaferri,1977
nm3602480,Mika Metz,1968
nm3614943,Madelyn Deutch,1991
nm3683327,Alfonso Borbolla,
nm3726250,Nikolay Kuchits,1953
nm3762697,Japji Khaira,
nm3782241,Nick Dent,
nm3795081,Boaz Konforty,1974
nm3821782,Kacey Rohl,1991
nm3829191,Marcos Veras,
nm3851353,Ali Rahman,
nm3859740,Ai Sayama,1989
nm3879003,Rosnah Mat Aris,
nm3896108,Siamak Safari,
nm3904809,Na Wei,
nm3935097,Kayla Privett,1996
nm3952521,Constance Labbé,
nm3968860,Phillip Clark Davis,
nm3987877,Sheila Rusly,
nm3996801,Darya Nosik,
nm4021557,Jonathan Sánchez,
nm4061325,Rami Margron,
nm4095500,Salvador Villegas,
nm4200805,Anna Luna,
nm4241366,Jesus Heredia,1964
nm4357116,Ece Yüksel,1997
nm4369644,Özgür Emre Yıldırım,1983
nm4519203,Annabel Barrett,
nm4588093,Mia Celeste Roberts,
nm4646761,Bobby,
nm4666955,Julian Gavilanes,1986
nm4676126,Renee Schmidt,
nm4686699,Herman Johansen,
nm4691677,Mehmet Ali Tuncer,
nm4703125,Sanne Langelaar,
nm4723290,Hui-Min Lin,1997
nm4770230,Armando Gutierrez,
nm4775102,Richard Fard,
nm4777842,Billur Yilmaz,
nm4785267,Felicity Burke,
nm4818678,Masahiro Higashide,1988
nm4906685,Wai-San Ng,
nm4923289,Anowara,
nm4965045,Théo Cholbi,
nm5000213,Binlong Pan,
nm5007396,Paco Pérez,
nm5042259,Peter Seng-Hin Lee,
nm5074824,Osman Dogan,
nm5078787,Rupsha Guha,
nm5126893,Kumud Pant,1971
nm5148735,Jessyca Stefani Auryn,
nm5166245,Lakshman Mendis,
nm5212769,H.R. Jothipala,
nm5249687,Jermain Hollman,
nm5287344,Dani Coleman,
nm5287560,Megan Alexander,
nm5293380,Vladimir Mishukov,1969
nm5318271,Cynthy Wu,
nm5346530,Wan Qian,1982
nm5381481,Victor Anastacio,
nm5399017,Robert David Duncan,
nm5451410,Jack Kilmer,1995
nm5469167,Anarkali Akarsha,
nm5495484,Palemon Olmedo,
nm5592806,Kat Fairaway,
nm5598225,Chris Dreher,
nm5620807,Nana Asakawa,1999
nm5631118,Jesús Castro,1993
nm5668720,Nicci Brighten,
nm5674479,Jules Sagot,
nm5677494,Yû Yashiro,
nm5684629,Larissa Siqueira,
nm5689702,Kathlene Ashcraft,
nm5696471,Régina Demina,
nm5723361,Richard Smith,
nm5732876,Devendra Gaikwad,
nm5736544,Angela Bernal,
nm5812395,Samantha Castillo,
nm5851110,Mateusz Wieclawek,1993
nm5856624,Roger Bonjour,
nm5913363,Davy Lantz Jr.,
nm5923940,Naveen D. Padil,
nm6040011,Ricky Holderbee,
nm6060417,Natheli Nanayakkara,
nm6119388,David Lifschitz,
nm6199208,Vishwa Bhanu,
nm6225250,Jason Kehl,
nm6252520,Cara Halseth,
nm6271582,Camlyn Giddins,
nm6403241,Cameron Scott,
nm6425549,Alexandra Doucet,
nm6442636,Kaho Takada,
nm6524359,Adam Dufour,
nm6534962,Szilasi Larion,
nm6617180,Mike Chuah,
nm6637778,Kristin Mitchem,
nm6664625,Raechel Wong,
nm6665182,Sushant Pujari,1983
nm6786312,Sheridan McMichael,
nm6817679,François Plante,
nm6845066,Rajasekhar Aningi,
nm6873101,Dizaster,
nm6880679,May Ka-Kai Chan,
nm6915910,Torin Pocock,
nm6940528,Suraya Rose Santos,1992
nm6949176,Milo Hayden,
nm6950516,Jorge Osorto,
nm6984294,Jason McCrite,
nm7075397,Hareesh Kanaran,
nm7083392,Crystal Swann,
nm7104940,Lilit Lesser,
nm7139921,Ina Marija Bartaité,1996
nm7141439,Micah Woodward,
nm7174160,Michael E. Higgins,
nm7182750,Adam Leader,
nm7208489,Leslie Hasvold,
nm7263193,Karen Druley,
nm7322034,Deepti Sati,1995
nm7347396,Jen Potcher,1978
nm7360568,Phil Ductan,
nm7447035,Ammy Virk,1992
nm7467169,Caleb Hamm,
nm7477060,Harshita Gaur,1990
nm7478940,Balu Varghese,1991
nm7519937,Teng Lee,
nm7548456,Doyok,
nm7565565,Diane Ferranti,
nm7574457,Chris Markle,
nm7596281,Suzuki Nobuyuki,
nm7603308,Mark McKenna,1996
nm7638796,Ben Gothier,
nm7681807,Carly Fawcett,
nm7700576,Soraya Torrens,
nm7702461,Fanlong Meng,
nm7713812,Cristina Chiriac,1994
nm7793254,Austin Kulman,
nm7800337,Dhananjay Kumar Pandey,1990
nm7809104,Mike Bredon,
nm7933615,Kelly Brighton,
nm7936196,Sujith Shanker,
nm7948429,Hansa Singh,
nm8105906,Raquel Aedo,
nm8110062,Nilima Damle,
nm8129116,Missy Erin,
nm8149850,Yemul Jagdish,
nm8152587,Melayu Nicole,
nm8196922,Edward Rowe,
nm8229113,Jack Doupe-Smith,
nm8359835,Nalin Pradeep Udawela,1969
nm8408568,Sandhya Kute,
nm8432167,Zidni Hakim,
nm8459247,Rafael Castillo,
nm8497569,Marwan Fares,
nm8554085,Antonio Bellido Marín,
nm8590711,Anthony Coppola,
nm8606718,Martin Todorov,
nm8610597,Troy Castaneda,
nm8635807,Srinidhi Shetty,1992
nm8661629,Mimoza Elezi,
nm8669558,Arun Hazarika,
nm8715317,Sérgio Pererê,
nm8728601,Eunice Omoregie,
nm8734857,Sameera Randeniya,
nm8743465,Keturah Cerrone,
nm8793577,Oscar Bailey,
nm8814655,Lorraine May Isbell,
nm8943180,Juliana Canfield,
nm8952968,Cheyenne Petty,
nm8979547,Rania Mallah,
nm9047366,Rukshana Dissanayake,
nm9051285,Angelica Ulip,
nm9075313,Kayla Eisenberg,
nm9097476,Gabriela Gonzalez,
nm9097614,Ericka Roe,
nm9098721,Vera Angelina Ignatov,
nm9099952,Hanneke Talbot,
nm9161742,Koji Arashi,
nm9190295,Christopher Brophy,
nm9198094,Kôhei Nagano,
nm9203528,Ananya Panday,1998
nm9220491,Cláudia Barbot,
nm9276318,Evelyn Castro,1981
nm9286237,Angela Rosa D'Auria,
nm9327563,Alec Ebert,
nm9342181,Nabhaan Rizwan,1997
nm9390890,Elif Erol,
nm9430747,Arman Moradi,
nm9439452,Kieran Bird,
nm9441913,Varad Chavan,
nm9444312,Ken Ronk,
nm9496018,Efecan Koçyigit,2011
nm9526610,Sakiko Katô,
nm9533543,Kübra Dilara Çelen,1989
nm9534286,He-Hsuan Lin,
nm9570628,Jennifer Gasca,
nm9571986,Sara Vitale,1977
nm9575913,Adam Haloon,1993
nm9598742,Nour Abdellatif,
nm9608473,Melani Ashoka,
nm9608956,Doug Yasinsky,
nm9714664,Preet Baath,
nm9716498,Charlotte Lang,1988
nm9809869,Cindy Kegan,
nm9824443,Lana Te Brugge,
nm9872069,Darius A. Brown,
nm9914908,Jeevan Karalkar,
nm9927302,Sarika Nayak,
nm9931908,Katrina Anne Ward,
nm9939887,Siddhi Ahuja,
nm9955427,Swathi Konde,
nm0000367,Gérard Depardieu,1948
nm0000407,Vivica A. Fox,1964
nm0000585,Robert Picardo,1953
nm0001283,Louis Gossett Jr.,1936
nm0001542,Jay Mohr,1970
nm0002003,David Chokachi,1968
nm0004469,Kota Srinivasa Rao,1944
nm0004743,Gil Bellows,1967
nm0005068,Vinnie Jones,1965
nm0006763,Jackie Shroff,1957
nm0031524,Paul Antony-Barber,1953
nm0032794,Diego Aragón,
nm0034725,Rodolfo Arias,
nm0034804,Nurul Arifin,1966
nm0036575,Monty Arnold,1967
nm0038336,Hiroshi Asami,
nm0039906,Priscila Assum,1982
nm0064933,Fernando Becerril,1944
nm0079451,Nigel Betts,1963
nm0090085,Susana Bequer,
nm0092314,Ole Boisen,1965
nm0105937,Rachel Braunschweig,1968
nm0119870,Reinier Bulder,1953
nm0123699,Robert Burton,1895
nm0156974,Chiang-Lung Wen,
nm0174909,Shelley Conn,
nm0180336,Ron Cornet,1958
nm0186120,Paul Cram,
nm0202674,Catherine Davenier,1953
nm0241039,Claude Duhamel,1970
nm0251646,Paul Eiding,1957
nm0256002,Seyed Ebrahim Emadi,
nm0266723,Daniel Fanego,1955
nm0267659,Kevin P. Farley,1965
nm0276724,Martha Figueroa,1951
nm0280496,Buddy Fitzpatrick,1960
nm0297670,Sumiko Fuji,1945
nm0298007,Takaji Fukui,
nm0302466,Patrick Gallagher,1968
nm0307451,Enzo Garinei,1926
nm0322741,Marina Glezer,1980
nm0324790,Joanna Going,1963
nm0324980,Glen Gold,
nm0329210,Robert Goodman,1955
nm0329586,Bob Goody,1951
nm0346595,Noel Gugliemi,1970
nm0352592,Sharon Hacohen,1964
nm0354653,Hakuryû,1952
nm0358825,Ibrahim Hammooda,
nm0364686,Fiona Harris,
nm0371415,Ashli Haynes,
nm0396391,Michel Houellebecq,1956
nm0407435,Masaru Ikeda,1942
nm0431235,Aleksandar Jovanovic,1971
nm0431259,Dragan Jovanovic,1965
nm0441173,Akihiko Katayama,1926
nm0442910,Chiyoko Kawashima,1954
nm0444324,Maged El-Kidwani,1967
nm0451379,Akshaye Khanna,1975
nm0457956,Tamae Kiyokawa,1903
nm0463774,Kyôji Kokonoe,1910
nm0464522,Jacek Koman,1956
nm0464710,Boris Komnenic,1957
nm0465503,Louis Koo,1970
nm0472710,David Krumholtz,1978
nm0481024,Roc Lafortune,1956
nm0483069,Anne-Louise Lambert,1955
nm0490492,Tony Liu,1952
nm0498076,Rex Lee,1969
nm0521808,Simon Lui,1964
nm0532721,Luis Machín,1968
nm0541126,Mammukoya,1946
nm0544330,Kiti Mánver,1953
nm0548686,Karl Markovics,1963
nm0550371,Eddie Marsan,1968
nm0578208,Anastasiya Melnikova,1969
nm0590906,Hiroshi Minami,1928
nm0594652,Reiko Minakami,
nm0612534,Callan Mulvey,
nm0617031,Ville Myllyrinne,1973
nm0618522,Renhua Na,
nm0619578,Lamine Nahdi,
nm0623325,Nazar,
nm0623938,Matej Nechvátal,1987
nm0625334,Drew Nelson,
nm0626259,Franco Nero,1941
nm0626974,Alon Neuman,
nm0645011,Minoru Ôki,1923
nm0671721,Austin Pendleton,1940
nm0671886,Tahmoh Penikett,1975
nm0678261,Dragan Petrovic-Pele,1961
nm0684951,Daniela Piperno,1951
nm0685033,Jean-Marc Piquemal,
nm0707476,Mary Lynn Rajskub,1971
nm0708045,Micaela Ramazzotti,1979
nm0712439,T.G. Ravi,
nm0724148,Jeffery Richards,
nm0739418,Gloria Romero,1933
nm0750916,William Russ,1950
nm0756534,Melissa Saila,
nm0757327,Takahiro Sakurai,1974
nm0759898,Richard Sammel,1960
nm0764133,Jimmy Santos,
nm0780539,Orlando Seale,1973
nm0812760,Parvin Soleymani,1922
nm0837417,Michiko Sugata,
nm0846484,Claudia Tagbo,
nm0847609,Ryōichi Takeuchi,1903
nm0851060,Tatán,1954
nm0881986,Elena Uriz,
nm0915385,Anat Waxman,1961
nm0926355,Sewell Whitney,
nm0927436,Mathias Wieman,1902
nm0945836,Eijirô Yanagi,1895
nm0968532,Irma Adlawan,
nm1001143,Masumi Jun,1952
nm10023737,Karim Bel Kacem,
nm10064583,Thais Belchior,
nm10064963,Carly Stanton,
nm10076781,Shubhangi Tambale,
nm10088846,Michiko Kunihiro,
nm10117277,Casper Nordenberg,
nm10120018,Makayla Rose Hilli,2012
nm1012524,Yanfu Yu,1924
nm10165007,DeAndre Harris II,
nm10186457,Clare Gillese,
nm10195351,Raquel Menor,
nm10200328,Manny Avina,
nm10205174,Gabriella Desta,
nm10209518,Fawn Martin,
nm10212813,Jaime Hill,
nm1023932,Raqesh Bapat,1978
nm10252179,Victor Lafarovych,
nm10252275,Isabelle Connolly,
nm10265475,Claudia Vernier,
nm10270632,Sean Blair,
nm10271722,Rafi Haikal,
nm10273980,Franchesca Contreras,
nm10274511,Karlis Neimanis,
nm10275010,Marilyn Dabney,
nm10277001,Tej Joshi,
nm10285012,Isabelle Embleton,
nm10286182,Maher El Hefidhi,
nm10288730,Luke Glasgow,
nm10289110,William Taing,
nm10301294,Cherron Garrison,
nm10302511,Krystal Visions,
nm10304707,Shuhei Shitsu,
nm10305718,Cole Hoover,
nm1030711,Levente Kárpáti,1961
nm10308211,Marina Seryanyan,
nm10308436,Amber Wilsonn,
nm10311788,Anna Maguire,
nm10315956,Jerome Pacheco,
nm10330467,Joe Charles,
nm10333634,Egor Malgavka,
nm10334424,Seiji Yoshioka,
nm10334614,Nashika Lowery,
nm10339099,Maryjane Burton,
nm10340009,Shreya Pasalkar,
nm10344555,Zizhen Lu,
nm10344898,Madhu,
nm10348168,Kôichi Sôei,
nm10357867,Ramesh Goyal,
nm10358007,Purwo Kristiono,
nm10359184,Semra Kökssal,
nm10368958,Allegra Bonifacio,
nm10376625,Sharad Jadhav,
nm10381422,Sohan Kambale,
nm10395068,Cosimo Urso,
nm10402249,Rasoul Alsagheer,
nm10407951,Taylor Carrott,
nm10411435,Nico Guzman,
nm10418805,Angelo Mauro,
nm10420875,Michiko Tajima,
nm10425132,Madison Monahan,
nm10428308,Mónica García,
nm10430613,Claudia Solís,
nm10430741,Toshi Oide,
nm10434497,Taylor Small,
nm10434498,Troy Small,
nm10435353,Toshi Domon,
nm10436242,Peter Vasek,
nm10436514,Rebecca E. Downey,
nm10437906,Courtland James,
nm10440439,Anup Chaudhari,
nm10443338,Jake Alfonso,
nm10446129,Caner Çiçek,
nm10449220,Mike Starego,
nm10449987,Mourice Blad,
nm1045112,Lyn D'Arce,
nm10457000,Preston Crowe,
nm10457374,Chertsak Pratumsrisakhon,
nm10458161,Dominic Morris,
nm10459071,Tolu Lordtanner,
nm10461345,Andrew Colohan,
nm10464505,Phantira Pipityakorn,
nm10464716,Anna Nørgaard,
nm10471344,Duyghu Davali,
nm10471697,Victoria Soledad,
nm10476420,Mary Booth,
nm10479922,Malena Irusta,
nm10487110,Felipe Passos,
nm10487114,Moradores De São Gonçalo Do Rio Das Pedras,
nm10491048,Cynthia Abrams,
nm10491237,Rashmi Pandey,
nm10493414,Jennifer Salvatore,
nm10496478,Bacilio Cortes,
nm10496840,Fikri Hadil,
nm10498861,Jovarel Callum,
nm10500791,Viveka Patel,
nm10505086,Stan Fenwick,
nm10505942,Armin Rahimian,1994
nm10510601,Irving Santiago,
nm10516430,Lance Woods,
nm10516631,Jairo González,
nm10517490,Sean Michael McElroy,
nm10518654,Kimberly Newkirk,
nm10519522,Takurô Kodama,
nm10520326,Ali Carroll,
nm10522904,Caroline Johnstone Boyle,
nm10528829,Yazmina Holeness,
nm10531360,Musheng Xu,
nm10531595,Mantra Patel,
nm10533830,Stephen Johnson,
nm10535703,Mahvash Sabrkon,
nm10538092,Arjun,
nm10551732,Canio Lancellotti,
nm10556923,Austin Greene,
nm10562494,Hiiro Ishibashi,
nm10565764,Sanjeev Pandey,
nm1058983,Andrija Milosevic,1978
nm10625946,Rebeca Salvador,
nm1065319,Jan Gintberg,1963
nm10681866,Zeinab Hemati,
nm10701751,Liyanna Muscat,
nm10722071,Analy Peña,
nm10723828,Cindy of Samoa,
nm10723888,Will Lovorn,
nm10732679,Oriol Cervera,
nm10751499,Abi Jeyaratnam,
nm1076604,Boboy Garrovillo,
nm1085816,Ryosuke Koike,1995
nm10866354,Yuri Amelfy Nuñez Alvarez,
nm1091420,Melda Sözen,
nm10954784,Jayasri Rachakonda,
nm11023884,Ketika Sharma,1995
nm11086048,Karmo Nigula,
nm11099230,Elyes Riahi,
nm11133419,Max Barbieux,
nm11136098,Bhavin Rabari,
nm11150419,Nsabimana Innocent,
nm1116142,Christine Foley,
nm11166415,Gangadhar,
nm1116863,Billy Crawford,1982
nm11236715,Ingrid Bisschop,
nm1126254,Jaishankar,1938
nm11317217,Mojtaba Tabatabaei,
nm11328108,Darren Do,
nm11329582,Kevin Gore,
nm11351102,Igor Shugaleev,1986
nm11358102,Philippe Cabrelli,
nm1137130,Augusto Madeira,
nm11381159,Papedame Diongue,
nm1141161,Giordano De Plano,
nm1145617,Jim Klock,
nm11537170,Kamini Pitale,
nm1155977,Nora Navas,1975
nm11566849,Lauren Hawkins,
nm11585047,Seyfettin Caliskan,
nm11589788,Sharanjith,
nm1161069,Connor Price,1994
nm1163399,Melina Bielefelt,
nm11638996,Sindhoor Lakshmana,
nm1165023,Farhad Hamidi,
nm11661727,Keith Migra,
nm11752730,Jennifer Ens,
nm11801319,Hu Guofang,
nm1183143,James D. Pruitt,1974
nm11855263,Anthony Lewis,
nm1186830,Perry Fitzpatrick,1982
nm11910236,Noxolo Gumede,
nm11916996,Ali Burak Ceylan,
nm1198975,Fabrizio Bordignon,
nm12092733,Ignat Skurko,
nm12149834,Michael Cooper Jr.,
nm12176313,Müzeyyen Tezel,
nm12291127,Meg Barlowe,
nm1235318,Pat Leborio,
nm12376183,Abhijita Kashyap,
nm1243103,Stephen Casey,
nm12448083,Song Boo-gun,1976
nm1252806,Brittany Perry-Russell,
nm12674561,Ritva Helin,
nm12789775,Geana Restom,
nm12931715,Andy Teh,
nm1301857,Carlos Ramirez,
nm13076967,Mei Kazuki,
nm13093242,Eslam El-Sayed,
nm1326000,Teja Sajja,1995
nm13465094,Eden Dambrine,2007
nm13561965,Cason Peterson,
nm1358225,Steven Burkholder,
nm1366568,Radivoje Bukvic,1979
nm13723113,Shady Eldanf,
nm13798094,Noa Dior Rucker,
nm13815452,Adham Abdullah,
nm1382197,Ahmad Adam,
nm1388463,Prakash Belawadi,
nm14060207,Jhessica Daher,
nm1411540,Asami Imai,1977
nm1422338,Jale Öz,1934
nm14250625,Coca Enock Katumba,
nm14260747,Ferlyn G.,
nm1441419,Malu Galli,1971
nm1441852,Shlomi Koriat,1976
nm14657367,Shabu,
nm1478149,Allison Ewing,
nm1490505,Michael Uribe,
nm15009993,Nikita Bureev,2007
nm1502218,Guy Branum,1979
nm1502351,Henning Valin Jakobsen,1965
nm1511554,Michael Sullivan,1945
nm1511891,Iqbal Khan,1980
nm1513899,Bal Dhuri,
nm15269621,Pimp Daddy Pat,
nm1538053,Ehsan Amani,
nm1549295,Harrison Sloan Gilbertson,1993
nm1563455,Shane Hagedorn,1974
nm15690553,Diana Hu,
nm1571087,Kristel Fulgar,1994
nm1572219,Paddy Jenkins,
nm1575619,Petra Schmidt-Schaller,1980
nm1589340,Isha Talwar,1987
nm16267071,Richard Asare,
nm16427676,Shoxrux Abduxalilov,
nm16430605,Hisashi Yokota,
nm16699450,Sarah Hayes,
nm1675123,Issay,
nm1684740,Melissa Carter,1979
nm1701384,Darrell N. Mitchell,
nm17163524,José Virgilio Rosado,
nm17479624,Kristin Alderman,
nm1758899,Arnmundur Ernst Björnsson,1989
nm1759116,Ali Karagöz,1960
nm1760183,Aysen Inci,1955
nm17606286,Regina Arroyo,
nm1778632,Dhananjay Mandrekar,
nm1784379,Duobujie,
nm1785083,Wendy Braga,1981
nm1789173,Rina Gri,
nm1796242,Dôjurô Kataoka,1883
nm1800845,Michiko Namiki,1921
nm1809054,Brickland Carter,
nm18223693,Yu Kobota,
nm18287541,Igor Kudryavtsev,1960
nm1832677,Aleksey Chumakov,1981
nm1862760,Tadashi Takatsuki,
nm18642863,Claudia Morales Alba,
nm1869343,Haruki Jô,1946
nm1877415,Víctor Civeira,
nm1896336,Cayleb Long,
nm1905956,Jonathon Buckley,
nm1908630,Wood-Yau Cheung,1910
nm1935906,Christiane Ziehl,1950
nm1936402,Tak-Bun Wong,1963
nm1949808,Kaho,1991
nm1962218,Ferdinand Schmidt-Modrow,1985
nm2020451,Gemma Giménez,
nm2081164,Roberto Angel Salcedo,1979
nm2111196,Andre Hyland,
nm2114358,Brooke Newton,
nm2119978,Chun-Fang Chang,1950
nm2120778,Nigora Karimbaeva,
nm2193578,Kosta Biragov,1936
nm2194678,CJ Koenig,
nm2225545,Tommy Caldwell,1978
nm2328440,Toyah Frantzen,
nm2343617,Mehrdad Sedighian,1989
nm2366901,Keiko Isuzu,1913
nm2373827,Rob Mayes,1984
nm2398653,Roy Wood Jr.,1978
nm2410212,Madhumani,
nm2432224,Ray Remillard,
nm2441169,Hanna Ullerstam,1974
nm2450885,Jan Delay,1976
nm2465620,Mehdi Aminikhah,
nm2489612,Nader Fallah,1973
nm2576691,Steve Dellatori,
nm2608927,Autumn Federici,
nm2615164,Caspar Kaeser,1982
nm2640474,Ayberk Yilmaz,
nm2640610,Maysarah,1967
nm2662142,Iretiola Doyle,
nm2672255,Diána Magdolna Kiss,1984
nm2683583,Oleg Andreev,1975
nm2701752,Zele Avradopoulos,
nm2725299,Anastasia Mandic,1973
nm2780135,Dimitris Kapetanakos,
nm2788183,Ching-Liang Wang,
nm2791239,Toyin Abraham,
nm2807024,Brian Ringler,1980
nm2834209,Tao Hung,
nm2857889,Mohammad Fili,
nm2865434,Jacob Avery,
nm2867176,Silvia Gallerano,
nm2878427,Roberto Calabrese,
nm2889535,Carlo Silvestro,1943
nm2895878,Niña Dolino,
nm2902655,Jan-Paul Buijs,
nm2951682,Colleen Elizabeth Miller,
nm2983727,Prajaktta Mali,1989
nm3017331,Satomi Satô,1986
nm3020280,Rebecca Henderson,1980
nm3032586,Nikita Willy,
nm3034692,Lauren Parkinson,
nm3043279,Vicky Krieps,1983
nm3057022,Sarah Goldberg,1985
nm3102174,Jean Kuo,
nm3103280,Haider Abbas,
nm3180472,Alan Bagh,1985
nm3198894,Manuel Chua,
nm3204954,Manuela Oyarzún,
nm3213240,Satoshi Kanada,
nm3242110,Natalie Tannous,
nm3249839,Ryan Bruce,
nm3301868,Yawen Zhu,1984
nm3325981,Marie Leuenberger,1980
nm3334143,Kezia Burrows,
nm3343260,Christel van den Bergh,
nm3408189,Emma Hunter,
nm3424642,Christopher Bowman,
nm3428003,Asha Patil,1936
nm3432415,Casper Smart,1987
nm3446411,Franziska Grinzinger,
nm3474050,Roza Khayrullina,1961
nm3477928,Bridgette Pechman,
nm3520919,Anita Kalathara,
nm3554130,Ashton Leigh,
nm3617013,Scarlett Letizia,
nm3626959,Rickey Bird Jr.,
nm3667068,Alissa Ford,
nm3687213,Antonio Di Matteo,
nm3690667,David B. Meadows,1982
nm3710453,Xiang-Ling Hou,
nm3719463,Reynaldo Pacheco,
nm3719626,Eleonora Russo,
nm3726094,Jeff Fritz,
nm3732555,Tetsuo Mizushima,
nm3756556,Inna Stepanova,1982
nm3830290,Satwant Kaur,
nm3836444,Ashan Dias,
nm3865073,Vivaan Shah,1990
nm3914615,Ashley Gray,
nm3942523,Donia Eden,1990
nm3949804,Charlize Diaz De Leon,
nm3958650,Winwyn Marquez,
nm4057451,Nicola Perot,1991
nm4080199,A.J. Ditty,
nm4083737,Tobias Santelmann,1980
nm4140283,Sanam Saeed,1985
nm4141252,Lily James,1989
nm4152754,Annie Monroe,
nm4176831,Vincenzo Santagata,
nm4272350,János Mischuretz,
nm4282986,Shannon Brown,
nm4312854,Jack William Marshall,
nm4313142,Shin Hyeon-bin,1986
nm4318066,Ihsan El-Turk,1954
nm4349094,Dev Kharoud,
nm4358014,Guy Mandic,
nm4379408,Danielle Farrow,
nm4440521,Hiroshi Moriya,
nm4531844,Ella Chen,1981
nm4538120,Long Chen,1976
nm4551047,Marie-Claude Hénault,
nm4574737,Shannon Brown,
nm4650882,Aditi Chengappa,
nm4662324,Parmod Pabbi,
nm4702939,Iedil Dzuhrie Alaudin,
nm4742129,Burt Grinstead,1988
nm4781185,Bereda Reshit,
nm4789172,Ian P Campbell,
nm4805317,Ben Platt,1993
nm4903685,Harald Homolka-List,
nm4927704,Xolo Maridueña,2001
nm4948812,Kateryna Aresi,
nm4970341,Brando Rossi,
nm5003252,Aleksandr Petrov,1989
nm5063079,Yuly Mireles,
nm5089122,Bidita Bag,1991
nm5090500,Jun Shiraishi,
nm5138751,Jelson Bay,
nm5237479,Stacy Martin,1990
nm5237591,Monal Gajjar,1991
nm5249562,Pooja Hegde,1990
nm5342958,Frank Nicosia,
nm5375105,Raghu Kumar Karumanchi,
nm5460346,Maria Roveran,1988
nm5541953,Malati Sardeshpande,
nm5590630,Hagar Ben-David,
nm5618577,Brooks Ryan,
nm5630118,Kara Chapman,
nm5654296,Josh Croft,
nm5672892,Cheryl Frazier,
nm5674124,Yi-Ling Hsia,
nm5721783,Lee Smith,
nm5724719,Achyuth Kumar,1966
nm5743642,Angelo Grandi,
nm5776452,Dorcas Coppin,
nm5780443,Meisya Siregar,
nm5781475,Jeffrey Kaye,
nm5876117,Jaroslav Lorenc,
nm5903106,Song Young-kyu,1970
nm5959182,Martin Bassindale,
nm5989234,Deborah Kay Hooker,
nm6016389,Sandra Gutierrez,
nm6049034,Kyler Steven Fisher,1987
nm6076950,Hassie Harrison,1990
nm6098343,Sam Sheikhan,
nm6116954,Vijay Joshi,
nm6128366,Fatima Bouchain,
nm6153649,Mai Duong Kieu,1987
nm6194571,Hiro'o Fukazawa,
nm6210994,Sebastian Fernandez,
nm6234088,Rachel Nielsen,
nm6255347,Fatimah Jawad,
nm6283867,Lucinda Jane Tarrant,
nm6284745,William Prescott,
nm6292133,Dariush Moslemi,
nm6305117,Maksim Volkov,1981
nm6319943,Kevin J. Stone,
nm6358249,Kuljeet Singh,
nm6387801,Narine Grigoryan,
nm6416873,Adrien Dewitte,
nm6472360,Satoshi Mizuno,
nm6481461,Viktoria Hillisch,
nm6487292,Vanessa Branson,
nm6495544,Madison Nyenhuis,
nm6527042,Keisha Rose,
nm6529288,Alice Furze,
nm6603853,Liv Henneguier,
nm6635672,Dominick Rustam-Chartrand,
nm6648682,Janice Fisher,
nm6700498,Liisu Krass,
nm6714032,Reid Price,
nm6718435,Tôgo Washizuka,
nm6737445,Nichole Dye,
nm6742608,Zoe Platt,
nm6811103,Yusuf Eksi,
nm6836186,Anna Kazmi,
nm6856660,Ida Giedraite,1992
nm6935095,Lindsay Ross Davenport,
nm6947874,Celeste Trudzik,
nm7014938,William E. Harris,
nm7022372,Zuhab Khan,
nm7046528,Luis Ramírez Guzmán,
nm7078703,Na-kel Smith,
nm7079932,Hakim Faris,
nm7097759,Jessie Li,1992
nm7112813,Victoria McDevitt,
nm7118554,Leela Samson,
nm7130871,Suryakanth,
nm7141587,Amina,1971
nm7168339,Facundo Baigorri,
nm7194857,Emily-Jane Jones,1993
nm7325906,Deniz Gündogdu,1986
nm7349347,Patrick Greene,1990
nm7351371,Salvatore Presutto,
nm7363977,Steeve Brudey Nelson,
nm7368006,Bethany Billy,
nm7377149,Armando Volcanes,
nm7384359,Jordanne Calvin,
nm7410978,Digamber Naik,
nm7438321,Eleanor O'Brien,
nm7440990,Michael Broderick,
nm7464790,Simon Clark,
nm7510432,E.S. Koskie,
nm7519257,Matthew Drury,
nm7535030,Varsha Manikchand Shrivastav,
nm7560620,Austin Chunn,
nm7582636,Thanh Hien,
nm7632624,Andreea Violeta Petre,
nm7639984,Siti T.G. Perak,
nm7662448,Dhiren Shakya,
nm7731379,Sentarô Izumi,
nm7756047,Ray Russo,
nm7782141,Razor,
nm7809939,Shuvra Dey,
nm7828133,Jillian Geurts,
nm7868231,Lou Wilson,
nm7906830,Svitlana Shekera,
nm7907410,Natalia Dimou,
nm7920660,Sarah Taibah,
nm7987902,Nan Ji,
nm7989363,Latha Hegde,1993
nm8011037,Chris Egan,
nm8040682,Seun Ajayi,
nm8055755,Christian David,
nm8079280,Werner Böhnke,
nm8080155,Erik Gyarmati,
nm8108730,Florian Munteanu,1990
nm8138176,Jo Jae-Young,
nm8160621,Fereshteh Hosseini,1997
nm8168644,Myles Clohessy,1993
nm8272878,Sandra Drzymalska,1993
nm8297771,Dawn Marie Hughes,
nm8298453,Edward Baxter,
nm8301754,Ramona Schwalbach,
nm8302445,Jimmie Chiappelli,
nm8358333,Upeksha Swarnamali,
nm8359383,CG Lewis,
nm8372639,Rotimi Salami,
nm8400629,Prince Holloway,
nm8402599,Rajini Chandy,1951
nm8419928,Idris Nebi Taskan,1997
nm8446720,Sadie Rose,2001
nm8453051,Marie Zabukovec,
nm8516270,Dawn Perryman,
nm8518195,Iran Melo,
nm8573878,Ricardo Batista,
nm8574050,Melisa Salgam,
nm8615474,Minniel Douglas,
nm8675492,Rishad Noorani,
nm8686352,Louis Vehof,
nm8773481,Tsai Thao,
nm8812795,Emil Simon,
nm8819623,James Downie,
nm8855638,Pedro Belmonte,
nm8896354,Cree Armstead,
nm8981185,Elshaday Aredo,
nm8981542,Zakieh Behbahani,
nm8999813,Melanie Henríquez,
nm9007992,Ruby Rose O'Hara,
nm9054917,Fernanda Hay,1992
nm9113372,Suyog Gorhe,
nm9132188,Jass Bajwa,
nm9267325,Michael Warren Anderson,
nm9282737,Michael H Sachs,
nm9413159,Himali Sayurangi,
nm9432583,Jie Lu,
nm9474203,Gürkan Deniz Akhanli,
nm9477328,Adela Sánchez,
nm9482101,Kaylah Zander,
nm9485425,Ernest Vestito,
nm9496879,Rajasinha Loluwagoda,
nm9568975,Mauricio Arvizu,
nm9580241,Alessandra Scarci,
nm9605462,Dilani Madurasinghe,
nm9617780,Graham Sean Weatherspoon II,
nm9638522,Kôdai Miyagi,
nm9639586,Ali Aydogan,
nm9659205,Erick Estrada,
nm9733546,Anupam Dhyani,
nm9753456,Aakash Shrestha,
nm9790053,Anastasia Balan,
nm9828762,Temmuz Gürkan Karaca,1987
nm9830556,Kristen Krak,
nm9855918,Clara Davies,
nm9876338,Todor Jovanovic,2008
nm9901171,Armin Mayershofer,
nm9986834,Janardan Kadam,
nm0000215,Susan Sarandon,1946
nm0000423,Serena Grandi,1958
nm0000449,Natasha Henstridge,1974
nm0000539,Dina Meyer,
nm0001084,Ice Cube,1969
nm0001159,Faye Dunaway,1941
nm0005522,Mario Van Peebles,1957
nm0012916,Tetchie Agbayani,1961
nm0019027,Hans Jürgen Alf,1959
nm0019994,Nick Allan,1964
nm0033136,Kanjūrō Arashi,1903
nm0046277,Bae Doona,1979
nm0046522,Ludvik Bagari,1965
nm0047962,Chieko Baishō,1941
nm0051302,Haydée Balza,1948
nm0051761,Naoki Bando,1957
nm0060934,Jerome Preston Bates,1954
nm0066080,Ramzy Bedia,1972
nm0069974,Belgacem Ben Yedder,
nm0072910,Craig Benton,
nm0084581,Joshua Bitton,1973
nm0085611,Karoliina Blackburn,1972
nm0119711,Christian Bujeau,1944
nm0138120,Ralph Carlsson,1952
nm0151097,Shu Gei Chan,
nm0155562,Ekin Cheng,1967
nm0157805,Elaine Jin,1954
nm0159040,Fu Chong,
nm0190214,Luciano Cruz-Coke,1970
nm0196572,Mälik Dadashev,1924
nm0210295,Michael De Mesa,
nm0212328,Vic de Wachter,1951
nm0213339,Jackie Debatin,1970
nm0297149,Jun Fubuki,1952
nm0297754,Jun Fujimaki,1936
nm0297845,Tomoko Fujita,1965
nm0302965,Billy Ray Gallion,1971
nm0327631,Araceli González,1967
nm0342679,Vladimir Gritsevskiy,1949
nm0350249,François Guétary,1955
nm0351273,Toco Gómez,1942
nm0360604,Kärt Kross,1968
nm0361696,Seishirō Hara,1904
nm0368333,Jalaluddin Hassan,1953
nm0377807,Diveen Henry,
nm0386217,Sei Hiraizumi,1944
nm0386294,Mitsuru Hirata,1953
nm0392113,Christer Holmgren,1941
nm0396187,Thomas Hostettler,1946
nm0406891,Nurseli Idiz,1960
nm0411857,Gregory Itzin,1948
nm0417037,Sandra James-Young,
nm0417370,Krystyna Janda,1952
nm0423031,Néstor Jiménez,
nm0431732,Chuan Wang,1963
nm0436648,Salleh Kamil,1924
nm0440375,Shizuko Kasagi,1914
nm0457204,Keiko Kishi,1932
nm0460694,Robert Knepper,1959
nm0471601,Anders Baasmo,1976
nm0489783,Tom Lass,1983
nm0491065,Honey Lauren,
nm0491453,Marie Laurin,
nm0491551,Žarko Laušević,1960
nm0497631,Lee Jung-jae,1972
nm0508424,Hui-Kung Chang,
nm0535761,José Magaña,
nm0541256,Mercè Managuerra,
nm0569226,Bruce McGill,1950
nm0587686,Marsha Millar,
nm0594667,Sumiko Mizukubo,1916
nm0611985,Beckie Mullen,1963
nm0616391,Daniel Muñoz,1966
nm0617078,Masako Akeboshi,
nm0619227,Hiroyuki Nagato,1934
nm0623128,Dov Navon,1961
nm0631494,Talgat Nigmatulin,1949
nm0633715,Fernanda Nobre,1983
nm0644406,Nick Offerman,1970
nm0645269,Akira Ôizumi,1925
nm0645502,Fumiko Okamura,1898
nm0649746,Fereshteh Sadre Orafaiy,1962
nm0654876,Renzo Ozzano,1934
nm0658293,Jim Palmer,
nm0662505,Monica Parker,
nm0662744,Shaun Parkes,1973
nm0673311,Anthony C. Perera,1921
nm0678648,Brian Pettifer,1953
nm0695177,Prakash Raj,1965
nm0706953,K.K. Raina,1952
nm0707463,M. Rajoli,1945
nm0711836,Rita Ratnayake,
nm0726234,Ron Riekki,
nm0735442,Michelle Rodriguez,1978
nm0749363,Rufus,1942
nm0768029,Kunitarō Sawamura,1905
nm0776181,Walter Schultheiß,1924
nm0785842,Toni Servillo,1959
nm0788164,Mamata Shankar,1955
nm0793562,Kyūsaku Shimada,1955
nm0813691,Miguel Ángel Solá,1950
nm0824373,Johanna ter Steege,1961
nm0836168,Robert Stull,
nm0837360,Ichirō Sugai,1907
nm0839977,Kenji Susukida,1898
nm0847302,Mieko Takamine,1918
nm0853439,Tela Tchaï,1909
nm0869718,Paco Tous,1964
nm0882398,Chand Usmani,1933
nm0882969,Anton Vaculík,1941
nm0890874,Marek Vašut,1960
nm0897510,Tatiana Dyková,1978
nm0900651,Jan Vlasák,1943
nm0935659,Maurice Dean Wint,
nm0945562,Akira Yamanouchi,1921
nm0945992,Kuei-Mei Yang,1959
nm0946639,Kiyomi Yasuda,1950
nm0952104,Ichirô Zaitsu,1934
nm0957257,Chuck Zito,1953
nm0959944,Dara Devaney,
nm10002148,Yûtaro,1998
nm1001206,Sornsutha Klunmalee,
nm10019801,Nikola Risteski,
nm10080055,Saleem Krichi,
nm10091596,Kevin Jimenez Bernal,
nm10095095,Sharwani Ns,
nm10110915,California Jones,
nm10123310,Elizabeth Selby,
nm10134529,Josephine Agbonmwanre,
nm10136189,Grid Margraf,
nm10160533,Tiarna Abbott,
nm10174309,Gouri G. Kishan,1999
nm10181098,Kayla Heredia,
nm10195787,Stella Shute,
nm10228377,Jason Chaos,
nm10233225,Bailey Ellison,
nm10271251,Abhay Arun Gaikwad,
nm10272097,Ajit Kumar Srivastava,
nm10273210,Delilah Hughes,
nm10292071,Manuel Cabrera Campos,
nm10293688,Ryuheî Kitagawâ,
nm10303751,Rob Gushue,
nm10304667,Elise Mignon,
nm10308180,Antonio Goikoetxea,
nm10319157,Pádraig Condron,
nm10321923,Camilla Nardini,2000
nm10322424,Lacey Bean,
nm10323691,Subeksha Khadka,
nm10324814,Christian Germany,
nm10326801,Zharas Akhmetov,
nm10328540,Natasha Viens,
nm10328541,Tristan A. Dobie,
nm1033299,Kōichi Uenoyama,
nm10337612,Fakhri,
nm10339326,Yongdi Wang,
nm10344249,Shyamali Vijini,
nm10347973,Benjamin Sheputis,
nm1035011,Robert Acres,
nm10351523,Brittany m Little,
nm10355408,David Cantillo,
nm10355427,Kevin Yandel Montalvo,
nm10355967,Steven Tankard,
nm10358826,Tatum Bates,2002
nm10360651,Nathan Blanchet,
nm10363208,Johanna Eiworth,
nm10363321,Shirine Boutella,1990
nm10367757,Arda Tasarcan,2006
nm10367780,Ana Sofía Rodríguez,
nm10368117,Rohit Kumar,1995
nm10378904,Stacey Bahr,
nm10378905,Michelle Hanevold,
nm10384358,Valentina Häberle,
nm10387666,Bethany Pritchett,
nm10387668,Dylan Feathers,
nm10391383,Keiko Satomi,
nm10392623,Hossein Sajjadpoor,
nm10396814,Chien Hua Hsiu,
nm10400615,Tahira Bailey,
nm10401109,Denke Denkevi,
nm10404588,Junhao Zhang,
nm10409715,Shandy William,
nm10410147,Ami Takajima,
nm10411427,Alex Flores,
nm10417912,Ganesh Neupane,
nm10417986,Dan Hansen,
nm10418097,Marilyn Hughes,
nm10419385,Nihal Kr Singh,
nm10427473,Kyle Jarrett,
nm10427690,James Bryant,
nm10428847,Evelyn Omosigho,
nm10434496,John Small,
nm10436387,Dmytro Karshnevych,
nm10437233,James Price,
nm10440486,Sidney Manfred Maycock III,
nm10442492,Narek Awanesyan,2002
nm10443700,Amanda Campbell-Fasken,
nm10445558,Latika Gore,
nm10446127,Ömer Baran,
nm10448918,CiCi Harmon,
nm10449999,Gonzaga,
nm10454407,Neotha Hale,
nm10455290,Sofiane Aïchoune,
nm10456643,Ella Willhite,
nm10457033,Rutuja Kulkarni,
nm10458037,Devin Johnson,
nm10461348,Aiden Hamilton,
nm10467925,Dave Cook,
nm10468302,Wanne Buitenhuis,
nm10471699,Ennio Maldonado,
nm10471978,Tadgh Gunter,
nm10487113,Moradores Do Quilombo Vila Nova,
nm10487275,Ayesha Frenando,
nm10492245,Latoya Wofford,
nm10493364,Richa Chetry,
nm10495105,Ali Fumiko Whitney,
nm10497109,Peter Rinderknecht,
nm10503693,Cora Turner,
nm10505421,Subhash Khude,
nm10512137,Anatoli Tatarov,1952
nm10513496,David Maldonado,
nm10519169,Robert De Bruin,
nm10523453,Autmn Betters,
nm10525993,Celeste Ward,
nm10526025,Hinrik Gylfason,
nm10530488,Vanessa Diaz,
nm10532006,Manpreet Kaur Jawanda,
nm10532733,Scott Mechler,
nm10532821,Patti Dearman,
nm10533784,Safoora Ghafoori,
nm1056790,Nicholas Aaron,
nm10569025,Burhan Sirmabiyik,
nm10592822,Dan Stevenson,
nm10615585,Neha Lahotra,
nm10625466,Aída Wellgaye,
nm1065900,Myriam Loucif,
nm10661913,Marii Dekaruko,
nm10680161,Honnylyn Hammet,
nm10681054,Mahmoud Ghaem Maghami,
nm10690684,Imthiyas Mohammed,
nm10722074,Humberto Morales,
nm10733786,Alex Costa,
nm10734161,Bihaan Saha Dalal,
nm10750066,Christopher Bles,
nm10753993,Setsuko Kaida,
nm10760764,Tres Kitchens,
nm10809092,Michael Stiver,
nm1083311,Kim Bu-seon,1961
nm10842732,Ollie West,
nm10849970,Mirei,
nm10890808,Divya Ganesh,
nm10944847,Anita L. Beaty,
nm11041862,Khanh Ngoc Mai,
nm11044461,Kim Do-yeob,
nm1107060,Michael Pemberton,
nm11084372,Jordan Arico,
nm1111149,Virginia Urdaneta,1954
nm1113889,Yalçın Dümer,
nm11178322,Anne Telders,
nm1118612,Kim Dong-wook,1983
nm11205658,Dimitriy Krasilov,1994
nm11275580,Elene Baratashvili,
nm1127958,Yograj Singh,1958
nm11302980,Bram Hornung,
nm11314289,Molly Dudley,
nm11329583,Mandy Alexander,
nm1133214,Kishori Shahane,1969
nm11342886,Paola M'Bia,
nm11385152,Jakob Sole,
nm1138926,Mike Dell,
nm11391211,Frank Haraksin,
nm11474126,Andrew Guiou,
nm11474650,Abby,
nm11511039,Yang Zhang,
nm1157205,Kevin Wayne,1968
nm11591853,Robert Vidal III,
nm11766522,Kim Scholfield,
nm1176711,Fernando Teixeira,
nm1186230,Pietro Sermonti,1971
nm11866849,Aki Kawada,
nm11873024,Ruben Ruhanamilindi,
nm1194778,Yumiko Hasegawa,1924
nm12001759,Barbara-Lynn Copp,
nm1208035,Aaron Neil,
nm12096772,Harsh Gawali,
nm1210364,Guershon Moreno,
nm12121766,Nicolas Maupas,1998
nm1214463,Gene Gabriel,1970
nm12232380,Edouard Niyonteze,
nm12285098,Diana Shulmina,1998
nm12292819,Mohamed Mellali,
nm12297157,Katrin Willberg,
nm12383623,Revan Eyyubov,
nm1239713,Rachel Riley,
nm12434683,Joan Antonio Castañeda,
nm12498524,Meenakshi Mahesh,
nm1252241,Zhibing Liu,
nm12562660,George Kalu,
nm1259124,Grzegorz Malecki,1975
nm12665633,Abdulrahman Alshibly,
nm1276942,Park Mi-hyeon,1971
nm1282927,Dmitriy Dyuzhev,1978
nm1303331,Jianwen Zhao,
nm13131071,Shangjun Chen,
nm13154976,Uriah Cheng,
nm13234494,Massimiliano Bossa,
nm13287656,Ajay Dwivedi,
nm13396716,Camila Cosio,
nm13582282,Alessia Bofarull,
nm1361049,Janina Uhse,1989
nm1363764,Toyoyuki Kimura,
nm13642852,Lee Seung-chul,1979
nm13652346,Stanislav Potiak,
nm1372094,Sardar Sohi,
nm13721925,Neil Crud,
nm1373106,Lali Espósito,1991
nm13800735,Yuri Perrone,
nm13859588,Yann Guchereau,
nm1387306,Kaushik Sen,1968
nm1391032,Lalit Parimoo,1964
nm13913129,Haojia Li,
nm1392076,Uhm Ji-won,1977
nm13970801,Andrea Chirinos,
nm14214693,Carlos Alberto Gallego,
nm1437387,Glenn Salvage,
nm14445837,Harsh Daund,
nm1453507,George Adams,
nm1457831,Joicie Appell,1928
nm1460782,François Damiens,1973
nm14804311,J.D. Taves,
nm14829974,Jose Banda,
nm1495475,Michelle Alves,1978
nm15312788,Khosro Abbasi,
nm1534063,Issei Takahashi,1980
nm1539524,Husna,
nm15433810,Naattu Raja Durai,
nm15780117,Robert Yasumura,
nm1578697,Ahmet Ariman,1955
nm16090995,Amrit Dujari,
nm16156202,Brian McGowan,
nm1617813,Manjima Mohan,1993
nm1628079,Leven Rambin,1990
nm16445502,Andrzej Tomana,
nm1655031,Fyodor Lavrov,1975
nm1674835,Luis Arrieta,1982
nm1697156,Masatoshi Nakamura,
nm1699335,Açelya Elmas,1977
nm1703429,Inci Pars,1980
nm1707874,Igor Djordjevic,1978
nm17086622,Baidya Biswajit,
nm17199310,Lucas Miagusuku,
nm1736550,Ignacio Márquez,
nm1736605,Laurence Spellman,
nm1753729,Sonny Parsons,1959
nm17549786,Po-Hsiang Chang,
nm1758920,Abdallah Farghaly,1928
nm1758990,Barthélémy Grossmann,
nm17758761,Neidi dos Santos Livramento,
nm1796742,Jose Manalo,1966
nm1822342,Upendra Limaye,1969
nm1870393,Andrea Carballo,
nm1873329,Sheila Oaks,
nm1883509,Yeremis Pérez,
nm1898925,Martin Finger,1970
nm1928542,Sonny King,
nm1939580,Jakob Oftebro,1986
nm1941303,Deon Coetzee,
nm1945550,Bahtiyar Engin,1965
nm1975871,Brandon Stacy,
nm1998753,Mehmet Ali Kaptanlar,1959
nm2012038,Braj Kishore,
nm2014279,Janet Khiew,
nm2059117,Robert Kazinsky,1983
nm2075350,María Elisa Camargo,1985
nm2081715,Alejandro Guzmán Alvarez,
nm2082530,Alanna Bale,
nm2086851,Bea Binene,1997
nm2087065,Josette Blanc,
nm2107622,Nic Sampson,1986
nm2112748,Tsuyoshi Muro,1976
nm2122072,Hamid Reza Pegah,
nm2153780,Hachirô Shizuka,1904
nm2169502,Noé Alarson,
nm2189977,Haruko Miyaji,
nm2204070,Lu Huang,1983
nm2206989,Jaturong Kolimart,
nm2281741,Martinho Silva,1979
nm2305030,Reza Rokhak,
nm2336650,James Lemire,
nm2339428,Francis Duru,
nm2348667,Hua Liu,1961
nm2361080,Jennifer Whitus,
nm2376212,Tarô Nakamura,
nm2385002,Jiro Oka,
nm2386577,Tony Corvillo,
nm2422019,Krystal Reyes,1996
nm2438707,Julie Estelle,1989
nm2450506,Roland Bonjour,
nm2454994,Bill Oberst Jr.,
nm2499500,Madalin Mandin,1983
nm2524138,Anna König,1980
nm2546411,Manoochehr Vossoogh,
nm2569233,Yûki Kaji,1985
nm2579496,Anthony M. Bertram,1977
nm2590596,Sudha Belawadi,
nm2596959,Yoshihiko Hosoda,1988
nm2611061,Reizaburô Umewaka,1901
nm2645920,Sergey Epishev,1979
nm2664304,Alicia Jaziz,
nm2671390,Alamgir,1950
nm2689197,Daniela Droz,
nm2693356,Remy O'Brien,
nm2710534,Lauris Dzelzitis,1978
nm2745686,Flor Salanga,
nm2748640,Him Law,1984
nm2763138,Saghar,
nm2769372,Setareh Pesyani,
nm2777927,Seyed Javad Hashemi,1966
nm2794951,Samanthi Lanerole,
nm2808410,Scott Pearson,
nm2823350,Boy Chico,
nm2851426,Purabi Sharma,
nm2874468,April Hartman,1972
nm2906029,Gökçe Özyol,1972
nm2952467,Andy Buckley,1965
nm2964361,Marion Douglas,
nm2964950,Christina Burdette,
nm2993517,Meredith Hagner,1987
nm2996917,Mikey Bharj,
nm3017474,David Perdomo,1979
nm3022234,Imam Darto,
nm3062843,Sarah Hassan,
nm3064143,Akiko Sawamura,
nm3070408,Prateik Patil Babbar,1986
nm3078064,Pavlin Petrunov,
nm3100463,Raymond Lee,
nm3120588,Bo-Chieh Wang,1989
nm3132725,Amir Aghaee,
nm3150965,Kimberly Ryder,
nm3154399,Jaffer Idukki,
nm3166305,Tána Radeva,1957
nm3287914,Bulgari Varne,
nm3297448,B.V. Radha,1948
nm3341538,Raditya Dika,1984
nm3354025,Sonya Thompson,
nm3374021,Prasun Gain,
nm3385467,Jackson Berlin,
nm3430300,Nadia Al-Mardini,
nm3483035,Lee Chae-eun,1981
nm3494722,Steef Cuijpers,
nm3527299,Jonathan Tazewell,
nm3533230,Kaya Erdas,1956
nm3544809,Sudesh Lehri,1968
nm3556658,Victor Landol,
nm3597462,Srinath Alnath,
nm3605032,T.M. Karthik Srinivasan,
nm3640660,Scotty Sparks,
nm3641927,Nazanin Mandi,1986
nm3683078,Sumeet Dang,
nm3711953,Robert Gilbert,
nm3754050,Ozan Ayhan,1981
nm3776270,Albert Goikhman,
nm3835850,Ryan Singer,
nm3840978,Emel Canser,1958
nm3850259,Vic Carmen Sonne,1994
nm3851858,Masaya Nakamura,
nm3855467,Philly Plowden,
nm3898236,Luiza Grigorova,1990
nm3996691,James Unsworth,
nm4098239,Ivan Gromov,
nm4129480,Ibrahim Renno,
nm4189429,Inaamulhaq,1979
nm4191778,Ermanno Nastri,
nm4196716,Robbie Barnes,
nm4200158,Andreas M.E. Hierzer,
nm4306987,Kaweh Modiri,
nm4310467,Tornike Gogrichiani,1986
nm4323425,Katharina von Daake,
nm4323771,Danny Plotner,
nm4351101,Don Peterson,
nm4360404,Taylor Dupuis,
nm4381156,Julius Feldmeier,1987
nm4389505,Shunrô Takeda,1887
nm4404400,Harjeet Bhullar,
nm4408716,Aiysha Hart,
nm4429784,Conal O'Céidigh,
nm4468552,Emmanuela Costaras,
nm4478001,Malorie Mackey,
nm4503236,Joe Felece,
nm4535518,Mindy Robinson,1980
nm4590837,Ed Oxenbould,2001
nm4695210,Mark McKinnon,
nm4725798,Aruldoss,
nm4745422,Rishi Raj,
nm4749222,Riri Kuribayashi,1987
nm4750198,Brian Wilson,
nm4755386,John Solomonides,
nm4802028,Dianne Diaz,
nm4943457,Pierson Fode,1991
nm4945454,Nicole Kafka,
nm4957537,Kim Bo-Seul,
nm4967368,Mbarek Dib,
nm4971605,Toms Aunins,
nm4995683,Rabi Giri,
nm5048087,Klas Wiljergård,
nm5062337,Lawrence Evenchick,
nm5068444,Sharbari Das Gupta,1948
nm5123508,Tessa Ryan,
nm5149328,Marlo Mortel,
nm5163456,Alexis Barbosa,1989
nm5181138,Saniyya Sidney,2006
nm5243813,Jiatian Zhang,
nm5272429,Bobby Bulloch,
nm5310553,Gizem Erman Soysaldi,1984
nm5346772,Divya Pillai,1988
nm5394209,Furkan Kopuz,1989
nm5404487,Moe Edamoto,1976
nm5406209,Natalie Neilson,
nm5408347,Priyantha Sirikumara,
nm5422415,Anil Nagarkar,
nm5447706,Vikrant Massey,1987
nm5479767,Marie-Reine Poyteau,
nm5484722,Kari Bremnes,
nm5495474,Gaston Re,
nm5508157,Sibaji Bandyopadhyay,
nm5551912,Sunil Premakumara,
nm5570157,Pina Kühr,1987
nm5570957,Rachel Kamath,
nm5595667,Kiri Geen,
nm5650535,Beth M. Alonso,
nm5654277,Bobby Simha,1983
nm5676682,Yathiraj,
nm5705131,Daniel Danca,
nm5714824,Juuso Toivonen,
nm5742112,Pääru Oja,1989
nm5763862,Milo Elmido Jr.,
nm5798583,Raghveer Boli,1987
nm5804705,Mrunal Jain,
nm5809739,Joseph Frew-Miller,
nm5840062,Matisse Haddad,
nm5850563,Ross Pesigan,
nm5878208,Mamed Khalidov,1980
nm5896355,Anya Taylor-Joy,1996
nm5913510,María Elena Duque,
nm5939214,Shane Nigam,1995
nm5976210,Ben Scheiner,
nm6012914,Andrei Sabillon,
nm6054979,Sam Johnson,
nm6055639,Tetsuharu Kawakami,
nm6106368,Munishkanth,1978
nm6117094,Milena Avramova,
nm6124827,Yousef Taherian,
nm6178538,Jordan Coombes,
nm6194565,Masayuki Moto'o,
nm6229731,Himaali Siriwardana,
nm6282337,Paulo Verlings,
nm6293700,Mary-Alice Farina,
nm6301747,Alex Tak-Shun Lam,
nm6369174,Vishwas Kini,
nm6382681,Evgeny Pivovarov,
nm6444864,Aakash Santhosh,
nm6486367,Valentin Kirejev,
nm6573023,Feryel Chammari,
nm6618354,Sai Srinivas Bellamkonda,1993
nm6630516,Rodney Warnakula,
nm6652333,Lam Thanh My,
nm6684097,Sarigama Viji,1949
nm6694978,Nikia Wiggins,
nm6699391,Vincent Wolff,
nm6713262,Melvina McCullough,
nm6794303,Brenda L. Dubone,
nm6811097,Reece Raechelle,
nm6816957,Sunny Koll,
nm6823316,George Pakola,
nm6831108,Brigt Skrettingland,
nm6854277,Narinman Bekbulatov-Areshev,1988
nm6891047,Steve Wood,
nm6897372,Yuan Du,1957
nm6929749,Christopher Morson,
nm6999451,Gayatri Deshmukh,
nm7017299,Surabhi Santhosh,
nm7055164,Bin Zhou,
nm7065745,Faig Mirzayev,
nm7160314,Iona Mckeown,
nm7160967,Erick McAllister,
nm7199858,Rachel Schrey,1990
nm7253444,Marie Lenzi,
nm7369305,Chase Anderson,
nm7369952,Ekaterina Albrandt,
nm7428212,Ambarish Bhattacharya,
nm7431180,Giorgi Bochorishvili,1985
nm7470146,Alexandre Antonio,
nm7482432,Stevo Pavlovic,
nm7487578,Melisa Senolsun,1996
nm7545798,Bill Barrett,
nm7577430,Jaran Noylum,
nm7607825,Oludara Egerton-Shyngle,
nm7645843,Kanna Ravi,1990
nm7669135,Jackson Robert Scott,2008
nm7731977,William Kenny,
nm7782041,Karen Simpson,
nm7824910,Meth Bandara,
nm7840775,James Carson,
nm7845710,Ananda Karekar,
nm7865013,JP Chartier,
nm7889606,Mayu Udono,
nm7898789,Ali Hasan,
nm7902114,Hussein Khan,
nm7912616,Maksum Yusupov,1912
nm7931755,Maria Chuvilina,1985
nm8004027,Caroline Söderström,
nm8017864,Miyuki Nakahara,
nm8042819,Paul Van Scott,
nm8060566,Ceyda Yucesan,
nm8068814,Nick Davi,
nm8111443,Tobia De Angelis,2000
nm8135859,Kathryn Zahorak,
nm8164806,Adi Freeman,
nm8177465,Qi Dong,
nm8179407,Sobhita Dhulipala,1992
nm8194718,Jorge Motos,1999
nm8255801,David Jon Foster,
nm8300827,David Hartl,1993
nm8314230,Demelza O'Sullivan,
nm8348575,Xiaobao Song,
nm8422299,Alex Griffin-Griffiths,
nm8457419,Estella Henderson,
nm8483176,Evette Young,
nm8519754,Amy Alexander,
nm8541375,Carlotta Moore,
nm8574940,Sabastian Neudeck,1996
nm8583232,Gavin Warren,2008
nm8599195,Robert Elswick,
nm8599411,Diane Beveridge,
nm8645154,Lissette Selman,
nm8659047,Ruby Barker,1996
nm8677722,Meriel Hinsching,
nm8748462,Wendy Lawal,
nm8758981,Sushil Sitaula,
nm8819794,Gina Willard,
nm8830351,Laura Rosi,
nm8850112,Vishnu Govindhan,
nm8850134,Biju Sopanam,
nm8907038,Dalia Chowdhury,
nm8933053,Shô Kiyohara,1993
nm8944757,Chinecherem Eze,
nm8956274,Hittesh Arrora,1990
nm8972570,Kaushalya Fernando,
nm9046197,Daniel Oldroyd,
nm9051929,Kestutis Ruzgys,
nm9102304,Jessica Albano,
nm9157672,Elnaaz Norouzi,1996
nm9200468,Sergio Rizzuto,
nm9265715,Cassidy-Rae Nicholson,
nm9393405,Brandon Shaw,
nm9410839,Meg Brocco,
nm9508806,Serhiy Prytula,1981
nm9518905,Ash T,
nm9541144,Carlos Enrique Castro,
nm9549064,Suresh Gamage,
nm9583032,Bindu Bothalegama,
nm9610123,Asanthi Ranasinghe,
nm9644567,Anthony Notarile,
nm9717222,Özgür Erkok Moroder,
nm9721564,Cavit Özer,
nm9734519,Dimitris Koustolidis,
nm9786343,Yogita Chavan,
nm9848296,Jace Armentrout,
nm9862188,Keturah,1995
nm9867799,Luke Neite,
nm9870543,Donna O'Sullivan,
nm9909800,Shardul Bharadwaj,
nm9922590,Abhishek Maharshi,
nm9970377,Linesh Fanse,
nm9981119,Aleksey Popov,
nm0000335,Glenn Close,1947
nm0000391,Rupert Everett,1959
nm0000680,Casper Van Dien,1968
nm0001074,Ronny Cox,1938
nm0001745,Stellan Skarsgård,
nm0004645,Antonio Sabato Jr.,1972
nm0004975,Macy Gray,1967
nm0005314,Drew Pinsky,1958
nm0005450,David Spade,1964
nm0009334,Cláudia Abreu,1970
nm0015417,Keisuke Akitsu,
nm0030022,Tony Anholt,1941
nm0033505,Nathaniel Arcand,1971
nm0034953,Grace Ariyawimal,
nm0036024,Jon Magnus Arnarsson,
nm0051345,Eliska Balzerová,1949
nm0053257,Rocco Barbaro,1955
nm0057776,Nerea Barros,1981
nm0060544,Ali Bastian,1982
nm0062568,Rizabawa,
nm0075710,François Berléand,1952
nm0081175,Jean-Luc Bideau,1940
nm0082212,Bülent Bilgiç,1954
nm0095465,Sahajak Boonthanakit,
nm0108431,Nicolas Briançon,1962
nm0108637,Jon Briddell,1966
nm0112811,Jean-Noël Brouté,1962
nm0115161,Emily Browning,1988
nm0125553,Evelyne Buyle,1948
nm0126284,Rose Byrne,1979
nm0147978,Abraham Celektar,1945
nm0158414,Wenzhuo Zhao,1972
nm0161655,Iván Chávez,
nm0180720,Pilita Corrales,1939
nm0181225,Teresa Côrte-Real,1963
nm0181881,Faik Coskun,1914
nm0198941,Mark Damon,1933
nm0200702,Dany Boon,1966
nm0211144,Libero De Rienzo,1977
nm0218615,Pascal Demolon,1964
nm0223607,Dhumal,1914
nm0225766,Katerina Didaskalou,1960
nm0231458,Colman Domingo,1969
nm0253893,Stephen A. Elkins,
nm0254291,Mike Elliott,
nm0268199,Colin Farrell,1976
nm0283556,Michael Flynn,1947
nm0287168,Marlene Forte,1961
nm0290075,Andrew Francis,1985
nm0305988,Bernal García,
nm0317863,Rosemarie Gil,1942
nm0326590,Houshang Golmakani,
nm0329589,Elizabeth Goodyear,
nm0330853,Michael Gor,1965
nm0354560,Yoshihiko Hakamada,1973
nm0359275,Kikuko Hanaoka,1910
nm0380521,Subas Herrero,1943
nm0387390,Tony Ho,1964
nm0394670,Keisuke Horibe,1966
nm0404003,Faizal Hussein,1967
nm0408346,Gorô Inagaki,1973
nm0408458,Bilal Inci,1936
nm0411417,Akio Isono,1910
nm0419354,Adrian Jastraban,1969
nm0419688,Jayaram,1964
nm0424453,Adam Johnson,
nm0424819,Corey Johnson,1961
nm0434169,German Kachin,1938
nm0438704,Ahmet Karaca,1938
nm0438895,Fatma Karanfil,1952
nm0457575,Yukiya Kitamura,1974
nm0457860,Hakkı Kıvanç,1931
nm0457954,Sōji Kiyokawa,1903
nm0465221,Hiroshi Kôno,
nm0494887,Richard Leacock,
nm0508417,Heling Li,
nm0509811,José Lifante,1943
nm0532778,Carla Maciel,1974
nm0559992,Dawn Matthews,
nm0580382,Annie Mercier,
nm0583681,Gérard Meylan,1952
nm0590507,Milan Milosavljevic,1960
nm0590922,Omi Minami,1968
nm0592759,Yuriko Mishima,
nm0613417,Raza Murad,1950
nm0619107,Masayoshi Nogami,1940
nm0625789,Tim Blake Nelson,1964
nm0626649,José Neto,1955
nm0630040,Andreas Nickl,1967
nm0631659,Terumi Niki,1949
nm0632757,Kō Nishimura,1923
nm0638184,Yasar Nuriyev,1951
nm0642253,Matt O'Neill,
nm0653913,Martijn Oversteegen,
nm0654758,Ülkü Özen,1951
nm0671561,Lanell Pena,1969
nm0677944,Alistair Petrie,1970
nm0683379,Mitch Pileggi,1952
nm0684131,Hon Ping Tang,
nm0684500,Dominique Pinon,1955
nm0685856,Michael Pitt,1981
nm0695497,Kyla Pratt,1986
nm0730191,David Robb,1947
nm0741219,Adam Rose,1987
nm0743896,Tracee Ellis Ross,1972
nm0756820,Pirkko Saisio,1949
nm0757104,Takeshi Sakamoto,1899
nm0762248,Stefania Sandrelli,1946
nm0764895,Nilgün Sarayli,1958
nm0779067,Dolph Scott,
nm0794388,Sanae Mitsuoka,
nm0797614,Ingvar Sigurdsson,1963
nm0814192,Anusha Sonali,
nm0835738,John Stuart,1898
nm0836682,Robinson Stévenin,1981
nm0836729,Ernst Stötzner,1952
nm0838520,Suman,1959
nm0840646,Mizuho Suzuki,1927
nm0852060,Bradley Taylor,
nm0853392,Jun Tazaki,1913
nm0853478,George Tchortov,
nm0854990,Tengger,
nm0856700,Shalini Tewari,
nm0865544,Jōtarō Togami,
nm0882577,Ken Utsui,1931
nm0883684,Nikki Valdez,
nm0889475,Jérôme Varanfrain,
nm0890159,Dante Varona,
nm0893122,Michele Venitucci,1974
nm0893941,Maribel Verdú,1970
nm0906699,Masao Wakahara,
nm0926086,Isiah Whitlock Jr.,1954
nm0945999,Yang Hui-Shan,1952
nm0949775,Keone Young,1947
nm0952084,Ziana Zain,1968
nm0954655,David Zellner,1973
nm0991459,Rambo Amadeus,1963
nm0999232,Mari Kojima,1944
nm10087145,Minu Bania,
nm10101416,Ashim Krishna Boruah,
nm10151948,Miguel Belaustegui,
nm10157807,Aqila Herby,
nm10181284,Tia Kai,
nm10196124,Greg Johnson,
nm10261360,Simon Langlois,
nm10261553,Redgi Cardoso,
nm10261562,Isadora Alves,1996
nm10264203,Veri Diana Arias,
nm10267163,Zach Decker,
nm10268476,Emma Tosh,
nm10272584,Tony Simon Gomez,
nm10273746,Akbar Ajudan Pribadi,
nm10274120,Lidija Kordic,
nm1027735,Mauro Altschuler,
nm10281536,Tokiwa Matsuo,
nm10284012,Jaynie Awcock,
nm10284554,Alaide Albino,
nm10286273,Camilla Fowler,
nm10288726,Ray Brazaski,
nm10292439,Jeffrey Logan Ponder,
nm10293527,Francesca Palmidessi,
nm10301008,Cameron Harris,
nm10302510,Jon Meeks,
nm1030452,Keiji Takamiya,
nm10305717,Joe U. Brown,
nm10306475,Natalye Archiles,2014
nm10310557,Andrius Alešiūnas,
nm10313390,Hannah Frahm,
nm1031561,Rie Nakano,1955
nm10317469,Mila Borcuch,
nm10318473,Rantarô Ichimurâ,
nm10318510,Yeshi Dema,
nm10321662,Kotaro Daigo,2000
nm10322423,Jude Collins,
nm10322429,Justin Case,
nm1032596,Seema G. Nair,1968
nm10330475,Chris Winters,
nm10333561,Lasantha Kamalsiri,
nm1033554,Sebastián Wainraich,1974
nm10338884,Casey Case Sr.,
nm10340007,Dipti Bhagawat,
nm10342544,Adrian Luque,
nm10343511,Javier Vega,
nm10345116,Rupali Gaykhe,
nm10347855,Gustavo Costa,
nm10349599,Mary Bitel,
nm10354153,Ziming Ge,
nm10355899,Laurent Amadeus Nickolaus,
nm10359130,Urmika Godbole,
nm10361106,Nathan Blyth,
nm10362308,Vassilis Lamprakos,
nm10369440,Arvind Rau,
nm10369742,Adarsh Gunduraj,
nm10372161,Reina Shindo,
nm10375380,Chang Dong,
nm10376627,Avinash Khedekar,
nm10386209,Kate Barnette,
nm10386336,Brynjar Åbel Bandlien,
nm10386337,Ella Øverbye,
nm10402214,Hooshang Salim,
nm10403329,Lazar Nikolic,
nm10403409,Hosang Hwang,
nm10420930,Andy Levi,
nm10423425,Yuki Kameda,
nm10427913,Tomi Egami,
nm10428898,Alainn Henderson,
nm10431278,Lorence Beaini,
nm10433343,Mostafa Nissabouri,
nm10433997,Sammy Rüegsegger,
nm10434499,Dan Farris,
nm10435803,Maxim Respublicanschii,
nm10438054,Bob Young,
nm10438090,Osama Alqess,
nm10438436,Alice Lamanna,
nm10439875,Bryce Lederer,
nm10440456,Deborah O'Keefe,
nm10447831,Richard Cohen,
nm10448083,Claire Porro,
nm10448917,Emma Kohlenberg,
nm10454291,Abigail Cannon,
nm10457032,Sanika Ghaisas,
nm10457994,Malshi Nimasha,
nm10458155,Derek Sanders,
nm10459559,Chakrapani Ananda,
nm10461344,Megan Krawczyk,
nm10462658,Hazel Revel,
nm10464461,Giovanni Fuoco,
nm10471291,Chuck Porter,
nm10476968,Mohammad Ali Mohammadi,
nm10484265,Irfan Ahmed Syed,
nm10486122,Mo Dadkhah,
nm10486875,Angel Zapata,
nm10487813,Patience Baraka,
nm10488762,Angeliki Athanassoulias,
nm10491845,Cody Chapman,
nm10492241,Cali Sonte,
nm10492255,Rhonda Francis,
nm10493406,Ryan Ellis,
nm10494111,Jean-Paul Mente,
nm10495101,Dionisis Grammatikos,
nm10497417,Don Fine,
nm10501867,Chen-Chen Li,
nm10503147,Leila Masamoto,
nm10503931,Daphne Dorman,1975
nm10506331,Mojgan Akhlaghi,
nm10509078,Anushi Warnasuriya,
nm10509919,Dina Enoksen Elvehaug,
nm10510557,Bea Watson,
nm10511555,Kurtis Blake,
nm10514444,Yam Kumari Chhetri,
nm10516039,Xinqi Liu,
nm10516908,Ansh Gupta,
nm10517811,Winston Jayna,
nm10518004,Ahmed Fouka,
nm10518007,Marny Abdelaoui,
nm10520102,Ambre Knox,
nm10520333,Kate Shaw,
nm10521529,Suryalal Sivaji,
nm10523454,Atyauna Jones,
nm1052408,Esin Eden,1935
nm10526497,Laura Kilpatrick,
nm10528832,Laila Robersion,
nm10528992,Wendy Lavezzi,
nm10532930,Laila Mammi,
nm10534968,Daiva Lebeliunaite,
nm10536386,Nidhi Arun,
nm10538305,Darío Ruiz,
nm10556224,Fan-Rou Chen,
nm10561891,Jaxon Apple,
nm10568841,Maathevan,
nm10569204,Esam Al-Kazemi,
nm10584760,Mirnalini Ravi,1995
nm10601956,Miracle Lee,
nm10608807,Jaikumar,
nm10619055,Dharmendra Kaur,
nm10627022,Liat Amar,
nm10649282,Lilly Ivring,
nm1067551,Ki-joo Kim,1940
nm10681865,Behrooz Jafari,
nm10717482,Trey Guinn,
nm10773505,Thomas Benedict,
nm10797828,Benno Rosskopf,2010
nm10817994,David Wozniak,
nm10830026,Leo Aguilera,
nm10866045,Viviana Cangiano,
nm10894110,Brett Charles,
nm10935353,Ethan Bridges,
nm11086776,Elysia Oliquiano,
nm11089391,Andrea Mora Hidalgo,
nm1109880,Augustin Legrand,1975
nm11128766,Niv Nissim,
nm1118716,Meral Küçükerol,1949
nm11232862,Wasim Sitar,
nm1127863,Neeltje de Vree,1990
nm11283627,Agyei Augusto,
nm11306495,Showna Xie,
nm11364112,Sandy Nuttall,
nm11364609,Deren Sun,
nm11370739,Sophia Lücke,
nm1139632,Tracie Thoms,1975
nm11437647,Yuzo Sawamura,
nm11441804,Yusuf Aydin,
nm11464535,Tyler Perris,
nm11464786,Abhi,
nm11496325,Suhas Deshpande,1969
nm11527625,Nomalanga Shozi,1994
nm11585046,Onurcem Aydemir,1992
nm11596716,Rocky Melton,
nm11600727,Vikas More,
nm1160730,Hisano Yamaoka,1926
nm11630215,Shavi Sharma,
nm11650085,Saleh Karami,
nm11676837,Alfonso González Lesca,
nm11682653,Raffaele Pisani,
nm11682655,Hugo Laporte,
nm1172804,Faranak Mirghahhari,
nm1172930,Kazuko Okada,
nm11829658,Amin Farzaneh,
nm11888138,þórður Bogason,
nm11936047,Abdullah Al-Busairi,
nm1200739,Aiko Melendez,1975
nm1206317,Vicky Ahuja,
nm12081823,Jeanne Case,
nm12180649,Aleksander Ottesen-Kaalstad,
nm1218953,Charlene Choi,1982
nm12292818,Valero Escolar,
nm1238739,Nicoletta Romanoff,1979
nm12498788,Durojaiye Olukayode Bigs,
nm1252320,Xiaowei Ma,
nm12589518,Valentino de la Luz,
nm1259094,Ehsan Khan,
nm12665631,Nahid Hassan,
nm12674557,Martti Eskelinen,
nm1273365,Weiping Wang,
nm1276495,Junqin Ma,
nm1288343,Hassan Raziani,
nm12940452,Molly Pepper Tuer,
nm1298582,Anna Castillo,1993
nm13094977,Shigeru Kureta,
nm1311933,Cheska Diaz,
nm13213079,Yôko Kuroki,
nm13575723,Gustav De Waele,2008
nm1378329,Edward Finlay,
nm13808568,Wendell Hollis,
nm1382072,Tommy Wiseau,
nm1383801,Mukesh Ahuja,
nm13930592,Michael Drake,
nm13931649,Winsang Shakul Abdulai,
nm1401154,Dave Carson,
nm1411541,Miyoko Inagawa,
nm1422320,Miguel Ángel Tirado,1949
nm14264488,Melica Bauman,
nm14277165,Khan Lun,
nm1442604,Ranjit Rubasinghe,
nm1472487,Anna Dereszowska,1981
nm14752745,Edgar Pavsner,
nm14776725,Hamza Iallouchen,
nm1513121,Astrida Auza,
nm1540540,Khalifa Nazir,1944
nm1546686,Alice Lowe,1977
nm1549177,Kiyo Fujii,
nm1550913,Arun Nalawade,
nm1570165,Shubhangi Damle,
nm1570191,Agam Darshi,1987
nm15765498,Shah Reza Mohd Shah,
nm15893242,Bobbi Allan,
nm1642030,Timothy Meinke,1964
nm1665222,Bumon Kahara,
nm1670783,Angel Soto,
nm1671571,Masami Morikawa,
nm1685401,Barbara Cole,
nm1695459,Dalal Abdel Aziz,1960
nm1700833,Bob Olin,
nm1720028,Amber Heard,1986
nm1758556,Ümit Acar,1955
nm1759339,Gökhan Mumcu,
nm1760072,Hülya Erçel,1964
nm1767861,Fumiko Katsuragi,1878
nm1799338,Afsaneh Chehreh Azad,
nm1799506,Valérie Descheneaux,
nm1830165,Shen-Lin Chen,
nm1869082,Emrhys Cooper,1985
nm1878161,Subaru Kimura,1990
nm1888295,Frank Gilhooley,1971
nm1908872,Happy Salma,
nm1925238,Daniel de Weldon,
nm1935071,Zamarul Hisham,
nm1952875,C. Mason Wells,1984
nm1971706,Tonya Glanz,
nm2013638,Kostas Antalopoulos,
nm2062375,Lucília de Assis,
nm2062436,Joaquin Camilo,
nm2063290,Anna Foglietta,1979
nm2086765,Donna Soares,
nm2098273,Bob Prupis,
nm2102330,Ian Drysdale,
nm2117556,João Barbosa,1969
nm2119319,Victoria Teijeiro,1977
nm2148845,Sergey Belyaev,1960
nm2148922,Farhad Khan Mohammadi,1944
nm2151247,Sriyantha Mendis,
nm2162693,Agnieszka Podsiadlik,1981
nm2203315,Cho-Lam Wong,1980
nm2273252,Gen Hoshino,1981
nm2275452,Yoshiko Oshimi,
nm2278431,Joe Hammerstone,1981
nm2299539,Maral Farjad,
nm2299879,Chusri Chern-Yim,
nm2374741,Tommy Dorfman,1992
nm2374808,Eleanor Drew,
nm2376684,Andrew Muhlach,
nm2383070,Mitsuo Namino,
nm2392676,Daniel Turini,
nm2428447,Ali Badshah,
nm2481309,Tim Kreuer,
nm2544899,Shabnam Moghadami,1972
nm2581098,Matthew Edward Frieberg,
nm2603023,Dev Das,
nm2672743,Akmal,1929
nm2792992,Ali Shadman,1996
nm2794962,Hailee Steinfeld,1996
nm2804503,Matt Jones,1981
nm2827538,Zainab Johnson,
nm2832703,Matthew Zuk,
nm2847812,Pio Marmaï,1984
nm2855324,Amporn Pankratok,
nm2865117,Talia Hart,
nm2905560,George Dunham,
nm2914059,Leonie Benesch,1991
nm2924294,Kang-Tai Hsu,
nm2930154,Elliot J. Langridge,1987
nm2934950,Alok Rajwade,
nm2949959,Jesus Fernandez,
nm2965286,Oleksandr Pecherytsia,
nm2990507,Fazal Haq,
nm3001807,Santosh Juvekar,1984
nm3052337,Sergey Sosnovskiy,1955
nm3060342,Leanne Lapp,
nm3080619,Yukari Taki,
nm3086049,Vladimir Kott,1973
nm3131437,Robério Diógenes,
nm3138747,Yuanyuan Cheng,1985
nm3141448,Payam Madjlessi,
nm3147751,LaKeith Stanfield,1991
nm3159930,Shivaji Guruvayoor,
nm3175946,Emilio Janhunen Calderón,
nm3196782,Alberto Ajaka,1973
nm3301189,Hien Trang,
nm3305911,Shinya Kote,1973
nm3311444,Meera Joshi,1991
nm3332284,Belma Salkunic,1988
nm3343765,Isao Onoda,
nm3361553,Berit Glaser,
nm3408419,Candace McAdams,
nm3440452,Luiza Nersisyan,1977
nm3459555,Shaan Sharma,
nm3472442,Laura Hamisultane,
nm3533739,Fang-Fang Fong,
nm3556463,Kelong Li,
nm3603343,Shûji Kawabe,
nm3640154,Mayu Matsuoka,1995
nm3641180,Kim Hee-won,1971
nm3643886,Katy Dore,
nm3658258,Daniel Woods,1989
nm3663964,Laura Pizzirani,1981
nm3672524,KJ Smith Black,
nm3678494,Sean Scott McCracken,1980
nm3720947,Amit Kalyankar,
nm3727008,Lee Dong-yong,1979
nm3841682,Troy Faruk,
nm3967345,Eleanor Brown,
nm3974940,Tia Bean,1987
nm4027546,Amye Gousset,1972
nm4028885,Nivin Pauly,1984
nm4051847,Sohel Altan Gol,1989
nm4052191,Vianey Huizar,1979
nm4096798,Marie Rosa Tietjen,1986
nm4103520,Yannick Zenhäusern,
nm4147126,Anne-Élisabeth Bossé,
nm4209644,Graham Wolfe,
nm4244312,Harsh Mayar,1998
nm4254593,Alejandro Santoni,
nm4263987,Mo Zelof,
nm4297645,Theodus Crane,
nm4297979,Leandro Sanchez Arauz,
nm4311727,Tokkyo Faison,
nm4356591,Madalina Anea,1987
nm4381014,Shannon Tarbet,1991
nm4410924,Yi-Wen Yen,1977
nm4415826,Ellis J. Wells,
nm4434111,Umesh Jagtap,
nm4438619,Sonu Pradhan,
nm4483439,Maggie Geha,1988
nm4519769,Buddhika Jayaratne,
nm4553908,Tsuyoshi Takano,
nm4591962,Ryan Barton,
nm4608165,Antoine Olivier Pilon,1997
nm4612692,Melissa Roxburgh,1992
nm4648862,Colm O'Brien,
nm4684947,Liandra Sadzo,
nm4701946,Sophie Godin,
nm4705792,Don,1971
nm4724538,Danielle Prall,1975
nm4744892,Seiko Ozone,
nm4756915,Alice Stefânia,
nm4763863,Taili Wang,
nm4787182,Vincent Visser,
nm4841882,Judith Aguilar Sebastián,
nm4859779,Matt Rossman,
nm4923307,Selahattin Ersoy,
nm4967175,Lahoucine Bardaouz,
nm4968105,Sandeep Khare,
nm5022173,Theresa Addison,
nm5023877,Rika Hanabusa,
nm5041464,Tsion Habte,
nm5065332,John J. Encinio,
nm5108056,Lindy Pieri,
nm5159854,Niyas Backer,
nm5212722,Rathna Sumanapala,
nm5243426,Mary Buss,
nm5293209,Mathieu Cailliere,
nm5392430,Linda Ejiofor,
nm5410602,Vishwajith Gunasekara,
nm5416705,Arman Navasardyan,1982
nm5439251,Delaney Hathaway,
nm5456213,Anja Akstin,
nm5459220,Clemens Berndorff,
nm5477572,Fernanda Gentil,
nm5568287,Brian Joon,
nm5663569,Augie Fantinus,
nm5669149,Dilawar Sidhu,
nm5671152,Óbis József,
nm5687735,J.R. Brown,
nm5713957,Brittany D Williams,
nm5766822,Michael Schertenleib,
nm5794253,Michael J. Patterson,
nm5816610,Vasiliy Kozlov,1979
nm5844615,Prilly Latuconsina,1996
nm5885804,Jono De Leon,
nm5907963,Sven Schelker,
nm5908641,Mathew Amos,
nm5912310,Nyla Usha,1984
nm6063058,Nada AlMojadedi,
nm6131003,Mehdi Shadizadeh,
nm6143310,Lucy Morton,
nm6203022,Demick Lopes,
nm6247294,Christopher Matthew Spencer,
nm6302636,Miyoko Yamagishi,
nm6360564,Tolga Arslan,
nm6406050,Hooman Haji Abdollahi,
nm6419485,Nikola Surbanovic,1990
nm6458099,Terri Bisgrove,
nm6492969,Hanan Harchol,
nm6537344,Zachary Zarvos,
nm6576970,Becca Berg,
nm6632518,Raymond Chiu,1979
nm6640263,Zurab Miminoshvili,
nm6644577,Ester Noronha,1992
nm6666749,Khaled Al-Buraiki,
nm6679262,Richarson Díaz,
nm6700366,Soumyajit Majumdar,
nm6705983,Rittika Sen,2000
nm6708690,Miko Raval,
nm6734397,Kim Cameron,
nm6750316,Nimo Liré,
nm6808042,Jeffrey Creightney,
nm6870822,James Bartolomeo,
nm6903157,Ella Markey,
nm6940200,Cecilia Vaicels,
nm7044552,Andrew Gan,
nm7063828,Ramar,
nm7077277,Ahaana Kochar,
nm7106350,Martha Bossio de Martínez,
nm7108952,Jack O'Connor,
nm7188724,Naveen Neni,
nm7249955,Zainab Balogun,
nm7260890,Selina Wiesmann,
nm7290010,Alfonso Morgan-Terrero,
nm7306987,CJ Beckford,
nm7318811,Svetlana Nekipelova,1944
nm7322415,Nikki Silva,
nm7328054,Sijoy Varghese,
nm7407174,Ruben Pol,
nm7455569,Vyacheslav Kiselyov,
nm7470871,Aarohi Patel,1994
nm7494237,Yerkebulan Daiyrov,
nm7556681,Abdelah Besseghir,
nm7662036,James Maeva,
nm7663135,Angela Leta Kaye,
nm7664209,Kaley Wheless,
nm7697417,Jumarcus Mason,
nm7730296,Aaron Mitchell,
nm7744405,Conor Doran,
nm7756902,Casey Elliott,
nm7814127,Maadhav Deochake,
nm7859219,Nasrin Babaei,
nm7906102,Kainan Bai,
nm7981365,Jianhong Wang,
nm7987911,Carl Malapa,
nm8016794,Eliran Harush,
nm8187490,Ullas Pandalam,
nm8194931,Farideh Eshragh,
nm8203122,Juan Carlos Pichardo Jr.,
nm8205920,Nivetha Pethuraj,1991
nm8207120,Arielle Gottesman,
nm8208671,Iole Carola,
nm8220034,Trenton Brisco,
nm8229233,Lucas Pose,
nm8254696,Adesh Sidhu,
nm8257504,Benny Bakker,
nm8264364,Giulia Goldammer,
nm8270797,Juan Hernandez,
nm8288376,Stephen Jeffery,
nm8290747,Sheshadrie Priyasad,1991
nm8298591,Prachi Chavan,
nm8342903,Landon Kasten,
nm8352556,Tigran Gevorkjan,
nm8365413,Yôsuke Sugino,1995
nm8407826,Dylan Crouch,
nm8420520,Diljott,
nm8504956,Yudha Keling,
nm8526671,Iani Bédard,
nm8558895,Francesco Giammanco,
nm8595292,Semmalar Annam,1990
nm8667631,Fabien Gauthier,
nm8702399,Cindy Galán,
nm8717305,Thushari Wehella,
nm8725945,Jens Menger,
nm8744341,Humberly González,1992
nm8853149,Shravni Sahay,
nm8958156,Timme Kerkhoff,
nm8975055,Surakshya Panta,
nm9029050,Dan Howe,
nm9059182,Juliana Kinang-Wassan,
nm9086739,Gabriel Aina,
nm9095308,Ingrid Nyström,
nm9154250,Luis Manuel Álvarez,
nm9169137,Jamantae Edmonds,
nm9230974,Nazar Hussain,
nm9240675,Harold McLaughlin,
nm9256571,Rhoda Okobea Ampene,
nm9260436,Dipti Dhotre,
nm9289529,Wacky Kiray,
nm9299264,Giancarlo Yataco,
nm9311326,Indika Rathnayake,
nm9363168,Putri Marino,1993
nm9395927,Borko Brajovic,
nm9399969,Christian Magoon,
nm9405907,Yingtao Li,
nm9429271,Sarath Dikkumbura,
nm9445072,Wang Peng Kai,
nm9549555,Piumi Purasinghe,
nm9577038,Natalie Searle,
nm9602953,Elli Rhiannon Müller Osborne,2001
nm9635459,Halil Balkanlar,
nm9641019,Tushar Acharya,
nm9653176,Armen Arushanyan,
nm9678377,Prateek Pachauri,
nm9702923,Patrick Diabuah,
nm9722080,Suvarna Kale,1996
nm9736967,Tyler Burdick,
nm9746223,Violet Nelson,
nm9801453,Sergey Shtatnov,
nm9813170,Josh Turner,
nm9829510,Ravi Gowda,
nm9851359,Kyle Holl,
nm9884210,Amir Ahmad Ghazvini,
nm9911004,Emel Çetin,
nm9927182,Enab Khizra,
nm9928692,Akash Thiyagalingam,
nm9933536,Dre Kok,
nm9980032,Victoria U Bell,
nm9987314,Nachela Knox,
nm0000226,Will Smith,1968
nm0000410,Stephen Fry,1957
nm0005039,Julio Iglesias Jr.,1973
nm0007545,Aasia,
nm0015164,Jûzaburô Akechi,1926
nm0017868,Satish Alekar,
nm0023097,Boban Alumoodan,
nm0035082,Murat Arkin,1975
nm0039788,Astrid Assefa,1953
nm0051765,Tsumasaburō Bandō,1901
nm0066075,Rakesh Bedi,1954
nm0084443,Seema Biswas,1965
nm0107101,Richard Bremmer,1953
nm0109140,Israel Bright,1963
nm0118345,Detlev Buck,1962
nm0119144,Bill Buell,1952
nm0142410,Adriano Carvalho,1970
nm0150987,Kwok-Pong Chan,1968
nm0156567,Eddie Cheung,1963
nm0158920,Giuli Chokhonelidze,1929
nm0161198,Christy Chung,1970
nm0161974,Giovanni Ciccia,1971
nm0213603,André Deca,
nm0219334,Rolf Dennemann,1952
nm0230479,Süha Dogan,1920
nm0234369,Susana Dosamantes,1948
nm0255001,Nadine Ellis,
nm0285753,Lita Ford,1958
nm0287398,Domenico Fortunato,1964
nm0289105,Kirk Fox,
nm0304709,Jack Kao,1958
nm0308256,Rian Garrick,1935
nm0316381,Carmen Giardina,
nm0321399,Max Giusti,1968
nm0330923,Gabriele Gori,
nm0357249,Akira Hamada,1941
nm0359219,Hajime Hana,1930
nm0360515,Heike Hanold-Lynch,1962
nm0361665,Hideko Hara,1959
nm0386176,Carlos Hipólito,1956
nm0387360,Pak-Kwong Ho,
nm0394499,Miroslav Horáček,1950
nm0399058,Xiaolei Huang,1981
nm0407329,Chōko Iida,1897
nm0427378,Johannes Joner,1958
nm0434593,Kyōko Kagawa,1931
nm0442955,Yûsuke Kawazu,1935
nm0458511,Olga Klebanovich,1945
nm0459732,Mårten Klingberg,1968
nm0462387,Peter Koch,
nm0466924,Pekcan Koşar,1936
nm0470886,Magnus Krepper,1967
nm0476182,Kyôko Kusajima,
nm0490489,Andy Lau,1961
nm0496987,Cheryl Thorup,
nm0498165,RonReaco Lee,1976
nm0501256,Valérie Lemercier,1964
nm0508293,Thierry Lhermitte,1952
nm0519023,Jodi Long,
nm0529452,Zsolt László,1965
nm0538214,Scott Major,1975
nm0541408,Anita Mancic,1968
nm0590907,Kaho Minami,1964
nm0594062,Kōji Mitsui,1910
nm0599137,Pietra Montecorvino,1962
nm0610565,Majid Mozaffari,1951
nm0615531,Naomasa Musaka,1954
nm0620808,Ítala Nandi,1942
nm0621066,Napolean,1963
nm0637586,Masako Nozawa,1936
nm0641244,David O'Hara,1965
nm0654167,Jake Owen,1981
nm0659244,Rakesh Pandey,1940
nm0674701,Mireille Perrier,1959
nm0720879,Gábor Reviczky,1949
nm0738391,François Rollin,1953
nm0751762,Leon Russom,1941
nm0764871,Sarath Babu,1951
nm0768614,Leonardo Sbaraglia,1970
nm0783062,Suna Selen,1939
nm0784119,Koreya Senda,1904
nm0784226,Roger Seneviratne,
nm0788788,Mohammad Reza Sharifinia,
nm0790202,Boris Shcherbakov,1949
nm0793616,Yukiko Shimazaki,1931
nm0793643,Gen Shimizu,1907
nm0802995,Greg Sestero,1978
nm0810738,Kasia Smutniak,1979
nm0812568,Catherine Sola,1941
nm0840485,Nobuhiro Suwa,1960
nm0842191,Sean Sweeney,
nm0846630,Tomoroo Taguchi,1957
nm0847400,Kaku Takashina,1919
nm0848406,Isao Tamagawa,1922
nm0849545,Ratko Tankosic,1954
nm0858048,Mélanie Thierry,1981
nm0861440,Hella Thornegg,1878
nm0876724,Anna-Maija Tuokko,1981
nm0898913,Vineeth,1969
nm0913797,Gedde Watanabe,1955
nm0917962,Liza Weil,1977
nm0928560,Bates Wilder,1961
nm0935395,Katheryn Winnick,
nm0937296,Christine Wodetzky,1938
nm0939925,Patricio Wood,1961
nm0943104,Jing Wu,1974
nm0951014,Pyotr Yurchenkov,1951
nm0957746,Dmitriy Zolotukhin,1958
nm0998932,Shinzô Hotta,
nm1002067,Ümit Tokcan,1944
nm10052966,Johannes Pieter Nel,
nm1006583,Jackie Lou Blanco,
nm1007226,Mayuko Hino,1959
nm10088118,Julie Leskiv,
nm10110938,Dorrill Griffin,
nm10141088,Kimberly B. Flores,
nm10153044,Teja Devkar,
nm10177469,Kai-Wen Hsieh,
nm10179382,Shashi Bhushan,
nm1018299,Byron Kolasis,
nm10209071,Agia Abou Asly,
nm1022949,Bob Soler,
nm10230116,Kiran Naik,
nm10266989,Anmar Fathaldin,
nm10267133,Sally Horowitz,
nm10270567,Marcus Leslie,
nm10272089,Pooja Pandey,
nm10273302,Danielle Carrozza,
nm10273978,Jon Rust,
nm10273979,Michael Recchia,
nm10287372,Olivia Farrow,
nm10287530,Herold Vomeer,
nm10288311,Benjamin Cacal,
nm10289909,Kanye Huff,
nm10290749,Shri Gopal,
nm10292068,Diego Jiménez,
nm10292587,Enzo Ferrari Arciaga,
nm10301295,Darius Durr II,
nm10303958,Martina Bergmann,
nm10305408,Clea Lewis,
nm10306721,Rantaro Ichikawa,
nm10308241,Rahul Jain,
nm10313087,Umarul Mahdzar Embong,
nm10315185,Lefteris Dimiropoulos,
nm10315885,Juan Domingo Mariotti,
nm10319953,Satomi Watanabe,
nm10322436,Dusty Bean,
nm10323148,Mitsuko Kawakubo,
nm10326473,Hidekazu Takagî,
nm10327830,Hua Long Chang,
nm10328669,Ebrar Kurt,
nm10334426,Kikuro Yamato,
nm10335234,Saurabh Sharma,
nm10341411,Rita Carmona,
nm10343513,Marianela Ruffato,
nm10347647,John T. Reardon,
nm10347650,Alesiandra Nikezi,
nm10358728,Campbell Scot,
nm10359179,Emin Kiliç,
nm10362196,Paul Bing,
nm10363404,Saurabh Adya Pandey,
nm10364389,Akino,
nm10364393,Masamune Kisumi,
nm10364589,Sachika Yoshioka,
nm10369421,Sean Pablo,
nm10369650,Shilpa,
nm10370316,Kevin Vanderstappen,
nm10370506,Angela Di Carlo,
nm10370508,Jim Haines,
nm10379063,Aditya Gaikwad,
nm10387659,Daniel Richardson,
nm10388310,Jennifer Bonner,
nm10392018,Kritee Gautam,
nm10392817,Edgar Ramirez,
nm10394000,Chidori Kure,
nm10395978,Sudhir Joglekar,
nm10404026,Mike Afolarin,
nm10404344,Federica Cardamone,
nm10407597,Hiroshi Koike,
nm10409729,Serdar Gökalp,
nm10421349,Eva Lootsar,
nm10424354,Ayanru Florence,
nm10425080,Sylvania Isidort,
nm10425798,Abadia do Amparo Pires do Maciel,
nm10425812,Yukino Miyake,
nm10429835,Zack Grimmett,
nm10431230,Patrick Lörcher,
nm10431507,Max Themak,1989
nm10437934,Ji Hye Park,
nm10438091,Abdullah Fahhad,
nm10438665,Akash,
nm10440306,Shreyaschandra Gaikwad,
nm10440590,Rajshekhar,
nm10441643,Joe Millerin,
nm10441908,Teruichi Nizawa,
nm10443350,Nobuko Nakahara,
nm10443679,Bobby Johnson,2001
nm10444074,Farah,
nm10445111,Tom Pukhely,
nm10449993,Mirember Joy Berush,
nm10451509,Janelle Jacoban,
nm10454823,Resham Chitar,
nm10456640,Syncere Mahkail,
nm10462461,Akbar Aein,
nm10470415,Meenakshi Madhuraghavan,
nm10472976,Reinaldo Hernández,
nm10475220,Lucas Hsuan,2009
nm10476634,Parmeet Kaur,
nm10477495,Ali Gürer,
nm1047913,Glen Gould,
nm10483668,Kevin Davis Jr.,
nm10485744,Jade Rivera,
nm10486121,Spyridon Alexopoulos,
nm10487899,Takashi Odaka,
nm10488755,Christy Taronno,
nm10490517,Stephany Rashel,
nm10491065,Ilkay Baris,
nm10493410,Simon Hart,
nm10495005,Emily Posey,
nm10496610,Charles Gavard,
nm10497789,Jean-Ires Michel,
nm10499365,Marlon Matla,
nm10500251,Alma Andrade,
nm10505054,Talia Hershewe,
nm10506132,Marcus Eim,
nm10506445,Raechelle Ricketts,
nm10516435,Christopher Girard,
nm10519747,Connie Di Virgilio,
nm10519748,Paul Giachetti,
nm10520870,Matthew Choi,
nm10521140,Ram Gurung,
nm10521233,Danial Ghaffarzadeh,
nm10523718,Antonela Boban,
nm10523730,Dorotea Balicevic,
nm10526022,Súsanna Sand Ólafsdóttir,
nm10529368,Rita Merle,
nm10532870,Noah Kauffman,
nm10536741,Zoé Ferrer,
nm10537764,Yuki Wulan,
nm10555285,Charles Alexander,
nm10572150,Kyle Andre,
nm10597983,Guillermina Sorribes Liotta,
nm10602997,Master Amith,
nm10641638,Kalyanji Jana,
nm10666412,Ali Hussein,
nm1066970,Rico E. Anderson,
nm10672181,Alejandra 'Ale' Arias,1988
nm10690469,Fannar Freyr Atlason,
nm10694896,Sriridonai Chaisorn,
nm1069587,Darshan Kumaar,1986
nm10713116,Helia Emami,1985
nm10727705,Mo Zeighami,
nm10804527,Shelton Branch,
nm1081069,Semra Dinçer,1965
nm1086319,Boyan Petrov,
nm10873608,Rachel Shannon,
nm10879336,Jean Dewailly,
nm1091861,Emre Altug,1970
nm10952407,Ralph P.,
nm10959264,Felix Melendez Jr.,
nm10974189,Vanessa Jenkin,
nm10977338,Achut Ramarao,
nm1099195,Mayu Ozawa,1980
nm10999641,Honorine Uwayo,
nm11008791,Paul Cazaly,
nm1101442,Daniel Bess,1977
nm11041863,Pompatama,
nm11044409,Karthik Appala,
nm11084338,Emerald Colon,
nm11102031,Kwon Hyuk-bum,
nm1111966,Hong Dao,
nm11185120,Niranjan Chaubey,
nm11240798,Loretta Pikardt,
nm11257765,Durgaprasad K,
nm11278367,Florian Faure,
nm1132913,Jay Newton,
nm11353087,Umesh Shukla,
nm11357336,Tim Schmidt,
nm11405230,Ezad Lazim,
nm11433227,Meech Jones,
nm1145612,Tutie Kirana,1952
nm1150853,Mario Ponce,
nm11583046,Indy Restanto,
nm11638987,Bharath Gowdru,
nm1173203,Asghar Semsarzade,
nm1174040,Sandra Mattie,1970
nm11770295,Heather Charron,
nm11778776,Martha Crivaro,
nm1197780,Daniela Pal,
nm12012457,Julia Hirt,
nm12120803,Maricla Amoriello,
nm1212515,Vije Bhatia,
nm1212722,Benedict Cumberbatch,1976
nm12185136,Marin Hidaka,
nm12231899,Avnish Dubey,
nm12239003,Robert Carlton Stimmel,
nm12239799,Julian Melton,
nm12242794,Kristine Hartgen,1989
nm12337289,Khanna Aryan,
nm12385551,Shreenath Ambeskar,
nm12385553,Anil Bhawre,
nm12407569,Mukesh Chandelia,
nm12445583,June Cudney,
nm1244880,Lucia Hurajová,1976
nm1251565,Lun-Mei Gwei,1983
nm1252090,Ma Lan,
nm1253367,Jinglu Sun,1923
nm1254410,Edmilson Barros,
nm1255751,Matthew Douglas,
nm12711700,Samuel Joly,
nm1275337,Nan Deng,
nm1276085,Shan Jiang,
nm1278099,Jibo Zhang,
nm1279305,Orã Figueiredo,1965
nm12822820,Freyja Simpson,
nm1287084,Ogie Diaz,1970
nm1289225,Bharat Kaul,
nm1291022,Lorenzo Balducci,1982
nm12915505,Dec Imafidon,
nm12969035,Pejvak Imani,
nm1313509,Boy Abunda,1963
nm1316863,Bide Yan,1941
nm13216512,Gautam Singh Rajput,
nm13245159,Midhat Abdullah,
nm13303127,Scarlett McPhee,
nm13398468,Sahar Babi,
nm1348500,Yukari Yamamoto,
nm1354843,Denisse Dibós,
nm13609823,Ayman Sitiane,
nm13736109,Mary Amanuel,
nm13801747,Andriy Kutlahmetov,
nm13944689,Deepak Soni,
nm13970803,Jorge Isaac Castañeda Castro,
nm1408453,Ryan Carnes,
nm14118468,Neha Sahni,
nm14154581,Rozerin Balikçi,
nm1434433,Idavela Babu,
nm1436194,Dennis L.A. White,
nm1438839,Jarkko Tamminen,1976
nm1446274,Anne Serra,1988
nm1450630,Denis Matrosov,1972
nm1451888,Benny Chan,1969
nm1457030,Anna Redi,
nm1459609,Nandhu,
nm1460173,Guoping Xue,
nm1468386,Eric Olson,
nm1476546,Wayne Han,
nm1527250,Becki Hayes,
nm1549889,Guido Kangur,1956
nm1551922,Columbus Short,1982
nm1570591,Dyfan Dwyfor,1984
nm15750700,Yan Li,
nm1578801,Salvatore Campo,
nm1578920,Melih Ekener,1965
nm1586095,Ghassan Massoud,1958
nm15898967,Rocky Duwani,
nm16513071,Suresh Kumar Bangia,
nm1670735,Wahid Seif,1939
nm1671512,Anamaria Marinca,1978
nm1687861,Alban Ivanov,
nm1688298,Jun Mihara,
nm1688981,Sasa Torlakovic,1965
nm1698825,Seinosuke Hayashi,1907
nm1711156,Krista Kalmus,
nm1728821,Aleksandra Poplawska,1976
nm1759615,Subbaraju,1977
nm1767877,Chiyoko Kinoshita,1903
nm17754849,nm17754849,
nm1778107,Makarand Anaspure,1973
nm1795828,Jonathan Hansler,
nm1801619,Elizabeth Tavares,
nm1832010,Hiroshi Akiyama,
nm1855682,Sora Aoi,1983
nm1922254,Zohar Liba,1977
nm1934381,Fiona Choi,
nm1935978,Tony Eusoff,
nm1945217,Bert Haelvoet,1978
nm1977117,Kyle Buchanan,
nm1978793,Yu-Chiao Szema,
nm2006206,Gabriel Godoy,
nm2053085,June Diane Raphael,1980
nm2102062,Ferdi Kurtuldu,1980
nm2117181,Sterling Sulieman,
nm2129662,Cristin Milioti,1985
nm2148934,Epy Kusnandar,1964
nm2199633,Drew Henriksen,
nm2207415,Anna Prus,1981
nm2207585,Ali Soleymani,
nm2276699,Thomas Kasp,
nm2314596,Maia Mitchell,1993
nm2337089,Beth Fraser,1978
nm2337388,Ksawery Szlenkier,1981
nm2363187,Rishi Deshpande,
nm2407035,Ryûya Wakaba,1989
nm2409083,Antonio Zavatteri,1967
nm2410400,Kim Kwang-kyu,1967
nm2446184,John Lofthouse,
nm2464261,Necar Zadegan,1982
nm2489799,Elisa Lasowski,1986
nm2492023,Ken Bradshaw,
nm2515011,Selim Bayraktar,1975
nm2523072,Michael Socha,1987
nm2552266,Mindaugas Papinigis,1983
nm2593278,Nish Nathwani,
nm2726382,Sherryl Despres,
nm2740210,Yao Zhang,
nm2741235,Sara Waisglass,1998
nm2745463,Joey Bicicchi,
nm2748187,Daya Tennekoon,
nm2749745,Reyad El Kasabgy,1903
nm2750565,Hataya Ichikawa,1883
nm2757035,Robert Reitano,
nm2783690,Adison dos Reis,
nm2809845,Diana Dell'Erba,
nm2838790,Fabio Rossini,1967
nm2841309,Joey Paras,1978
nm2932346,Dayadewa Edirisinghe,
nm2944369,Mayu Takahashi,
nm2979225,Christie Burson,1982
nm3018318,Lipy Adler,
nm3024100,Dewi Perssik,1985
nm3025366,Pam Eichner,
nm3041466,Michael D. Molloy,
nm3056676,Neil Alles,
nm3086789,Russell Geoffrey Banks,
nm3111951,Randy Houser,1975
nm3120250,Ida Zein,
nm3128068,Mukta Barve,1979
nm3129104,Veer Rajwant Singh,1991
nm3145714,David Carl,
nm3146043,Adrian Frieling,
nm3153209,Sebastian Beacon,1982
nm3172728,Danielle Evon Ploeger,
nm3174082,Alberto López,1976
nm3174284,Dean Kilbey,
nm3190970,Vladimír Kobielsky,1975
nm3200264,Mikhail Luchko,1972
nm3209720,Chen Yao,1979
nm3239630,Merritt Reid,
nm3264596,Kid Cudi,1984
nm3280145,Lixiao Yang,1992
nm3344953,Alfréd Swan,1950
nm3450012,Brendan Hartmann,
nm3464457,Nutan Surya,
nm3514312,Koo Hye-ryeong,
nm3554707,Neha Thakur,
nm3556021,Brytni Sarpy,
nm3571967,Ryan Davies,
nm3581293,Benjamin Heng,
nm3669580,Lisette Resille,
nm3696353,Coco Lloyd,
nm3720756,David Amor,1981
nm3721069,Dan Gregory,1983
nm3753249,Yûko Minakaze,
nm3803047,Chris Tergliafera,
nm3816187,Julian Trono,
nm3843863,Ahmed Sidhique,
nm3856319,Chris Bylsma,
nm3859710,James Balsamo,
nm3887345,Laura Paredes,
nm3909445,Devaraj,
nm3913204,Jag Pannu,
nm3915767,Michael Ajao,
nm3941330,Ricardo Moreno Villa,
nm3954060,Sharifah Hasnor,
nm4029706,Mandy Takhar,1987
nm4062958,Gülay Esen,
nm4094411,Abby Bautista,
nm4131505,Aidan Laprete,2001
nm4147476,Hemangi Kavi,1980
nm4162452,Pradeep Khadka,1991
nm4186597,Donterrius Ruff,
nm4208163,Davis DeRock,
nm4216428,Rabbi Kandola,
nm4231059,Nadezhda Bojalil,
nm4241408,Mimosa Willamo,
nm4243303,Vinayak Jadhav,
nm4270327,Andreas Auinger,
nm4272518,Vinícius Ricci,
nm4287294,Jozef Bujdák,
nm4300424,Rock Ji,
nm4302851,Randy Schmeling,
nm4310184,Mladen Sovilj,1987
nm4436476,Hao Sun,
nm4581293,Victoria Wallace,
nm4606848,Emirhan Akbaba,2001
nm4650038,Eva Llorach,1970
nm4692269,Edin Avdagic Koja,1985
nm4712899,Anajosé Aldrete Echevarria,
nm4731146,Wilson Karunaratne,
nm4763845,Jayasekara Aponsu,
nm4765351,Sisira Kumarathunga,
nm4804147,Leah Solmaz,
nm4823000,Vsevolod Makarov,1989
nm4824727,Chi-Wai Tse,
nm4846250,Miguel Angel Montes,
nm4907734,Lele Dai,1982
nm4926180,Alba Baptista,1997
nm5023615,London Brown,1981
nm5034016,Lino Musella,1980
nm5052940,Vittorio Boscolo,
nm5095861,Alena Kozireva,
nm5126775,Bharat Mistri,
nm5181516,Tsumanosukê Bandô,
nm5199313,Jenna Warren,
nm5224785,Keiko Mita,
nm5257187,Serhat Paril,1983
nm5342966,Sheri Fairchild,
nm5378257,Begê Muniz,
nm5405540,Marcus Wilson,
nm5418013,Hedley Harlan,1988
nm5424487,Matthew Stannah,
nm5517890,Pablo Greco,
nm5567030,Geet,
nm5573198,Andrea Andrade,
nm5579794,Amy Gubana,
nm5633565,Vicky Dalli,
nm5640489,Dasha German,
nm5673467,Tomoemon Ôtomo,
nm5698478,Carly Aquilino,1990
nm5699931,Nicolas Bechtel,2005
nm5706132,Radhika Pandit,1984
nm5706761,Michiko Sugiyama,
nm5708573,Ashley LaRae,
nm5737328,Yuki Tayama,1978
nm5756906,Lelia Symington,1992
nm5788570,Suzanne Dallaway,
nm5816550,Chelsea Murphy,
nm5852607,Kim Taff,
nm5946818,Josh Wiggins,1998
nm5966309,Andrew Garrett,
nm6038392,Barbara Patrick,
nm6039993,Zijian Dong,1993
nm6044679,Brian Ligthart,1990
nm6056340,Oksana Maria,
nm6086396,Hallie Haas,
nm6126186,Riho Yoshioka,1993
nm6138923,Shô Hirano,
nm6229968,Soubin Shahir,1986
nm6289733,Kenji Chen,1984
nm6319883,Ambartsum Kabanyan,
nm6322635,Mikko Penttilä,
nm6341102,Adam Scott Clevenger,
nm6346171,Parinaz Izadyar,1985
nm6349342,John Marcucci,
nm6360578,Muhammet Kopuz,
nm6380671,Laura Lehmann,
nm6381958,Natasha Halevi,
nm6425585,Toshiki Seto,1995
nm6441070,Adam Weppler,1990
nm6442219,Shôdai Fukuyama,1994
nm6474955,Janni Hussi,1991
nm6492067,Kafeel Jafri,
nm6510003,Rosario Gallardo,
nm6559173,Chaney Morrow,1985
nm6576452,Jeff Gonek,
nm6639989,Danny Ramirez,1992
nm6660756,Santhosh Keezhattoor,1975
nm6670015,Lucy Betteridge,
nm6697575,Darshana Rajendran,1988
nm6747531,Dominic Held,
nm6781977,Jocelyn Tellier,
nm6801695,Aimee Chiofalo,
nm6842634,Yûta Koseki,1995
nm6851210,Siri Hellerman,
nm6914294,Ivana Dudić,1991
nm7065701,Paul Worley,1964
nm7105818,Heather Decksheimer,1990
nm7124712,Juan Hector Martinez,
nm7131558,Jeneka Jenae,1991
nm7139946,Kôtarô Yoshida,
nm7165463,Parvin Abiyeva,1990
nm7240271,Brett Bays,
nm7243877,Basil Joseph,1990
nm7273876,Kevin D. Benton,
nm7330110,Sadio Diallo,
nm7370901,Dylan Bowers,
nm7371202,Kayli Carter,
nm7457611,Padmaraj Ratheesh,1990
nm7480472,Nikolay Yakovlev,1989
nm7489737,Sally Messham,
nm7532126,Dilnoor Kaur Angel,
nm7561244,Niranjana Anoop,1999
nm7605608,Lucky Dhaliwal,1983
nm7611437,Steinar Klouman Hallert,1993
nm7633470,Sheena Kelly,
nm7650817,Belissa Escobedo,1998
nm7714600,Jason Farries,1996
nm7748240,Tommy Rodger,2001
nm7774428,Dan Weisgerber,1948
nm7785962,Shayla McCaffrey,
nm7821768,Chi-Kao Chou,
nm7907339,Alberto Lancellotti,
nm8048846,Linda Johansson,
nm8111706,Michael Morford,
nm8113714,Kavya Suresh,
nm8125303,Rahul Belapurkar,
nm8143598,Francesca Michielin,1995
nm8144032,Christophe Montenez,
nm8177147,Le-er You,
nm8178442,Tristan Conner,
nm8214441,Nerea Jordana,
nm8234708,Yñigo Delen,
nm8303423,Chetan Chavada,
nm8329710,Bhreagh MacNeil,
nm8358495,Denuwana Senadhi,
nm8379538,Letizia Bohl,
nm8411067,Leo Seppi,
nm8450324,Hemendra Dandotiya,
nm8468471,Brennah Black,1995
nm8485294,Veronika Safonova,1996
nm8493387,J. Gaven Wilde,2004
nm8526961,Kenny Rogers,
nm8529314,Alessandro Piavani,1993
nm8534450,Lili Fifield,
nm8544626,Laura Masi Cline,
nm8574442,Clive Warren,
nm8616609,Ruchita Bhujbal,
nm8627770,Maïra Schmitt,
nm8669563,Suneet Bora,
nm8713021,Jung Ga-ram,1993
nm8804533,Mohamed El Shewihy,
nm8888942,Daniel Brace,
nm8897024,Luis Carlos Figueroa,
nm8916615,Andrea Lattanzi,
nm8979403,Ahmad Abdulhadi,
nm8979501,Nadia Shams El Dine,
nm8991888,Dom Campbell,
nm9078972,Ocean Navarro,
nm9103139,Kayal Devaraj,
nm9104009,Lee Brown,
nm9107973,Mevlut Acaroglu,1983
nm9116322,Devonn Burress,
nm9132749,Bozidar Kocevski,
nm9189677,Marco Dzul,
nm9236703,Skivon Hardy,
nm9242209,Mickey Berry,
nm9279339,Ishita Ganguly,
nm9444319,Alec Tincher,1994
nm9448164,Chinthaka Kulathunga,
nm9449730,Rajvir Jawanda,1990
nm9477875,Claudia Bouza,
nm9513622,Dana Balkin,
nm9534518,Shawn Bäumer,
nm9547631,Masaki Nishiyama,
nm9558539,Duygu Çelebi,
nm9571123,Irina Belska,
nm9580044,KayLynda McCune,
nm9706559,Katheryn McCune,
nm9788259,Manny Zaldivar,
nm9807128,Diogo Balestra,
nm9817570,Matthew Dicarlantonio,
nm9832217,Jaida Grace,
nm9848295,Ava Psoras,
nm9854757,Hitomi Miller,
nm9904883,Sheetal Dimri,
nm9906550,Warren Marks,
nm9907012,Mahshid Marandi Kohan,
nm9927246,Samantha Alexa,
nm9940581,Jyot Arora,
nm9944288,Jarod Lindsey,
nm9955532,Christer Wahlberg,
nm0000515,Virginia Madsen,1961
nm0000560,Nick Nolte,1941
nm0000666,Lili Taylor,1967
nm0001156,Olympia Dukakis,1931
nm0001173,Aaron Eckhart,1968
nm0001238,Jesús Franco,1930
nm0001595,Michael Paré,1958
nm0004729,Michael Beach,1963
nm0005148,Delroy Lindo,1952
nm0007759,Franca Abategiovanni,
nm0020281,Bambi Allen,1938
nm0029671,Jean Angelo,1888
nm0030135,Anjuman,
nm0034315,Mark Arends,1982
nm0040910,Kiyoshi Atsumi,1928
nm0041219,Shmuel Atzmon,1929
nm0050698,Crist Ballas,1965
nm0062098,Henning Baum,1972
nm0084241,Claudio Bisio,1957
nm0090965,Hunter Bodine,1971
nm0091931,Robert T. Bogue,
nm0101400,Stuart Bowman,1965
nm0102502,Altan Bozkurt,1946
nm0112043,Jason Brooks,1966
nm0114216,Martine Brown,
nm0126606,Juli Básti,1957
nm0133713,Isabelle Candelier,1963
nm0137468,Fabrice Carlier,
nm0144336,Carla Cassola,1947
nm0145290,Keith-Lee Castle,1959
nm0162945,Ludovít Cittel,
nm0181397,Rez Cortez,1956
nm0193135,Stephen Curry,1976
nm0209417,Leandro De la Torre,1977
nm0209429,Laura De la Uz,1970
nm0211575,Clarice de Silva,
nm0234035,Nicholas Dorr,
nm0241290,Caitlin Dulany,
nm0256364,Robert Emhardt,1914
nm0256890,Lena Endre,1955
nm0263209,Serena Evans,1959
nm0267941,Rodrigo Faro,1973
nm0273088,Nihal Fernando,
nm0274100,Marc Ferrari,1962
nm0284566,Henry Fong,
nm0288214,Alexandra Foucard,
nm0289080,Jorja Fox,
nm0295568,Annette Frier,1974
nm0295704,Gustavo Frigerio,
nm0296809,Jan Frycz,1954
nm0299437,Mansaku Fuwa,1946
nm0301381,Courtney Gains,
nm0312647,Yildirim Gencer,1936
nm0319696,Darren Gilshenan,
nm0325943,Diane Ayala Goldner,1956
nm0333689,Allan Graf,1949
nm0351235,Pilar Gómez,1974
nm0359181,Osman Han,1939
nm0361526,Miroslav Hanuš,1963
nm0371660,Dennis Haysbert,1954
nm0385288,Marshal Hilton,1955
nm0394661,Yûji Hori,1922
nm0401264,Michiel Huisman,1981
nm0406919,Fuad Idris,
nm0408374,Makoto Inamiya,
nm0412520,Yukiko Iwai,1972
nm0412850,Eddie Izzard,1962
nm0415415,Behnaz Jafari,
nm0419273,Peter Jason,1944
nm0422434,Geri Jewell,1956
nm0423518,Guy Jodoin,1966
nm0438496,Rajit Kapoor,1963
nm0452338,Roland Kieber,1969
nm0452609,Krzysztof Kiersznowski,1950
nm0474779,Anil Kumar,1969
nm0475900,Asuka Kurosawa,1971
nm0482261,Ladislav Lakomý,1931
nm0492089,Linda Lavin,1937
nm0504320,Anton Lesser,1952
nm0505323,Johny Lever,1957
nm0512420,Blake Lindsley,1973
nm0517978,Vesa-Matti Loiri,1945
nm0529310,MC Lyte,1971
nm0536866,Matthew Maher,1971
nm0540261,Ulrika Malmgren,1960
nm0554112,Rita Martins,
nm0557598,Andrzej Mastalerz,1964
nm0557904,Takeshi Masu,1955
nm0562210,Antonio Mayans,1939
nm0575671,Pen Medina,1950
nm0607375,David Morrissey,1964
nm0619047,Anant Nag,1948
nm0646496,Celeste Oliva,
nm0652592,Ren Ōsugi,1951
nm0658943,Jajang C. Noer,1952
nm0674264,Neomi Perlov,
nm0679366,Anniek Pheifer,1977
nm0681893,Jay Pickett,1961
nm0689996,Viliam Polónyi,1928
nm0692239,Nyree Dawn Porter,1936
nm0698949,Émile Proulx-Cloutier,1983
nm0724995,Julian Richings,1956
nm0751638,James Russo,1953
nm0759819,Madeleine Sami,1980
nm0762965,Shirô Sano,1955
nm0777649,Simon Schwarz,1971
nm0784112,Jôtarô Senba,1937
nm0791871,Simon Shepherd,1956
nm0793731,Shirô Shimomoto,1948
nm0794629,Rostislav Shmyryov,1937
nm0837548,Shôsaku Sugiyama,1906
nm0840083,Doug Sutherland,
nm0848984,Haruo Tanaka,1912
nm0858808,Ernest Thomas,1950
nm0866895,Alejandro Tommasi,1957
nm0867401,Taiji Tonoyama,1915
nm0868479,Ana Torrent,1966
nm0874868,Yin Tse,1936
nm0878155,Nicholas Turturro,1962
nm0880857,Tatsuo Umemiya,1938
nm0881545,Yôko Uraji,
nm0889743,Tamás Varga,1946
nm0889928,Vic Vargas,1939
nm0925220,Michael Jai White,1967
nm0928536,Ingold Wildenauer,1938
nm0996310,Gia Abesalashvili,
nm0997511,Mayumi Minato,
nm0998350,Michael Jong-Quin Huang,1958
nm10024868,Damondray Christle,
nm10045195,Udara Ranasinghe,
nm10048712,Bukola Oladipupo,
nm10053729,Adrian Couser,
nm10100525,Yola Gahlinger,
nm10114200,Izme Azzam,
nm10126150,Yuito Kamata,
nm10148819,Elisabet Borg,
nm10151205,Stefania,2002
nm10235692,Abigail Hendrick,
nm10261557,Clara Marie Dias,
nm10265972,Susanne Schwarz,
nm10266185,Tarek Nini,
nm10269001,Khadija Amzian,
nm10270726,Chiang Kao,
nm10273981,Abigail Haggerty,
nm10275513,Angelika Nikolaeva,
nm10277611,Giovanni Cordì,
nm10278989,William Geraldo Maldonado,
nm10284105,Fred Nielson,
nm10285015,Zoe Fair,
nm10290593,Stefani Haubel,
nm10294915,Chuck Adams,
nm10296698,Bulin 47,
nm10302536,Katie Crowley,
nm10305908,Jessica Goodman,
nm10308186,Koro Albiztur,
nm10309465,Morgan Horwood,
nm10315866,Madeline Davies,
nm10321699,Roderick Berko,
nm10326805,Igor Katanov,
nm10333911,Sabrina Rodriguez,
nm10344256,Achini Bandaranayake,
nm10344556,Wudao Ye,
nm10345839,Az Bintang Kaamil,
nm10349345,Mariano Barnabà,
nm10349456,Miguelito Chacho Bro,
nm10349552,Yuri Diniz,
nm10364997,Kin Ishikawa,
nm10369305,Ron Lee,
nm10376628,Pratik Gandhe,
nm10377917,Ya-Chien Chen,
nm10378907,Heather Glime,
nm10383082,Melanie Browning,
nm10384357,Daidy Mair,
nm10385070,Richard Longhurst,
nm10385402,Wolfgang Köber,
nm10385460,Miroslav Kusý,1931
nm10388685,Zahraa Kassam,
nm10390693,Binoy Bhadra,
nm10396626,Anushka,
nm10396872,Sophie Brown,
nm10397757,Filipe Dionisio,
nm10404345,Alfonso Defilippis,
nm10407095,Eliot Molinaro,
nm10413253,Nya Cummings,
nm1041596,Rafael Spregelburd,1970
nm10418804,Giovanni Antista,
nm10423126,Cliodhna Fisher,
nm10428105,Paloma Orts Pascual,
nm10428107,Natàlia Espinet,
nm10429770,Elizabeth Broeder,
nm10430009,Mehmet Çaglar Atakçi,
nm10431747,Felix Kuruvila,
nm10434416,Sekou Burton,
nm10436348,Rashed Rahaman,
nm10436817,Gina Guerrero,
nm10437230,Kelly Cullen,
nm10437291,Akemi Asaka,
nm10445501,Cassandra Ledezma,
nm10448915,Isaac Lengacher,
nm10449216,Jonathan Barger,
nm10449218,Ella Danyluk,
nm10452817,Imeshan Nelligahawatta,
nm10455705,Dave Schillinger,
nm10455867,Sofiya Loriaschvili,
nm10456063,Robert Knafelc,
nm10463083,Nathashia Sapp,
nm10467444,Evan Ultra,
nm10468985,Ernesto Delgado Fabela,
nm10469117,Kamal Joshi,
nm10471698,Alejandra Duenas,
nm10471874,Aditya Kawale,
nm10478324,Courtney Glickman,
nm10482383,Sachin Khari,
nm10484853,Joseph Reta Belay,
nm10485040,Richard Abeywardana,
nm10486788,Mirô Sagawa,
nm10487470,Allyson Finn,
nm10493752,Martin Birnbaum,
nm10495011,Bo Stone,
nm10496616,Stéphane Brito,
nm10498967,Yuttana Puangklang,
nm10498968,Endoo Wongkamlao,
nm10506446,Joachim Idinye,
nm10506499,Vlad Popescu,
nm10508461,Micheline Dallaire,
nm10511637,Caleb Brown,
nm10511712,Romane Bray,
nm10512318,Mario Raudales,
nm10514467,Farhia Mohamed,
nm10516071,Karen Li,
nm10516260,Paul Christopher,
nm10518659,Robert Geary,
nm10520100,Quan Nguyen,
nm10520867,Ethan Choi,
nm10520911,Alexander Kumar,
nm10520914,Emma Andrews,
nm10521136,Rabin Gurung,
nm10523717,Ivana Bilandzija,
nm10529329,Ramkumar Sudharshan,
nm10530500,Elijah Maximus,
nm10531655,Angrean Ken,
nm10532841,Jonathan Best,
nm10533871,Lokendra Sarki,
nm10535371,Kazuhiro Dokai,
nm10536940,Liily Jimenez,
nm10538086,Salman Ahmed,
nm10556899,Tony Agostini,
nm10560372,Muhammad Musyrif Azzat Bin Mohd Azzuan,
nm10602996,Baby Aaradhya,
nm10628170,David Hill,
nm10630353,Christopher Cotter,
nm10642773,Vicky Welsh Bragg,
nm1064292,Craig Roberts,1991
nm10644868,Yagnesh Dave,
nm10661717,Shani Daigle,
nm10662411,Jaimi Afzal,
nm10676625,John Thielman,
nm10708153,Morgan Hunt,
nm10714639,Fabian Banks,
nm10739173,Udai Bhat,
nm10751495,Muraly Srinarayanathas,
nm10767800,Alireza Nasehi,
nm10775855,Gideon Boakye,
nm10802349,Annuup Choudhari,1989
nm10830413,Kaidy Walls Merritt,
nm10877610,David Reynolds,
nm10930960,Beth Blango,
nm10933150,Christopher Aubert,
nm10985728,Mohammad Eliraqui,
nm10987205,Shriya Reddy,
nm11012523,Anudeep Singh,
nm11075323,Romain Danna,
nm1113851,Stanislav Duzhnikov,1973
nm11142355,Divya,
nm11169939,Fajar Alamsyah,
nm11205882,Luigi Ricciari,
nm11280432,Pradip Kothmire,
nm11292811,Najmul Hassan,
nm1129966,Goundamani,1939
nm1131152,Marem Hassler,
nm11314355,Ki-san Park,
nm11317868,Hritu Deepak,
nm11364605,Xiang Ding,
nm11417979,Anas Arqawi,
nm11419330,Grigoriy Dudnik,2008
nm11455240,Antoinette Audream,
nm1146837,Ferry Salim,1967
nm11474495,Euriah Alexandria,
nm11476788,Delila Alas,
nm1150775,Patrick Sabongui,1975
nm11541659,Stephen Little,
nm11596714,Eric Johnson,
nm1164183,Vadhir Derbez,1991
nm1165585,Fariba Khatami,
nm1171492,Morteza Ahmadi,1924
nm11744782,Tao Monladja,
nm1181667,Nicole Kreuzer,
nm11819149,Keigo Hoshino,
nm1182008,Kathleen Munroe,
nm11825739,George Emmatty,
nm11826304,Isla Grant,
nm11873026,Kenny Hubbawive,
nm11892029,Gerónimo Gareis,
nm11910240,Daniel Dinnie,
nm11959712,Alnoor Ladha,
nm12023545,Dasarath,
nm12042237,Adrian Astor,
nm1209792,Eltefat Ghorbani,
nm12166556,Kazuki Miki,
nm12231889,Bahadur,
nm12285095,Sneha Singh,
nm12304446,Santhi Mayadevi,1988
nm12310585,Draven Romero,
nm1238264,Nitin Madan,
nm12471068,Hanneke Jeronimus,
nm12475733,Window Sapadin,
nm1253802,Darya Ekamasova,1984
nm12560130,Chui-Tang Chiu,
nm1256710,Aida Cariño,
nm12589519,Victor Estrada,
nm1265207,Carlos Latre,1979
nm1274645,Carlos Alcántara,1964
nm1276929,Demin Pan,
nm12800932,Phillip Agunu,
nm12803735,Gangavva,
nm1282801,Asuman Dabak,1970
nm1305012,Mikheil Gomiashvili,1961
nm1311946,Jirí Dvorák,1967
nm13185944,Taylor Cook,
nm1333017,Kishori Ambiye,
nm13350083,Nandesh Gurjar,
nm13414110,Zejna Alic,
nm13545603,Satish Kulkarni,
nm13584481,Ahmad Abdullah,
nm1366855,Anderz Eide,1975
nm1367802,Jeryl Prescott,1965
nm1371339,Al Madrigal,1971
nm13721893,Mia Cannon,
nm13812491,Victor Chateau,
nm1395952,Marika Matsumoto,1984
nm14019957,Bhushan Jain,
nm14060209,Rhayssa Martins,
nm1411679,Bogdan Kalus,1965
nm1414289,Wimal Kumara de Costa,1948
nm14154583,Ezel Agaoglu,
nm14302006,Bas den Hartog,1981
nm14302138,Yannick de Mol,
nm1432283,Kochu Preman,1955
nm14326385,Erick Blackmer,
nm1449512,Aimee-Lynn Chadwick,
nm1455087,Eryk Lubos,1974
nm14918418,Subatra Subu,
nm1493873,Karu Pazhaniappan,
nm1495175,Justice Leak,1979
nm15135804,Jason I Hampton,
nm1564024,Texas Battle,
nm1579622,Masayuki Yuhara,
nm1579662,Jolene Andersen,
nm1593566,Martin Stránský,1970
nm1596707,Mandela Van Peebles,1994
nm16155023,M. Jatirata,
nm1620762,Ken Luckey,1985
nm16418885,Rena Ito,
nm16445505,Ewa Bielicka,
nm1671291,Payal Nair,
nm1678720,Matt Dallas,1982
nm1683947,Camille Calvin,
nm16843476,Jim Reincke,
nm1687404,François-Xavier Demaison,1973
nm1715024,Mido Hamada,1971
nm1742030,Muhittin Korkmaz,1953
nm1748588,Pavitra Lokesh,
nm1784355,Prashant Damle,
nm1795843,Tomoka Hasebe,
nm1799955,Donna Harun,1968
nm1822624,Pradeep Velankar,
nm1832584,Mario Casas,1986
nm1866134,David Noya,
nm18663444,Usamah Fathi,
nm1893085,Auguste Kwan,1971
nm1913021,Claudio Torres,1962
nm1946407,Kay Kay Menon,1966
nm1950214,Hans Werder,
nm1961450,Kashô Sanyûtei,
nm1969113,Stephen Lee Anderson,
nm1974708,Olivia Sui,1993
nm1981893,Riz Ahmed,1982
nm2063406,Sairi Itô,1994
nm2072498,Brendan Griffin,1979
nm2087841,Miquel Fernández,1980
nm2111352,Paris Scott Allen,1990
nm2122395,Omotola Jalade-Ekeinde,
nm2203235,Akbar Doodkar,1925
nm2253794,Julia Martínez Rubio,
nm2256253,Amit Dolawat,
nm2270589,Laufey Elíasdóttir,1979
nm2281637,Dodie Brown,
nm2284321,Samuthirakani,1973
nm2288567,Faisal Mohammed,
nm2298127,Arsalan Ghasemi,
nm2314136,Hannah Bos,
nm2325956,Christina Jackson,1987
nm2340475,Raquel Horsford,
nm2373156,Yusuf Fawzi,1945
nm2404064,Paulo Cavalcante,
nm2409796,Mona Martínez,1968
nm2418329,Monjûrô Onoe,1888
nm2430021,Iulia Lumânare,1983
nm2437939,Helena McInerney,
nm2506042,Varis Pinkis,1976
nm2560686,Ryan Manuel,
nm2593355,Luis Huizar,1975
nm2599473,Molly Berg,
nm2657142,Raquel Fabbri,1988
nm2735127,Katja Lechthaler,1971
nm2787335,Saghi,
nm2813994,Billy Eichner,1978
nm2827694,Kathy Doherty,
nm2831213,Valeriy Kascheev,1955
nm2848837,Dmitriy Pustilnik,1971
nm2850234,Summera Howell,
nm2852446,Haruo Akiba,
nm2876818,Yôzô Kojima,1900
nm2887021,Ying Chen,
nm2892927,Tabitha Brown,1979
nm2906167,Syrus Lowe,
nm2932493,Pubudu Chathuranga,
nm2965538,Beauty Gonzalez,1991
nm2984738,Caroline Anglade,1982
nm2996301,Paula Cancio,
nm3016957,Nasrullah Butt,
nm3017011,Mei-Fung Chang,
nm3105997,Wendy Ramos,
nm3142377,Teresia Pettersson,
nm3156150,Ramla Ayari,
nm3159524,Niaz Salimi,
nm3167599,Bowen Duan,
nm3203994,Ado Geronimo,
nm3244078,David Castañeda,1989
nm3285753,Carlin James,
nm3289556,Hiromi Ogawa,
nm3334493,Marques L Davis,
nm3356281,Marina Glorian,
nm3370295,Shenyang Xiao,1981
nm3373988,Supriyo Dutta,
nm3423916,Kuang-Yao Fan,1975
nm3464518,Andrey Nazimov,1986
nm3466279,Robert Gulyás,
nm3513195,Kôsei Katô,1972
nm3538993,Aleksandr Bobrov,1981
nm3552604,Eduard Witzke,
nm3592766,Anjali,1986
nm3595972,Zee Cruise,
nm3602118,Naga Chaitanya Akkineni,1986
nm3604577,François Mercure,
nm3619740,Fedor Steer,
nm3646747,Arsha Aghdasi,
nm3738640,Park Hae-jin,1983
nm3768607,Rob Jaeger,
nm3784379,Aušra Štukytė,
nm3791134,Dave Kilgore,
nm3809687,Katherine Stefanski,
nm3810471,Punit Pathak,1987
nm3812478,Volker Schmitt,
nm3823243,Vlady T,1985
nm3833490,Madhurjeet Sarghi,
nm3845280,Rajiv Thakur,
nm3908228,Emilija Baranac,
nm3982585,Svandis Dora Einarsdottir,
nm3997616,Crystal-Donna Roberts,1984
nm4000521,Harold Gervais,
nm4083827,Rocco Di Nobile,
nm4110469,Alec Utgoff,1986
nm4124704,Lorna Street Dopson,1988
nm4188857,Priscilla Wenzel,
nm4253709,Herbert Ballerina,1980
nm4267341,Clara Altimas,
nm4268518,Ning Xu,
nm4289197,Hugo Fernandes,
nm4289510,Wess Morgan,
nm4311291,Will Brittain,1990
nm4313392,Jaime Gallagher,
nm4400182,Ron Rudat,
nm4417549,Michael Starr,
nm4449711,Kartik Aaryan,1990
nm4450720,Hanjin Tan,1976
nm4466582,Amol Deshmukh,
nm4617709,Nate Gold,
nm4652287,Denis Bespalyy,1974
nm4659203,Nyrraa M Banerji,1987
nm4673497,Robert R. Ryel,
nm4699858,Reavis Dorsey,1982
nm4722276,Cindy Hanska,
nm4793477,Line Pillet,1990
nm4824577,Maria Forslin,
nm4836118,Tsubasa Honda,1992
nm4869229,Love Almquist,
nm4873616,David Gangel,
nm4877001,Ryô Yoshizawa,1994
nm4932005,Sara Sálamo,1992
nm4939934,AzMarie Livingston,1986
nm4980620,Raul Phoenix,
nm5036326,Kim Kyung-il,1984
nm5104522,Jenny Hollingworth,
nm5130906,Yûki Izawa,
nm5203487,Joe Fishel,
nm5224900,Ross Butler,1990
nm5243054,Heather Compton,
nm5352727,Boré Buika,1980
nm5355171,Britt Scholte,1997
nm5397345,Harczi Bence,
nm5418157,Paul Gustovich,
nm5438354,Marylee Osborne,
nm5456245,Aubrey Shimek Davis,
nm5465033,Saranga Disasekara,
nm5475638,Calvin Williams,
nm5482202,Andrea Portugal,
nm5509170,Mathilde Auneveux,
nm5572919,Michelle Mylett,1990
nm5637317,Raashi Khanna,1990
nm5649428,Jeanne Young,
nm5667822,Inori Minase,1995
nm5682314,Anjelika Washington,
nm5686215,Chetan Sharma,
nm5707384,Kathy 'Kat' Walsh,
nm5723588,Chris D. Mooney,
nm5736426,Satyajith,1949
nm5764657,Charles O'Neill,
nm5777955,Simone Liberati,1988
nm5785085,Lisa Stern,
nm5898124,Jeremy Tardy,
nm5899205,Cameron Duckett,
nm5926117,Roman Lutskyi,1986
nm5965215,Cai Gallant,
nm6003405,Raphael Robes,
nm6142895,Rishab Shetty,1988
nm6150259,Bobita,1953
nm6263563,Lenz Moretti,
nm6364046,Hindol Roy,
nm6384901,Scott Broughton,
nm6388262,Melissa Howell,
nm6415715,Mónica Raiola,
nm6447400,Augustine H.,
nm6492252,Erin Alvey O'Sullivan,
nm6520259,Scarlett O'Shaughnessy,1996
nm6546775,Gabriele Arena,
nm6557922,Vahid Aghapour,
nm6569823,Paulo Angeles,
nm6597869,Savannah Judy,2005
nm6620183,Alexandre Nguyen,1981
nm6677528,Julieta Grimaldo,
nm6710084,Bennur Duyucu,1983
nm6745902,Mohammadreza Alimardani,
nm6783407,Paula Miettinen,
nm6787832,Paul Cottman,
nm6845052,Bramha,
nm6851778,Eight The Chosen One,
nm6852161,Nicole Rainteau,
nm6869529,Melissa Remborn,
nm6886823,Mera Mayde,
nm6916108,Hongqian Wang,
nm7006860,Matilda De Angelis,1995
nm7104213,Alan Humphrey,
nm7132587,Scotty Tovar,
nm7144002,Jen-Shuo Cheng,1982
nm7331054,Mohyi Aldeen Abdulmohsen,
nm7357196,Ember Burns,
nm7363265,Jai Shringarpure,
nm7370336,Shrikant Shingte,
nm7390393,Aachi Manorama,1937
nm7426140,Patsy Tuba,1973
nm7441441,Baran Sükrü Babacan,1980
nm7445578,Ryu Sun-young,1988
nm7457612,Saju Navodaya,
nm7462382,Paul-Mikél Williams,
nm7465702,Susila Kottage,
nm7511275,Winnie Du,
nm7512142,Deep Sidhu,
nm7514287,Sara Chandler,
nm7535389,Yuen-Lai Chan,
nm7552600,Rowin Amone,
nm7577090,Cassee Lazic,
nm7613071,Zhi Wang,
nm7639626,Hayley LeBlanc,2008
nm7646570,Brandon Salim,
nm7682776,Aysenur Arslanoglu,
nm7698067,Aleksandar Milicevic,1990
nm7698518,Slavko Sorman,
nm7721668,Mrigendra Narayan Konwar,
nm7770566,Edneia Tutti,
nm7792489,Raion Sandoval,
nm7835118,Kongkiat Chantarangsu,
nm7840305,Keira,
nm7858189,Zoe Dean,
nm7910551,Sandra Howard-Williams,
nm7944314,Aniket Kelkar,
nm7993498,Cesar Valderrama,
nm8018636,Gerald Maliqi,
nm8022840,Roman Popov,1985
nm8023685,Mert Aygun,
nm8024329,Alain Maya,
nm8029573,Jimmy Flame,1977
nm8129850,Park Soo-in,
nm8152221,Bárbara Colen,
nm8160070,Rachel Casey-Dufour,
nm8189431,Burak Ceylan,1991
nm8191991,Jimmie Bryant,
nm8208331,Brady Bond,
nm8313494,Lewis Gribben,
nm8332122,Ashwini Mukadam,
nm8360867,Indya Moore,1995
nm8367216,David Hon Ma Chu,
nm8373555,Wesley Martin,
nm8406459,Jace Chan,1994
nm8437918,Aude Ollier,
nm8443805,Wasyl Wasylik,
nm8485153,Dean Reid,
nm8490775,Joe Livera,
nm8500276,Avalon Warren,2004
nm8547878,Beatrice Grannò,1993
nm8570283,Juju C.,
nm8619584,Zhila Shahani,
nm8624891,Ravi Aneja,
nm8635760,Ananya Raj,1991
nm8647493,Meredith Mohler,
nm8661684,Ivan Kachalin,1996
nm8704826,Emmanuel Rossi,
nm8747878,Calem MacDonald,2000
nm8775157,Matt Blanher,
nm8827128,Kelvin Araujo,
nm8861068,Suresh Prem,
nm8902130,Sammy Azero,
nm8906742,John 'Walking Stick' Hambrick,
nm8925446,Güray Yalçin,
nm8953376,Reo Uchikawa,
nm8978938,Jose Avila,
nm9014660,Emeka Nwagbaraocha,
nm9046573,Tony Richardson,
nm9058135,Nikki Rodriguez,
nm9061449,Rishi,
nm9097086,Dani Divine,
nm9198045,Satomi Michi,
nm9241909,Gracelyn Connor,
nm9252711,George Popov,
nm9287217,Kelly Lynn Sekuterski,
nm9292457,Nelson Morris,
nm9300891,Yousef Reza Raeesi,
nm9371379,Tyshawn Jones,
nm9382279,Samuel Jove,
nm9383294,D. Scott Graham,
nm9396295,Anamika Shukla,
nm9402976,Fumiko Chidori,
nm9411001,Buddhika Rambukwella,
nm9521992,Maleaume Paquin,2005
nm9542601,Bhagyashreee Mote,
nm9551787,Fatih Topçuoglu,1979
nm9562738,Ahmed Amin,1980
nm9584861,Dominique Thorne,1997
nm9603201,Kaden Hinkle,
nm9611748,Rajarshi Banerjee,
nm9626005,Lauren Ashley Richards,
nm9638597,Tutus Thomson,
nm9656590,Chamara Priyadarshana,
nm9672998,Adhvithi Shetty,
nm9693378,Anna Goeser,
nm9713039,Sindhu Nair,
nm9716187,Sammy Jonas Heaney,
nm9761218,Christine Cieplinski,
nm9773245,Liz Bachmann,1995
nm9844474,Sam Pitt,
nm9902166,Albert Gregory Go,
nm9954934,Marjorie Whitney,
nm0000576,Sean Penn,1960
nm0000620,Mickey Rourke,1952
nm0000838,Daniel Baldwin,1960
nm0001282,Tony Goldwyn,1960
nm0001426,Ben Kingsley,1943
nm0003409,Alain Zouvi,1959
nm0004800,Jessica Capshaw,1976
nm0005224,Alex Meneses,
nm0022883,Bruce Altman,1955
nm0042144,Marta Aura,1942
nm0044455,Ryônosuke Azuma,1891
nm0047987,Ning Baizura,1975
nm0143295,Max Casella,
nm0145705,Sébastien Castro,
nm0156495,Tai-Bo,1950
nm0156660,Martine Chevallier,1949
nm0157374,Kyôko Chigusa,1900
nm0177742,Peter Coonan,1984
nm0180984,Kevin Corrigan,1969
nm0221218,Makrand Deshpande,1966
nm0224511,Lamine Diallo,
nm0231864,Tamara Donà,1973
nm0237211,Jugoslava Draskovic,1968
nm0244890,Divya Dutta,1971
nm0246585,Guillermo Diaz,1971
nm0256873,Tatsuo Endô,1928
nm0267329,Hassan Farhat,
nm0267374,Álvaro Faria,1954
nm0285135,Dolores Fonzi,1978
nm0293461,K. Todd Freeman,1965
nm0295429,Georg Friedrich,1966
nm0296161,Cecilia Frode,1970
nm0304265,Delhi Ganesh,1944
nm0308182,Pat Garrett,
nm0311209,Hsiang-Ting Ko,1916
nm0317561,Fabrizio Gifuni,1966
nm0322563,Robert Glenister,1960
nm0344346,Aysen Gruda,1944
nm0352157,Alessandro Haber,1947
nm0355283,Alex Hall,
nm0360745,Danny Hansen,
nm0371628,Lauren Hays,
nm0385443,Shin'ichi Himori,1907
nm0388382,Tyler Hoechlin,1987
nm0406732,Mikako Ichikawa,1978
nm0411203,Sabahat Isik,1927
nm0419705,W. Jayasiri,1947
nm0420926,Mykel Shannon Jenkins,
nm0438467,Bharat Kapoor,1945
nm0438578,Dušan Kaprálik,1948
nm0440202,Kazım Kartal,1936
nm0441191,Katayun Amir Ebrahimi,
nm0441393,Shirô Kato,
nm0457225,Akira Kishii,1910
nm0462182,Makoto Kobori,1885
nm0464880,Dada Kondke,1932
nm0473802,Yûki Kudô,1971
nm0475035,Kumudini,
nm0475872,Yatarō Kurokawa,1910
nm0482126,Bill Lake,
nm0495950,Françoise Lebrun,1944
nm0497901,Miki Lee,1977
nm0553747,William Martinez,
nm0558981,Maathu,
nm0559487,Hiroki Matsukata,1942
nm0571264,Michael McKell,1959
nm0588404,Ginger Miller,
nm0589900,Angela Elayne Gibbs,1954
nm0590819,Shimon Mimran,
nm0594276,Katsue Miwa,1943
nm0595631,D.W. Moffett,1954
nm0605449,Shin Morikawa,1912
nm0608513,Oliver Moser,1987
nm0621866,Raya Nasiri,
nm0629697,Rachel Nichols,1980
nm0640689,Alex O'Dogherty,1973
nm0644554,Kinya Ogawa,1934
nm0644835,Hisahiro Ogura,1954
nm0645385,Satomi Oka,1935
nm0648282,Maria Rosaria Omaggio,1954
nm0649026,Ikue Ôtani,1965
nm0652292,Maja Ostaszewska,1972
nm0682578,Paolo Pierobon,1967
nm0700909,Linda Purl,1955
nm0722042,Sergio Reynoso,1959
nm0733051,Roger Robinson,1940
nm0740490,Magnus Roosmann,1963
nm0754333,Üllar Saaremäe,1969
nm0755953,Michiko Saga,1934
nm0756203,Ludivine Sagnier,1979
nm0756866,Shikô Saitô,
nm0774634,Gijs Scholten van Aschat,1959
nm0796107,Anupam Shyam,1957
nm0809308,Maurice G. Smith,1970
nm0812223,Hervé Sogne,
nm0822998,Erik Stappenbeck,
nm0848993,Kunie Tanaka,1932
nm0849477,Shôsuke Tanihara,1972
nm0864458,Adrian Titieni,1963
nm0875370,Ryūnosuke Tsukigata,1902
nm0876300,Ulrich Tukur,1957
nm0887356,Tom Van Landuyt,1967
nm0892680,Lou Veloso,1965
nm0895759,Karin Viard,1966
nm0896573,Ashish Vidyarthi,1962
nm0906226,Zarina Wahab,1956
nm0911333,Agnieszka Warchulska,1972
nm0913409,Carl Washington,1978
nm0915093,Jonathan Watton,
nm0922024,Dean Teaster,1957
nm0928728,Erich Wildpret,
nm0930317,Cress Williams,1970
nm0939190,Ken Wong,1967
nm0947514,Yum Jung-ah,1972
nm0953840,Valérie Zawadská,1958
nm0998945,Andrade Júnior,
nm0999005,Satoshi Miyata,
nm1002609,Nicholas Braun,1988
nm10028068,Craig Matthew,
nm10039073,Nilay Toprak,
nm1004978,Saiful Apek,
nm10067140,Alba Albedrop,
nm10078041,Jordan Rhone,1997
nm10109491,Kevin O'Leary,
nm10111777,Jason Davis,
nm10111920,Cesar Cova,
nm10169844,Esra Kucur,
nm10218782,Fritz Joachim,
nm1022725,David-Alexandre Coiteux,
nm10235828,Marco Chen,
nm1024264,Julie Ann Emery,1975
nm10261554,Rafaela Viana,
nm10267172,James Dream,
nm10279438,Oleg Micic,
nm10280464,Andeana Pascoulis,
nm10285136,Isadora France,
nm10287365,Oscar Farren,
nm10292299,Sena Nakajima,
nm10294377,Brendan Paul,
nm1029790,Anna Granquist,
nm10301995,Khawar Abbas,
nm10303549,Tara Lynn,
nm10308109,Gamini Subasinghe,
nm10312040,Mashi Siriwardena,
nm10313745,Guanghua Song,
nm10315055,Thanh Nhien Phan,
nm10316647,Emilotte Persson,1993
nm10317254,Mine Ataman,
nm10317576,Anna Sofie Skarholt,
nm10318869,Arvitta Ludya,
nm10328862,Sadako Nakamura,
nm10329973,Sam Gopsill,
nm10331662,Lucy Moses,
nm10332267,Robert Vieregg,
nm10334000,Zohar Meidan,
nm10337378,Kalpan Mitra,
nm10341412,Sarah Dailey,
nm10342302,Bhavesh Joshi,
nm10344339,Xi Meili,
nm10345769,Shadab Rahbar Khan,
nm10346110,Tiffany Carter,
nm10350182,Nelikem B. Ahademey,
nm10359217,Ashley Thompson,
nm10362192,Kevin Flores,
nm10363135,Keiko Kamikubo,
nm10364390,Rui Airi,
nm10364996,Jun'ichirô Kageyama,
nm10365244,Ghanshyam Vishnupant Yede,
nm10368896,Darwin Finch,
nm10369422,Aidan Mackey,
nm10369441,Manjunath Hegde,
nm10369966,Hippolyte de Poucques,
nm10379060,Mayuri Jadhav,
nm10379526,Roshan Ullas,
nm10381420,Rohan Chauhan,
nm10384359,Panagiotis Matsangos,
nm10385405,Oana Cerbu,
nm10385767,Gulshan Huseynli,
nm10388309,Jesse Ramos,
nm10389998,Stacy DeGolier,
nm10390404,Jamie Gibbons,
nm10402755,Tom W. Burger,
nm10404304,Unni Raja,
nm10406140,Chiathra,
nm10408592,Toyoshima Kyosuke,
nm10408829,Richard Mannings,
nm10413716,Jean-François Boydens,
nm10414955,Lucia Dimitra Xypteras,
nm10425801,José Rones Trindade,
nm10428100,Antoni Karkowski,
nm10430005,Reza Mollazade,
nm10437232,Charlie Fallows,
nm10438092,Shoojaa Nashat,
nm10438513,Moatasem Rashed,
nm10440586,Kapil Honrao,
nm10444082,Giren Bangal,
nm10450154,Santiago Barban,
nm10450799,Micah Schaefer,
nm10451471,Anastasiya Delajchuk,
nm10451612,Lily Edge,
nm10456946,Tom Taylor,
nm10456953,Christine Appino,
nm10458158,Mike Brockway,
nm10462662,Christopher Clark,
nm10465625,Benedict Gibbon,
nm10466646,Abel,
nm10468987,Jaime Blanquet,
nm10468988,Ramón Serratos,
nm10472117,Richard Mshanga,
nm10474378,Pratik Janjire,
nm10475050,Amos Roman Sanchez,
nm10477374,Vanja Trojachanec,
nm10492513,Jay Dent,
nm10492599,Jay Africa,
nm10494626,Deon Q Sanders,
nm10495009,Melissa de Szendeffy,
nm10495010,Dakota Harlow,
nm10498321,Sakura Kiryu,
nm10501092,Santhalingam Gokularaj,
nm10505335,Feng Xia,
nm1050671,Jeremy Ray Valdez,
nm10510494,András Szepessy,
nm10511459,Luca Winch,
nm10511706,Jade Benis,
nm10514438,Yenserj Gurung,
nm10516256,Andrew Johnson,
nm10516621,Geisi González,
nm10518651,Carol Keating,
nm10520206,Cedric Maturana,
nm10527333,Susana López,
nm10527340,Rafael Ortiz,
nm10528040,Antonio Chichiriccò,
nm1053169,Özlem Saglanmak,1980
nm10532840,Joe Cooley,
nm10532933,Tom Ellis,
nm10533868,Vijay Nagarajaiah,
nm10533892,Madhuri Dilip,
nm10536938,Samir Yousif,
nm10538311,Cristina Llano,
nm10538563,Sankarshan Karhade,1990
nm10555872,Milo Cunningham,
nm10577930,Nicholas Bassill-Cantillo,
nm10584288,Isaac Jessop,
nm1058827,Martin Leutgeb,1966
nm10619763,Pamela Grandon,
nm10627019,Rabeah Morkus,
nm10630490,Bethany Chan,
nm10662232,Divya,
nm10679063,Mila Borgers,
nm10690685,Vin Haadri,
nm10699588,Natallia Bor,
nm10701006,Ding Ding,
nm10701628,Joshua Jennings,
nm10706907,Vasant Marimuthu,
nm10773507,Joe Brown,
nm10786119,Eri Soga,
nm10804520,Allie Kammerer,
nm1081573,Philippe Katerine,1968
nm10823679,Biel Rossell,
nm10827609,Jeong-suk Park,
nm10849968,Amiko,
nm10904274,Eddie Lederer,
nm10934694,Virginia Apicella,
nm10963295,Jeeshan Ali,1990
nm1100337,Eddie Steeples,1973
nm11028215,Mikhail Walcott,
nm11035039,Juan Carlos,
nm11041861,Hoa Thanh,
nm11041864,Trang Le,
nm11048453,Harkensong Soundsmith,
nm1113550,Abigail Breslin,1996
nm11140652,Mustaqim Bahadon,
nm11151946,Bhavesh Shrimali,
nm11186896,Sofian Oleniuk,
nm11244285,Nivedhithaa Sathish,1998
nm1130562,Arun Sarnaik,1935
nm11306381,Jennifer Davidson,
nm1136654,Vakhid Kadyrov,1925
nm11380291,Charles-Aubey Houde,
nm11402386,Dasha Chagall,1992
nm1147982,Brittany Bristow,
nm11484895,Meena,
nm1153269,Ryôko Mizuki,1950
nm1157315,Gloria Laino,
nm11583044,Elisza Cahaya,
nm11591978,Brian Linderman,
nm11614717,Duke Jones,
nm11663349,Suzanne Golter,
nm11663355,Chris Durrant,
nm1166738,Kinuko Obata,1931
nm11755619,Iman Fattahi,
nm11876042,Coraetta Harrelson,
nm11885716,Anna Dalström,
nm1197455,Germán Romero,
nm11982838,Christophe Caillière,
nm1201852,Tobias Aspelin,1968
nm12083011,Mary Makariou,
nm12239800,Dauna Brown,
nm12239801,Ty Respus,
nm12333318,Suzanne Wind,
nm1238859,Ernesto Sevilla,1978
nm12474071,Ada Obi,
nm12482552,Juan Alonso Aybar,
nm1254154,Hui Wang,
nm12615768,Jorit Ciro Cerullo,
nm1266058,Ria Irawan,1969
nm12805105,Paqui Becerra,
nm1287358,Nematollah Gorji,1926
nm12876490,Roman P. Martinez,
nm12900988,Subrato,
nm1306744,Meena Talpade,
nm13294276,Heather Fraley,1986
nm13344995,Mirjam Larsson,
nm1336617,Geoffrey Moses,
nm13414103,Janko Benka,
nm13639493,Henry Willms,
nm13674212,Léon Bataille,
nm1371726,Yamil Piedra,
nm1379364,Florence Bloch,1966
nm1383799,Ferdous Ahmed,1973
nm14002882,Qi Fang,
nm14043187,Lee Ja-Eun,
nm1421951,Jirô Takagi,
nm1441998,Nuwangi Liyanage,
nm1446238,Akio Satake,
nm1460856,Dmitriy Isaev,1973
nm1463818,Abul Hayat,1944
nm1473114,James Hamer-Morton,
nm14745292,Sunil Gajare,
nm1477854,Rasmus Bjerg,1976
nm14829966,Francisco Cristanto,
nm1491167,Satoshi Nikaido,1966
nm14917817,Dj Fayz Beats,
nm1559779,Akbar Rasulov,
nm1568421,Farhad Aeish,
nm1593379,Enrique Arreola,
nm15972751,Aishwarya Banerjee,
nm16210066,Bhavya Bhuvanahalli Chandre Gowda,1988
nm16233939,Olivia Piplios,
nm16261379,Natalie Riley,
nm1649939,Gerry Shanahan,
nm16543808,Keisha Lauderdale,
nm1662096,Jûshirô Kobayashi,1909
nm1664541,Zakir Hussain,
nm1665297,Shinsuke Maki,
nm1669820,Wolfgang Czeczor,1956
nm16773180,Gabriela Maucher,
nm1689689,Heloísa Duarte,
nm1690576,Vera Santucchi,
nm17028901,Kasmere Trice Stanfield,
nm17163529,Moraima Laseter,
nm17172995,Riyaa Sharma,
nm1717476,Julia Kijowska,1981
nm1736445,Cary Crankson,
nm1760490,Sharlene San Pedro,1998
nm1760704,Bengi Öztürk,1980
nm1763508,Dag Hellström,
nm1763787,Jackson Pyle,
nm1779556,Vicky Papadopoulou,1982
nm1796812,Tasaburo Matsumoto,1899
nm1797516,Giovanni Proietti,
nm1797652,Chad Ridgely,
nm1798739,Inosuke Yano,1888
nm1802951,Einar Økland,
nm1807654,Paul Donnelly,
nm1815427,Ichirô Chagawa,1927
nm1843496,Malene Beltoft Olsen,1984
nm1857840,Jordi Guasch,
nm18626633,Zeinabo Bologo,
nm18642864,Carlos de Icaza Aneiros,
nm1871112,Shabana,
nm1886602,Miles Teller,1987
nm1891185,Camille Cottin,1978
nm1899013,Justin Grace,
nm1900499,Jianfeng Bao,1975
nm1905179,Vic Felipe,
nm1918176,Sara Hebe,
nm1948307,Serdal Genç,1981
nm1950534,Emily O'Brien-Brown,
nm1954434,Babak Hamidian,
nm1970291,Lemon Hanazawa,
nm2013677,Oliver Rayon,1983
nm2016476,Meher Vij,1986
nm2018376,Moe Sakura,
nm2053149,Nando Irene,
nm2061923,Jeezy,1977
nm2062531,Rene Rosado,1982
nm2068577,Shizuka Fujimoto,
nm2096822,Abdelatif Hwidar,1971
nm2115648,Mitsuko Kanazawa,
nm2119196,Segun Arinze,1965
nm2208322,Dennis Chong Kheng Chew,1973
nm2214646,Adile Eshragh,
nm2235173,Eric Nelsen,
nm2236815,Jorge Fernandes,
nm2242337,Jeffrey Bowyer-Chapman,1984
nm2265507,Emily Shah,
nm2275012,Karthik Kumar,1977
nm2335809,Bari Hyman,
nm2345856,Eli Goree,1985
nm2358676,Ed Dougherty,1978
nm2386605,Victoria Guerra,1989
nm2395048,Adriene Mishler,1984
nm2400035,Marli Bortoletto,
nm2433065,Surinder Bath,
nm2524051,Lexi Giovagnoli,
nm2550128,Valentinas Krulikovskis,
nm2558152,Vinícius Ferreira,
nm2576262,Joy Villa,
nm2595736,Mitsuhiko Ôe,
nm2640887,Stefanie Scott,1996
nm2662182,Laure Calamy,1974
nm2674743,John Patrick Brennan,1979
nm2678603,Mark Hoffman,
nm2680912,Carles Mir,
nm2684912,Daniel Jillings,
nm2694385,Justin Darmanin,
nm2775500,Reza Hajian,1938
nm2790906,Ryan Reed,
nm2806785,Todd Magnuson,
nm2813164,Marie-Évelyne Baribeau,
nm2839825,Chia-ying Lee,1983
nm2865089,Benjamin Mathis,
nm2888384,Tony Greengrass,
nm2925304,Christina Chong,
nm2945994,Jérémy Prévost,
nm2948024,Rani,1946
nm2968673,Pol Monen,
nm2970520,Matt Keyes,
nm2977461,Saori Hayami,1991
nm2983290,Tsu-wu Hsieh,1968
nm3013899,William Wensley,
nm3067755,Richard Nash,
nm3080119,Lorenzo Richelmy,1990
nm3103495,Timothy Leon,
nm3131753,Darshan Thoogudeep,1977
nm3172796,Melina Matthews,1986
nm3173607,Gang Wu,1960
nm3173883,Shingo Kiyokawa,1938
nm3174747,Anne Watanabe,1986
nm3194282,Pooja Chopra,1986
nm3204925,Dominic Oley,
nm3209986,Riûnji Arashi,
nm3263461,Jai Bugarin,
nm3327356,Motta Rajendran,1957
nm3349406,Martin Hentschel,1984
nm3390761,Phillip Wheeler,1986
nm3472350,Rô Ose,
nm3485972,Nicholas Logan,
nm3501643,Marzell Sampson,
nm3584268,James Norton,1985
nm3593926,Mark Smith,
nm3594367,Binnu Dhillon,1975
nm3635216,Jerry Chesser,
nm3636189,Dmitriy Bedarev,
nm3637974,Stan Fink,
nm3641050,Richard Manabat,1971
nm3652848,Getter Jaani,1993
nm3666749,Taylour Paige,1990
nm3700888,Jackson Ezinga,1990
nm3713653,Kriti Kharbanda,1988
nm3778527,Ada Condeescu,1988
nm3807369,Ivana Wong,1980
nm3816502,Reshma Merchant,1974
nm3825387,Qavi Khan,1942
nm3858576,Jalil Afghani,
nm3882100,Mari Matsumoto,
nm3915784,John Boyega,1992
nm3930895,Grace LaRocca,
nm3945642,Greta Bohacek,2000
nm4015048,Norma Kuhling,1990
nm4107935,Yû Kikkawa,
nm4114538,Ján Jackuliak,1978
nm4163711,Miho Miyazaki,1993
nm4167126,Honnavalli Krishna,
nm4167785,Petrol Prasanna,
nm4234053,Kearia Schroeder,
nm4248782,Juliana Cuervos,
nm4250645,Chris Roberti,
nm4252139,Ryan Fisher,1987
nm4258129,Kang So-ra,1990
nm4282429,Sasha Cuha,
nm4288541,Jasmine Curtis-Smith,
nm4353901,Joseph Morrison,
nm4371007,Lola Sandra,
nm4373363,Ryô Ikeda,
nm4392084,Maurizio Lombardi,1973
nm4405625,Liya Tong,1984
nm4417920,Burt Binder,
nm4495817,Nathaniel Britt,
nm4511069,Paul-Alexandre Dubois,
nm4576986,Damien Zanoly,
nm4639261,Jules Dousset,
nm4674421,Martins Kalita,1986
nm4702330,Ramona Shah,
nm4742829,Sherie Suter,
nm4764141,Keith Voigt Jr.,
nm4775166,Valentin Gagarin,
nm4810527,Jett Klyne,2009
nm4876224,Jatin Sarna,1984
nm4888368,Arjo Atayde,
nm4987502,Catriona Knox,
nm5014986,Shawn Amaro,
nm5015284,Shritha Sivadas,
nm5095492,Ana Abbott,
nm5097095,Rob Wilds,
nm5131053,Eric Miller,1976
nm5131213,Kazuko Ishibashi,
nm5131296,Natalia de Molina,1989
nm5150208,Mike Gary,
nm5169583,Diona Reasonover,1992
nm5171466,Vita Siauciunaite,
nm5204071,David Rios,
nm5254236,Alexandros Koch,
nm5262620,Nathalia Castellon,
nm5273658,Yagmur Ün,1995
nm5345373,Nico Ehrenteit,1989
nm5388287,Vivian Belosky,
nm5396259,McCoy De Leon,1995
nm5408751,Aya Suzaki,1986
nm5439813,Sarodj Bertin,1986
nm5454124,Gabriele Greggio,
nm5469652,Madushan Nanayakkara,
nm5477626,Ren Nagase,1999
nm5490670,Nadia Aqilah,
nm5505169,Laura Golinski,
nm5544029,Nicholas Gerard-Martin,
nm5546239,Ismail Baki Tuncer,1977
nm5560964,Miu Arai,2006
nm5580013,Vaughn Green,
nm5643341,Léonard Louf,
nm5689396,Shivam Bhaargava,1986
nm5692465,Naeim Jebeli,
nm5738000,Jennifer Silverstein,
nm5780537,Ryan Adriandhy,
nm5884537,Filip Richtermoc,1971
nm5895653,Sakinu,
nm5942695,Saara Elina,1986
nm5946358,Lexi Langlois,
nm6025378,Jedrzej Wielecki,1991
nm6030469,Ramana,
nm6053072,Geneviève Schmidt,1978
nm6105283,Cary Mark,
nm6143750,Ben Nicolas Behrend,
nm6146828,Dylan Jett,
nm6176024,Prokhor Chekhovskoy,1983
nm6185414,Katherine Flannery,
nm6194567,Shôji Maeda,
nm6226543,Rian Gordon,
nm6325651,Mawuli Gavor,
nm6400946,Pooya Amini,
nm6466474,Ricard Cussó,
nm6514296,Kelsey McMahon,
nm6545385,John D. Hickman,
nm6632536,Jack Gross,
nm6726235,Lisa Krick,
nm6746818,Spencer House,1992
nm6767387,Adib Alkhalidey,
nm6769951,Pavel Komarov,1995
nm6792763,Jack Leslie Hunter,
nm6826930,Máximo Pastor,
nm7080395,Gabriel Montesi,1992
nm7104320,Marianne Garcia,1955
nm7166641,Willy McGee,
nm7206660,Fredy López,
nm7349457,Tori Glawe Osborn,
nm7391785,Natalia Germani,1993
nm7477011,Andrei Nova,
nm7489043,Michael Scordakis,
nm7517955,Erica Mendoza,
nm7548984,Christian Holzmann,
nm7561884,Lorenzo Lazzarini,
nm7562618,Ian Troy,
nm7565175,Timylle Adams,
nm7620319,Morgan Gunter,
nm7693957,Martin Trafford,
nm7716984,Dominique Alexander,
nm7742005,Anson Paul,1988
nm7801302,Federico Tocci,1972
nm7836926,Elia Ilano,
nm7837949,Sofia Ekholm,
nm7898245,Kyôko Maki,1990
nm7923536,Nikolaus Sternfeld,
nm8011197,Jennelyn Arteta,
nm8016666,Emily Sweet,
nm8021222,Yûko Izumi,
nm8034525,Rebeca Castro,
nm8112151,Mostapha Dziri,
nm8113511,Yubo Fernandez,1979
nm8192103,Sagar Deshmukh,
nm8266096,Phi Phung,
nm8294222,Krystal Shenk,
nm8357122,Synnove Karlsen,1996
nm8376185,Sakir Uyar,
nm8387024,Shûichi Minato,
nm8389112,Faezeh Alavi,1986
nm8406236,Christopher Kyriakides,
nm8425106,Ana Paulina Magaña,
nm8444699,Sanjay Pal,1972
nm8448992,Pierre Maillard,
nm8462013,Tomás Kirzner,
nm8499556,Catherine Parish,
nm8505306,Naya Mousa,
nm8525654,Viraj Juneja,
nm8535692,Yûko Nagata,
nm8543158,Vibha Bhagat,
nm8590202,Jos F. DeBartolo,
nm8594703,Valery Gadreau,
nm8602248,Min Chen Lin,1990
nm8633981,Gulfer Sarigul,
nm8639066,Nehemiah Brisseanu,
nm8640499,Aron Skoog,
nm8642552,Ryan Canale,
nm8696173,Wrekless Watson,
nm8734582,Christina Bordeaux,
nm8779123,Jekalyn Carr,
nm8791215,Gabriel Gundacker,
nm8816949,Sukhdeep Sukh,
nm8860509,Antonio Llorens,
nm8906441,Tarsem Jassar,1986
nm8912777,Enxi Deng,2005
nm8919809,Dominic Cancelliere,
nm8984347,Simone Thiébaut,
nm9016205,Jimi Voelker,
nm9019496,Sarmistha Chakravorty,
nm9037501,Emily Allan,
nm9045614,Rajesh Madhavan,1986
nm9067451,Dipali Limbachia,
nm9072760,Matt Kai-Laam Jiu,
nm9095307,Christian Priboi,
nm9106753,Josephine Firmstone,
nm9244518,Juliette Boor,
nm9294155,Seno Sever,
nm9356624,Paige Steakley,
nm9372014,Nigel Morris,
nm9410822,Rani Perera,
nm9430215,Teuira Shanti Napa,
nm9436200,Elijah Rayman,
nm9503474,Rashmi Pushpika,
nm9536355,Badrish Chhabra,1971
nm9541033,Sergey Viasov,
nm9577043,Piper Grant,
nm9602596,Yvonne Maea-Brown,
nm9617201,Nehara Peries,
nm9660332,Louis Neal Schneider,
nm9664955,Resna Pavithran,
nm9667787,Jan Willem Smit,
nm9707863,Ziping Chen,
nm9767500,Giorgos Zois,
nm9803023,Marco Cáceres,
nm9803895,Paul Santoli,
nm9818808,Ishaa Saha,1985
nm9838853,Jenna Bolton,
nm9904394,Sasi Fauzi,
nm9952570,Rahuul Chwudhary,
nm9974123,Callie Jean Lewis,
nm9985811,Marcus Bessa,
nm0000114,Steve Buscemi,1957
nm0000312,Amy Brenneman,1964
nm0000334,Chow Yun-Fat,1955
nm0000849,Javier Bardem,1969
nm0001004,Billy Campbell,1959
nm0001166,James Duval,1972
nm0001758,Timothy Spall,1957
nm0002326,Al Sapienza,
nm0004380,Antoine de Caunes,1953
nm0005031,Felicity Huffman,1962
nm0010611,Piotr Adamczyk,1972
nm0012915,Bayani Agbayani,
nm0031976,Judd Apatow,1967
nm0032900,Shinobu Araki,1891
nm0038377,Ruriko Asaoka,1940
nm0055185,Maurie Barlin,
nm0062540,Perla Bautista,1940
nm0063205,Güngör Bayrak,1954
nm0094746,Peter Bonke,1942
nm0101880,Philip Boyd,1975
nm0126744,Christian Bégin,1963
nm0139936,Ever Carradine,1974
nm0147994,Levi Celerio,1910
nm0154491,Christine Chavert,
nm0155992,Andrey Chernyshov,
nm0174819,Michaela Conlin,
nm0193459,Mickey Curtis,1938
nm0202135,Saburô Date,1924
nm0208940,Jose De Jesus Martinez,
nm0208985,Anis de Jong,
nm0219224,Sarah Denison,
nm0220807,Anang Desai,1953
nm0221677,Pascale Desrochers,
nm0233882,Otto Dornbierer,
nm0240780,Nebojsa Dugalic,1970
nm0244756,Richard Dutcher,
nm0260884,Núria Espert,1935
nm0298020,Seizô Fukumoto,1943
nm0299192,Toshio Furukawa,1946
nm0300187,América Gabriel,
nm0322513,Iain Glen,1961
nm0324645,Loretta Goggi,1950
nm0359129,Hayati Hamzaoglu,1933
nm0359222,Achako Hanabishi,
nm0359322,Kevin Hanchard,
nm0368969,Kotoe Hatsui,1929
nm0374949,Johan Heldenbergh,1967
nm0378102,Marcel Hensema,1970
nm0382602,Blair Hickey,1969
nm0386285,Daisaburō Hirata,
nm0394649,Hideyuki Hori,1954
nm0396558,Nicholas Hoult,1989
nm0401132,Jay Huguley,1966
nm0407002,Iftekhar,1920
nm0412600,Kaneko Iwasaki,1932
nm0417568,Jani Babu,
nm0422567,Ravi Jhankal,
nm0432601,Jung Woo-sung,1973
nm0437482,Ryūnosuke Kaneda,1928
nm0438829,Reza Karam Rezai,
nm0441548,Masanobu Katsumura,1963
nm0441549,Mika Katsumura,1980
nm0441557,Kokinji Katsura,1926
nm0442622,Rick Kavanian,1971
nm0442891,Keizō Kawasaki,1933
nm0451600,Anupam Kher,1955
nm0452925,Steve Kilbey,1954
nm0465235,Jūshirō Konoe,1916
nm0468729,Takehito Koyasu,1967
nm0473814,Lenn Kudrjawizki,1975
nm0477810,Juliane Köhler,1965
nm0482970,Jerry Lamb,1970
nm0507814,Thyme Lewis,
nm0518074,Ying-Kwan Lok,1952
nm0543547,Predrag 'Miki' Manojlovic,1950
nm0568385,Michael McElhatton,1963
nm0568729,Myra McFadyen,1956
nm0582257,Johnny Messner,1970
nm0594365,Ken'ichi Miyajima,1895
nm0598454,Samuel Monroe Jr.,1973
nm0602941,Nick Moran,1969
nm0607325,Temuera Morrison,1960
nm0620172,Zekō Nakamura,
nm0633997,Yumiko Nogawa,1944
nm0637894,Yōichi Numata,1924
nm0653342,Angela Otts,
nm0654733,Yukiyoshi Ozawa,1974
nm0674816,Claude Perron,1966
nm0675897,Stefano Pesce,1967
nm0675977,Atila Pesiani,1957
nm0683898,Mark Pinckney,
nm0691409,Branimir Popovic,1967
nm0694843,Renato Pozzetto,1940
nm0707425,Rajinikanth,1950
nm0746873,Peter Rowsthorn,1963
nm0757293,Yoshiko Sakuma,1939
nm0766212,Hitomi Satô,1979
nm0775650,Ernst Schröder,1915
nm0788903,Rajesh Sharma,1980
nm0792911,Suniel Shetty,1961
nm0793674,Masao Shimizu,1908
nm0793943,Shinji Kasahara,
nm0804603,Christian Skolmen,1970
nm0813934,Sebastiano Somma,1960
nm0815970,Jeannette Sousa,
nm0833333,Blair Strang,1972
nm0839146,Matthew Sunderland,
nm0841910,Nick Swardson,1976
nm0847651,Pierre Taki,1967
nm0848401,Kazue Tamaki,
nm0864608,Mukesh Tiwari,1969
nm0875207,Mikiko Tsubouchi,1940
nm0878252,Alan Tuskes,1960
nm0879743,Ryōhei Uchida,1931
nm0898408,Pamela Villoresi,1957
nm0905676,Ana Wagener,1962
nm0911152,Wawan Wanisar,1949
nm0916511,Candace Weber,
nm0917672,Wei Wei,1922
nm0920460,Vernon Wells,1945
nm0950926,Youn Yuh-jung,1947
nm0957193,Hanns Zischler,1947
nm0959649,Sara Dögg Ásgeirsdóttir,
nm10005522,Álvaro Gallo,
nm10022315,D. Dumebi Egbufor,
nm10047959,Aïsha Ben Miled,
nm10063317,Zach Litzkow,
nm10081537,Aries Cadoree,
nm1008173,Sara J Southey,
nm10097983,Scriptonite,
nm10105565,Jimmy Maguire,
nm10137386,Tatiana Melidou,
nm10174505,Elina Joerg,1999
nm10211052,Madi Vollmer,
nm10228382,Joseph Romero-Kleve,
nm10261796,Kyra Kennedy,
nm10263891,Henry Ethan Della,
nm10264746,Edwardo Cerda,
nm10273094,Gurjar Rajkrishan,
nm10273947,Naori Ota,
nm10274937,Dare Taylor,
nm10275012,Aaron Bryant,
nm10275514,Natalya Mazur,
nm10277052,Kitty Chan,
nm10277053,Luciana Cheung,
nm10278449,Tabitha Catherine,
nm10278985,Connor Strain,
nm10282163,Verity South,
nm10282873,Philippe Blanc,
nm10288729,Amanda Simmons,
nm10288737,Parker Keye Eisen,
nm10290898,Suk-Yee Chan,
nm10292407,Nicole Franco,
nm10292585,Anna Reyes,
nm10292982,Atiyah Shahab,
nm10296608,Kitty Carlyle,
nm10296875,Lynell Aldafari,
nm10306723,Yonosuke Ichikawa,
nm10307163,Jessica Celeste,
nm10308440,Micke Udrake,
nm10322068,Nadine Micic,1994
nm10326800,Ildar Kazgambaev,
nm10327036,Pat Smith,
nm10327038,Carlee Daniell,
nm10329578,Dasha Kireeva,
nm10333025,Jon Wiley,
nm10334612,Justin Carrigan,
nm10343512,Eduardo Gutierrez,
nm10344252,Arosha Kanchana,
nm10344255,Thilina Anuradha,
nm10345041,Shuang Cheng,
nm10346113,Haven,
nm10350257,Jamal Al-Radhan,1961
nm10350258,Mubarak Al-Mane,
nm10363320,Shojiro Sakumâ,
nm10364894,Alina Rachkovskaya,
nm10366903,Mamat Alkatiri,
nm10366906,Fajar Nugra,1995
nm10369307,Charles Paul Mihaliak,
nm10376626,Pratiksha Shivankar,
nm10377015,Adrián Alcaraz,
nm10377025,María José Pérez,
nm10379065,Premakiran,
nm10380429,Makoto Noguchi,
nm10381411,Abhijitsinha Harer,
nm10385320,Dan Tait Brown,
nm10385413,Martin Müller,
nm10386712,Allen E. Wright,1996
nm10387325,Hansi Parmar,
nm10387661,Matt Sneed,
nm10387664,October Drenth,
nm10388469,John Heitmanek,
nm10389188,Kerem Pinar,
nm10393791,John Grey,
nm10395983,K.T. Menghani,
nm10396377,Maite Montegrosso,
nm10403404,Yeonji Lee,
nm10406139,Mandya Mahadev,
nm10407505,Miyuki Hôjô,
nm10408787,Miyuki Shima,
nm10408833,Nigel Manahertz,
nm10408835,Rohan Bennett,
nm10409072,Cheryl Dieda,
nm10418531,Yi-Yu Chang,
nm10421141,Mahiru Koda,
nm10424350,Cliff Igbinovia,
nm10427148,Guru,
nm10428106,Cecile Richard,
nm10430294,Asaf Dogan,
nm10430758,Anna Dzhumak,
nm10435347,Sen Lam,1995
nm10436384,Maksym Mezhynskij,
nm10436898,Tim Brown,
nm10438788,Nikhil Harsh,
nm10442618,John Minix,
nm10446477,Yanki Din,
nm10448556,Glenn Allen,
nm10448673,Georgia Ellery,
nm10450012,Hamidu,
nm10456065,Goran Nedelko,
nm1045934,Lee Beom-su,1970
nm10461341,Ryan Hasani,
nm10462688,Oriana Rodrigues-Cova,
nm10464031,Aishwarya Raj Bhakuni,1997
nm10468604,Jermaine Choa-Peck,
nm10468984,Úrsula Del Carmén Ramos,
nm10471875,Anay Patil,
nm10474792,Joyce Harn,
nm10476491,Yuliya Kraftchick,
nm10487112,Dona Ilídia,
nm10489715,Aniel Rios,
nm10493872,P. Vijay Kumar,
nm10494378,Jennifer Berge,
nm10496612,Paul Cotto,
nm10511273,Danilo Morelli,
nm10511483,Dezhi Yang,
nm10516070,Zhu Jiaqi,
nm10516636,Elías Aarón Dotel,
nm10518003,Leoli Kafuti Matobo,
nm10518020,Christina Christian,
nm10518837,Jot Grewal,
nm10519684,Jalisa McFat,
nm10524722,Masha Demiri,
nm10525924,Mummy Chorden,
nm10528042,Claudia Fellus,
nm10528951,Guanru Ling,
nm10530279,Orockya Alorabou,
nm10531235,Lars von Velsen,
nm10532064,Bogdan Chernetskiy,
nm10532912,Scott Jenkins,
nm10532959,Michael Fuselier,
nm10540509,Nazanin Solhjoo,
nm10553995,Jaley Shaner,
nm10556900,Dale Frankland,
nm10573746,James Douglas-Quarcoopome,
nm10583931,Emerald Bougere,2007
nm10588371,Ída Mekkín Hlynsdóttir,2008
nm10597984,Marcelo Michinaux,
nm10625152,Baby Krithika,
nm10627021,Miri Shalem,
nm10655177,Erin Higinbotham,
nm1066117,Tatsuya Nagatomo,1953
nm10662225,Ashok Chandra,
nm10673191,Badal Rajpoot,1985
nm10683360,Dariya Barikhashvili,
nm10689141,Elena Vetrova,1965
nm10702143,Andrea Gregg,
nm1072136,Ian McPhee,
nm10725033,Malikhetho Motaung,
nm10732415,Aric Chen,
nm1073348,Chikako Miyagi,1922
nm1079857,Lee Yong-nyeo,1956
nm10814009,Megan Murphy,
nm10849972,Rorurari,
nm10866383,Carlos Andres 'Samuel' Solis Familia,
nm10933151,Souvenance Pétré,
nm10936200,Igor Chekhov,1987
nm10939017,Shareka Hanna,
nm10944836,Marshall Rancifer,
nm10975965,Taylor Adkin,
nm1097739,Kiyohiko Shibukawa,1974
nm1098982,Avinash Narkar,1965
nm11084812,Ye Zhou,1998
nm11087465,Jyoti Bhardwaj,
nm11088617,Venee Call-Ferrer,
nm11097123,Jacinto Antonio Cruz,
nm1111807,Sébastien Ricard,1972
nm11129103,Aditya Adgaonkar,
nm11132169,Madison Cook,
nm11163699,Motosuke Tomonaga,
nm11189684,John Varescak,
nm1127662,Yasujiro Tamura,
nm11280348,Héctor Gozalbo,
nm11302661,My Duyen,
nm11306385,Kye Chambers,
nm11330621,River Oosterink,
nm1138979,Michael D. Friedman,1974
nm11426881,Raj Bahadhur,
nm1143429,Corey Large,1975
nm11520892,Rajuvaividhya,
nm11600725,Aadhya Londhe,
nm11629240,Samayera Khan,
nm11663347,Giovanna Bayly,
nm1185445,Timon Kyle Durrett,1972
nm1190245,Francesco Martino,1981
nm12081924,Brooklyn Case,
nm1209226,Charisse Baker,
nm12154127,Makan Hasanpoor,
nm12189969,Dwiky Al Asyam,
nm12307883,Sneha Paliyeri,1993
nm1235052,Eva van de Wijdeven,1985
nm1239481,Atul Kale,
nm12485298,Chiara Ore Visca,
nm12513524,Lars Wahlsten,
nm1256745,Jagath Chamila,
nm1258927,Rachel Alejandro,
nm1261987,Bob Glazier,
nm1269618,Mahtab Nasirpour,1965
nm1277293,Uday Sabnis,
nm1278853,Rubin Chen,1932
nm1281490,Ayse Tunaboylu,1962
nm13030701,Benjamín Ruiz,
nm1303080,Yuping Wei,
nm13090699,Fares Bakr,
nm13282550,Vanshika Taparia,2007
nm13303128,Kiera Rosenburgh,
nm1334235,Hemanth Menon,
nm1335704,Fahadh Faasil,1982
nm1364109,Shintarô Nakaoka,
nm1367313,Jide Kosoko,1954
nm1368007,Mansour Shahbazi,
nm1370479,Melinda DeKay,1949
nm13718764,Hsouna Heni,
nm13764157,Guojun Jiang,
nm13812489,Angel,
nm1384939,Waldo Facco,
nm13868268,Zohreh Zareei,
nm1401729,Ahmad C.,
nm14060208,Adriana Agra,
nm1415962,S. Kadarisman,1922
nm14176597,Weixuan Ma,
nm14181186,Chandan Kashyap,
nm14315472,Arpan Das,2007
nm1465831,Mousumi Saha,
nm1466902,Zeenath,
nm1468674,Rochelle Aytes,
nm1480694,Ilya Blednyy,1976
nm1537329,Steve Bernstein,
nm15392421,Andrew Austin,
nm1555994,Pino D'Angiò,1952
nm1559617,Darren McAree,
nm15693343,Koutarou Hashimoto,
nm15861973,Juan Víctor Ayala,
nm1587714,John Wilson,1954
nm16024610,Liam Cointre,
nm1625732,Houston Rhines,
nm1649671,Mauricio Barrientos,
nm16527389,Anda,
nm1670451,Junko Minagawa,1975
nm1682551,Sasha Andreev,1981
nm1687017,Gô Ayano,1982
nm1703330,Kiyo Kuroda,1916
nm17047782,Ewan Markham,
nm1714614,Babak Ansari,
nm1716898,Kari Koivukangas,
nm17232191,Ryan Hennessy,
nm17459819,Derrick Watkins,
nm1755973,Phil Duffy,
nm1758612,Farhad Aslani,
nm1764072,Julianne Côté,1990
nm1775058,Rodrigo dos Santos,1977
nm1778096,Engin Akyürek,1981
nm1796249,Kivilcim Kaya,1948
nm1796910,Adam Meredith,
nm1815305,Kym Bidstrup,
nm1822358,Sid Makkar,
nm1840057,CJ Navato,1996
nm18519654,Regis Arroyo,
nm18626631,Françoise Rokia Coulibaly,
nm1863008,Kuttiyedathi Vilasini,
nm1875040,Fiona Dourif,1981
nm1935086,Tessa Thompson,1983
nm1980137,Edward X. Young,1959
nm1981344,Kostas Laskos,
nm1982556,Julie De Bona,1980
nm2084963,Noé Hernández,1969
nm2114785,Behnoosh Bakhtiari,
nm2115821,Mei-Hsiu Lin,1967
nm2118743,Mojca Partljic,1964
nm2120538,Shaghayegh Dehghan,
nm2126840,Abolhasan Moravvej,
nm2149215,Hang Shi,
nm2164767,Carl Wharton,
nm2172290,Colette Sodoyez,
nm2186494,Nellie Thalbach,1995
nm2188512,Joey Cooper,
nm2208151,Ghazal Shakeri,
nm2218569,Anik Shefrazian,
nm2235330,Meena Kumari,
nm2239942,Joey Pollari,1994
nm2248524,Joaquín Nin-Culmell,1908
nm2255441,Cuyle Carvin,
nm2285290,William 'Big Sleeps' Stewart,
nm2296641,Lindsay Garber,
nm2301427,Leah Lewis,1996
nm2351246,Demetria McKinney,1979
nm2363422,Hideo Hongô,1929
nm2371046,Barkha Bisht,1979
nm2386716,Sanjay Mone,
nm2386771,Jeremy Iversen,
nm2387197,Rokuro Oishi,
nm2388401,Russell Shaw,
nm2391781,Manuel Girisch,
nm2395335,Ryūsui Iwami,
nm2436618,Chris Mark,
nm2499815,Karen Corona,
nm2558275,Ophélia Kolb,
nm2598285,Lesa Henderson,
nm2605345,Gemma Arterton,1986
nm2623337,Suteara Vaughn,
nm2660044,Tom Segura,1979
nm2666409,RJ Mitte,1992
nm2673512,Jason K. Wixom,
nm2751451,Maurizio Urbani,
nm2803434,Kate Gilligan,
nm2816155,Ahmed Olotu,
nm2834669,Monica Raymund,
nm2840457,Deanna Rashell,
nm2888524,Darrell Britt-Gibson,1985
nm2912067,Dónall Ó Héalaí,
nm2913254,Francesca Wilson,
nm2940506,Horacio Galaviz,
nm2941811,Doug Montoya,
nm2964838,Frédéric Chau,1977
nm2975962,Alberto Ammann,1978
nm2987035,JD Lawrence,
nm3003858,Russell Duncan,
nm3046705,Lucy Walters,
nm3047464,Dato Roinishvili,
nm3056654,Denis Kosyakov,1984
nm3059268,Rachel Bright,1985
nm3101031,Philippe Morel,
nm3120844,Gerrit Yank,
nm3123793,Maksim Romanov,
nm3139059,Lin He,1977
nm3143558,Arnaud Ducret,1978
nm3154969,Chantel Flanders,
nm3190124,Syrie Wongkaew,
nm3226390,Alex Teix,
nm3238544,Randy Memoli,
nm3241397,Eoin Halpin,
nm3256497,Qi Zhang,1958
nm3282535,Michael Mancini,
nm3315962,Bart Hollanders,
nm3332894,Jordan Fisher,1994
nm3339359,Michelly Campos,
nm3339478,Ronald Robinson,
nm3349081,Matt Dye,
nm3370435,Marwoto,
nm3388759,Andrew Dasz,1977
nm3404376,Glen Nabholz,
nm3429346,Steven Swadling,1969
nm3485889,Keenan Tracey,1991
nm3512587,Susannah Berryman,
nm3513533,Stephanie Hsu,1990
nm3530937,Jingfei Guo,1979
nm3542926,Ramy Kebbe,
nm3569284,Georgina Campbell,
nm3588309,Aurelia Burckhardt,
nm3617629,Baiju V.K.,
nm3654499,Othman Abdelmonem,1941
nm3680266,Felicia Greenfield,
nm3716382,HB Gibson,
nm3742487,Mizue Shiratori,
nm3763255,Bobby Robertson,1974
nm3765649,Joanna Opozda,1988
nm3801587,Bartosz Gelner,1988
nm3805318,Timothy Cakebread,
nm3814559,Valeriy Agayan,
nm3817139,Vanessa Conde,
nm3873521,Haraldur Stefansson,
nm3894232,Francisco Belard,
nm3899117,Nyokabi Gethaiga,
nm3922667,Kensei Mikami,1984
nm3929147,Raphaël Lacaille,
nm3931192,Marie Grujicic-Delage,1984
nm4005735,Ajith Lokuge,
nm4079782,Samantha Wilson,
nm4104357,Jamie-Lee Six,
nm4108455,Maricor Canlas,
nm4113924,Sunny Kaushal,1989
nm4151259,Thomas Larkin,
nm4159008,Afshin Hashemi,1975
nm4183406,Scott Deal,
nm4233681,Jaroslav Mottl,1970
nm4270963,Manesh Kumar,
nm4316082,Carwyn Glyn,
nm4355888,Tianna Nori,
nm4356858,Yueh-Fan Yang,
nm4366217,Metra Dee,
nm4370641,Houcine Mahnouch,
nm4377373,Karolyne Natasha,
nm4417069,Yami Gautam,1988
nm4443114,Saeed Changizian,
nm4443519,Fahimeh Amanzadeh,
nm4447747,Phani Eggone,
nm4455827,Tessa Wood,
nm4543998,Vanessa Alariao,
nm4556530,Vladimir Gorochov,
nm4606016,Todd Risby,
nm4609222,Colin Burgess,1990
nm4649116,Ben O'Toole,1991
nm4655049,Scott Gillespie,
nm4719034,Yuvraj Hans,
nm4741714,Dominik Wojcik,
nm4744613,Vicci Pan,1984
nm4792950,Alynxia America,
nm4827066,Rich Barnard,
nm4936344,Ussy Sulistiawaty,
nm4938456,Jennifer Chajon,
nm4948139,Salome Tsunoda,
nm4992002,Pulkit Samrat,1983
nm5006540,David Power,
nm5048074,Menaka Rajapakse,
nm5050202,Timothy Paul Coderre,
nm5075662,Nan-Shi Lin,
nm5085187,Andreas Berg,1974
nm5102227,Lucas Jaye,
nm5105047,Annick Cornette,
nm5271691,Novi Brown,
nm5342804,David Macey,
nm5396706,Bolla Attila,
nm5423311,Amir Ghaffarmanesh,
nm5431622,Sarah McGuire,1990
nm5492721,Yoshihiko Takemoto,
nm5561970,Camila Mota,
nm5584853,Chemban Vinod Jose,1976
nm5585713,Ahmed Sylla,
nm5674223,Shadi Mar'i,1994
nm5691453,Talal Afifi,
nm5724419,Rodrigo García,
nm5724877,Andile Gumbi,
nm5771748,Estrella Almada Cervantes,
nm5780243,Soleh Solihun,
nm5780539,Hadian Saputra,
nm5798585,Rupinder Rupi,
nm5804621,Lexi Balestrieri,
nm5891034,Poorvi Bhave,
nm5893186,Gabriella Jordan,
nm5913352,Cori Coulter,
nm5923411,Winston A. Marshall,
nm5946083,Ken Stancil Jr.,
nm5960947,Andrew Rogers,
nm6001212,Said García Solís,
nm6051579,Raunaq Kamdar,
nm6170452,Samuel Ajibola,
nm6194268,Brodie Henson,
nm6195775,Matthew Dunigan,
nm6229730,Janak Premalal,
nm6261003,Raphaël Thiéry,
nm6262100,Hesam Mahmoudi,
nm6314102,Pradeep Raj,1976
nm6316977,Justin S Kirkland,
nm6446990,Joemon Joshy,1988
nm6470822,Vicente Carlos Luque,
nm6481696,Caleb Milby,
nm6494220,Olivier Faursel,
nm6566873,Kostis Charamountanis,
nm6583098,Amy Lyn Elliott,
nm6675794,James Gagné,
nm6686507,Srushti Dange,1992
nm6691848,Kisetsu Fujiwara,1993
nm6820375,Rick Lee,
nm6820784,Vytautas Medineckas,1987
nm6884988,Vasilis Kanellopoulos,
nm6911746,Sanju Solanki,
nm6954008,Ryō Narita,1993
nm7024752,Suzanne Grzanna,
nm7125176,Daniel Lewis Haug,
nm7208549,Orlando Pineda,
nm7216750,Kabir Duhan Singh,1986
nm7233593,Pavel Neškudla,1989
nm7285894,Caedmon Holland,
nm7367159,Joshua Botelho,
nm7376490,Selin Sezgin,1990
nm7384935,Marc Felix,
nm7390671,Saryû Usui,
nm7410252,Tandin Wangchuk,
nm7414355,Jude Manley,
nm7430811,Andreas Lessig,
nm7474454,Tomas Mischura,
nm7478283,Sameera Asir,
nm7506705,Gastón Cocchiarale,
nm7577471,Liam Millard,
nm7613074,Yuan Chang,
nm7613653,Lisha Wheeler,
nm7614842,Mourad Gharsalli,
nm7630834,Malhar Thakar,1990
nm7655252,Sami Loris,
nm7666800,Vittorio Continelli,
nm7725345,Ashim Roy Chowdhury,
nm7802497,Paolo Gilardi,
nm7840514,Aditya Alam,
nm7870592,Fernando Martino,
nm7874279,Rob Malone,
nm7889014,Sier Bao,
nm7900894,Fatima Al-Banawi,
nm7903965,Plabita Borthakur,1991
nm7973570,Kiara Corkett,
nm7988227,Keiko Hanazono,
nm8007355,Claude Heinrich,
nm8024328,Ibon Huarte,
nm8030827,Ester Nadal,
nm8043785,Toby Dale,
nm8043810,Neil Carr,
nm8072655,Marcelo Barcelo,
nm8175508,Emma Perez-Trevino,
nm8178775,David Bell,
nm8223791,Manju Pathrose,1986
nm8294079,Saskia de Melo Dillais,
nm8381609,Helia Imany,
nm8398350,Heidrun Pfeil,
nm8412661,Brave Williams,
nm8419930,Hayal Köseoglu,1992
nm8470426,Lidiya Kopina,1984
nm8471120,Anto Boros,
nm8509765,Ron Gitt,
nm8531116,Kabir,
nm8531954,Nora La Pantera,
nm8554087,Fermin Martín,
nm8674786,Gisella Anastasia,
nm8719768,Yassine Essabar,
nm8730008,Scott Britton,
nm8730563,Frank Corbiserie,
nm8777950,Jan Nedbal,1990
nm8798374,Sharni Tapako Brown,
nm8802963,Yoriko Angeline,2002
nm8814208,Nicholas George Castle,
nm8819372,Nurullah Celebi,
nm8854447,Mark Sequeira,
nm8862370,Sabby Suri,
nm8871557,Onur Yaprakçi,
nm8897788,Claire Kennedy,
nm8907709,Mikhail Avstreykh,
nm8956050,Trevor Holder,
nm8962705,Daouda Diakhaté,
nm8969293,Patrick A. Sova,1980
nm9010459,Faustino Bojorquez,
nm9011010,Ahmet Süha Çagrici,
nm9040593,Dylan Flashner,1994
nm9062741,Wataru Nishida,
nm9139519,Makenzie Erikson,
nm9160004,Andreea Diac,
nm9218406,Vanessa Conlon,
nm9219502,Kalyani Priyadarshan,1993
nm9239964,Mikaela Moody,
nm9240162,Phil Sawyer,
nm9251636,Saqi,
nm9252018,Lola Petticrew,1995
nm9311744,Tekin Ezgütekin,1984
nm9321612,Aghniny Haque,1997
nm9349197,Dillon Adam,
nm9378508,Chengyang Jiang,
nm9397915,Kara Komer,
nm9404262,India Everett,1992
nm9417739,Yusi Chen,1996
nm9434833,Mark Gerics,
nm9483653,Richard Chuang,
nm9495449,Yael Finkel,
nm9503471,Ameesha Kavindi,
nm9532877,Mark Nester,2003
nm9574820,Katerina Matveeva,1992
nm9613101,Amy Emanuele,
nm9660620,Rifat Kanpara,
nm9670502,Havon Baraka,
nm9678153,Lotfollah Seifi,
nm9767414,Shivaji Raja,
nm9787727,Natara Easter,
nm9803346,Bisola Aiyeola,
nm9812639,Zoë Cunningham,
nm9818976,Ekkta bp Singh,
nm9830760,Jack Dawson,
nm9844470,Joachim Cruise,
nm9904692,Jesse Braswell,
nm9910291,Teresa L. Bullock,
nm9942955,Maria Patino,
nm9964315,Yinka Davies,
nm0000208,Molly Ringwald,1968
nm0000286,Stephen Baldwin,1966
nm0004539,Vanessa Williams,1963
nm0025879,Kati Andai,1948
nm0033843,John Arcilla,1966
nm0034330,Fabián Arenillas,1964
nm0039596,Ashokan,1961
nm0044445,Chiyonosuke Azuma,1926
nm0046424,Veerle Baetens,1978
nm0047011,Xuexian Bai,1928
nm0080248,Santhana Bharathi,1970
nm0084908,Edda Björgvinsdóttir,1952
nm0097088,Erik Borner,1967
nm0105013,Walker Brandt,
nm0107573,Eve Brent,1929
nm0116670,Antonino Bruschetta,1962
nm0134016,Vince Canlas,
nm0142808,Diego Casale,1971
nm0144213,Kevin Cassidy,
nm0155401,Hsiao-hsuan Chen,1970
nm0158207,Anthony Chisholm,1943
nm0173585,Muriel Combeau,
nm0194136,Svetozar Cvetković,1958
nm0194271,Suzanne Cyr,
nm0241049,Josh Duhamel,1972
nm0266077,Sandra Faleiro,1972
nm0269800,Erra Fazira,1974
nm0274704,Veronica Ferres,
nm0284717,Malini Fonseka,1949
nm0286570,Shahrokh Foroutanian,
nm0287544,Renan Fosforoglu,1914
nm0297686,Tatsuya Fuji,1941
nm0305334,Manolo García,
nm0305447,Stênio Garcia,1933
nm0354490,Takaya Hashi,1952
nm0373573,Liam Heffernan,
nm0379782,Hans Hernke,1981
nm0385179,Björn Ingi Hilmarsson,1962
nm0387519,Janne Heltberg,1981
nm0406373,Michalis Iatropoulos,1965
nm0410160,Andrea Irvine,1967
nm0410965,Tatsuya Ishiguro,1911
nm0410987,Yūjirō Ishihara,1934
nm0411733,Ryūsei Itō,
nm0412819,Masako Izumi,1947
nm0415185,Ted Jacques,1912
nm0417309,Dubbing Janaki,
nm0419560,Mark Jax,
nm0422639,Wenli Jiang,1969
nm0434553,Mariko Kaga,1943
nm0438463,Anil Kapoor,1956
nm0439421,Lasse Karkjärvi,1958
nm0440590,Ilyas Kashmiri,1925
nm0441161,Reiko Kataoka,1971
nm0441574,Yôko Katsuragi,1930
nm0442951,Seizaburô Kawazu,1908
nm0453584,King Kong Lee,1981
nm0456507,Laura Kirk,
nm0457506,Machiko Kitagawa,
nm0468491,Lehel Kovács,1982
nm0468773,Heidi Kozak Haddad,
nm0471447,Ramya Krishnan,1970
nm0474919,Vijaya Kumaratunga,1945
nm0477209,Aaron Kwok,1965
nm0481185,Natália Lage,1978
nm0481591,Jean-Michel Lahmi,
nm0522205,Sam Louwyck,1966
nm0524011,Loes Luca,1953
nm0524591,Judi Evans,1964
nm0524807,Judith Lucy,1968
nm0546091,Dominic Marcus,
nm0559607,Kayo Matsuo,1943
nm0602131,Irene Moors,1967
nm0619247,Yasuko Nagazumi,1943
nm0619870,Reza Naji,
nm0620186,Masako Nakamura,
nm0626938,Margret Neuhaus,1930
nm0633121,Kip Niven,1945
nm0687625,Glenn Plummer,1961
nm0708613,Ezio Ramos,1936
nm0710601,Rekha Rao,
nm0733625,Stefania Rocca,1971
nm0738396,Jean-Marie Rollin,
nm0740535,Stephen Root,
nm0741629,Reva Rose,1936
nm0754681,Stefano Sabelli,
nm0756503,Kayoko Saijô,
nm0757087,Maaya Sakamoto,1980
nm0762942,Asao Sano,1925
nm0764598,Sapna Sappu,1980
nm0766316,Kōtarō Satomi,1936
nm0766470,Sathyaraj,1954
nm0767929,Suzanne Savoy,
nm0769177,Vincent Scarito,
nm0799111,Emília Silvestre,1959
nm0831127,András Stohl,1967
nm0847204,Toyo Takahashi,1903
nm0847439,Minami Takayama,1964
nm0848768,Akiko Tamura,1905
nm0865372,Yukiko Todoroki,1917
nm0870384,Thomas Trabacchi,1965
nm0882769,Tony V.,
nm0882943,Sonia Vachon,
nm0906723,Ayako Wakao,1933
nm0916884,Flip Webster,
nm0933810,Marie Wilson,1916
nm0939443,Surasak Wongthai,
nm0943079,Daniel Wu,1974
nm0946198,Giorgos Giannopoulos,1960
nm0946852,Galina Yatskina,1944
nm0949107,Kyoko Yoshizawa,1954
nm0949210,Michaël Youn,1973
nm0955496,Lixin Zhao,1968
nm0956938,Stanislav Zindulka,1932
nm0998142,Hediyeh Tehrani,1972
nm1001625,Renji Panicker,1958
nm10023022,Shacolby Shentell,
nm10047916,Syukri,
nm10074396,Anh Tu,
nm1007581,Manobala,1953
nm10079481,Erin Mei-Ling Stuart,
nm1009405,Sunshine Dizon,1983
nm10130200,Susan Sameh,
nm10154768,Johanna Juliethe,
nm10201411,Andrew Cawley,
nm1024317,Simon Ferrante,
nm1026163,Kelton Pell,
nm10264206,Grace Becerra,
nm10266986,Shaher Al Qurashi,
nm10269274,Mohammed Althaf,1996
nm10271724,Amedeo Andreozzi,
nm10273095,Arun Mandola,
nm10277005,Dilip Dave,
nm10278576,Austin Bender,
nm10278987,Faolain Bobersky,
nm10282225,Carolina Esmoris,
nm10282594,Reagan Merritt,
nm10284553,Bianca Rolff,
nm10292396,Brandon Gamble,
nm10293523,Francesco Bellani,
nm10295662,Alexander Melach,
nm1030209,Hiroshi Imaizumi,
nm10303425,Paige Barlow,
nm10305299,James Wilson,
nm10306452,Thejas Perumanna,
nm10308174,Jaime Aguirre,
nm10308175,Asun Aldaz,
nm10312041,Harith Wasala,
nm10312404,Ibrahim Eldaly,
nm10317264,Baris Ayhan,
nm10322370,Anna Stern,
nm10322427,Makenzie Anyce,
nm10323692,Supushpa Bhatta,
nm1033328,Nosratolah Vahdat,1925
nm10333630,Alexandr Galanskov,
nm10337377,Rahoul Dutt,
nm10338576,Gregory Goldman,
nm10339743,Sheetal Gaikwad,
nm10340008,Mukta Karandikar,
nm10342540,Juana Mari Roldan,
nm10342546,Toñi Jimenez,
nm10344704,María José Sosa Abaca,
nm10347846,Huiying Li,
nm10347944,Cindy Driggers,
nm10348165,Yuka Komori,
nm10350260,Abdullah Al-Khedher,
nm10358004,Ica Naga,1961
nm10362195,Price Clark,
nm10364424,Christian Gill,
nm10364552,Chisa Hasegawa,
nm10364893,Danila Karmalin,
nm10366932,Yashvit Sancheti,
nm10369308,Abiola Dupuy,
nm10372273,Amneris Treco,
nm10373761,Tyler Dane,
nm1037433,Rick Danford,
nm10377914,Te-Hung Kuan,
nm10378900,Robb Gee,
nm10381407,Mysha,
nm10385069,Patricia Nabakooza,
nm10387663,Jim Green,
nm10390412,Michelle Allen,
nm10392023,Gagit Bista,
nm10396878,Julien Mercier Daniel,
nm10402100,Kenny Litvack,
nm10407098,Matteo DiPrima,
nm1041076,Hilda Oates,1925
nm10413846,Shinohara Michiyo,
nm10414472,Gen Kusumi,
nm10421641,Jerome Kurnia,1994
nm10423990,Jason Dela Cruz,
nm10428103,Abel Báguena,
nm10430010,Semse Gürses,
nm10430740,Eri Hama,
nm10433340,Abbas Fassi-Fihri,
nm10433995,Bruno Signer,
nm10440587,Tanuuj Shrivasttava,
nm10448186,Sao Xob Moua,
nm10449335,Daniella Angelotti,
nm10449336,Eric Belhassen,
nm10457229,Keisuke Higashi,1995
nm10459414,Sampson Anderson,
nm1045948,Zoren Legaspi,
nm10461999,Marco Baeza,
nm10464081,Jie Zha,
nm10469272,Nadine Waworuntu,
nm10474377,Kaustubh Diwan,
nm10474793,Julianne Tan,
nm10476629,Cyrus Madden,
nm10477840,Kwanjeera Buakong,
nm10479195,Jacob Gonzales,
nm10484958,Roshan Jayasundara,
nm10489529,Hero,
nm10490905,Fadika Royandi,
nm10491031,Moustapha Oumarou,
nm10493823,Junji Yamashita,
nm10498893,Dev Pinnaduwa,
nm10503928,Farah Dinga,
nm10505427,Nandkishor Gore,
nm10506105,Ann-Katrin Karlsson Kindborn,
nm10506336,Fariba Ajam,
nm10508458,Denis Beaubien,
nm10511286,Michael Joseph Delaney,
nm10511710,Lou Anne Legal,
nm10512316,Ethel Flores,
nm10514471,Giorgio Belli,
nm10519167,Charlie Shine,
nm10519306,Alessio Freitas,
nm10519530,B.B. Gorô,
nm10519683,Paris Janea,
nm10522456,Drei Roxas,
nm10523596,Zajia Nadal,
nm10527335,Jesús María Espinosa,
nm10527795,Sunerah Binte Kamal,
nm10531606,Lisa Lucas,
nm10531654,Prabu Revolusi,
nm10532866,Isaac Caldiero,
nm10551730,Pasquale Lioi,
nm10648721,Steve Shackleton,
nm10661903,Chiki el de la Vaina,
nm10675716,Manu Jose,
nm10676624,Erika Gregersen,
nm10683292,Sivadas Kannur,
nm10695917,Chloe Mikala,
nm10700972,Ushbebe Comedian,
nm10703308,Le Giang,
nm10706678,Mushtaq Khaan,
nm10711391,Daniel Warner,2001
nm10723889,J.C. Patterson,
nm10760760,Jayquan Lewis,2000
nm1078628,Frédérique Bel,1975
nm10794176,Ganesh Bhat,
nm10804501,Lizzy Edgecomb,
nm1080768,Keith Arthur Bolden,
nm10813433,Swetha Bharadwaj,
nm10827610,Seung-tae Baek,
nm10830028,John Mathews,
nm1084879,Abdessalem Bacchouch,
nm10851760,Miguel Rocha,
nm10871664,Sandeep Chatterjee,
nm10877611,Bruno Antione,
nm1089900,Martina Gusmán,1978
nm1091259,Mohammad Sadiq,
nm10924248,Lottie Cuerden,
nm10935352,Catie McNama,
nm10963282,Prabhu Bhatt,
nm1096466,Mahmoud El Gendy,1945
nm10967911,Theresa Cannistraci-Farrell,
nm1099597,Radha Ravi,
nm11004104,Madhvenndra Jhaa,
nm11004620,Rajesh Nanaware,
nm11004909,Fiacre Bindala,
nm11006398,Léo Lévy,
nm1101898,Maxime Lefrançois,
nm1101910,Chuck Liddell,1969
nm11025972,Anil,
nm11051909,Brooklyn Letexier-Hart,
nm11152652,Ernest Marsh,
nm11163514,Henriette Laursen,
nm11205874,Agnese Robaldo,
nm11314356,Ho-sun Im,
nm11389897,Annie van Huyssteen,
nm11426885,Lalana R. Arya,
nm11484891,Prabanchan,
nm11506715,Alberto Cattán,
nm11647252,Shengdi Wang,2010
nm11663253,Marion Castel,
nm11663345,Brianna,
nm11777607,Suhartini,
nm11778043,Tobías Findling Prado,
nm1184348,Dariush Asadzade,1923
nm11910231,Angel Mthimkhulu,
nm1194281,Andrea Del Rosario,
nm11982834,Cyril Basilée,
nm1203515,Long Mejia,
nm12097326,Yessica Gálvez,
nm1210776,Robert Seethaler,1968
nm12175870,Rahul,
nm1221047,Keegan-Michael Key,1971
nm1221172,Loloq,1958
nm12239802,Josiah Bennetone,
nm1226419,Atsushi Watanabe,1898
nm1230844,Narain,1979
nm12328075,Masood Akhtar,1940
nm12377881,Macedonia Alexis,
nm12385549,Soham Bodas,
nm12435107,Alexander Panin,1987
nm12482560,Marlee Gala,
nm12498795,Amanna Agu,
nm1253795,Xiaojian Xu,
nm12552633,Jawad Zemmar,
nm12665628,Mahmoud Maysara Elsaraj,
nm1269796,Mahendra Perera,
nm1270037,David Rott,1977
nm1276384,Youbin Li,
nm12798893,Valerie Spencer,
nm12798896,Michael Weinstein,
nm12822819,Julian Helmes,
nm1290912,Lela Anggraini,
nm13023905,Preethi Alluri,
nm1320827,Randall Park,
nm1321097,Lisa Roumain,
nm13326221,Ahmed Magdy Emara,1999
nm13361752,Lametria Jackson,
nm13414100,Magdalena Bozovic,
nm1341442,Tom Wheatley,
nm1356465,Martine Schambacher,
nm1357627,Ana Kostovska,1963
nm13736108,Terry Donavon,
nm13883408,Reiko Kitayama,
nm1403631,Kôhei Takeda,1986
nm14277167,Tuangno,
nm1450561,José Concepción Macías,
nm14829971,Steve Austin Cerda,
nm1486821,Usman Hassim,
nm15135803,Makayla Hampton,
nm1524874,Magdalena Rózczka,1978
nm1552768,Maali Zayed,1953
nm15551773,Minami Arioka,
nm15601332,Tommy Hindley,
nm1560660,Sriranjani,1971
nm15739660,Zumrud Hasanov,
nm1579661,Ada Ameh,1974
nm1617087,Eddie Pang,
nm1617208,Enraku Sanyutei,1933
nm1631269,Chloë Grace Moretz,1997
nm16393672,Bjarki Freyr Hafdal Björgvinsson,
nm1662481,Yaoko Kaitani,
nm1665465,Masaharu Tanaka,
nm1682799,Tomasz Kot,1977
nm1687568,Vincenzo Ferrera,
nm1699058,Murat Prosçiler,1975
nm16995873,Majid Fallah,
nm1702463,Hossein Fallah,
nm1702868,Jisshu Sengupta,1977
nm1708851,Michiko Ikuno,
nm17199309,Cauê Miranda,
nm1725848,Joe Anderson,1982
nm1728878,Dilek Serbest,1981
nm1734877,Kikutarō Onoe,1907
nm1748821,Harriet Toompere,1975
nm1782128,Masako Yasumoto,
nm1782153,Gbenga Akinnagbe,1978
nm1792604,Anoop Menon,1976
nm1813913,Zaki Youssef,1979
nm1839955,Alban Lenoir,1980
nm1855370,Harihar Sharma,
nm1859988,McKinley Freeman,1973
nm1868832,Finnur Arnar Arnarson,
nm1876129,Agustina Muñoz,
nm1881003,Sergey Rublev,
nm1890585,Mire Aika,
nm1910857,Marta Nieto,1982
nm1911033,Chris Margetis,
nm1944869,Thomas Karallus,
nm1947809,Marcelo Flores,1975
nm1968466,Bik-Kin Ho,1919
nm1972850,Ryan Salzwedel,
nm2016157,Artemis Pebdani,
nm2028004,Ry Barrett,
nm2028753,Ondrej Habinak,
nm2068826,Sheena Halili,1987
nm2097479,Ioachim Ciobanu,
nm2098884,Letícia Birkheuer,1979
nm2111833,Megan Henry,
nm2176152,Tyler Hollinger,
nm2215307,Pablo Astiazarán,
nm2227434,Shahram Haghighat Doost,
nm2241427,Suraj Venjaramoodu,1976
nm2295540,Natalie Morales,
nm2325602,Louise Linton,1980
nm2339451,Thalita Carauta,
nm2348319,Dan Balcaban,1980
nm2371196,Fala Chen,
nm2373232,Evangeline Neuhart,
nm2385880,Fujiko Tachibana,
nm2399591,Harudanji Katsura,1930
nm2445705,Diana Leeson,
nm2506048,Will Strong,
nm2534638,Michael Abbott Jr.,
nm2563547,William White,
nm2568198,Vic Cicuta,
nm2590072,Avishkar Darvhekar,
nm2597881,Soham Chakraborty,1984
nm2637686,Mia Ehrnrooth,1987
nm2644871,Milena Tscharntke,1996
nm2656503,Kyôko Yoshine,1997
nm2668139,Yasmani Guerrero,
nm2682461,Unique Priscilla,1970
nm2686231,Jessy Mendiola,1992
nm2700567,Norlia Ghani,
nm2766068,Jamie Lynn Concepcion,
nm2775078,Sean Ramey,
nm2791162,Evelyn Santos,
nm2792699,Esmail Shirazi,
nm2797756,Evan Jonigkeit,1983
nm2809577,Jenny Slate,1982
nm2815281,Vitaliy Kishchenko,1964
nm2834294,Giuseppe Schillaci,
nm2837860,Paul Romero,
nm2838294,Susantha Chandramali,1964
nm2840660,Mathieu Nicourt,
nm2843037,Alexandra Stamler,
nm2895992,Johnny Revilla,
nm2955232,Renn Kiriyama,1985
nm2960333,Sulekha Talwalkar,
nm2961216,Kamka Tocinovski,1979
nm3011132,Kai Inowaki,1995
nm3047613,Emyr Gibson,
nm3059813,Atli Óskar Fjalarsson,
nm3083581,Ayako Kimura,
nm3109156,David Rossetti,
nm3127378,Farid Yazdani,
nm3157157,David Labrava,1962
nm3181771,Abhay Mahajan,1989
nm3190460,Ondrej Hraska,
nm3203476,Reiji Tsumura,
nm3221054,Nadeem Baig,1941
nm3238945,Stacie Stocker,
nm3239768,Markus Kiefer,
nm3267600,Carmina Elizabeth,
nm3272130,Ashwini Ekbote,1972
nm3286930,Luke Sorge,
nm3303293,Antonio Rubio,
nm3339194,Martina Schöne-Radunski,1986
nm3359107,Jeet,1978
nm3380189,Sami Ameziane,
nm3387680,Ryu Kohata,1976
nm3391296,Steve Girard,
nm3391699,Bérangère McNeese,1989
nm3408936,Akihiko Nagano,
nm3444244,Priyanka Nair,1985
nm3482676,Sanpei Hayashiya,1925
nm3573977,Hannah Barlow,
nm3575147,Mrunmayee Deshpande,1988
nm3582612,Julie Ann Earls,
nm3616347,Roger Letizia,
nm3641538,Natasha Estrada,
nm3668024,Adipati Dolken,
nm3700767,Massimo Dobrovic,
nm3713413,Biju Badajena,
nm3780453,Soy Kroon,1995
nm3794513,Andrés Salas,
nm3847554,John Dumelo,
nm3861603,Lee Hunter,1985
nm3872839,T.J. Power,
nm3874902,Ibrahim Jammal,
nm3876657,Yasuko Mita,
nm3968703,Pierre Bourdaud,
nm3996747,Tadahisa Fujimura,
nm4006608,Chloe Pirrie,1987
nm4015380,Srinivas Avasarala,1984
nm4044551,Nathan McMullen,
nm4046605,Conner Mckenzy,
nm4103924,Simone Borrelli,1985
nm4143935,Dharmajan Bolgatty,
nm4160584,Lili Farhadpour,1961
nm4161154,Ben Sinclair,1984
nm4161453,Paul Anthony Sonnier Jr.,1986
nm4190695,Camilo Carmona,
nm4209388,Mireia Rey,1983
nm4223773,Javier De Pietro,1987
nm4224918,Henk Bres,
nm4249606,Grzegorz Falkowski,1972
nm4271961,Sara Arjun,2005
nm4273618,Angela Duggins,
nm4300711,Nina Carlin,
nm4363155,Brent Brozek,
nm4425773,Alencier Ley Lopez,1965
nm4427913,Josef Mlekuz,
nm4439079,Georgi Tenev,
nm4464298,Abraham Jurado,
nm4470184,Carmen Bsaibes,1989
nm4472514,Bostjan Sovec,
nm4616554,Carlito Olivero,
nm4624730,Kirby Howell-Baptiste,
nm4638702,Oleg Sikirinskiy,
nm4649341,Jun Miyazaki,
nm4667740,Francois Legrand,
nm4680774,Keke Soeryo,
nm4705505,Lyubov Aksyonova,1990
nm4710099,Sudev Nair,1985
nm4731433,Vijaya Nandasiri,1944
nm4745013,Olaf Marchwicki,2003
nm4763789,Yang Xiao,1980
nm4825006,Emily Morris,
nm4833672,Tamara Berry,
nm4834207,Shih-Feng Lo,1968
nm4869921,Masaki Naitô,1981
nm4902848,Abdulemam Abdullah,1947
nm4906331,Demy,1991
nm4942285,Magda Nour El-Din,1959
nm4947538,Minami Hamabe,2000
nm4978650,Marc Weiss,
nm4997973,Tommie Grabiec,
nm5018360,Swasika Vijay,1991
nm5021384,Tann R. Noh,
nm5028453,Ali Vafadar,
nm5111263,Lior Soroka,
nm5149048,Xinyi Zhang,
nm5180960,Django Schrevens,
nm5205279,Ririne Sasano,
nm5208289,Eduardo Losan,
nm5220421,Ayu Matsuura,2001
nm5223603,Sabri Ahmad,
nm5240345,Lynn,
nm5241523,Xiaochuan Li,
nm5257813,Semra Alper,
nm5267231,Prathamesh Parab,1993
nm5420078,John Charles Dickson,
nm5421394,Kira Caple,
nm5451481,Courtney Grant,
nm5454914,Arjuna Kamalanath,
nm5469428,Keith Powers,1992
nm5478867,László Branko Breiding,
nm5480083,Polina Pushkaruk,1991
nm5520724,Nondinii Chatterjee,
nm5521949,Forrest Whaley,1994
nm5551753,Shashi Wijendra,
nm5563698,Emily Lim,
nm5576978,Ravi Janghu,
nm5577677,Catherine Fisher,
nm5584344,Yahya Abdul-Mateen II,1986
nm5617255,Rita Kara,
nm5636087,Raymund C. King,
nm5653715,Grace McKissick,
nm5680617,Sakurao Kasumi,
nm5727890,Adam Nourou,
nm5795985,Zul Ariffin,1986
nm5799334,Brianna Ferris,
nm5800073,Madhu Hegde,
nm5852449,Joju George,1978
nm5871653,Anouk de Pater,
nm5888489,Vishal Dave,
nm5890975,Dhruva Sarja,1988
nm5908646,Jeremy Ogre Amos,
nm5932580,Sonia Sarkar Dey,
nm5958776,Marc Ma,1979
nm5961385,Melha Bedia,
nm5969644,Andreas Mossberg,
nm6020570,Pamela De León,
nm6037662,Anusuya,
nm6038328,Isabella Kai,2006
nm6100884,Emre Kizilirmak,1983
nm6117670,Mayur Bhatkar,
nm6160361,Sôma Saitô,1991
nm6181975,Susan O'Doherty,
nm6186834,Boy Iman,
nm6205905,Emily Carding,
nm6218754,Melis Tüzüngüç,1994
nm6228292,David Anghel,
nm6229747,Tharuka Wanniarachchi,
nm6287665,Layla Dawn,
nm6297251,Michelle Coda,
nm6314578,Maria McCormick,
nm6387949,Michael Bullard,
nm6419815,Manan Desai,1987
nm6420055,Shiva Khosro Mehr,
nm6464840,Jazmine Casey,
nm6603449,Arisa Kiyoto,
nm6608434,Kate Kilcoyne,
nm6623474,Hayato Sano,1998
nm6630514,Tennyson Cooray,1952
nm6632634,Tina Lynn Turner,
nm6649988,Harish Uthaman,1982
nm6651023,Ümit Bülent Dinçer,
nm6661432,Edward Chu,2009
nm6675440,Lily-Rose Depp,1999
nm6692547,Damon Da,
nm6694718,Oabnithi Wiwattanawarang,
nm6736924,Branko Perisic,
nm6774674,Natalia Bonifacci,
nm6793636,Yuma Uchida,1992
nm6819140,Jenny Howard,
nm6871471,Amber Wegner,
nm6874234,Emanuele Arioli,1988
nm7004946,Mauricio Morales,
nm7030324,Sôsuke Yamamoto,
nm7034023,Minxy Monroe,
nm7037517,Amy Lancaster,
nm7045326,Caro Darman,
nm7059964,John Love,
nm7064349,Ana Carmen Leon,
nm7064837,Airik Ace,
nm7111158,Nirup Bhandari,1984
nm7131255,Moemi Katayama,1990
nm7193305,Carson White,
nm7327824,Danube Hermosillo,
nm7351991,Emma Ricks,
nm7385597,Peppe Barile,
nm7402559,Ulises Puiggrós,
nm7420809,Jack Parr,
nm7449940,Lei Zhang,
nm7573741,Dino Lee,1993
nm7619400,Emanuel Blom,
nm7632532,Mary Chukwu,
nm7642065,Darien Asian,
nm7704744,Hilary Agostini,
nm7736730,Seden Seda,
nm7756094,Vinh Anh Ho,
nm7819450,Sinem Karel Gürtekin,1994
nm7837420,Amanda Bailey,
nm7846777,Madison Graves,
nm7860012,Shahidul Amin,
nm7887725,Fionn Whitehead,1997
nm7929688,Marius Marx,
nm7970056,Banipal Shoomoon,
nm7977475,Maciej Musialowski,1993
nm7984132,Erna Brezinová,1957
nm7992092,Erdag Yenel,1986
nm8001323,Wil Lewis,
nm8014084,Klara Mucci,
nm8015611,Maria Júlia Lima,
nm8084987,Regina Temir-Bulat,
nm8211152,Nelli Juusela,
nm8358493,Mark Samson,1956
nm8412146,Sony Voodoo,
nm8413691,Travis Cure,
nm8467479,Jeff Alpert,
nm8557211,Morten Hee Andersen,1991
nm8613028,Alejandro Durán,
nm8616359,Taha Sönmezışık,2006
nm8664914,Leonor Baioneta,
nm8674239,Yukine Sakuragi,1994
nm8839252,Michael Otteson,
nm8846708,Samira Carvalho Bento,
nm8863067,Alexandra Floras-Matic,
nm8886654,Richard Rennie,1985
nm8924712,May Owen,
nm8932774,Jeremy Chan,1981
nm8934443,April Warren,
nm9045377,Shawn D. White,
nm9047565,Kom I.,
nm9069975,Kimmo Kylliö,
nm9078230,Sabine Thun,
nm9090068,Justin Derickson,
nm9091751,Alan Benbow,
nm9103034,Pari Elavazhagan,
nm9106640,Maximilian Pekrul,1989
nm9129160,Anastasia Mirabelle,
nm9144786,Tate Dewey,
nm9152854,Fifi Anicah,
nm9159694,Sophia Alongi,
nm9171701,Bilal Ahamad Bhagat,
nm9187009,Yidan Zhang,
nm9206815,Eduardo Cupi,
nm9240678,Larry Strong,
nm9269363,Eardley Wedamuni,
nm9299062,Gab Lagman,
nm9303326,Sonny Jordan,
nm9352468,Candace Clift,
nm9382865,Grant Owens,
nm9382866,Thaddeus Harold,
nm9397304,Sangeetha Bhat,
nm9399872,Briana Elle Jones,
nm9408069,Hyacinth Wijeratne,1946
nm9433045,Sofia Osorio,
nm9503481,Dhammika Pushpakumara,
nm9513875,Kasuni Kavindi Fernando,
nm9515235,Chen Chen,
nm9588650,Dane Larsen,
nm9614890,Aysan Hadad,
nm9615498,Dominik Maiser,
nm9627094,Sarah Levitch,1999
nm9632998,Naosheen Ahmed,
nm9664746,Stephen Damian,
nm9706424,Mahesh Achanta,
nm9734377,Isaac Lobé-Lebel,
nm9739063,Marcus Liberato,
nm9786539,Doguhan Kabadayi,2001
nm9787164,Austin Copps,
nm9797923,Yuya Hirata,1993
nm9802079,Faith Nolan,
nm9820652,Kha Nhu,
nm9837054,Jessi Winston,
nm9864487,Federico J. Arioni,
nm9986065,Matthew Lee Anderson,
nm0000096,Gillian Anderson,1968
nm0000195,Bill Murray,1950
nm0000491,John Leguizamo,1960
nm0000982,Josh Brolin,1968
nm0001194,Jeff Fahey,1952
nm0001507,Cheech Marin,1946
nm0001671,Diana Rigg,1938
nm0001720,Ivan Sergei,1971
nm0001803,Danny Trejo,1944
nm0005171,Angus Macfadyen,1963
nm0006820,Aleks Paunovic,1969
nm0015145,Halit Akçatepe,1938
nm0018080,Aki Aleong,1934
nm0021373,Morgan Alling,1968
nm0021734,Gila Almagor,1939
nm0030280,Annapoorna,1948
nm0030329,Eve Annenberg,
nm0032669,Shamim Ara,1938
nm0039226,John Ashton,1948
nm0051812,Kôtarô Bandô,1911
nm0062509,Eden Bautista,
nm0066583,Mark Beesley,
nm0084270,Angelo Bison,
nm0100653,Tatyana Bovkalova,1959
nm0108287,Jordana Brewster,1980
nm0147636,Pier Maria Cecchini,1957
nm0150495,Judith Magre,1926
nm0162502,Luís Miguel Cintra,1949
nm0183504,Clare Coulter,1942
nm0186099,Rob Craine,1967
nm0196375,Parvin Dabas,1974
nm0214860,Raffaello Degruttola,
nm0217819,Kylie Delre,
nm0239294,Ellen Dubin,
nm0252880,Nour El-Sherif,1946
nm0256861,Ken'ichi Endō,1961
nm0264179,Laura May,
nm0265795,Hala Fakher,1946
nm0269831,Paul Faßnacht,1949
nm0284036,Renée Fokker,1961
nm0297891,Kanbi Fujiyama,1929
nm0308039,Louis Garrel,1983
nm0316306,Xavier Giannoli,1970
nm0346619,Jagannath Guha,
nm0347276,Duarte Guimarães,1978
nm0348856,Vladimir Gusev,1958
nm0352195,Peter Haber,1952
nm0353717,Masato Hagiwara,1971
nm0356017,Rebecca Hall,1982
nm0356448,Dieter Hallervorden,1935
nm0364028,Thorbjørn Harr,1974
nm0369078,Tomiko Hattori,1917
nm0370579,Kei Hayami,1958
nm0372023,Noni Hazlehurst,1953
nm0383261,Chieko Higashiyama,1890
nm0406710,Omenosuke Ichikawa,
nm0406727,Kodayū Ichikawa,1902
nm0411899,Antonino Iuorio,1963
nm0412915,Aziz Jaafar,1935
nm0415612,Gajanan Jagirdar,1907
nm0423143,Takanori Jinnai,1958
nm0431221,Samuel Jouy,
nm0440368,Ton Kas,1959
nm0441102,Tsuneo Katagiri,1896
nm0442207,Lloyd Kaufman,1945
nm0457492,Ryūji Kita,
nm0462073,Toshiko Kobayashi,1932
nm0467478,Petr Kostka,1938
nm0483818,Anu Lamp,1958
nm0490466,Khikmat Latypov,1900
nm0537977,Rabiranjan Maitra,
nm0544334,Lesley Manville,1956
nm0546417,Darell M. Davie,
nm0558219,Eva Salzmannová,1958
nm0570971,Gardner McKay,1932
nm0581781,Hichem Mesbah,
nm0582228,Bob Messini,1962
nm0595914,Poornima Indrajith,1980
nm0609820,Dave Mounfield,1960
nm0621418,V.K. Naresh,1960
nm0642718,Aisling O'Sullivan,1968
nm0645760,Eiji Okuda,1950
nm0654726,Shōichi Ozawa,1929
nm0658810,Suhas Palshikar,
nm0661713,Cliff Parisi,1960
nm0667387,Curt Paulus,
nm0668905,Daniel Pearce,
nm0670847,Ingrid Pelicori,
nm0675950,Donna Pescow,
nm0676370,Clarke Peters,1952
nm0693848,Saeed Poursamimi,
nm0694066,Clifton Powell,1956
nm0695435,Chris Pratt,1979
nm0700252,Joaquín Pujol,
nm0710969,Lanette Ware,
nm0714561,Jerry Rector,1958
nm0724604,John Henry Richardson,
nm0754031,Jan Gunnar Røise,1975
nm0757324,Senri Sakurai,1930
nm0765179,Ruhi Sarı,1972
nm0783740,Aleksandr Semchev,1969
nm0788340,Molly Shannon,1964
nm0789391,Archana Shastry,1981
nm0804983,Vadim Skvirskiy,1970
nm0847353,Mitsuko Takao,1915
nm0847543,Ken Takemoto,1934
nm0848964,Akio Tanaka,1926
nm0850850,Selahattin Tasdögen,1951
nm0868782,Oscar Torre,
nm0883305,Vaishnavi Mahant,1974
nm0890622,Mita Vashisht,1967
nm0898653,Hélène Vincent,1943
nm0899087,Danny Vinson,1954
nm0900653,Lenka Vlasáková,1972
nm0929562,Nikolai Will,1981
nm0948115,Chao-Hsu Yeh,
nm0949433,Damian Young,1961
nm0949646,Jacob Young,1979
nm0950757,Wah Yuen,1950
nm0951912,Alex Zahara,
nm0959963,Ólafur Darri Ólafsson,1973
nm0968838,Carlos Chamarro,
nm0993010,Marcela Ferradás,
nm10018645,Ian Curtis,
nm10019316,Jonetta Kaiser,
nm10031888,Sam Brodie,
nm10034165,Emily Hooks,
nm10035940,Manushi Chhillar,1997
nm10040326,Amandina Altomare,
nm10040390,José Alfredo Fernandez,1987
nm10053793,Ke-Ching,
nm10086745,Ruyang Jing,
nm10090622,Reham Alkassar,
nm10132070,Nicole Bleacher,
nm10143056,Jim Ewan,
nm10148275,Gurnam Bhullar,1995
nm10174065,Brandon Jefferson,
nm10187203,Kamasean Matthews,
nm10219512,Dare Moreno,
nm10223139,Oliver Boon,
nm10233639,Sandra Gendjar,
nm10261362,Raimundo Carvalho,
nm10265969,Eva Marianne Schulz,
nm10269115,Nicolas Certenais,
nm10271044,Raj Dogra,
nm1027309,Vincent M. Ward,
nm10273745,Bogel Apriansyah,
nm10276271,Jennifer Cassling,
nm10276749,Francisco Villarroel,
nm10282875,Benjamin Le Houëzec,
nm10293916,Landon Buell,
nm10297081,Ishanka Jahanvi,
nm10302118,Shizuko Kawashima,
nm10303426,Dan Baar,
nm10304668,Steven Whitehurst,
nm10305903,Brandon Henderson,
nm10308382,Medishetti Abhinav,
nm10323697,Basanti Bhatta,
nm10333360,Mitchell Riley,
nm10334578,You-Hsian Lin,
nm10334579,Han-Ru Li,
nm10337832,Komal,
nm10339798,David Ayén,
nm10341882,Denis Demkiv,
nm10349597,Sheldon Y. Carnes,
nm10349797,Misako Nakahara,
nm10351009,Shido Roxas,
nm10357999,Tia Arifin,
nm10360858,Faheem Khan,
nm10366905,Mbok Tun,
nm10369652,Azitabh,
nm10377026,Rubén López,
nm10378909,Lance Benson,
nm10379168,Novi Herlina,
nm10383832,Michél Stantschew,
nm10386206,Tristen Crow,
nm10389237,Enosuke Sugiwara,
nm10392804,Hira Brohi,
nm10395075,Carlos Alberto Moncada,
nm10400343,Ananth,
nm10402091,Pam Cobb Heuberger,
nm10404559,Lin Yiyi,
nm10407244,Eugen Fasching,
nm10412585,Hirushini Abeygunawardana,
nm10420860,Nakasen Kumagaya,
nm10424353,Kpobo Erwaraye,
nm10425074,Smith Charles,
nm10425797,Márcia Rosa,
nm10425856,David Eeckhout,
nm10426813,Jaba Papuashvili,
nm10437237,Luke Hallas,
nm10437915,Cho Ji Hyun,
nm10438308,Thushini Fernando,
nm10438512,Mustafa Shehata,
nm10440018,Islam Ibrahim,
nm10442493,Mika Peeters,
nm10442611,Gregory Harrison,
nm10446252,Michael Lawrence Potter,1992
nm10449222,Henry Drembus,
nm10450800,Amelia Sloan,
nm10454586,Senem Akman,1975
nm10455074,Toufik Benadam,
nm10455136,Francesca Zezza,
nm10455678,Bespiaroti,
nm1045684,Jeong Jae-yeong,1970
nm10457644,Mike Maley,
nm10458156,Nicole Marie,
nm10458311,Yuri Domoto,
nm10462465,Babak Lotfi Khajepasha,
nm10463089,Sarah Anderson,
nm10464713,Henrik Valdemar Pedersen,
nm10472429,Akiko Kikuchi,
nm10474375,Rajashree Landge,
nm10476706,Sandy Trejo,
nm10483205,Toru Terashima,
nm10484773,Efrat Vachtel,
nm10484785,Yuval Shlomovitch,
nm10484819,Mikias Wolde,
nm10489906,Linda Olsson,
nm10493999,Lin Chen,
nm10494107,Renee Alliouche,
nm10494470,Kylie Groves,
nm10505425,Sonal Godbole,
nm10509237,Nick Kelesau,
nm10510387,Kyraha Semyonova,
nm10510602,Summer Hayes,
nm10511278,Andrea Fosci,
nm10511704,Clarisse Le Port,
nm10513491,Claudio Medina,
nm10522460,Rhea Usares,
nm10525926,Angay Zam,
nm10529279,Anastacia Adamska,
nm10532822,Shareen Abdullah,
nm10535602,Nima Niktabe,
nm10536829,Madhu Gaikawad,
nm10537559,Colin,
nm1055963,Katerina Papoutsaki,1979
nm10560374,Rufaidah Bt Mohamed Fadzil,
nm10566946,Xuanming Gao,
nm10571885,Lisye Rizzioli,
nm10740630,Paul Killick,
nm10760757,Deontez Dillybeats Blackshire,
nm10767801,Anahita Khosravi,
nm10803023,Júlia Cano,
nm10822997,Danny Audette,
nm10833136,Piotr Buffi,
nm10837702,Orlando del Maestro,
nm10866047,Daniele Baselice,
nm10866517,Elizabeth Avendano,
nm10868748,Charles Catel,
nm10880668,Sharon Bermudez,
nm10888785,Hanne Evhammar,
nm1092208,Laurent Maurel,
nm10939014,Essie Baird,
nm1095993,Renzo Cruz,
nm11018594,Nathalie Chiusoli,
nm11034927,Estelle Burrus-Pearce,
nm11034928,Winston Burrus-Pearce,
nm11042869,Augustin Reynes,
nm11052863,Liwei Chen,
nm11140645,Philippe Beyls,
nm1117679,Ana Karina Casanova,1975
nm11191619,Tony Garcia Lewis,
nm1119544,Saleema,
nm11205881,Luca Occelli,
nm11240803,Marquese Carroll,
nm11243529,Serine Ayari,
nm1126474,Yusry Abd Halim,1973
nm1126723,Joan Massotkleiner,1955
nm11274852,Dong Nina,
nm11314153,Kim Dae-hyun,1984
nm11342885,Alessandra Mola,
nm11370721,Nilton Amazonas,
nm11464761,Anjinappa,
nm11464774,Aravind,
nm1151879,Jeroen van Koningsbrugge,1973
nm1157324,Karena Ka-Yan Lam,1978
nm11589790,Gopalakrishnan,
nm1163023,Mikael Almqvist,1964
nm11659389,Elijah J. Roberts,
nm1166328,Sylvie Meis,1978
nm1166844,Tom Papa,1968
nm11725103,Finn Reiter,
nm11777609,Ratnawati Sutandar,
nm1179669,Mike Rutkoski,
nm11824396,Patrick Phillips,
nm1186488,Takashi Tsumura,1943
nm1187374,Natalya Surkova,1967
nm1200073,Mithila Sharma,
nm12008515,Victor Senegas,
nm12083012,Philip Kkalas,
nm12086195,Samyuktha Shanmughanathan,1985
nm12097328,Juan González,
nm12146152,Sara G,
nm12189729,Mikhail Filippov,
nm1227303,Mostafa Derkaoui,1944
nm1228132,Bing Loyzaga,
nm12284344,Dina Zarif,
nm12376008,Florence Brunet,
nm12470282,Maude Brodeur,
nm1248273,Chandrakant Gokhale,1921
nm12483758,Jennifer N. Onwuegbu,
nm12485300,Anita Lorusso,
nm12497419,Teniola Awobiyi,
nm1252904,Heng Qi,
nm1253955,Germán De Silva,
nm1254885,Lijing Zhou,1954
nm1256435,Dündar Aydinli,1943
nm1257423,Sôsuke Ikematsu,1990
nm1259084,Manoj Joshi,1965
nm1263763,Maxene Magalona,1986
nm12654670,Patience Okpala,
nm12674556,Martta Entonen,
nm12685484,Iyele Chibueze,
nm12713040,Courtney Revie,
nm12798895,Doug Sadownick,
nm12798899,Mary Lucey,
nm12805929,Woli Agba,
nm12937054,Deva Cassel,2004
nm1295237,Nenny Triana,
nm12963100,Rajeev Rana,
nm1301218,Martha Claudia Moreno,
nm1303216,Hong Xiang,
nm1303340,Rong Zheng,
nm13094979,Keiko Watanabe,
nm1316701,Pierre Mifsud,
nm13394299,Antanas Aleksiejunas,
nm13416347,Roderick L. Francois II,
nm1353689,Bruce Khan,
nm13611676,Khaled Brahem,
nm13639496,Albert Labun,
nm13718766,Mohamed Nsibi,
nm1373003,Jôji Tsurumi,
nm13808571,Deporsche Francis,
nm13913127,Yin Cheng,
nm13983298,Hector La Fosse,
nm1399871,Alexander Khuon,1979
nm1416903,Surya Saputra,
nm1426040,Sakae Shima,
nm1432530,Sudheesh,
nm1438556,Jarkko Lahti,
nm1440098,Gina Costigan,
nm14448584,Darnae Hill,
nm1493738,Matthijs van Nieuwkerk,1960
nm14941130,Gurpreet Singh Chahal,
nm1500155,Robert Pattinson,1986
nm1523938,Lehri,1929
nm1525807,Joel Courtney,1996
nm1550104,Sarath Kothalawala,
nm1553119,Tetsuya Tanaka,
nm1555340,Alison Brie,1982
nm1566592,Mediha Musliovic,1975
nm1572684,Jan Korander,
nm15739661,Farculla Faracullayev,
nm1575994,Barbara Sloesen,1988
nm1576905,Puneet Vasishtha,1976
nm15883054,Ana Luisa Castillo,
nm1594672,Peter Stickles,1976
nm1595023,Dani Kind,
nm16129920,Kun He,
nm1625220,Emin Alper,1974
nm16344328,Fateme Gharibi,
nm16363454,Shin Shimizu,
nm1638316,Stephanie Sy,
nm16405069,Lochoro Isaiah,
nm1644478,Daniel Lehmussaari,1976
nm16513072,Shubham Singh Bagri,
nm16586128,Shunsuke Hirai,
nm1663898,Reiko Kongô,
nm1665054,Dominic Bogart,
nm1671039,Teruyo Asagumo,
nm1687944,Rahhat Shah Kazmi,1980
nm1689730,Fouad Fahim,
nm1690073,Lyudmila Kurepova,1975
nm1698741,Jack Dishel,
nm1699418,Junko Kinugasa,1910
nm1727825,Tony Revolori,1996
nm1734621,Egor Bakulin,1981
nm17479621,Butch the Dog,
nm1748780,Darya Charusha,1980
nm1758680,Erdal Bilingen,1968
nm17620163,José Ludueña,
nm1770376,Sharifah Amani,1986
nm17832002,Reggy Vermeulen,
nm17938216,Wolfgang Sürth,
nm1794889,Geordie Cheeseman,
nm1800105,Hatsuko Ikuno,1907
nm1833974,Veronika Arichteva,1986
nm1846425,Khatereh Asadi,
nm1877677,Daniel Erthal,1982
nm1916273,Jôji Kaieda,1908
nm1920587,Michael Agassi,
nm1922619,Jhey Castles,
nm1929945,Isak Férriz,1979
nm1936672,Ardo Ran Varres,1974
nm1959800,Kanata Hongô,1990
nm1960519,Dean Shortland,
nm1968793,Carolina Crescentini,1980
nm1991209,Elechi Wordu,
nm2013433,Delno Ebie,
nm2052978,Montana Tucker,1993
nm2072883,Shobha Mohan,
nm2078557,Mauricio Isaac,
nm2081232,Dallyn Vail Bayles,
nm2113617,Geoffrey Welch,
nm2121456,Oge Okoye,
nm2187703,Betsy Túrnez,1974
nm2191307,Beth Rodden,
nm2198699,Yat-Wah Ho,
nm2217791,Kim Long Thach,
nm2269906,César Mello,
nm2274369,Olivia Stambouliah,1982
nm2276340,Teodor Corban,1957
nm2314202,Thabo Bopape,
nm2322467,Christina Hecke,1979
nm2378577,Anita Kravos,1974
nm2380048,Marcos Pereiro,
nm2387401,Seiichi Saga,
nm2398174,Tomosaburô Ii,
nm2439913,Matthew McNulty,
nm2457142,Singh Kunal,
nm2469034,Valerie Pauwels,
nm2475907,Enchong Dee,
nm2501554,Thomas Hessdörfer,
nm2526613,Chai Fonacier,
nm2530687,Jochen Hägele,1974
nm2535064,Emiko Takakura,
nm2587859,Jimmy Dinh,
nm2592123,Chris Hubbart,
nm2596793,Mitsuki Takahata,1991
nm2610427,Shravani Goswami,
nm2658351,Thanasis Tsaltabasis,
nm2669445,Mohammed Al Tagy,1954
nm2746789,Mir Taher Mazloomi,
nm2756056,Sreelekha Mitra,1972
nm2796745,Adam Devine,1983
nm2803420,Rafael Fonseca,
nm2812453,Katsurô Sakai,1930
nm2812982,Richard Weerakkody,
nm2845856,Alberto Alonzo,
nm2894585,Kwak Min-suk,1970
nm2912119,Uche Mac-Auley,
nm2914537,Ronan de Andrade Horta,
nm2924454,Chloe Maayan,
nm2983901,Kamy D. Bruder,
nm2995248,Pooja Nayak,
nm3004249,Ivana Kingston,
nm3018183,Perry Mattfeld,
nm3026487,Jennifer Kim,
nm3046678,Ravi Prakash,1978
nm3049068,Nikitin Dheer,1980
nm3056725,Paran Banerjee,1940
nm3067118,Björn Bonn,1978
nm3098706,Niina Hosiasluoma,
nm3102998,Bo Burnham,1990
nm3108930,Collin Galyean,
nm3129298,Ross Turner,
nm3147240,Arata Yamanaka,
nm3160864,William Nicol,
nm3164292,Sampath Raj,1976
nm3172485,Peter Paltos,
nm3215397,Daniel Scheinert,1987
nm3228320,Vincent Lacoste,1993
nm3233235,Yongli Che,
nm3234734,Chema Coloma,
nm3260636,Francesca Manzi,
nm3294569,Ponvannan,
nm3315894,Varun Dhawan,1987
nm3317281,Alba Ribas,1988
nm3318140,Surabhi Lakshmi,
nm3353502,Maricar Reyes,
nm3355238,Veronika Senciová,
nm3390494,Jean Drolet,
nm3500582,Teyonah Parris,1987
nm3522923,Christina Beller,
nm3529321,Mieneke Bakker,1956
nm3530614,Johnnas Oliva,
nm3571592,Christopher Abbott,1986
nm3588483,Michelle Wai,1984
nm3594598,Annika Strauss,1984
nm3639013,D'Arcy Carden,
nm3645214,Cristina Marino,
nm3710932,Hamid Pourazari,
nm3768164,Siobhan Williams,
nm3772324,Jekaterina Linnamäe,
nm3803873,Gül Arslan,
nm3816263,Samir El Hakim,1973
nm3819591,Masato Obara,
nm3833583,Lollu Sabha Jeeva,
nm3889539,Burke Brown,
nm3918488,Federico Bal,
nm3936613,Armas Shivute,
nm3987995,Juliana Banos,
nm3988985,Afida Es,
nm3993149,Gippy Grewal,1983
nm4027243,Masaki Suda,1993
nm4045010,Abhishek Banerjee,1985
nm4062141,A. Venkatesh,
nm4070385,Baris Altay,1974
nm4094352,Ted Welch,
nm4098287,Audrey Bastien,1991
nm4142562,Lourinelson Vladmir,
nm4143974,Judith Rodriguez Perez,
nm4173770,Morten Svartveit,
nm4218305,Taylor Vale,
nm4271336,Shameik Moore,1995
nm4302215,Shawn Dixon,
nm4322312,Tareq Al-Ali,
nm4345486,Ruxandra Oancea,
nm4350996,Mahiro Takasugi,1996
nm4354211,Annie Chu,
nm4388825,Jens Andresen,
nm4400540,Kristina Sandev,
nm4404205,Queenierich Rehman,
nm4413592,Hannah Alline,
nm4433549,David Lennon,
nm4439231,Asami Seto,1993
nm4460517,Johan Sjöberg,
nm4469165,Garance Marillier,1998
nm4478332,Higor Campagnaro,1983
nm4478540,Anthony Webster,
nm4482485,Vytautas Kaniusonis,1963
nm4504967,Gela Meskhi,1986
nm4519154,Dasun Pathirana,
nm4546297,Mahesh Chandra Deva,
nm4557634,Natalya Bystrova,1984
nm4571321,Mayton Eugenio,
nm4602902,Chandraprakash Thakur,
nm4609281,Cara Marie,
nm4615227,Sara Putignano,
nm4666732,Jennii Caroline,
nm4683875,Jacob A. Ware,
nm4688039,Josep Maria Riera,
nm4728480,Trevor Wilson,
nm4735327,Cyrus Zoghi,
nm4821267,Carlos Andrade,
nm4862056,Niamh Algar,1992
nm4881680,Daryl Della,
nm4885148,Anton David Jeftha,
nm4887246,Meryl Margaux Bunyi,
nm4922487,Mehran Ghafoorian,1974
nm4927095,Jasmine Carmichael,
nm4928007,Chaams,
nm4940254,Jose Raul Corres,
nm4941490,Abelardo Muñoz,
nm5022072,Régius Brandão,
nm5025898,Abduljawad Metwali,
nm5031311,Gabriella Goldstein,
nm5066467,Deshawn Devante,
nm5069867,Alex Gulko,
nm5084063,Rara Chinami,
nm5090127,Kazuo Mori,
nm5137054,João Pedro Bénard,
nm5147838,Andy Le,
nm5215235,Manohari Wimalathunga,
nm5215308,Premadasa Vithanage,
nm5219130,Asim Chaudhry,1986
nm5242693,Rébecca Finet,
nm5266374,Alice Lam,
nm5326515,Kouzou Satou,
nm5381748,Derek Ocampo,1990
nm5391966,Ramon Vilageliu,
nm5474787,Thanh Loc,1961
nm5479252,Gabi Lopes,1994
nm5479385,Kul Sidhu,
nm5534709,Miguel Vergara,
nm5612941,Claudia Nell McCoy,
nm5660414,Lazuli Barbosa,
nm5675846,Kanchana Mendis,
nm5679766,Gurpreet Bhangu,1959
nm5730865,Chris Coon,
nm5732482,Crystal Gettings,
nm5757621,Chanley Gledhill,
nm5799954,Nora Dale,
nm5837322,Djordje Zivadinovic Grgur,1990
nm5859418,B. Suresha,
nm5873750,Nathaly Acedo,
nm5913384,Todd Chamberlain,
nm5950025,Teddy Robson,
nm5955452,Jon A. Ravenholt,
nm5959275,April Melody Rox Dillard,
nm5980496,Jessica Marmillion,
nm5995222,Mo-Lan Lo,
nm5996483,Mei-Ngo Chiu,
nm6009683,Ye Gao,1987
nm6122015,Nanda Wickrama,
nm6145378,Mario Morán,1992
nm6199570,Simao Pedro Ramos,
nm6223779,Sooryaloka Dayaruwan,
nm6224176,Oliver Griffiths,1994
nm6300209,Jen Richards,
nm6340767,'Winner' Ramachandran,
nm6367459,Jerry Reeves,
nm6370783,Rizky Nazar,
nm6452302,Daniil Vakhrushev,1992
nm6503978,Inés Alba,
nm6505394,Leighanne Esperanzate,
nm6579199,Chicco Jerikho,1984
nm6626840,Elena Makhova,
nm6667874,Moncef Ajengui,
nm6684555,Ekaterina Ageeva,1992
nm6686622,Jonathan Dekel,
nm6687877,Ceren Yilmaz,
nm6702518,Ewa Jakubowicz,
nm6738885,Grae Fernandez,
nm6756432,Mariya Shumakova,1988
nm6761294,Karène Chiasson,
nm6789778,Karina Chery,
nm6826725,Denis Fomin,
nm6836381,Juna Charansonnet,
nm6851076,Mia Maelzer,
nm6874873,Kyle A. Lee,
nm6917490,Pushkar Lonarkar,
nm6925212,Eric Barnard,
nm6931873,Chris Lines,
nm6995817,Deepika Mohan,
nm7060634,Babak Behshad,
nm7077371,Banu Bakikusagi,
nm7231291,Freddyn Beras Goico,
nm7233931,Desmond Edwards,
nm7249993,Gregory Ojefua,
nm7296699,Eirini Mo,
nm7308525,Anthony Eng,
nm7317732,Sheila Dara Aisha,1992
nm7354641,Ritesh Raghuvanshi,
nm7395199,Zack Kozlow,1993
nm7401575,Domenico Del Giacco,
nm7405876,Davide Grisolia,1993
nm7406451,Bert Dumaran,
nm7417110,Mehgan James,
nm7434342,Clare Dunne,
nm7441180,Kk Heim,
nm7443988,Summer Fontana,2008
nm7509308,Brogan McMorrow,1995
nm7544691,Stan Gilmore,
nm7553112,David O. Riedel,
nm7583174,Michael Russo,
nm7596465,Erik Alamia,
nm7659185,Brenna Llewellyn,
nm7668897,Burke Sage,
nm7701129,Indrė Patkauskaitė,1985
nm7716909,Babe McGuire,
nm7802961,Mayur More,1995
nm7803642,Tímea Virga,
nm7837890,Sumire Nagai,
nm7839325,Farnaz Shetty,1996
nm7934161,Chunnu,
nm8009836,Ashley Asphyxiation,
nm8017879,Sayo Roppongi,
nm8044596,Tamara Lawrance,1994
nm8063282,Sakiko Bokumoto,
nm8079983,Caleb Hennigan,
nm8088541,Scilla Cristiano,
nm8095468,Chris Heslop,
nm8170479,Joy Fredericks,
nm8185157,Samantha Loxley,
nm8213628,Robin Keyaert,
nm8309876,Patrick Heraghty,
nm8358490,Ariyasena Gamage,
nm8373689,Arisa Sonohara,
nm8413523,Steve Aldis,
nm8465532,Viktor Bulankin,
nm8467477,Zulkifli Ghani,
nm8519895,Joel Wallón,
nm8554038,Solomon Gordon,
nm8582082,Maria Major,
nm8686347,Anneke Kamp,
nm8737658,Matteo Guarnaccia,1954
nm8740834,Ryan Kiera Armstrong,2010
nm8752948,Nanda Gopal,
nm8825668,Hüseyin Çelikoglu,
nm8887517,Katie Hubbard,
nm8953991,Tetiana Dar,
nm8960302,Ryan Q. Tran,
nm8977785,Mohamed Ben Ali,
nm9001824,Marvin Fisher,
nm9031127,Giovanna Ortu,
nm9097747,Deividas Breive,
nm9203435,Nakita Bennett,
nm9209415,Ward Beard,
nm9247882,Robert John Moody,
nm9299265,Javier Trujillo,
nm9309073,Or Asher,
nm9345967,Michael Angelo Batio,
nm9404918,Aeowyn Sayer,
nm9443664,Langston Belton,
nm9458120,Naginder Gakhar,
nm9463483,Maxine Contreras,2000
nm9477211,Curtis Walker,
nm9539029,Jennifer J. Franco,
nm9540671,Eddy J. Lee,
nm9570790,Žygimantė Elena Jakštaitė,
nm9578555,Ahmet Sonuc,
nm9607558,Jordan Sandhu,
nm9611546,Meisya Amira,
nm9620339,Manjit Singh,
nm9623082,Sedat Bilenler,
nm9648940,Al Braatz,
nm9652105,Devina Aureel,
nm9654872,Shandell Crutchfield,
nm9704298,Lê Bình,
nm9714043,Nadaraja Sivam,
nm9730273,Anna Waldrum,
nm9781745,Mohd Aslam,
nm9784206,Abigail King,
nm9785911,Zaskia Gotik,
nm9787129,Clint Boevers,
nm9804355,Brian Briggs,
nm9838275,Samrant Thapa,
nm9855596,Naga Mahesh,
nm9880445,Naomen Eerdeni,
nm9947816,Amelia Gabbard,
nm9958527,Rochelle Nichole,
nm9987817,Claudia Dulitchi,
nm9988758,Karl Gabriel,
nm0000448,Lance Henriksen,1940
nm0001218,Sean Patrick Flanery,1965
nm0001287,Heather Graham,1970
nm0001458,Cloris Leachman,1926
nm0001929,Josiane Balasko,1950
nm0001990,Elpidia Carrillo,1961
nm0003115,Christine Lakin,1979
nm0005541,Marlon Wayans,1972
nm0010207,Juana Acosta,1976
nm0023914,Ichirô Amano,
nm0025459,Raúl Amundaray,1937
nm0025625,Shoma Anand,1958
nm0031741,Uldis Anze,
nm0045331,Nancy Bach,
nm0051822,Cristina Banegas,1948
nm0053519,Urbano Barberini,1961
nm0068959,Peter Belli,1943
nm0069168,Pier Giorgio Bellocchio,1974
nm0079890,Alexander Beyer,1973
nm0080333,Vikram Bhatt,1969
nm0081457,Iwona Bielska,1952
nm0085997,Vas Blackwood,1962
nm0086301,Macon Blair,1974
nm0087281,José María Blanco,1935
nm0089707,Steve Blum,1960
nm0112932,Neil Brown Jr.,
nm0113508,Elizabeth Saunders,1964
nm0157098,Laura Chiatti,1982
nm0163060,Eva Cízkovská,1965
nm0192377,Liam Cunningham,1961
nm0199006,Linh-Dan Pham,1974
nm0199035,Tokumaro Dan,1902
nm0200144,Tone Danielsen,1946
nm0217100,Javier Delgiudice,1964
nm0220017,Julie Depardieu,1973
nm0222922,Emmanuelle Devos,1964
nm0223452,Juraj Deák,1958
nm0228701,Gioele Dix,1956
nm0232503,Daya Dongre,1940
nm0244707,André Dussollier,1946
nm0250613,Laura Efrikian,1940
nm0259708,Kajsa Ernst,1962
nm0267044,Shaghayegh Farahani,1972
nm0272581,Rebecca Ferguson,1983
nm0298575,Yôichi Funaki,
nm0299228,Tôru Furuya,1953
nm0314047,Vladimir Gerasimov,1950
nm0317809,Luisa Gil,
nm0322479,Delphine Gleize,1973
nm0322963,Vanessa Glodjo,1974
nm0323859,Ezra Godden,
nm0330832,Eli Gorenstein,1952
nm0337466,Jessica Greco,1980
nm0359168,Keiko Han,1953
nm0361669,Izumi Hara,1905
nm0373001,Desmon Heck,
nm0386388,Shingo Hiromori,
nm0398388,Lisa Hoyle,
nm0403514,Kate Hurman,
nm0407401,Kuniko Igawa,1923
nm0417314,Janardanan,
nm0417744,Rastko Jankovic,1972
nm0419293,Verónica Jaspeado,1976
nm0427358,Wesley Jonathan,1978
nm0436345,Miki Kam,1955
nm0444795,Joy Keeper,
nm0448906,Hulusi Kentmen,1912
nm0454049,Kaneta Kimotsuki,1935
nm0465041,Leila Kong,1980
nm0483105,Curt Lambert,
nm0491045,Max Laurel,
nm0532067,Colin Mace,
nm0539335,Hossein Maleki,
nm0541193,Chung-Shan Wan,1942
nm0549505,Marc Maron,1963
nm0558593,Joy Mathew,1961
nm0580986,Adalberto Maria Merli,1938
nm0612117,Elise Muller,
nm0613420,Waheed Murad,1938
nm0620433,Shôji Nakayama,1928
nm0621937,Nassar,1958
nm0636426,Noomi Rapace,1979
nm0666733,Jānis Paukštello,1951
nm0671026,Giovanni Pellegrino,
nm0672784,Sabeetha Perera,
nm0679690,Chrystee Pharris,1976
nm0714739,Ian Reddington,1957
nm0720461,Juan David Restrepo,1979
nm0720763,Revathi,1966
nm0767986,Kenya Sawada,1965
nm0786033,Parmeet Sethi,1961
nm0798473,Palitha Silva,
nm0803889,Bill Skarsgård,1990
nm0824989,Fúlvio Stefanini,1939
nm0827075,Katy Stephens,1970
nm0827956,Irina Stemer,
nm0847698,Osamu Takizawa,1906
nm0850848,Hikmet Taşdemir,1942
nm0866209,Shabnam Tolouei,
nm0866736,Nakajirō Tomita,1911
nm0876657,Wayne Tunks,
nm0906697,Harue Wakahara,
nm0921632,Massimo Wertmüller,1956
nm0933940,Patrick Wilson,1973
nm0945566,Ken Yamauchi,1943
nm0951309,Uğur Yücel,1957
nm0952685,Del Zamora,
nm0953344,Mario Zaragoza,
nm10005536,Pablo Tudanca,
nm1001005,Sebastián Haro,1964
nm10020219,Pierre Raffy,
nm10063315,Alexander Vogl,
nm10076818,Emilis Askelovicius,
nm1010999,Dado Dolabella,1980
nm10183124,Arjun Das,1990
nm10186390,Maris Moore,
nm10188067,Jade Daugherty,
nm10202268,Mollie Cronin,
nm1024101,Priyanshu Chatterjee,1973
nm10245630,Lamonte Gilmore,
nm10253161,Chanty,2002
nm10265967,Matt Posada,1998
nm10267127,Greg Cordeira,
nm10273982,Emma Norville,
nm10275011,Julio Hennessey,
nm10278986,Ryan Nash,
nm10279002,Prit Kamani,1994
nm10281854,Dalenda Abdou,1928
nm10287391,Lydia Blatch,
nm10288736,Ian Beek,
nm1028885,Diane Dauphinais,
nm10290588,Netalee Zafrani,
nm10293520,Paolo Carlini,
nm10293526,Frances Ascione,
nm10297627,Pao-Sheng Cheng,
nm10303955,David Carey,
nm10306454,Harpreet Singh Dhillon,
nm10308188,Patxi Galarza,
nm10312461,Maurice P. Kerry,
nm10318822,Basmalah Gralind,
nm10321340,Pyun Bo-Seung,
nm10327886,Jerry Chadwell Jr.,
nm10328867,Miguel Lobo Antunes,
nm10333406,Sikandar Mulani,
nm10337771,Karan Dhaliwal,
nm10338986,Misako Ei,
nm10339446,Vidyadhar Dedhe,
nm10343710,Walter Sotillo,1999
nm10344380,Xavier Buil,
nm10346916,Ayyildiz Beslen,
nm10349600,Bill Demers,
nm10357059,Craig Kimber,
nm10358006,M. Fajar Hidayatullah,
nm10362811,Pablo Barra,
nm10364081,Shelly Lynn Koch,
nm10364607,Takuo Yamagishi,
nm10367925,Calique Peréz,
nm10368118,Leysan Karimova,
nm10369868,Andrey Mironov-Udalov,
nm10373556,Lee Seo-yi,
nm10376622,Anand Burad,
nm10376624,Vaishnavi Shinde,
nm10377640,Öznur Ulutas,
nm10382311,Felicia,
nm10385457,Jozef Bzoch,1926
nm10390411,Rebecca Edwards,
nm10392031,Gaurav Bhatta,
nm10396007,Deepak Acharya,
nm10396291,Mino Sotto,
nm10398338,Max Rankin,
nm10406690,Suhasini Joshi,
nm10407604,Lisa Masi,
nm10408834,Richard Bramwell,
nm10408836,Ricard Anderson,
nm10409717,Ike Muti,
nm10418003,Jack Schuler,
nm1041876,Teddy Vidyalankara,
nm10418886,Eriko Hirasawa,
nm10419379,Akash Kumar,
nm10423844,Romaine Brown,
nm10423971,Flexum,
nm10423981,Jeff Dela Rosa,
nm10427377,Olesia Halkanova-Lan,
nm10427689,Luke Anthony,
nm10429836,Zharia Williams,
nm10433002,Sharon Ifedi,
nm10433062,Vyron Beaty,
nm10434310,Jolina Ledl,
nm10434852,Kyôko Hôjô,
nm10436819,Valquiria Huerta,
nm10437238,Mike King,
nm10438103,Baeleigh Denham,
nm10438664,Nilanjana Rudra,
nm10443256,Scott Wilson,
nm10443281,Saburô Hayashi,
nm10446094,Xenofon Ganadakis,
nm10449217,Charis Conwell,
nm10450000,Denis,
nm10455049,Sanka Prasad,
nm10455701,Liz Dejongh,
nm10455733,Sukumar,
nm1045593,Loren Taylor,1977
nm10459421,Raheem Carter,
nm10459748,Lal Weerasinghe,
nm10469119,Hitesh Thakar,
nm10472977,Miguel Suria,
nm10485613,Chiara Vinci,
nm10492299,Tuya Chakraborthy,
nm10494482,Jacob Rohrbach,
nm10496479,Caleb Hodge,
nm10497267,Jessica Iacobaccio,
nm10498622,Parvin Nazeri,
nm10500788,Rutwa Patel,
nm10505245,Ana Oca,
nm10508367,Jett Willem Morris,
nm10509649,Aliya Mukamuri,
nm10516069,Yu Hanbing,
nm10516438,Josef Bergen,
nm10516619,Isidro Cuevas,
nm10518005,Morgan De Craene,
nm10518948,Carlo Bath,
nm10520202,Catalin Morar,
nm10520334,Kevin Copping,
nm10521139,Meera Gurung,
nm10521663,Bethan Perkins,
nm10523204,Jorge Prado,
nm10529328,Arunkanth,
nm10532694,Vimal Krishna,
nm10544375,Tokika Hayasaka,
nm10551731,Donatella Viola,
nm1059148,Park Chul-min,1967
nm10595533,Zane Durfee,
nm10603039,Adithya,
nm10620615,Hetal Rathod,
nm10627023,Yona Morgenstern,
nm10646606,Luyao Zhang,
nm10657368,Sigurmar Albertsson,
nm10661586,Philip Mawdsley,1977
nm10661904,Patty Morales,
nm10666413,Asil Mohamad Habib,
nm10689232,Lance Brown,
nm10690680,Madhan Kumar Dhakshinamoorthy,
nm10732664,Basma Baydoun,
nm10743069,Naya Bienstock,
nm10747722,Carolina Pizarro,
nm10762413,Brie Burke,
nm10830027,Joel McArthur,
nm10833134,Krystian Mularczyk,
nm10842582,Ernst Brückler,
nm10858692,Franca Roverio,
nm10866378,Apreciado De Jesus Pueyo,
nm10930248,Shaneel Chand,
nm10999643,Johanna Sarah Schmidt,
nm11065452,David Gentner,
nm11075886,Thom Hadfield,
nm11142241,Nataly Berdecia,
nm11168485,Karolyn Brägger,
nm11196402,Vishwa Karun,
nm11249139,Tony Deshawn Straughter,
nm11275579,Niklas Kouzmitchev,
nm1128719,Natalie Ng,1974
nm11302979,Otto Hornung,
nm11309545,Josecarlos Martinez-Millard,
nm11348814,Nico van Gijn,
nm11364109,Katya Bourvis,
nm11370720,Kanu Kuikuro,
nm11409368,Barbara Amaral,
nm11411077,Bommali Lakshman Rao,
nm11435114,Rodel Pecundo,
nm11480131,Ajay,
nm1156708,Theo Werneck,1961
nm1162222,Philippe Lefebvre,1968
nm11660246,Anastasiya Abadzhidi,2010
nm11663339,Deb DeVries,
nm11669273,Alexandros Karamouzis,
nm1179677,Paul Scheer,
nm11879821,Hannu Oravisto,
nm11955840,Nicolette Pullen,
nm11958694,Anitha,
nm11989497,Asher Bridle,
nm1204212,Valeriy Shushkevich,1947
nm12136451,Tylannie Smith-Scott,
nm1225681,Leyda Aleyli,
nm12299612,Remzi Kilic Obengü,
nm1235277,Kunio Kaga,
nm12402087,Adnan Choudhary,
nm12482558,Elizabeth Melo,
nm1250821,Kato Buss,
nm1252181,Xiangang Li,
nm1254827,Niu Tie,1922
nm1260545,Lubomír Feldek,1936
nm12671842,Ali Alattas,
nm12674558,Tom Flinkman,
nm1271447,Ching-Ching Chang,1947
nm12745887,Gayatri Bhardwaj,1995
nm1288928,Ira Wibowo,1967
nm1303310,Milica Zaric,1975
nm13154973,Chucky Carpenter,
nm1333687,Dhanush,1983
nm1335996,Ane Dahl Torp,1975
nm1351922,Tomasz Sobczak,1973
nm13677722,Martin Cooke,
nm13812486,Denice,
nm1388343,Setsu Asano,
nm1399111,Yôko Satomi,1973
nm14002881,Wei Xiao,
nm1412815,James Paxton,
nm1422956,Kyôko Kazama,1977
nm1425346,Adam Corrie,
nm14308036,Aliakbar Orouei,
nm1454326,Mariusz Drezek,1972
nm1455328,Thanasis Nakos,1946
nm1474596,Anuvab Pal,
nm1476388,Martin Criss,
nm1485940,Donny Boaz,1980
nm14927442,Lehan Swanepoel,
nm1510131,Alison Martin,
nm1514447,Aydin Haberdar,1936
nm15235807,Subrato Bhowmick,
nm1524484,Jun Osanai,
nm1539197,Alisa Vilena,1997
nm1539484,Paul Holowaty,
nm1548005,P. Balachandran,1952
nm15491817,Sanjeev Buragohain,
nm15548397,Yousef Ghelich,
nm1586491,Keiko Orihara,
nm1595733,Dejan Cicmilovic,1971
nm16129926,Mo Li,
nm16156200,Joey Whittemore,
nm16263933,Kevin Cadogan,
nm16424072,Gopi Krishna,
nm16553677,Nieves Alvarez,
nm1655798,Sadako Ikawa,
nm16621167,Jayco Chung-Ting Lau,
nm1663938,Suzanne Sadler,1958
nm1668786,Dina,1965
nm1669784,Franc Bruneau,
nm1690914,Harumi Yomo,1957
nm17278322,Fatih Ergenç,
nm1728487,Haripriya,1991
nm1743016,Mitsuyo Mizushima,1921
nm1758989,Todd Grinnell,1976
nm1760155,Jeannie Hammann,
nm1771771,Katsuya Kobayashi,1981
nm1800746,Yuki Minami,
nm1822183,Andra Fuller,
nm1840556,Ami Koshimizu,1986
nm1856676,Damon Blalack,
nm18626617,Djalila Ikram Mariama Compaoré,
nm1882258,Edgardo Castro,
nm1883210,Nao Tôyama,1992
nm1961204,Andrea Scarduzio,1981
nm1978694,Maria Dizzia,1974
nm1982933,Houman Seyyedi,1980
nm1989927,Jennifer Prediger,1977
nm2023228,Fang Li,
nm2047955,Austin Highsmith Garces,
nm2062733,Nahuel Viale,1987
nm2069669,Gia Mora,
nm2076576,James Jajac,
nm2076603,Rytis Saladžius,
nm2087049,Maz Siam,
nm2101229,James Pizzinato,
nm2115795,Adam Christopher,
nm2153543,Omid Roohani,
nm2200858,Kumiko Imai,
nm2215706,Roman Mitichyan,
nm2242932,Kenzie Dalton,1988
nm2252397,Antoni Pawlicki,1983
nm2336813,Nico Antonio,
nm2338836,Henri Richer-Picard,
nm2345589,Dragica Ristanovic,1951
nm2361282,Smita Shewale,1988
nm2361872,Teruko Kosaka,
nm2381071,Matt Evans,1986
nm2389777,Sennosuke Iwai,
nm2395082,Eva Leinweberová,1973
nm2404493,Iran Ghaderi,
nm2419847,Melissa Wiehl,
nm2433455,Abidin Yerebakan,1966
nm2479938,Vladimir Versailles,
nm2494557,Catherine Gell,
nm2507791,Thomas Rauscher,
nm2532405,Tim Emmett,
nm2547298,Jorge Pabón,
nm2553833,Amy Loughton,1983
nm2577171,Keiko Sasaki,
nm2584277,Jaume Najarro,1982
nm2612382,Ashley Reyes,1995
nm2615398,Takeru Satoh,1989
nm2647911,Beatriz Monteiro,1999
nm2673648,Hashmot,1936
nm2697585,Jérémy Bardeau,
nm2698390,Jose Gomez De Vargas,
nm2731980,Ciara Bravo,1997
nm2780497,Sam Derakhshani,1975
nm2781855,Liam Wall,
nm2800663,Steyn de Leeuwe,
nm2802018,Vassilis Bisbikis,
nm2804463,Cédric Dumond,
nm2810290,John Barnes,
nm2816424,David Bianco,
nm2819797,Lindsey Cruz,
nm2948025,Aimee Carrero,1988
nm2992664,René Dawn-Claude,
nm2995522,Yuriri Naka,
nm3018533,Kevin Delgado,
nm3030100,Sumit Arora,
nm3040724,Wan-lin Lo,
nm3054159,Chris Ready,
nm3055456,Gerald Espinoza,
nm3073428,Elias Edraki,
nm3087803,Casme Barnes,1980
nm3119894,Melih Selçuk,1984
nm3138990,Maia Estianty,
nm3143249,Konstantin Glushkov,1965
nm3165891,Helka Periaho,
nm3167464,Jade Pettyjohn,2000
nm3196568,Mateus Ferrari,
nm3200988,Gabriela Relvas,
nm3206691,Hassan Majooni,1969
nm3207345,Timmy Harn,
nm3238246,Leah Harvey,
nm3280573,Bob Lam,1979
nm3303059,Tallie Medel,1986
nm3314114,Pep Ambròs,1987
nm3336072,Liz Fenning,
nm3397213,Andy Frith,
nm3414040,Takuya Eguchi,1987
nm3467471,Dejan Bućin,1985
nm3511805,Qianyuan Wang,1972
nm3549547,Joel Hortegat,
nm3561962,Aakkash Dabhade,1985
nm3569001,Aaron Joshua,
nm3603197,Shafiee Jaafar,1931
nm3646923,Roxane Duran,1993
nm3666287,Kemal Uçar,1985
nm3741323,Julie Lesgages,
nm3753408,Serkan Sengül,
nm3781910,Abbas Nosha,
nm3782945,Yumi Hara,1985
nm3802458,Maurizio Fanin,
nm3810276,Kazunari Murakami,
nm3868921,Gilbert Galon,1989
nm3923251,Elissa Wagner,
nm3929164,Nathan Bock,
nm3985205,Ashton Dickie,
nm3985861,Grant Goodman,2000
nm3989931,Scott Tepperman,
nm4057094,Heather Brittain,
nm4085103,Ryô Daitô,
nm4105577,Sanjeev Attri,
nm4106043,Jia Wang,
nm4114552,Tugba Melis Türk,1990
nm4184892,Ruth Kadiri,
nm4260644,Andrea Brillantes,2003
nm4282772,Lara-Lyn Ahrens,
nm4289392,Lindsey Morgan,1990
nm4297968,Nato Ebanoidze,
nm4317141,Joel Hirvonen,
nm4350327,Diana Lovell,
nm4364003,Cemal Orhan,
nm4393029,Charlie Bond,1986
nm4417925,Cheyenne Buchanan,
nm4488867,Mauro Schames,
nm4498129,Grace Passô,
nm4537136,Michael Monteiro,
nm4545599,Grantham Coleman,1990
nm4548743,Miles Barrow,
nm4591453,Mathis Bour,
nm4624934,Shawn Burkett,1984
nm4629694,Ines De Tavira,
nm4652001,Benjamin Flores Jr.,2002
nm4680185,Christ Laurent,
nm4694127,Calvin Demba,
nm4705424,Emma Marrone,1984
nm4731902,Soniya Disanayaka,
nm4746242,Natalie Farrow,
nm4763591,Birty Nihal Susiripala,
nm4812613,Hoda Zeinolabedin,
nm4829836,Michael David Farrow,
nm4829898,Joey Heyworth,
nm4994139,Paul Triller,1994
nm4998550,Ting Liu,
nm5005928,Stanislaw Cywka,2000
nm5022546,Yohan Manca,
nm5025250,Michiko Nagata,
nm5042848,Rethika Srinivas,
nm5043985,Keegan Chambers,
nm5046459,Katherine Bury,
nm5064422,Andrea Pennacchi,1969
nm5083762,Bun'ei Shô,1958
nm5113622,Sofia Banzhaf,
nm5118453,Ava Paloma,
nm5126722,Jonathan Peacy,
nm5159672,Aman Sutdhar,
nm5182750,Suzanne R. Neff,
nm5188998,Burak Satibol,1979
nm5229761,Riki Kagami,
nm5269206,Chiara Baffi,
nm5276242,Austin Buchanan,
nm5291129,Esra Sönmezer,1985
nm5306367,Joel Ballanger,
nm5333609,Paul Reynolds,
nm5334078,Saulius Ciucelis,
nm5348007,Marie V. Sharp,
nm5360556,Nkanyiso Bhengu,
nm5379785,Sebastian Klemm-Lorenz,1985
nm5426873,Steven John Ward,1990
nm5475700,Swati Semwal,1992
nm5480338,Pio Balbuena,
nm5496702,Blossom Chukwujekwu,1983
nm5505813,Chandrika Ravi,1989
nm5509020,Masanao Kawakane,
nm5514564,Heather Ricks,
nm5551869,Baptist Fernando,
nm5628004,Neelu Dogra,1976
nm5630090,Jhon Mark Marcia,
nm5636913,Stuart Hill,
nm5652097,Daniel Etim Effiong,
nm5657405,Jessica Winters,
nm5688481,Christian James,1993
nm5711973,Taron Jones,
nm5725580,Lino Aquino,
nm5764181,Gurpreet Kaur Sandhu,
nm5873655,Victor Barchenko,1959
nm5895749,Ravinder Mand,
nm5929303,Nathan Hartono,1991
nm5938562,Matthew Luret,
nm5965177,Asima Panda,
nm5980942,Dirk Gunther Mohr,1981
nm6012247,Kelsey Bohlen,
nm6013757,Mark Bollinger,
nm6044626,Chihiro Yamamoto,1996
nm6061913,Tritia DeViSha,
nm6146135,Dyulustan Semonov,
nm6164859,Miki Mori,
nm6178628,Lahari Shari,1995
nm6205689,Issy Stewart,1996
nm6221158,Christopher Ward,
nm6253277,Rachel Faulkner,
nm6343883,Jarielle Jeffrey,
nm6369408,Maximus Birchmore,
nm6372382,Isabel Nesti,
nm6394612,Pham Anh Khoa,
nm6440625,Anjali P Nair,1988
nm6447401,Iryna Dyakun,
nm6509973,Emma Spurgin Hussey,
nm6541199,Kolbeinn Arnbjörnsson,
nm6605759,Kourtney Shales,
nm6606945,Irina Alexandra,
nm6728625,Taeko Hamura,
nm6779623,Sandra Mae Frank,1990
nm6785660,Xiao Li,
nm6836376,Efren Casas,
nm6855093,Aramo,
nm6910675,Dina Karl,
nm7028312,Fukujuro Ichikawa,
nm7034044,Terri Gibson,
nm7054349,Jarad Allen,
nm7062993,Trayce Malachi,2009
nm7072570,Jason Young,
nm7077964,Jan Hrynkiewicz,1996
nm7093364,Darren Emery,
nm7100817,Ajith Weerasinghe,
nm7138719,Blaine Kern III,
nm7237124,Pavani Gangireddy,1987
nm7247068,Samuel Davison,
nm7256655,Cody Howard,
nm7280310,Victoria Posey,
nm7286379,Jeremy Lewin,
nm7304713,Cyrus Baetz,
nm7305760,Amrita Chattopadhyay,1991
nm7319350,Kiah Alexandria Clingman,
nm7321199,Mayu Hotta,1998
nm7363055,Pedram Ansari,
nm7386083,Moloch Vlavo,1984
nm7414835,Tuyen Map,
nm7441022,Shalini Pandey,1993
nm7462544,Kengo Aikawa,
nm7497829,Bahram Kazimi,
nm7517010,Tushar Pandey,1991
nm7519999,Karthik Rao Kordale,
nm7574602,Eleanor Scarlett Tutt,
nm7580719,Guillaume Duhesme,
nm7587855,Adhik Ravichandran,1989
nm7609214,Lolox,1989
nm7647352,Frank Di Napoli,
nm7648635,Manoj Mishra,
nm7674551,Varun Tej,1991
nm7681612,Irina Manuylova,1964
nm7733137,Roshan Mathew,1992
nm7763809,Caleb Pierce,1993
nm7782080,Victoria Kayode Jaboro,
nm7782387,Christine Jones,
nm7809825,Yuriy Ruban,
nm7812059,Supriya,
nm7820251,Chicco Kurniawan,1994
nm7953451,Michael Camp,
nm7960887,Sariful Razz,
nm7970539,Kota Eberhardt,
nm7984876,Shawn Faqua,
nm7993373,Akshatha,
nm8006184,Luke Nadimi,
nm8021695,Sam Brooks,
nm8052257,Kim Ki-moo,1978
nm8062541,Aianza Cruz,
nm8173369,Violetta Volskaya,
nm8269806,Abbas Khan,
nm8288748,Benyu Zhang,
nm8313465,Ausi Nicol Slaybaugh,
nm8319268,Natasha Mercado,
nm8348095,Dimpy Fadhya,
nm8356899,Kôjirô Abe,
nm8405449,Nicolas Kuckertz,
nm8485169,Yerin Ha,1998
nm8491125,Ramya Wanigasekara,1950
nm8501138,Greg Pleming,
nm8521672,Sarah Ceballos,
nm8533766,Elena Thomopoulou,
nm8535824,Lola Bello Durojaiye,
nm8540541,Emily Kindred,
nm8541170,Kristina Svencionyte,
nm8589893,Sarah Chang,1985
nm8657736,Connor McNelis,
nm8674109,Masamitsu Kani,
nm8721088,Oskar Fjeldstad-Bergheim,
nm8722290,Vasilis Tsikaras,
nm8770610,Alex Bowling,
nm8785637,Matthew Johnson Harris,
nm8788383,Bianca Bosch,
nm8817655,Sergi Sáez,
nm8827722,Parvin Maleki,
nm8842140,Bitto Davis,
nm8844156,Shengyun Jia,
nm8860239,Noor Anna Maher,
nm8874429,Harriet Prince,
nm8894384,Sarath Kulanga,
nm8894386,Upali Keerthisena,
nm8903984,Samvel Grigoryan,
nm8961972,Yahosh Bonner,
nm8990893,Audrey Looye,1958
nm9057480,Eri Muramatsu,
nm9084786,Isidora Gradjanin,1996
nm9091047,Hayat Van Eck,2000
nm9093961,Ahmer Haider,
nm9143182,Walter Cignetti,
nm9149916,Martin Gunadasa,
nm9197875,Hannah Brooke,
nm9221622,Nico Clinico,
nm9234863,István Imre,
nm9304507,Trinity Jo-Li Bliss,
nm9310910,Sonya D Gooden,
nm9316717,Daniel Brabow,
nm9327907,Yvonne Corbett,
nm9373964,Maria Jose Ovalle,
nm9396070,Liu Tong,
nm9452507,Fayza Kamal,1960
nm9461509,Malinda Perera,
nm9479059,Ryan Postell,
nm9488894,Tyler McAlister,
nm9504284,Ashima Narwal,1995
nm9519483,Ryôta Bandô,1997
nm9535240,Ayane Ryôkawa,
nm9538792,Kin'ichi Kusumi,
nm9551261,Manusmit Rana,
nm9563038,Naif Aldaferi,
nm9565112,Danny Samaraweera,
nm9587538,Carle Atwater,
nm9598428,Lee Banton,
nm9604380,Magne Osnes,
nm9618114,Griff Stark-Ennis,
nm9622682,Eda Erol,
nm9629125,Thanuja Dilhani,
nm9640066,Ravi Awana,
nm9697024,Kevin Dorce,
nm9735132,Haiyu Zhang,
nm9740863,Mohammad Afravi,
nm9748421,Mete Deran,
nm9757880,Wafda Saifan Lubis,
nm9761348,Nihat Alanur,
nm9805545,Ashley Nicole Williams,1998
nm9806166,Sara Hinding,
nm9854340,Emma-Lynn Mainzer,
nm9867673,Temper Vamsi,
nm9878298,Esengül Aypek,1993
nm9881756,Gavin Root,
nm9917744,Divyansh Sharma,
nm9934637,Jeanette Hägglund,
nm9940378,Taito Ban,1992
nm9974796,Claudia Brohs,
nm9986430,Sebastian Cabanas,
nm0000144,Cary Elwes,1962
nm0000178,Diane Lane,1965
nm0000353,Willem Dafoe,1955
nm0000640,Martin Sheen,1940
nm0001298,Richard Grieco,1965
nm0001530,William McNamara,
nm0004109,Gulshan Grover,1955
nm0004429,Dharmendra,1935
nm0005246,Esai Morales,1962
nm0014247,Eero Aho,1968
nm0033152,Arata Iura,1974
nm0037425,Dindo Arroyo,
nm0039591,Kumiko Asō,1978
nm0052532,Ashok Banthia,
nm0077257,Egor Beroev,1977
nm0082731,Kemat Hassan,
nm0083795,Eva Birthistle,1974
nm0087018,Pierre Blanchar,1892
nm0087807,Assen Blatechki,1971
nm0090353,Jaroslaw Boberek,1963
nm0119234,Gustavo Bueno,1952
nm0147528,Liliane Cebrian,
nm0158320,Claire Chitham,1978
nm0171499,Grégoire Colin,1975
nm0191747,Sabrina Culver,
nm0194564,Karol Čálik,1945
nm0194662,Clémentine Célarié,1957
nm0196710,Ezra Dagan,
nm0208112,Joseph De Cordova,1918
nm0208704,Genio de Groot,1953
nm0212541,Dipankar Dey,1944
nm0214343,Donagh Deeney,
nm0218458,Virginie Demians,
nm0221321,Brigitte Lahaie,1955
nm0222541,Fabrice Deville,
nm0227282,Jack Dimich,1965
nm0227498,Ismail Din,1951
nm0248371,Pablo Echarri,1969
nm0251122,Süheyl Eğriboz,1928
nm0265764,Joaquin Fajardo,
nm0272951,Dan Fernandez,
nm0274707,Eve Ferret,1963
nm0282653,Florelle,1898
nm0284655,Carlos Esteban Fonseca,
nm0295797,Daniel Fripan,1984
nm0296982,Richard Fréchette,
nm0311677,Geetha,1962
nm0319826,Erica Gimpel,
nm0342029,Frank Grillo,
nm0351772,Trent Haaga,
nm0382632,John Benjamin Hickey,1963
nm0395964,Hiroki Hoshino,
nm0396069,Hassan Hosny,1931
nm0403951,Amjad Hossain,1942
nm0419677,Manoj K. Jayan,1966
nm0430705,Terria Joseph,1950
nm0464669,Kazue Komiya,1952
nm0467248,Yôko Kosono,
nm0471422,Shanthi Krishna,1964
nm0473162,Pavel Kríz,1961
nm0475737,Kan'ichi Kurita,1958
nm0476211,Tsuyoshi Kusanagi,1974
nm0518806,Adriana Londoño,1971
nm0620862,Shintarô Nanjô,
nm0633989,Yukana,1975
nm0673334,Ranjith Perera,
nm0689708,John Pollono,1972
nm0690761,Cochi Ponzoni,1941
nm0691937,Carlos Portaluppi,1967
nm0702619,Jinsong Wang,1968
nm0708479,Mitsusaburō Ramon,1901
nm0709389,Douglas Ranasinghe,
nm0722587,Michael Redfield,1979
nm0733784,Felipe Rocha,1972
nm0738873,Dora Romano,1955
nm0750521,David Rupprecht,1948
nm0755867,Alex Safi,
nm0756998,Furankī Sakai,1929
nm0757429,Olga Salagová,1944
nm0764671,Tomasz Sapryk,1966
nm0780116,Don Scribner,
nm0782454,Barbora Seidlová,1981
nm0787921,Jins Shamsuddin,1935
nm0789716,Fiona Shaw,1958
nm0795661,Saurabh Shukla,1963
nm0804105,Gerasimos Skiadaresis,1960
nm0817958,Gladys Spencer,1894
nm0819440,Gregory Sporleder,1964
nm0820283,Anjan Srivastav,1948
nm0826611,Danuta Stenka,1961
nm0837452,Shun Sugata,1955
nm0847146,Kazuya Takahashi,1969
nm0849439,Reikō Tani,
nm0849481,Sayuri Tanima,1922
nm0850618,Jürgen Tarrach,1960
nm0851458,Anatole Taubman,1970
nm0867626,Ahmet Danyal Topatan,1916
nm0875309,Kiyoko Tsuji,1908
nm0879918,Kichijirō Ueda,1904
nm0885474,Máximo Valverde,1944
nm0898735,Philippe Vincent,
nm0905108,Martin van Waardenberg,1956
nm0906696,Norio Wakamoto,1945
nm0920574,Milton Welsh,1969
nm0939771,Jane Wood,1943
nm0951832,Juris Zagars,1961
nm0994846,Sofia Costantini,
nm0999291,Nino Koridze,
nm10005847,Chris A. Vazquez,
nm10014033,Hanako Yoshino,
nm1002664,Michael Eklund,
nm10035528,Raja Guru,
nm10051374,Thomas Freeley,
nm10063384,Benjamin Paper,
nm10063454,Tyler W. Abron,
nm10092080,Greyson Cage,
nm10118850,Richard Bosch,
nm10150023,Sarah Sweet Akatugba,
nm10172266,Yumena Yanai,2000
nm1017945,Haldun Ergüvenç,1945
nm1021129,Rana Jung Bahadur,1952
nm10233228,Suzanne Laird,
nm1024333,Perfeito Fortuna,
nm10265580,Mirjam Nef,
nm10272092,Navin Prakash,
nm10275393,Kasbek Kandour,
nm10276269,Erick Baron,
nm10278983,Gavin McAfee-Crowley,
nm10280981,Umetaro Sonoyama,
nm1028648,Clara Choveaux,
nm10292437,Roshown Gateskill,
nm10292619,Atty. Silverio Garing,
nm10298323,Franyeli Da Silva,
nm10304666,Robert Kammerzell,
nm10305905,Ken Helser,
nm10312360,Imad Abul-Foul,
nm1031333,Dina Mihailidou,
nm10315579,Chase Keith,
nm10317263,Merih Askin,
nm10323226,Alexa Lohman,
nm10324547,Benedek Lehel Molnár,
nm10328082,Quetzal Cortes,
nm10328539,Michael Walker,
nm10328542,Nadine Sykora,
nm10329964,Nigel Lowe,
nm10332276,Steve Miller,
nm10334611,Malcolm Curry,
nm10334794,Marquis Drake,
nm10338578,Ivan Haritonov,
nm10339440,Saurabh Aarote,
nm10350141,Abigail O. Abel,
nm10350515,Wira Nagara,
nm10350937,Stoyan Bojkilov,
nm10352266,Christine Duval,
nm10353337,Sparkle Mckinney,
nm10355448,Montreal Diggs,
nm10377022,Luis Javier Fernández,
nm10379174,Nanaha Itose,2003
nm10379659,Marrero Eddie,1993
nm10380360,Bethany Tennick,
nm10380427,Yuriko Hara,
nm10382308,Rae McCrae,
nm10382309,Pop,
nm10385406,Balasz Deszö,
nm10390460,Jürgen Orlowski,
nm10392458,Ru Xin,
nm10392625,Ardeshir Tolooee,
nm10393784,Michelle Gutíerrez,
nm10394001,Yumiko Shirakawa,
nm10405979,Brook England,
nm10407601,Katie Seuthe-Ruiz,
nm10408830,Duke Campbell,
nm10409716,Claudya Putri,
nm10410348,Silvana Castelberg,
nm10414422,Julian Martin,
nm10417793,Kealan McAllister,
nm10418801,Mario Bassetta,
nm10423998,Ian Arce,
nm10425134,Rachael Zavecz,
nm10426510,Hari Santika,
nm10430614,Rosalina,
nm10430744,Yurii Vykhovanets,
nm10430768,Pavlo Tur,
nm10434197,Vahe Kiliçarslan,
nm10436379,Olha Komanovska,
nm10436706,Lyrical Grenade,
nm10437293,Romeo Chucks,
nm10444491,Matthew Gordon,
nm10448110,Tissa Dias,
nm10448555,Lucy Arenberg,
nm10451259,Faye Heneghan,
nm10453748,Phil Rumley,
nm10454896,Luka Severo,
nm10454897,Ximena Araya,
nm10455671,Ruth Ferreira,
nm10455727,Dhyan,
nm10456066,Neja Muzdeka,
nm10456067,Darko Pavlenic Lovro,
nm10458157,Susan Brockway,
nm10459420,Logan Duran,
nm10461857,Shaconna E. Derico,
nm10462660,Nicole Jones,
nm10464078,Yun Jiang,
nm10467935,Cory Callis,
nm10468606,Kent Louie Pontivedra,
nm10469969,Rohit Singh,
nm10472119,Mainga Zitto,
nm10472974,Paulino Marín,
nm10473926,Tom Hargrave,
nm10477838,Saitharn Niyomkarn,
nm10484251,Himaja,
nm10486084,Tolemy Kneely,
nm10487051,Nik Adam Mika,
nm10490168,Mayur Kumar,
nm10491233,Rabi Dangol,
nm10494471,Alexondrea Di,
nm10495007,Ivy Gulickson,
nm10497788,Peter Tumangday,
nm10503692,Lee Anthony,
nm10505085,Marsha Fenwick,
nm10508473,Michel Dallaire,
nm10513494,Sergio Sarria,
nm10514474,Enzo Bertoldi,
nm10516626,Junior Florián Guerrero,
nm10521232,Mahsa Tahmasebi,1993
nm10523713,Alex Caffrey,
nm10533891,Nandu Anand,1995
nm10536937,Lisa Hultström,
nm10537554,Kenpachiro,
nm10538304,Harold Alvarado Tenorio,
nm10538308,Kike Reichel,
nm10561900,Emily Bull Bear,
nm10600389,Sabina Houck,
nm10600916,Evren Çelikoglu,
nm10613221,Santiago Osuna,
nm10619056,Aman Monga,
nm10619058,Anuj Bhalla,
nm10630425,Sterling L. Pope,
nm10641169,Luis Michael Curiel Díaz,
nm10676588,Ofek Aharony,
nm10678598,Yune Nogueiras,
nm10689142,Angelina Pikovskaya,
nm1070494,Satoshi Tsumabuki,1980
nm10710352,Dave Lichty,
nm1071554,Toni Acosta,1972
nm10747995,Emily Gash,
nm10813419,Manjunath Bhatt,
nm10830415,Alfonso Bailey,
nm10837038,Narendra Joshi,
nm10856443,Giuseppe Oricchio,
nm10883495,Fefe Schneider,
nm10893920,Jackson Kelly,
nm10900172,Victor Iván,
nm10919510,Anya Polonsky,
nm10950371,Michelle James,
nm10952565,Srestha Banerjee,
nm10961889,Ty England,
nm10993031,Krishna Nadig,1955
nm10999638,Fares Wadi,
nm11008562,Miku Martineau,2004
nm11068067,Abdouraouf Diallo,
nm1107053,Robin Padilla,1969
nm11128751,François Theurier,
nm11157952,April Golebiewski,
nm11215130,Athulya Chandra,1996
nm11236515,Nazir Godley,
nm11267784,Barbara Sandlin,
nm1130500,Sílvio Restiffe,
nm11309531,Anthony Batista,
nm11322753,Pei Li,
nm1133042,Keith Poulson,1983
nm1133558,Ahmed Abdelaziz,1955
nm11357366,Rosa Walton,
nm11364604,Fengshu Wen,
nm1137233,Bodhisattva Mazumdar,1951
nm11474124,Linda Angel,
nm11484898,Gayathri,
nm11501171,Emiliano Castro,
nm11541663,Suzie A. Burch,
nm11581621,Shahrashub Roghanian,
nm1159869,Masataka Naruse,1950
nm1163808,Tian Wen Chen,1963
nm1163857,Shanshan Chunyu,1967
nm11638998,Vinay Coorg,
nm1165110,Chris Hemsworth,1983
nm11736782,Kyle McGuinness,
nm1181284,Javad Ghaemmaghami,
nm11885521,Pía Salcido Orozco,
nm11910232,Masabatha Khumalo,
nm1191192,Hanayo Sumi,1932
nm11958714,Anusha,
nm1195931,Jim Pebanco,
nm11989496,Liam Legge,
nm12000124,Meng'er Zhang,1987
nm12034253,Kajol Chugh,
nm1205311,Alessia Giuliani,1972
nm1216915,Masaya Kikawada,1980
nm12203722,Dominik Barrera,
nm12204128,Emiliano Aguilar,
nm1237533,Bucek Depp,
nm12376184,Anil Chouhan,
nm12482559,Odil Beato,
nm12600664,Naruyuki Kinashi,
nm1264361,You-Nam Wong,1983
nm1268478,Christopher Sean,1985
nm12720513,Luciana Gallego,
nm1272902,Tracey Roath,
nm12786858,Abdullah Al-Hammadi,
nm12793415,Erandy,
nm1285342,Laura Birn,1981
nm1303982,Kseniya Alfyorova,1974
nm13094978,Tomoko Fujino,
nm13102324,Haw Hawm,
nm1314352,Gianfranco Gallo,1961
nm13330799,Amr Hamd,
nm1338476,Sonia Bohosiewicz,1975
nm13385756,Luís Calado,
nm13462880,Camila,
nm1352922,Kat Brower,
nm13609822,Hannah Macpherson,
nm1361690,Sandra Darnell,
nm13718113,Shaobo Han,
nm1374743,Babou Cham,1976
nm13763737,Tanya Lal,
nm1409024,Catrin Stewart,1988
nm14170032,Christy Cantu,
nm14176584,Xiaobin Zhou,
nm14302141,Maikel Janssen,
nm1459703,Shinnosuke Ogata,
nm14650632,Jared Perella,
nm1494072,Michele Riondino,1979
nm15176824,Chen Jiang,
nm1552467,Florence Faivre,1983
nm1555699,Holland Roden,1986
nm1556336,Cate Cohen,
nm16027801,Alan Beacon,
nm1620756,James Hiroyuki Liao,1976
nm16365399,Nayla Sophie Brehmer,
nm16424073,Pranahitha,
nm16424078,Ramachandra Murthi,
nm16527298,Ratan Lal Jain,
nm1654785,Matthias Fankhauser,
nm1662081,Takayo Ito,
nm1676551,Aaron Foster,
nm1690002,Anna Jullienne,
nm1699098,Kiyoshi Sawada,1906
nm1699432,Hikmet Körmükçü,1952
nm1702381,Taishen Cheng,1968
nm1728933,Burçin Terzioglu,1980
nm1740402,Fernando Rivera,
nm1747294,Irvin Alberti,
nm17479626,Xandra Coe,
nm1748770,Chitra Shenoy,
nm1759775,Kaan Yilmaz,1984
nm1782710,Eiko Maruyama,
nm1784670,Cazimir Milostan,1968
nm1805232,Eric Clarke,
nm1836657,Gurpreet Ghuggi,1971
nm1855023,Richard Malmos,
nm1880549,Fabrice Scott,
nm1880746,Megan Shandley,
nm1913625,Parambrata Chattopadhyay,1980
nm1926109,Inga Jankauskaite,
nm1926865,Johnny Flynn,1983
nm1933992,Jan Kooijman,1981
nm1955570,Saiju Kurup,1979
nm1960363,Leonardo Hernandes,
nm1961693,Quinton 'Rampage' Jackson,1978
nm2022559,Dave B. Mitchell,1969
nm2033533,Chia Chi Wu,
nm2086876,Ramunas Simukauskas,1975
nm2123231,Gerard Bechard,1965
nm2143567,Femi Branch,
nm2146263,Xabier Erkizia,
nm2152434,Simin Ghaffari,
nm2255632,Yadier Fernández,
nm2257207,Daniel Kaluuya,1989
nm2270016,Laura Wiggins,1988
nm2286188,Manu Rishi Chadha,1971
nm2338933,Ege Kökenli,1993
nm2374526,Kim Chiu,1990
nm2417960,Fayssal Bazzi,
nm2432715,Chi Tai,1958
nm2435596,Nobue Iketani,1971
nm2442113,Oh Jung-se,1977
nm2442140,Nana Inoue,
nm2488896,Asuman Bora,
nm2523074,Fateh Lohani,1920
nm2531628,Charles Aitken,
nm2535375,Renato Gianoli,
nm2548959,Mousumi,1973
nm2550521,Harumi Urazato,1934
nm2586010,Pushkar Shrotri,1970
nm2587401,Sanjay Khapre,1972
nm2611421,Amaury de Crayencour,1984
nm2632573,Scott C. Roe,1970
nm2646872,Shelton Payagala,
nm2699211,Benedict Wall,1984
nm2717001,Baby Zelvia,1961
nm2724020,Ying Liu,
nm2745966,Mariana Bassoul,
nm2750372,Michael Croner,1985
nm2785857,Cristina Mayrink,
nm2803584,Dustin Noble,
nm2813406,Alex Conovaru,
nm2843559,Raai Laxmi,1989
nm2901344,Stefania LaVie Owen,1997
nm2949715,Mike Carroll,
nm2957668,Linda Lacsina,
nm2960196,Andie Chen,1985
nm2977124,Mahie Gill,1975
nm2983496,Manasi Naik,1987
nm2990589,Liron Baranes,
nm3011554,Leif Edlund,
nm3018114,Carole Brana,
nm3037470,Bingyan Yan,1977
nm3037845,Sam Lyndon,
nm3054665,Swastika Mukherjee,1980
nm3056324,Gianni Capaldi,1975
nm3090924,Melissa Anschutz,
nm3141242,Tyler Burke,
nm3169069,Aditya Roy Kapoor,1985
nm3175451,Paramveer Singh,
nm3193498,Pathy Dejesus,
nm3246926,Christopher Jordan Wallace,1996
nm3270435,Laetitia Dosch,1980
nm3285903,Derrick Peterson,
nm3298464,Ross Wirtanen,
nm3306329,Marianna Burelli,
nm3311657,Asha Mehrabi,
nm3317210,Bill Bernhardt,
nm3349065,Will Howarth,1985
nm3372052,Sabyasachi Mishra,
nm3382327,Percy Williams,
nm3440235,Anahita Afshar,
nm3442130,Daniel V. Klein,
nm3465032,Dan Beck,
nm3492422,Seshio,1967
nm3589143,Esther Huang,1989
nm3593036,Chih-Yuan Tai,1965
nm3606487,Samantha Ruth Prabhu,1987
nm3626053,Heather Pearse,
nm3643178,Mitro Härkönen,
nm3699543,Shûsuke Daimonji,
nm3702737,Kim Tae-hoon,1975
nm3704889,Mitsuo Kaji,
nm3706712,Olga Ruocco,
nm3756798,Morning Chang,1956
nm3797278,Kim Jae-hwa,1980
nm3822462,Rila Fukushima,1980
nm3834378,Ayaka Miyoshi,1996
nm3846586,Pak-Hong Chu,1982
nm3951749,Kuljinder Singh Sidhu,
nm3980027,Helena Norberg-Hodge,
nm4013056,Siggi Ingvarsson,1998
nm4017554,Kyoko Hinami,1994
nm4031498,Vlada Verevko,1983
nm4079093,Atak,
nm4101208,Ben Rosenfield,1992
nm4142912,Spencer Trinwith,
nm4178718,Mirette El Hariri,1996
nm4198580,David Schütter,1991
nm4257332,Pooja Sharma,
nm4305421,Amiran Kachibaia,
nm4318528,Nivedhitha,
nm4329180,Haihua Lu,
nm4330477,Xiaofeng Liu,
nm4376679,Robyn Coffin,
nm4377242,Charla Bocchicchio,
nm4406232,Luca Di Giovanni,
nm4417873,Jaymie Knight,
nm4430247,Daniel Hrbek,1971
nm4443845,Kasia Stelmach,
nm4502709,Teli Share,
nm4532663,Joana Africano,
nm4544635,J. Alphonse Nicholson,1990
nm4561517,Manuel Cucciardi,
nm4576371,Sunita Mani,1986
nm4597050,Robin Skye Farr,
nm4642373,Ying Zhang,1924
nm4671471,Namewee,1983
nm4731188,Freddie Silva,1938
nm4805391,Kahraman Sivri,1968
nm4817771,Pedro D. Flores,
nm4834296,Jun Chang,
nm4852549,Hannah Al Rashid,1986
nm4852914,Siddharth Chandekar,1991
nm4854875,Anne-Gaëlle Jourdain,
nm4879653,John Montoya,
nm4944654,Leah Griff,
nm4961778,Amir Hossein Fathi,
nm4981506,Angelica Sarre,
nm4986321,Suzuko Mimori,1986
nm4987686,Maaya Uchida,1989
nm4997892,Nilmini Buwaneka,
nm5001102,Josephine Keefe,
nm5014211,Andrey Burkovskiy,1983
nm5022883,Carlos Segura,
nm5026180,Charles Miller,
nm5034324,Zenande Mfenyane,
nm5052181,Om Bhutkar,
nm5066571,Shaan Rahman,
nm5092846,Anne Düe,1982
nm5190468,Sushii Xhyvette Holder,
nm5193520,Hiroya Shimizu,1999
nm5233402,Akira Sakamoto,
nm5266820,Ruka Matsuda,1995
nm5281525,Terri Middleton,
nm5294081,Alba Rico,1989
nm5295022,Lung Hsiao,
nm5328540,Yunpeng Yue,
nm5352114,Christopher Ott,
nm5354874,Frances Lefebure,
nm5364548,Dimuthu Chinthaka,
nm5377144,Awkwafina,1988
nm5379183,Édgar Vittorino,
nm5396228,Kaspars Dumburs,
nm5414076,Irene Casagrande,
nm5461020,Carolina Pozo,
nm5473537,Ivan Iliev,
nm5497685,Ayus Das,2003
nm5508891,Ashwani Kumar,
nm5559835,Kevin Reitzel,
nm5626898,Sandro Calabrese,
nm5665666,Calvin Jeremy,
nm5700622,Kelsie Anderson,
nm5715289,Denée Benton,1991
nm5735360,Stephanie Cohen,
nm5760167,Lou Gonzalez,
nm5806210,Jack Greenlees,
nm5824855,Ama Wijesekara,
nm5902207,India Howard,
nm5924413,Erick Israel Consuelo,1993
nm5939078,Hau-Yee Chan,
nm5974195,Thiruveer,1988
nm6071546,Marco Spaumer,
nm6073523,Mentari De Marelle,1997
nm6084330,Samuel Ku,1986
nm6137028,Suja Varunee,1984
nm6153878,Stefan Boehm,
nm6166940,Okey Uzoeshi,
nm6184064,Jianping Yang,
nm6308050,Ghanem Zrelli,
nm6317486,Anura Dharmasiriwardena,
nm6376834,Emilia Tosta,1998
nm6379360,Tia Sebastian,
nm6411633,Jonathan Emond,
nm6436913,Sogol Ghalatian,
nm6460086,Stephi Chin-Salvo,
nm6489058,Yogi Babu,1985
nm6489927,Nikita Dutta,1991
nm6506136,Andrea Mautone,
nm6508720,Layla Rose Boyce,
nm6567671,Joel Jackson,
nm6601752,Naga Shaurya,1989
nm6617350,Ryûto Iwata,
nm6617576,Bianca Friscelli,
nm6641405,Ariana Livingston,
nm6647040,Sally Collett,
nm6647913,Carolyn Davenport,
nm6708288,Aziz Özuysal,
nm6718764,Vivian Sung,1992
nm6764800,Ronald F.T. Bettis,
nm6798708,Shriya Pilgaonkar,1989
nm6827263,Sahara James Marlowe,
nm6875292,Yasin Houicha,
nm6887616,Trevor Lyons,
nm6892993,Clara Kovacic,
nm6938503,Mannara Chopra,1991
nm7022523,Mei Fen Lim,
nm7026773,Fanxi Shi,
nm7035582,JoJo Siwa,2003
nm7064292,Maxim Kolosov,
nm7084340,Will Lasley,1994
nm7110263,Arzu Suriçi,1971
nm7139083,Jessica Lark,
nm7205423,Sudhi Koppa,
nm7216916,Fernando Hechavarria,
nm7232203,Malcolm Simmons,
nm7260732,Dustin Miller,
nm7288451,Alexander Gustavsson,
nm7290079,Frank Adkinson,
nm7292422,Erica Pinkett,
nm7308315,Casey Mills,
nm7359323,Peter Nillesen,
nm7415721,Ilona Chevakova,1986
nm7429973,Bruce Boone,
nm7434168,Connor Mackay,
nm7483869,Renato Novaes,1978
nm7492822,Sean Dube,
nm7519255,Owen Goode,
nm7562994,Meera Kazmi,
nm7575303,Isabel McArthur,
nm7579937,Bryn Berg,
nm7590368,Keerthi Ranjith Peiris,
nm7609200,Fico Fachriza,
nm7613069,Zheng Yin,1986
nm7630836,Kinjal Rajpriya,1989
nm7643294,Matic Horvat,
nm7665579,Surya Vijay Sethupathi,
nm7682933,Matasaburô Nakamura,
nm7699631,Preeth Abraham,
nm7760239,Fiona Coughlan,
nm7782119,Elena Akulyonok,1963
nm7816583,Eva Blanche,
nm7884017,Afrooz,
nm7920181,Parker Boles,
nm7929495,Ray Attard,
nm7946606,Viola Ellehammer Dasseville,
nm7961780,Xochitl Gomez,2006
nm7986140,Miki Ogawa,
nm8045830,Li Su,
nm8078334,Rey Giarmon,
nm8092417,William Buenavente,
nm8139485,Joseph Camilleri,
nm8144014,Estephania Barba,
nm8158637,Salvijus Trepulis,
nm8185690,Carla Carfagna,
nm8200235,Ai Furihata,
nm8211052,Alamgir Ratan,
nm8218516,Mariella Aumann,
nm8230074,Amber Sweet Sterner,
nm8243370,Sude Zulal Güler,2001
nm8322290,Jaya Ojha,
nm8332019,Juri Senft,1993
nm8332644,Shizuka Ishibashi,1994
nm8349412,Sarabjit Purewal,
nm8406548,Sanjaya Leelaratne,
nm8447136,Michael Bendix,
nm8502325,Holden McNeil,1993
nm8547011,Judith Paus,
nm8595061,Kenny Guerra,
nm8638195,Javier Raya,
nm8692649,Sakura Kirishima,1995
nm8704001,Xinqi Jiang,
nm8725042,Trevor Dames,
nm8793595,Heng Yu,
nm8808610,Kalpana Kalita,
nm8827129,Massiele Fermin,
nm8833077,Raj B. Shetty,1987
nm8853660,Mrs. Gill,
nm9003913,Justin Olivera,
nm9016107,Priscilla Muscat,
nm9050337,Esat Polat Güler,2007
nm9077920,Melissa Haydee,
nm9101986,João Damasceno,
nm9159882,Aaron J. Anderson,
nm9239904,Oriana Charles,
nm9271840,Thanathat Apitanvitid,
nm9316716,Brian Olenczuk,
nm9377354,Bin Ren,
nm9455290,Kalani Dodantenna,
nm9477428,Michael Jarrod,
nm9499890,Wasantha Kumarasiri,
nm9507136,Ruwanthi Mangala,
nm9517466,Kendall Krueger,
nm9538987,Dana Jabr,1988
nm9544396,Raja Chembolu,
nm9551239,Sahan Wijesinghe,
nm9589107,Chiara Tascione,
nm9625631,Stefan Djuric,
nm9653495,Ian Adams,
nm9680571,Kirie Kawasaki,
nm9680903,Aleksandr Koryakov,
nm9739054,Jenny Soni,
nm9806129,Sélynne Silver,
nm9838175,Manisha Jain,
nm9851358,Harry Fake,
nm9856045,Cornelia Heidler,
nm9868637,Eli Sharp,
nm9884914,Gengiz Hasim,
nm9925161,Enes Göçmen,
nm0000160,Ethan Hawke,1970
nm0000420,Valeria Golino,1965
nm0000430,Steve Guttenberg,1958
nm0000721,Victoria Abril,1959
nm0000828,Barbara Bain,1931
nm0001002,Dean Cain,1966
nm0001643,Linnea Quigley,1958
nm0006009,Chuck Cirino,
nm0006669,William Sadler,1950
nm0007106,Shakti Kapoor,1952
nm0008090,Dino Abbrescia,1966
nm0010157,Alpha Acosta,1973
nm0012748,Susan Africa,1959
nm0017332,Pedro Alcántara,
nm0018203,Lalu Alex,
nm0022993,Martín Altomaro,1976
nm0032894,Michiko Araki,1917
nm0039168,Jesper Asholt,1960
nm0045393,Abhishek Bachchan,1976
nm0047795,Sherry Baines,
nm0049315,Lirit Balaban,1971
nm0052491,Masayo Banri,1937
nm0057843,Emmanuel Barrouyer,
nm0067697,Stephanie Belding,
nm0078209,Mariano Bertolini,1978
nm0078664,Bobby Beshro,1970
nm0078800,Matt Besser,1967
nm0085837,Michael Blackson,
nm0101005,Tom Bower,1938
nm0111013,Adam Brody,1979
nm0121529,Haris Burina,1963
nm0121805,Michael Reilly Burke,1964
nm0135047,Rocky Capella,
nm0139057,Maude Carolle,
nm0139255,Stan Carp,
nm0139673,David Carr,
nm0143309,Chiara Caselli,1967
nm0145784,Moria Casán,1946
nm0149950,Sarah Chalke,1976
nm0162737,Gabriele Cirilli,1967
nm0180580,Jose Coronado,1957
nm0180774,Jaime Correa,
nm0190217,Tirso Cruz III,1952
nm0193509,Sonia Curtis,1964
nm0195264,Frank D'Angelo,
nm0199047,Audrey Dana,1977
nm0200195,Lisa Daniely,1929
nm0203457,Pete Davidson,1993
nm0208439,Roberto De Francesco,1964
nm0220240,Eugenio Derbez,1962
nm0229585,Diana Dobbelman,1939
nm0229859,Karel Dobrý,1969
nm0235460,Alain Doutey,1944
nm0238475,Léa Drucker,1972
nm0244033,Glenn Durfort,1954
nm0246286,Gerardo Davila,
nm0258899,Atilla Ergün,1939
nm0260470,José Antonio Escrivá,1952
nm0267042,Golshifteh Farahani,1983
nm0270312,Agnès Lemercier,
nm0275637,Danielle Fichaud,1954
nm0281212,Kate Flannery,1964
nm0282463,Bjørn Floberg,1947
nm0284842,Marie-Hélène Fontaine,
nm0294321,Friederike Frerichs,1944
nm0312656,Tesshô Genda,1948
nm0348481,Neena Gupta,1959
nm0370677,Megumi Hayashibara,1967
nm0378161,John Hensley,
nm0389384,Martin Hofmann,1978
nm0407508,Junko Ikeuchi,1933
nm0409971,Yasunori Irikawa,1939
nm0412862,Biagio Izzo,1962
nm0415777,Ka-Yan Leung,1949
nm0419660,Veena Jayakody,
nm0423084,Shih-Chieh King,1951
nm0430803,Mohan Joshi,1945
nm0442814,Yûji Kawakita,1923
nm0451864,Viju Khote,1941
nm0457612,Hyō Kitazawa,
nm0457999,Kristbjörg Kjeld,1935
nm0475054,Izabela Kuna,1970
nm0484051,Hsiao-Lao Lin,
nm0486426,Ia Langhammer,1962
nm0495485,Becky LeBeau,
nm0501309,Marjolaine Lemieux,
nm0504942,Gigi Leung,1976
nm0515405,Hemasiri Liyanage,1942
nm0525715,Roman Luknár,1965
nm0568770,Megan McFarland,
nm0579840,Irfan Mensur,1952
nm0581506,Adnan Mersinli,1940
nm0584206,Sean C. Michael,
nm0603265,Lidiya Mordachyova,1950
nm0612217,Otávio Müller,
nm0613147,Lochlyn Munro,1966
nm0620241,Tamao Nakamura,1939
nm0620919,Agnese Nano,1965
nm0628827,Richard Ng,1939
nm0637603,Hitomi Nozoe,1937
nm0644856,Michiyo Yasuda,1946
nm0644952,Jō Ōhara,1903
nm0645207,Ryūtarō Ōtomo,1912
nm0648323,Latifah Omar,1939
nm0648356,Dagun Omaev,1943
nm0666966,Richard Joseph Paul,1962
nm0684840,Luana Piovani,1976
nm0707352,Rajani,1965
nm0714235,Philippe Rebbot,
nm0721216,Alisa Reyes,
nm0729384,Pedro Rivera,
nm0739124,Lina Romay,1954
nm0753479,Chishū Ryū,1904
nm0755504,Golchehre Sajadieh,1954
nm0758487,Yesim Salkim,1968
nm0762966,Shūji Sano,1912
nm0767758,Lunetta Savino,1957
nm0794481,Shivashankar,1948
nm0795495,Georgiy Shtil,1932
nm0802406,Anu Sinisalo,1966
nm0815529,Gabriel Soto,1975
nm0825627,Saul Stein,
nm0866870,Ricky Tomlinson,1939
nm0867603,Bartlomiej Topa,1967
nm0872997,Connor Trinneer,1969
nm0885204,Saverio Vallone,1955
nm0898544,Nicholas Vince,
nm0913794,Eri Watanabe,1955
nm0948011,Remzi Yilmaz,
nm0948112,Cecilia Yip,1962
nm0993607,Keiko Maki,
nm0997634,Normadiah,1932
nm0999309,Barbara Sobels,
nm0999317,Yukiko Tachibana,1951
nm10005523,Eduardo Sánchez,
nm10017300,Ivan Neustroyev,
nm10032398,Madie Hollingsworth,
nm10040565,Keira Chansa,
nm10042969,Diana Maria Frank,
nm10078970,Alex Dispoto,
nm10083179,Pamela Trifonova,
nm10091178,Rohit Choudhury,
nm1009531,Kei Ogawa,1962
nm1011348,Indrajith Sukumaran,1979
nm10150207,Helin Kandemir,2004
nm10154951,Michael Wooten,
nm10170946,Simranjit Dhillon,
nm10192611,Trinity Simpson,2000
nm10203651,Vijay Kumar,
nm10204708,Eric Monzel,
nm1021099,Yasar Alptekin,1962
nm10261552,Miguel Ângelo Santarém,
nm10264005,Billy Gill,
nm10269002,Hassna Iba,
nm10269116,Aliénor Feix,
nm10269162,Kenji Ôkubo,
nm10270565,Tiffani Ferguson Pruitt,
nm10271249,Malvika Gaekwad,
nm10271402,Elina Samantray,
nm10276556,Caitlin Garcia,
nm10277827,Jake Howard,
nm10278261,Felipe Diaz,
nm10278476,Issie Methven,
nm10285153,Boni Pablo,
nm10287368,Chiarra Feringo,
nm10288339,Silvia Fardella,
nm10290434,Abdollah Tahmasbi,
nm10291262,Vasant Aathawale,
nm10292072,Oscar Suzaña Castellano,
nm10292382,Latisia Gideon,
nm10292444,Haley Banta,
nm10295744,Keizaburô Muratâ,
nm10295859,Ken Thompson Jr.,
nm10296360,Dmitry Fetisov,
nm10300193,Stella De Nicola,
nm10307162,Daniel Bing,
nm10308183,Juan Jose Andueza,
nm10310790,Sera Barbieri,
nm10318513,Prashant Kamboj,
nm10330848,Suren Mahanta,
nm10331655,Charles Moore,
nm10333026,Larissa Brown,
nm10333359,Nima Dehghani,
nm10333631,Andrey Lescow,
nm10334792,Malika Edwards,
nm10335324,Despoina Papachristopoulou,
nm10339103,Dakota Muckelrath,
nm10339106,Kyle Anderson,
nm10342543,Jose Serrano,
nm10344014,Anabel Prisillya,
nm10344338,Huang Kai-Lun,
nm10347926,Mehmet Altas,
nm10350934,Pepi Todorov,
nm10363865,Bill Victor Arucan,
nm10364588,Koi Ichinose,
nm10364903,Sasha Vergun,
nm10364923,Kakumaru Yoshida,
nm10364934,Yo-En,
nm10368338,Oba Bonner,
nm10369283,Nikki Cameron,
nm10370507,Chloe Mollis-McBride,1991
nm10379144,Sirali Gupta,
nm10385399,Christian Rummel,
nm10385766,Ragib Akhundov,
nm10394466,Sonia Salama,
nm10395066,Paolo Bonini,
nm10395985,Sunil Balwant,
nm10396380,Javier Sala,
nm10397982,Maria Melnikova,
nm10402096,James Jordan,
nm10402757,Scott Girling,
nm10406637,Rani Bhan,
nm10407980,Jake French,
nm10409895,Hiroko Yamanaka,
nm10410347,Moritz Wyss,
nm10414309,Panja Vaisshnav Tej,1995
nm10427466,Cam House,
nm10427471,Shanika Gillespie,
nm10428693,Carlos De Pérez,
nm10428700,Ivelisse Cruz,
nm10428844,Edgar Ogbeifun,
nm10430745,Iryna Nikitina,
nm10432803,Basanti,
nm10436386,Iryna Haidamaka,
nm10436707,Sean Birdman Gould,
nm10438212,Dae Han Lee,
nm10438661,Biswajit Ghosh,
nm10438662,Sreela Tripathy,
nm10441642,Sam Magill,
nm10442541,Ross Gregersen,
nm10442568,Noah Otte,
nm10447436,Freejack,
nm10448676,Janet Thirlaway,
nm10449322,Cileia Biaggioli,
nm10451457,Mark Hetzel,
nm10454016,Benson Estelhomme,
nm10454899,Araújo Olliver,
nm10455731,Asha,
nm10458160,Shaun Jones,
nm10464711,Elizabeth N. Mirkhan,
nm10465963,Raquel Márquez,
nm10467155,Chiara Attanasio,
nm10468306,Eline Smidt,
nm10471877,Vibhav Borkar,
nm10476971,Will Atkinson,
nm10482255,Kim Johnson,
nm10485136,Serhan Çeliker,
nm10485396,Stoney Curtis,
nm10486130,Das'Jae Fox,
nm10488768,Dawid Rostkowski,
nm10491238,Rishu Kharel,
nm10496611,Justine Coorevits,
nm10496839,Devina Sukmawati,
nm10497418,Daphnie Fine,
nm10504138,Maria Fernanda Ramirez Perez,
nm10506097,Lena O'Connor,
nm10506112,Kalid Alkawas,
nm10506332,Mohammad Ali Ghavidel,
nm10511708,Ambre Janigon,
nm10516440,Thomas Beckman,
nm10518009,Anaïs Aubry,
nm10519745,Roddy Frey,
nm10525921,Tandin Bidha,
nm10526028,Ingimar Sveinsson,
nm10529038,Alireza Goudarzi,
nm10533944,Katsuichirô Nishimura,
nm10536358,Ncaj Bee Vang,
nm10542700,Chen Zhenyuan,
nm10575364,Sebastian Sebootty,
nm10592821,Jan-Baren Scheepers,
nm1059365,Lukman Sardi,1971
nm10608888,Hemanth Gowda,
nm10619052,Anirudh Lalit,
nm1061914,Darren Andrichuk,
nm1062881,Rita Rudaini,
nm10720572,Lekshmi Nanda Kishore,
nm10735551,Blanca Nieves Villalba,
nm1073927,Stephen Evans,1970
nm10760755,Aldriick Kittles,
nm10774160,Justin Golinski,
nm10803020,Gala Charanssonet,
nm10813432,Abhishek,
nm10842578,Alejandra Angel,
nm10842581,Tracy Carrion,
nm10850501,Landon Brittain,
nm10858693,Carmine Maceri,
nm10866357,Yessica Fontanillas Aquino,
nm1086788,Rimantė Valiukaitė,1970
nm10892931,Mark Ward,1954
nm1092370,Yadolla Shirandami,
nm10933149,Norbert Hamelin,
nm10991896,MyKayla McCune,
nm11014265,Hugo Balaguer,
nm11034583,Valentina Kalinina,
nm11062621,Rakesh Singh,
nm11112416,Guille Chipironet,
nm11166418,Maha Lakshmi,
nm11167646,Felizia Trube,2010
nm11221119,Susmitha Anala,
nm11317218,Hossein Pourkarimi,
nm11332679,April Alsbury,
nm11455239,Christina Granville,
nm11474125,Brian Craven,
nm11596709,Bo Eaton,
nm11648877,Omar Torres Molina,
nm1169428,Reid Scott,1977
nm11777608,Atie Krisnawati,
nm1187153,Monica Assante,
nm1192296,Anita Leeman Torres,1983
nm1207049,Mangala Kenkre,
nm12077526,Miles Gutierrez-Riley,1998
nm12190402,Syaiful Akbar,
nm12214753,Krishna Das,
nm12235821,Andrey Andreev,2010
nm1228072,Grégoire Leprince-Ringuet,1987
nm12385566,Mahadevyashwant Chavan,
nm12406100,Bernadette Pitoff,
nm1246284,Raju Barot,
nm12479429,Amrozia,
nm12538954,Alexis Brunson,
nm12589525,Bernardina Green,
nm1273753,Jon Lange,1980
nm1277547,Vineet Kumar Singh,1981
nm1277861,Jaywant Wadkar,
nm12783310,Solomiia Kyrylova,
nm12789773,Seana Restom,
nm1282571,Hans Olav Brenner,
nm12872449,Naoyuki Ageishi,
nm12915507,Christopher Darko,
nm12938880,Yuanyuan Liu,
nm1303983,Monique Alfradique,1986
nm13235225,Kebin Song,
nm1326428,Efrat Baumwald,1980
nm1357740,Marimar Vega,1983
nm13717836,Christoph Gelfert Mathiesen,
nm13721902,Cheryl Clark,
nm13774145,Big E,
nm13883407,Chieko Shimizu,
nm14020378,Madhuri,
nm1403803,Agustín Vásquez Corbalán,
nm14194142,Mathilda Gianopoulos,2003
nm14456600,Lobo,
nm1475260,Balaji Sakthivel,1964
nm1484214,Michael Pink,1977
nm15184229,Ark Jain,
nm1524882,K.P.A.C. Sabu,
nm1559594,Y.G. Mahendran,1950
nm1566368,Regina Blandón,1990
nm1595493,Shanda Renee,
nm16267073,Elinam Amenyo,
nm1641062,Akbar Jannati Shirazi,
nm16586992,Lee-Po Chan,
nm1668529,Suresh Krishna,
nm1671647,Maite Perroni,1983
nm1679997,Maria-Grazia Plos,
nm1687434,Nick Doetsch,
nm17167773,Anish Kuruvilla,
nm1719790,Pierre Santos,
nm1722996,Thezni Khan,
nm1727188,Feridun Düzagaç,1968
nm1727242,Al Fiene,1955
nm17479628,Vincent Barrigan,
nm1748460,Ashwini Giri,
nm17664832,Yi Shu,
nm1812656,Luke Evans,1979
nm1836078,Pete Conway,1943
nm1851472,Jimmy Lin Chong,1934
nm1852064,Xin Yang,1982
nm18559638,Haris Angakkalari,
nm18626626,Mahamoudou Dipama,
nm1902531,Tinpo Lee,
nm1902776,Valeriya Arlanova,1971
nm1929017,Rolando Inocencio,
nm1939438,Dogan Tank,1965
nm1944279,Kerry Knuppe,
nm1950485,Muna Otaru,
nm1960447,Yūya Matsuura,
nm1977808,Ke Hu,1975
nm1981177,Luke Cook,1986
nm2047724,Vicky Luna,
nm2095123,Tiffany Montgomery,
nm2101653,Bora Karakul,1978
nm2123167,Baris Kiralioglu,1986
nm2132667,M.S. Bhaskar,1957
nm2132730,Mohammad Vali Ahmadloo,
nm2134560,Leila Forouhar,
nm2149249,Mara Guil,1981
nm2162672,Derek Moran,
nm2191645,Américo Silva,1968
nm2201555,Aubrey Plaza,1984
nm2202409,Shôta Sometani,1992
nm2212085,Antonio Estrada,
nm2217556,Donatas Simukauskas,1979
nm2255289,Martina Juncadella,
nm2269827,Akbar Khajavi,
nm2273524,Suzanne Bernert,1982
nm2280509,Rod Grant,
nm2290763,Victor Cornfoot,
nm2312662,Donna Anita Quinn,
nm2322250,Makoto Furukawa,1989
nm2323045,Cintia Dicker,1986
nm2389894,Kenichi Takase,
nm2413916,Nariman Shiri fard,
nm2426098,Gabriel Canella,1982
nm2428837,Demet Oran,
nm2433460,Ram Pothineni,1988
nm2469669,Michael Villar,
nm2495343,Andrea Bosca,1980
nm2542744,Loren Lott,1992
nm2564837,Riza Akin,1957
nm2596288,Ryûtarô Aoyagi,
nm2628347,Kayden Kross,1985
nm2628356,César del Álamo,
nm2685920,Simon J. Berger,1979
nm2718834,Abhijeet Chavan,
nm2731755,Keisuke Minami,
nm2770629,Christina Evans,
nm2775828,Shabnam Gholikhani,
nm2851789,Alice Orr-Ewing,1989
nm2857016,Christian Guiriguet,
nm2952597,Konstantin Lavysh,
nm2969259,Lefteris Eleftheriou,
nm3041664,David Salles,1970
nm3048050,Sara Canning,1987
nm3049403,Fumi Nikaidô,1994
nm3276688,Amber Martinez,
nm3281314,Amir Boutrous,
nm3320209,Elena Radonicich,1985
nm3363584,Afaq Basirqizi,
nm3388377,Paco Estellés,
nm3392688,Biswanath Basu,
nm3413004,Hafiz Oyetoro,
nm3436464,Jella Haase,1992
nm3440889,Philipp Engelmann,
nm3442218,Martin Vischer,
nm3444240,Anna Sabaté,
nm3453866,Mitali Mayekar,1996
nm3548468,Adam Schmerl,
nm3584152,Mark Bracich,
nm3601305,Öykü Celik,1987
nm3602977,Andy Hankins,1957
nm3609590,Min Hyo-rin,1986
nm3611859,Kenan Heppe,
nm3614071,Kôji Hirose,
nm3655976,Fabian Spencer,
nm3674507,Emily Skinner,
nm3692656,Agnes Rase,
nm3736929,Timur Isik,1980
nm3743594,Ahu Sungur,1981
nm3750462,Solomon Brende,
nm3753264,Cassidy Rae Owens,
nm3761004,Nani,1984
nm3762007,Lilli Cooper,1990
nm3764759,Tofiga Fepulea'i,
nm3764981,Sofia Kokkali,1988
nm3780240,Solana Paz,
nm3823176,Hao-Hsiang Hsu,1978
nm3826660,Akio Shirakawa,
nm3868423,Farkhad Khaydarov,1941
nm3894716,Reza Behbudi,
nm3948952,Vanessa Kirby,1987
nm4056257,Zuzu Bejashvili,
nm4082341,Shigeko Ishii,
nm4101191,Devin Hennessy,
nm4140414,Chido Nwokocha,1986
nm4161330,Jennifer Blair-Bianco,
nm4166709,Camille Rutherford,
nm4225090,Terra Strong Lyons,
nm4266787,Sierra Collins,
nm4300126,Doug Rowell,
nm4318090,Yang Yong,
nm4340395,Ashish Kulkarni,
nm4343923,Jean Baptiste Fillon,
nm4347120,Ashlee Lollback,
nm4388136,Kanna Hashimoto,1999
nm4402518,Béleina Win,
nm4429739,Haru Kuroki,1990
nm4432851,Rajeev Pillai,1982
nm4454684,Li Ma,1982
nm4499384,Jeff Weekley,1965
nm4514363,Kôdai Asaka,1992
nm4528776,Philip N. Williams,
nm4542067,Sumeet Thakur,
nm4557677,Dmitri Ermak,1983
nm4564288,Jeremy Domingo,
nm4678178,Justin A Duncan,
nm4680353,Lauri Mäesepp,
nm4683167,Daniel Zovatto,1991
nm4692354,Chip Carriere,1961
nm4752466,Shali Mals,
nm4767031,Efraiem Hanna,
nm4777243,Jake Paul,1997
nm4875369,Fico Cruz,
nm4889489,Jake Manley,
nm4971632,Armands Ikalis,1988
nm5030574,Madoka Mizuki,1959
nm5032766,Roya Javidnia,
nm5053136,Sunil Abhyankar,
nm5064479,Elija Chishti,
nm5086513,Mayumi Mikawa,
nm5144780,Anil Grover,
nm5191282,Mike Williams,
nm5248189,Yûko Takagi,
nm5271352,Michal Rezný,1985
nm5289856,Dorsey Carson,1971
nm5328306,Juan Du,1982
nm5339596,Yoann Zimmer,
nm5361971,Kikuhachi Sawamura,
nm5393346,Torrei Hart,1978
nm5417081,Steve Kaszas,
nm5452098,Rouhollah Haghgoo,
nm5463002,Molly Brown,1994
nm5467214,Kshitish Date,
nm5469513,Phil Painter,
nm5519448,Eva Wagner,
nm5525382,Robert Rizo,
nm5580438,Carla Goedkoop-Zwarts,
nm5628646,Eric Hicks,
nm5666452,Kikuko Hôjô,
nm5678623,Bob Daniel,
nm5800422,Antonia Tootill,
nm5803605,Rhianna Radick,1991
nm5813847,Maggie Meyer,
nm5826668,Angie Velazquez,
nm5846801,Shahine El-Hamus,
nm5887884,Vanessa Card,
nm5913864,Azad Imanirad,
nm5937264,Lúcio de Paiva Jr.,
nm5959433,Hyōsuke Kanbe,
nm6014077,Niek Roozen,
nm6130977,Karim Jebli,
nm6281649,Swainley Whipps Eden-Entwistle,
nm6314039,Richard Rabelbauer,
nm6321850,Spencer Macpherson,1997
nm6333477,Dave Payton,
nm6346172,Hosein Mehri,
nm6373659,Cayt Feinics,
nm6463418,Digvijay Singh Gurbat,1984
nm6552300,A. Rahim,
nm6584235,Micko Markovic,1997
nm6597868,Vyom Mathrani,
nm6621006,Simone Janai Parrish,
nm6628926,Cristian Muñoz,
nm6634505,Lisa Gorgin,
nm6690278,Pietro Juliano,
nm6695982,Tomo Muranaka,
nm6718766,Li-Ang Chang,1983
nm6722399,Kaoru Ikeda,
nm6736465,Gene Faglier,
nm6767243,Ikechukwu Onunaku,
nm6780701,Arjun Chidambaram,
nm6786673,Adrià Mondaray,
nm6800318,Ayaka Asai,
nm6811540,Katherine Harold,1991
nm6811680,Viacheslav Khakhalkin,
nm6856890,María Costas,1959
nm6963181,Anna Mathiassen,
nm6980314,Anbu,
nm6995220,Prayaga Martin,1995
nm7023533,Vianca Peguero,
nm7049955,Raychel Addo,
nm7078907,Annette Brison,
nm7109469,Wei-Hua Lan,1979
nm7159828,Michelle Arturo,
nm7192601,Axel Auriant,1998
nm7197043,Krishan Kumar,
nm7311813,Elena Ghenoiu,
nm7321793,Jeremiah Roberts,
nm7327253,Loubna Abidar,1985
nm7382947,Nani Barton,
nm7392140,Hirokio Andô,
nm7394024,Deviyyani Sharma,
nm7432163,Tony Do,1992
nm7467179,Felicia Hamm,
nm7512041,George Fouracres,
nm7535414,Jason Genao,1996
nm7607384,Thando Thabethe,
nm7636001,Kim Spearman,
nm7642152,Zafar Iqbal,1950
nm7648974,Kevin Edward Greene,
nm7657383,Inkwon Kim,
nm7712734,Sasha Luss,1992
nm7736042,Joe Tandberg,
nm7737656,Arina Postnikova,1993
nm7760093,Holly White,
nm7795173,Danielle Maddox,
nm7821287,Marcella Bragio,
nm7846445,Kanta Satô,1996
nm7846596,Jesse Gallegos,1992
nm7886376,Majid Shahbaz,
nm7892854,Viktoria Kurmisa,
nm7911117,Katie Floyd,
nm7920193,Dylan Wood,
nm7963858,Dieu Nhi,
nm7984586,Belgi Saygi,
nm8015221,Shiwani Saini,
nm8024787,Prabhat,
nm8115563,Luna Fulgencio,2011
nm8166767,Manikandan R. Achari,
nm8236770,Javier Cáberiz,
nm8243442,Daniele di Gregorio,1962
nm8246782,Alyss Winkler,
nm8274224,Miranda Beinart-Smith,
nm8276776,Guangyu Xu,
nm8317936,Alexa Rae Bigos,1996
nm8324152,Hayato Kimura,
nm8460271,Lorena Andrea,
nm8488982,Satyadev Kancharana,1989
nm8490640,Sunny S. Walia,
nm8581789,Léonard de Dreuille,
nm8589214,Ranjit Bawa,
nm8612331,Bent Kingo Andersen,
nm8627164,Rebecca Clendaniel,
nm8652775,Karlos Granada,
nm8653223,Tomathan McGinnis,1978
nm8687620,Oscar van't Riet,
nm8690228,Dodit Mulyanto,
nm8718111,Arielle Fray,1991
nm8739748,Unoaku Anyadike,
nm8784315,Vijay Kumar Dogra,
nm8850253,Sruthy Jayan,
nm8850560,Miss Clark,
nm8877582,Kira Balinger,
nm8884654,Orla Brooks,
nm8923779,Lynden Prosser,
nm8948270,Terry J. Nelson,1974
nm8959839,Otis Dhanji,
nm8963633,Laura Candice,1986
nm9010952,Martin Nadin,
nm9017753,Deidre Rose,
nm9037499,Simon Brickner,
nm9067343,Matildah Muchindu,
nm9072045,Etinosa Idemudia,
nm9107974,Merve Saritas,
nm9137480,Salma Mahjoubi,
nm9166038,Hoang Yen Chibi,
nm9205621,James Mahady,
nm9209847,Michelle Snow,
nm9250215,Virgea Golden,
nm9290421,Bhushan Ghadi,
nm9300004,Mara Taquin,1997
nm9302162,Pamela Hanson Ryder,
nm9412101,Yun Xiao,
nm9442181,Christopher James Cox,
nm9448966,Becca Steinhoff,
nm9450477,Aisharah Athukorala,
nm9580145,Rohitha Dias,
nm9588820,Jenson Alappat,
nm9639508,Matthieu Brugot,
nm9655951,Martha Niklas,
nm9656542,Lusi Zhao,1998
nm9657176,Luis Trinidad,
nm9682010,Hiroshi Gunji,
nm9715037,Tyler Dryden,2007
nm9753058,Maksym Panchenko,
nm9755387,Kc Burke,
nm9755573,Amy Marie Bowersox,
nm9862792,Naomi Paulinda,
nm9973563,Karthik Raj,
nm9978339,Can Beslen,
nm0000092,John Cleese,1939
nm0000706,Michelle Yeoh,1962
nm0002111,Karen Grassle,1942
nm0038167,Jamshid Hashempur,1944
nm0056333,Ricardo Barona,
nm0063387,Géraldine Bazán,1983
nm0087787,Ewa Blaszczyk,1955
nm0099521,Bouli Lanners,1965
nm0115711,Stanislaw Brudny,1930
nm0138067,Bo Carlsson,1965
nm0146993,Carlos Cavazo,1957
nm0154129,Harindranath Chattopadhyay,1898
nm0155164,Bor-Jeng Chen,1955
nm0155978,Natalya Chernyavskaya,1967
nm0156926,Jiayi Wang,
nm0170168,Giorgio Colangeli,1949
nm0184087,Dale Waddington,
nm0190794,Eszter Csákányi,1953
nm0217709,Jennifer Delora,1962
nm0220183,Émilie Dequenne,1981
nm0236043,Thomas Downey,
nm0244864,Anjan Dutt,1953
nm0245282,Dato Dvalishvili,
nm0251523,Franz Eichhorn,1904
nm0274277,Anabel Ferreira,1962
nm0302916,Guillaume Gallienne,1972
nm0310865,Julie Gayet,1972
nm0332709,Olivier Gourmet,1963
nm0351366,Serdar Gökhan,1943
nm0351565,Salih Güney,1943
nm0359675,Holger Handtke,1968
nm0370577,Ryōji Hayama,1932
nm0383213,Kari Hietalahti,1964
nm0387322,Ka-Kui Ho,1951
nm0398694,Miroslav Hruska,1946
nm0398760,Siu-Lung Leung,1948
nm0398801,Ko Chun-Hsiung,1945
nm0406717,Harue Ichikawa,1870
nm0411214,Kate Isitt,1961
nm0419894,Lucien Jean-Baptiste,
nm0443559,Morio Kazama,1949
nm0447240,Kunal Kemmu,1983
nm0449276,Éva Kerekes,1966
nm0450975,Konstantin Khabenskiy,1972
nm0468727,Toru Koyanagi,
nm0474820,Kiran Kumar,1953
nm0484763,Neide Landi,1935
nm0493723,Aleksandr Lazarev,1967
nm0526182,Jayden Lund,1966
nm0538137,Satomi Majima,1955
nm0561356,Inge Maux,1944
nm0567589,Maria McDermottroe,
nm0576364,Sachiko Meguro,1926
nm0583856,Giovanna Mezzogiorno,1974
nm0585469,Allen R. Middleton,
nm0594348,Seiji Miyaguchi,1913
nm0594638,Yosi Mizrahi,1971
nm0595105,Yūko Mochizuki,1917
nm0607415,Todd Morrissey,
nm0612616,Mumtaz Begum,1923
nm0616192,Eva Mutvei,1958
nm0620657,Daisuke Namikawa,1976
nm0626083,Marianne Nentwich,1942
nm0630281,Madeleine Nicolas,
nm0633984,Chizuko Nogami,
nm0638111,Francesca Nunzi,
nm0652961,Nobuko Otowa,1924
nm0658626,Merle Palmiste,1970
nm0685638,Antonio Pitanga,1939
nm0707399,Rajendra Prasad,1956
nm0708698,Lázaro Ramos,1978
nm0713297,Jennie Raymond,
nm0726924,Gō Rijū,1962
nm0729705,Liora Rivlin,1944
nm0750411,Senadeera Rupasinghe,1937
nm0787681,Tamara Shakirova,1955
nm0811867,Yuliya Sobolevskaya,1962
nm0826174,Milena Steinmasslová,1955
nm0836121,Michael Stuhlbarg,1968
nm0837096,Michal Suchánek,1965
nm0845079,Mario Ernesto Sánchez,1947
nm0853583,Owen Teale,1961
nm0867145,Harue Tone,1924
nm0876847,Süleyman Turan,1936
nm0881710,Urbanus,1949
nm0911277,Wijerathna Warakagoda,
nm0913307,Mona Wassef,1942
nm0944296,Edzard Wüstendörfer,1925
nm0950989,Aida Yunusova,1948
nm0953105,Magela Zanotta,
nm0970010,Enrico Rava,1939
nm0993695,Kayoko Sugi,1946
nm10002762,Lungile Radu,
nm10013900,Ofentse Rakololo,
nm10030720,Nana Mori,2001
nm10056717,Brock Roberts,
nm10061239,Chelli Reyes,
nm10063516,Abby Avis,
nm10065777,Amanda Lynn Baez,1997
nm10078267,Reuben Dodd,
nm10093374,Jayanta Bhagawati,
nm10113902,Amâury Gutiérrez,
nm10117612,Valentina Munafò,
nm10148947,Alexander Loxton,
nm10155232,Roy van Kleef,
nm10187205,Jennifer Coppen,
nm10240435,Xiang Zhang,
nm10267173,Susan Collins,
nm10268002,Sevcan Kocer,
nm10273303,Kyle Mangold,
nm10273748,Daeng Uki,
nm10278215,Kristel Rachocki,
nm10278981,Anthony Ferreira,
nm10278988,David D'Agostino,
nm10280998,Kichiji Kyo,
nm10288058,Aida Al Anfassi,
nm10292584,Michael Kumar,
nm10293837,Sondos Hammou,
nm10304441,Yuriko Hayakawa,
nm10305721,Dylan Wexler,
nm10307164,Veronica Rivera,
nm10307973,Kuya Sawa,
nm10313086,Niena Baharun,
nm10317252,Yavuz Dizdar,
nm1031854,Efi Papatheodorou,
nm10318910,Chaca Marisa,
nm10321924,Giuseppe Laureri,
nm10339104,Bailey Maxwell,
nm10340744,Samara Claros,
nm10341145,Samo Tus,
nm10349258,Max Hoffmann,
nm10353280,Einosukê Kataoka,
nm10358003,Deny Firdaus,
nm10363134,Frankie Okamura,
nm10364995,Jô Inada,
nm10374879,Jianfu Wang,
nm10379061,Noble Jadhav,
nm10381539,Roze',
nm10384189,Ravinder Dhall,
nm10384676,Liu Zi-wei,
nm10385454,Miroslav Cipár,1935
nm10392805,Gilline Medroso,
nm10401447,Khari Constantine,
nm10406540,Tania,1993
nm10411387,Lorelei Romani,
nm10411432,Ray Ahumada,
nm10418798,Marcello Cappelli,
nm10418809,Luigi Nigrelli,
nm10419100,Rico Barcelona,
nm10421143,Erika Osanai,
nm10423861,Christy Cook,
nm10423872,Dominique Battise,
nm10428309,Wellington Berroa,
nm10430014,Müslüm Isik,
nm10433742,Gitt Persson,
nm10437294,Eddie Abbey,
nm10438663,Surajit Chowdhury,
nm10441025,Priyaank Sharma,
nm10442544,Justin Cody Dykes,
nm10446124,Burhan Çelik,
nm10447364,Janine Monteith,
nm10447683,Madeleine Bundy,
nm10450256,Anna Marie Culp,
nm10452901,Meng Fan,
nm10456913,Limer Veloso,
nm10459377,Zhenchu Ren,
nm10464079,Xinduo Feng,
nm10465362,Satoshi Mizu,
nm10471447,Michael Wayne Beck,
nm10471878,Samiha Sabnis,
nm10479920,Charly Velasco,
nm10479921,Melissa Falter,
nm10480655,Anika Chorbeska,
nm10486787,Midori Takahashi,
nm10490169,Elvis Chaturvedi,
nm10491032,Zayiddiya Dissou,
nm10496613,Carla Alvarez,
nm10496614,Joséphine Buriez,
nm10498863,Chico Radella,
nm10500785,Soham Shah,
nm10503030,Jiaren Liang,
nm10503936,Daniel Madsen,
nm10507028,Jaya Prakash Reddy,
nm10508460,Mariette Potvin,
nm10515242,Tuur Verelst,
nm10518008,Nicole Lumbres,
nm10518655,Keith Dallas,
nm10519172,Sarah King,
nm10523451,Kiera Harris,
nm10526026,Hekla Katarína Kristinsdóttir,
nm10528950,Xi Lu,
nm10532891,Loco Meisenkaiser,
nm10535370,Kôjirô Oka,
nm10536359,Tien Kim,
nm10542699,Xilu Wang,
nm10561903,Marques Brave Heart,
nm10564066,Davon Gutierrez,
nm1056829,Gustavo Camacho,
nm10577931,Daniel Bassill-Cantillo,
nm10577934,Sebastian Amadeus,
nm10582656,Adinkra,
nm10585728,Aysel Muratoglu,
nm10591019,Lassen Davis,
nm1060383,Gagan Gupta,
nm10649121,Emillia De Castro,
nm10665702,Shaun Hodson,
nm10676139,Anson Days,
nm10680593,Tom Amsellem,
nm10708155,Natalia Espinoza,
nm10729192,Jack Hall,
nm10760750,Michael Bell,
nm10805796,Aravind,
nm10805800,Aakash,
nm10816379,Sydney Osmon,
nm10827611,Min-gi Kim,
nm10848643,Guido Losantos,
nm10859916,Samone James,
nm10877612,Sherrian Jarret,
nm10975210,Alicia Borggren,
nm1097940,Kazuya Kosaka,1935
nm10999640,Marie-Elena Zibell,
nm1101677,Jun Fukuyama,1978
nm11028339,Hannah Smith,
nm11054947,Clelia Rossi Marcelli,
nm1111953,Niki Chow,1979
nm11262676,Marcia Reams,
nm11293515,Mike Doherty,
nm1131934,Ramesh Bhatkar,1949
nm11374120,Kyle Rankin,1996
nm1143119,Kaoru Yamashina,
nm11484894,Abdul Jaffar,
nm1148769,Teiichi Futamura,
nm1156207,Riaz,1972
nm1158619,Gülten Ceylan,1946
nm11596710,Jim Glenn,
nm11637728,Greeva Kansara,
nm1165284,Regula Imboden,
nm11663251,Lucas Jacquet,
nm1166576,Dmitriy Nagiev,1967
nm11669138,Girish G.,
nm11669139,Yashaswi Ganesh,
nm1167449,Gholam-Reza Sarkoob,
nm11713597,Valentýna Becková,
nm1178890,Minami,1986
nm11989873,Adam Lochowicz,
nm1209413,Louis Cancelmi,1978
nm12203721,David Bensch,
nm1220531,Krzysztof Czeczot,1979
nm1227864,Mylène Jampanoï,1980
nm1239720,María Cecilia Botero,1955
nm12470285,Marilou Beaulieu,
nm12485299,Mauro Racanti,
nm12495917,Bitopan Kashyap,
nm1251243,Olivia Dunkley,
nm1252668,Jim O'Rear,
nm1257208,Paulina García,1960
nm12615674,Vishaal Anand,
nm1267095,Samir Soni,1968
nm1269088,David Kross,1990
nm1273957,Paula Brancati,1989
nm1277066,Pragathi,1976
nm12791923,Michael Suski,
nm1283344,Angel Jacob,
nm1292302,Shih Chin,
nm1293137,Andrzej Konopka,1969
nm1295827,Amit Behl,1968
nm1296233,Álvaro Marenco,1943
nm13068828,Pranaya,
nm13081288,Alima,
nm13154970,Kristtoffher Chee,
nm1319395,Hoi-Pang Lo,1941
nm13234491,Samantha Lioi,
nm1326732,Anaïs Demoustier,1987
nm1328726,Felix Kramer,1973
nm1335091,Kalabhavan Navas,1974
nm13414098,Damjan Brajovic,
nm1342784,Marcellino Lafrand,
nm13462877,Ruben Roma,
nm1357161,Francesco De Vito,
nm13808564,Melanie Hearns,
nm13825251,Benny John,
nm1383883,Tess Antonio,
nm13888569,Elizabeth Shaw,
nm1392596,Enrique Rodríguez,
nm1397299,Shakuntala Barua,1947
nm1399007,Razzak,1942
nm14037831,Rabia Maddah,
nm14138368,Master Hansik,
nm1426323,Geetha Vijayan,1972
nm14306495,Andrey Novik,
nm1439721,Mr. Tan,
nm1442720,Kashichi Shimada,1895
nm14502746,Santosh Kumar Behera,
nm1464310,Boris Kamorzin,1966
nm14650628,Grace Kohler,
nm1465580,Nahuel Pérez Biscayart,1986
nm1473166,Amin Hayayee,1970
nm14749461,Elvia García,
nm14871372,S. Abaev,
nm1493163,Alex Karpovsky,1975
nm1494687,Erol Yesilyaprak,
nm1501738,Ahna O'Reilly,1984
nm1560543,Jana Oľhová,1959
nm1579619,Ceyhun Yilmaz,1976
nm1583978,Olunike Adeliyi,1977
nm1585829,Geneviève Lagravière,
nm1603552,Stéphane Coulon,
nm16230000,Julian Lima Mendes,2017
nm1625281,Peter Bosch,1969
nm1644123,Gianluca Di Gennaro,1990
nm16499469,Chelsea Bellas,
nm1660410,J.R. Francis,
nm1662613,Farideh Sepah Mansour,
nm1665759,Hisako Miyoshi,
nm1683043,Gabriel Tigerman,1980
nm1683133,Claire Bronson,
nm1683193,Andrea Frankle,
nm1698738,Yetkin Dikinciler,1969
nm1703419,Misa Noguchi,
nm1708816,Roxanne Guinoo,
nm1715290,Chrystelle Dominguez,
nm1728139,Entatsu Yokoyama,
nm1747924,Jim Parrack,1981
nm1760439,Damayanti Quintanar,
nm17620164,Marta Aparicio,
nm1767178,Farid Kamil,1981
nm1772606,Cenk Ertan,1970
nm1773444,Radhika Kumaraswamy,1986
nm1779571,Carmela Poch,1978
nm1788075,Dylan McCormick,
nm1794495,Hamed Behdad,1973
nm1795399,Andero Ermel,1976
nm1799434,Ana Cunha,
nm1800883,Yuki Nonomiya,
nm1818245,Laurent Rejto,1962
nm1829277,Michiko Suzuki,
nm1838568,Robert Christopher Riley,1980
nm1847121,Macarena Montoya,
nm1951216,Tyrone Keogh,
nm1952490,Katelyn Pippy,1993
nm1961009,Jason Maza,1987
nm1966361,Motoki Fukami,1980
nm1967617,Kanji Furutachi,1968
nm2035937,Vinayakan,1970
nm2066764,Alexander Wraith,
nm2081394,Marina Tranjan,
nm2090045,Peter Cashman,
nm2119401,Rachael Holoway,
nm2129444,Alice Englert,1994
nm2134806,Leonardo Ortizgris,1977
nm2144460,Takatsugu Awazu,
nm2156780,Loes Haverkort,1981
nm2208237,Petra Nesvacilová,1985
nm2224828,Bouraouïa Marzouk,
nm2234478,Dato Khakhidze,
nm2239499,Valeri Korshia,
nm2269674,Oded Leopold,
nm2293323,Allen Lin,1970
nm2324209,Sonja Gerhardt,1989
nm2352547,Nini Badurashvili,1985
nm2356251,Siyan Huo,1980
nm2367756,Chereen Buckley,
nm2390366,Nicola Nocella,1981
nm2427684,Isaiah LaBorde,
nm2515388,Nisha Parulekar,
nm2545567,Nematollah Aghasi,1939
nm2547176,Mike Luccock,
nm2551613,Nadia,
nm2562287,Niroshan Wijesinghe,
nm2585097,Anvay Bendre,
nm2585918,Mugdha Godse,1982
nm2614548,Wakana Matsumoto,1984
nm2621030,Franz Drameh,1993
nm2668679,Aleksandr Siguev,1996
nm2692989,Hymnson Chan,
nm2698053,Titiek Puspa,1937
nm2698115,Lindsay Burdge,1984
nm2707990,André Velts,
nm2767706,Ron Capinding,
nm2785730,Shin'ichirô Toyonaga,
nm2819510,Anne Gough,
nm2826608,Alan Maxson,
nm2828057,Susan Deasy,
nm2847911,Muhamed Hadzovic,1984
nm2858395,Jayati Bhatia,
nm2863907,Andrea Duro,1991
nm2876852,Hüseyin Elmalipinar,1971
nm2899603,Tonami Jitsukawa,
nm2928412,Cleshia Huckaby,
nm2937499,Asifa,
nm2955595,Marie Avgeropoulos,1986
nm2983614,Viktor Klem,1987
nm3074010,Fabian Stumm,1981
nm3085941,Yun-Ching Chen,
nm3091751,Mikhail Kalinichev,
nm3106534,Ali Momen,
nm3114120,Merve Altinkaya,1985
nm3127456,Chin-Yu Pan,
nm3133211,Brian Papandrea,
nm3134564,Paul Montez McDade,
nm3139448,Browny Igboegwu,
nm3170174,Iolanda Laranjeiro,
nm3176630,Shigeru Kurakata,
nm3211304,Ashish Verma,
nm3217785,Nobuaki Kaneko,1981
nm3220489,Angela Terence,
nm3252391,Stefan Lörcher,
nm3282155,Ben Sloane,
nm3287985,Luis Bordonada,
nm3298803,Rafael Dadashev,1946
nm3324982,Kyle Mooney,1984
nm3374432,Camille Bright,
nm3391458,Frank Rodríguez,1982
nm3404517,Garnet Campbell,
nm3438835,Éanna Hardwicke,1996
nm3455998,Tanmay Dhanania,
nm3464090,Yun Li,
nm3473975,Maria Leite,
nm3482371,Mark S. Esch,1960
nm3482756,Timur Rodrigez,1979
nm3490185,Ming Hu,
nm3591507,Roshan Ranawana,1981
nm3607224,Anuja Iyer,
nm3628039,Jason Krotky,1985
nm3628606,Boran Jing,1989
nm3647676,Charlie Murphy,1987
nm3668113,Bob Kuman,
nm3668216,Nargis Fkhri,1979
nm3753553,Adjetey Anang,
nm3780470,Iqbal Durrani,
nm3794219,Laurie Cummings,
nm3818093,Alon Openheim,
nm3851766,Kim Mi-rim,1985
nm3870544,Mana Ashida,2004
nm3880803,Séverine Berthelot,
nm3954495,Lilian Esoro,
nm4009723,Blue Kimble,1983
nm4069386,Lara Wollington,
nm4111995,Hikaru Ohsawa,1995
nm4141529,Corey Hendrix,
nm4194124,Rose Matafeo,1992
nm4194229,Vincent Liang,1971
nm4232450,Alona Szostak,1968
nm4262853,Mikako Komatsu,1988
nm4276293,Lukás Dóza,
nm4277248,Kate Eastman,1988
nm4291622,Koen'yû San'yûtei,
nm4302644,Scott Haining,
nm4304671,Anita Devgan,
nm4331008,Krishnan Balakrishnan,
nm4331196,Anna Akana,1989
nm4357061,Palomi Ghosh,
nm4460584,Bruno Gissoni,1986
nm4464216,Jodi Lynn Thomas,
nm4465175,Shinako Nakagawa,
nm4466003,Sophie Resch,1985
nm4472699,Patrik Dergel,1989
nm4474640,Lenana Kariba,
nm4487241,Setsuko Kawasumi,
nm4489759,Midori Asakaze,
nm4574653,Christophe Perez,
nm4611972,Ninon,2004
nm4672619,Nicholas Bakopoulos-Cooke,
nm4680915,Inga Maria Eyjolfsdottir,
nm4686142,Perrin Drumm,1985
nm4715046,Liza Soberano,1998
nm4724320,Bastien Ughetto,1989
nm4732302,Tissa Wijesurendra,1949
nm4733692,Pierluigi Ferrero,
nm4831385,Kiko Monteiro,
nm4839521,Kim Myung-joon,1991
nm4841962,Hannah Ward,
nm4861046,Aadukalam Naren,1970
nm4889845,Alexandra Grey,1991
nm4908103,Genoveva Rossi,
nm4933332,Jeff Lipary,
nm4961623,Isabelle Allen,2002
nm4975560,Obe Carrion,
nm4983775,Hooman Barghnavard,
nm5024101,C.J. Lindsey,
nm5064474,John Kottoly,
nm5124453,Justin Hayward,
nm5149382,Chaobei Wang,
nm5154209,Heston Horwin,1991
nm5159260,Thagubothu Ramesh,
nm5160752,Atheena Frizzell,
nm5194234,Gesata Stella,
nm5207292,Sophie Albert,
nm5218368,Christian Jadah,
nm5236852,Zhila Shahi,1986
nm5266794,Lara Wolf,
nm5274013,Michael 'Mick' Sawyer,
nm5316837,Gurmeet Saajan,
nm5394373,R.J. Hemant,
nm5429373,Maria-Laura Quintero,
nm5471268,Monica Valdivia,
nm5483416,Pandian,
nm5487541,Ilian Bergala,1996
nm5500026,Boy Laguipo,
nm5510319,Jonathan Da Rosa,
nm5540126,Oliver Coleman,
nm5553272,Tom Ryan,
nm5555747,Callie Hernandez,
nm5559566,Owen Bishop,
nm5586767,Jongman Kim,
nm5592330,Yaroslav Kirhach,
nm5604534,Tamara Chambers,1991
nm5620042,Lateicia Ford,
nm5627980,James G. Nunn,
nm5630743,Roberta Burns,
nm5688044,Sapna Pabbi,1985
nm5756788,Gerber Patrick,
nm5798596,Laura Nasoni,
nm5921321,Hemal Ranasinghe,
nm5934434,Mingshan Li,
nm5995708,Yasin Lubowa,
nm6004699,Tim Borys,
nm6006183,Jamaal Curry,
nm6011424,Sebastien Large,
nm6025867,Scott Oakley,
nm6089206,Kyle Kankonde,
nm6103501,Mónica Corral,
nm6128958,Hikaru Yamazaki,
nm6165038,Sakshi Maggo,
nm6183421,Enzo Attanasio,
nm6193437,Yuu Shinoda,1991
nm6196351,Buber Mak,1992
nm6229773,Anton Jude,
nm6270969,Martine Malalai Zikria,
nm6349661,Muhammed Gulecoglu,
nm6515066,Anton Weil,1989
nm6523480,Yûgo Mikawa,1994
nm6527269,Francis Marcil,
nm6573080,Curran Dobbs,1981
nm6575696,Yumna Marwan,
nm6578060,Katie Otten,
nm6623135,Julian Hilliard,
nm6702201,Lucas Rennebach,
nm6705787,Chiyo Murasaki,
nm6753991,Kate Thomsen,
nm6755006,Hana Sumilaite,
nm6784658,Anis,1940
nm6788820,Appunni Sasi,
nm6793833,Erin Sweed,
nm6837668,Jamie Smith,
nm6864622,Simone Corbisiero,
nm6891947,Lyna Khoudri,1992
nm6908870,Colleen Dodge,
nm6924159,Anna Chernisheva,
nm7064912,Candace Dixon,
nm7081485,Rodrick Dorsey,
nm7112009,Rohani Weerasinghe,
nm7179123,Thomas Mustin,1990
nm7190643,Rachel Chelsea Foster,
nm7219340,Carson Allen,1995
nm7225702,Eliane Chipia,
nm7246824,Nishith Brahmbhatt,
nm7269212,Emilija Latenaite,
nm7331081,Jessica Y. Martin,
nm7457633,Yuliya Zelenskaya,
nm7504215,Somu Chowdhury,1964
nm7527949,Angela Cole,
nm7534999,Wout Verstappen,
nm7578266,Lubing Li,1987
nm7587704,Kacper Olszewski,2001
nm7605654,Carson Rowland,
nm7661938,Daniell Cofer,
nm7662035,Hannah Martin,
nm7677571,Eepsita Hazarika,
nm7697360,Yukiko Maki,
nm7713302,Shiori Kamisaki,
nm7782043,Beverley McMillan,
nm7782063,Joe Caramanna,
nm7798667,Vache Erityan,
nm7820582,Mai Tamaki,
nm7897290,Wan-Kwong Lee,
nm7943677,Lolita Marcos,
nm7967336,Samvel Tadevossian,1993
nm7971356,Ella Kendall,
nm8033021,Monica Gill,
nm8050126,Sonia Kour,1993
nm8052653,Léonie Souchaud,2002
nm8054476,Lun Ai,
nm8065206,Shakti Maal,
nm8065943,Andy Ko,1997
nm8101697,Francisco Vitti,
nm8108071,Alevtina Danilenko,
nm8178680,Arthur Dean,
nm8204313,Tatsuya Shirato,
nm8263621,Christian Bables,
nm8280069,Millane Fernandez,
nm8290598,Anna Gibbs,
nm8308484,Lee Soo-min,2001
nm8312694,Vikash Patil,
nm8341089,Alexandra Cabada,
nm8361950,Nichele Lambert,
nm8402992,Daisy Edgar-Jones,1998
nm8403469,Shin Shimada,
nm8432165,Achmad Megantara,
nm8435168,Quavo,1991
nm8457558,Saurav Chakrabarti,
nm8491123,Chitra Wakista,
nm8499313,Liss Pereira,
nm8513869,Dante Montgomery,
nm8547970,Debojit Bhattacharya,
nm8576149,Rylee Gabrielle King,
nm8595063,Melanie Miranda,
nm8627581,Bill Morton,
nm8660970,Roman Brion,
nm8678236,Lala Karmela,1985
nm8686355,Monique Geerdink,
nm8705370,Electra Hallman,
nm8721279,Gadrick Chin,1987
nm8743660,Allie DiMiele,
nm8764535,Alex Bar,
nm8777468,Indra Jegel,1989
nm8812386,Shoaib Ibrahim,1987
nm8878489,Jason Wieder,
nm8931997,Yeshara Ruth,
nm8982949,Isaiah Locust,
nm9071083,Sara Ali Khan,1995
nm9102026,Nick Sapwell,
nm9128274,Adam Hollick,
nm9137961,Yurika,
nm9145616,Biruk Tebase,
nm9148197,J Ryan Carroll,
nm9151001,Lisa Andreu,
nm9169541,Chelsea Alexandria,
nm9238904,Amon Hirai,
nm9241185,Kim Jun-han,1983
nm9263753,Asuka Kawatoko,
nm9277423,Stephanie Marie Baggett,
nm9315698,Aino Kuribayashi,
nm9346047,Sara Berg,
nm9351994,Nelson Arrieta Jr.,
nm9365054,Kira Jackson,
nm9386560,Raha Khodayari,
nm9391454,Ceci Chui,
nm9397877,Taskya Namya,1994
nm9413032,Vittorio Barbagiovanni,
nm9477855,Mangala Madugalla,
nm9482709,Tommy van Lent,
nm9525285,Lepei Hu,
nm9549514,Ben Butler,
nm9567076,Valentina Sorice,
nm9577042,Timofey Alexandrov,
nm9585068,Surinder Farishta,
nm9588819,Aswin Jose,
nm9614826,Samantha Perera,
nm9626334,Toosweet Annan,
nm9677989,Gail Bloyd,
nm9678031,Okea Eme-Akwari,
nm9680919,Dora Dalgic,2007
nm9681341,Dipen Raval,
nm9742125,Phil Byrd,
nm9744724,Bhaskar Bora,
nm9844471,Luka Pilar,
nm9898793,Tenley Kellogg,
nm9914612,Nikia Wiggins,
nm9927999,Kidakarn Chatkaewmanee,
nm9933208,Vivek Singh,
nm0000162,Anne Heche,1969
nm0000190,Matthew McConaughey,1969
nm0001841,George Wendt,1948
nm0001971,Ewen Bremner,1972
nm0002350,Jim Meskimen,1959
nm0004906,Peter Facinelli,1973
nm0004920,Frances Fisher,1952
nm0004937,Jamie Foxx,1967
nm0024908,M. Amin,1924
nm0028222,Dimitri Andreas,
nm0051502,Junzaburō Ban,1908
nm0051784,Ljubomir Bandovic,1976
nm0051856,Victor Banerjee,1946
nm0069580,Cathy Belton,1970
nm0076482,Stefano Bernardin,1977
nm0090236,Jacqueline Boatswain,1962
nm0092608,Jenovéfa Boková,1992
nm0095696,Emily Booth,1976
nm0100333,David Boutin,
nm0101248,Peter Bowles,1936
nm0117369,Martin Brygmann,1963
nm0129464,David Calder,1946
nm0129812,David Cale,
nm0135574,Diego Cappuccio,
nm0139568,Teresa Carpio,1956
nm0156955,David Chiang,1947
nm0157716,Anthony Chinn,1930
nm0159867,Nicolaj Kopernikus,1967
nm0162072,Marina Cicogna,1934
nm0170559,Graham Cole,1952
nm0177138,Kali Cook,
nm0183548,Steve Coulter,1960
nm0188025,Anthony 'Treach' Criss,1970
nm0189200,Joseph Cross,1986
nm0227759,Peter Dinklage,1969
nm0230483,Dana Dogaru,1953
nm0241421,Amy Dumas,1975
nm0245988,Trine Dyrholm,1972
nm0250070,James L. Edwards,1972
nm0261064,Isaura Espinoza,1956
nm0276657,María Figueras,
nm0281107,Tommy Flanagan,1965
nm0290593,Lídia Franco,1944
nm0296350,Troy Fromin,1966
nm0297048,Peter Frödin,1964
nm0297552,María Rosa Fugazot,1942
nm0297675,Manami Fuji,1938
nm0299026,Betty Furness,1916
nm0312593,Tristan Gemmill,1967
nm0324845,Vikram Gokhale,1940
nm0326135,Tottie Goldsmith,1962
nm0349522,Javier Gutiérrez,1971
nm0359302,Tokue Hanazawa,1911
nm0361407,Jugal Hansraj,1972
nm0367951,Teruyo Hasegawa,
nm0368330,Ibrahim Pendek,1932
nm0372078,Saifei He,1964
nm0373780,Anita Hegh,1972
nm0376890,Leslie Hendrix,1960
nm0386252,Masato Hirano,1955
nm0387080,Bjarte Hjelmeland,1970
nm0389058,Philip Hoffman,1954
nm0393792,Robin Hooper,
nm0395947,Michiko Hoshi,1927
nm0408026,Kentarô Imai,
nm0414683,Anne Marit Jacobsen,1946
nm0426970,Dolly Johur,1953
nm0427963,Dot-Marie Jones,1964
nm0429768,Jared Joplin,
nm0430331,Dinis Gomes,
nm0452875,Masayoshi Kikuno,
nm0463539,Manisha Koirala,1970
nm0472912,Jim Krut,1946
nm0482300,Sreelakshmi,1975
nm0486761,Pascal Languirand,1955
nm0497691,Kuan-Chang Li,
nm0508561,Yi-Min Li,1953
nm0509748,Christine Lietot,
nm0513598,David Lipper,1969
nm0518310,Jean-Robert Lombard,
nm0522324,Faizon Love,1968
nm0530782,Slah Msadek,
nm0533832,Billy MacLellan,1974
nm0593330,Frances Mitchell,
nm0610699,Ladislav Mrkvicka,1939
nm0620173,Kyôko Nakamura,1961
nm0627245,Thierry Neuvic,1970
nm0643805,Uwe Ochsenknecht,1956
nm0644573,Tomoko Ogawa,1949
nm0644935,Eiko Ôhara,
nm0645237,Mitsuhiro Oikawa,1969
nm0648329,Udo Omar,1906
nm0665554,Supriya Pathak,1961
nm0682583,Donna Pieroni,
nm0703725,Maeve Quinlan,
nm0711110,Jim Rash,1971
nm0746162,Jean-Paul Rouve,1967
nm0762807,Miki Sanjō,1928
nm0768297,Virendra Saxena,1951
nm0770635,Reiner Schöne,1942
nm0782005,Ben Segers,1974
nm0783591,David Selvas,1971
nm0799544,Luciano Simioni,1948
nm0811242,Brittany Snow,1986
nm0816389,Ania Sowinski,1979
nm0831051,Otto Stoeckel,1873
nm0837247,Risa Sudou,1976
nm0851071,Jun Tatara,1917
nm0875465,Kôji Tsuruta,1924
nm0878240,Rita Tushingham,1942
nm0892704,Coralia Veloz,
nm0899703,Lies Visschedijk,1974
nm0905856,Daphne Wagner,1946
nm0950935,Rick Yune,1971
nm0951121,Sergey Yushkevich,1967
nm0952102,Zaiton,
nm0952624,Florin Zamfirescu,1949
nm0953586,Bahman Zarrinpour,
nm10006242,Airyn Gambin,
nm10013114,Klim Berdinskiy,2009
nm1002829,Joaquín Ortega,
nm10055965,Alex Losada,
nm10057332,John Michael Peeler,
nm10057575,Kai Xu,1995
nm10058464,Indra Geed Saputra,
nm10070800,Charlotte Grenat,
nm10267129,Matt Carton,
nm10269481,Masanosuke Hiraki,
nm10272021,Elisa Bourguet,
nm10275870,Lucía Bedoya,
nm10276231,Randy Derosia,
nm10277055,Vincent Tam,
nm10277187,Olesya Sugak,
nm10278479,Amy Ryan,
nm10278481,Biba Aslin,
nm10278990,Charly Blazy,
nm10280146,Aliaume Giret,
nm10282869,Dominique Duby,
nm10282874,Robert Magne,
nm10285028,Bora Cela,
nm10290591,Liran Hadaya,
nm10290594,Liat Saar,
nm10291764,Ali Mansour,
nm10292689,Erika Dukes,
nm10295767,Touichi Shirai,
nm10298694,Jason Dbks Hampton,
nm10303780,Sacia Burton,
nm10307102,Sabrina Michaels,
nm10307104,Izii Morris,
nm10308438,Tyson Scootff,
nm10312086,Diksha Sharma Raina,
nm10315882,Estefania Bavassi,
nm10316074,Jennifer Okechukwu,
nm10321341,Oh Eun-Ho,
nm10321698,Armando Alvizu,
nm10322976,Christina Steach,
nm10325531,Ciccio Manassero,
nm10331657,Raymond Gabbard,
nm10331661,George Gabbard,
nm10334616,Gionna Love,
nm10339100,Connor Anderson,
nm10339429,Amol Mahamuni,
nm10339742,Mousami Hadkar,
nm10341144,Boris Jausovec,
nm10348969,Angelika Hauff,
nm10349386,Amanda Hunt,
nm10349867,Shohruh Asadullayev,
nm10355526,Ryûhei Kusakari,
nm10356448,Kia Poetri,
nm10358002,Andra Manihot,
nm10359066,Heiner Bomhard,
nm10362809,Fernando Cabrerizo,
nm10364867,Hana Misora,1995
nm10364921,Tôko Namiki,1981
nm10369426,Mark Gonzales,
nm10369595,Lama Halder,
nm10371564,Marina Arango,
nm10372745,Maylada Susri,
nm10379181,Megumi Houjou,
nm10381424,Vishal Deshmukh,
nm10385412,Stefanie Forstner,
nm10385768,Shirzad Pirallahi,
nm10389481,Cass Huckabay,
nm10392025,Kamal Gaule,
nm10395063,Arturo Volpes,
nm10395515,Amit Shivdas,
nm10402213,Mehrang,
nm10402964,Madelief Smalbil,
nm1040365,Brandon T. Jackson,1984
nm10407319,Pedro Galiza,1986
nm10418807,Yashine Beekhrry,
nm10419131,John Hadinoto,
nm1042101,Antonio Cuevas,
nm10421125,Nagisa Sekimizu,1998
nm10421803,Max Barnett,
nm10423857,Sandra Monica Baker,
nm10425811,Chihiro Hayama,
nm10427692,Victoria Grace,
nm10430777,B. Sudhakar Sudarshan Rao,
nm10433009,Stanley Izu Okafor,
nm10434246,Asher Green,
nm10437839,Heather Galindo,
nm10440585,Eshita Shah,
nm10448674,Isaac Woodvine,
nm10450559,Atsushi Hiramoto,
nm10451089,Nez Demir,
nm10451613,Jillian Cunningham,
nm10451615,Megan Hughes,
nm10456689,Arlise Fletcher,
nm10459413,Jinda Ruan,
nm10459423,Brent Freeman,
nm10459963,Venu Bharadwaj,
nm10464233,Scott Walton,
nm10465366,Haruna Komatsu,
nm10467156,Luis Rojas,
nm10468303,Julius van der Laan,
nm10468983,Alicia Rodríguez,
nm10482619,Dennis Doddema,
nm10485401,Jackie Fox,
nm10490695,Jiivika Pillappa,
nm10491050,Jeremy Driver,
nm10492165,Wa Yan,
nm10508365,Terangi Brown,
nm10508459,Michel Brière,
nm10511277,Marian Louison,
nm10511703,Coleen Picard,
nm10518657,Joseph Marenus,
nm10521137,Sujan Gurung,
nm10521138,Dhupa Dura,
nm10526628,Shinan Chen,
nm10527338,Luz María Bonilla,
nm10528041,Marco Chichiriccò,
nm10528045,Luigi Goglia,
nm10528949,Jixiong Feng,
nm10529330,Dhanusha Dhanraj,
nm10531361,Qiguo Chen,
nm10532734,Mungo Hanslmayr,
nm10542698,Li Fuzhu,
nm1055050,Orhan Aydin,1961
nm10550834,Amélie Hoeferle,2002
nm10587276,Johnathan Butts,
nm1059103,Vivek Oberoi,1976
nm1061987,Jack Blades,1954
nm10669296,Arsh Hundal,
nm10712621,Lekesha R. Barnett,
nm10722073,Mayra Cabrera,
nm1075809,Zarnigyar Agakishiyeva,1945
nm10767802,Negar Ardalan,
nm10782391,Zahida Rafik,
nm10786123,Yuki Nishiyama,
nm10788333,Henry Morales,
nm10802681,Roger Dorman,
nm1080916,Hiroshi Chō,
nm10842579,Ilhan Cetinkaya,
nm10864580,Samay Tambe,
nm10890815,Ashiq.,
nm10893292,Choi Joon-Young,1988
nm1089541,Lifan Dong,1964
nm10919509,Katie Weis,
nm10919941,Kriti Sharma,
nm10930959,Dwayne Blango,
nm10994971,Saiee Manjrekar,1998
nm10996306,Saya Hirose,
nm11002694,Tia Lavallee,
nm1102002,Marcelo Melo,1946
nm11034913,Jake Blumrosen,
nm1106067,Navni Parihar,1964
nm11078918,Gurdeep Brar,
nm11136099,Rahul Koli,
nm1113658,Cho-Cho Lai,1906
nm11142338,Ganapathi,
nm11175487,Nicholas Pule Welch,
nm1117631,Yul Bürkle,1974
nm1118049,Véronique Fauconnet,
nm11205878,Cristiano Giammillari Patanchio,
nm11212832,Léopold Vom Dorp,
nm11224879,Faisal Azab,
nm11252292,Marijn van Wijk-Stalman,
nm1126143,Shigeo Hayashi,
nm1126338,Titi Kamal,1981
nm1130592,Michael Saquella,
nm11364111,Sophie Mergallyev,
nm11370203,Dhanya Ananya,1998
nm1148206,Anne-Pascale Clairembourg,
nm11483564,Jing Jiang,1984
nm11489855,Franco Heiler,
nm11503414,Sandra Personnic-House,
nm1152720,Haruhisa Kawada,
nm11600726,Uma Gavas,
nm11661109,Aaisha,
nm11676838,Martín Viale,
nm11683551,Deepak Shetty,
nm1171795,Tzu-Chiang Chao,1965
nm1171983,Patrycja Durska,1977
nm11741542,Farhan Rehman Khan,
nm1177197,Oliver Piper,
nm1182249,Ezzatollah Ramazanifar,
nm1183050,Makil Kulanbayev,1926
nm1183251,Vanessa Bueno,1979
nm1185843,Saeid Nickpour,
nm1187057,Jirō Satō,1969
nm11885597,Oscar Martinpelto,
nm1190847,Fina Rius,
nm11982837,Laurent Caselli,
nm11989351,Rii Ishihara,
nm11995543,Ahmad Abdulmunem,
nm12012458,Bibo Thabit,
nm1209545,Laverne Cox,1972
nm12191661,Karthik,
nm12197382,Gen Sugiyma,
nm1220945,Toshiyuki Ichimura,1920
nm12231890,Swati Dutta,
nm1223982,Reda Hamed,1954
nm1225348,Yat Ning Chan,1979
nm12285851,Madison Baines,
nm1241578,Yôta Kawase,1969
nm1242253,Meena Shorey,1921
nm12474073,Daniel Ndu,
nm12474856,Andrii Kyrylchuk,
nm1248798,Johnny Tri Nguyen,1974
nm1253217,Zhaoqi Shi,
nm12559803,Fawnda Bullshields,
nm1256532,Jon Bernthal,1976
nm12674559,Markku Fredriksson,
nm12698965,Candy,
nm12720511,Sandra Melissa Torres,
nm1273487,Yuzhi Zheng,1936
nm12875601,Benjamin Paul Clark,
nm1287636,Malcolm David Kelley,1992
nm1288981,Hosein Yari,
nm1308017,Laurence Oltuski,
nm13244816,Ichirô Kitani,
nm13665356,Manhô Mimasu,
nm1367490,Bruna Marquezine,1995
nm1394379,Reiko Miyama,
nm14154573,Murat Arslan,
nm14176594,Yawen Xu,
nm14214690,William Alberto Montoya,
nm1428706,Naomi Hoshi,
nm1428821,Joey King,
nm1432957,Vijay Patkar,1963
nm1445482,Wayne Gordon,
nm1451209,Lokmani Sapkota,
nm1452246,Jun'ichi Tanaka,
nm1457088,Talia Zucker,
nm1505002,Arturas Orlauskas,
nm1509089,Laurence Yayel,
nm1538552,Michela Cescon,1971
nm1539366,Sencan Güleryüz,1972
nm1548957,Andres Dvinjaninov,1966
nm15601334,Thakur Proshad,
nm1564082,Christina De Leon,
nm15677957,Divyaraj Vikramsinh Bihola,
nm1572339,Vijay Kadam,1957
nm1586922,Jesus Ruiz,
nm15967247,Pooja Kankate,
nm16393675,Hrafney Hólm Sindradóttir,
nm16509319,Elizabeth Cuno,
nm1654929,Takeryoku Iwai,
nm1662153,Takeo Minato,
nm1679381,Suruli Rajan,
nm1687610,Grégory Gadebois,1976
nm1705656,Rosanne Mulholland,1980
nm17163927,Ramón Alós,
nm1717477,Grace Kinirons,
nm1717582,Jennylyn Mercado,1987
nm1724635,George Sidhom,1938
nm1726111,James Tucker,
nm1738264,Takahiro Mizushima,
nm17479596,Ballitronica,
nm1759945,Margarita Breitkreiz,1980
nm1764351,Nicky Whelan,1981
nm1795697,Caetano Gotardo,
nm1802022,Michael J. Arbouet,1971
nm1816193,Richard Mofe-Damijo,1961
nm1864017,Maria Olsen,1966
nm1903154,Poal Cairo,1973
nm1912683,Karthi,1977
nm1943060,Valeriya Lanskaya,1987
nm1960985,Rommel Valdez,
nm1970665,Mutsuo Yoshioka,1976
nm1975511,Hôshi Ishida,1990
nm2053808,Li Sha,
nm2071924,Ergün Demir,1969
nm2120530,Rico Bruce Wade,
nm2134954,Bimbo Manuel,1958
nm2144343,Karim Akbari Mobarakeh,1953
nm2159926,Jake Johnson,1978
nm2167051,K. Bujji Babu,
nm2202294,Volkan Cal,1980
nm2215249,Hossein Eshragh,
nm2242145,Maliheh Ebrahimi,
nm2260105,Mahmood Tehrani,
nm2306680,Gulnihal Demir,1953
nm2311069,Alex Anton,1994
nm2322442,Yves Blanc,
nm2325393,Zachary Gordon,1998
nm2352896,Lisa-Marie Koroll,1997
nm2384460,Feng-Chen Chen,
nm2395510,Asami Kumakiri,
nm2445350,Mónica Antonópulos,1982
nm2464706,Jackson Beals,
nm2481285,Julien Gaspar-Oliveri,
nm2493819,Toshizō Kudō,1928
nm2509334,Rui Spranger,1971
nm2510035,Yoav Levi,
nm2518312,Anwar Hossain,1931
nm2547466,Pilla Prasad,
nm2554070,Luke Brandon Field,
nm2566548,Michael Newman,
nm2569810,Stephanie Charles,
nm2584298,Kelen Coleman,
nm2600157,Nicholas Harsin,1995
nm2622922,Tele Samad,1945
nm2623983,Helmi Dridi,
nm2647004,Vienna Hehir,
nm2649764,Alec Secareanu,1984
nm2669366,Shadaan Felfeli,
nm2672980,John H. Euber,
nm2680269,Giannis Kyfonidis,
nm2686604,Barbara Kurdej-Szatan,1985
nm2690647,Pankaj Tripathi,1976
nm2716106,Pouria Poursorkh,1975
nm2723283,Maaike Martens,1976
nm2765435,Alexander Mercury,1983
nm2805533,Nathan Stewart-Jarrett,
nm2815817,Tatsuo Fukano,
nm2837044,Anna Lutseva,1984
nm2855184,Jeska Lee Ruiz,
nm2855195,Sveinn Ólafur Gunnarsson,
nm2906035,Fred Maamar Fortas,
nm2927936,Vüsal Murtuzaliyev,
nm2933926,Geetika Tyagi,
nm2964387,Noni Stapleton,
nm2978707,Ren Bray,1982
nm2999289,Ence Bagus,
nm3008388,Michael Fredianelli,1980
nm3033768,Benjamin Baclet,
nm3055344,Joe Roche,
nm3138181,Qin Li,1990
nm3140968,Sergey Kudryashov,1993
nm3150764,Nelo Gómez,
nm3175230,Kalabhavan Shajohn,1977
nm3198758,Jared Shipley,
nm3213784,Mehran Ahmadi,1974
nm3221421,Jacob Ryan Snovel,
nm3252731,Saksham Dayma,
nm3265325,Astrid Meloni,
nm3269037,Husn Ara,
nm3272216,Noa Biron,
nm3276965,Candil,1974
nm3312312,Marisa Abela,1996
nm3314099,Aura Kasih,
nm3315713,Lee Si-young,1982
nm3428866,Václav Neuzil,1979
nm3446914,Julien Lacroix,
nm3457543,Dani Thompson,1983
nm3458100,Katsuhito Nomura,
nm3465006,Chittaranjan Tripathy,
nm3471660,Atsuo Tanaka,
nm3580368,David Dotterer,
nm3587952,Carla Quevedo,1988
nm3600675,Titus Makin Jr.,1989
nm3606427,Atharvaa Murali,1989
nm3704920,Fernanda Orazi,
nm3714815,Adam Ginsberg,
nm3719472,Cengiz Güçlü,1968
nm3733434,Jemima Kirke,1985
nm3753357,Vaibhavi Jagdish,
nm3761856,Shahid Hameed,1950
nm3815831,Zed Zaidi,
nm3838468,Tevfik Inceoglu,1967
nm3841030,Yaakov Zada-Daniel,1979
nm3888269,Christina Hovaguimyan,
nm3933278,Scott Friend,
nm4006538,Yiu-Lam Chan,
nm4064496,John Hope,
nm4068733,Mel Heflin,
nm4079236,Victoria del Rosal,
nm4087606,Freya Mavor,1993
nm4122123,Pierpaolo Vitale,
nm4187131,Aleksey Markov,
nm4188433,Jaideep Ahlawat,1978
nm4194237,Maxim Khalil,1978
nm4222026,Michelle Cox,
nm4228424,Rihards Lepers,1985
nm4252250,Junko Abe,1993
nm4296325,Jobert Austria,
nm4307810,Bianca Kronlöf,1985
nm4402043,Jason Scott Morgan,
nm4447609,Sreejita De,1989
nm4452726,Atul Sharma,
nm4470621,Shahzoda Matchanova,1987
nm4498494,Jesse Tayeh,
nm4544506,Pierre Lottin,1989
nm4549887,Michael W. Green,
nm4558335,Erik Enge,1996
nm4572072,Piercey Dalton,1980
nm4576084,Sean Gunnell,1988
nm4607195,Mousaed Khaled,
nm4629732,Pyotr Kudryashov,1958
nm4640983,Talita Zara,
nm4658298,Maíra Senise,
nm4711349,Jennifer Khoe,
nm4713909,Jacek Beler,1983
nm4718099,Steven Lockyer,
nm4730026,Kenzie Pallone,
nm4736209,Payal Rajput,1992
nm4785118,Ayane Sakura,1994
nm4789591,Tamberla Perry,
nm4843872,Patrícia Niedermeier,
nm4879374,Konstantinos Koukoulis,1987
nm4951025,Stacey Bradshaw,1986
nm5017316,Stephanie Stevens,
nm5037848,Dayana Velver,
nm5065067,Mari Idaka,
nm5089493,Germán Baudino,
nm5138874,Paulo Calatré,1976
nm5169536,Nanako Kaneko,
nm5178443,Michael Cambier,
nm5178472,Caleb Thomas,
nm5181236,Toyonosuke Arashi,
nm5199382,Florin Opritescu,1979
nm5207334,Akihiro Blanco,
nm5269143,Kyle Kaminsky,
nm5270569,Damilola Adegbite,
nm5291578,Badger Skelton,
nm5294158,Patricia Summersett,
nm5353990,Tomoki Hirose,1987
nm5359536,Alexis G. Zall,1998
nm5389665,Jana Majeská,1982
nm5394892,Bandi Amuk,
nm5445304,Russell Hackett,
nm5481013,Kaito Ishikawa,1993
nm5496605,Chris James Boylan,
nm5503026,Ashley Lynn Caputo,1973
nm5615167,Sshivada,1986
nm5662522,Kovács Kornél,
nm5698254,Oleksandr Yarema,
nm5702703,Eliza Sica,1991
nm5733634,Josema Pichardo,1991
nm5739775,Asha Annais,
nm5744645,Mark St. Cyr,
nm5781348,Dandara de Morais,1990
nm5796586,Sophie Jones,
nm5828513,Stephany Liriano,
nm5856619,Amélie Peterli,1997
nm5876585,Tamir Ginsburg,
nm5987973,Antonio Anzilotti De Nitto,
nm6030704,Bogdan Farcas,1980
nm6040987,Sonam Bajwa,1990
nm6050501,Kentarô Itô,1997
nm6055227,Farhan,
nm6088065,Jacquelynne Faith,
nm6134388,Shanon Kulupach,
nm6194569,Kaoru Onodera,
nm6239828,Agatha Chelsea,2001
nm6310844,Monisha Hassen,
nm6312294,Erika Belisle,
nm6394314,Étienne Blanchette,
nm6521557,Ken Do,
nm6566578,Jung Jinyoung,1991
nm6619662,Yuanhui Luan,
nm6654547,James Achille,
nm6657652,Connor Sullivan,1992
nm6669135,Owen Patrick Joyner,2000
nm6691624,Rick Jermain,
nm6703408,Vitaliy Gostyukhin,
nm6812114,Yûki Okita,
nm6848039,Veronika Lukyanenko,2002
nm6917808,Gilbert Gauthier,
nm6921368,Yuhua Hamasaki,
nm6953665,Salman Arif,
nm6956662,Tenisi Davis,
nm6981797,Ray Morgis,
nm7063893,JorgeTheObscene,
nm7088715,Lucila Madeo,
nm7165192,Halil Ibrahim Polat,
nm7170644,Nanami Hidaka,
nm7197398,Tuna Aksen,
nm7275967,Jake Red,
nm7316038,Shalani Tharaka,
nm7339148,Justin Talarski,
nm7434647,Gintare Latvenaite,1980
nm7454102,Nuala McGowan,
nm7480411,Amber Wedding,
nm7509519,Benedikt Sebastian,
nm7532664,Leonard Kunz,1992
nm7609206,Adjis Doaibu,
nm7613067,Teng Shen,1979
nm7624324,Nika Savolainen,
nm7627014,Swati Verma,1978
nm7665998,Austin Jansma,
nm7687161,Aycan Koptur,1994
nm7699591,Sunil George,
nm7737710,Magdy Bader,1970
nm7747251,Lily Richards,1994
nm7778748,Raymond A. Smith,
nm7788269,Ryôta Kobayashi,
nm7794816,Sara Klimoska,1994
nm7821993,Ayumi Kimito,
nm7822046,Shishi Kubo,
nm7885560,Ahmed Razaghi Khorasani,
nm7893878,Maan de Steenwinkel,
nm7928683,Yijuan Su,
nm7979536,Luisa-Céline Gaffron,1993
nm8004316,Remzi Bilyalov,
nm8008780,Prakash Ghimire,
nm8076281,Emma Mackey,1996
nm8116432,Jean Eckian,
nm8140155,Jawhar Basti,
nm8141494,Davide Merlini,
nm8192952,Emilie Kroyer Koppel,2002
nm8206788,Naresh Narasimhan,
nm8232273,Mahmood Shafiekhani,
nm8328802,Tran Thanh,1987
nm8358336,Wasantha Kumarawila,
nm8358337,Mihira Sirithilake,
nm8359418,Nirosha Thalagala,
nm8387572,Anya Singh,1992
nm8485804,Skip Wijsmuller,
nm8509764,Bob DeBartolo,
nm8513878,Hector Delgadillo,
nm8605837,Behafarid Ghafarian,
nm8720708,Trudy Walker,
nm8723487,Vaibhavi Bhatt,
nm8796806,Shane Hillier,
nm8808118,Lydia Peckham,
nm8828885,Ana Phylactic,
nm8910767,Jitzel Galicia,
nm8958982,Azuki,
nm8988411,Marc Fraize,
nm9048430,Marine Chesnais,
nm9061367,Koya Kishore,
nm9083111,Kii Hornick,
nm9086738,Nathanael Abbott,
nm9093659,Mark Denham,
nm9101150,Sarah Marie,
nm9105280,Ethan Liban,
nm9146558,Margarita Abroskina,1994
nm9147811,Midori Wakayanagi,
nm9177070,Artyom Leshchik,1979
nm9185326,Daniel Brooks,
nm9193672,Anna Chanel Reimer,
nm9200426,Ana Valeria Castillos,
nm9201744,Yaad Grewal,
nm9207663,Vaishnavi Patwardhan,
nm9268739,Vicky Kadian,
nm9329401,Jeremy Gallagher,
nm9336526,Abhishek Khanna,
nm9377694,Dawid Sciupidro,1994
nm9406394,El Jeffrey,
nm9433015,Gihan Fernando,
nm9443054,Joshua Spudeno,
nm9464624,Andreas Ströbl,
nm9469926,Cong Liu,1989
nm9498864,Tilak raj Joshi,
nm9508060,Bandula Wijeweera,
nm9518014,Dorakira,
nm9576953,Emma Nichols,
nm9578670,Jeff Giroux,
nm9605278,Chandika Nanayakkara,
nm9610124,Senarath Gunasekara,
nm9623215,Tugce Karaoglan,
nm9649501,Clavetia Charles,
nm9655821,Aki Azuma,
nm9656000,Ryôko Sugie,
nm9667041,Sabrina Cheung,1994
nm9788369,Nidsbelle Guzmán,
nm9790051,Anna Ferrara,
nm9859585,Vilhelm Blomgren,
nm9879822,Joshua Malekos,1997
nm9895876,Emily Buckner,
nm9926931,Sulafa Ewaishiq,1970
nm9933534,Sander Blanken,
nm9967887,Dave Dyer,
nm9976563,Contessa Treffone,
nm9992117,Alexandra McDonald,
nm9993103,Brianna Temple,
nm9993478,Hajime Wakaba,
nm0000129,Tom Cruise,1962
nm0000154,Mel Gibson,1956
nm0001828,Melora Walters,1960
nm0001970,Klaus Maria Brandauer,1943
nm0002027,Ben Cross,1947
nm0005438,Jeremy Sisto,1974
nm0005532,Kate Walsh,1967
nm0006764,Sonali Kulkarni,1974
nm0019382,Mohammad Ali,1968
nm0028286,Gogó Andreu,1919
nm0033389,Pascale Arbillot,1970
nm0034884,Masako Arisawa,1937
nm0046541,Larry Bagby,1974
nm0051397,Jamie Bamber,
nm0058537,Isolde Barth,1948
nm0119193,Nonie Buencamino,
nm0120698,Dan Buran,1974
nm0149218,Chafûrin,1961
nm0156533,Nick Cheung,1967
nm0158101,Chiquito,1928
nm0173160,Jerry Colonna,1904
nm0183660,Clotilde Courau,1969
nm0199133,Marc Danbury,
nm0209337,Dido de la Paz,1956
nm0216016,Ken Del Vecchio,
nm0221732,Sylvie Dessartre,
nm0222426,Ajay Devgn,1969
nm0228912,MacIntyre Dixon,1931
nm0231873,Cristina Donadio,1954
nm0266528,Dennis Falt,1948
nm0292719,Jon Freda,1950
nm0297669,Hiroko Fuji,1941
nm0297869,Kamatari Fujiwara,1905
nm0304282,Valentin Ganev,1956
nm0308391,C. Andrew Garrison,
nm0309575,Jon-Paul Gates,
nm0314554,Elio Germano,1980
nm0314578,Chloé Germentier,
nm0314606,Félix Germán,1957
nm0346658,Iliana Guibert,
nm0351719,Ping Ha,1937
nm0352646,Daniel Haddad,1987
nm0352764,Matěj Hádek,1975
nm0359226,Yuriko Hanabusa,1900
nm0359271,Tatsuo Hanabu,
nm0370644,Narutoshi Hayashi,1931
nm0375793,Thoraya Helmy,1923
nm0376720,Eleonore Hendricks,
nm0385612,Michele Hine,
nm0387033,Nobuyuki Hiyama,1967
nm0388732,Stig Henrik Hoff,1965
nm0407520,Bakhtiyer Ikhtiyarov,1940
nm0408309,Celia Imrie,1952
nm0411770,Yūnosuke Itō,1919
nm0415416,Mahmoud Jafari,
nm0419710,Mervyn Jayathunga,
nm0420889,Julika Jenkins,1971
nm0424848,Dakota Johnson,1989
nm0430817,Sharman Joshi,1974
nm0439312,Niki Karimi,1971
nm0456832,Salih Kirmizi,1954
nm0462013,Keiju Kobayashi,1923
nm0463753,Ergun Köknar,1934
nm0465531,Kōji Nanbara,1927
nm0482656,Man-Chung Lam,1959
nm0494270,Véronique Le Flaguais,1947
nm0520064,George Lopez,1961
nm0523592,Mabel Lozano,1967
nm0535295,Roman Madyanov,1962
nm0542343,Kalabhavan Mani,1971
nm0586520,Miki Maya,1964
nm0592799,Sanjay Mishra,1963
nm0596681,Enrique Molina,1943
nm0621870,Adile Naşit,1930
nm0621987,Ali Nasirian,1935
nm0624383,Toshie Negishi,1954
nm0632761,Masahiko Nishimura,1960
nm0655761,Pilar Padilla,1970
nm0657810,Cécile Pallas,1966
nm0680795,Siân Phillips,1933
nm0684187,Joe Pingue,1972
nm0692996,Stephania Potalivo,1986
nm0722088,Hassan Rezai,
nm0734689,Crystal Sierra Rodgers,
nm0758545,Khalid Salleh,1948
nm0784094,Mazlan Senario,1969
nm0784854,Iranganie Serasinghe,1927
nm0785264,Assumpta Serna,1957
nm0849916,Chung-Hua Tou,1962
nm0862820,Dov Tiefenbach,1981
nm0875356,Takashi Tsukamoto,1982
nm0879888,Dorottya Udvaros,1954
nm0879971,Kenjirō Uemura,1914
nm0947989,Erdal Yildiz,1966
nm10009653,Xiaopeng Huang,
nm10045309,Jonathan Galanis,
nm10054569,Vlada Fox,
nm1007154,Giorgi Gurgulia,1964
nm10139646,Thomas Espinera,
nm10140456,Georgiy Bessonov,1984
nm10165243,Rebecca Haubrich,
nm10183171,Yunpeng Xie,
nm10191071,Chimbala,
nm10204537,Lottie Sicilia,
nm10211053,Marcos Cano,
nm10221978,Sead Sabotic,
nm10235353,Manasvi Kottachi,
nm10251277,Marija Linarte,1993
nm10255221,Stefanie Philipps,
nm10277050,Tomo Kelly,
nm10279362,Hideko Nawa,
nm10284551,Gabrielly Bertolino,
nm10285152,Staffanson Gayle,
nm10288309,Juliette Augier Crespin,
nm10288337,Marcello Baraghini,
nm10288340,Alessio Maggiani,
nm10292618,Atty. Edmundo Magpantay,
nm10293292,Julia Romanovich,
nm10295079,Buky Campbell,
nm10295080,Niyi Campbell,
nm10297082,Dinithi Walgamage,
nm1029928,Kotobuki Hananomoto,
nm10301996,Hairat Anghez,
nm10302537,Rob Roche,
nm10303956,Moritz Gaber,
nm10307168,Caterine Wadson,
nm10308177,Josetxo Aldaz,
nm10308212,Minas Asryan,
nm10308242,Abhishek Kumar,
nm10311794,Kayla Buggs,
nm10312087,Vamsee Raj,
nm10313352,Mana Iwasaki,
nm10317255,Mustafa Afacan,
nm10317948,Satish Agashe,
nm10326802,Daulet Beysembaev,
nm10330910,Montu Deuri,
nm10333195,Karl King,
nm10337044,Vasant Avsarikar,
nm10339444,Rahul Chvare,
nm10340069,Arsen Dzasokhov,
nm10341142,Jurij Husar,
nm10348166,Kimiko Tachibana,
nm10349259,Carol Härtig,
nm10349458,Sean Maloney,
nm10350160,Fyma Agrippa,
nm10350933,Svetlin Roussev,
nm10358001,Dedi Moch Jamasari,
nm1036181,Mike Vogel,1979
nm10362193,Nick Abel,
nm10364123,Iroha Narumiya,
nm10364605,Mirai Sunohara,
nm10367051,Sharvary Joshi,
nm10367776,America Zerpa,
nm10369268,Jace Carpenter,
nm10369648,Mon,
nm10370314,Zahara Montoya,
nm10370504,Sean Patrick Murtagh,
nm10372348,Edinson Boorosky,
nm10377641,Kübra Özyildiz,
nm10379067,Mohan Kanade,
nm10381531,Bri Hux,
nm10381538,Jazz,
nm10384216,OnKar Bhullar,
nm10384356,Anabell Grieß-Nega,
nm10387665,Joey Simpson,
nm10388311,Sam Waters,
nm10388684,Chantelle Naisola,
nm10389251,Kuang-Po Chang,
nm10390402,Lyndsay Maedel,
nm10395065,Marco Criscenzo,
nm10395998,Ke Ren,
nm10396292,Xander Pineda,
nm10396624,Monika,
nm10396880,Zéphirin Nguyen,
nm10398725,Emad Al Youssef,1962
nm10399380,Colin Kolasny,
nm1040307,Hadrian Hooks,
nm10407950,Artur Zolo,
nm10410351,Nadine-Sara Lüthi,
nm10411840,Abishek Ambareesh,1993
nm10412586,Romesh Sugathapala,
nm10419373,Munni Pankaj,
nm10420626,Rute Jeremias,
nm10425803,Antonio Pires do Maciel,
nm10427468,Shawnte Keever,
nm10428099,Anna Bonachera,
nm10428845,Jolly Uwa-Odeh,
nm10431129,Philipp Peter Heidegger,
nm10431281,Stephen Zavitsanos,
nm10434855,Asami Mimura,
nm10437998,Kim Young Sam,
nm10438101,Leslie Insell,
nm1044653,Ah-Niu,1976
nm10450232,Madhi Panditharathna,
nm10454483,Angus W. Johnson,
nm10456641,Lilah Straaten,
nm10458798,Courtney Haynes,
nm10459749,Kaveesha Kavindi,
nm10464506,Great Sapol Assawamunkong,
nm10467060,Raja Dutta,
nm10467492,Sudharshan Shylashri,
nm10471701,Alex Guerra,
nm10471873,Viraj Rane,
nm10474556,Hemlata Bane,
nm10474795,William Boo,
nm10477839,Payap Khamphan,
nm10485137,Cem Okyay,
nm10491056,Audrey Bryce,
nm10491235,Kalu Rana,
nm10492243,DeVon Scott,
nm10496598,Seema Siha,
nm10496842,Rasyid Albuqhary,
nm10498054,Kianna Ditren,
nm10501331,Yakir Portal,
nm10503421,Tiet Cuong,
nm10511271,Gabriela Fernandez Bisso,
nm10513493,Camila Diez,
nm10513570,Chardon Black,
nm10514928,Naledi Majola,
nm10515528,Arthur Mitchell,
nm10520201,Pierre Porquet,
nm10520205,Frederic Pare,
nm10520917,Katherine Liu,
nm10521976,Prashant Bhargav,
nm10525920,Tashi Penjor Dorji,
nm10525922,Kinley Dorji,
nm10529688,Leyla Roy,
nm10530468,Isabella Cegarra,
nm10532833,Bella Cominio,
nm10537557,Andrew,
nm10556270,Ariana Kelly,
nm10571929,Vinoth Sridhar,
nm10581289,Urko Mitxelena,
nm10587241,Reese Acuff,
nm10591087,Lori Bullock,
nm10598693,Paulina Brusca,
nm10619054,Devkumar Deva,
nm10637541,Sasa Bjelic,1972
nm10662237,Dawood,
nm1066396,Ranjith,
nm1067557,Verónica Lange,
nm10675588,Nora Renosi,
nm10680093,Giorgio Dilluvio,
nm10710511,BeBe Orleans,1996
nm10744376,Mahender Nath,
nm10777053,Ivo Mesquita,
nm10786231,Riccardo Bortoluzzi,
nm10809623,Jodi Graham,
nm10840211,Sirena Segura,2013
nm10854486,Clara De Gasquet,
nm10877188,Stef Assen,
nm10877189,Annie Beumers,1926
nm10880962,Eric B. Robinson Jr.,
nm1102191,Takumi Saitō,1981
nm11025966,Apporva,
nm11056797,Keenan Proctor,
nm11069554,Kumar Arasegowda,
nm1108739,Bidyut Chakraborty,
nm11095634,Cheng Ko,
nm11102591,Ramiar Fehim,
nm11112408,Katharina Frommann,
nm11112420,Can Ali Karaman,
nm11130414,Delya De Medina,
nm11142357,Durga,
nm11291873,Marley Chesham,
nm11364113,Amelia O'Hara,
nm11410408,Veronika Norina,1989
nm1141172,Valeriy Degtyar,1955
nm11426880,Anjana,
nm11486683,Jang Se-ah,1987
nm11534592,Sanjeev Johri,
nm11777606,Sendy Febrina,
nm11796883,Kuo-Tsun Chen,
nm11844129,Bertrand Joanny,
nm11883215,Agape Browall,
nm12012221,Tony Voeller,
nm12012459,Lapo Schleifer,
nm12081801,Kellen Case,
nm1209657,Yûya Endô,1987
nm1215228,Pyotr Fyodorov,1982
nm12191663,R. Shankargowda,
nm12292817,Pep Sarrà,
nm1233224,Fan Liao,1974
nm1242118,Daniel Retuerta,1989
nm12454992,Andy Gamboa,
nm12474069,Kekeocha Emmanuel,
nm12485297,Marc Pistono,
nm12513526,Eve Van Rens,
nm1257934,Natalie Minnevik,1991
nm12640572,Elliot Conroy,
nm1268637,Daniel Grao,1976
nm1268681,Wilson Gunaratne,
nm12805106,Pere Codorniu,
nm1286167,Peter Jordan,1967
nm12875669,Marc Bettinelli,
nm1292111,Asier Etxeandia,1975
nm13154963,Nephi Craig,
nm13213269,Tripti Sahu,
nm13347280,Mats Eriksson,
nm1359992,Reiko Kobashi,
nm13611675,Ikbal Harbi,
nm1363801,Kôji Kosugi,
nm1364624,Kinnosuke Takamatsu,1898
nm1367625,Asghar Naghizadeh,
nm1367730,Pasupathy,1969
nm13721922,Paul Carter,
nm1373129,Toni Gonzaga,1984
nm1382817,Maria Flor,1983
nm13870415,Manoj Balaji,
nm1392366,Masako Yanagi,1907
nm1395864,Angela Dixon,
nm1415008,Jagath Beneragama,
nm14176590,Yuankun Zhang,
nm14251621,Mo Kenney,
nm1429888,Jeremy Ryan Good,1980
nm1431568,Sphadikam George,
nm14365844,Pehalwan Nandram,
nm14446252,Mangesh Rao Kangane,
nm14558027,Pat Diablo,
nm1475361,Franklin Ojeda Smith,
nm1482999,María Valverde,1987
nm1485628,Lidiya Ashrapova,1935
nm1495359,Valentin Samokhin,1973
nm1509057,Inger Tudor,
nm15135802,Yeye Asheti Bey,
nm15269233,Malihe Roshan,
nm1535093,Natascha Hopkins,
nm1548130,Salah Eddine Benmoussa,
nm1564072,Lenora Crichlow,1985
nm16129922,Hua Guo,
nm16229997,Malaysia Petronilia,
nm1630993,Mark Casamento,
nm16424129,Chinna,
nm1650197,Faghiheh Soltani,1974
nm16527382,Enke Buren,
nm1665855,Kikuko Tachibana,1909
nm1666970,Stuart Lumsden,
nm1671589,Simona Nasi,
nm1676221,Andy Samberg,1978
nm1683306,Kalina Kitten McCreery,
nm1690408,Maggie Pearson,
nm16905891,Azhar Ali Bhuiyan,
nm1694675,Josh Perry,
nm1713632,Sarah Butler,1985
nm1745762,Ana María Rossier,
nm17479623,Albert the Peacock,
nm1762618,Baharul Islam,1964
nm1764169,Carrie Keagan,
nm1767186,Toru Kashihara,
nm1777809,Simon Chin,
nm1794478,Wally Bayola,
nm1795849,Leandro Hassum,1973
nm1795945,Scott Hodges,
nm1796211,Bikramjeet Kanwarpal,1968
nm1807925,Morten Holst,1982
nm1807968,Ron Ng,1979
nm1823114,Paola Sotgiu,
nm1831995,Uchenna Agu,
nm1832009,Faik Ahmet Akinci,1956
nm1861741,Yasar Üzer,1956
nm1867913,Eddie Goines,
nm1875890,Jennifer McCabe,
nm1894124,Seiji Nakamitsu,1962
nm1925239,Jack O'Connell,1990
nm1925543,Shai Fredo,
nm1941730,Jesús Carroza,1987
nm2068871,Erica Duke,1983
nm2071960,Emma Dupont,
nm2075061,Gabe Morris,
nm2099247,Marcelle Bittar,1982
nm2113653,Richard Harmon,1991
nm2118613,Mehrab Ghasemkhani,
nm2141178,Ascanio Celestini,1972
nm2146863,Ariane Aggiage,
nm2156120,Mariano González,
nm2210947,Natalie Victoria,
nm2240830,Danish Husain,
nm2290624,Bjarni Gautur,1989
nm2292615,Freddy Viquez,
nm2331110,Giselle Batista,1986
nm2331586,Akira Azuma,
nm2332149,Farahnaz Manafi Zaher,
nm2346091,Toni Junyent,1983
nm2363115,Zen'ichirō Yasuda,
nm2367277,Susumu Akagi,
nm2404908,Beau Fowler,
nm2417194,Andrea Guasch,1990
nm2475486,Mariko Kitazawa,
nm2500160,Puneeth Rajkumar,1975
nm2517742,Rajesh Shringarpure,1977
nm2525214,Yavuz Çetin,
nm2531116,Steven Dasz,
nm2538783,Jamieson Lee,
nm2540126,Gokulam Gopalan,1944
nm2551311,Lotte Verbeek,
nm2552308,Güler Isik,
nm2554724,Noël Baker,1988
nm2580536,Elen Rhys,1983
nm2619970,Ivan Schetko,
nm2639149,Ching-Feng Chiang,
nm2650306,Myeong-hwan Han,
nm2705154,Duygu Paracikoglu,1981
nm2725254,María León,1984
nm2741897,Andres Oja,
nm2750217,Réka Molnár,
nm2751064,Kôzaburô Kataoka,
nm2759672,Shahla Yoosefi,
nm2778815,Bharat Ganeshpure,
nm2799390,Rubi Rubi,1966
nm2810374,Terri Lawrenz,1972
nm2832695,Deborah Ann Woll,1985
nm2847166,Siddharth Jadhav,1981
nm2847284,Lionel Lingelser,
nm2855554,Mark Fleischmann,1973
nm2865703,Masei Nakayama,1988
nm2875282,Rod Felix,
nm2932485,Shahrad Banki,1979
nm2932868,Yôko Hikasa,1985
nm2933542,Boyd Holbrook,1981
nm2949798,Nasira,
nm2954690,Stephen Todt,
nm2966556,G.R. Perera,1939
nm2968409,Scott Campbell,
nm3001967,Teru Yoshinari,
nm3029704,Anna Billò,
nm3045468,Drew Kyle,
nm3053855,Vanessa Guide,1989
nm3126325,Medina Senghore,1977
nm3129993,Chris Walters,
nm3132784,Kishore Kumar G.,1974
nm3138980,Bing Bai,1986
nm3237372,Luis Velazquez,
nm3260126,Kung-Wei Lu,1967
nm3333734,Jan Sklenář,1978
nm3397660,Sudheer Karamana,
nm3435229,Silvia Alonso,1989
nm3444063,Hamid Ebrahimi,
nm3486258,Raimondo Livolsi,
nm3590037,Yamamoto Kazuyoshi,
nm3593738,Anna McGahan,1988
nm3600447,Sarah Schoofs,1981
nm3612551,Estella Etim-Mbuk Edem,
nm3648279,Dhanraj,
nm3664729,Jake Levitt,
nm3674756,Dolly,
nm3675413,Khalil Zghayou,1986
nm3713533,Jiban Panda,
nm3752091,Kenny Basumatary,1980
nm3768173,Jerry Hoffmann,1989
nm3792384,Karamjit Anmol,1972
nm3834729,Rohitha Mannage,
nm3860014,Shôtarô Mamiya,1993
nm3887158,Maitina De Marco,
nm3976580,Beau Yotty,
nm4027445,Rafal Zawierucha,1986
nm4043111,Vijay Sethupathi,1978
nm4115259,Roopesh Peethambaran,
nm4122165,Dean Kyrwood,
nm4173692,Ninh Duong Lan Ngoc,1990
nm4181215,Cody Kearsley,1991
nm4260791,Emanuele Leone,
nm4263664,Noriko Chizuki,
nm4291539,Kendra Leigh Timmins,1992
nm4307210,Shruti Marathe,1985
nm4340580,Selen Öztürk,1980
nm4399265,Daisha Fields,
nm4468587,Shekhar Phadke,
nm4496545,Lenka Vavrincíková,1986
nm4537347,Sergey Sobolev,1975
nm4544694,John Scott-Richardson,
nm4593114,Simon Mead,
nm4623342,Marny Godden,
nm4630173,Mickey O'Sullivan,
nm4630525,Carl Bailey,
nm4715711,Ciera Angelia,
nm4763574,Anula Karunathilaka,
nm4787081,Gnanasambandan Gurunathan,
nm4821030,Tomasz Wlosok,1990
nm4840687,Pavlos Iordanopoulos,1989
nm4845366,Tanya Christiansen,
nm4875180,Alice Lussiana Parente,
nm4892161,Mitchell Martin,
nm4907940,Jianing Xue,
nm4918569,Merve Dizdar,1986
nm4931077,Quenton Alexander,
nm4949417,Rina Khan,
nm5011198,Alexa Bondar,
nm5037569,Neha Mahajan,1990
nm5047005,Amir Jadidi,1984
nm5114966,Maisie Richardson-Sellers,1992
nm5134621,Sofia Mattsson,
nm5136123,Avinash Dhyani,
nm5149588,Laixi,
nm5223294,Charlie Nesbitt,
nm5256042,Sebastian Felis,
nm5355266,Matej Andel,1987
nm5394091,Cheney Chen,1990
nm5422980,Erin R. Ryan,
nm5433705,Nair Akhil,
nm5519788,Eku Edewor,
nm5560389,Molly Gromadzki,
nm5563403,Virgile Ancely,
nm5612845,Beatriz Rajland,
nm5619822,Marie Iitoyo,1998
nm5661084,Jessica Vano,
nm5676276,Shein Mompremier,
nm5676658,Nagashekar,
nm5677120,Bob Thompson,
nm5681306,Miro Mráz,1988
nm5704615,Mandeep Roy,1949
nm5712019,Hobby Dhaliwal,
nm5767655,Kineh N'Goajia,
nm5776647,Erik Willerstorfer,
nm5912470,Josephine Pizzino,
nm5937268,Ataídes Braga,
nm5977008,Laur Allen,
nm6005290,Ron Bitterman,
nm6102909,Mathew Lipisko,
nm6136290,Omowunmi Dada,
nm6147743,Nathan Luke,
nm6151985,Shigeru Satoi,
nm6161516,Camila Mendes,1994
nm6161588,Luke Judy,2007
nm6216001,KJ Apa,1997
nm6236901,Bobby Le,1989
nm6248484,Sam Labrecque,
nm6297249,Mike Farley,
nm6342705,Étienne Galloy,
nm6391979,Yûko Sakaki,
nm6463765,Andrea Sutton,
nm6484560,Friday Chamberlain,
nm6488665,Ingvild Deila,
nm6492899,Chikkanna,
nm6522322,Sally Cacic,
nm6531937,Sonny Mikszath,
nm6603672,Buddy Skelton,
nm6618195,Jezibell Anat,
nm6637938,Matthew Van Wettering,
nm6648886,Jairus Esparza,
nm6662510,Iulian Burciu,
nm6669389,Jesse L. Green,
nm6713842,Kate Boomsma,
nm6771807,Manni Boparai,
nm6826659,Sezen Djouma,
nm6827674,Hannah Hutchins,
nm6878947,Dallas Valdez,
nm6956770,Claudine Bertin,
nm6982756,Lily-Rose Aslandogdu,
nm7102892,Han Jiang,
nm7120132,Linda Garrett,
nm7134754,Daichi Hayashi,
nm7176413,Aggy Tarrant,
nm7234020,Julieta Cayetina,
nm7267746,Jowan Jacobs,
nm7309160,Brittany Blanton,1986
nm7317659,Richard D. Myers,
nm7318397,Alexandra Leonie Kronberger,
nm7331094,Maria Antonieta Hidalgo,
nm7337359,Nick Charles,1981
nm7381472,Akshita Sethi,
nm7397864,Prashant Mohite,
nm7427686,Chloe Pelletier,
nm7439143,Jozef Simonovic,1949
nm7448616,Tarek Sabri,1980
nm7499818,Shahram Jamshidi,
nm7519297,Sihle Ndaba,
nm7522509,Wolf Danny Homann,1990
nm7532602,Inja Zalta,
nm7561226,Binu Adimali,
nm7599147,Florian Gysin,
nm7639625,Jules LeBlanc,2004
nm7670840,Hsiu-Ying Cheng,
nm7728725,Adam Behan,
nm7737551,Elena Valdameri,
nm7744472,Ryan McKen,
nm7751840,Shafiqu Rahiman,
nm7757481,Jeromy Darling,
nm7780354,Scott Dean,
nm7796669,Disha Patani,1992
nm7798251,Anthony Bostic,
nm7855374,Darbha Appaji Ambarisha,1964
nm7884000,Adam Peltier,
nm7952187,Achraf Koutet,
nm7977067,Arnaud Dupont,
nm7999814,Yôko Sawa,
nm8018569,Jiang Du,1985
nm8024299,John Marrs,1961
nm8037713,Jesse McBride,
nm8074717,Donnie Garcia,
nm8131647,Rafael Portugal,1985
nm8172219,Zoë Kelly,
nm8172595,Kôshirô,
nm8195186,Alexander Prasanth,1979
nm8249698,Jamie-Lee Money,
nm8257146,Kartikeya Gummakonda,1992
nm8298324,Dennis Victor Andersson,1996
nm8300348,Udari Perera,
nm8325447,Garrvil Mohan,
nm8361677,Johnny Huang,1992
nm8464384,Ismail Alhassan,
nm8520890,Daniel Washington,
nm8521564,Marco Gallo,2001
nm8560414,Chimezie Imo,
nm8590992,Maria Nash,
nm8602656,Afonso Santos,
nm8680851,Vincent Matile,1973
nm8682138,Brittney Leist,
nm8686354,Herman Voogsgeerd,
nm8695774,Brenna Waugh,
nm8759776,Gabriela Chojecka,
nm8841357,Shahrukh Hamdamov,1995
nm8870532,Donna Delaney,
nm8881651,Corrinne Mica,1993
nm8884202,Lena Kane,
nm8929536,Chiemi Blouson,1990
nm8963616,Regina Cooper,
nm9025542,Anagha L.K.,1992
nm9075641,Payam Ahmadinia,
nm9103431,Michelle Nuquay,
nm9134282,Chloe Badham,1994
nm9176393,Tim Waikiki Mitipelo,
nm9222424,Kat Amato,1999
nm9260127,Hiroshi Hori,
nm9267023,Ty Durden,
nm9273088,Andrew Pochan,
nm9275395,Alberto Carranza,
nm9281265,Bhavik Bhojak,1990
nm9334992,Dylan Bainter,
nm9371560,Frank Kerr,
nm9391490,Layla Burns,
nm9391977,Mohadeseh Heyrat,
nm9443339,Bil Azali,
nm9482841,Joy Goodman,
nm9493109,Shalika Edirisinghe,
nm9518178,Ozan Ali Korkut,
nm9519484,Keisuke Sakurai,
nm9546798,Vishaka Siriwardhana,
nm9575908,Tomer Machloof,
nm9577747,Seema Kulkarni,
nm9582860,Lakshman Arachchige,
nm9590640,Heng-Yu Lin,
nm9689643,Chris Causey,
nm9692022,Andrew J. Britt,
nm9724815,Wiktor Benicki,
nm9775949,Otis Morris,
nm9803741,Zyren Dela Cruz,
nm9839080,Hio Miyazawa,1994
nm9840407,Andrea Solombrino,
nm9858835,Zuleica Cruz,
nm9904787,Wendy Conrad,
nm9984976,Rosamund Monteith,
nm9991320,Madeline Smith,
nm0000376,Fran Drescher,1957
nm0000538,Colm Meaney,1953
nm0000800,Armand Assante,1949
nm0001108,Robert Davi,1951
nm0001793,Heather Thomas,1957
nm0002019,Kevin Corcoran,1949
nm0005107,Lenny Kravitz,1964
nm0007123,Mammootty,1951
nm0008014,Marc Abbott,
nm0011882,Paul Adelstein,1969
nm0023266,Isay Alvarez,
nm0024910,Mervat Amin,1946
nm0040857,Siamak Atlassi,1936
nm0043396,Keiko Awaji,1933
nm0050983,Jean-François Balmer,1946
nm0051224,Charli Baltimore,1974
nm0069871,Rabiah Ben-Abdullah,
nm0116197,Marc Brunet,
nm0117697,Anna Brüggemann,1981
nm0128028,Cachupoy,1932
nm0144583,France Castel,1943
nm0155618,Sammi Cheng,1972
nm0184392,Martin Kove,1947
nm0193160,Catherine Curtin,
nm0199577,Aneesh Daniel,
nm0200887,Ilan Dar,1937
nm0207344,Gelli De Belen,1973
nm0209373,Barrington De La Roche,
nm0217936,David DeLuise,1971
nm0223606,Tigmanshu Dhulia,1967
nm0226813,Garret Dillahunt,
nm0251656,Gard B. Eidsvold,1966
nm0257934,Takaaki Enoki,1956
nm0258272,Károly Eperjes,1954
nm0260348,Roberto Escobar,1959
nm0297835,Makoto Fujita,1933
nm0299344,Kazuko Fushimi,
nm0319834,Teresa Gimpera,1936
nm0344223,Martin Gruber,1970
nm0347940,Maila Gumila,1965
nm0351497,Talat Gözbak,1918
nm0363857,Frank Harper,1962
nm0367370,Masumi Harukawa,1935
nm0378698,Christoph Maria Herbst,1966
nm0381761,Glenn Hetrick,1972
nm0387987,Kane Hodder,1955
nm0389377,Judith Hofmann,1968
nm0392952,Cristina Homem de Mello,1965
nm0409272,Daisuke Inoue,1941
nm0413245,Aaron Jackson,1973
nm0430825,Vidyadhar Joshi,
nm0435358,Yumi Kakazu,1973
nm0437140,Akihiko Kanbara,
nm0439878,Tomasz Karolak,1971
nm0446228,Brian Kelly,
nm0455698,Lana Kinnear,
nm0455816,Hana Kino,1948
nm0457498,Tanie Kitabayashi,1911
nm0460423,Sabrina Knaflitz,
nm0461746,Sidse Babett Knudsen,
nm0462042,Nenji Kobayashi,1943
nm0463201,Fumiyo Kohinata,1954
nm0470050,Steve Kratz,
nm0471459,Krishna Kumar,1968
nm0471942,Marianne Krogness,1951
nm0474334,Valeriy Kukhareshin,1957
nm0501743,Dusan Lenci,1941
nm0516020,Vincent Riotta,1959
nm0541849,Lawrence A. Mandley,1961
nm0589141,Pip Miller,1947
nm0592271,Reynaldo Miravalles,1923
nm0592882,Hibari Misora,1937
nm0593961,Rhona Mitra,1976
nm0594381,Kuniko Miyake,1916
nm0594709,Ryōtarō Mizushima,1884
nm0596097,Kikue Môri,1903
nm0603516,Gabriela Moreyra,
nm0604742,Jeffrey Dean Morgan,1966
nm0605299,Shizuko Mori,1909
nm0605706,Rui Morisson,1948
nm0613596,Kōju Murata,
nm0615992,Louis Mustillo,1958
nm0618628,Behçet Nacar,1934
nm0618960,Guy Nadon,1952
nm0621454,Ken Narita,1964
nm0631000,Thomas Borch Nielsen,1963
nm0632656,Naomi Nishida,1972
nm0636513,Wenanty Nosul,1949
nm0645568,Jirô Okazaki,1943
nm0667207,Marcus T. Paulk,1986
nm0672142,Petteri Pennilä,
nm0674837,Michel Perron,1953
nm0702672,Chiung-Tzu Chang,1959
nm0704694,Vijay Raaz,1963
nm0708023,Ramaprabha,
nm0718647,Joseph D. Reitman,1968
nm0720738,Ichirō Ryūzaki,
nm0729296,Jay Rivera,
nm0751481,Toby Russell,
nm0764893,Siput Serawak,1920
nm0788787,Mehraveh Sharifinia,1981
nm0793732,Tsutomu Shimomoto,1917
nm0820053,June Squibb,1929
nm0837352,Kantarō Suga,1934
nm0837430,Kenji Sugawara,1926
nm0843100,Wanda Sykes,1964
nm0851767,José María de Tavira,1983
nm0853673,Homayoon,1937
nm0863794,Milos Timotijevic,1975
nm0896071,Patricia Vico,1972
nm0913911,Tetsuya Watari,1941
nm0936949,Leopold Witte,1959
nm0938950,Benedict Wong,
nm0942550,Karl T. Wright,
nm0945339,Mayumi Yamaguchi,1975
nm0952498,Zbigniew Zamachowski,1961
nm0954036,Natalie Zea,
nm0955048,Meral Zeren,1950
nm0960259,Bahar Öztan,1962
nm0992126,Michael Sean Tighe,
nm0993128,Vivien Landau,
nm0997289,Jernej Kuntner,1970
nm0998429,Simon Allen,
nm1005503,Enrique Dumont,
nm10067359,Terrence Little Gardenhigh,
nm10074093,Hideko Kasahara,
nm10191760,Mira Filzah,
nm10194546,Aneta Gjorgoska,
nm10203949,Tony Ahn,
nm10239528,Calcutta,
nm10244736,Tarak Ponnappa,1991
nm10245920,Makoto Tanaka,
nm10252511,Iliass Dennoune,
nm10271430,Sjoerd Meijer,
nm10277004,Farooq Khan,
nm10279921,Julia Bahney,
nm10282602,Andrew Collings,
nm10286183,Rami Afana,
nm10288541,Takiko Wami,
nm10289915,Elijah Marsh,
nm10290436,Sayna Rezanejad,
nm1029211,Salah Eddine,
nm10292386,Joram Jean Baptiste,
nm10303753,Adam Gallant,
nm10305719,Brendan J. Lounsbery,
nm10307103,Dave Spencer,
nm10315030,Mary Jo Bacino,
nm10319170,Kirsty Buchanan,
nm10319674,Jason Martinez Davenport,
nm10320053,Abby Latip,
nm10321795,Raya Martigny,
nm10322425,Crimson Bean,
nm10323699,Akshaya Hindalkar,1996
nm10331652,Amanda Buckland,
nm10339324,Jin Wang,
nm10344012,Naufan Raid Azka,
nm10344900,Govardhan,
nm10348983,Sol Arioni,
nm10355434,Iván Martínez Cruz,
nm10362309,Marilena Liakopoulou,
nm10363420,Cinare Melekzadeh,
nm10370655,Freddy Boyd,
nm10382087,Sanzaemon Nakamura,
nm10384353,Swaran Singh Commando,
nm10387662,Josh Chaney,
nm10395076,Enrique Barrientos,
nm10395979,Arati Gupte,
nm10395999,Zicheng Tan,
nm10399474,Amelia Renard,
nm10399797,Masaki Miyasaka,
nm10402089,Sarah Hommel,
nm10402102,Ibby Carothers,
nm10404190,Nanna Marqvorsen,
nm10406710,Karu Palaniappan,
nm10411563,Gemini Unnikrishnan,
nm10419130,Dadang Hindjono,
nm10420437,Abi Goldstein,
nm10427147,Chandru,
nm10428305,Christopher Henry,
nm10429838,Jordan Blankenship,
nm10430874,Kuang-Chien Huang,
nm10433006,Amarachi Igidimbah,
nm10433007,Collin Ikeowo,
nm10433060,Ashlyn Combs,
nm10437235,Matthew Nichols,
nm10438437,Daniele Gatti,
nm10438515,Islam Mubarak,
nm10448672,Chloe Endean,
nm10450007,Prince Abdul,
nm10452940,Dilhani Weerasinghe,
nm10452948,Naomi Meijer,
nm10453500,Corey Beaver,
nm10454383,Alex Bernadotte,
nm10454894,Michael de Lima,
nm10455670,Nelson Fort,
nm10459750,Sanjana Peiris,
nm10462015,Sabrina Golden,
nm10467932,Steve Danaher,
nm10468792,Stephanie Jenkins,
nm10472113,Ashraf Lukamba,
nm10472115,Shafih Udhiman,
nm10476628,Satish Narredu,
nm10486786,Maria Misaki,
nm10487274,Arshad Ahamad,
nm10492021,Shelby Hagerdon,
nm10493415,Nicholas Salvatore,
nm10494000,Cao Yue,
nm10502632,Lee Fenderson,
nm10504827,Manpreet Deol,
nm10508366,Afega Si'ulepa-Mulivai,
nm10509071,Tintin Poggats Sarri,
nm10509072,Troy Lundkvist,
nm10510270,Uthpala Madushani,
nm10516038,Wang Xia,
nm10516649,Amancay Kazgudenian,
nm10517485,Tom Jones,
nm10519527,Jin Arai,
nm10519746,Michelle Nielsen,
nm10521108,Lachmi Bennett,
nm10521114,Astride Absence,
nm10523966,Dcryme,
nm10525219,James Jurovich,
nm10525575,Freddie Griggs,
nm10526030,Andrés Magnússon,
nm10528886,Michael Catlin,
nm10529003,Hairo Gonzalez,
nm10530182,Landon Huff,
nm10530470,John Burkart,
nm10531566,Girish Kumar B,
nm10532780,Arthur Lang,
nm10532869,Dave Chancellor,
nm10536939,Mehran Merre,
nm10538079,Chitrakala Biradar,
nm10540833,Jianna Kumar,
nm10542695,Zhang Yinyue,
nm10561899,Eugene Black Calf,
nm10565873,Ariana Almeida,
nm10573242,Dexter Hofhines,
nm10576576,Nathania Angela,
nm10584440,Doneugene Lattimore,
nm10608257,Casey Lee McIntosh,1988
nm10649339,Hamoun Seyyedi,
nm10662234,Hanu,
nm10674714,Alexis Ellis,
nm10676622,Laramie Patrick,
nm10676623,Brian Stacks,
nm10678597,Lorea Ibarra,
nm10693363,Artur Rozhitsky,
nm10732661,Daniel Abou Chakra,
nm10734588,Yun'er Zhu,
nm10803022,Laia Díaz,
nm10804522,Jeff Alexander,
nm10827605,Sang-ju Park,
nm10828061,Jewell Wilson Bridges,
nm10829870,Erik Alexis,
nm10849969,Karen Aizome,
nm10877055,Mu Chen,
nm10894111,Jake Robertson,
nm1092369,Manzô Shinra,1959
nm10978660,Brian D. Cohen,
nm11062620,Sukumar Tudu,
nm11068064,Michel Zumstein,
nm11136101,Vijay Mer,
nm11168468,Alma Meyer-Prescott,
nm11205879,Jimmy Andrea,
nm11221130,Vaishali Gobburi,
nm11224501,Manel Giraldo,
nm11236545,LaShoun Elliott,
nm1125989,Guggu Gill,1960
nm11283067,Rauhala Camilla,
nm11363689,Henrik Siger Woldene,
nm11364603,Lisha Kang,
nm1137883,Jericho Rosales,1979
nm11398460,Max Pelayo,2002
nm11461233,William Chandler,
nm11473397,Cherokee Rose Castro,
nm1148932,Pete Graham,
nm11493936,Moacir Tanoue,
nm11504066,Pablo Limaral,
nm11521183,Johanne Thibaut,
nm11521185,Yvon Connan,
nm11541662,Katee Ferguson,
nm11586297,Elsa Nieto,
nm11591459,Léo Amaral,
nm11596708,Stephanie Bounds,
nm11596715,Don Kelly,
nm1160050,Jalal Pishvaian,1930
nm11698716,Mohammad Ali Mousavi,
nm1186215,Hiroshi Sekiguchi,1943
nm11894469,Gay DeForest,
nm11910237,Phumza Gumede,
nm11960691,Caitlin Varrin,
nm12014030,Naomi Rogers,
nm1205016,Edgar Mande,
nm12088102,Lisa Acosta,
nm1210999,Rocio Vidal,
nm12155878,Rudrani Chhetri,
nm12166756,Luis Bazan,
nm12229479,Sean Buckley,
nm12319971,Éric Arsenault,
nm1235505,Joshua Suherman,1992
nm12366953,Roxy Nel,
nm12376185,Siddhi Anil Jain,
nm1238589,Garth Petal,
nm12416423,Yousaf Khan,
nm12507502,Sam Blaxter,
nm1253882,Xiaomin Zhang,
nm12608848,Md Anan Islam,2004
nm12623704,Carol Janet Pina Geraldes,
nm1269581,Abdelkader Moutaa,
nm12696231,Mowei-Jeannine Leroux,
nm12915509,Feyifunmi Oginni,
nm1300254,Binnur Kaya,1972
nm1307560,Byron McIntyre,1964
nm1310741,Kôji Miemachi,
nm13118042,Sverre Rous,
nm1330681,Jun Kaname,1981
nm13344987,Marie-Louise Karlström,
nm1344302,Rachel House,1971
nm1364748,Hilla Vidor,1975
nm1367145,Akiko Hino,
nm13764565,Tara,
nm1392985,Colleen Allison,
nm13961995,Ashok Babu,
nm1401493,Guy Arieli,1975
nm1401547,Zhenjiang Bao,
nm14041993,Yi-ai Ai,
nm14106372,Ganga Ram,
nm1434871,Wes Chatham,1978
nm14502745,Sukumar Hembrom,
nm1476947,Yōsuke Takemura,
nm1491156,Keith Lamont Johnson,
nm1513711,Giuseppe Convertini,1971
nm1528548,Rhashan Stone,1969
nm1568415,Kamal Adib,
nm1588272,Vincent Domenach,
nm15883051,Guillermo Aceves,
nm1589064,Ylva Gallon,
nm1593574,Kristian Wanzl Nekrasov,1966
nm1596219,Arlindo Lopes,
nm1603145,Eddie Martinez,1981
nm1632747,Denise Milfort,
nm1652341,Jamie Michie,1977
nm1654955,Juris Kalnins,1952
nm1656100,Yukiko Tsukuba,1906
nm1659162,Larry Rew,1947
nm1662092,Sôzaburô Kikuchi,
nm1665116,Kumar Dighe,
nm1679456,Nils Verkooijen,1997
nm16953421,Geeta Chavan,
nm1699333,Ruth Díaz,1975
nm1719649,David Meca,1974
nm1724705,Miranda Calderon,
nm1727005,Durul Bazan,1972
nm1727367,Tim Heidecker,1976
nm1739904,Jean-Christophe Folly,
nm1742457,Dollah Sarawak,
nm17440775,Rahul Paniker,
nm1758898,Ali Erkazan,1952
nm1763577,Serkan Keskin,1977
nm1773190,Takla Chamoun,
nm1789278,Christine Nguyen,1980
nm1797076,Tokijuro Nakamura,
nm18293583,Johannes Rolshausen,
nm1832154,Teoman Ayik,1959
nm1833640,Sara Alzetta,1965
nm1839900,Kan'ichi Katō,
nm1840695,Elina Reinold,1971
nm1847486,Libusa Trutzová,1945
nm1856426,Marisol Sacramento,
nm18570155,Amancharla Rama Kausik,
nm18626632,Christophe Elola,
nm1872855,Spencer Wilding,1972
nm1876322,Airida Gintautaite,
nm1902165,Julienne Irons,
nm1903257,Daphnis Boelens,
nm1940324,Kiray Celis,1995
nm1940420,Ginger Gilmartin,
nm1998273,Milo Taboada,
nm2036232,Tyler Johnston,1987
nm2068892,Franco Lo Presti,1990
nm2076652,Karl E Landler,
nm2078025,Fiona Whitelaw,
nm2080791,Taies Farzan,1974
nm2102815,Ryūji Ishiyama,
nm2111813,Alex De Luca,
nm2131930,Reinout Scholten van Aschat,1989
nm2148811,Flor del Castillo,
nm2155676,Deniz Raunig,
nm2215609,Ini Edo,1982
nm2238248,Natalie Burn,
nm2258449,Brooke Behmke,
nm2293453,Hwang Bo-ra,1983
nm2312656,Arnaud Bichon,
nm2342884,Conor Hamill,
nm2377551,Siobhan Murphy,1984
nm2385252,Kanzaburô Arashi,
nm2460720,Pavlo Li,1988
nm2489045,Gregory Blair,
nm2509198,Fatimah Yassin,
nm2549642,Dimitris Lalos,
nm2564628,David Abeles,1979
nm2577076,Lil Rel Howery,1979
nm2602858,Inna Belokon,1968
nm2622044,Sylvia Heid,
nm2674657,Lil Mama,1989
nm2718355,Bechir Sylvain,1981
nm2726845,Ranu,
nm2760502,Zabihollah Zabihpoor,
nm2786305,Mohammad Sadeghi,
nm2802440,Kyoko Miyahara,
nm2849374,Vlado Bulajic,
nm2854112,Kiana Madeira,1992
nm2884019,Madison Russ,
nm2910893,Gabriele Tuminaite,
nm2957490,Harvey Guillén,1990
nm3034998,Alessandro Roja,1978
nm3045634,Mike Carey,
nm3091209,Marcus Dupree,1964
nm3106945,Ben Vazquez,
nm3128762,Aman Bhogal,
nm3129512,Matt Cook,1984
nm3150446,Mutsumi Tamura,1987
nm3210828,Desmin Borges,
nm3286302,Xu Seng,
nm3311638,Tyas Mirasih,
nm3357942,Shaun J. Brown,1987
nm3372981,Srabanti Chatterjee,1987
nm3387934,Brad Moore,
nm3399027,Kyle Colton,1989
nm3411358,Seyyed Mehrdad Ziaei,
nm3434373,Aaron Dalla Villa,
nm3554025,Hiroshi Jô,
nm3571521,Cinthya Banuelos,
nm3575605,Shrirang Deshmukh,
nm3596374,Lisbeth Wagner,
nm3600331,Ken Hatano,
nm3603159,Shaheizy Sam,1982
nm3626674,Jacob Grodnik,
nm3627683,Tamás Mohai,1988
nm3657716,Gatis Gaga,
nm3742747,Yana Samsudin,
nm3755026,Bae Sung-woo,1972
nm3782322,Mario Del Vecchio,
nm3806911,Uday Lagoo,
nm3838850,Jamie O'Rourke,
nm3874318,Kishore Chougule,
nm3906069,Kalin Vrachanski,1981
nm3909882,Willie D. Davis IV,
nm3927203,Neil Coleta,
nm3954882,Ali Hassan,
nm3994838,June Lam,
nm4048608,Kim Faires,
nm4060528,Jean-Jacques David,
nm4146448,Brannon Cross,1985
nm4152687,Justin Phillip,
nm4201639,Sauraseni Maitra,1996
nm4214874,Daniel O'Reilly,
nm4217279,Jessica Galinas,1979
nm4282588,Bram van der Heijden,
nm4317498,Gurinder Dimpy,
nm4328352,Steve Lund,1989
nm4363141,Edwin J. Bennett,
nm4402890,Wolfgang Novogratz,1997
nm4404195,Josema Roig,
nm4450871,Priya Marathe,1987
nm4463157,Michelle Vito,
nm4470318,Julian Bonfiglio,
nm4563744,Valentina Corti,
nm4576728,Özge Pirçek,
nm4589523,Théophile Baquet,1998
nm4591498,Lily Sullivan,1993
nm4605066,Joshua Miller,
nm4613462,Josiane Vermare,
nm4630417,Manuel Sorroche,
nm4655667,Shuliang Ma,
nm4656650,Karin Engman,
nm4728858,Roy Sungkono,1990
nm4759838,Mone Kamishiraishi,1998
nm4774809,T.M. Tarsan,
nm4868755,Paul Robinson,
nm4869521,Emily De Margheriti,
nm4940595,Kurt McCool,
nm4941243,John Paul Kakos,1998
nm4955588,Celina Martin,
nm4955895,Molly Schenkenberger,
nm4971960,Sibiraj,1982
nm4976391,Taylor Popoola,
nm5034270,Thomas Shaver,
nm5035251,Krystal Garner,
nm5044092,Geoff Almond,
nm5089562,Ayako Hoshi,
nm5153692,Jerome Ponce,
nm5212072,Cleatus Mendis,
nm5236560,Mary Peyton Stewart,
nm5254746,Sascha Goldbach,
nm5265015,Giti Moeini,
nm5279518,Gomes Garcia,1992
nm5285354,Tamara Pfrommer,
nm5304837,Max Vitale,
nm5323041,Boy William,
nm5327912,Simran Sharma,
nm5437493,Nicolas Bourgasser,
nm5476491,Dawn Luebbe,1980
nm5532140,Ben Ewing,
nm5550986,Cole Daniel Hills,
nm5568030,Coyote Crow,
nm5576933,Deep Joshi,
nm5623923,Satya,
nm5678452,Hannah Grace,
nm5723704,Tom Smith,
nm5770597,Sunil Premarathne,
nm5854664,Adrienne Vergara,
nm5869788,Tim Bradley,
nm5896360,Sumanth Ashwin,
nm5899132,Cardi Wong,
nm5912759,Jian Gao,
nm5916265,Irene Kuykendall,
nm5949710,Emilie Cocquerel,1991
nm5956683,Derya Sen,1982
nm5978967,Miguel Ángel Cañadas,
nm5987639,Mark Aylward,
nm6019782,Maureen Charuni,
nm6021307,Tiago Garrinhas,1990
nm6021761,Hayley Noelle Hudson,
nm6061529,Daniela Vega,1989
nm6154971,Soma Chhaya,1998
nm6162988,Camille Freychet,
nm6172403,Maria Fernanda Valera,
nm6210009,Luis Felipe Castellanos,
nm6244211,Peter Heenan,
nm6244410,Marko Panajotovic,
nm6268729,Masato Nagamori,
nm6269780,Aparshakti Khurana,1987
nm6275982,Julie Haught,
nm6360567,Caner Topcu,1997
nm6388096,Thijs J. Antonneau,
nm6451753,Jose Atuncar,
nm6483470,Natalia Bravo,
nm6611636,Roberto Carrubba,
nm6635559,Georgia Eyers,
nm6669031,Babe Cabita,1989
nm6669486,Catherine Jerald,
nm6728134,Juri Kimura,1988
nm6783918,Sree Vishnu,1984
nm6788819,Anu Sithara,1995
nm6801935,Inessa Bonet,
nm6804167,Ryô Satô,1992
nm6807230,Blake Nolan Brown,
nm6808979,Carl Strandberg,
nm6823397,Shaffy Bello,
nm6865428,Martha Elisa Félix González,
nm6902810,Aly Fritz,
nm6935325,Christine Weber,
nm6973330,Sallieu Sesay,
nm6981289,Aslam Pervez,
nm7000274,Leah Beaudry,
nm7100818,Gangu Roshana,
nm7121595,Jun'ya Enoki,
nm7124125,Daiki Hamano,1989
nm7125623,Sara Wijayanto,
nm7145730,Balqis Inzalna,
nm7210777,Russell Crous,
nm7219768,Darrell Portz,
nm7268239,Clara Diemling,
nm7387710,Nabha Natesh,1995
nm7390318,Yao Wang,
nm7450118,Sarah VanArsdal,
nm7490195,Matt Burns,
nm7586511,Kougar Vakarian,
nm7605611,Jagjeet Sandhu,1991
nm7626461,Stan Oude Alink,1998
nm7636308,Khalid Jamai,1944
nm7720207,Mathew Joy,
nm7722049,William W. Barbour,1961
nm7727960,Michael Masurkevitch,
nm7766764,Sam Forrest,
nm7809993,Victoria Picco,
nm7899183,Peter Y. Kyei,
nm7911216,Farangis Siahpour,
nm7929504,Jason Curmi,
nm7942853,Haley Zega,
nm7963857,Huu Chau,1966
nm8004222,Giti Ghasemi,
nm8019376,Andrea Tariang,
nm8020987,Vito Vito,1988
nm8054855,Malik Dag,
nm8136360,Xia Vigor,
nm8140928,Eduardo Scarpetta,1993
nm8258443,Luis Lomeli,
nm8297989,Hinako Sakurai,1997
nm8325448,Sanya Bansal,
nm8328803,La Thanh,
nm8353861,Ashina Kwok,
nm8365589,Link Lindquist,
nm8456315,Regina Launivuo,
nm8465573,Alexander Embretsen,
nm8502254,Khaled Yeslam,
nm8502390,Rocio Tavera,
nm8509768,Jim Cholewa,
nm8512286,Mary Joy Apostol,
nm8543451,Noée Abita,1999
nm8592814,Gio Gahol,
nm8655719,Hao Do,
nm8669559,Mahadev Deka,
nm8806588,Mantas Bendzius,1997
nm8818698,Greg Dodder,
nm8833346,Fahad Alghurariy,
nm8858156,Varun Buddhadev,2006
nm8892639,Isuru Sampath,
nm8894385,Janesh Silva,
nm8944328,Jaime Luna,
nm8957493,Valentina Gartsueva,
nm9001733,Utkal Hazowary,
nm9103031,Varsha Bollamma,1995
nm9149675,Ya-Huei Chen,
nm9197877,Lucy Clinton,
nm9365639,Logan Laabs,
nm9372711,Mandie Deaton,
nm9406873,Harley Queen,
nm9407264,Carrie Wrigley,
nm9409223,Susan Fernando,
nm9429407,Rupun Ranadheera,
nm9439930,Durga Krishna,1996
nm9447271,Suzie Yashar,
nm9454245,Matenga Ashby,
nm9458725,Jim Averill,
nm9486576,Daniel Bossenberry,
nm9574731,Manjula Moragaha,
nm9581005,DeMarius Copes,
nm9587563,Nicole Dobbins,
nm9603462,Rohan Ranathunga,
nm9629768,Lourenço Serrão,
nm9640227,Tyra Jamison,
nm9640230,Zyquan Cobbs,
nm9719426,Irazu Aquetzalli,
nm9748311,Ollie Horsfall,
nm9760270,Rebecca Christina Barry,
nm9808682,Satish Bhat,
nm9874641,The Sacred Riana,
nm9875211,Joe Wooley,
nm9912809,Shiori Akita,
nm9960274,Alexander Lloyd,
nm9979946,Jade Ashton,
nm0000126,Kevin Costner,1955
nm0000329,Jackie Chan,1954
nm0000673,Marisa Tomei,1964
nm0001461,Virginie Ledoyen,1976
nm0002096,Judy Geeson,1948
nm0002246,Harry Van Gorkum,
nm0004030,John Karyus,1975
nm0005013,Iben Hjejle,1971
nm0008203,Mahmoud Abderrazak,
nm0008354,Kusuo Abe,1910
nm0015110,Ushio Akashi,
nm0030278,Baba Annanov,1934
nm0038951,Shinsuke Ashida,1917
nm0039148,Aaron Ashmore,1979
nm0091505,Stephen Bogaert,
nm0091688,Mikhail Bogdasarov,1960
nm0093671,Robin Lynn Bonaccorsi,
nm0149698,Jacques Chailleux,
nm0169531,Katharina Cohen,1975
nm0175958,Lou Consolo,
nm0186883,Logan Crawford,
nm0191450,Chris J. Cullen,1975
nm0201669,Jean-Pierre Darroussin,1953
nm0209301,María de la Luz Zendejas,
nm0239575,Martin Dubreuil,1972
nm0240537,Steven Duffy,
nm0253216,Karra Elejalde,1960
nm0265148,Jean-François Fagour,
nm0295074,Werner Friedl,1947
nm0305753,Ginés García Millán,1964
nm0309504,Jack Gatteau,1944
nm0314980,Andrés Gertrúdix,1977
nm0345570,Stefan Gubser,1957
nm0346295,Lorenza Guerrieri,1944
nm0346491,Simón Guevara,
nm0362153,Kevin Hardesty,
nm0386952,Kiyoshi Hitomi,
nm0388527,James Hoenscheidt,
nm0393093,Hirotarō Honda,1951
nm0411539,Puneet Issar,1959
nm0437053,Kanakalatha,1960
nm0437701,Haruko Wanibuchi,1945
nm0441287,Branka Katic,1970
nm0441375,Masahiko Tsugawa,1940
nm0441961,Daisuke Katō,1911
nm0451318,Shahbaaz Khan,1966
nm0452091,Reza Kianian,1951
nm0460739,Slaven Knezović,1968
nm0462008,Katsuya Kobayashi,1941
nm0463152,Michiyo Kogure,1918
nm0464641,Bogdan Kominowski,1945
nm0477066,Emily Kwan,
nm0481246,Klas Lagerlund,1984
nm0481363,Reema Lagoo,1958
nm0482309,Lal,1958
nm0490513,Ching-Wan Lau,1964
nm0500618,Ronnie Leitch,1953
nm0509539,Manfred Liechti,1957
nm0510528,Gary Lim,
nm0544010,Maksud Mansurov,1940
nm0545884,Neri Marcorè,1966
nm0555474,Osamu Maruyama,
nm0564012,Peter McAllum,1946
nm0594055,Ken Mitsuda,1902
nm0594344,Mariko Miyagi,1927
nm0620018,Kiichi Nakai,1961
nm0620672,Susumu Namishima,
nm0632030,Bobby Niles,
nm0632497,Kazunari Ninomiya,1983
nm0646663,Edson Oliveira,
nm0648762,Machiko Ono,1981
nm0649239,Dale Oprandy,
nm0666719,Henrik Pauer,1962
nm0673224,Tonico Pereira,1948
nm0682268,Sergio Pierattini,1958
nm0683793,Ping-Ou Wei,1929
nm0695171,Prem Prakash,
nm0710810,José Raposo,1963
nm0731075,Emma Roberts,1991
nm0735323,Frank Rodriguez,
nm0751917,Isabel Ruth,1940
nm0753737,Jérémie Renier,1981
nm0757076,Chika Sakamoto,1959
nm0766005,Will Sasso,1975
nm0782213,Santiago Segura,1965
nm0782565,Mathilde Seigner,1968
nm0782644,Kiyoshi Aono,
nm0799777,J.K. Simmons,1955
nm0802251,Upasana Singh,1975
nm0806882,Jaroslav Smíd,1970
nm0837534,Naoki Sugiura,1931
nm0837750,Svetlana Sukhovey,1952
nm0839486,Ethan Suplee,1976
nm0847028,Kōkichi Takada,1911
nm0848927,Zengwei Tan,
nm0850858,Naci Tasdögen,1963
nm0875244,Kanji Tsuda,1965
nm0875406,Miho Tsumiki,1971
nm0880482,Pascal Ulli,1969
nm0882354,Mantarō Ushio,1909
nm0940353,Frank Woodley,
nm0940893,Mary Woodvine,
nm0951304,Ihsan Yüce,1930
nm0962519,Virginia Fields,
nm0992694,Danny Pino,1974
nm0993188,Kanae Mizuhara,
nm10005525,Rubén Pérez,
nm10027831,Ryan Yates,
nm10031066,Tabatha Burgess,
nm1003962,Andrés Almeida,
nm10107176,Linda Manelius,
nm10207272,Elena Husu,
nm10221396,Trey Paterson,
nm10225636,Anastasia Bulankina,
nm10234886,Mitsusa Wada,
nm10238004,Christopher Hugh James Adamson,1984
nm1024111,Gajendra Chauhan,1956
nm1025262,Deepak Shirke,1957
nm10267226,Layken Miner,
nm10269164,Takeshi Fushimî,
nm10270270,Sofia F.,
nm10271429,Ben Abelsma,
nm10276298,Nigar Küddüs,
nm1028434,Reza Beyk Imanverdi,1936
nm10292055,Marcel Douglas,
nm10292438,Keaton Bernardo,
nm10297695,Saburo Okada,
nm10300659,Ciaran MacArtain,
nm10300661,John Gerard Doran,
nm10301007,Aidan Davari,
nm10301361,Adonis Avington,
nm10308108,Samantha Higurage,
nm10319158,Urara Tsuchiya,
nm10321799,Hannibal Volkoff,
nm10323524,Sharon Bohm,
nm10328668,Bülent Kaya,
nm10332525,Christina Loco,
nm10337156,Timur Kurmanov,
nm10338574,Kristina Korubko,
nm10339105,Bob Burns,
nm10350143,Samuel Agyetey Akrong,
nm10350936,Ivan Zikatanov,
nm1035622,Ibrahim Koma,1987
nm10363145,Misaki Enomoto,
nm10363322,Hilda Amira Douaouda,
nm10366093,Ririka Aiiro,
nm10370317,Daniel Lecca,
nm10377019,Beatriz Garrido,
nm10385400,Paul Hemmerth,
nm10388312,Matt Einhorn,
nm10389250,Ming-Te Chuang,
nm10390785,Vidya Karanjikar,
nm10392022,Shamjhana Bhetwal,
nm10396379,Borja Andía,
nm10406717,Mahima Hora,
nm10409071,Jeff Carter,
nm10409081,Jennine Jones,
nm1041650,Pelusa Suero,1938
nm10420859,Tôru Arakawa,
nm10423853,Tony Berry,
nm10425081,Lucy Selmon,
nm10428104,Ramon Guimaraes,
nm10429840,Rodrigo Lopez,
nm10430004,Cemre Cansaatçi,
nm10433743,Casper Neiiendam,
nm10436241,Robert Kocan,
nm10437049,Aiva Birbele,
nm10437052,Gerda Embure,
nm10437997,Seo Hee Han,
nm10442610,Laura Ballariel,
nm10443712,Gabrielle Arsenault,
nm10443949,Beno Abbühl,
nm10451472,Oksana Kozankevych,
nm10457993,Pubudu Gamage,
nm10468982,José Luis Cornish,
nm10474988,Shobha Dange,
nm10477371,Martin Chichovski,
nm10479460,Yasha Khozoui,
nm10488497,Çagla Buldak,
nm10488759,Casey Evans Asante,
nm10491232,Siru Bista,
nm10493404,Joseph Salvatore,
nm10496609,Dimitri Defontaine,
nm10497428,Sarah Henson,
nm10497786,Alex Aguilera,
nm10498623,Shahla Ghahremani,
nm10500784,Kailash Shahdadpuri,
nm10501200,Daisuke Nakayama,
nm10508112,Hay Wong,
nm10508474,Émerik Dallaire,
nm10513495,Malena Majul Lieun,
nm10513734,Madoka Mizuno,
nm10514442,Nar Bahadur Gurung,
nm10514449,Rubina Gurung,
nm10516909,Yashpaal Saini,
nm10520335,Laura Barns,
nm10520687,Liz Carroll,
nm10521133,Bibek Gurung,
nm10522899,Steven Brownlie,
nm10524723,Nellie Hächler,
nm10527604,Nicholas Condeni,
nm10528885,Nathan Tomas,
nm10530154,Melanie Léger,
nm10532910,Christoph Grill,
nm10537551,The Man,
nm10537844,Quintin Adams,1988
nm10567253,Monica Dunbar,
nm10570110,Olga Belyaeva,
nm10574764,Ciara Elliott,
nm10575312,Matt Davis,
nm10581290,Jon Maya,
nm10592820,Damien Schutz,
nm10603941,Georgie Halford,
nm10611935,Glenys Grant,
nm10615589,Surjeet Choudhary,
nm10676585,Katrina Ronneburg,
nm10678596,Jone Laspiur,1995
nm1072736,Igor Cotrim,1974
nm10732083,Kiana Abu-Liel,
nm10806329,Ida Møntegaard Fredericia,
nm10835833,Carla Grant,
nm10858690,Adria Pinelli,
nm10883876,Ariyarathna Kaluarachchi,
nm1090569,Tomoko Matsushima,1945
nm10919639,Carolina Signore,
nm10944739,Tracy Woodard,
nm10948032,Jon Barrett,
nm10975211,Sten Tornsten,
nm10976095,Liam Ficarra,
nm11044410,Nayani Pavani,1998
nm11066392,Kendy Zirdo,
nm11068068,Rafiki Fariala,
nm11084339,Isaiah Colon,
nm11087841,Marco Valerio Montesano,
nm11142329,Avinash,
nm11163702,Emi Nakashima,
nm1121917,Juan Andrés Belgrave,
nm1125189,Nur Ay,
nm1126156,Katja Herbers,
nm11304634,Noy Bloshinky,
nm11306918,Durgesh Chauhan,
nm11322760,Xiaoqing Lai,
nm11331376,Solaya Rowley,
nm11391843,Fred Davis,
nm11401734,Honora,
nm11455243,Tiayra Green,
nm11486686,Na Ae-jin,
nm11583055,Ariadi Gusti Made,
nm11600728,Anant Pawar,
nm11671413,Fabiano Rocha,
nm11689545,Chris Delaney,
nm11739580,Kate Song,
nm11778044,Belén Roccasalvo,
nm1184557,Abdollah Butimar,
nm11894473,Douglas G. Soul,
nm1203291,Maud Le Guenedal,
nm12092732,Fedor Sushko,
nm12097327,Rodrigo Mendoza,
nm12110161,Zicheng Hu,
nm1214482,Hiroshi Hatano,
nm1218764,Toshirô Ômi,1918
nm12225158,Shirin Abul-Izz,
nm12239803,Stephanie Denise Newkirk,
nm1225848,Michael R. Barnard,
nm1227749,Rina Hassim,1947
nm1244971,Yatin Karyekar,1966
nm12454993,Fabricio De La Fuente,
nm12483757,Olayode Juliana,
nm12519578,Silvia Cabrera,
nm12645751,Stuart Breiding,
nm12674560,Marko Helin,
nm1272418,Mia Lyhne,1971
nm12758756,Tang Xin,
nm1284734,Kazuko Wakamatsu,
nm12875327,Jasnya Jayadeesh,
nm13080862,Judit Martín,
nm13104978,Jessica Büchi,
nm13189915,Mariya Bolshova,
nm13291085,Tila Brea,
nm1330276,Randy Couture,1963
nm1339257,Huan-Ru Ke,1980
nm1351206,Wojciech Mecwaldowski,1980
nm13526544,Abhinav Kumar,
nm13529235,Arista Mehta,2008
nm1354359,Paz Bascuñán,1975
nm13639290,Silvana Chobanyan,
nm1389891,Sebastian Hülk,1975
nm13947348,Dwayne Hilton Jr.,
nm13970802,Rosa Fortín,
nm14111607,Anton Korablev,1985
nm1412926,Francesca Piñón,
nm1432775,Emmanuel Dela Cruz,
nm14504672,Carl Wilson-Downie,
nm1454881,Youssef Kerkour,1978
nm1469262,Ryan Homchick,
nm14753470,Mary Stickley,
nm1475556,Javad Taghadosi,
nm1476804,Steven Ogg,1971
nm1490478,Nicole Steinwedell,1981
nm14946689,Sarwan Ali Palijo,2002
nm1504972,Pierre-Marie Mosconi,
nm1505370,Hannah Leigh,1996
nm15124373,Kravmaga Sreeram,
nm1514336,Shreeram Gojamgunde,
nm1521381,Nayanthara,1984
nm1560269,Lola Eltaeva,
nm1573418,Milena Mancini,1977
nm1595878,Tan-Feng Fan,
nm1596315,Renan Monteiro,
nm1596350,Nawazuddin Siddiqui,1974
nm16027799,Mary Bavota,
nm1614974,Güner Özkul,1966
nm1617168,Javed Rizvi,
nm16393677,Askur Frans Elvarsson,
nm1649791,Azizollah Honaramouz,
nm16527387,Xigetu He,
nm1654523,Jensen Atwood,1976
nm1699042,Jim Patneaude,
nm1727607,Rahul Mahajan,1975
nm1728008,Ryûzô Takei,1905
nm1728630,Kulappulli Leela,
nm1748529,Zuzana Kanócz,1979
nm1794876,Joan Frank Charansonnet,1971
nm1800631,Tsuruko Matsueda,1902
nm1800639,Kumiko Mayama,
nm1801936,Kuniko Yamamura,
nm1817397,Ashwini Kalsekar,1971
nm1835962,Sanae Shiba,1954
nm1847621,D.T. Carney,
nm1860056,Alvin Knight Sr.,
nm1865237,Matt Koester,1982
nm1871001,Annapurna Sriram,
nm18777138,Turkshahrukh,
nm1890475,Ying Shih,
nm1907973,Asami Usuda,1984
nm1909076,Jonas Nay,1990
nm1945410,Tara Erickson,1984
nm1964225,Sophie Alexander-Katz,
nm1966660,Ben Rollins,1962
nm1982961,Akhtem Seitablaev,1972
nm2004234,Ernesto Salinas,
nm2008680,Magaly Solier,1986
nm2022290,Wilfred Lau,1976
nm2034488,Patrick Michael Buckley,
nm2072060,Cocoa Brown,1972
nm2076506,Eliezer Ortiz,
nm2105009,Michael Ciesla,
nm2121089,Hou-Tao Hsiao,1947
nm2134972,Sima Tirandaz,1970
nm2171495,Michelle Schwantes,
nm2200755,Vica Kerekes,1981
nm2218544,Vanessa Scalera,1977
nm2223012,Lynn Mancinelli,
nm2239702,Katherine Waterston,1980
nm2239927,Chanté Bowser,
nm2282761,Andrius Bialobžeskis,1967
nm2309517,Armie Hammer,1986
nm2320613,Farid Sajjadi Hosseini,1949
nm2336481,Mike Capozzi,
nm2339825,Kim Nam-gil,1980
nm2358356,Sasha Jackson,1988
nm2359179,Kakô Ichikawa,
nm2379003,Elit Iscan,1994
nm2382533,Kiyoshi Kasuga,1901
nm2400341,Fumino Kimura,1987
nm2428276,George Anton,
nm2511502,Alex Gonzaga,1988
nm2526461,Bhupesh Pandya,
nm2545346,Hadi Kazemi,
nm2582755,Pierre Niney,1989
nm2588610,Kavita Lad,
nm2594281,Maya Hazarika,1944
nm2670356,Anissa Daoud,
nm2673123,Xosé A. Touriñán,1980
nm2678898,Paul Wood,
nm2700522,Rachel Amanda,1995
nm2765676,Jean-Philippe Ricci,
nm2767828,Saroj Khanal,
nm2786314,Kusum Renu,
nm2809289,Yuriy Khvostenko,
nm2811823,Sierra McCormick,1997
nm2812886,Leigh Ormsby,
nm2843482,Chris Sharma,1981
nm2849785,Shan Qiao,1984
nm2883665,Mariam Hernández,1983
nm2893431,Yoshimasa Hosoya,1982
nm2898907,Tokiko Nakamura,
nm2933317,Dimas Aditya,1984
nm2936970,Ashok Kulkarni,
nm2940796,Barsha Rani Bishaya,
nm2941877,Augusto Aguilera,
nm2983144,Pascal Aka,1985
nm3055124,Minoru Kunizawa,
nm3071239,João Carlos Andreazza,1963
nm3104312,Sophie Caron,
nm3131765,Tamiko Robinson Steele,
nm3135674,Evgeniy Sytyy,1969
nm3140519,Swatantra Bharat,
nm3174558,Emily Clark,
nm3196854,Paul C. Kelly,
nm3251574,Robert J. La Trémouille,1942
nm3252185,Frieder Pfeiffer,
nm3359670,Igor Godina,
nm3401111,Fawzia Mirza,
nm3414806,Milind Gawali,
nm3474793,Carol Portes,
nm3492864,Allauddin,1923
nm3523995,Huguette Hatem,
nm3532874,Anindya Chatterjee,
nm3555102,Silvan Frick,
nm3641754,Sandip Pathak,
nm3655146,Murat Okay,
nm3674939,Aya Uchida,
nm3692419,Lee Young-ah,
nm3755586,Muzaffar Adeeb,1934
nm3771077,Cristóbal Orellana,1983
nm3800050,Alondra Alvarez Lara,
nm3869087,Joe DeBartolo,1953
nm3881688,Mohammed Alabadi,
nm3931538,Sam Richardson,1984
nm3940783,Linnea Sage,
nm3940819,Ashley Alva,
nm3973382,Fatima Soussi,
nm3988801,Yusni Jaafar,
nm4061711,Eugénie Anselin,
nm4098354,Ridas Zirgulis,
nm4173957,Amber O'Neil,
nm4182912,Christopher Mychael Watson,
nm4228706,Nam-Nguen Boonnak,1940
nm4238608,Kilala Inori,
nm4255507,Travis Jeffery,
nm4260661,Sarah Dugdale,1995
nm4270904,Siegfried Galler,
nm4296064,Michelle Girolami,
nm4392607,Paul Ruta,
nm4404182,Matt Zappala,
nm4410764,Lotus Wang,1968
nm4411138,Alberte Montes,
nm4428577,Daria Panchenko,
nm4433613,Lucy Loken,
nm4449715,Sonnalli Seygall,1989
nm4454642,Bei'er Bao,1984
nm4475298,Natasha Bure,1998
nm4479881,Yogesh Bhalekar,
nm4511772,Julianne Carioto,
nm4532731,Elkie Kwee,
nm4537360,Octavio Pisano,1986
nm4583219,Ayaka Ônishi,1990
nm4680079,Ra'no Shodieva,
nm4685278,Carmen Vique,
nm4690048,Soda Voyu,1981
nm4699293,Argyris Pandazaras,1988
nm4772266,Eiichi Nozawa,
nm4879042,Giedrius Savickas,1980
nm4896071,Sean Donohue,
nm4929338,Sugey Cruz,
nm4932442,Dave Bobb,
nm4933845,Madison Haley,
nm4949471,Barun Sobti,1984
nm4951669,Mohamed Abu Hashish,
nm4967937,Lalo Rotavería,
nm4973896,Taylor John Smith,1995
nm4992838,Basheer,
nm5046754,Vivia E. Armstrong,
nm5063660,Ryô Okada,
nm5077088,Nobu Kawaguchi,
nm5103701,Aurora Leonard,
nm5144587,Channa Perera,
nm5170154,Jun Ding,
nm5171591,Purnima Maudgil,
nm5181684,Kotonosuke Nakamura,
nm5199559,Robo Shankar,1978
nm5209540,Vince Eisenson,
nm5215062,Anushi Wijegunawardana,
nm5235708,Mara Junot,
nm5243688,Eliana Ghen,
nm5274532,Muhammad Jaber,1945
nm5310307,Kentarô Taki,
nm5393378,Bret Green,
nm5396089,Justine Herron,
nm5408141,Gayathrie,1993
nm5416450,Logan Gunzenhauser,
nm5422245,Elsi Sukumaran,
nm5425933,Adilson Azevedo,
nm5441117,Chou Jie,
nm5507072,Dae Empress,
nm5594794,Semini Iddamalgoda,
nm5601894,Pak Fei,
nm5604363,Silvia Busuioc,
nm5647594,Eyad Hourani,1988
nm5652916,Kemi Lala Akindoju,
nm5744563,Guruprasad,1972
nm5802426,Ann Taplin,
nm5839529,Isha Rikhi,1993
nm5840380,Wole Ojo,
nm5928473,Kristina Benton,
nm5981994,Annie Hamilton,1992
nm6093723,Peter Evangelista,
nm6120787,Ashalatha,
nm6133722,Gleide Firmino,
nm6235401,Bellamine Abdelmalek,
nm6252726,Jan Willem Hofma,
nm6277267,Bhumi Satish Pednekkar,1989
nm6293177,Mike Liwag,
nm6301672,Ray Hurd,1980
nm6302657,Lana Golja,
nm6319462,Davinchi Santhosh,
nm6331132,Fabien Ferhani,
nm6359327,Kirsten Ray Johnson,
nm6390296,Hemang Dave,
nm6415367,Tatu Sinisalo,1992
nm6422858,Gilma L. Polanco,
nm6470228,Moustafa Tawfik,
nm6525359,Josh Miller,
nm6530274,Joss Carter,
nm6579662,John Lesser,
nm6582625,Simone Tessa,
nm6598018,Elen,
nm6602298,Corinna Chamberlain,
nm6637509,David Ogrodowski,
nm6667192,Cooper J. Friedman,2008
nm6702704,Sawyer Amadeus,1997
nm6754911,Li Ming,
nm6775229,Heather Wolf,
nm6792967,Begüm Bahar,
nm6805740,Trezzo Mahoro,1996
nm6812985,Poonam Gurung,
nm6844475,Yasemin Tunca,
nm6845744,Igor Danchuk,
nm7059007,Katerina Tannenbaum,
nm7149670,Erik Martíncues,
nm7189111,Maxime Bouttier,1993
nm7263212,Samara Scott,
nm7282382,Crash Buist,
nm7321179,Yuira Gotô,
nm7348359,Elena Kizilova,
nm7391964,Mitsuko Tamaki,
nm7467125,Yun Lin,1996
nm7487526,Diego Torres Kuri,
nm7494061,Yilin Huang,
nm7501921,Iris S Moy Bautista,
nm7569294,Alfio Foti,
nm7615080,Alex Xenos,
nm7618018,Nicole Gramcko,
nm7628787,Filipp Dyachkov,1987
nm7629480,Julian Filigno,
nm7632179,Dan Herrick,
nm7800985,Kristin Pomales,
nm7853681,Aj Lester,
nm7864509,Jhinal Belani,1992
nm7894320,Wayne Ford,
nm7939035,Mahoor Alvand,
nm7997369,Ali Amjad,
nm8025272,Vijay Suriya,
nm8051851,Gayathri,
nm8069295,Cheryl Abernathy,
nm8103780,Xavier Gonzalez,
nm8111934,Vinod Kedamangalam,
nm8115265,Silvia Dionicio,1999
nm8140511,Whitney Deal,1990
nm8263623,Gilbert Orcine,
nm8311581,Binoy Nambala,
nm8358488,Anusha Damayanthi,
nm8362121,João Robalo,
nm8383131,Lee Byford,
nm8400782,Gidron Azaria,
nm8408599,Cricket Brown,
nm8446544,Han Ji-Eun,1987
nm8450134,McCabe Slye,
nm8450570,Jennifer K Preston,
nm8461408,Alexander Kuznetsov,1992
nm8471994,Dmitriy Belotzerkovskiy,1988
nm8476463,Kuan-Chun Huang,
nm8491070,Miyuri Samarasinghe,1939
nm8543928,Nathan Fisher,
nm8599881,Nalani Wakita,
nm8608230,Mandy Kieroth,
nm8643740,Nancy Herriman,
nm8652229,Holly Axsentieff,
nm8704664,Kelly Mi Li,1985
nm8706685,Pawan,
nm8767964,Levent Muratoglu,1986
nm8772394,David Bromley,
nm8808611,Barsha Das,
nm8859382,Hanne Mathisen Haga,
nm8863699,Carly Bruno,
nm8906891,Neus García,
nm8924147,Dhan Bahadur Gurung,
nm8934337,Bic Nguyen,
nm8973249,Tony Tammaro,1961
nm8995905,Vivek Prasanna,1986
nm9005150,Shubhangi Litoria,
nm9045427,Jordan Gardener,
nm9059181,Bernard Nyarko,
nm9085254,Margaret Berkowitz,
nm9088166,Pratheek,
nm9088356,Fotinì Peluso,
nm9141908,Hordur Bent,
nm9142675,Emma Johannesson,
nm9169503,Yûka Ogura,
nm9236982,Ryan Barboza,
nm9240671,Helen Kayaian,
nm9257789,Himansee,
nm9303323,Jason Wortham,
nm9320393,Lin Zhou,
nm9338633,Jeniffer Flores,
nm9377887,Nicholas Gabriel Velasquez,1996
nm9378883,Jayashree Raj,
nm9403406,Benjamin Gaitet,
nm9410508,Julie Whelan,
nm9413217,Madani Malwaththa,
nm9425332,Sanath Wimalasiri,
nm9434849,Diego de los Andes,
nm9535242,Kizuna Sakura,
nm9537869,Latanya Bond,
nm9540664,Aya Misawa,
nm9554586,Kirsten Della,
nm9567837,Arjun Krishna,
nm9574516,Tanya Hope,1996
nm9587926,Eugene Baffoe,
nm9608152,Jordan Abbe,
nm9612798,Liana Navrot,
nm9669717,Cameron Nathan Dean,
nm9762528,Kenny Austin,
nm9764569,Silan Düzdaban,
nm9770422,Antonio Bannò,1994
nm9809249,Brandy Litmanen,
nm9812378,Brett Parker Dixon,
nm9908280,John Carr,
nm9918107,R. Herman,
nm9962816,Rachel Coolidge,
nm9984431,Kyleigh Bakker,2004
nm9987121,Mark O'Dea,
nm9993693,Apsara Rani,1996
nm0001272,Annabeth Gish,1971
nm0001293,Seth Green,1974
nm0001621,Bronson Pinchot,1959
nm0001744,Tom Sizemore,1961
nm0014122,Mehdi Ahmadi,1966
nm0015651,Mohammed Al Kahlawi,
nm0045489,Þorsteinn Bachmann,1965
nm0059461,Sunil Barve,1966
nm0072610,Perry Benson,1961
nm0080352,Jaya Bhattacharya,1978
nm0082052,Jan Bijvoet,1966
nm0082897,Bing Yin,1962
nm0100263,Matti Boustedt,1974
nm0102410,Lia Boysen,1966
nm0135584,Francis Capra,1983
nm0137849,Seán Carlsen,
nm0141140,Isabelle Carré,1971
nm0149846,Lily Chakravarty,1941
nm0159419,Tomas Chovanec,
nm0159483,Matt Chow,
nm0168244,Janelle Cochrane,
nm0180678,Gabriel Corrado,1960
nm0194937,Guido D'Albo,
nm0196529,Alexandre Dacosta,
nm0200810,Youssef Dawood,1938
nm0201462,Gérard Darmon,1948
nm0218884,Marie Denarnaud,1978
nm0236225,Denise Dowse,1958
nm0239768,John Ducey,
nm0244624,Andrey Dushechkin,1960
nm0256707,Kyôko Enami,1942
nm0260697,Jamshid Esmailkhani,1950
nm0271263,André Di Mauro,1964
nm0285726,Julia Ford,1963
nm0286579,Verónica Forqué,1955
nm0293444,Joan Freeman,1941
nm0295141,Andrea F. Friedman,1970
nm0300589,Sarah Gadon,1987
nm0305182,Eddie Garcia,1929
nm0333117,Yüksel Gözen,1938
nm0337053,Steven Grayhm,1981
nm0348507,Sumati Gupte,1919
nm0351670,Aysun Güven,1954
nm0352640,Amir Haddad,1937
nm0359398,Martin Hancock,1973
nm0368689,Leila Hatami,1972
nm0395953,Yuriko Hoshi,1943
nm0407174,Carlos Ignacio,
nm0408585,Kazuko Inano,1937
nm0410968,Akira Ishihama,1935
nm0414130,Victoria Jackson,1959
nm0423268,Jo Koo,1977
nm0434263,Kishore Kadam,1967
nm0436644,Takeo Kamikubo,
nm0437787,Kannan Arunachalam,
nm0442471,Kanan Kaushal,
nm0442479,Satish Kaushik,1956
nm0457500,Yatarô Kitagami,1932
nm0467557,Isamu Kosugi,1904
nm0468711,Rikiya Koyama,1963
nm0471807,Bronislav Krizan,1941
nm0481374,Konstantinos Lagos,
nm0484916,Jen Landon,
nm0498189,Sam Lee,1975
nm0502425,Melissa Leo,1960
nm0507320,Jazsmin Lewis,1967
nm0507592,Norm Lewis,1963
nm0537648,Deborah Mailman,1972
nm0539336,Mohammad Reza Maleki,
nm0542040,Tatyana Manevskaya,1952
nm0552595,Justin Martin,1994
nm0566279,John McConnell,1958
nm0575235,Zane Meas,1965
nm0587396,Christina Milian,1981
nm0590911,Kōmei Minami,1895
nm0602813,Rob Moran,1960
nm0604919,Molly Morgan,
nm0605710,Manabu Morita,
nm0608214,Ali Mosaffa,1966
nm0610459,Stephen Moyer,1969
nm0618651,Samy Naceri,1961
nm0620083,Chieko Nakakita,1926
nm0620120,Baijaku Nakamura,1955
nm0622406,Shizue Natsukawa,1909
nm0667892,Martín Pavlovsky,1962
nm0685126,Jorge Pires,
nm0692586,Krishna Murali Posani,
nm0706666,Bashar Rahal,
nm0711058,David Rasche,1944
nm0712954,Ola Ray,1960
nm0744599,Hichem Rostom,1947
nm0754500,Nedim Saban,1967
nm0766233,Kôichi Satô,1960
nm0769453,David Schaap,
nm0770462,Mary Scheer,
nm0784279,Noriko Sengoku,1922
nm0793851,Sayaji Shinde,1959
nm0806613,Tucker Smallwood,1944
nm0823563,Mike Starr,1950
nm0845358,Arielle Sémenoff,1947
nm0856872,Tai Thai,
nm0856918,Katharina Thalbach,1954
nm0862882,Niu Tien,1958
nm0865076,Akihisa Toda,
nm0870199,Stanley Townsend,1961
nm0882255,Jun Usami,1910
nm0894494,Ruel Vernal,
nm0943200,Yin Wu,1909
nm0949069,Hidetaka Yoshioka,1970
nm0952085,Zulkifli Zain,
nm0954489,Zenon Zeleniuch,
nm0955471,Ziyi Zhang,1979
nm0990640,Amar Upadhyay,1976
nm0997982,Seo Tae-hwa,1967
nm10069353,Varghese Muthalaly,
nm1008709,Ashley Scott,1977
nm10124558,Quandan Zhang,
nm10147280,Yoshio Ijima,
nm10153431,Rimi,
nm10166044,Golnoosh Ghahremani,
nm10221439,Jasmin Selimovic,
nm10258959,Ashley Crowder,
nm10263714,Joseph Walters,
nm10266725,Serene Duff,
nm10269000,Amina Achaoui,
nm10277006,Kiran Mehta,
nm10279777,A.B. Butler,
nm10281852,Anouar Ayachi,
nm10282599,Caleb Sapp,
nm10288410,Roji P. Kurian,
nm10292048,Mario Castrillo,
nm10292586,Andrew Torres,
nm10292983,Demian,
nm10293524,Chiara Calderale,
nm10295738,Tokikô Kimurâ,
nm10302119,Kimiko Sanjo,
nm10303752,William Ballum,
nm10308439,Jessenia Andrew,
nm10317575,Bo Lindquist-Ellingsen,
nm10319156,Xo Mai Eng-Mann,
nm10319173,Xenia Dautzenberg,
nm1032348,Rahim Roshanian,
nm10323694,Jiban Bhattarai,
nm10325302,Scarlett Diamond,
nm10325533,Cathy Natafitria Fakandi,
nm10327828,Tong Laun,
nm10330965,Prabashi Palliyage,
nm10333197,Matthew Eldridge,
nm10333614,Jermy Cruz,
nm10333633,Dmitriy Biryn,
nm10333635,Artem Bolvin,
nm10334613,Brittany Counts,
nm10339443,Shivaji Patil,
nm10344695,Rubén Arioni,
nm10349387,Cassandra Stewart,
nm10356447,Rizal Idrus,
nm10357865,Megha Sharma,
nm10361793,Seiko Harumi,
nm10362785,Yésica Arjona,
nm10363133,Saiko Habbashi,
nm10379924,Vriddhi Patwa,
nm10385456,Ján Buzássy,1935
nm10387667,McKaylan Levi,
nm10396628,Megha,
nm10398708,Judith Simeon,
nm10398726,Reem Abdel Aziz,1976
nm10407099,Giovanni Laurora,
nm1041023,Navid Negahban,
nm10411559,Shailaja Ambu,
nm10413789,Yuki Chisaka,
nm10418367,Horacio Celestino,
nm10430756,Volodymyr Klymuk,
nm10431283,Andrew McLean,
nm10431639,Adolfo Barricart,
nm10433634,Rangaraj Pandey,
nm10440593,Sushma Bhagwat,
nm10443837,Wang Hao Zhen,
nm10451263,Sheyenne Hoskinson,
nm10455677,Manoel Garcia,
nm10457995,Sanduni Wijesinghe,
nm10459376,Zhijing Tang,
nm10460603,Zara Dragon,
nm1046097,Rachel McAdams,1978
nm10464890,Angel Karamoy,
nm10469223,Carlos González Morollón,
nm10471695,Eric Martinez,
nm10473062,Lexy Ronning,
nm10473992,Nick Masters,
nm10474789,Angelyna Khoo,
nm10474794,Adery Chin,
nm10476631,Malesh Narredu,
nm10478326,Johanna Zukowski,
nm10489719,Ismael Luzuriaga,
nm1049124,Thom Michael Mulligan,
nm10492269,Pedro Valles,
nm10496446,Sahar Ghamkhar,
nm10496841,Shirin Nabilah,
nm10497422,Kyle Gaylord,
nm10500787,Bhumika Patel,
nm10506271,Jia Wang,
nm10507026,Snigdha,
nm10511462,River Zada,
nm10516439,Steve Gray,
nm10519523,Noriko Kohara,
nm10520903,Olivia Guo,
nm10523205,Jeremías Antún,
nm10527092,Valavane Koumarane,
nm10528046,Antonio Occhipinti,
nm10528893,Mark Anthony,
nm10531357,Min Chen,
nm10537291,Vince Camaj,
nm10548027,Holger Düsterhöft,
nm10548030,Florian Schönecker,
nm10553203,Akhil Karthik,
nm10561906,Joanne Briggs,
nm10627025,Tali Samuel,
nm10636007,Singga,
nm1065166,Arié Elmaleh,1975
nm10678594,Garazi Urkola,
nm10680162,Al Baidrin,
nm10685616,Alex Budin,
nm10701003,Xiangran Kong,
nm1073777,Yvette Tucker,
nm10766134,Sintayehu Geremew,
nm1078686,Sofía Gala Castiglione,1987
nm10800751,Zach Davis,
nm10828119,Nicole Omillo,
nm10847832,Zied Mekki,
nm10898346,Dylan Bingham,
nm10933148,Qianyum Lysis,
nm10954223,Kalyssa Belzer,
nm10973629,Anzhelika Hyrych,
nm1098416,Gauri Malla,
nm11044411,Kanchan Bamane,
nm11097121,Mercedes Lopez,
nm11130699,Lucile Debaere,
nm11142369,Aruna,
nm11181726,Pascal Lejeune,
nm11221104,Indhu Anand,
nm11227019,Artyom Borzovskiy,2010
nm11248535,Oliver Woolf,
nm1125938,Thomas W. Gabrielsson,1963
nm1132045,Usha Chavan,1955
nm1135205,Ali Avaz,1936
nm1137909,Maribel Rovira,
nm11403912,Ob Black,
nm11418610,Sandani Hettigoda,
nm11476799,Ali,
nm1149137,Saburō Hiromatsu,
nm11541660,Joel Scheett,
nm11661997,Py Addo Boateng,
nm11663255,Laurène Bourgeois,
nm1167594,Nawab Shah,1972
nm1172626,Te-Kai Liu,1953
nm11780665,Víc Gómez,
nm11807845,Mark Paguio,
nm11884850,Gustav Kock,
nm11894471,Angela Reyes,
nm11896238,Gaëtan Amiel,
nm1209208,Minati Atmanegara,
nm1209316,Albert Boadella,1943
nm12154493,Dharminder Banni,
nm1223449,Krishna Bhagavan,
nm1227161,Sammul Chan,1978
nm1229699,Shigeru Nakano,
nm1234939,Petros Xekoukis,
nm1235659,Katerina Gavala,
nm12413302,Bhavani Bhuyan,
nm12427606,Pete de Jong,
nm12475731,Rowan Rain,
nm12482557,María Del Mar,
nm12513525,Lauren Colasanti,
nm1257062,Dilhani Ekanayake,
nm12654674,Umar Magaji,
nm1267261,Tobias Truvillion,1975
nm1269719,Piet Pagau,
nm1270429,Adam Tuominen,1980
nm12716907,Zoie Beckas,
nm1276538,Savita Malpekar,
nm12795750,Michelle Gleeson,
nm1280360,Junko Matsui,1906
nm12805108,Gemma Rue Puigoriol,
nm1280699,Ruqiu Ouyang,
nm12875671,Noura Benbahlouli,
nm1302330,Murli Sharma,1972
nm1302654,Ali Tabesh,
nm1315788,Empress Schuck,1993
nm1320935,Alka Amin,1960
nm13582281,Lucía Escolar,
nm1367995,Sorush Sehhat,1965
nm1369375,Steven Chase,1962
nm13721924,Kirsten Buchanan,
nm13759812,Sára Gellért,
nm13769757,Zack Kerwin,
nm13808565,Dennis Bryant,
nm1388345,Adi Ashkenazi,1969
nm1393947,Reamonn Joshee,
nm1401864,Trina Corkum,
nm1419300,Sonia Agarwal,1982
nm14214689,Aracely Aranzazu,
nm1446056,Heen Sasithorn,
nm14523947,Bodil Lassen,
nm1461177,Anna Geller,1975
nm1466156,Mitesh Soni,
nm14691872,Emma Júlía Ólafsdóttir,
nm1471776,Pejman Bazeghi,1974
nm14749462,Karla Trejo López,
nm1481765,Khalid Malik,
nm1482259,Kuranosuke Sasaki,1968
nm14906316,Javad Jouyandeh,
nm15353537,Hossein Ebadi,
nm15475067,Milad Moradi Nasab,
nm1560591,Matilda Ragnerstam,1987
nm15618865,Marno Adi,
nm15618866,Alfon,
nm15728350,Huseyn Ali,
nm1575524,Enrique Sapene,1978
nm1580115,Umeko Sakuragi,1908
nm1586516,Bachan Pachehra,
nm1595810,Viktor Dobronravov,1983
nm16114302,Amar Crash,
nm16476117,Ezra Renggana Parlindungan,
nm1650737,James Bostick,
nm1699178,Gürkan Uygun,1974
nm1699275,Ipek Bilgin,1956
nm17128681,Nitraranjan Borkotoky,
nm1714120,Jelle de Jong,
nm17163926,Emma Lainez,
nm1716855,Philippe Graber,1975
nm1716909,Miroslav Krobot,1951
nm1723159,Lea Whitcher,
nm1736745,Angélica Santos,
nm1767929,Chizuko Matsuo,
nm1783075,Ayumi Fujimura,1982
nm1788916,Ying Lee,1923
nm1796422,Minoru Kusama,1902
nm1800303,Jun Kosugi,
nm1817824,Yailene Sierra,1974
nm1832230,Pavel Batek,1975
nm1837990,Ryan Blakely,
nm1840656,Evelin Võigemast,1980
nm18626618,Boukary Compaoré,
nm1874598,Fabio Motta,
nm1874994,Gonzalo Bouza,
nm1919023,Jin Katagiri,1973
nm1971655,Rory Wilton,
nm1989801,Hisao Kanno,
nm2002316,Vic Browder,
nm2010689,Jaleh Sameti,
nm2011274,Akiho Yoshizawa,1984
nm2013380,Alberto Suárez,
nm2017943,Hayley Atwell,1982
nm2040571,Mehmet Özgür,1970
nm2050259,Aitor Luna,1981
nm2051971,Carolyn Baker,
nm2058024,Tom Audenaert,
nm2068880,J. Lee,1984
nm2099014,Ia Sukhitashvili,1980
nm2106870,Kristian Bruun,1979
nm2136329,Beatriz Arjona,
nm2138653,Deepika Padukone,1986
nm2171081,Kazuko Shima,
nm2204932,Ravindra Berde,1945
nm2227756,Benoît Fournier,
nm2244706,Catarina Wallenstein,1986
nm2259391,Wes McGee,
nm2267372,Adam Tsekhman,
nm2296016,Pavol Hammel,1948
nm2306583,Ezzatollah Moghbeli,
nm2317521,Susy Laude,
nm2318592,Anahita Ne'mati,
nm2351202,Boom Suvagondha,
nm2355740,Xun Wang,1974
nm2362746,Kiyoko Izumi,1909
nm2374383,Agnes Pang,
nm2384041,Lazare Lartigau,
nm2412219,Casey E. Lewis,
nm2415415,Antonio Lexerot,1974
nm2453045,Tevfik Yapici,1950
nm2464599,Theo Alexander,1981
nm2464980,Andreea Vasile,1984
nm2479233,Tanya Thompson,
nm2489222,Mohsen Namjoo,1976
nm2543870,Zr-Gang Bi,
nm2545672,Wichai Prommajan,
nm2555387,Jamshid Shah Mohammadi,1937
nm2562850,Sanoja Bibile,
nm2586628,Rome Romanne,
nm2600002,Neal Ward,
nm2611934,Nori Satô,1984
nm2622173,Jerald Napoles,
nm2622284,Shuja Khondokar,1941
nm2637354,Thalatha Gunasekara,1937
nm2665952,Robby Sugara,1950
nm2680994,Poppy Sovia,
nm2681362,Verdi Solaiman,
nm2686038,Femi Adebayo,1978
nm2688329,Hortense Bamas,
nm2704055,Seda Bakan,1985
nm2759746,Saleh Bakri,1977
nm2763715,Afsaneh Pakroo,1983
nm2794738,Jade Colucci,
nm2794834,Zhaleh Karimi,
nm2803762,Catherine Weidner,
nm2817027,Kavita Kaushik,1961
nm2818543,Jagat Rawat,1974
nm2830118,Ali Olomi,
nm2834990,Jason Michael Carroll,
nm2852892,Shunsuke Ryû,
nm2906571,Jun Tsubaki,1952
nm2973107,Sébastien Mossiere,
nm2987726,Shim Eun-kyung,1994
nm2995294,Quatis Tarkington,
nm2999014,Mitchell Parrack,
nm3065236,Junya Ikeda,1992
nm3127544,Armando Cabrera,
nm3131085,Günter Gube,1917
nm3152456,Ozzol Ramdan,
nm3176450,Dominique Provost-Chalkley,1990
nm3184458,Olga Lydia,
nm3198287,Ione Butler,1985
nm3240282,Christine Marie,
nm3241362,Song Jin,
nm3245931,Hendrik Cronje,
nm3262727,Chad Burkhardt,
nm3270385,Slavisa Curovic,1977
nm3278434,Guohua Liu,
nm3298848,Billy Garan,
nm3346368,Masaru Aoyama,1961
nm3515044,Antonio Acampora,1976
nm3701137,Kim Sung-oh,1978
nm3706325,Ivana Pantaleo,
nm3708145,Jessica Clark,1985
nm3719585,Özer Arslan,1983
nm3724770,Tatsuo Wakabayashi,
nm3746071,Tess Haubrich,1990
nm3748127,Jerod Meagher,
nm3784836,Harry de Fretes,
nm3797898,Rachael Okonkwo,
nm3810745,Samantha Elizabeth Johnson,
nm3816753,Ken Anthony II,
nm3876068,Sarwat Gilani,
nm3877470,Rieko Taka,
nm3966537,Caroline Donnelly,
nm3973781,Xian Lim,
nm4051489,Mark Anthony Hackett,
nm4061153,Bari Kang,
nm4110963,Jack Lowden,1990
nm4163224,Bryan G. Thompson,
nm4201461,Ingrid García-Jonsson,1991
nm4231730,Meghan Jadhav,1992
nm4250048,Marie Blokhus,1982
nm4264236,Bruna Cusí,1986
nm4279181,Thomas Gunter,1976
nm4304935,Sezgin Cengiz,
nm4355664,Bernard A. Kyer,
nm4364980,Lillian Solange Beaudoin,
nm4376653,Paige Sturges,
nm4383118,Rahul Madhav,1986
nm4410344,Chelsea Clark,
nm4436837,Jarrid Masse,1980
nm4446467,Tye Sheridan,1996
nm4463202,Coraleen Waddell,
nm4551518,Jessie Cannizzaro,
nm4565874,Noemi Gonzalez,
nm4642822,Thai Hoa,1974
nm4678298,Mary Sack,
nm4719218,Helene Robbie,
nm4725556,Gizem Denizci,1988
nm4729864,Seetha Kumari Ehalepola,1940
nm4855833,Brandon Mitchell,
nm4858550,Sophie Verbeeck,
nm4882946,Victoria Swilley,
nm4891461,Konstantin Mikhalenko,
nm4906948,Basak Akbay,
nm4913730,Martin Auer,
nm4916809,Will Hart,
nm5054542,Casey Leach,
nm5056001,Elena Kazan,
nm5065265,Charley Palmer Rothwell,1992
nm5068576,Pif,1972
nm5083066,Jay Jintai,
nm5097504,Chet Cole,
nm5136687,Tori Dmytar,
nm5161289,Tongie Davis,
nm5162621,Shyam Fernando,
nm5166644,Jayalal Rohana,1964
nm5209535,Dalisa Alegria,
nm5212264,Andrea Patucelli,
nm5212267,Nicolas Martinez,
nm5252055,Anthony Ciccotosto,
nm5256092,Nora Decker,
nm5267819,Cenk Erdier,
nm5303286,Srinagar Kitty,
nm5331326,Hamid Reza Azarang,
nm5333987,Carliff Carleel,
nm5334542,Natalie Burtney,
nm5339815,Lilia Buckingham,2003
nm5384297,Dave Shecter,
nm5427808,Gerald Crum,
nm5480560,Dhanveer,1995
nm5498943,Haulston Mann,
nm5544006,Florian Innerebner,
nm5551759,Jeevan Kumarathunga,
nm5593270,Kainakary Thankaraj,1946
nm5606446,Tom Williamson,1990
nm5660559,Hugues Jourdain,
nm5661080,Myung-Hun Lee,
nm5664413,Elsa Diandra,
nm5668523,William Marshall,1995
nm5668913,Jessica Castello,
nm5683792,Viktor Khorinyak,1990
nm5684012,Irene Dias Rayck,
nm5745476,Omar Barrera,
nm5754694,Kristopher Wente,
nm5800241,Kōji Nakano,
nm5871788,Denise Nall,
nm5877625,Lizzie Antony,1980
nm5898064,Keith Kelly,
nm5917286,Tissa Bandaranayake,
nm5921534,Candice Zhao,1992
nm5947149,Josh Plasse,
nm6010224,Cameron Gilliam,
nm6012805,Pedram Sharifi,1987
nm6047778,Oscar Ludeña,
nm6066731,Jangiri Madhumitha,
nm6088477,DeWayne Etheridge,
nm6097274,Mahsa Alafar,
nm6122132,Dilsad Simsek,1980
nm6157473,Jasmine Jobson,1995
nm6186358,Wesley Wakelin,
nm6309689,Rachel Mooney,
nm6403597,Mona Farjad,1984
nm6422163,Natey Jones,
nm6449080,Sehar Bhojani,
nm6498932,Lauren Searl,
nm6527505,Anshuman Malhotra,
nm6559494,Natalie Lyn Urruchurtu,
nm6615049,Paige Sciarrino,
nm6640118,Jonny Glynn,
nm6649930,Shubhro Sankha Das,
nm6657869,Marla Johst Anderson,
nm6726547,Christian Weissmann,
nm6735462,Yuri Gavrilov,1987
nm6776380,Vasilis Anastasiou,
nm6814486,Anita Farmer Bergman,
nm6820372,Anselm Meyer,
nm6845941,Rodrigo Tactaquin,
nm6865772,Hannah Good,
nm6955446,Stefania Berndsen,
nm7008542,Darren Cain,
nm7014900,Taiki Satô,1995
nm7085888,Deniz Gören,
nm7108471,Kelly Crifer,
nm7126592,Kayhan Açikgöz,1987
nm7140010,Elin-Margareta Nordin,1986
nm7148844,Léonard Condemine,
nm7152477,Nahid Mahmoodi,
nm7224978,Christopher Jaftha,
nm7260780,Artyom Melnichuk,1992
nm7301911,Lianshun Kong,
nm7308376,Fraser Precious,
nm7350709,Buddy Duress,1985
nm7352209,Nicolas de Lavergne,
nm7403009,Elliott Sancrant,
nm7491912,Istiyak Khan,
nm7504803,Nadia Lamin,
nm7507993,Babor,1952
nm7557914,SeJoya Harris-Thomas,
nm7559888,Tom Hudson,
nm7561406,AnnaClare Hicks,
nm7573814,Majd Mastoura,1990
nm7581690,Andrea Mohylová,1987
nm7585380,Christopher McGruer,
nm7601695,Lola Ahumada,
nm7609218,Jovial Da Lopez,
nm7637210,John Michael Mahlstedt,
nm7639503,Dheena,
nm7641815,Atharva Bedekar,
nm7684852,Shaheen Siddique,1989
nm7776185,Lloyd Collins,
nm7822670,Aaron Berjohn,
nm7834015,Julz LaBrash,
nm7842711,Victor Alvarado,
nm7842996,Michael John Treanor,
nm7862385,Brian Coleman,
nm7909122,Sharan,
nm7912847,Peter Ondrejicka,
nm7929510,Glenn Agius,
nm7954006,Juan Pablo Muro,
nm7958931,Vinay Rajkumar,1989
nm7961313,Arunjit Borah,
nm7987438,Raunak Bhinder,
nm8020709,Yannick De Martino,
nm8062452,Jeff Turmeau,
nm8083073,Lontrell Anderson,
nm8121515,Jermaine Penn,
nm8173181,Zachary Bray,
nm8185152,Rania Putri Sari,
nm8238745,Eugenio Biancalana,
nm8353860,Koyi Mak,1991
nm8367803,Matt Esof,
nm8411029,Marcella Miller,1997
nm8418847,Naina Sareen,
nm8429516,Rudy Jimenez,
nm8487528,Bri Ana Wagner,
nm8531626,Takenori Gotô,
nm8532388,John Apolinar,1999
nm8568295,Okan Kemal Özkan,
nm8600510,Rowin Holtslag,
nm8604640,Hooshang Hamzei,
nm8612305,Rashmika Mandanna,1996
nm8697489,Scott Grady,1981
nm8715864,Valeriy Kharchyshyn,
nm8894367,Sarath Chandrasiri,1964
nm8910575,Eiji Akaso,1994
nm8916809,Paul Nathaniel Oleynick,1970
nm8929624,Rui Jiao,
nm8961313,Colton Ryan,1995
nm8968281,Mohammad Reza Abbasnejad,
nm8976246,Jason Cade,
nm8982000,Karthik Rao,
nm9008183,Xiao Yu,
nm9030560,Seythe McCoy,
nm9085093,Angel Love,
nm9114605,Danielle Barrow,
nm9125509,Jamie McClean,
nm9133391,Kendrick Grey,
nm9150637,Sadaf Asgari,1997
nm9190581,Chloe Castiglioni,
nm9193673,Alexandra Mary Reimer,
nm9274324,Diego Viramontes,
nm9278535,Georgia Siakavara,
nm9279115,Nikki Serenity,
nm9281797,Ville Hytönen,
nm9322167,Caden Dragomer,
nm9375204,Sandip Chakraborty,
nm9418960,Irene Jean Santos,1986
nm9439999,Abhinav Anand,1995
nm9448266,Dayasiri Hettiarachchi,
nm9453929,Ade Dimberline,
nm9488163,Curtis Hendrickx,
nm9514119,Zherui Cai,
nm9546019,Tucker Audie,
nm9547466,Udith Abeyrathna,
nm9549599,Adeniyi Johnson,
nm9554700,Emily Erwin,
nm9599989,Beverly Osu,
nm9634729,Nicholas Alexander,
nm9641743,Danielle Joelle Carter,
nm9664592,Slava Dugin,
nm9675960,Hassan Mustafa Ali,
nm9680920,Eda Doger,2006
nm9724876,Sara Gray,
nm9780089,Sinan Taskan,
nm9844787,Perlene Bhesania,
nm9850382,Pherlha Aguilar,
nm9855889,Gustav Lindberg,1998
nm9856689,Amanda Courtney,
nm9913749,Yeganeh Balouchi,
nm9914246,Mimi Buari,
nm9926497,Lilian Cordova,
nm9945002,Dominika Walo,1993
nm9993484,Gaia Chon Grimaldi,
nm0000553,Liam Neeson,1952
nm0000579,Ron Perlman,1950
nm0000597,Bill Pullman,1953
nm0000732,Danny Aiello,1933
nm0003116,Anthony C. Ferrante,
nm0005236,Juliet Mills,1941
nm0005378,Brande Roderick,
nm0005403,Jason Schwartzman,1980
nm0008713,Abhimanyu Singh,1979
nm0014629,Sachiko Sōma,
nm0014955,Yumeko Aizome,1915
nm0019741,Iroda Aliyeva,1929
nm0023715,Shigeru Amachi,1931
nm0025654,Ananth,
nm0032108,Francesco Apolloni,1974
nm0032633,Carlo Aquino,1985
nm0048250,Becky Ann Baker,1953
nm0055362,Arrigo Barnabé,1951
nm0066093,Ahmad Bedair,1945
nm0070771,George Benedict,
nm0075616,Uwe Dag Berlin,1958
nm0090487,Mahulena Bocanová,1967
nm0100343,Louison Boutin,
nm0100889,Michael Bowen,1958
nm0117721,Erna Brünell,1908
nm0121225,Natasa Burger,1968
nm0125211,Aslam Butt,
nm0148516,Aleksey Serebryakov,1964
nm0149194,Hasan Ceylan,1922
nm0149441,Sheeba Chaddha,1972
nm0156928,Minoru Chiaki,1917
nm0158253,Matthew Chisholm,
nm0159337,Kabori Sarwar,1950
nm0161122,Sahatchai Chumrum,
nm0167728,Menggie Cobarrubias,1953
nm0174566,Mon Confiado,
nm0193846,Elisha Cuthbert,1982
nm0194305,Piotr Cyrwus,1961
nm0200806,Halima Daoud,
nm0202136,Satoko Date,1910
nm0202804,Alan David,1947
nm0222150,Prabhu Deva,1973
nm0243620,Philippe Duquesne,1965
nm0246931,Ekrem Dümer,1928
nm0251538,Florian Eichinger,1971
nm0261824,John Estrada,1973
nm0284715,Gamini Fonseka,1936
nm0284734,Celina Font,1970
nm0288260,Olwen Fouéré,
nm0295625,Willi Fries,
nm0297745,Fusako Fujima,
nm0297788,Shiho Fujimura,1939
nm0311476,Martina Gedeck,1961
nm0320721,Rémy Girard,1950
nm0323574,Gianluca Gobbi,1974
nm0347729,Yalçin Gülhan,1944
nm0348018,Sanath Gunathilake,
nm0348490,Rajendra Gupta,1947
nm0361676,Kensaku Hara,1906
nm0367928,Kazuo Hasegawa,1908
nm0368050,Isao Hashimoto,1941
nm0369696,Ilavarasu,
nm0370573,Yūzō Hayakawa,1925
nm0372016,Sami Hazinses,1925
nm0374399,Charlotte Heinimann,1956
nm0395942,Hikaru Hoshi,1907
nm0409466,Hiroshi Inuzuka,1929
nm0410895,Êitarô Ishibashi,
nm0411715,Kōichi Itō,
nm0433893,K.S. Ravikumar,1958
nm0438736,Haydar Karaer,1920
nm0447527,Shūsuke Agata,
nm0451174,Arshad Warsi,1968
nm0451561,Sachin Khedekar,1965
nm0460697,Rainer Knepperges,1965
nm0474492,Agata Kulesza,1971
nm0480524,Chantal Ladesou,1948
nm0481336,Javier Lago,
nm0482289,Jyothi Lakshmi,1953
nm0523933,Fanny Lubitsch,
nm0532610,Hiroko Machida,1924
nm0538717,Miroslav Makoviychuk,
nm0541908,Costas Mandylor,1965
nm0542510,Ravindra Mankani,1956
nm0559869,David Mattey,1969
nm0567204,Julie McCullough,1965
nm0591651,Alicia Minshew,
nm0597853,Mark Monero,1968
nm0599493,Zully Montero,1944
nm0619496,Mari Nagy,1961
nm0620017,Kazuya Nakai,1967
nm0623419,Nazir,1910
nm0624346,Jun Negami,1923
nm0632967,Hideaki Nitani,1930
nm0644521,Issey Ogata,1952
nm0645422,Mariko Okada,1933
nm0652798,Carlos Otero,1916
nm0653660,Peter Outerbridge,1966
nm0659959,Florian Panzner,1976
nm0698998,David Proval,1942
nm0699092,Jon Provost,1950
nm0707548,Nabi Rakhimov,1911
nm0712433,Ravi Teja,1968
nm0736115,Santi Rodríguez,1965
nm0747700,Ping Ru,
nm0756509,Ryûji Saikachi,1928
nm0759797,Udo Samel,1953
nm0785841,Peppe Servillo,1960
nm0830802,Laurent Stocker,1973
nm0835181,George Stroumboulopoulos,
nm0837098,Jiří Suchý,1931
nm0846681,Dalip Tahil,1952
nm0847691,Yūsuke Takita,1930
nm0865806,Yū Tokui,1959
nm0869035,Massimiliano Tortora,1963
nm0869687,Georges Tourreil,1894
nm0871141,Phil Trasolini,
nm0873223,Heinz Trixner,1941
nm0882287,Varsha Usgaonkar,1968
nm0885934,Gwen Van Dam,1928
nm0893142,Venkatesh Daggubati,1960
nm0893228,Barbara-Marié Immelman,
nm0900010,Master Vithal,
nm0906735,Katsuko Wakasugi,1928
nm0908351,Jude S. Walko,1972
nm0922937,Debora Weston,1958
nm0924210,Ben Whishaw,1980
nm0929330,Adrienne Wilkinson,1977
nm0955448,Yu Zhang,1957
nm10007407,Kelcey Brackett,1975
nm10032663,Ulrike Stewart,
nm10113120,Priya Vadlamani,1997
nm10140655,Rekha Mishra,
nm10163476,Lily Stewart,
nm10169843,Furkan Inanir,
nm10197661,Tayyeb Ramchahi Eslami,
nm10204542,Lilly Abey,
nm10210839,Yeimmy Rodríguez,
nm10211049,Rebecca Jimenez,
nm10222122,Jeanne-Danae Januarie,
nm10258845,Sariel Toribio,
nm10264205,Luis Arellano,
nm10265966,Daniel Adler,
nm10269163,Jojî Ôkubo,
nm10273749,Irma Kusuma,
nm10276230,John Fau,
nm10277054,Tang Kiu,
nm10277260,Susan Stevenson,
nm10280884,Michiyo Kiku,
nm10280915,Saroj Aryal,
nm10284552,Roberto Casavelha,
nm10284989,Lilly Blackwell,
nm10285029,Hannah Bouhamdi,
nm10288531,Anthonieta Kalunta,
nm10288728,Tyler Frank,
nm10292298,Mondo Okumura,
nm10293293,Valentino Peter,
nm10295049,Sadegh Borghei,
nm10296530,Anita Buller,
nm10297180,Haruô Shimadâ,
nm10298319,Jesus Ceballos,
nm10307165,Sam Peters,
nm1030766,Juanma Lara,1963
nm10308441,Andrew Wiss,
nm10313614,Lauren B. Leigh,
nm10316075,Katrina M. Harris,
nm10318508,Abhishek Maindola,
nm10319161,Aldous Kindersley,
nm10319162,Wynifred Kindersley,
nm10323185,Mari Fuyuki,
nm10326803,Sasha Pugachyov,
nm10328671,Seyda Ipek Baykal,
nm10330849,Lonishree Das,
nm10338579,Nugzar Davitashvili,
nm10339325,Chuanxin Sun,
nm10342516,Toprak Atar,
nm10342517,Deha Karan Üner,
nm10342545,Juan De Dios Jarana,
nm10350256,Abdulaziz Al-Nassar,
nm10353375,Eric Rutledge Baby Sosa,
nm10362812,Martín Cabrerizo,
nm10364820,Kirt Barnes,
nm10365511,Serafim Mirgorodskiy,
nm10366904,Marshel Widianto,
nm10369309,Giancarlo Herrera,
nm10369654,Shahbir,
nm10369743,Ishitha Varsha,
nm10372162,Takahashi Tsuyoshi,
nm10378855,Dale Van Slyke,
nm10381410,Aakash Banasode,
nm10384675,Xing-qi Du,
nm10385455,Peter Colotka,1925
nm10385508,Kuninori Takadô,
nm10385908,Dylan Isaacs,
nm10390552,Vishal Khire,
nm10395055,Enrique Romero,
nm10397910,Danil Tyabin,
nm10403421,Sungmin Hwang,
nm1040419,Shun Oguri,1982
nm10406709,Anagha,
nm10407093,Ivan Greene,
nm10407983,Mark Miller,
nm10408828,Miguel Orlando Collins,
nm10410817,Manuel Bastos,
nm10419380,Ashok Pathak,
nm10420877,Gorô Yanagawa,
nm10425528,Jorge Caetano,
nm10425688,Tadanobu Inagawa,
nm10428694,Julio César De Jesús,
nm10431284,Daniella Franze,
nm10431285,Miguel Regalo,
nm10432800,M.A. Gafur,
nm10434199,Cengiz Mülayim Çimen,
nm10434425,Alex Campos,
nm10434853,Kuninosuke Sawamura,
nm10436902,Ellen Augustine,
nm10442619,Kinley Parrish,
nm10444071,Ashraf Uddin Ahmed Chunnu,
nm10454405,Heather Mason,
nm10454485,Samuel Chase,
nm10455301,Tara Gottschalk,
nm10455698,Tom Storer,
nm10459375,Jupeng Qing,
nm10459444,Victor Fomine,
nm10461349,Connor Hamilton,
nm10467153,Francesco Pio Rescigno,
nm10468307,Hilbert Boneschansker,
nm10471696,Martin Duran,
nm10471980,Harry Cipolat,
nm10474525,Kalyani Bhagwat,
nm10474558,Snehal Gore,
nm10476621,Jim McGrath,
nm10477373,Antonio Kuhar,
nm10477377,Olivera Kamenarovska,
nm1047883,Dominic Fumusa,1969
nm10484456,Keith Kelly,
nm10484783,Rachel Gaon,
nm10486524,Miyuki Mishima,
nm10487898,Shingo Endô,
nm10491239,Jwalanta Gautam,
nm10491841,Yonnie Cruz,
nm10492516,Brenda Hawkins Bailey,
nm10496483,Marc Nacon Borrayo,
nm10497421,Olivia Curtis,
nm10498050,Joel Bonifacio,
nm10498897,Logan Allison,
nm10520101,Dylyn Knox,
nm10521527,Akhil Prabhakar,
nm10523455,Ademola Richards,
nm10529309,Ahmad Mawardi Bin Abdul Rahman,
nm10532960,Ty Landman,
nm10533894,Althaf,
nm10536357,Koua Thao,
nm10537553,Michael,
nm10538303,Jaime Garzón,1960
nm10548029,Georg Menzel,
nm10573550,Nguyen Trung Dan,
nm10582239,Klay Mobius Trip,
nm10588260,Ashley Miller,
nm10592896,Sritha Chandana,
nm10680097,Valeria D'Alessandra,
nm10691775,Tianying Peng,
nm10691848,Balaji,
nm10704645,Cheuk Wah Chan,
nm10743340,Avanthika,
nm1080620,Alessandra Ambrosio,1981
nm10813435,Devendra,
nm10842583,Maxwell Dogbe,
nm10890568,Akhil,
nm10939474,Roz Marie,
nm10948031,Key Higdon,
nm10999806,Colton Merriman,
nm1101158,Jie Yan,1982
nm11055608,Romelyn Angeles,
nm11084813,Yao Zhang,
nm11085948,Bailee Hebbler,
nm1109689,Girts Kesteris,1964
nm11098518,Giorgos Lambrianos,
nm1110186,Deddy Mizwar,1955
nm1111054,Masaki Terasoma,1962
nm11130700,Nathalie Germonprez,
nm11142343,Amar,
nm11158117,Emma Hebda,
nm11166411,Madhavi,
nm11201693,Bochen Zhang,
nm11205875,Vittoria Sappa,
nm11210709,Anna Bloshinky,
nm11227205,Ángeles Cruz,
nm11236541,Isra Erbas,
nm1127476,Miyo Shio,
nm11406801,Marina Komarova,
nm11455245,Tyger Bootie,
nm11463444,Celina Braute,
nm11476772,Miss Mercedes 9,
nm1155349,Björn Hlynur Haraldsson,1974
nm11633842,Saulius Sestavickas,
nm11638994,Raju Kalkuniki,
nm1172718,Junji Masuda,1915
nm11738593,Gocia Goncalves,
nm11840724,Ahmad Abdulhadi,
nm1189725,Masao Inoue,1881
nm11910238,Siyanda Mbhele,
nm1193571,Salah Abdalla,1955
nm11958700,Bharadwaj,
nm1195879,Rahnuma Panthaky,
nm11982840,Manu Boussaide,
nm12081923,Kaely Case,
nm1211326,Michael McCartney,
nm1216245,Desiree Del Valle,1982
nm12203718,Lilli Ball,
nm1224082,Boman Irani,1959
nm1241531,Bharat Jadhav,1973
nm12427244,Maverick Risley,
nm1250925,Lantian Chang,
nm12633532,Larry Cole,
nm12665632,Rabeha Mahmoud,
nm12789774,Liliane Chacar Khoury,
nm1283231,Chitose Hayashi,1892
nm1284828,Yasushi Yoshii,
nm1287273,Cui Gao,
nm1292277,Rintarō Fujima,1899
nm1296300,Kangyō Nakamura,
nm12973204,Harshal Vanpariya,
nm1298052,Raghu Babu,1964
nm13051033,Adrián de Núñez,1991
nm13154960,Kaia Craig,
nm1318410,Brooke Bloom,1978
nm13221173,Jino HauLam,
nm13234490,Michela Imperatore,
nm13245550,Simonas Rickus,
nm13385761,Rafael Barra,
nm13394289,Kamile Bagdaviciute,
nm1340738,Jessica Harmon,1985
nm13414070,Aleksandra Antic,
nm13414099,Andrej Bozovic,
nm13616526,Rutuja Kulkarni,1997
nm1364645,Mitsugu Terashima,1904
nm13704769,Hussein Hassan Mohamed,
nm13736107,Dizzy Lizzy,
nm13812748,Antonio Cardoso,
nm13859587,Audrey Derrien,
nm1387552,Miguel Such,1972
nm1395806,Eric Worden,
nm1397705,Sunita Dhir,
nm14007687,Héctor Indriago,
nm14139649,Kian Co,
nm14214692,Mariana Rojas Muñoz,
nm14302137,Ralf Kolenberg,
nm1446372,Tadashi Suganuma,
nm14490911,Luzia Valente,
nm1462983,Andrés Curbelo,
nm1474788,Kishore Pradhan,1936
nm1476806,Tyler Jon Olson,
nm1483904,Benjamin Biolay,1973
nm1504885,Okan Kornelius,
nm1517425,Franz Cantalupo,
nm1526347,Sílvia Abril,1971
nm15376777,Malachi Davis,2004
nm1559782,Ajay Ratnam,
nm15793738,Sverker Brodin,
nm1595910,Karibi Fubara,
nm1596785,Vladimir Epifantsev,1971
nm16016764,Kali Charan,
nm1644112,Michael Cyril Creighton,
nm1649761,Kinji Fujiwa,
nm16543790,Jaiquan Fayson Jr.,
nm1668816,Taryn Kelly,
nm1702471,William Ferreira,
nm1708078,Kanji Kawara,1897
nm1735120,Madeleine Humphries,1988
nm1741002,Matt Smith,1982
nm1751183,Jasen Wade,
nm1763656,Luis Manzano,1981
nm17664834,Yang Xiang,
nm1785332,Candace Mabry,
nm1794254,H.T. Altman,
nm1832279,Bentot,1928
nm18416472,Sena Ito,
nm18559637,Pramod Kurup,
nm1879584,Nour El-Refai,1987
nm1907812,Ryan Wesley Gilreath,
nm1908800,Arindam Sil,1964
nm1944055,Lauren Lapkus,1985
nm1960477,Torazō Hirosawa,
nm1978173,Man Lai,1916
nm1980400,Shaheb Chattopadhyay,
nm1992756,Zbigniew Paterak,1963
nm2074966,Derek Ramsay,1979
nm2078718,Chen-Huan Chang,1959
nm2103881,Yoshio Tabata,1919
nm2110485,Manish Dayal,
nm2146813,Sofia Espírito Santo,1975
nm2151270,Jorge Ponce,
nm2155732,Mike Adler,1978
nm2156908,Jayalath Manoratne,1948
nm2197711,Giorgio Arcelli,
nm2258163,Gustavo Pardi,
nm2325042,Jonathan Harden,
nm2347196,Subodh Bhave,1975
nm2385808,Mercedes Papalia,
nm2394568,Swen Temmel,1991
nm2431276,Andrzej Baranowski,1950
nm2432662,Sandrine Pinna,1987
nm2440239,Hugo Grimm,1980
nm2441202,Kostis Savvidakis,
nm2442143,Claude Musungayi,
nm2457283,Draper Wynston,
nm2458380,Shinobu Ebihara,
nm2465061,Jhumma Mitra,
nm2471076,Ed Ward,
nm2492282,Jun-Chiu Chiu,
nm2504306,Rudy Salam,
nm2504855,Omid Ahangar,1979
nm2506509,Roya Afshar,
nm2527254,Jose Sucilla,
nm2527686,Lisa Carlehed,1979
nm2573928,Kana Hanazawa,1989
nm2686618,Cláudio Andrade,1984
nm2744476,Heather Nicol,
nm2747070,Manjula Kumari,
nm2748333,Philip Solomon,
nm2754475,Rudranil Ghosh,1973
nm2816832,Jenique Bennett,
nm2897413,Dharshan Dharmaraj,
nm2906637,Kranti Redkar,1982
nm2962353,Pom Klementieff,1986
nm3011659,Anna Bellato,
nm3021333,Jatin Goswami,
nm3041625,Danielle Proctor,
nm3071281,Huy Khanh,
nm3078257,Sal Alvarez,
nm3084554,Tamanna Begum,
nm3117320,Jackie Cruz,1984
nm3188810,Brad Benedict,
nm3261559,Stian Bam,
nm3299039,Kiyoshi Kinami,
nm3314957,Peyton Hillis,1986
nm3338782,Charlie Blue,
nm3339236,Alano Miller,
nm3406338,Dinkar Inamdar,
nm3434176,Goua Robert Grovogui,
nm3447958,Oussama Kheddam,
nm3471316,Elliot Barnes-Worrell,
nm3492497,Shakib Khan,1979
nm3503246,Tamanosuke Gomeirô,
nm3574449,Diany Rodriguez,1981
nm3704574,Xuan Gu,
nm3740979,Dominic Aquilina,
nm3742340,Aziz Singah,
nm3762743,Nadezhda Ivanova,1989
nm3796133,Cha Yup,1986
nm3808948,Vennela Kishore,1980
nm3817431,Lee Sang-hoon,1976
nm3848496,Janet Porter,
nm3863014,Ayu Dyah Pasha,
nm3864624,Satyakam Anand,1977
nm3882781,Toshio Hosokawa,1916
nm3893525,Vyacheslav Ganenko,
nm3935625,Daniel Botzer,
nm3995909,Eduardo Manzanares-Nyul,
nm4005552,Ramiro 'Ramir' Delgado Ruiz,
nm4047075,Hiba Al-Durri,1982
nm4148153,Cody Clarke,1988
nm4152381,Kyla Deaver,
nm4180684,Beverly Naya,
nm4228995,Crystal Byrd,
nm4241449,M. Sasikumar,1975
nm4245678,Grainne McDermott,1993
nm4254660,Leander Vyvey,
nm4294865,Stefanie Johnson,
nm4346582,Rohana,
nm4349273,Prodyot Mukherjee,
nm4363130,Rekha Shankar,1990
nm4382414,Estefanía Martínez,
nm4393013,Dimitris Dimou,
nm4405659,Christopher Wesley Moore,
nm4410185,Yile Yara Vianello,
nm4425568,Vladimir Gvojic,
nm4442569,Joy Badlani,
nm4473738,Pierre Marquille,1971
nm4482064,Alexis Sánchez,1988
nm4517846,Olli Haaskivi,
nm4565850,Harald Beran,
nm4576354,Evan Davis,
nm4576978,Kenny Pollone,
nm4756188,Asa Gallagher,
nm4793987,Issa Rae,1985
nm4890743,Ena Kurtalic,
nm4951842,Steven Cox,
nm4977260,Yoshiki Kondô,
nm5016551,Anirban Bhattacharya,1986
nm5034104,Beniko Iida,
nm5059239,Carolin Freund,1984
nm5079417,Keiko Hama,
nm5083230,Ken'ichirô Sugiyama,1934
nm5104332,Devin Das,
nm5105990,Greg Kriek,
nm5140520,Amane Okayama,1994
nm5146437,Chen Chang,
nm5170315,Tristan Casey,
nm5205139,Matt Bailey,
nm5259014,Sergio Montalbano,
nm5273047,Steve Balewicz,
nm5301216,Yûta Jingûji,
nm5313418,Lidia Nené,
nm5369429,Karunakaran,1981
nm5383147,Héctor Sandoval,
nm5394040,Astad Kale,1983
nm5470227,Chanchala Warnasooriya,
nm5528676,Niranjan,
nm5618931,Heather Egeli,
nm5632624,Nick Ventura,
nm5640962,S.C. Wilson,
nm5657066,Hiphop Tamizha Adhi,1990
nm5685205,Edward Holcroft,1987
nm5710414,Thomas Cocquerel,
nm5730006,Siti Saleha,
nm5739369,Francesca Romana Bergamo,
nm5845367,Sentarô Godai,
nm5856929,Daphné Huynh,
nm5922816,Danella Sloman,
nm5928144,Juliana Drummond,
nm5929736,Ronald Godfrey,1970
nm5937180,Jerry Kwarteng,1976
nm5937266,Roberta Torres,
nm5953363,Deonta Blount,
nm5985010,Sefa Gümüşkanat,
nm6001320,Chanté Adams,1994
nm6003956,John Crickellas,
nm6112124,Pearl Chanda,1992
nm6158289,Maria Legarda,
nm6160575,Bidya Sinha Saha,1992
nm6170557,Addison Ohrmund,
nm6196159,Sangeeta Krishnasamy,
nm6203023,Jean Philippe Kodjo Adabra,1978
nm6219447,Bhau Kadam,1972
nm6233549,Susan Echols-Orton,
nm6237659,Ferdi Sancar,1980
nm6249052,Bao-Li Ku,
nm6286319,Mann Robinson,
nm6367789,Jonathon Carley,
nm6367882,Geethanjali,
nm6382653,Abd El Fatah El Quossary,
nm6390607,April Lee,
nm6395451,Naama Preis,1982
nm6419803,Archan Trivedi,
nm6454827,Emilie Sofie Johannesen,
nm6466346,Deepu James,
nm6478947,Lazar Djukic,1988
nm6483271,Nutthasit Kotimanuswanich,
nm6556507,Chamila Peiris,
nm6591382,Erica Anderson,
nm6613275,John Curley,
nm6617552,Om Prakash,
nm6697627,Jayan Cherthala,
nm6700297,Aaron Cavette,
nm6713767,Arischa Conner,
nm6716083,Lorenzo de Moor,
nm6767239,Adesua Etomi-Wellington,
nm6768002,Wataru Ichinose,1985
nm6787910,Angela Jakaj,
nm6845069,Chandramouli,
nm6850360,Milena Straube,
nm6916130,Zhiqiang He,
nm6920613,Joshua Neil,
nm6934209,RajeshB.,
nm6999449,Saurabh Gokhale,1981
nm7095359,Jens-Peter Fiedler,
nm7147009,Jagan Badvel,
nm7176425,Siobhan Connors,
nm7193158,Alexandra Tavoulari,
nm7214377,Mitchell L. Johnson,
nm7241265,Jose Ramirez Raya,1957
nm7245181,Shay Denison,
nm7250074,Elaine O'Dwyer,
nm7288448,Tuva Jagell,
nm7326511,Olivia Scott Welch,1998
nm7333836,Sanjay Kansa Banik,
nm7356566,Emma Duncan,
nm7430253,Darcy Waite,
nm7452709,Ilya Malanin,1993
nm7468057,Sam Gibbons,
nm7520461,Thanh Tu Nguyen,
nm7542582,Shirley Huang,
nm7609205,Arief Didu,
nm7612784,Paul T. Williams Jr.,
nm7638116,Subeesh Sudhi,
nm7704530,Marybeth Paul,
nm7704806,Linda Osifo,
nm7747767,Tommy Peñaflor,1993
nm7755666,Gabby Padilla,
nm7761976,Alyssa Andronyk,
nm7770979,Kayli Tran,
nm7785899,Julian Brittano,1978
nm7800984,Joe Teitelman,
nm7811177,Chiharu Ono,
nm7848796,Qian Da Wei,
nm7856398,Iván Marín,
nm7910915,Salman Yusuff Khan,
nm7918400,Sabrina Rudolph,
nm7919266,Andre Flynn,
nm7922531,Ehsan Goodarzi,
nm7929501,Rainer Cassar,
nm7968804,Connor Bashford,
nm7979856,Somerset Barnard,
nm8011939,Jobanpreet Singh,
nm8067930,Jimmie Cummings,
nm8070141,Cory Kays,
nm8109372,Diane Devilers,
nm8169461,Robert E. Hackett,
nm8209433,Nadia Rafiq,1935
nm8266609,Mario Bogers,
nm8285867,J'nae Rae Spano,
nm8344785,Sheree Barrell,
nm8358814,Caleb Liban,
nm8363024,Samuel Hento,
nm8500591,Lola Banfi,
nm8584381,Dave DuBose,
nm8658151,Billy Grimm,
nm8681917,Mario Jurado Calderón,
nm8705358,Annabella Zetsch,1993
nm8722633,Dadrion Collins,
nm8740078,Rachael Hadassah,
nm8742839,K. Kevin Choi,
nm8759834,Kevin Bzezovski,
nm8770322,Jeffery L. Miner,
nm8784548,Apisit Phto,
nm8798330,Aatmaram Bhansode,
nm8818283,Lys Perez,
nm8821921,Giorgi Grdzelidze,
nm8898786,Aditi Prabhudeva,1994
nm8930016,Megan Nielsen,
nm9005785,Rick Pottin,
nm9006579,Hussein Arar,
nm9075904,Pernille Broch,
nm9091508,Chun-Kit Cheung,1980
nm9095306,Elin Marklund,
nm9099302,Robbie Hampstead,
nm9179842,Mike Ancas,
nm9183289,Hugo Oliveira,
nm9203439,Ronnie Johnson,
nm9203448,Cordell Love,
nm9205625,Frederick Basken,
nm9277131,Boynton Paek,
nm9281244,Romeo Carere,
nm9303317,Greg Schroeder,
nm9317345,Jack Tan,1991
nm9343446,Umi Mitoma,1996
nm9361680,Michaella Russell,
nm9383293,Daniel Lewin,
nm9388614,Linga,
nm9411656,Mahinda Pathirage,
nm9425206,Sadani Sulakna,
nm9426597,Lehi Makisi Falepapalangi,1991
nm9435577,Götz Vogel von Vogelstein,
nm9500268,Shannon Cotter,
nm9511210,Hugh Meechan,
nm9680897,Aleksey Dragnev,
nm9683228,Shrimp Cocktail,
nm9717839,Aygün Aydin,
nm9725701,Tuomo Tarkka,
nm9797406,Bobby Obodo,
nm9810442,Kerry Frater,
nm9816461,Natsumi Ikema,
nm9824316,Shiva Makinian,
nm9829377,McKalin,1997
nm9867670,Arc Babu,
nm9872474,Kris Cetinski,
nm9873412,Maurice T Johnson,
nm9972652,Cedric Fulton,
nm9974122,Saskia Ashdown,
nm0000657,David Strathairn,1949
nm0000968,Sonia Braga,1950
nm0002517,Lee Purcell,
nm0004979,David Alan Grier,1956
nm0005244,Fernanda Montenegro,1929
nm0010837,Christine Adams,1974
nm0013542,Jordi Aguilar,
nm0014141,Bulbul Ahmed,1941
nm0015001,Ajith Kumar,1971
nm0020739,Krista Allen,
nm0023913,Kôsei Amano,1978
nm0045119,Aruna Irani,1946
nm0056770,Adriana Barraza,1956
nm0076889,Mélanie Bernier,1985
nm0126070,Thomas Jefferson Byrd,1950
nm0142677,Pedro Casablanc,1963
nm0142964,Àlex Casanovas,1964
nm0161607,Andrzej Chyra,1964
nm0162481,Flaminia Cinque,
nm0176444,Paolo Contis,1984
nm0182904,Elena Cotta,1931
nm0203069,Stella David,
nm0224214,Nicola Di Pinto,1947
nm0254760,Chris Ellis,1949
nm0265823,Débora Falabella,1979
nm0267651,Jeffrey S. Farley,1962
nm0291731,Koen Franse,
nm0292066,Alison Fraser,
nm0306351,Marisol García,
nm0313355,Betsy Lynn George,1971
nm0319880,Susana Giménez,1944
nm0344802,Dorka Gryllus,1972
nm0351338,Daisuke Gôri,1952
nm0356813,Karin Hallén,
nm0369809,Leopold Haverl,1936
nm0398934,Li Hua Li,1924
nm0406363,Ida Iasha,1963
nm0412917,Jaaved Jaaferi,1960
nm0423102,Satoshi Jinbo,1962
nm0429886,Claudia Jordan,1973
nm0440406,Yukio Kasama,
nm0443570,Akiko Kazami,1921
nm0462069,Tokuji Kobayashi,1901
nm0463500,Mantarô Koichi,1969
nm0463953,Eşref Kolçak,1927
nm0488477,Michèle Laroque,1960
nm0498004,Paul Sun-Hyung Lee,1972
nm0523717,Yi-ching Lu,1958
nm0526675,Pascal Luneau,
nm0530726,Ruben Lürsen,1968
nm0541218,Method Man,1971
nm0550073,Jorge Marrale,1947
nm0574159,Johnny McPhail,
nm0577420,Rima Melati,1939
nm0586534,Shinsuke Mikimoto,1931
nm0592623,Tofik Mirzoyev,1932
nm0592756,Masao Mishima,1906
nm0611481,Mukesh,
nm0623164,Takashi Naha,1967
nm0634831,Rosyam Nor,1967
nm0643799,Tara Ochs,
nm0665101,Garry Pastore,
nm0674144,Michael Perl,
nm0683641,Marie-Lise Pilote,1964
nm0685222,Imma Piro,1956
nm0693591,Antoine Poulet,
nm0693795,Brigitte Poupart,1968
nm0726939,Robin Riker,
nm0740090,Fabrizio Rongione,1973
nm0748207,Sergio Rubini,1959
nm0757217,Doug Sakmann,1980
nm0767974,Ranko Sawa,1903
nm0769233,Luciano Scarpa,1970
nm0784292,Rituparna Sengupta,1970
nm0785805,Josh Server,1979
nm0814259,Brenda Song,1988
nm0814464,Eriko Sono,
nm0840679,Sumiko Suzuki,1904
nm0845915,Jasmin Tabatabai,1967
nm0846186,Danshi Tatekawa,1936
nm0847291,Hideo Takamatsu,1929
nm0847628,Muga Takewaki,1944
nm0849928,Yuling Tao,1934
nm0866496,Alexis Tomassian,1979
nm0874865,Miao Xie,1984
nm0882206,Masako Urushizawa,
nm0900577,Mirko Vlahovic,1963
nm0904967,Luna Lauren Velez,1964
nm0924502,Bernard White,
nm0930326,Cynda Williams,1966
nm0932870,André Wilms,1947
nm0935498,Michael Winslow,1958
nm0939224,Linda Wong,1968
nm0944939,Yôko Yaguchi,1921
nm0945189,Simon Yam,1955
nm0945320,Isamu Yamaguchi,1904
nm0946159,Ivan Yankovskiy,1990
nm0948499,Masakane Yonekura,1934
nm0949045,Sayuri Yoshinaga,1945
nm0951307,Özden Yüce,
nm0951976,Abbes Zahmani,
nm0957468,Artur Zmijewski,1966
nm0960012,Usaburō Ōshima,1951
nm0968541,Oksana Akinshina,1987
nm0991942,Jaran Ngamdee,
nm10002550,Laura Brockert,
nm1000338,Fariborz Arabnia,1963
nm1007767,Joonas Nordman,1986
nm10082715,Sanenori Takase,
nm1009361,Misa Aoyama,1950
nm10122060,Naoura Broquet,
nm10172541,Joshua Bootz,
nm10195375,Paris Andersen,
nm10211299,Jdv Prasad,
nm10226640,Roya Diehl,
nm10233894,Hiroko Miwa,
nm10235716,Rovon 'Buddy Roe' Mosley Sr.,
nm10235918,Billie Wolff,
nm10239733,Joaquin Guerrero,
nm10273190,Yasaman Torabi,
nm10273948,Tumugi Monko,
nm10277003,Tillana Desai,
nm10278262,David Eduardo,
nm10280578,Olga Gleb,
nm10282858,Saburo Tachibana,
nm10290450,Arash Falahatpisheh,
nm10290590,David Argoeti,
nm10290654,Joseph Annamkutty Jose,
nm10292440,Erica Olson,
nm10292448,Michael David,
nm10293521,Alberto Paone,
nm10293522,Giovanni De Sanctis,
nm10293549,Samantha Grisanti,
nm10295486,Toshiichiro Sakata,
nm10298353,Gavin Bedell,
nm10299473,Anya Geraldine,1995
nm10308230,Alejandro Holguín,
nm10323183,Yoshi Akiyama,
nm10333908,Edu Escudé,
nm10334425,Kozo Kataoka,
nm10337829,Shamim Akhtar,
nm10339445,Shilpa Gavai,
nm10342514,Bilge Karamahmutoglu,
nm10344254,Anjula Gamage,
nm10345043,Zhuo Lu,
nm10347853,Mie Buch Andersen,
nm10350514,Dhimas Danang,
nm10354665,Ezequiel Baquero,
nm10355361,Anthony DeGasperis,
nm10359218,Hogan Holt,
nm10359262,Mohammed Ismail Mohammed,
nm10364246,Jundai Nagayo,
nm10365156,Minal Patil,
nm10368335,Ted Bushman,
nm10369420,Ben Kadow,
nm10370315,Jennifer Tablada,
nm10379062,Ajinkya Gaikwad,
nm10379145,Marmik Gupta,
nm10385190,Alex Rudegeair,
nm10385398,Barbara Dutli,
nm10386207,Colin Ochs,
nm10386331,Isabella Arroyo,
nm10391386,Osamu Mihara,
nm10396625,Vishal,
nm10396627,Desiree,
nm10396875,Dylan Sellem,
nm10398707,Dione Moira,
nm10399798,Takeo Fukuzawa,
nm10400408,Tristan Young,
nm10400620,Isaiah Carter,
nm10402088,Kim Cromwell,
nm10417528,Ciara Curtin,
nm10422898,Linda Ihuoma-Suleiman,
nm10426812,Ruslan Pogosyan,
nm10429839,Emilee Flowers,
nm10433336,Madushani Wickramasinghe,
nm10436240,Michal Adamec,
nm10436708,Federico Colloca,
nm10437295,Nick Arola,
nm10440458,Ben Rubenstein,
nm10442620,Trinity Blunt,
nm10446558,Antun Ghodke,
nm10449632,Gabriele Levada,
nm10454895,Regina Gonçalves,
nm10455699,Jeff Hertrich,
nm10457998,Alex Cooray,
nm10461340,Cristian Balan,
nm10462013,Taracya Da'Andra,1983
nm10464513,Darioush Movaffagh,
nm10467933,Jeff Danaher,
nm10471004,Sam Dryden,
nm10471719,Ashutosh Kulkarni,
nm10472116,Ibrahim Msuka,
nm10479710,Natalie Barnet,
nm10480395,Turo Entonen,
nm10484854,Samrawit Desalegn,
nm10484855,Yemariam Melkamu,
nm10487111,Evandro Passos,
nm10488754,Liam Zarrillo,
nm10492298,Eswar,
nm10492519,Jeanna Pattillo,
nm10493366,Sheemashree,
nm10500792,Shruti Barot,
nm10504132,Ganesh Khade,
nm10506111,Jolin Aläng,
nm10506330,Alireza Zareii,
nm10509918,Alfred Vatne Brean,
nm10510002,Apsara Botheju,
nm10513559,Davon Avery,
nm10516629,Yissel Fernández,
nm10518650,Roland Marton,
nm10520916,Marcos Acero,
nm10526029,Berglind Inga Árnadóttir,
nm10528948,Xiaohu Liu,
nm10531604,Julian Martin,
nm10533869,Girish Bijjal,
nm10537556,Willis,
nm10537558,Catherine,
nm10543180,Phakwan Chaowalit,
nm10553701,Donna Baumgartner,
nm10557535,Tang Ying Sowk,
nm1056936,Lorenzo Leonard,1976
nm10627020,Saleh Shami,
nm1066974,Yû Aoi,1985
nm10673994,McCarron Stith,
nm10689140,Sergey Todorov,
nm10690475,Gísli Már Arnarsson,
nm10692489,Pétur Arnarsson,
nm10708686,Angelo Fernandes,
nm10737964,Eric Martin,
nm10751251,Jessica Annunziata,
nm10760751,Simeon Hill,
nm10768265,Wendy Laurence James,
nm1077299,Kevin Mangold,
nm10804521,JoJo Munkee,
nm10827603,Go Choi,
nm10830025,Natasha Diaz-Potter,
nm1084204,David Coon,
nm10862811,Abdi Delgo,
nm10864668,Declan O'Reilly,
nm10866516,Mianne Fajardo,
nm10883877,Hans Billimoria,
nm1090704,Kakuko Motoyama,
nm10942842,Mai Cát Vi,
nm10959118,Jesse de Jong,
nm10977336,Benerjee,
nm10998632,Emily Lauren,
nm11169935,Alfon,
nm1118909,Cahangir Aslanoglu,1919
nm11212833,Victoire Pauwels,
nm11292934,Gotam,
nm11314353,Yoo-Dong Kim,
nm11329581,Mj Temple,
nm11369331,Stefan Airapetjan,1997
nm11419366,Vladimir Afanasyev,1981
nm11484897,Balasubramanian,
nm1152338,Satyam Rajesh,1979
nm11589789,Aliya Wasim,
nm1163810,Yanhua Chen,
nm11731379,Mina Fawzy,
nm11848561,Gabriel Pérez-Barreiro,
nm11879099,Sani Adhitama,
nm11885714,Erik Andersson,
nm11958707,Chandana,
nm12057485,Jared Macready,
nm12120804,Hassan Khan,
nm1222856,Bin Li,1982
nm12231900,Ajay Chauhan,
nm12236478,Siavash Gorjestani,
nm12294533,Dayyana Hameed,1992
nm1229757,Babu Santana,1979
nm12434667,Brian Craig,
nm12475730,Tracy Lang,
nm12498791,Abbey Chile Abuede,
nm1260909,Igor Krempaský,1963
nm12654673,Faruq Usman Kona,
nm1276933,Min Pang,
nm12799374,Dimitrios Lagopoulos,
nm1279980,Krista Kosonen,1983
nm1285140,Joey Marquez,1957
nm1290816,Yayo Aguila,
nm1300458,Yati Kusuma,
nm1306019,Jonjo O'Neill,1978
nm13142702,Subodh Pawar,
nm1318798,Sauce Ena,1980
nm13462879,Leonor Afonso,
nm13470010,Mohana Kannan,
nm13536956,Saylor McPherson,
nm13639499,Paul Hiebert,
nm13639500,Cathy Pankratz,
nm13656111,Arnold Katjinamunene,
nm13667899,Konda Reddy,
nm13800734,Aurora Onofri,
nm14072241,Jayshree Gaikwad,
nm14106130,Adarsh Swaroop,
nm14466284,Petro Chychuk,
nm14476655,Kumar Vindra,
nm14542870,Jake Miller,
nm1466801,Ryan Winsley,1986
nm1475385,Chieko Sôma,
nm14954807,Shuhei Akada,
nm1550987,Rukmal Nirosh,
nm1560523,Mythili,1990
nm1567768,Brooke McCormick,
nm1577101,Nicolas Wanczycki,
nm1580188,Allison Threadgold,
nm15883053,Alexa Díaz,
nm1595572,Tokutarô Arashi,
nm1631311,Tricia Paoluccio,
nm1632883,Tali Sharon,1979
nm16365811,An Junqi,
nm1677477,Marin Ireland,
nm1679254,Rangayana Raghu,
nm1679391,Seijirō Takano,
nm1683343,Amy Louise Pemberton,
nm1693209,Ramesh Bhat,
nm1705777,Lisa Sowden,
nm1724638,Jason Skeen,
nm1728717,Kumiko Mizuhara,
nm1743159,Ilkay Silk,
nm1758570,Ferit Aktug,1978
nm1785052,Teruko Asahi,
nm17938215,Gouadjio Tameze Lewis,
nm1797216,Tõnu Oja,1958
nm1799605,Elisa Eliot,
nm1833810,Erla Ruth Harðardóttir,
nm1846851,Akane Hisano,1907
nm1851325,Herb Dean,1970
nm1873603,Oliver Kolker,
nm18763461,Sasha Ringhiser,
nm1901252,Jessica Meza,
nm1906273,Norman R. Akyuwen,
nm1914603,Nada Sargin,1977
nm1916072,Vladimír Zboroň,1960
nm1992631,David Verdaguer,1983
nm2015658,Perry Dizon,
nm2066212,Lukasz Sikora,1995
nm2080607,Rita Rehn,
nm2089010,Nuno Nunes,
nm2090349,Parrish Randall,
nm2095779,Gonzalo Martínez,
nm2097751,Rachel Grubb,1976
nm2098839,Anna Ilczuk,1981
nm2099145,Jan Roerink,
nm2121157,Kimi Hsia,1984
nm2123097,Nosa Obaseki,
nm2131780,Kubilay Tunçer,1969
nm2136707,Dakore Akande,1978
nm2149437,Karina Razumovskaya,1983
nm2157271,Mahsa Ghorbankarimi,
nm2166395,Micah Balfour,1979
nm2175087,Funlola Aofiyebi,
nm2179940,Geno Romo,1972
nm2236593,Hiroshi Ayukawa,
nm2274658,Sheng Chen Tu,
nm2306191,Lotf'ali Seyyed Kowsari,
nm2324284,Klem Loskot,
nm2327512,George Tutie,
nm2343061,Gerd Meyer,1966
nm2355282,Cédric Appietto,
nm2377888,Ganessh Divekar,
nm2420168,Evgeniya Dmitrieva,1972
nm2423976,Fumio Moriya,
nm2438386,David Vega,
nm2444299,Brian King,
nm2452384,Brett Donahue,1986
nm2466273,Eve Mauro,
nm2485504,Nermin Denizci,1955
nm2505507,Gralen Bryant Banks,1961
nm2534303,Seidi Haarla,1984
nm2568651,Chittaranjan Kolhatkar,1923
nm2594314,Aya Endô,1980
nm2594453,Andrey Danilko,1973
nm2615628,Joette Waters,
nm2622225,Suchorita,
nm2665929,Taiga Nakano,1993
nm2669386,Alicia Djohar,
nm2695609,Ceyhun Fersoy,1982
nm2702017,Julieta Zarza,
nm2747502,Hiroshi Murata,
nm2747851,Sukhwinder Chahal,1969
nm2762456,Nassrin Ghadiri,
nm2779059,Ryôsuke Kawamura,
nm2782263,Sharon Nelson,
nm2790980,Paula Knüpling,1995
nm2799929,Ali Kangarloo,
nm2810399,Keiko Ôhara,
nm2858832,Dustin Hubbard,1978
nm2910622,Devonté Hynes,1985
nm2932370,Lalith Janakantha,
nm2958550,Tadashi Sakata,1971
nm2961248,Eva De Dominici,1995
nm2966645,Josef Elizalde,
nm2968656,Kenyon Gilbert,
nm2983438,Katarzyna Warnke,1977
nm3043910,Sean Jones,
nm3047426,Kumar Raj,
nm3060479,Nnamdi Asomugha,1981
nm3065601,Marlon Braaf,
nm3078460,James Groom,
nm3079015,Chia-Tai Chang,
nm3138310,Hugo Mendoza,
nm3163877,Mercedes,1985
nm3165677,Sheldon Demke,
nm3221873,John-Patrick Driscoll,
nm3227628,Jason K. Roy,
nm3238538,Robert Scott Wilson,1987
nm3244369,Eugene Sampang,
nm3258460,Pravina Bhagwat Deshpande,1965
nm3297585,Matthew Bridges,
nm3358475,Biichi Satoh,
nm3432521,Fouad Khalil,1940
nm3440031,Dinesh Prabhakar,
nm3442270,Nigel O'Neill,
nm3464555,Alessandro Garcia,
nm3479264,Verônica Debom,
nm3491019,Rumi Sasaki,
nm3503716,Majeed,
nm3606690,Lee Joon-hyuk,1972
nm3627424,Takahiro Miura,1985
nm3640220,Matías Novoa,1980
nm3644596,Bryan Martin,
nm3691738,Stéfi Celma,1986
nm3718007,Jonathan Majors,1989
nm3720887,Y. Lan,
nm3748253,Peter Gilroy,1989
nm3768355,Prabhsharan Kaur,
nm3782081,Daniel Matsunaga,
nm3782167,Jin Kyung,1972
nm3807582,Joyce Cheng,1987
nm3828984,Ranveer Singh,1985
nm3834744,Daniel Abreu,1988
nm3838233,Enzo Pineda,1990
nm3854066,Thea Borring Lande,
nm3957948,Evgeny Krutov,
nm3964350,Amandla Stenberg,1998
nm3999860,Isaura Gomes,1938
nm4089109,Cha-Lee Yoon,
nm4143944,Enyinna Nwigwe,1982
nm4146641,Scott Karahadian,
nm4162078,Karen Leigh Sharp,
nm4167503,Suvinder Vicky,1973
nm4207629,Scotch Hopkins,
nm4234452,Malena Sánchez,1991
nm4247602,Crystal Archuleta,
nm4283334,Ottavio Lobefaro,
nm4300118,Qristine Imedadze,
nm4328247,Forrest Kiyoshi,
nm4343545,Andrew Hunter,
nm4347467,Morad Baloo Khatchadorian,
nm4358565,Cait Brasel,1990
nm4364278,Yuri Tsunematsu,1998
nm4364610,Mary Holland,1985
nm4404428,Alana Boden,1997
nm4432035,Oguzhan Ugur,1984
nm4452069,Connor Kelly-Eiding,
nm4457349,Aliraj,1957
nm4458936,Candela Márquez,1988
nm4459676,Taqim Zaki,
nm4514409,Sonde Kanai,
nm4538137,Iqbaal Dhiafakhri Ramadhan,
nm4565981,Dakota Shapiro,
nm4592524,Jingchun Wang,1973
nm4601531,Shao-Chieh Lee,1987
nm4602164,Nadine Meloche,
nm4679035,Denis Harvey,
nm4696728,Anjana Vasan,1987
nm4736837,Bharani,1986
nm4744994,Clarke Wolfe,
nm4782330,Makeda Declet,
nm4798385,Nabil Mallat,1988
nm4803632,Qing Jia,1986
nm4808183,Kylee Wofford,
nm4809043,Ni Ni,1988
nm4813021,Juraj Baca,1987
nm4815306,Layla Crawford,2004
nm4837509,Jerico Estregan,
nm4878628,Becca Beton,
nm4905066,Isabella Gomez,
nm4914311,Sean McIntyre,
nm4927314,Jack Fisher,
nm4936620,Praveen,
nm4951437,Sayed Hatem,
nm4972453,Olivia Cooke,1993
nm4975049,Kristin K. Berg,
nm4976869,Shakti Dutta,
nm4993797,Roy Requejo,1994
nm5007768,Da'Vine Joy Randolph,1986
nm5021371,Charles T. Clark III,
nm5046424,Sierra Mora,
nm5055361,Antonio Fiorillo,
nm5101271,Julia Kostow,2009
nm5107323,Ronan Barbour,
nm5120886,Michaël Louchart,
nm5134117,Sydney Tannenbaum,
nm5241871,Anthony Leigh Dawe,
nm5275589,Jeff Adler,
nm5277259,Fabian Moreno,
nm5294636,Tasya Teles,1985
nm5304684,Laura Elizabeth Hall,
nm5320953,Elyse Dufour,
nm5334135,Ester Kuntu,
nm5338363,Vladislav Kopp,1969
nm5374530,Ke-Xi Wu,1983
nm5448167,Artyom Alekseev,1983
nm5457207,Navid Mohammadzadeh,1986
nm5457688,Gretta Star,
nm5469792,Cami Storm,
nm5506976,Eckhard Haschen,
nm5508230,Li-Ling Liao,
nm5545145,Annette Wozniak,
nm5566667,Karelle Tremblay,
nm5610356,Qingxing Han,1980
nm5632727,Henri-Noël Tabary,
nm5635254,Harby Sangha,1986
nm5684356,Becca Howell,
nm5725027,Lucie Aron,1990
nm5761414,Pauline Huruguen,
nm5795914,Annie Kalahurka,
nm5829633,Emelda Rosmila,
nm5854680,Floriane Chappe,
nm5972266,Alpay Özdogan,
nm6076321,Amelia Crouch,2004
nm6175307,Bardo Böhlefeld,
nm6296438,Keana Marie,1995
nm6399766,Jackie Dallas,
nm6417920,Megan Bisbee,
nm6506497,Saori Oonishi,1992
nm6516135,Nik Dodani,
nm6674968,Sergio Quintana,
nm6677587,Jordan Dawson,
nm6682211,Igor Dewe,
nm6732700,Joseph Zuchowski,
nm6757384,Ayvianna Snow,
nm6794756,Irfan Aslanhan,
nm6811859,Gong Myoung,1994
nm6836192,Rim Basma,
nm6938565,Rui Xiu,
nm6974139,Morgan Kohan,
nm6978918,Anson Boon,2000
nm7015080,Romane Denis,
nm7017710,Haruka Kubo,1987
nm7099101,Yigit Alp Karadayi,
nm7155404,Karan Battan,
nm7166121,Óscar Lara,
nm7194919,Alicia c. Snee,
nm7223349,Koksal Calik,
nm7224971,Valeria A. Avina,
nm7344186,Taylor Dahl,
nm7373703,Müfit Kayacan,1959
nm7396726,Kamran Kam Shaikh,
nm7435641,Sofia Jannok,
nm7447363,Evgeniya Shcherbakova,
nm7462417,Noel Czuczor,1989
nm7474703,Kirilas Glusajevas,
nm7528716,Kote Prabhakar,
nm7556138,Anthony James Davis,
nm7574603,Louisa Mouhoun,
nm7585473,Charles W Harris III,1985
nm7727350,Sam Haft,
nm7742646,Kelsie Key,
nm7744616,Elizaveta Kononova,1997
nm7753897,Muye Kuang,
nm7797362,Sayed Babu,1984
nm7837226,Sharafudheen,1984
nm7854903,Brian Hull,1991
nm7878527,Linda Mietes,
nm7891787,Miguel Pérez Enciso,
nm7928613,Rick Vaveliuk,
nm7929499,Xylon Brsitow,
nm7948282,Hasan Karakus,
nm7950030,Kathryn Kohut,
nm7991288,Shatara Crowe,
nm8027543,David Myers Gregory,
nm8038668,Faras Fatik,
nm8067036,Luka Beradze,
nm8124363,Estella,
nm8174663,Ashwithi,
nm8182394,Shutong Guo,1992
nm8245587,Miel Espinoza,
nm8322724,Natalie Mitson,
nm8334221,Peping Escueta,
nm8337227,Nitu Pandher,
nm8376220,Farah Titina,
nm8379439,Zeynep Elçin,1990
nm8385038,Lam Vinh Hai,
nm8447789,Birgundi Baker,1992
nm8490426,Nidhhi Agerwal,1993
nm8497034,Rebecca Lynne Morley,
nm8500959,Bhuvan Ponnanna,
nm8524845,Ebon Jones,
nm8573905,Ana Vargas,
nm8597673,Luiz Felipe Lucas,
nm8606666,Leo Bahia,
nm8616457,Miku Abeno,1993
nm8627157,Violet McGraw,
nm8686011,Shin'ya Orikasa,
nm8738069,Ala Dakka,
nm8745779,John Ozuna,1966
nm8750454,Elizabeth Posey,
nm8785183,Sophia Devine,
nm8828462,Ivy Miller,
nm8836879,Chelsea Javier,1991
nm8838121,Viktoriya Pyatakina,
nm8877277,Dave McClain,
nm8941741,Spencer Collings,
nm8971273,Davit Kenchiashvili,
nm8984132,Jeramias Hadley,
nm9071117,Janine Hutchins,
nm9090581,Caylee Cowan,1998
nm9139545,Katie Bonser,
nm9155416,Bekir Mustafa Bademoglu,
nm9159017,Rj Vigneshkanth,
nm9164683,Cole Chauvin,
nm9196622,Hanna Chan,1993
nm9198267,Dolly Kaushik,
nm9260017,John French,
nm9262644,Tevy Peou Tevy Poe,
nm9287628,Izuka Hoyle,
nm9391879,Sabrina Arnds,
nm9418318,Aram Arakelyan,
nm9424800,Phaim Bhuiyan,
nm9466196,Daniel Hanekom,
nm9470125,A.J. Bailey,
nm9495814,Aubrey Duncan,
nm9503156,Vera Flück,
nm9535902,Gaichi,
nm9539277,Vanesha Prescilla,
nm9576198,Ping'an Li,
nm9598928,Emilio Vodanovich,
nm9680896,Anatoliy Chechyotkin,
nm9693396,Cooper Hardin,
nm9710587,Taichi Kodama,
nm9740227,Douglas Richard Dove,
nm9759669,Thomas Fiquet,
nm9774983,José Manuel Oliva,
nm9789812,Sawan Rupowali,1995
nm9903093,Asha Hanes,
nm9967504,DeAnna Gonzalez,
nm9968037,Takashi Yamanaka,1978
nm9978993,Conner Devlin,
nm9979407,Shawn Clark,
nm0000346,Macaulay Culkin,1980
nm0000463,Famke Janssen,1964
nm0001577,Maureen O'Sullivan,1911
nm0002062,Kathryn Erbe,1965
nm0006801,Antoine Monot,1975
nm0024869,Toby Amies,
nm0031818,Machiko Aoki,
nm0109878,Jean-Pol Brissart,1950
nm0142790,Mela Casal,1948
nm0222143,Mukul Dev,1970
nm0222460,Maya Devi,
nm0226770,Dileep,1968
nm0246534,Bruno Díaz,
nm0285683,Howard J. Ford,
nm0319980,Banjô Ginga,1948
nm0388635,Andreas Hofer,1962
nm0434129,Zita Kabátová,1913
nm0444248,Salim Kechiouche,1979
nm0546236,Maciej Marczewski,1979
nm0555221,Mariano Martínez,1978
nm0619821,Taketoshi Naitō,1926
nm0682970,Amy Pietz,1969
nm0737513,Rohini,1969
nm0768006,Ichirô Sawai,
nm0850809,Erol Tas,1928
nm0881408,Leena Uotila,1947
nm0904901,Kari Väänänen,1953
nm0933987,Rachel Wilson,1977
nm0937380,István Wohlmuth,1953
nm0945693,Ginnojô Yamazaki,1962
nm10056740,Summer Kenyon,
nm10079895,Dimple Hayathi,1998
nm10193929,Ciara Nadine Brosnan,
nm10229753,Morgan Black,
nm10261556,Tomás Villar,
nm10278263,Hector Hernandez,
nm10282596,David Phaff,
nm10282597,Zach Roden,
nm10295077,Arese Emokpae,
nm10304223,Qinyi Li,
nm10308184,Fernando Goikoetxea,
nm10318908,Aisyah Aqilah,
nm10324812,Ashlei R. Beard,
nm10334570,Meng-Hsueh Lee,
nm10337614,Ismail Qamar,
nm10339339,Guicheng Jin,
nm10341537,Lily Nicole,
nm10344011,Michelle Wanda,
nm10344253,Randhika Nuwan,
nm10349348,Gabriella Campanile,
nm10365512,Daryana Lukasheva,
nm10369273,Lee Coffman,
nm10377695,Ayfer Çakir,
nm10387542,Michael Matsangos,
nm10395064,Mimmo Gagliano,
nm10395137,Amir Reza Ahmadi,
nm10409083,Maria Andrade,
nm10419375,Pankaj Kamal,
nm10424272,Altus Schreuder,
nm10424483,Ranveer Dhillon,
nm10425795,Kaic Lima,
nm10426799,Jashn Kohli,
nm10427469,Jill Jones,
nm1042946,Michael Patrick McGill,1973
nm10436380,Rostyslav Derzhypilskyy,
nm10436382,Volodymyr Pravosudov,
nm10443838,Fan Zhuo,
nm10450002,Namuyaba Ever,
nm10451473,Bohdan Dwornyk,
nm10462404,Tyler Kahlich,
nm10465367,Shin Kanbara,
nm10469273,Tamara Geraldine,
nm10472095,Anil Kumar,
nm10474790,Venice Ng,
nm10491049,Khrystyna Dzyubenko,
nm10492247,Harli Stone,
nm10527336,Otto de Greiff,
nm10531285,Brandi-Nichole Ellis,
nm10534853,Nera Klean,
nm10535864,Aiste Tomkeviciute,
nm10536936,Olivier Lukunku,
nm10641095,Gopal Krishna Akella,
nm10655174,John Czarniecki,
nm10676621,David Dinger,
nm10683823,Charo Urbano,
nm10685473,Óscar Martínez,
nm10707771,A. Ravikumar,
nm10812446,William Walker,
nm10830029,Erica Dibiasse,
nm10936057,Jovonnah Nicholson,
nm11012524,Rajesh Rajbhar,
nm11085704,Tess Murphy,
nm11089405,Malua Jones,
nm1125711,Pavel Derevyanko,1976
nm11312572,Saroj Dhannanjay,
nm11363399,Puru Nangla,
nm11418644,Ranga Jayakody,
nm11663254,Elisa Klévec,
nm11778550,Macarena Barros Montero,
nm1204305,Jodi Sta. Maria,1982
nm12151643,Nikhil Patil,
nm1216145,Aina Clotet,1982
nm12528125,J.B. Moore,
nm1254991,Xia Hong,1931
nm12693498,Kika van de Vijver,
nm1299912,Kami Hiraiwa,1979
nm1320210,Inga Oboldina,1968
nm13331827,Victor Olamide,
nm13827946,Ilario Grant,
nm13857691,Miriam Cennamo,
nm1401969,Shariff Dol,
nm1403009,Gwendolynn Murphy,
nm1404509,Irina Pegova,1978
nm14442968,Gabriele Graham Gasco,
nm14749459,Rossalina López,
nm1481802,Maj-Britt Mathiesen,1971
nm1494542,Tuesday Vargas,
nm1501881,Nate Hill,
nm1554857,Joe Makowski,
nm15596612,Sa Ri Na,1968
nm15645588,Derik Lujan,
nm15776358,Kazem Fateri,
nm16373889,Sultan Tamboli Salman,
nm16424128,Pandu,
nm1649704,Sergey Chirkov,1983
nm1649793,Heikurô Imanari,
nm1686044,Mahadevan,
nm1698868,Enshô Jitsukawa,
nm1759443,Guido Pollemans,1977
nm17754848,nm17754848,
nm1784785,Siddharth Randeria,1955
nm1955257,Lars Eidinger,1976
nm2056519,Arvydas Dapšys,1960
nm2061734,Florian Carove,1975
nm2140244,Eric Almassy,
nm2208068,Mohammad Naji,1952
nm2267725,Dora Madison,1990
nm2305470,Li Zeng,1978
nm2313432,Wei Na,
nm2314705,Brent Bailey,1983
nm2315672,Allen Williamson,
nm2386777,Umetaro Shibayama,
nm2416407,Kyôichi Hara,
nm2467183,Colin Morgan,
nm2551976,Jorge Cabrera,
nm2594993,Shaukat Akbar,1937
nm2630079,Kiyoshi Kagawa,1902
nm2715168,Majid Yaser,
nm2869139,Catarina Guerreiro,1979
nm2933042,Janaka Ranasinghe,
nm2970078,Jessica Clement,1995
nm2980882,Rachael Murphy,
nm3018878,Jani Zhao,1992
nm3019956,Hotaru,
nm3093760,Ed Morrone,
nm3194537,Mark Chinnery,
nm3286633,Narayanankutty,
nm3359122,Laura Ashley Samuels,1990
nm3419668,Aisha Dee,1993
nm3434454,Paul Caamano,
nm3460923,Tom Cherry,
nm3504294,Kimpei Hayashiya,
nm3533508,Aparajita Adhya,1978
nm3589263,Yi Zhang,
nm3684772,Ichirô Fukui,
nm3768314,Sheldon A. Smith,1989
nm3802082,Patricia López Arnaiz,1981
nm3980553,Danielle Guldin,1985
nm3998232,Jessica B. Hill,
nm4013410,Neelima Rani,
nm4148147,Beth Marshall,
nm4150929,Medi Sadoun,1973
nm4154502,Shashi Tharan,
nm4246320,James Scott Charles Howells,
nm4334762,Matthew R. Grego,
nm4442319,Kara Hayward,
nm4459597,Aida Aris,
nm4722052,Atra Asdou,
nm4766555,Azhan Rani,
nm4829602,Abigail Abraham,1989
nm4867375,Richard Banks,
nm4964345,Maritta Hytönen,
nm4974711,Mcabe Gregg,1994
nm5078537,Pavan,
nm5109537,Sam Bardwell,
nm5233369,Greg Rencken,
nm5521549,Damia Torhagen,
nm5548677,Lexa Tatulli,
nm5553616,Liesl Ahlers,1991
nm5572999,Jalol Yusupov,
nm5599447,Alfonso Barón,
nm5672421,Mike Beckingham,
nm5739770,Suza Singh,
nm5856898,Urvashi Rautela,1994
nm5917283,Sanjeewa Dissanayake,
nm6234440,Dialy Paulino,
nm6276059,Ignacyo Matynia,
nm6833236,Haruna Hori,
nm6880762,Jingjing Li,1970
nm6965680,Joe Doyle,
nm7030182,Ananda Wickramage,
nm7070114,Citra Prima,
nm7153454,Acoryé White,1991
nm7388919,Pepe Herrera,
nm7491908,Sonpreet Jawanda,
nm7728809,Massimo Battistini,
nm7925167,Bipin,
nm7966228,Ian Douglas,
nm8032035,Jacqueline Dorry,
nm8290316,Pooja Kimaya,
nm8361827,Josefine Glæsel,
nm8535950,Daniel Andrada,
nm8575766,Addison Stewart,
nm8619320,Dzianis Ivanou,
nm8646848,Machindra Kambli,
nm8710554,Yoshio Hosokawa,
nm8715338,Matheus Dantas,
nm8789058,Terrence Keene,
nm8850067,Bernard Senjun,
nm8894388,Ananda Athukorala,
nm8918470,Fayza Abduljawad,
nm8934294,Hayato Fujii,
nm8966756,Sophie Wegleitner,
nm8979510,Kamal El Zeiny,
nm9024796,Gin Mung,
nm9031122,Annamaria Cancellieri,
nm9327020,Bruna Caenazzo,
nm9329205,Yamuna Srinidhi,
nm9362150,Eirik Hallert,1992
nm9452814,Kelum Kularathne,
nm9567602,Elise Vohradsky,
nm9600356,Haley iO Benedict Heslip,
nm9608920,Adam Turck,
nm9654716,Rumiko Tachibana,
nm9693270,Yvette Tang,
nm9936176,Ankit Bisht,
nm9957528,Sandeep Kailay,
