actorId,movieId,category,ordering
nm4892161,tt9291476,actor,13
nm0889928,tt9291866,actor,1
nm2207585,tt9293926,actor,9
nm2545346,tt9293926,actor,8
nm6262099,tt9297754,actress,4
nm4252139,tt9301428,actor,4
nm2716106,tt9303040,actor,5
nm10269102,tt9303778,actress,1
nm7257457,tt9303968,actor,4
nm1953187,tt9304360,actor,1
nm0424848,tt9308382,actress,1
nm13154973,tt9309756,actor,2
nm12805105,tt9310606,actress,4
nm3024100,tt9311308,actress,2
nm2469558,tt9311360,actor,3
nm1833530,tt9312830,actor,4
nm1888295,tt9313910,actor,1
nm4379408,tt9313910,actress,8
nm10276269,tt9314164,actor,5
nm6244410,tt9314340,actor,9
nm7454102,tt9314984,actress,9
nm0001133,tt9318280,actor,3
nm6713767,tt9319194,actress,2
nm1805232,tt9319544,actor,10
nm2265507,tt9319826,actress,2
nm2545330,tt9319840,actress,4
nm10711464,tt9319874,actor,5
nm10493872,tt9319884,actor,7
nm7732675,tt9319890,actor,3
nm1521381,tt9319896,actress,1
nm4291439,tt9319918,actress,4
nm10244736,tt9320226,actor,7
nm2500160,tt9320226,actor,1
nm10261562,tt9322476,actress,8
nm10276299,tt9323034,actor,6
nm0145951,tt9326498,actor,3
nm0239402,tt9326956,actress,3
nm9017753,tt9327378,actress,7
nm0129227,tt9328726,actor,2
nm10278985,tt9328742,actor,6
nm10279637,tt9331072,actress,1
nm7785804,tt9332664,actress,3
nm6103501,tt9334342,actress,7
nm6079303,tt9335892,actor,9
nm0007711,tt9336032,actress,3
nm9477875,tt9336032,actress,4
nm0667074,tt9337248,actor,14
nm10282871,tt9337590,actress,1
nm1864017,tt9339936,actress,5
nm1172804,tt9340700,actress,3
nm10285007,tt9342360,actor,1
nm7574603,tt9342390,actress,9
nm4264236,tt9345754,actress,3
nm10288309,tt9345778,actress,8
nm4470621,tt9346816,actress,6
nm10287391,tt9347530,actress,2
nm10287498,tt9347672,actress,9
nm0308039,tt9348908,actor,1
nm5681306,tt9349050,actor,10
nm5207111,tt9349770,actress,5
nm1368581,tt9351220,actor,8
nm1077299,tt9352178,actor,9
nm7822670,tt9352210,actor,5
nm4061325,tt9354432,actress,3
nm10290593,tt9354814,actress,5
nm10293549,tt9357404,actress,10
nm10313951,tt9357404,actress,9
nm0001119,tt9358040,actress,7
nm2017835,tt9358486,actor,3
nm6119388,tt9359344,actor,9
nm8934337,tt9361322,actress,10
nm6922682,tt9361810,actor,5
nm2803434,tt9362694,actress,6
nm10421159,tt9363990,actress,2
nm1386893,tt9364228,actor,6
nm2386632,tt9364862,actor,5
nm10830414,tt9366176,actor,7
nm5960947,tt9367348,actor,1
nm8695774,tt9367348,actor,10
nm4763789,tt9368552,actor,3
nm10296702,tt9369410,actor,10
nm2395335,tt9369990,actor,6
nm7661881,tt9371344,actor,4
nm8298453,tt9371344,actor,6
nm14304267,tt9371598,actress,9
nm15292349,tt9371598,actress,10
nm0706666,tt9371666,actor,8
nm1116205,tt9372116,actress,8
nm8924553,tt9372116,actor,2
nm4124704,tt9372374,actress,5
nm0420926,tt9372388,actor,5
nm10455286,tt9373782,actor,10
nm0441549,tt9374682,actress,7
nm0793943,tt9374682,actor,6
nm0442207,tt9377994,actor,5
nm0913831,tt9378134,actress,10
nm3391699,tt9378600,actress,2
nm2840530,tt9378850,actress,3
nm6310844,tt9378950,actress,8
nm10302511,tt9381742,actress,5
nm2637686,tt9383658,actress,5
nm1671589,tt9383986,actress,9
nm2418329,tt9385320,actor,1
nm0590935,tt9385870,actor,5
nm10304667,tt9386290,actress,7
nm0039148,tt9386648,actor,7
nm0280267,tt9387250,actor,10
nm0593961,tt9387250,actress,4
nm3334493,tt9387568,actor,8
nm10305909,tt9389444,actor,4
nm0531073,tt9389924,actor,3
nm3190246,tt9390240,actress,2
nm5912470,tt9391166,actress,1
nm1671571,tt9391920,actress,7
nm10307163,tt9392402,actress,5
nm10307167,tt9392402,actor,9
nm9577041,tt9394786,actor,1
nm1387739,tt9395384,actor,2
nm6172403,tt9395768,actress,5
nm0579756,tt9396112,actor,1
nm11283067,tt9396198,actor,5
nm0637586,tt9396984,actress,1
nm13094979,tt9396994,actress,8
nm1589151,tt9396994,actress,9
nm0594652,tt9397742,actress,8
nm1589340,tt9399168,actress,7
nm7922387,tt9403928,actor,7
nm11221130,tt9404258,actress,10
nm1216390,tt9405352,actress,4
nm0396069,tt9405490,actor,4
nm6385429,tt9405714,actress,1
nm11511039,tt9407156,actress,5
nm1303340,tt9408114,actor,2
nm10313893,tt9408282,actor,2
nm10064963,tt9408462,actress,4
nm2419625,tt9409096,actor,4
nm2611061,tt9409096,actor,5
nm2379003,tt9409448,actress,2
nm1575619,tt9409660,actress,9
nm10843240,tt9411866,actress,6
nm2644871,tt9411866,actress,7
nm0379782,tt9412088,actor,9
nm11041861,tt9412268,actress,7
nm2147475,tt9412514,actor,7
nm2906571,tt9413114,actress,5
nm0849429,tt9417730,actor,5
nm7373703,tt9418878,actor,5
nm1396004,tt9421456,actress,4
nm2345856,tt9421570,actor,5
nm3530614,tt9422624,actor,2
nm4131336,tt9425078,actress,2
nm1254885,tt9425650,actor,4
nm3354963,tt9425856,actress,10
nm6832604,tt9427166,actress,7
nm10680110,tt9429444,actress,1
nm1048051,tt9429914,actor,10
nm1244971,tt9430578,actor,5
nm0468491,tt9432338,actor,5
nm0441102,tt9437744,actor,9
nm7928613,tt9442046,actor,6
nm7065118,tt9442146,actor,4
nm1796242,tt9442766,actor,8
nm10886395,tt9442780,actor,7
nm8311581,tt9448362,actor,7
nm4304935,tt9448656,actor,1
nm0408309,tt9448932,actress,1
nm10258324,tt9449952,actor,7
nm4378849,tt9449952,actor,4
nm10418367,tt9451096,actor,4
nm4502709,tt9451848,actor,9
nm10442609,tt9452520,actress,8
nm9513622,tt9454646,actress,3
nm10330467,tt9454740,actor,6
nm4859856,tt9454740,actor,9
nm9987817,tt9455100,actress,6
nm8859382,tt9458220,actress,2
nm7592743,tt9460386,actor,8
nm1276538,tt9460610,actress,10
nm2727823,tt9461484,actor,6
nm12191662,tt9461492,actor,9
nm10787930,tt9461494,actress,8
nm0368100,tt9462578,actor,3
nm1540540,tt9462578,actor,8
nm3269037,tt9462578,actress,1
nm10338582,tt9464654,actor,5
nm10339324,tt9466070,actress,2
nm7702461,tt9466070,actor,5
nm10339440,tt9466132,actor,1
nm3743594,tt9466320,actress,1
nm10457033,tt9466786,actress,6
nm0433893,tt9466814,actor,5
nm4282588,tt9467386,actor,9
nm5323888,tt9467386,actress,5
nm8124260,tt9468644,actress,5
nm0005394,tt9469842,actress,2
nm0926355,tt9469842,actor,9
nm3752578,tt9469842,actress,6
nm10341410,tt9470144,actor,4
nm2816832,tt9470296,actress,3
nm2390366,tt9471816,actor,6
nm13030701,tt9471828,actor,10
nm0021373,tt9472442,actor,4
nm10343512,tt9475430,actor,3
nm17664833,tt9477132,actress,7
nm0135039,tt9477178,actor,4
nm3131437,tt9477532,actor,5
nm6203022,tt9477532,actor,3
nm0911083,tt9485306,actor,5
nm11476790,tt9485592,actress,5
nm7565564,tt9486076,actress,7
nm10349345,tt9486128,actor,2
nm10349457,tt9486594,actor,7
nm9393405,tt9486594,actor,10
nm2773295,tt9490456,actress,9
nm0441098,tt9490990,actress,5
nm1313509,tt9493038,actor,8
nm5878208,tt9493708,actor,2
nm2021835,tt9495122,actor,5
nm5170154,tt9496860,actor,6
nm0223452,tt9496866,actor,3
nm12482558,tt9497760,actor,13
nm2843037,tt9500346,actress,6
nm10354664,tt9501950,actress,6
nm10122861,tt9504976,actor,9
nm1713632,tt9506000,actress,9
nm2529790,tt9506000,actor,10
nm8574900,tt9506474,actor,7
nm4085103,tt9506724,actor,9
nm10557258,tt9510324,actor,2
nm1214463,tt9510324,actor,3
nm0515405,tt9511550,actor,3
nm6702201,tt9514116,actor,6
nm0149194,tt9514782,actor,5
nm0635512,tt9515150,actor,11
nm4824577,tt9515150,actress,10
nm4869229,tt9515150,actor,9
nm4416570,tt9515792,actor,6
nm0351565,tt9516994,actor,1
nm0594709,tt9519034,actor,1
nm1910547,tt9519034,actor,5
nm10362194,tt9519872,actor,6
nm3121148,tt9520140,actor,2
nm9535240,tt9520714,actress,1
nm1399111,tt9524764,actress,5
nm0949098,tt9525682,actress,7
nm10365511,tt9526124,actor,7
nm1204212,tt9526124,actor,9
nm9015727,tt9526156,actor,9
nm3822030,tt9526392,actress,3
nm1025262,tt9526760,actor,8
nm10404304,tt9526826,actor,9
nm6390607,tt9530586,actress,3
nm10053793,tt9531138,actress,10
nm9680920,tt9533342,actress,4
nm1449512,tt9535160,actress,7
nm3315713,tt9535950,actress,1
nm10369426,tt9536804,actor,4
nm1160886,tt9536804,actor,2
nm10619052,tt9536816,actor,6
nm10369652,tt9537122,actor,6
nm6573080,tt9537246,actor,4
nm5056109,tt9537342,actress,2
nm3608767,tt9537346,actor,4
nm1372094,tt9537352,actor,6
nm5712436,tt9537352,actress,5
nm0297754,tt9540862,actor,2
nm0406695,tt9540862,actress,10
nm2315650,tt9542116,actor,3
nm2421786,tt9542918,actor,7
nm6835871,tt9543176,actress,3
nm8006127,tt9546054,actress,4
nm4705792,tt9548134,actor,9
nm1719649,tt9553096,actor,3
nm2828057,tt9553136,actress,2
nm2950254,tt9554692,actor,8
nm7821071,tt9554846,actor,8
nm2157271,tt9557296,actress,4
nm7753033,tt9557332,actress,1
nm2284726,tt9557416,actor,9
nm0207891,tt9557854,actor,1
nm1903154,tt9559504,actor,8
nm14341508,tt9560092,actress,3
nm10380428,tt9561756,actress,7
nm11142343,tt9561782,actor,3
nm11142357,tt9561782,actress,9
nm2374741,tt9562564,actress,3
nm2477386,tt9562694,actor,6
nm9690266,tt9562694,actress,5
nm10381424,tt9563348,actor,4
nm0944985,tt9563632,actress,6
nm1146797,tt9564676,actor,9
nm0357307,tt9565748,actor,1
nm3167464,tt9567458,actress,1
nm11098518,tt9568168,actor,8
nm0917108,tt9568318,actor,8
nm3143558,tt9568486,actor,1
nm7429604,tt9568640,actress,8
nm0441399,tt9569190,actor,9
nm10384356,tt9569306,actress,2
nm8243160,tt9569306,actor,7
nm0034315,tt9569504,actor,1
nm2492023,tt9569504,actor,2
nm5995708,tt9569732,actor,8
nm0945836,tt9571542,actor,5
nm2927936,tt9572420,actor,9
nm5478103,tt9572534,actress,8
nm11062621,tt9573068,actor,7
nm6358249,tt9573068,actor,6
nm0594391,tt9573138,actress,6
nm8445528,tt9573686,actress,5
nm10387661,tt9574846,actor,2
nm3225390,tt9575160,actor,5
nm10661860,tt9575388,actor,5
nm10389252,tt9578462,actor,3
nm0359219,tt9578952,actor,3
nm4464216,tt9579786,actress,4
nm0570364,tt9580138,actor,2
nm10390408,tt9581478,actor,7
nm10390550,tt9581704,actor,10
nm0602131,tt9581844,actress,2
nm3370435,tt9581978,actor,6
nm13800735,tt9583950,actor,7
nm2445350,tt9584128,actress,1
nm0322741,tt9584730,actress,9
nm2270882,tt9584972,actor,8
nm4655667,tt9585724,actor,4
nm11084813,tt9586294,actor,8
nm3531202,tt9586922,actor,4
nm10394001,tt9588846,actress,10
nm9452507,tt9590554,actress,9
nm1877660,tt9590954,actor,8
nm3749108,tt9592496,actor,8
nm10396627,tt9595738,actor,7
nm3464928,tt9596638,actor,8
nm3973781,tt9597404,actor,1
nm6632518,tt9597838,actor,7
nm7785899,tt9597922,actor,2
nm0044762,tt9598328,actor,4
nm10074746,tt9598594,actor,3
nm1263070,tt9600076,actor,1
nm8412958,tt9600178,actor,1
nm10635747,tt9602472,actress,9
nm0000129,tt9603212,actor,1
nm2009629,tt9603432,actor,10
nm1137909,tt9603470,actress,5
nm10230116,tt9604202,actor,8
nm5704615,tt9604202,actor,10
nm10402104,tt9604418,actor,10
nm1665297,tt9606700,actor,2
nm0424848,tt9608818,actress,5
nm11236518,tt9608858,actor,5
nm3396625,tt9608858,actor,8
nm6041424,tt9611484,actor,9
nm1292302,tt9613380,actor,3
nm3142212,tt9613380,actor,4
nm4719218,tt9614040,actress,6
nm0000616,tt9614064,actor,3
nm11541660,tt9614440,actor,7
nm10406790,tt9615112,actress,10
nm9649501,tt9615610,actress,10
nm10407098,tt9615718,actor,9
nm9549555,tt9616558,actress,4
nm0557918,tt9617892,actor,7
nm7247068,tt9618458,actor,10
nm10408592,tt9619010,actor,7
nm10409079,tt9619962,actress,5
nm0568385,tt9621284,actor,4
nm4862056,tt9621284,actress,2
nm10409716,tt9621286,actress,4
nm0181397,tt9621580,actor,1
nm11435114,tt9621580,actor,10
nm10409895,tt9622380,actress,10
nm0837360,tt9622950,actor,4
nm4411138,tt9623404,actor,3
nm10538078,tt9624438,actor,7
nm10363245,tt9624686,actress,3
nm0710161,tt9626774,actress,10
nm9574516,tt9626774,actress,2
nm8929624,tt9626928,actor,2
nm0111002,tt9627092,actress,1
nm8429516,tt9629946,actor,7
nm2242464,tt9630444,actor,2
nm0945544,tt9632014,actress,1
nm0673311,tt9632068,actor,4
nm7697360,tt9632080,actress,4
nm0881540,tt9632180,actress,5
nm8129116,tt9634958,actress,6
nm1032423,tt9635448,actress,5
nm0846681,tt9635540,actor,9
nm0955471,tt9635616,actress,2
nm3938099,tt9636630,actor,4
nm10035940,tt9637132,actress,7
nm0044455,tt9637640,actor,10
nm2156780,tt9638668,actress,8
nm5057169,tt9639470,actress,1
nm0722333,tt9641092,actress,9
nm0295625,tt9642686,actor,10
nm10419384,tt9643832,actor,7
nm14139649,tt9645472,actor,7
nm0769177,tt9646240,actor,5
nm10151948,tt9646400,actor,1
nm1367145,tt9646624,actress,7
nm7844980,tt9646768,actor,9
nm10827604,tt9647022,actress,2
nm0793759,tt9647298,actor,3
nm1515422,tt9647798,actress,5
nm0346485,tt9648092,actress,9
nm0360604,tt9648162,actress,5
nm8177667,tt9648162,actress,10
nm10428098,tt9648382,actor,1
nm0033505,tt9648598,actor,2
nm0059461,tt9648668,actor,6
nm7027550,tt9648668,actor,1
nm6055227,tt9648942,actor,6
nm3545407,tt9649548,actress,6
nm0298575,tt9649974,actor,5
nm4690048,tt9652984,actor,2
nm9408094,tt9652984,actor,7
nm10456913,tt9653184,actor,8
nm7836926,tt9653184,actress,3
nm10828119,tt9653352,actress,7
nm0893228,tt9653960,actress,3
nm0421690,tt9654240,actress,5
nm10425688,tt9657840,actor,3
nm0246703,tt9658022,actor,4
nm0272951,tt9658022,actor,2
nm5178443,tt9658034,actor,3
nm2239499,tt9658100,actor,7
nm8067036,tt9658100,actor,3
nm0865800,tt9660472,actor,9
nm4010532,tt9661164,actor,10
nm0234369,tt9661960,actress,7
nm5890145,tt9662722,actress,6
nm5976210,tt9663666,actor,10
nm6001320,tt9664108,actress,5
nm0712433,tt9664732,actor,1
nm11873027,tt9665968,actor,9
nm10811372,tt9666970,actor,8
nm3149025,tt9666970,actress,6
nm10429838,tt9667988,actor,8
nm2072883,tt9668556,actress,7
nm10430004,tt9668598,actress,2
nm8589893,tt9669176,actress,4
nm7356818,tt9670282,actress,1
nm10430768,tt9670284,actor,7
nm0001550,tt9670414,actress,3
nm3100463,tt9670414,actor,10
nm1298052,tt9670480,actor,9
nm5249562,tt9670480,actress,2
nm7586511,tt9674172,actor,1
nm1145751,tt9674196,actress,4
nm0618522,tt9674226,actress,1
nm10433006,tt9675092,actress,5
nm10433743,tt9675804,actor,10
nm10733786,tt9676274,actor,6
nm10434496,tt9676318,actor,8
nm10434490,tt9678162,actress,4
nm10434853,tt9678750,actor,7
nm0524807,tt9679528,actress,4
nm12713040,tt9679538,actress,5
nm2028004,tt9679538,actor,9
nm0252775,tt9680064,actress,3
nm3830290,tt9680174,actress,10
nm5964365,tt9680512,actor,1
nm10438665,tt9680520,actor,1
nm11136102,tt9681686,actor,7
nm2762456,tt9682188,actress,6
nm10550834,tt9682428,actress,3
nm1195879,tt9682428,actress,9
nm0567204,tt9683542,actress,2
nm10436382,tt9684016,actor,4
nm10436384,tt9684016,actor,7
nm0770031,tt9684806,actor,10
nm10438100,tt9685692,actress,1
nm14650629,tt9685782,actress,7
nm6784658,tt9685828,actor,5
nm3584152,tt9686596,actor,6
nm11347904,tt9686610,actress,1
nm0270451,tt9689696,actor,6
nm8043785,tt9689930,actor,9
nm5548677,tt9690868,actress,8
nm0442479,tt9691324,actor,5
nm10143056,tt9691846,actor,5
nm10465625,tt9691846,actor,7
nm3841713,tt9692040,actor,9
nm2677701,tt9695156,actress,1
nm1001314,tt9695258,actress,10
nm3381527,tt9695308,actor,3
nm17163530,tt9697324,actor,2
nm4300711,tt9697468,actress,6
nm0348018,tt9697960,actor,3
nm0678261,tt9698430,actor,5
nm0865799,tt9698796,actor,9
nm0170559,tt9699620,actor,4
nm7644882,tt9699784,actress,2
nm11741542,tt9700334,actor,7
nm1064292,tt9701598,actor,1
nm5892734,tt9701676,actor,3
nm4652001,tt9701940,actor,10
nm5584750,tt9701940,actress,1
nm1269796,tt9703398,actor,1
nm8177147,tt9704488,actress,10
nm2242932,tt9707456,actress,7
nm10522098,tt9710558,actress,7
nm0999515,tt9710572,actor,8
nm10425082,tt9712476,actor,11
nm7712734,tt9713418,actress,2
nm5470227,tt9713802,actress,5
nm5137121,tt9715318,actor,4
nm6811540,tt9716054,actress,7
nm10448919,tt9716084,actress,10
nm4002016,tt9716342,actor,10
nm4017554,tt9716782,actress,6
nm5726472,tt9716782,actress,2
nm1001712,tt9717144,actor,8
nm4997892,tt9717270,actress,7
nm0196529,tt9718474,actor,2
nm10450003,tt9720440,actor,8
nm9766874,tt9722174,actor,1
nm2416509,tt9722418,actor,10
nm2479938,tt9723326,actor,4
nm9135025,tt9723326,actress,8
nm6367789,tt9724068,actor,12
nm8844726,tt9724068,actor,4
nm6442636,tt9724114,actress,5
nm8136305,tt9730866,actor,6
nm3228320,tt9731172,actor,1
nm8984345,tt9731172,actor,5
nm0029671,tt9731436,actor,9
nm0572324,tt9731436,actor,6
nm3211285,tt9731442,actor,8
nm2516110,tt9731556,actor,2
nm1441836,tt9733150,actress,4
nm0149698,tt9733158,actor,7
nm0265148,tt9733158,actor,2
nm6694271,tt9733388,actor,7
nm10455671,tt9734342,actress,5
nm10450800,tt9734692,actress,9
nm3483035,tt9735232,actress,4
nm4839521,tt9735232,actor,8
nm1331316,tt9735470,actress,3
nm3890987,tt9735758,actor,5
nm3822586,tt9735790,actress,3
nm8457419,tt9735878,actress,8
nm7072570,tt9737688,actor,3
nm5627980,tt9738400,actor,8
nm1955257,tt9738784,actor,2
nm1121853,tt9739386,actress,5
nm10457998,tt9739410,actor,5
nm0383026,tt9740508,actress,4
nm0383261,tt9740508,actress,5
nm9103031,tt9740730,actress,3
nm0657510,tt9740770,actress,10
nm10526026,tt9741016,actress,4
nm0091505,tt9741310,actor,9
nm3896108,tt9741442,actor,7
nm4160584,tt9741442,actress,8
nm2930632,tt9742122,actor,4
nm12159462,tt9742206,actor,8
nm6783918,tt9742334,actor,1
nm12803735,tt9742362,actress,7
nm2103791,tt9742438,actress,4
nm0000463,tt9742794,actress,10
nm10459748,tt9744922,actor,1
nm0686035,tt9747338,actor,7
nm1950214,tt9747338,actor,10
nm10461998,tt9747396,actor,8
nm9959355,tt9747594,actor,10
nm1795945,tt9747622,actor,6
nm7846777,tt9748034,actress,5
nm5898124,tt9748424,actor,4
nm3260636,tt9750288,actress,6
nm10462461,tt9750864,actor,6
nm1733525,tt9751002,actor,4
nm8095213,tt9752488,actor,4
nm5799334,tt9753990,actress,6
nm11755619,tt9755660,actor,8
nm0261064,tt9758500,actress,1
nm8906287,tt9759978,actor,10
nm4117722,tt9760934,actor,6
nm0266528,tt9763792,actor,7
nm8743660,tt9764180,actress,9
nm0327104,tt9764634,actor,10
nm0261064,tt9764804,actress,3
nm0682583,tt9765226,actress,2
nm0180720,tt9765480,actress,6
nm0674144,tt9765840,actor,8
nm11426880,tt9766160,actress,5
nm0015110,tt9767724,actor,1
nm1345839,tt9767908,actress,5
nm12086195,tt9769668,actress,7
nm0185794,tt9772374,actress,3
nm7548456,tt9777352,actor,5
nm0799777,tt9777666,actor,3
nm2363187,tt9777766,actor,4
nm6415367,tt9777796,actor,7
nm7934016,tt9777882,actor,10
nm7934016,tt9777886,actor,9
nm6831108,tt9778060,actor,4
nm10784527,tt9778888,actor,1
nm4845366,tt9779516,actress,10
nm7766764,tt9783204,actor,5
nm7776185,tt9783204,actor,8
nm9538792,tt9783658,actor,9
nm0317181,tt9783722,actor,3
nm0005125,tt9783730,actress,3
nm0611663,tt9784088,actress,6
nm1137233,tt9784088,actor,7
nm0913911,tt9784638,actor,7
nm10625957,tt9784954,actor,5
nm4445267,tt9786896,actor,9
nm1800746,tt9788168,actress,10
nm2890541,tt9789042,actor,10
nm5913864,tt9789180,actor,4
nm10906897,tt9789182,actor,7
nm8432165,tt9789266,actor,1
nm0882206,tt9789346,actress,7
nm0395942,tt9789390,actor,9
nm3808948,tt9789440,actor,3
nm3861562,tt9789686,actress,8
nm5495474,tt9789686,actor,1
nm5378257,tt9790536,actor,5
nm0474609,tt9793334,actor,4
nm2293323,tt9794942,actor,1
nm7452709,tt9795368,actor,10
nm0837352,tt9795552,actor,6
nm0937296,tt9796718,actress,2
nm9146558,tt9798310,actress,1
nm5069867,tt9800124,actor,9
nm9104338,tt9800124,actress,7
nm2416766,tt9800234,actor,5
nm0224882,tt9800356,actor,2
nm1550104,tt9800356,actor,5
nm10485138,tt9800694,actor,7
nm7632624,tt9800752,actress,1
nm10350514,tt9802538,actor,6
nm10523451,tt9802634,actress,6
nm12071390,tt9802634,actor,2
nm11582617,tt9803454,actor,2
nm0955544,tt9803614,actress,5
nm0866895,tt9804432,actor,3
nm2059418,tt9804514,actress,2
nm2666477,tt9804514,actress,1
nm10486788,tt9804534,actor,6
nm5034104,tt9804534,actress,2
nm9507136,tt9805498,actress,6
nm0944939,tt9806300,actress,5
nm1156772,tt9806300,actor,8
nm0001758,tt9806468,actor,1
nm6660756,tt9808510,actor,10
nm6931940,tt9808842,actor,9
nm1509089,tt9811374,actress,10
nm10491065,tt9811798,actress,6
nm3241196,tt9812258,actress,6
nm5178550,tt9814562,actor,3
nm2949715,tt9814730,actor,5
nm0368333,tt9815072,actor,3
nm2033533,tt9815160,actor,7
nm10492305,tt9815360,actor,9
nm0001458,tt9815554,actress,4
nm11132149,tt9816214,actor,9
nm11678106,tt9816988,actress,7
nm16114301,tt9817216,actor,1
nm11426660,tt9817760,actor,10
nm0008354,tt9821108,actor,6
nm6956643,tt9821834,actor,6
nm10496838,tt9824016,actress,4
nm0000430,tt9824114,actor,1
nm10497419,tt9826126,actress,6
nm10762413,tt9826820,actress,6
nm12798896,tt9827352,actor,10
nm3060479,tt9827834,actor,2
nm15898967,tt9828344,actor,3
nm5674479,tt9828918,actor,5
nm10455044,tt9829006,actress,6
nm0256364,tt9832110,actor,5
nm10310790,tt9832350,actress,4
nm0031844,tt9832396,actor,3
nm4939566,tt9834062,actor,1
nm1413394,tt9834446,actress,8
nm9150637,tt9834492,actress,1
nm4506683,tt9834736,actress,1
nm0623128,tt9834798,actor,5
nm8894367,tt9838916,actor,9
nm10503147,tt9838980,actress,6
nm5205279,tt9838980,actress,9
nm8683370,tt9839636,actress,4
nm0690761,tt9840382,actor,10
nm0467248,tt9840936,actress,6
nm3861157,tt9841750,actor,1
nm8171576,tt9842792,actress,10
nm3201821,tt9843390,actor,5
nm7756902,tt9844368,actor,3
nm0955496,tt9844650,actor,1
nm1784379,tt9844650,actor,8
nm10506332,tt9844772,actor,3
nm1970665,tt9844938,actor,10
nm5594794,tt9846922,actress,4
nm2131930,tt9848668,actor,2
nm2628935,tt9849004,actress,1
nm2134972,tt9850116,actress,8
nm4854875,tt9850344,actress,8
nm5034016,tt9850488,actor,4
nm1760155,tt9850564,actress,9
nm6822352,tt9850564,actor,5
nm5712019,tt9850646,actor,9
nm10510387,tt9853118,actress,10
nm1080768,tt9853500,actor,6
nm10511703,tt9855578,actress,10
nm7732655,tt9855782,actress,4
nm0093872,tt9856606,actor,4
nm1351206,tt9856606,actor,5
nm11461233,tt9857850,actor,7
nm3377141,tt9859372,actor,6
nm1586491,tt9859508,actress,3
nm3666749,tt9860566,actress,3
nm3699960,tt9860728,actor,2
nm10514448,tt9861192,actress,6
nm10514469,tt9861204,actress,5
nm10514474,tt9861204,actor,8
nm0092314,tt9861230,actor,7
nm0194662,tt9861288,actress,3
nm3404517,tt9866208,actor,6
nm10519523,tt9872618,actress,4
nm3589171,tt9873376,actor,2
nm8104400,tt9873892,actor,10
nm1803818,tt9874290,actor,4
nm2286188,tt9875128,actor,2
nm1649704,tt9875852,actor,7
nm1803818,tt9876412,actor,8
nm10234074,tt9877138,actor,9
nm5034104,tt9877274,actress,4
nm6826725,tt9878422,actor,7
nm1566368,tt9880982,actress,2
nm10522899,tt9881572,actor,5
nm11224501,tt9881616,actor,4
nm0299344,tt9881852,actress,6
nm3847554,tt9883020,actor,4
nm0423084,tt9887130,actor,5
nm1089541,tt9887130,actress,9
nm3260126,tt9887130,actor,8
nm5000213,tt9887130,actor,6
nm2647824,tt9888560,actor,2
nm1275337,tt9889218,actor,10
nm1085816,tt9890758,actor,3
nm0162072,tt9892770,actress,4
nm0768893,tt9893012,actress,9
nm10555872,tt9893266,actor,3
nm10528885,tt9893878,actor,5
nm0001841,tt9894470,actor,6
nm5315559,tt9894894,actor,8
nm2083561,tt9895024,actor,6
nm0463539,tt9896876,actress,2
nm18626611,tt9897744,actor,6
nm0618651,tt9898328,actor,8
nm2586628,tt9899828,actor,5
nm10540509,tt9899850,actress,5
nm10531566,tt9900180,actor,1
nm10531569,tt9900180,actress,3
nm3899117,tt9900398,actress,8
nm10058902,tt9900552,actress,8
nm10531654,tt9900552,actor,4
nm10548030,tt9903952,actor,6
nm2973107,tt9904530,actor,7
nm5249687,tt9904648,actor,2
nm7492822,tt9904648,actor,7
nm3175230,tt9905412,actor,5
nm10534852,tt9908636,actor,10
nm10535371,tt9909656,actor,7
nm10535773,tt9910102,actor,8
nm5334078,tt9910238,actor,2
nm10536357,tt9911046,actor,4
nm10536360,tt9911046,actor,9
nm0277932,tt9911196,actor,1
nm10877188,tt9911196,actor,5
nm6503978,tt9913872,actress,5
nm10537551,tt9914828,actress,2
nm10732679,tt9914942,actor,9
nm10538031,tt9915790,actor,3
nm8742390,tt9916170,actor,3
nm2995522,tt9916190,actress,6
nm9722080,tt9916706,actress,5
nm0236225,tt9292510,actress,9
nm6341901,tt9293690,actress,10
nm11314353,tt9293752,actor,4
nm2715168,tt9293926,actor,10
nm5995222,tt9296734,actress,7
nm10270270,tt9296810,actress,3
nm10270272,tt9296810,actor,7
nm5913352,tt9297172,actress,10
nm6097274,tt9297754,actress,6
nm8402737,tt9299568,actress,6
nm10498897,tt9301428,actor,8
nm7236743,tt9301556,actress,9
nm10268476,tt9302912,actor,5
nm11777606,tt9307666,actress,1
nm5392910,tt9308022,actress,9
nm10270726,tt9309546,actor,1
nm1719673,tt9311062,actor,4
nm2680186,tt9311308,actor,5
nm7489043,tt9313558,actor,7
nm2869139,tt9313908,actress,11
nm10276266,tt9314164,actress,7
nm6823316,tt9314164,actor,2
nm0019489,tt9314340,actor,7
nm0087807,tt9318730,actor,9
nm6194268,tt9318768,actor,9
nm10275010,tt9319194,actress,3
nm7517010,tt9319812,actor,4
nm1679254,tt9319918,actor,5
nm5736441,tt9319918,actor,8
nm12485299,tt9320140,actor,7
nm9088357,tt9320170,actress,10
nm5509170,tt9320184,actress,2
nm5724719,tt9320226,actor,11
nm10275870,tt9321408,actress,1
nm1277861,tt9322350,actor,10
nm1013003,tt9324808,actor,8
nm8141494,tt9326498,actor,8
nm13818625,tt9326646,actor,9
nm0776307,tt9326956,actress,7
nm1287084,tt9327264,actor,6
nm5689702,tt9327540,actress,8
nm5761414,tt9330400,actress,8
nm9239964,tt9330502,actress,6
nm3338782,tt9331072,actor,2
nm0412862,tt9331322,actor,1
nm7782063,tt9332398,actor,9
nm4584004,tt9332664,actor,7
nm2936907,tt9332680,actor,3
nm3154399,tt9332734,actor,2
nm0605299,tt9333202,actress,2
nm2400035,tt9334830,actress,1
nm10282874,tt9337590,actor,9
nm6497561,tt9339958,actor,8
nm3651492,tt9340486,actress,1
nm1184557,tt9340700,actor,1
nm8194931,tt9340700,actress,9
nm5937264,tt9341098,actor,5
nm6973330,tt9341628,actor,5
nm10282237,tt9342360,actress,8
nm10285027,tt9342390,actress,10
nm8500687,tt9343062,actor,10
nm10204537,tt9347476,actress,9
nm6508720,tt9347518,actress,4
nm10163476,tt9347654,actress,7
nm0231458,tt9347730,actor,4
nm1326000,tt9348296,actor,5
nm7488814,tt9348566,actress,2
nm10317576,tt9348848,actress,1
nm10288339,tt9349020,actor,3
nm0051765,tt9349928,actor,1
nm2609895,tt9350110,actor,2
nm4576371,tt9350934,actress,3
nm0039203,tt9351610,actor,11
nm1881804,tt9351854,actor,4
nm4373314,tt9351854,actress,9
nm1339257,tt9352262,actress,1
nm10289913,tt9353656,actress,8
nm0918814,tt9354432,actress,4
nm0409204,tt9354674,actor,9
nm4699715,tt9354842,actress,7
nm7897290,tt9355222,actor,4
nm10292072,tt9357782,actor,6
nm0570971,tt9358040,actor,2
nm6221158,tt9358160,actor,8
nm10292382,tt9358398,actress,10
nm13414070,tt9359560,actress,2
nm13414099,tt9359560,actor,5
nm2382533,tt9360688,actor,5
nm0298575,tt9361104,actor,6
nm0530782,tt9361292,actor,6
nm1797652,tt9361810,actor,3
nm9209847,tt9361810,actress,9
nm2957490,tt9362930,actor,10
nm10451714,tt9363342,actress,9
nm5456213,tt9364210,actress,7
nm1816193,tt9364276,actor,10
nm0948115,tt9364436,actor,10
nm4009723,tt9364494,actor,1
nm10169844,tt9364684,actress,4
nm6041418,tt9364848,actor,3
nm1137130,tt9365634,actor,6
nm6910585,tt9366716,actor,1
nm4816336,tt9367850,actor,3
nm8907709,tt9367926,actor,2
nm10296530,tt9368384,actress,3
nm2849785,tt9368552,actor,7
nm2153938,tt9370218,actor,7
nm10297627,tt9371576,actor,7
nm1670179,tt9371576,actress,4
nm0240780,tt9371666,actor,5
nm2383070,tt9371706,actor,10
nm0039746,tt9371810,actor,1
nm9499214,tt9372116,actor,3
nm0305365,tt9372172,actress,5
nm1527250,tt9372374,actress,4
nm2387401,tt9373218,actor,4
nm7681807,tt9373782,actress,5
nm5131213,tt9375730,actress,8
nm0946159,tt9376118,actor,1
nm3136459,tt9376118,actor,3
nm2228294,tt9378692,actor,1
nm9252711,tt9378826,actor,10
nm0066827,tt9379404,actress,6
nm1869082,tt9382172,actor,6
nm3641927,tt9382172,actress,10
nm8329710,tt9382358,actor,2
nm10303780,tt9383554,actress,5
nm11084372,tt9383572,actor,1
nm10013114,tt9386884,actor,4
nm4366217,tt9387568,actress,4
nm4223263,tt9389584,actress,5
nm5754203,tt9389584,actor,8
nm4840687,tt9389916,actor,9
nm10837038,tt9390026,actor,10
nm13639290,tt9390058,actress,7
nm0864608,tt9390222,actor,3
nm10406540,tt9390254,actress,3
nm2876818,tt9391146,actor,2
nm1156184,tt9391166,actor,10
nm5725935,tt9392248,actress,7
nm1176395,tt9392618,actress,7
nm8884654,tt9394786,actress,3
nm2374526,tt9395384,actress,1
nm10308109,tt9395528,actor,8
nm9734015,tt9395714,actor,7
nm16744143,tt9395776,actress,2
nm17455543,tt9395776,actress,3
nm0454049,tt9396984,actor,3
nm8814208,tt9398530,actor,10
nm3692726,tt9402676,actress,2
nm3375850,tt9405352,actress,5
nm0392113,tt9408648,actor,4
nm10975211,tt9408648,actor,9
nm10418809,tt9408742,actor,10
nm2385880,tt9409096,actress,6
nm0604349,tt9409448,actor,1
nm8402992,tt9411972,actress,1
nm3869087,tt9412202,actor,5
nm0141140,tt9412514,actress,2
nm0999232,tt9413114,actress,1
nm9201681,tt9413114,actress,6
nm8405449,tt9414574,actor,9
nm10306723,tt9415530,actor,10
nm1651720,tt9415552,actress,9
nm5938562,tt9416282,actor,5
nm7467179,tt9416854,actress,6
nm8850560,tt9416854,actress,13
nm9940378,tt9418812,actor,4
nm10150207,tt9418878,actress,3
nm10317948,tt9419628,actor,2
nm0553778,tt9419752,actor,10
nm1036181,tt9419834,actor,2
nm0252230,tt9419884,actor,4
nm1046097,tt9419884,actress,7
nm1212722,tt9419884,actor,1
nm10446252,tt9419976,actor,10
nm2418329,tt9420344,actor,1
nm2876818,tt9420344,actor,3
nm7028312,tt9420344,actor,8
nm8152587,tt9420624,actress,8
nm0437088,tt9425078,actor,6
nm8468471,tt9425078,actress,10
nm1775551,tt9426186,actor,4
nm0793585,tt9426210,actress,7
nm7222121,tt9428246,actress,2
nm3322393,tt9428746,actor,7
nm7642065,tt9430524,actor,5
nm16514717,tt9431096,actor,5
nm1794199,tt9433064,actor,1
nm7081485,tt9433466,actor,6
nm0598454,tt9433872,actor,2
nm0039788,tt9436636,actress,8
nm6666749,tt9437052,actor,2
nm9956418,tt9437052,actor,4
nm4537347,tt9440520,actor,6
nm10111777,tt9442046,actor,3
nm9872069,tt9442978,actor,4
nm0783740,tt9445256,actor,9
nm2940796,tt9447600,actress,2
nm10331661,tt9448686,actor,5
nm10331660,tt9448688,actor,5
nm11364113,tt9448932,actress,10
nm12097328,tt9451096,actor,10
nm10204708,tt9454646,actor,10
nm10207056,tt9458220,actor,10
nm0613663,tt9459988,actor,10
nm7755046,tt9460580,actor,7
nm10337044,tt9460610,actor,2
nm9680903,tt9460914,actor,8
nm10831229,tt9461494,actor,3
nm14138368,tt9461496,actor,9
nm2501633,tt9462944,actress,1
nm0289080,tt9465600,actress,4
nm1178214,tt9465624,actress,3
nm0648356,tt9466032,actor,3
nm14669789,tt9466032,actor,7
nm1563805,tt9466070,actor,1
nm4329184,tt9466070,actor,7
nm10339444,tt9466132,actor,3
nm14657366,tt9466424,actor,8
nm0832338,tt9467386,actor,8
nm3505439,tt9468378,actor,4
nm6367459,tt9471424,actor,9
nm6726235,tt9471424,actress,8
nm8373555,tt9471786,actor,10
nm0419354,tt9471930,actor,7
nm0542040,tt9471988,actress,10
nm2210947,tt9472334,actress,4
nm4088627,tt9472334,actress,1
nm0169531,tt9472442,actress,8
nm11982839,tt9474340,actor,2
nm11982844,tt9474340,actor,4
nm0441225,tt9476068,actress,1
nm10344338,tt9477132,actor,1
nm9880445,tt9477132,actor,8
nm1983064,tt9479806,actor,1
nm0387012,tt9480146,actor,2
nm10484251,tt9482402,actress,8
nm10347284,tt9484812,actor,9
nm1390180,tt9484812,actress,3
nm1595572,tt9484812,actor,7
nm1796812,tt9485062,actor,4
nm10347846,tt9485306,actress,10
nm5568287,tt9485392,actor,9
nm0463500,tt9486162,actor,8
nm9470125,tt9486184,actor,4
nm10022315,tt9488378,actress,6
nm10349595,tt9489714,actress,3
nm10350515,tt9490972,actor,8
nm1293137,tt9495122,actor,4
nm3713653,tt9495690,actress,7
nm10401109,tt9496420,actor,7
nm1683306,tt9500358,actress,6
nm0001828,tt9506000,actress,1
nm0826611,tt9506474,actress,3
nm7145730,tt9506820,actress,9
nm7121595,tt9507234,actor,7
nm7970235,tt9510324,actress,5
nm4979628,tt9511022,actor,9
nm9047363,tt9511550,actress,5
nm10788333,tt9514116,actor,10
nm4062958,tt9514782,actress,9
nm5969644,tt9515150,actor,5
nm10140681,tt9515732,actor,5
nm0035250,tt9516956,actor,1
nm0466924,tt9516956,actor,5
nm4143170,tt9517188,actress,2
nm1763577,tt9520140,actor,3
nm2463151,tt9521590,actor,2
nm10364123,tt9524764,actress,1
nm9540662,tt9524764,actress,3
nm10364590,tt9525682,actor,9
nm1101442,tt9525792,actor,9
nm0036427,tt9526044,actor,2
nm7318811,tt9526124,actress,8
nm7816978,tt9526134,actor,7
nm0757087,tt9526152,actress,3
nm2893431,tt9526152,actor,5
nm4749222,tt9526262,actress,2
nm16445504,tt9526884,actress,9
nm1392596,tt9527778,actor,10
nm12190402,tt9528890,actor,3
nm0992037,tt9529656,actor,10
nm10364552,tt9529656,actress,7
nm2421786,tt9529740,actor,7
nm12203718,tt9529756,actress,3
nm8723487,tt9531094,actress,6
nm0089597,tt9535160,actor,2
nm10368335,tt9535160,actor,6
nm10369420,tt9536804,actor,6
nm10369966,tt9537532,actor,6
nm0387080,tt9537888,actor,10
nm1298369,tt9538008,actor,7
nm8863067,tt9538188,actress,5
nm8913097,tt9540232,actor,10
nm0847645,tt9540862,actress,8
nm5604534,tt9542460,actress,6
nm8450570,tt9543062,actress,4
nm16263933,tt9545516,actor,9
nm0048121,tt9546624,actor,4
nm3860266,tt9548438,actress,7
nm2775828,tt9551682,actress,9
nm5626208,tt9552162,actress,7
nm9577548,tt9554958,actor,8
nm8229647,tt9555284,actress,8
nm1699237,tt9555530,actor,1
nm6237659,tt9555530,actor,4
nm3209833,tt9556198,actress,10
nm3950899,tt9557068,actor,6
nm5588633,tt9557296,actress,9
nm1784670,tt9557332,actor,7
nm6537344,tt9557332,actor,5
nm10378903,tt9557390,actor,5
nm1771771,tt9557820,actor,4
nm8490426,tt9558468,actress,4
nm5856619,tt9558602,actress,8
nm1059103,tt9558612,actor,1
nm10057577,tt9561744,actress,3
nm10381407,tt9564712,actress,8
nm10381538,tt9564712,actress,5
nm4313502,tt9565196,actor,8
nm7035582,tt9567458,actress,2
nm10396379,tt9567902,actress,3
nm4427913,tt9568486,actor,8
nm5242693,tt9568486,actress,10
nm10411432,tt9569104,actor,1
nm0591389,tt9569484,actress,2
nm1306019,tt9569544,actor,8
nm3464457,tt9573068,actress,9
nm0397034,tt9573180,actress,7
nm0824852,tt9573180,actress,1
nm1282571,tt9573180,actor,8
nm1249638,tt9573468,actor,3
nm3913204,tt9574912,actor,9
nm6511246,tt9574922,actor,9
nm0490513,tt9575160,actor,1
nm10388309,tt9575498,actor,5
nm10389237,tt9578420,actor,9
nm1960477,tt9578420,actor,2
nm10389248,tt9578462,actress,9
nm10556923,tt9578984,actor,5
nm10389998,tt9580036,actress,6
nm0210875,tt9580138,actor,8
nm2022559,tt9580138,actor,13
nm0644554,tt9580442,actor,8
nm0106169,tt9580502,actor,6
nm10487470,tt9580502,actress,7
nm8547011,tt9581560,actress,1
nm7926533,tt9581840,actor,6
nm2171081,tt9583876,actress,10
nm2671105,tt9583950,actor,1
nm0583681,tt9584814,actor,3
nm7390318,tt9586162,actor,4
nm8348481,tt9586670,actor,1
nm0369392,tt9587950,actor,6
nm2579454,tt9587950,actor,5
nm5942695,tt9587950,actress,4
nm10392374,tt9588846,actress,8
nm10394466,tt9590554,actress,10
nm0015663,tt9590592,actor,3
nm1158284,tt9590592,actor,2
nm8602194,tt9590592,actor,5
nm6117670,tt9592364,actor,2
nm0032794,tt9595360,actor,4
nm1649671,tt9595360,actor,8
nm1877415,tt9595360,actor,11
nm3114205,tt9595816,actress,8
nm10252511,tt9596092,actor,10
nm4534098,tt9598214,actor,4
nm1026163,tt9598834,actor,1
nm0849439,tt9600076,actor,10
nm4497465,tt9600568,actor,6
nm5748347,tt9600960,actor,3
nm2941877,tt9601292,actor,6
nm6672891,tt9602472,actress,7
nm9611748,tt9602712,actor,8
nm12231888,tt9602804,actor,1
nm0684187,tt9603060,actor,9
nm9793176,tt9603090,actor,3
nm2876852,tt9603432,actor,5
nm0434941,tt9604790,actor,5
nm10403416,tt9607270,actor,4
nm5715289,tt9608818,actress,8
nm1258927,tt9611484,actress,2
nm4161330,tt9611484,actress,6
nm8240143,tt9611484,actor,8
nm10404647,tt9611542,actress,7
nm0662744,tt9612892,actor,1
nm0067697,tt9614040,actress,7
nm6974139,tt9614040,actress,5
nm14599484,tt9614428,actor,5
nm9130968,tt9614460,actress,5
nm7605611,tt9614994,actor,6
nm6649988,tt9615020,actor,10
nm7251300,tt9615028,actor,10
nm4846250,tt9615112,actor,7
nm2236593,tt9617892,actor,2
nm0034725,tt9618098,actor,8
nm2852892,tt9619008,actor,9
nm5084063,tt9619008,actress,2
nm5451670,tt9619010,actor,1
nm6074326,tt9619798,actor,8
nm9503474,tt9620254,actress,6
nm5022323,tt9620474,actress,9
nm7438321,tt9621284,actress,5
nm5388554,tt9623404,actor,2
nm3857692,tt9624766,actor,1
nm0082979,tt9625240,actor,9
nm0000430,tt9625664,actor,10
nm0246286,tt9630868,actor,9
nm11663339,tt9631700,actress,6
nm11130700,tt9631944,actor,3
nm0359226,tt9632080,actress,6
nm0519933,tt9632590,actor,4
nm6470228,tt9635448,actor,10
nm1521381,tt9635540,actress,2
nm3139059,tt9635616,actress,7
nm0865372,tt9635772,actress,2
nm15376777,tt9636630,actor,6
nm2799219,tt9637132,actress,8
nm0837548,tt9637640,actor,6
nm11443889,tt9638084,actor,9
nm0905108,tt9638668,actor,9
nm8228693,tt9641092,actress,1
nm2062531,tt9642696,actor,1
nm0038167,tt9642950,actor,7
nm10419318,tt9643542,actress,6
nm1198975,tt9643542,actor,1
nm0406737,tt9644250,actor,1
nm0764133,tt9646716,actor,5
nm3818093,tt9647298,actor,6
nm10435347,tt9647330,actor,7
nm2665929,tt9647776,actor,6
nm4146448,tt9647880,actor,7
nm4073165,tt9648668,actress,4
nm3601766,tt9648672,actress,2
nm8827722,tt9648952,actress,6
nm14002879,tt9649548,actor,1
nm9438171,tt9652730,actress,3
nm10424352,tt9654134,actor,9
nm7522291,tt9654830,actor,8
nm1171795,tt9657764,actor,9
nm0463500,tt9657904,actor,10
nm8447789,tt9658388,actress,8
nm11583055,tt9659926,actor,8
nm0238475,tt9660502,actress,4
nm4472699,tt9660606,actor,2
nm8068078,tt9660606,actor,10
nm1666855,tt9660688,actor,1
nm2531116,tt9661960,actor,6
nm1650932,tt9663382,actress,10
nm2456848,tt9663642,actor,4
nm11380291,tt9664206,actor,9
nm13390054,tt9664206,actress,4
nm9906366,tt9666970,actress,5
nm6434147,tt9668280,actress,3
nm5285354,tt9668552,actress,7
nm10430014,tt9668598,actor,5
nm2544719,tt9668598,actor,3
nm5271239,tt9668966,actor,8
nm10430614,tt9669242,actress,8
nm1690662,tt9670284,actress,9
nm4764161,tt9670284,actor,8
nm0493797,tt9670414,actor,9
nm0509811,tt9672244,actor,6
nm7144357,tt9673548,actor,6
nm7987902,tt9674226,actress,2
nm10150023,tt9675092,actress,1
nm9067343,tt9675092,actress,8
nm0014141,tt9675366,actor,2
nm10433742,tt9675804,actress,4
nm11455243,tt9676242,actress,9
nm1631281,tt9677100,actor,10
nm7564241,tt9677416,actor,2
nm0171499,tt9678892,actor,4
nm11068067,tt9678892,actor,8
nm10435079,tt9679044,actor,4
nm5697385,tt9679806,actor,10
nm9300004,tt9680064,actress,9
nm0017868,tt9680076,actor,1
nm2433065,tt9680174,actor,4
nm10436240,tt9680256,actor,2
nm9702923,tt9680512,actor,4
nm10438661,tt9680520,actor,5
nm9644567,tt9680802,actor,2
nm12052706,tt9681728,actor,7
nm7681636,tt9681728,actor,2
nm10436817,tt9682578,actress,5
nm0144213,tt9684220,actor,10
nm8207120,tt9684806,actress,4
nm2345845,tt9684994,actress,1
nm12786858,tt9685686,actor,7
nm10438102,tt9685692,actor,4
nm1257062,tt9685948,actress,4
nm1316863,tt9686514,actor,5
nm6618353,tt9686708,actor,3
nm0061877,tt9690790,actress,3
nm1867913,tt9690790,actor,4
nm9631433,tt9690790,actor,7
nm10441026,tt9691324,actress,3
nm9858166,tt9691348,actor,10
nm13736109,tt9691846,actress,10
nm5150208,tt9692890,actor,7
nm10820590,tt9694682,actor,7
nm0679150,tt9695258,actress,5
nm0474919,tt9697960,actor,1
nm4428577,tt9699640,actress,5
nm4935021,tt9699686,actress,3
nm7248493,tt9701082,actor,3
nm4399265,tt9701676,actress,8
nm1163399,tt9707780,actress,1
nm3190124,tt9708416,actress,10
nm4287836,tt9708416,actress,7
nm1269796,tt9712136,actor,1
nm9045283,tt9713802,actress,3
nm10448918,tt9716084,actress,8
nm2782263,tt9716084,actress,2
nm0044245,tt9716728,actress,4
nm6833236,tt9716782,actress,7
nm9583071,tt9717004,actress,7
nm0479590,tt9717498,actress,3
nm4587635,tt9717498,actor,6
nm10455867,tt9720690,actress,11
nm2095123,tt9720696,actress,2
nm2794951,tt9720866,actress,9
nm10450559,tt9721830,actor,9
nm13759812,tt9722418,actress,9
nm10708155,tt9722984,actress,7
nm1307560,tt9723326,actor,5
nm9844470,tt9724068,actor,1
nm5496702,tt9725830,actor,3
nm7249993,tt9725830,actor,9
nm1442604,tt9726146,actor,9
nm0620241,tt9726172,actress,9
nm1539484,tt9727546,actor,2
nm10453496,tt9728406,actor,4
nm9594393,tt9728816,actor,2
nm11958694,tt9729774,actress,4
nm6213948,tt9729774,actress,8
nm2897883,tt9730866,actor,5
nm9311744,tt9731034,actor,4
nm3411431,tt9731360,actor,7
nm3441044,tt9731442,actress,2
nm8358488,tt9732072,actress,2
nm2527254,tt9734692,actor,10
nm9713039,tt9735186,actor,8
nm5384297,tt9735830,actor,10
nm8124363,tt9735878,actress,7
nm14214693,tt9737568,actor,9
nm10949578,tt9738716,actress,5
nm1015599,tt9739386,actor,7
nm4499384,tt9739416,actor,2
nm5732482,tt9739416,actor,10
nm0456832,tt9739712,actor,1
nm10458161,tt9740064,actor,8
nm3762697,tt9740272,actress,5
nm4162879,tt9740414,actor,9
nm2595793,tt9740770,actress,5
nm12483758,tt9741588,actress,9
nm3285792,tt9742106,actress,11
nm3996747,tt9742106,actor,6
nm6792967,tt9742372,actress,2
nm12313373,tt9742628,actress,8
nm0592799,tt9742642,actor,1
nm0869088,tt9742794,actor,6
nm9429271,tt9744922,actor,10
nm3047426,tt9747230,actor,2
nm0524999,tt9747338,actor,6
nm2595793,tt9747338,actress,5
nm10488587,tt9747396,actress,10
nm3237083,tt9747622,actress,5
nm10461331,tt9748034,actress,4
nm10461349,tt9748042,actor,6
nm4695210,tt9751002,actor,6
nm16995873,tt9752488,actor,9
nm5227404,tt9752488,actor,2
nm12029519,tt9753764,actor,10
nm0039327,tt9753990,actor,3
nm2274658,tt9754442,actor,1
nm8971119,tt9754442,actor,4
nm3794219,tt9755252,actress,5
nm15353535,tt9755608,actor,10
nm6318583,tt9755806,actor,8
nm4912288,tt9759754,actor,3
nm0043396,tt9762608,actress,1
nm0604919,tt9763402,actress,4
nm6244407,tt9764248,actress,2
nm0083714,tt9764362,actor,9
nm2186865,tt9764362,actress,4
nm1194281,tt9765480,actress,10
nm10468983,tt9765902,actor,4
nm7608220,tt9765968,actress,3
nm11426889,tt9766160,actress,10
nm2419573,tt9767390,actor,9
nm5477543,tt9767556,actor,10
nm0757299,tt9767724,actress,10
nm5369429,tt9769668,actor,4
nm5106325,tt9770208,actor,10
nm10628170,tt9772374,actor,8
nm2816155,tt9773400,actor,1
nm2359179,tt9774762,actor,10
nm10472978,tt9775932,actor,9
nm4681019,tt9776102,actor,8
nm10474795,tt9777462,actor,3
nm5469428,tt9777666,actor,9
nm10474525,tt9777882,actress,1
nm2983727,tt9777882,actress,8
nm10474558,tt9777886,actress,2
nm1276538,tt9777886,actress,7
nm2987726,tt9778190,actress,1
nm0567589,tt9778348,actress,8
nm0626938,tt9778622,actress,4
nm8860239,tt9779380,actress,5
nm2668717,tt9780140,actor,1
nm9867639,tt9784048,actor,9
nm6195774,tt9784798,actress,4
nm10477371,tt9784816,actor,2
nm0038951,tt9786162,actor,1
nm2409796,tt9786512,actress,9
nm5131296,tt9786512,actress,2
nm0875460,tt9788168,actor,6
nm1001108,tt9788168,actress,3
nm0205772,tt9788418,actor,3
nm0608440,tt9788706,actor,1
nm1256532,tt9789042,actor,1
nm6746818,tt9789042,actor,6
nm0949045,tt9789346,actress,1
nm1679391,tt9789346,actor,9
nm1335704,tt9793334,actor,1
nm1186378,tt9795238,actress,7
nm5666452,tt9795552,actress,3
nm1201151,tt9795686,actor,6
nm10500791,tt9795856,actress,6
nm10483668,tt9798638,actor,3
nm11633698,tt9799640,actor,5
nm1574827,tt9800034,actress,5
nm1214482,tt9800234,actor,7
nm7590368,tt9800604,actor,5
nm11428386,tt9804296,actor,8
nm10486787,tt9804534,actress,5
nm10487113,tt9805208,actress,5
nm10689141,tt9805504,actress,7
nm1253936,tt9806192,actor,3
nm6541199,tt9806258,actor,3
nm1748780,tt9806304,actress,2
nm5954287,tt9806468,actor,9
nm10488768,tt9808874,actor,7
nm6883803,tt9809006,actress,4
nm0620241,tt9809432,actress,2
nm0417744,tt9811300,actor,7
nm3029960,tt9811528,actor,7
nm10491063,tt9811798,actor,3
nm10491235,tt9812236,actor,10
nm1171492,tt9814918,actor,6
nm0694066,tt9815014,actor,2
nm2700567,tt9815124,actress,4
nm5174193,tt9815554,actor,9
nm7670840,tt9815990,actress,5
nm11132165,tt9816214,actress,4
nm10002148,tt9816396,actor,7
nm10493365,tt9816958,actor,8
nm8241978,tt9816958,actress,5
nm6124828,tt9817070,actress,8
nm4731433,tt9817190,actor,1
nm2194798,tt9817760,actor,3
nm0911277,tt9817938,actor,10
nm2068871,tt9819206,actress,8
nm10495009,tt9819664,actress,6
nm8604880,tt9821834,actor,7
nm4047075,tt9822864,actress,2
nm13722313,tt9822880,actor,3
nm1338684,tt9823170,actress,8
nm8420520,tt9823562,actress,2
nm2018573,tt9824114,actor,7
nm6006183,tt9826126,actor,1
nm3782945,tt9826484,actress,2
nm10489715,tt9827060,actor,10
nm5862455,tt9827784,actress,2
nm3052894,tt9827834,actor,6
nm10235716,tt9827998,actor,6
nm11028339,tt9827998,actress,10
nm8277159,tt9827998,actor,9
nm9499890,tt9828278,actor,10
nm8358336,tt9829006,actor,5
nm7124712,tt9833044,actor,2
nm9097476,tt9833044,actress,4
nm15449941,tt9833412,actress,5
nm0357264,tt9833860,actor,4
nm10107176,tt9837320,actress,9
nm4241408,tt9837320,actress,8
nm1218953,tt9838372,actress,1
nm2545567,tt9838656,actor,2
nm0793943,tt9838980,actor,4
nm0875244,tt9838980,actor,10
nm2202538,tt9839040,actor,3
nm10503421,tt9839636,actor,1
nm7963859,tt9839636,actor,6
nm8328803,tt9839636,actor,10
nm0084241,tt9840382,actor,1
nm9787129,tt9840958,actor,7
nm6195775,tt9843224,actor,6
nm0398388,tt9843390,actress,8
nm1035011,tt9843390,actor,3
nm11129103,tt9843742,actor,5
nm0424453,tt9844368,actor,4
nm1034066,tt9844522,actor,10
nm1209657,tt9844938,actor,1
nm2665929,tt9844938,actor,8
nm0740535,tt9849004,actor,7
nm1179677,tt9849004,actor,5
nm1371339,tt9849004,actor,3
nm4390501,tt9850064,actor,3
nm1818216,tt9850344,actor,4
nm3844346,tt9850646,actress,2
nm9132188,tt9850646,actor,3
nm0643870,tt9852492,actor,8
nm2827761,tt9852508,actress,6
nm10510389,tt9853118,actor,3
nm0553816,tt9853264,actress,5
nm10510494,tt9853452,actor,7
nm0001376,tt9853664,actress,1
nm2432662,tt9853664,actress,2
nm4131336,tt9854058,actress,6
nm10511272,tt9855002,actress,4
nm1257062,tt9855984,actress,4
nm5325732,tt9855984,actress,1
nm9626319,tt9855984,actor,7
nm0196572,tt9856080,actor,2
nm11910237,tt9856710,actor,5
nm10513561,tt9859528,actress,1
nm9496879,tt9860694,actor,8
nm0387519,tt9861204,actress,2
nm2783690,tt9861214,actor,4
nm0211140,tt9863566,actor,3
nm1870393,tt9865010,actress,1
nm10516039,tt9865282,actress,2
nm5318271,tt9866072,actress,9
nm10516438,tt9866208,actor,5
nm1061914,tt9866208,actor,3
nm0595914,tt9867628,actress,2
nm9598428,tt9872038,actor,6
nm3196854,tt9876544,actor,2
nm10521114,tt9876944,actor,1
nm0221218,tt9877170,actor,9
nm7909122,tt9877460,actor,10
nm0226770,tt9878242,actor,4
nm10959119,tt9878598,actor,6
nm1728139,tt9881974,actor,4
nm0853583,tt9883996,actor,2
nm8906536,tt9884202,actor,1
nm2149215,tt9887130,actor,10
nm7613071,tt9887130,actress,2
nm0509539,tt9889716,actor,6
nm10208715,tt9889716,actor,1
nm10527092,tt9890308,actor,1
nm10527338,tt9890870,actress,1
nm12513526,tt9893084,actor,10
nm0496987,tt9893130,actress,6
nm0001848,tt9893250,actress,4
nm0086301,tt9893250,actor,7
nm10528951,tt9893922,actress,9
nm1287787,tt9893922,actress,8
nm1131934,tt9894108,actor,3
nm3002625,tt9894108,actor,10
nm10529306,tt9894394,actress,1
nm10529310,tt9894394,actor,5
nm10529368,tt9894450,actress,2
nm10529687,tt9895024,actor,1
nm14760562,tt9897744,actor,3
nm3996691,tt9898328,actor,7
nm2992664,tt9899716,actor,2
nm1369375,tt9899828,actor,3
nm7308148,tt9899840,actor,4
nm12969035,tt9899850,actor,10
nm3102174,tt9900570,actress,10
nm7639503,tt9900782,actor,8
nm9007992,tt9902160,actress,3
nm10532821,tt9903890,actress,9
nm10532912,tt9903968,actor,9
nm10542558,tt9903968,actor,10
nm1575524,tt9904004,actor,9
nm13859588,tt9904530,actor,6
nm0652592,tt9905536,actor,6
nm10534968,tt9908960,actress,1
nm5011198,tt9910102,actress,7
nm10534968,tt9910238,actress,5
nm2568651,tt9911750,actor,4
nm3234734,tt9913872,actor,2
nm8370368,tt9916170,actor,2
nm2018573,tt9916190,actor,4
nm3370295,tt9916428,actor,10
nm3642592,tt9916706,actor,10
nm14302138,tt9294056,actor,4
nm12310585,tt9294426,actor,7
nm0342111,tt9296084,actress,4
nm10265475,tt9296084,actress,9
nm4824727,tt9296734,actor,8
nm4713973,tt9296782,actress,5
nm2771908,tt9301556,actress,1
nm9010459,tt9302986,actor,4
nm1419300,tt9304360,actress,8
nm2593278,tt9305634,actor,6
nm11777607,tt9307666,actress,8
nm11777609,tt9307666,actress,10
nm1476601,tt9308382,actor,8
nm2685920,tt9308390,actor,9
nm2937499,tt9308452,actress,3
nm0346658,tt9309950,actress,1
nm10271049,tt9309968,actress,3
nm8359696,tt9311308,actress,4
nm12971104,tt9313004,actress,9
nm7170644,tt9313474,actress,4
nm8715162,tt9313558,actress,8
nm4282772,tt9313816,actress,8
nm10276231,tt9314164,actor,8
nm10603010,tt9315438,actor,10
nm0457999,tt9315684,actress,11
nm4013056,tt9315684,actor,10
nm13611675,tt9317274,actor,4
nm12434679,tt9317286,actor,9
nm10276798,tt9318230,actress,7
nm3974782,tt9319812,actor,10
nm10261552,tt9322476,actor,1
nm10276298,tt9323034,actress,5
nm10277050,tt9324774,actress,3
nm11770295,tt9326646,actress,10
nm10278265,tt9327782,actress,8
nm10278986,tt9328742,actor,7
nm9945002,tt9330332,actress,3
nm0041316,tt9330648,actor,7
nm1905619,tt9330648,actor,9
nm4951842,tt9331550,actor,6
nm7911216,tt9331550,actress,10
nm1789278,tt9331776,actress,3
nm9413032,tt9334814,actor,7
nm6718435,tt9335444,actor,10
nm3711953,tt9335620,actor,6
nm8423523,tt9339796,actor,3
nm0683379,tt9339936,actor,8
nm1676551,tt9339936,actor,3
nm6143310,tt9340486,actress,10
nm0044082,tt9340700,actor,5
nm2649764,tt9340872,actor,1
nm0171674,tt9340916,actor,5
nm1689689,tt9341098,actress,6
nm9444312,tt9341668,actor,8
nm10278449,tt9342390,actress,4
nm10302096,tt9343758,actor,9
nm10286182,tt9345114,actor,2
nm4965045,tt9345778,actor,4
nm4006538,tt9347474,actor,2
nm10282200,tt9347476,actress,4
nm0029023,tt9347672,actress,5
nm10365912,tt9349056,actress,5
nm10431748,tt9349056,actor,9
nm3109964,tt9350934,actor,1
nm1916072,tt9351112,actor,10
nm0856872,tt9352178,actor,5
nm6185414,tt9352210,actress,1
nm10289915,tt9353656,actor,7
nm9407264,tt9354118,actress,10
nm0010207,tt9354422,actress,2
nm1268637,tt9354422,actor,10
nm6131003,tt9354438,actor,4
nm0843100,tt9354944,actress,7
nm9016205,tt9357404,actor,7
nm2385808,tt9357860,actress,10
nm5245242,tt9358120,actor,1
nm10637541,tt9359560,actor,4
nm1126338,tt9359680,actress,3
nm7929508,tt9359754,actor,8
nm10293837,tt9361292,actress,10
nm0520064,tt9362930,actor,5
nm4927704,tt9362930,actor,1
nm0001793,tt9363192,actress,6
nm1650737,tt9363990,actor,5
nm3299619,tt9364210,actress,4
nm2075350,tt9364228,actress,1
nm10476420,tt9364382,actress,1
nm10830417,tt9366176,actor,10
nm13808571,tt9366716,actress,7
nm2656503,tt9368006,actress,3
nm2366585,tt9370218,actor,2
nm0352032,tt9370232,actor,4
nm1126254,tt9370232,actor,5
nm1679381,tt9370232,actor,9
nm0501256,tt9372172,actress,2
nm4724320,tt9372172,actor,4
nm3930895,tt9372374,actress,8
nm0193509,tt9372388,actress,7
nm10295486,tt9373218,actor,6
nm2153938,tt9373258,actor,4
nm6452302,tt9376118,actor,7
nm2368990,tt9376172,actress,3
nm10300661,tt9377066,actor,5
nm10302535,tt9377066,actor,7
nm5483416,tt9378416,actor,9
nm5854680,tt9378600,actress,7
nm0840285,tt9378692,actress,5
nm8402598,tt9379072,actor,7
nm3780470,tt9379404,actor,10
nm10302510,tt9381742,actor,2
nm1231813,tt9381904,actress,6
nm2325393,tt9382172,actor,2
nm3227628,tt9382358,actor,6
nm0051397,tt9382596,actor,8
nm10303747,tt9383554,actor,4
nm9012180,tt9383758,actor,9
nm1163808,tt9384126,actor,4
nm6717726,tt9387380,actor,2
nm5744564,tt9389998,actor,7
nm7850258,tt9389998,actress,8
nm4449831,tt9390026,actor,4
nm2817027,tt9390202,actress,2
nm3608767,tt9390202,actor,7
nm6492067,tt9390240,actor,7
nm9268739,tt9390240,actor,5
nm0407329,tt9391864,actress,5
nm10877611,tt9392082,actor,2
nm3111951,tt9392082,actor,7
nm10307103,tt9392324,actor,5
nm8300354,tt9395528,actor,4
nm10308230,tt9395768,actor,3
nm0476182,tt9397742,actress,7
nm6975296,tt9398530,actor,3
nm10313086,tt9404596,actress,9
nm9443339,tt9404596,actor,5
nm1768149,tt9407490,actress,9
nm8228726,tt9407490,actor,7
nm10418798,tt9408742,actor,5
nm11713597,tt9411912,actress,2
nm0935498,tt9412088,actor,1
nm5243688,tt9412088,actress,2
nm9434833,tt9413792,actor,5
nm10116011,tt9416094,actress,7
nm14117849,tt9419628,actor,4
nm0619107,tt9419730,actor,8
nm5054542,tt9419834,actor,10
nm0000160,tt9421570,actor,6
nm4272518,tt9422624,actor,3
nm10322423,tt9423080,actor,9
nm0015417,tt9423096,actor,8
nm5540126,tt9425856,actor,4
nm10680095,tt9429444,actor,2
nm10323181,tt9429948,actress,6
nm2763314,tt9430518,actress,7
nm9455290,tt9432968,actress,2
nm1595572,tt9433064,actor,7
nm7645455,tt9433064,actor,10
nm0441102,tt9437224,actor,9
nm2672980,tt9439344,actor,6
nm10327034,tt9439360,actress,2
nm10327035,tt9439360,actress,4
nm3208951,tt9440520,actress,10
nm9830556,tt9444800,actress,2
nm10329973,tt9445930,actor,10
nm8312694,tt9447444,actor,8
nm0387033,tt9447676,actor,9
nm10330965,tt9447768,actress,1
nm10720572,tt9448332,actress,6
nm10675716,tt9448362,actor,4
nm9764569,tt9448656,actress,2
nm3561962,tt9448946,actor,1
nm5580968,tt9454778,actress,4
nm1242118,tt9455030,actor,9
nm1796242,tt9455528,actor,2
nm5628646,tt9458062,actor,5
nm0945563,tt9458110,actor,10
nm6454827,tt9460386,actress,2
nm7414835,tt9460580,actress,9
nm4601531,tt9460596,actress,7
nm7756026,tt9460596,actor,3
nm1363680,tt9460610,actress,3
nm10337832,tt9462066,actress,10
nm2853853,tt9463434,actress,3
nm4460584,tt9463434,actor,10
nm2120778,tt9464654,actress,7
nm12081801,tt9465024,actor,9
nm1847621,tt9465024,actor,3
nm1072136,tt9465624,actor,4
nm10427150,tt9466854,actress,4
nm0284036,tt9467386,actress,6
nm8327046,tt9468378,actress,3
nm10341143,tt9469296,actor,7
nm2715315,tt9470144,actress,7
nm1943060,tt9471128,actress,10
nm3143686,tt9471378,actress,5
nm6694978,tt9471502,actress,7
nm0028007,tt9471828,actor,6
nm1865082,tt9472074,actress,6
nm9680921,tt9472074,actor,4
nm10342541,tt9472142,actress,5
nm0012078,tt9472532,actor,3
nm2621030,tt9472532,actor,8
nm10344556,tt9477594,actor,10
nm0253893,tt9481962,actor,8
nm10347647,tt9485064,actor,3
nm5567367,tt9485392,actor,1
nm10464469,tt9486162,actor,3
nm0831051,tt9487802,actor,10
nm7489737,tt9489598,actress,5
nm0297669,tt9490042,actress,7
nm4581293,tt9490122,actress,4
nm6918418,tt9490122,actress,9
nm0642675,tt9491292,actor,6
nm1263763,tt9493038,actress,5
nm5153692,tt9494300,actor,3
nm11139916,tt9496232,actor,1
nm3548929,tt9496830,actress,1
nm3278781,tt9500068,actress,8
nm7821071,tt9500068,actor,6
nm5890167,tt9500372,actor,10
nm0920574,tt9502538,actor,1
nm0653913,tt9503782,actor,8
nm5137121,tt9507234,actor,1
nm1345839,tt9510356,actress,4
nm10767666,tt9514690,actor,2
nm10359262,tt9514970,actor,2
nm5668523,tt9515298,actor,8
nm7912616,tt9516312,actor,6
nm0314047,tt9516390,actor,2
nm0287544,tt9516994,actor,8
nm7432376,tt9517348,actor,3
nm10362199,tt9519872,actor,10
nm1727188,tt9520140,actor,5
nm3133211,tt9521590,actor,3
nm1442720,tt9522074,actor,2
nm4291539,tt9523112,actress,10
nm1894124,tt9524764,actor,8
nm7822064,tt9524764,actor,9
nm3658399,tt9525352,actor,8
nm3381677,tt9525792,actor,2
nm9970779,tt9525926,actor,8
nm4891461,tt9526090,actor,4
nm10364923,tt9526134,actor,5
nm10918640,tt9526826,actor,5
nm16445502,tt9526884,actor,10
nm16445506,tt9526884,actress,3
nm3817905,tt9527682,actor,9
nm10362969,tt9528596,actress,1
nm10364867,tt9529656,actress,1
nm6419803,tt9531094,actor,3
nm9898007,tt9533342,actress,7
nm10367776,tt9533434,actress,1
nm0169753,tt9534784,actor,3
nm5133879,tt9534784,actor,10
nm2199633,tt9536664,actor,3
nm3556658,tt9536664,actor,5
nm10619056,tt9536816,actress,9
nm5992648,tt9537068,actor,4
nm10392031,tt9537148,actor,3
nm10392039,tt9537148,actor,1
nm1372094,tt9537346,actor,6
nm7569294,tt9538188,actor,8
nm10370504,tt9538216,actor,9
nm10271402,tt9540556,actress,10
nm1959789,tt9540702,actor,4
nm4756915,tt9540702,actress,10
nm0256707,tt9540862,actress,9
nm0847645,tt9541470,actress,1
nm8314219,tt9542116,actor,7
nm6603672,tt9543062,actor,7
nm4142912,tt9543092,actor,10
nm1717477,tt9545516,actress,8
nm9281797,tt9546082,actor,7
nm1352696,tt9548438,actor,8
nm6089206,tt9551936,actress,7
nm10833919,tt9552208,actress,2
nm1748821,tt9552208,actress,10
nm10377578,tt9554692,actor,4
nm0497901,tt9555974,actress,1
nm1893085,tt9555974,actor,3
nm0432531,tt9556104,actor,2
nm2428447,tt9557296,actor,5
nm10378905,tt9557390,actress,10
nm1001108,tt9561756,actress,2
nm10380427,tt9561756,actress,6
nm2595736,tt9562268,actor,8
nm3513533,tt9562296,actress,1
nm6595127,tt9562564,actress,9
nm0312656,tt9563632,actor,9
nm1242836,tt9563872,actor,6
nm0992636,tt9566084,actor,10
nm1450561,tt9566084,actor,9
nm18689155,tt9566084,actor,6
nm10396380,tt9567902,actor,2
nm2705084,tt9568074,actress,1
nm4906331,tt9568168,actress,3
nm8146831,tt9568640,actor,3
nm1679456,tt9569484,actor,4
nm13677722,tt9572006,actor,11
nm6411669,tt9572420,actress,3
nm1579622,tt9573138,actor,3
nm8828462,tt9573468,actress,9
nm2946751,tt9573668,actor,8
nm1216245,tt9574444,actress,7
nm3912523,tt9574912,actor,7
nm11600725,tt9575388,actor,7
nm3056324,tt9575438,actor,3
nm2282761,tt9575726,actor,5
nm4358565,tt9578746,actress,5
nm10392804,tt9581258,actor,5
nm7174160,tt9581478,actor,5
nm4646761,tt9581840,actor,8
nm0233882,tt9582810,actor,8
nm10435803,tt9583840,actor,10
nm0532721,tt9584128,actor,5
nm0563519,tt9584128,actor,7
nm10401616,tt9584730,actress,7
nm8952968,tt9584830,actress,3
nm9773245,tt9584830,actress,9
nm10939017,tt9585116,actress,6
nm2129444,tt9585676,actress,3
nm2181420,tt9586922,actor,6
nm10548891,tt9587244,actor,3
nm7464790,tt9587244,actor,5
nm1383801,tt9592292,actor,3
nm14106130,tt9592364,actor,10
nm3910892,tt9592496,actor,11
nm5890975,tt9592496,actor,1
nm10453055,tt9593626,actor,2
nm2837850,tt9596084,actress,7
nm9803023,tt9596092,actor,4
nm6677201,tt9598594,actress,9
nm3026487,tt9601220,actress,10
nm13478914,tt9602472,actress,10
nm4294865,tt9602712,actress,3
nm10400615,tt9602716,actress,3
nm15016167,tt9602716,actor,9
nm8984132,tt9608858,actor,10
nm4440521,tt9610246,actor,3
nm0297048,tt9610250,actor,3
nm10318508,tt9610262,actor,7
nm2740210,tt9610838,actress,10
nm1212515,tt9612136,actor,9
nm10553994,tt9613316,actress,5
nm5895749,tt9614416,actor,4
nm3977708,tt9614988,actress,2
nm5635254,tt9614994,actor,4
nm0648282,tt9615112,actress,9
nm4941490,tt9615112,actor,8
nm6634664,tt9615718,actor,2
nm0655761,tt9618098,actress,9
nm1296233,tt9618098,actor,7
nm1800303,tt9619008,actress,1
nm13584481,tt9619792,actor,9
nm3039215,tt9619984,actor,4
nm8894372,tt9619984,actress,7
nm0000317,tt9620292,actor,4
nm2560100,tt9620986,actor,6
nm8730008,tt9621104,actor,1
nm8092417,tt9621580,actor,2
nm11682652,tt9622618,actress,7
nm0543666,tt9623404,actor,4
nm10538080,tt9624438,actress,4
nm5480560,tt9624438,actor,1
nm0000483,tt9625632,actor,3
nm0222922,tt9625632,actress,2
nm0651274,tt9625664,actor,3
nm11683551,tt9626774,actor,9
nm9377354,tt9626928,actor,7
nm3374027,tt9627092,actor,3
nm11464761,tt9628392,actor,8
nm11140645,tt9631944,actor,8
nm1671039,tt9632080,actress,8
nm7327253,tt9632590,actress,6
nm10573550,tt9633264,actor,10
nm0882969,tt9634252,actor,6
nm8313465,tt9636294,actress,10
nm9372711,tt9636294,actress,2
nm1800639,tt9637754,actress,2
nm0874868,tt9638206,actor,9
nm1235052,tt9638668,actress,3
nm9373964,tt9641092,actress,10
nm1003962,tt9641242,actor,3
nm1901252,tt9642696,actress,4
nm0231864,tt9642870,actress,4
nm7080395,tt9642962,actor,10
nm1288981,tt9643058,actor,1
nm9913749,tt9643058,actress,9
nm0473814,tt9643286,actor,1
nm5743642,tt9643542,actor,5
nm0945414,tt9646136,actress,2
nm1875890,tt9646364,actress,8
nm10413137,tt9647154,actress,3
nm2924454,tt9647768,actress,7
nm1880510,tt9647776,actress,5
nm10421141,tt9647798,actress,3
nm0319880,tt9648092,actress,1
nm0321348,tt9648092,actress,4
nm1067557,tt9648092,actress,10
nm10357059,tt9648806,actor,7
nm9213423,tt9648806,actor,2
nm14002880,tt9649548,actor,2
nm9262644,tt9651918,actress,3
nm7267746,tt9652782,actor,9
nm10418531,tt9652984,actor,10
nm9540671,tt9653108,actor,8
nm1194281,tt9653184,actress,9
nm10797829,tt9654108,actress,4
nm0605186,tt9654240,actor,9
nm10425132,tt9655758,actress,3
nm0457575,tt9657904,actor,9
nm1081069,tt9657910,actress,6
nm10425855,tt9658034,actor,1
nm0996310,tt9658100,actor,1
nm0410160,tt9661164,actress,5
nm10427469,tt9662266,actress,6
nm2744476,tt9662722,actress,2
nm1553585,tt9663100,actor,5
nm0411733,tt9663146,actor,6
nm10428693,tt9663642,actor,7
nm0005512,tt9663896,actor,9
nm0621418,tt9664732,actor,11
nm10429834,tt9667988,actor,4
nm2348576,tt9668358,actress,8
nm9878298,tt9668358,actress,2
nm8574050,tt9668966,actress,7
nm1594672,tt9670282,actor,7
nm6066983,tt9670890,actress,2
nm1395864,tt9671918,actress,2
nm5294158,tt9672824,actress,1
nm7009796,tt9674172,actor,3
nm0482285,tt9675464,actress,3
nm10327070,tt9675716,actress,3
nm10433634,tt9675716,actor,8
nm8640499,tt9675804,actor,1
nm0576364,tt9676520,actress,10
nm10434197,tt9676940,actor,10
nm0059461,tt9680076,actor,2
nm4936620,tt9680090,actor,8
nm10436161,tt9680148,actress,7
nm1836657,tt9680174,actor,8
nm10438663,tt9680520,actor,3
nm10438664,tt9680520,actress,9
nm7889241,tt9680630,actor,5
nm7237266,tt9683542,actress,3
nm10437235,tt9683772,actor,6
nm5662804,tt9685948,actress,3
nm12665631,tt9686154,actress,7
nm11130526,tt9688874,actress,4
nm0935395,tt9689696,actress,3
nm5522706,tt9689930,actor,1
nm2572554,tt9690328,actress,3
nm2072060,tt9690832,actress,5
nm0665554,tt9691324,actress,6
nm10504805,tt9691348,actress,9
nm10518837,tt9691348,actress,5
nm2352909,tt9693686,actress,9
nm10556270,tt9694682,actress,5
nm11169939,tt9695156,actor,7
nm1126156,tt9695308,actress,1
nm4163224,tt9697340,actor,1
nm8017732,tt9697398,actress,3
nm0036237,tt9697774,actor,1
nm8454987,tt9697792,actor,3
nm9145616,tt9697792,actor,1
nm3483613,tt9698552,actor,8
nm2826608,tt9701230,actor,8
nm8170479,tt9701676,actress,9
nm9972652,tt9701676,actor,10
nm1102002,tt9702850,actor,3
nm1229757,tt9702850,actor,7
nm3874318,tt9703362,actor,5
nm0492352,tt9704488,actress,5
nm0281387,tt9707780,actor,10
nm10447364,tt9710558,actress,3
nm0419660,tt9711018,actress,8
nm5364548,tt9711868,actor,5
nm0477810,tt9714030,actress,5
nm10273397,tt9716782,actress,4
nm9101253,tt9716782,actress,3
nm10450007,tt9720440,actor,1
nm2823350,tt9720596,actor,6
nm2875236,tt9720596,actor,10
nm9519483,tt9721798,actor,5
nm0434595,tt9722898,actor,6
nm0865799,tt9722898,actor,2
nm1758556,tt9722952,actor,2
nm2086851,tt9723262,actress,4
nm10451508,tt9723328,actor,3
nm9844474,tt9724068,actor,3
nm2897658,tt9724492,actor,5
nm5454914,tt9724492,actor,6
nm10452817,tt9726146,actor,10
nm10452901,tt9726522,actor,3
nm9933532,tt9726796,actress,2
nm9024796,tt9727546,actor,3
nm10453748,tt9728816,actor,3
nm0590911,tt9728836,actor,8
nm0003482,tt9729768,actor,5
nm0025654,tt9729774,actor,3
nm10080077,tt9730866,actor,9
nm4147468,tt9730866,actor,10
nm2489612,tt9731048,actor,6
nm0000198,tt9731682,actor,1
nm1441852,tt9733150,actor,1
nm0147528,tt9733158,actress,10
nm10450799,tt9734692,actor,8
nm10515528,tt9734692,actor,4
nm3298464,tt9735470,actor,7
nm5485883,tt9735672,actor,10
nm2295590,tt9735758,actor,9
nm6484560,tt9735790,actress,10
nm9715037,tt9735976,actor,8
nm9932174,tt9735976,actor,9
nm6823241,tt9736978,actress,10
nm14214690,tt9737568,actor,6
nm0001004,tt9737876,actor,9
nm2794738,tt9738400,actress,4
nm0079890,tt9738784,actor,5
nm5345373,tt9738784,actor,9
nm10457993,tt9739410,actor,1
nm3641538,tt9740414,actress,5
nm2718017,tt9740730,actor,7
nm0524999,tt9740770,actor,6
nm2452384,tt9741310,actor,2
nm10723889,tt9741362,actor,8
nm7280310,tt9741362,actress,2
nm4143944,tt9741588,actor,7
nm10459376,tt9742122,actress,8
nm2119196,tt9742582,actor,6
nm1331316,tt9742628,actress,10
nm3117320,tt9746718,actress,7
nm0246582,tt9747160,actress,2
nm0616391,tt9747396,actor,3
nm9495449,tt9747894,actress,10
nm5959275,tt9749174,actress,7
nm0594638,tt9749604,actor,6
nm7095359,tt9750368,actor,9
nm3033831,tt9752158,actress,10
nm11159627,tt9752544,actress,6
nm8193718,tt9754442,actor,3
nm11698715,tt9755608,actor,4
nm0500618,tt9755680,actor,5
nm6642750,tt9755806,actor,6
nm0558593,tt9760590,actor,10
nm0620018,tt9763792,actor,1
nm10467931,tt9764180,actor,11
nm10467932,tt9764180,actor,7
nm15022703,tt9764958,actor,8
nm0145102,tt9765352,actress,3
nm10386331,tt9765352,actress,7
nm10468793,tt9765760,actress,2
nm0931898,tt9765840,actor,2
nm10468986,tt9765902,actor,7
nm9762528,tt9766528,actor,1
nm0286570,tt9770208,actor,4
nm4428594,tt9770208,actress,8
nm2983496,tt9777886,actress,8
nm7603308,tt9778348,actor,5
nm2244765,tt9783626,actor,5
nm3067755,tt9783722,actor,7
nm5106325,tt9784048,actor,10
nm10478326,tt9787468,actress,10
nm1030209,tt9788168,actor,5
nm7636001,tt9788706,actress,7
nm10266725,tt9789232,actress,11
nm4463035,tt9789346,actor,10
nm4864935,tt9789556,actor,9
nm9271840,tt9789556,actor,5
nm1368581,tt9789670,actor,7
nm7205423,tt9789670,actor,10
nm11370720,tt9790536,actor,3
nm12674557,tt9790808,actor,4
nm5898064,tt9792940,actor,6
nm1586095,tt9794412,actor,3
nm0004906,tt9794630,actor,5
nm1617168,tt9795264,actor,6
nm7494237,tt9795368,actor,3
nm8450324,tt9795686,actor,10
nm10483205,tt9797630,actor,5
nm10485401,tt9797920,actor,10
nm9345967,tt9797920,actor,1
nm6662510,tt9800034,actor,8
nm10484785,tt9800124,actor,5
nm10276297,tt9800694,actor,10
nm2099247,tt9801368,actress,5
nm2320409,tt9801368,actress,7
nm6686759,tt9803620,actor,6
nm0000377,tt9804272,actor,1
nm6566215,tt9804272,actor,7
nm1862760,tt9804534,actor,7
nm1960363,tt9805984,actor,10
nm7520461,tt9805996,actress,5
nm1147982,tt9806258,actress,1
nm1283231,tt9806300,actress,4
nm11065452,tt9806322,actor,10
nm10488755,tt9808838,actress,6
nm4712899,tt9809140,actress,3
nm0004645,tt9809230,actor,1
nm10491232,tt9812236,actor,1
nm11739580,tt9812530,actor,9
nm0741378,tt9814562,actress,2
nm10873385,tt9815616,actress,4
nm10760750,tt9816258,actor,4
nm2525754,tt9816636,actor,7
nm2753207,tt9816958,actor,6
nm2343617,tt9816988,actor,4
nm4731146,tt9817190,actor,13
nm3397660,tt9817674,actor,4
nm10494106,tt9818148,actress,9
nm10495005,tt9819664,actress,2
nm10496610,tt9823554,actor,10
nm10496618,tt9823554,actor,8
nm0927937,tt9823634,actor,4
nm4303311,tt9826484,actor,1
nm2806111,tt9828810,actor,6
nm10514928,tt9831136,actress,8
nm0002019,tt9832110,actor,4
nm0122834,tt9832110,actor,2
nm10903837,tt9832350,actress,3
nm1829277,tt9832954,actress,5
nm0097088,tt9833412,actor,4
nm5059239,tt9833412,actress,6
nm6630516,tt9834318,actor,1
nm5166245,tt9834446,actor,7
nm7316038,tt9834446,actress,3
nm6913129,tt9834736,actress,6
nm2662142,tt9837502,actress,9
nm0592882,tt9837752,actress,1
nm9614287,tt9838980,actress,3
nm2324209,tt9839038,actress,10
nm10569190,tt9843172,actress,5
nm10505335,tt9843632,actor,5
nm12799374,tt9844322,actor,1
nm0046541,tt9844368,actor,10
nm4003072,tt9844650,actor,2
nm1207895,tt9844944,actor,4
nm1092369,tt9849160,actor,9
nm0345695,tt9850050,actor,2
nm2343617,tt9850116,actor,4
nm4128696,tt9850564,actor,8
nm0008704,tt9851990,actor,2
nm17479599,tt9854782,actor,8
nm3806911,tt9855782,actor,7
nm1669854,tt9855832,actor,4
nm6122015,tt9855832,actor,6
nm1669753,tt9856606,actor,9
nm4985651,tt9856680,actor,6
nm0312647,tt9858950,actor,2
nm10513493,tt9859504,actress,5
nm0361407,tt9859574,actor,3
nm2929886,tt9861316,actor,7
nm2413221,tt9861522,actor,2
nm11364603,tt9865282,actress,7
nm11364604,tt9865282,actor,9
nm11364605,tt9865282,actress,4
nm11364607,tt9865282,actor,3
nm1227161,tt9865310,actor,1
nm5803981,tt9866072,actor,8
nm0126744,tt9866344,actor,4
nm5852449,tt9867628,actor,9
nm6697575,tt9867628,actress,8
nm0992109,tt9870726,actor,8
nm1475385,tt9871736,actress,2
nm10519172,tt9872038,actress,9
nm10519749,tt9874290,actor,10
nm6633565,tt9875128,actor,5
nm9927182,tt9875128,actress,10
nm9925907,tt9875452,actress,2
nm1165585,tt9876296,actress,2
nm7104317,tt9876298,actress,10
nm4543998,tt9880212,actress,9
nm1810152,tt9881488,actor,10
nm2188512,tt9881572,actor,7
nm3017331,tt9881586,actress,9
nm6662487,tt9881586,actress,5
nm0867145,tt9881852,actress,7
nm0594702,tt9883860,actor,7
nm10525919,tt9887290,actor,1
nm7410252,tt9887290,actor,10
nm10527333,tt9890870,actress,8
nm5795914,tt9892604,actress,2
nm7782387,tt9892604,actress,8
nm2134806,tt9893012,actor,1
nm11357366,tt9893084,actress,6
nm0926086,tt9893250,actor,6
nm0523592,tt9893878,actress,9
nm1252904,tt9893922,actor,5
nm1303080,tt9893922,actor,2
nm1559782,tt9894418,actor,8
nm0945354,tt9894486,actress,2
nm1649793,tt9894486,actor,9
nm1120593,tt9894660,actress,3
nm0295429,tt9894894,actor,4
nm0001166,tt9899344,actor,1
nm6105283,tt9899828,actor,9
nm10531363,tt9899972,actor,9
nm0462017,tt9900060,actor,2
nm2843482,tt9903920,actor,1
nm10532893,tt9903952,actor,1
nm2151197,tt9904820,actress,10
nm5782889,tt9906644,actor,7
nm4431474,tt9908960,actress,2
nm10535372,tt9909656,actor,8
nm2695609,tt9910502,actor,1
nm10536386,tt9911306,actress,2
nm11312572,tt9911750,actor,5
nm3392688,tt9915790,actor,8
nm7308376,tt9916190,actor,10
nm10264207,tt9292378,actor,5
nm10265121,tt9294426,actress,10
nm4542007,tt9296106,actor,1
nm10445111,tt9296214,actor,3
nm10657090,tt9296808,actor,4
nm10690469,tt9296808,actor,10
nm10692489,tt9296808,actor,9
nm9986065,tt9297172,actor,8
nm10266987,tt9298196,actress,4
nm8609805,tt9299590,actor,10
nm1455328,tt9301556,actor,10
nm1770376,tt9302912,actress,1
nm9850382,tt9302986,actress,1
nm0815677,tt9303508,actor,4
nm3143558,tt9303772,actor,1
nm10269164,tt9303968,actor,10
nm9993478,tt9303968,actor,8
nm9621862,tt9308170,actress,2
nm2948024,tt9308340,actress,3
nm2053085,tt9308382,actress,6
nm8807859,tt9309046,actor,8
nm10112473,tt9310280,actor,4
nm5467214,tt9310280,actor,5
nm6842634,tt9311062,actor,8
nm7720207,tt9311360,actor,6
nm5644630,tt9313816,actor,9
nm3131753,tt9315438,actor,1
nm10289291,tt9316710,actress,7
nm11410757,tt9316710,actress,4
nm8051912,tt9318230,actress,10
nm0031741,tt9318310,actor,8
nm3194537,tt9318772,actor,10
nm3021333,tt9319812,actor,6
nm2536215,tt9319840,actor,5
nm5615167,tt9319874,actress,3
nm11097122,tt9321408,actress,8
nm0746667,tt9324428,actor,7
nm10277051,tt9324774,actress,5
nm4843024,tt9327378,actress,4
nm8599195,tt9327540,actor,2
nm5218368,tt9327584,actor,2
nm8989780,tt9331932,actress,6
nm6411762,tt9332680,actor,4
nm10280981,tt9333202,actor,9
nm3999860,tt9334830,actress,6
nm0605299,tt9335444,actress,7
nm2380781,tt9335444,actress,5
nm6112124,tt9335620,actress,4
nm3905146,tt9336434,actress,2
nm10282595,tt9337038,actor,4
nm10282599,tt9337038,actor,10
nm10310859,tt9339958,actor,4
nm7282382,tt9341628,actor,9
nm10204537,tt9342250,actress,9
nm5444743,tt9342618,actor,8
nm1042980,tt9342622,actor,11
nm1044611,tt9342622,actor,3
nm4113475,tt9343062,actor,7
nm8174663,tt9343826,actress,9
nm5939078,tt9347474,actress,1
nm3651492,tt9347518,actress,2
nm10276556,tt9347530,actress,5
nm1277066,tt9348296,actress,9
nm10296873,tt9348566,actor,8
nm10296875,tt9348566,actress,4
nm0356448,tt9348720,actor,4
nm2450885,tt9348720,actor,1
nm11363689,tt9348848,actor,5
nm9867799,tt9348848,actor,6
nm8961397,tt9348908,actor,7
nm10288337,tt9349020,actor,1
nm10288342,tt9349020,actor,2
nm10288531,tt9349882,actress,4
nm0605299,tt9349928,actress,5
nm10288541,tt9349928,actress,4
nm10288736,tt9350746,actor,7
nm6753991,tt9350746,actress,4
nm2792296,tt9350934,actress,2
nm1513711,tt9351062,actor,7
nm1227864,tt9351598,actress,6
nm3887345,tt9351854,actress,2
nm7147009,tt9354432,actor,10
nm1905991,tt9355126,actress,2
nm15335261,tt9355162,actor,7
nm0158605,tt9355222,actor,9
nm0407002,tt9356708,actor,7
nm10293922,tt9358486,actor,8
nm10292986,tt9359204,actress,9
nm9432783,tt9359348,actor,10
nm3740979,tt9359754,actor,2
nm11112416,tt9359774,actor,3
nm0958108,tt9361292,actor,7
nm1056736,tt9362694,actor,10
nm7650817,tt9362930,actress,7
nm6153649,tt9364406,actress,8
nm2906029,tt9364684,actor,6
nm10295486,tt9364862,actor,6
nm11205880,tt9365762,actress,9
nm2386430,tt9365950,actor,6
nm9250215,tt9366716,actress,8
nm8185690,tt9366994,actress,9
nm1531455,tt9367136,actor,6
nm8799760,tt9367402,actor,6
nm1981794,tt9367850,actress,1
nm1922788,tt9372388,actress,4
nm13883407,tt9375730,actress,4
nm4855517,tt9376612,actor,1
nm5377144,tt9376612,actress,3
nm10300660,tt9377066,actress,2
nm9870543,tt9377066,actor,9
nm5193462,tt9378134,actress,2
nm8408274,tt9378320,actor,10
nm3429346,tt9378692,actor,6
nm9742718,tt9378826,actor,4
nm4454642,tt9378850,actor,4
nm0030135,tt9379404,actress,5
nm3103280,tt9379404,actor,1
nm3409676,tt9381682,actress,2
nm2432364,tt9382638,actor,3
nm10279925,tt9383572,actress,4
nm11142240,tt9383572,actor,5
nm11008791,tt9384516,actor,9
nm3548468,tt9384516,actor,1
nm1665855,tt9385130,actress,10
nm0441102,tt9385320,actor,9
nm6492899,tt9389584,actor,2
nm7241265,tt9389598,actor,9
nm10587168,tt9389802,actor,9
nm1426323,tt9390190,actress,8
nm15439491,tt9390218,actress,8
nm2694719,tt9392324,actor,7
nm0113508,tt9392374,actress,3
nm9577043,tt9394786,actress,5
nm8290316,tt9394826,actress,6
nm10662237,tt9396050,actor,8
nm10309316,tt9398222,actor,7
nm15009993,tt9398222,actor,2
nm0770462,tt9398640,actress,8
nm4156901,tt9398640,actress,4
nm2010689,tt9403944,actress,3
nm7970056,tt9403944,actor,9
nm0948185,tt9404442,actor,4
nm7140010,tt9405714,actress,10
nm3956825,tt9406926,actor,4
nm7927066,tt9407706,actor,6
nm10466029,tt9408282,actor,4
nm7004001,tt9408282,actor,5
nm0957193,tt9409660,actor,6
nm2539875,tt9411912,actress,5
nm0532160,tt9411972,actor,6
nm6170168,tt9411972,actor,3
nm10122060,tt9416094,actress,2
nm0033136,tt9416478,actor,2
nm2376212,tt9416478,actor,7
nm7467169,tt9416854,actor,8
nm12872449,tt9418812,actor,1
nm1051221,tt9419056,actress,4
nm10267905,tt9419752,actress,7
nm6403241,tt9419976,actor,4
nm10555860,tt9420024,actress,7
nm10318910,tt9420744,actress,10
nm11370123,tt9421570,actress,8
nm1688117,tt9422166,actor,5
nm2628347,tt9425078,actress,4
nm10089635,tt9430518,actor,6
nm13142702,tt9430578,actor,8
nm2089010,tt9431096,actor,6
nm10130200,tt9435162,actress,5
nm1029764,tt9436204,actor,9
nm6778905,tt9436682,actress,3
nm1416640,tt9436946,actor,3
nm1662075,tt9437224,actor,10
nm2362746,tt9437294,actress,10
nm2751064,tt9437294,actor,6
nm2418329,tt9437744,actor,5
nm0093294,tt9440520,actor,2
nm2683583,tt9440520,actor,4
nm3462599,tt9440660,actor,5
nm10328542,tt9441972,actor,10
nm1433658,tt9441972,actor,7
nm1794199,tt9442324,actor,1
nm7645455,tt9442324,actor,10
nm0028059,tt9442780,actor,9
nm2153780,tt9442890,actor,7
nm10857288,tt9447588,actor,6
nm6603449,tt9447676,actress,12
nm3154399,tt9448332,actor,4
nm10842583,tt9448340,actor,8
nm6470644,tt9448656,actor,4
nm2446184,tt9448686,actor,7
nm10331653,tt9448688,actor,4
nm2147526,tt9448946,actor,3
nm6447403,tt9451848,actress,11
nm10446094,tt9452304,actress,9
nm10333197,tt9453278,actor,10
nm10333359,tt9453616,actor,4
nm10204687,tt9454646,actress,9
nm4938456,tt9454646,actress,7
nm10294915,tt9454740,actor,1
nm0294321,tt9455028,actress,3
nm11168484,tt9455028,actor,8
nm0538717,tt9455468,actor,6
nm10334425,tt9455528,actor,8
nm7967336,tt9458110,actor,9
nm0299192,tt9459988,actor,1
nm1333017,tt9460808,actress,1
nm3272130,tt9460808,actress,4
nm10337614,tt9461484,actor,10
nm10337628,tt9461492,actor,7
nm9661819,tt9461496,actress,2
nm0222460,tt9462066,actress,7
nm10337831,tt9462066,actor,4
nm10338884,tt9465024,actor,5
nm12081853,tt9465024,actress,10
nm0055185,tt9465624,actor,9
nm1242253,tt9468378,actress,9
nm9767414,tt9468644,actor,10
nm0186883,tt9471378,actor,6
nm1252668,tt9471424,actor,5
nm9914612,tt9471502,actress,9
nm1052408,tt9471952,actress,5
nm6247294,tt9472334,actor,9
nm1486831,tt9472532,actor,6
nm8022840,tt9472658,actor,5
nm11982834,tt9474340,actor,3
nm3750462,tt9476068,actor,6
nm10344013,tt9476372,actor,7
nm7820251,tt9476372,actor,6
nm10344249,tt9477056,actress,10
nm10344254,tt9477056,actress,3
nm10344378,tt9477178,actor,9
nm9061367,tt9479454,actor,7
nm4803560,tt9479806,actor,3
nm0031590,tt9480692,actor,1
nm10345836,tt9481776,actor,3
nm9580241,tt9482230,actress,10
nm10691848,tt9482402,actor,4
nm9562694,tt9482402,actor,10
nm1676221,tt9484998,actor,1
nm6811804,tt9485064,actress,6
nm12088102,tt9485592,actress,3
nm10348166,tt9485772,actress,5
nm1531116,tt9487594,actor,2
nm10349386,tt9488378,actress,3
nm10349597,tt9489714,actor,8
nm0115711,tt9489944,actor,9
nm10582656,tt9490508,actress,4
nm5810585,tt9490990,actress,9
nm0030022,tt9491292,actor,3
nm10350752,tt9491338,actor,10
nm3869087,tt9492214,actor,6
nm9458885,tt9493708,actress,4
nm9117677,tt9494300,actor,8
nm6582625,tt9495044,actor,1
nm5987639,tt9496420,actor,1
nm6728149,tt9497146,actor,4
nm10353279,tt9499850,actor,9
nm6229730,tt9501678,actor,6
nm10354665,tt9501950,actor,8
nm1716855,tt9502538,actor,7
nm3339194,tt9502538,actress,10
nm1840480,tt9506678,actress,8
nm10358006,tt9511256,actor,9
nm14445837,tt9511468,actor,5
nm2347196,tt9514690,actor,3
nm1473114,tt9515298,actor,5
nm4393029,tt9515298,actress,7
nm7249375,tt9517188,actor,3
nm7577471,tt9517348,actor,8
nm1798739,tt9517374,actor,10
nm2995677,tt9517374,actor,9
nm0457954,tt9519034,actor,8
nm3435229,tt9519642,actress,3
nm2680269,tt9520084,actor,8
nm6920210,tt9523112,actress,4
nm10364589,tt9525682,actress,3
nm11586297,tt9525958,actress,7
nm1210999,tt9525958,actress,10
nm5978967,tt9525958,actor,1
nm4987686,tt9526152,actress,4
nm5659567,tt9526760,actress,5
nm6213877,tt9526826,actress,6
nm3341538,tt9528890,actor,7
nm8940348,tt9529640,actress,3
nm10366903,tt9530954,actor,7
nm10366905,tt9530954,actress,9
nm0322963,tt9531538,actress,6
nm1122912,tt9531772,actor,11
nm9412101,tt9531776,actor,2
nm6490725,tt9533342,actor,2
nm4248782,tt9533434,actress,5
nm0001803,tt9534808,actor,6
nm0149846,tt9537068,actress,5
nm2570245,tt9537082,actress,2
nm10392020,tt9537148,actress,6
nm6684097,tt9537316,actor,10
nm5903106,tt9541602,actor,9
nm10894111,tt9542460,actor,2
nm1406650,tt9547318,actor,6
nm4457317,tt9551760,actor,3
nm0634349,tt9551936,actor,8
nm4350996,tt9552162,actor,2
nm0361665,tt9552352,actress,7
nm0158207,tt9552452,actor,7
nm1644112,tt9552452,actor,4
nm2827694,tt9553136,actress,9
nm15626054,tt9554316,actor,8
nm11075323,tt9554692,actor,10
nm10377639,tt9554958,actress,4
nm11585403,tt9554958,actor,10
nm9107973,tt9555284,actor,4
nm3503246,tt9556198,actor,4
nm5209540,tt9557034,actor,8
nm3073428,tt9557296,actor,7
nm8682490,tt9557332,actor,2
nm10379067,tt9557672,actor,10
nm13961995,tt9558604,actor,2
nm4942285,tt9561388,actress,4
nm2812453,tt9562978,actor,3
nm10381408,tt9563348,actor,10
nm10381420,tt9563348,actor,3
nm13071294,tt9563632,actress,7
nm0906723,tt9564364,actress,2
nm0949107,tt9564364,actress,4
nm1530182,tt9564364,actor,8
nm10673994,tt9565196,actress,2
nm4231059,tt9566084,actress,1
nm10383082,tt9567472,actress,3
nm8995244,tt9567472,actor,1
nm4680353,tt9568074,actor,7
nm1235659,tt9568168,actress,9
nm5654296,tt9568318,actor,9
nm0714235,tt9568486,actor,2
nm4817771,tt9569104,actor,9
nm1011131,tt9569512,actor,7
nm10385399,tt9571090,actor,8
nm0337422,tt9571216,actor,7
nm1260545,tt9571216,actor,6
nm0593043,tt9571542,actress,3
nm1832677,tt9572006,actor,2
nm6940200,tt9572626,actress,9
nm10919941,tt9573068,actress,4
nm11062619,tt9573068,actress,8
nm0952104,tt9573138,actor,8
nm8802637,tt9573686,actor,3
nm1840057,tt9574444,actor,9
nm5008678,tt9574846,actor,6
nm0847651,tt9575164,actor,10
nm1187057,tt9575164,actor,9
nm3444369,tt9575206,actress,5
nm1276263,tt9575388,actor,6
nm10258845,tt9575498,actor,9
nm0521808,tt9578462,actor,2
nm0757324,tt9578952,actor,10
nm4944654,tt9580036,actress,10
nm10392806,tt9581258,actor,7
nm7840514,tt9581840,actor,4
nm0293724,tt9582810,actor,1
nm10398707,tt9582810,actress,6
nm8505639,tt9583840,actress,1
nm6892993,tt9584128,actress,4
nm5809739,tt9584830,actor,7
nm5451410,tt9585676,actor,5
nm5505687,tt9586670,actor,8
nm1671208,tt9590592,actress,7
nm6186854,tt9592496,actress,9
nm0069994,tt9592892,actor,3
nm10395997,tt9592892,actor,4
nm11163702,tt9597404,actress,10
nm3324982,tt9598214,actor,7
nm0699092,tt9600274,actor,4
nm4007865,tt9601292,actor,5
nm6728658,tt9602258,actress,6
nm12231890,tt9602804,actress,10
nm3821782,tt9603060,actress,5
nm1211326,tt9603090,actor,10
nm9488163,tt9603090,actor,5
nm0670408,tt9603212,actor,4
nm1281490,tt9603330,actress,9
nm0005541,tt9606374,actor,3
nm10103635,tt9612136,actor,7
nm0222143,tt9612164,actor,4
nm11078918,tt9612164,actress,3
nm10553995,tt9613316,actress,7
nm11638988,tt9614414,actor,3
nm10565764,tt9614452,actor,4
nm2590318,tt9614772,actor,1
nm10406690,tt9614936,actress,5
nm3575605,tt9614936,actor,3
nm8589214,tt9614994,actor,8
nm2255965,tt9616290,actor,2
nm3200988,tt9616786,actress,4
nm0614885,tt9618458,actor,9
nm0465532,tt9618478,actor,8
nm2567388,tt9619402,actress,6
nm10408835,tt9619578,actor,8
nm4732302,tt9619984,actor,1
nm2912067,tt9620986,actor,1
nm2312662,tt9621284,actress,9
nm0620651,tt9622380,actress,5
nm0847628,tt9622380,actor,7
nm11682655,tt9622618,actor,10
nm4995535,tt9622618,actor,1
nm0945544,tt9622950,actress,2
nm12083011,tt9624766,actress,4
nm0668241,tt9625298,actor,3
nm3228320,tt9625632,actor,1
nm1476806,tt9625664,actor,7
nm10257212,tt9625986,actor,8
nm0471459,tt9626392,actor,6
nm0051784,tt9626764,actor,6
nm1852064,tt9626928,actress,10
nm6980314,tt9628392,actor,7
nm4350327,tt9630832,actress,4
nm0284715,tt9632068,actor,1
nm0348014,tt9632182,actress,11
nm1111966,tt9633264,actress,8
nm6873101,tt9633612,actor,2
nm8995905,tt9636256,actor,4
nm10464031,tt9637132,actress,5
nm9357202,tt9641092,actor,4
nm10428898,tt9641602,actress,6
nm8178775,tt9641602,actor,1
nm10419375,tt9643832,actor,2
nm0881545,tt9644250,actress,3
nm0972851,tt9645476,actor,2
nm10005847,tt9645476,actor,10
nm7019105,tt9645476,actor,8
nm0441526,tt9646136,actor,3
nm0837475,tt9646624,actor,8
nm10827610,tt9647022,actor,1
nm1246724,tt9647022,actress,10
nm2946751,tt9647178,actor,5
nm3637974,tt9647642,actor,9
nm14245592,tt9647768,actor,10
nm5404830,tt9647776,actor,3
nm9460103,tt9647880,actress,2
nm10428103,tt9648382,actor,6
nm11826305,tt9648598,actress,7
nm2299539,tt9648952,actress,3
nm8967868,tt9648952,actress,1
nm0441526,tt9649974,actor,1
nm0881545,tt9649974,actress,3
nm10959264,tt9652550,actor,8
nm0715693,tt9652730,actress,6
nm10052966,tt9653960,actor,8
nm6071546,tt9653960,actor,6
nm0000410,tt9657382,actor,7
nm0115415,tt9657382,actress,2
nm0594062,tt9657840,actor,8
nm10425802,tt9657946,actress,8
nm4711349,tt9658288,actress,4
nm1352900,tt9658388,actress,1
nm2475285,tt9662722,actor,5
nm0619227,tt9663146,actor,9
nm1720028,tt9663764,actress,4
nm1782153,tt9663896,actor,10
nm6134388,tt9664948,actress,3
nm10429837,tt9667988,actor,7
nm7106489,tt9668280,actor,6
nm10797159,tt9668556,actor,4
nm3376846,tt9670278,actress,9
nm10430744,tt9670284,actor,2
nm10693363,tt9670284,actor,10
nm10431284,tt9671188,actress,7
nm2040571,tt9675274,actor,6
nm0003116,tt9676102,actor,4
nm3753408,tt9676940,actor,3
nm3838468,tt9676940,actor,6
nm10537844,tt9678162,actor,1
nm10438437,tt9678460,actor,8
nm10434852,tt9678750,actress,1
nm10437917,tt9679806,actress,8
nm10437933,tt9679806,actress,2
nm8192103,tt9680076,actor,10
nm2547466,tt9680090,actor,7
nm9783509,tt9680092,actress,3
nm14713743,tt9680174,actress,9
nm10436242,tt9680256,actor,10
nm7249955,tt9680512,actress,3
nm3221873,tt9681250,actor,11
nm10437291,tt9683836,actress,2
nm10437294,tt9683854,actor,1
nm3602259,tt9685342,actor,12
nm8658956,tt9685652,actor,10
nm2673648,tt9685828,actor,9
nm9513105,tt9685948,actor,10
nm2806111,tt9685996,actor,6
nm0451600,tt9688874,actor,2
nm0621937,tt9688874,actor,6
nm2985692,tt9689922,actress,5
nm1253955,tt9690184,actor,8
nm7370336,tt9690776,actor,8
nm1966660,tt9693686,actor,10
nm4148480,tt9695404,actor,9
nm10414472,tt9697398,actor,10
nm4548743,tt9699620,actor,1
nm10451613,tt9701082,actress,6
nm7291329,tt9702850,actress,1
nm0451864,tt9703070,actor,8
nm0718647,tt9707580,actor,9
nm0135047,tt9707780,actor,3
nm4005399,tt9711018,actor,4
nm9450477,tt9711018,actress,3
nm11418610,tt9712136,actress,9
nm3103495,tt9716084,actor,1
nm3482371,tt9716084,actor,9
nm2063406,tt9716782,actress,9
nm2187703,tt9717498,actress,5
nm3696353,tt9719452,actress,1
nm11351308,tt9719864,actress,8
nm2146987,tt9720690,actress,5
nm0846687,tt9722418,actor,1
nm1021126,tt9722984,actor,1
nm10484852,tt9723240,actor,1
nm8263622,tt9723262,actor,8
nm10077810,tt9726796,actor,1
nm3217785,tt9729206,actor,5
nm11958700,tt9729774,actor,7
nm9382865,tt9730744,actor,7
nm1722598,tt9730822,actor,1
nm7336169,tt9730822,actress,2
nm2862095,tt9731442,actor,1
nm7065701,tt9733036,actor,1
nm2319859,tt9733060,actress,4
nm1922254,tt9733362,actor,5
nm0484763,tt9734342,actress,10
nm1543800,tt9735672,actor,8
nm10032398,tt9736288,actress,6
nm10456639,tt9736288,actress,2
nm10456642,tt9736288,actor,5
nm0381761,tt9736774,actor,6
nm10457000,tt9736978,actor,9
nm9251060,tt9737688,actor,4
nm5484722,tt9737876,actress,7
nm10467492,tt9738302,actress,9
nm0951304,tt9738436,actor,6
nm10457991,tt9739410,actor,6
nm10458157,tt9740064,actress,9
nm1432578,tt9740730,actor,8
nm1818216,tt9741442,actor,1
nm9430747,tt9741442,actor,10
nm0756820,tt9742588,actress,4
nm1901120,tt9747338,actress,2
nm10461999,tt9747396,actor,5
nm1501881,tt9747622,actor,10
nm8738069,tt9747894,actor,7
nm10461345,tt9748042,actor,3
nm1683343,tt9750288,actress,8
nm3270142,tt9750368,actor,8
nm4551885,tt9752488,actress,7
nm3354025,tt9755024,actress,11
nm3889365,tt9759754,actor,5
nm9867673,tt9760426,actor,9
nm10269274,tt9760590,actor,3
nm10710352,tt9763402,actor,10
nm10655174,tt9764272,actor,10
nm0875356,tt9764556,actor,2
nm0256707,tt9764634,actress,1
nm7441315,tt9765144,actress,4
nm3376453,tt9765226,actor,4
nm12319971,tt9765604,actor,10
nm10468792,tt9765760,actress,8
nm10468982,tt9765902,actor,3
nm2671390,tt9765968,actor,2
nm6421778,tt9766280,actor,6
nm8500591,tt9767390,actress,10
nm18573214,tt9770208,actress,5
nm16030944,tt9773244,actor,10
nm0051765,tt9774568,actor,6
nm0848426,tt9774568,actress,2
nm10472976,tt9775932,actor,5
nm3236159,tt9777644,actor,7
nm3931538,tt9777666,actor,5
nm1023932,tt9777766,actor,1
nm10802349,tt9777820,actor,4
nm10474522,tt9777882,actor,5
nm11298966,tt9778348,actor,6
nm8076281,tt9778348,actress,3
nm0944296,tt9778622,actor,3
nm0212534,tt9779380,actress,9
nm11121192,tt9779380,actress,10
nm6783407,tt9779658,actress,6
nm3448542,tt9779804,actor,4
nm7126666,tt9780140,actress,2
nm0810619,tt9783600,actress,3
nm10710511,tt9783600,actress,10
nm7399799,tt9783600,actor,6
nm10476626,tt9783626,actor,2
nm10476634,tt9783626,actor,3
nm4245678,tt9783698,actress,3
nm11212832,tt9784518,actor,5
nm0622406,tt9784638,actress,4
nm0991942,tt9787140,actor,8
nm0999317,tt9788168,actress,9
nm11043146,tt9788418,actress,9
nm0924154,tt9789042,actor,2
nm2731980,tt9789042,actress,5
nm10479460,tt9789180,actor,10
nm10483765,tt9789180,actress,3
nm3603159,tt9789556,actor,1
nm3742747,tt9789556,actress,4
nm12674561,tt9790808,actress,8
nm0000574,tt9794630,actor,3
nm11419366,tt9795368,actor,1
nm1345839,tt9795552,actress,4
nm10482677,tt9795686,actress,8
nm0003632,tt9796718,actress,3
nm1218915,tt9797920,actress,2
nm10543180,tt9799992,actress,10
nm0798473,tt9800356,actor,1
nm10485140,tt9800694,actor,9
nm1204891,tt9800752,actor,4
nm2098884,tt9801368,actress,4
nm8759834,tt9802538,actor,3
nm0000642,tt9803316,actress,7
nm0490466,tt9803614,actor,6
nm3349081,tt9803724,actor,6
nm0766316,tt9804110,actor,1
nm1627809,tt9804110,actor,8
nm0879989,tt9804296,actor,9
nm1000331,tt9804296,actress,4
nm12931715,tt9805110,actor,8
nm1414289,tt9805350,actor,1
nm2562850,tt9805610,actress,3
nm5417081,tt9808842,actor,6
nm6199057,tt9809230,actress,5
nm0227282,tt9811300,actor,8
nm9757880,tt9811528,actor,3
nm0298007,tt9812884,actor,4
nm0406737,tt9812884,actor,1
nm2948970,tt9814730,actor,3
nm7161690,tt9815010,actor,2
nm10492245,tt9815280,actress,9
nm10492247,tt9815280,actress,5
nm0002111,tt9815554,actress,1
nm5620807,tt9816396,actress,5
nm8401263,tt9816550,actor,10
nm2126840,tt9816988,actor,9
nm7970056,tt9817018,actor,7
nm0419660,tt9817466,actress,5
nm9664955,tt9817674,actress,7
nm4998550,tt9818000,actor,10
nm1053380,tt9820556,actor,9
nm1717428,tt9821108,actor,8
nm10569204,tt9822864,actor,4
nm10496609,tt9823554,actor,1
nm4167503,tt9823562,actor,8
nm10496837,tt9824016,actor,1
nm10496840,tt9824016,actor,7
nm10830027,tt9826668,actor,8
nm12798893,tt9827352,actor,9
nm11959712,tt9828344,actor,8
nm8359418,tt9830862,actress,8
nm12475733,tt9832350,actress,10
nm1160730,tt9833860,actress,10
nm0851071,tt9834112,actor,7
nm0500618,tt9834318,actor,10
nm8789058,tt9834736,actor,3
nm5270569,tt9837502,actress,2
nm0156495,tt9838372,actor,9
nm0945544,tt9838752,actress,2
nm2216089,tt9838780,actor,7
nm3636597,tt9840806,actor,4
nm10695654,tt9842404,actor,7
nm1254154,tt9843632,actress,2
nm0004380,tt9844322,actor,7
nm8367803,tt9844522,actor,8
nm0314980,tt9845564,actor,4
nm8139148,tt9847844,actor,3
nm7616435,tt9848452,actor,8
nm0229585,tt9848668,actress,9
nm0570364,tt9849004,actor,2
nm2766068,tt9849644,actress,6
nm1335996,tt9850050,actress,1
nm2097751,tt9850564,actress,7
nm0695177,tt9851854,actor,2
nm1078628,tt9854706,actress,1
nm10511483,tt9855210,actor,8
nm2192551,tt9855782,actress,1
nm8986515,tt9855990,actress,10
nm2957008,tt9856080,actor,7
nm0879971,tt9856128,actor,9
nm3582612,tt9856680,actress,10
nm11910231,tt9856710,actor,10
nm4429739,tt9860350,actress,3
nm0180336,tt9863566,actor,5
nm5517890,tt9865010,actor,4
nm10516256,tt9865492,actor,8
nm2110485,tt9866072,actor,7
nm3385467,tt9866208,actor,2
nm10516613,tt9866394,actor,6
nm10520687,tt9869994,actress,1
nm7939035,tt9870726,actress,2
nm0004937,tt9873892,actor,2
nm7139083,tt9873930,actress,5
nm1286565,tt9876296,actor,3
nm10521134,tt9876994,actress,3
nm10521137,tt9876994,actor,6
nm0992104,tt9878246,actor,6
nm3176630,tt9878414,actor,5
nm7044552,tt9880212,actor,7
nm1164183,tt9880982,actor,5
nm1448869,tt9880982,actress,3
nm3067755,tt9881312,actor,8
nm0008014,tt9881330,actor,10
nm5558344,tt9881330,actor,9
nm10556900,tt9881488,actor,7
nm7813024,tt9881616,actress,9
nm0645207,tt9881974,actor,2
nm5840062,tt9884388,actress,3
nm6921373,tt9887130,actor,3
nm6779623,tt9887520,actress,2
nm5120084,tt9890052,actor,8
nm10608807,tt9890308,actor,6
nm11484891,tt9890308,actor,10
nm10737964,tt9890326,actor,7
nm9342181,tt9892094,actor,4
nm1298458,tt9893160,actor,4
nm0090085,tt9893878,actress,2
nm9454245,tt9894660,actor,7
nm18626633,tt9897744,actor,2
nm10531235,tt9899716,actor,1
nm2116766,tt9899840,actress,3
nm1252616,tt9899860,actor,6
nm0865806,tt9899938,actor,10
nm10531357,tt9899972,actress,3
nm10533869,tt9900180,actor,5
nm2509198,tt9900354,actress,7
nm7491912,tt9900388,actor,3
nm1742457,tt9900390,actor,9
nm2983290,tt9900570,actor,1
nm4834207,tt9900688,actor,4
nm11885716,tt9901532,actor,4
nm0474609,tt9903716,actor,3
nm4692354,tt9904648,actor,8
nm6016644,tt9904648,actor,10
nm0424819,tt9904802,actor,4
nm0200702,tt9908390,actor,1
nm1081573,tt9908390,actor,2
nm4518065,tt9908636,actress,9
nm0119870,tt9911196,actor,10
nm0073426,tt9911750,actor,1
nm0481336,tt9913872,actor,4
nm10536936,tt9913936,actor,3
nm5464699,tt9916190,actor,5
nm9428255,tt9916270,actress,4
nm3369416,tt9916538,actress,9
nm4944598,tt9293926,actress,5
nm9838275,tt9296106,actor,9
nm10265579,tt9296214,actor,4
nm10267133,tt9298624,actress,1
nm10274120,tt9299590,actress,9
nm1166167,tt9301428,actress,7
nm4977507,tt9303658,actor,3
nm0039906,tt9303696,actress,4
nm1109153,tt9303772,actress,3
nm4511069,tt9303782,actor,7
nm3529685,tt9308022,actor,5
nm8158779,tt9308022,actress,7
nm8557211,tt9308390,actor,3
nm10270626,tt9309408,actress,7
nm11034928,tt9309568,actor,8
nm1985962,tt9309774,actor,3
nm9838175,tt9309968,actress,5
nm10271430,tt9310544,actor,7
nm3485230,tt9310544,actor,10
nm2615398,tt9311062,actor,1
nm1428724,tt9311360,actor,4
nm3865073,tt9313004,actor,4
nm0621176,tt9313424,actor,6
nm10273978,tt9314862,actor,7
nm0329210,tt9314984,actor,8
nm8185152,tt9315574,actress,2
nm2515334,tt9315672,actor,8
nm13656295,tt9319878,actress,8
nm5497685,tt9319882,actor,6
nm3575147,tt9319890,actress,7
nm0710161,tt9320226,actress,9
nm11097120,tt9321408,actress,4
nm0430803,tt9322350,actor,3
nm8054857,tt9323784,actor,10
nm7698518,tt9324428,actor,3
nm0225777,tt9326772,actor,10
nm10278262,tt9327782,actor,4
nm8144014,tt9327782,actress,7
nm0116670,tt9328726,actor,6
nm1007581,tt9330112,actor,7
nm9048430,tt9330400,actress,4
nm2813164,tt9330648,actress,8
nm0547523,tt9331322,actress,5
nm8208671,tt9331322,actor,10
nm0735467,tt9331550,actor,7
nm16499469,tt9331776,actress,7
nm6319462,tt9332664,actor,10
nm8547541,tt9332680,actor,9
nm10280979,tt9333202,actor,3
nm5662522,tt9333358,actor,8
nm13812748,tt9334830,actor,3
nm1794876,tt9335210,actor,10
nm5277259,tt9336300,actor,5
nm3780338,tt9336434,actress,4
nm2511502,tt9337248,actress,3
nm10283617,tt9339796,actress,6
nm10136189,tt9339936,actor,10
nm10284014,tt9340486,actress,3
nm2269827,tt9340700,actor,10
nm0000126,tt9340860,actor,2
nm3344179,tt9341628,actor,2
nm10591628,tt9341668,actor,2
nm3524360,tt9341668,actor,1
nm7327824,tt9342356,actress,6
nm0729296,tt9342618,actor,10
nm13983298,tt9342618,actor,5
nm9950402,tt9343758,actor,4
nm2382533,tt9343780,actor,4
nm3413454,tt9343826,actor,6
nm8073026,tt9347530,actress,7
nm6947740,tt9348566,actress,1
nm9570790,tt9348578,actress,1
nm8340687,tt9349056,actor,7
nm18243817,tt9349882,actor,1
nm2387197,tt9349928,actor,7
nm10288728,tt9350746,actor,5
nm0536866,tt9350934,actor,8
nm5781475,tt9352210,actor,3
nm3127456,tt9352262,actor,2
nm0671721,tt9352926,actor,4
nm4254593,tt9354432,actor,1
nm10290435,tt9354438,actor,9
nm8389112,tt9354450,actress,4
nm9881756,tt9354944,actor,10
nm0451387,tt9355126,actress,1
nm1473166,tt9355162,actor,9
nm4347467,tt9355200,actor,5
nm0082848,tt9356708,actress,3
nm0168244,tt9356952,actress,9
nm10292046,tt9357782,actor,1
nm7300537,tt9358088,actress,10
nm0145951,tt9358106,actor,3
nm7727350,tt9358422,actor,10
nm9327558,tt9358422,actress,3
nm1784355,tt9359224,actor,8
nm2516110,tt9359224,actor,5
nm0896071,tt9359344,actress,6
nm10293527,tt9359942,actor,9
nm7108952,tt9361322,actor,3
nm8574940,tt9361322,actor,7
nm17694324,tt9362736,actor,6
nm3847554,tt9364276,actor,4
nm8958846,tt9364382,actor,9
nm6870283,tt9364684,actress,2
nm5181684,tt9364862,actor,7
nm2612382,tt9365800,actress,7
nm0423143,tt9368006,actor,8
nm0295651,tt9368384,actor,1
nm0511576,tt9369268,actress,7
nm3303293,tt9369410,actor,9
nm10297056,tt9369990,actor,8
nm10619763,tt9371344,actress,9
nm13888569,tt9371598,actor,8
nm3214170,tt9372172,actor,7
nm1084879,tt9373894,actor,7
nm8977785,tt9373894,actor,3
nm1027842,tt9375730,actress,3
nm7833427,tt9376118,actor,10
nm5268152,tt9377066,actor,3
nm8814704,tt9379072,actor,6
nm10301996,tt9379404,actor,4
nm10303426,tt9381742,actor,7
nm10303752,tt9383554,actor,2
nm1426536,tt9384126,actor,3
nm2360187,tt9385320,actor,5
nm10305719,tt9389132,actor,8
nm9942955,tt9389562,actress,6
nm8752948,tt9389584,actor,4
nm14011692,tt9389916,actor,7
nm10308212,tt9390058,actor,6
nm6387801,tt9390058,actress,5
nm8862370,tt9390194,actress,2
nm9449730,tt9390202,actor,3
nm1259084,tt9390218,actor,4
nm4432851,tt9390240,actor,3
nm10877610,tt9392082,actor,1
nm8407826,tt9392324,actor,8
nm1039977,tt9392374,actor,6
nm10307265,tt9392532,actress,7
nm9867670,tt9396050,actor,3
nm8850253,tt9396112,actress,7
nm0406718,tt9397742,actress,1
nm1522315,tt9399712,actor,9
nm0439312,tt9403928,actress,6
nm11221117,tt9404258,actress,8
nm9142675,tt9405714,actress,8
nm5135200,tt9406926,actor,10
nm1111953,tt9407156,actress,10
nm9974122,tt9410034,actress,7
nm8509768,tt9412202,actor,3
nm1739904,tt9412514,actor,1
nm5233402,tt9413114,actor,7
nm4027445,tt9414024,actor,2
nm7986140,tt9414684,actress,4
nm7912847,tt9415108,actor,2
nm0462042,tt9417730,actor,10
nm1625220,tt9418878,actor,10
nm0382602,tt9419834,actor,8
nm10251277,tt9420024,actress,8
nm4971605,tt9420024,actor,1
nm0157374,tt9420344,actress,6
nm0684500,tt9421200,actor,4
nm11859109,tt9421200,actor,8
nm8810060,tt9425650,actor,5
nm13874707,tt9426186,actor,10
nm10322370,tt9428050,actress,3
nm10680092,tt9429444,actress,4
nm0999515,tt9429914,actor,9
nm0001461,tt9431080,actress,5
nm1731624,tt9431080,actor,2
nm6218754,tt9431520,actress,3
nm1662075,tt9433064,actor,9
nm10324812,tt9433466,actress,2
nm1868654,tt9434968,actress,2
nm0612117,tt9436204,actress,5
nm3130490,tt9436636,actress,3
nm4580166,tt9437360,actress,2
nm2366585,tt9437744,actor,2
nm2689197,tt9440660,actress,3
nm5402278,tt9440738,actress,3
nm5917283,tt9441978,actor,5
nm8520694,tt9442978,actor,10
nm3146043,tt9443316,actor,10
nm0767954,tt9445256,actress,8
nm2668679,tt9445256,actor,10
nm2779825,tt9445306,actor,6
nm10330747,tt9447444,actor,7
nm11614717,tt9447588,actor,5
nm2316240,tt9447676,actor,11
nm8223791,tt9448362,actress,9
nm12097324,tt9451096,actor,6
nm10442620,tt9452520,actress,6
nm1698741,tt9452878,actor,3
nm10333193,tt9453278,actor,4
nm7240271,tt9454740,actor,2
nm9680896,tt9454756,actor,3
nm8273597,tt9455100,actor,9
nm10334611,tt9457036,actor,3
nm10334614,tt9457036,actor,10
nm4724525,tt9458110,actor,1
nm1951216,tt9460386,actor,10
nm4216405,tt9460472,actor,5
nm6923452,tt9461484,actor,1
nm4821030,tt9462944,actor,9
nm0285071,tt9463434,actor,5
nm14170032,tt9465024,actress,2
nm3626959,tt9465024,actor,1
nm7987556,tt9466032,actor,6
nm0559487,tt9466096,actor,5
nm10339429,tt9466132,actor,9
nm9577747,tt9466132,actress,8
nm0000680,tt9466498,actor,6
nm0434263,tt9466644,actor,5
nm2462840,tt9468378,actor,10
nm6981289,tt9468378,actor,7
nm12239799,tt9470296,actor,5
nm10597984,tt9471660,actor,9
nm5034016,tt9471816,actor,5
nm5742112,tt9471988,actor,5
nm5640720,tt9472658,actor,9
nm10584285,tt9474614,actor,5
nm12758756,tt9477132,actor,6
nm11196402,tt9479454,actor,6
nm5567368,tt9485392,actor,10
nm1069583,tt9485772,actor,6
nm9393405,tt9486076,actor,5
nm6952948,tt9486594,actor,1
nm5924413,tt9487526,actor,3
nm0203069,tt9487802,actress,3
nm6316977,tt9488378,actor,1
nm10349599,tt9489714,actor,10
nm8759776,tt9489944,actress,10
nm10646606,tt9490414,actress,8
nm2551500,tt9490456,actor,8
nm0457590,tt9490990,actor,10
nm0198941,tt9491292,actor,7
nm1137883,tt9493038,actor,1
nm4463157,tt9494300,actress,7
nm0437849,tt9495080,actor,6
nm2732805,tt9495080,actress,9
nm1664541,tt9495690,actor,10
nm10360651,tt9496420,actor,4
nm0944464,tt9496860,actor,1
nm0558219,tt9496866,actress,2
nm1330681,tt9499932,actor,4
nm0387987,tt9500346,actor,1
nm1272031,tt9501234,actor,8
nm0370677,tt9501310,actress,3
nm2212823,tt9501678,actress,1
nm3196782,tt9501950,actor,3
nm9329305,tt9503722,actress,10
nm4224918,tt9503782,actor,3
nm10355433,tt9504976,actress,8
nm0383026,tt9505212,actress,10
nm10355899,tt9505874,actor,2
nm10357999,tt9511256,actress,2
nm10358005,tt9511256,actor,8
nm3533230,tt9512188,actor,9
nm10359217,tt9514882,actress,4
nm7260615,tt9515732,actress,6
nm0577741,tt9516312,actor,2
nm2359179,tt9517374,actor,2
nm1514686,tt9522000,actor,3
nm2439913,tt9522946,actor,3
nm10364392,tt9525352,actor,7
nm10364609,tt9525708,actress,9
nm3762007,tt9525878,actress,5
nm0001577,tt9526044,actress,9
nm10364893,tt9526090,actor,3
nm2977461,tt9526152,actress,6
nm5667822,tt9526152,actress,2
nm9682010,tt9526154,actor,9
nm0161607,tt9526784,actor,8
nm1284928,tt9526822,actor,7
nm11066392,tt9526826,actress,3
nm0183904,tt9529556,actor,5
nm1399111,tt9529740,actress,4
nm8674786,tt9530954,actress,3
nm0155164,tt9531138,actor,5
nm3233235,tt9531776,actress,4
nm10372348,tt9533434,actor,11
nm10286273,tt9535160,actress,9
nm8510226,tt9535950,actress,2
nm4526647,tt9536636,actor,1
nm10369438,tt9536810,actor,6
nm11669773,tt9536810,actress,10
nm10392019,tt9537148,actor,9
nm10392036,tt9537148,actor,10
nm10337006,tt9537246,actress,5
nm3762697,tt9537346,actress,5
nm11473397,tt9537888,actress,1
nm11855263,tt9540566,actor,7
nm0998945,tt9540702,actor,7
nm0411770,tt9541470,actor,5
nm1091244,tt9541470,actress,10
nm9903093,tt9543176,actor,6
nm10350514,tt9543488,actor,5
nm10065777,tt9551936,actress,1
nm13732389,tt9554316,actress,9
nm10172266,tt9554846,actress,5
nm7321199,tt9554846,actress,4
nm0157300,tt9556104,actor,6
nm7037298,tt9557296,actress,10
nm0949646,tt9557416,actor,5
nm10379923,tt9560092,actor,1
nm10093507,tt9561388,actress,7
nm3231721,tt9562296,actress,4
nm1796422,tt9563872,actor,10
nm10381539,tt9564712,actress,10
nm0717080,tt9565196,actor,9
nm2979684,tt9568230,actress,1
nm0004936,tt9569096,actor,1
nm1726111,tt9569544,actor,10
nm0890622,tt9569610,actress,3
nm3176630,tt9571542,actor,10
nm6668961,tt9571756,actress,1
nm8536897,tt9571756,actor,10
nm3341685,tt9572420,actor,4
nm7065745,tt9572420,actor,8
nm10386210,tt9573058,actress,8
nm8843823,tt9573058,actress,2
nm0993695,tt9573668,actress,4
nm1760490,tt9574444,actress,2
nm8300827,tt9574922,actor,3
nm5451541,tt9575206,actor,6
nm6437695,tt9575438,actor,8
nm0945522,tt9576824,actor,10
nm10446288,tt9578746,actor,10
nm7275967,tt9580502,actor,4
nm10441249,tt9581258,actor,10
nm10390409,tt9581478,actor,1
nm10390412,tt9581478,actress,2
nm0970010,tt9583950,actor,9
nm2109624,tt9584730,actress,6
nm3934032,tt9586162,actor,1
nm10392624,tt9586670,actor,3
nm3886541,tt9587604,actress,4
nm7415721,tt9587950,actress,9
nm5503026,tt9588024,actress,4
nm10393784,tt9588404,actress,9
nm2905560,tt9590954,actor,7
nm6856651,tt9591082,actor,10
nm7269212,tt9591082,actress,5
nm10395068,tt9591698,actor,10
nm1794478,tt9594140,actor,6
nm0037459,tt9595360,actor,6
nm10396626,tt9595738,actor,6
nm5291007,tt9595816,actor,3
nm10397133,tt9596638,actor,7
nm10854486,tt9597902,actress,6
nm0492089,tt9598214,actress,5
nm1050671,tt9598328,actor,9
nm7828073,tt9598328,actor,10
nm4389505,tt9600076,actor,8
nm2590596,tt9604202,actress,3
nm10402105,tt9604418,actor,1
nm9193673,tt9606374,actress,7
nm0654167,tt9608818,actor,9
nm0955815,tt9609726,actress,9
nm6301747,tt9609726,actor,5
nm7906102,tt9610838,actor,1
nm2816424,tt9611484,actor,5
nm3748127,tt9611872,actor,6
nm3817139,tt9611872,actress,7
nm5603981,tt9612136,actor,2
nm0917962,tt9612892,actress,4
nm9322167,tt9612982,actor,2
nm2647004,tt9614040,actress,4
nm7950030,tt9614040,actress,2
nm8095468,tt9614064,actor,7
nm0437787,tt9614452,actor,8
nm10407243,tt9616290,actress,3
nm9807128,tt9616786,actor,10
nm0462013,tt9617280,actor,4
nm0005224,tt9617560,actress,5
nm14251621,tt9618458,actor,7
nm7064837,tt9618524,actor,6
nm3590037,tt9619010,actor,5
nm5090127,tt9619464,actor,7
nm10409180,tt9620254,actor,7
nm3890987,tt9621284,actor,3
nm10409715,tt9621286,actor,3
nm1734602,tt9621290,actor,6
nm0209337,tt9621580,actor,6
nm11682654,tt9622618,actor,9
nm8088541,tt9622618,actress,3
nm1442840,tt9623404,actor,7
nm12083010,tt9624766,actor,3
nm7377149,tt9625242,actor,13
nm0000246,tt9625664,actor,2
nm10411387,tt9626278,actress,3
nm10461857,tt9630832,actress,10
nm0410965,tt9631948,actor,8
nm1792907,tt9631948,actor,7
nm5675846,tt9632182,actress,6
nm3190970,tt9634252,actor,5
nm3589263,tt9635616,actor,3
nm2669445,tt9635956,actor,8
nm4718933,tt9636302,actress,6
nm1225348,tt9638206,actress,1
nm0414130,tt9640414,actress,3
nm3090924,tt9640414,actress,1
nm5182750,tt9641092,actress,5
nm3028204,tt9641242,actor,6
nm1321097,tt9642696,actress,2
nm1445891,tt9642696,actor,7
nm0415416,tt9642950,actor,4
nm0788787,tt9642950,actress,3
nm0116178,tt9643058,actor,3
nm0856700,tt9643108,actor,10
nm5088181,tt9643286,actor,4
nm3569284,tt9645476,actress,1
nm5064422,tt9646240,actor,8
nm10028068,tt9646844,actor,9
nm10428106,tt9648382,actress,9
nm10421641,tt9648942,actor,8
nm10713116,tt9648952,actress,2
nm0866736,tt9649974,actor,10
nm10415836,tt9651918,actress,4
nm5895653,tt9652984,actor,3
nm2376684,tt9653352,actor,9
nm11725103,tt9654108,actor,9
nm2283410,tt9654108,actress,8
nm0592882,tt9654308,actress,2
nm0038367,tt9657382,actor,1
nm10556224,tt9657764,actress,10
nm11866849,tt9657904,actress,8
nm0225042,tt9658022,actor,5
nm10426510,tt9659926,actor,1
nm11583046,tt9659926,actor,7
nm0417687,tt9660170,actor,1
nm7064349,tt9663098,actress,6
nm3371002,tt9663258,actor,6
nm0933940,tt9663764,actor,2
nm11381159,tt9664206,actor,6
nm10428849,tt9664514,actress,9
nm4736209,tt9664732,actress,3
nm0876657,tt9664948,actor,4
nm0481591,tt9665786,actor,9
nm1569942,tt9665786,actor,3
nm2572182,tt9666970,actor,10
nm3175946,tt9668280,actor,8
nm10430007,tt9668598,actor,8
nm10430741,tt9670278,actor,10
nm7440990,tt9672824,actor,10
nm0385543,tt9673224,actor,7
nm5348007,tt9674172,actress,7
nm7866296,tt9674904,actor,10
nm10434426,tt9675118,actress,10
nm0951309,tt9675274,actor,1
nm10433420,tt9675366,actor,5
nm7363055,tt9675374,actor,2
nm10434497,tt9676318,actress,9
nm2806785,tt9676318,actor,2
nm10434199,tt9676940,actor,9
nm0277433,tt9678162,actress,10
nm0675897,tt9678460,actor,1
nm3842116,tt9678460,actress,7
nm1494687,tt9679044,actor,3
nm11596716,tt9679552,actor,9
nm10437915,tt9679806,actress,5
nm9675543,tt9680520,actor,2
nm8022637,tt9680802,actor,3
nm6379360,tt9681686,actress,10
nm0722088,tt9682188,actor,3
nm11659389,tt9682428,actor,8
nm10436820,tt9682578,actor,9
nm9299264,tt9682578,actor,8
nm10437233,tt9683772,actor,4
nm6732700,tt9685652,actor,7
nm13723113,tt9685686,actor,10
nm14650632,tt9685782,actor,10
nm4519769,tt9685948,actor,6
nm3165677,tt9686596,actor,9
nm9661819,tt9686610,actress,3
nm2525790,tt9686708,actress,2
nm0368972,tt9689664,actress,5
nm0001287,tt9689696,actress,4
nm3079015,tt9689922,actor,4
nm1166844,tt9690328,actor,6
nm0002546,tt9690790,actress,2
nm10504826,tt9691348,actress,8
nm2563547,tt9693022,actor,8
nm17163527,tt9697324,actress,5
nm10443256,tt9697340,actor,10
nm5083762,tt9697398,actress,5
nm1743016,tt9698796,actress,4
nm1259094,tt9700334,actor,6
nm0449276,tt9701934,actress,5
nm8450134,tt9701940,actor,4
nm1239481,tt9703070,actor,7
nm1474788,tt9703070,actor,10
nm9427108,tt9703398,actor,5
nm10443838,tt9704488,actor,4
nm0750913,tt9707456,actor,5
nm10425083,tt9712476,actress,4
nm8894370,tt9713802,actor,7
nm2194678,tt9715438,actor,4
nm6333477,tt9716342,actor,8
nm0855462,tt9718474,actor,10
nm5884959,tt9719452,actor,7
nm0484005,tt9719864,actress,2
nm5097095,tt9720696,actor,10
nm8300354,tt9720866,actor,12
nm8358493,tt9720866,actor,11
nm10451120,tt9722984,actress,5
nm10484855,tt9723240,actress,7
nm10451471,tt9723286,actress,1
nm10451509,tt9723328,actress,4
nm5215308,tt9726794,actor,4
nm9706424,tt9729774,actor,2
nm0116197,tt9731172,actor,4
nm4154798,tt9731360,actor,1
nm4591498,tt9731360,actress,3
nm0927436,tt9731436,actor,8
nm4369125,tt9731750,actress,9
nm10454899,tt9731752,actor,9
nm9503481,tt9732072,actor,10
nm9580145,tt9732072,actor,9
nm5706358,tt9733060,actress,8
nm10529279,tt9733108,actress,8
nm11128766,tt9733388,actor,2
nm10455679,tt9734342,actor,2
nm10456689,tt9734692,actress,3
nm0678648,tt9735758,actor,10
nm9578056,tt9735878,actor,9
nm10457373,tt9737688,actor,6
nm11282330,tt9737798,actor,7
nm12242794,tt9737876,actress,1
nm0663708,tt9738392,actor,10
nm2552308,tt9738392,actress,4
nm9203439,tt9739486,actor,8
nm0867626,tt9739712,actor,5
nm1127446,tt9739712,actress,4
nm9156259,tt9740064,actor,5
nm5083230,tt9742208,actor,6
nm0348126,tt9742372,actress,9
nm0192377,tt9742794,actor,4
nm8358488,tt9744922,actress,2
nm0090965,tt9748424,actor,9
nm5950025,tt9752248,actor,9
nm0632761,tt9752544,actor,4
nm5733634,tt9753002,actor,7
nm3172728,tt9755252,actress,7
nm10464716,tt9755822,actress,9
nm3789450,tt9759978,actor,8
nm10468307,tt9764832,actor,10
nm5381481,tt9765480,actor,3
nm0202516,tt9765542,actor,3
nm10622302,tt9765760,actor,10
nm5560964,tt9765900,actress,5
nm4530456,tt9765968,actor,4
nm0034836,tt9767724,actress,2
nm0199035,tt9767908,actor,7
nm9260017,tt9770432,actor,8
nm7308315,tt9772300,actor,1
nm15728350,tt9772312,actor,1
nm0278355,tt9772374,actor,7
nm10056998,tt9772374,actress,2
nm9634539,tt9772812,actor,8
nm0667892,tt9773698,actor,6
nm6415715,tt9773698,actress,5
nm7288558,tt9774762,actor,8
nm11306385,tt9777394,actor,4
nm10474790,tt9777462,actress,9
nm0369916,tt9777796,actress,9
nm0617031,tt9777796,actor,11
nm10483217,tt9777820,actor,8
nm3860273,tt9778190,actor,6
nm4836118,tt9778190,actress,3
nm0370577,tt9782800,actor,6
nm1001108,tt9783658,actress,3
nm2546442,tt9784048,actor,3
nm11212833,tt9784518,actress,6
nm0631659,tt9784638,actress,8
nm8379439,tt9784950,actress,9
nm7333829,tt9787468,actor,7
nm9132463,tt9787468,actor,3
nm1146837,tt9789266,actor,8
nm1302330,tt9789440,actor,4
nm9103139,tt9789440,actor,8
nm1066795,tt9789670,actor,4
nm7149670,tt9790536,actor,8
nm4710099,tt9793334,actor,7
nm4470184,tt9794412,actress,1
nm10500785,tt9795856,actor,8
nm6229773,tt9800356,actor,7
nm8894386,tt9800356,actor,9
nm10485039,tt9800604,actor,9
nm2582755,tt9800670,actor,1
nm9748421,tt9800694,actor,6
nm0364028,tt9800752,actor,8
nm2270589,tt9801736,actress,8
nm0890808,tt9803316,actress,2
nm6679262,tt9803454,actor,9
nm0880805,tt9803614,actor,9
nm3868423,tt9803614,actor,10
nm3704920,tt9804514,actress,6
nm8894368,tt9805498,actor,10
nm2806111,tt9805610,actor,5
nm4527948,tt9805996,actor,4
nm0103852,tt9806258,actress,10
nm2268884,tt9806336,actress,12
nm10508472,tt9807914,actor,10
nm0482300,tt9808510,actress,6
nm1638316,tt9808838,actress,5
nm4232450,tt9808874,actress,10
nm8072655,tt9809140,actor,6
nm9960274,tt9810420,actor,8
nm10491233,tt9812236,actor,3
nm4246018,tt9812258,actor,5
nm0188709,tt9813338,actor,7
nm2741235,tt9813338,actress,10
nm3987995,tt9815072,actress,1
nm0410987,tt9815160,actor,1
nm9993693,tt9815360,actress,2
nm4356591,tt9815714,actress,4
nm10775855,tt9816188,actor,10
nm10760757,tt9816258,actor,5
nm0465236,tt9816816,actor,4
nm2145989,tt9817018,actress,1
nm10493405,tt9817040,actor,4
nm6444864,tt9817674,actor,8
nm7085888,tt9817680,actor,8
nm0492352,tt9818000,actress,7
nm4775022,tt9818102,actor,9
nm10649282,tt9820550,actress,9
nm2330972,tt9820550,actor,3
nm0582257,tt9820556,actor,5
nm0241815,tt9820628,actress,8
nm13445593,tt9822880,actor,5
nm1268200,tt9823170,actress,1
nm1669753,tt9823170,actor,10
nm10496614,tt9823554,actress,7
nm1276463,tt9823772,actor,1
nm0085997,tt9824114,actor,2
nm10497422,tt9826126,actor,8
nm7064912,tt9826126,actress,3
nm3339236,tt9827834,actor,7
nm1745762,tt9828802,actress,10
nm9612757,tt9828810,actor,9
nm8359835,tt9828908,actor,6
nm0046277,tt9828918,actress,2
nm8894384,tt9829006,actor,8
nm0230698,tt9829092,actor,7
nm1817824,tt9829092,actress,10
nm8412146,tt9832350,actress,9
nm7465702,tt9834318,actress,9
nm8160621,tt9834492,actress,7
nm9761391,tt9834736,actor,7
nm0675919,tt9839038,actor,8
nm12481233,tt9839636,actor,5
nm0905908,tt9841750,actor,10
nm5751695,tt9842544,actress,10
nm3734708,tt9842874,actress,3
nm14154583,tt9843172,actress,2
nm7699591,tt9843224,actor,9
nm0851060,tt9843470,actor,8
nm1299704,tt9843632,actor,1
nm10505425,tt9843742,actress,3
nm1101677,tt9844256,actor,1
nm17832002,tt9844322,actor,4
nm7620319,tt9844368,actor,7
nm2383250,tt9844522,actor,2
nm10506336,tt9844772,actress,7
nm10506500,tt9845036,actress,8
nm9958734,tt9848404,actor,10
nm11089405,tt9848452,actress,12
nm5243054,tt9848452,actress,4
nm0788340,tt9848626,actress,6
nm1411125,tt9848626,actress,2
nm1760156,tt9848668,actress,1
nm9175942,tt9848968,actress,10
nm8409908,tt9848972,actor,5
nm10508502,tt9849160,actress,2
nm9614890,tt9850116,actress,10
nm1794254,tt9850564,actor,1
nm8906536,tt9850646,actor,1
nm5212072,tt9852508,actor,4
nm1224286,tt9853118,actress,4
nm3123793,tt9853118,actor,8
nm1683133,tt9853500,actress,10
nm5668913,tt9855510,actress,1
nm10511708,tt9855578,actress,6
nm0441173,tt9856128,actor,6
nm4080199,tt9856680,actor,9
nm4923307,tt9858950,actor,8
nm10513568,tt9859528,actor,4
nm11317868,tt9859574,actress,6
nm1502351,tt9861200,actor,7
nm10516070,tt9865310,actor,5
nm4844496,tt9866204,actress,5
nm10516621,tt9866394,actress,7
nm0670739,tt9867130,actress,4
nm13721893,tt9867478,actress,6
nm10517488,tt9869228,actress,5
nm9240677,tt9870502,actor,9
nm0675977,tt9870726,actor,9
nm3513195,tt9871628,actor,7
nm0297843,tt9871736,actor,1
nm10519683,tt9873930,actress,7
nm0375793,tt9876150,actress,10
nm2749745,tt9876150,actor,5
nm5406209,tt9876544,actor,8
nm8293941,tt9876544,actress,7
nm5675978,tt9877170,actress,7
nm4173978,tt9880982,actor,7
nm4321429,tt9881330,actor,4
nm7044734,tt9881488,actress,5
nm3360529,tt9890052,actor,3
nm11484888,tt9890308,actor,8
nm0689040,tt9891882,actor,11
nm10528041,tt9892770,actor,3
nm9031127,tt9892770,actress,10
nm12513524,tt9893084,actor,4
nm2678603,tt9893130,actor,7
nm0944081,tt9893158,actress,3
nm1665116,tt9894108,actor,5
nm0002332,tt9894470,actor,1
nm1344302,tt9894660,actress,4
nm15645588,tt9896768,actor,9
nm6559494,tt9896768,actress,10
nm1457030,tt9897258,actress,6
nm8658151,tt9898844,actor,9
nm0396369,tt9898858,actor,9
nm10850501,tt9899344,actor,6
nm3132725,tt9899860,actor,2
nm10608888,tt9900180,actor,9
nm0530961,tt9900280,actor,5
nm0764893,tt9900280,actress,10
nm3314099,tt9900552,actress,2
nm4410764,tt9900688,actress,5
nm11884850,tt9901532,actor,7
nm8298324,tt9901532,actor,1
nm7216750,tt9903716,actor,4
nm10532835,tt9903890,actress,7
nm10221439,tt9904530,actor,10
nm8890163,tt9904530,actress,5
nm0001314,tt9904802,actor,2
nm1446274,tt9908390,actress,3
nm4098354,tt9908960,actor,10
nm9051929,tt9910238,actor,7
nm10695336,tt9910530,actress,8
nm11463444,tt9910530,actress,7
nm2603023,tt9911306,actor,1
nm0505323,tt9911750,actor,9
nm10233639,tt9914522,actress,7
nm8680851,tt9916428,actor,6
nm0004365,tt9292510,actor,10
nm5207111,tt9293690,actress,6
nm4983775,tt9293926,actor,4
nm0048081,tt9299590,actor,4
nm10793054,tt9301428,actor,10
nm11669273,tt9301556,actor,3
nm4766555,tt9302912,actor,7
nm12589518,tt9302986,actor,6
nm10063318,tt9303032,actor,12
nm5638922,tt9303772,actress,10
nm1305012,tt9303778,actor,3
nm0421044,tt9305634,actor,10
nm2950204,tt9308340,actress,8
nm12292818,tt9310606,actor,2
nm12473650,tt9311360,actor,5
nm17163926,tt9311532,actress,5
nm5257813,tt9312588,actress,1
nm1060383,tt9313004,actor,8
nm0018080,tt9313264,actor,9
nm9526610,tt9313474,actress,5
nm11329582,tt9313910,actor,7
nm5661500,tt9314596,actor,6
nm10277001,tt9315112,actor,6
nm8612305,tt9315438,actress,2
nm10273748,tt9315574,actor,7
nm10273749,tt9315574,actor,10
nm0408346,tt9315672,actor,1
nm1178890,tt9315672,actress,5
nm0893941,tt9315904,actress,8
nm0804603,tt9316574,actor,4
nm11099230,tt9317274,actor,9
nm1173583,tt9318230,actor,5
nm0119144,tt9318280,actor,7
nm2810106,tt9318730,actress,2
nm3906069,tt9318730,actor,8
nm4297645,tt9319544,actor,4
nm4767031,tt9319728,actor,5
nm7478283,tt9319728,actress,4
nm6527505,tt9319812,actor,3
nm10449604,tt9319836,actor,6
nm9088166,tt9319836,actor,4
nm13113295,tt9319840,actor,10
nm5796361,tt9319918,actress,2
nm8443805,tt9319960,actor,9
nm10261554,tt9322476,actress,5
nm8054856,tt9323784,actor,9
nm6196351,tt9324774,actress,7
nm10277610,tt9326498,actor,1
nm2281741,tt9326772,actor,4
nm6394314,tt9327584,actor,8
nm10278990,tt9328742,actor,11
nm0080180,tt9330112,actor,2
nm0741378,tt9330502,actress,8
nm10279636,tt9331072,actor,9
nm1424624,tt9331072,actor,7
nm2383520,tt9331776,actress,1
nm10396872,tt9331932,actress,1
nm7684852,tt9332680,actor,6
nm0209417,tt9336300,actor,10
nm10282225,tt9336300,actress,12
nm10278576,tt9337038,actor,2
nm1760490,tt9337248,actress,10
nm10282872,tt9337590,actor,5
nm8660204,tt9339796,actor,1
nm9760270,tt9340512,actress,2
nm10284550,tt9341098,actress,7
nm1710342,tt9341136,actor,9
nm2140244,tt9341668,actor,9
nm10278478,tt9342250,actress,4
nm3679148,tt9343062,actor,4
nm7213751,tt9343062,actress,5
nm1665429,tt9343780,actor,5
nm2775418,tt9343780,actress,10
nm5729867,tt9343780,actor,3
nm0785264,tt9344454,actress,10
nm0783591,tt9345754,actor,8
nm10287365,tt9347518,actor,6
nm4069386,tt9347530,actress,10
nm2050642,tt9347730,actress,9
nm0751638,tt9347750,actor,6
nm7701129,tt9348578,actress,9
nm5998289,tt9348752,actor,10
nm11363688,tt9348848,actor,3
nm12696230,tt9348908,actress,9
nm10288341,tt9349020,actor,5
nm0575671,tt9349770,actor,6
nm0605299,tt9350110,actress,10
nm5181684,tt9350110,actor,3
nm10271724,tt9351062,actor,1
nm0000276,tt9351856,actor,3
nm14542870,tt9351856,actor,6
nm10528835,tt9353656,actress,6
nm10292585,tt9356304,actress,2
nm10292048,tt9357782,actor,7
nm6874873,tt9358088,actor,9
nm10292437,tt9358444,actor,4
nm10134821,tt9359204,actor,8
nm0232503,tt9359224,actress,9
nm10293292,tt9359754,actress,10
nm7929510,tt9359754,actor,1
nm10293524,tt9359942,actor,4
nm0741388,tt9362736,actress,7
nm1367490,tt9362930,actress,2
nm0152430,tt9363502,actor,4
nm1696137,tt9363502,actress,8
nm3719463,tt9364228,actor,5
nm9964315,tt9364276,actress,3
nm0771713,tt9364406,actor,6
nm2389777,tt9365604,actor,3
nm4442319,tt9365800,actress,2
nm8001323,tt9366176,actor,4
nm13812494,tt9367136,actor,4
nm10537764,tt9367348,actress,9
nm8944757,tt9368200,actress,10
nm0368491,tt9369268,actress,3
nm0495485,tt9369268,actress,6
nm0840679,tt9369990,actress,2
nm2386430,tt9369990,actor,7
nm1129966,tt9370232,actor,3
nm7709593,tt9371598,actress,2
nm2386777,tt9371706,actor,8
nm1787519,tt9371730,actress,1
nm15135804,tt9372746,actor,5
nm10295486,tt9373258,actor,9
nm5660414,tt9377978,actress,2
nm1727367,tt9378658,actor,6
nm3763255,tt9378826,actor,5
nm4082296,tt9378850,actress,6
nm0151189,tt9378950,actor,10
nm14037831,tt9378950,actress,9
nm1020221,tt9379530,actor,10
nm1906311,tt9379530,actor,8
nm9103118,tt9379530,actress,2
nm10303425,tt9381742,actress,4
nm4083827,tt9381904,actor,9
nm1411829,tt9382172,actress,1
nm0028007,tt9382638,actor,1
nm10303753,tt9383554,actor,9
nm5860022,tt9383986,actress,8
nm0756866,tt9385130,actor,8
nm1583978,tt9386648,actress,9
nm1536875,tt9387352,actor,8
nm10305408,tt9387568,actor,9
nm9974796,tt9387568,actress,3
nm10305717,tt9389132,actor,1
nm10305906,tt9389444,actor,2
nm2593355,tt9389598,actor,2
nm4241366,tt9389598,actor,4
nm8270797,tt9389598,actor,6
nm12575300,tt9389622,actress,10
nm2464599,tt9389916,actor,4
nm2687525,tt9389924,actress,7
nm11192089,tt9390026,actor,9
nm14079188,tt9390240,actor,6
nm5798585,tt9390254,actress,5
nm8924712,tt9390390,actress,8
nm2630079,tt9391146,actor,6
nm1189725,tt9391920,actor,3
nm8032581,tt9392082,actress,5
nm1754496,tt9392324,actor,1
nm7431180,tt9392532,actor,1
nm9577040,tt9394786,actress,10
nm9577042,tt9394786,actor,2
nm0704479,tt9395384,actor,4
nm1216245,tt9395400,actress,6
nm1269796,tt9395528,actor,1
nm11891480,tt9396050,actress,7
nm16016764,tt9396050,actor,6
nm8615474,tt9403584,actor,8
nm9386560,tt9403944,actress,8
nm10484265,tt9404258,actor,4
nm10095095,tt9404596,actor,8
nm0361705,tt9406926,actor,7
nm6418458,tt9407156,actress,3
nm9496699,tt9407156,actress,4
nm10418806,tt9408742,actor,7
nm2411515,tt9409096,actress,9
nm0759898,tt9409448,actor,5
nm6263563,tt9409448,actor,3
nm1102577,tt9411866,actress,2
nm8526961,tt9413792,actor,4
nm0441592,tt9414024,actor,3
nm1800746,tt9414684,actress,2
nm2418329,tt9415530,actor,1
nm2360187,tt9416478,actor,5
nm2361483,tt9416478,actor,6
nm8819794,tt9416854,actress,12
nm12196143,tt9418812,actress,7
nm10467749,tt9418878,actress,8
nm0938950,tt9419884,actor,5
nm0033136,tt9420344,actor,2
nm14060210,tt9422624,actress,9
nm10364424,tt9422682,actor,7
nm3492864,tt9422724,actor,3
nm4268518,tt9425650,actor,7
nm7382947,tt9426944,actress,5
nm10321923,tt9427636,actress,1
nm1603552,tt9428050,actor,6
nm10450735,tt9430780,actor,4
nm0687625,tt9433872,actor,9
nm9279115,tt9439360,actress,9
nm3734986,tt9440738,actress,7
nm10328671,tt9442146,actress,1
nm10346916,tt9442146,actress,2
nm6772181,tt9442146,actress,5
nm1655798,tt9442324,actress,3
nm1655798,tt9442766,actress,5
nm6721658,tt9442780,actress,8
nm10081542,tt9442978,actress,1
nm7286184,tt9442978,actor,9
nm1938287,tt9445114,actor,10
nm2831213,tt9445306,actor,7
nm3159465,tt9447676,actress,6
nm10704034,tt9448340,actress,1
nm2035937,tt9448362,actor,1
nm10627019,tt9450384,actress,5
nm10627023,tt9450384,actress,4
nm4363141,tt9452846,actor,6
nm7908412,tt9453278,actor,6
nm11587529,tt9453616,actor,8
nm9567602,tt9453616,actress,2
nm13652346,tt9455468,actor,3
nm1150775,tt9458062,actor,7
nm10337162,tt9460914,actor,1
nm8114202,tt9461492,actor,1
nm5508157,tt9461494,actor,1
nm1174035,tt9462944,actress,5
nm2339451,tt9463434,actress,4
nm2657142,tt9463434,actress,9
nm12081923,tt9465024,actress,8
nm0564012,tt9465624,actor,6
nm2995248,tt9466410,actress,10
nm14020378,tt9466424,actor,4
nm14657364,tt9466424,actor,3
nm10341144,tt9469296,actor,5
nm7643294,tt9469296,actor,3
nm10341412,tt9470144,actress,10
nm10341882,tt9471128,actor,6
nm9598928,tt9471660,actor,8
nm0866870,tt9471786,actor,3
nm10342514,tt9472074,actor,5
nm1091861,tt9472074,actor,1
nm6369174,tt9472208,actor,4
nm9801453,tt9472658,actor,10
nm0589019,tt9477178,actress,10
nm10344379,tt9477178,actress,6
nm5989234,tt9481962,actress,10
nm11765144,tt9482230,actress,6
nm9790051,tt9482230,actress,3
nm0001251,tt9484998,actor,4
nm10349259,tt9487802,actor,8
nm0645822,tt9489944,actress,8
nm8169461,tt9492214,actor,10
nm10350935,tt9493034,actor,3
nm10356440,tt9495224,actor,8
nm1252241,tt9496830,actor,5
nm1507882,tt9496830,actor,2
nm0162311,tt9496866,actor,7
nm1698825,tt9499850,actor,5
nm1699418,tt9499850,actress,8
nm7527785,tt9499932,actress,9
nm8276776,tt9501234,actor,6
nm0066763,tt9502538,actress,6
nm9236703,tt9503722,actor,8
nm10355408,tt9504952,actor,3
nm10751499,tt9505224,actor,10
nm4248027,tt9505396,actress,1
nm1446372,tt9506678,actor,6
nm0880857,tt9506724,actor,2
nm2893431,tt9507234,actor,2
nm2144460,tt9507276,actor,2
nm2240044,tt9511022,actor,7
nm6794936,tt9511204,actress,5
nm0448906,tt9516956,actor,8
nm0457973,tt9516956,actress,6
nm10360858,tt9517188,actor,5
nm2398416,tt9517374,actor,3
nm0005171,tt9522946,actor,2
nm7822064,tt9525200,actor,7
nm12445583,tt9525958,actress,2
nm9219550,tt9526154,actress,8
nm10376626,tt9526156,actress,3
nm9986834,tt9526156,actor,5
nm10364997,tt9526262,actor,10
nm4110469,tt9526784,actor,1
nm10363133,tt9528596,actress,5
nm1092369,tt9529656,actor,8
nm10366107,tt9529740,actress,3
nm8953376,tt9529752,actor,10
nm10954222,tt9529756,actor,10
nm10584440,tt9529786,actor,10
nm3885547,tt9530586,actor,4
nm9841773,tt9534784,actor,1
nm6271582,tt9535160,actress,10
nm6820372,tt9537246,actor,8
nm0007102,tt9537292,actress,3
nm1371858,tt9537352,actress,3
nm0251656,tt9537888,actor,2
nm10424483,tt9537936,actor,9
nm3518001,tt9538008,actor,10
nm6181975,tt9538216,actress,10
nm5427808,tt9540232,actor,3
nm13357370,tt9540556,actress,3
nm12189969,tt9543488,actor,9
nm2700522,tt9543488,actress,3
nm9927999,tt9543780,actor,6
nm0641177,tt9545516,actor,6
nm7761976,tt9547318,actress,1
nm6400946,tt9551682,actor,8
nm4565874,tt9551936,actress,4
nm12372874,tt9552258,actress,10
nm7788268,tt9552258,actress,5
nm3026487,tt9552452,actress,5
nm7679824,tt9555284,actress,2
nm13277930,tt9557068,actress,4
nm3985205,tt9557068,actor,5
nm5148735,tt9557810,actress,6
nm7609200,tt9557810,actor,5
nm9067892,tt9557810,actress,3
nm0793851,tt9558468,actor,7
nm0024910,tt9561388,actress,1
nm0251014,tt9562268,actor,7
nm9518014,tt9562978,actor,10
nm5775182,tt9563330,actress,6
nm0948499,tt9564364,actor,5
nm5637317,tt9564774,actress,1
nm11778777,tt9567902,actress,8
nm3584755,tt9568074,actor,8
nm11051909,tt9568230,actress,2
nm2440239,tt9568718,actor,5
nm6801935,tt9568718,actress,3
nm0607375,tt9569504,actor,9
nm0051502,tt9569512,actor,5
nm10385457,tt9571216,actor,2
nm13037711,tt9573068,actor,2
nm10864669,tt9573468,actor,8
nm0794388,tt9573668,actress,2
nm0999317,tt9573668,actress,1
nm10211053,tt9574324,actor,8
nm10451270,tt9574324,actress,6
nm5979896,tt9574912,actress,3
nm0033152,tt9575164,actor,7
nm1947564,tt9575164,actor,8
nm3183214,tt9575164,actor,4
nm0191747,tt9575438,actress,7
nm2078025,tt9575438,actress,9
nm3700767,tt9575438,actor,6
nm4786965,tt9575726,actress,3
nm6638101,tt9576808,actress,9
nm8917865,tt9576808,actor,5
nm9424794,tt9576808,actress,2
nm0751638,tt9579106,actor,1
nm5083230,tt9580442,actor,10
nm3619308,tt9581076,actress,2
nm10390547,tt9581704,actor,3
nm15729779,tt9581704,actor,1
nm3492497,tt9581840,actor,3
nm6061529,tt9583950,actress,3
nm10386206,tt9584830,actor,2
nm1254580,tt9585724,actor,8
nm8772394,tt9587604,actor,6
nm7533736,tt9590954,actress,2
nm0658810,tt9592364,actor,7
nm10518002,tt9593000,actor,3
nm2212085,tt9596092,actor,9
nm10397758,tt9597902,actor,5
nm1468674,tt9598328,actress,1
nm10398338,tt9598834,actor,10
nm0594365,tt9600076,actor,3
nm10804501,tt9600964,actress,6
nm3419668,tt9602472,actress,1
nm9677989,tt9602712,actress,10
nm0044455,tt9604142,actor,1
nm10402099,tt9604418,actress,6
nm2809577,tt9606374,actress,5
nm0781981,tt9608818,actor,1
nm8602248,tt9609726,actress,6
nm7470871,tt9610262,actress,3
nm2932493,tt9611542,actor,9
nm0378161,tt9612892,actor,2
nm0771414,tt9613316,actor,3
nm8495218,tt9614064,actor,5
nm0240880,tt9614416,actor,6
nm10099696,tt9614460,actor,7
nm11069574,tt9614772,actor,11
nm11114849,tt9614772,actress,9
nm8595292,tt9614988,actress,9
nm9620339,tt9615028,actor,5
nm0869088,tt9616700,actor,1
nm1717152,tt9617560,actor,1
nm0794388,tt9617892,actress,9
nm0042144,tt9618098,actress,1
nm0015176,tt9618764,actor,4
nm0882354,tt9618764,actor,10
nm1845696,tt9619010,actor,9
nm2026341,tt9619010,actor,6
nm8499313,tt9619402,actress,2
nm6822586,tt9620288,actress,8
nm10409283,tt9620474,actor,8
nm2829541,tt9620822,actress,6
nm10409729,tt9621290,actor,1
nm0708479,tt9622950,actor,6
nm8898786,tt9624438,actress,2
nm4539107,tt9625242,actor,9
nm5816841,tt9625298,actor,9
nm8195186,tt9628630,actor,10
nm2079292,tt9630428,actor,3
nm14308037,tt9630444,actor,7
nm0993695,tt9630940,actress,4
nm5907440,tt9631052,actor,9
nm0406743,tt9631948,actor,1
nm0457502,tt9632080,actress,2
nm10359581,tt9633264,actor,4
nm9549514,tt9633612,actor,9
nm1758920,tt9635448,actor,4
nm3654499,tt9635448,actor,9
nm0707425,tt9635540,actor,1
nm0943104,tt9635616,actor,1
nm4951437,tt9635956,actor,10
nm10492477,tt9636120,actor,4
nm4311727,tt9636120,actor,8
nm10418001,tt9636294,actress,4
nm4591912,tt9638206,actress,2
nm10288342,tt9639274,actor,7
nm18642863,tt9641242,actor,1
nm5725027,tt9642686,actress,6
nm2964361,tt9643300,actress,3
nm11029299,tt9646240,actor,6
nm0005253,tt9646364,actress,2
nm0359302,tt9646624,actor,6
nm7716909,tt9646844,actress,7
nm9656000,tt9647154,actress,4
nm2198699,tt9647330,actor,4
nm12559803,tt9648598,actress,10
nm4538137,tt9648942,actor,1
nm7249955,tt9652322,actress,4
nm0230826,tt9652730,actress,4
nm1918947,tt9654108,actress,3
nm2122395,tt9654134,actress,1
nm1364624,tt9654308,actor,8
nm2973934,tt9654308,actor,10
nm9171701,tt9654806,actor,9
nm10976095,tt9655758,actor,10
nm0897005,tt9657076,actress,4
nm1734745,tt9657910,actor,9
nm0393093,tt9657950,actor,4
nm10426812,tt9658100,actor,10
nm13234491,tt9658140,actress,6
nm0768031,tt9660472,actress,4
nm11731829,tt9660666,actress,10
nm1257208,tt9660688,actress,2
nm0881809,tt9663098,actor,3
nm7734449,tt9663100,actor,9
nm1126143,tt9663146,actor,5
nm13445593,tt9663702,actor,9
nm10459444,tt9664206,actor,3
nm0008713,tt9665402,actor,9
nm2235330,tt9665402,actress,3
nm6938503,tt9665402,actress,8
nm2157503,tt9665968,actress,2
nm6228292,tt9668280,actor,9
nm3239768,tt9668552,actor,3
nm8121713,tt9668564,actress,4
nm12671842,tt9668748,actor,1
nm13704769,tt9668748,actor,8
nm10252179,tt9670284,actor,5
nm7363265,tt9670302,actor,1
nm1437387,tt9671918,actor,6
nm10624740,tt9673176,actor,2
nm7642152,tt9674904,actor,2
nm10433062,tt9675118,actor,2
nm3761004,tt9675464,actor,1
nm0000339,tt9676102,actor,3
nm8704826,tt9676102,actor,8
nm2807024,tt9676318,actor,6
nm11068066,tt9678892,actress,7
nm0443559,tt9679368,actor,3
nm11596713,tt9679552,actor,6
nm11025973,tt9680092,actor,5
nm5626108,tt9680092,actress,2
nm9417918,tt9680092,actor,10
nm1847486,tt9680256,actress,5
nm10436357,tt9680562,actor,8
nm0313355,tt9681250,actress,3
nm0519023,tt9682428,actress,5
nm10437232,tt9683772,actor,3
nm10437234,tt9683772,actor,5
nm0410968,tt9683836,actor,5
nm2577076,tt9684220,actor,3
nm5066571,tt9686610,actor,9
nm5406780,tt9686708,actor,10
nm0001507,tt9686790,actor,6
nm9667787,tt9687584,actor,8
nm1702868,tt9688874,actor,8
nm4710099,tt9688874,actor,9
nm10440486,tt9690868,actor,5
nm5159260,tt9691336,actor,12
nm2996917,tt9691846,actor,1
nm10464233,tt9693022,actor,5
nm6241667,tt9693686,actor,7
nm0441557,tt9694012,actor,8
nm1340424,tt9694312,actor,5
nm2162672,tt9694312,actor,4
nm7070508,tt9695308,actor,7
nm2913254,tt9697340,actress,9
nm10443338,tt9697468,actor,10
nm6847783,tt9697468,actress,4
nm10443351,tt9697476,actress,5
nm4511772,tt9698552,actress,10
nm10933150,tt9699640,actor,9
nm10444085,tt9699784,actor,4
nm8743969,tt9703362,actor,9
nm10446126,tt9703960,actor,5
nm1451888,tt9704488,actor,2
nm0001586,tt9707580,actress,5
nm6602298,tt9708284,actress,11
nm10362886,tt9710558,actor,11
nm0034884,tt9710572,actress,4
nm1792644,tt9713418,actor,8
nm10449218,tt9716470,actress,4
nm9222424,tt9716470,actress,8
nm0337220,tt9717144,actor,1
nm5223819,tt9721798,actor,9
nm0875370,tt9722898,actor,1
nm10430756,tt9723286,actor,6
nm10451472,tt9723286,actress,9
nm6012914,tt9723328,actress,9
nm5416705,tt9724734,actor,3
nm0032900,tt9726172,actor,8
nm13131071,tt9726522,actor,10
nm8358490,tt9726794,actor,7
nm5108056,tt9728306,actress,5
nm4188857,tt9728406,actress,2
nm10455697,tt9728816,actor,4
nm0051765,tt9728836,actor,1
nm4188857,tt9730794,actress,2
nm0835738,tt9731436,actor,3
nm0427963,tt9731598,actress,6
nm0274704,tt9731682,actress,9
nm1812656,tt9731682,actor,6
nm0251538,tt9731750,actor,8
nm5342966,tt9733036,actress,4
nm10455288,tt9733108,actor,2
nm0069898,tt9733150,actor,7
nm4354211,tt9734692,actress,2
nm1950004,tt9735470,actor,4
nm3339478,tt9735470,actor,10
nm2818878,tt9735830,actress,3
nm2804503,tt9735976,actor,5
nm3768173,tt9737798,actor,3
nm10455727,tt9738302,actor,3
nm0440202,tt9738436,actor,3
nm0244428,tt9739712,actor,10
nm10458160,tt9740064,actor,7
nm4349094,tt9740272,actor,6
nm1773252,tt9740770,actress,3
nm7022689,tt9741948,actress,10
nm2200858,tt9742106,actress,12
nm9047565,tt9742106,actress,4
nm10459413,tt9742166,actor,2
nm0875460,tt9742208,actor,5
nm12466518,tt9746718,actor,1
nm1091259,tt9747230,actor,4
nm4890513,tt9747276,actor,7
nm9500268,tt9748034,actress,2
nm2704055,tt9749604,actress,2
nm3987379,tt9749604,actress,3
nm6338726,tt9749604,actor,8
nm10136043,tt9750028,actor,8
nm13189915,tt9750028,actor,9
nm10462462,tt9750864,actress,3
nm11259082,tt9755608,actor,5
nm11698704,tt9755608,actor,1
nm12375173,tt9755608,actor,8
nm1954434,tt9755660,actor,3
nm2427684,tt9755806,actor,1
nm8425106,tt9758500,actress,10
nm6446990,tt9760590,actor,5
nm6705983,tt9760934,actress,3
nm0513385,tt9762398,actress,7
nm2662416,tt9763792,actor,9
nm0579840,tt9764248,actor,4
nm15593387,tt9764654,actor,5
nm8245587,tt9765480,actress,5
nm10468599,tt9765542,actress,7
nm1747510,tt9765842,actor,2
nm5561908,tt9765842,actor,7
nm5353990,tt9765900,actor,7
nm9428830,tt9766160,actress,2
nm5423482,tt9766310,actress,4
nm10471980,tt9771012,actor,6
nm10471698,tt9772300,actress,3
nm2957276,tt9772312,actor,3
nm7864849,tt9773182,actress,10
nm8158574,tt9775996,actress,1
nm10474794,tt9777462,actor,5
nm5563698,tt9777462,actress,1
nm1514971,tt9777796,actress,5
nm8928142,tt9778190,actress,7
nm1452155,tt9779516,actor,3
nm3165891,tt9779658,actress,9
nm10701628,tt9783204,actor,9
nm9483653,tt9783722,actor,8
nm6851076,tt9784088,actress,4
nm8686347,tt9784404,actress,3
nm1525807,tt9784456,actor,2
nm8788383,tt9784456,actress,10
nm10477495,tt9784950,actor,4
nm1574386,tt9788418,actress,7
nm0411214,tt9788706,actress,3
nm10479557,tt9789266,actor,10
nm7646570,tt9789266,actor,3
nm2577171,tt9789346,actress,5
nm0015176,tt9789390,actor,8
nm0473530,tt9789390,actor,5
nm1875420,tt9789556,actor,10
nm12674559,tt9790808,actor,6
nm10482386,tt9795264,actress,8
nm0493723,tt9795368,actor,8
nm0594679,tt9795552,actor,8
nm7138338,tt9795950,actor,4
nm0303366,tt9798310,actor,5
nm0095465,tt9799992,actor,6
nm10860156,tt9800034,actress,6
nm6550916,tt9800034,actor,7
nm0171499,tt9800670,actor,6
nm0883405,tt9801322,actor,3
nm1462983,tt9803454,actor,5
nm0030278,tt9803614,actor,1
nm6151985,tt9804110,actor,3
nm3337190,tt9804272,actress,8
nm3491019,tt9804534,actress,3
nm8715317,tt9805208,actor,9
nm10487274,tt9805350,actor,7
nm1257062,tt9805498,actress,2
nm9452511,tt9805754,actor,6
nm9166038,tt9805996,actress,1
nm0267656,tt9809006,actor,5
nm1799605,tt9809006,actress,9
nm16509319,tt9810236,actress,8
nm10195787,tt9810420,actress,2
nm0051784,tt9811300,actor,5
nm1457647,tt9811300,actor,10
nm3327356,tt9811452,actor,4
nm10491238,tt9812236,actor,8
nm0361696,tt9812884,actor,5
nm2537606,tt9815014,actress,9
nm7052596,tt9815014,actress,6
nm0408303,tt9815124,actress,6
nm6314578,tt9815616,actor,5
nm8356899,tt9816396,actor,8
nm1702463,tt9816970,actor,10
nm10505942,tt9817018,actor,10
nm5454914,tt9817190,actor,3
nm0665554,tt9817760,actress,2
nm1235505,tt9818102,actor,2
nm7014938,tt9819258,actor,6
nm7501381,tt9820352,actor,7
nm10695917,tt9821834,actress,4
nm0211575,tt9823634,actress,3
nm1460173,tt9823772,actor,10
nm4994808,tt9825006,actor,2
nm10497414,tt9826126,actress,7
nm2336615,tt9826820,actor,1
nm5282266,tt9827784,actress,1
nm3591507,tt9828278,actor,5
nm9565112,tt9828908,actor,10
nm5487541,tt9828918,actor,4
nm1595023,tt9831136,actress,1
nm0312656,tt9832396,actor,5
nm0845270,tt9833412,actress,2
nm8300353,tt9834318,actor,11
nm10501091,tt9834446,actor,1
nm0450540,tt9837320,actor,10
nm10700972,tt9837502,actor,8
nm4308851,tt9838372,actor,2
nm10503030,tt9838780,actor,3
nm10521232,tt9839040,actress,5
nm10773506,tt9840958,actor,9
nm3260126,tt9842404,actor,3
nm5934434,tt9842404,actor,10
nm6525359,tt9842792,actor,5
nm7699631,tt9843224,actor,1
nm1760053,tt9843292,actress,6
nm10506113,tt9844420,actress,7
nm4837509,tt9844944,actor,8
nm5672892,tt9848404,actress,4
nm6605759,tt9848404,actress,9
nm14306553,tt9848962,actress,5
nm10508366,tt9848968,actress,7
nm3854533,tt9849644,actor,9
nm5212722,tt9850084,actress,5
nm1812637,tt9850344,actress,1
nm2734727,tt9850488,actor,5
nm0481185,tt9853264,actress,4
nm0612217,tt9853264,actor,2
nm1507882,tt9853664,actor,3
nm0920460,tt9854058,actor,3
nm17479598,tt9854782,actor,6
nm10511275,tt9855002,actor,8
nm10051337,tt9855090,actor,6
nm4829836,tt9855510,actor,5
nm0768031,tt9856128,actress,10
nm14840088,tt9856574,actress,1
nm11152652,tt9857850,actor,2
nm10510600,tt9859372,actor,1
nm10513550,tt9859528,actress,7
nm9175942,tt9860728,actress,10
nm9377694,tt9861230,actor,5
nm0201462,tt9861288,actor,2
nm1314276,tt9861480,actress,8
nm0375454,tt9863566,actor,10
nm6811511,tt9864800,actor,9
nm0730191,tt9866204,actor,7
nm10516626,tt9866394,actor,10
nm6685535,tt9869668,actor,4
nm10740630,tt9872038,actor,3
nm7297975,tt9873376,actor,10
nm5448167,tt9876160,actor,1
nm6606945,tt9876944,actress,2
nm5212553,tt9877274,actress,2
nm5444787,tt9878242,actor,8
nm11175496,tt9878246,actress,4
nm7681612,tt9878422,actress,9
nm0340028,tt9878598,actor,5
nm12693498,tt9878598,actress,9
nm8653223,tt9878650,actor,4
nm10543059,tt9881488,actor,8
nm0297869,tt9881852,actor,3
nm0441571,tt9881974,actor,10
nm0620433,tt9883860,actor,1
nm7736042,tt9884388,actor,4
nm10813453,tt9886872,actress,8
nm8728647,tt9888560,actress,10
nm0541238,tt9890758,actress,6
nm9609083,tt9891874,actress,7
nm10503936,tt9891882,actor,8
nm5171503,tt9892094,actor,8
nm7074701,tt9892094,actress,9
nm1537947,tt9892338,actress,6
nm3485972,tt9893250,actor,10
nm2678898,tt9893824,actor,7
nm10529308,tt9894394,actor,3
nm0259708,tt9894440,actress,6
nm5048087,tt9894440,actor,4
nm8079280,tt9895024,actor,8
nm0513598,tt9898328,actor,10
nm0082731,tt9898636,actor,3
nm0412915,tt9898636,actor,4
nm2665929,tt9899938,actor,6
nm1303216,tt9899972,actress,2
nm1126474,tt9900614,actor,4
nm5782889,tt9900782,actor,6
nm5429373,tt9904004,actress,3
nm2843482,tt9904010,actor,3
nm2684912,tt9904802,actor,6
nm0812760,tt9905224,actress,10
nm7884017,tt9905224,actress,7
nm5030574,tt9905536,actress,3
nm3018114,tt9908390,actress,6
nm10319162,tt9908636,actress,4
nm10536358,tt9911046,actor,6
nm1001625,tt9911306,actor,4
nm10497829,tt9913594,actress,2
nm1569756,tt9915790,actor,11
nm2143171,tt9916170,actress,9
nm10678595,tt9916362,actress,7
nm10678598,tt9916362,actress,5
nm10041459,tt9916538,actor,3
nm0993783,tt9290986,actor,7
nm9554586,tt9291476,actress,7
nm9457511,tt9292336,actress,7
nm10265581,tt9296214,actor,7
nm8264364,tt9302026,actress,6
nm10063319,tt9303032,actor,1
nm1950485,tt9305634,actress,8
nm3387680,tt9311062,actor,7
nm18559638,tt9311360,actor,2
nm2259391,tt9312100,actor,2
nm0510694,tt9312830,actor,8
nm10673191,tt9313004,actor,7
nm11329583,tt9313910,actress,9
nm10273980,tt9314862,actress,4
nm10277003,tt9315112,actress,5
nm10277004,tt9315112,actor,8
nm10047921,tt9315574,actor,4
nm8467477,tt9315574,actor,9
nm7131255,tt9315672,actress,7
nm0720461,tt9317286,actor,3
nm4629694,tt9317286,actress,4
nm1748460,tt9319890,actress,8
nm4434111,tt9319890,actor,10
nm1617631,tt9320140,actress,3
nm10367779,tt9324428,actor,10
nm5739775,tt9326646,actress,5
nm0239575,tt9327584,actor,1
nm10919639,tt9328726,actress,10
nm0712954,tt9330502,actress,4
nm4234053,tt9331416,actress,4
nm9103431,tt9331556,actor,4
nm7294663,tt9331776,actor,9
nm0222181,tt9332734,actor,1
nm2153938,tt9333202,actor,8
nm2386632,tt9333346,actor,4
nm3054159,tt9335892,actor,8
nm8836879,tt9335892,actress,4
nm1028434,tt9340700,actor,2
nm1918176,tt9344454,actress,4
nm3500582,tt9347730,actress,2
nm0001803,tt9347750,actor,4
nm1192296,tt9347750,actress,8
nm0856917,tt9348720,actress,2
nm0176444,tt9349770,actor,2
nm5138751,tt9349770,actor,4
nm10288814,tt9351062,actress,2
nm4686142,tt9352926,actress,9
nm10289909,tt9353656,actor,4
nm10530182,tt9353656,actor,5
nm8968281,tt9354438,actor,6
nm10292620,tt9356304,actor,8
nm8294218,tt9357404,actress,1
nm8294221,tt9357404,actress,2
nm8586210,tt9357404,actor,6
nm0452860,tt9358120,actress,6
nm0553186,tt9358486,actor,9
nm3306329,tt9358486,actress,7
nm13414098,tt9359560,actor,8
nm9397877,tt9359680,actress,5
nm7929504,tt9359754,actor,9
nm8143598,tt9359942,actress,8
nm2611061,tt9360280,actor,3
nm0000651,tt9362736,actress,3
nm13536956,tt9362736,actress,9
nm1747294,tt9364228,actor,10
nm10295077,tt9364276,actress,6
nm2467205,tt9364494,actor,5
nm2395335,tt9365604,actor,4
nm11205877,tt9365762,actor,7
nm1794268,tt9365800,actor,10
nm4357061,tt9367742,actress,5
nm6501150,tt9367850,actress,10
nm6735462,tt9367926,actor,8
nm8285867,tt9368200,actress,7
nm13639499,tt9368384,actor,9
nm9406394,tt9369410,actor,6
nm0075710,tt9372116,actor,6
nm10298321,tt9372344,actor,10
nm2352234,tt9372344,actor,8
nm1526673,tt9372388,actress,9
nm2115648,tt9373258,actress,3
nm1166422,tt9374682,actor,8
nm2914537,tt9377978,actor,9
nm5226061,tt9377994,actress,6
nm0594331,tt9378134,actor,7
nm6489058,tt9378320,actor,5
nm0433893,tt9378416,actor,4
nm10217092,tt9378692,actress,10
nm6894302,tt9378826,actor,9
nm7059964,tt9378826,actor,6
nm1881315,tt9379404,actress,7
nm1727242,tt9379530,actor,9
nm4113112,tt9379530,actor,4
nm4406232,tt9381682,actor,6
nm0994846,tt9383706,actress,6
nm0710179,tt9383986,actor,7
nm7176425,tt9384516,actress,3
nm10293916,tt9386290,actor,3
nm3954882,tt9386648,actor,10
nm10305379,tt9387520,actress,3
nm4349094,tt9390194,actor,1
nm3792384,tt9390202,actor,1
nm7605608,tt9390202,actor,9
nm10751619,tt9391166,actor,8
nm6194571,tt9391864,actor,2
nm0359226,tt9391920,actress,2
nm2198906,tt9392532,actor,3
nm5149328,tt9395384,actor,6
nm10308174,tt9395714,actor,1
nm10308177,tt9395714,actor,4
nm10308186,tt9395714,actor,2
nm2148811,tt9395768,actress,10
nm10308382,tt9396050,actor,1
nm3406682,tt9398222,actor,4
nm10587276,tt9398530,actor,9
nm1596350,tt9399168,actor,1
nm2114785,tt9403928,actress,9
nm10113120,tt9404258,actress,1
nm2121157,tt9404442,actress,3
nm8467135,tt9404442,actress,10
nm0667978,tt9407156,actress,7
nm3889539,tt9408462,actor,3
nm5708573,tt9408462,actress,6
nm10418802,tt9408742,actor,8
nm3569001,tt9411866,actor,9
nm8722291,tt9412726,actor,2
nm13244816,tt9414684,actor,10
nm10315883,tt9414690,actor,6
nm10315885,tt9414690,actor,10
nm2361483,tt9415560,actor,6
nm4357116,tt9418878,actress,2
nm6192873,tt9419628,actor,10
nm3935097,tt9419976,actress,7
nm4731677,tt9420648,actor,1
nm0024869,tt9421442,actor,1
nm10319170,tt9421442,actress,3
nm10319173,tt9421442,actor,6
nm0765597,tt9421570,actor,3
nm3150764,tt9422468,actor,9
nm5514564,tt9422682,actress,4
nm0077257,tt9426802,actor,1
nm10469224,tt9427166,actress,6
nm6682211,tt9427218,actor,4
nm10355139,tt9427636,actor,4
nm3472442,tt9428050,actress,1
nm5023877,tt9429914,actress,5
nm4974278,tt9430518,actor,1
nm1081573,tt9431080,actor,7
nm1551852,tt9431080,actress,10
nm4532663,tt9431096,actress,10
nm4926180,tt9431096,actress,3
nm10683360,tt9431740,actress,3
nm3072413,tt9432338,actress,6
nm7189092,tt9432338,actor,7
nm4174928,tt9433872,actress,4
nm1485628,tt9436682,actress,2
nm0157374,tt9437224,actress,5
nm1800631,tt9437224,actress,4
nm6767239,tt9440450,actress,3
nm0159337,tt9441934,actress,1
nm8825668,tt9442146,actor,8
nm2682461,tt9442920,actress,6
nm9019496,tt9447662,actor,5
nm6229747,tt9447768,actress,4
nm2506850,tt9449952,actor,10
nm10627025,tt9450384,actress,8
nm12097327,tt9451096,actor,9
nm10442618,tt9452520,actor,4
nm10301008,tt9452900,actor,9
nm10333193,tt9453616,actor,10
nm7509308,tt9453616,actor,1
nm3006105,tt9455028,actress,10
nm4381156,tt9455028,actor,4
nm12146152,tt9455030,actress,3
nm10334571,tt9456222,actor,3
nm0522205,tt9458110,actor,4
nm0319980,tt9459988,actor,3
nm2551311,tt9460386,actress,3
nm9075904,tt9460386,actress,4
nm5474787,tt9460580,actor,8
nm3349065,tt9461104,actor,8
nm2672743,tt9462066,actor,3
nm3307744,tt9464000,actor,3
nm13303127,tt9465624,actor,10
nm4358014,tt9465624,actor,2
nm10339106,tt9465812,actor,10
nm1523289,tt9466032,actor,1
nm10339325,tt9466070,actor,3
nm3018183,tt9466114,actress,6
nm1560523,tt9466424,actress,6
nm3557375,tt9466424,actor,2
nm5023615,tt9466498,actor,4
nm2983464,tt9466786,actor,3
nm7322034,tt9466786,actress,2
nm7733137,tt9466814,actor,9
nm0697027,tt9471424,actor,1
nm10105565,tt9471424,actor,6
nm5550060,tt9471502,actress,5
nm1166977,tt9471660,actor,5
nm0118600,tt9471678,actor,10
nm4148153,tt9471784,actor,4
nm6592338,tt9472658,actress,8
nm10584289,tt9474614,actor,7
nm9864495,tt9475430,actress,6
nm3287985,tt9476430,actor,10
nm8014084,tt9477066,actress,4
nm11671413,tt9477532,actor,8
nm10583256,tt9480146,actor,9
nm6161516,tt9484998,actress,6
nm1560269,tt9490150,actress,5
nm1728821,tt9493708,actress,3
nm4821030,tt9493708,actor,6
nm1940324,tt9494300,actress,10
nm7552807,tt9495224,actress,6
nm9990676,tt9496212,actor,2
nm17754849,tt9496860,actor,7
nm6030090,tt9500346,actor,10
nm3929164,tt9500358,actor,5
nm7898975,tt9501678,actor,5
nm0902254,tt9502538,actress,9
nm0862820,tt9503722,actor,1
nm10577922,tt9504952,actor,1
nm4572072,tt9506480,actress,2
nm0945339,tt9507234,actress,12
nm10454383,tt9510324,actor,7
nm1946407,tt9511468,actor,9
nm0654710,tt9512188,actor,6
nm4762222,tt9513644,actress,1
nm1935906,tt9514116,actress,4
nm7335270,tt9514690,actress,1
nm9169137,tt9514882,actor,10
nm6575561,tt9517188,actress,10
nm7022372,tt9517188,actor,6
nm5493006,tt9517348,actress,9
nm2153938,tt9519034,actor,6
nm1997490,tt9519642,actor,8
nm1614974,tt9520140,actress,9
nm5310553,tt9520140,actress,8
nm9390890,tt9522162,actress,10
nm0000515,tt9525878,actress,3
nm0193554,tt9525878,actor,2
nm8109372,tt9525926,actress,4
nm1220531,tt9526884,actor,6
nm7392140,tt9528596,actor,8
nm8674109,tt9528596,actor,9
nm1160050,tt9528930,actor,9
nm9071117,tt9529302,actress,9
nm3346368,tt9529640,actor,8
nm0620173,tt9529656,actress,6
nm2858832,tt9529786,actor,2
nm10366906,tt9530954,actor,11
nm3828984,tt9531772,actor,4
nm0002096,tt9534714,actress,6
nm1101910,tt9534808,actor,3
nm2594314,tt9534948,actress,2
nm9746033,tt9534948,actor,5
nm10322436,tt9536636,actor,2
nm3532874,tt9537068,actor,6
nm2319565,tt9537082,actor,1
nm10368958,tt9537246,actress,2
nm2794335,tt9537316,actor,5
nm1127958,tt9537342,actor,4
nm5688044,tt9537346,actress,3
nm3128762,tt9537936,actress,4
nm7125176,tt9538188,actor,1
nm9148197,tt9538216,actor,2
nm4566081,tt9540556,actress,2
nm4724538,tt9542116,actress,2
nm2099350,tt9543062,actor,2
nm9787727,tt9543176,actress,4
nm5800422,tt9543780,actress,4
nm0439409,tt9546082,actor,3
nm10186457,tt9547318,actress,5
nm1156207,tt9548134,actor,2
nm3842931,tt9551760,actor,8
nm1795399,tt9552208,actor,7
nm2067218,tt9552258,actor,7
nm3305911,tt9552258,actor,3
nm5083230,tt9552564,actor,7
nm1690576,tt9553136,actress,7
nm10479710,tt9554862,actress,8
nm2609445,tt9557332,actor,10
nm4782330,tt9557416,actress,8
nm10379059,tt9557672,actor,1
nm10379061,tt9557672,actress,3
nm4163711,tt9557820,actress,8
nm4951437,tt9561388,actor,9
nm9202878,tt9561744,actor,6
nm0951043,tt9562268,actor,1
nm1869082,tt9562564,actor,4
nm1835962,tt9562978,actress,6
nm9634908,tt9567472,actress,10
nm10396378,tt9567902,actress,5
nm6203023,tt9568718,actor,1
nm6714032,tt9569096,actor,5
nm8547011,tt9569306,actress,1
nm0443937,tt9569504,actress,6
nm0812210,tt9569512,actor,3
nm3289556,tt9569512,actress,2
nm0139673,tt9569544,actor,2
nm0258194,tt9569544,actress,4
nm10203651,tt9569610,actor,6
nm8325447,tt9569610,actor,8
nm0033133,tt9573138,actress,10
nm10387663,tt9574846,actor,4
nm2164767,tt9575438,actor,10
nm2911598,tt9575726,actor,7
nm10082715,tt9578420,actor,10
nm0665101,tt9579106,actor,4
nm0999317,tt9580442,actress,3
nm9426597,tt9580502,actor,3
nm10405979,tt9581258,actor,8
nm2213957,tt9581258,actor,1
nm10390406,tt9581478,actress,8
nm1505297,tt9583840,actress,8
nm0555221,tt9584128,actor,6
nm0639774,tt9584128,actor,8
nm0623311,tt9584814,actress,6
nm1228072,tt9584814,actor,7
nm0608513,tt9584972,actor,7
nm5439251,tt9585116,actress,4
nm9655821,tt9585798,actress,4
nm4483936,tt9587950,actress,1
nm8401263,tt9588846,actor,7
nm4431474,tt9591082,actress,2
nm5126722,tt9592522,actor,7
nm3012977,tt9594140,actor,7
nm9740227,tt9595666,actor,6
nm9015942,tt9595816,actress,1
nm10396814,tt9596084,actress,2
nm0767974,tt9600076,actress,7
nm1434871,tt9601292,actor,4
nm3727008,tt9602258,actor,10
nm5145138,tt9602712,actor,7
nm1728167,tt9603432,actor,1
nm10339797,tt9603470,actress,3
nm10339798,tt9603470,actor,2
nm0000514,tt9605894,actor,4
nm0429069,tt9606374,actress,2
nm10403404,tt9607270,actress,3
nm4320647,tt9608818,actor,10
nm10806329,tt9610250,actress,4
nm10404560,tt9610838,actor,4
nm0302965,tt9611484,actor,4
nm5669149,tt9612164,actor,6
nm0419273,tt9612982,actor,3
nm1397705,tt9614994,actress,5
nm8324884,tt9614994,actress,2
nm1269614,tt9615020,actress,6
nm9012886,tt9615020,actor,7
nm9025542,tt9615020,actress,3
nm0945094,tt9615680,actress,5
nm6452302,tt9615680,actor,6
nm9411001,tt9616558,actor,3
nm1785052,tt9617892,actress,1
nm0346491,tt9618098,actor,2
nm4079782,tt9618458,actress,5
nm0594348,tt9618478,actor,5
nm0246534,tt9619402,actor,10
nm2845856,tt9620822,actor,1
nm3811485,tt9621580,actor,4
nm0044455,tt9622950,actor,9
nm8211152,tt9624686,actress,10
nm1736550,tt9625242,actor,11
nm1058983,tt9626764,actor,2
nm10412499,tt9629114,actor,6
nm5824855,tt9629494,actress,10
nm12793415,tt9629946,actor,4
nm0590985,tt9630940,actor,5
nm2640610,tt9631052,actress,11
nm1475385,tt9632080,actress,1
nm0644952,tt9632180,actor,7
nm10450256,tt9634958,actress,4
nm4876224,tt9635540,actor,10
nm2396101,tt9635616,actor,5
nm0434595,tt9635772,actor,8
nm0398760,tt9635902,actor,9
nm0482656,tt9635902,actor,3
nm7086305,tt9636302,actress,4
nm0434593,tt9637640,actress,3
nm7739410,tt9643286,actress,8
nm5055028,tt9646240,actress,4
nm14002885,tt9649548,actor,10
nm0361696,tt9649974,actor,7
nm8740078,tt9651918,actress,9
nm9682345,tt9651918,actor,7
nm3823176,tt9652984,actor,9
nm0441548,tt9652990,actor,7
nm1919023,tt9652990,actor,6
nm12800932,tt9654134,actor,13
nm10999639,tt9654782,actress,9
nm10999642,tt9654782,actor,4
nm2205155,tt9654782,actress,5
nm8970347,tt9654782,actor,3
nm10424799,tt9654806,actress,6
nm7704530,tt9655758,actress,5
nm6289733,tt9657764,actor,3
nm6518721,tt9657764,actor,1
nm1708851,tt9657840,actress,2
nm7325906,tt9657910,actress,10
nm10680161,tt9658022,actress,10
nm1903257,tt9658034,actor,2
nm1463711,tt9660006,actress,7
nm1283995,tt9660472,actor,10
nm2149249,tt9660666,actress,9
nm3438835,tt9661164,actor,2
nm10641169,tt9661960,actor,8
nm11001745,tt9661960,actress,2
nm0361667,tt9663146,actress,3
nm7474454,tt9663258,actor,9
nm2814333,tt9663382,actor,2
nm4980481,tt9663702,actress,3
nm0000576,tt9663896,actor,8
nm10091596,tt9668280,actor,7
nm1728878,tt9668358,actress,5
nm2488896,tt9668358,actress,7
nm0541126,tt9668556,actor,6
nm3159930,tt9668556,actor,2
nm0599748,tt9669470,actress,9
nm10430874,tt9670458,actor,6
nm0319834,tt9672244,actress,7
nm9608462,tt9674196,actor,7
nm10433009,tt9675092,actor,9
nm9932497,tt9675374,actor,8
nm12454993,tt9676274,actor,8
nm1021099,tt9676940,actor,5
nm5546239,tt9676940,actor,1
nm10434246,tt9677100,actor,7
nm7521778,tt9677100,actress,9
nm0312647,tt9679044,actor,8
nm1871740,tt9679044,actor,10
nm10435352,tt9679368,actress,6
nm0940353,tt9679528,actor,3
nm7632179,tt9679538,actor,10
nm3974782,tt9680076,actor,8
nm3427667,tt9680148,actress,6
nm10438662,tt9680520,actor,10
nm6921368,tt9680802,actor,5
nm9848296,tt9681250,actor,9
nm5422415,tt9683268,actor,6
nm8532388,tt9684994,actor,6
nm6039993,tt9685342,actor,3
nm12873804,tt9686350,actor,3
nm0912186,tt9687560,actress,2
nm0702672,tt9689922,actress,2
nm10440438,tt9690776,actress,6
nm1654523,tt9690832,actor,10
nm2790906,tt9690868,actor,1
nm3538718,tt9691136,actor,2
nm10174309,tt9691336,actress,6
nm2319565,tt9691336,actor,1
nm10441644,tt9693022,actor,9
nm0040910,tt9694012,actor,2
nm5967723,tt9694682,actor,4
nm0640689,tt9695258,actor,8
nm8406545,tt9697960,actor,13
nm0822278,tt9698430,actor,1
nm1707874,tt9698430,actor,4
nm0007106,tt9700334,actor,3
nm13041069,tt9702850,actor,9
nm0419705,tt9703398,actor,2
nm0000539,tt9707456,actress,1
nm0000574,tt9707456,actor,2
nm0169558,tt9707780,actress,5
nm1003010,tt9710572,actress,5
nm10438367,tt9711868,actor,1
nm2897658,tt9711868,actor,6
nm10425074,tt9712476,actor,9
nm0322513,tt9713418,actor,1
nm9411656,tt9717270,actor,1
nm10425528,tt9718474,actor,5
nm2785857,tt9718474,actress,8
nm1577285,tt9719864,actor,7
nm0709777,tt9726146,actor,1
nm1415924,tt9726146,actor,6
nm5560278,tt9728306,actor,11
nm9832217,tt9729060,actress,8
nm4109267,tt9729768,actress,8
nm10454406,tt9730794,actress,4
nm10747995,tt9731360,actress,10
nm0250613,tt9731442,actress,6
nm10680593,tt9733060,actor,10
nm0147978,tt9733150,actor,10
nm1632883,tt9733150,actress,3
nm0382632,tt9733388,actor,1
nm0840305,tt9733886,actress,2
nm4746242,tt9735470,actress,9
nm10857343,tt9735830,actress,1
nm10540833,tt9735976,actress,7
nm0620124,tt9737258,actor,3
nm4789172,tt9738400,actor,3
nm0000729,tt9738716,actor,3
nm7979536,tt9738784,actress,8
nm0147923,tt9739232,actor,8
nm2430007,tt9740272,actress,2
nm10458311,tt9740508,actor,1
nm1172718,tt9740508,actor,8
nm10458436,tt9740770,actor,9
nm10526030,tt9741016,actor,5
nm0389058,tt9741180,actor,3
nm0504320,tt9742392,actor,8
nm4466582,tt9742642,actor,10
nm0349427,tt9742794,actor,7
nm1091033,tt9744922,actress,7
nm5216844,tt9744922,actress,8
nm2253071,tt9746718,actor,6
nm5706132,tt9747276,actress,2
nm0282348,tt9747338,actor,4
nm0161133,tt9747594,actress,1
nm0200887,tt9747894,actor,8
nm5590630,tt9747894,actress,4
nm8361827,tt9748136,actress,2
nm0371415,tt9748424,actress,7
nm9635459,tt9749604,actor,9
nm7462382,tt9750288,actor,1
nm9396070,tt9754442,actor,7
nm1698399,tt9755024,actress,8
nm8113878,tt9755608,actor,3
nm0673334,tt9755680,actor,6
nm8894385,tt9755680,actor,1
nm1382072,tt9755806,actor,2
nm0010157,tt9758500,actress,3
nm11006176,tt9760590,actor,7
nm4974711,tt9762398,actor,1
nm9546019,tt9762398,actor,6
nm1595733,tt9764248,actor,8
nm6584235,tt9764248,actor,3
nm10471447,tt9764272,actor,4
nm12099101,tt9765226,actor,8
nm0080968,tt9765352,actor,6
nm8490093,tt9765352,actress,4
nm10834690,tt9765840,actress,9
nm8025272,tt9765842,actor,10
nm1773444,tt9766160,actress,1
nm1267095,tt9766280,actor,5
nm10936718,tt9766310,actress,8
nm10735551,tt9767390,actress,2
nm10469692,tt9767724,actor,5
nm0882287,tt9772812,actress,10
nm10576428,tt9773182,actor,2
nm1669784,tt9773244,actor,3
nm8024329,tt9776102,actor,5
nm10474791,tt9777462,actress,4
nm2088803,tt9777666,actress,2
nm0802406,tt9777796,actress,2
nm5697682,tt9777882,actor,4
nm5140520,tt9778190,actor,4
nm0117721,tt9778622,actress,1
nm10476627,tt9783626,actor,6
nm8017864,tt9783658,actress,1
nm5586767,tt9783698,actor,9
nm0541218,tt9783730,actor,6
nm13561965,tt9783730,actor,10
nm3534819,tt9783778,actor,4
nm7672743,tt9783868,actress,9
nm3776270,tt9784068,actor,3
nm6560119,tt9784088,actress,3
nm10543601,tt9784518,actress,2
nm10477377,tt9784816,actress,8
nm10625946,tt9784954,actress,4
nm0440406,tt9786162,actor,3
nm1001005,tt9786512,actor,8
nm2206989,tt9787140,actor,7
nm10479458,tt9789180,actress,7
nm4941243,tt9789182,actor,5
nm0784119,tt9789390,actor,7
nm4799420,tt9789556,actor,2
nm4964345,tt9790808,actress,10
nm1001625,tt9793334,actor,6
nm6736465,tt9795052,actor,15
nm10706907,tt9795174,actor,3
nm0412046,tt9798310,actor,8
nm6151985,tt9800234,actor,3
nm1577101,tt9800670,actor,5
nm10523454,tt9802634,actress,7
nm2076652,tt9803316,actor,3
nm0314606,tt9803454,actor,12
nm0707548,tt9803614,actor,3
nm6583098,tt9803620,actress,2
nm0000227,tt9804272,actress,2
nm1702471,tt9805984,actor,8
nm0581781,tt9806192,actor,5
nm7079932,tt9806192,actor,1
nm10487855,tt9806222,actor,1
nm0613417,tt9808686,actor,2
nm0367928,tt9809432,actor,1
nm12876490,tt9810236,actor,3
nm3501643,tt9810236,actor,10
nm3904809,tt9812530,actress,2
nm10509919,tt9812614,actress,8
nm0032900,tt9812884,actor,2
nm0594640,tt9812884,actor,10
nm4037241,tt9815072,actress,8
nm10708686,tt9815156,actor,3
nm2652047,tt9815990,actress,10
nm12666133,tt9816636,actress,5
nm3443995,tt9816970,actress,3
nm3668113,tt9817216,actor,4
nm2423347,tt9817924,actor,10
nm10466396,tt9819206,actress,9
nm8121515,tt9819206,actor,10
nm6002483,tt9821834,actor,5
nm5274532,tt9822864,actor,10
nm5895749,tt9823562,actor,10
nm5291578,tt9824114,actor,9
nm10497267,tt9825006,actress,10
nm0943944,tt9826820,actor,2
nm12185136,tt9827784,actress,6
nm8062541,tt9827998,actress,2
nm2799929,tt9828208,actor,7
nm10498893,tt9828908,actor,9
nm2014279,tt9829108,actress,5
nm5465033,tt9830862,actor,3
nm0393028,tt9832110,actor,8
nm2622044,tt9833412,actress,7
nm8981542,tt9834492,actress,8
nm10301720,tt9834506,actress,2
nm1257062,tt9838916,actress,1
nm7923536,tt9839686,actor,8
nm0654726,tt9840936,actor,8
nm15522051,tt9841750,actress,7
nm0459294,tt9842544,actor,7
nm0406727,tt9843028,actor,3
nm14154577,tt9843172,actor,9
nm10505052,tt9843224,actress,4
nm4470570,tt9843742,actor,2
nm7000274,tt9844086,actress,6
nm10506108,tt9844420,actor,3
nm8177465,tt9844650,actress,4
nm2465620,tt9844772,actor,8
nm2871516,tt9845036,actor,9
nm10626422,tt9846462,actor,5
nm15883053,tt9846462,actress,10
nm10511458,tt9848972,actor,10
nm10511462,tt9848972,actor,6
nm11198899,tt9850050,actor,5
nm7590368,tt9851426,actor,8
nm6317486,tt9852508,actor,1
nm0733784,tt9853264,actor,9
nm3474793,tt9853264,actress,10
nm17479626,tt9854782,actress,10
nm10253161,tt9854844,actress,6
nm2799390,tt9854844,actress,10
nm1253882,tt9855210,actress,5
nm4307210,tt9855782,actress,8
nm6630516,tt9855984,actor,6
nm6432937,tt9856680,actress,8
nm10513492,tt9859504,actor,4
nm10513559,tt9859528,actor,2
nm8191991,tt9859528,actor,8
nm0632497,tt9860350,actor,1
nm0587396,tt9860728,actress,1
nm4178718,tt9860858,actress,5
nm10514442,tt9861192,actor,7
nm3140538,tt9861200,actor,2
nm10871664,tt9861220,actor,9
nm10516038,tt9865282,actor,1
nm7614842,tt9865452,actor,9
nm2879092,tt9866736,actor,1
nm6526252,tt9866736,actor,8
nm9503309,tt9866738,actor,8
nm7519255,tt9869994,actor,4
nm5331326,tt9870726,actor,5
nm0594702,tt9871328,actor,9
nm8558895,tt9872556,actor,8
nm3194537,tt9872618,actor,6
nm4624934,tt9873376,actor,5
nm3403823,tt9873652,actor,10
nm11660246,tt9875852,actress,1
nm2401249,tt9876296,actor,10
nm8590711,tt9876944,actor,8
nm1001836,tt9877274,actress,1
nm5873655,tt9878422,actor,2
nm1278335,tt9878598,actor,4
nm8485804,tt9878598,actor,8
nm10180505,tt9878650,actress,3
nm7747767,tt9880212,actor,3
nm3238544,tt9881330,actor,6
nm16210066,tt9881364,actress,4
nm3013862,tt9881364,actor,5
nm3731565,tt9881616,actor,10
nm2796110,tt9881852,actress,8
nm1172930,tt9883860,actress,6
nm1586491,tt9883860,actress,2
nm10447436,tt9887180,actor,3
nm5208549,tt9888560,actor,9
nm1273023,tt9889716,actress,10
nm9604309,tt9891874,actor,6
nm7480411,tt9892908,actress,2
nm5104522,tt9893084,actress,7
nm1210364,tt9893160,actor,10
nm1570191,tt9893824,actress,2
nm8030827,tt9893878,actress,4
nm0838937,tt9893922,actor,10
nm1763493,tt9894470,actor,9
nm2267725,tt9894470,actress,10
nm2274783,tt9894894,actress,3
nm0378245,tt9898858,actress,2
nm0823366,tt9899344,actress,9
nm6745902,tt9899840,actor,7
nm13182919,tt9899850,actor,11
nm10535602,tt9899880,actor,10
nm16155023,tt9900390,actor,6
nm10531604,tt9900396,actor,8
nm7519297,tt9900398,actress,6
nm10531655,tt9900552,actor,9
nm11328108,tt9900570,actor,8
nm6649988,tt9900782,actor,5
nm11885597,tt9901532,actor,8
nm8288376,tt9903802,actor,5
nm10532931,tt9904010,actor,8
nm8535950,tt9904098,actor,6
nm10533784,tt9905252,actress,9
nm10513734,tt9909656,actress,3
nm9955532,tt9910530,actor,5
nm13825251,tt9911306,actor,10
nm1359508,tt9914942,actor,5
nm2756056,tt9915790,actress,2
nm0017332,tt9916124,actor,1
nm0579076,tt9291866,actress,4
nm1960985,tt9291866,actor,3
nm3949804,tt9292336,actress,2
nm3464090,tt9296734,actress,6
nm10266986,tt9298196,actor,3
nm8502251,tt9298196,actor,10
nm3571521,tt9302986,actress,3
nm10063516,tt9303032,actress,13
nm3479264,tt9303696,actress,10
nm6137761,tt9303772,actress,8
nm10269103,tt9303778,actress,8
nm3474050,tt9303778,actress,4
nm1523938,tt9308452,actor,9
nm8909876,tt9309408,actor,10
nm1115631,tt9309546,actress,2
nm11034927,tt9309568,actress,7
nm10278850,tt9309968,actor,8
nm18559637,tt9311360,actor,7
nm6995817,tt9311360,actress,10
nm8194718,tt9311532,actor,1
nm1437257,tt9313264,actress,6
nm0001592,tt9313424,actor,1
nm9238904,tt9313474,actor,3
nm10069353,tt9313558,actor,6
nm7612784,tt9313558,actor,10
nm9485425,tt9313558,actor,9
nm10226640,tt9313816,actress,4
nm10261361,tt9313908,actor,7
nm10276271,tt9314164,actress,6
nm2855195,tt9315684,actor,7
nm10353894,tt9316574,actress,1
nm6637509,tt9316710,actor,3
nm6088477,tt9319194,actor,6
nm14502745,tt9319826,actor,10
nm10317263,tt9319868,actor,5
nm10347853,tt9319868,actress,3
nm14456598,tt9319878,actress,1
nm14456600,tt9319878,actor,9
nm9061367,tt9319884,actor,6
nm3769437,tt9319890,actor,4
nm12121766,tt9320170,actor,3
nm2495343,tt9320170,actor,9
nm0043199,tt9320226,actor,10
nm1282863,tt9322350,actor,2
nm10278352,tt9324428,actor,8
nm9005785,tt9326646,actor,8
nm0139057,tt9326956,actress,2
nm1228132,tt9327264,actress,4
nm5649428,tt9327378,actress,3
nm7911117,tt9327540,actress,11
nm3929147,tt9327584,actor,10
nm6817679,tt9327584,actor,6
nm7954006,tt9327782,actor,6
nm0369696,tt9330112,actor,3
nm3741323,tt9330400,actress,9
nm6235401,tt9330400,actor,1
nm2297029,tt9331072,actor,8
nm3998145,tt9331556,actor,3
nm5397578,tt9333358,actor,1
nm9544445,tt9334342,actress,6
nm10803020,tt9335210,actress,3
nm2322442,tt9337590,actor,4
nm8033021,tt9337862,actress,4
nm8718565,tt9337862,actor,9
nm10284013,tt9340486,actress,4
nm4588093,tt9340512,actress,9
nm6508720,tt9340512,actress,4
nm6787910,tt9341136,actress,2
nm8969330,tt9342356,actor,5
nm5022883,tt9342622,actor,9
nm4903685,tt9343758,actor,11
nm7989363,tt9343826,actress,2
nm1783443,tt9345754,actor,7
nm3581007,tt9345778,actor,1
nm7574602,tt9347476,actress,10
nm7574605,tt9347476,actress,7
nm7700703,tt9347730,actress,8
nm7903846,tt9348546,actor,5
nm7051150,tt9348578,actor,8
nm1929699,tt9348908,actress,5
nm10288338,tt9349020,actor,4
nm0092608,tt9349050,actress,1
nm0419688,tt9351220,actor,6
nm5580013,tt9352210,actor,2
nm10528832,tt9353656,actress,9
nm1434372,tt9354674,actor,8
nm10290589,tt9354814,actor,3
nm3381295,tt9354944,actress,2
nm2459341,tt9355162,actor,3
nm1807222,tt9356952,actress,4
nm0001983,tt9358040,actor,1
nm8976246,tt9358398,actor,4
nm10091221,tt9358422,actor,7
nm1333017,tt9359224,actress,1
nm1164730,tt9359344,actress,2
nm3317281,tt9359344,actress,5
nm9395927,tt9359560,actor,7
nm11115127,tt9359774,actor,2
nm9717222,tt9359774,actor,6
nm0352764,tt9362492,actor,2
nm3573027,tt9362492,actor,3
nm3109964,tt9362722,actor,3
nm3260157,tt9364210,actress,3
nm10691532,tt9364406,actress,3
nm0508561,tt9364436,actor,5
nm7391964,tt9364862,actress,2
nm13774145,tt9367136,actor,9
nm7770979,tt9367348,actress,2
nm16027801,tt9367402,actor,9
nm3968703,tt9368628,actor,7
nm0371628,tt9369268,actress,4
nm10296608,tt9369268,actress,2
nm0708032,tt9370232,actor,10
nm10066504,tt9371344,actress,3
nm8380569,tt9371598,actress,1
nm10297695,tt9371672,actress,4
nm9215833,tt9371706,actor,3
nm10279777,tt9371730,actor,10
nm1080646,tt9371730,actress,7
nm2847284,tt9372172,actor,10
nm15135802,tt9372746,actress,1
nm2386632,tt9373258,actor,5
nm2389777,tt9373258,actor,10
nm0046977,tt9373894,actor,8
nm0430817,tt9376172,actor,1
nm0679690,tt9376362,actress,3
nm0373573,tt9377066,actor,4
nm0423102,tt9378134,actor,5
nm2772584,tt9378658,actress,3
nm3755586,tt9379404,actor,3
nm0629634,tt9379416,actor,3
nm4027546,tt9379416,actress,7
nm6803605,tt9379416,actress,10
nm1439204,tt9381994,actress,1
nm7138719,tt9382172,actor,4
nm3592491,tt9383658,actor,7
nm0080352,tt9383758,actress,3
nm1833974,tt9384038,actress,3
nm10807120,tt9384516,actor,10
nm1799017,tt9385870,actress,1
nm7744616,tt9387352,actress,3
nm10305292,tt9387380,actor,7
nm8752530,tt9389132,actor,3
nm4260846,tt9389598,actor,1
nm8978938,tt9389598,actor,8
nm5396259,tt9389622,actor,1
nm5712436,tt9390194,actress,7
nm5798585,tt9390202,actress,6
nm10318510,tt9390222,actor,4
nm10963295,tt9390222,actor,8
nm0269419,tt9392248,actor,1
nm10307102,tt9392324,actress,3
nm10307165,tt9392402,actor,7
nm3927203,tt9395400,actor,7
nm1694886,tt9396984,actor,2
nm5492721,tt9396994,actor,4
nm0968541,tt9398222,actress,1
nm0302108,tt9398640,actor,1
nm8963616,tt9403584,actress,4
nm3896108,tt9403928,actor,5
nm7532715,tt9404596,actress,7
nm9525403,tt9405352,actor,8
nm6920613,tt9405714,actor,9
nm0151097,tt9407156,actor,9
nm3131769,tt9407706,actor,3
nm10313745,tt9408114,actress,10
nm2849785,tt9408490,actor,4
nm2386632,tt9409096,actor,8
nm11041862,tt9412268,actor,6
nm2217791,tt9412268,actor,5
nm8400781,tt9413792,actress,9
nm0748964,tt9415108,actor,9
nm0155992,tt9415552,actor,1
nm1027842,tt9419730,actress,6
nm0782644,tt9419794,actor,2
nm5445942,tt9420624,actor,5
nm0795661,tt9420648,actor,4
nm0009629,tt9421456,actor,1
nm10321341,tt9422166,actress,2
nm1341478,tt9422166,actress,7
nm14060209,tt9422624,actress,8
nm3301868,tt9425650,actor,2
nm12285098,tt9426802,actress,9
nm10858694,tt9427636,actor,15
nm5443585,tt9428746,actor,2
nm3766940,tt9430780,actor,8
nm8433300,tt9433466,actress,7
nm1183050,tt9436682,actor,8
nm11936047,tt9437052,actor,3
nm3587952,tt9437360,actress,3
nm0005068,tt9441638,actor,1
nm2156908,tt9441978,actor,7
nm2630079,tt9442890,actor,10
nm2532230,tt9442920,actress,7
nm2960333,tt9446952,actress,8
nm8850112,tt9447594,actor,6
nm10330966,tt9447768,actress,2
nm5939214,tt9448332,actor,1
nm9716187,tt9449952,actor,8
nm1056936,tt9451848,actor,5
nm6447400,tt9451848,actor,3
nm4072944,tt9452846,actor,1
nm9709002,tt9453616,actor,7
nm4005399,tt9454554,actor,2
nm8061002,tt9454646,actress,5
nm0637505,tt9455100,actor,1
nm10334794,tt9457036,actor,4
nm0391738,tt9458062,actor,3
nm3404450,tt9460422,actor,7
nm8457558,tt9460430,actor,3
nm3387568,tt9462944,actress,7
nm0256873,tt9466096,actor,3
nm0465235,tt9466096,actor,4
nm1754239,tt9466114,actress,4
nm0004729,tt9466498,actor,2
nm9716187,tt9466814,actor,7
nm3368667,tt9468400,actor,6
nm1285394,tt9471128,actress,8
nm4326729,tt9471128,actor,1
nm1579662,tt9471660,actress,3
nm15780117,tt9471678,actor,13
nm10389677,tt9471952,actress,9
nm3170416,tt9471952,actress,3
nm0281107,tt9472532,actor,10
nm4961623,tt9472532,actress,5
nm2511538,tt9472658,actor,2
nm10344704,tt9475430,actress,5
nm10344341,tt9477132,actor,2
nm6619662,tt9479806,actor,5
nm2061859,tt9480146,actor,5
nm4916455,tt9480692,actor,3
nm1504885,tt9481776,actor,7
nm2843559,tt9482402,actress,1
nm1293000,tt9484812,actor,10
nm2129662,tt9484998,actress,2
nm1390180,tt9485062,actress,10
nm6827263,tt9485064,actress,9
nm3180447,tt9486128,actor,9
nm10349456,tt9486594,actor,6
nm1132913,tt9489598,actor,7
nm1617964,tt9489944,actress,4
nm8387024,tt9490042,actor,9
nm10349866,tt9490150,actor,7
nm4470621,tt9490150,actress,8
nm10466646,tt9490508,actor,2
nm1831169,tt9490972,actor,1
nm0619247,tt9491292,actress,4
nm2074966,tt9493038,actor,3
nm3715431,tt9495044,actress,2
nm8238745,tt9495044,actor,6
nm10833135,tt9495122,actor,9
nm10352266,tt9496420,actress,10
nm5387462,tt9500346,actor,7
nm5048092,tt9501678,actor,8
nm10362777,tt9503764,actress,1
nm10362809,tt9503764,actor,9
nm14927442,tt9505396,actor,8
nm6929749,tt9506480,actor,10
nm0299203,tt9506678,actress,9
nm0913789,tt9510356,actor,7
nm0430803,tt9514690,actor,6
nm10359218,tt9514882,actor,5
nm5916265,tt9514882,actress,6
nm10312360,tt9514970,actor,4
nm5702703,tt9515150,actress,2
nm9239904,tt9515298,actress,2
nm5955447,tt9515732,actor,3
nm7141587,tt9515792,actress,3
nm0544010,tt9516312,actor,9
nm0082212,tt9516994,actor,4
nm2148361,tt9519034,actress,2
nm2883665,tt9519642,actress,5
nm5361971,tt9522000,actor,5
nm1161069,tt9523112,actor,5
nm9540664,tt9524764,actress,6
nm10364247,tt9525200,actor,9
nm9680571,tt9525352,actress,4
nm8652775,tt9525958,actor,3
nm0173160,tt9526044,actor,5
nm10364895,tt9526090,actor,10
nm2513407,tt9526760,actress,7
nm13361752,tt9527682,actress,8
nm6210009,tt9527778,actor,4
nm0994324,tt9528596,actor,10
nm3407080,tt9528596,actress,4
nm3492422,tt9528596,actor,11
nm7317732,tt9528890,actress,2
nm10366108,tt9529740,actress,10
nm0476211,tt9529752,actor,6
nm10954223,tt9529756,actress,5
nm9352462,tt9529756,actress,1
nm0121529,tt9531538,actor,8
nm3760640,tt9531776,actor,10
nm10210839,tt9533434,actor,10
nm12139768,tt9534714,actor,10
nm4886518,tt9534714,actress,1
nm8324152,tt9534948,actor,8
nm12608848,tt9537068,actor,10
nm10392025,tt9537148,actor,7
nm3592766,tt9537278,actress,2
nm6334521,tt9537278,actor,5
nm1084853,tt9537292,actor,1
nm7640304,tt9537352,actor,10
nm0219334,tt9538008,actor,8
nm0453440,tt9541602,actor,8
nm2440627,tt9541602,actor,1
nm10894110,tt9542460,actor,1
nm9101150,tt9543092,actress,8
nm4680391,tt9543488,actress,7
nm10372746,tt9543780,actress,3
nm10402755,tt9547318,actor,2
nm0997434,tt9551682,actor,6
nm7504215,tt9551760,actor,5
nm10377019,tt9553096,actress,6
nm10377022,tt9553096,actor,7
nm10377640,tt9554958,actress,7
nm0758487,tt9555530,actress,2
nm2820986,tt9556438,actor,9
nm3923251,tt9557416,actress,10
nm10379063,tt9557672,actor,6
nm10395983,tt9557704,actor,10
nm10395985,tt9557704,actor,3
nm13526544,tt9557704,actor,9
nm8488982,tt9558468,actor,2
nm5089562,tt9561756,actress,1
nm0157098,tt9564676,actress,2
nm0916511,tt9565196,actress,10
nm10384357,tt9569306,actress,3
nm0406163,tt9569484,actress,5
nm0639533,tt9569504,actress,10
nm10385069,tt9569732,actress,9
nm10385400,tt9571090,actor,5
nm2296016,tt9571216,actor,9
nm0847302,tt9571542,actress,2
nm8254696,tt9573068,actor,5
nm0010355,tt9574444,actor,5
nm1560543,tt9574922,actress,6
nm16586992,tt9575160,actress,9
nm17182520,tt9575160,actor,4
nm11600728,tt9575388,actor,10
nm4474640,tt9576808,actor,4
nm0359222,tt9578420,actor,1
nm5674124,tt9578462,actress,8
nm0421004,tt9578746,actor,8
nm4975049,tt9579786,actress,3
nm8513869,tt9580036,actor,2
nm0724656,tt9580138,actor,15
nm3674756,tt9581840,actress,10
nm10398708,tt9582810,actress,10
nm0457953,tt9583876,actress,6
nm0248371,tt9584730,actor,2
nm10431507,tt9584972,actor,2
nm9100847,tt9585116,actor,3
nm2946751,tt9585798,actor,10
nm0993695,tt9588846,actress,2
nm9303330,tt9590954,actor,10
nm6486367,tt9591082,actor,9
nm6749520,tt9591082,actor,8
nm10395067,tt9591698,actress,9
nm1023932,tt9592364,actor,1
nm10395999,tt9592892,actor,8
nm10518005,tt9593000,actress,7
nm9104009,tt9593626,actor,11
nm9978993,tt9593626,actor,13
nm0032737,tt9595360,actor,3
nm10396628,tt9595738,actress,8
nm0683793,tt9596084,actor,3
nm0591389,tt9596092,actress,2
nm6785657,tt9597190,actor,6
nm9410159,tt9597190,actor,7
nm10055423,tt9597922,actress,5
nm2815281,tt9598172,actor,7
nm1495175,tt9598328,actor,7
nm9155416,tt9598594,actor,10
nm10076257,tt9600178,actor,10
nm10398726,tt9600178,actress,4
nm5983008,tt9600274,actress,7
nm9986430,tt9600568,actor,3
nm7082239,tt9600964,actress,2
nm9233198,tt9601292,actor,3
nm0000706,tt9603060,actress,1
nm8744341,tt9603060,actress,8
nm1666970,tt9603090,actor,1
nm0670408,tt9603208,actor,4
nm10401083,tt9603330,actress,7
nm1998753,tt9603432,actor,3
nm0880548,tt9603470,actor,6
nm10403415,tt9607270,actress,6
nm9348975,tt9609886,actor,3
nm0949045,tt9610246,actress,6
nm10404344,tt9610422,actress,7
nm4564288,tt9611484,actor,10
nm3628039,tt9611872,actor,3
nm11638992,tt9614414,actress,10
nm10406791,tt9615112,actress,4
nm5711973,tt9615610,actor,2
nm10407505,tt9617280,actor,3
nm2970078,tt9618458,actress,1
nm1476546,tt9618604,actor,4
nm0359271,tt9618764,actor,7
nm0394661,tt9618764,actor,6
nm7856398,tt9619402,actor,3
nm2852415,tt9619464,actress,4
nm10408834,tt9619578,actor,7
nm4503157,tt9619792,actress,2
nm0801356,tt9619798,actress,6
nm0711836,tt9619984,actress,6
nm0917406,tt9620254,actress,5
nm5917057,tt9620254,actress,2
nm1555340,tt9620292,actress,3
nm0409971,tt9622380,actor,3
nm0000115,tt9624766,actor,2
nm0599137,tt9625240,actress,2
nm5959033,tt9625632,actor,5
nm3968860,tt9625672,actor,8
nm4015048,tt9626278,actress,2
nm7166641,tt9626278,actor,7
nm6478947,tt9626764,actor,8
nm10411939,tt9626928,actress,4
nm7333113,tt9626928,actor,8
nm1748529,tt9627092,actress,6
nm2200755,tt9627092,actress,7
nm1367625,tt9630428,actor,5
nm2874468,tt9630868,actress,3
nm2852892,tt9630940,actor,9
nm10413716,tt9631944,actor,5
nm0875366,tt9632014,actress,3
nm10074396,tt9633264,actor,3
nm0008124,tt9635448,actor,1
nm3070408,tt9635540,actor,7
nm0457502,tt9635772,actress,6
nm10418003,tt9636294,actor,1
nm10354180,tt9636302,actress,2
nm16843476,tt9636630,actor,8
nm1797141,tt9637754,actor,1
nm2367756,tt9638084,actress,13
nm6422163,tt9638084,actor,11
nm1573418,tt9639274,actress,6
nm10935352,tt9641602,actress,9
nm2155676,tt9642686,actor,5
nm1711124,tt9642696,actor,6
nm0520787,tt9642962,actress,6
nm11829657,tt9643092,actor,8
nm8232273,tt9643092,actor,10
nm0062540,tt9643300,actress,2
nm1284734,tt9644250,actress,5
nm5310307,tt9646624,actor,10
nm6005290,tt9647298,actor,4
nm10428102,tt9648382,actress,5
nm6269780,tt9648672,actor,5
nm1237533,tt9648942,actor,4
nm0322742,tt9652550,actress,4
nm1375492,tt9652782,actor,2
nm0039327,tt9652888,actor,7
nm2120205,tt9653352,actor,2
nm9117677,tt9653352,actor,8
nm2115757,tt9654134,actress,6
nm0406737,tt9654308,actor,3
nm10423853,tt9654830,actor,5
nm5822568,tt9654830,actor,2
nm10975965,tt9655758,actor,7
nm11012523,tt9657158,actor,3
nm0294067,tt9657382,actress,6
nm0161198,tt9657764,actress,7
nm6691848,tt9657904,actor,3
nm10551731,tt9658140,actor,10
nm14752745,tt9658288,actor,9
nm8435168,tt9658388,actor,3
nm0109878,tt9659926,actor,4
nm5477572,tt9660006,actress,6
nm0220183,tt9660502,actress,3
nm0372117,tt9662722,actor,3
nm10427691,tt9662722,actor,10
nm7842944,tt9663098,actress,4
nm8610001,tt9663100,actor,8
nm1872855,tt9663168,actor,8
nm1971706,tt9663666,actress,2
nm9435082,tt9663896,actor,7
nm0314578,tt9664206,actress,5
nm4234452,tt9666970,actress,2
nm10429839,tt9667988,actress,9
nm3286633,tt9668556,actor,9
nm10600916,tt9668564,actor,8
nm11585046,tt9668564,actor,9
nm11528526,tt9668748,actor,9
nm3851858,tt9670278,actor,8
nm7697417,tt9670282,actor,5
nm0764871,tt9670540,actor,2
nm8855159,tt9674196,actor,3
nm7934161,tt9674904,actor,7
nm7687161,tt9675274,actress,7
nm1269581,tt9675320,actor,9
nm10681054,tt9675374,actor,5
nm10443946,tt9676194,actress,6
nm12454992,tt9676274,actor,5
nm0241290,tt9678162,actress,8
nm0582889,tt9678892,actress,1
nm0411203,tt9679044,actress,1
nm11025972,tt9680092,actor,4
nm3166305,tt9680148,actress,3
nm3344953,tt9680148,actor,4
nm10436337,tt9680512,actress,6
nm0542510,tt9680562,actor,10
nm8787050,tt9680630,actress,3
nm12052709,tt9681728,actor,10
nm4583371,tt9683268,actor,9
nm0048250,tt9683478,actress,6
nm12474070,tt9683854,actor,10
nm10436386,tt9684016,actress,8
nm5879789,tt9684806,actress,5
nm6101559,tt9684806,actress,2
nm3278434,tt9685282,actor,3
nm2468729,tt9685342,actress,2
nm4607195,tt9685686,actor,5
nm10312041,tt9685996,actor,10
nm7100817,tt9685996,actor,8
nm0680766,tt9686350,actress,2
nm1252241,tt9686514,actor,10
nm2654829,tt9686708,actress,8
nm0000968,tt9686790,actress,5
nm5782889,tt9688874,actor,10
nm10439995,tt9689930,actor,10
nm1644112,tt9690328,actor,8
nm7800984,tt9690818,actor,10
nm6621006,tt9690868,actress,2
nm13213269,tt9691290,actress,10
nm10804521,tt9693686,actress,8
nm1832010,tt9694012,actor,1
nm1837990,tt9694312,actor,9
nm12008513,tt9697780,actor,8
nm0541408,tt9698430,actress,3
nm0546417,tt9701230,actor,5
nm0001970,tt9701934,actor,1
nm0258272,tt9701934,actor,2
nm1843026,tt9701940,actress,6
nm8633981,tt9703960,actress,10
nm2203315,tt9708284,actor,1
nm1031561,tt9710572,actress,2
nm9678912,tt9713802,actor,4
nm12875670,tt9714030,actor,9
nm2244205,tt9714030,actress,1
nm1972850,tt9715438,actor,3
nm3967345,tt9716342,actress,1
nm10449325,tt9716728,actor,10
nm8668837,tt9722418,actress,4
nm9617201,tt9724492,actress,4
nm4754750,tt9725830,actor,7
nm0463152,tt9726172,actress,3
nm9583032,tt9726794,actor,1
nm7160314,tt9728306,actress,9
nm9764325,tt9728306,actress,3
nm0319696,tt9729768,actor,6
nm0040857,tt9731048,actor,8
nm3043279,tt9731172,actress,2
nm8352392,tt9731598,actress,5
nm8447136,tt9731750,actor,10
nm10454896,tt9731752,actor,10
nm0893122,tt9732214,actor,1
nm1357161,tt9732214,actor,4
nm6605801,tt9733036,actor,10
nm0218458,tt9733158,actress,8
nm10221800,tt9733886,actress,8
nm1878161,tt9735672,actor,4
nm7139946,tt9735672,actor,9
nm9636080,tt9736288,actor,10
nm3471660,tt9737258,actor,9
nm7889606,tt9737258,actress,10
nm10116922,tt9737876,actress,5
nm0287544,tt9738436,actor,7
nm2834294,tt9738784,actor,10
nm2265157,tt9741180,actress,6
nm4405659,tt9741362,actor,3
nm9556271,tt9741362,actress,6
nm9335959,tt9741588,actor,5
nm10240435,tt9742122,actor,9
nm10459375,tt9742122,actor,6
nm10153699,tt9742362,actor,5
nm9138548,tt9742362,actor,8
nm0433940,tt9742372,actress,4
nm1127662,tt9746392,actor,10
nm0120648,tt9746718,actress,8
nm9085254,tt9746718,actress,9
nm1311933,tt9747160,actress,5
nm4190695,tt9747396,actor,7
nm3755026,tt9747594,actor,3
nm4313142,tt9747594,actress,5
nm0021734,tt9747894,actress,3
nm9316716,tt9748042,actor,11
nm11469458,tt9749174,actress,2
nm8461408,tt9750028,actor,1
nm1389891,tt9750368,actor,5
nm0809793,tt9751002,actor,2
nm8412661,tt9751002,actress,10
nm0997289,tt9752076,actor,5
nm1736445,tt9752248,actor,2
nm2533322,tt9752248,actor,4
nm0609310,tt9752488,actress,1
nm10459411,tt9752892,actor,3
nm10464513,tt9755660,actor,6
nm8358490,tt9755680,actor,3
nm5256042,tt9755822,actor,6
nm10355427,tt9758500,actor,9
nm1083311,tt9759978,actress,7
nm9640066,tt9760426,actor,10
nm5450663,tt9760934,actress,2
nm10467158,tt9761088,actor,6
nm2201207,tt9764248,actor,7
nm1491167,tt9764556,actor,10
nm7576208,tt9764804,actor,1
nm10988586,tt9764958,actor,3
nm11486683,tt9765144,actress,9
nm2518312,tt9765968,actor,7
nm3465006,tt9766310,actor,9
nm1617813,tt9769668,actress,3
nm5408141,tt9769668,actress,10
nm16801427,tt9770208,actress,1
nm10471004,tt9771012,actor,3
nm7898789,tt9772312,actor,9
nm2312656,tt9773244,actor,1
nm10226951,tt9773400,actor,8
nm7288558,tt9774568,actor,7
nm0462208,tt9774640,actress,10
nm0406363,tt9777352,actress,6
nm0457038,tt9777790,actress,9
nm1065166,tt9777790,actor,8
nm10415258,tt9778060,actress,6
nm10924248,tt9778060,actress,9
nm1809054,tt9779380,actor,8
nm1716898,tt9779658,actor,10
nm5111263,tt9779804,actor,10
nm4383366,tt9783600,actor,7
nm6431173,tt9783600,actor,8
nm5233402,tt9783658,actor,6
nm0776145,tt9783698,actor,4
nm7599451,tt9783868,actress,3
nm4725556,tt9784950,actress,10
nm0457498,tt9786162,actress,5
nm1063256,tt9787228,actor,6
nm10478626,tt9788168,actor,8
nm2296306,tt9788898,actress,2
nm10893920,tt9789182,actor,1
nm11085948,tt9789182,actress,9
nm0038960,tt9789346,actress,3
nm5584853,tt9789670,actor,2
nm10479921,tt9789686,actress,9
nm11489855,tt9789686,actor,7
nm4544694,tt9790536,actor,10
nm10732664,tt9794412,actress,9
nm3041625,tt9795052,actress,14
nm1518573,tt9795238,actress,5
nm10484632,tt9795264,actor,11
nm1914593,tt9795368,actor,4
nm3440889,tt9796718,actor,6
nm10805784,tt9799984,actor,7
nm10805786,tt9799984,actor,2
nm11411075,tt9799984,actress,5
nm10484958,tt9800356,actor,10
nm2806111,tt9800356,actor,4
nm1773122,tt9803454,actress,1
nm7809825,tt9803614,actor,8
nm3442130,tt9803620,actor,9
nm0898546,tt9804272,actor,3
nm9402976,tt9804296,actress,10
nm6960528,tt9804514,actress,3
nm5795985,tt9805110,actor,1
nm10487110,tt9805208,actress,7
nm9409083,tt9805754,actor,9
nm11062386,tt9805984,actress,9
nm7582636,tt9805996,actress,2
nm1971640,tt9806192,actress,10
nm0932870,tt9806222,actor,5
nm10487898,tt9806300,actor,1
nm0118345,tt9806336,actor,13
nm1797498,tt9808510,actor,7
nm6947874,tt9808838,actress,7
nm4777243,tt9809006,actor,1
nm0900577,tt9811300,actor,4
nm1687861,tt9811374,actor,2
nm10566946,tt9812530,actor,7
nm1563805,tt9812530,actor,8
nm10509917,tt9812614,actor,5
nm0297734,tt9812884,actor,3
nm2398174,tt9812884,actor,6
nm0933987,tt9813338,actress,1
nm10494471,tt9815010,actress,7
nm3879003,tt9815124,actress,10
nm10492243,tt9815280,actor,7
nm0992655,tt9816550,actor,6
nm10493081,tt9816550,actor,8
nm0052491,tt9816816,actress,8
nm9884210,tt9816970,actor,8
nm10505943,tt9817018,actor,6
nm3172485,tt9817924,actor,8
nm10194546,tt9819206,actress,4
nm0607415,tt9819258,actor,3
nm10495011,tt9819664,actor,9
nm10495012,tt9819664,actress,10
nm7842996,tt9820352,actor,10
nm6530274,tt9824114,actor,8
nm3980027,tt9828344,actress,10
nm0423031,tt9829092,actor,9
nm11309531,tt9831814,actor,3
nm5037723,tt9831814,actor,9
nm8516270,tt9832350,actress,6
nm0386205,tt9832954,actress,4
nm4489759,tt9833860,actress,3
nm0592759,tt9834112,actress,9
nm0439421,tt9837320,actor,6
nm0945299,tt9838752,actor,6
nm1167899,tt9838780,actor,2
nm10521233,tt9839040,actor,4
nm0368969,tt9840936,actress,5
nm0295704,tt9843292,actor,9
nm10505336,tt9843632,actor,6
nm9525285,tt9843632,actress,9
nm0157131,tt9844256,actress,10
nm0620124,tt9844256,actor,9
nm8376185,tt9844322,actor,2
nm0875244,tt9844938,actor,2
nm0356813,tt9848452,actress,10
nm1676221,tt9848626,actor,1
nm3017011,tt9848804,actress,3
nm1510131,tt9849644,actress,8
nm2264356,tt9849644,actress,5
nm1127958,tt9850646,actor,7
nm0034953,tt9852508,actress,9
nm6382681,tt9853118,actor,6
nm0700414,tt9854706,actress,2
nm17479627,tt9854782,actress,2
nm8521564,tt9854844,actor,4
nm7842711,tt9855090,actor,1
nm0062568,tt9855214,actor,6
nm10511712,tt9855578,actress,2
nm10511950,tt9855832,actor,3
nm3283352,tt9855990,actor,7
nm4193818,tt9855990,actress,2
nm0590931,tt9856128,actress,5
nm11685819,tt9857850,actor,6
nm11881260,tt9857850,actor,8
nm0463953,tt9858950,actor,1
nm10510602,tt9859372,actor,7
nm0386205,tt9859508,actress,4
nm13416350,tt9859574,actress,9
nm1690002,tt9860728,actress,4
nm8924147,tt9861192,actor,3
nm2527686,tt9861200,actress,4
nm4083737,tt9861204,actor,1
nm2051971,tt9865492,actress,1
nm13721902,tt9867478,actress,8
nm10517811,tt9869228,actor,4
nm10518651,tt9870502,actress,6
nm10518657,tt9870502,actor,3
nm2944369,tt9871628,actress,2
nm5737328,tt9872618,actress,3
nm3143249,tt9875852,actor,10
nm2404493,tt9876296,actress,6
nm10520680,tt9876412,actor,7
nm10520916,tt9876748,actor,1
nm7457611,tt9877460,actor,2
nm6808979,tt9878246,actor,8
nm7369952,tt9878422,actress,1
nm1235052,tt9878598,actress,2
nm0159419,tt9881312,actor,5
nm5391966,tt9881616,actor,1
nm11676837,tt9881924,actor,6
nm6838228,tt9882532,actress,4
nm3129108,tt9884202,actress,7
nm0000616,tt9887154,actor,2
nm10618259,tt9890326,actor,5
nm10527339,tt9890870,actress,2
nm7797362,tt9892338,actor,4
nm8544967,tt9892338,actress,3
nm10627216,tt9893130,actor,4
nm9485425,tt9893130,actor,3
nm5275589,tt9893160,actor,6
nm0949433,tt9893250,actor,9
nm4243303,tt9894108,actor,8
nm10560372,tt9894394,actor,8
nm5329854,tt9894440,actress,1
nm0740090,tt9897258,actor,3
nm11055607,tt9897520,actress,11
nm10530279,tt9897744,actress,1
nm5063079,tt9898086,actress,5
nm3314957,tt9898844,actor,4
nm1159180,tt9898858,actor,1
nm3227380,tt9899716,actor,10
nm10531362,tt9899972,actress,8
nm9520900,tt9899972,actor,10
nm0648329,tt9900280,actor,8
nm10531596,tt9900388,actor,2
nm3988985,tt9900390,actress,5
nm3260126,tt9900570,actor,6
nm0047987,tt9900614,actress,2
nm4531844,tt9900688,actress,1
nm8168644,tt9900940,actor,1
nm11885714,tt9901532,actor,2
nm4617709,tt9903920,actor,7
nm2225545,tt9903968,actor,2
nm2191307,tt9904010,actress,2
nm10020219,tt9904530,actor,4
nm6836192,tt9904820,actress,1
nm0475336,tt9907782,actor,7
nm0677944,tt9907782,actor,3
nm0431221,tt9908390,actor,4
nm10534854,tt9908636,actress,6
nm2552266,tt9908960,actor,5
nm6755006,tt9908960,actress,9
nm11663253,tt9913594,actress,4
nm10536937,tt9913936,actress,6
nm6981797,tt9914522,actor,9
nm10537559,tt9914828,actor,10
nm3403776,tt9915790,actress,10
nm10538304,tt9916124,actor,10
nm3084436,tt9916362,actor,9
nm7144237,tt9916706,actress,9
nm9554700,tt9291476,actress,10
nm10264201,tt9292378,actor,10
nm4957537,tt9293752,actress,6
nm14302146,tt9294056,actor,3
nm10265474,tt9296084,actor,6
nm10265966,tt9296810,actor,1
nm3710932,tt9297754,actor,10
nm9563038,tt9298196,actor,6
nm10267163,tt9298624,actor,9
nm10267292,tt9299568,actress,10
nm1715118,tt9302994,actress,5
nm10273190,tt9303040,actress,4
nm3973382,tt9303658,actress,10
nm5563403,tt9303782,actor,1
nm5920263,tt9309046,actress,6
nm10271249,tt9310280,actress,8
nm12292819,tt9310606,actor,1
nm10662411,tt9311360,actress,1
nm3503716,tt9311360,actor,9
nm2857016,tt9311532,actor,6
nm0333117,tt9312588,actor,5
nm0359322,tt9313424,actor,8
nm10592821,tt9313816,actor,2
nm10592823,tt9313816,actor,10
nm1675123,tt9315672,actor,9
nm4173957,tt9316710,actress,6
nm9404918,tt9316710,actress,5
nm4347068,tt9318230,actor,11
nm0217709,tt9318280,actress,8
nm2980882,tt9318768,actress,7
nm10301294,tt9319194,actress,7
nm2765435,tt9319728,actor,3
nm1326535,tt9319840,actor,1
nm5947724,tt9319840,actress,2
nm1550913,tt9322350,actor,4
nm6360567,tt9323784,actor,8
nm10277052,tt9324774,actress,1
nm6667192,tt9324808,actor,2
nm0392952,tt9326772,actress,7
nm0270312,tt9326956,actress,5
nm2317521,tt9328726,actress,4
nm10278982,tt9328742,actor,1
nm4425568,tt9330332,actor,1
nm4098287,tt9330400,actress,2
nm0895089,tt9330648,actor,6
nm1828185,tt9331416,actor,9
nm7782041,tt9332398,actress,2
nm0695171,tt9332664,actor,9
nm4028151,tt9332680,actor,5
nm1504987,tt9332734,actor,8
nm2363115,tt9333256,actor,9
nm0685126,tt9334830,actor,9
nm1591927,tt9335210,actor,1
nm3471316,tt9335620,actor,2
nm1292111,tt9336032,actor,2
nm10282598,tt9337038,actor,1
nm4719034,tt9337862,actor,2
nm8897788,tt9339796,actress,5
nm1918614,tt9339958,actor,5
nm10278476,tt9340512,actress,7
nm5806210,tt9340916,actor,9
nm6049570,tt9341136,actor,7
nm3285903,tt9342618,actor,7
nm10699588,tt9343062,actress,2
nm2363115,tt9343780,actor,7
nm1143538,tt9344454,actor,7
nm10288311,tt9345778,actor,10
nm10148947,tt9346636,actor,9
nm6826659,tt9347530,actress,4
nm2417960,tt9347654,actor,2
nm5949710,tt9347654,actress,4
nm5584344,tt9347730,actor,1
nm8294079,tt9348752,actress,5
nm12654671,tt9349882,actor,8
nm10288589,tt9350110,actor,4
nm0508417,tt9351598,actress,8
nm0666966,tt9352178,actor,2
nm0779067,tt9352178,actor,8
nm10311802,tt9354118,actress,4
nm4961778,tt9354450,actor,1
nm5391503,tt9355200,actress,7
nm0950475,tt9355222,actress,3
nm5601894,tt9355222,actor,10
nm0417370,tt9358106,actress,1
nm0516020,tt9358106,actor,5
nm0719914,tt9358106,actor,6
nm10292448,tt9358444,actor,3
nm13414154,tt9359560,actress,10
nm0051765,tt9360280,actor,1
nm0000560,tt9362736,actor,4
nm3147751,tt9362736,actor,5
nm8493387,tt9363342,actor,5
nm10420437,tt9364210,actress,9
nm8748462,tt9364276,actress,7
nm8930016,tt9364382,actress,10
nm0867338,tt9364406,actress,10
nm5017316,tt9364494,actress,6
nm1662057,tt9364806,actor,7
nm2609895,tt9364806,actor,9
nm2385880,tt9365604,actress,9
nm2363115,tt9365950,actor,8
nm0583856,tt9366994,actress,1
nm3265325,tt9366994,actress,10
nm9221622,tt9369410,actor,2
nm2366901,tt9370218,actress,8
nm7821768,tt9371576,actor,8
nm4194237,tt9371666,actor,3
nm2386777,tt9373218,actor,7
nm13883409,tt9375730,actress,9
nm6525359,tt9377994,actor,9
nm10301995,tt9379404,actor,2
nm10303549,tt9381742,actress,8
nm5017768,tt9381904,actor,8
nm0127150,tt9382140,actress,7
nm4742129,tt9382596,actor,5
nm11056797,tt9383658,actor,9
nm0000228,tt9383986,actor,1
nm3287914,tt9386422,actor,7
nm5418157,tt9386422,actor,3
nm3011884,tt9387520,actress,5
nm0921243,tt9389132,actor,7
nm3910892,tt9389584,actor,3
nm4879374,tt9389916,actor,10
nm0305182,tt9389924,actor,1
nm10153699,tt9389998,actor,4
nm3440452,tt9390058,actress,3
nm10368118,tt9390218,actress,1
nm3837828,tt9390254,actor,10
nm10307104,tt9392324,actress,6
nm0157207,tt9392532,actor,2
nm8011197,tt9395384,actress,9
nm5369439,tt9396174,actress,3
nm0756509,tt9396984,actor,10
nm0840618,tt9396984,actor,9
nm1446238,tt9397550,actor,9
nm10277187,tt9398222,actress,10
nm1318578,tt9399168,actress,2
nm2207415,tt9399192,actress,9
nm0155618,tt9402530,actress,1
nm8446544,tt9402676,actress,6
nm10312086,tt9404258,actress,2
nm3622832,tt9404596,actor,6
nm3530741,tt9406926,actor,8
nm2022290,tt9407156,actor,2
nm11348814,tt9407558,actor,10
nm6845941,tt9408462,actor,5
nm10315055,tt9412268,actor,3
nm10942842,tt9412268,actress,2
nm6394612,tt9412268,actor,4
nm0846484,tt9412514,actress,5
nm7597173,tt9414574,actor,7
nm0441102,tt9415560,actor,9
nm0780116,tt9416282,actor,10
nm10274937,tt9418306,actress,3
nm11476913,tt9418306,actress,2
nm3034692,tt9418306,actress,4
nm11819149,tt9418812,actor,8
nm0006669,tt9419056,actor,3
nm0542498,tt9419628,actor,9
nm0999515,tt9419730,actor,10
nm4306930,tt9420024,actor,6
nm5241871,tt9425000,actor,7
nm2842232,tt9425856,actor,8
nm11314153,tt9426186,actor,3
nm5137054,tt9426974,actor,7
nm9850520,tt9427218,actress,1
nm4004501,tt9428050,actress,9
nm2851426,tt9430518,actress,4
nm10654491,tt9430780,actress,10
nm0099521,tt9431080,actor,4
nm4275268,tt9434968,actor,9
nm10325531,tt9435162,actor,4
nm9381266,tt9435162,actress,1
nm9488941,tt9435162,actor,6
nm4673497,tt9436204,actor,7
nm1172749,tt9436636,actress,2
nm2418329,tt9437294,actor,2
nm8500687,tt9439344,actor,4
nm9279134,tt9439360,actor,8
nm10327828,tt9440738,actor,10
nm1564072,tt9441638,actress,7
nm7624291,tt9441934,actor,5
nm1796242,tt9442890,actor,2
nm8660970,tt9442978,actor,3
nm0438895,tt9443892,actress,5
nm3769724,tt9443892,actress,4
nm1902776,tt9445306,actress,3
nm5604363,tt9445930,actress,2
nm10919511,tt9446888,actor,9
nm10919512,tt9446888,actor,10
nm10290654,tt9447594,actor,8
nm15491817,tt9447600,actor,4
nm8669563,tt9447600,actor,3
nm9001733,tt9447662,actor,9
nm7465702,tt9447768,actress,8
nm10006242,tt9448340,actress,9
nm4302215,tt9449952,actor,5
nm12097325,tt9451096,actor,7
nm2353703,tt9452846,actor,9
nm13106812,tt9455468,actor,1
nm10334426,tt9455528,actor,9
nm1370384,tt9458062,actor,9
nm0605252,tt9459988,actor,9
nm2848837,tt9460422,actor,9
nm3366443,tt9460430,actor,10
nm3372981,tt9460430,actress,6
nm3554707,tt9460808,actress,9
nm0848533,tt9465518,actor,1
nm0005532,tt9465600,actress,2
nm2222175,tt9465600,actor,6
nm8990893,tt9465600,actress,9
nm13303128,tt9465624,actor,5
nm10339443,tt9466132,actor,10
nm3414806,tt9466410,actor,7
nm10076781,tt9466786,actress,10
nm2218210,tt9466814,actor,3
nm4167785,tt9466854,actor,7
nm5794898,tt9466854,actor,10
nm1575994,tt9467386,actress,1
nm5016551,tt9468400,actor,3
nm6373659,tt9471424,actress,4
nm0913797,tt9471678,actor,7
nm4755386,tt9471786,actor,7
nm10342545,tt9472142,actor,9
nm8812386,tt9472208,actor,1
nm0001314,tt9472532,actor,4
nm2377000,tt9472658,actress,4
nm3622094,tt9473050,actress,2
nm11982845,tt9474340,actor,6
nm0000312,tt9476068,actress,7
nm10344339,tt9477132,actress,3
nm1475260,tt9477520,actor,10
nm4788761,tt9477594,actress,6
nm5261525,tt9477594,actor,9
nm9257789,tt9479454,actress,1
nm1027309,tt9480330,actor,1
nm5439813,tt9480330,actress,4
nm5980496,tt9480330,actress,8
nm9404262,tt9480330,actress,9
nm9125480,tt9481962,actress,4
nm12120803,tt9482230,actress,4
nm9790053,tt9482230,actress,8
nm10691836,tt9482402,actor,2
nm1796242,tt9484812,actor,5
nm9570807,tt9490122,actor,2
nm10582653,tt9490508,actor,5
nm2618253,tt9490990,actor,6
nm10350747,tt9491338,actor,3
nm9567076,tt9495044,actress,3
nm2299825,tt9495690,actress,3
nm1783075,tt9497146,actress,5
nm4371007,tt9500346,actress,5
nm0724604,tt9500358,actor,1
nm2123167,tt9500372,actor,9
nm3436464,tt9502538,actress,2
nm10362812,tt9503764,actor,10
nm1797836,tt9503782,actor,9
nm9129160,tt9504952,actress,2
nm3429346,tt9506000,actor,5
nm0474492,tt9506474,actress,5
nm7544691,tt9511204,actor,8
nm10358000,tt9511256,actress,3
nm10358004,tt9511256,actor,7
nm10361189,tt9514116,actor,7
nm4460517,tt9515150,actor,8
nm4656650,tt9515150,actress,1
nm1223982,tt9515792,actor,10
nm0876847,tt9516994,actor,5
nm10362308,tt9520084,actor,9
nm10362309,tt9520084,actress,10
nm9837054,tt9521590,actress,9
nm1760183,tt9522162,actress,6
nm10365512,tt9526124,actress,6
nm3055124,tt9526154,actor,10
nm3128033,tt9526154,actor,4
nm10376627,tt9526156,actor,2
nm0682578,tt9526392,actor,8
nm4745013,tt9526784,actor,11
nm8136360,tt9526822,actress,8
nm0001002,tt9527682,actor,2
nm1241578,tt9529740,actor,5
nm4391133,tt9529752,actor,5
nm5224876,tt9530954,actress,4
nm3332284,tt9531538,actress,7
nm0008713,tt9531772,actor,8
nm16527379,tt9531890,actor,8
nm3817431,tt9535950,actor,10
nm10369281,tt9536636,actor,8
nm7078703,tt9536804,actor,10
nm5448327,tt9537068,actor,2
nm9048134,tt9537278,actress,3
nm1302330,tt9537292,actor,5
nm10370314,tt9538090,actress,4
nm3597243,tt9540556,actor,7
nm5965177,tt9540556,actress,8
nm0086134,tt9540792,actor,7
nm0847291,tt9540862,actor,3
nm9075728,tt9541602,actor,10
nm10372162,tt9542918,actor,9
nm10372305,tt9543176,actor,10
nm2740647,tt9551424,actress,7
nm0993544,tt9552564,actress,4
nm6804167,tt9554846,actress,9
nm9149675,tt9555974,actress,4
nm10378904,tt9557390,actress,1
nm6195386,tt9557416,actress,4
nm10395986,tt9557704,actor,2
nm0968559,tt9557854,actress,4
nm3315962,tt9559504,actor,5
nm1835962,tt9561756,actress,5
nm13913126,tt9563330,actress,10
nm7682933,tt9563872,actor,5
nm0620150,tt9564364,actor,3
nm10070800,tt9564748,actress,4
nm7891787,tt9566084,actor,5
nm9361680,tt9567458,actress,5
nm2415415,tt9567472,actor,5
nm0658626,tt9568074,actress,10
nm0041339,tt9568486,actor,7
nm10383831,tt9568718,actress,7
nm4754308,tt9569096,actor,3
nm0477753,tt9569190,actor,7
nm2906167,tt9569504,actor,7
nm7811177,tt9569512,actress,8
nm0442479,tt9569610,actor,9
nm6761378,tt9569732,actor,2
nm10385405,tt9571090,actress,1
nm3482756,tt9572006,actor,4
nm2613100,tt9572534,actor,9
nm0784279,tt9573220,actress,5
nm0881540,tt9573220,actress,8
nm0945544,tt9573220,actress,9
nm1127476,tt9573220,actor,6
nm5684629,tt9573686,actress,6
nm10211049,tt9574324,actress,10
nm10485744,tt9575498,actress,6
nm7024752,tt9576232,actress,9
nm0768031,tt9576824,actress,5
nm10420457,tt9577694,actor,10
nm8079983,tt9578746,actor,9
nm0089707,tt9580138,actor,4
nm10390405,tt9581478,actress,10
nm0098524,tt9581560,actor,6
nm8243160,tt9581560,actor,8
nm0931324,tt9585676,actor,6
nm10859916,tt9585676,actress,4
nm2305470,tt9586162,actress,3
nm0396137,tt9586670,actor,9
nm8316861,tt9587244,actor,9
nm10393790,tt9588404,actor,5
nm0066093,tt9590554,actor,4
nm1432432,tt9590554,actress,2
nm9303323,tt9590954,actor,9
nm10395061,tt9591698,actor,3
nm6754911,tt9592892,actor,10
nm3306329,tt9595360,actress,10
nm14829971,tt9596658,actor,7
nm2682046,tt9597190,actor,8
nm11163697,tt9597404,actor,5
nm0874860,tt9597838,actor,4
nm5024101,tt9598328,actor,8
nm8414004,tt9600178,actress,7
nm10399380,tt9600960,actor,2
nm12231899,tt9602804,actor,9
nm0406737,tt9604142,actor,4
nm10402089,tt9604418,actress,7
nm8627157,tt9608818,actress,3
nm5057965,tt9609886,actor,8
nm1481802,tt9610250,actress,6
nm1784785,tt9610262,actor,1
nm10124758,tt9611872,actor,8
nm11220737,tt9612136,actor,4
nm0209373,tt9612368,actor,3
nm1427785,tt9613380,actress,2
nm10669296,tt9614416,actor,7
nm11069563,tt9614772,actor,10
nm0273091,tt9616558,actor,6
nm4731902,tt9616558,actress,8
nm0590775,tt9617280,actress,6
nm8534450,tt9617560,actress,10
nm0413054,tt9618524,actor,3
nm9405076,tt9618524,actor,8
nm0590775,tt9618764,actress,1
nm1066117,tt9619464,actor,9
nm10408828,tt9619578,actor,1
nm8329218,tt9619792,actor,3
nm10409073,tt9619962,actor,3
nm9461509,tt9620254,actor,1
nm5292650,tt9620474,actress,2
nm0128028,tt9620822,actor,3
nm1156017,tt9620986,actress,10
nm3047613,tt9621104,actor,6
nm5212264,tt9622618,actor,6
nm10538100,tt9624438,actor,6
nm0693591,tt9625632,actor,7
nm1261649,tt9625986,actress,2
nm5724719,tt9628392,actor,4
nm5346772,tt9628630,actress,6
nm15548397,tt9630428,actor,10
nm5800711,tt9630868,actor,4
nm9067829,tt9630940,actress,1
nm11663345,tt9631700,actress,3
nm0014955,tt9632180,actress,2
nm2063780,tt9633612,actor,7
nm7903749,tt9633612,actor,10
nm0438578,tt9634252,actor,8
nm0501743,tt9634252,actor,11
nm9969793,tt9636120,actress,10
nm6327438,tt9636256,actor,9
nm0591097,tt9637640,actress,4
nm1703330,tt9637754,actress,4
nm5777955,tt9639274,actor,3
nm8675492,tt9639274,actor,8
nm0269831,tt9642686,actor,4
nm0770635,tt9642686,actor,2
nm4537360,tt9642696,actor,10
nm0170168,tt9642962,actor,4
nm5987973,tt9643542,actor,4
nm10419382,tt9643832,actor,5
nm1107053,tt9645472,actor,1
nm1090569,tt9646624,actress,1
nm10420859,tt9647154,actor,9
nm6164859,tt9647178,actress,3
nm0299228,tt9648078,actor,3
nm10421349,tt9648162,actress,6
nm3128068,tt9648668,actress,3
nm3315894,tt9648672,actor,1
nm1245077,tt9648942,actress,7
nm14002881,tt9649548,actor,3
nm0837548,tt9649974,actor,4
nm9519484,tt9652990,actor,9
nm0062540,tt9653184,actress,4
nm2952467,tt9657076,actor,7
nm0391327,tt9657382,actor,10
nm3173883,tt9657840,actor,5
nm5768334,tt9657840,actor,9
nm2433192,tt9657910,actor,2
nm2537380,tt9658022,actor,7
nm2243644,tt9658100,actor,2
nm9215849,tt9658388,actress,6
nm4589975,tt9658966,actress,2
nm1500638,tt9660170,actor,3
nm4300118,tt9660326,actress,5
nm10625465,tt9660688,actor,9
nm8997079,tt9662266,actor,9
nm1340738,tt9663382,actress,5
nm4260661,tt9663382,actress,9
nm5118890,tt9665402,actor,7
nm11130414,tt9665968,actress,4
nm2564837,tt9668358,actor,4
nm1245754,tt9668552,actress,8
nm2859538,tt9669176,actor,10
nm0559385,tt9670278,actress,7
nm8853149,tt9670302,actress,6
nm2660044,tt9670414,actor,6
nm7350709,tt9670414,actor,5
nm0150882,tt9670458,actress,2
nm0025654,tt9670480,actor,6
nm10584760,tt9670480,actress,4
nm5422862,tt9673548,actor,10
nm7194919,tt9674172,actress,11
nm3716382,tt9674196,actor,2
nm1300254,tt9675274,actress,2
nm4731146,tt9675318,actor,8
nm7465702,tt9675318,actress,3
nm10433746,tt9675804,actor,6
nm10443948,tt9676194,actor,8
nm1352343,tt9679368,actress,5
nm5661084,tt9679538,actress,8
nm11596710,tt9679552,actor,3
nm7188724,tt9680090,actor,4
nm1541448,tt9680148,actress,5
nm4158850,tt9680148,actress,8
nm4856668,tt9680174,actor,2
nm10436241,tt9680256,actor,3
nm11052863,tt9680630,actor,9
nm1513899,tt9682768,actor,4
nm9735132,tt9685282,actor,10
nm3388842,tt9685342,actor,6
nm3640660,tt9685652,actor,2
nm5131053,tt9685652,actor,9
nm0220807,tt9686586,actor,5
nm10591087,tt9686730,actress,6
nm2121089,tt9689922,actor,7
nm1445482,tt9691846,actor,6
nm0175958,tt9692366,actor,3
nm7369305,tt9692890,actor,2
nm2523085,tt9695156,actor,3
nm10448083,tt9695308,actress,6
nm11267784,tt9697774,actress,9
nm0218884,tt9697780,actress,3
nm0419710,tt9697960,actor,5
nm4731146,tt9697960,actor,10
nm10443700,tt9698552,actress,9
nm0945522,tt9698796,actor,1
nm0685638,tt9702850,actor,4
nm1795464,tt9707580,actor,3
nm2469034,tt9708416,actress,3
nm8255801,tt9710558,actor,1
nm0008690,tt9711018,actress,6
nm8894388,tt9711868,actor,2
nm9433015,tt9711868,actor,9
nm0129464,tt9713418,actor,4
nm0308182,tt9716054,actress,2
nm9151002,tt9716724,actor,7
nm10450012,tt9720440,actor,10
nm1045112,tt9720596,actress,7
nm8770610,tt9720696,actress,7
nm9236982,tt9720696,actor,8
nm3281844,tt9721830,actor,10
nm10869349,tt9722174,actor,8
nm10436387,tt9723286,actor,5
nm6229731,tt9724492,actress,3
nm10048712,tt9725830,actress,4
nm0406737,tt9726172,actor,1
nm2839825,tt9726522,actress,5
nm2829782,tt9726794,actress,9
nm8450570,tt9728306,actress,2
nm10939474,tt9728816,actress,7
nm10703382,tt9730822,actress,3
nm1164865,tt9730822,actress,5
nm0735442,tt9731682,actress,5
nm7329521,tt9731752,actress,5
nm5866590,tt9733108,actress,7
nm0311677,tt9735186,actress,4
nm1118612,tt9735232,actor,1
nm0882943,tt9735462,actress,9
nm4742829,tt9735830,actress,4
nm12720511,tt9737568,actress,1
nm10459963,tt9738302,actor,2
nm11503414,tt9738716,actress,10
nm0244428,tt9739386,actor,10
nm0618628,tt9739386,actor,2
nm10306559,tt9739410,actor,3
nm9688435,tt9739416,actress,4
nm0351497,tt9739712,actor,9
nm3243068,tt9740272,actor,7
nm0018203,tt9740730,actor,5
nm1066795,tt9740730,actor,6
nm0282348,tt9740770,actor,4
nm10526028,tt9741016,actor,7
nm7015080,tt9741310,actress,1
nm2120538,tt9741442,actress,4
nm6170424,tt9741478,actor,5
nm9549609,tt9741478,actor,10
nm12483757,tt9741588,actress,6
nm6166940,tt9741588,actor,10
nm0442207,tt9742206,actor,1
nm8541375,tt9742206,actress,7
nm8412322,tt9742334,actor,2
nm1138979,tt9747622,actor,4
nm0109140,tt9747894,actor,5
nm12042237,tt9748136,actor,9
nm1830387,tt9750288,actress,10
nm1534063,tt9752544,actor,9
nm1940420,tt9755252,actress,1
nm10813432,tt9760512,actor,1
nm7285894,tt9761572,actor,2
nm0051502,tt9762608,actor,2
nm0619931,tt9762608,actor,8
nm5248189,tt9762608,actress,10
nm2115795,tt9763402,actor,8
nm2422373,tt9763792,actress,4
nm10407604,tt9764272,actor,6
nm3585662,tt9764654,actor,10
nm9396920,tt9764804,actor,8
nm10534884,tt9764958,actor,7
nm12533284,tt9765604,actor,9
nm7473951,tt9765842,actor,9
nm0430817,tt9766294,actor,6
nm0474774,tt9766332,actor,3
nm5408984,tt9769668,actor,5
nm10471291,tt9772164,actor,11
nm0180678,tt9773698,actor,2
nm0276657,tt9773698,actress,8
nm10581289,tt9776102,actor,7
nm0507592,tt9777644,actor,4
nm0858048,tt9777644,actress,6
nm0926086,tt9777644,actor,5
nm1244971,tt9777766,actor,9
nm0799226,tt9777796,actress,4
nm2588610,tt9777820,actress,6
nm0014417,tt9779352,actress,2
nm0462181,tt9779352,actor,10
nm0000641,tt9779516,actor,4
nm0785352,tt9779516,actor,9
nm0876724,tt9779658,actress,2
nm2052977,tt9783698,actress,5
nm3031425,tt9783698,actress,8
nm7626461,tt9784404,actor,1
nm2945994,tt9784518,actor,3
nm3147751,tt9784798,actor,1
nm3601305,tt9784950,actress,3
nm9822025,tt9784954,actor,2
nm6706312,tt9788706,actor,4
nm0722587,tt9789042,actor,9
nm9321612,tt9789266,actress,2
nm0757013,tt9789346,actress,6
nm8784548,tt9789556,actor,8
nm1028648,tt9790536,actress,2
nm5754694,tt9794630,actor,7
nm0001643,tt9795052,actress,1
nm6669551,tt9795052,actor,5
nm7034044,tt9795052,actress,12
nm0441173,tt9795238,actor,6
nm0796513,tt9795686,actress,4
nm9993444,tt9795950,actor,2
nm3516479,tt9797920,actor,8
nm8022839,tt9798310,actress,2
nm5171466,tt9799640,actress,8
nm9326456,tt9799640,actress,3
nm1446056,tt9799992,actress,8
nm1896035,tt9800034,actor,3
nm1759339,tt9800694,actor,1
nm6669031,tt9802538,actor,4
nm10989597,tt9803620,actress,7
nm9179842,tt9803620,actor,5
nm0595631,tt9804272,actor,4
nm0657440,tt9804432,actor,2
nm12204128,tt9804432,actor,4
nm3485306,tt9804534,actor,10
nm10487112,tt9805208,actor,2
nm3056654,tt9805504,actor,3
nm4069693,tt9805504,actress,4
nm4794057,tt9805504,actress,1
nm2558152,tt9805984,actor,7
nm7099888,tt9806222,actor,4
nm10508474,tt9807914,actor,7
nm1040273,tt9808874,actress,3
nm10131701,tt9809140,actor,9
nm3550868,tt9810236,actor,2
nm9198267,tt9810436,actress,8
nm0119711,tt9811374,actor,6
nm9647744,tt9811452,actress,5
nm10491056,tt9811798,actress,8
nm0849264,tt9815160,actress,5
nm10588260,tt9815280,actress,10
nm0362153,tt9815554,actor,7
nm3491019,tt9816550,actress,3
nm5083230,tt9816550,actor,5
nm5642132,tt9816636,actor,1
nm0297978,tt9816816,actress,2
nm1030452,tt9816816,actor,6
nm10493406,tt9817040,actor,2
nm4459597,tt9817216,actress,8
nm6630516,tt9817466,actor,8
nm8910982,tt9817466,actress,2
nm0352230,tt9817680,actress,9
nm0035280,tt9818148,actor,2
nm1182011,tt9820556,actor,8
nm12251475,tt9822880,actor,6
nm2430054,tt9823562,actress,7
nm10174505,tt9824016,actress,5
nm4608165,tt9825006,actor,7
nm1883210,tt9826484,actress,8
nm6954008,tt9827784,actor,3
nm7981127,tt9827998,actor,1
nm2755346,tt9828208,actor,4
nm0348014,tt9828810,actress,3
nm9409223,tt9829006,actor,4
nm0840783,tt9829092,actor,3
nm7216916,tt9829092,actor,8
nm10504138,tt9833044,actor,10
nm1397299,tt9834062,actress,6
nm1474596,tt9834062,actor,7
nm6949066,tt9838372,actor,10
nm0620221,tt9838752,actor,1
nm10070918,tt9840958,actor,3
nm8957085,tt9840958,actor,10
nm1058827,tt9842874,actor,8
nm11221569,tt9843172,actor,4
nm10505337,tt9843632,actress,7
nm1162224,tt9843632,actor,4
nm1276933,tt9843632,actress,3
nm5347988,tt9844522,actress,1
nm10506330,tt9844772,actor,1
nm1929017,tt9844892,actor,4
nm5250412,tt9846462,actress,4
nm0530726,tt9848668,actor,10
nm10235918,tt9849004,actress,6
nm2514156,tt9850050,actress,6
nm0057843,tt9850344,actor,6
nm6630516,tt9851990,actor,5
nm2394568,tt9853500,actor,5
nm1640863,tt9854706,actress,6
nm6950516,tt9855170,actor,7
nm1466902,tt9855214,actress,9
nm2337089,tt9855990,actress,8
nm8174053,tt9856710,actor,1
nm10510604,tt9859372,actor,9
nm1655500,tt9859508,actor,9
nm1070494,tt9860350,actor,2
nm9549669,tt9860694,actress,7
nm2534303,tt9861200,actress,3
nm10514467,tt9861204,actor,4
nm10514471,tt9861204,actor,7
nm0110336,tt9861230,actress,8
nm4699971,tt9861522,actress,9
nm2826608,tt9864800,actor,7
nm10516071,tt9865310,actress,8
nm1596707,tt9866202,actor,2
nm1256435,tt9867130,actor,6
nm13721924,tt9867478,actress,5
nm10517485,tt9869228,actor,2
nm9753456,tt9871454,actor,1
nm10519168,tt9872038,actor,2
nm8854447,tt9872038,actor,7
nm7062993,tt9873892,actor,9
nm10520101,tt9875452,actor,4
nm7583174,tt9876412,actor,10
nm3035081,tt9877170,actress,5
nm10521239,tt9877274,actor,10
nm2469558,tt9877846,actor,9
nm0386205,tt9878414,actress,10
nm0284842,tt9881312,actress,3
nm3434219,tt9881312,actress,6
nm5445304,tt9881330,actor,5
nm5553272,tt9881330,actor,1
nm11676838,tt9881924,actor,7
nm3887345,tt9881924,actress,4
nm2144150,tt9887154,actor,8
nm1254827,tt9889218,actor,5
nm10527017,tt9890052,actor,2
nm1860056,tt9892546,actor,6
nm10528042,tt9892770,actress,5
nm8770610,tt9893266,actress,1
nm8944328,tt9893266,actor,10
nm3768164,tt9893824,actress,1
nm0795294,tt9893878,actress,6
nm12623704,tt9895024,actress,10
nm1896478,tt9896876,actress,5
nm6690278,tt9897258,actor,8
nm8953991,tt9898328,actress,4
nm10767802,tt9899840,actor,12
nm3358475,tt9900060,actor,8
nm10533868,tt9900180,actor,2
nm9874641,tt9900552,actress,1
nm10548033,tt9903952,actor,10
nm7208549,tt9904004,actor,2
nm10533830,tt9904820,actor,6
nm6836186,tt9904820,actress,7
nm0260697,tt9905252,actor,3
nm10533944,tt9905536,actor,8
nm0559420,tt9909656,actor,6
nm6856651,tt9910238,actor,3
nm1368581,tt9911306,actor,8
nm11663254,tt9913594,actress,9
nm7968959,tt9913660,actress,1
nm1125178,tt9914286,actor,8
nm8383131,tt9916190,actor,8
nm3611859,tt9916428,actor,1
nm8594703,tt9916428,actor,3
nm5697682,tt9916706,actor,3
nm3725546,tt9291476,actress,1
nm1580188,tt9292336,actress,9
nm6655422,tt9299568,actor,5
nm0100889,tt9302994,actor,7
nm6597869,tt9302994,actress,3
nm0415415,tt9303040,actress,1
nm3942523,tt9303508,actress,2
nm4967175,tt9303658,actor,4
nm3647771,tt9303778,actor,6
nm1923286,tt9303782,actor,6
nm1736605,tt9305634,actor,7
nm9010952,tt9308170,actor,8
nm0000597,tt9308382,actor,4
nm10270566,tt9309046,actress,9
nm13154959,tt9309756,actress,8
nm2080607,tt9309950,actress,8
nm0109944,tt9312100,actor,7
nm2576320,tt9312100,actor,6
nm0592799,tt9313004,actor,1
nm9336526,tt9313004,actor,5
nm10192522,tt9313558,actor,3
nm10273167,tt9313780,actor,10
nm10273210,tt9313780,actress,8
nm0031524,tt9314984,actor,7
nm9574516,tt9315438,actress,5
nm1089900,tt9315904,actress,4
nm2215307,tt9317286,actor,6
nm1102191,tt9318772,actor,2
nm9987314,tt9319194,actress,9
nm10223139,tt9319544,actor,8
nm10349552,tt9319868,actor,9
nm7744845,tt9319874,actress,2
nm6845066,tt9319884,actor,1
nm0059461,tt9319890,actor,2
nm5926117,tt9319960,actor,1
nm2620667,tt9324808,actress,4
nm8287501,tt9324808,actress,3
nm4463202,tt9327264,actress,2
nm10278984,tt9328742,actor,3
nm2580549,tt9331556,actress,7
nm0177138,tt9331776,actress,8
nm10396871,tt9331932,actor,7
nm10396878,tt9331932,actor,2
nm10280980,tt9333202,actor,7
nm10280979,tt9333256,actor,3
nm2363115,tt9333346,actor,10
nm0620919,tt9334814,actress,8
nm5858716,tt9334830,actor,8
nm10803023,tt9335210,actress,6
nm6640118,tt9335620,actor,7
nm3868921,tt9335892,actor,3
nm1274645,tt9336816,actor,1
nm0922342,tt9337518,actor,4
nm10114454,tt9337862,actor,1
nm7955935,tt9337862,actor,3
nm4651199,tt9339850,actor,1
nm2865117,tt9340486,actress,7
nm8290598,tt9340486,actress,6
nm10443679,tt9340872,actor,8
nm6076950,tt9342356,actress,2
nm10285012,tt9342360,actress,9
nm9344734,tt9343062,actor,6
nm1662057,tt9343780,actor,2
nm4120911,tt9345114,actor,7
nm0349522,tt9345754,actor,1
nm5304684,tt9346636,actress,8
nm5701195,tt9346816,actor,9
nm5421394,tt9347530,actress,3
nm3473331,tt9348578,actress,5
nm0580382,tt9348690,actress,9
nm1311741,tt9348690,actor,8
nm12696231,tt9348908,actress,10
nm1891185,tt9348908,actress,2
nm0037425,tt9349770,actor,7
nm12654674,tt9349882,actor,6
nm10561891,tt9349898,actor,2
nm0147636,tt9351062,actor,5
nm4520191,tt9351220,actor,9
nm10289110,tt9351598,actor,10
nm8704664,tt9351856,actress,9
nm0105013,tt9352178,actress,4
nm10294083,tt9354118,actress,6
nm2047724,tt9354422,actor,8
nm2010689,tt9354450,actress,9
nm0068959,tt9355200,actor,4
nm12297160,tt9355200,actress,10
nm0000194,tt9357050,actress,2
nm10292055,tt9357782,actor,9
nm13846305,tt9358480,actress,3
nm0022993,tt9358486,actor,2
nm2664304,tt9358486,actress,10
nm2192081,tt9359224,actor,10
nm10293293,tt9359680,actor,1
nm7148844,tt9359774,actor,4
nm8243442,tt9359942,actor,7
nm0605299,tt9360280,actress,4
nm0229859,tt9362492,actor,5
nm7256655,tt9363342,actor,7
nm1764351,tt9363502,actress,2
nm0139175,tt9364210,actor,8
nm1702781,tt9364228,actor,3
nm5450554,tt9364406,actor,1
nm2382533,tt9364806,actor,5
nm0265823,tt9365634,actress,1
nm2386632,tt9365950,actor,2
nm13812490,tt9367136,actor,2
nm6308481,tt9367402,actress,2
nm5633565,tt9367850,actress,7
nm2487170,tt9369332,actor,14
nm2385880,tt9371672,actress,10
nm0044467,tt9375730,actress,1
nm5147838,tt9376612,actor,11
nm2674704,tt9377978,actress,7
nm6340767,tt9378320,actor,8
nm0954655,tt9378658,actor,4
nm0001971,tt9378692,actor,3
nm0648416,tt9378692,actor,8
nm5888489,tt9378950,actor,7
nm2097751,tt9379530,actress,7
nm9439942,tt9381994,actor,5
nm1182008,tt9382596,actress,2
nm0271263,tt9382638,actor,6
nm10279921,tt9383572,actress,2
nm2381071,tt9383680,actor,3
nm1839900,tt9385870,actor,3
nm2648766,tt9386422,actor,2
nm5482973,tt9386422,actor,10
nm10305295,tt9387380,actor,4
nm10305720,tt9389132,actor,9
nm4886752,tt9389998,actor,10
nm0451864,tt9390218,actor,6
nm8372639,tt9390390,actor,10
nm10306721,tt9391146,actor,8
nm10307162,tt9392402,actor,4
nm9826800,tt9395384,actress,10
nm1942726,tt9396174,actor,2
nm7017299,tt9399712,actress,5
nm9588819,tt9399712,actor,7
nm4297673,tt9403584,actress,6
nm9310910,tt9403584,actress,10
nm2373156,tt9405490,actor,11
nm8979403,tt9405490,actor,7
nm5980942,tt9407558,actor,2
nm0540261,tt9408648,actress,8
nm6611636,tt9408742,actor,6
nm4306987,tt9409448,actor,7
nm6488665,tt9409448,actress,4
nm0489783,tt9409660,actor,5
nm0922937,tt9411866,actress,8
nm0140060,tt9414690,actor,3
nm7870592,tt9414690,actor,8
nm10316075,tt9415058,actress,5
nm4051489,tt9415058,actor,4
nm4566352,tt9415058,actor,8
nm2876954,tt9415530,actor,7
nm0945299,tt9417730,actor,2
nm6949176,tt9418306,actor,9
nm3861581,tt9418812,actress,5
nm0604742,tt9419056,actor,1
nm3770854,tt9419056,actor,10
nm5083230,tt9419730,actor,7
nm0814259,tt9419834,actress,1
nm2017943,tt9419884,actress,11
nm2360187,tt9420344,actor,5
nm1059365,tt9420624,actor,2
nm8280069,tt9420624,actress,7
nm8038668,tt9420744,actor,5
nm7337359,tt9425000,actor,4
nm8584381,tt9425000,actor,9
nm2346095,tt9425650,actress,1
nm4358565,tt9426944,actress,7
nm10321795,tt9427218,actress,6
nm10321799,tt9427218,actor,10
nm2790265,tt9428746,actor,8
nm10323183,tt9429948,actor,8
nm2216101,tt9430524,actress,9
nm1939438,tt9431520,actor,8
nm9161984,tt9431740,actor,5
nm0253219,tt9432338,actor,4
nm0094170,tt9433872,actor,3
nm10337100,tt9440738,actress,2
nm7825235,tt9441934,actor,6
nm15921508,tt9445256,actress,4
nm10332267,tt9446888,actor,6
nm10919510,tt9446888,actress,8
nm6213877,tt9448332,actress,8
nm11441827,tt9448656,actor,7
nm10331652,tt9448686,actress,3
nm10330475,tt9448688,actor,10
nm11364112,tt9448932,actress,9
nm1031854,tt9452304,actress,1
nm10442617,tt9452520,actor,9
nm2569810,tt9452846,actress,8
nm8759834,tt9454070,actor,3
nm0150495,tt9454778,actress,3
nm0488477,tt9454778,actress,1
nm2386577,tt9455030,actor,1
nm10334612,tt9457036,actor,1
nm5180960,tt9458110,actor,8
nm0481547,tt9460386,actress,5
nm2925304,tt9460386,actress,7
nm10333630,tt9460914,actor,7
nm1539524,tt9461484,actress,5
nm5680219,tt9461492,actor,6
nm7563501,tt9464000,actor,2
nm11158117,tt9465600,actress,8
nm1081069,tt9466320,actress,9
nm6314102,tt9466854,actor,5
nm0000638,tt9469842,actor,1
nm10684503,tt9470144,actor,6
nm7344328,tt9471378,actor,9
nm10342542,tt9472142,actress,6
nm1157205,tt9472334,actor,7
nm0093210,tt9472442,actor,1
nm10344380,tt9477178,actress,3
nm0467248,tt9479644,actress,10
nm1177397,tt9479644,actress,3
nm10345839,tt9481776,actor,10
nm10346113,tt9481962,actress,9
nm4823415,tt9481962,actress,6
nm6635410,tt9482620,actor,7
nm3616779,tt9484998,actor,8
nm7615080,tt9485064,actor,2
nm8843033,tt9485306,actor,9
nm3317262,tt9485392,actress,4
nm0668644,tt9486128,actor,5
nm0714537,tt9486128,actor,6
nm9478262,tt9486184,actor,8
nm9993103,tt9486184,actress,2
nm0882943,tt9487594,actress,10
nm4000521,tt9490456,actor,10
nm10351523,tt9491338,actress,6
nm10350934,tt9493034,actor,9
nm3714002,tt9495080,actress,10
nm2926954,tt9495122,actor,6
nm1166509,tt9496212,actor,8
nm0953840,tt9496866,actress,8
nm9697024,tt9504952,actor,5
nm1839828,tt9505212,actor,3
nm5544006,tt9505874,actor,3
nm7977475,tt9506474,actor,1
nm2460402,tt9506480,actor,7
nm0879971,tt9506724,actor,8
nm0312656,tt9507276,actor,6
nm5632381,tt9510324,actor,8
nm0837475,tt9510356,actor,6
nm10359130,tt9514690,actress,5
nm0603265,tt9516390,actress,8
nm2874587,tt9522074,actor,5
nm4561528,tt9522080,actor,10
nm0129648,tt9523206,actress,9
nm7898245,tt9525200,actress,2
nm0004991,tt9525792,actor,6
nm1139632,tt9525792,actress,1
nm12083607,tt9526090,actor,1
nm10365510,tt9526124,actress,3
nm0751638,tt9527682,actor,4
nm1028434,tt9528930,actor,2
nm12203722,tt9529756,actor,4
nm0822278,tt9531538,actor,5
nm3037470,tt9531776,actress,1
nm15596612,tt9531890,actress,10
nm16527387,tt9531890,actor,7
nm16527390,tt9531890,actor,9
nm0451561,tt9537292,actor,6
nm3118945,tt9537292,actor,7
nm8205920,tt9537292,actress,8
nm0427378,tt9537888,actor,11
nm8721088,tt9537888,actor,6
nm9989234,tt9537936,actor,2
nm2584277,tt9538090,actor,6
nm3562832,tt9540566,actress,6
nm0605710,tt9540862,actor,5
nm0793784,tt9541602,actor,6
nm11263781,tt9543780,actor,8
nm4298865,tt9546054,actor,8
nm1840536,tt9546082,actress,6
nm1936672,tt9546082,actor,10
nm2326379,tt9551424,actor,5
nm3980553,tt9551936,actress,6
nm7094507,tt9552162,actress,5
nm1747924,tt9552452,actor,8
nm6521557,tt9552932,actor,4
nm9482101,tt9552932,actress,5
nm0475900,tt9554316,actress,10
nm4364278,tt9554846,actress,3
nm1139191,tt9554862,actor,5
nm10265751,tt9554958,actor,2
nm10377695,tt9555284,actress,9
nm10377911,tt9555974,actress,8
nm2103907,tt9556104,actress,9
nm9155775,tt9556438,actor,8
nm10378900,tt9557390,actor,8
nm10379066,tt9557672,actress,8
nm0347201,tt9557854,actress,5
nm0386176,tt9557854,actor,6
nm2433460,tt9558468,actor,1
nm1645195,tt9558602,actor,10
nm0046424,tt9559504,actress,6
nm0590935,tt9562268,actor,5
nm2305282,tt9564712,actress,1
nm3602118,tt9564774,actor,4
nm9090068,tt9567458,actor,7
nm9008678,tt9567472,actor,7
nm4994139,tt9569306,actor,6
nm10385403,tt9571090,actor,10
nm10385412,tt9571090,actress,4
nm0645676,tt9571542,actor,1
nm8499556,tt9572626,actress,7
nm3542926,tt9573058,actor,9
nm8230074,tt9573058,actress,7
nm5800997,tt9574324,actor,4
nm2319997,tt9574444,actress,4
nm10387659,tt9574846,actor,1
nm1649939,tt9575438,actor,4
nm6879442,tt9577694,actress,5
nm2002316,tt9579786,actor,6
nm7993498,tt9580036,actor,1
nm10390460,tt9581560,actor,3
nm10390694,tt9581840,actress,9
nm4597050,tt9583840,actress,9
nm10373720,tt9584786,actress,10
nm10892931,tt9585676,actor,7
nm11084815,tt9586294,actor,10
nm2336722,tt9586294,actress,5
nm2242145,tt9586670,actress,6
nm10393795,tt9588404,actor,7
nm10395137,tt9591766,actor,9
nm9786343,tt9592364,actress,3
nm6492899,tt9592496,actor,4
nm10518003,tt9593000,actor,5
nm1035919,tt9594140,actor,9
nm1289561,tt9594140,actress,4
nm4488662,tt9595816,actress,10
nm0398934,tt9596084,actress,1
nm0490489,tt9597838,actor,1
nm11406801,tt9598172,actress,6
nm0757327,tt9598270,actor,2
nm0437088,tt9600274,actor,3
nm2090153,tt9600274,actor,6
nm9921862,tt9600568,actor,7
nm8851822,tt9600960,actor,10
nm3026217,tt9601220,actress,8
nm12231894,tt9602804,actress,3
nm10402096,tt9604418,actor,8
nm0465041,tt9609716,actress,4
nm0481737,tt9609716,actor,1
nm0030329,tt9612892,actress,7
nm0816669,tt9612982,actor,6
nm2111833,tt9612982,actress,9
nm3263422,tt9613380,actress,8
nm9273088,tt9614064,actor,8
nm7605608,tt9614416,actor,10
nm9818976,tt9614416,actress,8
nm1302331,tt9614460,actor,9
nm9435424,tt9614772,actress,5
nm4271961,tt9614988,actress,7
nm2771745,tt9615112,actor,1
nm10407099,tt9615718,actor,10
nm4780658,tt9615718,actor,1
nm9993485,tt9615718,actor,4
nm4272147,tt9616290,actor,8
nm1941730,tt9616700,actor,6
nm2087841,tt9616700,actor,5
nm0032900,tt9617280,actor,1
nm1856426,tt9617560,actress,3
nm10409071,tt9619962,actor,1
nm1674539,tt9621104,actress,10
nm5664413,tt9621286,actress,10
nm7792489,tt9621580,actor,9
nm0032900,tt9622950,actor,8
nm2534303,tt9624686,actress,5
nm2921197,tt9624686,actor,7
nm0462017,tt9625010,actor,4
nm1314352,tt9625240,actor,5
nm6333918,tt9625240,actress,3
nm1478954,tt9625298,actress,2
nm1952875,tt9626278,actor,4
nm6973289,tt9626774,actor,8
nm7561244,tt9628630,actress,4
nm0709389,tt9629494,actor,6
nm2782263,tt9629946,actress,2
nm7770551,tt9629946,actress,1
nm3894716,tt9630428,actor,6
nm11663348,tt9631700,actor,5
nm11663350,tt9631700,actor,10
nm1586491,tt9632180,actress,4
nm0183660,tt9632590,actress,5
nm2355282,tt9632590,actor,9
nm0369078,tt9635772,actress,3
nm4443927,tt9635956,actress,1
nm0185039,tt9638668,actor,4
nm5262620,tt9642696,actress,9
nm8619320,tt9643286,actor,9
nm10419374,tt9643832,actress,1
nm0441571,tt9644250,actor,7
nm0273946,tt9646364,actor,5
nm0733051,tt9646364,actor,10
nm4911970,tt9646768,actor,2
nm3299039,tt9647154,actor,7
nm10420875,tt9647178,actress,4
nm5042259,tt9647330,actor,9
nm9196622,tt9647330,actress,1
nm9391454,tt9647330,actress,3
nm1860440,tt9647768,actor,5
nm2065859,tt9647776,actress,8
nm1925238,tt9647880,actor,3
nm0028286,tt9648092,actor,8
nm6219447,tt9648668,actor,8
nm7573814,tt9648886,actor,2
nm2215609,tt9652322,actress,7
nm9335959,tt9652322,actor,9
nm1528548,tt9652730,actor,9
nm4152381,tt9652888,actress,4
nm3997616,tt9653960,actress,9
nm0406737,tt9657452,actor,1
nm7624827,tt9658288,actress,6
nm2542744,tt9658388,actress,10
nm3184137,tt9658966,actress,3
nm5479767,tt9659926,actress,9
nm0398694,tt9660606,actor,6
nm0806882,tt9660606,actor,9
nm1560543,tt9660606,actress,7
nm1892699,tt9660666,actor,5
nm2076238,tt9661960,actor,4
nm7734449,tt9663098,actor,8
nm10428309,tt9663642,actor,3
nm10428694,tt9663642,actor,6
nm0268199,tt9664108,actor,1
nm10428844,tt9664514,actor,4
nm0724148,tt9664948,actor,10
nm0782565,tt9665786,actress,2
nm0437053,tt9668556,actress,5
nm8464384,tt9668748,actor,3
nm5188998,tt9668966,actor,2
nm2288567,tt9669176,actor,8
nm7344299,tt9669470,actress,5
nm8702519,tt9669470,actor,3
nm0030280,tt9670480,actress,7
nm10641095,tt9670480,actor,5
nm7407174,tt9671918,actor,7
nm11186896,tt9672824,actor,4
nm10386712,tt9674196,actor,6
nm11202377,tt9674196,actor,5
nm10542695,tt9674226,actress,3
nm8423459,tt9675118,actress,1
nm0365303,tt9675318,actor,10
nm5825055,tt9675318,actor,5
nm6780701,tt9675716,actor,5
nm11455239,tt9676242,actress,8
nm2810290,tt9676318,actor,3
nm4623342,tt9677100,actress,6
nm10438436,tt9678460,actress,9
nm1001213,tt9678750,actor,2
nm11068064,tt9678892,actor,6
nm2694385,tt9679538,actor,6
nm11596711,tt9679552,actor,4
nm11025967,tt9680092,actor,7
nm0788903,tt9680136,actor,5
nm6500854,tt9680148,actor,9
nm14745292,tt9680562,actor,5
nm6615049,tt9680802,actress,9
nm2138126,tt9682188,actress,2
nm2008680,tt9682578,actress,1
nm0324845,tt9682768,actor,5
nm3564464,tt9683542,actress,9
nm0333689,tt9684220,actor,9
nm2765191,tt9684220,actor,1
nm3055456,tt9684220,actor,5
nm1905516,tt9684806,actor,8
nm2062436,tt9684994,actor,7
nm3254964,tt9685282,actor,5
nm8726520,tt9685342,actor,9
nm10438054,tt9685652,actor,3
nm5691453,tt9686154,actor,5
nm1871001,tt9686730,actress,1
nm4565850,tt9686730,actor,4
nm0177639,tt9686790,actress,4
nm0308391,tt9687560,actor,7
nm0095308,tt9690184,actor,4
nm10440456,tt9690818,actress,6
nm0244890,tt9691290,actress,2
nm13736107,tt9691846,actress,9
nm2748640,tt9692040,actor,13
nm6309689,tt9692046,actress,7
nm11169935,tt9695156,actor,8
nm1992631,tt9695258,actor,4
nm10725100,tt9695404,actress,8
nm10442543,tt9695462,actress,8
nm8934443,tt9697774,actress,7
nm8892987,tt9697792,actor,2
nm10933148,tt9699640,actress,7
nm1659162,tt9699686,actor,10
nm6205905,tt9699686,actress,5
nm0603516,tt9700984,actress,2
nm10444491,tt9701082,actor,1
nm6387949,tt9701676,actor,6
nm7641815,tt9703070,actor,3
nm7722049,tt9710558,actor,10
nm4763845,tt9713802,actor,1
nm1411540,tt9715318,actress,7
nm7341770,tt9716342,actor,7
nm8160070,tt9716342,actress,9
nm10449224,tt9716470,actor,10
nm9151001,tt9716724,actress,5
nm3057476,tt9716728,actor,6
nm5917286,tt9717270,actor,9
nm0541256,tt9717498,actress,8
nm0673224,tt9718474,actor,9
nm5095492,tt9718474,actress,3
nm3572845,tt9720696,actress,9
nm0875444,tt9721798,actor,1
nm9322289,tt9723262,actor,7
nm10720574,tt9725058,actor,10
nm9509129,tt9726522,actor,2
nm10453517,tt9728406,actor,6
nm1298052,tt9729774,actor,6
nm9363506,tt9730744,actor,9
nm9383294,tt9730744,actor,5
nm0869035,tt9731442,actor,9
nm10455136,tt9731442,actress,4
nm10454894,tt9731752,actor,4
nm1268681,tt9732072,actor,1
nm9448266,tt9732072,actor,8
nm0287398,tt9732214,actor,5
nm2804463,tt9733158,actor,4
nm0095696,tt9733886,actress,1
nm0545166,tt9735462,actor,2
nm9608956,tt9736774,actor,4
nm2865703,tt9737258,actor,4
nm1282623,tt9737798,actress,1
nm1422338,tt9739386,actress,8
nm10458798,tt9739486,actress,4
nm0134435,tt9739712,actress,2
nm3134564,tt9740414,actor,10
nm4131336,tt9740414,actress,1
nm10526025,tt9741016,actor,3
nm10866354,tt9741186,actress,4
nm12129669,tt9741442,actress,9
nm9072045,tt9742438,actress,5
nm0825398,tt9742794,actor,8
nm1639737,tt9746392,actor,5
nm1022949,tt9747160,actor,3
nm6931051,tt9747396,actress,4
nm9628399,tt9748034,actor,9
nm9316717,tt9748042,actor,2
nm0645781,tt9750288,actress,2
nm0654733,tt9752544,actor,7
nm2273252,tt9752544,actor,2
nm10459414,tt9752892,actor,1
nm1133652,tt9753002,actor,9
nm4568962,tt9753314,actor,3
nm10464079,tt9754442,actress,10
nm15979410,tt9755608,actor,7
nm9149916,tt9755680,actor,7
nm4980620,tt9755806,actor,10
nm2419779,tt9758500,actress,2
nm0471447,tt9760426,actress,3
nm10813419,tt9760512,actor,3
nm4232416,tt9760934,actor,1
nm10467153,tt9761088,actor,9
nm0011882,tt9764362,actor,6
nm0370573,tt9764634,actor,9
nm2944077,tt9764654,actor,4
nm2361080,tt9764958,actress,11
nm6030368,tt9765900,actor,9
nm12376183,tt9766294,actress,8
nm3211304,tt9766332,actor,5
nm1041596,tt9767390,actor,3
nm2596288,tt9767908,actor,2
nm9851359,tt9771012,actor,4
nm6210994,tt9772164,actor,6
nm0558261,tt9773698,actor,3
nm0034804,tt9777352,actress,3
nm1290912,tt9777352,actress,2
nm3575605,tt9777766,actor,3
nm3050429,tt9778190,actor,8
nm0223973,tt9778888,actor,5
nm12615768,tt9778888,actor,6
nm4612692,tt9779516,actress,8
nm0517978,tt9779658,actor,5
nm0412819,tt9782800,actress,4
nm8505306,tt9783778,actress,5
nm1021083,tt9784950,actress,7
nm2335809,tt9786896,actress,7
nm11436370,tt9789182,actress,10
nm9077920,tt9789232,actress,2
nm9103034,tt9795174,actor,6
nm0755401,tt9795238,actor,3
nm0645207,tt9795552,actor,1
nm0135929,tt9796718,actor,7
nm3603343,tt9797630,actor,9
nm0274100,tt9797920,actor,7
nm10483664,tt9798638,actor,9
nm0161122,tt9799992,actor,5
nm5551642,tt9800604,actor,6
nm9499890,tt9800604,actor,2
nm10485136,tt9800694,actor,2
nm13159338,tt9800752,actor,10
nm10485314,tt9801368,actress,10
nm1495475,tt9801368,actress,1
nm10486130,tt9803724,actor,4
nm7206660,tt9804514,actor,5
nm5829633,tt9805110,actress,6
nm5928144,tt9805984,actress,4
nm11352297,tt9806322,actor,8
nm1361049,tt9806336,actress,1
nm2134806,tt9806468,actor,7
nm0412917,tt9808564,actor,3
nm0457526,tt9809432,actor,8
nm3507715,tt9810236,actor,4
nm10940023,tt9810420,actress,10
nm0691409,tt9811300,actor,2
nm10490904,tt9811528,actress,4
nm8941741,tt9812258,actor,10
nm9362150,tt9812614,actor,6
nm3987877,tt9815072,actress,5
nm10782391,tt9815124,actress,9
nm10492515,tt9815616,actress,3
nm10524645,tt9815714,actress,9
nm1455865,tt9815990,actor,2
nm4359323,tt9815990,actor,6
nm0811242,tt9815998,actress,1
nm4976401,tt9816550,actress,2
nm10493414,tt9817040,actress,8
nm5457207,tt9817070,actor,2
nm9856045,tt9817680,actress,10
nm12075493,tt9822880,actor,9
nm2587401,tt9823546,actor,5
nm4958040,tt9824114,actor,6
nm6342705,tt9825006,actor,1
nm5390656,tt9826484,actress,7
nm2090045,tt9827352,actor,1
nm1935086,tt9827834,actress,1
nm8597648,tt9828208,actor,9
nm8358488,tt9828908,actress,2
nm9605462,tt9828908,actress,3
nm5551642,tt9830862,actor,7
nm8358333,tt9830862,actress,4
nm10500251,tt9833044,actress,9
nm0284717,tt9834446,actress,4
nm9306890,tt9834492,actress,5
nm1916273,tt9834564,actor,9
nm10501288,tt9834736,actress,2
nm1379364,tt9834798,actress,4
nm2339428,tt9837502,actor,10
nm6301747,tt9838372,actor,6
nm0684131,tt9839038,actor,11
nm3576094,tt9839686,actress,9
nm0748207,tt9840382,actor,2
nm3602480,tt9840806,actor,6
nm0637603,tt9840936,actress,7
nm10773505,tt9840958,actor,6
nm0394499,tt9842544,actor,8
nm0470901,tt9842544,actress,5
nm2327512,tt9842792,actor,4
nm0757327,tt9844256,actor,2
nm1738264,tt9844256,actor,7
nm10056717,tt9844368,actor,5
nm0644521,tt9844938,actor,7
nm4061711,tt9845110,actress,9
nm9098721,tt9847844,actress,9
nm9372014,tt9847844,actor,5
nm11089391,tt9848452,actress,11
nm6283867,tt9848968,actress,4
nm9839032,tt9849160,actor,8
nm3414188,tt9851854,actor,1
nm2410221,tt9853452,actor,8
nm0441173,tt9854002,actor,3
nm17479621,tt9854782,actor,7
nm1418952,tt9855214,actress,3
nm10407274,tt9855832,actor,1
nm0784119,tt9856128,actor,2
nm0654758,tt9858950,actress,3
nm0000409,tt9860566,actor,6
nm2759746,tt9860858,actor,3
nm10514444,tt9861192,actor,4
nm1703410,tt9861200,actress,5
nm16229997,tt9861214,actress,7
nm1759443,tt9861214,actor,2
nm13764157,tt9865310,actor,4
nm0069871,tt9865452,actress,2
nm9987121,tt9866736,actor,6
nm0246873,tt9867130,actor,8
nm13721925,tt9867478,actor,9
nm10520326,tt9869994,actress,6
nm1568421,tt9870726,actor,4
nm2767828,tt9871454,actor,5
nm9661987,tt9871454,actor,4
nm0451561,tt9875128,actor,4
nm1263036,tt9876150,actress,2
nm6154954,tt9876160,actor,3
nm6414838,tt9876160,actress,9
nm8101697,tt9876298,actor,8
nm11589790,tt9877340,actor,8
nm0793674,tt9878414,actor,6
nm1398736,tt9881364,actress,6
nm9927246,tt9881572,actress,1
nm4209388,tt9881616,actress,6
nm8094855,tt9881616,actress,3
nm10088846,tt9881852,actress,10
nm10523713,tt9882532,actor,5
nm10142219,tt9884202,actor,8
nm8236770,tt9884388,actor,1
nm10528893,tt9887180,actor,1
nm4933332,tt9887180,actor,10
nm10786120,tt9890326,actor,3
nm12340952,tt9890758,actress,9
nm7778748,tt9892604,actor,9
nm0582149,tt9893250,actor,5
nm0007023,tt9893878,actor,10
nm6686507,tt9894098,actress,2
nm10560374,tt9894394,actress,10
nm0957257,tt9898328,actor,9
nm4159008,tt9899840,actor,2
nm0575397,tt9900280,actor,6
nm7639984,tt9900280,actor,9
nm3752137,tt9900940,actor,3
nm2988542,tt9902160,actor,4
nm10592896,tt9903716,actress,2
nm6225252,tt9904010,actor,10
nm2843482,tt9904098,actor,3
nm13859587,tt9904530,actress,9
nm2504855,tt9905252,actor,2
nm2086876,tt9908960,actor,7
nm4114552,tt9910502,actress,5
nm7376490,tt9910502,actress,6
nm9855918,tt9911046,actress,10
nm11663249,tt9913594,actor,6
nm11663255,tt9913594,actress,3
nm1832009,tt9914286,actor,1
nm6811103,tt9914286,actor,7
nm9895876,tt9914522,actress,5
nm1910815,tt9915790,actor,6
nm3056725,tt9915790,actor,4
nm3533508,tt9915790,actress,7
nm10538307,tt9916124,actress,4
nm6234440,tt9290986,actress,6
nm3537172,tt9292336,actress,1
nm5550986,tt9292336,actor,6
nm10264208,tt9292378,actor,7
nm11314354,tt9293752,actress,8
nm4549887,tt9294426,actor,4
nm9617780,tt9294426,actor,8
nm0135574,tt9296084,actor,8
nm10265972,tt9296810,actress,8
nm10267129,tt9298624,actor,5
nm12589520,tt9302986,actress,5
nm0267044,tt9303040,actress,7
nm5007396,tt9303508,actor,5
nm1071149,tt9303772,actor,6
nm5293380,tt9303778,actor,5
nm6299724,tt9308022,actor,1
nm7197398,tt9308170,actor,10
nm1259153,tt9308390,actor,10
nm8888942,tt9309408,actor,4
nm2197711,tt9309568,actor,2
nm10273095,tt9309968,actor,7
nm13582282,tt9310606,actress,10
nm4433613,tt9312100,actress,1
nm9082368,tt9312100,actor,10
nm0581506,tt9312588,actor,6
nm10261362,tt9313908,actor,9
nm3909445,tt9315438,actor,4
nm10273948,tt9316594,actor,3
nm1241578,tt9316594,actor,2
nm6578060,tt9316710,actress,2
nm0012178,tt9318280,actor,6
nm1327526,tt9320184,actor,3
nm4576986,tt9320184,actor,9
nm4852679,tt9322350,actor,8
nm3113502,tt9323034,actress,2
nm8054855,tt9323784,actor,7
nm1190245,tt9326498,actor,7
nm10088118,tt9327540,actress,6
nm6781977,tt9327584,actor,4
nm10278987,tt9328742,actor,8
nm2725299,tt9330332,actress,7
nm2141178,tt9331322,actor,2
nm0878155,tt9331416,actor,5
nm10280146,tt9331932,actor,5
nm10280981,tt9333256,actor,8
nm4191778,tt9334814,actor,9
nm1620762,tt9335892,actor,6
nm2093976,tt9336816,actress,2
nm3794513,tt9336816,actor,9
nm1475361,tt9337518,actor,6
nm2386430,tt9337566,actor,10
nm2609895,tt9337566,actor,5
nm3140519,tt9337862,actor,5
nm1876322,tt9339958,actress,6
nm10278481,tt9340512,actress,1
nm10284020,tt9340512,actress,6
nm2888384,tt9340916,actor,10
nm10284554,tt9341098,actress,1
nm4950057,tt9342360,actress,6
nm2196971,tt9345778,actress,2
nm2336650,tt9346636,actor,2
nm10276556,tt9347518,actress,10
nm0896626,tt9347672,actor,7
nm2146813,tt9347672,actress,6
nm9887655,tt9347732,actor,5
nm4782158,tt9348690,actor,6
nm0800766,tt9348848,actress,8
nm10288530,tt9349882,actor,10
nm12654673,tt9349882,actor,5
nm10451457,tt9349898,actor,10
nm10561906,tt9349898,actress,6
nm4813021,tt9351112,actor,1
nm0082897,tt9351598,actor,5
nm0751762,tt9352178,actor,3
nm0022883,tt9352926,actor,5
nm10292523,tt9353656,actress,2
nm0039596,tt9354674,actor,10
nm2304722,tt9354944,actress,5
nm3011554,tt9355200,actor,1
nm10292618,tt9356304,actor,6
nm0403514,tt9357860,actress,9
nm0473802,tt9358120,actress,9
nm9377726,tt9358444,actor,6
nm1301218,tt9358486,actress,11
nm9611546,tt9359680,actress,6
nm10293522,tt9359942,actor,6
nm10293526,tt9359942,actor,2
nm2382533,tt9360280,actor,8
nm0881545,tt9361104,actress,3
nm4576978,tt9361322,actor,5
nm6964940,tt9362492,actress,6
nm0005403,tt9362722,actor,7
nm6166963,tt9364276,actress,5
nm1935881,tt9364436,actor,7
nm8592814,tt9364848,actor,5
nm3515044,tt9366994,actor,7
nm8742839,tt9367348,actor,8
nm16027800,tt9367402,actor,8
nm1868781,tt9367850,actress,5
nm4907734,tt9368552,actress,4
nm3256497,tt9368628,actor,5
nm0080180,tt9370232,actor,2
nm1035622,tt9371666,actor,1
nm5569044,tt9371666,actress,2
nm2386430,tt9371672,actor,2
nm2334970,tt9371810,actor,9
nm10298319,tt9372344,actor,4
nm10298353,tt9372374,actor,9
nm1183251,tt9377978,actress,4
nm4759838,tt9378134,actress,1
nm0838520,tt9378320,actor,3
nm5782889,tt9378416,actor,5
nm7694608,tt9378950,actress,4
nm3444244,tt9379072,actress,5
nm4730557,tt9381904,actor,7
nm1962218,tt9382140,actor,5
nm3193498,tt9382638,actress,5
nm10423971,tt9383706,actor,10
nm5884537,tt9384038,actor,9
nm8159858,tt9384038,actor,7
nm1363801,tt9385130,actor,7
nm0157374,tt9385320,actress,4
nm0406718,tt9385870,actress,2
nm0620083,tt9386508,actress,7
nm0762807,tt9386508,actress,9
nm5678135,tt9387250,actress,9
nm0501309,tt9387520,actress,8
nm4325303,tt9389562,actor,9
nm1335704,tt9389998,actor,2
nm6194569,tt9391864,actor,10
nm0457492,tt9391920,actor,5
nm0914444,tt9391986,actor,1
nm10307161,tt9392402,actor,3
nm10307164,tt9392402,actress,6
nm10307166,tt9392402,actress,8
nm10307168,tt9392402,actress,10
nm0161655,tt9395768,actor,8
nm10308242,tt9395776,actor,10
nm6814486,tt9398530,actress,5
nm0286570,tt9403944,actor,4
nm7104443,tt9403944,actor,1
nm11221119,tt9404258,actress,6
nm3482613,tt9407490,actress,2
nm1399871,tt9409660,actor,2
nm5328306,tt9409854,actress,2
nm11778492,tt9410034,actress,10
nm9029050,tt9413792,actor,10
nm0441102,tt9416478,actor,9
nm7126592,tt9418878,actor,4
nm0207731,tt9421456,actor,7
nm14821377,tt9422468,actor,13
nm14060220,tt9422624,actor,4
nm9147066,tt9425000,actor,10
nm6785461,tt9425078,actress,1
nm3593738,tt9425856,actress,6
nm1049968,tt9426186,actor,6
nm10675588,tt9427636,actress,6
nm10858692,tt9427636,actress,10
nm12413302,tt9428246,actor,6
nm4905066,tt9428746,actress,10
nm8883759,tt9430574,actor,6
nm1680229,tt9430780,actor,3
nm8060566,tt9431520,actress,10
nm2791178,tt9432968,actor,5
nm10564066,tt9433872,actor,7
nm0908914,tt9436204,actress,2
nm1832230,tt9436632,actor,6
nm6229748,tt9436946,actor,10
nm1719673,tt9437152,actor,2
nm9356262,tt9437152,actor,7
nm1738580,tt9439344,actress,7
nm9005530,tt9440450,actor,6
nm2547298,tt9440660,actor,9
nm5048092,tt9441978,actor,1
nm6289365,tt9441978,actor,3
nm0190388,tt9442780,actress,2
nm8925446,tt9443892,actor,9
nm1098982,tt9445114,actor,9
nm4852914,tt9445114,actor,2
nm7365111,tt9447444,actress,3
nm8175611,tt9447588,actress,8
nm0409204,tt9447594,actor,3
nm10301899,tt9447662,actor,3
nm1416640,tt9447768,actor,7
nm0482309,tt9448362,actor,5
nm11441822,tt9448656,actor,8
nm10331659,tt9448686,actress,1
nm10331655,tt9448688,actor,6
nm1024101,tt9449952,actor,1
nm10301007,tt9452900,actor,7
nm8173181,tt9452900,actor,4
nm10333192,tt9453278,actor,2
nm1235505,tt9454070,actor,9
nm15972751,tt9454176,actress,9
nm9955285,tt9454176,actor,4
nm10333907,tt9455030,actress,6
nm4488708,tt9455100,actress,7
nm0605706,tt9455436,actor,7
nm0001036,tt9458110,actress,2
nm0214860,tt9460386,actor,1
nm0451857,tt9460422,actor,4
nm4194229,tt9460596,actor,11
nm0764755,tt9461104,actor,10
nm0623325,tt9461484,actor,9
nm12191661,tt9461492,actor,4
nm10337829,tt9462066,actor,2
nm0952498,tt9462944,actor,3
nm0708698,tt9463434,actor,1
nm10339101,tt9465812,actor,4
nm0465531,tt9466096,actor,7
nm4927095,tt9466498,actress,1
nm1933992,tt9467386,actor,2
nm11044411,tt9468644,actress,2
nm2072498,tt9470144,actor,5
nm3527299,tt9470144,actor,8
nm12239803,tt9470296,actress,10
nm5644789,tt9470296,actor,7
nm10313053,tt9471128,actor,9
nm0657241,tt9471660,actor,7
nm11331376,tt9471786,actress,8
nm6891047,tt9471786,actor,9
nm4650038,tt9471828,actress,3
nm10584288,tt9474614,actor,9
nm3368049,tt9476372,actor,8
nm1318798,tt9477178,actress,5
nm1333687,tt9477520,actor,1
nm1417182,tt9481776,actress,4
nm3784836,tt9481776,actor,8
nm10691849,tt9482402,actress,9
nm2993517,tt9484998,actress,5
nm0632656,tt9486162,actress,9
nm7313804,tt9486184,actor,6
nm2084963,tt9487526,actor,1
nm0178964,tt9487594,actor,8
nm10401447,tt9488378,actor,2
nm5068640,tt9488378,actor,7
nm6069517,tt9489598,actress,3
nm1411679,tt9489944,actor,7
nm13931649,tt9490508,actor,1
nm1494542,tt9493038,actress,4
nm2598196,tt9496232,actress,6
nm11524868,tt9497146,actress,7
nm5220421,tt9497146,actress,3
nm12482557,tt9497760,actor,4
nm0256861,tt9499932,actor,2
nm4497664,tt9500358,actor,8
nm1734602,tt9500372,actor,7
nm0955513,tt9501234,actor,4
nm0559471,tt9501310,actress,6
nm10355526,tt9505212,actor,6
nm4704928,tt9506480,actor,3
nm3150446,tt9507234,actress,4
nm1235277,tt9510356,actor,3
nm3864624,tt9511468,actor,1
nm0312647,tt9513644,actor,3
nm1778632,tt9514690,actor,8
nm0813804,tt9514782,actor,3
nm10359179,tt9514782,actor,8
nm0950989,tt9516312,actress,8
nm6579510,tt9517188,actor,8
nm8798374,tt9517348,actress,2
nm6728625,tt9517374,actor,6
nm1081069,tt9522162,actress,7
nm10364394,tt9525352,actor,10
nm10364608,tt9525708,actor,8
nm7565671,tt9525878,actress,10
nm4457559,tt9525958,actor,5
nm4599394,tt9526134,actress,10
nm6026593,tt9526760,actor,6
nm0475054,tt9526884,actress,2
nm4463886,tt9529756,actor,8
nm6431319,tt9531138,actress,8
nm13718113,tt9531890,actor,6
nm1132505,tt9534948,actor,4
nm6372743,tt9536816,actor,4
nm7447035,tt9537352,actor,1
nm9443755,tt9538188,actress,4
nm2442113,tt9541602,actor,7
nm5887272,tt9541602,actor,3
nm9958842,tt9542460,actor,5
nm3861603,tt9543062,actor,5
nm10372196,tt9543092,actress,5
nm7509519,tt9543092,actor,7
nm0641244,tt9545516,actor,2
nm1832147,tt9546082,actor,2
nm10402760,tt9547318,actress,11
nm3882781,tt9548438,actor,10
nm1463818,tt9551760,actor,6
nm2622284,tt9551760,actor,9
nm3721069,tt9551936,actor,5
nm9839080,tt9552162,actor,9
nm11086048,tt9552208,actor,9
nm0619651,tt9552452,actor,9
nm2819510,tt9553136,actress,6
nm2828216,tt9553136,actress,5
nm3695071,tt9554846,actor,10
nm11086776,tt9554862,actress,4
nm1699218,tt9555530,actor,3
nm9558539,tt9555530,actress,5
nm1794889,tt9557068,actor,7
nm10791962,tt9560092,actress,8
nm10384673,tt9561744,actress,5
nm1875040,tt9562564,actress,1
nm1069583,tt9562978,actor,5
nm9469926,tt9563330,actor,1
nm0755960,tt9565748,actor,7
nm5899132,tt9567458,actor,8
nm3131765,tt9568318,actress,4
nm1130627,tt9569096,actress,2
nm13621188,tt9569096,actor,9
nm1029098,tt9569190,actor,8
nm1177397,tt9569512,actress,1
nm2690647,tt9569610,actor,1
nm0000936,tt9571756,actress,5
nm9114605,tt9573058,actress,10
nm0754031,tt9573180,actor,2
nm2505548,tt9574444,actor,6
nm15475067,tt9575206,actor,7
nm11600726,tt9575388,actor,2
nm10388685,tt9576808,actress,7
nm9365636,tt9577694,actress,3
nm10389236,tt9578420,actor,4
nm0195844,tt9579106,actor,2
nm4495817,tt9579634,actor,6
nm10148777,tt9580036,actress,5
nm5983291,tt9580036,actor,3
nm10390548,tt9581704,actress,6
nm10390551,tt9581704,actor,8
nm1232983,tt9581978,actor,10
nm1724705,tt9583840,actress,6
nm4728487,tt9584786,actress,5
nm7345201,tt9584814,actress,9
nm5256092,tt9584972,actress,12
nm1855836,tt9586922,actress,9
nm6851778,tt9588024,actor,1
nm10393791,tt9588404,actor,6
nm9303317,tt9590954,actor,1
nm3738372,tt9595666,actress,5
nm8333786,tt9596658,actor,9
nm11511039,tt9597838,actress,8
nm1320210,tt9598172,actress,10
nm0091931,tt9598214,actor,9
nm9166190,tt9598834,actor,9
nm10160533,tt9603090,actress,6
nm0434595,tt9604142,actor,5
nm0620634,tt9604142,actor,9
nm4015380,tt9605894,actor,7
nm0840646,tt9606700,actor,7
nm10403410,tt9607270,actress,5
nm1617087,tt9609716,actor,3
nm0631000,tt9610250,actor,10
nm0399058,tt9611068,actress,2
nm14176597,tt9611068,actress,11
nm11541659,tt9614440,actor,6
nm12337289,tt9614452,actor,9
nm5576933,tt9615028,actor,2
nm7381472,tt9615028,actress,8
nm9993484,tt9615718,actress,3
nm4406232,tt9615856,actor,10
nm0762807,tt9617280,actress,8
nm0001763,tt9618458,actor,2
nm5265577,tt9618604,actress,7
nm1001213,tt9619464,actor,2
nm10408831,tt9619578,actor,4
nm10409072,tt9619962,actress,2
nm1256532,tt9620288,actor,3
nm12083012,tt9624766,actor,10
nm2142537,tt9624766,actor,5
nm0462073,tt9625010,actress,5
nm0007759,tt9625240,actress,6
nm8535824,tt9625240,actress,7
nm8999813,tt9625242,actress,1
nm1185445,tt9625298,actor,1
nm2215706,tt9625664,actor,8
nm1446786,tt9625672,actor,7
nm10474988,tt9625986,actress,6
nm0473162,tt9627092,actor,8
nm9439930,tt9628630,actress,3
nm14308036,tt9630444,actor,1
nm4030759,tt9630868,actor,2
nm10413789,tt9632080,actress,9
nm10413790,tt9632080,actress,10
nm10335367,tt9634958,actor,3
nm1670735,tt9635956,actor,3
nm0922024,tt9640414,actor,8
nm4951025,tt9641092,actress,2
nm5828184,tt9642950,actress,5
nm1387232,tt9642962,actor,2
nm9075641,tt9643092,actor,1
nm10334200,tt9643108,actor,4
nm10419377,tt9643832,actress,6
nm1194778,tt9646136,actress,4
nm1665759,tt9646624,actress,4
nm2016899,tt9646716,actress,6
nm10323226,tt9646844,actress,4
nm0729705,tt9647298,actress,7
nm10707787,tt9647880,actress,9
nm0032955,tt9648092,actor,5
nm10421800,tt9648806,actor,1
nm9466196,tt9648806,actor,8
nm0791871,tt9652782,actor,8
nm10448675,tt9652782,actor,6
nm2966645,tt9653184,actor,7
nm1116863,tt9653352,actor,5
nm11389897,tt9653960,actress,7
nm0561356,tt9654108,actress,7
nm10797828,tt9654108,actor,2
nm2746065,tt9654240,actress,7
nm0924502,tt9657076,actor,6
nm9927301,tt9657158,actor,7
nm0278396,tt9657382,actress,5
nm5678452,tt9657904,actress,5
nm2326379,tt9658288,actor,1
nm8779123,tt9658388,actress,5
nm8015611,tt9660006,actress,8
nm3301424,tt9660326,actor,6
nm2096822,tt9660666,actor,7
nm10625466,tt9660688,actress,10
nm0083795,tt9661164,actress,4
nm0883783,tt9661960,actor,1
nm10427471,tt9662266,actress,3
nm1386721,tt9663098,actor,1
nm5862210,tt9663258,actor,7
nm8827128,tt9663642,actor,2
nm16543804,tt9663896,actor,3
nm16543808,tt9663896,actress,4
nm1571497,tt9666970,actress,1
nm6230615,tt9668280,actor,10
nm3253844,tt9668680,actress,2
nm8518195,tt9669470,actor,8
nm4638702,tt9670284,actor,3
nm0080238,tt9670480,actor,10
nm0674837,tt9672824,actor,3
nm9348122,tt9674172,actress,6
nm6419392,tt9675464,actor,10
nm7744845,tt9675716,actress,2
nm1356465,tt9675786,actress,7
nm3270435,tt9675786,actress,4
nm10434495,tt9676318,actress,7
nm0605668,tt9679368,actress,1
nm0848406,tt9679368,actor,10
nm5896360,tt9680092,actor,1
nm11320591,tt9680174,actor,3
nm4304671,tt9680174,actress,7
nm8040682,tt9680512,actor,2
nm15630549,tt9680562,actor,2
nm9751810,tt9680630,actor,1
nm3929139,tt9680802,actress,1
nm11136098,tt9681686,actor,1
nm8583232,tt9682428,actor,4
nm10436819,tt9682578,actress,7
nm0156857,tt9682768,actress,2
nm0943807,tt9685652,actor,5
nm10438101,tt9685692,actress,2
nm3198287,tt9685782,actress,4
nm1550104,tt9685948,actor,5
nm7864509,tt9686586,actress,2
nm0241049,tt9686790,actor,2
nm10439994,tt9689930,actor,4
nm10764688,tt9691136,actor,8
nm12154493,tt9691282,actor,10
nm13736108,tt9691846,actor,8
nm9931908,tt9691846,actress,4
nm10093730,tt9693686,actress,2
nm0724995,tt9694312,actor,6
nm1926865,tt9694312,actor,1
nm0726922,tt9695308,actor,2
nm7265822,tt9695404,actor,1
nm4581095,tt9697468,actor,5
nm12008512,tt9697780,actress,7
nm10502940,tt9697792,actress,9
nm0672784,tt9697960,actress,8
nm0472431,tt9698430,actor,10
nm9804355,tt9698552,actor,7
nm1586491,tt9698796,actress,5
nm10444071,tt9699784,actor,8
nm1409024,tt9701598,actress,4
nm2854112,tt9701940,actress,9
nm1189034,tt9703070,actor,4
nm9614826,tt9703398,actor,9
nm10446124,tt9703960,actor,3
nm1758556,tt9703960,actor,2
nm3404376,tt9708416,actor,8
nm1000331,tt9710572,actress,1
nm1550987,tt9711018,actor,5
nm8200235,tt9715318,actress,3
nm1256745,tt9717004,actor,3
nm2806111,tt9717004,actor,9
nm5825055,tt9717270,actor,3
nm8350918,tt9719452,actress,8
nm1500361,tt9720690,actor,3
nm1880549,tt9720690,actor,6
nm0071024,tt9721798,actor,6
nm10032663,tt9722174,actress,7
nm0311405,tt9723240,actor,10
nm10763737,tt9723240,actor,5
nm7503954,tt9723240,actor,9
nm10427377,tt9723286,actress,4
nm10451473,tt9723286,actor,2
nm0906696,tt9724114,actor,12
nm0419705,tt9726146,actor,3
nm10453500,tt9728406,actor,8
nm1959800,tt9729206,actor,4
nm10454407,tt9730794,actress,7
nm2117181,tt9730822,actor,9
nm8605837,tt9731048,actress,9
nm0682268,tt9731442,actor,5
nm5237479,tt9731534,actress,5
nm0618936,tt9731556,actress,7
nm0620816,tt9731556,actor,10
nm1241531,tt9731556,actor,5
nm2377888,tt9731556,actor,4
nm1682832,tt9731598,actor,2
nm1177197,tt9731750,actor,7
nm1035854,tt9733150,actor,2
nm10456640,tt9736288,actor,3
nm3376756,tt9737688,actress,1
nm10455731,tt9738302,actress,1
nm9181836,tt9738302,actor,6
nm4364027,tt9738392,actor,1
nm1491156,tt9739416,actor,3
nm10458037,tt9739486,actor,6
nm2786314,tt9740198,actress,8
nm5469167,tt9740198,actress,7
nm5798585,tt9740272,actress,10
nm0491065,tt9740414,actress,7
nm8037713,tt9740414,actor,8
nm0731286,tt9741180,actress,8
nm7840305,tt9741478,actress,7
nm10508445,tt9741948,actress,8
nm7861830,tt9742106,actress,9
nm10459419,tt9742166,actor,11
nm0351772,tt9742206,actor,2
nm1426040,tt9742208,actor,3
nm8488982,tt9742334,actor,6
nm10459750,tt9742732,actress,8
nm10465362,tt9746392,actor,7
nm1167594,tt9747276,actor,10
nm9433473,tt9747276,actor,8
nm0911319,tt9748136,actor,4
nm11754510,tt9749604,actress,10
nm5612941,tt9752158,actress,7
nm1204924,tt9752544,actor,1
nm10683823,tt9753002,actress,8
nm8533766,tt9753314,actress,6
nm15312788,tt9755660,actor,10
nm17928362,tt9760960,actor,4
nm10991896,tt9761572,actor,7
nm10467444,tt9762398,actor,2
nm4233819,tt9764556,actress,1
nm10468306,tt9764832,actor,7
nm6569977,tt9765226,actor,10
nm2358676,tt9765352,actor,9
nm4439920,tt9765604,actor,4
nm1871112,tt9765968,actress,1
nm0422550,tt9766332,actor,7
nm10469691,tt9767724,actor,7
nm0015164,tt9767908,actor,1
nm0693092,tt9769668,actor,9
nm1799338,tt9770208,actress,2
nm2780497,tt9770208,actor,3
nm6869529,tt9772300,actress,9
nm7309931,tt9773182,actress,5
nm10473062,tt9775996,actress,4
nm9709002,tt9777394,actor,10
nm0480524,tt9777790,actress,1
nm2586010,tt9777886,actor,10
nm2587401,tt9777886,actor,6
nm2342884,tt9778348,actor,10
nm11807845,tt9783600,actor,4
nm10476631,tt9783626,actor,8
nm9128274,tt9783778,actor,1
nm8686354,tt9784404,actor,10
nm0949045,tt9784638,actress,3
nm1650019,tt9784638,actress,2
nm10480655,tt9784816,actress,6
nm7004946,tt9786512,actor,7
nm3491019,tt9788168,actress,1
nm7795173,tt9792940,actress,8
nm10209071,tt9794412,actress,8
nm10707772,tt9795174,actor,7
nm10482383,tt9795264,actor,4
nm4702390,tt9795686,actor,5
nm9739054,tt9795856,actress,10
nm10681084,tt9796718,actress,10
nm1966297,tt9800048,actress,8
nm4252250,tt9800096,actress,1
nm9563541,tt9800604,actor,8
nm15793738,tt9800752,actor,7
nm0797614,tt9801736,actor,1
nm10588371,tt9801736,actress,2
nm9906550,tt9802634,actor,8
nm8388527,tt9803454,actor,6
nm11661960,tt9803620,actress,8
nm9322895,tt9803620,actress,4
nm9868637,tt9803620,actress,10
nm4688039,tt9804514,actor,8
nm8910981,tt9805754,actor,7
nm8540541,tt9808842,actress,7
nm2053310,tt9812258,actor,9
nm14691872,tt9812474,actress,9
nm3940715,tt9814730,actor,1
nm1040365,tt9815014,actor,1
nm7292422,tt9815014,actress,5
nm0784093,tt9815072,actor,6
nm0044293,tt9815124,actress,1
nm11403912,tt9816188,actress,8
nm10493404,tt9817040,actor,9
nm10493408,tt9817040,actor,6
nm1818216,tt9817070,actor,1
nm4449715,tt9817760,actress,4
nm11322757,tt9818000,actress,6
nm0163217,tt9818148,actress,7
nm3524360,tt9819258,actor,2
nm1697006,tt9820352,actor,2
nm0956190,tt9823170,actor,4
nm2513407,tt9823546,actress,9
nm10496616,tt9823554,actor,5
nm10464890,tt9824016,actress,2
nm10571885,tt9826668,actor,6
nm10498050,tt9827060,actor,3
nm2087369,tt9827352,actress,6
nm3733434,tt9827834,actress,5
nm12542920,tt9827998,actor,5
nm0348018,tt9828810,actor,2
nm9460096,tt9828810,actress,1
nm0625936,tt9828918,actor,9
nm10498967,tt9829108,actor,1
nm2545672,tt9829108,actor,6
nm11309545,tt9831814,actor,13
nm0361669,tt9832954,actress,9
nm4940254,tt9833044,actor,5
nm2671390,tt9834062,actor,9
nm6649930,tt9834062,actor,8
nm0439307,tt9834492,actor,3
nm4702330,tt9834492,actress,9
nm12498795,tt9837502,actor,4
nm2614548,tt9838374,actress,7
nm3251936,tt9838374,actor,4
nm3810276,tt9838374,actor,10
nm4104609,tt9838374,actor,8
nm0378698,tt9839038,actor,7
nm0643805,tt9839038,actor,6
nm4197233,tt9839686,actress,7
nm0599999,tt9840382,actress,8
nm7655252,tt9842874,actor,10
nm0441571,tt9843028,actor,6
nm2596821,tt9843172,actor,7
nm8801226,tt9843632,actor,10
nm9855889,tt9844420,actor,9
nm1649780,tt9844650,actor,10
nm1205016,tt9844944,actor,6
nm2212688,tt9845564,actor,10
nm3771077,tt9846462,actor,1
nm4360072,tt9848404,actor,5
nm1063517,tt9848626,actress,3
nm0291731,tt9848668,actor,7
nm1271447,tt9848804,actress,1
nm6640263,tt9848962,actor,4
nm10511459,tt9848972,actor,9
nm2868707,tt9850064,actor,8
nm6935325,tt9850740,actress,5
nm9461280,tt9851426,actress,1
nm0348014,tt9852508,actress,7
nm1148767,tt9854002,actor,2
nm1440098,tt9854706,actress,5
nm17479596,tt9854782,actress,4
nm10511278,tt9855002,actor,11
nm0393276,tt9855210,actor,6
nm1300650,tt9855210,actress,1
nm0714561,tt9855510,actor,4
nm10511637,tt9855510,actor,3
nm2936970,tt9855782,actor,6
nm9441913,tt9855782,actor,2
nm1118909,tt9856080,actor,8
nm11910238,tt9856710,actor,7
nm4027243,tt9860350,actor,4
nm2505507,tt9860566,actor,8
nm8705370,tt9861200,actress,1
nm10514470,tt9861204,actress,6
nm17758761,tt9861214,actress,3
nm1578697,tt9861254,actor,4
nm0618502,tt9861288,actor,4
nm3241346,tt9861288,actress,7
nm9761348,tt9861316,actor,1
nm8960302,tt9864800,actor,3
nm4223773,tt9865010,actor,2
nm0415777,tt9865310,actor,7
nm10516069,tt9865310,actress,3
nm10516430,tt9866202,actor,6
nm0661713,tt9866204,actor,6
nm10516435,tt9866208,actor,8
nm9317345,tt9866736,actor,3
nm13721922,tt9867478,actor,7
nm9091751,tt9867478,actor,2
nm3885547,tt9869668,actor,9
nm5126775,tt9871454,actor,9
nm0000662,tt9873892,actor,4
nm9571123,tt9876944,actress,5
nm10521135,tt9876994,actor,4
nm10521140,tt9876994,actor,9
nm0447240,tt9877170,actor,4
nm17086622,tt9877170,actor,8
nm0579756,tt9877340,actor,1
nm10490695,tt9877460,actress,3
nm8111934,tt9877846,actor,10
nm10117277,tt9878246,actor,10
nm0590940,tt9878414,actress,7
nm0594381,tt9878414,actress,3
nm0524011,tt9878598,actress,3
nm1204305,tt9879482,actress,1
nm0190214,tt9880982,actor,4
nm10530488,tt9880982,actress,6
nm0645502,tt9881852,actress,2
nm10523724,tt9882532,actor,8
nm2749475,tt9884388,actor,5
nm1368581,tt9886872,actor,3
nm9686121,tt9886872,actress,2
nm7423562,tt9887154,actor,3
nm1372650,tt9887580,actor,8
nm1991209,tt9888560,actor,5
nm0004469,tt9889918,actor,7
nm10527015,tt9890052,actress,10
nm11484895,tt9890308,actress,7
nm11536161,tt9890326,actor,11
nm10503931,tt9891882,actress,3
nm7665998,tt9891882,actor,6
nm1981893,tt9892094,actor,1
nm11232862,tt9892338,actor,10
nm10192526,tt9893130,actress,10
nm9805545,tt9893160,actress,8
nm6453091,tt9894098,actor,1
nm1132045,tt9894108,actress,2
nm2983464,tt9894108,actor,4
nm3846801,tt9894108,actress,9
nm11521184,tt9894450,actress,8
nm2811823,tt9894470,actress,8
nm0019027,tt9895024,actor,4
nm10396292,tt9897520,actor,3
nm0257934,tt9899938,actor,2
nm0756534,tt9900354,actress,5
nm10245269,tt9900552,actor,10
nm6239828,tt9900552,actress,3
nm10548028,tt9903952,actor,4
nm3112166,tt9903952,actor,8
nm6225250,tt9903968,actor,3
nm10532959,tt9904098,actor,7
nm4340468,tt9904648,actor,9
nm3794219,tt9904820,actress,2
nm0717709,tt9907782,actress,2
nm2217556,tt9908960,actor,6
nm1001836,tt9909656,actress,1
nm10535863,tt9910238,actor,10
nm11663250,tt9913594,actress,10
nm2227756,tt9913594,actor,5
nm7973570,tt9913660,actress,4
nm10538309,tt9916124,actress,7
nm10777053,tt9916170,actor,5
nm6153878,tt9916190,actor,9
nm3710453,tt9916428,actor,4
nm9445072,tt9916428,actor,2
nm8266000,tt9292336,actor,3
nm5802426,tt9294426,actress,5
nm6724617,tt9296590,actor,6
nm10265968,tt9296810,actor,4
nm0608214,tt9297754,actor,2
nm2142096,tt9297754,actress,1
nm10267154,tt9298624,actress,3
nm0186225,tt9301428,actress,1
nm4323771,tt9301428,actor,6
nm0681893,tt9302994,actor,8
nm10064583,tt9303696,actress,7
nm13331827,tt9305634,actor,3
nm6579199,tt9307666,actor,3
nm0788340,tt9308022,actress,6
nm3082341,tt9308382,actor,7
nm12479429,tt9308452,actress,2
nm3221054,tt9308452,actor,4
nm11035039,tt9309568,actor,9
nm0074053,tt9309756,actor,1
nm13154963,tt9309756,actor,10
nm0546091,tt9309950,actor,5
nm3745258,tt9313004,actress,2
nm2169502,tt9314596,actor,7
nm10277006,tt9315112,actor,10
nm2975962,tt9315904,actor,1
nm1737760,tt9317286,actor,1
nm2506042,tt9318310,actor,7
nm10275393,tt9319728,actor,10
nm7519999,tt9319836,actor,3
nm5977236,tt9319840,actor,8
nm6489058,tt9319840,actor,7
nm0017868,tt9319890,actor,1
nm0695177,tt9320226,actor,6
nm11097123,tt9321408,actor,9
nm10277053,tt9324774,actress,2
nm0009352,tt9326772,actress,2
nm9277131,tt9327378,actor,2
nm7977067,tt9330400,actor,6
nm1551922,tt9331416,actor,3
nm7704806,tt9332398,actress,6
nm9797406,tt9332398,actor,7
nm4051131,tt9332734,actor,3
nm10280914,tt9333076,actor,4
nm8008780,tt9333076,actor,5
nm1794876,tt9334342,actor,3
nm5959182,tt9335620,actor,3
nm0479098,tt9336300,actor,8
nm6300209,tt9337518,actress,8
nm0051765,tt9337566,actor,1
nm2087065,tt9337590,actress,2
nm8051846,tt9337590,actor,10
nm3127544,tt9339850,actor,10
nm0184434,tt9339936,actor,6
nm2215249,tt9340700,actor,8
nm11302980,tt9340860,actor,6
nm4311291,tt9340860,actor,8
nm7434168,tt9340860,actor,10
nm4684947,tt9341136,actress,3
nm10284989,tt9342250,actress,2
nm1139632,tt9342356,actress,3
nm7197043,tt9343754,actor,12
nm3654931,tt9343758,actor,10
nm10286185,tt9345114,actor,6
nm1559779,tt9346816,actor,2
nm8664914,tt9347672,actress,3
nm3602118,tt9348296,actor,11
nm3455998,tt9348546,actor,1
nm8283698,tt9348578,actress,3
nm7987911,tt9348752,actor,6
nm8461408,tt9348908,actor,4
nm2889535,tt9349020,actor,9
nm3374027,tt9349050,actor,6
nm10561900,tt9349898,actress,7
nm0051765,tt9350110,actor,1
nm10075303,tt9350746,actor,2
nm3545872,tt9350934,actor,5
nm1322483,tt9351598,actress,9
nm0049665,tt9351610,actor,1
nm10233229,tt9351610,actress,12
nm1343925,tt9354118,actor,5
nm7785962,tt9354118,actress,2
nm3332894,tt9354842,actor,3
nm7107173,tt9355200,actor,8
nm10058325,tt9357404,actor,3
nm3665215,tt9357860,actor,1
nm0601512,tt9358040,actress,10
nm1782128,tt9358120,actress,10
nm8110062,tt9359224,actor,7
nm5921321,tt9359348,actor,1
nm1662057,tt9360280,actor,6
nm0744599,tt9361292,actor,5
nm10261796,tt9361810,actress,4
nm17028901,tt9362736,actress,10
nm0056770,tt9362930,actress,6
nm9537869,tt9363990,actress,4
nm5676276,tt9364210,actress,5
nm5828513,tt9364228,actress,8
nm5181684,tt9364806,actor,10
nm10883056,tt9364848,actor,11
nm2385002,tt9365768,actor,5
nm2385880,tt9365950,actress,5
nm0896573,tt9367742,actor,8
nm5108275,tt9367850,actor,6
nm7237738,tt9368200,actor,1
nm1662153,tt9371734,actor,5
nm2395335,tt9371734,actor,4
nm0066080,tt9372172,actor,6
nm15135805,tt9372746,actor,6
nm6037662,tt9376172,actress,6
nm1066970,tt9376362,actor,10
nm4971960,tt9378416,actor,1
nm11464534,tt9378826,actor,7
nm8187490,tt9379072,actor,9
nm0547578,tt9379416,actor,6
nm12012458,tt9382140,actor,9
nm1438839,tt9383658,actor,8
nm0001159,tt9383986,actress,2
nm0592882,tt9385870,actress,6
nm7894320,tt9386290,actor,5
nm0424800,tt9386648,actor,3
nm7837420,tt9387380,actress,8
nm2688329,tt9387520,actress,1
nm11637728,tt9390026,actress,7
nm1049124,tt9391986,actor,9
nm9908280,tt9391986,actor,4
nm0000620,tt9392374,actor,5
nm10307973,tt9395400,actor,10
nm10662225,tt9396050,actor,5
nm5077088,tt9397550,actress,3
nm1404509,tt9398222,actress,9
nm8791215,tt9398640,actor,6
nm8660970,tt9403584,actor,1
nm3440235,tt9403944,actress,5
nm6718764,tt9404442,actress,2
nm8773737,tt9407490,actress,10
nm9169503,tt9407706,actress,9
nm1278099,tt9408114,actor,3
nm0100263,tt9408648,actor,6
nm5328540,tt9409854,actor,11
nm2395082,tt9411912,actress,9
nm0404924,tt9411972,actress,5
nm0755867,tt9413792,actor,1
nm8400771,tt9413792,actor,3
nm9029049,tt9413792,actor,8
nm5579794,tt9414574,actress,8
nm7796795,tt9414574,actor,2
nm13213079,tt9414684,actress,5
nm3353199,tt9415552,actor,8
nm7046528,tt9416094,actor,8
nm2899603,tt9416478,actor,10
nm4810527,tt9419884,actor,8
nm3657716,tt9420024,actor,4
nm2922103,tt9420744,actor,3
nm10319157,tt9421442,actor,4
nm10319175,tt9421442,actor,5
nm5034016,tt9421456,actor,6
nm10313390,tt9422682,actress,10
nm4204330,tt9422682,actor,8
nm5170315,tt9425000,actor,3
nm5683792,tt9426802,actor,5
nm3093908,tt9426974,actor,9
nm0031818,tt9429948,actress,3
nm10323182,tt9429948,actress,7
nm0182815,tt9430524,actor,7
nm4995683,tt9430574,actor,7
nm0190503,tt9431072,actor,3
nm0233123,tt9431080,actress,1
nm5408347,tt9432968,actor,6
nm8140511,tt9433466,actress,5
nm8763039,tt9436632,actor,10
nm1560591,tt9436636,actress,5
nm8028537,tt9436682,actor,5
nm2897413,tt9436946,actor,8
nm9605278,tt9436946,actor,4
nm1794199,tt9437294,actor,1
nm2630079,tt9437294,actor,5
nm1662075,tt9437744,actor,10
nm7190643,tt9439344,actress,5
nm11648877,tt9440660,actor,8
nm0000579,tt9441638,actor,3
nm8027543,tt9441638,actor,10
nm7635634,tt9441934,actress,10
nm4519154,tt9441978,actor,9
nm1794199,tt9442890,actor,4
nm2362746,tt9442890,actress,3
nm0491664,tt9443316,actress,7
nm8007355,tt9443316,actor,3
nm10329964,tt9445930,actor,3
nm6346200,tt9445930,actor,6
nm14445936,tt9446952,actor,10
nm7845710,tt9446952,actor,4
nm12294533,tt9447594,actress,1
nm8481488,tt9448932,actress,4
nm4845909,tt9451096,actor,1
nm9278535,tt9452304,actress,4
nm10442610,tt9452520,actress,5
nm1767051,tt9452878,actor,11
nm10333198,tt9453278,actor,7
nm10333295,tt9453616,actor,6
nm3453866,tt9454176,actress,2
nm0235460,tt9454778,actor,7
nm0430331,tt9455436,actor,9
nm6845744,tt9455468,actor,10
nm0082052,tt9458110,actor,3
nm0816389,tt9460386,actress,6
nm10510557,tt9460386,actress,9
nm2387707,tt9461104,actor,5
nm2990507,tt9461484,actor,4
nm2590318,tt9461496,actor,8
nm0125211,tt9462066,actor,5
nm0632757,tt9465518,actor,3
nm10339105,tt9465812,actor,9
nm0644573,tt9466096,actress,8
nm0645207,tt9466096,actor,10
nm5666515,tt9466096,actor,2
nm10339445,tt9466132,actress,5
nm10339446,tt9466132,actor,4
nm10339742,tt9466410,actress,9
nm0788164,tt9468400,actress,8
nm4620241,tt9471378,actor,4
nm9546259,tt9471502,actor,4
nm9974123,tt9471784,actress,7
nm7112244,tt9471952,actor,7
nm10340744,tt9472142,actress,1
nm2930154,tt9472532,actor,1
nm17664832,tt9477132,actor,10
nm4245727,tt9477178,actress,7
nm5912759,tt9477594,actor,3
nm10346110,tt9481962,actress,5
nm1796242,tt9482620,actor,3
nm0954489,tt9485064,actor,5
nm11198487,tt9485592,actress,4
nm11474508,tt9485592,actress,7
nm1771771,tt9486162,actor,7
nm5751952,tt9486594,actor,8
nm10349593,tt9489714,actor,5
nm1524874,tt9489944,actress,2
nm10349797,tt9490042,actress,6
nm9417739,tt9490414,actress,5
nm8630036,tt9492214,actor,8
nm10350937,tt9493034,actor,2
nm3078064,tt9493034,actor,5
nm1992756,tt9493708,actor,9
nm4987502,tt9495224,actress,7
nm4110132,tt9496860,actor,8
nm4538120,tt9496886,actor,10
nm1111054,tt9497146,actor,8
nm8284971,tt9500068,actress,4
nm10930959,tt9500864,actor,7
nm0906722,tt9501310,actress,2
nm5034324,tt9505396,actress,3
nm2343061,tt9505874,actor,9
nm0599493,tt9510324,actress,4
nm7661938,tt9511204,actress,6
nm6060417,tt9511550,actress,10
nm6223779,tt9511550,actor,7
nm0408458,tt9512188,actor,4
nm0951307,tt9513644,actress,5
nm4051847,tt9514116,actor,9
nm5499902,tt9515298,actor,6
nm8367216,tt9515298,actor,1
nm7920193,tt9515732,actor,7
nm4318172,tt9515792,actress,7
nm0787681,tt9516312,actress,3
nm1481765,tt9517188,actor,7
nm9152431,tt9517374,actor,8
nm0646010,tt9519642,actress,6
nm10362193,tt9519872,actor,4
nm10362306,tt9520084,actor,4
nm1866281,tt9520140,actor,10
nm4234031,tt9522946,actor,5
nm0653660,tt9523112,actor,8
nm3817466,tt9523112,actress,1
nm7030324,tt9525682,actor,4
nm8672549,tt9525682,actress,2
nm0420156,tt9525792,actress,10
nm10364818,tt9525926,actor,10
nm10364921,tt9526134,actress,3
nm0623164,tt9526262,actor,7
nm8140928,tt9526392,actor,5
nm4715046,tt9526822,actress,1
nm0000449,tt9527682,actress,3
nm10370420,tt9529556,actress,8
nm3627424,tt9529640,actor,4
nm10243100,tt9529656,actress,2
nm7144002,tt9531138,actor,2
nm13081288,tt9531890,actress,1
nm12399467,tt9534948,actress,3
nm1293353,tt9535950,actor,5
nm10369305,tt9536664,actor,9
nm10369310,tt9536664,actor,1
nm2496992,tt9537082,actor,9
nm10392022,tt9537148,actress,4
nm10369743,tt9537316,actress,9
nm3554873,tt9538008,actress,2
nm3434454,tt9538216,actor,1
nm6133722,tt9540702,actor,5
nm1041076,tt9540792,actress,6
nm0457956,tt9541470,actress,4
nm1476947,tt9541470,actor,6
nm4031498,tt9543092,actress,3
nm10187204,tt9543488,actor,1
nm10574326,tt9543780,actress,2
nm0762520,tt9551424,actress,9
nm4818678,tt9552258,actor,2
nm7659185,tt9552932,actress,7
nm1690408,tt9553136,actress,1
nm9912809,tt9554316,actress,3
nm9900699,tt9556438,actress,4
nm2600157,tt9557332,actor,3
nm5816550,tt9557332,actress,8
nm4558440,tt9557390,actress,3
nm5140887,tt9557390,actor,7
nm8298591,tt9557672,actress,9
nm0411539,tt9558468,actor,5
nm0239688,tt9558602,actor,5
nm0782005,tt9559504,actor,2
nm0407508,tt9562268,actress,6
nm0000413,tt9562296,actress,2
nm5852607,tt9562296,actress,7
nm0346394,tt9562564,actress,7
nm0434444,tt9562564,actor,8
nm0870384,tt9564676,actor,4
nm1494072,tt9564676,actor,1
nm4579097,tt9564676,actor,7
nm3132784,tt9564774,actor,7
nm0561114,tt9568230,actress,7
nm11358102,tt9568486,actor,9
nm3244369,tt9569096,actor,10
nm4291622,tt9569190,actor,10
nm10384359,tt9569306,actor,5
nm0618574,tt9569484,actor,1
nm1570591,tt9569544,actor,3
nm4191182,tt9569610,actress,10
nm10385413,tt9571090,actor,7
nm10385460,tt9571216,actor,10
nm7942853,tt9571756,actress,2
nm2948803,tt9572420,actor,7
nm9418960,tt9572626,actress,2
nm1149372,tt9578420,actress,3
nm9443054,tt9578984,actor,4
nm0885014,tt9579106,actor,3
nm1708816,tt9579634,actress,5
nm2783722,tt9579634,actor,7
nm1358539,tt9580138,actress,1
nm0098388,tt9581844,actor,1
nm6370783,tt9581978,actor,2
nm0391094,tt9582810,actor,4
nm1597989,tt9583950,actor,5
nm6619660,tt9585724,actor,1
nm7026773,tt9585724,actor,11
nm10447865,tt9586162,actor,8
nm11084812,tt9586294,actress,4
nm1645275,tt9586294,actor,6
nm3043319,tt9591082,actress,6
nm6755001,tt9591082,actress,1
nm5423311,tt9591766,actor,5
nm8754981,tt9592522,actress,9
nm0667074,tt9594140,actor,3
nm9449293,tt9595666,actress,2
nm10396625,tt9595738,actor,5
nm9472924,tt9595738,actor,4
nm11163698,tt9597404,actor,6
nm0590922,tt9598270,actress,3
nm0924552,tt9598328,actor,3
nm6687877,tt9598594,actress,2
nm9880928,tt9598594,actress,7
nm8152365,tt9598834,actor,2
nm0385443,tt9600076,actor,2
nm10399379,tt9600960,actress,1
nm4337039,tt9601220,actor,9
nm12448083,tt9602258,actor,7
nm7273876,tt9602716,actor,5
nm11185120,tt9602804,actor,5
nm12231889,tt9602804,actor,4
nm5779603,tt9604202,actress,5
nm8206788,tt9604202,actor,9
nm2011932,tt9605894,actress,1
nm3725055,tt9606374,actress,4
nm0465221,tt9606700,actor,6
nm0913843,tt9606700,actress,3
nm0790034,tt9609726,actress,7
nm10203949,tt9611484,actor,7
nm4841962,tt9612982,actress,7
nm4356858,tt9613380,actress,10
nm15124373,tt9614988,actor,5
nm7118554,tt9614988,actress,6
nm8904193,tt9614988,actor,3
nm2533953,tt9615016,actor,7
nm7063828,tt9615016,actor,9
nm9587538,tt9615610,actor,7
nm0754681,tt9615856,actor,5
nm4200158,tt9616290,actor,7
nm1784719,tt9617892,actor,10
nm8718111,tt9618524,actress,2
nm1980099,tt9618604,actor,1
nm10408833,tt9619578,actor,6
nm0682762,tt9619798,actor,4
nm10550282,tt9620056,actress,4
nm0727640,tt9620288,actress,10
nm9403098,tt9620288,actress,5
nm1564024,tt9625664,actor,4
nm6914294,tt9626764,actress,3
nm5389665,tt9627092,actress,10
nm0929582,tt9629114,actor,1
nm8983168,tt9630444,actor,3
nm1027309,tt9630832,actor,1
nm0441961,tt9631948,actor,4
nm0847654,tt9632014,actress,9
nm2489045,tt9633612,actor,3
nm10414422,tt9634252,actor,4
nm0361696,tt9635772,actor,10
nm0875370,tt9635772,actor,5
nm1715356,tt9635956,actress,4
nm8918470,tt9635956,actress,7
nm7638796,tt9636294,actor,8
nm8858156,tt9637132,actor,9
nm9223102,tt9639274,actress,2
nm0001671,tt9639470,actress,4
nm4360404,tt9640414,actress,9
nm7132587,tt9642696,actor,5
nm0053257,tt9642870,actor,2
nm2965538,tt9645472,actress,2
nm2830118,tt9645476,actor,9
nm1130592,tt9646844,actor,1
nm10827603,tt9647022,actor,3
nm10827607,tt9647022,actor,5
nm5177861,tt9647642,actor,10
nm1233224,tt9647768,actor,3
nm5346530,tt9647768,actress,4
nm1850901,tt9647880,actor,5
nm0190300,tt9648092,actress,6
nm4046605,tt9648806,actor,6
nm0032900,tt9649974,actor,9
nm4808183,tt9651918,actress,10
nm0446228,tt9652550,actor,9
nm3589143,tt9652984,actress,1
nm8970369,tt9654782,actor,1
nm10423861,tt9654830,actress,9
nm10822997,tt9655758,actor,4
nm7948429,tt9657158,actress,9
nm13234490,tt9658140,actress,3
nm13827946,tt9658388,actor,7
nm9985811,tt9660006,actor,4
nm8213628,tt9660502,actor,10
nm12528125,tt9661164,actor,8
nm5848246,tt9663702,actor,5
nm10428843,tt9664514,actress,3
nm0145705,tt9665786,actor,8
nm0547982,tt9665786,actor,7
nm0929562,tt9668552,actor,6
nm10430009,tt9668598,actor,1
nm9334992,tt9669470,actor,1
nm2395510,tt9670278,actress,6
nm4436837,tt9670282,actor,3
nm5315479,tt9670414,actress,2
nm0655799,tt9670540,actor,9
nm0916884,tt9671918,actress,8
nm0195264,tt9673224,actor,6
nm2778815,tt9673548,actor,4
nm3805318,tt9674172,actor,4
nm3139448,tt9675092,actor,4
nm7936196,tt9675716,actor,9
nm16189990,tt9676102,actor,9
nm10433995,tt9676194,actor,1
nm10433996,tt9676194,actor,2
nm0305988,tt9676274,actor,10
nm2213325,tt9677100,actor,4
nm3046678,tt9680090,actor,5
nm3741799,tt9680174,actress,1
nm10436239,tt9680256,actor,1
nm7944314,tt9680562,actor,6
nm7672956,tt9683250,actress,9
nm0228912,tt9683478,actor,8
nm0628877,tt9683478,actor,5
nm8467055,tt9683478,actress,3
nm11225783,tt9685342,actor,13
nm11647252,tt9685342,actress,5
nm2932493,tt9685996,actor,1
nm0072910,tt9687560,actor,8
nm0633121,tt9687560,actor,10
nm5580438,tt9687584,actress,2
nm0220838,tt9688874,actress,5
nm0359275,tt9689664,actress,4
nm0000666,tt9690328,actress,1
nm0646968,tt9690818,actor,3
nm0066075,tt9691324,actor,7
nm11338684,tt9691336,actor,3
nm11411076,tt9691336,actor,11
nm0240880,tt9691348,actor,4
nm17232191,tt9692366,actor,7
nm6275982,tt9692890,actress,9
nm1059365,tt9695156,actor,2
nm7952187,tt9695308,actor,5
nm10442541,tt9695462,actor,9
nm0514944,tt9695722,actor,6
nm1755973,tt9697340,actor,8
nm10443350,tt9697476,actress,4
nm5551759,tt9697960,actor,4
nm0019994,tt9698552,actor,3
nm0587686,tt9699620,actress,8
nm1493163,tt9701598,actor,2
nm1364532,tt9701940,actress,3
nm7326511,tt9701940,actress,11
nm1778107,tt9703362,actor,1
nm2640474,tt9703960,actor,1
nm0001720,tt9707580,actor,6
nm3807369,tt9708284,actress,8
nm6801695,tt9710558,actress,8
nm1066117,tt9710572,actor,6
nm5469652,tt9711018,actor,10
nm5162621,tt9711868,actor,10
nm10670328,tt9716054,actress,9
nm10448915,tt9716084,actor,4
nm5794253,tt9716342,actor,6
nm7618018,tt9716724,actor,9
nm8290747,tt9717004,actress,4
nm9450805,tt9717004,actress,8
nm0580986,tt9717144,actor,5
nm0898735,tt9719864,actor,10
nm7816583,tt9720690,actress,7
nm9269363,tt9720866,actor,13
nm10292689,tt9722174,actress,6
nm0594055,tt9722898,actor,8
nm2076506,tt9723326,actor,10
nm3985861,tt9723326,actor,1
nm1403631,tt9724114,actor,6
nm6319883,tt9724734,actor,1
nm9563541,tt9726794,actor,11
nm10455699,tt9728816,actor,6
nm6543253,tt9729060,actor,6
nm6395915,tt9731172,actress,9
nm0278354,tt9731360,actress,6
nm13930592,tt9731386,actor,7
nm2564628,tt9731534,actor,6
nm3264596,tt9731682,actor,10
nm4072025,tt9731750,actor,2
nm10454897,tt9731752,actress,2
nm8358337,tt9732072,actor,3
nm11157952,tt9733036,actress,6
nm6205689,tt9733108,actress,3
nm5876585,tt9733388,actor,6
nm15840795,tt9733886,actor,10
nm0435358,tt9735672,actress,3
nm8313494,tt9735758,actor,1
nm1040307,tt9735878,actor,3
nm10456641,tt9736288,actress,4
nm9306337,tt9736978,actor,6
nm10457374,tt9737688,actor,7
nm4671471,tt9737688,actor,9
nm1466801,tt9738400,actor,10
nm7429973,tt9739416,actor,9
nm3594367,tt9740272,actor,1
nm9200426,tt9741186,actress,3
nm9099952,tt9741310,actress,8
nm8069295,tt9741362,actress,5
nm10729192,tt9741948,actor,6
nm10459420,tt9742166,actor,8
nm10392375,tt9742208,actor,9
nm2175087,tt9742582,actress,5
nm7763809,tt9742628,actor,9
nm12402087,tt9742642,actor,9
nm10459749,tt9742732,actress,7
nm3018533,tt9747160,actor,8
nm1482625,tt9747622,actor,1
nm10462015,tt9749174,actress,8
nm10462404,tt9749174,actor,10
nm1983393,tt9750288,actor,7
nm10042969,tt9750368,actress,1
nm10456062,tt9752076,actress,2
nm10456066,tt9752076,actress,8
nm3220489,tt9752248,actress,8
nm0044729,tt9752488,actor,3
nm10463079,tt9752892,actor,11
nm1770183,tt9755806,actor,7
nm3440419,tt9759754,actor,6
nm12877113,tt9760426,actress,7
nm10713832,tt9760512,actor,10
nm17938215,tt9760960,actor,10
nm5517325,tt9761572,actor,8
nm9856689,tt9761572,actress,1
nm3614943,tt9762398,actress,3
nm1708851,tt9762608,actress,5
nm0590507,tt9764248,actor,6
nm9787164,tt9764958,actor,6
nm1045684,tt9765144,actor,1
nm5923411,tt9765226,actor,9
nm5063717,tt9765352,actor,8
nm7393874,tt9765968,actor,5
nm5089122,tt9766294,actress,1
nm7152477,tt9770208,actress,9
nm2358356,tt9770432,actress,2
nm9962816,tt9770432,actress,7
nm10471719,tt9772812,actor,6
nm10471878,tt9773182,actress,9
nm0676370,tt9777644,actor,3
nm11879821,tt9779658,actor,7
nm4873402,tt9779804,actor,2
nm1977117,tt9783722,actor,5
nm4214874,tt9783778,actor,2
nm8624059,tt9784456,actor,3
nm4861346,tt9784798,actor,6
nm9584861,tt9784798,actress,9
nm10477375,tt9784816,actor,5
nm6794756,tt9784950,actor,8
nm5083066,tt9787140,actor,3
nm17199310,tt9787228,actor,8
nm10484284,tt9789180,actress,9
nm11370721,tt9790536,actor,9
nm4658298,tt9790536,actor,4
nm10480395,tt9790808,actor,2
nm10484456,tt9792940,actor,7
nm9391482,tt9794942,actor,3
nm0616111,tt9795264,actor,2
nm6581483,tt9795368,actress,6
nm1459703,tt9795552,actor,10
nm13944689,tt9795686,actor,9
nm10944739,tt9795950,actress,8
nm0847266,tt9797630,actress,1
nm4224647,tt9800096,actor,3
nm8144032,tt9800670,actor,4
nm2499500,tt9800752,actor,6
nm2883441,tt9801322,actor,1
nm6566873,tt9801322,actor,10
nm9536476,tt9801322,actor,8
nm0158920,tt9803614,actor,4
nm0407520,tt9803614,actor,7
nm1459739,tt9804110,actor,6
nm0063387,tt9804432,actress,9
nm10487051,tt9805110,actor,4
nm15765498,tt9805110,actor,5
nm10487108,tt9805208,actor,10
nm5470227,tt9805610,actress,10
nm8894384,tt9805610,actor,7
nm0633997,tt9805784,actress,7
nm1366376,tt9805784,actor,9
nm0626083,tt9806222,actress,8
nm0239294,tt9806336,actress,3
nm10508458,tt9807914,actor,1
nm10508461,tt9807914,actor,6
nm9643785,tt9808838,actress,3
nm3613838,tt9808842,actor,4
nm1351922,tt9808874,actor,5
nm6702518,tt9808874,actress,9
nm1873329,tt9809006,actress,13
nm1778060,tt9810236,actor,9
nm0620636,tt9810436,actor,5
nm7094216,tt9812530,actress,3
nm0433385,tt9812614,actress,10
nm0434595,tt9812884,actor,7
nm10491843,tt9814730,actor,2
nm10492165,tt9815160,actor,2
nm10492242,tt9815280,actress,4
nm0108287,tt9815998,actress,4
nm10698341,tt9816188,actor,9
nm3361102,tt9816214,actress,8
nm10732083,tt9816258,actor,3
nm10760760,tt9816258,actor,10
nm0637894,tt9816816,actor,9
nm0654837,tt9816816,actress,3
nm6012805,tt9817018,actor,5
nm3129104,tt9817760,actor,7
nm10493999,tt9818000,actress,1
nm1056790,tt9820352,actor,8
nm0848984,tt9821108,actor,7
nm8319268,tt9821834,actress,1
nm1382197,tt9822880,actor,2
nm15967247,tt9823546,actress,3
nm0714739,tt9824114,actor,3
nm10498054,tt9827060,actress,6
nm15893242,tt9828344,actress,1
nm0322479,tt9828918,actress,7
nm10717755,tt9831814,actor,1
nm0008354,tt9834112,actor,6
nm5551753,tt9834210,actor,4
nm9438310,tt9834318,actor,2
nm0043268,tt9834798,actor,3
nm1364748,tt9834798,actress,1
nm6170452,tt9837502,actor,5
nm1797076,tt9837752,actor,9
nm8353861,tt9838372,actress,8
nm0557904,tt9838374,actor,6
nm8266096,tt9839636,actress,8
nm4196716,tt9842792,actress,1
nm0325943,tt9843390,actress,10
nm7991288,tt9844086,actress,9
nm4616554,tt9844522,actor,7
nm8726520,tt9844650,actor,9
nm3011132,tt9844938,actor,6
nm1095993,tt9844944,actor,7
nm11744221,tt9845110,actor,8
nm15883051,tt9846462,actor,6
nm9567821,tt9846922,actress,10
nm2144343,tt9850116,actor,6
nm17167773,tt9851854,actor,9
nm0457492,tt9852492,actor,3
nm9981119,tt9853118,actor,7
nm0156955,tt9853664,actor,4
nm0652741,tt9854002,actress,10
nm10511270,tt9855002,actress,1
nm10511271,tt9855002,actress,2
nm1462135,tt9856080,actor,9
nm3524360,tt9857850,actor,1
nm0440202,tt9858950,actor,5
nm0555474,tt9859508,actor,6
nm12573936,tt9859574,actor,8
nm12507502,tt9861288,actor,10
nm10514573,tt9861316,actress,8
nm2574673,tt9865452,actress,7
nm3434373,tt9866204,actor,3
nm3141448,tt9866916,actor,8
nm10202536,tt9867130,actor,9
nm10518654,tt9870502,actress,5
nm1098416,tt9871454,actress,6
nm0412824,tt9871736,actor,5
nm8427431,tt9872556,actress,7
nm5686215,tt9875128,actor,6
nm6648682,tt9875452,actress,9
nm1689730,tt9876150,actor,7
nm0474334,tt9876160,actor,8
nm5209535,tt9876584,actress,3
nm5736544,tt9876584,actress,9
nm4300424,tt9877138,actor,10
nm10574764,tt9878650,actress,10
nm1642639,tt9880982,actor,9
nm4057094,tt9881330,actress,3
nm1185803,tt9883860,actor,4
nm7581510,tt9887580,actress,4
nm5996755,tt9888560,actress,3
nm6607955,tt9891874,actress,2
nm15601334,tt9892338,actor,9
nm0827956,tt9892546,actress,4
nm1907812,tt9892604,actor,1
nm0917672,tt9893922,actress,1
nm6137028,tt9894098,actress,8
nm2367180,tt9894894,actor,6
nm0422434,tt9898086,actress,7
nm10838113,tt9899344,actress,10
nm8775863,tt9899860,actor,1
nm2115624,tt9900688,actor,3
nm1912683,tt9900782,actor,1
nm3596492,tt9902160,actress,10
nm6225250,tt9903802,actor,3
nm10532870,tt9903920,actor,9
nm2085781,tt9903968,actor,6
nm0451571,tt9905252,actress,4
nm4425773,tt9905412,actor,4
nm1002952,tt9905536,actress,1
nm0482300,tt9906644,actress,9
nm6011424,tt9910102,actor,2
nm10536359,tt9911046,actor,7
nm10877189,tt9911196,actress,8
nm1522315,tt9911306,actor,6
nm10209518,tt9913660,actress,8
nm7890595,tt9913660,actor,7
nm3991786,tt9913872,actor,6
nm10569206,tt9914286,actress,10
nm10537550,tt9914828,actor,1
nm10537554,tt9914828,actor,5
nm11145229,tt9914942,actress,10
nm2151352,tt9915592,actress,6
nm1417182,tt9916538,actress,2
nm0589900,tt9292510,actress,5
nm2716106,tt9293926,actor,3
nm7565175,tt9294426,actress,9
nm9156942,tt9296106,actor,10
nm6234088,tt9296590,actress,3
nm0036024,tt9296808,actor,8
nm8612331,tt9296808,actor,2
nm1286167,tt9302026,actor,7
nm0539335,tt9303040,actor,8
nm4639261,tt9303508,actor,6
nm0395964,tt9303968,actor,2
nm1284828,tt9303968,actor,5
nm0282463,tt9308390,actor,5
nm3039108,tt9308452,actress,6
nm9206815,tt9309408,actor,6
nm11014265,tt9311532,actor,7
nm2551976,tt9311532,actor,2
nm0670725,tt9312588,actor,8
nm0868577,tt9312830,actor,3
nm0829699,tt9313264,actor,8
nm10358728,tt9313910,actor,10
nm10276230,tt9314164,actor,10
nm10273302,tt9314862,actress,2
nm12716907,tt9316710,actress,8
nm13611674,tt9317274,actress,3
nm2260724,tt9318768,actor,2
nm5327912,tt9319812,actress,2
nm10275432,tt9319836,actor,7
nm7682776,tt9319868,actress,4
nm11166409,tt9319884,actor,8
nm0619047,tt9319918,actor,3
nm9753058,tt9319960,actor,10
nm7548924,tt9320226,actress,3
nm1432957,tt9322350,actor,7
nm1121917,tt9324428,actor,5
nm10277055,tt9324774,actor,9
nm0335275,tt9324808,actress,10
nm4939934,tt9324808,actress,5
nm1291022,tt9326498,actor,5
nm2895992,tt9327264,actor,10
nm3839849,tt9327584,actress,5
nm5499780,tt9330112,actor,10
nm1603688,tt9330400,actress,10
nm2718017,tt9332664,actor,1
nm7837226,tt9332680,actor,1
nm10417912,tt9333076,actor,10
nm2386632,tt9333256,actor,4
nm7008753,tt9334814,actor,10
nm10055965,tt9336032,actor,7
nm13051033,tt9336032,actor,8
nm10282870,tt9337590,actress,6
nm8785637,tt9339796,actor,7
nm1208035,tt9340872,actor,4
nm9058135,tt9342356,actress,1
nm4458936,tt9342622,actress,1
nm10286181,tt9345114,actor,1
nm1434526,tt9345114,actor,9
nm8140155,tt9345114,actor,8
nm6603853,tt9345778,actress,3
nm10287248,tt9347476,actress,6
nm4831385,tt9347672,actor,8
nm5744645,tt9347732,actor,4
nm3606487,tt9348296,actress,1
nm0444248,tt9348690,actor,7
nm10317575,tt9348848,actor,2
nm0510528,tt9349770,actor,9
nm4441966,tt9349770,actor,8
nm1697156,tt9349928,actor,8
nm4940595,tt9350746,actor,1
nm1978694,tt9350934,actress,10
nm5626898,tt9351062,actor,4
nm1560543,tt9351112,actress,6
nm6209398,tt9351220,actress,2
nm1982556,tt9351598,actress,3
nm10642773,tt9351610,actress,2
nm0825749,tt9352178,actor,6
nm5893121,tt9352926,actor,8
nm8365589,tt9354118,actor,3
nm10948031,tt9354432,actor,7
nm6053142,tt9354814,actor,8
nm6805740,tt9354842,actor,9
nm0671567,tt9354944,actor,6
nm4922487,tt9355162,actor,4
nm10292586,tt9356304,actor,3
nm8041794,tt9357404,actress,5
nm8294222,tt9357404,actress,8
nm2278431,tt9358088,actor,1
nm9742125,tt9358398,actor,3
nm2359443,tt9359224,actor,4
nm2983464,tt9359224,actor,6
nm4519769,tt9359348,actor,5
nm7112007,tt9359348,actress,2
nm3813885,tt9361810,actress,8
nm0421087,tt9363192,actress,7
nm1476804,tt9363192,actor,1
nm4432035,tt9364684,actor,1
nm1665429,tt9364806,actor,2
nm2609895,tt9365768,actor,6
nm5729867,tt9365768,actor,2
nm0015196,tt9365800,actress,5
nm13808565,tt9366716,actor,2
nm1277547,tt9367742,actor,2
nm5873274,tt9367850,actor,9
nm0847651,tt9368006,actor,7
nm8858879,tt9368200,actor,4
nm8649953,tt9371344,actor,5
nm2363115,tt9371672,actor,9
nm0051765,tt9371706,actor,1
nm0236657,tt9371730,actor,6
nm0667207,tt9371730,actor,3
nm1181828,tt9371810,actor,6
nm1662153,tt9373218,actor,9
nm10385320,tt9373782,actor,6
nm0619578,tt9373894,actor,1
nm13883408,tt9375730,actress,7
nm7648635,tt9376172,actor,4
nm0529310,tt9376362,actress,5
nm10300659,tt9377066,actor,1
nm2533953,tt9378416,actor,8
nm2492376,tt9378658,actor,1
nm2284072,tt9378950,actress,1
nm1368581,tt9379072,actor,4
nm4351101,tt9379530,actor,5
nm7458751,tt9379530,actor,1
nm6021761,tt9381742,actress,6
nm11084339,tt9383572,actor,9
nm0023266,tt9383680,actress,6
nm1383883,tt9383680,actress,8
nm10423983,tt9383706,actor,4
nm5929303,tt9384126,actor,8
nm9784206,tt9384516,actress,2
nm2876818,tt9385320,actor,3
nm0337466,tt9386648,actress,6
nm4052191,tt9389562,actress,4
nm10306452,tt9390190,actor,6
nm1056425,tt9390218,actor,10
nm6194570,tt9391864,actress,7
nm1485940,tt9392082,actor,4
nm0708045,tt9392248,actress,2
nm0541507,tt9392374,actor,7
nm3047464,tt9392532,actor,9
nm2919997,tt9392618,actor,5
nm6146828,tt9394786,actor,6
nm10308184,tt9395714,actor,10
nm0119234,tt9395768,actor,6
nm10308243,tt9395776,actor,7
nm10308244,tt9395776,actress,9
nm10308440,tt9396174,actor,8
nm11283054,tt9396198,actress,8
nm1525234,tt9397550,actor,10
nm0457204,tt9397742,actress,5
nm3651759,tt9402676,actor,7
nm7922711,tt9403928,actor,8
nm7504157,tt9405714,actor,4
nm9302162,tt9405714,actress,5
nm2865703,tt9406926,actor,1
nm0482695,tt9407156,actor,8
nm10155232,tt9407558,actor,9
nm11178322,tt9407558,actress,6
nm9380852,tt9407558,actor,7
nm10313352,tt9407706,actress,5
nm8797881,tt9408114,actor,7
nm9974367,tt9408282,actress,10
nm9177055,tt9408568,actor,9
nm7469747,tt9408648,actor,10
nm0028222,tt9411866,actor,5
nm2051779,tt9411866,actress,10
nm0413245,tt9412088,actor,3
nm0267042,tt9412514,actress,3
nm1047726,tt9415108,actor,8
nm7462417,tt9415108,actor,1
nm8777950,tt9415108,actor,4
nm10306722,tt9415480,actor,9
nm2361872,tt9415560,actress,8
nm7120132,tt9416854,actress,11
nm13947348,tt9418306,actor,5
nm10631705,tt9418812,actor,2
nm4147476,tt9419628,actress,7
nm4979628,tt9419628,actor,1
nm1800746,tt9419730,actress,4
nm1008709,tt9419834,actress,4
nm6940528,tt9419976,actress,8
nm1417182,tt9420624,actress,1
nm2988329,tt9421456,actor,10
nm0518806,tt9422624,actress,6
nm10322436,tt9423080,actor,3
nm1946674,tt9423096,actor,9
nm4282429,tt9425000,actor,6
nm5250517,tt9425000,actor,1
nm6061913,tt9425000,actress,8
nm8558090,tt9425078,actress,8
nm10321699,tt9426944,actor,6
nm10101416,tt9428246,actor,8
nm8669558,tt9428246,actor,5
nm10323148,tt9429914,actress,7
nm0849437,tt9429948,actress,1
nm0133713,tt9431080,actress,6
nm8189662,tt9431520,actor,5
nm5162621,tt9432968,actor,8
nm8758347,tt9435162,actor,2
nm3380718,tt9437052,actor,9
nm5392430,tt9440450,actress,2
nm11410408,tt9440520,actress,9
nm4005552,tt9440660,actor,1
nm7501921,tt9442978,actress,2
nm2386716,tt9445114,actor,8
nm0100653,tt9445306,actress,4
nm1836078,tt9445930,actor,7
nm10491405,tt9447588,actor,2
nm11825739,tt9447594,actor,10
nm0370579,tt9447676,actress,5
nm8910982,tt9447768,actress,9
nm1336617,tt9448686,actor,9
nm9046573,tt9449952,actor,6
nm10627018,tt9450384,actor,6
nm12097323,tt9451096,actor,5
nm10333352,tt9454070,actress,4
nm10297081,tt9454554,actress,6
nm10294459,tt9454740,actress,10
nm9680890,tt9454756,actor,10
nm5212267,tt9454778,actor,10
nm14466284,tt9455468,actor,11
nm5107460,tt9456222,actress,9
nm10334615,tt9457036,actor,8
nm10334616,tt9457036,actor,9
nm7725345,tt9460430,actor,7
nm0223560,tt9460472,actor,8
nm9704298,tt9460580,actor,1
nm9680894,tt9460914,actor,6
nm10337610,tt9461484,actress,7
nm5078787,tt9461494,actress,9
nm0623325,tt9462578,actor,6
nm0882398,tt9462578,actress,10
nm0081457,tt9462944,actress,4
nm14917817,tt9464654,actor,2
nm1366376,tt9465518,actor,4
nm8971390,tt9465600,actress,10
nm10340009,tt9466644,actress,9
nm4243872,tt9466644,actress,3
nm5394040,tt9466644,actor,6
nm10341142,tt9469296,actor,4
nm9778717,tt9471786,actor,6
nm5201899,tt9471952,actress,10
nm11275580,tt9471988,actor,7
nm1051245,tt9472334,actress,2
nm17459819,tt9473050,actor,8
nm11982837,tt9474340,actor,10
nm11982842,tt9474340,actress,7
nm1866685,tt9476430,actor,9
nm10333561,tt9477056,actor,5
nm2855554,tt9477066,actor,6
nm0482970,tt9477594,actor,5
nm0645381,tt9479644,actress,2
nm0078664,tt9480146,actor,6
nm1012524,tt9485306,actor,8
nm1254116,tt9485306,actor,1
nm4882946,tt9485392,actress,2
nm9393406,tt9486076,actor,4
nm0047962,tt9486162,actress,1
nm5709236,tt9487526,actor,2
nm10349257,tt9487802,actress,2
nm10349260,tt9487802,actress,4
nm7587704,tt9489944,actor,1
nm5095853,tt9490042,actor,4
nm7931125,tt9490122,actor,3
nm1702381,tt9490414,actor,4
nm10350176,tt9490508,actress,10
nm8690228,tt9490972,actor,10
nm1204308,tt9491292,actress,5
nm6117094,tt9493034,actress,1
nm2068826,tt9493038,actress,10
nm0452609,tt9493708,actor,8
nm1375686,tt9496860,actress,2
nm17754848,tt9496860,actor,5
nm2812610,tt9496860,actor,9
nm1816787,tt9500358,actor,3
nm6789778,tt9500864,actress,4
nm1276384,tt9501234,actor,3
nm0847085,tt9501310,actor,8
nm2897413,tt9501678,actor,4
nm5410602,tt9501678,actor,10
nm9387625,tt9505224,actor,2
nm6515560,tt9505396,actor,6
nm0324790,tt9506000,actress,7
nm4441529,tt9506480,actress,8
nm0793650,tt9506724,actor,3
nm2367277,tt9507276,actor,1
nm6253277,tt9511204,actress,2
nm1180881,tt9511468,actor,3
nm0244428,tt9512188,actor,7
nm2906637,tt9514690,actress,10
nm3720947,tt9514690,actor,7
nm10359184,tt9514782,actress,10
nm10191596,tt9515298,actor,4
nm10359791,tt9515732,actress,2
nm1407212,tt9515792,actor,1
nm0794629,tt9516390,actor,9
nm3500208,tt9517188,actress,1
nm5254236,tt9520084,actor,5
nm9141908,tt9525926,actor,3
nm12092732,tt9526090,actor,9
nm9137961,tt9526134,actress,1
nm5269206,tt9526392,actress,10
nm0474492,tt9526784,actress,3
nm0119193,tt9526822,actor,3
nm11721161,tt9527682,actor,5
nm7596281,tt9528890,actor,9
nm4821267,tt9529786,actor,9
nm0460739,tt9531538,actor,9
nm6868119,tt9531776,actor,5
nm16527389,tt9531890,actor,2
nm10367780,tt9533434,actress,6
nm5134621,tt9534714,actress,4
nm10369440,tt9536810,actor,8
nm11669775,tt9536810,actor,2
nm1302330,tt9537082,actor,5
nm4936620,tt9537082,actor,8
nm8024787,tt9537122,actor,7
nm1272902,tt9537246,actress,9
nm1127958,tt9537346,actor,8
nm2245192,tt9538008,actress,4
nm10370506,tt9538216,actress,3
nm3396201,tt9540556,actor,4
nm1828813,tt9540566,actor,3
nm0784112,tt9540862,actor,7
nm8185157,tt9543062,actress,3
nm1537329,tt9543176,actor,1
nm1857170,tt9543176,actor,5
nm0875309,tt9548438,actress,4
nm1166738,tt9548438,actress,1
nm7747984,tt9548438,actor,9
nm5280472,tt9551760,actress,10
nm1001213,tt9552564,actor,5
nm5561805,tt9554316,actress,5
nm11023872,tt9554862,actor,7
nm11088617,tt9554862,actress,9
nm1861741,tt9555530,actor,7
nm10377917,tt9555974,actress,6
nm1864017,tt9556438,actress,1
nm9447600,tt9557810,actress,9
nm1212824,tt9557854,actor,9
nm16424075,tt9558604,actor,1
nm0820283,tt9558612,actor,8
nm1259084,tt9558612,actor,6
nm9775906,tt9561744,actor,2
nm0644935,tt9562268,actress,4
nm6086396,tt9562296,actress,8
nm0297873,tt9563632,actor,5
nm0882577,tt9563872,actor,1
nm0441399,tt9565748,actor,3
nm2049980,tt9565748,actor,8
nm10383292,tt9567902,actor,1
nm0517028,tt9568318,actor,3
nm0460697,tt9569306,actor,10
nm4705505,tt9572006,actress,1
nm9954937,tt9572674,actress,8
nm0846754,tt9573138,actress,1
nm10451259,tt9574324,actress,2
nm7663135,tt9574912,actor,6
nm1716909,tt9574922,actor,8
nm1157324,tt9575160,actress,3
nm6637938,tt9579786,actor,7
nm2941559,tt9580138,actor,3
nm2995162,tt9580138,actor,6
nm0993544,tt9580442,actress,1
nm4457349,tt9581840,actor,5
nm0905856,tt9582810,actress,2
nm0928536,tt9582810,actor,7
nm1082665,tt9584972,actor,5
nm9176393,tt9587244,actor,8
nm0077811,tt9588404,actress,2
nm2946751,tt9588846,actor,4
nm1032423,tt9590554,actress,7
nm9675960,tt9590592,actor,8
nm6124827,tt9591766,actor,10
nm0006764,tt9592292,actress,10
nm10504132,tt9592364,actor,4
nm5880181,tt9592496,actor,10
nm10518006,tt9593000,actress,8
nm10518007,tt9593000,actor,9
nm15225419,tt9595360,actor,9
nm0015033,tt9596092,actress,3
nm11163696,tt9597404,actor,4
nm0427358,tt9598328,actor,5
nm10804522,tt9600964,actor,1
nm2698115,tt9601220,actress,6
nm2440234,tt9602258,actor,4
nm3702737,tt9602258,actor,5
nm9477211,tt9603090,actor,2
nm0653342,tt9603470,actress,7
nm10399797,tt9606700,actor,5
nm1044653,tt9609726,actor,3
nm2838790,tt9610422,actor,1
nm3486258,tt9610422,actor,8
nm2151247,tt9611542,actor,3
nm9452814,tt9611542,actor,1
nm1082873,tt9611872,actor,5
nm5160293,tt9612164,actress,10
nm1133042,tt9613316,actor,9
nm4105577,tt9614428,actor,6
nm10406709,tt9615020,actor,2
nm10464249,tt9615610,actress,1
nm10407095,tt9615718,actor,5
nm10407274,tt9616558,actor,1
nm9493109,tt9616558,actress,2
nm2030779,tt9617560,actor,6
nm8747878,tt9618458,actor,6
nm11995543,tt9619792,actor,10
nm0864490,tt9619798,actress,5
nm0254712,tt9620288,actress,2
nm3931538,tt9620292,actor,7
nm4187131,tt9620474,actor,7
nm10410347,tt9624570,actor,10
nm10410348,tt9624570,actress,2
nm3643178,tt9624686,actor,9
nm10304223,tt9626928,actress,6
nm1244880,tt9627092,actress,5
nm7181957,tt9628392,actor,3
nm1411548,tt9628630,actor,9
nm2928412,tt9630868,actress,6
nm1008063,tt9630940,actress,10
nm9284657,tt9631944,actor,6
nm0849481,tt9632080,actress,7
nm1167594,tt9635540,actor,8
nm3628606,tt9635616,actor,4
nm0879918,tt9635772,actor,9
nm10417986,tt9636294,actor,11
nm10423126,tt9641602,actress,5
nm2489612,tt9642950,actor,8
nm6420055,tt9643058,actress,10
nm11829658,tt9643092,actor,9
nm1553119,tt9643108,actor,9
nm0330853,tt9643286,actor,7
nm1300458,tt9643330,actress,10
nm1347556,tt9643330,actor,3
nm0202516,tt9645472,actor,10
nm1538552,tt9646240,actress,2
nm1293128,tt9646624,actor,9
nm5083230,tt9647178,actor,9
nm10459591,tt9647768,actor,8
nm2834990,tt9647880,actor,10
nm1288928,tt9648942,actress,3
nm2136707,tt9652322,actress,2
nm3841682,tt9652888,actor,9
nm4912288,tt9653184,actor,6
nm10424353,tt9654134,actor,10
nm0000092,tt9657382,actor,3
nm0865076,tt9657452,actor,9
nm10126150,tt9657904,actor,7
nm3549547,tt9658034,actor,9
nm14207356,tt9658288,actress,8
nm5480338,tt9658966,actor,4
nm8569197,tt9660006,actress,10
nm2725254,tt9660666,actress,1
nm0265610,tt9661164,actress,3
nm0619997,tt9663146,actress,10
nm10427912,tt9663146,actor,8
nm0269077,tt9663168,actor,7
nm1185642,tt9663258,actor,8
nm0219558,tt9664948,actor,8
nm6618354,tt9665402,actor,1
nm11873024,tt9665968,actor,6
nm10429831,tt9667988,actor,1
nm0699596,tt9668552,actor,10
nm1032596,tt9668556,actress,8
nm3515263,tt9668966,actress,4
nm3239779,tt9669176,actor,9
nm10440587,tt9670302,actor,3
nm2119978,tt9670458,actress,3
nm8349785,tt9674196,actor,10
nm10017483,tt9675118,actor,7
nm10434423,tt9675118,actor,5
nm10433340,tt9675320,actor,7
nm7858230,tt9675366,actress,10
nm8019376,tt9675716,actress,4
nm2162693,tt9675804,actress,2
nm0411715,tt9676520,actor,3
nm0468727,tt9676520,actor,8
nm3041664,tt9680064,actor,4
nm0737513,tt9680090,actress,10
nm11025966,tt9680092,actress,6
nm6500854,tt9680256,actor,4
nm11136099,tt9681686,actor,5
nm6117651,tt9681686,actor,2
nm0006663,tt9683478,actor,7
nm3782322,tt9683542,actor,1
nm1392985,tt9684994,actress,4
nm13237493,tt9685686,actress,9
nm6390296,tt9686586,actor,3
nm7435942,tt9686586,actor,8
nm3639013,tt9686790,actress,8
nm0456507,tt9687560,actress,5
nm1457831,tt9687560,actress,4
nm11252292,tt9687584,actor,5
nm0190441,tt9689696,actor,5
nm12136451,tt9689696,actress,9
nm2183622,tt9689922,actor,9
nm10483217,tt9690776,actor,5
nm8309876,tt9690868,actor,6
nm11989497,tt9691136,actor,10
nm3750475,tt9691136,actor,7
nm3192510,tt9691290,actor,5
nm10170946,tt9691348,actor,3
nm12012221,tt9692046,actor,11
nm9125509,tt9692366,actor,9
nm10441643,tt9693022,actor,6
nm10258959,tt9694682,actress,11
nm10442492,tt9695404,actor,3
nm10676623,tt9695462,actor,4
nm5632624,tt9697340,actor,6
nm5678481,tt9698552,actor,2
nm10446480,tt9699686,actor,6
nm9439452,tt9701082,actor,9
nm3527272,tt9701230,actress,10
nm0731457,tt9701598,actress,9
nm2580536,tt9701598,actress,8
nm0101997,tt9701676,actor,5
nm0139568,tt9708284,actress,10
nm10447830,tt9712476,actress,1
nm8643740,tt9716724,actress,10
nm10449322,tt9716728,actor,8
nm2794951,tt9717270,actress,6
nm1072736,tt9718474,actor,1
nm3343260,tt9719452,actress,12
nm10447070,tt9721830,actress,5
nm0819440,tt9722418,actor,2
nm10708153,tt9722984,actress,3
nm10722074,tt9722984,actor,9
nm5048074,tt9724492,actor,10
nm8728601,tt9725830,actress,8
nm13221173,tt9727546,actor,9
nm1799930,tt9728836,actress,2
nm9917744,tt9729060,actor,10
nm10454586,tt9731034,actress,2
nm10488497,tt9731034,actress,10
nm0942712,tt9731386,actor,10
nm6244211,tt9731386,actor,6
nm11189684,tt9733036,actor,7
nm6779063,tt9733388,actress,3
nm11661900,tt9735232,actor,9
nm1925239,tt9735470,actor,2
nm5097504,tt9736774,actor,8
nm0657139,tt9737258,actress,7
nm0258574,tt9738436,actor,4
nm4198580,tt9738784,actor,4
nm10457995,tt9739410,actress,10
nm9656590,tt9739410,actor,4
nm9203451,tt9739486,actress,3
nm0208940,tt9740414,actor,4
nm3373863,tt9740414,actress,3
nm6824481,tt9741362,actor,10
nm11257765,tt9742362,actor,6
nm12915509,tt9742438,actor,10
nm15222408,tt9742438,actor,9
nm5756906,tt9742628,actress,7
nm16513070,tt9742642,actor,7
nm11484135,tt9746718,actor,10
nm10993031,tt9747276,actor,6
nm9164683,tt9748034,actor,1
nm5781340,tt9752488,actress,6
nm10463082,tt9752892,actor,7
nm4870321,tt9753002,actress,1
nm4827456,tt9753764,actress,7
nm8819213,tt9753764,actor,1
nm0134016,tt9753990,actor,5
nm13396716,tt9754992,actress,6
nm3122789,tt9758500,actor,8
nm11023884,tt9760426,actress,2
nm10467061,tt9760934,actor,5
nm17938216,tt9760960,actor,5
nm4376679,tt9763402,actress,7
nm10492599,tt9764272,actor,9
nm10468304,tt9764832,actor,3
nm0480298,tt9765604,actor,3
nm3138990,tt9766528,actress,5
nm11894469,tt9770150,actor,4
nm16344328,tt9770208,actress,6
nm4318347,tt9772164,actress,7
nm10471877,tt9773182,actor,1
nm1041596,tt9773698,actor,4
nm2385252,tt9774762,actor,4
nm11306381,tt9777394,actress,8
nm10474792,tt9777462,actress,7
nm3271373,tt9778190,actor,2
nm10952407,tt9778888,actor,9
nm0157139,tt9779352,actor,4
nm0049315,tt9779804,actress,7
nm5876585,tt9779804,actor,5
nm12221961,tt9780140,actor,6
nm8021173,tt9783658,actor,10
nm2419919,tt9783868,actress,2
nm10473389,tt9784404,actress,7
nm1428821,tt9784456,actress,1
nm0221315,tt9784518,actor,4
nm0202137,tt9786162,actor,2
nm3408419,tt9786896,actress,10
nm2852571,tt9788168,actress,2
nm0312593,tt9788706,actor,5
nm1228805,tt9789266,actor,5
nm3166114,tt9789266,actor,4
nm0767758,tt9791552,actress,9
nm10732662,tt9794412,actress,10
nm1232756,tt9795552,actor,7
nm10485396,tt9797920,actor,6
nm8491051,tt9799984,actor,3
nm0626865,tt9800048,actor,5
nm9934637,tt9800752,actress,9
nm7477489,tt9801322,actor,7
nm3873521,tt9801736,actor,7
nm10523453,tt9802634,actress,1
nm4875369,tt9803454,actor,3
nm10484904,tt9804110,actress,10
nm1869343,tt9804534,actor,8
nm0091688,tt9806304,actor,1
nm3467471,tt9806336,actor,8
nm11955840,tt9810236,actress,5
nm3782241,tt9810236,actor,1
nm10490902,tt9811528,actor,1
nm10148819,tt9811798,actress,7
nm1663898,tt9812884,actress,8
nm8846708,tt9815156,actress,7
nm0632967,tt9815160,actor,4
nm10492300,tt9815360,actor,4
nm0001575,tt9815554,actress,3
nm0000407,tt9815998,actress,5
nm9045377,tt9816258,actor,2
nm6623474,tt9816396,actor,3
nm8581283,tt9817044,actress,8
nm1758612,tt9817070,actor,4
nm6440625,tt9817674,actress,6
nm1625281,tt9817680,actor,4
nm5475638,tt9819258,actor,7
nm0041528,tt9820550,actor,1
nm0612534,tt9820556,actor,7
nm0853392,tt9821108,actor,2
nm1018224,tt9823546,actor,2
nm10496665,tt9823634,actress,2
nm5551641,tt9823634,actor,7
nm3613279,tt9824114,actor,10
nm10497428,tt9826126,actress,10
nm3674939,tt9826484,actress,3
nm10498051,tt9827060,actress,1
nm12798899,tt9827352,actor,4
nm2013433,tt9827998,actor,4
nm1824944,tt9828208,actor,3
nm0959420,tt9828802,actor,2
nm5470227,tt9828908,actress,8
nm1165804,tt9828918,actress,10
nm9154250,tt9829092,actor,2
nm0007342,tt9832110,actor,1
nm0394649,tt9832396,actor,1
nm0770726,tt9834506,actress,3
nm0768029,tt9837752,actor,7
nm1028434,tt9838656,actor,1
nm2139077,tt9838656,actor,6
nm2755346,tt9838656,actor,5
nm16129920,tt9838780,actor,8
nm16129926,tt9838780,actor,10
nm8358493,tt9838916,actor,5
nm4745984,tt9840382,actress,4
nm10701003,tt9842404,actor,9
nm1096341,tt9842874,actress,2
nm1998273,tt9843470,actor,10
nm1278853,tt9843632,actor,8
nm0633989,tt9844256,actress,3
nm1192347,tt9844256,actress,6
nm1863658,tt9844368,actor,2
nm5710414,tt9844522,actor,4
nm0130429,tt9845564,actor,3
nm11796883,tt9848804,actor,6
nm10508367,tt9848968,actress,8
nm4593114,tt9848968,actor,5
nm5620807,tt9849160,actress,1
nm2069669,tt9849644,actress,10
nm1066974,tt9850064,actress,6
nm9624380,tt9850084,actor,4
nm4528937,tt9850264,actor,4
nm6822356,tt9850564,actress,10
nm9608473,tt9855832,actress,8
nm0850809,tt9858950,actor,6
nm10513489,tt9859504,actor,1
nm1829277,tt9859508,actress,7
nm3668216,tt9859574,actress,5
nm6072674,tt9859574,actress,10
nm1669854,tt9860694,actor,3
nm12789773,tt9860858,actress,9
nm10514439,tt9861192,actor,2
nm10514440,tt9861192,actress,5
nm0292708,tt9861200,actress,6
nm0344346,tt9861254,actress,8
nm0782005,tt9863566,actor,2
nm6196159,tt9866736,actress,4
nm5683997,tt9866738,actress,7
nm1011348,tt9867628,actor,3
nm1475385,tt9871328,actress,10
nm4537959,tt9872556,actress,6
nm0344802,tt9873652,actress,6
nm0389377,tt9873652,actress,8
nm10520100,tt9875452,actor,3
nm1802022,tt9876412,actor,1
nm7488983,tt9876584,actor,1
nm10520867,tt9876748,actor,3
nm8730563,tt9876944,actor,9
nm3588483,tt9877138,actress,4
nm5149382,tt9877138,actor,5
nm10521238,tt9877274,actor,9
nm1066117,tt9877274,actor,5
nm3159930,tt9877846,actor,7
nm3654496,tt9878242,actor,10
nm10959118,tt9878598,actor,7
nm8877277,tt9878650,actor,9
nm10621925,tt9881488,actor,6
nm11689545,tt9881572,actor,8
nm2319059,tt9881678,actor,9
nm2599580,tt9881678,actress,3
nm10523717,tt9882532,actress,2
nm0755953,tt9883860,actress,5
nm5592806,tt9887154,actress,1
nm10525921,tt9887290,actress,2
nm4802028,tt9888560,actress,7
nm10182901,tt9889918,actor,3
nm10786798,tt9890326,actor,4
nm10026135,tt9890758,actress,10
nm10527337,tt9890870,actress,4
nm1123840,tt9892094,actor,5
nm12633531,tt9892604,actor,7
nm12505163,tt9893084,actress,3
nm0227759,tt9893250,actor,2
nm1002664,tt9893824,actor,3
nm1401969,tt9898636,actor,2
nm10239733,tt9898844,actor,10
nm8497034,tt9899344,actress,2
nm1586516,tt9900388,actor,8
nm7607384,tt9900398,actress,1
nm9922590,tt9903716,actor,9
nm5598225,tt9903890,actress,10
nm0442368,tt9903968,actor,5
nm3658258,tt9904098,actor,4
nm6225250,tt9904098,actor,9
nm6040011,tt9904820,actor,5
nm2305030,tt9905224,actor,9
nm2792699,tt9905224,actor,6
nm10535369,tt9909656,actress,4
nm10535373,tt9909656,actor,9
nm10569025,tt9914286,actor,4
nm10537552,tt9914828,actor,3
nm10538302,tt9916124,actor,6
nm1438370,tt9916270,actor,6
nm5454124,tt9916270,actor,9
nm6917808,tt9292378,actor,9
nm5036326,tt9293752,actor,7
nm7295963,tt9296106,actress,2
nm3041049,tt9296590,actor,10
nm6859238,tt9296590,actress,8
nm1868832,tt9296808,actor,5
nm10270269,tt9296810,actor,5
nm2300982,tt9299568,actor,4
nm5342804,tt9299568,actor,9
nm6931873,tt9299568,actor,3
nm0226701,tt9299590,actress,5
nm10496446,tt9303040,actress,10
nm7466077,tt9303040,actor,3
nm1298177,tt9303782,actor,3
nm1099597,tt9304360,actor,9
nm9251636,tt9308340,actor,12
nm0412850,tt9308382,actress,9
nm0743896,tt9308382,actress,2
nm10270565,tt9309046,actress,2
nm9399872,tt9309046,actress,5
nm10270629,tt9309408,actor,8
nm13154954,tt9309756,actress,3
nm13154970,tt9309756,actor,4
nm10272294,tt9313424,actor,9
nm10272584,tt9313780,actor,5
nm9426597,tt9314164,actor,9
nm3033768,tt9314596,actor,2
nm0813691,tt9315904,actor,7
nm1268637,tt9315904,actor,3
nm9224536,tt9316594,actor,8
nm3808714,tt9317274,actor,8
nm10276797,tt9318230,actress,3
nm4503236,tt9318280,actor,9
nm3881688,tt9319728,actor,7
nm14365844,tt9319878,actor,10
nm10261553,tt9322476,actress,3
nm0025459,tt9324428,actor,4
nm10277054,tt9324774,actor,4
nm8111443,tt9326498,actor,4
nm8301754,tt9327540,actress,3
nm10278261,tt9327782,actor,3
nm1314276,tt9328744,actress,4
nm3120937,tt9328744,actor,9
nm10492158,tt9331550,actress,4
nm3872839,tt9331550,actor,5
nm4478001,tt9331776,actress,11
nm1722996,tt9332734,actress,5
nm0051765,tt9333346,actor,1
nm5181516,tt9335444,actor,2
nm10282597,tt9337038,actor,9
nm14941130,tt9337862,actor,7
nm10280464,tt9340512,actress,8
nm10284551,tt9341098,actress,2
nm10284597,tt9341136,actress,8
nm5923940,tt9343826,actor,10
nm2780716,tt9345754,actress,10
nm10285136,tt9347518,actress,9
nm0589141,tt9347654,actor,3
nm6700366,tt9348546,actor,7
nm0695028,tt9351854,actor,7
nm11215130,tt9354674,actress,2
nm0663546,tt9354842,actress,5
nm0659244,tt9355126,actor,4
nm4297979,tt9357782,actor,3
nm0130794,tt9358040,actress,3
nm8411029,tt9358088,actress,3
nm16022819,tt9358160,actor,10
nm10092080,tt9363502,actor,6
nm10295080,tt9364276,actor,2
nm0741461,tt9364494,actor,2
nm4678782,tt9364494,actor,9
nm0051765,tt9364806,actor,1
nm3226390,tt9365634,actor,10
nm2382533,tt9365768,actor,4
nm5100094,tt9366176,actress,1
nm13812486,tt9367136,actor,7
nm3419887,tt9368552,actress,2
nm0808104,tt9369268,actress,10
nm10661904,tt9369410,actress,7
nm2419625,tt9369990,actor,3
nm10297180,tt9370218,actor,4
nm8419909,tt9371344,actor,2
nm9926931,tt9371666,actress,9
nm2389894,tt9371706,actor,7
nm3447958,tt9372172,actor,9
nm10298323,tt9372344,actress,7
nm1056829,tt9372344,actor,2
nm1117679,tt9372344,actress,3
nm0605299,tt9373258,actress,2
nm10109491,tt9377066,actor,6
nm6523480,tt9378134,actor,6
nm6812114,tt9378134,actor,9
nm5584853,tt9379072,actor,2
nm1683137,tt9382596,actress,7
nm0188121,tt9382638,actress,4
nm9587926,tt9383706,actor,3
nm13287656,tt9383758,actor,5
nm0733625,tt9383986,actress,6
nm0538214,tt9384516,actor,7
nm10304707,tt9385870,actor,10
nm5021375,tt9386422,actor,6
nm5021810,tt9386422,actor,8
nm0005031,tt9386648,actress,1
nm10305308,tt9387380,actor,6
nm7037517,tt9389444,actress,10
nm1084853,tt9389998,actor,1
nm13068828,tt9390190,actress,7
nm2686038,tt9390390,actor,1
nm0441102,tt9391146,actor,3
nm13893265,tt9391166,actor,9
nm0710969,tt9392374,actress,9
nm11248535,tt9394826,actor,3
nm8018636,tt9394826,actor,8
nm0161974,tt9395768,actor,7
nm3472350,tt9397550,actor,7
nm1950558,tt9402676,actor,10
nm9822601,tt9402676,actor,5
nm10311790,tt9403584,actor,9
nm2543870,tt9404442,actor,5
nm0998932,tt9406926,actor,6
nm2965286,tt9407490,actor,4
nm7907339,tt9408568,actor,5
nm0102410,tt9408648,actress,5
nm1580115,tt9409096,actress,2
nm16773180,tt9409448,actress,10
nm2646937,tt9409660,actress,7
nm1679834,tt9412514,actress,6
nm3328014,tt9412726,actress,6
nm6884988,tt9412726,actor,10
nm1682551,tt9414024,actor,8
nm10311788,tt9414574,actress,10
nm1066117,tt9414684,actor,7
nm10315884,tt9414690,actor,9
nm2360187,tt9415560,actor,5
nm5834167,tt9417730,actress,6
nm6475293,tt9419752,actress,9
nm0371660,tt9419834,actor,3
nm11353087,tt9420648,actor,9
nm10318909,tt9420744,actress,7
nm3016957,tt9422724,actor,6
nm4410344,tt9425000,actress,5
nm1495359,tt9426802,actor,7
nm10327043,tt9431520,actress,6
nm9913257,tt9431740,actor,4
nm0438578,tt9436632,actor,3
nm1201852,tt9436636,actor,4
nm2362746,tt9437224,actress,7
nm0441102,tt9437294,actor,3
nm7028312,tt9437294,actor,7
nm3200264,tt9440520,actor,5
nm10357886,tt9446888,actor,4
nm10873608,tt9447588,actor,10
nm4455935,tt9447588,actor,3
nm3752091,tt9447662,actor,1
nm7121595,tt9447676,actor,4
nm3557375,tt9448332,actor,3
nm3138310,tt9451096,actor,2
nm6613275,tt9452846,actor,10
nm3683078,tt9452900,actor,6
nm2156908,tt9454554,actor,3
nm10323524,tt9454740,actor,4
nm7514964,tt9455030,actor,5
nm5508230,tt9456222,actress,7
nm10174065,tt9457036,actor,7
nm10334792,tt9457036,actress,6
nm2436618,tt9458062,actor,4
nm3434176,tt9458110,actor,6
nm0464669,tt9459988,actress,6
nm12385549,tt9460478,actor,8
nm0082052,tt9461104,actor,2
nm3307918,tt9461104,actor,6
nm10337612,tt9461484,actor,3
nm12191660,tt9461492,actor,3
nm2754475,tt9461494,actor,7
nm1472177,tt9462066,actress,6
nm0043395,tt9465518,actor,5
nm1699335,tt9466320,actress,3
nm6840275,tt9466424,actor,7
nm10427147,tt9466854,actor,1
nm3054665,tt9468400,actress,4
nm1228007,tt9469842,actor,8
nm5254274,tt9470296,actor,1
nm5929736,tt9471502,actor,1
nm2964342,tt9471678,actress,12
nm3196782,tt9471828,actor,5
nm0312064,tt9471930,actress,1
nm10389188,tt9471952,actor,8
nm3255649,tt9471988,actor,9
nm11982838,tt9474340,actor,9
nm10344011,tt9476372,actress,3
nm1416903,tt9476372,actor,10
nm10344250,tt9477056,actor,9
nm10344253,tt9477056,actor,7
nm4114538,tt9477066,actor,5
nm10743273,tt9477532,actress,9
nm11671414,tt9477532,actress,10
nm4803632,tt9477594,actress,4
nm0491426,tt9480146,actress,3
nm0346595,tt9480330,actor,5
nm1632747,tt9480330,actress,7
nm8535650,tt9486162,actor,10
nm0683641,tt9487594,actress,9
nm1481355,tt9487594,actor,1
nm4931077,tt9490122,actor,5
nm2464706,tt9490456,actor,5
nm2721727,tt9490456,actor,6
nm2400341,tt9490990,actress,8
nm0575671,tt9494300,actor,5
nm10351107,tt9494300,actor,9
nm0557598,tt9495080,actor,4
nm10833134,tt9495122,actor,8
nm5856898,tt9495690,actress,6
nm3120588,tt9496232,actor,8
nm10352263,tt9496420,actor,3
nm1315893,tt9496830,actress,6
nm3138980,tt9496886,actress,9
nm12482552,tt9497760,actor,1
nm7612930,tt9500068,actor,9
nm2621167,tt9500358,actor,7
nm4329180,tt9501234,actor,5
nm1634832,tt9506000,actor,8
nm0383026,tt9506678,actress,10
nm3041542,tt9507234,actress,5
nm0100492,tt9510356,actor,8
nm0438736,tt9513644,actor,8
nm0783991,tt9513644,actor,4
nm8172219,tt9515732,actress,4
nm0955048,tt9516956,actress,2
nm1105418,tt9516956,actor,3
nm8314230,tt9517348,actress,10
nm1238859,tt9519642,actor,10
nm10362197,tt9519872,actor,9
nm8530716,tt9519872,actor,1
nm7357196,tt9521590,actress,4
nm2102815,tt9522074,actor,8
nm0431235,tt9522946,actor,7
nm3072339,tt9522946,actress,4
nm10364390,tt9525352,actress,5
nm0411857,tt9525792,actor,5
nm0776584,tt9525792,actor,4
nm0882769,tt9525878,actor,7
nm1047883,tt9525878,actor,4
nm0885474,tt9525958,actor,8
nm10364552,tt9526154,actress,3
nm9661344,tt9526262,actress,3
nm11751036,tt9526784,actor,10
nm7898245,tt9528596,actress,2
nm2306583,tt9528930,actor,8
nm10367197,tt9529556,actor,10
nm8063282,tt9529640,actress,9
nm5323041,tt9530954,actor,1
nm0153855,tt9534784,actor,2
nm9556040,tt9534808,actress,8
nm10392023,tt9537148,actor,5
nm8589214,tt9537342,actor,1
nm1836657,tt9537346,actor,2
nm8744655,tt9537936,actor,10
nm10370316,tt9538090,actor,9
nm7828133,tt9538216,actress,5
nm3713533,tt9540556,actor,9
nm8313648,tt9540566,actor,5
nm2671586,tt9541602,actress,2
nm3779956,tt9546054,actress,10
nm4619085,tt9548134,actress,6
nm0619834,tt9551682,actor,4
nm4168755,tt9552452,actor,6
nm18416472,tt9554316,actress,7
nm10930248,tt9554862,actor,10
nm3504811,tt9556198,actor,2
nm12791923,tt9556438,actor,10
nm8902130,tt9557296,actor,1
nm11348298,tt9559504,actor,9
nm13609823,tt9559504,actor,4
nm4969434,tt9562296,actor,6
nm0738873,tt9564676,actress,10
nm1588272,tt9564748,actor,9
nm18689156,tt9566084,actress,8
nm8229113,tt9567458,actor,9
nm6922643,tt9567472,actress,2
nm11892029,tt9567902,actor,9
nm0194271,tt9568230,actress,8
nm6707561,tt9568640,actress,4
nm10390265,tt9569104,actor,6
nm4841598,tt9569104,actor,4
nm3494722,tt9569484,actor,6
nm10385398,tt9571090,actress,3
nm9723440,tt9571756,actor,9
nm3236733,tt9572534,actor,7
nm5049448,tt9572626,actress,10
nm0619969,tt9573138,actress,2
nm10864671,tt9573468,actor,10
nm10387667,tt9574846,actress,9
nm3484903,tt9575160,actor,7
nm8459247,tt9579106,actor,6
nm10389999,tt9580036,actor,4
nm3311444,tt9581704,actress,5
nm10679063,tt9581844,actress,6
nm12285851,tt9583840,actress,4
nm9152854,tt9584786,actress,2
nm2450506,tt9584972,actor,10
nm4545984,tt9585676,actress,10
nm7029055,tt9586294,actor,3
nm3308257,tt9587950,actress,8
nm0349599,tt9588404,actor,8
nm0644554,tt9588846,actor,9
nm0311209,tt9596084,actor,4
nm10948720,tt9596092,actress,6
nm4798385,tt9596092,actor,5
nm8361677,tt9597190,actor,2
nm10455074,tt9597902,actor,4
nm1854168,tt9597922,actor,7
nm4902848,tt9600178,actor,3
nm10804520,tt9600964,actress,10
nm7549676,tt9601220,actress,4
nm3573977,tt9602472,actress,3
nm10400629,tt9602716,actor,10
nm2059117,tt9603060,actor,4
nm8793577,tt9603090,actor,4
nm2962353,tt9603212,actress,8
nm10402091,tt9604418,actress,3
nm10402214,tt9604790,actor,9
nm0939190,tt9609716,actor,9
nm12685483,tt9609886,actor,6
nm1273753,tt9610250,actor,7
nm2313432,tt9610838,actor,7
nm10404588,tt9611068,actor,3
nm0267772,tt9612892,actor,6
nm6679114,tt9614064,actor,9
nm5911796,tt9614416,actress,2
nm0324845,tt9614936,actor,4
nm0318622,tt9614994,actor,9
nm10407123,tt9615610,actor,6
nm9211007,tt9615610,actor,8
nm2867176,tt9615856,actress,4
nm8894369,tt9616558,actor,10
nm0905676,tt9616700,actress,9
nm0464592,tt9617280,actress,5
nm3742487,tt9618764,actress,3
nm9638522,tt9619010,actor,8
nm6958029,tt9619464,actor,6
nm11840724,tt9619792,actor,8
nm0005450,tt9619798,actor,1
nm0507065,tt9619962,actress,9
nm1567768,tt9620056,actress,9
nm8320219,tt9620056,actress,8
nm1659547,tt9620292,actress,1
nm7737656,tt9620474,actress,10
nm0959944,tt9620986,actor,3
nm4429784,tt9620986,actor,8
nm0401264,tt9621284,actor,1
nm2963158,tt9621580,actress,5
nm0814464,tt9622380,actress,6
nm11682647,tt9622618,actor,5
nm5845367,tt9622950,actor,10
nm10410354,tt9624570,actor,9
nm7597651,tt9626392,actor,2
nm9656542,tt9626928,actress,1
nm11464788,tt9628392,actor,10
nm1792604,tt9628630,actor,2
nm3684463,tt9629114,actor,7
nm6019782,tt9629494,actress,2
nm1172144,tt9630444,actor,4
nm9300891,tt9630444,actor,6
nm5024364,tt9630868,actor,7
nm0044455,tt9631948,actor,6
nm5728582,tt9632068,actor,10
nm7272981,tt9633264,actress,9
nm9820652,tt9633264,actress,7
nm18315649,tt9633480,actor,1
nm8209433,tt9635956,actress,6
nm10502631,tt9636120,actor,2
nm0014955,tt9637754,actress,3
nm0879971,tt9637754,actor,6
nm0423268,tt9638206,actress,8
nm0222541,tt9638668,actor,5
nm2800663,tt9638668,actor,7
nm5994234,tt9641242,actress,2
nm10419385,tt9643832,actor,10
nm2087049,tt9645476,actor,4
nm6619752,tt9646400,actor,9
nm10428100,tt9648382,actor,3
nm7426140,tt9648598,actress,5
nm1099188,tt9652730,actor,5
nm10017940,tt9653108,actor,10
nm4122772,tt9653352,actress,1
nm10134529,tt9654134,actress,5
nm10999638,tt9654782,actor,8
nm10999643,tt9654782,actress,6
nm10406638,tt9654806,actor,10
nm0263253,tt9657382,actor,4
nm0393291,tt9657452,actor,2
nm0559607,tt9657452,actress,4
nm1486821,tt9658022,actor,6
nm1905179,tt9658022,actor,9
nm3418739,tt9658966,actress,10
nm0645502,tt9660472,actress,3
nm5439813,tt9663098,actress,5
nm2851789,tt9663168,actress,1
nm1243922,tt9663702,actor,1
nm3604577,tt9664206,actor,8
nm10429840,tt9667988,actor,10
nm1432283,tt9668556,actor,10
nm2428837,tt9668564,actress,1
nm10430008,tt9668598,actor,6
nm3594598,tt9668680,actress,7
nm10430294,tt9668966,actor,10
nm14749458,tt9669242,actor,7
nm4225090,tt9670282,actress,4
nm10431278,tt9671188,actor,1
nm10431282,tt9671188,actor,5
nm10431285,tt9671188,actor,8
nm6270969,tt9673176,actress,3
nm0348018,tt9675318,actor,2
nm7809939,tt9675366,actress,3
nm10987205,tt9675464,actor,6
nm0895759,tt9675786,actress,1
nm2053149,tt9678460,actor,6
nm0689996,tt9680148,actor,11
nm7984876,tt9680512,actor,7
nm10436662,tt9681728,actor,1
nm2260105,tt9682188,actor,7
nm3001807,tt9683268,actor,1
nm7397864,tt9683268,actor,5
nm0216016,tt9683542,actor,8
nm0280496,tt9683542,actor,7
nm12474071,tt9683854,actress,9
nm1840504,tt9684220,actress,4
nm2346095,tt9685282,actress,6
nm4454684,tt9685282,actress,4
nm3591507,tt9685996,actor,2
nm6229747,tt9685996,actress,4
nm0001132,tt9686350,actress,8
nm1252181,tt9686514,actor,3
nm4584004,tt9686610,actor,5
nm6788820,tt9686610,actor,8
nm2674657,tt9690832,actress,8
nm5804705,tt9691324,actor,8
nm10900759,tt9691348,actor,7
nm5279518,tt9691846,actor,3
nm5416450,tt9692890,actor,8
nm1923788,tt9693022,actor,1
nm0297675,tt9694012,actress,4
nm10731703,tt9694682,actress,3
nm3138511,tt9695722,actor,2
nm7055164,tt9695722,actor,10
nm3912773,tt9697340,actor,4
nm1334056,tt9697468,actor,3
nm8627770,tt9697780,actress,5
nm10502939,tt9697792,actress,8
nm0114216,tt9699620,actress,2
nm10933149,tt9699640,actor,8
nm7714600,tt9699686,actor,7
nm10347719,tt9701230,actor,9
nm7008542,tt9701676,actor,1
nm2055197,tt9703070,actor,9
nm0847543,tt9707580,actor,10
nm0150987,tt9708284,actor,14
nm2946751,tt9710572,actor,9
nm2071960,tt9713418,actress,7
nm9477855,tt9713802,actor,9
nm6945850,tt9716054,actor,4
nm7224978,tt9719452,actor,6
nm1687017,tt9721798,actor,2
nm10450558,tt9721830,actress,6
nm0850850,tt9722952,actor,6
nm10039073,tt9722952,actress,1
nm3695477,tt9723326,actress,7
nm10451512,tt9723328,actor,7
nm11262676,tt9724068,actress,13
nm9898052,tt9724068,actress,9
nm9599989,tt9725830,actress,2
nm0452875,tt9726172,actor,10
nm13102324,tt9727546,actress,6
nm8959839,tt9729768,actor,4
nm9382866,tt9730744,actor,4
nm0375609,tt9731436,actress,1
nm1431940,tt9731682,actress,3
nm4615227,tt9732214,actress,3
nm4086400,tt9733060,actress,1
nm7302567,tt9733108,actress,9
nm2068808,tt9733362,actor,6
nm5680859,tt9735232,actress,2
nm10330835,tt9735830,actor,6
nm12720513,tt9737568,actor,3
nm0359675,tt9737876,actor,10
nm0440202,tt9739386,actor,4
nm10809623,tt9739416,actress,6
nm7848881,tt9739416,actor,7
nm10458155,tt9740064,actor,2
nm6210994,tt9740414,actor,6
nm10526021,tt9741016,actress,8
nm10526027,tt9741016,actor,6
nm3954495,tt9741588,actress,3
nm7884000,tt9742206,actor,5
nm3840978,tt9742372,actress,6
nm12640572,tt9742392,actor,6
nm1285342,tt9742588,actress,1
nm1354301,tt9747338,actor,1
nm6677587,tt9748034,actor,3
nm8305739,tt9748034,actor,10
nm9292457,tt9748034,actor,8
nm10462460,tt9750864,actress,4
nm0694066,tt9751002,actor,1
nm10456063,tt9752076,actor,4
nm10462662,tt9752158,actor,2
nm2647965,tt9752248,actress,6
nm10793889,tt9753314,actor,5
nm4068733,tt9755024,actress,7
nm11259081,tt9755608,actor,2
nm0349510,tt9758500,actor,7
nm1728487,tt9760512,actress,9
nm5055361,tt9761088,actor,7
nm9580044,tt9761572,actress,6
nm1412815,tt9762398,actor,10
nm2345589,tt9764248,actress,10
nm0741219,tt9765226,actor,7
nm4923289,tt9765968,actress,6
nm11862067,tt9766294,actor,10
nm4450033,tt9766310,actor,2
nm10079895,tt9766332,actress,6
nm1403803,tt9767390,actor,7
nm10828710,tt9770432,actress,6
nm9851356,tt9771012,actor,10
nm10471699,tt9772300,actor,6
nm4967937,tt9773698,actor,7
nm2417901,tt9774568,actor,10
nm0848426,tt9774762,actress,2
nm8554085,tt9775932,actor,1
nm0220017,tt9777790,actress,4
nm3647676,tt9778348,actress,2
nm0462208,tt9779352,actress,9
nm0700909,tt9779380,actress,3
nm2086925,tt9783722,actress,4
nm3374021,tt9784088,actor,8
nm10005526,tt9784954,actor,9
nm1253039,tt9786512,actor,5
nm3580368,tt9786896,actor,4
nm7542582,tt9786896,actress,6
nm0049346,tt9788706,actor,2
nm9613101,tt9789232,actress,8
nm10848643,tt9789686,actor,10
nm12674560,tt9790808,actor,7
nm6657869,tt9792940,actress,2
nm7637210,tt9792940,actor,9
nm6545385,tt9794630,actor,8
nm7034023,tt9795052,actress,10
nm10500792,tt9795856,actress,1
nm1796069,tt9797630,actor,4
nm10601956,tt9798638,actress,10
nm6694718,tt9799992,actor,2
nm10524722,tt9800048,actor,3
nm5594794,tt9800356,actress,3
nm9095307,tt9800752,actor,5
nm10523455,tt9802634,actor,10
nm8702399,tt9803454,actress,11
nm12102792,tt9805996,actor,3
nm0295074,tt9806222,actor,7
nm10363208,tt9806322,actress,9
nm0002004,tt9806468,actress,2
nm2694385,tt9808842,actor,3
nm0227498,tt9815124,actor,2
nm4478332,tt9815156,actor,9
nm2983144,tt9816188,actor,2
nm12384045,tt9816396,actress,9
nm10493364,tt9816958,actress,3
nm1846495,tt9816988,actress,5
nm6346171,tt9817070,actress,3
nm7465702,tt9817190,actress,8
nm0357644,tt9817216,actor,9
nm6186834,tt9817216,actor,3
nm0223563,tt9817760,actress,1
nm0798473,tt9817938,actor,6
nm9652105,tt9818102,actress,7
nm10228377,tt9819206,actor,2
nm0300939,tt9820550,actress,5
nm7535414,tt9820628,actor,7
nm10829870,tt9821834,actor,3
nm10402249,tt9822864,actor,8
nm7944314,tt9823546,actor,4
nm1287273,tt9823772,actress,8
nm2932868,tt9826484,actress,5
nm4785118,tt9826484,actress,4
nm10497786,tt9826668,actor,1
nm2280509,tt9826820,actor,9
nm10496476,tt9827060,actor,2
nm12798895,tt9827352,actor,8
nm5551642,tt9829006,actor,10
nm1662481,tt9832954,actress,3
nm0645536,tt9834112,actor,1
nm1690914,tt9834112,actress,10
nm1650197,tt9834492,actress,10
nm5281525,tt9834736,actress,5
nm10501333,tt9834798,actress,6
nm0672142,tt9837320,actor,7
nm5028453,tt9838656,actor,10
nm9610123,tt9838916,actress,7
nm8554038,tt9839038,actor,2
nm10850375,tt9839040,actor,10
nm0264776,tt9840382,actress,5
nm0856918,tt9841750,actress,4
nm0090487,tt9842544,actress,3
nm1226419,tt9843028,actor,4
nm14154574,tt9843172,actress,3
nm6856890,tt9843470,actress,9
nm10505423,tt9843742,actor,8
nm10506105,tt9844420,actress,8
nm10506333,tt9844772,actress,4
nm3391458,tt9846462,actor,3
nm8717305,tt9846922,actor,9
nm8894367,tt9846922,actor,6
nm9503471,tt9846922,actress,3
nm8595061,tt9848404,actor,6
nm4873616,tt9848452,actor,7
nm5816610,tt9848962,actor,10
nm10509078,tt9850084,actress,8
nm1846425,tt9850116,actress,2
nm4983326,tt9850116,actress,1
nm4317498,tt9850646,actor,10
nm10509649,tt9850740,actress,10
nm12878330,tt9851854,actor,12
nm2748187,tt9852508,actor,8
nm9629125,tt9852508,actress,10
nm1030711,tt9853452,actor,4
nm1076604,tt9854844,actor,9
nm10511277,tt9855002,actor,10
nm6621786,tt9855090,actress,4
nm1335581,tt9855214,actor,7
nm10511709,tt9855578,actress,4
nm10774160,tt9856574,actor,6
nm9824443,tt9856710,actress,2
nm11293515,tt9857850,actor,4
nm8024299,tt9857850,actor,3
nm0359271,tt9859508,actor,8
nm10518020,tt9859528,actress,10
nm10596213,tt9860566,actor,9
nm10493528,tt9860694,actor,9
nm2644115,tt9860858,actor,4
nm10514441,tt9861192,actor,8
nm0377580,tt9861230,actor,2
nm12942399,tt9861230,actor,1
nm10515242,tt9863566,actor,8
nm5354874,tt9863566,actress,6
nm10516649,tt9865010,actress,7
nm7601695,tt9865010,actress,3
nm0025193,tt9865452,actor,1
nm8655719,tt9866202,actor,10
nm10516439,tt9866208,actor,9
nm10191760,tt9866736,actress,2
nm10517490,tt9869228,actor,9
nm0457953,tt9871328,actress,8
nm10519169,tt9872038,actor,8
nm11876042,tt9873930,actress,10
nm10520907,tt9876748,actor,7
nm10521115,tt9876944,actor,10
nm10521133,tt9876994,actress,2
nm5217548,tt9877274,actor,6
nm11370203,tt9877340,actress,4
nm5422245,tt9877340,actress,9
nm7638116,tt9877340,actor,10
nm10521529,tt9877846,actor,3
nm4404205,tt9879482,actress,4
nm2802440,tt9881852,actress,5
nm10523205,tt9881924,actor,3
nm4316082,tt9883996,actor,10
nm0865302,tt9887580,actor,3
nm9602488,tt9891874,actress,1
nm9604308,tt9891874,actor,5
nm6747531,tt9891882,actor,5
nm12633532,tt9892604,actor,10
nm10528043,tt9892770,actress,6
nm10528046,tt9892770,actor,9
nm3948952,tt9893084,actress,1
nm10136189,tt9893130,actor,1
nm2554070,tt9893160,actor,9
nm10529307,tt9894394,actor,2
nm2847812,tt9894450,actor,1
nm4765550,tt9894450,actor,4
nm1045593,tt9894660,actress,9
nm3580847,tt9895024,actor,7
nm11055608,tt9897520,actress,12
nm1401729,tt9898636,actor,1
nm5140520,tt9899938,actor,7
nm10533870,tt9900180,actor,7
nm10533871,tt9900180,actor,8
nm0014102,tt9900280,actor,1
nm10002762,tt9900398,actor,2
nm0227498,tt9900614,actor,6
nm5118453,tt9900940,actress,4
nm10548029,tt9903952,actor,5
nm2191307,tt9904098,actress,1
nm9639508,tt9904530,actor,3
nm2558275,tt9908390,actress,8
nm3003858,tt9910102,actor,1
nm7204225,tt9910102,actor,10
nm3362584,tt9911196,actress,3
nm1098018,tt9911750,actress,2
nm11663251,tt9913594,actor,8
nm1092370,tt9915592,actor,5
nm1165023,tt9915592,actor,8
nm7106350,tt9916124,actress,2
nm7477011,tt9916190,actor,2
nm3370435,tt9916538,actor,10
nm10263891,tt9291476,actor,6
nm10264006,tt9291866,actor,9
nm2258449,tt9296590,actor,9
nm3434373,tt9296590,actor,2
nm10265969,tt9296810,actress,10
nm10266989,tt9298196,actor,8
nm10267177,tt9298624,actor,4
nm9655951,tt9299568,actress,7
nm4516296,tt9302026,actor,10
nm10269000,tt9303658,actress,1
nm9276318,tt9303696,actress,9
nm10269116,tt9303782,actor,9
nm3692656,tt9308390,actress,8
nm5636087,tt9309774,actor,10
nm4759582,tt9309950,actress,10
nm0764598,tt9309968,actress,10
nm10271251,tt9310280,actor,9
nm10271429,tt9310544,actor,3
nm1102019,tt9312830,actor,1
nm1156708,tt9312830,actor,2
nm1150853,tt9313264,actor,11
nm11844126,tt9313908,actor,8
nm10221978,tt9314340,actor,8
nm8332644,tt9315672,actress,4
nm3982585,tt9315684,actress,4
nm0754031,tt9316574,actor,7
nm7825322,tt9316710,actor,1
nm0951832,tt9318310,actor,4
nm1654955,tt9318310,actor,5
nm2396408,tt9319544,actress,5
nm11520892,tt9319836,actor,8
nm0534856,tt9319874,actor,1
nm1366317,tt9319874,actress,9
nm1910815,tt9319882,actor,10
nm3056725,tt9319882,actor,2
nm1728630,tt9319896,actress,11
nm3713653,tt9319918,actress,1
nm0284078,tt9320184,actor,6
nm0474871,tt9320226,actor,8
nm4095500,tt9321408,actor,10
nm2876852,tt9323034,actor,10
nm10367925,tt9324428,actor,6
nm12711701,tt9327584,actress,9
nm10278263,tt9327782,actor,5
nm3409676,tt9328744,actress,1
nm0495920,tt9330648,actress,3
nm1187153,tt9331322,actress,4
nm0924552,tt9331416,actor,1
nm4306448,tt9332680,actor,8
nm8906891,tt9334342,actress,9
nm0131829,tt9334830,actor,10
nm13812781,tt9334830,actor,5
nm6539175,tt9335620,actress,11
nm14078127,tt9336032,actress,9
nm1898365,tt9336300,actress,7
nm1373129,tt9337248,actress,1
nm4889845,tt9337518,actress,2
nm7669135,tt9337518,actor,1
nm10111920,tt9339850,actor,6
nm2154410,tt9340744,actor,8
nm0034877,tt9340916,actor,1
nm5937268,tt9341098,actor,3
nm5204071,tt9342618,actor,9
nm8055755,tt9343758,actor,1
nm7958931,tt9343826,actor,1
nm2281397,tt9344454,actor,1
nm2326212,tt9346636,actress,5
nm1935905,tt9347732,actress,3
nm10337377,tt9348546,actor,4
nm10555285,tt9348566,actor,5
nm1839955,tt9348752,actor,3
nm3219657,tt9349050,actor,9
nm10431747,tt9349056,actor,10
nm4178187,tt9349882,actress,2
nm2878427,tt9351062,actor,3
nm1727825,tt9352926,actor,3
nm7460351,tt9354118,actor,8
nm1693112,tt9354422,actor,1
nm1388202,tt9354674,actor,3
nm1261997,tt9354944,actor,9
nm1128461,tt9355126,actor,7
nm0442471,tt9356708,actress,10
nm10294378,tt9358422,actress,4
nm13294276,tt9358480,actress,6
nm3029960,tt9359204,actor,7
nm7915157,tt9359224,actress,2
nm4730737,tt9359348,actress,8
nm10239528,tt9359942,actor,1
nm2387197,tt9360688,actor,8
nm3958876,tt9361292,actor,1
nm0001990,tt9362930,actress,8
nm0043766,tt9363342,actor,2
nm0005438,tt9363502,actor,3
nm8642552,tt9363502,actor,7
nm9699567,tt9364684,actress,5
nm1952116,tt9364848,actor,9
nm1935905,tt9365800,actress,4
nm1284850,tt9368628,actress,6
nm0588404,tt9369268,actress,8
nm2153938,tt9369990,actor,4
nm7390393,tt9370232,actress,7
nm1830165,tt9371576,actor,6
nm2395335,tt9371672,actor,8
nm2819797,tt9371730,actress,4
nm2363115,tt9371734,actor,7
nm1042101,tt9372344,actor,5
nm5208289,tt9372374,actor,7
nm10299587,tt9373894,actor,2
nm0354653,tt9374682,actor,4
nm3018318,tt9377978,actor,1
nm9421540,tt9378134,actress,4
nm0465503,tt9378850,actor,1
nm8635760,tt9378950,actress,5
nm9983290,tt9379530,actress,3
nm2744972,tt9381904,actor,1
nm0001074,tt9382596,actor,9
nm5899205,tt9383658,actor,6
nm10303980,tt9383680,actress,10
nm8275076,tt9383706,actor,5
nm0257951,tt9385130,actor,1
nm10304666,tt9386290,actor,6
nm2597393,tt9386508,actress,1
nm8705577,tt9386884,actor,6
nm0796502,tt9387250,actor,7
nm1649704,tt9387352,actor,4
nm9116322,tt9387568,actor,10
nm0739418,tt9389924,actress,2
nm10318513,tt9390222,actor,5
nm12034253,tt9390240,actress,4
nm6194565,tt9391864,actor,9
nm0594652,tt9391920,actress,6
nm8268551,tt9391986,actor,3
nm0744107,tt9392248,actor,3
nm1928389,tt9392618,actor,9
nm7704744,tt9394826,actress,10
nm10306475,tt9396174,actress,1
nm0000190,tt9398640,actor,2
nm0419677,tt9399712,actor,1
nm0159039,tt9402530,actor,9
nm0304065,tt9402530,actor,8
nm2506509,tt9403944,actress,2
nm7311859,tt9404258,actor,9
nm7855374,tt9404258,actor,5
nm0075616,tt9407490,actor,5
nm0441287,tt9411866,actress,3
nm7757481,tt9414024,actor,10
nm0999515,tt9414684,actor,6
nm0441102,tt9415480,actor,3
nm2630079,tt9415480,actor,6
nm3237372,tt9416094,actor,10
nm0730070,tt9416282,actor,1
nm1280360,tt9419794,actress,9
nm1708078,tt9419794,actor,8
nm10318868,tt9420624,actress,9
nm10318869,tt9420624,actress,10
nm10187205,tt9420744,actress,6
nm0896292,tt9421570,actress,4
nm1868293,tt9422682,actor,6
nm8021173,tt9423096,actor,7
nm3863899,tt9425078,actress,3
nm4926180,tt9426974,actress,4
nm5161567,tt9428050,actress,10
nm12495917,tt9428246,actor,10
nm8140465,tt9430524,actor,3
nm11736782,tt9430780,actor,7
nm1799434,tt9431096,actress,4
nm2156908,tt9432968,actor,3
nm1439721,tt9433872,actor,10
nm0826174,tt9436632,actress,4
nm0284717,tt9436946,actress,5
nm2151247,tt9436946,actor,2
nm2523074,tt9441934,actor,3
nm5944786,tt9441978,actor,8
nm2361483,tt9442890,actor,6
nm10329192,tt9443892,actor,2
nm3114120,tt9443892,actress,3
nm8616609,tt9445114,actress,1
nm1368581,tt9447594,actor,2
nm10330910,tt9447662,actor,6
nm13870415,tt9448946,actor,4
nm2892927,tt9452846,actress,7
nm6597868,tt9452900,actor,1
nm7189111,tt9454070,actor,2
nm10328082,tt9454740,actor,7
nm10333614,tt9454740,actor,8
nm2803420,tt9455436,actor,10
nm12783310,tt9455468,actress,4
nm10334579,tt9456222,actor,6
nm0616192,tt9458220,actress,7
nm12385553,tt9460478,actor,6
nm9680897,tt9460914,actor,5
nm0440590,tt9462066,actor,9
nm14871370,tt9466032,actor,9
nm2256253,tt9466410,actor,4
nm0004975,tt9466498,actress,5
nm1535093,tt9466498,actress,11
nm4266787,tt9466498,actress,3
nm10584760,tt9466814,actress,8
nm0244864,tt9468400,actor,10
nm0784292,tt9468400,actress,7
nm10341411,tt9470144,actress,9
nm10341537,tt9470296,actress,4
nm6319943,tt9470296,actor,2
nm0736263,tt9471378,actor,1
nm0782454,tt9471930,actress,9
nm10342516,tt9472074,actor,8
nm10342546,tt9472142,actress,10
nm11496325,tt9472208,actor,10
nm0470050,tt9472442,actor,3
nm0526182,tt9476430,actor,6
nm0155562,tt9477594,actor,1
nm7390330,tt9479806,actor,4
nm12470285,tt9480146,actress,7
nm0340012,tt9480692,actor,10
nm4630525,tt9481962,actor,3
nm6635410,tt9484812,actor,6
nm10348168,tt9485772,actor,9
nm10349346,tt9486128,actress,3
nm10349348,tt9486128,actor,10
nm8509765,tt9492214,actor,9
nm1717476,tt9495122,actress,1
nm1546686,tt9495224,actress,3
nm1264361,tt9496232,actor,9
nm11306495,tt9496886,actress,2
nm2692989,tt9500346,actor,4
nm10930960,tt9500864,actress,6
nm0412520,tt9501310,actress,5
nm0880482,tt9502538,actor,8
nm10357010,tt9503764,actor,8
nm15878665,tt9505396,actor,10
nm9464624,tt9505874,actor,10
nm1974708,tt9506480,actress,9
nm10356449,tt9506820,actor,10
nm8934294,tt9507276,actor,4
nm10358002,tt9511256,actor,5
nm1269796,tt9511550,actor,1
nm0962519,tt9514882,actress,7
nm5955452,tt9515732,actor,8
nm0631494,tt9516312,actor,7
nm5572999,tt9516312,actor,1
nm13770118,tt9516390,actor,10
nm0287544,tt9516956,actor,10
nm0621870,tt9516956,actress,4
nm10399474,tt9517348,actress,4
nm2151270,tt9519642,actor,9
nm1539366,tt9520140,actor,6
nm4389505,tt9522000,actor,8
nm1654497,tt9522074,actor,3
nm6395915,tt9522080,actress,8
nm6875292,tt9522080,actor,4
nm1968793,tt9523206,actress,1
nm10364606,tt9525708,actor,5
nm10364851,tt9525958,actress,4
nm10376624,tt9526156,actor,4
nm1466093,tt9526784,actor,7
nm9045614,tt9526826,actor,7
nm2214646,tt9528930,actress,3
nm3719472,tt9529302,actor,7
nm0837247,tt9529752,actress,3
nm10300193,tt9530586,actress,11
nm3809687,tt9530586,actress,6
nm9192788,tt9530586,actor,9
nm10205174,tt9530954,actress,6
nm0945992,tt9531138,actress,3
nm0608578,tt9534714,actor,8
nm5463002,tt9534784,actress,5
nm8052257,tt9535950,actor,8
nm10369283,tt9536636,actress,4
nm10369595,tt9537068,actor,9
nm7767161,tt9537316,actor,1
nm10370315,tt9538090,actress,7
nm1224415,tt9538188,actor,2
nm2751273,tt9538188,actor,6
nm5420078,tt9540232,actor,4
nm0734689,tt9540566,actress,9
nm3374432,tt9540566,actress,1
nm0213603,tt9540702,actor,6
nm8358814,tt9542116,actor,1
nm4355664,tt9542460,actor,11
nm10372161,tt9542918,actress,2
nm1981177,tt9543092,actor,2
nm9759219,tt9543176,actor,2
nm10372745,tt9543780,actress,1
nm5203099,tt9552162,actress,3
nm0619178,tt9552258,actress,1
nm3933278,tt9552452,actor,1
nm6115335,tt9552932,actor,10
nm2828187,tt9553136,actress,3
nm8297989,tt9554846,actress,2
nm11585402,tt9554958,actor,9
nm3504429,tt9556198,actor,5
nm6074904,tt9557034,actor,3
nm6518022,tt9557034,actor,6
nm10212813,tt9557068,actress,8
nm9410508,tt9557068,actress,2
nm1041023,tt9557296,actor,3
nm2114358,tt9557416,actress,2
nm10395979,tt9557704,actress,7
nm3150965,tt9557810,actress,2
nm2951762,tt9561756,actor,8
nm13913127,tt9563330,actor,8
nm1883210,tt9563632,actress,4
nm3174747,tt9563632,actress,2
nm0249644,tt9563872,actor,7
nm10382087,tt9564364,actor,10
nm3088211,tt9564676,actress,3
nm0076889,tt9568486,actress,3
nm10385766,tt9572420,actor,2
nm10252661,tt9573058,actress,1
nm0386952,tt9573138,actor,7
nm1954434,tt9575206,actor,3
nm1104698,tt9575388,actor,1
nm9958527,tt9577694,actress,8
nm0465214,tt9578952,actress,7
nm8513878,tt9580036,actor,7
nm9854757,tt9580502,actress,10
nm10390693,tt9581840,actor,7
nm3039853,tt9583876,actor,9
nm6055639,tt9583876,actor,4
nm2751451,tt9583950,actor,6
nm1216382,tt9584786,actress,6
nm8950016,tt9585116,actress,8
nm2348667,tt9585724,actor,7
nm2873228,tt9586922,actor,10
nm8659047,tt9587604,actress,1
nm1671208,tt9590554,actress,5
nm4576084,tt9592522,actor,8
nm9282737,tt9595666,actor,9
nm12900988,tt9595738,actor,9
nm0156912,tt9596084,actress,5
nm5725580,tt9596658,actor,2
nm0578208,tt9598172,actress,4
nm3915784,tt9598214,actor,1
nm0591540,tt9600076,actor,6
nm0913307,tt9600178,actress,2
nm3401111,tt9600960,actress,5
nm7862385,tt9600960,actor,6
nm10804527,tt9600964,actor,3
nm0000553,tt9601292,actor,2
nm4869521,tt9602472,actress,4
nm11240803,tt9602716,actor,7
nm12155878,tt9602804,actor,7
nm0000609,tt9603208,actor,3
nm10406638,tt9603216,actor,10
nm9093961,tt9603216,actor,3
nm7992092,tt9603432,actor,2
nm2346091,tt9603470,actor,1
nm3851766,tt9607270,actress,1
nm11236496,tt9608858,actor,1
nm8043810,tt9608858,actor,2
nm1319395,tt9609726,actor,1
nm0605449,tt9610246,actor,5
nm9047365,tt9611542,actress,5
nm6509973,tt9612368,actress,4
nm2381318,tt9613380,actor,5
nm9789812,tt9614428,actress,1
nm15561591,tt9614452,actor,6
nm1822624,tt9614936,actor,10
nm7501047,tt9615610,actress,3
nm1679435,tt9615680,actor,2
nm2236815,tt9616786,actor,5
nm0847031,tt9617280,actor,10
nm1800883,tt9617280,actress,7
nm4561124,tt9617560,actress,4
nm0620186,tt9618478,actress,6
nm0908351,tt9618604,actor,10
nm2815817,tt9619008,actor,8
nm0437140,tt9619464,actor,10
nm10409718,tt9621286,actress,8
nm0594062,tt9622950,actor,5
nm1866134,tt9623404,actor,1
nm3282155,tt9626278,actor,10
nm10411559,tt9626392,actress,4
nm4093647,tt9626774,actor,6
nm4276293,tt9627092,actor,2
nm7668897,tt9629946,actor,3
nm2475486,tt9630940,actress,3
nm5726317,tt9631052,actor,10
nm0865799,tt9632014,actor,4
nm0024032,tt9632068,actress,6
nm8490776,tt9632068,actor,9
nm0536095,tt9632590,actor,3
nm5632727,tt9632590,actor,8
nm1225848,tt9633612,actor,8
nm0862882,tt9635902,actress,8
nm2535064,tt9637754,actress,7
nm0417037,tt9638084,actress,3
nm3238246,tt9638084,actress,2
nm1563455,tt9640414,actor,7
nm1694675,tt9640414,actor,5
nm10417793,tt9641602,actor,7
nm7233931,tt9641602,actor,4
nm10179336,tt9642010,actress,7
nm4553908,tt9643108,actor,8
nm0041219,tt9643286,actor,3
nm5798596,tt9643542,actress,8
nm0652689,tt9644250,actor,8
nm0174566,tt9645472,actor,9
nm9667041,tt9647330,actress,2
nm1311741,tt9648886,actor,5
nm6667874,tt9648886,actor,9
nm15269233,tt9648952,actress,10
nm10630425,tt9651918,actor,8
nm10423425,tt9652990,actor,4
nm3816187,tt9653352,actor,4
nm6331950,tt9654108,actor,1
nm10424350,tt9654134,actor,7
nm10999637,tt9654782,actor,2
nm10426813,tt9658100,actor,8
nm10551729,tt9658140,actress,9
nm9304507,tt9658288,actress,3
nm2772801,tt9658966,actress,12
nm0641433,tt9661164,actor,6
nm3388759,tt9661960,actor,5
nm1386721,tt9663100,actor,1
nm6777070,tt9663258,actress,3
nm16543790,tt9663896,actor,5
nm6302657,tt9664948,actress,6
nm2532542,tt9665786,actress,10
nm10429832,tt9667988,actress,2
nm3239768,tt9668680,actor,3
nm2040571,tt9668966,actor,5
nm10430613,tt9669242,actress,10
nm10430740,tt9670278,actress,3
nm10430745,tt9670284,actress,6
nm10443275,tt9670302,actress,4
nm0000874,tt9670414,actor,7
nm10430873,tt9670458,actor,5
nm10431129,tt9670890,actor,3
nm1376997,tt9671918,actor,1
nm10431640,tt9672244,actor,10
nm5037569,tt9673548,actress,9
nm9274324,tt9674172,actor,9
nm10433002,tt9675092,actress,3
nm6630514,tt9675318,actor,1
nm7636308,tt9675320,actor,8
nm6009711,tt9675786,actor,3
nm10433745,tt9675804,actor,7
nm0316306,tt9676102,actor,5
nm3334143,tt9677100,actress,1
nm0515200,tt9678460,actress,5
nm0813934,tt9678460,actor,3
nm4151259,tt9679528,actor,8
nm11596709,tt9679552,actor,2
nm6130976,tt9680064,actor,8
nm7470146,tt9680064,actor,5
nm6265111,tt9680090,actress,3
nm3348178,tt9680136,actress,6
nm9203528,tt9680136,actress,3
nm5795194,tt9680512,actress,9
nm7169972,tt9680802,actor,8
nm11136101,tt9681686,actor,9
nm2551613,tt9682188,actress,5
nm0462069,tt9683836,actor,7
nm1795843,tt9683836,actor,4
nm10430758,tt9684016,actor,6
nm2023228,tt9685282,actor,2
nm5485172,tt9685782,actor,2
nm2594281,tt9685828,actress,10
nm2156908,tt9685948,actor,1
nm2932493,tt9685948,actor,2
nm9047366,tt9685948,actress,8
nm9547522,tt9685948,actor,7
nm0101248,tt9686350,actor,6
nm14804311,tt9686596,actor,8
nm3210828,tt9686790,actor,10
nm9482709,tt9687584,actor,1
nm2924294,tt9689922,actor,8
nm3887158,tt9690184,actress,7
nm2983496,tt9690776,actress,4
nm9556742,tt9691336,actress,7
nm10595533,tt9692890,actor,5
nm10007407,tt9693686,actor,3
nm0540441,tt9694312,actress,3
nm0530286,tt9695258,actress,6
nm2968673,tt9695258,actor,7
nm4201461,tt9695258,actress,3
nm1644478,tt9695524,actor,6
nm10483676,tt9695722,actor,8
nm7094216,tt9695722,actress,4
nm2748333,tt9697468,actor,8
nm6876928,tt9698552,actor,6
nm0594679,tt9698796,actor,3
nm8907038,tt9699784,actress,7
nm8269806,tt9700334,actor,4
nm0694066,tt9701676,actor,2
nm10153044,tt9703362,actress,6
nm10446554,tt9703362,actor,7
nm10454016,tt9712476,actor,8
nm9565589,tt9713802,actor,10
nm0055264,tt9719452,actress,4
nm2530687,tt9719864,actor,4
nm10449987,tt9720440,actor,4
nm0056817,tt9720596,actress,4
nm0217022,tt9720596,actress,8
nm7100818,tt9720866,actor,5
nm0051812,tt9722898,actor,4
nm9143182,tt9722984,actor,4
nm10484819,tt9723240,actor,2
nm9289529,tt9723262,actor,9
nm10452474,tt9725058,actor,1
nm6767243,tt9725830,actor,10
nm0518074,tt9726522,actor,7
nm10034165,tt9729060,actress,5
nm12295372,tt9729774,actor,1
nm3057022,tt9731534,actress,2
nm10455670,tt9734342,actor,6
nm4353901,tt9734692,actor,6
nm0497631,tt9735232,actor,7
nm0481024,tt9735462,actor,4
nm9086739,tt9736288,actor,1
nm10456949,tt9736774,actress,10
nm12720512,tt9737568,actor,2
nm10457412,tt9737798,actress,2
nm10455726,tt9738302,actor,5
nm10474257,tt9738302,actor,8
nm1146609,tt9738436,actor,8
nm3380735,tt9739386,actor,9
nm10998632,tt9739416,actress,5
nm0372016,tt9739712,actor,8
nm3882781,tt9740508,actor,6
nm2118613,tt9741442,actor,5
nm3673618,tt9741948,actor,1
nm7607825,tt9742582,actress,9
nm1572684,tt9742588,actor,8
nm8337227,tt9747230,actor,7
nm0861440,tt9747338,actress,8
nm3057392,tt9747396,actress,9
nm3362169,tt9747594,actor,6
nm9511210,tt9748034,actor,7
nm10461340,tt9748042,actor,1
nm8796806,tt9748042,actor,9
nm10467145,tt9748136,actor,6
nm1708673,tt9748136,actress,7
nm3003143,tt9749604,actor,1
nm5489754,tt9750288,actor,9
nm10456061,tt9752076,actress,1
nm10495101,tt9753314,actor,9
nm10691774,tt9754442,actor,6
nm0472912,tt9755024,actor,10
nm5860871,tt9755024,actress,3
nm2026324,tt9755252,actor,3
nm10467152,tt9761088,actress,4
nm10482255,tt9761572,actress,4
nm0604507,tt9763402,actress,6
nm0386414,tt9763792,actress,3
nm9084786,tt9764248,actress,5
nm10495522,tt9764272,actress,12
nm4744892,tt9764556,actress,9
nm3609590,tt9764654,actress,9
nm0598590,tt9764804,actor,9
nm12376008,tt9765604,actress,6
nm9185326,tt9765760,actor,3
nm10471433,tt9765902,actor,10
nm9716187,tt9766280,actor,9
nm0451272,tt9766294,actor,9
nm3270435,tt9767556,actress,5
nm1671039,tt9767908,actress,3
nm10471695,tt9772300,actor,7
nm10471702,tt9772300,actor,2
nm3699411,tt9772374,actress,11
nm2359179,tt9774568,actor,9
nm0361696,tt9774640,actor,4
nm0577420,tt9777352,actress,7
nm10474789,tt9777462,actress,8
nm0259762,tt9777796,actor,6
nm5267231,tt9777820,actor,1
nm10474556,tt9777886,actress,1
nm10474557,tt9777886,actress,3
nm0441526,tt9779352,actor,1
nm1652345,tt9779380,actor,6
nm6216001,tt9779516,actor,1
nm0541507,tt9783722,actor,9
nm4148876,tt9783868,actress,4
nm4914311,tt9784068,actor,8
nm10477372,tt9784816,actress,1
nm10477838,tt9787140,actress,9
nm1323901,tt9787140,actor,10
nm1382817,tt9787228,actress,4
nm2006206,tt9787228,actor,7
nm12940452,tt9788706,actress,6
nm4666732,tt9788898,actress,3
nm10484283,tt9789180,actress,6
nm8173819,tt9789232,actor,3
nm5706761,tt9789390,actress,10
nm5912310,tt9789670,actress,3
nm0471422,tt9793334,actress,8
nm1097940,tt9795238,actor,4
nm0223606,tt9795686,actor,3
nm11766521,tt9795950,actor,6
nm10805796,tt9799984,actor,6
nm0899786,tt9800034,actor,1
nm1654785,tt9800048,actor,9
nm3623005,tt9800096,actor,6
nm3795081,tt9800124,actor,1
nm5470227,tt9800356,actress,8
nm8300354,tt9800356,actor,6
nm0652708,tt9805784,actor,8
nm11205658,tt9806304,actor,7
nm5379183,tt9806468,actor,6
nm5465692,tt9808564,actor,4
nm0594728,tt9809432,actress,4
nm5394373,tt9811452,actor,10
nm10491049,tt9811798,actress,11
nm5248879,tt9813338,actor,8
nm8906742,tt9814562,actor,4
nm11283627,tt9815156,actor,5
nm10492298,tt9815360,actress,1
nm10492519,tt9815616,actress,7
nm2639149,tt9815990,actor,9
nm11132173,tt9816214,actress,7
nm8808610,tt9816958,actress,7
nm2877778,tt9816988,actress,3
nm10493409,tt9817040,actor,1
nm11317217,tt9817044,actor,7
nm5227404,tt9817044,actor,2
nm5265015,tt9817044,actress,5
nm3988801,tt9817216,actress,11
nm0000626,tt9819258,actor,1
nm8743969,tt9823546,actor,1
nm2997755,tt9825006,actor,3
nm8483176,tt9826820,actress,8
nm2340475,tt9827834,actress,8
nm10235712,tt9827998,actress,3
nm13857028,tt9828344,actor,2
nm0127656,tt9828802,actor,8
nm10318822,tt9828814,actress,5
nm4407823,tt9829108,actress,10
nm10501200,tt9834564,actor,5
nm9172224,tt9837320,actress,5
nm5570157,tt9839686,actress,5
nm10553701,tt9840958,actress,5
nm9458725,tt9840958,actor,2
nm10699271,tt9842404,actress,8
nm0436644,tt9843028,actor,8
nm2103881,tt9843028,actor,5
nm2326220,tt9843224,actress,8
nm0107792,tt9843292,actor,3
nm10505421,tt9843742,actor,7
nm10505427,tt9843742,actor,4
nm1507920,tt9844086,actor,10
nm1751183,tt9844368,actor,1
nm10506107,tt9844420,actress,4
nm10506272,tt9844650,actress,5
nm2857889,tt9844772,actor,9
nm1006583,tt9844944,actress,3
nm9503481,tt9846922,actor,11
nm3914615,tt9847844,actress,10
nm10507872,tt9848404,actor,8
nm5287344,tt9848404,actress,1
nm0000376,tt9848626,actress,10
nm10511457,tt9848972,actor,4
nm6625339,tt9849160,actor,7
nm0992126,tt9849644,actor,4
nm1029790,tt9850050,actress,10
nm8004027,tt9850050,actress,8
nm3359104,tt9850064,actor,4
nm2489799,tt9850344,actress,5
nm5435959,tt9850488,actress,6
nm6822354,tt9850564,actor,4
nm1689341,tt9850646,actress,4
nm0666719,tt9853452,actor,3
nm10730438,tt9853664,actor,8
nm10732415,tt9853664,actor,10
nm0262026,tt9854058,actor,8
nm3157157,tt9854058,actor,4
nm7744405,tt9854706,actor,7
nm9830760,tt9854706,actor,10
nm8877582,tt9854844,actress,3
nm5469513,tt9855510,actor,7
nm10511713,tt9855578,actress,3
nm10511949,tt9855832,actress,2
nm9554659,tt9855832,actress,5
nm0181881,tt9858950,actor,7
nm10510605,tt9859372,actor,10
nm10363404,tt9861220,actor,4
nm1699058,tt9861522,actor,10
nm1913021,tt9865010,actor,9
nm3450012,tt9865492,actor,7
nm3522923,tt9865492,actress,2
nm0004800,tt9866072,actress,6
nm1901252,tt9866202,actress,3
nm1135205,tt9867130,actor,1
nm1326428,tt9869564,actress,1
nm9575908,tt9869564,actor,6
nm10518658,tt9870502,actress,7
nm0455829,tt9871628,actor,8
nm10245920,tt9871628,actress,3
nm0652961,tt9871736,actress,3
nm2802440,tt9871736,actress,8
nm2556155,tt9873652,actor,7
nm4789591,tt9873892,actress,7
nm9609691,tt9873930,actress,3
nm8325448,tt9875128,actress,7
nm10883493,tt9876298,actress,11
nm11780665,tt9876584,actor,5
nm10521100,tt9876944,actor,4
nm10521108,tt9876944,actor,6
nm1668529,tt9877340,actor,6
nm4028151,tt9878242,actor,6
nm8166767,tt9878242,actor,9
nm9544527,tt9878650,actress,2
nm9097086,tt9881488,actress,2
nm10522901,tt9881572,actor,4
nm5272429,tt9881572,actor,6
nm10056740,tt9881678,actress,10
nm0768029,tt9881974,actor,5
nm0056271,tt9883996,actress,4
nm2314202,tt9887580,actor,5
nm2053808,tt9889218,actress,1
nm0754097,tt9889716,actor,8
nm7960887,tt9892338,actor,2
nm11824396,tt9892908,actor,5
nm1593379,tt9893012,actor,3
nm2745463,tt9893160,actor,1
nm0204599,tt9893266,actress,6
nm5678623,tt9893266,actor,5
nm1252090,tt9893922,actor,6
nm10529309,tt9894394,actor,4
nm8780720,tt9894894,actor,10
nm4103520,tt9899716,actor,6
nm8004222,tt9899880,actress,9
nm16363454,tt9899938,actor,9
nm2958550,tt9899938,actor,8
nm0024908,tt9900280,actor,2
nm10649121,tt9900354,actress,4
nm3884869,tt9900354,actor,3
nm16155024,tt9900390,actor,3
nm5724877,tt9900398,actor,3
nm10532823,tt9903890,actress,2
nm10532891,tt9903952,actor,2
nm10532933,tt9904010,actor,7
nm1824944,tt9905224,actor,3
nm1505002,tt9910238,actor,6
nm3620703,tt9910502,actor,2
nm11370739,tt9910530,actress,6
nm5065332,tt9911046,actor,8
nm10536939,tt9913936,actor,7
nm4774809,tt9916538,actor,8
nm4881680,tt9291476,actor,4
nm0890159,tt9291866,actor,2
nm1908630,tt9296734,actor,3
nm9380166,tt9296782,actor,2
nm4443114,tt9297754,actor,5
nm6161588,tt9302994,actor,4
nm2855324,tt9303778,actor,7
nm1662081,tt9303968,actor,9
nm5637317,tt9304360,actress,3
nm2650306,tt9309546,actor,6
nm0244033,tt9310544,actor,6
nm8597673,tt9312830,actor,9
nm1099195,tt9313474,actress,9
nm9484954,tt9313558,actor,5
nm9539029,tt9313558,actress,2
nm3936613,tt9313816,actor,5
nm6736924,tt9314340,actor,5
nm5744564,tt9315438,actor,3
nm3668024,tt9315574,actor,1
nm10275011,tt9319194,actor,8
nm10202268,tt9319728,actress,8
nm10279002,tt9319812,actor,1
nm10449603,tt9319836,actor,9
nm8982000,tt9319836,actor,2
nm11166416,tt9319884,actor,4
nm12485297,tt9320140,actor,4
nm7165192,tt9323784,actor,2
nm10372348,tt9324428,actor,9
nm1134612,tt9324808,actor,7
nm0284649,tt9326772,actor,6
nm0921632,tt9328726,actor,8
nm5777955,tt9328744,actor,2
nm1335387,tt9330112,actor,9
nm0706883,tt9330502,actor,7
nm8454250,tt9331416,actor,7
nm2957882,tt9331550,actress,1
nm2383070,tt9333256,actor,5
nm9253868,tt9333358,actor,4
nm9859981,tt9335892,actor,5
nm10277974,tt9337038,actor,5
nm10282594,tt9337038,actor,7
nm1286565,tt9340700,actor,6
nm2787335,tt9340700,actress,7
nm10837702,tt9340872,actor,2
nm7970539,tt9340916,actress,6
nm9391490,tt9340916,actress,4
nm3633953,tt9341098,actor,10
nm9052753,tt9341628,actor,3
nm10284987,tt9342250,actress,7
nm7709200,tt9342622,actress,5
nm1662057,tt9343700,actor,3
nm2391781,tt9343758,actor,6
nm1197455,tt9344454,actor,8
nm10286183,tt9345114,actor,3
nm1992631,tt9345754,actor,9
nm8980801,tt9345754,actress,5
nm9495814,tt9346636,actress,6
nm1113658,tt9347474,actress,8
nm2647911,tt9347672,actress,1
nm2444299,tt9347730,actor,7
nm1330276,tt9347750,actor,2
nm10337378,tt9348546,actor,6
nm0374949,tt9348690,actor,1
nm2540126,tt9349056,actor,1
nm3739690,tt9349056,actor,6
nm1967566,tt9351062,actress,8
nm7391785,tt9351112,actress,2
nm10289908,tt9353656,actor,10
nm1670234,tt9354422,actor,7
nm0621866,tt9354438,actress,5
nm16349152,tt9355162,actor,2
nm1233662,tt9356952,actress,2
nm2111196,tt9356952,actor,3
nm4576371,tt9356952,actress,8
nm6299190,tt9356952,actress,6
nm4805317,tt9357050,actor,1
nm8961313,tt9357050,actor,7
nm7093364,tt9357860,actor,3
nm0726924,tt9358120,actor,8
nm10294377,tt9358422,actor,6
nm7609198,tt9359680,actor,4
nm11112419,tt9359774,actress,5
nm2363115,tt9360280,actor,9
nm2388044,tt9360688,actor,9
nm0406737,tt9361104,actor,1
nm2336481,tt9361810,actor,2
nm0101880,tt9362694,actor,4
nm4271336,tt9362722,actor,1
nm1020124,tt9363192,actress,4
nm8131660,tt9363502,actor,5
nm2134954,tt9364276,actor,9
nm2419625,tt9364862,actor,3
nm11205878,tt9365762,actor,8
nm1799345,tt9365768,actress,3
nm0005048,tt9365800,actor,1
nm5181684,tt9365950,actor,7
nm6852161,tt9367348,actress,3
nm10296665,tt9369332,actress,13
nm10661903,tt9369410,actor,4
nm1172626,tt9371576,actor,1
nm8419909,tt9371598,actor,4
nm2383070,tt9371734,actor,3
nm2386632,tt9371734,actor,2
nm0951976,tt9372116,actor,9
nm15135806,tt9372746,actor,3
nm10400159,tt9373782,actor,9
nm6460086,tt9378658,actress,10
nm5689396,tt9378950,actor,2
nm0149802,tt9379404,actress,9
nm2143950,tt9381682,actor,1
nm9665229,tt9382358,actress,8
nm0359398,tt9382596,actor,3
nm2686618,tt9382638,actor,2
nm10423981,tt9383706,actor,8
nm0412824,tt9385130,actor,4
nm1475385,tt9385130,actress,9
nm1113851,tt9386884,actor,9
nm1303982,tt9386884,actress,2
nm10305299,tt9387380,actor,5
nm10307037,tt9387568,actress,6
nm8736397,tt9389132,actor,5
nm0734368,tt9389622,actor,3
nm2496992,tt9389998,actor,9
nm10366932,tt9390026,actor,5
nm7798667,tt9390058,actor,8
nm1550800,tt9390190,actress,4
nm1320935,tt9390222,actress,6
nm10148275,tt9390254,actor,1
nm7640304,tt9390254,actor,9
nm2876954,tt9391146,actor,7
nm9037501,tt9391166,actress,2
nm9577038,tt9394786,actress,9
nm7737551,tt9394826,actress,5
nm0667074,tt9395400,actor,5
nm4260644,tt9395400,actress,3
nm10345769,tt9395776,actor,1
nm16527298,tt9395776,actor,4
nm0482300,tt9396112,actress,8
nm13094977,tt9396994,actor,6
nm0442814,tt9397742,actor,4
nm6098361,tt9399712,actor,3
nm9006579,tt9405490,actor,8
nm7929688,tt9407490,actor,8
nm10343710,tt9408282,actor,6
nm4247602,tt9408462,actress,10
nm6145633,tt9408490,actress,7
nm0452224,tt9410034,actress,9
nm0543547,tt9411912,actor,10
nm0226813,tt9411972,actor,10
nm8169461,tt9412202,actor,8
nm8657997,tt9415058,actress,6
nm2876818,tt9415560,actor,3
nm2899603,tt9415560,actor,10
nm2019748,tt9416282,actor,8
nm0757293,tt9417730,actress,1
nm8266000,tt9418306,actor,10
nm0806002,tt9419834,actor,5
nm6868308,tt9419976,actress,1
nm0739287,tt9420624,actor,4
nm5527375,tt9420624,actress,3
nm4417069,tt9420648,actress,3
nm3663964,tt9421456,actress,8
nm3514295,tt9422166,actor,4
nm0364686,tt9425856,actress,3
nm16233939,tt9425856,actress,2
nm13076967,tt9426210,actress,8
nm12061022,tt9426974,actor,6
nm3335067,tt9427166,actor,4
nm10858693,tt9427636,actor,14
nm1578801,tt9429444,actor,7
nm0162502,tt9431072,actor,2
nm10324815,tt9433466,actor,4
nm7368334,tt9437152,actress,6
nm1794199,tt9437224,actor,1
nm0795495,tt9440520,actor,3
nm1209226,tt9441972,actress,6
nm9346047,tt9442046,actress,8
nm0033136,tt9442766,actor,2
nm5324648,tt9442920,actor,9
nm8317936,tt9444800,actress,10
nm5825028,tt9447588,actress,7
nm10330849,tt9447600,actress,5
nm5593270,tt9448332,actor,7
nm11364109,tt9448932,actress,6
nm3966365,tt9448946,actor,8
nm0674264,tt9450384,actress,7
nm10437906,tt9452520,actress,1
nm10442619,tt9452520,actress,7
nm13504762,tt9454176,actor,10
nm12668486,tt9454554,actor,10
nm10198591,tt9454646,actor,1
nm10327886,tt9454740,actor,5
nm0845358,tt9454778,actress,6
nm1113696,tt9455028,actress,7
nm10333911,tt9455030,actress,10
nm0352592,tt9455100,actress,5
nm2386605,tt9455436,actress,4
nm10334613,tt9457036,actor,2
nm4111432,tt9460430,actress,1
nm7467777,tt9460430,actor,2
nm0616111,tt9460472,actor,6
nm10695002,tt9460580,actress,4
nm0434263,tt9460610,actor,7
nm10337156,tt9460914,actor,10
nm1457088,tt9461104,actress,7
nm1472177,tt9461484,actress,2
nm0007545,tt9462066,actress,1
nm10337827,tt9462066,actor,8
nm0636513,tt9462944,actor,6
nm16995387,tt9464654,actor,10
nm0004898,tt9465600,actor,1
nm10340007,tt9466644,actress,2
nm7349963,tt9466644,actress,1
nm10352906,tt9466814,actor,11
nm2410212,tt9468644,actress,7
nm2296440,tt9469842,actress,11
nm3561833,tt9471784,actress,11
nm6054919,tt9471786,actor,4
nm2431340,tt9471816,actress,3
nm2208237,tt9471930,actress,6
nm2579651,tt9471930,actor,10
nm10053729,tt9472142,actress,3
nm17459818,tt9473050,actress,7
nm6579662,tt9473050,actor,5
nm10221396,tt9474614,actor,6
nm2978707,tt9476068,actress,5
nm1330276,tt9476430,actor,4
nm1340370,tt9477066,actor,3
nm4062141,tt9477520,actor,9
nm0495799,tt9480146,actress,1
nm0698949,tt9480146,actor,4
nm1296300,tt9482620,actor,10
nm1654929,tt9482620,actor,9
nm10347650,tt9485064,actress,4
nm10347944,tt9485392,actress,7
nm0044467,tt9485772,actress,2
nm2278431,tt9486594,actor,4
nm1800746,tt9490042,actress,3
nm0596461,tt9490150,actor,10
nm0189200,tt9490456,actor,1
nm6311828,tt9490456,actor,7
nm0386217,tt9490990,actor,1
nm0817958,tt9491292,actress,10
nm7754425,tt9495044,actor,9
nm0546236,tt9495080,actor,8
nm0438463,tt9495690,actor,1
nm4289479,tt9507234,actress,8
nm6175307,tt9514116,actor,5
nm0951014,tt9516390,actor,5
nm14946689,tt9517188,actor,9
nm0213766,tt9519642,actor,4
nm8710554,tt9520714,actor,9
nm8710554,tt9521582,actor,8
nm10912895,tt9521590,actor,10
nm7339148,tt9521590,actor,7
nm1294099,tt9522000,actor,10
nm10714047,tt9522080,actress,5
nm10363420,tt9522162,actress,8
nm10364393,tt9525352,actor,9
nm8674109,tt9525682,actor,5
nm7821993,tt9525708,actress,3
nm9198094,tt9525708,actor,4
nm10364820,tt9525926,actor,2
nm9327563,tt9525926,actor,5
nm4599394,tt9526154,actress,7
nm10376628,tt9526156,actor,8
nm10683292,tt9526826,actor,8
nm6229968,tt9526826,actor,1
nm0847361,tt9529640,actor,6
nm6474157,tt9530586,actor,1
nm1246284,tt9531094,actor,10
nm4358682,tt9531138,actor,1
nm1900499,tt9531776,actor,7
nm12600664,tt9534948,actor,9
nm16418885,tt9534948,actress,6
nm10368338,tt9535160,actor,3
nm1902916,tt9535160,actor,5
nm10369273,tt9536636,actor,13
nm5747554,tt9536664,actor,7
nm10369648,tt9537122,actor,2
nm5877625,tt9537278,actress,10
nm8050126,tt9537352,actress,4
nm9806129,tt9540566,actress,10
nm0546997,tt9540702,actress,3
nm3700404,tt9540702,actor,9
nm0993188,tt9542918,actress,3
nm3724770,tt9542918,actor,10
nm2600002,tt9543062,actor,1
nm4565981,tt9543092,actor,1
nm6649278,tt9551936,actress,2
nm1840656,tt9552208,actress,1
nm5637334,tt9552352,actress,4
nm1899013,tt9552452,actor,10
nm3822462,tt9554692,actress,7
nm10377642,tt9554958,actress,5
nm4536011,tt9555974,actor,5
nm12219102,tt9556438,actress,5
nm7219768,tt9557068,actor,9
nm9218406,tt9557332,actress,9
nm16424128,tt9558604,actor,8
nm1763797,tt9561388,actor,6
nm10384674,tt9561744,actor,7
nm7840131,tt9562564,actor,2
nm8520890,tt9562694,actor,3
nm5375105,tt9564774,actor,10
nm3683327,tt9566084,actor,3
nm11892030,tt9567902,actor,10
nm4094352,tt9568318,actor,2
nm7835118,tt9569104,actor,7
nm10387542,tt9569306,actor,9
nm1766456,tt9569504,actor,4
nm0624830,tt9569544,actor,7
nm10628725,tt9569732,actress,10
nm14250625,tt9569732,actor,6
nm0837548,tt9571542,actor,6
nm1792907,tt9571542,actor,8
nm6884511,tt9571756,actress,3
nm2009629,tt9572420,actor,5
nm4041577,tt9572674,actress,6
nm10320848,tt9574324,actor,3
nm10451263,tt9574324,actress,11
nm10387664,tt9574846,actress,5
nm1967617,tt9575164,actor,3
nm6768002,tt9575164,actor,5
nm2343617,tt9575206,actor,10
nm0005535,tt9575438,actress,1
nm9159694,tt9578746,actress,2
nm0875207,tt9578952,actress,8
nm0825627,tt9579106,actor,8
nm5507072,tt9580036,actress,8
nm10391386,tt9583876,actor,7
nm0000800,tt9584786,actor,3
nm0836682,tt9584814,actor,5
nm4823334,tt9584972,actress,4
nm10392458,tt9586162,actress,2
nm10447863,tt9586162,actress,6
nm8808118,tt9587244,actress,10
nm8456315,tt9587950,actress,7
nm9664592,tt9587950,actor,10
nm3279726,tt9588024,actor,5
nm5804621,tt9588024,actress,7
nm5745476,tt9588404,actor,1
nm10395059,tt9591698,actor,1
nm6617552,tt9592292,actor,7
nm9396295,tt9595738,actress,2
nm1155340,tt9596084,actor,9
nm4454642,tt9596638,actor,2
nm7102892,tt9596638,actor,9
nm11163701,tt9597404,actor,9
nm9091508,tt9597838,actor,10
nm10397982,tt9598172,actress,1
nm1337113,tt9598270,actress,9
nm2315672,tt9602712,actor,4
nm3922085,tt9603060,actor,6
nm0000609,tt9603212,actor,3
nm5438913,tt9605894,actor,10
nm0000195,tt9606374,actor,1
nm9193672,tt9606374,actress,8
nm0000729,tt9608818,actor,4
nm12685484,tt9609886,actor,5
nm4176831,tt9610422,actor,9
nm8011939,tt9612164,actor,2
nm1989927,tt9613316,actress,4
nm9761218,tt9614064,actress,10
nm11363399,tt9614428,actor,4
nm2299825,tt9614452,actress,3
nm8956274,tt9614452,actor,7
nm2167051,tt9615016,actor,10
nm5798585,tt9615028,actress,6
nm9991320,tt9615610,actress,4
nm1155977,tt9616700,actress,10
nm9139545,tt9618524,actress,9
nm6492252,tt9618604,actress,2
nm1665855,tt9618764,actress,5
nm0993695,tt9619008,actress,5
nm2852571,tt9619464,actress,1
nm5212769,tt9619984,actor,9
nm9493109,tt9620254,actress,3
nm5181138,tt9620288,actress,4
nm2200658,tt9620292,actor,6
nm0636235,tt9621284,actor,6
nm1699432,tt9621290,actress,5
nm0406737,tt9622950,actor,1
nm1853380,tt9623404,actor,5
nm10410350,tt9624570,actor,3
nm7228332,tt9625242,actor,6
nm3562832,tt9625298,actress,6
nm5981994,tt9625672,actress,1
nm10412585,tt9629494,actress,1
nm12645750,tt9629946,actor,10
nm2336615,tt9630832,actor,5
nm4318066,tt9631052,actor,8
nm7439143,tt9634252,actor,10
nm8979501,tt9635956,actress,9
nm4725798,tt9636256,actor,6
nm8309564,tt9641092,actress,7
nm8315801,tt9641092,actress,6
nm4796168,tt9642696,actress,8
nm2266299,tt9643058,actor,2
nm5227404,tt9643092,actor,2
nm10418885,tt9643108,actor,5
nm9918107,tt9643330,actor,5
nm10419380,tt9643832,actor,4
nm7731379,tt9644250,actor,10
nm1714943,tt9646716,actor,2
nm8263623,tt9646716,actor,7
nm10485312,tt9646844,actor,8
nm5089510,tt9647154,actress,1
nm0457575,tt9647776,actor,10
nm18223693,tt9648078,actress,9
nm2741897,tt9648162,actor,8
nm10428104,tt9648382,actor,7
nm0430705,tt9652550,actress,7
nm10967911,tt9652550,actress,10
nm8710536,tt9653108,actor,1
nm0553747,tt9653184,actor,10
nm0159867,tt9654240,actor,6
nm0762807,tt9654308,actress,9
nm1687944,tt9654806,actor,4
nm3865589,tt9654806,actor,1
nm10423844,tt9654830,actor,7
nm6312294,tt9655758,actress,8
nm0297788,tt9657452,actress,3
nm7467125,tt9657764,actress,2
nm7080308,tt9660170,actress,8
nm0245282,tt9660326,actor,3
nm1374743,tt9660688,actor,5
nm10427689,tt9662722,actor,1
nm8541750,tt9663100,actor,10
nm2036232,tt9663382,actor,4
nm10429836,tt9667988,actress,6
nm3252391,tt9668680,actor,1
nm1727243,tt9668966,actor,6
nm0829032,tt9669176,actor,2
nm3963044,tt9669470,actress,6
nm0015440,tt9670278,actress,1
nm0461904,tt9670458,actor,8
nm3606427,tt9670480,actor,3
nm6062528,tt9675274,actress,8
nm10433343,tt9675320,actor,10
nm13552091,tt9675374,actor,1
nm0031976,tt9676102,actor,1
nm0293896,tt9676194,actor,4
nm4487241,tt9676520,actress,6
nm8068814,tt9678162,actor,5
nm8517084,tt9679528,actor,5
nm7219340,tt9679806,actress,9
nm11628061,tt9680076,actor,4
nm10438666,tt9680520,actor,7
nm0187092,tt9681250,actress,5
nm5203487,tt9681250,actor,8
nm9848295,tt9681250,actress,1
nm2139077,tt9682188,actor,8
nm2535375,tt9682578,actor,3
nm1073348,tt9683836,actress,10
nm2809289,tt9684016,actor,3
nm10437925,tt9685282,actor,8
nm5535093,tt9685282,actor,9
nm10312040,tt9685996,actress,5
nm1499401,tt9686350,actress,10
nm6419815,tt9686586,actor,6
nm11591853,tt9686708,actor,9
nm5698478,tt9686708,actress,6
nm5443734,tt9686730,actor,3
nm1148767,tt9689664,actor,2
nm1490478,tt9689696,actress,8
nm2361282,tt9690776,actress,7
nm4715711,tt9690832,actress,6
nm7633470,tt9692366,actress,8
nm11314289,tt9692890,actress,4
nm1322135,tt9695156,actor,10
nm0286579,tt9695258,actress,2
nm10442542,tt9695462,actor,10
nm10676622,tt9695462,actor,3
nm10442568,tt9695524,actor,10
nm17304845,tt9697324,actress,8
nm10443282,tt9697398,actor,9
nm10443339,tt9697468,actor,9
nm10502937,tt9697792,actor,7
nm0194136,tt9698430,actor,9
nm0424302,tt9699620,actor,6
nm0189468,tt9699686,actor,4
nm0451183,tt9700334,actor,5
nm0474820,tt9700334,actor,9
nm0267374,tt9700984,actor,5
nm10978726,tt9700984,actor,10
nm7803642,tt9701934,actress,10
nm10866896,tt9704488,actress,9
nm10866897,tt9704488,actress,8
nm15750700,tt9704488,actor,7
nm0130536,tt9707580,actor,7
nm2156908,tt9712136,actor,2
nm12552633,tt9714030,actor,7
nm5481013,tt9715318,actor,8
nm3110389,tt9716782,actress,1
nm9461509,tt9717270,actor,5
nm3802082,tt9717498,actress,2
nm2707990,tt9719452,actor,10
nm2950889,tt9722174,actor,4
nm10722073,tt9722984,actress,8
nm1203515,tt9723262,actor,10
nm2212823,tt9724492,actress,9
nm0594640,tt9726172,actor,5
nm9576198,tt9726522,actor,6
nm9578668,tt9728816,actress,1
nm1759161,tt9728836,actor,7
nm11958707,tt9729774,actress,9
nm9326197,tt9730744,actor,2
nm0005037,tt9730822,actor,10
nm3312312,tt9731386,actress,4
nm2204932,tt9731556,actor,1
nm0001427,tt9731682,actor,4
nm3812478,tt9731750,actor,3
nm9732090,tt9732214,actor,6
nm10666024,tt9733036,actor,13
nm2505753,tt9733060,actor,9
nm11304634,tt9733150,actress,9
nm0186099,tt9733886,actor,9
nm10794176,tt9735186,actor,3
nm8525654,tt9735758,actor,3
nm0782840,tt9737258,actor,8
nm0388732,tt9737876,actor,6
nm2547435,tt9739232,actor,4
nm10458156,tt9740064,actress,3
nm10455049,tt9740198,actor,4
nm11628110,tt9740272,actress,9
nm10526023,tt9741016,actress,2
nm3153209,tt9741180,actor,5
nm10866357,tt9741186,actress,5
nm1001836,tt9742208,actress,1
nm5972266,tt9742372,actor,3
nm4006608,tt9742392,actress,5
nm12497421,tt9742582,actress,4
nm0273091,tt9744922,actor,3
nm0317863,tt9747160,actress,6
nm1045948,tt9747160,actor,1
nm11533925,tt9747276,actor,5
nm1773252,tt9747338,actress,3
nm10461348,tt9748042,actor,5
nm7621475,tt9748424,actress,3
nm12435107,tt9750028,actor,10
nm4685278,tt9753002,actress,3
nm1018299,tt9753314,actor,10
nm10692808,tt9754442,actor,8
nm0018203,tt9760590,actor,2
nm10467058,tt9760934,actor,10
nm1843496,tt9760960,actress,6
nm2582459,tt9760960,actress,8
nm10467155,tt9761088,actress,1
nm0866951,tt9764556,actress,6
nm0949030,tt9764556,actress,8
nm5193520,tt9764556,actor,3
nm9803741,tt9765542,actor,1
nm6408861,tt9765760,actress,7
nm11426885,tt9766160,actor,6
nm10469273,tt9766528,actress,6
nm3699543,tt9767908,actor,6
nm5637317,tt9769668,actress,2
nm10471003,tt9771012,actor,2
nm10471978,tt9771012,actor,8
nm9851355,tt9771012,actor,5
nm12383623,tt9772312,actor,7
nm3363584,tt9772312,actress,4
nm0839146,tt9772374,actor,4
nm14118468,tt9772812,actress,9
nm1727607,tt9772812,actor,7
nm2703232,tt9773244,actor,2
nm5729867,tt9774568,actor,8
nm0406737,tt9774640,actor,1
nm10472975,tt9775932,actor,4
nm6617180,tt9777462,actor,6
nm10474375,tt9777766,actress,10
nm7814127,tt9777766,actor,2
nm7330110,tt9777790,actor,10
nm0457877,tt9777796,actress,1
nm1572339,tt9777886,actor,4
nm7144357,tt9777886,actor,5
nm10475050,tt9778622,actor,10
nm10475051,tt9778622,actress,8
nm0202135,tt9779352,actor,5
nm9689580,tt9779380,actor,7
nm1029928,tt9782800,actor,9
nm5079362,tt9783658,actress,4
nm7991474,tt9783658,actor,5
nm1794495,tt9784048,actor,2
nm5640962,tt9784068,actor,1
nm6198519,tt9784068,actor,6
nm8687556,tt9784404,actor,5
nm0000640,tt9784798,actor,10
nm1759426,tt9784950,actor,1
nm10809242,tt9784954,actress,8
nm0054214,tt9786512,actor,4
nm1354491,tt9786896,actor,2
nm10477840,tt9787140,actress,1
nm2906035,tt9788418,actor,10
nm4341114,tt9788898,actor,6
nm2725758,tt9789556,actress,3
nm1548005,tt9793334,actor,9
nm7214377,tt9794630,actor,9
nm3616347,tt9795052,actor,6
nm5014211,tt9795368,actor,2
nm10681083,tt9796718,actor,9
nm5640489,tt9798310,actress,7
nm13394299,tt9799640,actor,9
nm3778527,tt9800034,actress,9
nm7722733,tt9800124,actress,2
nm5680617,tt9800234,actor,4
nm10485139,tt9800694,actor,8
nm9095308,tt9800752,actress,3
nm2196479,tt9803316,actress,5
nm4452069,tt9803316,actress,8
nm7858189,tt9803724,actress,5
nm1268681,tt9805350,actor,3
nm10689142,tt9805504,actress,10
nm3196568,tt9805984,actor,6
nm0722636,tt9806258,actor,4
nm1688298,tt9806300,actor,7
nm0330853,tt9806304,actor,3
nm1388202,tt9808510,actor,3
nm0422567,tt9808686,actor,3
nm6349342,tt9808842,actor,10
nm11501147,tt9809140,actress,7
nm1373003,tt9809432,actor,7
nm10148814,tt9811798,actress,9
nm0797614,tt9812474,actor,4
nm16393675,tt9812474,actress,10
nm0767986,tt9812530,actor,5
nm7578266,tt9812530,actor,4
nm6341102,tt9814562,actor,7
nm10492021,tt9815010,actress,1
nm0404003,tt9815072,actor,4
nm0038960,tt9815160,actress,3
nm0692586,tt9815360,actor,10
nm5236560,tt9815616,actress,10
nm10493367,tt9816958,actress,9
nm10493416,tt9817040,actress,5
nm1669854,tt9817190,actor,6
nm1221172,tt9817216,actor,5
nm0412615,tt9817814,actress,1
nm1153269,tt9817814,actress,8
nm10495007,tt9819664,actress,4
nm4207238,tt9822880,actor,8
nm0957468,tt9823170,actor,3
nm2431276,tt9823170,actor,9
nm0848927,tt9823772,actor,9
nm10830028,tt9826668,actor,9
nm10830029,tt9826668,actress,10
nm2212823,tt9828278,actress,4
nm8300348,tt9828278,actress,7
nm0001238,tt9828802,actor,9
nm10459748,tt9828908,actor,1
nm2384041,tt9828918,actor,8
nm2255632,tt9829092,actor,4
nm9453091,tt9829108,actress,2
nm9559493,tt9830862,actress,10
nm8175508,tt9831814,actress,7
nm10624876,tt9833044,actress,7
nm0579159,tt9833412,actor,1
nm8559164,tt9834492,actor,6
nm0462181,tt9834564,actor,3
nm2311069,tt9837320,actor,3
nm2775500,tt9838656,actor,9
nm8619584,tt9838656,actress,3
nm7030182,tt9838916,actor,4
nm9660332,tt9842792,actor,9
nm0848401,tt9843028,actor,9
nm7563501,tt9843390,actor,6
nm0738391,tt9844322,actor,9
nm0021607,tt9844368,actor,8
nm10506100,tt9844420,actor,5
nm0864458,tt9845036,actor,5
nm1118049,tt9845110,actress,10
nm5199382,tt9845564,actor,8
nm10508412,tt9847844,actress,7
nm8595063,tt9848404,actor,7
nm7933615,tt9848452,actor,2
nm10509071,tt9850050,actress,4
nm3870544,tt9850064,actress,1
nm0524992,tt9850264,actor,7
nm13278693,tt9850264,actor,9
nm0714229,tt9850344,actress,9
nm1082477,tt9850344,actor,2
nm2562850,tt9851426,actress,5
nm9204659,tt9853118,actor,2
nm0241049,tt9853500,actor,1
nm8912777,tt9853664,actress,6
nm1797516,tt9855002,actor,5
nm9812639,tt9856574,actress,8
nm0000335,tt9860566,actress,7
nm0679366,tt9861214,actress,8
nm4793477,tt9861214,actress,5
nm10516909,tt9861220,actor,6
nm0035082,tt9861254,actor,5
nm1081069,tt9861522,actress,3
nm7441441,tt9861522,actor,6
nm10132070,tt9864800,actress,10
nm3643886,tt9864800,actress,6
nm10516648,tt9865010,actor,5
nm1416640,tt9866738,actor,1
nm9568682,tt9869668,actor,8
nm10520333,tt9869994,actress,2
nm10520335,tt9869994,actress,5
nm10985728,tt9873652,actor,2
nm4544635,tt9873892,actor,6
nm1802022,tt9874290,actor,1
nm4949471,tt9875128,actor,1
nm10520102,tt9875452,actress,5
nm3636189,tt9875852,actor,2
nm1428724,tt9877340,actor,5
nm10023022,tt9878650,actress,7
nm4887246,tt9880212,actress,5
nm5667822,tt9881586,actress,3
nm0768006,tt9883860,actor,10
nm10531285,tt9887180,actress,2
nm10525922,tt9887290,actor,4
nm3065601,tt9887580,actor,6
nm1254140,tt9889218,actress,9
nm8376220,tt9889918,actress,10
nm10527334,tt9890870,actress,6
nm9606557,tt9891874,actor,8
nm10503928,tt9891882,actress,2
nm4408716,tt9892094,actress,2
nm15601333,tt9892338,actor,7
nm7112813,tt9892604,actress,5
nm8884785,tt9893130,actress,5
nm2330321,tt9893158,actor,5
nm0001860,tt9893250,actress,8
nm1488034,tt9893878,actor,7
nm10532612,tt9896768,actor,5
nm10097892,tt9897258,actress,2
nm0541908,tt9898328,actor,2
nm7532602,tt9899344,actress,7
nm1662613,tt9899880,actress,8
nm0406594,tt9899938,actor,4
nm0432479,tt9900280,actor,3
nm0368330,tt9900354,actor,9
nm0214358,tt9900388,actress,7
nm0014102,tt9900390,actor,1
nm5223603,tt9900390,actor,2
nm6297251,tt9900396,actress,2
nm0474779,tt9900940,actor,8
nm11883215,tt9901532,actress,3
nm4079236,tt9904004,actress,4
nm10532730,tt9904010,actor,5
nm4868755,tt9904098,actor,5
nm2840457,tt9904648,actress,4
nm10379526,tt9905412,actor,2
nm7288448,tt9910530,actress,2
nm0824373,tt9911196,actress,2
nm0417314,tt9911306,actor,3
nm8646848,tt9911750,actor,8
nm10536990,tt9913872,actor,9
nm7659571,tt9914286,actress,2
nm10538303,tt9916124,actor,3
nm2999289,tt9916538,actor,7
nm10264742,tt9292378,actor,3
nm0541849,tt9292510,actor,7
nm10018645,tt9293690,actor,9
nm13120332,tt9294056,actress,2
nm9528286,tt9294426,actress,1
nm10151205,tt9296782,actress,3
nm10265967,tt9296810,actor,2
nm2549642,tt9301556,actor,2
nm10063384,tt9303032,actor,5
nm10063514,tt9303032,actor,14
nm0949210,tt9303772,actor,7
nm0441393,tt9303968,actor,7
nm0613420,tt9308340,actor,1
nm10270625,tt9309408,actor,5
nm10573746,tt9309408,actor,9
nm3132907,tt9309546,actor,4
nm4030759,tt9309774,actor,1
nm10271044,tt9309968,actor,4
nm4488867,tt9312830,actor,6
nm0187724,tt9313424,actress,4
nm1476388,tt9313780,actor,2
nm10266185,tt9314596,actor,10
nm9357202,tt9314862,actor,5
nm10274511,tt9318310,actor,10
nm4143310,tt9318310,actor,9
nm0846630,tt9318772,actor,6
nm4965558,tt9319544,actor,3
nm9375204,tt9319882,actor,3
nm1572739,tt9319896,actress,9
nm2594453,tt9319960,actor,5
nm14442968,tt9320170,actor,7
nm1282801,tt9323034,actress,4
nm5739768,tt9326646,actor,4
nm0221321,tt9326956,actress,1
nm0340084,tt9326956,actress,6
nm4998103,tt9327264,actress,5
nm10278981,tt9328742,actor,4
nm5565166,tt9328744,actress,7
nm0296350,tt9330502,actor,9
nm0320721,tt9330648,actor,1
nm3595972,tt9331072,actress,6
nm10396880,tt9331932,actor,8
nm3710008,tt9332398,actor,4
nm4584004,tt9332680,actor,7
nm10280916,tt9333076,actor,3
nm5671152,tt9333358,actor,7
nm6836377,tt9334342,actress,10
nm0708613,tt9334830,actor,4
nm11885521,tt9336434,actress,9
nm2049965,tt9337248,actor,5
nm0810379,tt9337518,actress,7
nm10282873,tt9337590,actor,3
nm8627581,tt9339796,actor,8
nm10154768,tt9339850,actress,3
nm10284012,tt9340486,actress,2
nm1185110,tt9340744,actress,7
nm3249839,tt9340860,actor,4
nm1922619,tt9341628,actress,1
nm7542869,tt9341668,actor,10
nm10284012,tt9342250,actress,1
nm0559869,tt9342356,actor,7
nm4950057,tt9342390,actress,1
nm10285153,tt9342618,actor,6
nm11534592,tt9343754,actor,11
nm2380781,tt9343780,actress,9
nm2609895,tt9343780,actor,6
nm10287368,tt9347518,actress,8
nm4417873,tt9347654,actor,10
nm6296438,tt9347732,actress,2
nm2653938,tt9349020,actor,10
nm0586261,tt9349050,actress,3
nm10561908,tt9349898,actor,9
nm0312064,tt9351112,actress,3
nm4143935,tt9351220,actor,4
nm1452260,tt9351598,actor,4
nm7234020,tt9351854,actress,3
nm0326590,tt9354450,actor,2
nm1388345,tt9354814,actress,2
nm1033012,tt9355126,actress,8
nm1306744,tt9355126,actress,9
nm9907012,tt9355162,actress,10
nm10292621,tt9356304,actor,9
nm2534638,tt9356952,actor,1
nm6716083,tt9358106,actor,4
nm9724815,tt9358106,actor,9
nm0619185,tt9358120,actor,7
nm8092420,tt9358422,actor,8
nm10292438,tt9358444,actor,2
nm3232787,tt9358480,actor,8
nm7125623,tt9359204,actress,1
nm10883876,tt9359348,actor,6
nm6558315,tt9359680,actress,8
nm11112408,tt9359774,actress,7
nm4793987,tt9362722,actress,8
nm0075359,tt9363192,actor,2
nm7752372,tt9363342,actress,3
nm2034488,tt9364210,actor,6
nm2012595,tt9364406,actor,5
nm2382711,tt9364806,actor,8
nm2387401,tt9365604,actor,7
nm5154209,tt9367402,actor,1
nm0239267,tt9367742,actress,7
nm10296362,tt9367926,actor,9
nm5916186,tt9368200,actor,9
nm13639496,tt9368384,actor,6
nm4788761,tt9368552,actress,5
nm5071399,tt9368552,actor,1
nm5123508,tt9371344,actor,7
nm3808844,tt9371666,actor,7
nm2153938,tt9371672,actor,3
nm2419625,tt9371706,actor,6
nm6632634,tt9371730,actress,8
nm4535518,tt9372388,actress,3
nm6494220,tt9378600,actor,8
nm7457612,tt9379072,actor,8
nm0557609,tt9381682,actor,3
nm8720708,tt9381742,actress,3
nm11306918,tt9383758,actor,4
nm12615674,tt9383758,actor,2
nm6481461,tt9383772,actress,5
nm0359271,tt9386508,actor,3
nm1187374,tt9387352,actress,6
nm5520724,tt9389802,actress,7
nm4699293,tt9389916,actor,2
nm1200739,tt9389924,actress,5
nm10331009,tt9390222,actor,9
nm5136123,tt9390222,actor,1
nm11799117,tt9391166,actor,5
nm7331081,tt9391986,actress,2
nm6661994,tt9394786,actor,8
nm10308437,tt9396174,actor,5
nm10308438,tt9396174,actor,6
nm11283066,tt9396198,actor,10
nm6302636,tt9396994,actress,10
nm0385443,tt9397550,actor,1
nm0645011,tt9397742,actor,10
nm0898408,tt9399168,actress,6
nm2469558,tt9399712,actor,6
nm0159483,tt9402530,actor,10
nm4210670,tt9404596,actor,4
nm10313349,tt9407706,actress,8
nm10313744,tt9408114,actress,5
nm1253217,tt9408568,actor,8
nm10314153,tt9408648,actress,3
nm3301189,tt9412268,actress,10
nm0481374,tt9412726,actor,8
nm3554025,tt9413114,actor,8
nm10843233,tt9413792,actor,6
nm8225982,tt9414574,actor,5
nm10306722,tt9415530,actor,9
nm2376212,tt9415560,actor,7
nm7467053,tt9416854,actor,1
nm13946181,tt9418306,actress,1
nm11594041,tt9418878,actor,9
nm1042946,tt9419834,actor,9
nm1731694,tt9419834,actor,6
nm9413209,tt9420744,actor,9
nm0763022,tt9421456,actress,3
nm2142336,tt9421570,actress,2
nm9774983,tt9422468,actor,12
nm1009531,tt9423096,actress,1
nm1517134,tt9426186,actress,8
nm3086049,tt9426802,actor,6
nm5243426,tt9426944,actress,10
nm0381241,tt9426974,actor,5
nm4289197,tt9426974,actor,1
nm1727005,tt9431520,actor,4
nm3655146,tt9434968,actor,7
nm0610699,tt9436632,actor,2
nm1167094,tt9436632,actress,7
nm10326802,tt9436682,actor,4
nm4252250,tt9437152,actress,5
nm11778044,tt9437360,actress,9
nm2384746,tt9437744,actor,4
nm10327039,tt9439360,actress,7
nm5667034,tt9440660,actor,2
nm10327831,tt9440738,actor,5
nm10328539,tt9441972,actor,4
nm9197877,tt9442046,actor,10
nm1800631,tt9442324,actress,7
nm0522205,tt9443316,actor,1
nm3945642,tt9443316,actress,2
nm3438353,tt9444800,actor,3
nm7253444,tt9444800,actress,7
nm3035081,tt9445114,actress,7
nm0560619,tt9445256,actor,7
nm10919573,tt9446888,actor,1
nm9724876,tt9446888,actress,2
nm0430825,tt9446952,actor,3
nm8402599,tt9447594,actress,9
nm10330848,tt9447600,actor,9
nm10842578,tt9448340,actress,2
nm8023685,tt9448656,actor,5
nm9947816,tt9448686,actress,4
nm14599484,tt9448946,actor,2
nm6757384,tt9449952,actress,9
nm5065067,tt9451848,actress,4
nm6422858,tt9451848,actress,7
nm8011037,tt9452878,actor,4
nm11566849,tt9453616,actress,9
nm9680909,tt9460914,actor,3
nm10400343,tt9461496,actor,3
nm0890337,tt9463434,actor,7
nm1388927,tt9465600,actress,5
nm3667068,tt9465812,actress,6
nm4492863,tt9466644,actress,4
nm10457031,tt9466786,actor,5
nm9672998,tt9466854,actress,2
nm1714120,tt9467386,actor,3
nm10165537,tt9474340,actress,1
nm10348983,tt9475430,actress,9
nm4109651,tt9476430,actress,7
nm10344251,tt9477056,actor,8
nm2674236,tt9477066,actor,2
nm8319648,tt9477066,actress,9
nm0918109,tt9477532,actress,2
nm10345043,tt9479806,actor,7
nm1698868,tt9482620,actor,4
nm4642373,tt9485306,actor,2
nm1031561,tt9485772,actress,1
nm10348261,tt9486076,actress,8
nm7263193,tt9486076,actress,9
nm0297686,tt9486162,actor,2
nm5495484,tt9487526,actor,11
nm10349796,tt9490042,actress,5
nm8509764,tt9492214,actor,5
nm3167599,tt9496232,actor,2
nm8182394,tt9496232,actress,4
nm1977808,tt9496886,actress,4
nm12482554,tt9497760,actor,10
nm4264654,tt9500372,actor,5
nm10374879,tt9501234,actor,7
nm3836444,tt9501678,actor,3
nm4323425,tt9505874,actress,7
nm0000227,tt9506000,actress,3
nm0620672,tt9506678,actor,3
nm0706670,tt9506820,actor,2
nm10356448,tt9506820,actress,8
nm9439999,tt9511022,actor,5
nm5708793,tt9511204,actress,9
nm1982843,tt9511468,actor,4
nm3258460,tt9511468,actress,6
nm0347729,tt9512188,actor,3
nm10666414,tt9514970,actor,7
nm0707548,tt9516312,actor,4
nm0434169,tt9516390,actor,3
nm10361106,tt9517348,actor,6
nm0785841,tt9523206,actor,8
nm9338633,tt9525926,actress,6
nm10364894,tt9526090,actress,6
nm10365244,tt9526760,actor,10
nm3641050,tt9526822,actor,4
nm8512286,tt9526822,actress,6
nm5469792,tt9527682,actress,6
nm0419293,tt9527778,actress,6
nm1182276,tt9528930,actress,10
nm2884462,tt9529656,actress,4
nm4599394,tt9529656,actress,5
nm6128958,tt9529752,actor,1
nm10469117,tt9531094,actor,7
nm0412917,tt9531772,actor,6
nm3049068,tt9531772,actor,10
nm10367779,tt9533434,actor,4
nm2855184,tt9533434,actress,7
nm10369307,tt9536664,actor,10
nm1560660,tt9537278,actress,9
nm6601314,tt9537532,actor,9
nm9075313,tt9538216,actress,4
nm9615887,tt9540232,actor,5
nm0596681,tt9540792,actor,1
nm10371564,tt9540792,actress,5
nm9105280,tt9542116,actor,10
nm13769757,tt9542460,actor,10
nm10165243,tt9543176,actress,7
nm0194305,tt9546624,actor,9
nm3801587,tt9546624,actor,2
nm5619822,tt9554316,actress,4
nm1478149,tt9554862,actress,3
nm9011010,tt9554958,actor,1
nm2306680,tt9555530,actress,8
nm0387322,tt9555974,actor,7
nm10727705,tt9557296,actor,2
nm7809104,tt9557390,actor,6
nm8774105,tt9557820,actress,5
nm1321104,tt9557854,actress,8
nm10215661,tt9561744,actor,4
nm10384675,tt9561744,actor,8
nm0472710,tt9562296,actor,3
nm10381409,tt9563348,actor,8
nm10381418,tt9563348,actor,5
nm6864622,tt9564676,actor,8
nm7352209,tt9564748,actor,1
nm8116432,tt9564748,actor,8
nm10373761,tt9567472,actor,4
nm2658351,tt9568168,actor,1
nm2166719,tt9568318,actor,10
nm4222026,tt9568640,actress,5
nm3381025,tt9572006,actress,3
nm6176024,tt9572006,actor,6
nm8878489,tt9572626,actor,3
nm10429770,tt9572674,actress,4
nm3976580,tt9572674,actor,3
nm11062620,tt9573068,actor,10
nm10451264,tt9574324,actress,5
nm5700622,tt9574912,actress,1
nm1000338,tt9575206,actor,2
nm1926109,tt9575726,actress,1
nm10436514,tt9576232,actress,2
nm10436707,tt9576232,actor,5
nm0939224,tt9578462,actress,1
nm0297835,tt9578952,actor,2
nm10646808,tt9578984,actress,6
nm2791162,tt9579634,actress,8
nm4710727,tt9579786,actor,8
nm2127350,tt9581844,actress,9
nm1417182,tt9581978,actress,5
nm6384539,tt9583840,actor,7
nm0202136,tt9583876,actress,1
nm1197780,tt9584730,actress,5
nm0038449,tt9584814,actress,1
nm4981506,tt9584814,actress,8
nm10366114,tt9584830,actor,1
nm0342029,tt9585676,actor,2
nm0993695,tt9585798,actress,3
nm5149048,tt9586294,actress,9
nm10392623,tt9586670,actor,2
nm3764759,tt9587244,actor,1
nm1715356,tt9590554,actress,8
nm3784379,tt9591082,actress,3
nm10395515,tt9592292,actor,9
nm0159040,tt9592892,actress,1
nm9320393,tt9592892,actress,6
nm10518009,tt9593000,actress,10
nm8584475,tt9593000,actress,1
nm10067871,tt9600178,actor,8
nm2467183,tt9600568,actor,5
nm3571592,tt9601220,actor,2
nm1157048,tt9601292,actor,1
nm1041999,tt9602258,actor,1
nm6660277,tt9602716,actor,2
nm1165044,tt9603060,actor,2
nm0619047,tt9604202,actor,7
nm0477066,tt9609716,actress,5
nm3149791,tt9609886,actor,2
nm0945562,tt9610246,actor,10
nm9408646,tt9611542,actress,4
nm4029706,tt9612164,actress,1
nm0602941,tt9612892,actor,3
nm1552467,tt9612982,actress,4
nm0683793,tt9613380,actor,1
nm7155404,tt9614428,actor,7
nm10952565,tt9614452,actor,5
nm4243966,tt9614936,actress,2
nm7925167,tt9615016,actor,4
nm1209316,tt9615112,actor,2
nm5727890,tt9616700,actor,7
nm7639626,tt9620056,actress,7
nm1256710,tt9620822,actress,4
nm10261280,tt9620986,actress,2
nm7028977,tt9621290,actress,4
nm10363279,tt9624686,actor,1
nm3098706,tt9624686,actress,8
nm0619821,tt9625010,actor,9
nm14333923,tt9625242,actress,8
nm3714002,tt9625672,actress,10
nm10411179,tt9625986,actor,1
nm10411563,tt9626392,actor,10
nm3225022,tt9626764,actress,9
nm3909445,tt9626774,actor,3
nm1970707,tt9629114,actress,5
nm13868268,tt9630444,actor,10
nm5120886,tt9631944,actor,1
nm7507282,tt9633612,actress,6
nm0441154,tt9635772,actor,1
nm3280573,tt9635902,actor,2
nm10502632,tt9636120,actress,9
nm8575766,tt9636294,actress,3
nm0410965,tt9637640,actor,8
nm10661517,tt9639274,actor,10
nm0532067,tt9639470,actor,7
nm18642864,tt9641242,actor,4
nm0632761,tt9643108,actor,6
nm3083581,tt9643108,actress,3
nm0670847,tt9646400,actress,6
nm11409368,tt9646768,actress,8
nm10420930,tt9647298,actor,2
nm9003790,tt9647330,actor,10
nm9072760,tt9647330,actor,6
nm6618195,tt9647642,actress,1
nm1251565,tt9647768,actress,2
nm2596793,tt9647776,actress,4
nm5229761,tt9648078,actor,7
nm0051302,tt9648092,actress,3
nm10421803,tt9648806,actor,4
nm14906316,tt9648952,actor,5
nm7465273,tt9652322,actress,6
nm7545798,tt9652888,actor,3
nm6664625,tt9653108,actress,2
nm0032633,tt9653184,actor,2
nm3261559,tt9653960,actor,10
nm0001329,tt9657382,actor,8
nm1177124,tt9657764,actor,6
nm0476675,tt9657840,actress,7
nm3459555,tt9658288,actor,5
nm0297869,tt9660472,actor,8
nm8519754,tt9662722,actress,9
nm8203122,tt9663098,actor,7
nm8963171,tt9663642,actor,1
nm1714868,tt9665402,actor,10
nm2570245,tt9665402,actress,2
nm11744782,tt9665968,actor,5
nm7106485,tt9668280,actor,4
nm3239632,tt9668552,actor,4
nm3252391,tt9668552,actor,1
nm7736730,tt9668598,actress,10
nm0943307,tt9668680,actress,10
nm7920660,tt9668748,actress,10
nm0012078,tt9669176,actor,1
nm7512041,tt9669176,actor,5
nm2004234,tt9669242,actor,9
nm10431639,tt9672244,actor,8
nm1182249,tt9673176,actor,10
nm2105009,tt9674196,actor,1
nm10432800,tt9674904,actor,8
nm8894369,tt9675318,actor,6
nm1227303,tt9675320,actor,4
nm8112151,tt9675320,actor,5
nm2622922,tt9675366,actor,9
nm4221521,tt9675374,actor,3
nm5851110,tt9675804,actor,9
nm10434854,tt9678750,actor,8
nm0865333,tt9678892,actor,3
nm4449711,tt9680136,actor,1
nm6277267,tt9680136,actress,2
nm3339311,tt9680512,actress,10
nm5533667,tt9680630,actress,4
nm0434941,tt9682188,actor,4
nm10437051,tt9683250,actor,4
nm1518573,tt9683836,actress,6
nm9434849,tt9684994,actor,5
nm3530937,tt9685342,actor,7
nm10438091,tt9685686,actor,2
nm8814655,tt9685782,actress,5
nm0180639,tt9686350,actress,7
nm5735360,tt9686350,actress,5
nm3025366,tt9686596,actress,4
nm0432531,tt9689922,actor,3
nm2253794,tt9690184,actress,9
nm0020739,tt9690790,actress,5
nm2977124,tt9691282,actress,3
nm5159672,tt9691282,actor,6
nm8322290,tt9691324,actress,10
nm10504827,tt9691348,actress,2
nm0155284,tt9692040,actress,7
nm14558027,tt9692046,actor,10
nm0051502,tt9694012,actor,3
nm15618866,tt9695156,actor,9
nm1906273,tt9695156,actor,6
nm4254660,tt9695258,actor,9
nm10436714,tt9695404,actress,2
nm10442493,tt9695404,actor,5
nm13344989,tt9695524,actor,7
nm11916315,tt9695722,actress,5
nm10443353,tt9697476,actor,7
nm9030560,tt9697792,actor,6
nm4731188,tt9697960,actor,6
nm0609820,tt9699620,actor,9
nm7468057,tt9699686,actor,8
nm2810154,tt9701598,actor,6
nm2832703,tt9701940,actor,8
nm10446552,tt9703362,actress,3
nm4609670,tt9707456,actor,3
nm8300354,tt9711018,actor,7
nm10425078,tt9712476,actor,2
nm1725848,tt9713418,actor,3
nm10448916,tt9716084,actor,6
nm1245347,tt9717498,actress,9
nm0866496,tt9719864,actor,3
nm2852446,tt9721830,actor,8
nm0406710,tt9722898,actor,7
nm0425539,tt9723326,actor,2
nm0462008,tt9724114,actor,11
nm0804983,tt9724734,actor,10
nm9409104,tt9726794,actress,6
nm14277167,tt9727546,actor,8
nm10466003,tt9728406,actress,5
nm8178442,tt9729060,actor,2
nm12242222,tt9729206,actor,2
nm14819681,tt9729206,actor,9
nm11385152,tt9729768,actor,10
nm10454483,tt9730866,actor,7
nm5496985,tt9731034,actor,1
nm2605345,tt9731386,actress,8
nm10464461,tt9731442,actor,3
nm0193554,tt9731534,actor,3
nm0711110,tt9731598,actor,7
nm9421639,tt9732072,actor,5
nm0056948,tt9732214,actor,7
nm10078041,tt9733036,actor,3
nm0915385,tt9733060,actress,5
nm1401493,tt9733060,actor,7
nm4962495,tt9733060,actress,3
nm3726094,tt9733108,actor,5
nm11210709,tt9733150,actress,8
nm2990589,tt9733150,actor,6
nm0003409,tt9735462,actor,10
nm0582278,tt9737876,actor,4
nm5890145,tt9738400,actress,1
nm0948011,tt9739712,actor,3
nm7321793,tt9740064,actor,1
nm0457612,tt9740508,actor,7
nm3998232,tt9741310,actress,6
nm4355888,tt9741310,actress,5
nm10723888,tt9741362,actor,9
nm10817994,tt9741362,actor,7
nm10458976,tt9741442,actress,3
nm10653021,tt9742106,actress,8
nm1219922,tt9742362,actress,2
nm10459071,tt9742438,actor,8
nm0014247,tt9742588,actor,5
nm1438556,tt9742588,actor,6
nm2921197,tt9742588,actor,2
nm10465363,tt9746392,actress,6
nm8713021,tt9747594,actor,8
nm0070123,tt9747894,actor,2
nm2464261,tt9750288,actress,3
nm10456065,tt9752076,actor,9
nm2596793,tt9752544,actress,10
nm5089493,tt9754992,actor,5
nm2079292,tt9755660,actor,2
nm8894369,tt9755680,actor,9
nm3606690,tt9759978,actor,5
nm0882596,tt9760426,actor,6
nm14632978,tt9760934,actor,4
nm0180984,tt9762398,actor,9
nm3185774,tt9763402,actress,1
nm7648974,tt9764180,actor,12
nm2955232,tt9764556,actor,5
nm0768031,tt9764634,actress,8
nm0847691,tt9764634,actor,5
nm10482619,tt9764832,actor,9
nm8710368,tt9764958,actor,1
nm0125166,tt9765604,actor,7
nm0250070,tt9765760,actor,5
nm6921152,tt9765900,actor,10
nm0486761,tt9765902,actor,1
nm4949417,tt9765968,actress,8
nm0084443,tt9766332,actress,4
nm2781855,tt9770432,actor,1
nm9363075,tt9773244,actress,4
nm0303577,tt9773698,actress,1
nm0605299,tt9774568,actress,5
nm2750565,tt9774568,actor,3
nm9872474,tt9777394,actress,3
nm7351371,tt9778888,actor,7
nm5699931,tt9779516,actor,7
nm13326221,tt9780140,actor,8
nm13815452,tt9780140,actor,4
nm4478721,tt9782800,actress,3
nm10473926,tt9783204,actor,10
nm10476621,tt9783626,actor,1
nm10476623,tt9783626,actor,7
nm10476629,tt9783626,actor,4
nm1003010,tt9783658,actress,2
nm4475798,tt9783778,actor,10
nm6085680,tt9784456,actress,7
nm3666287,tt9784950,actor,2
nm4728510,tt9787228,actress,9
nm4110044,tt9787468,actor,5
nm0000874,tt9788418,actor,2
nm6713699,tt9788898,actress,5
nm6685502,tt9789686,actor,6
nm8048846,tt9790808,actress,1
nm10117612,tt9791552,actress,7
nm3802458,tt9791552,actor,4
nm3492347,tt9794412,actor,2
nm3490185,tt9794942,actor,9
nm10690675,tt9795174,actor,1
nm0441557,tt9795238,actor,8
nm11766522,tt9795950,actress,10
nm6286319,tt9795950,actor,1
nm0611145,tt9796718,actor,1
nm5237479,tt9800670,actress,2
nm8962705,tt9800670,actor,9
nm10485307,tt9801322,actor,6
nm0959649,tt9801736,actress,4
nm10486524,tt9804296,actress,5
nm10191760,tt9805110,actress,3
nm0500618,tt9805350,actor,2
nm10487273,tt9805350,actress,6
nm9410822,tt9805754,actress,10
nm0047624,tt9806192,actor,11
nm4973460,tt9806192,actress,2
nm1035643,tt9806336,actor,5
nm10508459,tt9807914,actor,3
nm1576905,tt9808686,actor,1
nm2615204,tt9809432,actress,10
nm8297771,tt9814562,actress,9
nm0005000,tt9814730,actor,10
nm5475083,tt9815010,actor,5
nm5022072,tt9815156,actor,8
nm0651506,tt9815160,actor,6
nm10492269,tt9815280,actor,6
nm13185944,tt9815554,actress,10
nm6030704,tt9815714,actor,10
nm0013833,tt9815990,actress,4
nm4778390,tt9816214,actor,5
nm6346172,tt9816970,actor,7
nm10494941,tt9817070,actor,6
nm16114302,tt9817216,actor,7
nm9425206,tt9817466,actress,4
nm1217893,tt9817760,actor,6
nm10493823,tt9817814,actor,5
nm2135713,tt9819206,actress,1
nm8613647,tt9819206,actress,7
nm10495010,tt9819664,actor,8
nm7311813,tt9820550,actress,6
nm0847654,tt9821108,actress,3
nm8627164,tt9821834,actress,9
nm10483887,tt9822864,actor,9
nm1273365,tt9823772,actor,5
nm1069584,tt9826484,actress,10
nm10496479,tt9827060,actor,7
nm10498622,tt9828208,actress,8
nm10498623,tt9828208,actress,5
nm1092370,tt9828208,actor,1
nm2806111,tt9828278,actor,8
nm5166644,tt9828278,actor,6
nm9047363,tt9828278,actress,11
nm2501554,tt9833412,actor,8
nm0008704,tt9834446,actor,5
nm0383213,tt9837320,actor,4
nm2596959,tt9838374,actor,2
nm5404487,tt9838374,actress,1
nm0475900,tt9838980,actress,5
nm2201406,tt9839040,actor,2
nm1087555,tt9840382,actress,9
nm6236069,tt9841750,actress,6
nm7318397,tt9842874,actress,5
nm10610062,tt9843224,actor,3
nm1008972,tt9843470,actor,5
nm5697682,tt9843742,actor,1
nm10506111,tt9844420,actress,2
nm8249698,tt9844522,actress,9
nm0702619,tt9844650,actor,7
nm5854664,tt9844892,actress,3
nm3877635,tt9844938,actor,4
nm10506499,tt9845036,actor,7
nm10626421,tt9846462,actor,7
nm14326385,tt9846462,actor,8
nm3213191,tt9849644,actress,1
nm10562494,tt9850064,actor,2
nm5325732,tt9850084,actress,2
nm9824316,tt9850116,actress,9
nm2171495,tt9850564,actress,3
nm3792384,tt9850646,actor,6
nm5798585,tt9850646,actress,8
nm5212072,tt9851426,actor,3
nm0606168,tt9852492,actor,6
nm10511276,tt9855002,actor,9
nm10395055,tt9855170,actor,4
nm10672181,tt9855170,actress,5
nm4519769,tt9855984,actor,3
nm1699385,tt9855990,actress,5
nm4588209,tt9855990,actor,9
nm2432160,tt9856606,actor,2
nm10516908,tt9861220,actor,2
nm0374815,tt9861254,actor,9
nm1832154,tt9861254,actor,6
nm0344346,tt9861316,actress,4
nm10514574,tt9861316,actor,3
nm7099101,tt9861522,actor,8
nm4889489,tt9866072,actor,10
nm10520206,tt9866700,actor,7
nm1513121,tt9869668,actress,10
nm10520328,tt9869994,actor,7
nm0847698,tt9871328,actor,1
nm0848768,tt9871328,actress,4
nm10519167,tt9872038,actor,5
nm3517457,tt9875852,actor,4
nm2733342,tt9876150,actor,9
nm7704530,tt9876544,actress,3
nm2698390,tt9876584,actor,6
nm10520903,tt9876748,actress,6
nm3169069,tt9877170,actor,1
nm6845864,tt9877460,actor,7
nm7751840,tt9877460,actor,9
nm0411715,tt9878414,actor,9
nm5736198,tt9881364,actress,7
nm10083179,tt9881488,actress,1
nm1078686,tt9881924,actress,1
nm2156120,tt9881924,actor,2
nm4449764,tt9883020,actress,8
nm0468773,tt9884388,actress,2
nm2770629,tt9887154,actress,7
nm10507027,tt9889918,actor,8
nm10507028,tt9889918,actor,6
nm5932580,tt9889918,actress,1
nm10556415,tt9891882,actress,4
nm10527795,tt9892338,actress,1
nm0616790,tt9892908,actress,3
nm2016172,tt9893012,actress,5
nm7853326,tt9893084,actor,5
nm1952490,tt9893160,actress,3
nm1496115,tt9896876,actress,1
nm7396726,tt9896876,actor,10
nm9902166,tt9897520,actor,7
nm18626617,tt9897744,actress,5
nm0675950,tt9898086,actress,6
nm7527949,tt9898844,actress,1
nm10767801,tt9899840,actor,10
nm1758612,tt9899880,actor,1
nm5243813,tt9899972,actor,1
nm1742916,tt9900280,actress,4
nm0883305,tt9900388,actress,4
nm1763508,tt9901532,actor,6
nm9504284,tt9903716,actress,1
nm10532730,tt9903920,actor,5
nm11278367,tt9904530,actor,2
nm0629634,tt9904648,actor,5
nm0304265,tt9906644,actor,5
nm0243620,tt9908390,actor,9
nm10535374,tt9909656,actor,10
nm1579619,tt9910502,actor,3
nm1290838,tt9914942,actor,6
nm10538305,tt9916124,actor,9
nm3766704,tt9916362,actress,1
nm4436476,tt9916428,actor,8
nm2871680,tt9292378,actor,8
nm12471068,tt9294056,actress,9
nm4459676,tt9302912,actor,4
nm4702939,tt9302912,actor,3
nm10705899,tt9302986,actress,2
nm2740720,tt9302986,actress,7
nm9391977,tt9303040,actress,2
nm0433893,tt9304360,actor,2
nm9578555,tt9308170,actor,9
nm0005033,tt9309546,actor,7
nm8981185,tt9309774,actress,2
nm0292719,tt9309950,actor,4
nm7401575,tt9309950,actor,7
nm6826930,tt9311532,actor,10
nm0037721,tt9313264,actor,1
nm2837860,tt9313264,actor,10
nm7192128,tt9313910,actress,5
nm9876338,tt9314340,actor,3
nm11062165,tt9315684,actress,6
nm2186865,tt9318280,actress,2
nm1553376,tt9319826,actor,4
nm10568841,tt9319896,actor,5
nm10568843,tt9319896,actor,10
nm0040545,tt9320184,actor,5
nm1283344,tt9327264,actress,9
nm10027831,tt9327540,actor,9
nm0324645,tt9328726,actress,7
nm4253709,tt9328726,actor,5
nm3833583,tt9330112,actor,5
nm2481285,tt9330400,actor,7
nm8973249,tt9331322,actor,3
nm1550800,tt9332734,actress,6
nm10280915,tt9333076,actor,2
nm8975055,tt9333076,actress,11
nm9835969,tt9333076,actor,1
nm10280980,tt9333256,actor,6
nm0758915,tt9334814,actor,6
nm5055028,tt9334814,actress,3
nm10803022,tt9335210,actress,5
nm1288082,tt9340744,actress,9
nm2760502,tt9340744,actor,10
nm9406873,tt9341668,actress,5
nm10287248,tt9342250,actress,8
nm1874994,tt9342356,actor,8
nm7627014,tt9343754,actress,13
nm1699333,tt9345754,actress,4
nm5421394,tt9347476,actress,2
nm10285007,tt9347518,actor,1
nm2217844,tt9347732,actor,6
nm10555263,tt9348566,actor,9
nm0756203,tt9348752,actress,2
nm8052653,tt9348752,actress,1
nm0575922,tt9349050,actress,8
nm2382533,tt9349928,actor,6
nm2386430,tt9349928,actor,2
nm1662057,tt9350110,actor,9
nm10288730,tt9350746,actor,10
nm1644112,tt9350934,actor,7
nm4363560,tt9351112,actor,7
nm4150929,tt9351598,actor,2
nm7506705,tt9351854,actor,6
nm0429069,tt9352926,actress,2
nm9958408,tt9354118,actress,7
nm8264172,tt9354842,actress,4
nm0241291,tt9355126,actress,10
nm2457142,tt9355126,actor,3
nm9809249,tt9355200,actress,6
nm2492282,tt9355222,actor,8
nm3239803,tt9357050,actress,3
nm10292407,tt9358398,actress,8
nm10187203,tt9359680,actress,7
nm7609214,tt9359680,actor,2
nm7929501,tt9359754,actor,6
nm5181684,tt9360688,actor,4
nm1022194,tt9361104,actor,2
nm1284734,tt9361104,actress,5
nm1671924,tt9362492,actress,7
nm2159926,tt9362722,actor,5
nm10436898,tt9363990,actor,8
nm10436902,tt9363990,actress,3
nm6685291,tt9364406,actor,2
nm0751481,tt9364436,actor,6
nm10280980,tt9364862,actor,10
nm0305447,tt9365634,actor,3
nm11205876,tt9365762,actress,3
nm13808563,tt9366716,actor,6
nm13808569,tt9366716,actress,3
nm4225184,tt9367742,actress,4
nm3271373,tt9368006,actor,1
nm2355740,tt9368552,actor,8
nm9858835,tt9369410,actress,3
nm14504672,tt9371598,actor,7
nm1641062,tt9371810,actor,8
nm2383070,tt9373258,actor,6
nm10291764,tt9373894,actor,10
nm0950757,tt9376612,actor,9
nm4933845,tt9377994,actress,3
nm4583219,tt9378134,actress,3
nm0498189,tt9378850,actor,10
nm0080333,tt9378950,actor,3
nm9829377,tt9381994,actor,6
nm0630040,tt9382140,actor,3
nm0329589,tt9382358,actress,7
nm8994105,tt9382358,actress,9
nm6474955,tt9383658,actress,4
nm10423990,tt9383706,actor,7
nm7535030,tt9383758,actress,1
nm2376212,tt9385320,actor,7
nm10375380,tt9387352,actor,1
nm6702704,tt9387568,actor,2
nm5771748,tt9389562,actress,5
nm5763862,tt9389622,actor,7
nm4959055,tt9389802,actor,1
nm8928086,tt9389802,actor,10
nm3888269,tt9390058,actress,9
nm13321144,tt9390190,actor,2
nm14181186,tt9390218,actor,2
nm5316837,tt9390254,actor,7
nm0376720,tt9391166,actress,3
nm2099014,tt9392532,actress,10
nm4531743,tt9392618,actress,2
nm10308183,tt9395714,actor,5
nm1881676,tt9395768,actor,2
nm0410968,tt9397550,actor,2
nm0476675,tt9397550,actress,5
nm4748460,tt9398222,actress,6
nm2295319,tt9398640,actor,9
nm0439878,tt9399192,actor,7
nm7060634,tt9403944,actor,7
nm10312087,tt9404258,actor,3
nm4951437,tt9405352,actor,7
nm1284880,tt9408114,actor,9
nm0775858,tt9409448,actress,6
nm0117697,tt9409660,actress,1
nm5958776,tt9409854,actor,6
nm10315030,tt9412202,actress,2
nm6060299,tt9412514,actor,10
nm8722290,tt9412726,actor,9
nm1800303,tt9413114,actress,2
nm3299039,tt9413114,actor,10
nm4713909,tt9415108,actor,6
nm5271352,tt9415108,actor,7
nm0032894,tt9417730,actress,8
nm0401841,tt9418306,actor,8
nm6296119,tt9420024,actress,9
nm10318473,tt9420344,actor,7
nm1179321,tt9421456,actress,5
nm12519578,tt9422468,actress,1
nm0031818,tt9423096,actress,3
nm6835617,tt9426186,actress,7
nm2573928,tt9426210,actress,10
nm4836118,tt9426210,actress,3
nm10321698,tt9426944,actor,3
nm5696471,tt9427218,actress,3
nm1108739,tt9428246,actor,3
nm10680097,tt9429444,actress,8
nm10323185,tt9429948,actress,10
nm8405537,tt9430524,actor,4
nm0610612,tt9431072,actor,7
nm3473975,tt9431096,actress,11
nm10683362,tt9431740,actress,8
nm0095971,tt9432338,actor,2
nm7131558,tt9433466,actress,9
nm10325533,tt9435162,actress,9
nm0773533,tt9436632,actor,1
nm11758681,tt9436636,actor,10
nm7934247,tt9437152,actress,8
nm0194937,tt9437360,actor,4
nm7344186,tt9439344,actor,9
nm5840380,tt9440450,actor,8
nm4212481,tt9440738,actor,8
nm10536165,tt9441978,actor,10
nm9513875,tt9441978,actress,2
nm1690073,tt9445256,actress,6
nm10329578,tt9445306,actress,9
nm7782119,tt9445306,actress,2
nm10332268,tt9446888,actress,5
nm2567228,tt9447676,actor,1
nm10842579,tt9448340,actor,5
nm11364108,tt9448932,actress,5
nm10627024,tt9450384,actor,2
nm10301005,tt9452900,actress,3
nm8736591,tt9452900,actress,8
nm5407537,tt9455030,actor,4
nm1698868,tt9455528,actor,1
nm10334570,tt9456222,actress,5
nm0304282,tt9458110,actor,5
nm8519895,tt9458220,actor,4
nm1461177,tt9460422,actress,1
nm1125989,tt9460472,actor,2
nm6116954,tt9460610,actor,6
nm6999451,tt9460808,actor,2
nm9680892,tt9460914,actor,4
nm11638140,tt9461496,actress,7
nm12023545,tt9461496,actor,6
nm10338571,tt9464654,actress,1
nm0645011,tt9465518,actor,2
nm10339102,tt9465812,actor,5
nm0890893,tt9466032,actor,5
nm2361282,tt9466410,actress,1
nm14657367,tt9466424,actor,10
nm13616526,tt9466786,actress,7
nm5199559,tt9466814,actor,6
nm5573352,tt9466814,actress,10
nm10427151,tt9466854,actor,9
nm1913625,tt9468400,actor,2
nm5234709,tt9470144,actress,1
nm10570112,tt9471128,actress,2
nm2523072,tt9471786,actor,1
nm9551787,tt9471952,actor,6
nm2705154,tt9472074,actress,10
nm10584284,tt9474614,actor,4
nm5757621,tt9474614,actor,1
nm0080238,tt9479454,actor,2
nm8606666,tt9480692,actor,2
nm0820053,tt9484998,actress,10
nm11474495,tt9485592,actress,9
nm9169541,tt9485592,actress,8
nm10349387,tt9488378,actress,4
nm5601857,tt9489598,actress,4
nm10350898,tt9492214,actor,2
nm1717582,tt9493038,actress,6
nm8445335,tt9495044,actor,7
nm4106043,tt9496830,actress,8
nm9733546,tt9500358,actor,9
nm7604357,tt9500864,actor,9
nm0851458,tt9502538,actor,3
nm2056274,tt9502538,actor,4
nm13398468,tt9503722,actress,6
nm10362804,tt9503764,actor,2
nm2273418,tt9505212,actress,8
nm7760595,tt9506474,actress,2
nm3644596,tt9511204,actor,10
nm0351670,tt9514782,actress,2
nm0856194,tt9514782,actor,4
nm1053169,tt9514970,actress,8
nm2373151,tt9517374,actor,1
nm9466769,tt9520084,actor,7
nm1092369,tt9520714,actor,6
nm8662410,tt9520714,actress,4
nm8982579,tt9522946,actor,9
nm8616457,tt9525352,actress,1
nm10364588,tt9525682,actress,1
nm10364605,tt9525708,actress,1
nm4977260,tt9525708,actor,6
nm4072060,tt9525926,actor,9
nm16445503,tt9526884,actress,4
nm2152434,tt9528930,actress,5
nm3174284,tt9529556,actor,2
nm3397213,tt9529556,actor,1
nm9659205,tt9530954,actor,5
nm1592136,tt9531776,actress,3
nm1936048,tt9534714,actor,2
nm3294507,tt9535950,actor,6
nm10369422,tt9536804,actor,7
nm4787081,tt9537278,actor,6
nm10369742,tt9537316,actor,4
nm1183143,tt9540232,actor,11
nm0849983,tt9540792,actor,9
nm7504803,tt9543062,actress,6
nm5334135,tt9546082,actress,4
nm5266820,tt9552162,actress,6
nm0847624,tt9552258,actress,6
nm2946751,tt9552564,actor,9
nm5233402,tt9552564,actor,10
nm9260127,tt9552564,actor,8
nm3271373,tt9554692,actor,2
nm6844475,tt9555530,actress,9
nm3933278,tt9557034,actor,1
nm9654872,tt9557034,actress,7
nm2415043,tt9557854,actress,10
nm5157126,tt9558468,actor,8
nm16424078,tt9558604,actor,7
nm8198549,tt9561782,actor,5
nm3881952,tt9562694,actress,10
nm5095124,tt9562978,actress,1
nm10381410,tt9563348,actor,1
nm10381531,tt9564712,actress,4
nm3356281,tt9564748,actress,10
nm7529924,tt9564748,actor,6
nm11369331,tt9568074,actor,2
nm0145009,tt9569096,actress,4
nm3078257,tt9569104,actor,2
nm0645568,tt9569190,actor,1
nm0594391,tt9569512,actress,10
nm1352826,tt9569512,actor,6
nm16405070,tt9569732,actor,1
nm6648886,tt9571756,actor,8
nm0281212,tt9572534,actress,10
nm3082341,tt9572534,actor,4
nm10864667,tt9573468,actor,2
nm4463157,tt9574444,actress,8
nm10387662,tt9574846,actor,3
nm5509020,tt9576824,actor,1
nm10364081,tt9578984,actress,7
nm0217221,tt9580138,actress,11
nm2852446,tt9580442,actor,9
nm1027309,tt9581258,actor,4
nm5871653,tt9581844,actress,8
nm8460271,tt9584786,actress,1
nm7532664,tt9584972,actor,6
nm1557329,tt9585676,actress,8
nm10392374,tt9585798,actress,5
nm7331054,tt9590592,actor,6
nm10395996,tt9592892,actor,2
nm9780356,tt9595666,actress,8
nm10396624,tt9595738,actress,3
nm10397264,tt9596658,actor,8
nm4809043,tt9597838,actress,3
nm1715290,tt9597902,actress,7
nm4972453,tt9598214,actress,2
nm1670451,tt9598270,actress,6
nm12773671,tt9598594,actress,5
nm5487427,tt9600568,actor,1
nm12231897,tt9602804,actor,8
nm3931538,tt9603060,actor,3
nm0272581,tt9603212,actress,5
nm1124316,tt9603470,actor,10
nm2374383,tt9609716,actress,10
nm10508112,tt9609726,actor,10
nm3765292,tt9610250,actress,5
nm9614260,tt9612164,actress,8
nm9567837,tt9614414,actor,7
nm6911746,tt9614416,actor,3
nm5015284,tt9615016,actress,2
nm9593143,tt9615020,actor,9
nm10406717,tt9615028,actress,3
nm6510003,tt9615718,actress,8
nm8573905,tt9616786,actress,3
nm3974940,tt9618524,actress,7
nm0001595,tt9618604,actor,9
nm0619107,tt9619008,actor,6
nm10440018,tt9619792,actor,7
nm2830182,tt9620822,actor,7
nm8422299,tt9621104,actor,8
nm4936584,tt9621286,actor,5
nm10538097,tt9624438,actor,5
nm5531691,tt9624438,actress,9
nm0411770,tt9625010,actor,1
nm5959910,tt9625298,actor,8
nm10474986,tt9625986,actor,10
nm10411840,tt9626774,actor,1
nm10057575,tt9626928,actor,3
nm2028753,tt9627092,actor,4
nm3053855,tt9629114,actress,2
nm12427244,tt9629946,actor,6
nm3206691,tt9630428,actor,1
nm14308038,tt9630444,actor,8
nm8483176,tt9630832,actress,7
nm8570283,tt9630832,actress,2
nm0467557,tt9632014,actor,8
nm2637354,tt9632068,actress,8
nm4877066,tt9632180,actress,9
nm9448164,tt9632182,actor,7
nm10413970,tt9632590,actress,1
nm9659147,tt9634958,actress,1
nm0792911,tt9635540,actor,4
nm3807369,tt9635902,actress,4
nm3432521,tt9635956,actor,5
nm9775949,tt9636302,actor,10
nm0624346,tt9637640,actor,5
nm0793643,tt9637640,actor,9
nm1453887,tt9642010,actress,3
nm0918800,tt9642686,actress,1
nm1473166,tt9642950,actor,1
nm10419099,tt9643300,actress,7
nm10419100,tt9643300,actor,5
nm10419130,tt9643330,actor,6
nm10419132,tt9643330,actor,8
nm9016107,tt9643542,actress,7
nm10416109,tt9646136,actress,5
nm7483869,tt9646768,actor,7
nm5083144,tt9647178,actress,7
nm10428105,tt9648382,actress,8
nm8737285,tt9648942,actor,10
nm7349347,tt9652550,actor,5
nm5041464,tt9652730,actress,7
nm8850067,tt9652984,actor,4
nm9003913,tt9653108,actor,7
nm6931894,tt9654806,actor,5
nm8067930,tt9654830,actor,10
nm10140655,tt9657158,actress,2
nm6598018,tt9657904,actress,2
nm10425798,tt9657946,actor,6
nm10425803,tt9657946,actor,7
nm7788269,tt9657950,actor,6
nm11583045,tt9659926,actor,6
nm5776452,tt9659926,actress,2
nm0804530,tt9660170,actor,2
nm1007154,tt9660326,actor,4
nm0875366,tt9660472,actress,1
nm0354748,tt9660606,actor,4
nm7231291,tt9663098,actor,10
nm10183222,tt9664206,actor,7
nm10291057,tt9668564,actor,6
nm6312588,tt9668966,actor,9
nm1905956,tt9670282,actor,2
nm10440590,tt9670302,actor,9
nm11661109,tt9670302,actor,7
nm0698998,tt9670414,actor,4
nm0266645,tt9670458,actor,1
nm14919725,tt9673176,actor,7
nm0101005,tt9673224,actor,4
nm4243966,tt9673548,actress,3
nm10433007,tt9675092,actor,7
nm10433060,tt9675118,actress,9
nm0451086,tt9675366,actor,4
nm2621861,tt9675366,actor,8
nm7587855,tt9675716,actor,6
nm10443950,tt9676194,actor,10
nm1073927,tt9677100,actor,3
nm7999814,tt9678750,actress,10
nm0351422,tt9679044,actress,9
nm12052708,tt9681728,actor,9
nm0751518,tt9682428,actor,1
nm11537169,tt9682768,actor,1
nm10437049,tt9683250,actress,6
nm8125303,tt9683268,actor,7
nm10437231,tt9683772,actor,2
nm1167890,tt9685282,actor,1
nm9190295,tt9685652,actor,4
nm10438090,tt9685686,actor,1
nm5250141,tt9685782,actress,1
nm10438789,tt9686586,actor,1
nm0039596,tt9686610,actor,7
nm1432530,tt9686610,actor,10
nm2035937,tt9686610,actor,6
nm9480183,tt9686730,actor,2
nm0000182,tt9686790,actress,1
nm0005107,tt9686790,actor,3
nm2834209,tt9689922,actor,10
nm5134117,tt9689930,actress,5
nm5521949,tt9689930,actor,3
nm0143295,tt9690328,actor,5
nm0307253,tt9690790,actor,8
nm0612534,tt9691136,actor,5
nm4973896,tt9691136,actor,4
nm1125989,tt9691282,actor,2
nm7955935,tt9691282,actor,4
nm3808948,tt9691336,actor,10
nm0156567,tt9692040,actor,10
nm2437939,tt9692366,actress,10
nm10441641,tt9693022,actor,4
nm10441642,tt9693022,actress,7
nm0434553,tt9694012,actress,7
nm1658533,tt9694312,actor,10
nm8830552,tt9695308,actor,9
nm8971998,tt9697324,actress,6
nm16024610,tt9699620,actor,3
nm0396391,tt9699640,actor,1
nm1101898,tt9699640,actor,3
nm11629240,tt9700334,actress,8
nm9101986,tt9700984,actor,7
nm10368896,tt9701230,actor,6
nm1596315,tt9702850,actor,2
nm10445558,tt9703070,actress,5
nm6224597,tt9703070,actor,2
nm4576728,tt9703960,actress,9
nm0556623,tt9708416,actress,6
nm10425080,tt9712476,actress,5
nm10448555,tt9715438,actress,5
nm10448917,tt9716084,actress,7
nm8518525,tt9716724,actor,3
nm9499890,tt9717270,actor,8
nm10450005,tt9720440,actor,2
nm1269796,tt9720866,actor,1
nm0780116,tt9722418,actor,6
nm7517955,tt9723328,actress,5
nm10706678,tt9725058,actor,5
nm1451888,tt9726522,actor,1
nm10452948,tt9726796,actress,10
nm1856676,tt9728406,actor,9
nm9578670,tt9728816,actor,8
nm0589141,tt9729768,actor,7
nm8969293,tt9731534,actor,8
nm10769224,tt9733036,actor,12
nm6165808,tt9733388,actress,8
nm3387934,tt9733886,actor,5
nm0558981,tt9735186,actress,7
nm1874163,tt9735672,actress,2
nm2067953,tt9735790,actor,2
nm2420725,tt9735790,actor,5
nm8809554,tt9735790,actress,8
nm9086738,tt9736288,actor,8
nm10456946,tt9736774,actor,3
nm1603020,tt9736774,actor,5
nm3458100,tt9737258,actor,6
nm14214692,tt9737568,actress,8
nm11004106,tt9738302,actress,7
nm10458038,tt9739486,actor,2
nm9203435,tt9739486,actress,1
nm4731146,tt9740198,actor,9
nm9311326,tt9740198,actor,6
nm1836657,tt9740272,actor,3
nm6767239,tt9741588,actress,4
nm10459421,tt9742166,actor,7
nm8205920,tt9742334,actress,5
nm0672142,tt9742588,actor,9
nm4960653,tt9742628,actress,3
nm8510480,tt9742628,actor,1
nm6726547,tt9746718,actor,5
nm12042238,tt9748136,actress,10
nm10462463,tt9750864,actor,7
nm5423060,tt9750864,actor,8
nm7482432,tt9752076,actor,10
nm10462658,tt9752158,actor,9
nm5978201,tt9753764,actress,5
nm10464081,tt9754442,actor,9
nm2104314,tt9754992,actress,7
nm4270735,tt9754992,actor,10
nm3221421,tt9755252,actor,4
nm10464710,tt9755822,actor,4
nm3663864,tt9759978,actor,1
nm1465831,tt9760934,actress,9
nm0224214,tt9761088,actor,5
nm1722598,tt9762398,actor,4
nm0497362,tt9764654,actor,7
nm1045934,tt9764654,actor,3
nm10468302,tt9764832,actor,1
nm8363024,tt9764832,actor,4
nm7014900,tt9765900,actor,3
nm9257919,tt9766160,actor,4
nm12328267,tt9766294,actor,3
nm10471979,tt9771012,actor,9
nm9851358,tt9771012,actor,7
nm10471696,tt9772300,actor,4
nm9914908,tt9773182,actor,3
nm0317809,tt9775932,actress,3
nm10472977,tt9775932,actor,8
nm11306374,tt9777394,actress,2
nm10474793,tt9777462,actress,10
nm2365811,tt9777666,actress,4
nm10475049,tt9778622,actress,7
nm3935625,tt9779804,actor,9
nm13330799,tt9780140,actor,10
nm5968967,tt9783204,actor,4
nm3442411,tt9783722,actress,10
nm12077526,tt9783730,actor,5
nm3055344,tt9783778,actor,9
nm10476968,tt9784048,actor,5
nm7626470,tt9784404,actor,4
nm8686355,tt9784404,actress,2
nm8687620,tt9784404,actor,6
nm10477374,tt9784816,actor,4
nm6946659,tt9787228,actor,5
nm10478323,tt9787468,actor,4
nm10478324,tt9787468,actress,8
nm10478325,tt9787468,actor,9
nm9019671,tt9789182,actor,8
nm6963181,tt9789232,actress,9
nm9410839,tt9789232,actress,10
nm2378577,tt9791552,actress,6
nm10486121,tt9792940,actor,1
nm3318140,tt9793334,actress,11
nm1662092,tt9797630,actor,10
nm2596845,tt9797630,actor,6
nm0911277,tt9800604,actor,1
nm0536095,tt9800670,actor,3
nm5755903,tt9801368,actress,8
nm10523596,tt9802634,actress,9
nm8991888,tt9802634,actor,3
nm5842180,tt9804272,actress,6
nm5030795,tt9804296,actor,2
nm3591564,tt9805498,actress,4
nm5825055,tt9805498,actor,3
nm3464518,tt9805504,actor,2
nm0997681,tt9805784,actor,2
nm2702017,tt9805984,actress,2
nm6703405,tt9806304,actor,5
nm6811680,tt9806304,actor,6
nm7430253,tt9808838,actor,8
nm5005928,tt9808874,actor,6
nm6463765,tt9809140,actress,5
nm1270429,tt9810420,actor,6
nm9084786,tt9811300,actress,9
nm0252775,tt9811374,actress,3
nm3041664,tt9811374,actor,7
nm16393677,tt9812474,actor,7
nm4206647,tt9814730,actor,4
nm1824944,tt9814918,actor,3
nm10494474,tt9815010,actress,9
nm3071239,tt9815156,actor,4
nm1788916,tt9815160,actor,9
nm0001995,tt9815554,actor,5
nm4289510,tt9815616,actor,6
nm9287217,tt9815616,actress,9
nm0602813,tt9815998,actor,9
nm0671561,tt9815998,actress,10
nm10760751,tt9816258,actor,7
nm0850858,tt9816636,actor,8
nm8871557,tt9816636,actor,2
nm13552091,tt9817018,actor,4
nm12875327,tt9817674,actress,2
nm10028798,tt9818102,actress,8
nm3879121,tt9820556,actress,4
nm1799930,tt9821108,actress,5
nm9956418,tt9822864,actor,3
nm1189897,tt9823546,actress,6
nm6793660,tt9823562,actress,6
nm9408069,tt9823634,actress,5
nm0955448,tt9823772,actress,2
nm10497789,tt9826668,actor,4
nm3231341,tt9827352,actress,5
nm0306351,tt9828802,actress,7
nm9547466,tt9828908,actor,4
nm0351338,tt9832396,actor,7
nm0353697,tt9832396,actress,8
nm0879945,tt9832954,actor,1
nm10500175,tt9832954,actress,6
nm7124708,tt9833044,actor,3
nm2817369,tt9833412,actor,9
nm5666452,tt9834112,actress,8
nm1364645,tt9834564,actor,10
nm1702742,tt9838372,actor,5
nm16129922,tt9838780,actor,5
nm2794951,tt9838916,actress,6
nm10849972,tt9838980,actress,8
nm0008090,tt9840382,actor,3
nm5756788,tt9844086,actor,4
nm0005450,tt9848626,actor,7
nm12560133,tt9848804,actress,10
nm12560160,tt9848804,actor,7
nm4624730,tt9849004,actress,10
nm2731755,tt9849160,actor,5
nm0896631,tt9850344,actor,10
nm1148206,tt9850344,actress,7
nm2412219,tt9850740,actor,7
nm4302851,tt9850740,actor,9
nm8894370,tt9851426,actor,7
nm8179407,tt9851854,actress,7
nm0620172,tt9852492,actor,7
nm0644512,tt9852492,actor,9
nm0950825,tt9854002,actress,1
nm1524882,tt9855214,actor,10
nm8084987,tt9856080,actress,6
nm10512522,tt9856680,actress,14
nm11910232,tt9856710,actor,6
nm0457575,tt9860350,actor,10
nm0227759,tt9860566,actor,2
nm0158320,tt9860728,actress,5
nm0833333,tt9860728,actor,6
nm12789774,tt9860858,actress,7
nm8084770,tt9860858,actor,8
nm0023697,tt9861254,actor,3
nm7006860,tt9861480,actress,1
nm10516625,tt9866394,actress,2
nm10520199,tt9866700,actor,5
nm6956770,tt9866700,actress,2
nm2489222,tt9866916,actor,2
nm2028004,tt9869668,actor,7
nm4159861,tt9870726,actress,7
nm4257332,tt9871454,actress,3
nm8516743,tt9872556,actor,10
nm10528992,tt9875452,actress,1
nm0015651,tt9876150,actor,3
nm10520911,tt9876748,actor,8
nm2241427,tt9878242,actor,3
nm0033843,tt9879482,actor,6
nm3571717,tt9880212,actress,1
nm2290763,tt9881312,actor,7
nm4193969,tt9881312,actress,4
nm11614280,tt9881678,actress,1
nm0879945,tt9881852,actor,1
nm5673467,tt9883860,actor,9
nm0425490,tt9883996,actor,6
nm8624891,tt9884202,actor,9
nm0945189,tt9887130,actor,4
nm0522324,tt9887580,actor,1
nm1253367,tt9889218,actress,2
nm2794335,tt9889918,actor,5
nm2623337,tt9893158,actress,7
nm6522322,tt9893824,actress,4
nm1257934,tt9894440,actress,9
nm0006669,tt9894470,actor,2
nm0297869,tt9894486,actor,4
nm10618711,tt9897520,actress,5
nm10067359,tt9898858,actor,3
nm0005378,tt9899828,actress,1
nm2932485,tt9899840,actor,9
nm11581621,tt9899850,actress,8
nm1328076,tt9900060,actress,3
nm3954060,tt9900354,actress,2
nm1401969,tt9900390,actor,4
nm16481338,tt9900398,actor,9
nm5360556,tt9900398,actor,10
nm4690048,tt9900688,actor,6
nm6688102,tt9900688,actor,2
nm9534286,tt9900688,actor,7
nm10183124,tt9900782,actor,3
nm7130871,tt9900782,actor,9
nm0735323,tt9900940,actor,9
nm4975560,tt9903802,actor,2
nm10532833,tt9903890,actress,6
nm3055239,tt9904004,actress,6
nm8604640,tt9905224,actor,8
nm10533946,tt9905536,actor,10
nm1542818,tt9908390,actor,10
nm10319156,tt9908636,actress,2
nm1505002,tt9908960,actor,4
nm5079209,tt9911046,actor,5
nm10877187,tt9911196,actress,6
nm2246717,tt9914522,actress,3
nm10537558,tt9914828,actress,9
nm0302466,tt9916190,actor,1
nm10678596,tt9916362,actress,6
nm3286302,tt9916428,actor,7
nm10263714,tt9290986,actor,4
nm0613147,tt9292510,actor,4
nm1822183,tt9292510,actor,2
nm1889308,tt9293926,actor,7
nm1451209,tt9296106,actor,7
nm0944638,tt9296734,actress,10
nm8712098,tt9296808,actress,3
nm10267226,tt9297172,actor,7
nm5908646,tt9297172,actor,3
nm5913350,tt9297172,actress,9
nm1566592,tt9299590,actress,6
nm0714695,tt9301428,actor,5
nm0138371,tt9302994,actress,10
nm2112939,tt9302994,actor,9
nm2132667,tt9304360,actor,6
nm7744472,tt9305634,actor,2
nm1245077,tt9307666,actress,2
nm3856316,tt9308382,actress,5
nm10270564,tt9309046,actor,3
nm1546364,tt9309546,actor,9
nm8474939,tt9309774,actress,6
nm1514052,tt9309950,actor,3
nm10273094,tt9309968,actor,9
nm1728630,tt9311360,actress,8
nm2564634,tt9311532,actress,4
nm5509636,tt9313474,actor,8
nm6485638,tt9313558,actress,1
nm10798105,tt9313780,actress,3
nm9365054,tt9314862,actress,10
nm7630841,tt9315112,actress,2
nm10273746,tt9315574,actor,5
nm1097739,tt9315672,actor,3
nm0293842,tt9315904,actor,10
nm8341089,tt9317286,actress,7
nm3013899,tt9318768,actor,4
nm2818543,tt9319812,actor,7
nm0417568,tt9319878,actor,7
nm13764565,tt9319878,actor,2
nm14106372,tt9319878,actor,6
nm5490494,tt9320140,actress,9
nm11097121,tt9321408,actress,7
nm1772606,tt9323034,actor,9
nm11417979,tt9326498,actor,9
nm10835380,tt9326646,actor,11
nm5352114,tt9330502,actor,10
nm9241909,tt9331072,actress,5
nm0041103,tt9331322,actor,8
nm3286633,tt9332734,actor,7
nm0869035,tt9334814,actor,2
nm1454881,tt9335620,actor,10
nm0881736,tt9336816,actress,4
nm10279362,tt9337566,actor,3
nm5181236,tt9337566,actor,2
nm8274224,tt9340512,actress,3
nm2576691,tt9341628,actor,7
nm6827674,tt9342390,actress,7
nm2381150,tt9342618,actor,3
nm10179382,tt9343754,actor,5
nm5561908,tt9343826,actor,7
nm7168339,tt9344454,actor,2
nm0859740,tt9345778,actress,6
nm4254715,tt9346636,actress,1
nm0713614,tt9346816,actor,4
nm8620401,tt9346816,actress,5
nm5630118,tt9347518,actress,5
nm0452925,tt9347654,actor,8
nm6639989,tt9347732,actor,1
nm6601752,tt9348296,actor,6
nm10337381,tt9348546,actor,10
nm10076818,tt9348578,actor,7
nm10288340,tt9349020,actor,7
nm0688705,tt9349050,actress,4
nm10561899,tt9349898,actor,4
nm10288735,tt9350746,actor,9
nm0890874,tt9351112,actor,5
nm11085704,tt9351856,actress,4
nm0939038,tt9352262,actor,10
nm8424738,tt9354432,actress,2
nm0755504,tt9354438,actress,1
nm10292587,tt9356304,actor,4
nm0348507,tt9356708,actress,6
nm0543350,tt9358040,actress,9
nm6522378,tt9358088,actor,6
nm9716498,tt9358088,actress,2
nm10317469,tt9358106,actress,7
nm5720977,tt9358106,actor,8
nm1482259,tt9358120,actor,5
nm0341421,tt9358160,actress,6
nm10292389,tt9358398,actor,11
nm2405454,tt9358480,actress,7
nm7591676,tt9359348,actress,7
nm13414103,tt9359560,actor,3
nm7063893,tt9359774,actor,9
nm10293520,tt9359942,actor,5
nm2363115,tt9360688,actor,6
nm4370641,tt9361292,actor,2
nm5168083,tt9361292,actor,8
nm3347140,tt9361322,actor,2
nm6054979,tt9361322,actor,8
nm9756237,tt9361810,actor,10
nm3428866,tt9362492,actor,4
nm8823344,tt9363342,actor,10
nm10165007,tt9364382,actor,5
nm0051765,tt9365604,actor,1
nm0708698,tt9365634,actor,9
nm2387197,tt9365768,actor,10
nm8359383,tt9365800,actor,9
nm0024188,tt9366994,actor,2
nm4976391,tt9367348,actress,6
nm16027802,tt9367402,actor,10
nm8465532,tt9367926,actor,5
nm1504747,tt9368006,actor,4
nm1316170,tt9368628,actor,2
nm6807230,tt9368628,actor,9
nm2385880,tt9370218,actress,6
nm2395335,tt9371706,actor,2
nm5462219,tt9372374,actor,6
nm0289105,tt9372388,actor,2
nm8038662,tt9374682,actor,9
nm8108730,tt9376612,actor,10
nm10302537,tt9377066,actor,10
nm5788570,tt9378826,actress,2
nm3557375,tt9379072,actor,1
nm10814009,tt9382358,actress,1
nm9275395,tt9383572,actor,6
nm1735120,tt9383680,actress,9
nm10035528,tt9383758,actor,6
nm10303956,tt9383772,actor,10
nm8932774,tt9384126,actor,1
nm10050841,tt9384516,actor,5
nm1148769,tt9385130,actor,2
nm0619931,tt9385870,actor,8
nm1181610,tt9387352,actor,2
nm4146641,tt9389132,actor,4
nm10305908,tt9389444,actress,3
nm0729384,tt9389562,actor,2
nm10061239,tt9389622,actress,8
nm1198628,tt9389998,actor,5
nm0796107,tt9390026,actor,6
nm10620615,tt9390026,actor,8
nm10306454,tt9390194,actor,10
nm0451272,tt9390218,actor,5
nm0620636,tt9390218,actor,9
nm0768297,tt9390222,actor,7
nm2747851,tt9390254,actor,6
nm1511554,tt9391166,actor,4
nm1800845,tt9391920,actress,9
nm4068733,tt9392324,actress,2
nm0592285,tt9392618,actor,8
nm2961216,tt9392618,actress,3
nm1566328,tt9395384,actor,3
nm9624381,tt9395528,actor,9
nm10308180,tt9395714,actor,9
nm0594276,tt9396984,actress,5
nm1186488,tt9396984,actor,8
nm8344785,tt9398530,actress,4
nm2686604,tt9399192,actress,4
nm7109993,tt9402676,actor,4
nm8696625,tt9403928,actor,4
nm5374530,tt9404442,actress,1
nm1253795,tt9408114,actor,1
nm5287560,tt9408462,actress,2
nm5478867,tt9409448,actor,8
nm8348575,tt9409854,actor,7
nm5532140,tt9410034,actor,4
nm9065556,tt9411912,actor,8
nm5016962,tt9411972,actor,7
nm8169455,tt9412202,actress,10
nm8509765,tt9412202,actor,7
nm8630036,tt9412202,actor,6
nm0094746,tt9412514,actor,8
nm7744932,tt9413792,actor,2
nm8400782,tt9413792,actress,7
nm5920943,tt9418878,actress,1
nm0447527,tt9419794,actor,1
nm1260157,tt9420648,actress,7
nm10120018,tt9426186,actress,5
nm10030720,tt9426210,actress,2
nm1453507,tt9426944,actor,1
nm10321924,tt9427636,actor,3
nm10321925,tt9427636,actor,11
nm1001108,tt9429914,actress,3
nm9198045,tt9429914,actress,6
nm5138874,tt9431096,actor,7
nm2912444,tt9431520,actor,7
nm10324547,tt9432338,actor,10
nm2362746,tt9433064,actress,6
nm1370479,tt9436204,actress,6
nm10326804,tt9436682,actor,9
nm10350256,tt9437052,actor,8
nm1367313,tt9440450,actor,5
nm0689829,tt9440520,actor,1
nm5596939,tt9440738,actor,6
nm1416903,tt9442920,actor,5
nm1669820,tt9443316,actor,6
nm5516500,tt9445114,actress,3
nm1467875,tt9445256,actor,2
nm5794167,tt9447444,actress,1
nm7733137,tt9448362,actor,6
nm0430817,tt9448946,actor,10
nm7574457,tt9452900,actor,10
nm5465033,tt9454554,actor,4
nm10186390,tt9454646,actor,11
nm5512743,tt9454646,actor,8
nm10333631,tt9454756,actor,7
nm10333908,tt9455030,actor,2
nm2369414,tt9455436,actor,8
nm6705983,tt9460430,actress,11
nm9831542,tt9460580,actress,2
nm0012881,tt9460610,actor,1
nm1822342,tt9460610,actor,9
nm6009489,tt9460808,actress,3
nm0000410,tt9462944,actor,2
nm7497829,tt9465624,actor,8
nm10339099,tt9465812,actress,2
nm0004266,tt9466114,actress,1
nm7110263,tt9466320,actress,5
nm7785804,tt9468644,actress,4
nm3989931,tt9471424,actor,7
nm6527042,tt9471502,actress,6
nm0154236,tt9471678,actor,11
nm1268478,tt9471678,actor,1
nm10195375,tt9471784,actress,1
nm13030700,tt9471828,actor,9
nm1206317,tt9472208,actor,8
nm3035025,tt9472208,actor,7
nm1961009,tt9472532,actor,7
nm5320953,tt9473050,actress,1
nm10344698,tt9475430,actor,10
nm5334542,tt9476068,actress,10
nm16365811,tt9477132,actor,9
nm5078537,tt9477520,actor,5
nm6432419,tt9477520,actor,7
nm10344897,tt9479454,actress,10
nm0814465,tt9479644,actress,8
nm8818283,tt9480330,actress,10
nm0303599,tt9480692,actress,8
nm10345838,tt9481776,actress,9
nm7713812,tt9482230,actress,2
nm8668984,tt9485064,actor,8
nm10347973,tt9486076,actor,10
nm9979946,tt9486184,actress,3
nm10349458,tt9486594,actor,9
nm10195351,tt9487526,actress,10
nm10350141,tt9490508,actress,3
nm0769453,tt9490972,actor,3
nm10350933,tt9493034,actor,6
nm8830351,tt9495044,actress,8
nm4992002,tt9495690,actor,5
nm5753377,tt9496232,actress,7
nm1276384,tt9496830,actor,4
nm0945377,tt9497146,actor,10
nm0741378,tt9500346,actress,9
nm1699178,tt9500372,actor,4
nm10362808,tt9503764,actor,7
nm10577931,tt9504952,actor,7
nm10753254,tt9504976,actor,5
nm0344223,tt9505874,actor,4
nm0591540,tt9506678,actor,7
nm10357866,tt9511022,actor,1
nm9279339,tt9511022,actress,3
nm3054665,tt9511468,actress,10
nm9440492,tt9511550,actress,9
nm0856194,tt9513644,actor,6
nm9132749,tt9514116,actor,1
nm0959885,tt9514782,actor,7
nm6819140,tt9514882,actress,9
nm1807925,tt9514970,actor,9
nm7347396,tt9515732,actress,10
nm0037490,tt9516956,actress,9
nm10362195,tt9519872,actor,7
nm10362198,tt9519872,actor,5
nm3859740,tt9521582,actress,2
nm1656100,tt9522074,actress,7
nm10363134,tt9524764,actor,10
nm7390671,tt9525708,actress,2
nm8531626,tt9525708,actor,10
nm2018376,tt9526154,actress,2
nm10363145,tt9526262,actress,1
nm0208439,tt9526392,actor,6
nm0785842,tt9526392,actor,1
nm1179321,tt9526392,actress,4
nm2355526,tt9526760,actor,3
nm7755666,tt9526822,actress,10
nm16445505,tt9526884,actress,5
nm1715118,tt9527682,actress,1
nm3043258,tt9527778,actor,2
nm3640220,tt9527778,actor,8
nm5600881,tt9527778,actor,3
nm7056693,tt9529302,actor,1
nm10366093,tt9529656,actress,3
nm1896336,tt9534714,actor,5
nm7059007,tt9534784,actress,8
nm7995979,tt9535950,actor,7
nm9371379,tt9536804,actor,5
nm10619054,tt9536816,actor,3
nm2590596,tt9537316,actress,2
nm7800337,tt9537342,actor,8
nm10842732,tt9545516,actor,1
nm14043187,tt9546054,actor,7
nm3569306,tt9546054,actress,1
nm7657383,tt9546054,actor,2
nm1959001,tt9548134,actress,1
nm0038336,tt9548438,actor,2
nm0920460,tt9551424,actor,4
nm1474022,tt9551682,actress,7
nm1316789,tt9552208,actor,5
nm4810845,tt9552208,actress,8
nm10377641,tt9554958,actress,3
nm8180542,tt9557068,actress,3
nm9711685,tt9557068,actress,1
nm0492932,tt9557416,actor,3
nm4112050,tt9557820,actress,6
nm0863787,tt9558602,actress,3
nm1316701,tt9558602,actor,1
nm10379924,tt9560092,actor,4
nm10641638,tt9560092,actor,7
nm2223012,tt9562564,actress,10
nm10031373,tt9563330,actress,4
nm10381412,tt9563348,actress,2
nm10381415,tt9563348,actor,7
nm8030246,tt9564748,actress,5
nm3559559,tt9564774,actor,9
nm5959433,tt9565748,actor,2
nm10396377,tt9567902,actress,4
nm10396381,tt9567902,actress,6
nm16699450,tt9568640,actor,9
nm4804147,tt9568640,actress,10
nm10383833,tt9568718,actor,10
nm0605750,tt9569512,actor,4
nm11127058,tt9571756,actor,6
nm4364610,tt9572534,actress,1
nm5862925,tt9572626,actress,4
nm10386209,tt9573058,actress,6
nm0927740,tt9573180,actress,10
nm0609396,tt9573220,actress,4
nm1393947,tt9573468,actor,4
nm5063660,tt9573668,actor,6
nm7577090,tt9574912,actress,5
nm1085921,tt9574922,actress,2
nm3070482,tt9574922,actor,5
nm0645422,tt9576824,actress,4
nm3791134,tt9577694,actor,2
nm8234064,tt9577694,actor,1
nm1049613,tt9579106,actress,11
nm1295381,tt9579634,actress,4
nm9677496,tt9579786,actor,10
nm11004620,tt9581704,actor,9
nm3159919,tt9581978,actor,4
nm9321611,tt9581978,actor,3
nm8446720,tt9583840,actress,3
nm0257951,tt9583876,actor,2
nm4948812,tt9583950,actress,10
nm6620183,tt9584786,actor,9
nm9322895,tt9585116,actress,7
nm2204070,tt9585724,actress,5
nm2779059,tt9586922,actor,7
nm10393792,tt9588404,actor,4
nm10395062,tt9591698,actor,4
nm10395514,tt9592292,actor,8
nm14776725,tt9596092,actor,8
nm9277423,tt9596658,actress,3
nm0490513,tt9597838,actor,2
nm0695497,tt9597922,actress,1
nm1046347,tt9598270,actress,10
nm9639586,tt9598594,actor,6
nm5105990,tt9600274,actor,1
nm2201555,tt9601220,actress,1
nm5760167,tt9601220,actor,7
nm0005216,tt9603208,actress,9
nm1945550,tt9603432,actor,8
nm1251243,tt9605894,actress,8
nm12973204,tt9610262,actor,10
nm10404559,tt9610838,actress,9
nm7491908,tt9612164,actor,7
nm10582239,tt9612368,actor,10
nm0001575,tt9612982,actress,5
nm5801305,tt9612982,actor,10
nm0045393,tt9614452,actor,1
nm1671291,tt9614460,actress,4
nm4270327,tt9616290,actor,1
nm4272350,tt9616290,actor,10
nm10491031,tt9616700,actor,4
nm0014629,tt9617280,actress,9
nm0437701,tt9618478,actress,10
nm0014954,tt9619008,actress,7
nm0452748,tt9619824,actress,3
nm5215062,tt9619984,actress,10
nm1397645,tt9620822,actor,5
nm8759007,tt9625298,actress,4
nm3252257,tt9625672,actor,5
nm8861068,tt9626392,actor,9
nm6492899,tt9626774,actor,5
nm1432283,tt9628630,actor,11
nm0408142,tt9629114,actor,9
nm5465033,tt9629494,actor,3
nm12538954,tt9629946,actress,5
nm11663347,tt9631700,actress,1
nm11663349,tt9631700,actress,9
nm11663351,tt9631700,actor,2
nm4519769,tt9632182,actor,1
nm6756914,tt9632590,actress,2
nm0628827,tt9635902,actor,5
nm9438171,tt9639470,actress,10
nm6331132,tt9642010,actor,9
nm0265764,tt9643300,actor,10
nm1107060,tt9646364,actor,9
nm1645275,tt9647768,actor,6
nm0297686,tt9647798,actor,2
nm0140755,tt9647880,actor,6
nm10312461,tt9647880,actor,8
nm5107399,tt9648668,actress,2
nm4728858,tt9648942,actor,9
nm2531162,tt9648952,actor,7
nm3556463,tt9649548,actor,9
nm0202135,tt9649974,actor,8
nm0594640,tt9649974,actor,6
nm0870199,tt9652730,actor,8
nm0107285,tt9652888,actor,6
nm9590640,tt9652984,actor,6
nm6388262,tt9653108,actress,4
nm0005013,tt9654240,actress,3
nm1272418,tt9654240,actress,8
nm10423835,tt9654830,actor,6
nm0299437,tt9657904,actor,4
nm9717839,tt9657910,actress,3
nm6442219,tt9657950,actor,1
nm7416896,tt9660006,actress,2
nm2882408,tt9660606,actress,1
nm1650019,tt9663146,actress,1
nm10428305,tt9663642,actor,10
nm4446467,tt9664108,actor,2
nm9165599,tt9664108,actress,6
nm6635672,tt9664206,actor,10
nm5654277,tt9664732,actor,6
nm1874598,tt9664948,actor,5
nm1399243,tt9665402,actor,5
nm0001929,tt9665786,actress,1
nm10429918,tt9668358,actress,9
nm7654200,tt9668358,actor,6
nm8699662,tt9668564,actress,5
nm9660620,tt9668564,actor,7
nm13445593,tt9668748,actor,5
nm1758570,tt9668966,actor,3
nm0162481,tt9669176,actress,6
nm1221055,tt9670278,actor,5
nm0151526,tt9670540,actor,1
nm8744533,tt9670890,actress,7
nm11625258,tt9671188,actor,2
nm0508708,tt9672244,actress,4
nm1684740,tt9672824,actress,8
nm0001595,tt9673224,actor,10
nm0039226,tt9673224,actor,2
nm0455502,tt9673224,actress,8
nm10542700,tt9674226,actor,8
nm10433061,tt9675118,actor,3
nm3754050,tt9675274,actor,9
nm0125553,tt9675786,actress,6
nm1603688,tt9675786,actress,9
nm0712051,tt9676102,actor,7
nm1587714,tt9676102,actor,10
nm10148592,tt9676274,actress,9
nm1321104,tt9676274,actress,3
nm2352896,tt9677416,actress,4
nm11004909,tt9678892,actor,2
nm10435353,tt9679368,actor,7
nm6752942,tt9679528,actress,12
nm2997229,tt9679538,actor,2
nm7732675,tt9680562,actor,1
nm10437050,tt9683250,actress,8
nm10437238,tt9683772,actor,11
nm3810745,tt9684806,actress,7
nm5042060,tt9685342,actor,1
nm2560686,tt9685782,actor,3
nm11013222,tt9686154,actress,6
nm2030779,tt9686708,actor,5
nm4208163,tt9687560,actor,3
nm8958156,tt9687584,actor,11
nm0001173,tt9689696,actor,1
nm0691937,tt9690184,actor,1
nm1147702,tt9690832,actress,4
nm17163526,tt9697324,actor,4
nm5173885,tt9697340,actor,5
nm0463774,tt9697476,actor,9
nm12008514,tt9697780,actor,9
nm8543451,tt9697780,actress,1
nm5062337,tt9698552,actor,1
nm0837475,tt9698796,actor,8
nm10444074,tt9699784,actress,10
nm7942101,tt9701230,actor,7
nm13041068,tt9702850,actor,5
nm3064155,tt9703362,actor,10
nm10630490,tt9708284,actress,12
nm2932370,tt9712136,actor,7
nm10447831,tt9712476,actor,12
nm5667822,tt9715318,actress,10
nm1032596,tt9716054,actress,8
nm7355324,tt9716724,actor,2
nm0224882,tt9717004,actor,1
nm1279305,tt9718474,actor,7
nm10450002,tt9720440,actress,7
nm6661484,tt9720696,actor,6
nm10450363,tt9720866,actress,7
nm8358495,tt9720866,actor,14
nm10451089,tt9722952,actress,3
nm5291129,tt9722952,actress,9
nm10615589,tt9725058,actor,4
nm2838294,tt9726146,actress,7
nm10450232,tt9726794,actress,3
nm10455698,tt9728816,actor,5
nm8982949,tt9729060,actor,1
nm0193135,tt9729768,actor,3
nm1255751,tt9731386,actor,2
nm4087606,tt9731386,actress,5
nm0087018,tt9731436,actor,2
nm3816502,tt9731556,actress,6
nm7934016,tt9731556,actor,9
nm6843400,tt9731598,actress,8
nm1596798,tt9733060,actor,6
nm3523995,tt9733158,actress,5
nm2445177,tt9733362,actor,10
nm0436345,tt9733388,actress,4
nm1001625,tt9735186,actor,10
nm0221677,tt9735462,actress,6
nm7105818,tt9735470,actress,8
nm9479059,tt9735830,actor,9
nm0001194,tt9735976,actor,1
nm4364003,tt9738392,actor,9
nm4364980,tt9740414,actress,2
nm9436200,tt9741180,actor,7
nm5964365,tt9741588,actor,1
nm9187009,tt9742122,actress,10
nm0993695,tt9742208,actress,4
nm8398797,tt9742208,actor,7
nm3223429,tt9742334,actress,4
nm10954784,tt9742362,actress,9
nm4110963,tt9742392,actor,3
nm5685205,tt9742392,actor,2
nm8349412,tt9747230,actor,5
nm2629217,tt9747622,actor,7
nm1655031,tt9750028,actor,3
nm7917379,tt9753002,actress,2
nm2837594,tt9753314,actor,2
nm1128418,tt9753990,actor,1
nm5650535,tt9755252,actress,10
nm15353537,tt9755608,actor,9
nm10464709,tt9755822,actor,2
nm10464711,tt9755822,actress,7
nm1482259,tt9763792,actor,2
nm0396558,tt9764362,actor,3
nm3641180,tt9764654,actor,8
nm10468303,tt9764832,actor,2
nm10045469,tt9764958,actress,10
nm13323597,tt9765352,actress,10
nm6761294,tt9765604,actress,8
nm1523195,tt9765900,actress,6
nm0786033,tt9766280,actor,4
nm6269780,tt9766310,actor,1
nm4680774,tt9766528,actress,9
nm11894475,tt9770150,actress,10
nm4255507,tt9772374,actor,5
nm0023914,tt9774640,actor,2
nm8896354,tt9775996,actress,6
nm3797663,tt9777796,actor,10
nm10475220,tt9779658,actor,3
nm2269674,tt9779804,actor,1
nm17047782,tt9783204,actor,7
nm8423524,tt9783204,actor,1
nm10476624,tt9783626,actor,10
nm2852446,tt9783658,actor,7
nm8767235,tt9783698,actor,6
nm9670502,tt9783778,actor,6
nm0411804,tt9783868,actor,6
nm8004222,tt9784048,actress,7
nm9734377,tt9784518,actor,1
nm10477373,tt9784816,actor,3
nm0837430,tt9789390,actor,1
nm10890816,tt9789440,actor,5
nm2764483,tt9789686,actress,4
nm1250925,tt9794942,actor,6
nm10690686,tt9795174,actor,10
nm10482435,tt9795368,actress,9
nm10500784,tt9795856,actor,9
nm0778197,tt9796718,actress,5
nm0146993,tt9797920,actor,4
nm4991603,tt9798310,actor,10
nm9640227,tt9798638,actress,8
nm11633842,tt9799640,actor,7
nm10743345,tt9799984,actor,9
nm10805800,tt9799984,actor,1
nm4389614,tt9799992,actor,7
nm10524723,tt9800048,actor,4
nm10484783,tt9800124,actress,8
nm10485040,tt9800604,actor,10
nm3452209,tt9803724,actor,1
nm5680617,tt9804110,actor,4
nm3174082,tt9804514,actor,4
nm0348018,tt9805498,actor,1
nm0348856,tt9805504,actor,6
nm8838121,tt9805504,actress,8
nm1833810,tt9806258,actress,8
nm3059813,tt9806258,actor,7
nm10508471,tt9807914,actor,2
nm1428724,tt9808510,actor,4
nm1522315,tt9808510,actor,5
nm11028215,tt9808838,actor,9
nm4746089,tt9808838,actress,2
nm3801587,tt9808874,actor,8
nm0463827,tt9811300,actress,1
nm0464710,tt9811300,actor,6
nm10491239,tt9812236,actor,4
nm1155349,tt9812474,actor,3
nm0158414,tt9812530,actor,1
nm10491840,tt9814730,actor,9
nm10491845,tt9814730,actor,6
nm0328954,tt9815014,actor,3
nm3736492,tt9815124,actor,5
nm9806264,tt9815156,actor,2
nm10492255,tt9815280,actress,3
nm0001156,tt9815554,actress,6
nm10492513,tt9815616,actress,2
nm10492516,tt9815616,actress,1
nm3357942,tt9815998,actor,7
nm10732080,tt9816258,actor,6
nm10760755,tt9816258,actor,9
nm6138923,tt9816396,actor,1
nm10493412,tt9817040,actor,7
nm7075397,tt9817674,actor,3
nm3891533,tt9817680,actor,5
nm11322753,tt9818000,actor,9
nm11322754,tt9818000,actor,3
nm8760105,tt9818102,actress,6
nm0574159,tt9819258,actor,4
nm11391843,tt9819258,actor,10
nm2554724,tt9820550,actress,2
nm0000246,tt9820556,actor,2
nm0875465,tt9821108,actor,1
nm1715009,tt9821108,actor,10
nm2515388,tt9823546,actress,7
nm10496842,tt9824016,actor,9
nm10497418,tt9826126,actress,4
nm10075638,tt9826820,actor,10
nm1960447,tt9827784,actor,8
nm11248904,tt9827998,actor,7
nm10498861,tt9828814,actor,2
nm10717482,tt9831814,actor,6
nm0157133,tt9832396,actor,4
nm0319980,tt9832396,actor,6
nm0784292,tt9834062,actress,2
nm9605278,tt9834446,actor,6
nm0649746,tt9834492,actress,4
nm0757025,tt9834564,actor,8
nm8716993,tt9834736,actor,8
nm6322635,tt9837320,actor,2
nm2119196,tt9837502,actor,6
nm2208813,tt9838656,actor,8
nm0622406,tt9838752,actress,3
nm10503010,tt9838752,actor,10
nm1172173,tt9839040,actor,8
nm8385038,tt9839636,actor,2
nm7553112,tt9840806,actor,8
nm1414471,tt9840936,actress,3
nm7494061,tt9842404,actress,2
nm6674968,tt9843470,actor,3
nm0621454,tt9844256,actor,8
nm0518310,tt9844322,actor,8
nm2832695,tt9844522,actress,3
nm2430021,tt9845036,actress,6
nm0156660,tt9845110,actress,2
nm10542778,tt9848804,actor,4
nm4528768,tt9848972,actor,1
nm4672619,tt9848972,actor,8
nm1538053,tt9850116,actor,5
nm1181243,tt9852492,actress,1
nm0004801,tt9853500,actor,3
nm2360398,tt9853500,actor,9
nm2701752,tt9855090,actress,3
nm7308525,tt9855090,actor,10
nm8844156,tt9855210,actor,9
nm0108637,tt9855990,actor,3
nm0659078,tt9856080,actress,5
nm1075809,tt9856080,actress,10
nm1375309,tt9856574,actor,9
nm5193389,tt9856574,actor,3
nm9600356,tt9856574,actress,2
nm0324980,tt9857850,actor,10
nm10518018,tt9859528,actor,5
nm13281810,tt9859574,actor,7
nm2966556,tt9860694,actor,5
nm12789775,tt9860858,actress,6
nm0374815,tt9861316,actor,6
nm7819450,tt9861522,actress,4
nm0534497,tt9865452,actor,6
nm0155693,tt9866072,actress,3
nm0385288,tt9866202,actor,4
nm0002350,tt9866204,actor,9
nm1944279,tt9866204,actress,2
nm8300353,tt9866738,actor,10
nm13721928,tt9867478,actor,4
nm9575913,tt9869564,actor,3
nm5043985,tt9869668,actress,1
nm9240671,tt9870502,actress,1
nm10519402,tt9872038,actress,10
nm10485613,tt9872556,actress,9
nm1517425,tt9872556,actor,4
nm10519529,tt9872618,actor,10
nm10519684,tt9873930,actress,8
nm1167449,tt9876296,actor,8
nm2134560,tt9876296,actress,7
nm10521527,tt9877846,actor,1
nm1216145,tt9881616,actress,2
nm0328954,tt9887180,actor,5
nm3297585,tt9887520,actor,4
nm1254991,tt9889218,actress,3
nm16090995,tt9890052,actor,6
nm5935181,tt9892604,actress,3
nm4745422,tt9894098,actor,9
nm0360515,tt9895024,actress,3
nm6573703,tt9896768,actor,8
nm7380347,tt9896768,actress,6
nm0767853,tt9897258,actor,7
nm5207334,tt9897520,actor,2
nm0952102,tt9898636,actress,10
nm2365811,tt9898858,actress,4
nm3975594,tt9899850,actress,7
nm0539336,tt9899860,actor,10
nm0361705,tt9900060,actor,9
nm0475737,tt9900060,actor,1
nm0952085,tt9900354,actor,1
nm6199186,tt9900388,actress,1
nm0431732,tt9900688,actress,10
nm0789391,tt9903716,actress,5
nm5118890,tt9903716,actor,7
nm5171591,tt9903716,actress,10
nm10532866,tt9903920,actor,4
nm4302644,tt9904802,actor,7
nm2138126,tt9905224,actress,2
nm2546411,tt9905224,actor,1
nm10533892,tt9905412,actress,7
nm10375007,tt9906644,actress,2
nm7748240,tt9907782,actor,10
nm0993695,tt9909656,actress,2
nm9632998,tt9910102,actress,4
nm8819372,tt9910502,actor,7
nm10536355,tt9911046,actor,1
nm10536940,tt9913936,actress,8
nm10678594,tt9916362,actress,4
nm10678597,tt9916362,actress,8
nm1266058,tt9916538,actress,4
nm9624935,tt9293690,actress,4
nm0265797,tt9293926,actor,1
nm14302139,tt9294056,actor,1
nm9904787,tt9294426,actress,2
nm13104978,tt9296214,actress,10
nm7812022,tt9296810,actor,9
nm10267172,tt9298624,actor,10
nm2847911,tt9299590,actor,3
nm2780135,tt9301556,actor,5
nm0311476,tt9302026,actress,1
nm0634831,tt9302912,actor,2
nm12589519,tt9302986,actor,8
nm3843073,tt9303508,actress,10
nm4423756,tt9303508,actor,7
nm4630417,tt9303508,actor,3
nm17278322,tt9308170,actor,7
nm3825387,tt9308340,actor,5
nm2120530,tt9309046,actor,1
nm5053136,tt9310280,actor,1
nm0208985,tt9310544,actor,9
nm6252726,tt9310544,actor,5
nm0673631,tt9312830,actress,10
nm10272092,tt9313004,actor,6
nm2581098,tt9313264,actor,4
nm10592822,tt9313816,actor,3
nm12473275,tt9314984,actress,10
nm0509748,tt9318230,actress,6
nm6742608,tt9318768,actress,8
nm10275013,tt9319194,actor,10
nm0360745,tt9319544,actor,1
nm0060544,tt9319728,actress,1
nm2471076,tt9319728,actor,6
nm10317264,tt9319868,actor,7
nm11166415,tt9319884,actor,5
nm5744564,tt9320226,actor,5
nm7223349,tt9323784,actor,5
nm10277611,tt9326498,actor,6
nm5207292,tt9327264,actress,8
nm10278266,tt9327782,actor,10
nm4855833,tt9331072,actor,12
nm10296981,tt9331556,actor,9
nm9973563,tt9332734,actor,9
nm0605299,tt9333256,actress,2
nm6836378,tt9334342,actor,1
nm5582452,tt9335210,actress,2
nm0051765,tt9335444,actor,3
nm1354843,tt9336816,actress,7
nm0012915,tt9337248,actor,7
nm5712019,tt9337862,actor,10
nm7225702,tt9339850,actress,2
nm0494887,tt9339936,actor,7
nm3160752,tt9342356,actress,4
nm10285028,tt9342390,actress,5
nm10285152,tt9342618,actress,4
nm1670783,tt9342622,actor,7
nm4931869,tt9343754,actress,3
nm1832584,tt9345754,actor,2
nm10282163,tt9347530,actress,9
nm6827674,tt9347530,actress,6
nm11198314,tt9347654,actress,6
nm10287499,tt9347672,actress,10
nm2805533,tt9347730,actor,3
nm0482285,tt9348296,actress,3
nm10288058,tt9348690,actress,10
nm0375792,tt9348720,actress,5
nm2343968,tt9349020,actor,8
nm5500026,tt9349770,actor,10
nm1373106,tt9351854,actress,10
nm10528834,tt9353656,actress,1
nm10948032,tt9354432,actor,8
nm10290434,tt9354438,actor,8
nm1368581,tt9354674,actor,6
nm3236733,tt9354944,actor,4
nm3264596,tt9354944,actor,8
nm12236478,tt9355162,actor,5
nm7535389,tt9355222,actress,7
nm6280095,tt9357404,actor,4
nm0107573,tt9358040,actress,8
nm0810738,tt9358106,actress,2
nm5946818,tt9358160,actor,3
nm10379659,tt9358398,actor,5
nm0876657,tt9358422,actor,2
nm10292444,tt9358444,actress,1
nm9517466,tt9358480,actress,9
nm0658943,tt9359204,actress,6
nm0412728,tt9361104,actor,7
nm0462181,tt9361104,actor,10
nm2592123,tt9361810,actor,6
nm0822354,tt9362492,actor,10
nm0675919,tt9364406,actor,7
nm10467895,tt9364406,actor,4
nm4317522,tt9364494,actress,3
nm3029704,tt9365762,actress,1
nm13808568,tt9366716,actor,10
nm13812491,tt9367136,actor,5
nm7824910,tt9367348,actor,4
nm2970520,tt9367402,actor,3
nm1440805,tt9369332,actor,6
nm6509817,tt9369332,actress,9
nm2383070,tt9369990,actor,5
nm10525575,tt9371344,actor,8
nm10090622,tt9371666,actress,10
nm10280980,tt9371672,actor,6
nm2383070,tt9371672,actor,5
nm2389777,tt9373218,actor,5
nm9486576,tt9373782,actor,4
nm4762741,tt9376118,actress,2
nm0000286,tt9376172,actor,2
nm4447747,tt9376172,actor,9
nm4650882,tt9376172,actress,7
nm0504897,tt9376612,actor,4
nm1574854,tt9378320,actor,1
nm7301911,tt9378850,actor,9
nm1396004,tt9381682,actress,5
nm10303428,tt9381742,actor,10
nm4591962,tt9382358,actor,5
nm10303751,tt9383554,actor,10
nm5379785,tt9383772,actor,3
nm0626259,tt9383986,actor,4
nm0956938,tt9384038,actor,5
nm0409272,tt9386508,actor,4
nm0000452,tt9386648,actress,4
nm4089109,tt9387250,actor,8
nm6776380,tt9389916,actor,5
nm2039852,tt9391166,actor,6
nm6194565,tt9391920,actor,8
nm0999291,tt9392532,actress,6
nm5008704,tt9395400,actress,9
nm10308185,tt9395714,actor,6
nm0436788,tt9396984,actor,4
nm13094978,tt9396994,actress,7
nm8794744,tt9398530,actor,8
nm0032108,tt9399168,actor,4
nm2950601,tt9399192,actor,2
nm0504942,tt9402530,actress,2
nm0786187,tt9402530,actress,7
nm5035471,tt9402530,actress,5
nm1158284,tt9405352,actor,1
nm1962139,tt9406926,actress,3
nm8054476,tt9408490,actor,8
nm11584934,tt9410034,actress,5
nm0000849,tt9411866,actor,1
nm0783887,tt9412726,actress,1
nm0399251,tt9414024,actor,5
nm5077418,tt9414690,actor,1
nm2361483,tt9415480,actor,5
nm7045326,tt9416094,actress,4
nm6999449,tt9419628,actor,5
nm1767929,tt9419794,actress,10
nm2361483,tt9420344,actor,4
nm8737285,tt9420624,actor,6
nm4045010,tt9420648,actor,8
nm3692419,tt9422166,actress,10
nm1041650,tt9422468,actor,7
nm3039589,tt9422624,actress,5
nm0545622,tt9422682,actor,1
nm0142410,tt9426974,actor,8
nm0044463,tt9429948,actress,2
nm12608848,tt9430780,actor,5
nm13801747,tt9431740,actor,10
nm0328954,tt9433872,actor,1
nm0821850,tt9436636,actress,1
nm5285809,tt9436946,actor,9
nm7822298,tt9437052,actress,1
nm0811867,tt9440520,actress,8
nm0120698,tt9441638,actor,9
nm0569226,tt9441638,actor,8
nm9197875,tt9442046,actress,9
nm10328669,tt9442146,actress,7
nm7028312,tt9442766,actor,4
nm10081537,tt9442978,actor,5
nm2101653,tt9443892,actor,6
nm4115259,tt9447594,actor,7
nm8669559,tt9447600,actor,6
nm4005399,tt9447768,actor,3
nm5018360,tt9448332,actress,9
nm11441804,tt9448656,actor,9
nm10331658,tt9448688,actor,3
nm2113617,tt9448688,actor,9
nm10627021,tt9450384,actress,9
nm4752466,tt9451848,actress,6
nm10446087,tt9452304,actress,10
nm9106753,tt9454070,actress,7
nm8435180,tt9454176,actor,3
nm8638195,tt9455030,actor,8
nm0246545,tt9455436,actor,1
nm1450630,tt9460422,actor,3
nm3423916,tt9460596,actor,10
nm3684316,tt9461494,actress,4
nm3097592,tt9464000,actor,4
nm1896736,tt9465600,actor,7
nm4334762,tt9465624,actor,7
nm10339100,tt9465812,actor,3
nm5573198,tt9465812,actress,1
nm10457032,tt9466786,actor,4
nm0051822,tt9471660,actress,6
nm0298050,tt9471678,actor,5
nm0143309,tt9471816,actress,4
nm0435766,tt9471988,actress,3
nm1797216,tt9471988,actor,4
nm3772324,tt9471988,actress,6
nm9496018,tt9472074,actor,3
nm0313368,tt9472334,actor,5
nm8021695,tt9472334,actor,8
nm1789173,tt9472658,actress,7
nm9864487,tt9475430,actor,1
nm10344252,tt9477056,actor,6
nm0284566,tt9477594,actor,2
nm16049743,tt9479454,actor,9
nm10345041,tt9479806,actress,8
nm2273474,tt9480692,actress,6
nm0030280,tt9482402,actress,3
nm6874873,tt9486076,actor,11
nm9840407,tt9486128,actor,1
nm10002550,tt9486184,actress,9
nm11571399,tt9487526,actress,9
nm2861211,tt9487526,actor,7
nm6001212,tt9487526,actor,8
nm0667387,tt9487802,actor,9
nm10349258,tt9487802,actor,7
nm10349596,tt9489714,actress,4
nm3765649,tt9489944,actress,3
nm3314099,tt9490972,actress,9
nm8630035,tt9492214,actor,1
nm0087787,tt9495080,actress,5
nm2615075,tt9495080,actor,7
nm0034877,tt9495224,actor,9
nm5219130,tt9495224,actor,4
nm7312177,tt9496232,actor,10
nm0434595,tt9499850,actor,7
nm1698994,tt9499932,actor,6
nm4514363,tt9500068,actor,1
nm9294429,tt9500864,actress,3
nm10730775,tt9501234,actor,10
nm10355432,tt9504976,actor,4
nm14183742,tt9505396,actor,7
nm2507791,tt9505874,actor,1
nm0880857,tt9506678,actor,4
nm0015110,tt9506724,actor,5
nm4986321,tt9507234,actress,3
nm2977461,tt9507276,actress,9
nm2192551,tt9511022,actress,6
nm2806111,tt9511550,actor,4
nm0359496,tt9513644,actress,7
nm5267819,tt9513644,actor,10
nm3457543,tt9515298,actress,3
nm8248120,tt9515792,actress,9
nm0698562,tt9516390,actor,4
nm2747502,tt9517374,actor,5
nm1892699,tt9519642,actor,7
nm1241578,tt9520714,actor,5
nm9535902,tt9521582,actor,7
nm0062098,tt9522946,actor,6
nm4625025,tt9522946,actress,8
nm7837890,tt9524764,actress,2
nm3055124,tt9525682,actor,8
nm0139936,tt9525792,actress,3
nm4438173,tt9526152,actress,8
nm6728134,tt9526152,actress,10
nm1228419,tt9526392,actress,2
nm0080426,tt9526760,actor,1
nm7931483,tt9526760,actor,2
nm13499866,tt9526884,actor,7
nm8661629,tt9529302,actress,6
nm3816753,tt9529786,actor,3
nm16527382,tt9531890,actor,4
nm9680919,tt9533342,actress,5
nm1209413,tt9534784,actor,4
nm10369306,tt9536664,actor,8
nm10369308,tt9536664,actor,2
nm10369439,tt9536810,actor,5
nm0103976,tt9537082,actor,7
nm10369647,tt9537122,actor,1
nm4392607,tt9537246,actor,10
nm0419688,tt9537292,actor,4
nm10306045,tt9537316,actor,6
nm3544809,tt9537342,actor,5
nm3555102,tt9538008,actor,9
nm8817655,tt9538090,actor,1
nm4730026,tt9540232,actress,7
nm5427630,tt9540232,actress,8
nm3404632,tt9540556,actor,6
nm6003956,tt9540566,actor,4
nm0892704,tt9540792,actress,2
nm13416804,tt9542460,actor,7
nm7367159,tt9542460,actor,4
nm3750745,tt9546054,actress,9
nm4618195,tt9547318,actor,10
nm2548959,tt9551760,actress,2
nm4947538,tt9552162,actress,1
nm1840695,tt9552208,actress,4
nm9005902,tt9552352,actor,5
nm4073978,tt9552932,actress,3
nm0762298,tt9553136,actress,4
nm11401734,tt9554316,actress,6
nm9623082,tt9555530,actor,10
nm1649960,tt9555974,actor,2
nm0396212,tt9556198,actor,8
nm0408374,tt9556198,actor,9
nm5233369,tt9556438,actor,2
nm10379065,tt9557672,actress,4
nm10379173,tt9557820,actor,10
nm10379178,tt9557820,actor,7
nm6286339,tt9557854,actor,2
nm5505932,tt9558604,actor,6
nm0348490,tt9558612,actor,10
nm5921534,tt9561744,actress,1
nm11142300,tt9561782,actor,4
nm0359275,tt9562268,actress,2
nm0990525,tt9562268,actor,9
nm0149218,tt9563632,actor,8
nm6961436,tt9563632,actress,10
nm0645269,tt9563872,actor,8
nm10381541,tt9564712,actress,6
nm0137468,tt9564748,actor,2
nm8083073,tt9565196,actor,7
nm2081715,tt9566084,actor,7
nm11752730,tt9567458,actress,3
nm6417920,tt9567472,actress,9
nm7193158,tt9568168,actress,7
nm9746223,tt9568230,actress,6
nm1960519,tt9568318,actor,1
nm0757299,tt9569512,actress,9
nm2531628,tt9569544,actor,1
nm10385459,tt9571216,actor,8
nm10385508,tt9571542,actor,7
nm10437297,tt9572674,actor,9
nm2494557,tt9573468,actress,7
nm2694094,tt9573686,actor,4
nm10388312,tt9575498,actor,2
nm10388578,tt9576232,actor,10
nm3062843,tt9576808,actress,1
nm7084525,tt9577694,actress,4
nm1152720,tt9578420,actor,6
nm4260644,tt9579634,actress,1
nm1001160,tt9581978,actress,9
nm10391383,tt9583876,actress,8
nm0246638,tt9584730,actress,1
nm0874556,tt9584814,actor,10
nm10392625,tt9586670,actor,5
nm2306191,tt9586670,actor,4
nm3288392,tt9586922,actor,3
nm0993544,tt9588846,actress,1
nm0692670,tt9590954,actor,3
nm0788788,tt9591766,actor,8
nm1748588,tt9592496,actress,7
nm9802079,tt9595666,actress,10
nm4182912,tt9595816,actor,6
nm2089843,tt9596092,actor,7
nm4504967,tt9598172,actor,3
nm10410723,tt9598594,actress,4
nm6837668,tt9598834,actor,4
nm0594709,tt9600076,actor,5
nm9990627,tt9600568,actress,4
nm1040372,tt9600960,actor,7
nm8400634,tt9600964,actor,4
nm3948952,tt9603212,actress,6
nm2433455,tt9603432,actor,4
nm1388463,tt9604202,actor,2
nm10402102,tt9604418,actor,2
nm3592766,tt9605894,actress,3
nm11236541,tt9608858,actor,7
nm8560414,tt9609886,actor,7
nm10188572,tt9610422,actress,2
nm0046532,tt9611484,actor,1
nm4990173,tt9611872,actress,10
nm1796211,tt9612136,actor,3
nm1206435,tt9612164,actor,5
nm6281649,tt9612368,actor,7
nm11638998,tt9614414,actor,2
nm4662324,tt9614416,actor,5
nm3979015,tt9614428,actor,9
nm1961487,tt9614936,actress,8
nm5679766,tt9614994,actress,10
nm9939887,tt9615028,actress,4
nm10407096,tt9615718,actress,6
nm9551239,tt9616558,actor,5
nm0257951,tt9617892,actor,3
nm0064933,tt9618098,actor,3
nm10460602,tt9618604,actress,6
nm10460603,tt9618604,actress,5
nm10322942,tt9619008,actor,10
nm10710420,tt9619792,actress,11
nm5339815,tt9620056,actress,2
nm1520977,tt9620292,actor,8
nm2957668,tt9620822,actress,8
nm0137849,tt9621104,actor,3
nm10409717,tt9621286,actress,7
nm3720756,tt9623404,actor,9
nm0645422,tt9625010,actress,10
nm3202886,tt9626392,actor,1
nm4331008,tt9626392,actor,5
nm0695177,tt9628392,actor,1
nm11133418,tt9631944,actor,10
nm11133419,tt9631944,actor,7
nm0032900,tt9631948,actor,2
nm0906699,tt9632014,actor,5
nm0194564,tt9634252,actor,2
nm0683898,tt9636630,actor,9
nm0481994,tt9638084,actor,5
nm3129298,tt9642010,actor,11
nm0582228,tt9642870,actor,8
nm0211144,tt9642962,actor,1
nm3411358,tt9643058,actor,7
nm0047270,tt9643300,actor,4
nm0147994,tt9643300,actor,6
nm0167728,tt9645472,actor,8
nm7756047,tt9646844,actor,6
nm5083762,tt9647178,actress,1
nm2728268,tt9647642,actor,7
nm0593043,tt9649974,actress,2
nm0001117,tt9652888,actor,1
nm6274564,tt9653108,actor,6
nm4094411,tt9653352,actress,10
nm4571321,tt9653352,actress,6
nm10424272,tt9653960,actor,5
nm1533194,tt9657452,actor,5
nm10680162,tt9658022,actor,8
nm3715034,tt9658034,actor,4
nm2198906,tt9658100,actor,5
nm5682314,tt9658388,actress,2
nm4056257,tt9660326,actor,2
nm0550371,tt9661164,actor,1
nm9001824,tt9662266,actor,2
nm2081164,tt9663100,actor,2
nm10188067,tt9663666,actor,6
nm0001737,tt9663764,actor,9
nm7887725,tt9664108,actor,4
nm11504066,tt9666970,actor,9
nm10429833,tt9667988,actress,3
nm0699596,tt9668680,actor,4
nm5694847,tt9668748,actor,6
nm6239374,tt9670540,actor,7
nm10431287,tt9671188,actor,10
nm0260884,tt9672244,actress,1
nm0204576,tt9672824,actor,9
nm11187778,tt9672824,actress,6
nm0000838,tt9673224,actor,3
nm9133391,tt9674196,actor,8
nm10542697,tt9674226,actress,5
nm10542699,tt9674226,actress,9
nm7825235,tt9675366,actor,6
nm10166044,tt9675374,actress,6
nm0550073,tt9676274,actor,2
nm2810374,tt9676318,actress,1
nm5740344,tt9678162,actor,7
nm0599138,tt9678460,actor,2
nm10437937,tt9679806,actor,7
nm10438212,tt9679806,actor,1
nm6771807,tt9680174,actress,6
nm5423482,tt9680562,actress,3
nm3138181,tt9680630,actress,2
nm10436776,tt9682188,actress,9
nm0501802,tt9682428,actress,6
nm9299265,tt9682578,actor,10
nm10437053,tt9683250,actress,3
nm2301427,tt9683478,actress,1
nm0000616,tt9683542,actor,4
nm10437293,tt9683854,actor,4
nm10437839,tt9684994,actress,9
nm10438727,tt9686514,actress,8
nm3160864,tt9686596,actor,2
nm4095508,tt9686730,actor,10
nm6908870,tt9686730,actress,9
nm2518338,tt9690184,actress,3
nm7780354,tt9690818,actor,2
nm10533768,tt9690868,actor,7
nm2799219,tt9691290,actress,1
nm3241397,tt9692366,actor,6
nm0411770,tt9694012,actor,6
nm0662505,tt9694312,actress,8
nm0690803,tt9694312,actor,7
nm6184064,tt9695722,actor,9
nm1007226,tt9697476,actress,1
nm10185914,tt9697774,actress,6
nm1914603,tt9698430,actress,7
nm0329586,tt9699620,actor,5
nm2426143,tt9699686,actor,2
nm10444082,tt9699784,actor,5
nm6165038,tt9700334,actress,10
nm10443837,tt9704488,actor,3
nm2884019,tt9707456,actress,10
nm2290049,tt9708416,actor,4
nm8164806,tt9710558,actor,2
nm0394679,tt9715318,actress,6
nm5527493,tt9716054,actress,3
nm10449219,tt9716470,actor,5
nm2838294,tt9717270,actress,4
nm4435755,tt9720690,actress,9
nm0441161,tt9721798,actress,8
nm10446124,tt9722952,actor,10
nm2456249,tt9722952,actor,8
nm10708154,tt9722984,actor,6
nm10763736,tt9723240,actor,4
nm5077458,tt9724068,actor,7
nm4519769,tt9724492,actor,2
nm3037845,tt9729768,actor,9
nm3975594,tt9731048,actress,7
nm6261003,tt9731172,actor,7
nm7556681,tt9731172,actor,10
nm0853439,tt9731436,actress,4
nm6675440,tt9731682,actress,7
nm0452338,tt9731750,actor,4
nm5506976,tt9731750,actor,6
nm5342958,tt9733036,actor,11
nm8502325,tt9733108,actor,6
nm0190591,tt9733158,actor,6
nm0817379,tt9733388,actor,5
nm6013186,tt9733388,actor,10
nm0023979,tt9734342,actor,1
nm10455667,tt9734342,actress,4
nm8931997,tt9735830,actress,2
nm3008846,tt9736978,actor,3
nm13717836,tt9737876,actor,3
nm0463953,tt9738392,actor,6
nm7420809,tt9738400,actor,9
nm0388635,tt9738784,actor,6
nm1760072,tt9739232,actress,3
nm10457992,tt9739410,actor,9
nm10196124,tt9739486,actor,7
nm10458158,tt9740064,actor,10
nm1901120,tt9740770,actress,2
nm10526029,tt9741016,actress,9
nm0491136,tt9741180,actor,10
nm5783517,tt9741310,actor,4
nm6411633,tt9741310,actor,10
nm5079417,tt9742208,actress,2
nm10890555,tt9742334,actor,10
nm2090825,tt9742582,actor,10
nm1279980,tt9742588,actress,3
nm0383603,tt9742794,actor,1
nm2942715,tt9747230,actress,1
nm3204954,tt9747396,actress,6
nm9241185,tt9747594,actor,9
nm10461341,tt9748042,actor,7
nm0531722,tt9748424,actor,8
nm10462017,tt9749174,actor,6
nm4855161,tt9752158,actor,8
nm10483739,tt9753314,actor,7
nm5835716,tt9753764,actor,3
nm1839680,tt9753990,actor,8
nm0535761,tt9758500,actor,5
nm0221218,tt9760426,actor,5
nm10813428,tt9760512,actor,6
nm10813435,tt9760512,actor,5
nm1024264,tt9762398,actress,8
nm0237211,tt9764248,actress,9
nm0661886,tt9764654,actor,6
nm2339825,tt9765144,actor,2
nm18519654,tt9765352,actress,2
nm11697825,tt9765842,actress,3
nm11426888,tt9766160,actress,3
nm4113924,tt9766280,actor,1
nm4532731,tt9766528,actor,8
nm1485941,tt9769668,actor,8
nm0348004,tt9772812,actor,2
nm10472116,tt9773400,actor,6
nm10277827,tt9775996,actor,5
nm8567129,tt9777666,actress,6
nm7415721,tt9777796,actress,3
nm10376622,tt9777820,actor,3
nm10475048,tt9778622,actress,6
nm12615767,tt9778888,actor,2
nm13626645,tt9780140,actor,5
nm5572919,tt9783722,actress,1
nm10480656,tt9784816,actress,9
nm10005536,tt9784954,actor,1
nm1172718,tt9786162,actor,6
nm1001206,tt9787140,actor,6
nm3838850,tt9788706,actor,10
nm0762807,tt9789390,actress,3
nm12674556,tt9790808,actress,3
nm3617629,tt9793334,actor,10
nm7441180,tt9794630,actress,10
nm18287541,tt9795368,actor,7
nm0945601,tt9795552,actor,5
nm10805771,tt9799984,actor,4
nm0945601,tt9800234,actor,2
nm2416766,tt9804110,actor,5
nm0930317,tt9804272,actor,5
nm1362698,tt9804514,actor,10
nm2879092,tt9805110,actor,2
nm11888138,tt9806258,actor,9
nm11352294,tt9806322,actor,1
nm1371726,tt9809230,actor,10
nm7605654,tt9809230,actor,4
nm0370644,tt9809432,actor,6
nm10587249,tt9810420,actress,9
nm2240044,tt9810436,actor,6
nm0406919,tt9811528,actor,8
nm1802951,tt9812614,actor,9
nm2377551,tt9813338,actress,5
nm2949959,tt9814730,actor,8
nm10494467,tt9815010,actor,3
nm0059935,tt9815156,actor,6
nm10355448,tt9815280,actor,2
nm9144786,tt9815554,actor,8
nm0925220,tt9815714,actor,1
nm4331196,tt9815998,actress,3
nm7273876,tt9816214,actor,3
nm8178587,tt9816550,actor,7
nm5236534,tt9816636,actor,10
nm8095213,tt9817070,actor,10
nm9447652,tt9817190,actor,10
nm15054731,tt9817216,actor,10
nm12498524,tt9817674,actress,5
nm1256745,tt9817938,actor,4
nm0100343,tt9818148,actor,4
nm0154491,tt9818148,actress,6
nm10495004,tt9819664,actor,1
nm0533589,tt9820628,actor,3
nm3129512,tt9820628,actor,1
nm2066212,tt9823170,actor,5
nm10496613,tt9823554,actress,3
nm10496666,tt9823634,actor,8
nm4679035,tt9825006,actor,9
nm10497790,tt9826668,actor,5
nm10830025,tt9826668,actress,2
nm4869921,tt9827784,actor,9
nm9413217,tt9828278,actress,9
nm3226240,tt9828918,actress,3
nm10498924,tt9829006,actress,1
nm2282891,tt9829108,actor,7
nm9457581,tt9830862,actor,1
nm10517798,tt9831136,actor,9
nm12475731,tt9832350,actress,7
nm3731222,tt9833412,actress,3
nm5738000,tt9834736,actress,10
nm2510035,tt9834798,actor,9
nm1007767,tt9837320,actor,1
nm0592756,tt9837752,actor,8
nm2148482,tt9837752,actress,5
nm1665297,tt9838752,actor,7
nm1416640,tt9838916,actor,2
nm0062098,tt9839038,actor,1
nm1367995,tt9839040,actor,6
nm7756094,tt9839636,actor,3
nm5937180,tt9839686,actor,4
nm2317521,tt9840382,actress,7
nm0757013,tt9840936,actress,9
nm10700050,tt9842404,actor,4
nm0596440,tt9842544,actress,2
nm0441526,tt9843028,actor,1
nm14154573,tt9843172,actor,6
nm2050259,tt9843470,actor,6
nm8578134,tt9844086,actress,1
nm6864052,tt9844938,actor,5
nm10506445,tt9844944,actress,5
nm0349522,tt9845564,actor,1
nm0774634,tt9848668,actor,4
nm0954036,tt9849004,actress,4
nm9315698,tt9849160,actress,4
nm0259462,tt9850050,actress,7
nm10509072,tt9850050,actor,3
nm10509237,tt9850264,actor,2
nm2865089,tt9850264,actor,6
nm8300354,tt9851426,actor,10
nm2212823,tt9851990,actress,9
nm0411770,tt9852492,actor,2
nm3472350,tt9852492,actor,10
nm5390068,tt9853452,actor,5
nm0217022,tt9854844,actress,8
nm8136360,tt9854844,actress,5
nm0579756,tt9855214,actor,2
nm10426810,tt9855782,actor,5
nm0906699,tt9856128,actor,1
nm17540477,tt9856574,actress,7
nm3288201,tt9856680,actor,11
nm0438704,tt9858950,actor,10
nm10513490,tt9859504,actor,2
nm10513558,tt9859528,actor,6
nm7321179,tt9860350,actress,6
nm0027558,tt9861288,actress,8
nm2623983,tt9861480,actor,2
nm6427345,tt9861522,actor,1
nm5769726,tt9865310,actor,10
nm0869461,tt9865452,actor,5
nm2224828,tt9865452,actress,8
nm9137480,tt9865452,actress,4
nm10516255,tt9865492,actress,10
nm3478396,tt9866072,actor,2
nm1263519,tt9866208,actor,10
nm10516612,tt9866394,actor,9
nm9016782,tt9867628,actress,6
nm10204853,tt9869228,actor,8
nm4873402,tt9869564,actor,8
nm0158253,tt9869668,actor,3
nm9240675,tt9870502,actor,4
nm2796110,tt9871736,actress,6
nm4940642,tt9872556,actress,2
nm10519530,tt9872618,actor,7
nm10880962,tt9873892,actor,8
nm5479043,tt9876298,actor,4
nm10518655,tt9876412,actor,3
nm2076576,tt9876412,actor,9
nm0943079,tt9877138,actor,2
nm5241523,tt9877138,actor,7
nm1388202,tt9878242,actor,7
nm5018360,tt9878242,actress,2
nm6375147,tt9878246,actress,9
nm10864377,tt9879482,actress,9
nm10522458,tt9880212,actress,4
nm1354359,tt9880982,actress,1
nm6800672,tt9881330,actress,2
nm10522898,tt9881572,actress,2
nm10522904,tt9881572,actress,3
nm11676839,tt9881924,actor,9
nm2399591,tt9881974,actor,3
nm0635977,tt9883020,actress,9
nm5977008,tt9887520,actress,10
nm0085837,tt9888560,actor,1
nm10618260,tt9890326,actress,9
nm11493936,tt9890326,actor,6
nm6364046,tt9892338,actor,8
nm10532064,tt9892546,actor,9
nm7759916,tt9892908,actor,9
nm9189677,tt9893012,actor,10
nm12902760,tt9893824,actress,5
nm10557535,tt9894394,actress,9
nm10529331,tt9894418,actress,6
nm10711391,tt9896768,actor,7
nm18626615,tt9897744,actor,9
nm0295141,tt9898086,actress,3
nm6552300,tt9898636,actor,8
nm3444063,tt9899860,actor,8
nm10531605,tt9900396,actress,10
nm7070114,tt9900552,actress,6
nm10532866,tt9904010,actor,6
nm2576262,tt9904648,actress,1
nm12160436,tt9904802,actress,9
nm10533891,tt9905412,actor,1
nm2068971,tt9906644,actor,1
nm2558112,tt9911196,actor,4
nm10259647,tt9914522,actor,10
nm1387306,tt9915790,actor,1
nm4880713,tt9291476,actor,11
nm0062509,tt9291866,actress,6
nm4246320,tt9292336,actor,10
nm7445578,tt9293752,actress,2
nm1200073,tt9296106,actress,6
nm10265583,tt9296214,actor,9
nm4528776,tt9296590,actor,4
nm5355171,tt9296782,actress,10
nm5913363,tt9297172,actor,4
nm5913384,tt9297172,actor,6
nm2373827,tt9302994,actor,2
nm10063311,tt9303032,actor,8
nm7348359,tt9303508,actress,1
nm3829191,tt9303696,actor,1
nm3980859,tt9303782,actor,10
nm0756503,tt9303968,actress,3
nm6489058,tt9304360,actor,7
nm0924210,tt9305634,actor,1
nm5263495,tt9308022,actor,8
nm12328075,tt9308340,actor,9
nm3858576,tt9308340,actor,11
nm2384460,tt9309546,actor,3
nm0246286,tt9309774,actor,5
nm12805106,tt9310606,actor,6
nm5862455,tt9311062,actress,2
nm9785911,tt9311308,actress,1
nm11844129,tt9313908,actor,12
nm13611676,tt9317274,actor,5
nm13718766,tt9317274,actor,10
nm9418318,tt9318230,actor,8
nm1086319,tt9318730,actor,10
nm4259483,tt9318730,actress,6
nm0949069,tt9318772,actor,3
nm5756906,tt9319544,actress,2
nm11669138,tt9319836,actor,5
nm7559355,tt9319890,actress,9
nm8192103,tt9319890,actor,6
nm4410185,tt9320170,actress,1
nm0830802,tt9320184,actor,10
nm1758898,tt9323034,actor,7
nm9405907,tt9324774,actor,6
nm0215429,tt9326772,actor,8
nm0016321,tt9326956,actor,8
nm2338836,tt9327584,actor,3
nm6865428,tt9327782,actress,9
nm10278989,tt9328742,actor,10
nm0241421,tt9330502,actress,5
nm2632418,tt9331550,actress,8
nm4180684,tt9332398,actress,3
nm7782043,tt9332398,actress,10
nm6674416,tt9333076,actor,6
nm2404064,tt9334830,actor,7
nm5560389,tt9335620,actress,8
nm6677528,tt9336300,actress,4
nm0217100,tt9336816,actor,8
nm3706447,tt9337248,actress,8
nm0193024,tt9337518,actress,9
nm10282875,tt9337590,actor,8
nm0000744,tt9339850,actress,7
nm7251826,tt9340486,actress,8
nm2546411,tt9340744,actor,2
nm7349457,tt9341668,actress,7
nm10284013,tt9342250,actress,3
nm3276688,tt9342356,actress,9
nm10279362,tt9343700,actor,10
nm5776647,tt9343758,actor,2
nm1968466,tt9347474,actor,7
nm10284105,tt9347476,actor,8
nm3093760,tt9347750,actor,1
nm0882219,tt9348296,actress,7
nm10337379,tt9348546,actress,8
nm0822998,tt9348720,actor,10
nm10288410,tt9349056,actor,3
nm10288726,tt9350746,actor,3
nm10288813,tt9351062,actress,10
nm10233227,tt9351610,actor,8
nm5330264,tt9351856,actress,2
nm0005236,tt9352178,actress,1
nm0267651,tt9352178,actor,10
nm8468471,tt9352210,actress,4
nm10215564,tt9352262,actor,9
nm0292066,tt9352926,actress,10
nm1678610,tt9352926,actor,7
nm12297157,tt9355200,actress,9
nm0154129,tt9356708,actor,2
nm10292068,tt9357782,actor,10
nm6520259,tt9358088,actress,7
nm6545172,tt9358444,actor,5
nm14350109,tt9358480,actress,10
nm8798330,tt9359224,actor,3
nm0022764,tt9359344,actor,4
nm3641120,tt9359344,actress,8
nm3836444,tt9359348,actor,3
nm0605299,tt9360688,actress,2
nm10281852,tt9361292,actor,9
nm5441117,tt9364436,actor,4
nm0892680,tt9364848,actor,6
nm2688589,tt9364848,actor,2
nm2383070,tt9364862,actor,4
nm0051765,tt9365950,actor,1
nm5101846,tt9367926,actress,1
nm8661684,tt9367926,actor,10
nm0620120,tt9368006,actor,10
nm8365413,tt9368006,actor,5
nm5873750,tt9372344,actress,1
nm0085837,tt9372746,actor,2
nm0357249,tt9374682,actor,5
nm10452066,tt9376172,actor,10
nm10301225,tt9377994,actor,8
nm8535692,tt9378134,actress,8
nm9551261,tt9378950,actor,6
nm5782660,tt9379416,actor,5
nm0162911,tt9381682,actor,8
nm3034998,tt9381682,actor,4
nm1030110,tt9381904,actor,5
nm2635565,tt9381904,actor,3
nm12012459,tt9382140,actor,10
nm5966739,tt9382172,actor,3
nm1010999,tt9382638,actor,7
nm2650359,tt9383986,actor,10
nm2361483,tt9385320,actor,6
nm2899603,tt9385320,actor,10
nm11419330,tt9386884,actor,8
nm4052191,tt9389598,actress,5
nm0609999,tt9389916,actor,1
nm2802018,tt9389916,actor,6
nm2104863,tt9390390,actress,6
nm2672980,tt9391986,actor,10
nm1238739,tt9392248,actress,5
nm7794816,tt9392618,actress,1
nm10662234,tt9396050,actor,10
nm1728860,tt9396112,actress,2
nm1797498,tt9396112,actor,10
nm9755387,tt9398530,actress,7
nm15776358,tt9403944,actor,10
nm11221104,tt9404258,actress,7
nm6718766,tt9404442,actor,6
nm5025898,tt9405352,actor,9
nm4906685,tt9407156,actress,6
nm1328726,tt9407490,actor,3
nm12166557,tt9407706,actor,1
nm2266683,tt9407706,actor,7
nm1287850,tt9408114,actor,4
nm4454684,tt9408490,actress,2
nm3370088,tt9409854,actor,8
nm0051345,tt9411912,actress,1
nm0467379,tt9411912,actor,6
nm7060212,tt9411912,actress,7
nm0000657,tt9411972,actor,4
nm4843024,tt9412088,actress,8
nm7622521,tt9412088,actress,4
nm11041864,tt9412268,actress,9
nm10315185,tt9412726,actor,4
nm9767500,tt9412726,actor,3
nm1001108,tt9413114,actress,3
nm2961248,tt9414024,actress,1
nm7088715,tt9414690,actress,7
nm2876818,tt9415480,actor,2
nm10316614,tt9416094,actress,5
nm1450944,tt9416282,actor,9
nm0006009,tt9418306,actor,6
nm2810399,tt9419730,actress,1
nm6277267,tt9420648,actress,2
nm1865237,tt9422682,actor,9
nm0066827,tt9422724,actress,4
nm13235225,tt9425650,actor,10
nm3105997,tt9427166,actress,5
nm5567030,tt9428246,actor,1
nm0736115,tt9430524,actor,1
nm1855370,tt9430574,actor,5
nm8758981,tt9430574,actor,1
nm13462880,tt9431072,actress,10
nm0015764,tt9431520,actress,2
nm0259472,tt9431520,actor,1
nm10683361,tt9431740,actor,7
nm8186095,tt9433466,actor,1
nm10192611,tt9436204,actress,3
nm7165185,tt9436632,actor,9
nm10326279,tt9436946,actor,7
nm6635410,tt9437294,actor,4
nm1294099,tt9437744,actor,7
nm1595572,tt9437744,actor,6
nm4470318,tt9439360,actor,1
nm6331752,tt9440450,actor,10
nm8631697,tt9440450,actress,7
nm10328540,tt9441972,actor,5
nm2787844,tt9441972,actor,3
nm7968804,tt9442046,actor,7
nm1745545,tt9442766,actor,1
nm6021307,tt9442780,actor,4
nm6517349,tt9442890,actor,1
nm8218516,tt9443316,actress,8
nm3140968,tt9445256,actor,1
nm2778815,tt9446952,actor,2
nm5159909,tt9448332,actress,5
nm5186106,tt9448932,actress,7
nm4855833,tt9452846,actor,4
nm10333353,tt9454070,actress,8
nm10333628,tt9454756,actor,9
nm10333636,tt9454756,actor,4
nm3074010,tt9455028,actor,1
nm8133234,tt9455028,actress,2
nm8157833,tt9455468,actress,5
nm10334574,tt9456222,actress,4
nm10334610,tt9457036,actor,5
nm9455933,tt9458110,actor,7
nm4082341,tt9459988,actress,5
nm4642822,tt9460580,actor,5
nm4232416,tt9461494,actor,10
nm8272878,tt9462944,actress,10
nm10338576,tt9464654,actor,4
nm9593665,tt9468644,actress,6
nm10341145,tt9469296,actor,10
nm0112043,tt9469842,actor,3
nm4557634,tt9471128,actress,5
nm1482999,tt9471660,actress,1
nm0352157,tt9471816,actor,9
nm10342540,tt9472142,actress,4
nm6559173,tt9472334,actor,3
nm6647040,tt9472532,actress,9
nm10584286,tt9474614,actor,10
nm0121805,tt9476068,actor,9
nm10344014,tt9476372,actress,9
nm3045634,tt9476430,actor,2
nm17664834,tt9477132,actor,5
nm0874864,tt9477594,actor,8
nm0524591,tt9480330,actress,3
nm12120804,tt9482230,actor,7
nm2328486,tt9482230,actor,5
nm3209201,tt9482620,actress,6
nm6952948,tt9486076,actor,1
nm1880746,tt9489598,actress,8
nm6550677,tt9489598,actress,1
nm10350143,tt9490508,actor,9
nm1411541,tt9490990,actress,3
nm0200195,tt9491292,actress,9
nm13619547,tt9492214,actor,4
nm5246951,tt9495044,actor,4
nm7728809,tt9495044,actor,10
nm1460660,tt9495080,actor,2
nm3390494,tt9496420,actor,9
nm6425549,tt9496420,actress,8
nm0747700,tt9496886,actress,6
nm10353278,tt9499850,actor,6
nm1159869,tt9499932,actor,7
nm1699042,tt9500358,actor,4
nm0960372,tt9500372,actor,6
nm0847439,tt9501310,actress,1
nm0419660,tt9501678,actress,7
nm11506715,tt9501950,actor,9
nm6911082,tt9501950,actress,10
nm0271127,tt9503722,actor,2
nm2176152,tt9503722,actor,9
nm10362795,tt9503764,actress,4
nm8734582,tt9504952,actress,10
nm8681917,tt9504976,actor,1
nm0394661,tt9505212,actor,2
nm9200468,tt9506000,actor,6
nm0015164,tt9510356,actor,9
nm0645207,tt9510356,actor,2
nm1257062,tt9511550,actress,2
nm10359066,tt9514116,actor,2
nm4070385,tt9516994,actor,6
nm7713302,tt9521582,actress,1
nm1773074,tt9522074,actor,9
nm10363321,tt9522080,actress,2
nm1982617,tt9522080,actress,7
nm1593574,tt9522946,actor,10
nm5113622,tt9523112,actress,6
nm12092733,tt9526090,actor,8
nm7030324,tt9526154,actor,5
nm1080646,tt9527682,actress,7
nm7609218,tt9528890,actor,5
nm7609219,tt9528890,actor,4
nm0441191,tt9528930,actress,1
nm10365865,tt9529302,actor,10
nm2848552,tt9529556,actor,3
nm0875406,tt9529752,actress,4
nm9352468,tt9529756,actress,12
nm9083111,tt9529786,actor,7
nm0004109,tt9531772,actor,7
nm15215647,tt9531890,actor,3
nm8616359,tt9533342,actor,6
nm10372273,tt9533434,actress,8
nm3556021,tt9534714,actress,11
nm0442933,tt9534948,actress,7
nm10369441,tt9536810,actor,4
nm5635254,tt9536816,actor,11
nm10392018,tt9537148,actress,8
nm4304671,tt9537342,actress,6
nm3844346,tt9537352,actress,2
nm5679766,tt9537352,actress,8
nm0581953,tt9537532,actress,2
nm4101191,tt9537888,actor,9
nm12407569,tt9537936,actor,6
nm11717030,tt9538090,actress,3
nm3372052,tt9540556,actor,5
nm1463376,tt9540792,actor,8
nm0605449,tt9541470,actor,7
nm10371793,tt9541470,actor,9
nm4728480,tt9542116,actor,8
nm8172595,tt9542918,actor,4
nm3022132,tt9543488,actor,6
nm0610565,tt9551682,actor,5
nm0613472,tt9552352,actor,8
nm0993695,tt9552564,actress,2
nm0702284,tt9553096,actress,1
nm10002148,tt9554846,actor,6
nm7308187,tt9554846,actor,7
nm0754500,tt9555530,actor,6
nm11046462,tt9556198,actor,1
nm10376602,tt9557034,actor,10
nm0930226,tt9557416,actress,7
nm6367882,tt9558604,actor,4
nm0643350,tt9558612,actor,2
nm7279652,tt9562694,actress,7
nm10381411,tt9563348,actor,6
nm4297275,tt9565196,actor,1
nm8352556,tt9568074,actor,5
nm0915093,tt9569096,actor,6
nm10411427,tt9569104,actor,8
nm10411435,tt9569104,actor,11
nm3263461,tt9569104,actor,5
nm10385458,tt9571216,actor,5
nm10385768,tt9572420,actor,10
nm5476491,tt9572534,actress,6
nm11062622,tt9573068,actor,1
nm10864668,tt9573468,actor,6
nm0619107,tt9573668,actor,9
nm10211052,tt9574324,actress,1
nm8406459,tt9575160,actress,8
nm10168599,tt9575498,actress,8
nm7434647,tt9575726,actress,8
nm10436706,tt9576232,actress,4
nm5652097,tt9576808,actor,3
nm10389253,tt9578462,actor,5
nm3679148,tt9578746,actor,4
nm1429888,tt9578984,actor,3
nm4929338,tt9578984,actress,2
nm5035471,tt9581076,actress,3
nm0384910,tt9582810,actor,9
nm5199313,tt9583840,actress,2
nm2626103,tt9584128,actress,10
nm9078972,tt9584786,actress,8
nm2332149,tt9586670,actress,7
nm1695459,tt9590554,actress,3
nm2999014,tt9590954,actor,4
nm13245550,tt9591082,actor,7
nm10395064,tt9591698,actor,6
nm1189034,tt9592292,actor,1
nm3020303,tt9592522,actor,5
nm10548547,tt9593626,actor,1
nm10476491,tt9595666,actress,4
nm0045331,tt9595816,actress,9
nm0156953,tt9596084,actress,8
nm7596465,tt9596658,actor,1
nm2908492,tt9601292,actor,9
nm3789450,tt9602258,actor,3
nm2962353,tt9603208,actress,6
nm1857840,tt9603470,actor,4
nm0351719,tt9609716,actress,7
nm0142808,tt9610422,actor,3
nm0288214,tt9612892,actress,10
nm10406140,tt9614414,actor,1
nm1938287,tt9614936,actor,9
nm3844346,tt9614994,actress,7
nm1493873,tt9615020,actor,5
nm11342886,tt9615856,actress,9
nm7333836,tt9615856,actor,7
nm4270904,tt9616290,actor,5
nm1298582,tt9616700,actress,3
nm0075359,tt9617560,actor,8
nm7260890,tt9618604,actress,8
nm10408830,tt9619578,actor,3
nm0841910,tt9619798,actor,3
nm0854304,tt9619824,actress,8
nm10315579,tt9620056,actor,6
nm5956330,tt9620056,actor,5
nm9802066,tt9620474,actress,4
nm0568385,tt9620986,actor,4
nm7189111,tt9621286,actor,1
nm5074824,tt9621290,actor,9
nm0370600,tt9622380,actress,2
nm2380048,tt9623404,actor,10
nm3017474,tt9623404,actor,6
nm2955595,tt9624766,actress,9
nm0441574,tt9625010,actress,2
nm5697682,tt9625986,actor,5
nm0849545,tt9626764,actor,10
nm2413916,tt9630444,actor,5
nm1403009,tt9630868,actress,10
nm1989683,tt9631052,actor,12
nm7737710,tt9631052,actor,7
nm0361676,tt9631948,actor,3
nm0474919,tt9632068,actor,2
nm0532610,tt9632180,actress,6
nm9835815,tt9632590,actor,7
nm10414309,tt9633480,actor,2
nm5559835,tt9636302,actor,7
nm10309875,tt9636630,actor,10
nm1259084,tt9637132,actor,10
nm10446477,tt9638206,actress,4
nm5896355,tt9639470,actress,2
nm9365055,tt9641092,actor,3
nm2415604,tt9641242,actress,10
nm9984976,tt9641602,actress,10
nm2565613,tt9642010,actor,10
nm1161041,tt9642870,actor,10
nm6264177,tt9642950,actor,9
nm2555387,tt9643058,actor,8
nm2698053,tt9643330,actress,2
nm10419386,tt9643832,actor,9
nm0157139,tt9644250,actor,6
nm0624346,tt9644250,actor,2
nm4129480,tt9645476,actor,5
nm0475872,tt9646136,actor,6
nm1272563,tt9646136,actor,10
nm0231873,tt9646240,actress,9
nm1005503,tt9646400,actor,2
nm4750198,tt9646716,actor,9
nm4888368,tt9646716,actor,1
nm10420860,tt9647154,actor,10
nm3652848,tt9648162,actress,3
nm10538563,tt9648668,actor,10
nm9102026,tt9648806,actor,5
nm2716106,tt9648952,actor,8
nm14002883,tt9649548,actor,5
nm2481000,tt9652322,actress,3
nm0000096,tt9652730,actress,1
nm4462167,tt9653184,actor,5
nm0692996,tt9654240,actress,10
nm0750916,tt9657076,actor,10
nm9927302,tt9657158,actress,5
nm0388092,tt9657382,actress,9
nm0256873,tt9657452,actor,8
nm2435596,tt9657904,actress,6
nm4606848,tt9657910,actor,1
nm0882255,tt9660472,actor,5
nm4430247,tt9660606,actor,5
nm10427473,tt9662266,actor,5
nm8964796,tt9663100,actor,7
nm0579795,tt9663168,actor,4
nm3110915,tt9663168,actress,3
nm3190460,tt9663258,actor,4
nm2471825,tt9663666,actress,9
nm1198628,tt9664732,actor,7
nm0080180,tt9665402,actor,4
nm11130413,tt9665968,actor,3
nm1166977,tt9666970,actor,3
nm3251397,tt9668552,actress,9
nm9780089,tt9668564,actor,2
nm0776181,tt9668680,actor,9
nm1826988,tt9670414,actor,8
nm0508424,tt9670458,actor,4
nm2735127,tt9670890,actress,6
nm0285683,tt9671918,actor,3
nm3612551,tt9675092,actress,2
nm5831457,tt9675274,actor,4
nm1029211,tt9675320,actor,6
nm10518152,tt9675374,actress,4
nm4249606,tt9675804,actor,5
nm5688777,tt9676242,actress,6
nm10434499,tt9676318,actor,4
nm1055050,tt9676940,actor,2
nm1166328,tt9677416,actress,8
nm0001108,tt9678162,actor,6
nm6466474,tt9679528,actor,13
nm1570165,tt9680076,actress,7
nm11151946,tt9681686,actor,3
nm11214448,tt9683250,actor,5
nm4674415,tt9683250,actress,1
nm3616423,tt9684220,actress,6
nm0874676,tt9685282,actor,7
nm10438104,tt9685692,actress,7
nm10438512,tt9686154,actor,1
nm1251511,tt9686514,actor,7
nm10591019,tt9686730,actress,8
nm1926340,tt9687560,actress,6
nm5552796,tt9687584,actress,7
nm12745887,tt9688874,actress,3
nm0757025,tt9689664,actor,10
nm10440458,tt9690818,actor,9
nm0003115,tt9690832,actress,1
nm5549451,tt9690868,actor,3
nm1631269,tt9691136,actress,1
nm5475700,tt9691324,actress,9
nm0000334,tt9692040,actor,3
nm6319286,tt9693686,actress,1
nm1151879,tt9695404,actor,6
nm13344992,tt9695524,actress,3
nm1998117,tt9695524,actor,8
nm5025250,tt9697398,actress,2
nm0715469,tt9697468,actor,1
nm9977663,tt9697476,actor,8
nm5618577,tt9697774,actor,2
nm8512754,tt9697774,actress,4
nm0753737,tt9697780,actor,2
nm10443712,tt9698552,actress,4
nm8329755,tt9699784,actor,1
nm0419560,tt9701082,actor,5
nm0646663,tt9702850,actor,10
nm0874676,tt9708284,actor,3
nm10704645,tt9708284,actor,13
nm3554025,tt9710572,actor,10
nm8819623,tt9713418,actor,6
nm3120844,tt9715438,actor,9
nm2562287,tt9717004,actor,5
nm10449632,tt9717144,actor,3
nm0462182,tt9722898,actor,3
nm9639687,tt9722952,actor,7
nm6517501,tt9724114,actor,3
nm10452475,tt9725058,actor,7
nm9933531,tt9726796,actor,5
nm9933534,tt9726796,actor,3
nm9933536,tt9726796,actor,7
nm12166557,tt9729206,actor,1
nm4767006,tt9730822,actor,6
nm8682138,tt9730866,actress,11
nm3132725,tt9731048,actor,4
nm2803762,tt9731534,actor,10
nm0246585,tt9731598,actor,10
nm7560620,tt9733108,actor,1
nm9748311,tt9733108,actor,10
nm11304636,tt9733150,actor,5
nm0738396,tt9733158,actor,3
nm0309575,tt9733886,actor,4
nm10322976,tt9736978,actress,8
nm4879653,tt9737568,actor,4
nm6483271,tt9737688,actor,5
nm2547435,tt9738392,actor,8
nm1465580,tt9738784,actor,1
nm5324177,tt9740198,actor,11
nm7532126,tt9740272,actor,8
nm0861440,tt9740770,actress,8
nm0668905,tt9741180,actor,2
nm6449080,tt9741310,actress,3
nm3977038,tt9741948,actress,3
nm1847329,tt9742106,actress,1
nm7306001,tt9742588,actress,7
nm15113363,tt9742642,actor,3
nm9546798,tt9744922,actress,5
nm10465366,tt9746392,actor,4
nm1481148,tt9747622,actor,3
nm10461344,tt9748042,actor,10
nm0780539,tt9748136,actor,3
nm10462013,tt9749174,actress,4
nm10661717,tt9749174,actress,5
nm8608230,tt9750368,actress,6
nm1085355,tt9752076,actor,3
nm8586448,tt9752158,actor,6
nm10459415,tt9752892,actor,6
nm10818341,tt9753314,actress,4
nm2777493,tt9753314,actor,8
nm10464078,tt9754442,actress,2
nm7490195,tt9755024,actor,1
nm7930619,tt9755822,actor,8
nm7946606,tt9755822,actress,1
nm3854930,tt9759754,actress,4
nm10467151,tt9761088,actor,8
nm6687568,tt9764248,actor,1
nm10407601,tt9764272,actress,1
nm0000146,tt9764362,actor,1
nm5037848,tt9764804,actress,5
nm10482617,tt9764832,actress,5
nm12291127,tt9764958,actress,5
nm6656023,tt9764958,actress,4
nm11486686,tt9765144,actress,7
nm17606286,tt9765352,actress,1
nm0667074,tt9765480,actor,9
nm10468981,tt9765902,actor,2
nm2635725,tt9765968,actor,10
nm0052532,tt9766332,actor,8
nm1333687,tt9766332,actor,2
nm2518338,tt9767390,actress,6
nm0244707,tt9767556,actor,3
nm11894472,tt9770150,actor,7
nm9851360,tt9771012,actor,1
nm10471697,tt9772300,actress,10
nm10472118,tt9773400,actress,9
nm2369538,tt9774762,actor,1
nm5729867,tt9774762,actor,9
nm17054125,tt9775932,actor,6
nm0005148,tt9777644,actor,1
nm0701747,tt9777644,actor,8
nm3420858,tt9777766,actress,5
nm0627245,tt9777790,actor,3
nm10603941,tt9778060,actress,10
nm5845367,tt9779352,actor,6
nm1429380,tt9779516,actress,2
nm1792717,tt9783722,actress,6
nm5007768,tt9783730,actress,7
nm10476971,tt9784068,actor,5
nm0346619,tt9784088,actor,9
nm7193305,tt9784456,actor,9
nm10005522,tt9784954,actor,6
nm1699333,tt9786512,actress,3
nm2686261,tt9786896,actor,5
nm17590464,tt9787140,actor,5
nm10309465,tt9789180,actress,8
nm2805221,tt9789266,actress,6
nm8432167,tt9789266,actor,7
nm0357264,tt9789346,actor,2
nm5852449,tt9789670,actor,1
nm10479922,tt9789686,actress,3
nm8282112,tt9794412,actor,6
nm2356251,tt9794942,actress,2
nm2813406,tt9800034,actor,10
nm3646923,tt9800670,actress,7
nm1234939,tt9801322,actor,5
nm1014528,tt9801368,actress,6
nm9408805,tt9805350,actress,5
nm9546798,tt9805498,actress,7
nm10689140,tt9805504,actor,9
nm4515254,tt9805996,actor,10
nm1210776,tt9806222,actor,9
nm13665356,tt9806300,actor,3
nm6302636,tt9806300,actress,2
nm1881003,tt9806304,actor,8
nm1082665,tt9806322,actor,4
nm5773448,tt9809006,actor,8
nm2292317,tt9809140,actress,8
nm1815427,tt9809432,actor,9
nm4877239,tt9810436,actress,1
nm1504972,tt9811374,actor,9
nm7478548,tt9812258,actress,4
nm0397034,tt9812614,actress,1
nm10494470,tt9815010,actress,10
nm1436194,tt9815014,actor,7
nm1855281,tt9815714,actor,6
nm15466514,tt9816188,actor,6
nm8495592,tt9816214,actor,6
nm5079417,tt9816550,actress,4
nm1891974,tt9816636,actress,9
nm4691742,tt9816636,actor,4
nm7961313,tt9816958,actor,2
nm1982933,tt9816988,actor,2
nm2544899,tt9817018,actress,8
nm5215308,tt9817190,actor,12
nm5394892,tt9817216,actor,6
nm0837360,tt9817814,actor,6
nm0609999,tt9817924,actor,1
nm1415008,tt9817938,actor,3
nm10494000,tt9818000,actor,2
nm5661080,tt9818000,actor,8
nm10299473,tt9818102,actress,5
nm11320331,tt9819206,actor,3
nm4181215,tt9820556,actor,1
nm4322312,tt9822864,actor,1
nm1193571,tt9822880,actor,1
nm10496611,tt9823554,actress,9
nm1273487,tt9823772,actress,4
nm0130736,tt9824114,actor,5
nm5527231,tt9827784,actor,4
nm0562210,tt9828802,actor,4
nm7465702,tt9828810,actress,5
nm5445942,tt9828814,actor,4
nm5664413,tt9828814,actress,9
nm1002207,tt9829108,actor,3
nm8587627,tt9831136,actor,10
nm0123699,tt9832110,actor,3
nm15449938,tt9833412,actor,10
nm0212541,tt9834062,actor,5
nm0537977,tt9834062,actor,10
nm7305760,tt9834062,actress,3
nm0559487,tt9834112,actor,2
nm4731146,tt9834210,actor,8
nm0592882,tt9834564,actress,2
nm10501332,tt9834798,actor,10
nm2308267,tt9838656,actor,7
nm3138747,tt9838780,actress,4
nm18293583,tt9839686,actor,6
nm5085187,tt9839686,actor,1
nm0845609,tt9841750,actor,3
nm4859779,tt9842792,actor,8
nm1113889,tt9843172,actor,10
nm10505042,tt9843224,actress,7
nm5459220,tt9843292,actor,2
nm6878947,tt9843390,actor,1
nm2119319,tt9843470,actress,4
nm10333406,tt9843742,actor,9
nm3755774,tt9844368,actor,9
nm1960447,tt9844938,actor,3
nm4741907,tt9847844,actor,8
nm1352922,tt9848452,actress,3
nm0244624,tt9848962,actor,9
nm6630514,tt9850084,actor,3
nm5907963,tt9850264,actor,1
nm0639403,tt9850740,actor,4
nm18570155,tt9851854,actor,10
nm0401286,tt9853452,actor,2
nm0847031,tt9854002,actor,7
nm0847396,tt9854002,actor,4
nm10512318,tt9855170,actor,6
nm5825055,tt9855832,actor,7
nm2151247,tt9855984,actor,5
nm2750358,tt9855984,actor,2
nm3700888,tt9856574,actor,4
nm11910236,tt9856710,actor,4
nm4400182,tt9859372,actor,4
nm0348481,tt9859574,actress,2
nm2435596,tt9860350,actress,8
nm5418927,tt9861192,actress,10
nm10521976,tt9861220,actor,8
nm13100499,tt9861230,actress,4
nm10514681,tt9861480,actor,10
nm7534999,tt9863566,actor,7
nm4392718,tt9866072,actor,5
nm10516433,tt9866208,actor,7
nm0709389,tt9866738,actor,6
nm7289094,tt9866916,actress,7
nm16397899,tt9869564,actor,2
nm0594055,tt9871328,actor,3
nm0757104,tt9871328,actor,7
nm10519522,tt9872618,actor,9
nm3500582,tt9873892,actress,3
nm10519747,tt9874290,actress,8
nm0560412,tt9876298,actor,1
nm2331110,tt9876298,actress,3
nm10520914,tt9876748,actress,2
nm10520917,tt9876748,actress,11
nm11589789,tt9877340,actress,7
nm9604380,tt9878246,actor,3
nm0590775,tt9878414,actress,1
nm6793833,tt9878650,actress,6
nm2745686,tt9879482,actress,8
nm10522456,tt9880212,actress,8
nm10523204,tt9881924,actor,8
nm10523730,tt9882532,actress,1
nm7760239,tt9882532,actor,10
nm10523966,tt9883020,actor,3
nm8886649,tt9883020,actress,7
nm9626334,tt9883020,actor,1
nm0633984,tt9883860,actress,3
nm10527044,tt9887180,actor,9
nm10525920,tt9887290,actor,3
nm7747251,tt9887520,actress,8
nm10507026,tt9889918,actress,9
nm4696728,tt9892094,actress,3
nm5684356,tt9892908,actress,6
nm0823563,tt9893158,actor,2
nm8956050,tt9893824,actor,10
nm10528886,tt9893878,actor,3
nm8706685,tt9894098,actor,5
nm11521183,tt9894450,actor,7
nm0446314,tt9894470,actor,5
nm5606446,tt9894470,actor,7
nm0457956,tt9894486,actress,6
nm1513044,tt9894660,actor,8
nm18626632,tt9897744,actor,10
nm0002517,tt9898086,actress,2
nm2285290,tt9898858,actor,8
nm11581622,tt9899850,actor,9
nm10531359,tt9899972,actress,5
nm10531656,tt9900552,actress,12
nm11095634,tt9900570,actor,9
nm8465573,tt9901532,actor,5
nm9097614,tt9902160,actress,9
nm1117631,tt9904004,actor,10
nm1649791,tt9905252,actor,6
nm7243877,tt9906644,actor,3
nm6076321,tt9907782,actress,8
nm10534853,tt9908636,actress,5
nm8821891,tt9910530,actress,1
nm10665960,tt9913936,actress,5
nm3175946,tt9913936,actor,10
nm10537553,tt9914828,actor,4
nm10823679,tt9914942,actor,1
nm1171534,tt9915592,actor,3
nm7886376,tt9915592,actor,9
nm0881986,tt9916362,actress,10
nm2933317,tt9916538,actor,6
nm8678236,tt9916538,actress,1
nm1778107,tt9916706,actor,1
nm3829870,tt9290986,actor,8
nm1945410,tt9291476,actress,9
nm10751251,tt9292336,actress,8
nm10264699,tt9293690,actor,5
nm8138176,tt9293752,actor,3
nm14302141,tt9294056,actor,8
nm6314039,tt9296214,actor,2
nm10268002,tt9296782,actress,8
nm8770322,tt9297172,actor,5
nm0791898,tt9301428,actress,3
nm0758545,tt9302912,actor,8
nm8153482,tt9303782,actor,8
nm10269162,tt9303968,actor,1
nm1186830,tt9305634,actor,9
nm8860518,tt9308022,actress,3
nm1939580,tt9308390,actor,4
nm11292934,tt9308452,actor,7
nm10270632,tt9309408,actor,3
nm5732876,tt9310280,actor,10
nm2683695,tt9311308,actor,8
nm3863014,tt9311308,actress,6
nm4841399,tt9313908,actor,10
nm4086303,tt9313910,actress,2
nm0913794,tt9315672,actress,6
nm2996301,tt9315904,actress,6
nm14954807,tt9316594,actor,9
nm1213235,tt9318310,actor,2
nm0375962,tt9318768,actor,1
nm0462164,tt9319544,actor,6
nm5296909,tt9319896,actor,3
nm8362121,tt9322476,actor,7
nm1948307,tt9323034,actor,8
nm5394209,tt9323784,actor,1
nm0001293,tt9324808,actor,9
nm2332350,tt9327378,actor,6
nm6814486,tt9327540,actress,1
nm5395237,tt9327782,actor,1
nm0321399,tt9328726,actor,1
nm3042800,tt9330400,actress,5
nm0000616,tt9330502,actor,2
nm2383070,tt9333202,actor,5
nm2153938,tt9333256,actor,7
nm10803020,tt9334342,actress,5
nm2609895,tt9335444,actor,9
nm0289357,tt9337518,actress,10
nm1662057,tt9337566,actor,9
nm9267325,tt9339796,actor,2
nm4325788,tt9339936,actor,1
nm6826659,tt9340486,actress,5
nm0232998,tt9340860,actor,9
nm10443677,tt9340872,actor,6
nm4104357,tt9341136,actress,1
nm3061531,tt9341668,actor,4
nm2670356,tt9345114,actress,10
nm9144786,tt9346636,actor,4
nm0483069,tt9347654,actress,1
nm10431750,tt9349056,actress,8
nm2388044,tt9350110,actor,5
nm4744613,tt9352262,actress,7
nm0544330,tt9354422,actress,3
nm2012038,tt9355126,actor,6
nm10292584,tt9356304,actor,1
nm10291262,tt9356708,actress,1
nm10292073,tt9357782,actor,4
nm3183937,tt9357860,actor,6
nm10292439,tt9358444,actor,9
nm1760439,tt9358486,actress,6
nm10292984,tt9359204,actor,4
nm13414110,tt9359560,actress,1
nm11075887,tt9359774,actor,1
nm0900651,tt9362492,actor,9
nm2257207,tt9362722,actor,9
nm0183504,tt9362736,actress,8
nm0970866,tt9363342,actor,4
nm10436897,tt9363990,actress,7
nm2979225,tt9364210,actress,1
nm9505536,tt9364228,actor,7
nm7384359,tt9364382,actress,2
nm7504486,tt9364382,actress,8
nm0006801,tt9364406,actor,9
nm11205874,tt9365762,actress,2
nm2153938,tt9365950,actor,9
nm13639494,tt9368384,actor,4
nm0030214,tt9369268,actress,1
nm2611061,tt9369990,actor,9
nm2363115,tt9370218,actor,10
nm1978793,tt9371576,actress,2
nm7194857,tt9371598,actress,5
nm3928107,tt9371666,actor,4
nm0108820,tt9372374,actor,10
nm2363115,tt9373218,actor,10
nm2395335,tt9373258,actor,7
nm1215228,tt9376118,actor,6
nm1267261,tt9376362,actor,4
nm0000706,tt9376612,actress,8
nm5425413,tt9377994,actress,1
nm11208304,tt9378416,actor,10
nm1642030,tt9379530,actor,6
nm7153454,tt9381994,actor,9
nm4609670,tt9382172,actor,9
nm11066861,tt9383658,actor,10
nm1566328,tt9383680,actor,2
nm2511502,tt9383680,actress,1
nm0451183,tt9383758,actor,8
nm7268239,tt9383772,actress,1
nm3333734,tt9384038,actor,8
nm5355266,tt9384038,actor,6
nm7233593,tt9384038,actor,1
nm2208322,tt9384126,actor,5
nm2960196,tt9384126,actor,2
nm8721279,tt9384126,actor,6
nm10355967,tt9384516,actor,6
nm1961450,tt9385870,actor,9
nm1099556,tt9389584,actor,9
nm4201639,tt9389802,actress,2
nm5850563,tt9389924,actor,9
nm0012881,tt9390026,actor,3
nm2130498,tt9390190,actress,1
nm5679766,tt9390194,actress,5
nm3837828,tt9390202,actor,8
nm6644577,tt9390240,actress,10
nm3797898,tt9390390,actress,7
nm4699858,tt9391986,actor,8
nm1047913,tt9392374,actor,10
nm8821921,tt9392532,actor,5
nm9576953,tt9394786,actress,7
nm11089187,tt9394826,actress,7
nm1315788,tt9395400,actress,1
nm10308241,tt9395776,actor,8
nm1955570,tt9396112,actor,4
nm0442910,tt9396984,actress,6
nm9910291,tt9398530,actress,6
nm4563744,tt9399168,actress,3
nm4383118,tt9399712,actor,2
nm2412978,tt9402530,actress,6
nm5665829,tt9403584,actor,7
nm0404003,tt9404596,actor,2
nm18663444,tt9405490,actor,10
nm10888785,tt9405714,actress,3
nm1975511,tt9406926,actor,2
nm7430811,tt9407558,actor,3
nm9629822,tt9407558,actor,8
nm10313353,tt9407706,actress,10
nm3756798,tt9408490,actor,9
nm12111895,tt9408568,actress,10
nm10418805,tt9408742,actor,9
nm0058537,tt9409660,actress,3
nm10358826,tt9412088,actress,7
nm8630035,tt9412202,actor,1
nm11041863,tt9412268,actor,8
nm2258163,tt9414690,actor,5
nm1351206,tt9415108,actor,5
nm2876954,tt9415480,actor,7
nm0157374,tt9415560,actress,4
nm3702255,tt9416094,actor,3
nm2418329,tt9416478,actor,1
nm2131780,tt9418878,actor,6
nm0604430,tt9419056,actor,6
nm2016157,tt9419752,actress,3
nm3223090,tt9419752,actress,1
nm4674421,tt9420024,actor,5
nm10014033,tt9420344,actress,9
nm2898907,tt9420344,actress,10
nm4274135,tt9422166,actor,6
nm7329204,tt9423080,actor,6
nm4207629,tt9425078,actor,5
nm2740210,tt9425650,actress,3
nm7928683,tt9425650,actress,6
nm0115161,tt9425856,actress,1
nm0451483,tt9426802,actor,4
nm1464310,tt9426802,actor,3
nm2321118,tt9426802,actor,8
nm6924159,tt9426802,actor,2
nm0532778,tt9426974,actress,3
nm0811910,tt9426974,actress,2
nm1526347,tt9427166,actress,3
nm11398460,tt9428746,actor,1
nm10661860,tt9430578,actor,6
nm0674816,tt9431080,actress,8
nm2418329,tt9433064,actor,2
nm6353289,tt9433466,actress,3
nm8524845,tt9433466,actor,10
nm5257187,tt9434968,actor,5
nm4852549,tt9435162,actress,10
nm10326803,tt9436682,actor,10
nm8819208,tt9439344,actor,10
nm3858576,tt9441934,actor,9
nm7812059,tt9441934,actress,7
nm10328670,tt9442146,actress,10
nm1796812,tt9442324,actor,8
nm10328867,tt9442780,actor,1
nm2680994,tt9442920,actress,11
nm4346582,tt9442920,actress,8
nm12083607,tt9445306,actor,5
nm4231730,tt9446952,actor,1
nm14997692,tt9447444,actress,10
nm7677571,tt9447662,actor,8
nm0419677,tt9448362,actor,3
nm0174909,tt9448932,actress,3
nm1822358,tt9449952,actor,3
nm10627022,tt9450384,actress,1
nm10446092,tt9452304,actress,8
nm2910622,tt9452878,actor,8
nm9488941,tt9454070,actor,5
nm9113372,tt9454176,actor,1
nm9603462,tt9454554,actor,9
nm0899042,tt9455100,actress,4
nm12385551,tt9460478,actor,4
nm8065943,tt9460596,actor,6
nm0618936,tt9460808,actress,7
nm0411196,tt9461104,actress,3
nm5676682,tt9461492,actor,10
nm9230974,tt9462578,actor,4
nm0325943,tt9464000,actress,6
nm6012247,tt9464000,actress,1
nm12081924,tt9465024,actress,6
nm0005171,tt9465600,actor,3
nm4443845,tt9465624,actress,1
nm10340069,tt9466032,actor,2
nm0645011,tt9466096,actor,9
nm8635807,tt9466814,actress,4
nm4186597,tt9471502,actor,2
nm10188585,tt9471784,actress,3
nm10342517,tt9472074,actor,9
nm9925161,tt9472074,actor,2
nm8389782,tt9479454,actor,3
nm2331110,tt9480692,actress,4
nm1244898,tt9481776,actor,5
nm8432165,tt9481776,actor,2
nm0799777,tt9484998,actor,3
nm1296300,tt9485062,actor,5
nm1388343,tt9485062,actor,7
nm2384746,tt9485062,actor,3
nm10348167,tt9485772,actor,8
nm10349455,tt9486594,actor,5
nm0784111,tt9487594,actor,7
nm10349255,tt9487802,actress,1
nm10689232,tt9488378,actor,9
nm12938880,tt9490414,actress,9
nm3704574,tt9490414,actress,2
nm6133756,tt9490414,actor,1
nm1989801,tt9490990,actor,4
nm0001816,tt9491292,actor,1
nm10352265,tt9496420,actor,2
nm0369809,tt9496866,actor,5
nm0773533,tt9496866,actor,1
nm10353280,tt9499850,actor,10
nm0847224,tt9499932,actress,10
nm1912546,tt9499932,actor,1
nm1698738,tt9500372,actor,3
nm0590906,tt9505212,actor,1
nm0464522,tt9506474,actor,4
nm7077964,tt9506474,actor,10
nm10147280,tt9506724,actor,10
nm0457860,tt9514782,actor,6
nm9094972,tt9515150,actor,4
nm1136654,tt9516312,actor,5
nm7533976,tt9517348,actor,5
nm1442720,tt9522000,actor,6
nm0645502,tt9522074,actress,6
nm14753470,tt9522946,actor,1
nm10364391,tt9525352,actor,6
nm0000840,tt9526044,actress,7
nm10364123,tt9526154,actress,1
nm10376625,tt9526156,actor,10
nm10364995,tt9526262,actor,5
nm10365245,tt9526760,actress,9
nm9954803,tt9526884,actor,8
nm5508008,tt9529302,actor,3
nm0998429,tt9529556,actor,4
nm5677494,tt9529640,actress,2
nm8692649,tt9529740,actress,1
nm0624383,tt9529752,actress,8
nm12203709,tt9529756,actress,11
nm8777468,tt9530954,actor,10
nm10469118,tt9531094,actor,8
nm10030077,tt9531776,actress,6
nm1030417,tt9534714,actress,7
nm1408453,tt9534808,actor,10
nm3789806,tt9535950,actor,3
nm10369423,tt9536804,actor,3
nm10369653,tt9537122,actor,8
nm2284321,tt9537292,actor,10
nm3993149,tt9537346,actor,1
nm7693842,tt9537888,actor,5
nm10384216,tt9537936,actor,5
nm4077309,tt9540702,actor,8
nm1524484,tt9540862,actor,6
nm10894112,tt9542460,actress,3
nm10390506,tt9543780,actor,9
nm0754333,tt9546082,actor,5
nm3876657,tt9548438,actress,5
nm1505370,tt9551424,actress,6
nm2786305,tt9551682,actor,3
nm4233819,tt9552162,actress,8
nm5301216,tt9552352,actor,3
nm10377015,tt9553096,actor,2
nm6050501,tt9554316,actor,1
nm3860014,tt9554846,actor,1
nm3533739,tt9556104,actress,7
nm5400786,tt9557332,actor,6
nm1244898,tt9557810,actor,8
nm10379181,tt9557820,actress,2
nm2863907,tt9557854,actress,7
nm16424073,tt9558604,actress,9
nm10379925,tt9560092,actor,5
nm0375990,tt9561388,actor,2
nm10381044,tt9562978,actor,8
nm0437482,tt9564364,actor,6
nm1401864,tt9569096,actress,7
nm0285726,tt9569504,actress,5
nm3819470,tt9569610,actress,7
nm10385070,tt9569732,actor,7
nm16405069,tt9569732,actor,4
nm0200144,tt9573180,actress,9
nm0364028,tt9573180,actor,3
nm7662319,tt9574912,actor,4
nm0525715,tt9574922,actor,1
nm1257423,tt9575164,actor,6
nm10436515,tt9576232,actress,3
nm0867391,tt9576824,actor,9
nm10392805,tt9581258,actor,9
nm3101031,tt9581478,actor,9
nm8398350,tt9581560,actress,10
nm1959001,tt9581840,actress,1
nm0706670,tt9581978,actor,7
nm1083093,tt9584730,actor,8
nm1326732,tt9584814,actress,4
nm10386207,tt9584830,actor,4
nm7202786,tt9585116,actor,1
nm5413582,tt9587604,actor,7
nm5190468,tt9588024,actress,8
nm4951669,tt9590554,actor,6
nm1550913,tt9592364,actor,6
nm10518004,tt9593000,actor,6
nm1674835,tt9595360,actor,5
nm8105906,tt9595360,actor,1
nm11139916,tt9596638,actor,1
nm5610356,tt9596638,actor,6
nm11163700,tt9597404,actor,8
nm3441586,tt9597404,actress,2
nm1807968,tt9597838,actor,5
nm9904394,tt9597902,actress,9
nm1141172,tt9598172,actor,5
nm8879762,tt9598834,actor,7
nm8818698,tt9600274,actor,9
nm8400631,tt9600964,actor,8
nm5266794,tt9601292,actress,10
nm13423729,tt9602472,actress,11
nm2064962,tt9602712,actor,2
nm10400620,tt9602716,actor,8
nm12231900,tt9602804,actor,6
nm0001089,tt9603208,actor,7
nm0416077,tt9603216,actress,4
nm0202135,tt9604142,actor,2
nm0593930,tt9604142,actress,7
nm0594640,tt9604142,actor,8
nm8348095,tt9604202,actress,4
nm1666541,tt9604418,actor,5
nm9447271,tt9604790,actress,4
nm5800241,tt9606700,actor,8
nm9427108,tt9611542,actor,10
nm3768355,tt9612164,actress,9
nm3838543,tt9612368,actress,5
nm7317659,tt9612368,actor,8
nm7373606,tt9612368,actor,1
nm0234035,tt9612892,actor,8
nm7664209,tt9613316,actress,1
nm11638994,tt9614414,actor,5
nm4694127,tt9614440,actor,3
nm5906570,tt9614452,actor,10
nm1962272,tt9615016,actor,1
nm9714813,tt9615610,actress,9
nm2955024,tt9615680,actor,3
nm0000446,tt9617560,actress,7
nm0005246,tt9617560,actor,2
nm0209301,tt9618098,actress,6
nm4254152,tt9618524,actor,5
nm1239720,tt9619402,actress,8
nm10408836,tt9619578,actor,9
nm0865302,tt9619824,actor,10
nm2113653,tt9619824,actor,4
nm8766941,tt9619824,actress,1
nm10409081,tt9619962,actress,7
nm5551642,tt9620254,actor,9
nm0000538,tt9621284,actor,8
nm4648862,tt9621284,actor,10
nm1432775,tt9621580,actor,8
nm3207345,tt9621580,actor,7
nm4152754,tt9625672,actress,2
nm11663342,tt9631700,actress,4
nm11663355,tt9631700,actress,8
nm11130701,tt9631944,actor,4
nm0051765,tt9631948,actor,5
nm10445501,tt9634958,actress,10
nm1782710,tt9635772,actress,4
nm1711156,tt9636630,actress,1
nm10935353,tt9641602,actor,2
nm0346295,tt9642962,actress,5
nm7561884,tt9642962,actor,9
nm0951954,tt9643092,actor,7
nm2010689,tt9643092,actress,5
nm4933812,tt9643108,actor,2
nm0699952,tt9646400,actress,10
nm0196710,tt9647298,actor,9
nm3810471,tt9648672,actor,8
nm1908872,tt9648942,actress,5
nm0410914,tt9652990,actress,3
nm6170557,tt9653108,actress,5
nm1290816,tt9653352,actress,3
nm0387133,tt9654240,actor,4
nm10423872,tt9654830,actress,4
nm5613530,tt9655758,actor,2
nm0498076,tt9657076,actor,9
nm2613100,tt9657076,actor,3
nm9678377,tt9657158,actor,1
nm9193136,tt9657764,actress,4
nm10879336,tt9658034,actor,7
nm2783722,tt9658966,actor,9
nm3359670,tt9660170,actor,9
nm0410965,tt9660472,actor,7
nm13575723,tt9660502,actor,2
nm3172796,tt9660688,actress,7
nm10427466,tt9662266,actress,4
nm0011775,tt9663702,actress,2
nm12900522,tt9663702,actor,6
nm13062881,tt9663702,actor,8
nm3018878,tt9663764,actress,10
nm10109408,tt9664514,actor,10
nm9574516,tt9664732,actress,5
nm6216421,tt9668280,actor,2
nm1855651,tt9668358,actor,3
nm1699042,tt9669470,actor,10
nm6249052,tt9670458,actress,9
nm0019382,tt9670540,actor,4
nm0652798,tt9672244,actor,2
nm11380875,tt9672824,actor,5
nm0000732,tt9673224,actor,1
nm7703059,tt9673548,actor,2
nm10681866,tt9675374,actress,9
nm11455245,tt9676242,actress,4
nm3078460,tt9677100,actor,8
nm9589107,tt9678460,actress,10
nm1310741,tt9678750,actor,6
nm11596712,tt9679552,actor,5
nm6269780,tt9680136,actor,4
nm4287294,tt9680148,actor,2
nm4158850,tt9680256,actress,7
nm8935375,tt9681250,actress,2
nm0434263,tt9683268,actor,3
nm8159701,tt9683478,actor,2
nm12474073,tt9683854,actor,8
nm8857993,tt9685652,actor,6
nm10438092,tt9685686,actor,4
nm5555747,tt9686790,actress,9
nm0590931,tt9689664,actress,9
nm0398801,tt9689922,actor,1
nm10444269,tt9690184,actor,5
nm2637702,tt9690790,actress,9
nm1701384,tt9690818,actor,8
nm11474124,tt9694682,actress,9
nm0208704,tt9695308,actor,4
nm13344988,tt9695524,actress,1
nm0793731,tt9697476,actor,3
nm12008515,tt9697780,actor,10
nm7899183,tt9699620,actor,7
nm0000367,tt9699640,actor,2
nm0290593,tt9700984,actress,1
nm12014030,tt9701082,actress,10
nm8725042,tt9701230,actor,4
nm0721216,tt9707580,actress,4
nm0437140,tt9710572,actor,7
nm10448110,tt9713802,actor,2
nm11896238,tt9714030,actor,6
nm3041466,tt9715438,actor,7
nm10449223,tt9716470,actor,9
nm2791178,tt9717270,actor,2
nm5643341,tt9719864,actor,5
nm10484853,tt9723240,actor,3
nm10451474,tt9723286,actor,3
nm0497888,tt9723326,actor,3
nm9844471,tt9724068,actor,2
nm0476821,tt9724734,actor,2
nm12538871,tt9724734,actor,5
nm3056196,tt9724734,actor,9
nm3756556,tt9724734,actress,7
nm10615585,tt9725058,actress,8
nm6931894,tt9725058,actor,6
nm0926970,tt9726146,actor,2
nm10452940,tt9726794,actress,10
nm5107323,tt9727546,actor,4
nm6412100,tt9728306,actor,1
nm10455705,tt9728816,actor,10
nm0586520,tt9729206,actress,7
nm10453506,tt9730794,actor,3
nm10454403,tt9730794,actress,5
nm1231867,tt9730822,actor,7
nm10080055,tt9730866,actor,8
nm10454587,tt9731034,actor,3
nm8767964,tt9731034,actor,9
nm9105542,tt9731172,actor,3
nm7874279,tt9731386,actor,3
nm2834669,tt9731598,actress,9
nm8573878,tt9731752,actor,3
nm7666800,tt9732214,actor,9
nm10238004,tt9733108,actor,4
nm0412850,tt9735758,actress,7
nm0885934,tt9735790,actress,6
nm0601041,tt9735976,actress,2
nm9481215,tt9736978,actor,1
nm0620657,tt9737258,actor,5
nm0411203,tt9738436,actress,10
nm1141223,tt9738436,actress,5
nm8892639,tt9739410,actor,7
nm2827761,tt9740198,actress,10
nm10866355,tt9741186,actor,9
nm6136290,tt9741478,actress,3
nm8191940,tt9742106,actress,5
nm10459423,tt9742166,actor,10
nm0876847,tt9742372,actor,10
nm6170424,tt9742438,actor,3
nm2791239,tt9742582,actress,2
nm3674507,tt9742628,actress,5
nm0727165,tt9742794,actor,3
nm0846630,tt9746392,actor,9
nm9057480,tt9746392,actress,8
nm4404400,tt9747230,actor,6
nm4482064,tt9747396,actor,2
nm2441202,tt9753314,actor,1
nm0023205,tt9754992,actor,4
nm6786312,tt9755252,actor,6
nm11698716,tt9755608,actor,6
nm9507137,tt9755680,actor,8
nm1106048,tt9759754,actor,1
nm6208402,tt9759754,actress,9
nm6293177,tt9759754,actor,10
nm4859271,tt9760426,actor,1
nm10813425,tt9760512,actress,7
nm8531722,tt9760512,actor,8
nm10470415,tt9760590,actress,9
nm3154399,tt9760590,actor,4
nm0441377,tt9763792,actor,10
nm0000491,tt9764362,actor,7
nm0509937,tt9764362,actress,10
nm10484884,tt9764556,actress,4
nm0015176,tt9764634,actor,4
nm4258129,tt9764654,actress,2
nm13642852,tt9765144,actor,10
nm10468604,tt9765542,actress,8
nm3297448,tt9765842,actress,8
nm1137340,tt9766280,actress,2
nm10203651,tt9766332,actor,9
nm18131533,tt9767390,actress,8
nm0000531,tt9770150,actress,1
nm9327029,tt9770432,actress,10
nm3678494,tt9772164,actor,3
nm4468587,tt9773182,actor,7
nm8554087,tt9775932,actor,7
nm2661912,tt9777352,actress,4
nm11720303,tt9777394,actor,6
nm10474378,tt9777766,actor,7
nm0846484,tt9777790,actress,6
nm11004104,tt9777820,actor,5
nm4479881,tt9777882,actor,2
nm10866046,tt9778888,actor,10
nm0361696,tt9779352,actor,7
nm0434595,tt9779352,actor,8
nm10078267,tt9779516,actor,6
nm0793674,tt9782800,actor,8
nm0949045,tt9782800,actress,1
nm0437140,tt9783658,actor,8
nm10476706,tt9783698,actress,7
nm10559851,tt9783698,actress,2
nm3600675,tt9783730,actor,9
nm7176425,tt9784068,actress,2
nm0538303,tt9784088,actress,5
nm0793674,tt9784638,actor,1
nm1001213,tt9788168,actor,4
nm6268102,tt9789042,actress,7
nm5692465,tt9789180,actor,1
nm0847291,tt9789390,actor,4
nm10207272,tt9791552,actor,5
nm3617013,tt9795052,actress,7
nm0775650,tt9796718,actor,4
nm13394289,tt9799640,actress,10
nm10805801,tt9799984,actor,8
nm11844089,tt9800048,actress,10
nm0615531,tt9800096,actor,11
nm10484773,tt9800124,actress,4
nm8016794,tt9800124,actor,10
nm0766316,tt9800234,actor,1
nm9554659,tt9800604,actress,4
nm0350273,tt9801736,actor,3
nm1131152,tt9803316,actress,1
nm10487111,tt9805208,actor,6
nm6652333,tt9805996,actress,8
nm6703408,tt9806304,actor,4
nm1269088,tt9806336,actor,2
nm0868479,tt9806468,actress,5
nm5878003,tt9808686,actor,8
nm10488762,tt9808842,actor,1
nm0911333,tt9808874,actress,2
nm10491040,tt9811798,actor,4
nm4162452,tt9812236,actor,7
nm0610459,tt9812258,actor,1
nm5672421,tt9812258,actor,7
nm0350273,tt9812474,actor,2
nm16393669,tt9812474,actress,6
nm16393671,tt9812474,actress,5
nm0001745,tt9812614,actor,2
nm10509918,tt9812614,actor,4
nm2061923,tt9815014,actor,10
nm0485707,tt9815990,actor,3
nm0682970,tt9815998,actress,6
nm1000331,tt9816550,actress,1
nm1364109,tt9816816,actor,10
nm2546442,tt9816970,actor,1
nm6019782,tt9817190,actress,7
nm7538277,tt9817680,actor,2
nm11322760,tt9818000,actress,5
nm0041308,tt9818148,actress,3
nm0322563,tt9820352,actor,9
nm1143429,tt9820556,actor,6
nm0766005,tt9820628,actor,5
nm5169583,tt9820628,actress,2
nm0434593,tt9821108,actress,4
nm13062881,tt9822880,actor,4
nm1338476,tt9823170,actress,6
nm1167988,tt9823562,actor,9
nm2646872,tt9823634,actor,6
nm10497421,tt9826126,actress,2
nm0319826,tt9827834,actress,10
nm0099560,tt9828802,actor,3
nm10685473,tt9828802,actor,6
nm8358334,tt9828810,actress,8
nm5194234,tt9828814,actress,7
nm2827761,tt9829006,actress,3
nm2595872,tt9829108,actor,9
nm6775229,tt9832350,actress,8
nm0407435,tt9832396,actor,10
nm10880668,tt9833044,actress,6
nm0419660,tt9834210,actress,3
nm0029771,tt9834506,actor,4
nm0480658,tt9834506,actress,7
nm0961121,tt9834506,actress,6
nm8080155,tt9834506,actor,8
nm3272216,tt9834798,actress,8
nm7657703,tt9838372,actress,7
nm9605400,tt9838916,actress,8
nm5092846,tt9839686,actress,2
nm7522509,tt9839686,actor,3
nm10503692,tt9840806,actor,1
nm0947989,tt9841750,actor,8
nm10505054,tt9843224,actress,10
nm0142790,tt9843470,actress,7
nm10506337,tt9844772,actor,6
nm2336813,tt9844892,actor,6
nm10506446,tt9844944,actor,9
nm5377439,tt9844944,actress,11
nm4915334,tt9845036,actress,3
nm0238475,tt9845110,actress,3
nm3056676,tt9846922,actor,5
nm5454914,tt9846922,actor,1
nm9600356,tt9847844,actress,2
nm0070771,tt9848452,actor,1
nm3786184,tt9848972,actress,3
nm16586128,tt9850064,actor,10
nm10535703,tt9850116,actress,7
nm10994971,tt9851854,actress,6
nm4763574,tt9851990,actress,4
nm10510270,tt9852508,actress,2
nm9429407,tt9852508,actor,3
nm1303983,tt9853264,actress,3
nm9234863,tt9853452,actor,6
nm7883974,tt9854058,actress,9
nm1361690,tt9855510,actress,9
nm10511707,tt9855578,actress,7
nm2983438,tt9856606,actress,10
nm0436315,tt9861254,actor,10
nm8468017,tt9861288,actress,9
nm0071044,tt9861316,actor,2
nm5985010,tt9861316,actor,5
nm0084270,tt9861480,actor,3
nm9057632,tt9861480,actress,7
nm4519203,tt9864800,actress,1
nm7260732,tt9864800,actor,8
nm10516647,tt9865010,actress,10
nm0731075,tt9866072,actress,1
nm10516629,tt9866394,actress,5
nm10520202,tt9866700,actor,8
nm11140652,tt9866736,actor,9
nm5551869,tt9866738,actor,5
nm4028885,tt9867628,actor,1
nm9240672,tt9870502,actor,8
nm4373363,tt9872618,actor,2
nm7733262,tt9873652,actress,3
nm9786539,tt9873652,actor,1
nm10519748,tt9874290,actor,9
nm7583179,tt9874290,actor,3
nm6684661,tt9875128,actress,8
nm10152723,tt9876150,actor,1
nm8470426,tt9876160,actress,7
nm1184348,tt9876296,actor,9
nm2215249,tt9876296,actor,5
nm7583177,tt9876412,actress,6
nm1335091,tt9877846,actor,5
nm5242011,tt9878242,actress,5
nm1089136,tt9878246,actress,1
nm7619400,tt9878246,actor,5
nm0881540,tt9878414,actress,4
nm5541953,tt9881364,actress,8
nm3198758,tt9881678,actor,2
nm1434433,tt9886872,actor,9
nm8054476,tt9887130,actor,1
nm1985070,tt9887520,actress,5
nm10862811,tt9887580,actor,9
nm10526496,tt9888560,actor,4
nm2125813,tt9889218,actress,7
nm4318528,tt9890308,actress,9
nm8373689,tt9890758,actress,5
nm1647994,tt9892546,actress,1
nm7459846,tt9892546,actor,8
nm10528040,tt9892770,actor,2
nm10528045,tt9892770,actor,8
nm9031122,tt9892770,actress,1
nm10313614,tt9892908,actress,8
nm2082436,tt9893824,actor,8
nm5763330,tt9894098,actor,3
nm0256890,tt9894440,actress,3
nm0489858,tt9894440,actor,2
nm10868748,tt9894450,actor,10
nm1649761,tt9894486,actor,7
nm3588309,tt9894894,actress,9
nm4453291,tt9895024,actor,5
nm7627852,tt9897258,actress,5
nm11661727,tt9898844,actor,8
nm3552604,tt9898858,actor,10
nm7922711,tt9899860,actor,4
nm4387862,tt9900060,actor,10
nm16259818,tt9900388,actress,6
nm0754273,tt9900390,actress,8
nm3706712,tt9900396,actress,4
nm6297249,tt9900396,actor,5
nm6297250,tt9900396,actor,3
nm11885715,tt9901532,actress,10
nm10532910,tt9903968,actor,8
nm4885148,tt9904648,actor,6
nm1288343,tt9905224,actor,4
nm10535370,tt9909656,actor,5
nm10814833,tt9914942,actress,2
nm10538308,tt9916124,actress,8
nm2585097,tt9916706,actor,2
nm8334221,tt9291866,actor,7
nm2783697,tt9293690,actor,7
nm8600510,tt9294056,actor,7
nm0654876,tt9296084,actor,10
nm1466372,tt9296106,actor,4
nm8843555,tt9296782,actor,6
nm10267128,tt9298624,actress,2
nm2111813,tt9299568,actor,8
nm3113678,tt9299590,actor,7
nm4692269,tt9299590,actor,8
nm6128366,tt9303658,actress,6
nm4535489,tt9303696,actress,3
nm2420168,tt9303778,actress,2
nm4140819,tt9303778,actor,10
nm5480083,tt9303778,actress,9
nm4060528,tt9303782,actor,5
nm11777608,tt9307666,actress,9
nm7351489,tt9308170,actor,6
nm7186028,tt9309408,actor,2
nm8599411,tt9309408,actress,1
nm10501867,tt9309546,actress,10
nm1831995,tt9309568,actor,1
nm0774634,tt9310544,actor,4
nm10157807,tt9311308,actress,3
nm10272988,tt9313780,actor,4
nm0554112,tt9313908,actress,3
nm1352128,tt9315904,actor,9
nm13718764,tt9317274,actor,6
nm3135462,tt9318768,actor,6
nm0875364,tt9318772,actor,7
nm0913822,tt9318772,actor,1
nm10275431,tt9319836,actor,1
nm11669139,tt9319836,actor,10
nm7023816,tt9319840,actor,9
nm10317255,tt9319868,actor,1
nm2243737,tt9319896,actor,7
nm2602858,tt9319960,actress,6
nm12485298,tt9320140,actress,5
nm4122123,tt9320140,actor,10
nm3894232,tt9322476,actor,2
nm10276749,tt9324428,actor,2
nm8916809,tt9326646,actor,1
nm0858255,tt9326772,actor,5
nm0309504,tt9326956,actor,9
nm0747365,tt9326956,actor,10
nm6534475,tt9327378,actress,8
nm8139485,tt9327378,actor,9
nm6506136,tt9328744,actor,10
nm1421465,tt9330112,actress,8
nm1688981,tt9330332,actor,8
nm7412230,tt9330648,actress,10
nm3238945,tt9331556,actress,5
nm10396875,tt9331932,actor,10
nm8051851,tt9332664,actress,2
nm3318140,tt9332680,actress,10
nm7874640,tt9333358,actor,5
nm1126723,tt9335210,actor,7
nm6836377,tt9335210,actress,9
nm7918400,tt9335892,actress,10
nm15861973,tt9336300,actor,11
nm1209192,tt9336434,actor,6
nm0337042,tt9337518,actress,3
nm1824944,tt9340744,actor,4
nm10278434,tt9342250,actress,6
nm10278449,tt9342250,actress,5
nm7224971,tt9342618,actress,1
nm2363115,tt9343700,actor,4
nm7548984,tt9343758,actor,5
nm0051765,tt9343780,actor,1
nm3749108,tt9343826,actor,3
nm2255289,tt9344454,actress,5
nm10285136,tt9347476,actress,5
nm10287372,tt9347518,actress,7
nm4658934,tt9347672,actress,2
nm3559559,tt9348296,actor,8
nm10337380,tt9348546,actor,9
nm5046424,tt9348566,actress,3
nm5437493,tt9348752,actor,7
nm10561901,tt9349898,actress,1
nm10561903,tt9349898,actor,5
nm4114538,tt9351112,actor,8
nm9090581,tt9351856,actress,7
nm6084330,tt9352262,actor,4
nm10290451,tt9354450,actor,5
nm10295049,tt9354450,actor,10
nm2796745,tt9354944,actor,1
nm10290749,tt9355126,actor,5
nm1172173,tt9355162,actor,6
nm1589064,tt9355200,actress,2
nm0992694,tt9357050,actor,5
nm10292386,tt9358398,actor,2
nm3753264,tt9358444,actress,8
nm5493599,tt9358480,actor,4
nm10292982,tt9359204,actress,2
nm9477979,tt9359348,actress,9
nm7929495,tt9359754,actor,4
nm7929499,tt9359754,actor,5
nm11112420,tt9359774,actor,10
nm2609895,tt9360280,actor,5
nm0200806,tt9361292,actress,4
nm1539197,tt9361322,actress,1
nm0815970,tt9362694,actress,1
nm6429677,tt9363990,actress,10
nm3619740,tt9364210,actor,10
nm3432415,tt9364228,actor,2
nm5688481,tt9364494,actor,4
nm2841309,tt9364848,actor,10
nm1596219,tt9365634,actor,5
nm0051856,tt9367742,actor,6
nm10067140,tt9367850,actress,8
nm9261695,tt9368200,actor,8
nm13639493,tt9368384,actor,2
nm13639500,tt9368384,actress,10
nm10009653,tt9368628,actor,12
nm10086745,tt9368628,actress,4
nm0376891,tt9369268,actress,5
nm0419653,tt9370232,actress,6
nm2153938,tt9371734,actor,6
nm2146863,tt9372116,actress,10
nm4225981,tt9372172,actress,3
nm6875292,tt9372172,actor,8
nm7613653,tt9372374,actress,3
nm10298694,tt9372746,actor,4
nm0051765,tt9373258,actor,1
nm0069974,tt9373894,actor,9
nm0858808,tt9376362,actor,8
nm0501218,tt9377978,actor,10
nm9327020,tt9377978,actress,5
nm6568152,tt9378600,actor,10
nm7580719,tt9378600,actor,1
nm10303427,tt9381742,actor,9
nm0883684,tt9383680,actress,5
nm0156928,tt9386508,actor,2
nm1401022,tt9387250,actor,2
nm1372258,tt9387352,actor,5
nm4241366,tt9389562,actor,3
nm5193529,tt9389562,actor,1
nm8930145,tt9389622,actor,6
nm3764981,tt9389916,actress,3
nm8903984,tt9390058,actor,2
nm15677957,tt9390218,actor,3
nm10963282,tt9390222,actor,10
nm7077277,tt9390240,actor,8
nm3853047,tt9390254,actress,8
nm1285427,tt9391920,actress,4
nm11001251,tt9392374,actress,2
nm2254074,tt9392374,actress,1
nm10308175,tt9395714,actor,3
nm0407401,tt9397742,actress,2
nm1961204,tt9399168,actor,8
nm3701137,tt9402676,actor,3
nm17549786,tt9404442,actor,7
nm1291827,tt9408490,actor,1
nm10975210,tt9408648,actress,7
nm4668497,tt9408648,actress,2
nm0051765,tt9409096,actor,1
nm7613074,tt9409854,actor,4
nm0000161,tt9411866,actress,4
nm1787887,tt9412268,actress,1
nm5660559,tt9412514,actor,9
nm10137386,tt9412726,actress,5
nm0590985,tt9413114,actor,4
nm1027715,tt9414684,actress,1
nm5046950,tt9414684,actress,3
nm10316647,tt9416282,actress,4
nm10316741,tt9416854,actress,9
nm12524298,tt9418812,actress,9
nm0000144,tt9419056,actor,5
nm8408599,tt9419056,actress,2
nm4263664,tt9419730,actress,5
nm3251574,tt9419752,actor,8
nm3755586,tt9422724,actor,1
nm18127912,tt9425856,actress,9
nm4827066,tt9426944,actor,4
nm10858690,tt9427636,actress,8
nm0419894,tt9428050,actor,5
nm2851426,tt9428246,actress,4
nm10680112,tt9429444,actor,3
nm17128682,tt9430518,actress,8
nm10323697,tt9430574,actress,8
nm14490911,tt9431072,actress,6
nm8602656,tt9431096,actor,9
nm3627683,tt9432338,actor,9
nm1699275,tt9434968,actress,6
nm0623938,tt9436632,actor,8
nm0837096,tt9436632,actor,5
nm10350257,tt9437052,actor,10
nm7899531,tt9439344,actress,2
nm1109334,tt9440660,actor,6
nm4383366,tt9442046,actor,4
nm2525214,tt9442146,actor,9
nm9161742,tt9442890,actor,8
nm3400134,tt9445930,actor,1
nm0430825,tt9447444,actor,5
nm4961715,tt9448340,actress,7
nm4381014,tt9448932,actress,2
nm6447404,tt9451848,actor,8
nm10335324,tt9452304,actress,5
nm2660163,tt9454070,actress,10
nm8696788,tt9454778,actor,5
nm5698254,tt9455468,actor,8
nm0740490,tt9458220,actor,3
nm2349190,tt9460422,actress,5
nm2260168,tt9460478,actor,1
nm6009491,tt9460808,actress,6
nm9680899,tt9460914,actress,9
nm10338578,tt9464654,actor,6
nm2416407,tt9465518,actor,9
nm10339339,tt9466070,actor,10
nm4805391,tt9466320,actor,10
nm4703125,tt9467386,actress,4
nm4472514,tt9469296,actor,8
nm0317561,tt9471816,actor,2
nm1775058,tt9471828,actor,7
nm0389384,tt9471930,actor,3
nm5294081,tt9472142,actress,2
nm0352195,tt9472442,actor,2
nm0527959,tt9472442,actor,6
nm8022839,tt9472658,actress,3
nm11982840,tt9474340,actor,5
nm1911033,tt9476430,actor,1
nm5799983,tt9477066,actress,8
nm4318090,tt9477132,actor,4
nm1367730,tt9477520,actor,4
nm10344555,tt9477594,actress,7
nm0671026,tt9486128,actor,8
nm0690743,tt9486128,actress,4
nm8855973,tt9486184,actress,1
nm0494270,tt9487594,actress,6
nm4792489,tt9490122,actor,6
nm0592398,tt9490150,actor,9
nm7609206,tt9490972,actor,2
nm7609213,tt9490972,actor,7
nm10353327,tt9491338,actress,2
nm0867603,tt9495122,actor,2
nm0438496,tt9496212,actor,3
nm1397536,tt9496212,actress,10
nm0482261,tt9496866,actor,10
nm5828513,tt9497760,actress,11
nm1728008,tt9499850,actor,2
nm6464840,tt9500864,actress,10
nm1268681,tt9501678,actor,9
nm10362810,tt9503764,actor,6
nm0785755,tt9503782,actor,10
nm0299203,tt9505212,actress,9
nm10257126,tt9505224,actor,8
nm10751495,tt9505224,actor,7
nm0394661,tt9506678,actor,2
nm10358003,tt9511256,actor,6
nm10358007,tt9511256,actor,10
nm3030100,tt9511468,actor,2
nm9421636,tt9511550,actor,8
nm0359181,tt9513644,actor,9
nm7837949,tt9515150,actress,3
nm4416397,tt9515792,actress,5
nm5764657,tt9517348,actor,7
nm7693957,tt9521590,actor,5
nm0847353,tt9522000,actress,7
nm0299397,tt9522074,actress,4
nm10363320,tt9522074,actor,10
nm10786231,tt9523206,actor,6
nm8916615,tt9523206,actor,2
nm10364389,tt9525352,actress,3
nm10465963,tt9525958,actress,6
nm11351102,tt9526090,actor,7
nm9532877,tt9526090,actor,5
nm4652287,tt9526124,actor,1
nm0652292,tt9526784,actress,2
nm4288541,tt9526822,actress,9
nm1671647,tt9527778,actress,9
nm0222426,tt9531772,actor,3
nm8045830,tt9531776,actress,9
nm9624267,tt9536810,actress,1
nm16557855,tt9536816,actress,8
nm3374672,tt9537068,actor,1
nm9219502,tt9537082,actress,3
nm9544396,tt9537082,actor,6
nm10369650,tt9537122,actor,4
nm10392035,tt9537148,actor,2
nm5136687,tt9537246,actress,3
nm3434061,tt9537342,actor,9
nm7179123,tt9537532,actor,4
nm3713413,tt9540556,actor,1
nm2784245,tt9542918,actor,6
nm7910551,tt9543062,actress,9
nm2373232,tt9543092,actress,6
nm10372302,tt9543176,actor,9
nm0642718,tt9545516,actress,5
nm12795750,tt9545516,actress,10
nm10373556,tt9546054,actress,5
nm0296809,tt9546624,actor,5
nm1259124,tt9546624,actor,6
nm6252520,tt9547318,actress,9
nm2698115,tt9552452,actress,3
nm0875460,tt9552564,actor,6
nm2086765,tt9552932,actress,9
nm8599881,tt9552932,actress,2
nm1760704,tt9555284,actress,5
nm4997899,tt9555284,actor,3
nm1595878,tt9556104,actress,3
nm3504294,tt9556198,actor,6
nm10378896,tt9557390,actress,2
nm10031888,tt9557810,actor,10
nm10856443,tt9558602,actor,9
nm13667899,tt9558604,actor,10
nm0906226,tt9558612,actress,7
nm1001213,tt9561756,actor,9
nm11142338,tt9561782,actor,10
nm3640154,tt9563632,actress,1
nm2518804,tt9563872,actor,9
nm10290327,tt9564712,actress,2
nm10382311,tt9564712,actress,3
nm2775078,tt9565196,actor,3
nm0619997,tt9565748,actress,6
nm9669717,tt9568640,actor,7
nm9106640,tt9568718,actor,8
nm10411425,tt9569104,actor,10
nm3482676,tt9569190,actor,6
nm0449215,tt9569484,actor,7
nm4173349,tt9569484,actor,10
nm16405068,tt9569732,actor,5
nm6305117,tt9572006,actor,7
nm2274369,tt9572534,actress,3
nm10385908,tt9572626,actor,6
nm0368050,tt9573138,actor,9
nm1001143,tt9573138,actress,4
nm8398797,tt9573668,actor,5
nm1795697,tt9573686,actor,1
nm5684117,tt9573686,actor,8
nm10387666,tt9574846,actress,8
nm3166305,tt9574922,actress,7
nm9207663,tt9575388,actress,9
nm4879042,tt9575726,actor,6
nm0594652,tt9576824,actress,3
nm0837534,tt9576824,actor,6
nm10389238,tt9578420,actress,7
nm7414355,tt9578746,actor,1
nm0297788,tt9578952,actress,5
nm10392817,tt9581258,actor,6
nm8547014,tt9581560,actor,2
nm3780453,tt9581844,actor,7
nm6025867,tt9584830,actor,6
nm9349197,tt9584830,actor,10
nm3177356,tt9586922,actor,8
nm7919266,tt9587604,actor,5
nm4896071,tt9588024,actor,10
nm5083230,tt9588846,actor,6
nm9303326,tt9590954,actor,5
nm5388287,tt9593626,actress,3
nm6978202,tt9593626,actress,9
nm0152061,tt9597190,actor,9
nm9299062,tt9597404,actor,3
nm4183406,tt9597922,actor,6
nm0790202,tt9598172,actor,9
nm10277260,tt9598834,actress,8
nm10451631,tt9598834,actor,3
nm9538987,tt9600178,actress,5
nm8543928,tt9600964,actor,7
nm11044461,tt9602258,actor,9
nm3786479,tt9602258,actor,2
nm2757035,tt9603090,actor,9
nm9474203,tt9603330,actor,6
nm2218569,tt9604790,actress,7
nm10403420,tt9607270,actor,10
nm0566279,tt9608818,actor,6
nm3807582,tt9609726,actress,2
nm9014660,tt9609886,actor,10
nm0848964,tt9610246,actor,9
nm10404343,tt9610422,actress,6
nm3280145,tt9610838,actress,8
nm14176590,tt9611068,actor,9
nm5825055,tt9611542,actor,6
nm7855374,tt9612136,actor,6
nm4455827,tt9612368,actress,2
nm4312854,tt9613316,actor,10
nm9458120,tt9614416,actor,9
nm11069554,tt9614772,actor,12
nm13470010,tt9614988,actor,10
nm8906441,tt9614994,actor,1
nm0794481,tt9615016,actor,6
nm0512420,tt9617560,actress,9
nm9992117,tt9618458,actress,3
nm0386205,tt9618764,actress,8
nm10410147,tt9619008,actress,4
nm10408593,tt9619010,actor,10
nm7072315,tt9619402,actor,1
nm10408837,tt9619578,actor,10
nm0951912,tt9619824,actor,7
nm10409082,tt9619962,actor,8
nm8264172,tt9620056,actress,3
nm3719585,tt9621290,actor,8
nm3687213,tt9622618,actor,4
nm10538079,tt9624438,actor,10
nm10538086,tt9624438,actor,3
nm0036873,tt9624686,actor,2
nm1100337,tt9624766,actor,7
nm0706647,tt9625240,actor,4
nm1300736,tt9626928,actress,9
nm8787050,tt9626928,actress,5
nm10412586,tt9629494,actor,9
nm2556434,tt9629494,actor,4
nm11663340,tt9631700,actor,7
nm11018594,tt9631944,actress,9
nm0559642,tt9632080,actress,3
nm1069416,tt9633480,actress,5
nm1960306,tt9633480,actor,9
nm4538120,tt9635616,actor,8
nm0005033,tt9635902,actor,6
nm0482695,tt9635902,actor,10
nm7716984,tt9636120,actor,1
nm14918418,tt9636256,actress,10
nm4718099,tt9636302,actor,9
nm0259074,tt9636630,actress,3
nm0467043,tt9637754,actor,5
nm10040565,tt9638084,actress,4
nm11153588,tt9638668,actress,11
nm3915767,tt9639470,actor,8
nm2576328,tt9642696,actress,3
nm0162737,tt9642870,actor,3
nm8415169,tt9643058,actor,6
nm3762743,tt9643286,actress,10
nm10419133,tt9643330,actor,9
nm0866736,tt9646136,actor,9
nm0036109,tt9646364,actress,1
nm8229233,tt9646400,actor,8
nm1421951,tt9646624,actor,5
nm10950371,tt9646844,actor,10
nm3679148,tt9646844,actor,5
nm5090500,tt9647154,actor,8
nm0351273,tt9648092,actor,7
nm10428101,tt9648382,actor,4
nm5644335,tt9648672,actor,9
nm7333707,tt9651918,actress,6
nm1456554,tt9652888,actor,8
nm4111995,tt9652990,actress,8
nm5396089,tt9653108,actress,3
nm9782337,tt9653108,actress,9
nm4122772,tt9653184,actress,1
nm10797830,tt9654108,actor,5
nm0592756,tt9657452,actor,10
nm1066974,tt9657904,actress,1
nm1753729,tt9658022,actor,1
nm3921227,tt9660006,actress,1
nm10191071,tt9661960,actor,3
nm12225158,tt9663702,actress,7
nm0000185,tt9663764,actor,8
nm10428845,tt9664514,actor,8
nm10428847,tt9664514,actress,7
nm2083395,tt9664948,actress,2
nm0078209,tt9666970,actor,4
nm11504067,tt9666970,actor,7
nm10430005,tt9668598,actor,7
nm9563038,tt9668748,actor,2
nm0072610,tt9669176,actor,3
nm8910768,tt9669242,actor,3
nm3940819,tt9670282,actress,10
nm10440585,tt9670302,actress,2
nm10440593,tt9670302,actress,10
nm0006770,tt9670540,actor,8
nm0007124,tt9670540,actress,3
nm7091100,tt9670890,actor,4
nm5124453,tt9671918,actor,4
nm8303423,tt9673548,actor,1
nm3221539,tt9674172,actress,2
nm2424149,tt9674196,actor,9
nm4949417,tt9674904,actress,3
nm6464606,tt9675274,actor,5
nm9533726,tt9675274,actress,10
nm0202674,tt9675786,actress,8
nm11176253,tt9676242,actor,10
nm3087803,tt9676242,actress,2
nm3057595,tt9676520,actress,2
nm3173883,tt9676520,actor,7
nm1067179,tt9677416,actor,6
nm8677722,tt9677416,actress,3
nm0437140,tt9678750,actor,5
nm11596714,tt9679552,actor,7
nm1687861,tt9680064,actor,2
nm3769437,tt9680076,actor,5
nm4496545,tt9680148,actress,1
nm0471807,tt9680256,actor,8
nm14072241,tt9680562,actress,4
nm8254972,tt9681728,actor,5
nm0174403,tt9682428,actress,2
nm4161154,tt9682428,actor,10
nm0221218,tt9683268,actor,2
nm10440306,tt9683268,actor,10
nm4417549,tt9684220,actor,7
nm7966228,tt9684994,actor,8
nm10438506,tt9686514,actress,2
nm7901259,tt9686586,actor,7
nm0203457,tt9686708,actor,1
nm0183548,tt9686790,actor,7
nm0712433,tt9688874,actor,1
nm2517742,tt9690776,actor,9
nm2940506,tt9690790,actor,6
nm7800985,tt9690818,actress,7
nm8111706,tt9690818,actor,1
nm1551922,tt9690832,actor,2
nm10049716,tt9691290,actor,8
nm7141439,tt9692046,actor,4
nm10904274,tt9694682,actor,6
nm11474126,tt9694682,actor,12
nm9294155,tt9695308,actor,8
nm7893878,tt9695404,actress,4
nm10489906,tt9695524,actress,9
nm17163524,tt9697324,actor,10
nm17163529,tt9697324,actress,3
nm5551467,tt9697960,actor,12
nm0691419,tt9698430,actress,2
nm10443714,tt9698552,actor,5
nm10962298,tt9700984,actress,9
nm7044343,tt9701230,actress,3
nm9736967,tt9701230,actor,2
nm0001166,tt9707456,actor,4
nm0000430,tt9707580,actor,8
nm0093671,tt9707780,actress,2
nm10448118,tt9710558,actor,5
nm1550104,tt9711018,actor,9
nm9438310,tt9712136,actor,5
nm5240345,tt9715318,actress,9
nm7049955,tt9716054,actress,10
nm9805190,tt9716054,actress,5
nm8070141,tt9716342,actor,2
nm0162535,tt9716728,actor,9
nm0953823,tt9717144,actor,10
nm2697585,tt9719864,actor,9
nm7199858,tt9720696,actress,4
nm0455816,tt9721798,actress,10
nm7988260,tt9721830,actress,1
nm9605846,tt9722174,actress,5
nm4140283,tt9722418,actress,5
nm0462181,tt9722898,actor,5
nm1191192,tt9722898,actress,9
nm5241981,tt9722898,actress,10
nm0419660,tt9726146,actress,5
nm3057595,tt9726172,actress,6
nm9503304,tt9726794,actor,8
nm10490517,tt9729060,actress,9
nm10454291,tt9730744,actress,3
nm4605066,tt9730794,actor,10
nm10454485,tt9730866,actor,2
nm6567671,tt9731360,actor,2
nm1027986,tt9731386,actor,9
nm10455677,tt9734342,actor,8
nm0584575,tt9735790,actor,7
nm11144318,tt9735830,actor,7
nm3669580,tt9735878,actress,11
nm3675238,tt9735878,actress,5
nm5469309,tt9735878,actor,6
nm0004867,tt9736774,actor,9
nm10456947,tt9736774,actor,2
nm7207551,tt9737688,actress,10
nm0258574,tt9738392,actor,3
nm1002067,tt9738436,actor,1
nm9397915,tt9740064,actress,6
nm10458435,tt9740770,actor,1
nm10866378,tt9741186,actor,10
nm2662142,tt9741478,actress,4
nm6767239,tt9741478,actress,6
nm1796950,tt9742106,actor,3
nm3163877,tt9742206,actress,6
nm1125189,tt9742372,actress,5
nm0789716,tt9742392,actress,4
nm1024046,tt9742628,actress,2
nm16513072,tt9742642,actor,4
nm6630514,tt9742732,actor,1
nm11650085,tt9750864,actor,10
nm3672524,tt9751002,actress,3
nm0256002,tt9752488,actor,8
nm10463083,tt9752892,actress,8
nm4242292,tt9754992,actress,2
nm2701005,tt9755252,actor,11
nm11755620,tt9755660,actor,9
nm5454914,tt9755680,actor,2
nm2410400,tt9759978,actor,6
nm0457500,tt9762608,actor,6
nm2615628,tt9763402,actress,9
nm10467938,tt9764180,actress,8
nm1006583,tt9765480,actress,7
nm10468606,tt9765542,actor,10
nm9814633,tt9765542,actor,2
nm9846854,tt9766160,actress,8
nm0149441,tt9766280,actress,7
nm9965574,tt9766294,actor,7
nm10469274,tt9766528,actress,10
nm0395947,tt9767908,actress,10
nm11894470,tt9770150,actress,5
nm11894471,tt9770150,actress,6
nm9627094,tt9770432,actress,3
nm3297094,tt9772164,actor,1
nm7514287,tt9772164,actress,2
nm10471344,tt9772312,actress,6
nm0197582,tt9772812,actor,1
nm10471922,tt9773244,actress,8
nm10472974,tt9775932,actor,2
nm8024327,tt9776102,actor,2
nm0707476,tt9777666,actress,10
nm10474376,tt9777766,actress,8
nm1081573,tt9777790,actor,7
nm1822342,tt9777820,actor,7
nm4340395,tt9777882,actor,7
nm6372382,tt9778060,actress,2
nm2458380,tt9783868,actress,10
nm0000208,tt9784456,actress,4
nm1176037,tt9784518,actress,10
nm2257207,tt9784798,actor,2
nm2577076,tt9784798,actor,8
nm10477376,tt9784816,actress,7
nm0762966,tt9786162,actor,9
nm6816957,tt9786896,actress,8
nm5014986,tt9787468,actor,2
nm5120794,tt9789266,actor,9
nm0793879,tt9789390,actor,6
nm10890815,tt9789440,actor,7
nm6489795,tt9789440,actor,6
nm0055362,tt9790536,actor,6
nm12674558,tt9790808,actor,5
nm12674562,tt9790808,actress,9
nm3437803,tt9794942,actress,4
nm10483667,tt9798638,actor,4
nm9640232,tt9798638,actor,7
nm10484635,tt9800034,actress,2
nm0105937,tt9800048,actress,1
nm0148516,tt9800048,actor,2
nm2316253,tt9800096,actress,5
nm1627809,tt9800234,actor,8
nm8197294,tt9802538,actor,2
nm10523452,tt9802634,actress,4
nm2075061,tt9803724,actor,10
nm5034270,tt9803724,actor,8
nm9425332,tt9805498,actor,5
nm6630516,tt9805610,actor,4
nm10045195,tt9805754,actor,8
nm0559487,tt9805784,actor,1
nm1203291,tt9806192,actress,8
nm12443640,tt9808686,actor,5
nm10488754,tt9808838,actor,10
nm7426973,tt9809140,actor,1
nm1700833,tt9810236,actor,6
nm2308166,tt9810420,actress,5
nm2765676,tt9811374,actor,8
nm0000680,tt9812258,actor,8
nm4823334,tt9812258,actress,2
nm0441191,tt9814918,actress,2
nm2305030,tt9814918,actor,10
nm1574854,tt9815014,actor,4
nm3603197,tt9815124,actor,3
nm10492299,tt9815360,actress,3
nm11132176,tt9816214,actor,2
nm0071044,tt9816636,actor,3
nm8808611,tt9816958,actor,4
nm4441111,tt9816988,actor,10
nm9391879,tt9817680,actress,1
nm0847302,tt9817814,actress,2
nm0326135,tt9817924,actress,6
nm7646570,tt9818102,actor,3
nm10240449,tt9819664,actress,7
nm10494482,tt9819664,actor,3
nm0629697,tt9820556,actress,3
nm4541464,tt9821834,actor,8
nm4304342,tt9823562,actor,3
nm10496839,tt9824016,actress,6
nm0212563,tt9824114,actor,4
nm4843024,tt9826820,actress,3
nm10496478,tt9827060,actor,5
nm10498052,tt9827060,actor,8
nm0519456,tt9827834,actress,3
nm3813115,tt9827834,actress,4
nm11249139,tt9827998,actor,11
nm2338224,tt9829108,actress,8
nm9281244,tt9831136,actor,6
nm3351988,tt9831814,actor,11
nm0308256,tt9832110,actor,7
nm2015188,tt9832350,actress,1
nm0949045,tt9833860,actress,2
nm5212722,tt9834210,actress,11
nm8406548,tt9834446,actor,9
nm2672255,tt9834506,actress,9
nm12498791,tt9837502,actor,1
nm1345839,tt9837752,actress,3
nm5324177,tt9838916,actor,3
nm10849969,tt9838980,actress,1
nm9615498,tt9840806,actor,5
nm0768523,tt9840936,actress,10
nm1671028,tt9840936,actress,1
nm11050411,tt9842792,actress,6
nm0076482,tt9842874,actor,6
nm1555994,tt9843292,actor,5
nm10961889,tt9844086,actress,2
nm1840556,tt9844256,actress,4
nm1555699,tt9844522,actress,5
nm0385612,tt9848968,actress,3
nm10508365,tt9848968,actress,6
nm7760093,tt9848972,actress,7
nm0374399,tt9850264,actress,8
nm0874851,tt9850264,actor,5
nm10509238,tt9850264,actress,3
nm9770422,tt9850488,actor,9
nm5109537,tt9850740,actor,1
nm5205139,tt9850740,actor,6
nm5166644,tt9851990,actor,7
nm2204070,tt9853664,actress,5
nm0507320,tt9854058,actress,7
nm2199801,tt9854058,actress,10
nm17479619,tt9854782,actress,9
nm5869788,tt9855090,actor,5
nm1252320,tt9855210,actor,2
nm8967586,tt9855210,actor,3
nm3404556,tt9855214,actress,5
nm10511907,tt9855782,actor,9
nm5215308,tt9855832,actor,9
nm0592623,tt9856080,actor,1
nm11910235,tt9856710,actor,8
nm10513491,tt9859504,actor,3
nm10513494,tt9859504,actor,6
nm10513514,tt9859508,actress,5
nm2888499,tt9859508,actor,10
nm0484916,tt9860566,actress,5
nm10812446,tt9860728,actor,8
nm10514468,tt9861204,actress,3
nm1572044,tt9861230,actor,9
nm0297552,tt9865010,actress,6
nm0172862,tt9865492,actor,5
nm0269077,tt9866204,actor,1
nm1163659,tt9866344,actress,5
nm8020709,tt9866344,actor,7
nm1935978,tt9866736,actor,10
nm5212072,tt9866738,actor,4
nm12284344,tt9866916,actress,5
nm6976646,tt9867628,actor,5
nm5674223,tt9869564,actor,7
nm0394724,tt9871628,actor,5
nm1687568,tt9872556,actor,5
nm3147240,tt9872618,actor,1
nm1391248,tt9873652,actor,5
nm5653715,tt9873930,actress,9
nm10519745,tt9874290,actor,5
nm9008183,tt9877138,actor,6
nm7796669,tt9877170,actress,3
nm10392375,tt9877274,actor,8
nm4108455,tt9879482,actress,7
nm5842571,tt9880982,actress,8
nm5056119,tt9881312,actress,10
nm4987686,tt9881586,actress,6
nm0406727,tt9883860,actor,8
nm0001057,tt9883996,actress,1
nm0722560,tt9883996,actor,7
nm8543158,tt9884202,actress,10
nm0222181,tt9886872,actor,4
nm0690904,tt9887154,actress,4
nm9797923,tt9890758,actor,1
nm10527336,tt9890870,actor,3
nm8897024,tt9890870,actor,7
nm7487526,tt9892546,actor,5
nm0429768,tt9892908,actor,1
nm12640295,tt9892908,actress,10
nm0781700,tt9893012,actor,7
nm1384939,tt9893012,actor,8
nm0835181,tt9893158,actor,8
nm6435705,tt9893158,actress,6
nm10528948,tt9893922,actress,3
nm3294569,tt9894098,actor,4
nm10529329,tt9894418,actor,10
nm1945217,tt9894450,actor,5
nm0297745,tt9894486,actress,8
nm0367928,tt9894486,actor,1
nm0777649,tt9894894,actor,5
nm3520919,tt9896876,actress,6
nm18626631,tt9897744,actress,7
nm0004904,tt9898328,actress,3
nm0773551,tt9899716,actor,9
nm0201557,tt9899828,actor,10
nm4417925,tt9899828,actor,2
nm4428594,tt9899860,actress,3
nm10193929,tt9900552,actress,11
nm10532730,tt9904098,actor,8
nm7510432,tt9904820,actor,9
nm2132730,tt9905252,actor,7
nm2148922,tt9905252,actor,10
nm6098361,tt9906644,actor,6
nm3646923,tt9907782,actress,4
nm0750192,tt9908636,actress,7
nm11663252,tt9913594,actress,7
nm4609281,tt9914522,actress,8
nm10537557,tt9914828,actor,8
nm11145228,tt9914942,actor,8
nm3444240,tt9914942,actress,4
nm11280432,tt9916706,actor,6
nm10264746,tt9292378,actor,6
nm6643369,tt9292510,actress,3
nm8586613,tt9294056,actor,6
nm10024868,tt9294426,actor,3
nm0047011,tt9296734,actress,1
nm10657092,tt9296808,actor,6
nm5908641,tt9297172,actor,2
nm3478737,tt9301556,actor,8
nm2077607,tt9302912,actress,6
nm10063316,tt9303032,actor,6
nm2745966,tt9303696,actress,6
nm1322135,tt9307666,actor,6
nm5123156,tt9308382,actor,3
nm11034913,tt9309568,actor,4
nm13154960,tt9309756,actress,9
nm9260436,tt9310280,actress,6
nm13582281,tt9310606,actress,5
nm6864052,tt9311062,actor,10
nm0258899,tt9312588,actor,4
nm8204313,tt9313474,actor,10
nm6494254,tt9314340,actress,4
nm9418318,tt9314596,actor,1
nm10273303,tt9314862,actor,3
nm0377807,tt9314984,actress,4
nm10277005,tt9315112,actor,3
nm10277008,tt9315112,actor,7
nm10602996,tt9315438,actress,6
nm10661913,tt9316594,actor,7
nm1097739,tt9316594,actor,4
nm13045531,tt9316710,actress,10
nm10273195,tt9318230,actress,9
nm5661500,tt9318230,actor,2
nm0666733,tt9318310,actor,1
nm0002027,tt9318730,actor,4
nm10301295,tt9319194,actor,5
nm10568842,tt9319896,actress,6
nm10275514,tt9319960,actress,4
nm12485300,tt9320140,actress,8
nm13948709,tt9320170,actress,6
nm6360564,tt9323784,actor,6
nm6360578,tt9323784,actor,4
nm3008388,tt9327378,actor,1
nm7370901,tt9327378,actor,5
nm10278988,tt9328742,actor,9
nm0740090,tt9328744,actor,3
nm1708306,tt9330332,actor,6
nm3859710,tt9330502,actor,1
nm0100333,tt9330648,actor,5
nm7782080,tt9332398,actress,5
nm0437053,tt9332734,actress,4
nm9253867,tt9333358,actor,9
nm9088356,tt9334814,actress,4
nm6836381,tt9335210,actress,4
nm10282596,tt9337038,actor,8
nm10282858,tt9337566,actor,7
nm10282869,tt9337590,actress,7
nm0267724,tt9339936,actor,4
nm9155775,tt9341668,actor,6
nm10285009,tt9342360,actress,5
nm3651492,tt9342360,actress,4
nm6508720,tt9342360,actress,7
nm5744563,tt9343826,actor,4
nm6634505,tt9346636,actress,7
nm4834296,tt9347474,actor,3
nm0004539,tt9347730,actress,6
nm6891947,tt9348690,actress,4
nm11115403,tt9348752,actor,8
nm7139921,tt9348908,actress,3
nm8737658,tt9349020,actor,6
nm6924097,tt9350934,actress,4
nm2006559,tt9351856,actress,10
nm3263422,tt9352262,actress,5
nm10290450,tt9354450,actor,3
nm1197464,tt9354674,actor,7
nm10290590,tt9354814,actor,1
nm7093076,tt9354842,actress,1
nm0415612,tt9356708,actor,8
nm1248273,tt9356708,actor,5
nm10292071,tt9357782,actor,5
nm8034525,tt9357782,actress,8
nm1690432,tt9357860,actress,5
nm6065245,tt9358040,actress,6
nm7565569,tt9358088,actor,8
nm0300712,tt9358160,actor,2
nm10883877,tt9359348,actor,4
nm10293688,tt9360688,actor,10
nm0014417,tt9361104,actress,4
nm5691908,tt9361292,actress,3
nm0421110,tt9361322,actor,4
nm7581690,tt9362492,actress,1
nm1500155,tt9362736,actor,2
nm0112932,tt9363502,actor,1
nm7084340,tt9364382,actor,7
nm6158289,tt9364494,actress,8
nm3214649,tt9365800,actor,3
nm0605299,tt9365950,actress,10
nm2419625,tt9365950,actor,4
nm8007406,tt9366176,actor,5
nm8547878,tt9366994,actress,3
nm12698965,tt9367136,actress,3
nm10225636,tt9367926,actress,6
nm0849477,tt9368006,actor,9
nm13639497,tt9368384,actor,7
nm10479420,tt9369410,actor,5
nm0051765,tt9369990,actor,1
nm10295486,tt9370218,actor,3
nm2978384,tt9371344,actor,1
nm3270385,tt9371666,actor,6
nm0605299,tt9371734,actress,9
nm5961385,tt9372172,actress,1
nm0051765,tt9373218,actor,1
nm6675794,tt9373782,actor,7
nm10281854,tt9373894,actress,6
nm8447789,tt9376362,actress,6
nm0001426,tt9376612,actor,5
nm5816494,tt9377994,actor,7
nm6323449,tt9378320,actress,7
nm8444816,tt9378320,actress,2
nm1157205,tt9381994,actor,4
nm0620808,tt9382638,actress,9
nm10303765,tt9383554,actor,8
nm10303778,tt9383554,actor,7
nm10423998,tt9383706,actor,2
nm5405540,tt9386290,actor,10
nm5021384,tt9386422,actor,4
nm6248484,tt9387380,actress,3
nm2598285,tt9389444,actress,9
nm5852404,tt9389584,actor,6
nm6569823,tt9389622,actor,5
nm3559559,tt9389998,actor,6
nm10509032,tt9390194,actress,8
nm10368117,tt9390218,actor,7
nm10306723,tt9391146,actor,10
nm2418329,tt9391146,actor,1
nm6194567,tt9391864,actor,8
nm0763216,tt9392248,actor,4
nm5088969,tt9392248,actor,9
nm6333914,tt9392248,actor,10
nm0594758,tt9392532,actress,8
nm5551912,tt9395528,actor,5
nm3002988,tt9395768,actress,9
nm4992838,tt9396050,actor,4
nm0591651,tt9396174,actress,10
nm11283069,tt9396198,actor,6
nm5714824,tt9396198,actor,2
nm0457492,tt9397742,actor,6
nm3640420,tt9399168,actress,9
nm10311794,tt9403584,actor,2
nm7144002,tt9404442,actor,8
nm11236715,tt9407558,actress,4
nm8103780,tt9408282,actor,9
nm3401140,tt9408462,actress,8
nm10454817,tt9408490,actress,10
nm0406717,tt9409096,actress,10
nm9039096,tt9412088,actress,10
nm10314984,tt9412202,actor,9
nm1630993,tt9414574,actor,3
nm5252055,tt9414574,actor,4
nm10316074,tt9415058,actress,7
nm8331248,tt9415058,actor,3
nm8900135,tt9416094,actor,9
nm0002062,tt9416282,actress,3
nm3728280,tt9416282,actress,6
nm0658293,tt9418306,actor,7
nm4947538,tt9418812,actress,6
nm0010837,tt9419056,actress,9
nm1273830,tt9419834,actor,7
nm11353088,tt9420648,actor,10
nm1682799,tt9421200,actor,1
nm6224176,tt9421442,actor,13
nm0771753,tt9421456,actor,9
nm1079857,tt9422166,actress,9
nm3017003,tt9422724,actor,7
nm10322427,tt9423080,actor,1
nm10322443,tt9423080,actor,5
nm10319953,tt9423096,actress,5
nm9976563,tt9425856,actress,7
nm8167695,tt9426186,actor,1
nm0386217,tt9426210,actor,5
nm9403406,tt9428050,actor,4
nm10093374,tt9428246,actor,7
nm1227481,tt9428746,actress,3
nm7988098,tt9429948,actress,5
nm13462879,tt9431072,actress,8
nm0441102,tt9433064,actor,8
nm3140538,tt9437152,actor,3
nm7731977,tt9439344,actor,8
nm2143567,tt9440450,actor,1
nm0000532,tt9441638,actor,2
nm2812886,tt9442046,actor,1
nm8521672,tt9442978,actress,6
nm3814559,tt9445306,actor,1
nm2851426,tt9447600,actress,10
nm8669563,tt9447662,actor,2
nm0051761,tt9447676,actor,3
nm8972571,tt9447768,actress,5
nm8793835,tt9448332,actress,2
nm0562953,tt9448686,actor,8
nm10331656,tt9448688,actor,1
nm6447401,tt9451848,actress,1
nm10332525,tt9452304,actress,6
nm10442611,tt9452520,actor,2
nm10333194,tt9453278,actor,9
nm10333195,tt9453278,actor,5
nm10333360,tt9453616,actor,5
nm10297082,tt9454554,actress,8
nm11168485,tt9455028,actress,6
nm6786673,tt9455030,actor,7
nm10334000,tt9455100,actress,2
nm2244706,tt9455436,actress,3
nm0484051,tt9456222,actress,8
nm5988617,tt9458220,actor,1
nm7489961,tt9460422,actor,10
nm7573741,tt9460596,actor,1
nm0623419,tt9462578,actor,7
nm10339330,tt9466070,actor,9
nm5453331,tt9466114,actress,9
nm6788820,tt9466424,actor,9
nm1287636,tt9466498,actor,7
nm3181771,tt9466786,actor,1
nm7528716,tt9466854,actor,8
nm0887356,tt9467386,actor,7
nm3781910,tt9468378,actor,6
nm4948685,tt9469296,actor,6
nm1850901,tt9469842,actor,7
nm4557677,tt9471128,actor,7
nm5803605,tt9471378,actress,2
nm6287665,tt9471424,actress,3
nm8155551,tt9471424,actor,10
nm0228701,tt9471816,actor,7
nm5056001,tt9472208,actress,2
nm4307810,tt9472442,actress,7
nm12158334,tt9472532,actress,2
nm4497226,tt9476068,actor,8
nm0000665,tt9476430,actor,5
nm10344255,tt9477056,actor,1
nm9103143,tt9477520,actress,8
nm0945435,tt9479644,actor,6
nm2202931,tt9481962,actor,7
nm3648279,tt9482402,actor,6
nm0005283,tt9484998,actress,9
nm7645455,tt9485062,actor,8
nm5095853,tt9485772,actor,3
nm7565565,tt9486594,actress,3
nm8731685,tt9488378,actor,10
nm2815817,tt9490042,actor,10
nm10353358,tt9491338,actress,9
nm0261824,tt9494300,actor,1
nm4533763,tt9495044,actor,5
nm0971135,tt9495224,actor,2
nm4082296,tt9496886,actress,5
nm10483049,tt9500864,actor,8
nm6359327,tt9500864,actress,2
nm0034330,tt9501950,actor,5
nm3122789,tt9504976,actor,6
nm14014076,tt9505396,actress,4
nm15878662,tt9505396,actor,9
nm0590906,tt9506678,actor,1
nm3065236,tt9507234,actor,6
nm0845079,tt9510324,actor,1
nm6195492,tt9510324,actress,10
nm0945320,tt9510356,actor,5
nm7821287,tt9511204,actress,3
nm0351670,tt9512188,actress,10
nm1665465,tt9519034,actor,9
nm7487578,tt9520140,actress,4
nm8692649,tt9520714,actress,3
nm6193437,tt9521582,actress,3
nm2148361,tt9522000,actress,9
nm2763715,tt9522162,actress,2
nm0166359,tt9525792,actor,7
nm0299026,tt9526044,actress,1
nm0452939,tt9526044,actor,4
nm0933810,tt9526044,actress,8
nm8957493,tt9526090,actress,2
nm7030324,tt9526134,actor,6
nm1209137,tt9529640,actress,7
nm7392140,tt9529740,actor,8
nm6311879,tt9531094,actor,4
nm6360873,tt9531538,actor,3
nm8961972,tt9535160,actor,4
nm10619055,tt9536816,actress,5
nm10384189,tt9537936,actor,8
nm3067118,tt9538008,actor,6
nm10370508,tt9538216,actor,6
nm0370573,tt9540862,actor,4
nm7182750,tt9543062,actor,8
nm1594770,tt9543092,actor,9
nm3861581,tt9552162,actress,10
nm10356057,tt9552564,actress,1
nm1986451,tt9554862,actress,1
nm5270858,tt9555284,actress,6
nm2078718,tt9556104,actor,8
nm10378855,tt9557332,actor,4
nm10379145,tt9557704,actor,5
nm13118042,tt9559504,actor,1
nm10387325,tt9560092,actress,9
nm2208068,tt9561388,actor,8
nm7848796,tt9561744,actor,10
nm1703419,tt9561756,actress,3
nm1801936,tt9562268,actress,10
nm3690667,tt9562694,actor,2
nm0946639,tt9562978,actress,2
nm9707863,tt9563330,actor,7
nm6787832,tt9565196,actor,5
nm8207833,tt9567458,actor,6
nm11778776,tt9567902,actress,7
nm10383832,tt9568718,actor,9
nm1840812,tt9569190,actress,4
nm10455845,tt9572674,actress,7
nm7331081,tt9572674,actress,1
nm8320014,tt9572674,actor,10
nm1728717,tt9573220,actress,3
nm17228769,tt9575160,actress,10
nm3440235,tt9575206,actress,1
nm9113372,tt9575388,actor,3
nm6498932,tt9575498,actress,7
nm8361950,tt9575498,actress,4
nm10389251,tt9578462,actor,4
nm4152687,tt9578746,actor,6
nm0409466,tt9578952,actor,1
nm0410895,tt9578952,actor,9
nm10141088,tt9580036,actress,9
nm1048051,tt9580442,actor,5
nm9430215,tt9580502,actress,8
nm6880762,tt9581076,actress,8
nm5439813,tt9581258,actress,3
nm10390411,tt9581478,actress,3
nm5075874,tt9581560,actress,9
nm0799544,tt9582810,actor,5
nm0457112,tt9583876,actor,5
nm0327631,tt9584128,actress,2
nm0953105,tt9584730,actress,10
nm7662036,tt9587244,actor,7
nm1652341,tt9587604,actor,3
nm10393786,tt9588404,actress,10
nm0693871,tt9590554,actress,1
nm2690647,tt9592292,actor,5
nm5418013,tt9592522,actress,6
nm10453054,tt9593626,actress,12
nm5138751,tt9594140,actor,10
nm6093723,tt9595816,actor,4
nm6343883,tt9595816,actress,5
nm0854990,tt9597190,actor,10
nm10397757,tt9597902,actor,2
nm9455181,tt9598594,actor,1
nm10398725,tt9600178,actor,6
nm7585473,tt9602716,actor,1
nm10403403,tt9607270,actress,2
nm10407983,tt9613316,actor,6
nm3040724,tt9613380,actress,7
nm11638996,tt9614414,actor,8
nm6489927,tt9614452,actress,2
nm4980806,tt9614772,actress,3
nm5657066,tt9615020,actor,1
nm0450975,tt9615680,actor,1
nm2509334,tt9616786,actor,6
nm0586524,tt9617892,actor,8
nm0443570,tt9618478,actress,4
nm0594365,tt9618764,actor,9
nm4729864,tt9619984,actress,8
nm4765351,tt9620254,actor,10
nm9429271,tt9620254,actor,8
nm10410353,tt9624570,actor,8
nm4103924,tt9625240,actor,8
nm9200468,tt9625664,actor,6
nm2333098,tt9625672,actor,6
nm4404195,tt9625672,actor,9
nm0525715,tt9627092,actor,9
nm1308017,tt9629114,actress,4
nm0784854,tt9629494,actress,8
nm0675977,tt9630428,actor,8
nm1366328,tt9630428,actor,9
nm9569449,tt9630444,actor,9
nm2260670,tt9630832,actor,8
nm2457283,tt9630868,actor,8
nm0793731,tt9630940,actor,7
nm2668717,tt9631052,actor,3
nm0407411,tt9632014,actor,7
nm0620083,tt9632080,actress,5
nm6585854,tt9636120,actor,5
nm7727960,tt9636302,actor,5
nm0367928,tt9637640,actor,1
nm6233323,tt9639274,actor,9
nm1741002,tt9639470,actor,3
nm7801302,tt9642962,actor,8
nm0015846,tt9645472,actress,3
nm0002090,tt9646364,actor,6
nm1934381,tt9646364,actress,3
nm0993010,tt9646400,actress,3
nm3978201,tt9646400,actor,4
nm8152221,tt9646768,actress,4
nm16621167,tt9647330,actor,8
nm3635216,tt9647642,actor,4
nm7267977,tt9647768,actor,9
nm2569233,tt9648078,actor,8
nm4704930,tt9648162,actress,9
nm10421801,tt9648806,actor,9
nm4415826,tt9648806,actor,3
nm1388135,tt9648886,actress,6
nm9539277,tt9648942,actress,2
nm6334629,tt9652550,actress,2
nm8115265,tt9652550,actress,1
nm2102330,tt9652730,actor,10
nm9435649,tt9654806,actor,2
nm3626674,tt9657076,actor,1
nm11012524,tt9657158,actor,8
nm0297869,tt9657840,actor,1
nm1920587,tt9658966,actor,8
nm2118743,tt9660170,actress,10
nm6601314,tt9660502,actor,5
nm11486929,tt9660666,actor,8
nm1773122,tt9663100,actress,3
nm2101229,tt9663382,actor,1
nm3891594,tt9663666,actor,3
nm0444324,tt9663702,actor,4
nm10459445,tt9664206,actor,2
nm7387710,tt9664732,actress,4
nm5193937,tt9664948,actress,1
nm5928473,tt9664948,actress,9
nm0280955,tt9665786,actor,5
nm3834744,tt9668280,actor,5
nm6063058,tt9668748,actress,4
nm14749462,tt9669242,actress,4
nm7674551,tt9670480,actor,1
nm8411067,tt9670890,actor,9
nm6917490,tt9673548,actor,8
nm10542698,tt9674226,actor,10
nm10432803,tt9674904,actress,6
nm8206133,tt9674904,actor,4
nm2121456,tt9675092,actress,10
nm6262099,tt9675374,actress,7
nm4511741,tt9675716,actor,7
nm10443945,tt9676194,actress,5
nm10443949,tt9676194,actor,9
nm2808410,tt9676318,actor,5
nm1109880,tt9678892,actor,5
nm11596717,tt9679552,actor,10
nm10525993,tt9681250,actress,7
nm1747928,tt9682768,actor,8
nm10437046,tt9683250,actor,2
nm9444319,tt9683478,actor,10
nm10436380,tt9684016,actor,2
nm1073777,tt9684220,actress,8
nm7971356,tt9684806,actress,6
nm9725701,tt9685782,actor,9
nm6051579,tt9686586,actor,10
nm0359222,tt9689664,actor,3
nm1926211,tt9690184,actor,2
nm0094170,tt9690832,actor,3
nm10575312,tt9690868,actor,10
nm0196375,tt9691290,actor,6
nm5723704,tt9692046,actor,1
nm9678031,tt9692890,actor,6
nm0842191,tt9693022,actor,3
nm10676625,tt9695462,actor,6
nm2432224,tt9697340,actor,7
nm5394488,tt9697792,actor,10
nm0393792,tt9701082,actor,4
nm9369004,tt9701598,actress,7
nm10089139,tt9701676,actor,4
nm0025625,tt9703070,actress,1
nm2718834,tt9703362,actor,4
nm4007172,tt9704488,actress,6
nm0176506,tt9707780,actor,7
nm5399017,tt9708416,actor,1
nm9433015,tt9712136,actor,3
nm3414040,tt9715318,actor,1
nm1919259,tt9715438,actor,6
nm10040326,tt9716724,actress,4
nm10449336,tt9716728,actor,7
nm6630516,tt9717004,actor,6
nm10450154,tt9719864,actor,6
nm0158101,tt9720596,actor,1
nm8485294,tt9724734,actress,4
nm6044679,tt9726796,actor,8
nm14277165,tt9727546,actress,10
nm0406727,tt9728836,actor,4
nm7339828,tt9729060,actor,7
nm9196476,tt9730744,actor,1
nm9383293,tt9730744,actor,10
nm7083392,tt9731534,actress,9
nm10743072,tt9733362,actress,9
nm8873142,tt9733362,actress,2
nm0947514,tt9735232,actress,6
nm0501256,tt9735462,actress,1
nm0111498,tt9736774,actor,1
nm14214689,tt9737568,actress,5
nm0396187,tt9737798,actor,5
nm10457644,tt9738400,actor,7
nm0359226,tt9740508,actress,2
nm1359720,tt9740508,actor,3
nm3065296,tt9740730,actor,4
nm10458581,tt9741016,actress,1
nm5424487,tt9741180,actor,4
nm10866383,tt9741186,actor,8
nm10459412,tt9742166,actor,1
nm9664746,tt9742582,actor,8
nm10465364,tt9746392,actor,1
nm7732480,tt9746718,actor,2
nm5800073,tt9747276,actor,3
nm0523933,tt9747894,actress,1
nm10630353,tt9749174,actor,3
nm1270037,tt9750368,actor,3
nm10456069,tt9752076,actor,6
nm12399802,tt9752544,actress,8
nm10459412,tt9752892,actor,4
nm10459413,tt9752892,actor,2
nm10463089,tt9752892,actress,10
nm3574449,tt9753990,actress,10
nm10691775,tt9754442,actress,5
nm2013380,tt9754992,actor,3
nm2323408,tt9754992,actor,8
nm8358488,tt9755680,actress,4
nm0484588,tt9758500,actress,4
nm10813427,tt9760512,actor,4
nm10045404,tt9760960,actress,7
nm8091630,tt9762398,actress,5
nm10467933,tt9764180,actor,6
nm7490195,tt9765760,actor,4
nm8493387,tt9765840,actor,3
nm9829510,tt9766160,actor,9
nm0183223,tt9767390,actress,5
nm0044445,tt9767908,actor,4
nm1975871,tt9770432,actor,9
nm10471700,tt9772300,actress,8
nm15739661,tt9772312,actor,8
nm8701144,tt9772312,actor,2
nm7944314,tt9772812,actor,5
nm1197336,tt9773244,actor,5
nm10472117,tt9773400,actor,7
nm10472119,tt9773400,actor,10
nm14264488,tt9775996,actress,10
nm9879822,tt9775996,actor,3
nm10581288,tt9776102,actor,10
nm9048396,tt9776102,actress,9
nm3718007,tt9777644,actor,2
nm8740834,tt9777666,actress,8
nm10707726,tt9778060,actor,1
nm11363408,tt9778348,actor,7
nm0032900,tt9779352,actor,3
nm11879822,tt9779658,actor,8
nm11731379,tt9780140,actor,9
nm0491453,tt9783698,actress,1
nm0552595,tt9783730,actor,8
nm0257932,tt9784638,actor,10
nm10005523,tt9784954,actor,7
nm4343923,tt9788418,actor,6
nm10479194,tt9788898,actor,11
nm7054349,tt9788898,actor,1
nm0084581,tt9789042,actor,8
nm0689708,tt9789042,actor,4
nm6647913,tt9792940,actress,4
nm10690685,tt9795174,actor,9
nm0557918,tt9795238,actor,1
nm7246824,tt9795856,actor,2
nm10382563,tt9799640,actor,2
nm10464505,tt9799992,actress,1
nm4228706,tt9799992,actress,9
nm0231677,tt9800096,actor,4
nm11989351,tt9800096,actress,9
nm0385179,tt9801736,actor,5
nm6955446,tt9801736,actress,6
nm5828516,tt9803454,actor,4
nm10486129,tt9803724,actor,2
nm0568770,tt9804272,actress,9
nm12204127,tt9804432,actor,5
nm1190847,tt9804514,actress,9
nm10486786,tt9804534,actress,1
nm7806304,tt9805110,actor,9
nm9220491,tt9805208,actress,1
nm2794951,tt9805350,actress,4
nm4763845,tt9805610,actor,2
nm0256873,tt9805784,actor,5
nm4610347,tt9805996,actress,6
nm0548686,tt9806222,actor,3
nm1096341,tt9806222,actress,10
nm10487899,tt9806300,actor,6
nm16430605,tt9806300,actor,9
nm16365398,tt9806322,actor,6
nm0516272,tt9806336,actor,11
nm10508462,tt9807914,actor,8
nm1434372,tt9808510,actor,9
nm7917727,tt9808510,actress,2
nm1431772,tt9808564,actor,1
nm10488675,tt9808686,actress,6
nm7548573,tt9808842,actress,8
nm9433045,tt9809230,actor,7
nm0586524,tt9809432,actor,5
nm0424718,tt9810420,actress,3
nm2610427,tt9810436,actress,7
nm0722636,tt9812258,actor,3
nm2267372,tt9813338,actor,9
nm10491924,tt9814918,actress,8
nm0952084,tt9815072,actress,10
nm0945566,tt9815160,actor,8
nm1269614,tt9815360,actress,7
nm11661997,tt9816188,actor,1
nm9256571,tt9816188,actress,4
nm8547970,tt9816958,actor,1
nm8775863,tt9816970,actor,6
nm11317218,tt9817044,actor,9
nm11317219,tt9817044,actress,10
nm7590368,tt9817190,actor,9
nm8850134,tt9817674,actor,10
nm5254746,tt9817680,actor,6
nm4279181,tt9820550,actor,7
nm0005241,tt9820556,actor,10
nm1616085,tt9820628,actress,9
nm10402248,tt9822864,actor,6
nm13093242,tt9822880,actor,10
nm1163810,tt9823772,actress,6
nm0693795,tt9825006,actress,6
nm2873161,tt9825006,actress,5
nm15887545,tt9828344,actress,4
nm0273091,tt9830862,actor,6
nm9356624,tt9831814,actress,4
nm0415185,tt9832110,actor,9
nm12475732,tt9832350,actor,11
nm3600331,tt9833860,actor,6
nm0814192,tt9834210,actress,6
nm2827761,tt9834210,actress,10
nm5304837,tt9840806,actor,10
nm10773507,tt9840958,actor,8
nm0874865,tt9842404,actor,1
nm4992243,tt9842792,actress,2
nm0157139,tt9843028,actor,7
nm10505086,tt9843292,actor,8
nm1411545,tt9844256,actor,5
nm3838233,tt9844892,actor,2
nm0840485,tt9844938,actor,9
nm1458115,tt9845110,actress,5
nm1359601,tt9845564,actor,7
nm5379183,tt9845564,actor,6
nm9461280,tt9846922,actress,7
nm2852180,tt9848804,actor,5
nm14306495,tt9848962,actor,3
nm2619970,tt9848962,actor,8
nm3726250,tt9848962,actor,7
nm0092118,tt9850740,actor,3
nm1683996,tt9853452,actor,9
nm10511352,tt9855090,actress,8
nm9327907,tt9855090,actress,7
nm13970801,tt9855170,actress,8
nm13970802,tt9855170,actress,9
nm13970803,tt9855170,actor,10
nm8225192,tt9855510,actress,8
nm10100525,tt9855578,actress,5
nm9608473,tt9855984,actress,8
nm2098839,tt9856606,actress,7
nm2098273,tt9859372,actor,5
nm0467043,tt9859508,actor,2
nm0386294,tt9860350,actor,7
nm2441169,tt9861200,actress,10
nm8192952,tt9861200,actress,9
nm0194152,tt9861204,actress,9
nm0545884,tt9861480,actor,9
nm7245181,tt9864800,actress,5
nm1621551,tt9866202,actor,8
nm6016389,tt9866202,actress,9
nm0079451,tt9866204,actor,8
nm0147923,tt9867130,actor,7
nm8166767,tt9867628,actor,7
nm10521663,tt9869994,actress,3
nm7519257,tt9869994,actor,9
nm1178851,tt9871628,actor,10
nm0906735,tt9871736,actress,7
nm7819823,tt9873376,actor,6
nm5254274,tt9873930,actor,1
nm8312370,tt9876160,actress,4
nm2780676,tt9876296,actress,4
nm6887616,tt9876544,actor,1
nm5613974,tt9876584,actress,7
nm10521106,tt9876944,actor,3
nm0438463,tt9877170,actor,2
nm3318415,tt9877460,actor,5
nm10712621,tt9878650,actress,8
nm10864378,tt9879482,actress,10
nm4377373,tt9881312,actress,2
nm10532992,tt9881488,actor,4
nm6793636,tt9881586,actor,8
nm1882258,tt9881924,actor,5
nm0865544,tt9881974,actor,8
nm9914246,tt9883020,actress,2
nm7667168,tt9887154,actress,10
nm10525926,tt9887290,actor,8
nm0943200,tt9889218,actress,8
nm1165284,tt9889716,actress,3
nm10527014,tt9890052,actor,5
nm2597881,tt9890052,actor,1
nm10786123,tt9890326,actress,1
nm11789612,tt9890326,actress,8
nm2078557,tt9893012,actor,6
nm0683253,tt9893250,actress,1
nm8021695,tt9893266,actor,2
nm10528950,tt9893922,actress,7
nm0507535,tt9894660,actor,2
nm10529688,tt9895024,actress,2
nm2586196,tt9897258,actress,1
nm10530500,tt9898086,actor,9
nm2274542,tt9898844,actress,11
nm10531236,tt9899716,actress,3
nm1944869,tt9899716,actor,7
nm4498494,tt9899828,actor,7
nm1471547,tt9899850,actress,3
nm2544899,tt9899880,actress,4
nm3851353,tt9900354,actor,10
nm10531606,tt9900396,actor,9
nm1935071,tt9900614,actor,9
nm7645843,tt9900782,actor,10
nm11883216,tt9901532,actor,9
nm10548027,tt9903952,actor,3
nm10548031,tt9903952,actor,7
nm2532405,tt9903968,actor,7
nm6225250,tt9904010,actor,4
nm0556305,tt9905252,actor,1
nm8166767,tt9905412,actor,3
nm1428724,tt9906644,actor,4
nm1459609,tt9906644,actor,8
nm7288451,tt9910530,actor,9
nm11312574,tt9911750,actor,6
nm6495544,tt9913660,actress,9
nm10536915,tt9913872,actress,3
nm10536989,tt9913872,actor,7
nm10537291,tt9914522,actor,6
nm1033328,tt9915592,actor,1
nm1130500,tt9916170,actor,8
nm9321611,tt9916538,actor,5
nm3203994,tt9291866,actor,10
nm6654547,tt9292336,actor,4
nm10264206,tt9292378,actress,4
nm0885204,tt9296084,actor,1
nm10265577,tt9296214,actor,1
nm2103554,tt9296734,actor,9
nm10268001,tt9296782,actress,7
nm10690475,tt9296808,actor,7
nm6046107,tt9296810,actor,6
nm4744994,tt9301428,actress,2
nm10269002,tt9303658,actor,9
nm4967368,tt9303658,actor,7
nm0464641,tt9305634,actor,5
nm1145612,tt9307666,actress,4
nm7579068,tt9309950,actor,2
nm2902655,tt9310544,actor,2
nm1328568,tt9311062,actor,6
nm5046459,tt9312100,actress,3
nm12299612,tt9312588,actor,7
nm2068892,tt9313424,actor,7
nm1807654,tt9313910,actor,4
nm1173583,tt9314596,actor,4
nm14954808,tt9316594,actor,10
nm9547631,tt9316594,actor,6
nm6925212,tt9319544,actor,7
nm0047795,tt9319826,actress,5
nm0253355,tt9319826,actor,8
nm14502746,tt9319826,actor,6
nm0609706,tt9319874,actor,4
nm0475035,tt9319878,actress,3
nm1980400,tt9319882,actor,5
nm3373988,tt9319882,actor,7
nm12937054,tt9320170,actress,2
nm3011659,tt9320170,actress,8
nm0307451,tt9328726,actor,9
nm3607224,tt9330112,actress,4
nm10279438,tt9330332,actor,5
nm10280578,tt9331322,actress,6
nm6183421,tt9331322,actor,7
nm3771539,tt9331550,actress,9
nm10280979,tt9333346,actor,3
nm10280981,tt9333346,actor,9
nm5729867,tt9335444,actor,8
nm4209388,tt9336032,actress,6
nm4116010,tt9336300,actor,6
nm5181516,tt9337566,actor,8
nm10310854,tt9339958,actor,7
nm6903157,tt9340486,actress,9
nm0286567,tt9340744,actor,6
nm9371560,tt9340872,actor,3
nm5937266,tt9341098,actress,9
nm8556645,tt9341628,actress,8
nm6483470,tt9342618,actress,2
nm0914444,tt9343062,actor,1
nm3482257,tt9343754,actor,7
nm0605299,tt9343780,actress,8
nm6308050,tt9345114,actor,5
nm0495950,tt9345778,actress,5
nm2785414,tt9347474,actor,4
nm10019316,tt9347732,actress,10
nm1378329,tt9347750,actor,7
nm0707399,tt9348296,actor,4
nm3263076,tt9348546,actor,2
nm11363744,tt9348848,actress,4
nm9709610,tt9348848,actor,7
nm1898925,tt9349050,actor,2
nm3874902,tt9349882,actor,3
nm1514686,tt9350110,actor,8
nm1593566,tt9351112,actor,9
nm3755435,tt9351220,actor,7
nm10233225,tt9351610,actress,6
nm5580089,tt9352210,actor,9
nm7933720,tt9352210,actress,8
nm0765597,tt9352926,actor,1
nm4683875,tt9354432,actor,9
nm2507201,tt9354438,actor,7
nm10290595,tt9354814,actor,7
nm10290597,tt9354814,actress,9
nm7859219,tt9355162,actress,1
nm10290898,tt9355222,actress,6
nm1422176,tt9356952,actress,5
nm6516135,tt9357050,actor,8
nm10292049,tt9357782,actress,2
nm4741714,tt9358106,actor,10
nm1677477,tt9358160,actress,1
nm14588601,tt9358480,actress,5
nm9770929,tt9358480,actress,2
nm2669386,tt9359680,actress,9
nm1665429,tt9360280,actor,2
nm1902165,tt9362694,actress,7
nm2336481,tt9362694,actor,8
nm0401132,tt9363192,actor,5
nm7511512,tt9363192,actress,3
nm10031066,tt9363990,actress,9
nm0429348,tt9364210,actor,2
nm2140007,tt9364684,actor,7
nm11205875,tt9365762,actress,6
nm10282858,tt9365768,actor,9
nm0925544,tt9366994,actor,6
nm10320053,tt9367348,actress,5
nm1225681,tt9367402,actress,5
nm16027799,tt9367402,actress,7
nm10124558,tt9368628,actor,3
nm7143800,tt9369332,actress,4
nm5462040,tt9372374,actor,1
nm10181284,tt9372388,actress,10
nm1855682,tt9374682,actress,1
nm1166576,tt9376118,actor,4
nm0199577,tt9376172,actor,8
nm5017322,tt9378826,actress,3
nm0480808,tt9381994,actress,2
nm0929330,tt9382172,actress,8
nm10303749,tt9383554,actor,1
nm0012916,tt9383680,actress,4
nm10305903,tt9389444,actor,7
nm10305905,tt9389444,actor,6
nm5416954,tt9390058,actor,1
nm2644288,tt9390194,actor,6
nm4216428,tt9390194,actor,3
nm12403422,tt9390240,actor,9
nm1371858,tt9390254,actress,4
nm11962476,tt9390390,actor,4
nm3413004,tt9390390,actor,9
nm0359226,tt9391864,actress,3
nm10040390,tt9392082,actor,6
nm10307106,tt9392324,actor,10
nm4448535,tt9392374,actor,4
nm1571087,tt9395400,actress,2
nm17172995,tt9395776,actress,6
nm4425773,tt9396112,actor,3
nm8842140,tt9396112,actor,9
nm10308439,tt9396174,actress,7
nm10308732,tt9396994,actor,3
nm3173883,tt9397550,actor,4
nm10309317,tt9398222,actor,8
nm0078800,tt9398640,actor,10
nm7104443,tt9403928,actor,1
nm2012595,tt9407490,actor,1
nm3602977,tt9408462,actor,9
nm8322724,tt9410034,actress,3
nm4973896,tt9411972,actor,2
nm3957948,tt9414024,actor,7
nm10315882,tt9414690,actress,2
nm7504772,tt9414690,actor,4
nm10316076,tt9415058,actor,10
nm10306723,tt9415480,actor,10
nm1330495,tt9415552,actor,3
nm1460131,tt9415552,actor,6
nm10113902,tt9416094,actor,6
nm0848533,tt9417730,actor,4
nm6623135,tt9419884,actor,9
nm7961780,tt9419884,actress,6
nm12822820,tt9421200,actress,7
nm10319156,tt9421442,actress,11
nm14060207,tt9422624,actress,7
nm0184087,tt9422682,actress,2
nm0750521,tt9422682,actor,3
nm10322429,tt9423080,actor,8
nm1186215,tt9423096,actor,4
nm10498321,tt9426210,actress,4
nm8933245,tt9427218,actor,9
nm4285821,tt9428050,actor,7
nm10680100,tt9429444,actor,9
nm9744724,tt9430518,actor,5
nm8004316,tt9431740,actor,2
nm2968656,tt9433872,actor,6
nm1778096,tt9434968,actor,1
nm2547176,tt9435162,actor,8
nm1796242,tt9437224,actor,3
nm2258163,tt9437360,actor,6
nm1002609,tt9441638,actor,4
nm2630079,tt9442766,actor,7
nm2751064,tt9442766,actor,9
nm0266077,tt9442780,actress,5
nm0441102,tt9442890,actor,9
nm2384746,tt9442890,actor,5
nm0295797,tt9443316,actor,5
nm10567253,tt9445930,actor,9
nm8006184,tt9445930,actor,5
nm10332276,tt9446888,actor,7
nm3272130,tt9447444,actress,2
nm7328054,tt9447594,actor,5
nm7721668,tt9447662,actor,10
nm0468729,tt9447676,actor,13
nm10842582,tt9448340,actor,3
nm10331662,tt9448686,actress,11
nm10330477,tt9448688,actor,8
nm11306918,tt9448946,actor,5
nm1259084,tt9448946,actor,9
nm5844615,tt9454070,actress,1
nm5826668,tt9454646,actress,2
nm10333635,tt9454756,actor,2
nm1846851,tt9455528,actress,3
nm7028312,tt9455528,actor,6
nm4349094,tt9460472,actor,1
nm8332122,tt9460478,actress,2
nm7691231,tt9460596,actress,5
nm10338574,tt9464654,actress,9
nm10338579,tt9464654,actor,3
nm10338986,tt9465518,actress,7
nm9290421,tt9466410,actor,8
nm11044409,tt9468644,actor,1
nm13206225,tt9471678,actor,6
nm10078970,tt9471784,actor,5
nm7427686,tt9471784,actress,8
nm0000423,tt9471816,actress,8
nm0328223,tt9471828,actor,4
nm0361526,tt9471930,actor,4
nm11275579,tt9471988,actor,1
nm0093209,tt9472442,actress,10
nm6749843,tt9476068,actress,3
nm0620847,tt9477532,actor,1
nm10344898,tt9479454,actor,8
nm9491587,tt9482230,actress,9
nm0044455,tt9484812,actor,8
nm10348260,tt9486076,actor,6
nm11227205,tt9487526,actress,6
nm0251523,tt9487802,actor,5
nm0764671,tt9489944,actor,6
nm2401020,tt9495224,actor,5
nm9480120,tt9496830,actor,10
nm11483564,tt9496860,actress,10
nm0372078,tt9496886,actress,1
nm8613028,tt9497760,actor,5
nm6044626,tt9500068,actress,10
nm5451481,tt9500346,actor,8
nm7793254,tt9500346,actor,2
nm0644524,tt9501310,actor,7
nm0266723,tt9501950,actor,2
nm10629196,tt9501950,actress,7
nm0314751,tt9503782,actor,6
nm10577923,tt9504952,actress,9
nm1446372,tt9505212,actor,5
nm2593716,tt9505224,actress,5
nm2711203,tt9505224,actress,1
nm10530500,tt9506480,actor,4
nm0619200,tt9507276,actor,3
nm9926497,tt9510324,actress,9
nm6229747,tt9511550,actress,6
nm4450871,tt9514690,actress,9
nm0423722,tt9514970,actor,5
nm10666413,tt9514970,actress,6
nm1813913,tt9514970,actor,1
nm8979547,tt9515792,actress,4
nm0960259,tt9516994,actress,2
nm1024541,tt9516994,actress,10
nm10302119,tt9519034,actor,10
nm3128033,tt9520714,actor,7
nm10363133,tt9521582,actress,4
nm1767877,tt9522000,actress,4
nm6722399,tt9525200,actress,5
nm9541033,tt9525682,actor,10
nm0222596,tt9526044,actor,6
nm0300187,tt9527778,actress,5
nm4464298,tt9527778,actor,7
nm3803873,tt9529302,actress,2
nm3174558,tt9529556,actress,9
nm9535242,tt9529740,actress,2
nm12203733,tt9529756,actress,9
nm10367051,tt9531094,actress,5
nm10469119,tt9531094,actor,9
nm7630836,tt9531094,actress,2
nm0523717,tt9531138,actress,6
nm10322068,tt9531538,actress,10
nm2238248,tt9534808,actress,4
nm7756902,tt9535160,actor,8
nm10369278,tt9536636,actor,12
nm10369425,tt9536804,actor,9
nm5562206,tt9536810,actress,3
nm6820375,tt9537246,actor,7
nm4556530,tt9538008,actor,3
nm4678178,tt9540232,actor,2
nm0112001,tt9540566,actress,2
nm0309839,tt9540792,actor,4
nm0939925,tt9540792,actor,10
nm6811859,tt9541602,actor,5
nm0997982,tt9546054,actor,3
nm8129850,tt9546054,actress,6
nm8211052,tt9548134,actor,10
nm0793089,tt9548438,actor,6
nm5068962,tt9551760,actor,4
nm1401154,tt9553136,actor,10
nm3127378,tt9557296,actor,8
nm10379144,tt9557704,actress,6
nm3958585,tt9562564,actress,5
nm5224785,tt9562978,actress,7
nm0462013,tt9564364,actor,1
nm3644157,tt9564676,actor,5
nm0695177,tt9564774,actor,2
nm0619227,tt9565748,actor,5
nm1055963,tt9568168,actress,4
nm7450118,tt9568318,actress,6
nm0749363,tt9568486,actor,5
nm4478540,tt9568640,actor,2
nm0273143,tt9569484,actor,3
nm0107101,tt9569504,actor,3
nm10385402,tt9571090,actor,6
nm10385767,tt9572420,actress,6
nm8178625,tt9572626,actor,1
nm1007039,tt9573668,actor,10
nm10387867,tt9574922,actor,4
nm10388311,tt9575498,actor,10
nm0793879,tt9578420,actor,8
nm10389249,tt9578462,actor,10
nm0617078,tt9578952,actress,6
nm10702143,tt9578984,actress,9
nm0235960,tt9580138,actor,9
nm0014620,tt9581076,actress,6
nm10390404,tt9581478,actress,4
nm9854340,tt9581560,actress,4
nm2718834,tt9581704,actor,2
nm0212328,tt9581844,actor,4
nm2723283,tt9581844,actress,5
nm13800734,tt9583950,actress,4
nm0284734,tt9584730,actress,4
nm2790980,tt9584972,actress,1
nm6637778,tt9585116,actress,9
nm0793943,tt9586922,actor,5
nm10393793,tt9588404,actor,3
nm1471776,tt9591766,actor,2
nm2298127,tt9591766,actor,3
nm4535518,tt9592522,actress,1
nm10229753,tt9593626,actress,7
nm0479300,tt9594140,actress,8
nm6897372,tt9596638,actor,4
nm8129908,tt9596638,actress,5
nm14829966,tt9596658,actor,10
nm8667631,tt9597902,actor,10
nm1840556,tt9598270,actress,5
nm10389481,tt9600274,actress,8
nm6762533,tt9600568,actor,9
nm9157672,tt9601292,actress,7
nm12231893,tt9602804,actress,2
nm1620756,tt9603060,actor,7
nm0005246,tt9603212,actor,7
nm2202294,tt9603330,actor,8
nm0361696,tt9604142,actor,3
nm2548692,tt9604202,actress,6
nm1092370,tt9604790,actor,2
nm8943180,tt9606374,actress,10
nm10403421,tt9607270,actor,9
nm1128719,tt9609716,actress,6
nm10404190,tt9610250,actress,1
nm1574041,tt9610262,actor,8
nm9281265,tt9610262,actor,4
nm9536355,tt9610262,actor,5
nm3362979,tt9610838,actress,2
nm2355740,tt9611068,actor,1
nm5271691,tt9611872,actress,1
nm0498004,tt9614040,actor,1
nm12668645,tt9614428,actor,10
nm3348178,tt9614460,actress,6
nm5447706,tt9614460,actor,2
nm1207049,tt9614936,actress,6
nm10400408,tt9615610,actor,5
nm0811777,tt9618098,actor,4
nm5383147,tt9618098,actor,10
nm0668573,tt9619402,actress,4
nm0111013,tt9620292,actor,5
nm4823000,tt9620474,actor,6
nm0848964,tt9622380,actor,8
nm10410355,tt9624570,actor,6
nm0594652,tt9625010,actress,7
nm1564082,tt9625298,actress,7
nm5796361,tt9626774,actress,7
nm8833077,tt9628392,actor,2
nm1066396,tt9628630,actor,1
nm11191619,tt9629114,actor,10
nm9873412,tt9630832,actor,9
nm10413253,tt9630868,actress,5
nm0750411,tt9632068,actor,5
nm10413846,tt9632180,actress,10
nm1665222,tt9632180,actor,8
nm10413848,tt9632182,actress,10
nm10703308,tt9633264,actress,6
nm4173692,tt9633264,actress,2
nm8328802,tt9633264,actor,1
nm1686044,tt9633480,actor,7
nm13216512,tt9635540,actor,6
nm0000329,tt9635616,actor,9
nm0613596,tt9635772,actor,7
nm1096466,tt9635956,actor,2
nm7665579,tt9636256,actor,5
nm6792763,tt9636302,actor,3
nm0847302,tt9637640,actress,2
nm0090236,tt9638084,actress,8
nm4450720,tt9638206,actor,6
nm9424800,tt9639274,actor,1
nm2726382,tt9640414,actress,10
nm3240282,tt9640414,actress,4
nm10487771,tt9642870,actor,1
nm2750217,tt9642870,actress,9
nm2239666,tt9642950,actor,10
nm0208112,tt9643300,actor,8
nm0245027,tt9643300,actor,1
nm1207895,tt9645472,actor,5
nm0191742,tt9646364,actress,4
nm1168161,tt9646624,actress,2
nm8234708,tt9646716,actor,8
nm10827606,tt9647022,actor,9
nm0590819,tt9647298,actor,5
nm6737445,tt9647642,actress,8
nm6632536,tt9647880,actor,1
nm6665182,tt9648672,actor,10
nm10423961,tt9648806,actor,10
nm10052455,tt9651918,actor,1
nm6823397,tt9652322,actress,5
nm4666955,tt9652550,actor,6
nm0940893,tt9652782,actress,7
nm10448674,tt9652782,actor,5
nm10424354,tt9654134,actress,12
nm0410983,tt9654308,actor,5
nm10423840,tt9654830,actor,3
nm3126325,tt9657076,actress,8
nm1758680,tt9657910,actor,5
nm7077371,tt9657910,actress,4
nm7663910,tt9657910,actor,8
nm13234489,tt9658140,actor,2
nm11926377,tt9658388,actor,4
nm17847410,tt9658966,actor,11
nm1452229,tt9660170,actor,7
nm9568024,tt9660170,actor,5
nm2352547,tt9660326,actress,1
nm2325042,tt9661164,actor,9
nm0370577,tt9663146,actor,4
nm1725848,tt9663168,actor,5
nm8300827,tt9663258,actor,1
nm4106907,tt9663666,actor,8
nm0597388,tt9663764,actor,1
nm3652842,tt9664108,actor,8
nm3808948,tt9664732,actor,9
nm11873025,tt9665968,actress,7
nm1759775,tt9668358,actor,1
nm10431230,tt9668552,actor,5
nm3154399,tt9668556,actor,3
nm3730222,tt9669470,actress,4
nm7855374,tt9670480,actor,8
nm10431281,tt9671188,actor,4
nm4867375,tt9671918,actor,10
nm6150259,tt9675366,actress,1
nm10484501,tt9675464,actress,5
nm5623923,tt9675464,actor,9
nm0015001,tt9675716,actor,1
nm1957308,tt9675716,actor,10
nm0080925,tt9675786,actress,10
nm1293177,tt9675804,actor,8
nm5035251,tt9676242,actress,7
nm0253291,tt9678162,actor,9
nm0867401,tt9679368,actor,9
nm1159869,tt9679368,actor,8
nm10437934,tt9679806,actress,4
nm1371957,tt9680064,actor,1
nm15630552,tt9680562,actor,7
nm5498943,tt9680802,actor,7
nm9177070,tt9681728,actor,3
nm4402890,tt9683478,actor,4
nm3284561,tt9683836,actor,3
nm6705787,tt9683836,actress,1
nm4161453,tt9684994,actor,3
nm4405625,tt9685342,actress,11
nm6618195,tt9685652,actress,8
nm14650628,tt9685782,actress,6
nm12665632,tt9686154,actress,8
nm1162224,tt9686514,actor,1
nm0720763,tt9686610,actress,2
nm3512587,tt9690328,actress,10
nm3872230,tt9691136,actor,3
nm3606487,tt9691336,actress,4
nm9940581,tt9691348,actress,1
nm0387363,tt9692040,actor,5
nm5723361,tt9692046,actor,12
nm5723588,tt9692046,actor,5
nm4413592,tt9692890,actress,1
nm10676624,tt9695462,actor,5
nm4143974,tt9697324,actress,9
nm4781185,tt9698430,actor,6
nm0756870,tt9698796,actor,7
nm2840660,tt9699640,actor,4
nm0181225,tt9700984,actress,3
nm6185683,tt9701940,actress,2
nm3562302,tt9703070,actor,6
nm5891034,tt9703362,actress,2
nm10446128,tt9703960,actress,7
nm0218741,tt9707780,actress,8
nm3171390,tt9707780,actor,4
nm2123231,tt9708416,actor,9
nm0500618,tt9713802,actor,6
nm5215308,tt9713802,actor,8
nm3267600,tt9715438,actress,2
nm3530581,tt9715438,actress,8
nm4997973,tt9716084,actor,5
nm10449216,tt9716470,actor,1
nm10449320,tt9716724,actor,8
nm3602024,tt9717144,actor,4
nm10449626,tt9717270,actor,10
nm10450051,tt9719452,actress,9
nm1832279,tt9720596,actor,5
nm8963304,tt9720696,actor,1
nm8358490,tt9720866,actor,4
nm10451090,tt9722952,actress,4
nm10739172,tt9725058,actor,9
nm3400133,tt9725058,actress,3
nm6733359,tt9726796,actor,6
nm8135859,tt9727546,actress,5
nm10768265,tt9728306,actress,6
nm0457492,tt9728836,actor,5
nm0297885,tt9729206,actor,3
nm9724541,tt9731034,actress,6
nm10455087,tt9732214,actor,2
nm10743068,tt9733362,actor,8
nm10743069,tt9733362,actress,4
nm1428724,tt9735186,actor,5
nm8699770,tt9735830,actor,5
nm2900986,tt9735878,actress,2
nm10457229,tt9737258,actor,1
nm0160400,tt9737798,actress,4
nm5796586,tt9738400,actress,6
nm2239702,tt9738716,actress,1
nm9612798,tt9738716,actress,9
nm10004503,tt9739486,actor,9
nm0638154,tt9739712,actress,6
nm0802251,tt9740272,actress,4
nm7457611,tt9740730,actor,9
nm7290010,tt9741186,actor,1
nm6591382,tt9741310,actress,7
nm3149791,tt9741478,actor,1
nm4180684,tt9741478,actress,8
nm4877001,tt9742106,actor,2
nm6736465,tt9742166,actor,9
nm2290624,tt9742206,actor,10
nm6419392,tt9742362,actor,1
nm0440202,tt9742372,actor,1
nm0126298,tt9742392,actor,10
nm2978720,tt9742392,actress,7
nm3285199,tt9742628,actress,4
nm11087465,tt9742642,actress,6
nm0210295,tt9747160,actor,4
nm10629831,tt9749174,actress,9
nm0852060,tt9752248,actor,1
nm13370157,tt9752488,actor,10
nm0645237,tt9752544,actor,5
nm3445329,tt9753764,actress,6
nm1352128,tt9754992,actor,1
nm5825055,tt9755680,actor,10
nm9294429,tt9755806,actress,3
nm10813433,tt9760512,actor,2
nm4290253,tt9763792,actor,6
nm5203099,tt9763792,actress,5
nm1137962,tt9764634,actress,3
nm8490093,tt9764804,actress,7
nm0460694,tt9765840,actor,10
nm7148362,tt9765840,actress,1
nm5130906,tt9765900,actor,8
nm8207234,tt9765968,actor,9
nm2081663,tt9767390,actor,4
nm0108509,tt9767556,actor,7
nm5946358,tt9770432,actress,4
nm6492049,tt9772164,actor,4
nm10472112,tt9773400,actor,2
nm10472429,tt9774640,actress,9
nm0008739,tt9777352,actor,1
nm1228805,tt9777352,actor,9
nm8870532,tt9777394,actress,9
nm2346665,tt9777882,actor,9
nm10866047,tt9778888,actor,3
nm6111186,tt9784068,actress,10
nm10410494,tt9784518,actress,7
nm4640983,tt9787468,actress,6
nm4383118,tt9789670,actor,5
nm5599447,tt9789686,actor,2
nm0229301,tt9791552,actor,3
nm1679997,tt9791552,actress,8
nm1833640,tt9791552,actress,1
nm7367695,tt9793334,actress,3
nm10707771,tt9795174,actor,4
nm10482384,tt9795264,actor,10
nm0023715,tt9797630,actor,2
nm1061987,tt9797920,actor,3
nm2056519,tt9799640,actor,1
nm9828762,tt9800694,actor,3
nm9095306,tt9800752,actress,2
nm1492093,tt9801368,actress,3
nm8777468,tt9802538,actor,10
nm1030209,tt9804296,actor,7
nm6235401,tt9806192,actor,7
nm0759797,tt9806222,actor,6
nm1197737,tt9806468,actress,3
nm1391032,tt9808686,actor,4
nm9904883,tt9808686,actress,10
nm4825006,tt9810420,actress,1
nm16393672,tt9812474,actor,8
nm0953586,tt9814918,actor,7
nm1172890,tt9815714,actor,7
nm7321199,tt9816396,actress,6
nm9816461,tt9816396,actress,4
nm10498819,tt9817070,actor,9
nm0793732,tt9817814,actor,4
nm9638597,tt9818102,actor,4
nm5289856,tt9819258,actor,9
nm0597853,tt9820352,actor,4
nm10496598,tt9823546,actress,10
nm2644288,tt9823562,actor,4
nm3837828,tt9823562,actor,5
nm1253905,tt9823772,actor,3
nm10496841,tt9824016,actress,8
nm12798897,tt9827352,actor,2
nm12798898,tt9827352,actor,3
nm3073947,tt9828814,actress,1
nm9488941,tt9828814,actor,3
nm7112009,tt9829006,actress,7
nm2212823,tt9834318,actress,4
nm0720879,tt9834506,actor,5
nm0875465,tt9834564,actor,1
nm1292277,tt9834564,actor,6
nm2550521,tt9837752,actress,4
nm0490492,tt9838372,actor,3
nm1824944,tt9838656,actor,4
nm11801319,tt9838780,actor,6
nm0295568,tt9839038,actress,5
nm0442622,tt9839038,actor,3
nm6505394,tt9839038,actress,9
nm3646747,tt9839040,actor,7
nm9015191,tt9840958,actor,4
nm10506132,tt9841750,actor,5
nm2080791,tt9841750,actress,2
nm0163060,tt9842544,actress,11
nm10181097,tt9844892,actor,10
nm11880040,tt9844944,actor,10
nm12560130,tt9848804,actor,9
nm10134922,tt9848972,actor,2
nm1106407,tt9849644,actor,7
nm9457225,tt9850084,actor,10
nm9503156,tt9850264,actress,10
nm3536989,tt9850488,actor,8
nm10017300,tt9853118,actor,5
nm6146135,tt9853118,actor,9
nm10730437,tt9853664,actor,9
nm0214343,tt9854706,actor,9
nm9447347,tt9855090,actor,2
nm10511482,tt9855210,actor,7
nm10511484,tt9855210,actor,10
nm10511706,tt9855578,actress,1
nm8595182,tt9855782,actor,10
nm0619098,tt9856128,actor,7
nm1458668,tt9856606,actress,8
nm1514447,tt9858950,actor,9
nm11357336,tt9861214,actor,9
nm3691738,tt9861288,actress,5
nm4818642,tt9861480,actor,5
nm10515696,tt9864800,actor,11
nm10516646,tt9865010,actor,8
nm0005522,tt9866202,actor,1
nm8526671,tt9866344,actor,3
nm10516619,tt9866394,actor,1
nm10520205,tt9866700,actor,9
nm0361866,tt9866916,actor,9
nm0133452,tt9867130,actress,2
nm10517497,tt9869228,actor,6
nm0847396,tt9871328,actor,2
nm5068576,tt9872556,actor,1
nm10519746,tt9874290,actress,7
nm8467479,tt9876544,actor,5
nm10521141,tt9876994,actor,10
nm10521237,tt9877274,actor,7
nm1675134,tt9877460,actor,6
nm1783981,tt9877460,actor,8
nm10521730,tt9878422,actress,6
nm0887206,tt9878598,actress,1
nm1228132,tt9879482,actress,5
nm9051285,tt9879482,actress,3
nm1748770,tt9881364,actress,10
nm5736426,tt9881364,actor,9
nm3154969,tt9881678,actress,7
nm3885092,tt9881924,actress,10
nm1734877,tt9881974,actor,6
nm7600264,tt9882532,actor,9
nm0507073,tt9883996,actor,5
nm1553376,tt9883996,actor,8
nm1119544,tt9886872,actress,5
nm10525923,tt9887290,actor,5
nm10527019,tt9890052,actress,4
nm9176778,tt9893130,actress,9
nm1237235,tt9893160,actor,5
nm2314596,tt9893160,actress,2
nm2555462,tt9893250,actress,3
nm5108614,tt9893266,actress,4
nm10287530,tt9895024,actor,9
nm2964950,tt9896876,actress,9
nm0436648,tt9898636,actor,6
nm0004979,tt9898858,actor,6
nm0016941,tt9899716,actor,8
nm0778107,tt9899716,actor,11
nm2111833,tt9899828,actress,6
nm5381748,tt9899828,actor,4
nm2544899,tt9899840,actress,1
nm7993373,tt9900180,actress,4
nm10531595,tt9900388,actress,9
nm6670015,tt9900396,actress,6
nm9450235,tt9902160,actress,1
nm10532869,tt9903920,actor,3
nm3397660,tt9905412,actor,10
nm5956683,tt9910502,actress,10
nm0217984,tt9913660,actress,5
nm10175558,tt9913660,actor,3
nm2009056,tt9916190,actor,3
nm1316038,tt9916428,actor,9
nm10263874,tt9291476,actor,8
nm11314355,tt9293752,actor,9
nm11314356,tt9293752,actress,10
nm9461939,tt9293752,actress,5
nm0264768,tt9296084,actress,3
nm0882743,tt9296084,actor,7
nm1098416,tt9296106,actress,3
nm8639477,tt9296106,actor,8
nm5120913,tt9296214,actor,5
nm0000448,tt9296590,actor,1
nm9034284,tt9298196,actor,5
nm10661586,tt9299568,actor,2
nm1779556,tt9301556,actress,7
nm2013638,tt9301556,actor,6
nm0378102,tt9302026,actor,5
nm6157473,tt9305634,actress,4
nm3184458,tt9307666,actress,5
nm8419928,tt9308170,actor,5
nm3040063,tt9308452,actress,10
nm9091968,tt9309046,actor,4
nm13154981,tt9309756,actor,7
nm7976335,tt9309968,actress,2
nm12805107,tt9310606,actress,7
nm17163927,tt9311532,actor,8
nm4217279,tt9312100,actress,8
nm0621348,tt9313424,actor,5
nm10315956,tt9313780,actor,9
nm10274391,tt9314164,actor,4
nm11291873,tt9314984,actress,2
nm10273947,tt9316594,actress,1
nm0622333,tt9318768,actor,5
nm0762965,tt9318772,actor,8
nm10275012,tt9319194,actor,1
nm1358225,tt9319544,actor,9
nm14502743,tt9319826,actor,9
nm15235807,tt9319826,actor,7
nm10317254,tt9319868,actress,6
nm2132667,tt9319874,actor,8
nm11166413,tt9319884,actor,3
nm2794335,tt9319918,actor,6
nm9508806,tt9319960,actor,3
nm8529314,tt9320170,actor,4
nm1127071,tt9322350,actress,5
nm0147582,tt9326498,actress,2
nm1513584,tt9326772,actor,3
nm3170174,tt9326772,actress,1
nm0472431,tt9330332,actor,10
nm0144583,tt9330648,actress,4
nm1429402,tt9331776,actor,5
nm8826563,tt9333076,actor,9
nm5397345,tt9333358,actor,3
nm5670518,tt9335210,actress,8
nm0555902,tt9336434,actress,1
nm1290816,tt9337248,actress,12
nm3672284,tt9337248,actress,11
nm8505847,tt9339796,actor,10
nm10310861,tt9339958,actor,10
nm8806588,tt9339958,actor,2
nm1671512,tt9340872,actress,9
nm10284553,tt9341098,actress,8
nm6388096,tt9341136,actor,4
nm1985820,tt9341628,actor,10
nm5421394,tt9342390,actress,3
nm7349457,tt9343062,actress,8
nm0605299,tt9343700,actress,2
nm3675413,tt9346816,actor,10
nm1027293,tt9348296,actress,10
nm4281935,tt9348578,actor,2
nm2186494,tt9348720,actress,3
nm4111472,tt9348720,actor,6
nm12654670,tt9349882,actress,9
nm10561890,tt9349898,actress,8
nm10288737,tt9350746,actor,8
nm2055008,tt9351220,actor,3
nm0194662,tt9351598,actress,7
nm10233224,tt9351610,actor,4
nm7549150,tt9351854,actor,8
nm1261587,tt9351856,actress,1
nm6049034,tt9354118,actor,1
nm12304446,tt9354674,actress,4
nm3170207,tt9354842,actor,2
nm10292622,tt9356304,actor,10
nm0010736,tt9357050,actress,4
nm0020281,tt9358040,actress,5
nm5160752,tt9358160,actress,4
nm0043766,tt9358398,actor,1
nm10292442,tt9358444,actor,10
nm4561517,tt9359754,actor,7
nm0793643,tt9361104,actor,8
nm1145617,tt9361810,actor,1
nm6068682,tt9363342,actor,1
nm7770551,tt9364382,actress,3
nm4283334,tt9364494,actor,7
nm4993797,tt9364848,actor,8
nm2386777,tt9365604,actor,8
nm0005244,tt9365634,actress,7
nm10295744,tt9365768,actor,7
nm10295859,tt9366176,actor,2
nm8344458,tt9366716,actress,5
nm11087841,tt9366994,actor,5
nm2400341,tt9368006,actress,2
nm8963094,tt9368200,actress,6
nm15392421,tt9369332,actor,5
nm4068733,tt9369332,actress,1
nm2386777,tt9370218,actor,9
nm0387360,tt9371576,actor,9
nm1851472,tt9371576,actor,3
nm8220034,tt9371730,actor,9
nm9806166,tt9373782,actress,3
nm0008203,tt9373894,actor,5
nm0354560,tt9374682,actor,3
nm10302536,tt9377066,actress,8
nm9625631,tt9378658,actor,5
nm3016957,tt9379404,actor,8
nm0044762,tt9379416,actor,1
nm2599473,tt9381904,actress,4
nm10218782,tt9382140,actor,8
nm0840083,tt9382358,actor,10
nm11084342,tt9383572,actress,10
nm0000616,tt9383658,actor,1
nm14260747,tt9384126,actress,7
nm8490640,tt9384516,actor,4
nm10304668,tt9386290,actor,9
nm0161524,tt9386884,actress,7
nm0181920,tt9387250,actor,5
nm2148845,tt9387352,actor,10
nm2682045,tt9387380,actress,10
nm10305721,tt9389132,actor,10
nm9397304,tt9389584,actress,1
nm8531959,tt9389598,actor,10
nm2526613,tt9389622,actress,4
nm5196498,tt9389622,actress,2
nm0149846,tt9389802,actress,6
nm11587695,tt9389802,actor,5
nm0541126,tt9390190,actor,3
nm3782081,tt9395400,actor,4
nm16568217,tt9395776,actor,5
nm7205423,tt9396112,actor,5
nm10308441,tt9396174,actor,9
nm0436620,tt9397742,actress,3
nm8722633,tt9403584,actor,3
nm10312404,tt9405352,actor,6
nm8979510,tt9405490,actor,9
nm9093659,tt9405714,actor,2
nm1275407,tt9408114,actress,6
nm8639066,tt9408282,actor,1
nm9809869,tt9408282,actress,7
nm16261379,tt9408462,actress,7
nm2153938,tt9409096,actor,7
nm7033618,tt9412088,actress,5
nm8509764,tt9412202,actor,4
nm3380189,tt9412514,actor,4
nm0946198,tt9412726,actor,7
nm0015417,tt9413114,actor,9
nm0157374,tt9415480,actress,4
nm0441102,tt9415530,actor,3
nm0284454,tt9415552,actor,4
nm3250978,tt9419730,actress,2
nm3119556,tt9420648,actress,6
nm9435577,tt9421200,actor,10
nm5007768,tt9421570,actress,7
nm0022134,tt9422468,actress,5
nm14060208,tt9422624,actress,10
nm0451345,tt9422724,actor,10
nm1066117,tt9423096,actor,10
nm6567659,tt9425078,actress,7
nm10321796,tt9427218,actor,7
nm1204760,tt9428746,actor,6
nm0044467,tt9429948,actress,4
nm0201916,tt9430518,actor,3
nm8835374,tt9430574,actor,4
nm10323698,tt9430578,actor,10
nm5125622,tt9430578,actress,1
nm1728487,tt9430780,actress,2
nm6556507,tt9432968,actor,7
nm2715539,tt9435162,actor,7
nm0481246,tt9436636,actor,6
nm3142377,tt9436636,actress,7
nm10326805,tt9436682,actor,6
nm0793697,tt9437152,actor,10
nm1873603,tt9437360,actor,8
nm10327038,tt9439360,actress,3
nm7335276,tt9442046,actress,2
nm1296300,tt9442324,actor,9
nm0710810,tt9442780,actor,10
nm5663569,tt9442920,actor,1
nm10319674,tt9442978,actor,7
nm9623215,tt9443892,actress,1
nm3298848,tt9444800,actor,9
nm4852977,tt9445114,actor,4
nm15491817,tt9447662,actor,4
nm2806111,tt9447768,actor,6
nm5364548,tt9447768,actor,10
nm3353760,tt9448332,actor,10
nm8243370,tt9448656,actress,10
nm4546297,tt9448946,actor,7
nm4659203,tt9449952,actress,2
nm3768314,tt9452846,actor,2
nm3171360,tt9452900,actress,2
nm10333633,tt9454756,actor,1
nm10333634,tt9454756,actor,8
nm1682659,tt9454778,actor,8
nm0626974,tt9455100,actor,3
nm10334578,tt9456222,actor,10
nm1163023,tt9458220,actor,6
nm8476463,tt9460596,actor,8
nm2778815,tt9460808,actor,5
nm2015658,tt9461104,actor,9
nm3078926,tt9461104,actor,1
nm5016551,tt9461494,actor,6
nm1035144,tt9463434,actor,8
nm0483105,tt9464000,actor,8
nm1181667,tt9464000,actress,7
nm14111607,tt9464654,actor,8
nm7981365,tt9466070,actress,6
nm9173586,tt9466114,actor,7
nm12096772,tt9466410,actor,6
nm7733435,tt9466644,actor,10
nm3583019,tt9466786,actor,9
nm12239802,tt9470296,actor,9
nm9190581,tt9471784,actress,2
nm5612845,tt9471828,actress,8
nm2001941,tt9471930,actor,2
nm10234765,tt9471988,actor,8
nm10342543,tt9472142,actor,7
nm7987438,tt9472208,actor,9
nm9242396,tt9477066,actress,1
nm0913097,tt9477520,actress,2
nm5457688,tt9477532,actor,4
nm12470282,tt9480146,actress,8
nm4681246,tt9481962,actor,1
nm1800631,tt9485062,actress,2
nm11476799,tt9485592,actress,10
nm10348165,tt9485772,actress,4
nm7565565,tt9486076,actress,3
nm0823040,tt9486128,actress,7
nm10123313,tt9486184,actor,7
nm10347973,tt9486594,actor,11
nm9657176,tt9488378,actor,5
nm10380360,tt9489598,actress,10
nm4726429,tt9489598,actress,2
nm8205904,tt9489598,actor,6
nm5066467,tt9490122,actor,10
nm6913129,tt9490122,actress,7
nm10338571,tt9490150,actress,4
nm10349867,tt9490150,actor,3
nm10734588,tt9490414,actress,10
nm10353337,tt9491338,actress,7
nm6009683,tt9496232,actress,3
nm7865013,tt9496420,actor,6
nm6695982,tt9497146,actress,2
nm12482559,tt9497760,actress,2
nm8499543,tt9500068,actor,5
nm4340580,tt9500372,actress,2
nm3801831,tt9501234,actress,2
nm1127863,tt9503782,actress,4
nm0880857,tt9505212,actor,4
nm10751496,tt9505224,actress,3
nm0004743,tt9506000,actor,2
nm0945836,tt9506724,actor,7
nm7124125,tt9507276,actor,7
nm0875370,tt9510356,actor,1
nm8403469,tt9510356,actor,10
nm9005150,tt9511022,actress,8
nm10358001,tt9511256,actor,4
nm0783062,tt9512188,actress,5
nm3110951,tt9514116,actor,8
nm7920181,tt9515732,actor,1
nm0019741,tt9516312,actress,10
nm0342679,tt9516390,actor,6
nm1118716,tt9516956,actress,7
nm3876068,tt9517188,actress,4
nm0571264,tt9517348,actor,1
nm0757104,tt9519034,actor,4
nm0357662,tt9519872,actress,2
nm11196756,tt9520140,actress,7
nm3492422,tt9520714,actor,10
nm1955570,tt9526826,actor,4
nm1399111,tt9528596,actress,3
nm0403899,tt9528930,actress,6
nm0071044,tt9529302,actor,4
nm2068577,tt9529640,actress,10
nm10363134,tt9529656,actor,9
nm3492422,tt9529740,actor,9
nm0644835,tt9529752,actor,9
nm5275352,tt9529786,actor,5
nm10366904,tt9530954,actor,8
nm3589143,tt9531138,actress,7
nm0006763,tt9531772,actor,5
nm3046705,tt9534784,actress,7
nm4262853,tt9534948,actress,10
nm10322429,tt9536636,actor,6
nm8500959,tt9536810,actor,7
nm4438619,tt9536816,actor,10
nm9818808,tt9537068,actress,3
nm13023905,tt9537082,actress,4
nm10369649,tt9537122,actor,3
nm5704615,tt9537316,actor,7
nm5065265,tt9537532,actor,1
nm10497835,tt9542116,actress,9
nm7452321,tt9542116,actress,4
nm3827772,tt9546082,actor,8
nm12001759,tt9547318,actress,3
nm0370621,tt9548438,actor,3
nm0642253,tt9551424,actor,10
nm1046050,tt9552208,actor,3
nm0463201,tt9552258,actor,4
nm5943779,tt9552932,actress,8
nm3359104,tt9554692,actor,3
nm8929536,tt9554692,actress,6
nm4777842,tt9555284,actress,7
nm0906436,tt9556104,actor,1
nm9406873,tt9556438,actress,7
nm10379064,tt9557672,actor,7
nm1799955,tt9557810,actress,4
nm1069587,tt9558612,actor,9
nm4829602,tt9559504,actress,7
nm11142355,tt9561782,actress,8
nm4609222,tt9562296,actor,5
nm11484344,tt9563330,actor,3
nm10381422,tt9563348,actor,9
nm0620172,tt9563872,actor,4
nm1168078,tt9563872,actor,3
nm1363764,tt9564364,actor,9
nm3441675,tt9564676,actor,6
nm1148932,tt9567458,actor,10
nm2969259,tt9568168,actor,2
nm1763787,tt9568318,actor,5
nm4044551,tt9569504,actor,8
nm2240044,tt9569610,actor,5
nm10385409,tt9571090,actor,9
nm0434595,tt9571542,actor,9
nm10386206,tt9573058,actor,3
nm5032766,tt9575206,actress,4
nm10388313,tt9575498,actor,3
nm9365639,tt9577694,actor,7
nm0372091,tt9578462,actress,7
nm6710968,tt9581076,actor,4
nm3131085,tt9582810,actor,3
nm0690803,tt9583840,actor,5
nm0502425,tt9585676,actress,9
nm10447862,tt9586162,actor,9
nm6759421,tt9586162,actor,7
nm4082296,tt9586294,actress,1
nm10723828,tt9587244,actress,4
nm8020987,tt9587244,actor,2
nm0620636,tt9592292,actor,2
nm8032035,tt9595666,actress,1
nm0594667,tt9600076,actress,4
nm8400629,tt9600964,actor,9
nm10400885,tt9603090,actress,8
nm0005246,tt9603208,actor,5
nm0644406,tt9603208,actor,10
nm2017943,tt9603212,actress,2
nm1687944,tt9603216,actor,7
nm5876095,tt9603216,actress,1
nm8189431,tt9603330,actor,1
nm0793675,tt9610246,actress,2
nm14176584,tt9611068,actor,5
nm3591507,tt9611542,actor,2
nm0625334,tt9614040,actor,10
nm3239630,tt9614064,actor,6
nm6714979,tt9614440,actress,1
nm9936176,tt9614460,actor,8
nm0882219,tt9615016,actress,5
nm9159017,tt9615020,actor,8
nm4823076,tt9615680,actress,9
nm8491123,tt9616558,actor,9
nm0626649,tt9616786,actor,8
nm3109156,tt9618458,actor,8
nm0408585,tt9618478,actress,2
nm5130906,tt9619010,actor,3
nm7723888,tt9619010,actor,2
nm6669135,tt9619824,actor,5
nm0273091,tt9619984,actor,5
nm7601016,tt9621104,actor,9
nm0875366,tt9622380,actress,9
nm10410351,tt9624570,actress,4
nm10410817,tt9625242,actor,5
nm3859411,tt9625298,actress,10
nm4141529,tt9625298,actor,5
nm5372988,tt9625664,actress,5
nm2952597,tt9625672,actor,3
nm8743969,tt9625986,actor,7
nm10411561,tt9626392,actor,7
nm6527156,tt9629494,actor,7
nm0953586,tt9630428,actor,2
nm0357277,tt9632014,actress,2
nm0412728,tt9632014,actor,6
nm0284717,tt9632068,actress,3
nm9598771,tt9633480,actress,3
nm9855596,tt9633480,actor,10
nm10974189,tt9634958,actress,8
nm8178680,tt9634958,actor,5
nm6998719,tt9636256,actor,8
nm4475298,tt9636630,actress,2
nm1665222,tt9637754,actor,10
nm0482695,tt9638206,actor,10
nm1239049,tt9638206,actor,5
nm0899703,tt9638668,actress,1
nm10476379,tt9641242,actress,8
nm0881963,tt9642686,actress,9
nm2452772,tt9642870,actress,6
nm1368007,tt9642950,actor,6
nm2010689,tt9642950,actress,2
nm1295237,tt9643330,actress,1
nm5052940,tt9643542,actor,2
nm4140414,tt9645476,actor,7
nm0406737,tt9646136,actor,1
nm1469262,tt9646364,actor,7
nm0679177,tt9646400,actor,7
nm11591459,tt9646768,actor,10
nm10420876,tt9647178,actress,6
nm1078422,tt9647798,actor,1
nm5595667,tt9648598,actress,8
nm3797588,tt9648672,actor,6
nm0267042,tt9648886,actress,1
nm11713971,tt9649548,actor,7
nm2270016,tt9652888,actress,2
nm3245931,tt9653960,actor,1
nm1797076,tt9654308,actor,7
nm10999641,tt9654782,actress,7
nm5628004,tt9654806,actress,3
nm0389922,tt9657452,actor,7
nm0632761,tt9657950,actor,9
nm0847395,tt9657950,actress,10
nm0516404,tt9658022,actress,3
nm10551730,tt9658140,actor,5
nm13234494,tt9658140,actor,1
nm7233042,tt9658388,actress,9
nm4701570,tt9660006,actor,9
nm11243529,tt9660502,actress,9
nm13465094,tt9660502,actor,1
nm13674212,tt9660502,actor,8
nm1164628,tt9660606,actress,3
nm3435229,tt9660666,actress,3
nm5508197,tt9661960,actress,9
nm1340370,tt9663168,actor,6
nm1961204,tt9663168,actor,10
nm6965680,tt9663168,actor,2
nm9976809,tt9663168,actress,9
nm10428308,tt9663642,actress,9
nm1320827,tt9663764,actor,6
nm10314100,tt9664948,actress,7
nm11873026,tt9665968,actor,8
nm10430003,tt9668598,actor,9
nm8379538,tt9668680,actress,8
nm10430588,tt9669470,actor,2
nm2317466,tt9670278,actor,4
nm8610597,tt9670282,actor,8
nm0707352,tt9670540,actress,10
nm10431286,tt9671188,actor,9
nm0324772,tt9672244,actor,3
nm0430825,tt9673548,actor,5
nm9133882,tt9673548,actress,7
nm10681865,tt9675374,actor,10
nm5542067,tt9676274,actor,7
nm10041313,tt9676940,actress,8
nm10499365,tt9677416,actor,7
nm0170381,tt9678162,actor,2
nm5030879,tt9678750,actress,4
nm1492496,tt9679044,actor,5
nm10435487,tt9679538,actor,1
nm7585380,tt9679538,actor,7
nm3171918,tt9680064,actress,10
nm10211299,tt9680090,actor,6
nm0156955,tt9680630,actor,10
nm4121384,tt9680802,actor,10
nm2763138,tt9682188,actress,10
nm0481363,tt9682768,actress,6
nm3428003,tt9682768,actress,7
nm10437052,tt9683250,actress,7
nm0184392,tt9683542,actor,5
nm1097940,tt9683836,actor,8
nm12474069,tt9683854,actor,6
nm2129342,tt9683854,actor,2
nm5592330,tt9684016,actor,9
nm7860012,tt9685828,actor,4
nm8894367,tt9685996,actor,9
nm9421636,tt9685996,actor,7
nm1276929,tt9686514,actor,4
nm0913409,tt9686596,actor,3
nm10572833,tt9686596,actor,10
nm1955570,tt9686610,actor,4
nm0051502,tt9689664,actor,1
nm0000169,tt9689696,actor,2
nm2095779,tt9690184,actor,10
nm10440439,tt9690776,actor,1
nm0942550,tt9690790,actor,10
nm1267261,tt9690832,actor,9
nm11989496,tt9691136,actor,9
nm5479385,tt9691282,actress,8
nm7512142,tt9691282,actor,5
nm11962642,tt9691290,actor,9
nm5721783,tt9692046,actor,9
nm8226618,tt9692046,actor,8
nm9689643,tt9693686,actor,4
nm10442544,tt9695462,actor,7
nm10676621,tt9695462,actor,2
nm4750065,tt9697468,actor,7
nm3925410,tt9702850,actress,8
nm1441998,tt9703398,actress,10
nm4005735,tt9703398,actor,4
nm10448186,tt9710558,actor,9
nm6630516,tt9712136,actor,4
nm1687434,tt9715438,actor,1
nm9813170,tt9716470,actor,3
nm0009496,tt9716728,actress,1
nm10449335,tt9716728,actress,2
nm10449340,tt9716728,actor,5
nm8284971,tt9716782,actress,10
nm4775102,tt9720690,actor,10
nm3459781,tt9721830,actress,2
nm7988227,tt9721830,actress,7
nm5713957,tt9722174,actress,2
nm10484854,tt9723240,actress,6
nm0207344,tt9723262,actress,1
nm5551759,tt9724492,actor,1
nm0951121,tt9724734,actor,6
nm5652097,tt9725830,actor,5
nm14277163,tt9727546,actress,7
nm11958714,tt9729774,actress,5
nm10454404,tt9730794,actress,6
nm9810330,tt9730866,actor,1
nm1758612,tt9731048,actor,3
nm0812453,tt9731436,actor,7
nm6949661,tt9731752,actor,1
nm0224511,tt9732214,actress,10
nm0034782,tt9733362,actress,3
nm10456047,tt9735186,actor,6
nm0112811,tt9735462,actor,7
nm5031311,tt9736978,actress,7
nm0394723,tt9737258,actor,2
nm3059268,tt9738400,actress,2
nm0850809,tt9739232,actor,5
nm1017945,tt9739232,actor,9
nm0758656,tt9739386,actor,1
nm0686035,tt9740770,actor,7
nm10459374,tt9742122,actor,1
nm6419392,tt9742334,actor,3
nm7855374,tt9742334,actor,9
nm5974195,tt9742362,actor,10
nm8440701,tt9742362,actress,3
nm2328440,tt9742392,actress,9
nm8044596,tt9742392,actress,1
nm12497422,tt9742582,actor,1
nm4803213,tt9742628,actress,6
nm7903965,tt9742642,actress,8
nm8491070,tt9744922,actress,6
nm1152954,tt9747230,actor,9
nm5561908,tt9747276,actor,9
nm7104940,tt9748136,actress,1
nm0867789,tt9750028,actor,6
nm3351534,tt9750028,actor,2
nm9085093,tt9751002,actress,7
nm6956662,tt9752158,actor,3
nm1871688,tt9752248,actress,7
nm4908103,tt9755024,actress,4
nm0452091,tt9755660,actor,4
nm7562618,tt9761572,actor,10
nm5896355,tt9764362,actress,2
nm10482620,tt9764832,actor,8
nm11374120,tt9764958,actor,2
nm1392076,tt9765144,actress,3
nm1793186,tt9765226,actor,5
nm3206118,tt9765226,actress,1
nm4200805,tt9765542,actress,4
nm7078907,tt9765604,actress,5
nm0023913,tt9765900,actor,4
nm10468988,tt9765902,actor,9
nm9071083,tt9766332,actress,1
nm0361676,tt9767908,actor,8
nm0766470,tt9769668,actor,6
nm9584508,tt9770150,actress,3
nm4983326,tt9770208,actress,7
nm8500276,tt9772164,actress,10
nm1248798,tt9777644,actor,9
nm9931908,tt9778060,actress,5
nm5089122,tt9784088,actress,2
nm3253943,tt9784456,actor,5
nm0762942,tt9786162,actor,8
nm0351235,tt9786512,actress,10
nm7700576,tt9788418,actress,4
nm0790798,tt9789182,actress,4
nm12197382,tt9789346,actor,8
nm1929018,tt9790536,actor,1
nm10732661,tt9794412,actor,7
nm0000162,tt9794630,actress,1
nm10690684,tt9795174,actor,8
nm10482385,tt9795264,actress,7
nm3203476,tt9795552,actor,9
nm3538993,tt9798310,actor,4
nm8158637,tt9799640,actor,4
nm10805783,tt9799984,actor,10
nm10464506,tt9799992,actor,3
nm10485137,tt9800694,actor,4
nm1244898,tt9802538,actor,9
nm5143940,tt9802538,actress,7
nm1439400,tt9803316,actor,9
nm8657736,tt9803620,actor,3
nm1683193,tt9804272,actress,10
nm0997511,tt9804296,actress,3
nm1002829,tt9804514,actor,7
nm0960012,tt9804534,actor,9
nm9739063,tt9805208,actor,3
nm10487275,tt9805350,actress,10
nm0911277,tt9805498,actor,8
nm12189729,tt9805504,actor,5
nm2814500,tt9805610,actor,1
nm0848993,tt9805784,actor,10
nm16365399,tt9806322,actor,2
nm6976647,tt9808564,actor,7
nm7478940,tt9808564,actor,8
nm0444795,tt9808838,actress,4
nm9587926,tt9808838,actor,1
nm10488759,tt9808842,actor,5
nm9933208,tt9810436,actor,9
nm1152338,tt9811452,actor,6
nm1298052,tt9811452,actor,2
nm9515235,tt9812530,actor,6
nm1272563,tt9812884,actor,9
nm1302654,tt9814918,actor,1
nm9862140,tt9815616,actress,8
nm9102304,tt9816214,actress,1
nm4388136,tt9816396,actress,2
nm9533543,tt9816636,actor,6
nm10493415,tt9817040,actor,10
nm0539335,tt9817044,actor,6
nm1388202,tt9817674,actor,9
nm0411417,tt9817814,actor,7
nm0580224,tt9817924,actress,9
nm10494111,tt9818148,actor,10
nm9062741,tt9819206,actor,6
nm6601748,tt9819258,actor,8
nm4392192,tt9820628,actor,4
nm0359275,tt9821108,actress,9
nm3955278,tt9821834,actor,10
nm13090699,tt9822880,actor,7
nm8011886,tt9825006,actress,8
nm1037433,tt9826820,actor,5
nm5296301,tt9827784,actor,5
nm2759672,tt9828208,actress,2
nm5770597,tt9828810,actor,10
nm10498863,tt9828814,actress,10
nm8894370,tt9828908,actor,7
nm0293444,tt9832110,actress,6
nm7030182,tt9834210,actor,7
nm5469167,tt9834318,actress,3
nm9714043,tt9834446,actor,10
nm3684541,tt9834564,actor,4
nm10501331,tt9834798,actor,2
nm0044445,tt9837752,actor,2
nm10849970,tt9838980,actress,7
nm6004699,tt9842874,actor,4
nm3204925,tt9843292,actor,10
nm10505245,tt9843470,actress,2
nm10506271,tt9844650,actor,3
nm0889475,tt9845110,actor,4
nm3856284,tt9845564,actor,9
nm0999309,tt9848668,actress,6
nm3529321,tt9848668,actress,8
nm1789985,tt9849004,actor,9
nm7363977,tt9850064,actor,7
nm0348018,tt9850084,actor,6
nm3651535,tt9850564,actor,6
nm6514296,tt9850740,actress,2
nm8491125,tt9851990,actress,10
nm0193846,tt9853500,actress,2
nm10511214,tt9854844,actress,7
nm1928542,tt9855510,actor,6
nm10511710,tt9855578,actress,9
nm10936057,tt9856574,actress,5
nm8510546,tt9856606,actress,3
nm11391211,tt9857850,actor,5
nm8919809,tt9859528,actor,9
nm3192510,tt9859574,actor,4
nm0000982,tt9860566,actor,1
nm9599167,tt9860694,actor,10
nm2242337,tt9860728,actor,3
nm2868791,tt9860728,actor,7
nm8269806,tt9861220,actor,7
nm0433697,tt9861230,actress,3
nm0019815,tt9861254,actress,2
nm5996757,tt9861522,actor,7
nm11364610,tt9865282,actor,10
nm0081070,tt9866204,actor,10
nm10520200,tt9866700,actor,4
nm10082610,tt9866736,actor,7
nm0866209,tt9866916,actress,3
nm1454306,tt9866916,actor,10
nm3443995,tt9870726,actress,3
nm0442951,tt9871736,actor,4
nm1125711,tt9875852,actor,9
nm11402386,tt9875852,actress,5
nm1264612,tt9876150,actress,4
nm6382653,tt9876150,actor,6
nm6107525,tt9876298,actress,5
nm9240678,tt9876412,actor,5
nm10520909,tt9876748,actor,9
nm10521728,tt9878422,actor,3
nm5630090,tt9880212,actor,2
nm7451657,tt9880982,actress,10
nm3909445,tt9881364,actor,3
nm5531691,tt9881364,actress,2
nm4439231,tt9881586,actress,2
nm5713187,tt9881586,actress,10
nm0283556,tt9881678,actor,4
nm1662096,tt9881974,actor,9
nm1372094,tt9884202,actor,4
nm13403827,tt9884388,actress,6
nm10525927,tt9887290,actress,9
nm8291959,tt9887520,actress,9
nm0473132,tt9889716,actor,5
nm15833707,tt9889716,actor,2
nm3113920,tt9889716,actor,7
nm5617255,tt9889716,actress,4
nm2648766,tt9892546,actor,2
nm9541144,tt9892546,actor,7
nm10528044,tt9892770,actor,7
nm10473992,tt9893130,actor,8
nm0001621,tt9893158,actor,1
nm8641420,tt9893824,actress,9
nm11630215,tt9894098,actress,10
nm4928007,tt9894418,actor,3
nm0138120,tt9894440,actor,7
nm4194124,tt9894660,actress,1
nm4708592,tt9896768,actress,3
nm5739369,tt9897258,actress,10
nm0952685,tt9898086,actor,8
nm0787921,tt9898636,actor,9
nm5799954,tt9899344,actress,3
nm1367819,tt9899850,actor,1
nm10531361,tt9899972,actor,7
nm0592782,tt9900388,actor,5
nm7559888,tt9900396,actor,1
nm2115821,tt9900570,actress,2
nm0952085,tt9900614,actor,10
nm1767178,tt9900614,actor,5
nm10532734,tt9903802,actor,7
nm10532822,tt9903890,actress,1
nm3800050,tt9904004,actress,5
nm5608098,tt9904004,actress,1
nm7222271,tt9904530,actor,8
nm10319158,tt9908636,actress,8
nm10319161,tt9908636,actor,3
nm10535978,tt9910502,actor,8
nm10900172,tt9910530,actor,3
nm0710601,tt9911750,actress,3
nm4345486,tt9913872,actress,1
nm4382414,tt9913872,actress,8
nm10091596,tt9913936,actor,1
nm10536938,tt9913936,actor,4
nm7997361,tt9914522,actor,2
nm1173203,tt9915592,actor,4
nm2794834,tt9915592,actress,2
nm3645214,tt9916270,actress,5
nm8745779,tt9290986,actor,1
nm10264203,tt9292378,actress,2
nm6014077,tt9296782,actor,9
nm9581477,tt9296782,actress,1
nm1368152,tt9297754,actress,3
nm7922531,tt9297754,actor,7
nm1253235,tt9299590,actor,2
nm3339359,tt9303696,actress,8
nm0762659,tt9308340,actress,6
nm3141890,tt9308340,actor,7
nm1125938,tt9308390,actor,7
nm11034914,tt9309568,actor,5
nm11035036,tt9309568,actor,3
nm1966361,tt9311062,actor,9
nm2202409,tt9311062,actor,5
nm0678950,tt9312588,actor,9
nm4424786,tt9313908,actor,5
nm9556321,tt9314164,actress,1
nm10273979,tt9314862,actor,6
nm2805495,tt9314984,actress,5
nm8582082,tt9314984,actress,6
nm10273745,tt9315574,actor,3
nm0299078,tt9315904,actor,2
nm0530609,tt9316574,actress,10
nm0652934,tt9316574,actor,9
nm12776689,tt9316710,actor,9
nm12434667,tt9317286,actor,10
nm5340409,tt9317286,actor,2
nm1867717,tt9319826,actor,1
nm10235353,tt9319840,actress,6
nm1136348,tt9319882,actor,8
nm9378883,tt9319918,actress,10
nm2582373,tt9320184,actor,8
nm4589523,tt9320184,actor,7
nm13385756,tt9322476,actress,10
nm1728167,tt9323034,actor,3
nm3620703,tt9323034,actor,1
nm7331094,tt9324428,actress,1
nm2584298,tt9324808,actress,6
nm8582532,tt9326646,actress,6
nm2672647,tt9327540,actress,4
nm5482202,tt9327782,actress,2
nm8817221,tt9330332,actress,4
nm5393346,tt9331416,actress,6
nm13139997,tt9332664,actor,4
nm4279762,tt9332664,actor,6
nm0605299,tt9333346,actress,2
nm1580115,tt9333346,actress,6
nm1293644,tt9336032,actor,1
nm5259014,tt9336300,actor,9
nm0451571,tt9340744,actress,5
nm2865434,tt9340872,actor,7
nm10284596,tt9341136,actress,6
nm5922816,tt9342250,actress,10
nm10204542,tt9342360,actress,2
nm10285015,tt9342360,actress,10
nm10744376,tt9343754,actor,2
nm17261530,tt9347654,actor,9
nm8948270,tt9347732,actor,8
nm1024317,tt9348752,actor,9
nm4173770,tt9348848,actor,9
nm2622173,tt9349770,actor,3
nm12654672,tt9349882,actor,7
nm3135063,tt9350934,actress,6
nm5440244,tt9351854,actress,5
nm2052978,tt9351856,actress,8
nm7109469,tt9352262,actor,3
nm0071416,tt9352926,actress,6
nm1395655,tt9354422,actor,4
nm0014122,tt9354438,actor,2
nm10290436,tt9354438,actor,10
nm12154127,tt9355162,actor,8
nm9071926,tt9355200,actress,3
nm0151009,tt9355222,actress,5
nm1514336,tt9356708,actor,4
nm0482126,tt9357860,actor,4
nm10292298,tt9358120,actor,2
nm6529288,tt9358422,actress,9
nm7609200,tt9359680,actor,10
nm10293521,tt9359942,actor,10
nm10280884,tt9360688,actor,7
nm2608927,tt9362694,actress,9
nm1947809,tt9365634,actor,2
nm11205879,tt9365762,actor,10
nm11205881,tt9365762,actor,4
nm10830413,tt9366176,actor,6
nm10830415,tt9366176,actor,8
nm13808564,tt9366716,actress,9
nm13812483,tt9367136,actress,8
nm13639495,tt9368384,actress,5
nm9656539,tt9368628,actress,1
nm0764871,tt9370232,actor,1
nm10297696,tt9371672,actor,7
nm10295486,tt9371706,actor,9
nm2387401,tt9371706,actor,5
nm10295767,tt9371734,actor,10
nm0438829,tt9371810,actor,5
nm7286379,tt9372116,actor,4
nm14448584,tt9372746,actor,8
nm2395335,tt9373218,actor,8
nm0993607,tt9375730,actress,6
nm1403664,tt9376118,actress,8
nm1367802,tt9376362,actress,7
nm1859988,tt9376362,actor,2
nm8527294,tt9377978,actor,3
nm2366974,tt9378320,actor,4
nm1099597,tt9378416,actor,3
nm5408984,tt9378416,actor,6
nm0601335,tt9378658,actor,8
nm5394091,tt9378850,actor,2
nm1699594,tt9379416,actress,9
nm0899087,tt9381994,actor,3
nm3262727,tt9381994,actor,10
nm2166395,tt9382596,actor,4
nm10303781,tt9383554,actress,6
nm10303958,tt9383772,actor,7
nm0001108,tt9383986,actor,3
nm5876117,tt9384038,actor,10
nm0457112,tt9385130,actor,6
nm0457225,tt9385870,actor,4
nm0019271,tt9386884,actress,1
nm3345670,tt9387250,actor,6
nm1542939,tt9387352,actor,7
nm1855023,tt9387380,actor,1
nm10305718,tt9389132,actor,6
nm8884202,tt9389132,actress,2
nm3473752,tt9389444,actor,8
nm8258443,tt9389562,actor,8
nm0474871,tt9389584,actor,7
nm6212505,tt9389598,actress,7
nm12575299,tt9389622,actress,9
nm10963782,tt9389802,actor,8
nm1009405,tt9389924,actress,6
nm8612305,tt9389998,actress,3
nm0620685,tt9390190,actor,5
nm9072045,tt9390390,actress,5
nm0251177,tt9391864,actor,1
nm4705424,tt9392248,actress,6
nm10306475,tt9392402,actress,1
nm9781745,tt9394826,actor,9
nm3440031,tt9396112,actor,6
nm11283070,tt9396198,actor,9
nm11283071,tt9396198,actor,4
nm1727764,tt9396994,actor,5
nm3473547,tt9396994,actor,2
nm0466936,tt9403928,actress,2
nm0200810,tt9405490,actor,6
nm10418804,tt9408742,actor,1
nm3001967,tt9409096,actress,3
nm3696993,tt9409660,actress,4
nm1536771,tt9411972,actor,8
nm10315866,tt9414574,actress,6
nm10315880,tt9414684,actress,8
nm2337388,tt9415108,actor,10
nm2418329,tt9415480,actor,1
nm0157374,tt9416478,actress,4
nm1728175,tt9418878,actor,7
nm7349963,tt9419628,actress,3
nm2195587,tt9419752,actor,5
nm0411417,tt9419794,actor,4
nm0412917,tt9420648,actor,5
nm1910857,tt9421200,actress,3
nm6487292,tt9421442,actress,2
nm3738640,tt9422166,actor,3
nm1931829,tt9422682,actor,5
nm12416423,tt9422724,actor,9
nm11201693,tt9425650,actor,8
nm1250821,tt9426944,actor,9
nm10023737,tt9426974,actor,10
nm10840211,tt9427166,actress,10
nm10321798,tt9427218,actress,5
nm1758990,tt9428050,actor,2
nm2770934,tt9429444,actress,5
nm10323693,tt9430574,actor,10
nm6400631,tt9430780,actor,9
nm11460158,tt9431072,actress,5
nm3474462,tt9435162,actress,3
nm1595572,tt9437224,actor,8
nm1662075,tt9437294,actor,8
nm11778043,tt9437360,actor,5
nm9549599,tt9440450,actor,4
nm1796242,tt9442324,actor,6
nm2362746,tt9442324,actress,4
nm3152456,tt9442920,actor,10
nm1703429,tt9443892,actress,10
nm1798871,tt9443892,actor,7
nm1460856,tt9445256,actor,5
nm3664729,tt9445930,actor,4
nm6494740,tt9446952,actress,6
nm1762618,tt9447600,actor,7
nm10996306,tt9447676,actress,8
nm0080900,tt9452304,actor,2
nm7296699,tt9452304,actress,7
nm10442613,tt9452520,actress,3
nm4608599,tt9452846,actress,5
nm2194534,tt9452878,actor,1
nm2393500,tt9452878,actress,9
nm10345115,tt9454176,actor,5
nm6692547,tt9456222,actor,2
nm2082530,tt9458062,actress,2
nm1105710,tt9458220,actor,8
nm0386388,tt9459988,actor,4
nm0538137,tt9459988,actress,7
nm2837044,tt9460422,actress,8
nm3359107,tt9460430,actor,8
nm9957528,tt9460472,actor,10
nm11302661,tt9460580,actress,3
nm17343620,tt9460610,actor,4
nm12191663,tt9461492,actor,8
nm7428212,tt9461494,actor,5
nm14871372,tt9466032,actor,8
nm0033136,tt9466096,actor,1
nm0080426,tt9466132,actor,2
nm1261649,tt9466410,actress,2
nm1548005,tt9466424,actor,1
nm0809793,tt9466498,actor,9
nm4968105,tt9466644,actor,8
nm0019455,tt9468378,actor,1
nm3374672,tt9468400,actor,1
nm6399766,tt9469842,actress,10
nm3383115,tt9470144,actor,3
nm12239801,tt9470296,actor,8
nm10597983,tt9471660,actress,11
nm0000674,tt9471678,actress,3
nm0949775,tt9471678,actor,9
nm0713942,tt9471786,actor,2
nm4132108,tt9471828,actress,2
nm0059303,tt9471930,actor,8
nm6327654,tt9471930,actress,5
nm9911004,tt9471952,actress,4
nm0296161,tt9472442,actress,9
nm6786155,tt9472658,actress,6
nm5253191,tt9474614,actor,3
nm10343513,tt9475430,actress,4
nm10344012,tt9476372,actor,4
nm7770566,tt9477532,actress,6
nm0592654,tt9479644,actress,7
nm1782903,tt9479644,actor,5
nm0296982,tt9480146,actor,10
nm1392366,tt9482620,actress,1
nm0388382,tt9484998,actor,7
nm1281809,tt9485306,actor,3
nm9769811,tt9485306,actor,6
nm6053072,tt9487594,actress,5
nm4948139,tt9490042,actress,1
nm2958419,tt9490456,actor,3
nm10350160,tt9490508,actor,6
nm8509768,tt9492214,actor,3
nm10350936,tt9493034,actor,10
nm2979439,tt9493034,actor,4
nm0090353,tt9493708,actor,7
nm1717476,tt9495080,actress,1
nm4813513,tt9495122,actor,7
nm0159537,tt9496212,actor,9
nm7745464,tt9496232,actor,5
nm0849928,tt9496830,actress,7
nm1276495,tt9496860,actress,3
nm3209720,tt9496886,actress,7
nm0726234,tt9500864,actor,1
nm0038324,tt9501310,actress,10
nm6492969,tt9503722,actor,7
nm1174040,tt9503782,actress,7
nm13291085,tt9505874,actress,5
nm9901171,tt9505874,actor,6
nm2148934,tt9511256,actor,1
nm0351366,tt9512188,actor,1
nm1146609,tt9512188,actor,8
nm4019355,tt9515792,actor,8
nm11437647,tt9517374,actress,4
nm1800105,tt9517374,actress,7
nm1442720,tt9519034,actor,3
nm10345797,tt9520084,actor,2
nm10363134,tt9521582,actor,5
nm4599394,tt9521582,actress,9
nm2760410,tt9522000,actor,2
nm8674239,tt9525200,actress,3
nm5966309,tt9525926,actor,7
nm9159882,tt9525926,actor,1
nm4629732,tt9526124,actor,5
nm8674109,tt9526134,actor,9
nm10024620,tt9526262,actor,4
nm10364996,tt9526262,actor,6
nm1229699,tt9526262,actor,8
nm5034016,tt9526392,actor,7
nm5630743,tt9527778,actress,1
nm3875162,tt9529752,actor,7
nm4701946,tt9529786,actor,1
nm5676210,tt9530586,actress,2
nm4410924,tt9531138,actress,9
nm10381444,tt9533434,actress,9
nm0189584,tt9534714,actor,9
nm0000185,tt9534808,actor,2
nm7329204,tt9536636,actor,3
nm10369651,tt9537122,actor,5
nm4241449,tt9537278,actor,1
nm4736837,tt9537278,actor,4
nm1693209,tt9537316,actor,3
nm1836657,tt9537342,actor,3
nm11075590,tt9537352,actor,9
nm7443988,tt9537888,actress,7
nm0694066,tt9540566,actor,8
nm1176711,tt9540702,actor,2
nm0592271,tt9540792,actor,3
nm2785730,tt9542918,actor,8
nm10388469,tt9543176,actor,8
nm3438835,tt9545516,actor,3
nm3515177,tt9546624,actor,1
nm8285638,tt9546624,actress,3
nm0014141,tt9548134,actor,4
nm0908914,tt9551424,actress,1
nm1185843,tt9551682,actor,1
nm0793562,tt9552352,actor,10
nm3995909,tt9553096,actor,5
nm0161607,tt9554692,actor,9
nm10079481,tt9554862,actor,2
nm3730270,tt9555284,actor,1
nm10377910,tt9555974,actor,10
nm0634753,tt9557034,actress,4
nm7356566,tt9557034,actress,2
nm11960691,tt9557068,actress,10
nm10396007,tt9557704,actor,1
nm9970377,tt9557704,actor,4
nm6711994,tt9557820,actor,1
nm4218305,tt9562694,actor,8
nm1048051,tt9562978,actor,4
nm13913129,tt9563330,actor,9
nm0039591,tt9563632,actress,3
nm0621937,tt9564774,actor,6
nm4736209,tt9564774,actress,5
nm0098284,tt9568640,actor,1
nm0427963,tt9572534,actress,5
nm3860307,tt9573068,actress,3
nm5083230,tt9573668,actor,7
nm1441419,tt9573686,actress,2
nm2081394,tt9573686,actress,7
nm2392676,tt9573686,actor,10
nm5684012,tt9573686,actress,9
nm5813847,tt9574912,actress,8
nm2320634,tt9575164,actor,2
nm11600727,tt9575388,actor,8
nm6856660,tt9575726,actress,2
nm10388684,tt9576808,actress,6
nm10487813,tt9576808,actress,10
nm10270016,tt9577694,actor,9
nm8231979,tt9578746,actor,7
nm2941811,tt9579786,actor,9
nm3460083,tt9579786,actress,5
nm0993695,tt9580442,actress,2
nm6785972,tt9581076,actor,7
nm8018569,tt9581076,actor,5
nm13800736,tt9583950,actress,8
nm5086513,tt9585798,actress,6
nm11084814,tt9586294,actress,7
nm2777927,tt9591766,actor,7
nm9281024,tt9595666,actor,7
nm10396622,tt9595738,actor,1
nm1276093,tt9596638,actor,10
nm0847609,tt9600076,actor,9
nm5403673,tt9600960,actress,9
nm3399361,tt9602472,actor,5
nm1586922,tt9602712,actor,6
nm0001089,tt9603212,actor,9
nm0406891,tt9603330,actress,4
nm6218754,tt9603330,actress,2
nm1948307,tt9603432,actor,9
nm1671382,tt9604142,actress,6
nm0534856,tt9605894,actor,2
nm10701751,tt9606374,actress,6
nm10403409,tt9607270,actor,8
nm0461746,tt9610250,actress,8
nm7630833,tt9610262,actor,2
nm6785660,tt9610838,actress,5
nm10582238,tt9612368,actor,9
nm10407980,tt9613316,actor,8
nm11638987,tt9614414,actor,4
nm11638997,tt9614414,actor,6
nm0197647,tt9614440,actor,2
nm6995220,tt9614772,actress,6
nm9714664,tt9615028,actor,1
nm1166576,tt9615680,actor,4
nm4823096,tt9615680,actor,7
nm10407097,tt9615718,actor,7
nm5307910,tt9615856,actress,1
nm3247379,tt9616786,actor,7
nm0847302,tt9618478,actress,9
nm3064143,tt9618764,actress,2
nm5795025,tt9619962,actor,10
nm4731146,tt9620254,actor,4
nm0177742,tt9620986,actor,5
nm7250074,tt9620986,actress,9
nm10409719,tt9621286,actor,9
nm10410352,tt9624570,actress,5
nm0950935,tt9624766,actor,8
nm0594062,tt9625010,actor,8
nm0431259,tt9626764,actor,4
nm1669870,tt9626764,actor,1
nm9730273,tt9629946,actress,8
nm0162945,tt9634252,actor,1
nm10450264,tt9634958,actress,2
nm15433810,tt9636256,actor,7
nm4043111,tt9636256,actor,1
nm5707384,tt9636294,actress,9
nm5456245,tt9636630,actress,7
nm2435847,tt9637132,actor,6
nm1822609,tt9637754,actor,8
nm3053135,tt9638084,actress,1
nm0867949,tt9638668,actor,2
nm0878240,tt9639470,actress,6
nm4216045,tt9639470,actress,5
nm0609182,tt9640414,actor,2
nm0675036,tt9640414,actor,6
nm10430991,tt9642010,actor,4
nm9685038,tt9643542,actress,9
nm0593043,tt9644250,actress,4
nm1715024,tt9645476,actor,3
nm10420626,tt9646768,actress,6
nm9406940,tt9646844,actress,3
nm0766233,tt9647776,actor,9
nm13795299,tt9648078,actor,1
nm11826304,tt9648598,actress,4
nm5100686,tt9648598,actress,6
nm1101158,tt9649548,actor,8
nm8812543,tt9652888,actor,5
nm1484214,tt9654108,actor,6
nm5785085,tt9654108,actress,10
nm0945836,tt9654308,actor,6
nm10425134,tt9655758,actress,6
nm10272089,tt9657158,actress,6
nm10425810,tt9657950,actor,7
nm5105047,tt9658034,actress,5
nm6251638,tt9658034,actor,6
nm13234493,tt9658140,actor,7
nm2435908,tt9658288,actor,2
nm3737301,tt9660326,actor,10
nm5352727,tt9660666,actor,4
nm0407548,tt9663146,actor,7
nm8827129,tt9663642,actress,8
nm2473246,tt9663666,actress,7
nm5994098,tt9664108,actor,7
nm10134529,tt9664514,actress,1
nm3259962,tt9665786,actor,6
nm11585047,tt9668564,actor,10
nm0929562,tt9668680,actor,6
nm3252135,tt9668680,actress,5
nm2404908,tt9669176,actor,7
nm0297845,tt9670278,actress,2
nm10440586,tt9670302,actor,5
nm10431130,tt9670890,actress,8
nm10431283,tt9671188,actor,6
nm1795828,tt9671918,actor,9
nm0621348,tt9673224,actor,9
nm9274323,tt9674172,actor,8
nm10434425,tt9675118,actor,6
nm6388229,tt9676102,actor,2
nm5953363,tt9676242,actress,3
nm10434310,tt9677416,actress,5
nm0044467,tt9678750,actress,3
nm5467214,tt9680076,actor,9
nm10977336,tt9680090,actor,2
nm0689996,tt9680256,actor,9
nm7480472,tt9681728,actor,8
nm11537170,tt9682768,actor,9
nm4470570,tt9683268,actor,8
nm0193160,tt9683478,actress,9
nm8828885,tt9683772,actress,8
nm10436383,tt9684016,actress,10
nm8833346,tt9685686,actor,3
nm10438103,tt9685692,actress,6
nm3440823,tt9685996,actress,3
nm10438788,tt9686586,actor,9
nm7878527,tt9687584,actress,3
nm0395947,tt9689664,actress,6
nm9812378,tt9689930,actor,7
nm4122775,tt9690328,actor,4
nm2699211,tt9691136,actor,6
nm11411075,tt9691336,actress,9
nm7728725,tt9692366,actor,2
nm8054476,tt9695722,actor,3
nm8113511,tt9697324,actress,1
nm5946083,tt9697792,actor,4
nm0462181,tt9698796,actor,2
nm9252018,tt9701598,actress,10
nm0419709,tt9703398,actor,7
nm4907940,tt9704488,actress,1
nm2314705,tt9707580,actor,2
nm0275687,tt9707780,actor,9
nm6880679,tt9708284,actress,15
nm12875671,tt9714030,actress,10
nm1483904,tt9714030,actor,3
nm3226240,tt9714030,actress,2
nm6874234,tt9714030,actor,4
nm1101677,tt9715318,actor,2
nm8332644,tt9716782,actress,8
nm0379072,tt9717144,actor,2
nm3706325,tt9717144,actress,6
nm4843872,tt9718474,actress,4
nm10449993,tt9720440,actress,3
nm9438310,tt9720866,actor,3
nm1299912,tt9721798,actress,7
nm8017732,tt9721830,actress,4
nm7141502,tt9722174,actor,9
nm10451470,tt9723286,actor,8
nm5046754,tt9723326,actress,6
nm9013863,tt9723328,actress,1
nm9183129,tt9724114,actor,9
nm10118850,tt9726796,actor,4
nm2803584,tt9728406,actor,1
nm9205621,tt9730744,actor,6
nm1556336,tt9730822,actress,8
nm7984586,tt9731034,actress,7
nm0451574,tt9731048,actress,5
nm0373780,tt9731360,actress,8
nm0746873,tt9731360,actor,5
nm4081805,tt9731360,actress,4
nm2867176,tt9731442,actress,7
nm3029704,tt9731442,actress,10
nm2309517,tt9731682,actor,2
nm9183289,tt9731752,actor,8
nm10743071,tt9733362,actress,7
nm10455669,tt9734342,actress,7
nm10456688,tt9734692,actress,1
nm4300126,tt9734692,actor,7
nm1366317,tt9735186,actress,1
nm0782840,tt9735672,actor,5
nm0034877,tt9735758,actor,4
nm10383717,tt9735878,actress,1
nm1784388,tt9735878,actor,4
nm2351202,tt9737688,actor,8
nm5766822,tt9737798,actor,9
nm0440202,tt9738392,actor,5
nm11771045,tt9738716,actor,7
nm2464980,tt9738716,actress,8
nm7321798,tt9740064,actor,4
nm2747070,tt9740198,actress,2
nm7848050,tt9740730,actor,1
nm8069289,tt9741362,actress,4
nm5828184,tt9741442,actress,6
nm10459411,tt9742166,actor,4
nm10459414,tt9742166,actor,3
nm10459415,tt9742166,actor,6
nm6489795,tt9742334,actor,8
nm10459559,tt9742362,actor,4
nm9457581,tt9742732,actor,4
nm5212072,tt9744922,actor,4
nm2239942,tt9746718,actor,3
nm5931659,tt9747276,actress,4
nm0474054,tt9748424,actor,5
nm10381492,tt9749174,actress,1
nm6122132,tt9749604,actress,7
nm8332019,tt9750368,actor,10
nm7539023,tt9753002,actress,4
nm10973629,tt9753764,actress,8
nm5908641,tt9755024,actor,5
nm5243426,tt9755252,actress,2
nm10464715,tt9755822,actor,5
nm8308484,tt9759978,actress,4
nm0471422,tt9760590,actress,8
nm10467060,tt9760934,actor,7
nm4349273,tt9760934,actor,8
nm10467935,tt9764180,actor,4
nm0005216,tt9764362,actress,5
nm0866895,tt9764804,actor,2
nm1322499,tt9765144,actor,8
nm10530154,tt9765604,actress,1
nm2585918,tt9766294,actress,4
nm1460782,tt9767556,actor,1
nm10472113,tt9773400,actor,3
nm10472114,tt9773400,actor,4
nm6371162,tt9775996,actor,8
nm11306378,tt9777394,actor,5
nm0388064,tt9777666,actor,7
nm10474377,tt9777766,actor,6
nm0568385,tt9778348,actor,4
nm0345570,tt9778622,actor,2
nm10497109,tt9778622,actor,9
nm3188810,tt9779380,actor,1
nm8968100,tt9780140,actor,7
nm10697498,tt9783204,actor,6
nm7552600,tt9783698,actor,10
nm0466936,tt9784048,actress,4
nm10478320,tt9787468,actress,1
nm1835962,tt9788168,actress,7
nm11720085,tt9788706,actress,8
nm8485153,tt9789232,actor,5
nm0712439,tt9789670,actor,6
nm3338413,tt9791552,actor,10
nm2592911,tt9794630,actress,6
nm7425091,tt9794630,actor,4
nm5119238,tt9794942,actress,5
nm13350083,tt9795264,actor,9
nm10483666,tt9798638,actor,6
nm2442140,tt9800096,actress,8
nm4098239,tt9800096,actor,7
nm4827897,tt9800124,actor,3
nm2812982,tt9800604,actor,3
nm8490775,tt9800604,actor,7
nm1310530,tt9800670,actor,10
nm0804105,tt9801322,actor,2
nm2323045,tt9801368,actress,9
nm10496840,tt9802538,actor,8
nm10523597,tt9802634,actor,5
nm5613974,tt9803454,actress,10
nm8074717,tt9803724,actor,9
nm1002952,tt9804296,actress,1
nm8894370,tt9805610,actor,8
nm2212823,tt9805754,actress,3
nm6076273,tt9805784,actor,6
nm10097983,tt9806304,actor,9
nm1387552,tt9806468,actor,10
nm12307883,tt9808510,actress,8
nm10575364,tt9808564,actor,9
nm7837226,tt9808564,actor,6
nm9568975,tt9809140,actor,4
nm0260348,tt9809230,actor,2
nm5461020,tt9809230,actress,8
nm2179940,tt9810236,actor,7
nm6137761,tt9811374,actress,4
nm0692586,tt9811452,actor,3
nm9862792,tt9811528,actress,5
nm10491055,tt9811798,actor,2
nm1202122,tt9812236,actor,2
nm0623414,tt9814918,actor,9
nm10497713,tt9815010,actress,6
nm1425346,tt9815072,actor,2
nm5359536,tt9815998,actress,8
nm16267073,tt9816188,actor,3
nm10493366,tt9816958,actress,10
nm6436912,tt9817018,actor,2
nm10493410,tt9817040,actor,3
nm0441375,tt9817814,actor,3
nm0847204,tt9817814,actress,10
nm0008704,tt9817938,actor,2
nm0284717,tt9817938,actress,1
nm12229479,tt9820550,actor,4
nm7698067,tt9823170,actor,2
nm7809993,tt9823554,actress,4
nm9607558,tt9823562,actor,1
nm1276085,tt9823772,actor,7
nm3184458,tt9824016,actress,3
nm10497417,tt9826126,actor,5
nm1395952,tt9827784,actress,7
nm15893240,tt9828344,actor,6
nm1442642,tt9830862,actress,2
nm5664543,tt9830862,actor,5
nm1138926,tt9831814,actor,10
nm0632967,tt9833860,actor,1
nm0847028,tt9834112,actor,3
nm0853392,tt9834112,actor,5
nm10501092,tt9834446,actor,2
nm0619496,tt9834506,actress,10
nm0457506,tt9834564,actress,7
nm8576149,tt9834736,actress,4
nm8435544,tt9837502,actress,3
nm1394379,tt9837752,actress,6
nm0948112,tt9838372,actress,4
nm9263753,tt9838374,actress,5
nm0720738,tt9838752,actor,4
nm5087726,tt9838752,actor,8
nm5047005,tt9839040,actor,1
nm7963858,tt9839636,actress,7
nm8406236,tt9842792,actor,7
nm0850618,tt9842874,actor,1
nm2386820,tt9843028,actress,2
nm1008173,tt9844086,actress,5
nm7426302,tt9844322,actor,5
nm10506331,tt9844772,actress,2
nm0630281,tt9844892,actress,5
nm0837784,tt9845110,actress,1
nm7119706,tt9846462,actress,2
nm7100817,tt9846922,actor,8
nm9617210,tt9847844,actor,1
nm9838853,tt9847844,actress,4
nm6808042,tt9848404,actor,2
nm7407110,tt9848404,actor,3
nm3486660,tt9848452,actress,6
nm0000114,tt9848626,actor,5
nm10643804,tt9848962,actress,6
nm18253159,tt9848968,actress,1
nm7662035,tt9848968,actress,2
nm5144587,tt9850084,actor,1
nm9411656,tt9850084,actor,7
nm0889743,tt9853452,actor,1
nm0879971,tt9854002,actor,9
nm3442270,tt9854706,actor,3
nm10395076,tt9855170,actor,3
nm1303331,tt9855210,actor,4
nm0595936,tt9855214,actress,4
nm9503309,tt9855984,actor,10
nm3179851,tt9855990,actress,4
nm0359226,tt9856128,actress,3
nm0348018,tt9860694,actor,1
nm6575696,tt9860858,actress,2
nm0515592,tt9861200,actor,8
nm15442597,tt9861214,actor,10
nm10335234,tt9861220,actor,5
nm11232735,tt9865282,actor,5
nm11364609,tt9865282,actor,8
nm10362347,tt9865310,actor,9
nm6713842,tt9865492,actress,3
nm3104312,tt9866344,actress,6
nm3446914,tt9866344,actor,10
nm8020783,tt9866344,actor,2
nm7321254,tt9866916,actress,4
nm10517493,tt9869228,actor,10
nm3118120,tt9869564,actor,9
nm10529038,tt9870726,actor,1
nm7662448,tt9871454,actor,7
nm0410933,tt9871628,actor,6
nm1166586,tt9871628,actress,1
nm0139528,tt9872556,actor,3
nm3790190,tt9873652,actor,9
nm10530470,tt9875452,actor,8
nm12406099,tt9875452,actor,6
nm10520870,tt9876748,actor,4
nm10521136,tt9876994,actor,5
nm1334235,tt9877460,actor,1
nm7024958,tt9878246,actor,7
nm1586491,tt9878414,actress,2
nm3091751,tt9878422,actor,8
nm6120787,tt9881364,actress,1
nm1883210,tt9881586,actress,4
nm5481013,tt9881586,actor,1
nm10523718,tt9882532,actress,3
nm5433705,tt9886872,actor,7
nm8433745,tt9887154,actress,6
nm4037468,tt9887180,actress,7
nm3176450,tt9887520,actor,1
nm10526497,tt9888560,actress,6
nm6160575,tt9890052,actress,9
nm11484898,tt9890308,actress,4
nm10786119,tt9890326,actress,10
nm9604602,tt9891874,actor,4
nm6608434,tt9893266,actress,9
nm1559594,tt9894418,actor,7
nm0759819,tt9894660,actress,6
nm1300009,tt9896876,actor,3
nm9246210,tt9897520,actor,4
nm0997634,tt9898636,actress,7
nm8254246,tt9898844,actress,7
nm2208151,tt9899840,actress,5
nm6712587,tt9899850,actor,6
nm2122072,tt9899860,actor,7
nm10535601,tt9899880,actress,6
nm3130259,tt9899938,actor,3
nm3742340,tt9900390,actor,10
nm0453584,tt9900570,actor,4
nm1589782,tt9900940,actor,6
nm5705131,tt9900940,actor,10
nm2669366,tt9902160,actor,5
nm10532694,tt9903716,actor,8
nm10407093,tt9903802,actor,6
nm10532730,tt9903802,actor,4
nm10532733,tt9903802,actor,10
nm2324284,tt9903802,actor,9
nm10532840,tt9903890,actor,8
nm10407093,tt9903920,actor,8
nm6225250,tt9903920,actor,10
nm10548032,tt9903952,actor,9
nm2191307,tt9903968,actress,4
nm0335404,tt9904802,actor,5
nm4722276,tt9904820,actress,4
nm0999005,tt9905536,actor,5
nm2275452,tt9905536,actress,2
nm11463445,tt9910530,actress,10
nm10536741,tt9913594,actress,1
nm3826683,tt9913660,actor,10
nm10537555,tt9914828,actor,6
nm1412926,tt9914942,actress,3
nm2760502,tt9915592,actor,10
nm0323574,tt9916270,actor,7
nm0861989,tt9290986,actor,3
nm10264005,tt9291866,actor,8
nm4955895,tt9292336,actress,5
nm2718355,tt9292510,actor,8
nm14302006,tt9294056,actor,5
nm14302137,tt9294056,actor,10
nm0330923,tt9296084,actor,5
nm10657368,tt9296808,actor,1
nm4443519,tt9297754,actress,8
nm10267127,tt9298624,actor,8
nm10267158,tt9298624,actress,7
nm10063317,tt9303032,actor,10
nm9830527,tt9303772,actor,9
nm1759557,tt9308170,actor,1
nm3761856,tt9308452,actor,8
nm13154976,tt9309756,actor,6
nm11280348,tt9311532,actor,9
nm5781348,tt9312830,actress,7
nm1273957,tt9313424,actress,2
nm8351607,tt9313474,actress,1
nm9315698,tt9313474,actress,7
nm10222122,tt9313816,actress,6
nm13656111,tt9313816,actor,7
nm6943991,tt9313908,actress,2
nm10276227,tt9314164,actress,3
nm4310184,tt9314340,actor,2
nm10273196,tt9314596,actor,8
nm3596374,tt9314596,actress,9
nm10277014,tt9315112,actress,9
nm10602997,tt9315438,actor,9
nm5326515,tt9315672,actor,10
nm4932005,tt9315904,actress,5
nm12434680,tt9317286,actress,5
nm5102227,tt9318280,actor,1
nm3898236,tt9318730,actress,1
nm10501964,tt9319960,actor,8
nm1111149,tt9321408,actress,6
nm10930002,tt9322350,actor,9
nm2091689,tt9324774,actor,10
nm0221732,tt9326956,actress,4
nm0411196,tt9327264,actress,3
nm8263621,tt9327264,actor,1
nm0991459,tt9330332,actor,9
nm2531609,tt9331072,actress,3
nm0429886,tt9331416,actress,2
nm8565423,tt9332734,actress,10
nm2153938,tt9333346,actor,8
nm5396706,tt9333358,actor,2
nm6836376,tt9334342,actor,2
nm1998273,tt9336032,actor,5
nm0379783,tt9336434,actor,7
nm2535133,tt9336816,actress,6
nm4932442,tt9339796,actor,9
nm8684773,tt9339850,actress,8
nm8016666,tt9339936,actress,2
nm9097747,tt9339958,actor,3
nm14927520,tt9340916,actress,3
nm10123310,tt9341668,actress,3
nm0953344,tt9342622,actor,4
nm2026965,tt9342622,actor,6
nm10295662,tt9343758,actor,3
nm5859418,tt9343826,actor,5
nm6628926,tt9345754,actor,6
nm0389882,tt9347474,actor,6
nm4950057,tt9347476,actress,1
nm0582257,tt9347750,actor,10
nm4376653,tt9347750,actress,9
nm2481309,tt9348720,actor,8
nm4591453,tt9348752,actor,4
nm3854066,tt9348848,actress,10
nm1662057,tt9349928,actor,3
nm2964838,tt9351598,actor,1
nm4064496,tt9352210,actor,10
nm9054917,tt9352210,actress,7
nm4723290,tt9352262,actor,8
nm6661432,tt9352262,actor,6
nm0487954,tt9354422,actress,9
nm1513736,tt9354432,actress,6
nm10290433,tt9354438,actress,3
nm10290588,tt9354814,actress,10
nm3908228,tt9354842,actress,8
nm0126284,tt9354944,actress,3
nm3558256,tt9357050,actress,10
nm10608257,tt9358088,actress,4
nm6472360,tt9358120,actor,3
nm2566548,tt9358480,actor,1
nm10292985,tt9359204,actress,5
nm7929509,tt9359754,actress,3
nm11075886,tt9359774,actor,8
nm10293523,tt9359942,actor,3
nm0051765,tt9360688,actor,1
nm7731379,tt9361104,actor,9
nm3485889,tt9362694,actor,3
nm1209966,tt9362722,actor,6
nm6972362,tt9363342,actor,8
nm1497328,tt9363502,actor,10
nm10169843,tt9364684,actor,10
nm2611061,tt9364806,actor,3
nm0612217,tt9365634,actor,8
nm11205882,tt9365762,actor,5
nm6018529,tt9366176,actress,3
nm11416436,tt9366994,actor,8
nm10295898,tt9367136,actress,10
nm10171821,tt9367742,actress,9
nm2013677,tt9367850,actor,4
nm10296360,tt9367926,actor,7
nm10296363,tt9367926,actor,3
nm10352050,tt9367926,actor,4
nm10110915,tt9368200,actor,12
nm6938565,tt9368552,actor,9
nm0611985,tt9369268,actress,9
nm0051765,tt9370218,actor,1
nm2362746,tt9370218,actress,5
nm10297630,tt9371576,actress,10
nm2153938,tt9371706,actor,4
nm0687625,tt9371730,actor,2
nm4537136,tt9371730,actor,5
nm0853673,tt9371810,actor,2
nm1032348,tt9371810,actor,10
nm0169399,tt9372116,actress,7
nm0001298,tt9372388,actor,1
nm3882100,tt9375730,actress,10
nm6896341,tt9376118,actress,9
nm2426098,tt9377978,actor,6
nm5438354,tt9377994,actress,10
nm1777809,tt9378658,actor,9
nm5518972,tt9378692,actor,2
nm4763863,tt9378850,actor,5
nm1066795,tt9379072,actor,3
nm0411899,tt9381682,actor,9
nm4732808,tt9381904,actor,10
nm10160942,tt9382140,actor,1
nm1974708,tt9382172,actress,5
nm0101198,tt9382596,actor,1
nm0633715,tt9382638,actress,10
nm10303766,tt9383554,actor,3
nm11084338,tt9383572,actress,8
nm10423979,tt9383706,actor,9
nm10303955,tt9383772,actor,9
nm3581293,tt9384126,actor,9
nm0033136,tt9385320,actor,2
nm10304665,tt9386290,actor,4
nm5021371,tt9386422,actor,9
nm8531954,tt9389562,actress,7
nm3533508,tt9389802,actress,3
nm10308211,tt9390058,actress,10
nm5635254,tt9390202,actor,10
nm2690647,tt9390240,actor,1
nm2920950,tt9390390,actor,2
nm4676126,tt9391986,actress,6
nm7899531,tt9391986,actress,5
nm9626005,tt9392082,actress,9
nm10307332,tt9392618,actor,6
nm9139519,tt9394786,actress,4
nm4593934,tt9394826,actor,2
nm0347940,tt9395384,actress,8
nm10308107,tt9395528,actor,2
nm10587241,tt9398530,actor,2
nm3419887,tt9402530,actress,3
nm10313087,tt9404596,actor,10
nm7797832,tt9405352,actor,10
nm7418904,tt9405714,actress,7
nm1878301,tt9407156,actress,1
nm10642658,tt9407558,actress,5
nm1800470,tt9408114,actress,8
nm16773179,tt9409448,actress,9
nm0806662,tt9409660,actress,10
nm2204974,tt9409660,actress,8
nm9587598,tt9409854,actor,10
nm0121225,tt9411912,actress,3
nm0186120,tt9414024,actor,6
nm4177195,tt9414574,actress,1
nm0659959,tt9415108,actor,3
nm10306721,tt9415480,actor,8
nm0033136,tt9415560,actor,2
nm6800318,tt9418812,actress,3
nm0928560,tt9419056,actor,7
nm10894712,tt9419056,actress,8
nm0004730,tt9419752,actor,2
nm1772713,tt9419794,actor,7
nm0647634,tt9419884,actress,2
nm0350453,tt9421570,actor,1
nm0015003,tt9422724,actor,2
nm0440590,tt9422724,actor,8
nm10322431,tt9423080,actor,7
nm10565873,tt9426944,actress,2
nm10680102,tt9429444,actor,6
nm10323147,tt9429914,actress,1
nm10323184,tt9429948,actress,9
nm5683997,tt9432968,actress,10
nm4918569,tt9434968,actress,3
nm1296300,tt9437744,actor,8
nm8268551,tt9439344,actor,1
nm6576452,tt9440738,actor,1
nm3996999,tt9441638,actor,6
nm6784658,tt9441934,actor,8
nm9978339,tt9442146,actor,3
nm0044455,tt9442324,actor,2
nm0701189,tt9444800,actor,5
nm1480694,tt9445256,actor,3
nm5576978,tt9447600,actor,8
nm3361553,tt9448340,actress,10
nm11364111,tt9448932,actress,8
nm10627020,tt9450384,actor,10
nm0000346,tt9452878,actor,10
nm10333026,tt9452878,actress,6
nm10665747,tt9458220,actress,9
nm2597881,tt9460430,actor,4
nm12385554,tt9460478,actor,7
nm12385563,tt9460478,actor,5
nm2949798,tt9461484,actress,8
nm14138362,tt9461496,actress,5
nm0009334,tt9463434,actress,2
nm2193578,tt9466032,actor,10
nm0592759,tt9466096,actress,6
nm9533540,tt9466320,actor,6
nm10340008,tt9466644,actress,7
nm10427148,tt9466854,actor,3
nm1130456,tt9467386,actress,10
nm0214240,tt9468378,actress,2
nm10337610,tt9468378,actress,5
nm0191450,tt9471378,actor,7
nm7556138,tt9471502,actor,10
nm10342515,tt9472074,actress,7
nm9864490,tt9475430,actress,7
nm10187204,tt9476372,actor,1
nm0348005,tt9477056,actor,4
nm0605750,tt9479644,actor,1
nm1348500,tt9479644,actress,4
nm7742646,tt9481962,actress,2
nm0000353,tt9482230,actor,1
nm2384746,tt9482620,actor,5
nm5276242,tt9486184,actor,10
nm9984431,tt9486184,actress,5
nm10349594,tt9489714,actor,2
nm2598275,tt9490414,actor,6
nm0149286,tt9493708,actor,5
nm1455087,tt9493708,actor,1
nm10356441,tt9495224,actor,10
nm4189429,tt9495690,actor,9
nm3173607,tt9496830,actor,9
nm5088245,tt9496886,actress,3
nm2459609,tt9497760,actor,7
nm1699098,tt9499850,actor,3
nm7827998,tt9499932,actor,3
nm10353457,tt9500068,actor,3
nm8807133,tt9504952,actor,4
nm3950261,tt9506474,actor,8
nm0590906,tt9506724,actor,1
nm2665952,tt9506820,actor,3
nm0354490,tt9507276,actor,8
nm9150706,tt9510324,actor,6
nm10357867,tt9511022,actor,10
nm0920460,tt9511204,actor,1
nm9608920,tt9514882,actor,1
nm10715871,tt9515150,actress,6
nm6979445,tt9515298,actor,10
nm0764895,tt9516994,actress,3
nm1728933,tt9520140,actress,1
nm3019956,tt9520714,actress,2
nm7371196,tt9521590,actress,8
nm6891947,tt9522080,actress,1
nm0935659,tt9523112,actor,7
nm0144336,tt9523206,actress,5
nm8702090,tt9525200,actress,1
nm0646496,tt9525878,actress,8
nm6160361,tt9526152,actor,7
nm10364934,tt9526154,actor,6
nm10376621,tt9526156,actor,1
nm4679514,tt9526262,actor,9
nm2241427,tt9526826,actor,2
nm10365866,tt9529302,actor,8
nm4611972,tt9529752,actress,2
nm12203721,tt9529756,actor,7
nm8908428,tt9529786,actor,8
nm0304709,tt9531138,actor,4
nm0048081,tt9531538,actor,4
nm1961693,tt9534808,actor,5
nm9329205,tt9536810,actress,9
nm3639497,tt9536816,actress,2
nm3970165,tt9537246,actress,1
nm9045427,tt9537246,actor,6
nm2016476,tt9537346,actress,9
nm3951749,tt9537346,actor,10
nm8453051,tt9537532,actress,3
nm4927314,tt9537888,actor,3
nm10370507,tt9538216,actress,8
nm0837417,tt9541470,actress,2
nm6771561,tt9541602,actor,4
nm3286930,tt9542116,actor,6
nm9603201,tt9542116,actor,5
nm13321450,tt9542460,actor,8
nm2459212,tt9542918,actress,1
nm6576970,tt9543092,actress,4
nm1342784,tt9543488,actor,8
nm5665666,tt9543488,actor,4
nm10252275,tt9545516,actress,4
nm2742878,tt9546082,actor,9
nm10031217,tt9547318,actor,4
nm7504215,tt9548134,actor,7
nm0557552,tt9551682,actress,2
nm0437156,tt9551760,actor,1
nm9099331,tt9552258,actor,9
nm5680528,tt9552932,actress,6
nm8855638,tt9553096,actor,4
nm6119056,tt9554316,actress,2
nm10378907,tt9557390,actress,9
nm6055225,tt9557810,actor,1
nm6268729,tt9557820,actor,9
nm16424072,tt9558604,actor,5
nm16424129,tt9558604,actor,3
nm17779180,tt9559504,actor,10
nm3654499,tt9561388,actor,10
nm11142329,tt9561782,actor,7
nm2951762,tt9562978,actor,9
nm14041993,tt9563330,actor,2
nm7449940,tt9563330,actor,5
nm0893142,tt9564774,actor,3
nm2325659,tt9565748,actor,9
nm4649341,tt9565748,actor,4
nm9653176,tt9568074,actor,4
nm7907410,tt9568168,actress,6
nm8722291,tt9568168,actor,10
nm7176413,tt9568230,actor,3
nm9810442,tt9568640,actor,6
nm2155732,tt9568718,actor,2
nm3466279,tt9568718,actor,6
nm8932828,tt9569484,actor,9
nm5237591,tt9569610,actress,2
nm11150419,tt9569732,actor,3
nm7774428,tt9572674,actor,5
nm9908280,tt9572674,actor,2
nm10386208,tt9573058,actress,5
nm0414683,tt9573180,actress,5
nm1815305,tt9574912,actor,2
nm2318592,tt9575206,actress,8
nm10382225,tt9575726,actor,4
nm9587563,tt9576232,actress,8
nm7825322,tt9577694,actor,6
nm10074093,tt9578420,actor,5
nm10564098,tt9578984,actor,8
nm10866516,tt9579634,actress,9
nm0388819,tt9579786,actor,1
nm0875460,tt9580442,actor,7
nm10384356,tt9581560,actress,7
nm2778815,tt9581704,actor,4
nm0875460,tt9585798,actor,9
nm1281652,tt9586162,actor,5
nm2486937,tt9586922,actor,2
nm2060055,tt9587604,actor,9
nm3474753,tt9590954,actress,6
nm10395060,tt9591698,actor,2
nm6463418,tt9592292,actor,6
nm0056333,tt9595360,actor,7
nm4792262,tt9595816,actor,7
nm14829974,tt9596658,actor,4
nm7613067,tt9597190,actor,1
nm1678063,tt9597922,actress,9
nm1838568,tt9598214,actor,8
nm0633989,tt9598270,actress,4
nm0431520,tt9598328,actress,6
nm3191126,tt9598834,actor,6
nm9618114,tt9600568,actor,10
nm9693396,tt9600568,actress,2
nm8485169,tt9602472,actress,6
nm10456939,tt9602716,actor,6
nm11008562,tt9603060,actress,10
nm2017943,tt9603208,actress,2
nm10402088,tt9604418,actress,4
nm0946660,tt9606700,actor,1
nm0188025,tt9608858,actor,3
nm11236515,tt9608858,actor,9
nm7541334,tt9609886,actress,4
nm4733692,tt9610422,actor,4
nm5207111,tt9611484,actress,3
nm0226326,tt9612982,actress,8
nm3848496,tt9614040,actress,3
nm0000585,tt9614064,actor,2
nm3940783,tt9614064,actress,1
nm14495908,tt9614428,actor,3
nm11541661,tt9614440,actor,8
nm11541662,tt9614440,actress,9
nm3020280,tt9614440,actress,5
nm2945270,tt9614460,actor,10
nm0710161,tt9614772,actress,8
nm3909445,tt9614772,actor,7
nm3327356,tt9615016,actor,3
nm10406710,tt9615020,actor,4
nm8860509,tt9615112,actor,5
nm5460346,tt9615856,actress,2
nm1669854,tt9616558,actor,7
nm2598657,tt9616786,actor,1
nm1005692,tt9618098,actress,5
nm0713297,tt9618458,actress,4
nm3086789,tt9618604,actor,3
nm0265795,tt9619792,actress,5
nm1902531,tt9619824,actor,9
nm4741273,tt9619824,actress,6
nm2951682,tt9620056,actress,10
nm1243103,tt9621104,actor,4
nm3911517,tt9621104,actor,2
nm6865772,tt9621104,actress,7
nm0004051,tt9621284,actor,7
nm10409714,tt9621286,actress,2
nm1796249,tt9621290,actor,10
nm5880134,tt9621290,actor,3
nm0591097,tt9622950,actress,3
nm0768031,tt9622950,actress,7
nm5077088,tt9625010,actress,3
nm2794335,tt9626774,actor,4
nm11464768,tt9628392,actor,6
nm1459609,tt9628630,actor,8
nm14651084,tt9629114,actor,8
nm1031561,tt9630940,actress,2
nm0793766,tt9631948,actor,9
nm1256745,tt9632182,actor,3
nm9216686,tt9632590,actor,10
nm4330477,tt9635616,actor,10
nm9388614,tt9636256,actor,3
nm7878094,tt9636302,actor,1
nm0709359,tt9637132,actor,3
nm10417528,tt9641092,actress,8
nm10418097,tt9642010,actress,6
nm5106325,tt9643092,actor,4
nm3893525,tt9643286,actor,6
nm10419131,tt9643330,actor,7
nm3509265,tt9643330,actress,4
nm6858586,tt9643542,actress,10
nm0182904,tt9646240,actress,3
nm6305497,tt9646240,actor,10
nm3703390,tt9646624,actor,3
nm8021222,tt9647178,actress,2
nm1257423,tt9647776,actor,7
nm7685655,tt9647776,actor,1
nm0476211,tt9647798,actor,4
nm10421143,tt9647798,actress,8
nm2407035,tt9647798,actor,10
nm0145784,tt9648092,actress,2
nm1548957,tt9648162,actor,2
nm6598222,tt9648672,actress,4
nm3156150,tt9648886,actress,8
nm6403597,tt9648952,actress,4
nm14002882,tt9649548,actress,4
nm0575235,tt9653960,actor,2
nm1651104,tt9654134,actor,3
nm1065319,tt9654240,actor,2
nm10469969,tt9657158,actor,10
nm10425797,tt9657946,actress,4
nm10425811,tt9657950,actor,3
nm10425812,tt9657950,actor,8
nm2172290,tt9659926,actress,5
nm10426604,tt9660006,actor,5
nm2849374,tt9660170,actor,6
nm1800639,tt9660472,actress,2
nm3370408,tt9660606,actor,8
nm0117763,tt9660688,actor,8
nm0679150,tt9660688,actress,3
nm9788369,tt9661960,actress,10
nm10427690,tt9662722,actor,4
nm10427913,tt9663146,actor,2
nm5584344,tt9663764,actor,3
nm0685856,tt9663896,actor,2
nm5462166,tt9664108,actress,10
nm6675440,tt9664108,actress,3
nm9196203,tt9664108,actor,9
nm5042848,tt9665402,actress,6
nm1162222,tt9665786,actor,4
nm0746162,tt9665968,actor,1
nm10429835,tt9667988,actor,5
nm9518178,tt9668358,actor,10
nm3822030,tt9670890,actress,1
nm6774674,tt9670890,actress,10
nm7318389,tt9670890,actor,5
nm0008416,tt9673176,actor,9
nm2622225,tt9674904,actress,1
nm10433012,tt9675092,actor,6
nm7840775,tt9675118,actor,8
nm10433336,tt9675318,actress,7
nm7030186,tt9675318,actor,4
nm10433341,tt9675320,actor,3
nm10987206,tt9675464,actress,7
nm0033389,tt9675786,actress,5
nm10434498,tt9676318,actor,10
nm10434309,tt9677416,actor,10
nm6741390,tt9679538,actor,4
nm10437998,tt9679806,actor,6
nm7448309,tt9680092,actor,8
nm0706953,tt9680136,actor,7
nm2286188,tt9680136,actor,10
nm1595910,tt9680512,actor,8
nm13545603,tt9680562,actor,9
nm6047778,tt9682578,actor,2
nm0223607,tt9682768,actor,3
nm10437237,tt9683772,actor,10
nm5178583,tt9684806,actress,1
nm7444712,tt9684806,actress,3
nm13722313,tt9685686,actor,6
nm10438106,tt9685692,actor,9
nm10438513,tt9686154,actor,10
nm10438515,tt9686154,actress,2
nm12665628,tt9686154,actor,3
nm6250631,tt9686350,actress,9
nm0457953,tt9689664,actress,8
nm8071216,tt9690776,actor,10
nm7561406,tt9690818,actress,4
nm5191282,tt9690868,actor,11
nm10636007,tt9691282,actor,9
nm13529235,tt9691290,actress,7
nm3833810,tt9691324,actor,4
nm0297835,tt9694012,actor,5
nm0549505,tt9694312,actor,2
nm11474125,tt9694682,actor,10
nm0003030,tt9695258,actress,1
nm0273143,tt9695404,actor,10
nm13344987,tt9695524,actress,4
nm13347280,tt9695524,actor,2
nm5647594,tt9695722,actor,7
nm5677120,tt9697340,actor,3
nm10443281,tt9697398,actor,8
nm8021222,tt9697398,actress,4
nm0619107,tt9697476,actor,2
nm6292133,tt9697774,actor,10
nm6481696,tt9697774,actor,12
nm2692160,tt9699620,actor,10
nm6915910,tt9699686,actor,9
nm3260333,tt9701598,actress,3
nm12699510,tt9701940,actress,5
nm0507814,tt9707456,actor,9
nm10447409,tt9710558,actor,6
nm5921321,tt9711018,actor,1
nm2932493,tt9711868,actor,4
nm4273618,tt9716342,actress,5
nm7653186,tt9716724,actor,6
nm0024032,tt9717004,actress,2
nm0687887,tt9717144,actress,7
nm1422320,tt9717498,actor,7
nm10450270,tt9720596,actress,2
nm1851325,tt9722418,actor,8
nm3336072,tt9722418,actress,3
nm9588650,tt9722418,actor,7
nm10451477,tt9723286,actor,7
nm0593043,tt9726172,actress,7
nm2326144,tt9728306,actor,7
nm0385843,tt9728836,actor,3
nm2953505,tt9729206,actor,6
nm0440286,tt9729768,actress,2
nm12176312,tt9731034,actor,5
nm5339596,tt9731172,actor,8
nm0282653,tt9731436,actress,10
nm1502218,tt9731598,actor,3
nm3349406,tt9731750,actor,1
nm9409104,tt9732072,actress,7
nm5726457,tt9733060,actor,2
nm1341442,tt9733886,actor,6
nm6728658,tt9735232,actress,10
nm1277856,tt9735462,actor,5
nm6226543,tt9735758,actor,2
nm3008388,tt9736978,actor,4
nm7208489,tt9736978,actress,5
nm2827936,tt9737876,actor,2
nm0960259,tt9738436,actress,2
nm3571592,tt9738716,actor,4
nm10457996,tt9739410,actor,8
nm8739748,tt9741588,actress,2
nm10978660,tt9741948,actor,2
nm10459377,tt9742122,actress,7
nm6916130,tt9742122,actor,2
nm8840600,tt9742122,actress,5
nm9378508,tt9742122,actor,3
nm0333104,tt9742372,actor,8
nm8358488,tt9742732,actress,2
nm8358493,tt9742732,actor,10
nm9425204,tt9742732,actress,5
nm9503309,tt9744922,actor,9
nm9585068,tt9747230,actor,8
nm1785332,tt9747622,actress,2
nm3390458,tt9748034,actress,6
nm10462465,tt9750864,actor,9
nm5236852,tt9750864,actress,2
nm5645633,tt9751002,actor,9
nm7570216,tt9751002,actor,5
nm5032766,tt9752488,actress,5
nm1938892,tt9753990,actor,7
nm5621805,tt9759754,actress,8
nm2718017,tt9760590,actor,6
nm7561226,tt9760590,actor,1
nm9706559,tt9761572,actress,5
nm3045468,tt9764272,actor,2
nm0613874,tt9764804,actor,4
nm1387864,tt9764804,actor,10
nm6380671,tt9765480,actress,4
nm10468607,tt9765542,actor,9
nm8009836,tt9765760,actress,1
nm1724638,tt9765840,actor,4
nm10468985,tt9765902,actor,6
nm14371606,tt9766310,actor,10
nm1324819,tt9772374,actor,9
nm1259084,tt9772812,actor,4
nm5525382,tt9773244,actor,9
nm0412632,tt9774640,actor,7
nm0605299,tt9774762,actress,6
nm2717001,tt9777352,actress,10
nm7022523,tt9777462,actress,2
nm0847146,tt9778190,actor,10
nm10866045,tt9778888,actress,4
nm2524051,tt9779380,actress,4
nm0005510,tt9779516,actress,5
nm3846586,tt9779658,actor,1
nm6514637,tt9779804,actress,3
nm1359992,tt9782800,actress,10
nm10414955,tt9783778,actress,3
nm1947795,tt9783778,actor,8
nm1970291,tt9783868,actress,7
nm7462544,tt9783868,actor,5
nm0609310,tt9784048,actress,1
nm0793732,tt9784638,actor,5
nm1186215,tt9784638,actor,6
nm0793674,tt9786162,actor,10
nm1586246,tt9786162,actress,7
nm11164364,tt9786512,actress,6
nm2299879,tt9787140,actor,2
nm0684840,tt9787228,actress,2
nm8942747,tt9788898,actress,4
nm1650019,tt9789346,actress,4
nm3623789,tt9790536,actor,7
nm10690676,tt9795174,actor,2
nm1282927,tt9795368,actor,5
nm0592799,tt9795686,actor,2
nm10500787,tt9795856,actress,4
nm10500789,tt9795856,actress,3
nm10944730,tt9795950,actor,9
nm10944836,tt9795950,actor,7
nm3614071,tt9797630,actor,8
nm0285753,tt9797920,actress,9
nm2614112,tt9798310,actor,9
nm0939443,tt9799992,actor,4
nm0815751,tt9800124,actress,6
nm0797610,tt9801736,actor,9
nm3276965,tt9802538,actor,5
nm12204126,tt9804432,actress,7
nm1268681,tt9805754,actor,2
nm1905413,tt9806258,actor,6
nm7447363,tt9806304,actress,10
nm1593487,tt9808874,actor,4
nm0005039,tt9809230,actor,3
nm3879111,tt9810420,actress,7
nm10490169,tt9810436,actor,3
nm9542601,tt9811452,actress,7
nm10491048,tt9811798,actress,1
nm10491236,tt9812236,actor,6
nm10491237,tt9812236,actor,9
nm18763461,tt9814562,actress,10
nm6412481,tt9814562,actress,5
nm10491841,tt9814730,actor,7
nm0621066,tt9815014,actor,8
nm0331577,tt9815714,actor,2
nm2989662,tt9815990,actor,8
nm10880008,tt9816396,actress,10
nm3877470,tt9816816,actress,7
nm7104443,tt9816970,actor,4
nm0794242,tt9817044,actor,3
nm4221521,tt9817070,actor,7
nm8358488,tt9817190,actress,5
nm6229730,tt9817466,actor,6
nm3438796,tt9817674,actor,1
nm7599147,tt9817680,actor,7
nm10494105,tt9818148,actress,5
nm3314507,tt9820352,actor,5
nm9287628,tt9820352,actress,3
nm1764072,tt9825006,actress,4
nm3207134,tt9828814,actor,8
nm9546798,tt9828908,actress,5
nm8785183,tt9831814,actor,8
nm5169536,tt9838374,actress,3
nm1080916,tt9838752,actor,9
nm2545346,tt9839040,actor,9
nm2432715,tt9839636,actor,9
nm10503693,tt9840806,actress,9
nm0038377,tt9840936,actress,2
nm2995294,tt9841750,actor,9
nm10701005,tt9842404,actor,6
nm2090349,tt9842792,actor,3
nm0873223,tt9842874,actor,9
nm0948420,tt9843028,actor,10
nm7647352,tt9843224,actor,5
nm0500704,tt9843390,actress,4
nm1764169,tt9843390,actress,2
nm7854903,tt9848626,actor,9
nm5635254,tt9850646,actor,5
nm10510002,tt9851426,actor,4
nm1795849,tt9853264,actor,1
nm9286165,tt9854706,actor,8
nm4571699,tt9855990,actress,6
nm1027735,tt9859504,actor,8
nm0906699,tt9859508,actor,1
nm5212072,tt9860694,actor,4
nm10514438,tt9861192,actress,1
nm1171983,tt9861204,actress,10
nm16230000,tt9861214,actor,6
nm0070571,tt9861230,actress,6
nm7573814,tt9865452,actor,3
nm10516258,tt9865492,actress,6
nm0004920,tt9866072,actress,4
nm3180325,tt9866202,actor,5
nm7432163,tt9866202,actor,7
nm0423518,tt9866344,actor,9
nm5551642,tt9866738,actor,9
nm0845915,tt9866916,actress,1
nm10544375,tt9871628,actress,4
nm7170644,tt9872618,actress,8
nm0323372,tt9873376,actress,3
nm7583177,tt9874290,actress,6
nm8471994,tt9875852,actor,3
nm2566876,tt9876160,actor,2
nm1181284,tt9876296,actor,1
nm9240671,tt9876412,actress,2
nm3292130,tt9876584,actor,2
nm6020570,tt9876584,actress,10
nm8645154,tt9876584,actress,8
nm10573616,tt9877846,actor,4
nm6531937,tt9878246,actor,2
nm2149437,tt9878422,actress,10
nm3600447,tt9881330,actress,8
nm10532989,tt9881488,actress,9
nm3314114,tt9881616,actor,8
nm0244756,tt9881678,actor,8
nm10898346,tt9881678,actor,6
nm2796399,tt9881678,actor,5
nm10523716,tt9882532,actress,7
nm10523723,tt9882532,actress,6
nm4184892,tt9883020,actress,5
nm4029706,tt9884202,actress,2
nm5159854,tt9886872,actor,10
nm3464409,tt9887130,actress,7
nm10553203,tt9889918,actor,4
nm2248524,tt9890870,actor,9
nm4182630,tt9892604,actor,4
nm0585469,tt9892908,actor,4
nm12427606,tt9893824,actor,6
nm0629195,tt9894450,actor,6
nm0369078,tt9894486,actress,3
nm0855092,tt9894660,actress,10
nm3996801,tt9894894,actress,2
nm2276699,tt9896876,actor,7
nm10618712,tt9897520,actress,8
nm2538783,tt9897520,actor,9
nm11367475,tt9898844,actress,3
nm5508168,tt9899344,actor,8
nm10767800,tt9899840,actor,8
nm0693848,tt9899880,actor,3
nm0038351,tt9900060,actress,7
nm10533934,tt9900180,actor,6
nm1403057,tt9900390,actor,7
nm10877055,tt9900570,actor,7
nm6998719,tt9900782,actor,4
nm7434342,tt9902160,actress,2
nm7237124,tt9903716,actress,6
nm2532405,tt9903920,actor,6
nm2843482,tt9903968,actor,1
nm7208548,tt9904004,actor,7
nm10532780,tt9904530,actor,1
nm1209792,tt9905252,actor,5
nm10411559,tt9905412,actress,9
nm0879989,tt9905536,actor,7
nm10498203,tt9907782,actor,9
nm6820784,tt9908960,actor,3
nm7290079,tt9910102,actor,3
nm8743465,tt9910102,actress,9
nm8773481,tt9911046,actress,2
nm7834015,tt9913660,actress,6
nm9898793,tt9914522,actress,1
nm10537556,tt9914828,actor,7
nm0422639,tt9916428,actress,5
nm1432957,tt9916706,actor,8
nm3641754,tt9916706,actor,7
nm4606016,tt9290986,actor,9
nm5649428,tt9290986,actress,2
nm10264205,tt9292378,actor,1
nm4200805,tt9293690,actress,1
nm0389888,tt9296734,actor,2
nm8502254,tt9298196,actor,1
nm5124307,tt9301428,actress,9
nm0858479,tt9302026,actress,4
nm10114200,tt9302912,actor,10
nm12589525,tt9302986,actress,10
nm2698488,tt9303040,actor,9
nm10269003,tt9303658,actor,5
nm10576576,tt9307666,actress,7
nm11034834,tt9309568,actor,10
nm7322415,tt9309950,actress,6
nm4470570,tt9310280,actor,7
nm5052181,tt9310280,actor,2
nm10271722,tt9311308,actor,10
nm2946515,tt9312100,actress,5
nm5687599,tt9312100,actress,9
nm0063205,tt9312588,actress,2
nm0850809,tt9312588,actor,10
nm2864554,tt9312830,actor,5
nm2948589,tt9313264,actress,3
nm9631216,tt9313424,actor,10
nm9482841,tt9313780,actress,6
nm0491551,tt9314340,actor,1
nm5837322,tt9314340,actor,10
nm10277013,tt9315112,actress,1
nm6390296,tt9315112,actor,4
nm0959649,tt9315684,actress,5
nm0471601,tt9316574,actor,3
nm2348319,tt9318768,actor,3
nm2018573,tt9319728,actor,2
nm8413523,tt9319826,actor,3
nm10317252,tt9319868,actor,10
nm1289225,tt9319882,actor,9
nm5303286,tt9319918,actor,7
nm10275513,tt9319960,actress,2
nm9882055,tt9319960,actress,7
nm2611421,tt9320184,actor,1
nm4223263,tt9320226,actress,4
nm5913510,tt9321408,actress,3
nm6199208,tt9322350,actor,1
nm8408269,tt9322350,actor,6
nm5739770,tt9326646,actress,3
nm3719626,tt9328744,actress,8
nm2275012,tt9330112,actor,6
nm6098343,tt9331416,actor,10
nm0217936,tt9331550,actor,2
nm2419847,tt9331556,actress,2
nm2123097,tt9332398,actor,1
nm3440031,tt9332664,actor,8
nm10066246,tt9333076,actor,8
nm0051765,tt9333202,actor,1
nm10280980,tt9333346,actor,7
nm5476563,tt9334342,actor,8
nm0638111,tt9334814,actress,5
nm1662057,tt9335444,actor,4
nm5181236,tt9335444,actor,1
nm2568198,tt9336300,actor,1
nm9488894,tt9337038,actor,6
nm10284552,tt9341098,actor,4
nm10285029,tt9342390,actress,2
nm5824850,tt9343062,actor,3
nm9909800,tt9343754,actor,1
nm11486584,tt9344454,actor,9
nm10278472,tt9347530,actress,8
nm10510879,tt9348566,actress,6
nm0199006,tt9348690,actress,2
nm0332709,tt9348690,actor,3
nm0873398,tt9349050,actor,7
nm6934209,tt9349056,actor,4
nm2386430,tt9350110,actor,6
nm10233226,tt9351610,actress,7
nm10233228,tt9351610,actress,10
nm0285135,tt9351854,actress,1
nm10325302,tt9354118,actress,9
nm4431289,tt9354450,actress,8
nm10292588,tt9356304,actor,5
nm0438467,tt9356708,actor,9
nm2398653,tt9356952,actor,7
nm9581005,tt9357050,actor,9
nm0836168,tt9358040,actor,4
nm8963633,tt9358088,actress,5
nm16022818,tt9358160,actor,9
nm10292440,tt9358444,actress,7
nm2088872,tt9359344,actor,3
nm13414064,tt9359560,actor,9
nm2388044,tt9360280,actor,10
nm0244650,tt9362492,actress,8
nm3667760,tt9362694,actress,2
nm2225369,tt9362736,actress,1
nm10674714,tt9364382,actress,4
nm10169842,tt9364684,actor,8
nm2363115,tt9364806,actor,6
nm5729867,tt9364806,actor,4
nm0051765,tt9364862,actor,1
nm10830416,tt9366176,actor,9
nm11054947,tt9366994,actress,4
nm5704026,tt9367742,actor,10
nm9514119,tt9368628,actor,11
nm0051765,tt9371672,actor,1
nm1287358,tt9371810,actor,7
nm1187160,tt9372388,actress,6
nm2383070,tt9373218,actor,3
nm2386632,tt9373218,actor,2
nm2387401,tt9373258,actor,8
nm0256861,tt9374682,actor,2
nm1009361,tt9375730,actress,2
nm12000124,tt9376612,actress,6
nm2371196,tt9376612,actress,7
nm3679375,tt9378600,actor,9
nm4282986,tt9379416,actor,4
nm0684951,tt9381682,actress,10
nm5002558,tt9381994,actor,7
nm1743159,tt9382358,actress,3
nm10423997,tt9383706,actor,1
nm8009298,tt9383772,actress,2
nm8966756,tt9383772,actress,4
nm2809845,tt9383986,actress,5
nm0605449,tt9385870,actor,7
nm1822435,tt9386508,actor,8
nm0076780,tt9387250,actor,3
nm4602164,tt9387520,actress,10
nm4706086,tt9387520,actor,2
nm8531955,tt9389562,actress,10
nm3023199,tt9389598,actor,3
nm3366443,tt9389802,actor,4
nm0406373,tt9389916,actor,8
nm3391296,tt9391166,actor,7
nm10877612,tt9392082,actress,3
nm9556979,tt9392248,actor,8
nm11782802,tt9394826,actress,1
nm7504157,tt9394826,actor,4
nm1979463,tt9395384,actress,5
nm7030186,tt9395528,actor,6
nm0276724,tt9395768,actress,4
nm2732939,tt9399168,actress,10
nm1472487,tt9399192,actress,8
nm5101271,tt9399192,actress,6
nm1459609,tt9399712,actor,10
nm4143935,tt9399712,actor,8
nm3796133,tt9402676,actor,9
nm3797278,tt9402676,actress,8
nm1269618,tt9403928,actress,3
nm6262100,tt9403928,actor,10
nm6436913,tt9403944,actress,6
nm9968037,tt9406926,actor,9
nm7299496,tt9407706,actress,2
nm2946751,tt9414684,actor,9
nm1517311,tt9415058,actor,2
nm1596785,tt9415552,actor,2
nm8853660,tt9416854,actress,10
nm0357297,tt9417730,actress,3
nm2847166,tt9419628,actor,6
nm7395199,tt9419752,actor,6
nm1767861,tt9419794,actress,5
nm5553616,tt9419976,actress,3
nm7210777,tt9419976,actor,2
nm9709101,tt9419976,actress,6
nm3474462,tt9420744,actress,1
nm8214441,tt9421200,actress,9
nm8916365,tt9421200,actress,2
nm0161149,tt9422166,actor,8
nm10321340,tt9422166,actor,1
nm0267941,tt9422624,actor,1
nm10322424,tt9423080,actor,4
nm0044467,tt9423096,actress,2
nm13235226,tt9425650,actor,9
nm8115563,tt9427166,actress,8
nm10699370,tt9430524,actor,2
nm10323692,tt9430574,actress,3
nm0799111,tt9431096,actress,8
nm10324814,tt9433466,actor,8
nm7417110,tt9433872,actress,8
nm2183200,tt9434968,actor,4
nm3474166,tt9436204,actor,10
nm11758686,tt9436636,actress,9
nm9425204,tt9436946,actress,6
nm2611934,tt9437152,actress,9
nm1745545,tt9437224,actor,6
nm10326473,tt9437294,actor,9
nm3918488,tt9437360,actor,1
nm0406733,tt9437744,actor,1
nm6517349,tt9437744,actor,3
nm1914593,tt9440520,actor,7
nm15824100,tt9440660,actress,10
nm10327830,tt9440738,actor,4
nm1714982,tt9441972,actor,1
nm1698868,tt9442324,actor,5
nm2384746,tt9442766,actor,3
nm7313244,tt9443316,actress,9
nm3404450,tt9445306,actor,8
nm10919509,tt9446888,actress,3
nm7340667,tt9447588,actor,1
nm13252834,tt9448362,actress,8
nm4584004,tt9448362,actor,10
nm3194282,tt9448946,actress,6
nm10442521,tt9452520,actress,10
nm10333025,tt9452878,actor,5
nm10333358,tt9453616,actor,3
nm8430400,tt9454070,actor,6
nm10345116,tt9454176,actress,6
nm10333630,tt9454756,actor,6
nm0510620,tt9455436,actor,2
nm0808670,tt9458062,actor,10
nm10511286,tt9458062,actor,6
nm3732555,tt9459988,actor,8
nm5095861,tt9460422,actress,6
nm10864581,tt9460478,actor,10
nm3874948,tt9460808,actor,8
nm1127373,tt9461104,actor,4
nm3782061,tt9462578,actor,9
nm14194142,tt9466114,actress,8
nm8884729,tt9468378,actress,8
nm9844787,tt9468644,actress,3
nm3238538,tt9469842,actor,5
nm12239800,tt9470296,actress,6
nm9448072,tt9471378,actress,10
nm11778550,tt9471660,actress,10
nm12377881,tt9472334,actress,10
nm1468386,tt9472334,actor,6
nm10584291,tt9474614,actor,2
nm8504956,tt9476372,actor,5
nm1244880,tt9477066,actress,10
nm2553833,tt9477066,actress,7
nm10344374,tt9477178,actor,2
nm10344376,tt9477178,actor,8
nm0001744,tt9480330,actor,2
nm2330323,tt9480692,actress,5
nm10345837,tt9481776,actress,6
nm9363168,tt9481776,actress,1
nm0103976,tt9482402,actor,5
nm2751064,tt9482620,actor,2
nm0406733,tt9484812,actor,1
nm1698868,tt9484812,actor,4
nm10347946,tt9485392,actor,8
nm10347947,tt9485392,actor,6
nm11474650,tt9485592,actress,2
nm2417194,tt9487526,actress,5
nm10349600,tt9489714,actor,11
nm0333275,tt9489944,actor,5
nm1452246,tt9490042,actor,8
nm7360568,tt9490122,actor,1
nm10350172,tt9490508,actress,8
nm10350514,tt9490972,actor,4
nm0157716,tt9491292,actor,8
nm8606718,tt9493034,actor,8
nm3012977,tt9494300,actor,4
nm0795661,tt9495690,actor,8
nm2079526,tt9496860,actress,4
nm1260909,tt9496866,actor,4
nm2677773,tt9496866,actress,9
nm12482560,tt9497760,actress,6
nm6425585,tt9500068,actor,7
nm0376890,tt9503722,actress,5
nm10577930,tt9504952,actor,8
nm10013900,tt9505396,actor,5
nm2326379,tt9506480,actor,5
nm2958957,tt9507276,actor,5
nm7134754,tt9507276,actor,10
nm2590072,tt9514690,actor,4
nm10359219,tt9514882,actress,11
nm5592042,tt9514882,actor,2
nm3177382,tt9519642,actress,1
nm4764141,tt9521590,actor,6
nm2148361,tt9522074,actress,1
nm1471776,tt9522162,actor,4
nm8189431,tt9522162,actor,3
nm4570282,tt9523112,actor,3
nm4047802,tt9523206,actress,10
nm10364246,tt9525200,actor,4
nm4841567,tt9525200,actor,10
nm8686011,tt9525200,actor,8
nm7392140,tt9525682,actor,6
nm4483439,tt9525878,actress,9
nm2438386,tt9525958,actor,9
nm0734352,tt9526044,actor,10
nm0155978,tt9526124,actress,2
nm9343446,tt9526134,actress,2
nm10376622,tt9526156,actor,6
nm0561155,tt9526392,actor,9
nm5780539,tt9528890,actor,10
nm0474774,tt9531772,actor,1
nm2081232,tt9535160,actor,1
nm3514312,tt9535950,actress,4
nm10369654,tt9537122,actor,10
nm9647765,tt9537278,actor,7
nm12285095,tt9537316,actress,8
nm2465061,tt9537342,actress,7
nm3845280,tt9537342,actor,10
nm5161825,tt9537352,actress,7
nm10369967,tt9537532,actor,8
nm10406050,tt9537936,actress,3
nm2388985,tt9538090,actor,2
nm2238626,tt9538188,actor,7
nm16476117,tt9543488,actor,10
nm3032586,tt9543488,actress,2
nm0959944,tt9545516,actor,7
nm2340153,tt9546624,actor,10
nm0645760,tt9552352,actor,9
nm1318410,tt9552452,actress,2
nm9654716,tt9552564,actress,3
nm10377020,tt9553096,actress,10
nm10377025,tt9553096,actress,9
nm1907973,tt9554692,actress,5
nm3640154,tt9554692,actress,1
nm2274377,tt9554862,actress,6
nm10585728,tt9554958,actress,6
nm3769209,tt9556104,actress,10
nm3339208,tt9556198,actress,3
nm12057485,tt9556438,actor,6
nm0305753,tt9557854,actor,3
nm2371046,tt9558612,actress,4
nm13609822,tt9559504,actress,3
nm5064474,tt9561782,actor,1
nm1032795,tt9562694,actor,1
nm0592756,tt9564364,actor,7
nm10014090,tt9568230,actor,10
nm1758306,tt9568230,actress,9
nm0898653,tt9568486,actress,4
nm4051847,tt9568718,actor,4
nm10385454,tt9571216,actor,3
nm9277423,tt9571756,actress,7
nm10385932,tt9572626,actor,5
nm0457954,tt9573220,actor,1
nm6391979,tt9573668,actress,3
nm10704645,tt9575160,actor,6
nm1066974,tt9575164,actress,1
nm4378341,tt9575206,actor,9
nm10390785,tt9575388,actress,4
nm9001605,tt9576808,actor,8
nm0847698,tt9576824,actor,7
nm0848796,tt9576824,actor,8
nm10385190,tt9578984,actor,1
nm0868782,tt9579106,actor,10
nm10390552,tt9581704,actor,7
nm0317457,tt9581844,actor,3
nm5266374,tt9584786,actress,7
nm10388279,tt9584830,actress,8
nm10939014,tt9585116,actress,10
nm6951949,tt9585116,actor,5
nm0795520,tt9585724,actor,3
nm1018267,tt9585724,actor,9
nm8383131,tt9587604,actor,8
nm10394000,tt9588846,actress,3
nm1285140,tt9594140,actor,2
nm0618574,tt9596092,actor,1
nm7029055,tt9597190,actor,5
nm8288748,tt9597190,actor,4
nm0422623,tt9597838,actor,9
nm5023615,tt9597922,actor,4
nm10369868,tt9598172,actor,2
nm0293461,tt9598214,actor,10
nm4722052,tt9600960,actress,4
nm4545599,tt9601220,actor,5
nm0051224,tt9602716,actress,4
nm8652229,tt9603090,actress,7
nm0564697,tt9603208,actor,8
nm11084156,tt9604790,actress,6
nm1759615,tt9605894,actor,5
nm10403418,tt9607270,actor,7
nm0819007,tt9608818,actor,7
nm3467467,tt9609726,actor,8
nm0879743,tt9610246,actor,8
nm10404345,tt9610422,actor,10
nm2724020,tt9611068,actress,6
nm7753897,tt9611068,actor,7
nm10057332,tt9611872,actor,9
nm2059117,tt9612982,actor,1
nm10406139,tt9614414,actor,9
nm11244285,tt9614988,actress,4
nm3605032,tt9615016,actor,8
nm6684555,tt9615680,actress,10
nm8725945,tt9616290,actor,9
nm0386205,tt9617280,actress,2
nm10407597,tt9617892,actor,6
nm10407950,tt9618524,actor,1
nm0765370,tt9619402,actress,5
nm10408787,tt9619464,actress,8
nm10408832,tt9619578,actor,5
nm2929018,tt9619792,actor,1
nm7448616,tt9619792,actor,4
nm0177639,tt9620292,actress,9
nm1209545,tt9620292,actress,10
nm2767706,tt9621580,actor,3
nm10538092,tt9624438,actor,8
nm0259762,tt9624686,actor,4
nm4317141,tt9624686,actor,6
nm8988411,tt9625632,actor,6
nm1764351,tt9625664,actress,1
nm0350249,tt9625672,actor,4
nm9786343,tt9625986,actress,3
nm4331023,tt9626392,actor,3
nm3311657,tt9630428,actress,4
nm10413277,tt9630940,actor,8
nm2212823,tt9632182,actress,8
nm7963857,tt9633264,actor,5
nm2579496,tt9633612,actor,4
nm0757429,tt9634252,actress,9
nm1724635,tt9635448,actor,3
nm0477108,tt9635902,actor,7
nm3518961,tt9635902,actor,1
nm8139148,tt9636120,actor,6
nm7989024,tt9636302,actor,8
nm0004569,tt9637132,actor,2
nm1399243,tt9637132,actor,4
nm10418689,tt9642870,actor,7
nm3880803,tt9643058,actress,5
nm3541687,tt9643286,actor,2
nm3198894,tt9645472,actor,6
nm0406727,tt9646136,actor,7
nm0477767,tt9646136,actor,8
nm11029300,tt9646240,actress,7
nm10827609,tt9647022,actress,7
nm10827611,tt9647022,actor,4
nm10352165,tt9647154,actor,6
nm0330832,tt9647298,actor,10
nm0918099,tt9647298,actor,8
nm3465032,tt9647642,actor,2
nm2396101,tt9647768,actor,1
nm9792345,tt9648078,actress,2
nm10428099,tt9648382,actress,2
nm1817397,tt9648668,actress,9
nm9505910,tt9648668,actress,7
nm10047959,tt9648886,actress,3
nm9803895,tt9651918,actor,5
nm10448672,tt9652782,actress,3
nm0217819,tt9652888,actress,10
nm9405348,tt9652984,actor,5
nm6623474,tt9652990,actor,10
nm0434595,tt9654308,actor,1
nm0477767,tt9654308,actor,4
nm1279870,tt9657950,actor,5
nm4297968,tt9658100,actress,4
nm1822271,tt9660502,actor,6
nm10427472,tt9662266,actor,10
nm4250645,tt9663666,actor,1
nm11492404,tt9668748,actor,7
nm10430743,tt9670284,actor,1
nm2388401,tt9671918,actor,5
nm0415416,tt9673176,actor,8
nm0619870,tt9673176,actor,1
nm9759669,tt9674226,actor,7
nm1548130,tt9675320,actor,2
nm10433741,tt9675804,actress,3
nm3704889,tt9676520,actor,4
nm0323859,tt9677100,actor,5
nm10434855,tt9678750,actress,9
nm0230479,tt9679044,actor,6
nm1514447,tt9679044,actor,2
nm11596708,tt9679552,actress,1
nm7346980,tt9680064,actor,6
nm5519788,tt9680512,actress,5
nm10436348,tt9680520,actor,8
nm11052767,tt9680630,actor,6
nm4678298,tt9681250,actress,6
nm10436818,tt9682578,actress,6
nm4971632,tt9683250,actor,10
nm10437236,tt9683772,actress,7
nm0174819,tt9684220,actress,2
nm0741629,tt9684806,actress,9
nm0359082,tt9684994,actor,10
nm7889014,tt9686514,actor,9
nm10644868,tt9686586,actor,4
nm6112290,tt9686730,actor,7
nm5431622,tt9687560,actress,9
nm10439927,tt9689930,actress,2
nm1758989,tt9690790,actor,1
nm7517362,tt9691290,actress,3
nm2342502,tt9692366,actress,5
nm9653495,tt9692366,actor,1
nm2852446,tt9697398,actor,7
nm3292201,tt9697774,actress,3
nm0173585,tt9697780,actress,4
nm7232203,tt9697792,actor,5
nm0753479,tt9698796,actor,6
nm10451614,tt9701082,actress,8
nm9904692,tt9701230,actress,1
nm0920185,tt9701598,actress,5
nm10446127,tt9703960,actor,6
nm4313392,tt9707456,actress,8
nm11589233,tt9707780,actor,6
nm2323967,tt9708416,actress,5
nm2932346,tt9711868,actor,8
nm11418644,tt9712136,actor,10
nm0107531,tt9713418,actor,9
nm12875669,tt9714030,actor,8
nm2977461,tt9715318,actress,5
nm10449222,tt9716470,actor,7
nm5834839,tt9719452,actress,2
nm0101558,tt9720596,actor,3
nm2875282,tt9720596,actor,9
nm10054402,tt9722174,actor,10
nm10451119,tt9722984,actress,2
nm10722071,tt9722984,actress,10
nm10766134,tt9723240,actor,8
nm1579661,tt9725830,actress,1
nm10453506,tt9728406,actor,10
nm10454405,tt9730794,actor,8
nm2797756,tt9731534,actor,4
nm9411656,tt9732072,actor,4
nm0898544,tt9733886,actor,3
nm2366511,tt9735186,actress,2
nm4433549,tt9735470,actor,5
nm5083927,tt9735470,actress,6
nm1670451,tt9735672,actress,6
nm0225483,tt9735758,actress,8
nm0559992,tt9735790,actress,9
nm1129283,tt9736288,actor,7
nm10456953,tt9736774,actress,7
nm1723159,tt9737798,actress,10
nm2615164,tt9737798,actor,6
nm3948952,tt9738716,actress,2
nm9203448,tt9739486,actor,10
nm8734857,tt9740198,actor,1
nm5528676,tt9740730,actor,2
nm5379363,tt9741478,actress,9
nm9803346,tt9741478,actress,2
nm7194019,tt9741588,actress,8
nm0757217,tt9742206,actor,3
nm7488036,tt9742206,actress,9
nm12915505,tt9742438,actor,6
nm0894494,tt9747160,actor,9
nm0657510,tt9747338,actress,9
nm10467144,tt9748136,actress,8
nm4369644,tt9749604,actor,4
nm3135674,tt9750028,actor,4
nm1794495,tt9750864,actor,1
nm7906830,tt9753764,actress,4
nm0643799,tt9753990,actress,2
nm1453507,tt9755252,actor,8
nm0621987,tt9755660,actor,1
nm0998142,tt9755660,actress,5
nm0802995,tt9755806,actor,5
nm0359222,tt9762608,actor,4
nm0766212,tt9764556,actress,7
nm8713021,tt9765144,actor,5
nm2235173,tt9765226,actor,6
nm2475907,tt9765480,actor,1
nm6708690,tt9765480,actor,8
nm6003405,tt9765542,actor,6
nm8029573,tt9765760,actor,6
nm4680185,tt9766528,actor,4
nm9229144,tt9767556,actor,9
nm0408026,tt9767724,actor,4
nm0609396,tt9767724,actress,9
nm0394661,tt9767908,actor,9
nm11894474,tt9770150,actor,9
nm3931192,tt9772164,actress,9
nm8437918,tt9773244,actress,6
nm2385252,tt9774568,actor,4
nm0434557,tt9774640,actor,8
nm1305153,tt9774640,actor,5
nm0051765,tt9774762,actor,7
nm4162078,tt9775996,actress,2
nm10581290,tt9776102,actor,6
nm0732970,tt9778348,actress,9
nm10475047,tt9778622,actor,5
nm10866044,tt9778888,actress,8
nm0904901,tt9779658,actor,4
nm0864798,tt9782800,actress,2
nm8839252,tt9783204,actor,3
nm3746071,tt9783600,actress,5
nm2811073,tt9783722,actor,2
nm13798094,tt9783730,actress,2
nm2792992,tt9784048,actor,6
nm1092208,tt9784518,actor,9
nm0765179,tt9784950,actor,6
nm8078334,tt9788418,actor,8
nm10479195,tt9788898,actor,8
nm10486084,tt9788898,actor,10
nm10479462,tt9789180,actor,5
nm3807965,tt9789440,actor,1
nm1773190,tt9794412,actress,4
nm6669486,tt9795052,actress,3
nm0631659,tt9795238,actress,10
nm1596350,tt9795686,actor,1
nm0016689,tt9796718,actress,8
nm0586534,tt9797630,actor,7
nm0637894,tt9797630,actor,3
nm10483665,tt9798638,actor,1
nm1080620,tt9801368,actress,2
nm1785083,tt9804432,actress,10
nm1008063,tt9804534,actress,4
nm9610124,tt9805350,actor,8
nm7030186,tt9805610,actor,9
nm8328803,tt9805996,actor,9
nm0863787,tt9806222,actress,2
nm0836729,tt9806322,actor,7
nm0029695,tt9806336,actress,9
nm0142677,tt9806468,actor,4
nm1388202,tt9808564,actor,2
nm10489529,tt9809006,actor,11
nm8720783,tt9809006,actor,7
nm11501171,tt9809140,actor,10
nm5812965,tt9811374,actor,5
nm5505813,tt9811452,actress,8
nm6066731,tt9811452,actress,9
nm7802204,tt9811452,actor,1
nm4936344,tt9811528,actress,2
nm5664413,tt9811528,actress,6
nm10491050,tt9811798,actor,10
nm1062881,tt9815124,actress,7
nm10492241,tt9815280,actress,1
nm3648279,tt9815360,actor,6
nm7736740,tt9815714,actor,5
nm9160004,tt9815714,actress,8
nm16267071,tt9816188,actor,7
nm10493082,tt9816550,actor,9
nm0793674,tt9816816,actor,5
nm2142096,tt9816988,actress,1
nm3213784,tt9817044,actor,4
nm0911277,tt9817466,actor,7
nm5215235,tt9817466,actress,10
nm8358337,tt9817466,actor,9
nm9547466,tt9817466,actor,1
nm8015221,tt9817760,actress,9
nm4468552,tt9817924,actress,5
nm10494107,tt9818148,actress,1
nm2750372,tt9820628,actor,10
nm6010224,tt9821834,actor,2
nm16373889,tt9823546,actor,8
nm10731644,tt9826126,actress,9
nm10830026,tt9826668,actor,7
nm10496483,tt9827060,actor,4
nm0784226,tt9828810,actor,4
nm2704084,tt9828810,actress,7
nm0525940,tt9832110,actor,10
nm8705358,tt9839686,actress,10
nm12569449,tt9840806,actor,2
nm7553114,tt9840806,actor,7
nm3907732,tt9844368,actor,6
nm8360867,tt9844522,actress,6
nm3005812,tt9844650,actor,6
nm0253216,tt9845564,actor,2
nm2616372,tt9849644,actress,2
nm8923779,tt9850064,actor,5
nm1644123,tt9850488,actor,7
nm4392084,tt9850488,actor,3
nm0927937,tt9851426,actor,6
nm2933042,tt9851990,actor,6
nm0594062,tt9852492,actor,4
nm0594348,tt9852492,actor,5
nm0937380,tt9853452,actor,10
nm0001882,tt9853500,actress,8
nm1717599,tt9854002,actress,8
nm2277949,tt9854002,actress,6
nm17479623,tt9854782,actor,1
nm1299248,tt9854844,actress,1
nm10512316,tt9855170,actress,2
nm0542343,tt9855214,actor,1
nm10511704,tt9855578,actress,8
nm0638184,tt9856080,actor,4
nm11910240,tt9856710,actor,3
nm1595493,tt9857850,actress,9
nm0233325,tt9858950,actress,4
nm10510601,tt9859372,actor,3
nm10510603,tt9859372,actor,8
nm5285415,tt9859372,actor,2
nm6617350,tt9860350,actor,9
nm5675846,tt9860694,actress,2
nm10514493,tt9861220,actress,1
nm1869798,tt9861316,actress,10
nm0881710,tt9863566,actor,1
nm3434660,tt9865492,actor,9
nm3129993,tt9866208,actor,1
nm3591564,tt9866738,actress,2
nm1125189,tt9867130,actress,5
nm2183684,tt9869564,actress,4
nm10518650,tt9870502,actor,2
nm10518659,tt9870502,actor,10
nm2769372,tt9870726,actress,10
nm0594640,tt9871736,actor,9
nm7276503,tt9873930,actress,6
nm0451483,tt9876160,actor,6
nm7260780,tt9876160,actor,10
nm0673224,tt9876298,actor,2
nm10883495,tt9876298,actress,6
nm7583179,tt9876412,actor,4
nm10520906,tt9876748,actor,5
nm10514438,tt9876994,actress,1
nm3511805,tt9877138,actor,1
nm9016782,tt9877340,actress,3
nm6697627,tt9877846,actor,6
nm10583931,tt9878650,actress,5
nm4107371,tt9881586,actress,7
nm1779571,tt9881616,actress,7
nm10183085,tt9884388,actress,9
nm7561226,tt9886872,actor,6
nm5486523,tt9887154,actor,5
nm3285753,tt9887520,actor,7
nm3708145,tt9887520,actress,3
nm10526628,tt9889218,actor,6
nm2754475,tt9890052,actor,7
nm11484897,tt9890308,actor,2
nm9399969,tt9891882,actor,9
nm15601332,tt9892338,actor,5
nm12239003,tt9892908,actor,7
nm12513525,tt9893084,actor,9
nm0241039,tt9893158,actor,9
nm0184392,tt9894470,actor,4
nm2107622,tt9894660,actor,5
nm1759945,tt9894894,actress,1
nm7747145,tt9896768,actor,4
nm18626626,tt9897744,actor,8
nm4775166,tt9899716,actor,4
nm3213784,tt9899850,actor,4
nm1949808,tt9899938,actress,5
nm0359305,tt9900060,actress,5
nm0648323,tt9900280,actress,7
nm0782938,tt9900354,actor,6
nm4918457,tt9900570,actress,3
nm0707463,tt9900614,actor,8
nm1784919,tt9900688,actor,9
nm1230844,tt9900782,actor,2
nm2843482,tt9903802,actor,1
nm10532841,tt9903890,actor,4
nm2067953,tt9904802,actor,1
nm2203235,tt9905252,actor,8
nm10319163,tt9908636,actress,1
nm7159828,tt9910102,actress,5
nm1135487,tt9911196,actress,7
nm2099145,tt9911196,actor,9
nm1432578,tt9911306,actor,5
nm3836224,tt9911750,actor,7
nm2628356,tt9913872,actor,10
nm6056340,tt9913936,actress,9
nm2456249,tt9914286,actor,3
nm6708288,tt9914286,actor,9
nm11848561,tt9916170,actor,7
nm5299382,tt9916170,actress,10
nm8139485,tt9290986,actor,5
nm9854005,tt9290986,actor,10
nm0225042,tt9291866,actor,5
nm0580158,tt9293690,actress,2
nm2751824,tt9293926,actress,2
nm9463483,tt9294426,actress,6
nm0615905,tt9296084,actress,2
nm2956557,tt9296734,actor,4
nm8002071,tt9298196,actor,9
nm8165272,tt9299568,actress,1
nm1456114,tt9299590,actor,1
nm5490670,tt9302912,actress,9
nm10338624,tt9303032,actor,15
nm10269001,tt9303658,actress,2
nm8719768,tt9303658,actor,8
nm1763487,tt9303772,actor,5
nm0001084,tt9308382,actor,10
nm0470886,tt9308390,actor,6
nm0540038,tt9308390,actor,2
nm3084554,tt9308452,actress,5
nm8767072,tt9308452,actress,1
nm0155642,tt9309546,actor,5
nm13154982,tt9309756,actor,11
nm3268630,tt9309774,actress,4
nm5508891,tt9309968,actor,6
nm8809885,tt9310544,actor,8
nm10732679,tt9310606,actor,9
nm12292817,tt9310606,actor,3
nm1158619,tt9312588,actress,3
nm10272021,tt9313780,actress,1
nm6820878,tt9313910,actress,3
nm6162988,tt9314596,actress,3
nm10278215,tt9314862,actor,8
nm10603039,tt9315438,actor,8
nm0045489,tt9315684,actor,3
nm5575653,tt9317274,actor,1
nm1526225,tt9318730,actor,5
nm4142788,tt9318730,actor,3
nm7064292,tt9319728,actor,9
nm3745258,tt9319812,actress,9
nm3132784,tt9319874,actor,6
nm1570165,tt9319890,actress,5
nm8817378,tt9320140,actor,1
nm10275871,tt9321408,actress,2
nm10613221,tt9321408,actor,5
nm10261557,tt9322476,actress,4
nm6764800,tt9326646,actor,7
nm0710810,tt9326772,actor,9
nm0769233,tt9328744,actor,5
nm10363865,tt9330502,actor,3
nm5566667,tt9330648,actress,2
nm10300829,tt9331556,actress,1
nm0004030,tt9331776,actor,6
nm0051765,tt9333256,actor,1
nm10280998,tt9333256,actor,10
nm6811097,tt9335892,actress,7
nm8088017,tt9335892,actress,1
nm9674956,tt9336032,actress,10
nm0622438,tt9336816,actress,3
nm0839486,tt9337518,actor,5
nm6718435,tt9337566,actor,6
nm5812395,tt9339850,actress,9
nm8065206,tt9339850,actress,4
nm10310555,tt9339958,actor,9
nm2794834,tt9340744,actress,3
nm0000178,tt9340860,actress,1
nm0288260,tt9340916,actress,8
nm6787911,tt9341136,actor,5
nm2693356,tt9341628,actress,6
nm10285010,tt9342360,actress,3
nm2609895,tt9343700,actor,5
nm1227718,tt9343826,actor,8
nm6288327,tt9345114,actor,4
nm5050480,tt9346636,actress,3
nm0592398,tt9346816,actor,7
nm4680079,tt9346816,actress,8
nm0444343,tt9347474,actor,10
nm10278449,tt9347476,actress,3
nm4950057,tt9347518,actress,3
nm10278481,tt9347530,actress,1
nm4122165,tt9347654,actor,5
nm10510880,tt9348566,actor,10
nm4482485,tt9348578,actor,4
nm4544506,tt9348690,actor,5
nm1665429,tt9349928,actor,9
nm10288729,tt9350746,actress,6
nm2386134,tt9351062,actor,6
nm2020451,tt9354422,actress,5
nm2136329,tt9354422,actress,6
nm0007123,tt9354674,actor,1
nm1300136,tt9355222,actress,2
nm10292619,tt9356304,actor,7
nm3964350,tt9357050,actress,6
nm8494472,tt9358160,actor,7
nm5149776,tt9358422,actor,1
nm13414100,tt9359560,actress,6
nm10293940,tt9361810,actress,7
nm0254760,tt9363192,actor,9
nm9634729,tt9363990,actor,1
nm0063387,tt9364228,actress,4
nm1999333,tt9364436,actor,3
nm7948282,tt9364684,actor,9
nm9518905,tt9365800,actor,8
nm10295767,tt9365950,actor,3
nm0917381,tt9367348,actor,7
nm1482259,tt9368006,actor,6
nm6377486,tt9369332,actress,10
nm10296698,tt9369410,actor,1
nm2363115,tt9369990,actor,10
nm10648721,tt9371344,actor,10
nm8574442,tt9371598,actor,3
nm0051765,tt9371734,actor,1
nm10210824,tt9372344,actor,6
nm9758616,tt9372344,actress,9
nm0837452,tt9374682,actor,10
nm4147574,tt9375730,actress,5
nm1388463,tt9376172,actor,5
nm1877677,tt9377978,actor,8
nm5917503,tt9378416,actor,7
nm4574653,tt9378600,actor,3
nm7993943,tt9378658,actor,2
nm0126070,tt9378692,actor,7
nm11464535,tt9378826,actor,8
nm3399027,tt9381742,actor,1
nm2524138,tt9382140,actress,2
nm4079093,tt9383680,actor,7
nm10303959,tt9383772,actor,6
nm1311946,tt9384038,actor,2
nm5664029,tt9384516,actor,8
nm10304664,tt9386290,actor,8
nm5022173,tt9386422,actress,5
nm0462013,tt9386508,actor,5
nm2107127,tt9386648,actress,2
nm4930889,tt9389444,actress,1
nm5699800,tt9389584,actor,10
nm10351009,tt9389924,actor,8
nm0474609,tt9390026,actor,1
nm7430936,tt9390058,actor,4
nm1372094,tt9390202,actor,5
nm10318507,tt9390222,actor,2
nm2361483,tt9391146,actor,5
nm7351991,tt9392324,actress,9
nm11002694,tt9392374,actress,8
nm10307160,tt9392402,actress,2
nm10019801,tt9392618,actor,4
nm2827761,tt9395528,actress,10
nm9624380,tt9395528,actor,3
nm10308188,tt9395714,actor,8
nm0595105,tt9396994,actress,1
nm10063454,tt9398530,actor,1
nm0053519,tt9399168,actor,5
nm6604791,tt9404442,actor,9
nm0621863,tt9404596,actor,1
nm5730006,tt9404596,actress,3
nm0252880,tt9405490,actor,1
nm1216915,tt9406926,actor,5
nm15176824,tt9409854,actress,5
nm0240537,tt9410034,actor,6
nm0517642,tt9410034,actress,2
nm0229866,tt9415552,actor,5
nm0957746,tt9415552,actor,10
nm5079362,tt9419730,actress,3
nm5225142,tt9419730,actor,9
nm0584206,tt9419976,actor,9
nm11167646,tt9421200,actress,5
nm12822819,tt9421200,actor,6
nm17620164,tt9422468,actress,6
nm10322425,tt9423080,actor,2
nm1069583,tt9423096,actor,6
nm1353689,tt9426186,actor,9
nm0782213,tt9427166,actor,1
nm4469165,tt9427218,actress,8
nm8984347,tt9427218,actor,2
nm10858691,tt9427636,actress,9
nm10091178,tt9428246,actor,9
nm10680093,tt9429444,actor,10
nm3388377,tt9430524,actor,8
nm10323691,tt9430574,actress,2
nm0346363,tt9431080,actor,9
nm4532668,tt9431096,actor,1
nm0025879,tt9432338,actress,1
nm5921321,tt9432968,actor,1
nm8972570,tt9432968,actress,4
nm1683947,tt9433872,actress,5
nm8568295,tt9434968,actor,8
nm2255441,tt9436204,actor,8
nm4483863,tt9437052,actor,7
nm0590907,tt9437152,actress,4
nm2418329,tt9437224,actor,2
nm10327037,tt9439360,actor,6
nm7465273,tt9440450,actress,9
nm1399007,tt9441934,actor,2
nm1705777,tt9441972,actress,8
nm3823243,tt9442046,actor,5
nm2191645,tt9442780,actor,3
nm7685071,tt9442978,actress,8
nm0213339,tt9444800,actress,1
nm0615992,tt9444800,actor,6
nm0430825,tt9445114,actor,6
nm14446252,tt9446952,actor,9
nm3390761,tt9447588,actor,4
nm10842581,tt9448340,actress,4
nm10331634,tt9448656,actor,3
nm0632030,tt9448688,actor,7
nm10330479,tt9448688,actor,2
nm12097326,tt9451096,actress,8
nm5960961,tt9452878,actress,7
nm10316986,tt9454740,actor,3
nm9680894,tt9454756,actor,5
nm11168468,tt9455028,actress,5
nm9176829,tt9455100,actor,10
nm10334424,tt9455528,actor,7
nm0853478,tt9458062,actor,1
nm10337014,tt9460596,actress,4
nm3806911,tt9460610,actor,8
nm1277705,tt9460808,actor,10
nm5931026,tt9461492,actor,2
nm9955427,tt9461492,actress,5
nm13372705,tt9461494,actor,2
nm10625152,tt9461496,actress,10
nm0052455,tt9462578,actress,5
nm0612217,tt9463434,actor,6
nm0998932,tt9465518,actor,10
nm2331586,tt9465518,actor,6
nm10339104,tt9465812,actor,8
nm10339336,tt9466070,actor,8
nm5840032,tt9466114,actress,3
nm9714056,tt9466114,actor,10
nm2877301,tt9466320,actress,8
nm0558593,tt9466424,actor,5
nm1417314,tt9466814,actor,1
nm6120753,tt9466854,actor,6
nm4474914,tt9469296,actor,9
nm5412668,tt9469296,actor,2
nm4075149,tt9471378,actor,8
nm8511955,tt9471378,actor,3
nm6794303,tt9471502,actress,3
nm0285135,tt9471660,actress,2
nm9448966,tt9471784,actress,10
nm3119894,tt9471952,actor,1
nm7624324,tt9471988,actress,2
nm10426799,tt9472208,actor,5
nm1395806,tt9473050,actor,9
nm5947149,tt9473050,actor,4
nm10343511,tt9475430,actor,2
nm10344695,tt9475430,actor,8
nm10345040,tt9479806,actress,10
nm6010052,tt9479806,actress,6
nm8951197,tt9482402,actor,7
nm3209986,tt9482620,actor,8
nm7802497,tt9485064,actor,10
nm4107935,tt9486162,actress,6
nm4147126,tt9487594,actress,4
nm10219512,tt9488378,actress,8
nm0568729,tt9489598,actress,9
nm9240162,tt9489714,actor,12
nm3022234,tt9490972,actor,5
nm8045059,tt9490972,actor,6
nm0692239,tt9491292,actress,2
nm11049968,tt9491338,actor,5
nm0441154,tt9499850,actor,1
nm10302118,tt9499850,actor,4
nm1779926,tt9500372,actor,8
nm0093199,tt9503782,actor,2
nm1712462,tt9503782,actor,5
nm8257504,tt9503782,actor,1
nm10753255,tt9504976,actor,10
nm10751497,tt9505224,actor,4
nm1941303,tt9505396,actor,2
nm0836137,tt9506474,actor,6
nm10355526,tt9506678,actor,5
nm1257611,tt9506820,actor,4
nm9067892,tt9506820,actress,7
nm10357865,tt9511022,actress,4
nm14019957,tt9511468,actor,8
nm0102502,tt9513644,actor,2
nm9113816,tt9514782,actor,1
nm6045967,tt9514882,actor,8
nm0837750,tt9516390,actress,1
nm0351497,tt9516994,actor,9
nm1073929,tt9519642,actor,2
nm10362196,tt9519872,actor,8
nm8246782,tt9521590,actress,1
nm0000588,tt9523112,actress,2
nm6321850,tt9523112,actor,9
nm1823114,tt9523206,actress,7
nm1092369,tt9524764,actor,7
nm0337053,tt9525878,actor,1
nm1678720,tt9525878,actor,6
nm10364903,tt9526124,actor,10
nm7822046,tt9526134,actor,8
nm1617964,tt9526784,actress,4
nm3193433,tt9526822,actor,2
nm3546868,tt9527682,actor,10
nm1227749,tt9528890,actress,8
nm1181576,tt9528930,actor,7
nm3655976,tt9529556,actor,6
nm5274013,tt9529786,actor,6
nm6186358,tt9530586,actor,8
nm9356727,tt9530586,actor,5
nm1229940,tt9531772,actress,2
nm8954121,tt9531776,actor,8
nm1417931,tt9534784,actress,6
nm4517846,tt9534784,actor,9
nm8556087,tt9534808,actor,9
nm2217380,tt9537082,actor,10
nm1963406,tt9537292,actor,9
nm5249562,tt9537292,actress,2
nm1021129,tt9537346,actor,7
nm9021967,tt9537532,actress,10
nm5235708,tt9537888,actress,12
nm10370317,tt9538090,actor,10
nm4841882,tt9538090,actress,5
nm5519448,tt9538090,actress,8
nm9817570,tt9538188,actor,10
nm5373628,tt9538216,actor,7
nm6809999,tt9540232,actress,1
nm0844371,tt9546624,actor,7
nm0785805,tt9551424,actor,8
nm0426970,tt9551760,actress,7
nm0726939,tt9557416,actress,1
nm10379168,tt9557810,actor,7
nm4442569,tt9558468,actor,10
nm8698445,tt9558468,actor,9
nm1241910,tt9558612,actor,5
nm1096466,tt9561388,actor,3
nm11142369,tt9561782,actress,6
nm3826660,tt9562268,actor,3
nm1974708,tt9562564,actress,6
nm4343545,tt9565196,actor,6
nm10495105,tt9567458,actress,4
nm2766030,tt9569544,actress,6
nm10385456,tt9571216,actor,1
nm2843641,tt9572006,actor,9
nm8173369,tt9572006,actress,5
nm1123859,tt9572626,actor,8
nm1218764,tt9573220,actor,10
nm10387665,tt9574846,actor,7
nm6734397,tt9576232,actress,1
nm0139175,tt9579106,actor,5
nm1798317,tt9580502,actor,5
nm1209208,tt9581978,actress,8
nm5767201,tt9583950,actress,2
nm7402559,tt9584128,actor,9
nm12333318,tt9585676,actress,1
nm0999515,tt9585798,actor,7
nm10447861,tt9586162,actor,10
nm0085611,tt9587950,actress,3
nm0881408,tt9587950,actress,2
nm5503403,tt9591766,actress,1
nm8277879,tt9592496,actor,5
nm4829898,tt9592522,actor,2
nm10518000,tt9593000,actress,2
nm1796742,tt9594140,actor,1
nm6796131,tt9595816,actor,2
nm13511735,tt9596638,actor,3
nm13416347,tt9597922,actor,10
nm5339142,tt9597922,actor,3
nm0906696,tt9598270,actor,8
nm1192347,tt9598270,actress,7
nm4943457,tt9598328,actor,2
nm13245159,tt9600178,actor,9
nm0300589,tt9601220,actress,3
nm10406637,tt9603216,actor,5
nm3545485,tt9603470,actor,9
nm5794898,tt9604202,actor,1
nm10402213,tt9604790,actress,8
nm7441022,tt9605894,actress,6
nm6038328,tt9608818,actress,2
nm8413691,tt9608858,actor,4
nm1367313,tt9609886,actor,9
nm14176594,tt9611068,actress,10
nm9378220,tt9611872,actress,2
nm11480131,tt9612136,actor,5
nm5474657,tt9612136,actress,1
nm1971655,tt9612368,actor,6
nm3227993,tt9612892,actress,5
nm5618931,tt9612892,actor,9
nm0644406,tt9613316,actor,2
nm10600389,tt9614064,actress,4
nm12090547,tt9614428,actor,8
nm11541663,tt9614440,actress,10
nm2138653,tt9614460,actress,1
nm10443890,tt9614936,actress,7
nm12175870,tt9614988,actor,8
nm2195938,tt9615112,actor,6
nm3571806,tt9615856,actor,3
nm1944055,tt9619798,actress,2
nm3897067,tt9619824,actor,2
nm10409083,tt9619962,actress,11
nm0001282,tt9620288,actor,6
nm2847247,tt9620822,actor,2
nm7943677,tt9620822,actress,9
nm1160803,tt9620986,actor,7
nm11682645,tt9622618,actor,2
nm5471268,tt9624570,actress,7
nm14007687,tt9625242,actor,12
nm8543451,tt9625632,actress,4
nm0348004,tt9625986,actor,4
nm11464774,tt9628392,actor,9
nm12645751,tt9629946,actor,9
nm7315664,tt9630868,actress,1
nm2946751,tt9630940,actor,6
nm11130699,tt9631944,actress,2
nm0948989,tt9632014,actress,10
nm5214862,tt9632068,actor,7
nm0015176,tt9632180,actor,1
nm6489058,tt9635540,actor,5
nm3592766,tt9636256,actress,2
nm0474774,tt9637132,actor,1
nm0881540,tt9637754,actress,9
nm7306987,tt9638084,actor,10
nm0504942,tt9638206,actress,3
nm1801525,tt9642686,actress,7
nm10153431,tt9643108,actress,7
nm10418886,tt9643108,actor,1
nm4531936,tt9643286,actress,5
nm10144763,tt9643542,actor,3
nm2363422,tt9644250,actor,9
nm1832026,tt9645472,actor,4
nm4473738,tt9646400,actor,5
nm4463202,tt9646716,actress,10
nm10743332,tt9646768,actor,5
nm1276942,tt9647022,actress,6
nm10233894,tt9647154,actress,2
nm6395451,tt9647298,actress,1
nm6871471,tt9647880,actress,4
nm12505886,tt9648078,actor,4
nm11054969,tt9648162,actress,1
nm0671886,tt9648598,actor,1
nm0222150,tt9648672,actor,3
nm4141252,tt9652730,actress,2
nm7902114,tt9654806,actor,8
nm0605710,tt9657452,actor,6
nm4465175,tt9657840,actress,10
nm10425794,tt9657946,actor,1
nm10425796,tt9657946,actor,3
nm0660673,tt9658100,actor,9
nm11583044,tt9659926,actress,3
nm10426602,tt9660006,actress,3
nm5510109,tt9660170,actor,4
nm2234478,tt9660326,actor,8
nm6100884,tt9660326,actor,9
nm2081164,tt9663098,actor,2
nm0290075,tt9663382,actor,3
nm9562738,tt9663702,actor,10
nm10428846,tt9664514,actor,6
nm10430010,tt9668598,actor,4
nm8910767,tt9669242,actress,1
nm0700252,tt9672244,actor,9
nm14919724,tt9673176,actress,5
nm10434416,tt9675118,actor,4
nm8300354,tt9675318,actor,9
nm9598742,tt9675320,actor,1
nm0764853,tt9675464,actress,4
nm0044452,tt9676520,actress,1
nm10138613,tt9677416,actress,9
nm3430300,tt9677416,actress,1
nm11989873,tt9679528,actor,9
nm9909171,tt9679538,actress,3
nm10437997,tt9679806,actress,3
nm7732675,tt9680076,actor,3
nm11025976,tt9680092,actress,9
nm10273499,tt9680520,actor,4
nm10438667,tt9680520,actor,6
nm11136111,tt9681686,actor,8
nm7628787,tt9681728,actor,6
nm7885560,tt9682188,actor,1
nm3382327,tt9682578,actor,11
nm2718834,tt9683268,actor,4
nm12474072,tt9683854,actress,7
nm10436379,tt9684016,actress,1
nm9095108,tt9685692,actor,3
nm2619595,tt9685828,actor,2
nm12665633,tt9686154,actor,9
nm8342903,tt9686596,actor,7
nm9092461,tt9686596,actress,5
nm11252276,tt9687584,actor,10
nm6572022,tt9687584,actor,4
nm1302330,tt9688874,actor,7
nm8094889,tt9689930,actor,6
nm5510319,tt9690184,actor,6
nm2479233,tt9690328,actress,9
nm0430825,tt9690776,actor,2
nm3032416,tt9690818,actress,5
nm10440485,tt9690868,actress,4
nm13282550,tt9691290,actress,4
nm0451379,tt9691324,actor,1
nm11101448,tt9692040,actor,11
nm6013757,tt9692046,actor,6
nm6178538,tt9692366,actress,4
nm10370655,tt9692890,actor,3
nm0031216,tt9693022,actor,2
nm1493738,tt9695308,actor,10
nm0000329,tt9695722,actor,1
nm10443280,tt9697398,actress,6
nm4207994,tt9697398,actress,1
nm1303310,tt9698430,actress,8
nm2835834,tt9699640,actor,6
nm4976869,tt9699784,actor,9
nm5064479,tt9699784,actress,6
nm0430803,tt9700334,actor,2
nm9952570,tt9700334,actor,1
nm0190753,tt9701934,actress,6
nm5143666,tt9703398,actor,3
nm0993695,tt9710572,actress,3
nm10448556,tt9715438,actor,10
nm10449217,tt9716470,actress,2
nm6699391,tt9716724,actor,1
nm10450014,tt9720440,actor,5
nm8887517,tt9720696,actress,3
nm7263212,tt9722174,actress,3
nm3464555,tt9723328,actor,6
nm2993483,tt9724068,actor,11
nm3080619,tt9724114,actress,7
nm10739173,tt9725058,actor,2
nm0709389,tt9726146,actor,4
nm2119401,tt9727546,actress,1
nm5128169,tt9728306,actor,4
nm4605066,tt9728406,actor,3
nm0462182,tt9728836,actor,6
nm8881651,tt9729060,actress,4
nm12166556,tt9729206,actor,8
nm6763368,tt9730794,actor,1
nm6088065,tt9730866,actress,3
nm0368689,tt9731048,actress,1
nm0356017,tt9731534,actress,1
nm2813994,tt9731598,actor,1
nm5851871,tt9731598,actor,4
nm0618960,tt9731682,actor,8
nm10454895,tt9731752,actress,6
nm8863699,tt9733036,actress,2
nm10455290,tt9733158,actor,9
nm1459609,tt9735186,actor,9
nm4841640,tt9735462,actress,8
nm1778686,tt9735672,actress,1
nm0181920,tt9735758,actor,6
nm7684245,tt9737798,actor,8
nm0618628,tt9738392,actor,7
nm9453929,tt9738400,actor,5
nm0040366,tt9738436,actor,9
nm2485504,tt9739386,actress,3
nm0351545,tt9739712,actress,7
nm0586223,tt9740508,actor,9
nm2640887,tt9741180,actress,1
nm8647493,tt9741362,actress,1
nm10931457,tt9741948,actress,5
nm0244428,tt9742372,actor,7
nm12915507,tt9742438,actor,2
nm0432601,tt9747594,actor,2
nm0950926,tt9747594,actress,4
nm3782167,tt9747594,actress,7
nm1660410,tt9747622,actor,8
nm1963907,tt9749604,actress,5
nm10255221,tt9750368,actress,4
nm10456067,tt9752076,actor,7
nm10940767,tt9752158,actor,1
nm0363857,tt9752248,actor,3
nm0559647,tt9752544,actor,3
nm1512499,tt9753990,actor,9
nm1533208,tt9753990,actor,4
nm6892993,tt9754992,actress,9
nm3155702,tt9755660,actor,7
nm7532160,tt9755806,actor,9
nm2422019,tt9759754,actress,2
nm6566578,tt9759978,actor,2
nm7394024,tt9760426,actress,8
nm0457953,tt9762608,actress,7
nm0930326,tt9763402,actress,5
nm10467925,tt9764180,actor,5
nm10471485,tt9764272,actor,7
nm2948025,tt9764362,actress,8
nm0367917,tt9764634,actor,6
nm0644856,tt9764634,actress,2
nm1033299,tt9764634,actor,7
nm0722042,tt9764804,actor,6
nm10468305,tt9764832,actor,6
nm10468987,tt9765902,actor,8
nm7477060,tt9766310,actress,5
nm5144780,tt9766332,actor,10
nm10469272,tt9766528,actress,2
nm1078686,tt9767390,actress,1
nm1784521,tt9767724,actor,6
nm4043111,tt9769668,actor,1
nm3108930,tt9770432,actor,5
nm2062733,tt9773698,actor,10
nm0044455,tt9774640,actor,3
nm2750565,tt9774762,actor,3
nm10473064,tt9775996,actor,7
nm11240798,tt9777394,actress,1
nm9329401,tt9777394,actor,11
nm3720887,tt9777644,actress,10
nm0695435,tt9777666,actor,1
nm1002746,tt9778190,actor,5
nm11840724,tt9780140,actor,3
nm1165110,tt9783600,actor,1
nm10476628,tt9783626,actor,9
nm2011274,tt9783868,actress,1
nm9884210,tt9784048,actor,8
nm6147743,tt9784068,actor,7
nm2493819,tt9784638,actor,9
nm2888524,tt9784798,actor,7
nm1589151,tt9786162,actress,4
nm6384901,tt9786896,actor,3
nm0508188,tt9787228,actor,1
nm17199309,tt9787228,actor,10
nm0199133,tt9788706,actor,9
nm4148147,tt9789182,actress,6
nm8501138,tt9789232,actor,6
nm9410838,tt9789232,actor,1
nm0906723,tt9789390,actress,2
nm0136036,tt9791552,actor,2
nm0005048,tt9794630,actor,2
nm1272032,tt9794942,actor,8
nm0594344,tt9795238,actress,2
nm10485398,tt9797920,actor,5
nm10484904,tt9800234,actress,10
nm1758899,tt9801736,actor,10
nm11879099,tt9802538,actor,1
nm0946852,tt9803614,actress,2
nm0793731,tt9804296,actor,6
nm0815529,tt9804432,actor,1
nm1297976,tt9804432,actor,6
nm10487467,tt9805754,actor,1
nm11527265,tt9805984,actor,5
nm0084908,tt9806258,actress,2
nm4680915,tt9806258,actress,5
nm6528766,tt9806300,actor,10
nm0854676,tt9806468,actor,8
nm10508473,tt9807914,actor,5
nm11531465,tt9808564,actress,5
nm18777138,tt9808686,actor,9
nm7304713,tt9808842,actor,2
nm9641019,tt9810436,actor,4
nm5574410,tt9813338,actress,3
nm3815831,tt9815072,actor,9
nm11405230,tt9815124,actor,8
nm10492887,tt9816258,actor,1
nm10760764,tt9816258,actor,8
nm7922387,tt9816970,actor,2
nm7922388,tt9816970,actor,9
nm0557983,tt9817924,actor,3
nm1950534,tt9817924,actress,4
nm5570957,tt9817924,actress,2
nm9413159,tt9817938,actress,7
nm7609205,tt9818102,actor,10
nm0264179,tt9818148,actress,8
nm10494378,tt9819206,actress,5
nm3834729,tt9823634,actor,10
nm10496843,tt9824016,actor,10
nm5408751,tt9826484,actress,9
nm12798894,tt9827352,actor,7
nm0812760,tt9828208,actress,10
nm15887547,tt9828344,actor,5
nm5636913,tt9828344,actor,7
nm4166709,tt9828918,actress,6
nm12475730,tt9832350,actress,5
nm1011131,tt9833860,actor,8
nm1149137,tt9833860,actor,7
nm6229773,tt9834318,actor,6
nm7677312,tt9834736,actor,9
nm12498788,tt9837502,actor,7
nm10503028,tt9838780,actor,1
nm0434129,tt9842544,actress,4
nm7984132,tt9842544,actress,6
nm10197661,tt9844772,actor,10
nm0812223,tt9845110,actor,7
nm10508368,tt9848968,actor,9
nm2295540,tt9849004,actress,8
nm5496968,tt9849160,actress,6
nm0297670,tt9850064,actress,9
nm1687610,tt9850344,actor,3
nm2409083,tt9850488,actor,10
nm1302330,tt9851854,actor,8
nm18570156,tt9851854,actress,11
nm10140456,tt9853118,actor,1
nm8131647,tt9853264,actor,7
nm0756998,tt9854002,actor,5
nm0135584,tt9854058,actor,2
nm17479624,tt9854782,actress,3
nm10512137,tt9856080,actor,3
nm10447683,tt9856680,actress,2
nm10512523,tt9856680,actor,13
nm10513495,tt9859504,actress,7
nm3240558,tt9859504,actor,9
nm0001826,tt9860566,actor,4
nm0015145,tt9861254,actor,1
nm0250945,tt9863566,actress,4
nm2887021,tt9865310,actress,2
nm10516260,tt9865492,actor,4
nm1157315,tt9866204,actress,4
nm10520204,tt9866700,actor,3
nm4154502,tt9866736,actor,5
nm0024032,tt9866738,actress,3
nm9091737,tt9867478,actor,10
nm10517812,tt9869228,actor,7
nm5044092,tt9869668,actor,6
nm0905266,tt9871328,actor,6
nm10519306,tt9872038,actor,4
nm10519527,tt9872618,actor,5
nm0011589,tt9873376,actress,1
nm0004979,tt9873892,actor,5
nm5767655,tt9873930,actor,4
nm12406100,tt9875452,actress,10
nm10936200,tt9875852,actor,6
nm3628431,tt9876544,actress,6
nm7579937,tt9876544,actress,4
nm7734450,tt9876584,actress,4
nm10521138,tt9876994,actress,7
nm7097759,tt9877138,actress,3
nm1568415,tt9877170,actor,6
nm11589788,tt9877340,actor,2
nm1799506,tt9881312,actress,1
nm10522900,tt9881572,actor,10
nm2367068,tt9881974,actor,7
nm10526499,tt9888560,actor,8
nm10058464,tt9889716,actor,9
nm10507025,tt9889918,actor,2
nm11372323,tt9890308,actor,3
nm5422980,tt9891874,actress,10
nm10525219,tt9891882,actor,7
nm10527604,tt9891882,actor,1
nm7457633,tt9892546,actress,3
nm7759916,tt9892604,actor,6
nm2916966,tt9893084,actor,2
nm10536829,tt9894108,actor,6
nm3406338,tt9894108,actor,7
nm10560371,tt9894394,actor,7
nm1879584,tt9894440,actress,5
nm0004365,tt9894470,actor,3
nm0685222,tt9897258,actress,4
nm0878252,tt9898844,actor,2
nm0498165,tt9898858,actor,5
nm0241039,tt9899344,actor,4
nm1538053,tt9899860,actor,5
nm3889956,tt9899860,actor,9
nm17440775,tt9900180,actor,10
nm0269800,tt9900614,actress,3
nm4173047,tt9900940,actress,7
nm10532827,tt9903890,actor,5
nm2225545,tt9904010,actor,1
nm4858550,tt9908390,actress,5
nm10536356,tt9911046,actor,3
nm9588820,tt9911306,actor,9
nm5559566,tt9913660,actor,2
nm10172541,tt9914522,actor,4
nm10538311,tt9916124,actress,5
nm0144812,tt9916270,actor,1
nm2063290,tt9916270,actress,3
nm3080119,tt9916270,actor,2
nm6617576,tt9916270,actress,10
nm0107165,tt9916362,actor,2
nm10893292,tt9293752,actor,1
nm10265582,tt9296214,actress,8
nm5496605,tt9296590,actor,5
nm7922534,tt9297754,actor,9
nm7920660,tt9298196,actress,2
nm4096798,tt9302026,actress,9
nm2016364,tt9302994,actor,1
nm10063315,tt9303032,actor,3
nm4136611,tt9303508,actor,8
nm1687404,tt9303772,actor,2
nm10269115,tt9303782,actor,4
nm0080248,tt9304360,actor,10
nm8224164,tt9308022,actress,2
nm8419930,tt9308170,actress,4
nm0245988,tt9308390,actress,1
nm6255347,tt9309774,actress,9
nm12805108,tt9310606,actress,8
nm6425561,tt9311062,actor,11
nm10271721,tt9311308,actress,7
nm3311638,tt9311308,actress,9
nm1559927,tt9313264,actor,5
nm9710587,tt9313474,actor,6
nm10592820,tt9313816,actor,1
nm11329581,tt9313910,actor,6
nm10403329,tt9314340,actor,6
nm10273982,tt9314862,actress,1
nm6216593,tt9314984,actress,3
nm10602999,tt9315438,actor,7
nm0471942,tt9316574,actress,8
nm4250048,tt9316574,actress,6
nm12434683,tt9317286,actor,8
nm3941379,tt9318730,actor,7
nm10347855,tt9319868,actor,8
nm0900010,tt9319878,actor,5
nm14315472,tt9319882,actor,1
nm10743340,tt9319884,actress,2
nm6416873,tt9320170,actor,5
nm6349661,tt9323784,actor,3
nm8353860,tt9324774,actress,8
nm12711700,tt9327584,actor,7
nm0008090,tt9328726,actor,3
nm9444229,tt9331322,actress,9
nm0002003,tt9331550,actor,3
nm10054569,tt9331776,actress,4
nm1580115,tt9333202,actress,6
nm2386632,tt9333202,actor,4
nm7726984,tt9333358,actress,6
nm2862095,tt9334814,actor,1
nm0034315,tt9335620,actor,1
nm5544029,tt9335620,actor,5
nm6145378,tt9336434,actor,3
nm5534709,tt9336816,actor,10
nm10282602,tt9337038,actor,3
nm0928728,tt9339850,actor,5
nm10310557,tt9339958,actor,1
nm10278478,tt9340512,actress,5
nm1585829,tt9341136,actress,10
nm3537172,tt9341628,actress,4
nm0388527,tt9343062,actor,9
nm2362683,tt9343700,actor,7
nm4623853,tt9343754,actor,10
nm8418847,tt9343754,actress,9
nm11738593,tt9344454,actress,3
nm4270735,tt9344454,actor,6
nm4083459,tt9347730,actor,10
nm4542067,tt9348546,actor,3
nm2910893,tt9348578,actress,10
nm0036575,tt9348720,actor,9
nm4388825,tt9348720,actor,7
nm0900653,tt9349050,actress,5
nm10288362,tt9349056,actor,2
nm2314136,tt9350934,actress,9
nm9954934,tt9351610,actress,3
nm10528829,tt9353656,actress,3
nm6557922,tt9354450,actor,7
nm0611481,tt9354674,actor,5
nm10290594,tt9354814,actress,6
nm5224900,tt9354842,actor,6
nm3215397,tt9356952,actor,10
nm5050202,tt9357860,actor,7
nm0851767,tt9358486,actor,1
nm1566368,tt9358486,actress,5
nm0016852,tt9359344,actor,7
nm2609895,tt9360688,actor,3
nm1951437,tt9361322,actor,9
nm1625732,tt9362694,actor,5
nm4175221,tt9362722,actor,10
nm0000215,tt9362930,actress,9
nm2111352,tt9363502,actress,9
nm10436880,tt9363990,actress,6
nm0541193,tt9364436,actor,8
nm5146437,tt9364436,actor,1
nm4328247,tt9364494,actor,10
nm3190976,tt9364848,actress,7
nm1662153,tt9364862,actor,9
nm0352640,tt9365634,actor,4
nm0051765,tt9365768,actor,1
nm0007124,tt9367742,actress,1
nm4188433,tt9367742,actor,3
nm9755573,tt9368200,actress,2
nm0257922,tt9369332,actress,3
nm1159292,tt9371810,actress,3
nm10301203,tt9372746,actor,9
nm5306367,tt9373782,actor,1
nm1420358,tt9373894,actor,4
nm8682329,tt9378416,actress,2
nm0173004,tt9378600,actor,6
nm7561226,tt9379072,actor,10
nm3091209,tt9379416,actor,8
nm8750454,tt9382172,actress,7
nm5636479,tt9382358,actress,4
nm2983901,tt9383658,actor,2
nm1516058,tt9383758,actor,10
nm7519937,tt9384126,actor,10
nm11227019,tt9386884,actor,5
nm12235821,tt9386884,actor,3
nm6769951,tt9386884,actor,10
nm6369408,tt9387380,actor,9
nm4916809,tt9389444,actor,5
nm0244890,tt9390026,actress,2
nm0898913,tt9390190,actor,10
nm6040987,tt9390254,actress,2
nm1767091,tt9392324,actor,4
nm4310467,tt9392532,actor,4
nm9988758,tt9395400,actor,8
nm10662232,tt9396050,actress,9
nm11102591,tt9396198,actor,7
nm7937521,tt9396198,actor,1
nm0158378,tt9402530,actress,4
nm1045839,tt9402676,actress,1
nm10311798,tt9403584,actor,5
nm0252847,tt9405352,actor,2
nm9884914,tt9405714,actor,6
nm2356251,tt9408490,actress,3
nm2934950,tt9408648,actor,1
nm10418801,tt9408742,actor,3
nm6546775,tt9408742,actor,2
nm2968409,tt9410034,actor,8
nm4756188,tt9415058,actor,9
nm10306721,tt9415530,actor,8
nm2361483,tt9415530,actor,5
nm2630079,tt9415530,actor,6
nm9719426,tt9416094,actress,1
nm7467178,tt9416854,actor,4
nm1165541,tt9417730,actor,9
nm1435269,tt9419752,actor,4
nm0836121,tt9419884,actor,10
nm5426873,tt9419976,actor,5
nm10318908,tt9420744,actress,2
nm3120250,tt9420744,actress,8
nm5780443,tt9420744,actress,4
nm0274707,tt9421442,actress,12
nm0000420,tt9421456,actress,2
nm3244078,tt9421570,actor,9
nm1265207,tt9422468,actor,2
nm9980032,tt9425000,actress,2
nm6756432,tt9426802,actress,10
nm1800746,tt9429914,actress,4
nm10323694,tt9430574,actor,9
nm6142895,tt9430780,actor,1
nm0751917,tt9431072,actress,1
nm13462877,tt9431072,actor,4
nm2384242,tt9431072,actress,9
nm1982961,tt9431740,actor,1
nm0126606,tt9432338,actress,3
nm1745545,tt9433064,actor,5
nm10326801,tt9436682,actor,1
nm1269796,tt9436946,actor,1
nm10328668,tt9442146,actor,6
nm10328862,tt9442766,actor,10
nm1179669,tt9444800,actor,8
nm0458511,tt9445306,actress,10
nm10330748,tt9447444,actress,9
nm9811540,tt9448656,actor,6
nm10331657,tt9448686,actor,6
nm10201411,tt9454646,actor,6
nm0022094,tt9455100,actress,8
nm0299401,tt9459988,actor,2
nm1460419,tt9460422,actor,2
nm9154859,tt9460472,actress,4
nm10864580,tt9460478,actor,3
nm14754835,tt9460580,actor,10
nm3071281,tt9460580,actor,6
nm0032669,tt9462578,actress,2
nm0148183,tt9462944,actress,8
nm10338761,tt9465024,actor,4
nm12081823,tt9465024,actress,7
nm14869367,tt9466032,actor,4
nm7802961,tt9466786,actor,8
nm10570110,tt9471128,actress,3
nm5161289,tt9471502,actress,8
nm0762248,tt9471816,actress,10
nm0768614,tt9471828,actor,1
nm2040571,tt9471952,actor,2
nm0486426,tt9472442,actress,5
nm5003252,tt9472658,actor,1
nm2374808,tt9473050,actress,10
nm2499815,tt9476430,actress,8
nm4662945,tt9477178,actor,1
nm6178628,tt9479454,actress,4
nm8806402,tt9479806,actress,2
nm10347646,tt9485064,actor,1
nm5568030,tt9485392,actress,5
nm11476788,tt9485592,actress,6
nm1632508,tt9487594,actress,3
nm8841358,tt9490150,actress,2
nm8793595,tt9490414,actor,3
nm1462159,tt9490456,actor,4
nm1241578,tt9490990,actor,7
nm4732281,tt9490990,actress,2
nm4439079,tt9493034,actor,7
nm1466093,tt9495122,actor,3
nm7887725,tt9495224,actor,1
nm1303433,tt9495690,actor,2
nm10401111,tt9496420,actor,5
nm2812610,tt9496830,actor,3
nm0620017,tt9497146,actor,9
nm7121595,tt9497146,actor,1
nm4571370,tt9499932,actress,5
nm10685616,tt9500358,actor,2
nm9091047,tt9500372,actor,1
nm7437918,tt9500864,actor,5
nm3325981,tt9502538,actress,5
nm5103701,tt9503722,actress,4
nm10362785,tt9503764,actress,3
nm10355434,tt9504976,actor,2
nm10755538,tt9504976,actor,7
nm1665054,tt9506480,actor,1
nm1655500,tt9506724,actor,4
nm10245630,tt9511204,actor,4
nm1091420,tt9512188,actress,2
nm0440107,tt9514116,actress,3
nm1477854,tt9514970,actor,3
nm0796365,tt9516390,actor,7
nm10361793,tt9519034,actor,7
nm4393013,tt9520084,actor,3
nm10363135,tt9521582,actress,10
nm2097378,tt9521582,actor,6
nm0069168,tt9523206,actor,4
nm7820582,tt9524764,actress,4
nm1143119,tt9525200,actor,6
nm4303311,tt9526152,actor,1
nm5228009,tt9526760,actor,4
nm5780537,tt9528890,actor,1
nm6073523,tt9528890,actress,6
nm10367199,tt9529556,actor,7
nm5273047,tt9529786,actor,4
nm4890743,tt9531538,actress,2
nm9680921,tt9533342,actor,9
nm10276749,tt9533434,actor,3
nm15551773,tt9534948,actress,1
nm5856929,tt9537532,actress,5
nm10384353,tt9537936,actor,7
nm5258595,tt9537936,actor,1
nm7629480,tt9538188,actor,3
nm10665702,tt9543062,actor,10
nm4457541,tt9548134,actor,8
nm0301381,tt9551424,actor,3
nm2769024,tt9551682,actor,10
nm5049448,tt9551936,actress,3
nm0483818,tt9552208,actress,6
nm0297956,tt9552352,actor,6
nm8092791,tt9552932,actor,1
nm1685401,tt9553136,actress,8
nm9107974,tt9555284,actress,10
nm5620042,tt9557034,actress,9
nm0896573,tt9558468,actor,6
nm0081175,tt9558602,actor,4
nm1127862,tt9558602,actor,7
nm10379926,tt9560092,actor,6
nm7354641,tt9560092,actor,2
nm2395048,tt9562296,actress,10
nm2632573,tt9562694,actor,4
nm11128751,tt9564748,actor,7
nm0847464,tt9565748,actress,10
nm9247882,tt9567472,actor,6
nm1036050,tt9568230,actor,5
nm6514109,tt9568318,actress,7
nm1124234,tt9569096,actor,8
nm0846186,tt9569190,actor,3
nm0294372,tt9569544,actor,5
nm0827075,tt9569544,actress,9
nm5338363,tt9572006,actor,8
nm10386207,tt9573058,actor,4
nm0848984,tt9573220,actor,7
nm3960304,tt9573468,actor,1
nm10387668,tt9574846,actor,10
nm7386083,tt9574922,actor,10
nm4260791,tt9575438,actor,5
nm10389250,tt9578462,actor,6
nm10572150,tt9578984,actor,10
nm12215683,tt9579106,actress,12
nm0729461,tt9579634,actor,3
nm8398797,tt9580442,actor,6
nm4615210,tt9580502,actress,2
nm1401547,tt9581076,actor,10
nm10390402,tt9581478,actress,6
nm8105604,tt9581978,actress,1
nm3736929,tt9584972,actor,11
nm10377186,tt9585724,actor,10
nm3725393,tt9586294,actor,2
nm1287617,tt9586670,actor,10
nm7017710,tt9586922,actress,1
nm8908425,tt9588024,actress,11
nm0693871,tt9590592,actress,1
nm11224879,tt9590592,actor,10
nm7816790,tt9590592,actor,9
nm1086788,tt9591082,actress,4
nm6406050,tt9591766,actor,4
nm8487528,tt9592522,actress,4
nm10395998,tt9592892,actress,7
nm9432583,tt9592892,actor,9
nm5668720,tt9593626,actress,10
nm14476655,tt9595738,actor,10
nm2411135,tt9596084,actress,10
nm12166756,tt9596658,actor,5
nm7613069,tt9597190,actor,3
nm1936402,tt9597838,actor,6
nm8764535,tt9597902,actor,3
nm0625789,tt9598214,actor,6
nm0803889,tt9598214,actor,3
nm1101677,tt9598270,actor,1
nm0736263,tt9600274,actor,2
nm9416452,tt9600964,actor,5
nm0924154,tt9603212,actor,10
nm3767035,tt9603216,actor,2
nm6931894,tt9603216,actor,9
nm9622682,tt9603330,actress,5
nm10401186,tt9603432,actor,7
nm9864872,tt9603432,actor,6
nm0620862,tt9604142,actor,10
nm3343765,tt9606700,actor,10
nm11236545,tt9608858,actor,6
nm0039168,tt9610250,actor,2
nm0045119,tt9610262,actress,6
nm0373001,tt9611872,actor,4
nm11363407,tt9614428,actor,2
nm2347196,tt9614936,actor,1
nm10406540,tt9614994,actress,3
nm8857571,tt9615028,actor,9
nm1946577,tt9615680,actor,8
nm10491032,tt9616700,actor,8
nm0837569,tt9618478,actor,7
nm0590985,tt9619464,actor,5
nm3408936,tt9619464,actor,3
nm0149950,tt9619798,actress,7
nm0474916,tt9619984,actress,3
nm3102998,tt9620292,actor,2
nm2645920,tt9620474,actor,3
nm9802065,tt9620474,actor,5
nm9967887,tt9621104,actor,5
nm0047962,tt9622380,actress,1
nm1533569,tt9625632,actor,10
nm3311444,tt9625986,actress,9
nm1788075,tt9626278,actor,5
nm3303059,tt9626278,actress,1
nm10411560,tt9626392,actor,8
nm11464786,tt9628392,actress,5
nm2212823,tt9629494,actress,5
nm5452098,tt9630428,actor,7
nm0265252,tt9631052,actor,1
nm3052331,tt9631052,actress,4
nm0151282,tt9633480,actor,6
nm4286925,tt9634252,actress,3
nm4905454,tt9635448,actress,8
nm3223429,tt9635540,actress,3
nm4363155,tt9636120,actor,3
nm5475083,tt9636294,actor,5
nm5001102,tt9636630,actress,5
nm1205311,tt9639274,actress,5
nm8357122,tt9639470,actress,9
nm8509873,tt9642010,actor,8
nm0638980,tt9642686,actor,3
nm0514108,tt9642962,actress,3
nm1141161,tt9642962,actor,7
nm10420858,tt9647154,actress,5
nm2852446,tt9647178,actor,8
nm4325236,tt9647642,actress,5
nm0648762,tt9647798,actress,7
nm8870296,tt9648668,actor,5
nm10847832,tt9648886,actor,10
nm10448673,tt9652782,actress,10
nm8196922,tt9652782,actor,1
nm1959800,tt9652990,actor,1
nm3213240,tt9652990,actor,5
nm10423857,tt9654830,actress,1
nm10425130,tt9655758,actress,1
nm7806571,tt9657764,actor,8
nm5077088,tt9657840,actress,4
nm10425801,tt9657946,actor,10
nm2938232,tt9657950,actress,2
nm10425856,tt9658034,actor,8
nm10551732,tt9658140,actor,4
nm2386771,tt9658288,actor,7
nm2442143,tt9660688,actor,4
nm5313418,tt9660688,actress,6
nm10427468,tt9662266,actress,7
nm10427470,tt9662266,actor,1
nm8203122,tt9663100,actor,6
nm4233681,tt9663258,actor,10
nm10428700,tt9663642,actress,5
nm3145714,tt9663666,actor,5
nm0000173,tt9663764,actress,5
nm10394957,tt9664514,actress,2
nm1682953,tt9664732,actor,10
nm12232380,tt9665968,actor,10
nm3252185,tt9668552,actor,2
nm0023097,tt9668556,actor,1
nm3718947,tt9669242,actress,6
nm1796910,tt9670282,actor,9
nm5178472,tt9670282,actor,6
nm1165904,tt9670458,actor,10
nm0482289,tt9670540,actress,6
nm0875056,tt9672824,actor,7
nm4378865,tt9673176,actress,6
nm1892960,tt9675274,actor,3
nm2726845,tt9675366,actress,7
nm1483904,tt9675786,actor,2
nm11455240,tt9676242,actress,1
nm0441173,tt9676520,actor,5
nm4691677,tt9676940,actor,4
nm0460423,tt9678460,actress,4
nm11068068,tt9678892,actor,9
nm0594263,tt9679368,actor,2
nm0537648,tt9679528,actress,1
nm2122336,tt9679528,actress,7
nm2718834,tt9680076,actor,6
nm6845066,tt9680090,actor,1
nm3243068,tt9680174,actor,5
nm11136100,tt9681686,actor,6
nm9681341,tt9681686,actor,4
nm10397910,tt9681728,actor,4
nm1130562,tt9682768,actor,10
nm4264495,tt9683542,actress,6
nm10437295,tt9683854,actor,3
nm7632532,tt9683854,actress,5
nm2850450,tt9684994,actress,2
nm10438105,tt9685692,actor,8
nm1871112,tt9685828,actress,1
nm10438308,tt9685948,actress,9
nm0780485,tt9686350,actress,1
nm10598693,tt9686730,actress,5
nm2488871,tt9689664,actor,7
nm10802681,tt9689696,actor,7
nm2901344,tt9690328,actress,2
nm10676585,tt9695462,actress,1
nm0593330,tt9697340,actress,2
nm0645382,tt9697476,actress,10
nm10800751,tt9697774,actor,11
nm10933151,tt9699640,actress,10
nm4415826,tt9699686,actor,1
nm10451615,tt9701082,actress,7
nm10446558,tt9703362,actor,8
nm4763591,tt9703398,actor,8
nm10446129,tt9703960,actor,8
nm5294636,tt9707580,actress,1
nm8894367,tt9711868,actor,3
nm10425081,tt9712476,actress,7
nm10448886,tt9716054,actress,1
nm1169797,tt9716782,actress,5
nm10455889,tt9720690,actor,4
nm2700551,tt9722952,actor,5
nm6750316,tt9723328,actress,8
nm0437097,tt9724114,actor,10
nm9574820,tt9724734,actress,8
nm1041876,tt9726146,actor,8
nm0370644,tt9726172,actor,2
nm0867391,tt9726172,actor,4
nm10455701,tt9728816,actress,9
nm0613590,tt9728836,actress,10
nm9351994,tt9729060,actor,3
nm6845069,tt9729774,actor,10
nm2460402,tt9730822,actor,4
nm0608214,tt9731048,actor,2
nm10455044,tt9732072,actress,6
nm1035854,tt9733362,actor,1
nm1925543,tt9733388,actor,9
nm10455678,tt9734342,actor,3
nm2587859,tt9735790,actor,4
nm1683043,tt9735976,actor,3
nm6657652,tt9735976,actor,10
nm3201028,tt9736978,actor,2
nm6548435,tt9737688,actor,2
nm3380735,tt9738392,actor,2
nm0463753,tt9739232,actor,7
nm1759116,tt9739232,actor,2
nm0850848,tt9739386,actor,6
nm9203433,tt9739486,actor,5
nm10866299,tt9741186,actress,6
nm3835850,tt9741948,actor,7
nm2674743,tt9742206,actor,4
nm5652916,tt9742438,actress,1
nm12497419,tt9742582,actress,7
nm0365303,tt9742732,actor,6
nm10459748,tt9742732,actor,3
nm0491045,tt9747160,actor,10
nm7111158,tt9747276,actor,1
nm1801619,tt9747622,actress,9
nm0332061,tt9750368,actor,7
nm4945454,tt9752158,actress,5
nm7798251,tt9752892,actor,9
nm5631118,tt9753002,actor,5
nm7166121,tt9753002,actor,10
nm2460720,tt9753764,actor,9
nm8715864,tt9753764,actor,2
nm3607201,tt9755024,actor,12
nm10464713,tt9755822,actor,10
nm9078230,tt9755822,actress,3
nm11102031,tt9759978,actor,9
nm10467156,tt9761088,actor,10
nm1549177,tt9762608,actress,3
nm10467937,tt9764180,actor,1
nm1713653,tt9764654,actor,1
nm0661845,tt9765144,actor,6
nm1964225,tt9765352,actress,5
nm7384935,tt9765542,actor,5
nm6691624,tt9765760,actor,9
nm3855467,tt9765840,actor,7
nm6492899,tt9765842,actor,1
nm7694242,tt9765842,actress,5
nm10468984,tt9765902,actor,5
nm11426881,tt9766160,actor,7
nm2858395,tt9766280,actress,8
nm6798708,tt9766280,actress,3
nm12376184,tt9766294,actor,2
nm0704694,tt9766310,actor,3
nm7609214,tt9766528,actor,3
nm0385443,tt9767724,actor,3
nm0000657,tt9770150,actor,2
nm8852558,tt9772164,actress,8
nm10471701,tt9772300,actor,5
nm3753357,tt9772812,actress,3
nm10471873,tt9773182,actor,8
nm2749076,tt9774762,actress,5
nm8024328,tt9776102,actor,3
nm9847038,tt9776102,actor,4
nm0419894,tt9777790,actor,5
nm10474524,tt9777882,actor,3
nm9244518,tt9778060,actress,3
nm0632656,tt9778190,actress,9
nm0002246,tt9779380,actor,2
nm10676588,tt9779804,actor,6
nm1886602,tt9783600,actor,2
nm9788259,tt9783778,actor,7
nm3560079,tt9784068,actress,4
nm10480657,tt9784816,actress,10
nm4906948,tt9784950,actress,5
nm10288973,tt9784954,actor,3
nm1832584,tt9786512,actor,1
nm1812523,tt9788418,actress,5
nm8381609,tt9789180,actress,2
nm1459609,tt9789670,actor,8
nm1222856,tt9794942,actor,10
nm4228995,tt9795950,actress,3
nm0952624,tt9800034,actor,4
nm5856624,tt9800048,actor,7
nm1031333,tt9801322,actress,9
nm1981344,tt9801322,actor,4
nm0251646,tt9803316,actor,10
nm15269621,tt9803724,actor,3
nm1564092,tt9803724,actress,7
nm6700506,tt9805110,actor,7
nm10487107,tt9805208,actor,4
nm10487114,tt9805208,actor,8
nm2989239,tt9806322,actress,5
nm10508475,tt9807914,actress,4
nm8272878,tt9808874,actress,1
nm0267659,tt9809006,actor,2
nm8208331,tt9809006,actor,10
nm1024111,tt9810436,actor,10
nm1366568,tt9811300,actor,3
nm5585713,tt9811374,actor,1
nm10490905,tt9811528,actor,10
nm7611437,tt9812614,actor,7
nm9602953,tt9812614,actress,3
nm3768607,tt9814562,actor,8
nm6153349,tt9814562,actor,1
nm2762456,tt9814918,actress,4
nm1028648,tt9815156,actress,10
nm2376650,tt9815360,actress,8
nm1330276,tt9815714,actor,3
nm5075662,tt9815990,actress,7
nm3931538,tt9815998,actor,2
nm0649746,tt9817018,actress,3
nm6953665,tt9817924,actor,7
nm2151247,tt9817938,actor,5
nm11332679,tt9819258,actress,5
nm10498187,tt9819664,actress,5
nm1642065,tt9820352,actress,6
nm10483886,tt9822864,actor,7
nm0806613,tt9827834,actor,9
nm2791178,tt9828278,actor,3
nm0739124,tt9828802,actress,1
nm0149260,tt9828918,actor,1
nm9840989,tt9831136,actor,4
nm1483861,tt9832396,actress,2
nm0464884,tt9833860,actor,5
nm0193459,tt9834112,actor,4
nm9411656,tt9834318,actor,8
nm1390742,tt9838374,actress,9
nm0415777,tt9838780,actor,9
nm8894384,tt9838916,actor,10
nm14154581,tt9843172,actress,8
nm7979856,tt9843292,actor,1
nm16156200,tt9843390,actor,7
nm16156202,tt9843390,actor,9
nm0057776,tt9843470,actress,1
nm10505422,tt9843742,actor,6
nm9979407,tt9844086,actor,8
nm9740863,tt9844772,actor,5
nm3958650,tt9844892,actress,1
nm8527073,tt9844892,actress,8
nm8302445,tt9847844,actor,6
nm1595810,tt9848962,actor,1
nm6552871,tt9848962,actress,2
nm4558335,tt9850488,actor,1
nm6851210,tt9850740,actress,8
nm10510090,tt9851990,actress,1
nm0824989,tt9853264,actor,8
nm1024333,tt9853264,actor,6
nm4735327,tt9855510,actor,2
nm5577677,tt9855510,actress,10
nm0004739,tt9855990,actress,1
nm5381501,tt9856128,actress,8
nm5505169,tt9856574,actress,10
nm0911976,tt9856606,actor,6
nm4551518,tt9856680,actress,4
nm8894388,tt9860694,actor,6
nm1295827,tt9861220,actor,3
nm1877162,tt9861288,actor,6
nm4057451,tt9861480,actor,4
nm6388096,tt9863566,actor,9
nm3241362,tt9865310,actor,6
nm0275637,tt9866344,actress,8
nm6767387,tt9866344,actor,1
nm10516636,tt9866394,actor,3
nm6451753,tt9866700,actor,1
nm10842599,tt9867628,actor,10
nm1922254,tt9869564,actor,5
nm7730327,tt9869668,actress,5
nm4452726,tt9871454,actor,8
nm5126893,tt9871454,actor,2
nm9067451,tt9871454,actress,10
nm0847400,tt9871736,actor,10
nm8784315,tt9875128,actor,3
nm10835833,tt9876544,actor,10
nm10521139,tt9876994,actress,8
nm8113714,tt9877460,actress,4
nm1431568,tt9877846,actor,8
nm8108071,tt9878422,actress,4
nm0936949,tt9878598,actor,10
nm0013793,tt9879482,actor,2
nm10522457,tt9880212,actor,6
nm10522460,tt9880212,actress,10
nm3714815,tt9881330,actor,7
nm1363801,tt9881852,actor,4
nm10571411,tt9884388,actress,10
nm9477428,tt9887180,actor,8
nm10525924,tt9887290,actress,6
nm4175887,tt9887520,actress,6
nm0254291,tt9887580,actor,10
nm12366953,tt9887580,actor,7
nm11484894,tt9890308,actor,5
nm10527340,tt9890870,actor,10
nm1466156,tt9892094,actor,10
nm9037499,tt9893084,actor,8
nm4013410,tt9894098,actress,6
nm6916922,tt9894098,actor,7
nm0464880,tt9894108,actor,1
nm10562600,tt9894394,actress,11
nm0080248,tt9894418,actor,2
nm10529328,tt9894418,actor,1
nm7319350,tt9896876,actress,8
nm8512286,tt9897520,actress,1
nm18626618,tt9897744,actor,4
nm0649239,tt9898086,actor,10
nm1415962,tt9898636,actor,5
nm10764434,tt9898844,actor,6
nm1807442,tt9899828,actor,8
nm1465001,tt9900060,actor,4
nm3819591,tt9900060,actor,6
nm0997634,tt9900354,actress,8
nm11527625,tt9900398,actress,7
nm0848862,tt9900614,actress,7
nm4061153,tt9900940,actor,5
nm3121357,tt9902160,actor,8
nm4667740,tt9903802,actor,8
nm2850234,tt9904004,actress,8
nm10532960,tt9904098,actor,10
nm0936300,tt9904802,actor,3
nm0737513,tt9905412,actress,6
nm0079451,tt9907782,actor,5
nm0101400,tt9907782,actor,6
nm0108431,tt9908390,actor,7
nm2086876,tt9910238,actor,8
nm7288238,tt9910502,actor,4
nm0578248,tt9916170,actor,4
nm5561970,tt9916170,actress,6
nm1984126,tt9916270,actor,8
nm0266723,tt9916362,actor,3
nm3272130,tt9916706,actress,4
nm8776834,tt9291476,actress,3
nm2351246,tt9292510,actress,1
nm10264698,tt9293690,actor,3
nm10265580,tt9296214,actress,6
nm5996483,tt9296734,actress,5
nm7900894,tt9298196,actress,7
nm10267173,tt9298624,actress,6
nm0876300,tt9302026,actor,2
nm0000174,tt9302994,actor,6
nm1714614,tt9303040,actor,6
nm1686962,tt9304360,actor,5
nm6299092,tt9304360,actress,4
nm4131505,tt9308022,actor,4
nm11292811,tt9308340,actor,10
nm10270567,tt9309046,actor,10
nm4830925,tt9309046,actor,7
nm0003578,tt9309774,actor,7
nm6301672,tt9309774,actor,8
nm10271428,tt9310544,actress,1
nm0013542,tt9311532,actor,3
nm1490505,tt9312100,actor,4
nm10272089,tt9313004,actress,3
nm10272097,tt9313004,actor,10
nm0502813,tt9313424,actor,3
nm4238608,tt9313474,actress,2
nm3049403,tt9315672,actress,2
nm3059813,tt9315684,actor,9
nm0534497,tt9317274,actor,7
nm4423033,tt9318230,actor,1
nm0353717,tt9318772,actor,5
nm9267023,tt9319194,actor,4
nm12573799,tt9319812,actress,8
nm4191893,tt9319812,actress,5
nm1360611,tt9319874,actress,10
nm5626435,tt9319874,actor,7
nm14456599,tt9319878,actor,4
nm11166411,tt9319884,actress,10
nm0667664,tt9320184,actor,4
nm2068880,tt9324808,actor,1
nm10278983,tt9328742,actor,2
nm5902207,tt9331072,actress,10
nm8268551,tt9331556,actor,8
nm1239713,tt9331776,actress,2
nm10396873,tt9331932,actress,3
nm10396879,tt9331932,actor,9
nm2363115,tt9333202,actor,10
nm2383070,tt9333346,actor,5
nm6836381,tt9334342,actress,4
nm1736745,tt9334830,actress,2
nm10281536,tt9335444,actress,6
nm1178979,tt9336434,actor,8
nm6628316,tt9336434,actor,10
nm3854930,tt9337248,actress,9
nm10087257,tt9337862,actress,8
nm5798583,tt9337862,actor,6
nm10278479,tt9340512,actress,10
nm11302979,tt9340860,actor,5
nm7371202,tt9340860,actress,3
nm6826659,tt9342390,actress,6
nm8073026,tt9342390,actress,8
nm8775157,tt9342622,actor,8
nm8886654,tt9346636,actor,10
nm1110009,tt9346816,actor,1
nm1732318,tt9346816,actor,3
nm1978173,tt9347474,actress,9
nm3828269,tt9347474,actress,5
nm9629768,tt9347672,actor,4
nm2281637,tt9347732,actress,9
nm0005314,tt9347750,actor,3
nm10301361,tt9348566,actor,7
nm11006398,tt9348908,actor,6
nm12696229,tt9348908,actor,8
nm2363115,tt9350110,actor,7
nm1434372,tt9351220,actor,1
nm6376834,tt9351856,actress,5
nm0180452,tt9352178,actor,7
nm0151071,tt9355222,actress,1
nm8505639,tt9357860,actress,2
nm10292396,tt9358398,actor,9
nm10292983,tt9359204,actor,3
nm5181684,tt9360280,actor,7
nm0017343,tt9362930,actor,4
nm3121384,tt9362930,actress,3
nm7804649,tt9364228,actress,9
nm10295079,tt9364276,actress,1
nm6198257,tt9364382,actress,6
nm2788183,tt9364436,actor,9
nm1734623,tt9364848,actor,1
nm2153938,tt9365604,actor,2
nm4400540,tt9367402,actress,4
nm2954690,tt9367850,actor,2
nm0356372,tt9369332,actor,2
nm7798213,tt9369410,actor,8
nm1173060,tt9370232,actor,8
nm2138126,tt9371810,actress,4
nm10455301,tt9373782,actress,8
nm9648940,tt9373782,actor,2
nm0809308,tt9376362,actor,9
nm5208425,tt9377994,actress,4
nm9683228,tt9377994,actor,2
nm6106368,tt9378320,actor,6
nm0247242,tt9379416,actor,2
nm0346595,tt9381904,actor,2
nm6641405,tt9381994,actress,8
nm5473537,tt9382596,actor,11
nm9886158,tt9383572,actor,7
nm2240044,tt9383758,actor,7
nm0467478,tt9384038,actor,4
nm2428276,tt9386422,actor,1
nm0015176,tt9386508,actor,6
nm0793674,tt9386508,actor,10
nm0931477,tt9386648,actor,8
nm10110938,tt9387568,actor,1
nm6713262,tt9387568,actress,7
nm0190217,tt9389924,actor,4
nm3792384,tt9390194,actor,4
nm5161825,tt9390194,actress,9
nm12805929,tt9390390,actor,3
nm0157374,tt9391146,actress,4
nm6194573,tt9391864,actress,4
nm2921854,tt9391986,actor,7
nm2895878,tt9395384,actress,7
nm0359168,tt9396984,actress,7
nm0596097,tt9397742,actress,9
nm1042825,tt9398640,actor,7
nm1235303,tt9399192,actor,10
nm1268200,tt9399192,actress,1
nm1133558,tt9405352,actor,3
nm1030234,tt9405490,actor,5
nm7532664,tt9407490,actor,6
nm6425561,tt9407706,actor,4
nm9328148,tt9408282,actor,8
nm9862188,tt9408282,actress,3
nm6785657,tt9408490,actor,5
nm0460694,tt9408568,actor,2
nm15690552,tt9408568,actor,3
nm15690553,tt9408568,actress,4
nm0001758,tt9410034,actor,1
nm1501738,tt9411972,actress,9
nm2876818,tt9415530,actor,2
nm0555500,tt9416282,actress,2
nm2361872,tt9416478,actress,8
nm2876818,tt9416478,actor,3
nm8819795,tt9416854,actress,7
nm0457483,tt9417730,actress,7
nm15361931,tt9418812,actor,10
nm0442848,tt9419794,actor,6
nm2710534,tt9420024,actor,3
nm0553440,tt9421570,actor,10
nm17620163,tt9422468,actor,11
nm7427956,tt9425856,actor,5
nm1059148,tt9426186,actor,2
nm10469223,tt9427166,actor,9
nm10322371,tt9428050,actress,8
nm0519456,tt9428746,actress,5
nm10323149,tt9429914,actress,8
nm1800303,tt9429914,actress,2
nm12214753,tt9430518,actress,2
nm1145422,tt9430524,actress,10
nm10323699,tt9430578,actress,3
nm2906637,tt9430578,actress,9
nm5724719,tt9430780,actor,6
nm6710084,tt9431520,actress,9
nm0529452,tt9432338,actor,8
nm0782633,tt9437360,actor,7
nm10327036,tt9439360,actor,10
nm9382279,tt9440660,actor,7
nm10328541,tt9441972,actor,9
nm9928692,tt9441978,actor,4
nm1654929,tt9442766,actor,6
nm2438707,tt9442920,actress,4
nm0993128,tt9444800,actress,4
nm4307210,tt9446952,actress,5
nm10087145,tt9447600,actress,1
nm6812985,tt9447662,actress,7
nm10749426,tt9448362,actress,2
nm6447402,tt9451848,actress,2
nm5730865,tt9452900,actor,5
nm6236901,tt9453278,actor,8
nm9872474,tt9453278,actress,3
nm10576101,tt9454176,actress,7
nm5594794,tt9454554,actress,5
nm5921321,tt9454554,actor,1
nm1179525,tt9455028,actor,9
nm8700897,tt9455468,actor,7
nm9147811,tt9455528,actress,10
nm3386125,tt9456222,actress,1
nm1366855,tt9458220,actor,5
nm0159159,tt9460472,actor,3
nm10337771,tt9460472,actor,7
nm0157805,tt9460596,actress,9
nm10337629,tt9461496,actor,1
nm9693378,tt9464000,actress,5
nm1169428,tt9466114,actor,5
nm10339441,tt9466132,actor,7
nm8149850,tt9466132,actor,6
nm2071924,tt9466320,actor,2
nm10339743,tt9466410,actor,5
nm6705983,tt9468400,actress,5
nm11044410,tt9468644,actress,9
nm12645007,tt9468644,actor,8
nm3079083,tt9471128,actor,4
nm10342302,tt9471784,actor,6
nm10342544,tt9472142,actor,8
nm4602902,tt9472208,actor,6
nm1553002,tt9473050,actress,6
nm4276217,tt9473050,actress,3
nm5293209,tt9474340,actor,8
nm6749842,tt9476068,actor,2
nm8802963,tt9476372,actress,2
nm3690667,tt9476430,actor,3
nm10344256,tt9477056,actress,2
nm4861046,tt9477520,actor,6
nm1090704,tt9479644,actress,9
nm1794199,tt9485062,actor,1
nm2751064,tt9485062,actor,9
nm9944288,tt9485064,actor,7
nm0156926,tt9485306,actor,4
nm3317210,tt9485392,actor,3
nm11476772,tt9485592,actress,1
nm0437140,tt9485772,actor,10
nm1066117,tt9485772,actor,7
nm0406732,tt9486162,actress,5
nm8841357,tt9490150,actor,6
nm0849916,tt9490414,actor,7
nm10353375,tt9491338,actor,8
nm11051267,tt9491338,actor,4
nm1763656,tt9493038,actor,7
nm1454326,tt9493708,actor,10
nm0010611,tt9495080,actor,3
nm10833136,tt9495122,actor,10
nm2933926,tt9496212,actress,7
nm4414400,tt9496212,actress,4
nm4949471,tt9496212,actor,1
nm1375686,tt9496886,actress,8
nm2322250,tt9497146,actor,6
nm1097739,tt9499932,actor,8
nm0411683,tt9500068,actress,2
nm3748253,tt9500346,actor,3
nm10354153,tt9501234,actor,9
nm3645531,tt9501234,actor,1
nm10355436,tt9504976,actress,3
nm0648489,tt9505212,actor,7
nm3106534,tt9505224,actor,6
nm10356447,tt9506820,actor,1
nm2504306,tt9506820,actor,5
nm15184229,tt9511468,actor,7
nm8697489,tt9515732,actor,9
nm9734519,tt9520084,actor,6
nm3816263,tt9522080,actor,9
nm7487475,tt9522162,actor,1
nm8958982,tt9525352,actress,2
nm0000051,tt9526044,actor,3
nm7455569,tt9526124,actor,4
nm1220531,tt9526784,actor,9
nm0161607,tt9526884,actor,1
nm2112748,tt9529640,actor,5
nm9442181,tt9530586,actor,10
nm7630834,tt9531094,actor,1
nm0059824,tt9531538,actor,1
nm16527384,tt9531890,actress,5
nm2515011,tt9533342,actor,1
nm9050337,tt9533342,actor,3
nm2987035,tt9536664,actor,6
nm10369421,tt9536804,actor,8
nm10619058,tt9536816,actor,1
nm5690899,tt9537122,actor,9
nm2132667,tt9537278,actor,8
nm3966537,tt9537532,actress,7
nm1197629,tt9540232,actress,9
nm6282337,tt9540702,actor,1
nm0882577,tt9540862,actor,1
nm0442891,tt9541470,actor,3
nm4029200,tt9543780,actor,5
nm2252397,tt9546624,actor,8
nm3772235,tt9548134,actress,3
nm0001117,tt9551424,actor,2
nm5377726,tt9552162,actress,4
nm8933053,tt9552352,actor,2
nm1534784,tt9557034,actor,5
nm3159524,tt9557296,actress,6
nm10379062,tt9557672,actor,5
nm10395978,tt9557704,actor,8
nm0218615,tt9558602,actor,2
nm1224082,tt9558612,actor,3
nm10380429,tt9561756,actor,10
nm7332711,tt9562296,actress,9
nm6441070,tt9562694,actor,9
nm10382309,tt9564712,actress,9
nm1663938,tt9565196,actress,4
nm3028204,tt9566084,actor,4
nm5416705,tt9568074,actor,9
nm6855093,tt9568074,actor,3
nm1617208,tt9569190,actor,5
nm10384358,tt9569306,actress,4
nm10385455,tt9571216,actor,4
nm0051812,tt9571542,actor,4
nm4161838,tt9572534,actress,2
nm1717599,tt9573220,actress,2
nm0156533,tt9575160,actor,2
nm7474703,tt9575726,actor,9
nm8541170,tt9575726,actress,10
nm6738885,tt9579634,actor,2
nm1835962,tt9580442,actress,4
nm10573242,tt9580502,actor,9
nm2626347,tt9581076,actor,9
nm4592524,tt9581076,actor,1
nm10390354,tt9581258,actor,2
nm3542926,tt9584830,actor,5
nm0297669,tt9585798,actress,2
nm0993544,tt9585798,actress,1
nm9602596,tt9587244,actress,6
nm10958545,tt9587604,actor,10
nm1554857,tt9588024,actor,6
nm2915851,tt9588024,actor,9
nm1432432,tt9590592,actress,4
nm10395066,tt9591698,actor,8
nm3680266,tt9592522,actress,10
nm10518008,tt9593000,actress,4
nm9242209,tt9593626,actor,5
nm10396291,tt9594140,actor,5
nm10396815,tt9596084,actor,6
nm0255001,tt9597922,actress,8
nm1169445,tt9598172,actor,8
nm6635559,tt9598834,actress,5
nm0055682,tt9600274,actress,5
nm5216276,tt9600274,actress,10
nm4772741,tt9602712,actress,5
nm0000129,tt9603208,actor,1
nm7902114,tt9603216,actor,8
nm5273658,tt9603330,actress,3
nm10402100,tt9604418,actor,9
nm10402215,tt9604790,actor,10
nm9404262,tt9605894,actress,9
nm0000828,tt9606374,actress,9
nm10399798,tt9606700,actor,9
nm3753249,tt9606700,actress,4
nm0387390,tt9609716,actor,8
nm10404026,tt9609886,actor,1
nm0905268,tt9610246,actor,1
nm9372042,tt9610262,actor,9
nm4875180,tt9610422,actress,5
nm5149588,tt9610838,actor,3
nm14176586,tt9611068,actor,8
nm6160653,tt9611542,actor,8
nm6845052,tt9612136,actor,10
nm10405512,tt9613380,actor,9
nm5295022,tt9613380,actor,6
nm0533832,tt9614040,actor,8
nm4349094,tt9614416,actor,1
nm2284321,tt9614988,actor,1
nm7412124,tt9615028,actor,7
nm11342885,tt9615856,actress,8
nm6199570,tt9616786,actor,9
nm0412600,tt9618478,actress,3
nm2812453,tt9619008,actor,3
nm1794260,tt9619402,actor,7
nm7639625,tt9620056,actress,1
nm0000226,tt9620288,actor,1
nm2825036,tt9620822,actress,10
nm1779926,tt9621290,actor,7
nm0477461,tt9622380,actress,4
nm5493729,tt9625010,actress,6
nm10934694,tt9625240,actress,1
nm13857691,tt9625240,actress,10
nm0209429,tt9625242,actress,4
nm10411388,tt9626278,actress,6
nm4576354,tt9626278,actor,9
nm0863794,tt9626764,actor,7
nm0865411,tt9626764,actor,5
nm2058024,tt9629114,actor,3
nm10458972,tt9630832,actor,3
nm9783483,tt9631052,actress,6
nm0434595,tt9631948,actor,10
nm0882255,tt9632180,actor,3
nm0103976,tt9633480,actor,8
nm7160967,tt9633612,actor,5
nm1671208,tt9635448,actress,6
nm8804533,tt9635448,actor,7
nm11048453,tt9636294,actor,6
nm10476380,tt9641242,actor,7
nm6249205,tt9641242,actor,5
nm0812568,tt9643058,actress,4
nm2153543,tt9643092,actor,6
nm9678153,tt9643092,actor,3
nm10419373,tt9643832,actress,8
nm0314554,tt9646240,actor,1
nm7108471,tt9646768,actress,1
nm0001298,tt9646844,actor,2
nm10420877,tt9647178,actor,10
nm1084204,tt9647642,actor,6
nm3424642,tt9647642,actor,3
nm0757053,tt9647798,actress,9
nm1903507,tt9647798,actor,6
nm1425287,tt9648078,actor,10
nm0586549,tt9648162,actress,7
nm10428107,tt9648382,actress,10
nm0765974,tt9648886,actor,7
nm6573023,tt9648886,actress,4
nm8728332,tt9651918,actor,2
nm6325651,tt9652322,actor,10
nm10448676,tt9652782,actress,4
nm10424351,tt9654134,actor,8
nm0117369,tt9654240,actor,1
nm12963100,tt9654806,actor,7
nm4833672,tt9655758,actor,9
nm6651023,tt9657910,actor,7
nm13234492,tt9658140,actor,8
nm8971273,tt9660326,actor,7
nm0839977,tt9660472,actor,6
nm0000721,tt9660666,actress,2
nm1572219,tt9661164,actor,7
nm0368263,tt9663258,actor,2
nm1085921,tt9663258,actress,5
nm2784214,tt9663382,actress,8
nm3060342,tt9663382,actress,7
nm8471120,tt9663666,actor,4
nm4446467,tt9663896,actor,1
nm5977088,tt9663896,actor,6
nm1111807,tt9664206,actor,1
nm3413690,tt9664514,actor,5
nm8841849,tt9668280,actor,1
nm14749459,tt9669242,actress,5
nm14749461,tt9669242,actress,2
nm2560686,tt9669470,actor,7
nm4683167,tt9670414,actor,1
nm10431280,tt9671188,actor,3
nm1273899,tt9672244,actor,5
nm0181288,tt9673224,actor,5
nm10542694,tt9674226,actor,6
nm10542696,tt9674226,actress,4
nm3808948,tt9675464,actor,8
nm8257146,tt9675464,actor,2
nm10433997,tt9676194,actor,3
nm10443947,tt9676194,actress,7
nm0555474,tt9676520,actor,9
nm9923517,tt9677100,actor,2
nm0674701,tt9678892,actress,10
nm0258899,tt9679044,actor,7
nm10171971,tt9679368,actor,4
nm11596715,tt9679552,actor,8
nm6130977,tt9680064,actor,7
nm3355238,tt9680256,actress,6
nm6486679,tt9680802,actress,4
nm10438107,tt9685692,actress,10
nm16905891,tt9685828,actor,7
nm7507993,tt9685828,actor,6
nm0000593,tt9686350,actress,4
nm1196019,tt9686514,actor,6
nm0154543,tt9689696,actress,10
nm0711058,tt9690328,actor,7
nm0721216,tt9690832,actress,7
nm0004429,tt9691282,actor,7
nm11411077,tt9691336,actor,13
nm5333609,tt9691846,actor,2
nm11591978,tt9693686,actor,6
nm15618865,tt9695156,actor,5
nm0887206,tt9695404,actress,7
nm13344995,tt9695524,actress,5
nm6902810,tt9697468,actress,2
nm0906697,tt9698796,actress,10
nm7997369,tt9699784,actor,3
nm0868866,tt9700984,actor,6
nm10451612,tt9701082,actress,2
nm0190794,tt9701934,actress,9
nm2768604,tt9703398,actor,6
nm2761288,tt9708416,actor,2
nm2156908,tt9711018,actor,2
nm2786314,tt9712136,actress,6
nm8300354,tt9712136,actor,8
nm4254660,tt9713418,actor,10
nm3852106,tt9716342,actor,4
nm5425933,tt9716728,actor,3
nm8491125,tt9717004,actress,10
nm11928807,tt9717498,actor,10
nm1443814,tt9717498,actress,4
nm1992631,tt9717498,actor,1
nm2062375,tt9718474,actress,6
nm10449999,tt9720440,actor,9
nm4367523,tt9720690,actress,1
nm6850360,tt9720690,actress,2
nm1345062,tt9723262,actor,6
nm10451478,tt9723286,actor,10
nm4792950,tt9723326,actress,9
nm10451510,tt9723328,actor,2
nm16553677,tt9723328,actress,10
nm3922667,tt9724114,actor,8
nm8910575,tt9724114,actor,1
nm0273088,tt9724492,actor,7
nm1125531,tt9726522,actor,4
nm13131072,tt9726522,actor,9
nm1040419,tt9729206,actor,10
nm9205625,tt9730744,actor,8
nm12176313,tt9731034,actress,8
nm0141143,tt9731172,actress,6
nm5097485,tt9731360,actress,9
nm3584268,tt9731386,actor,1
nm0869687,tt9731436,actor,5
nm2325956,tt9731534,actress,7
nm7410978,tt9731556,actor,8
nm9534518,tt9731750,actor,5
nm0657810,tt9733158,actress,1
nm4972453,tt9735470,actress,1
nm1310525,tt9735672,actor,7
nm2325602,tt9735790,actress,1
nm6233549,tt9735830,actress,8
nm10200328,tt9735976,actor,6
nm10456643,tt9736288,actress,9
nm14214694,tt9737568,actor,10
nm2097479,tt9738716,actor,6
nm2914059,tt9738784,actress,7
nm0440202,tt9739232,actor,6
nm10457994,tt9739410,actress,2
nm9548661,tt9739416,actress,1
nm8358488,tt9740198,actress,5
nm1969113,tt9741180,actor,9
nm10866360,tt9741186,actress,2
nm0644554,tt9742208,actor,10
nm3149791,tt9742582,actor,3
nm11034583,tt9742588,actress,10
nm16513071,tt9742642,actor,5
nm0180580,tt9742794,actor,5
nm2793591,tt9742794,actress,2
nm0455816,tt9746392,actress,3
nm1281476,tt9746718,actor,4
nm10460845,tt9747230,actor,10
nm10461346,tt9748042,actor,4
nm0939771,tt9748136,actress,5
nm0596461,tt9750028,actor,7
nm7809716,tt9750368,actor,2
nm10462459,tt9750864,actor,5
nm6166719,tt9751002,actor,8
nm10462660,tt9752158,actor,4
nm2181128,tt9752248,actor,5
nm1030766,tt9753002,actor,6
nm1960271,tt9759978,actress,3
nm1478916,tt9760960,actor,2
nm2957173,tt9760960,actor,1
nm7385597,tt9761088,actor,2
nm9286237,tt9761088,actress,3
nm6569498,tt9761572,actress,9
nm7104213,tt9761572,actor,3
nm3141242,tt9764180,actor,2
nm10655177,tt9764272,actor,13
nm2296641,tt9764272,actress,11
nm3359122,tt9765226,actress,3
nm7403009,tt9765840,actor,5
nm5404817,tt9765900,actor,1
nm2410557,tt9766280,actor,10
nm2526461,tt9766310,actor,7
nm2507180,tt9766528,actor,7
nm0756203,tt9767556,actress,4
nm4649116,tt9772374,actor,1
nm10471875,tt9773182,actor,6
nm10472115,tt9773400,actor,5
nm1876129,tt9773698,actress,9
nm2369538,tt9774568,actor,1
nm0406727,tt9774640,actor,6
nm2146263,tt9776102,actor,1
nm1110186,tt9777352,actor,8
nm0310865,tt9777790,actress,2
nm1277293,tt9777820,actor,10
nm2956022,tt9777820,actor,9
nm2778815,tt9777882,actor,6
nm10714639,tt9778060,actor,7
nm0357264,tt9782800,actor,5
nm0386285,tt9782800,actor,7
nm1422956,tt9783868,actress,8
nm8686352,tt9784404,actor,9
nm0421252,tt9784456,actor,8
nm5114966,tt9784456,actress,6
nm0092348,tt9784518,actor,8
nm10005525,tt9784954,actor,10
nm4296064,tt9786896,actress,1
nm10477839,tt9787140,actor,4
nm5479252,tt9787228,actress,3
nm0000800,tt9788418,actor,1
nm9099302,tt9788898,actor,9
nm0348226,tt9789182,actor,2
nm7639503,tt9789440,actor,9
nm10694896,tt9789556,actor,6
nm5018360,tt9789670,actress,9
nm10486122,tt9792940,actor,3
nm0267329,tt9794412,actor,5
nm7125624,tt9795264,actor,1
nm0645385,tt9795552,actress,2
nm10944847,tt9795950,actress,5
nm1734621,tt9798310,actor,3
nm11844092,tt9800048,actress,6
nm10753993,tt9800096,actress,10
nm5439251,tt9803620,actress,1
nm0945601,tt9804110,actor,2
nm1214482,tt9804110,actor,7
nm9311326,tt9805350,actor,9
nm9508060,tt9805610,actor,6
nm0367370,tt9805784,actress,4
nm4142562,tt9805984,actor,1
nm12102793,tt9805996,actor,7
nm2322467,tt9806322,actress,3
nm4175887,tt9806336,actress,6
nm10508460,tt9807914,actor,9
nm1334389,tt9808510,actor,1
nm6213877,tt9808564,actress,10
nm9570628,tt9809230,actress,9
nm1138590,tt9810420,actress,4
nm10490168,tt9810436,actor,2
nm0911152,tt9811528,actor,9
nm0636426,tt9812474,actress,1
nm5769726,tt9812530,actor,10
nm3408189,tt9813338,actress,4
nm4267341,tt9813338,actress,6
nm6154971,tt9813338,actress,2
nm6573765,tt9815010,actor,4
nm0784094,tt9815072,actor,7
nm10494626,tt9815280,actress,8
nm1223449,tt9815360,actor,5
nm0945999,tt9815990,actress,1
nm3753553,tt9816188,actor,5
nm11132169,tt9816214,actress,10
nm2320613,tt9817018,actor,9
nm2240830,tt9817760,actor,8
nm2791178,tt9817938,actor,9
nm0265492,tt9820352,actor,1
nm2771798,tt9820628,actress,6
nm10350257,tt9822864,actor,5
nm0557598,tt9823170,actor,7
nm10496612,tt9823554,actor,2
nm10496667,tt9823634,actor,9
nm10497788,tt9826668,actor,3
nm10489719,tt9827060,actor,9
nm2156908,tt9828278,actor,1
nm10498968,tt9829108,actress,4
nm4328352,tt9831136,actor,2
nm0865800,tt9832954,actor,8
nm1847121,tt9833044,actress,1
nm0038951,tt9833860,actor,9
nm7030182,tt9834318,actor,5
nm0415415,tt9834492,actress,2
nm0590931,tt9838752,actress,5
nm0367951,tt9840936,actress,4
nm9608152,tt9840958,actor,1
nm3446411,tt9842874,actress,7
nm1021083,tt9843172,actress,1
nm10505059,tt9843224,actor,2
nm10505424,tt9843742,actor,10
nm7097423,tt9844086,actress,3
nm0002010,tt9844322,actor,6
nm2021640,tt9844322,actress,10
nm10181098,tt9844892,actress,9
nm2808502,tt9844892,actress,7
nm0168036,tt9845036,actor,4
nm2276340,tt9845036,actor,1
nm8749103,tt9845036,actor,10
nm15883054,tt9846462,actress,9
nm0300712,tt9848626,actor,4
nm0105984,tt9848668,actress,3
nm11796881,tt9848804,actor,8
nm3085941,tt9848804,actress,2
nm0837452,tt9849160,actor,10
nm3368020,tt9849160,actor,3
nm2227434,tt9850116,actor,3
nm0257917,tt9850488,actor,2
nm3477928,tt9850564,actress,2
nm0000154,tt9853500,actor,4
nm9040593,tt9853500,actor,7
nm9693270,tt9853664,actress,7
nm2466273,tt9854058,actress,5
nm17479628,tt9854782,actor,5
nm10511274,tt9855002,actor,7
nm0858128,tt9855214,actor,8
nm3496069,tt9855782,actor,3
nm5551688,tt9855832,actor,10
nm10725033,tt9856710,actress,9
nm10513570,tt9859528,actor,3
nm0602071,tt9860566,actress,10
nm1578920,tt9861254,actor,7
nm0000962,tt9861288,actress,1
nm5414076,tt9861480,actress,6
nm6276059,tt9864800,actor,2
nm8704001,tt9865282,actor,6
nm6058648,tt9865452,actor,10
nm10516622,tt9866394,actress,4
nm5893186,tt9866700,actress,6
nm3043910,tt9867478,actor,3
nm10517810,tt9869228,actress,3
nm3841030,tt9869564,actor,10
nm10520334,tt9869994,actor,8
nm0623360,tt9870726,actress,6
nm0793616,tt9871328,actress,5
nm10518948,tt9872038,actor,1
nm3915784,tt9873892,actor,1
nm9641743,tt9876944,actress,7
nm8017879,tt9877274,actress,3
nm0764871,tt9877846,actor,2
nm0555474,tt9878414,actor,8
nm1125711,tt9878422,actor,5
nm3242110,tt9881312,actress,9
nm10556899,tt9881488,actor,3
nm10611935,tt9881572,actress,9
nm1981584,tt9881616,actress,5
nm2189977,tt9881852,actress,9
nm3845280,tt9884202,actor,6
nm8816949,tt9884202,actor,3
nm9201744,tt9884202,actor,5
nm4270963,tt9886872,actor,1
nm10525925,tt9887290,actor,7
nm3945747,tt9890758,actor,8
nm4423501,tt9890758,actress,12
nm0080438,tt9892094,actress,6
nm5418157,tt9892546,actor,10
nm0032737,tt9893012,actor,4
nm2946712,tt9893012,actor,2
nm2501442,tt9893158,actress,10
nm6381958,tt9893158,actress,4
nm0142964,tt9893878,actor,1
nm10529330,tt9894418,actress,4
nm0459732,tt9894440,actor,8
nm9859585,tt9894440,actor,10
nm6573684,tt9896768,actress,2
nm9169920,tt9896876,actor,4
nm0005234,tt9898086,actress,4
nm0000514,tt9898328,actor,1
nm2300127,tt9898328,actress,6
nm0003328,tt9899344,actor,5
nm1368152,tt9899880,actress,5
nm2146858,tt9899880,actor,2
nm8808602,tt9899880,actor,7
nm10531358,tt9899972,actor,4
nm10531360,tt9899972,actor,6
nm3626053,tt9900396,actress,7
nm11175487,tt9900398,actor,5
nm3333413,tt9900398,actor,4
nm5807637,tt9900570,actor,5
nm0196185,tt9900940,actor,2
nm0069580,tt9902160,actress,7
nm10532816,tt9903890,actress,3
nm2225545,tt9904098,actor,2
nm1596785,tt9904802,actor,10
nm0793731,tt9905536,actor,4
nm10533945,tt9905536,actor,9
nm4878628,tt9910102,actress,6
nm10535864,tt9910238,actor,9
nm2552380,tt9910238,actor,1
nm1742030,tt9910502,actor,9
nm0620816,tt9911750,actor,10
nm1055050,tt9914286,actor,5
nm2453045,tt9914286,actor,6
nm2791668,tt9915592,actor,7
nm1252806,tt9292510,actress,6
nm0012748,tt9293690,actress,8
nm2134972,tt9293926,actress,6
nm4659433,tt9296106,actress,5
nm4209644,tt9296590,actor,7
nm4787182,tt9296782,actor,4
nm6669389,tt9297172,actor,1
nm0420889,tt9302026,actress,8
nm4507468,tt9302026,actress,3
nm0306057,tt9302986,actor,9
nm1254410,tt9303696,actor,5
nm1705656,tt9303696,actress,2
nm0050983,tt9303782,actor,2
nm10142738,tt9308022,actress,10
nm6427345,tt9308170,actor,3
nm1067551,tt9309546,actor,8
nm11034925,tt9309568,actor,6
nm1238264,tt9309950,actor,9
nm10271046,tt9309968,actor,1
nm16953421,tt9310280,actor,3
nm10261360,tt9313908,actor,1
nm10273195,tt9314596,actress,5
nm10273981,tt9314862,actor,9
nm3593926,tt9314984,actor,1
nm10047916,tt9315574,actor,8
nm0959963,tt9315684,actor,1
nm4008100,tt9315684,actress,2
nm14954806,tt9316594,actor,5
nm13611673,tt9317274,actor,2
nm0139255,tt9318280,actor,5
nm10412327,tt9318280,actress,10
nm1109689,tt9318310,actor,6
nm4228424,tt9318310,actor,3
nm2445705,tt9318768,actress,10
nm0766233,tt9318772,actor,9
nm6126186,tt9318772,actress,4
nm1957308,tt9319896,actor,8
nm5676658,tt9319918,actor,9
nm4970341,tt9320140,actor,6
nm6515066,tt9320140,actor,2
nm10261556,tt9322476,actor,6
nm13385761,tt9322476,actor,9
nm10068557,tt9326498,actor,10
nm8941715,tt9327264,actor,7
nm6102909,tt9327378,actor,10
nm5887884,tt9327540,actress,7
nm8544626,tt9327540,actress,10
nm6419485,tt9330332,actor,2
nm2662182,tt9330400,actress,3
nm0780116,tt9331416,actor,8
nm6984294,tt9331556,actor,10
nm8581789,tt9331932,actor,4
nm5965215,tt9332398,actress,8
nm6788819,tt9332680,actress,2
nm6534962,tt9333358,actor,10
nm6293700,tt9335892,actress,2
nm10529967,tt9336816,actor,5
nm2363115,tt9337566,actor,4
nm0219224,tt9339796,actress,4
nm13677590,tt9339936,actor,9
nm1475556,tt9340700,actor,4
nm1033328,tt9340744,actor,1
nm0544334,tt9340860,actress,7
nm10443676,tt9340872,actress,10
nm3281314,tt9340872,actor,5
nm0000391,tt9340916,actor,7
nm0045791,tt9340916,actress,2
nm7504002,tt9342356,actor,10
nm2386430,tt9343700,actor,8
nm2487748,tt9343700,actress,9
nm5181516,tt9343700,actor,6
nm4913730,tt9343758,actor,7
nm10288310,tt9345778,actor,9
nm4613462,tt9345778,actress,7
nm10078781,tt9347732,actress,7
nm0000708,tt9347750,actor,5
nm2550128,tt9348578,actor,6
nm7388919,tt9349770,actor,1
nm0316381,tt9351062,actress,9
nm3159930,tt9351220,actor,5
nm8444699,tt9351220,actor,10
nm0455698,tt9352210,actress,6
nm2066764,tt9354432,actor,5
nm10295048,tt9354450,actress,6
nm10290591,tt9354814,actor,4
nm0852466,tt9354842,actress,10
nm3282535,tt9357860,actor,8
nm10292299,tt9358120,actress,4
nm10292399,tt9358398,actress,7
nm1273697,tt9359344,actor,1
nm6398395,tt9359344,actor,10
nm1740402,tt9361322,actor,6
nm2794962,tt9362722,actress,2
nm0936198,tt9363192,actor,10
nm3408254,tt9363192,actress,8
nm0296350,tt9363342,actor,6
nm2386430,tt9364862,actor,8
nm1662153,tt9365604,actor,6
nm2389894,tt9365604,actor,10
nm2395335,tt9365768,actor,8
nm13812489,tt9367136,actress,1
nm8637232,tt9368200,actress,5
nm13639498,tt9368384,actor,8
nm6619660,tt9368552,actor,6
nm6875568,tt9368552,actress,10
nm1890475,tt9371576,actress,5
nm0355283,tt9371598,actress,6
nm2385880,tt9371734,actress,8
nm0199047,tt9372116,actress,5
nm5022546,tt9372116,actor,1
nm10024096,tt9372374,actor,2
nm11433227,tt9372746,actor,10
nm15135803,tt9372746,actor,7
nm0931227,tt9376362,actress,1
nm3164927,tt9378320,actor,9
nm8062452,tt9378600,actor,4
nm8395450,tt9378600,actor,5
nm0431918,tt9378658,actor,7
nm1549295,tt9378692,actor,4
nm9046197,tt9378826,actor,1
nm0284533,tt9378850,actor,7
nm2218544,tt9381682,actress,7
nm6143750,tt9382140,actor,4
nm0145290,tt9382596,actor,10
nm1779262,tt9382638,actress,8
nm11142241,tt9383572,actress,3
nm1668816,tt9383658,actress,3
nm0440375,tt9385130,actress,5
nm10304441,tt9385130,actress,3
nm2361872,tt9385320,actress,8
nm10750066,tt9386290,actor,2
nm6870822,tt9386290,actor,1
nm2106870,tt9386648,actor,5
nm4289392,tt9387250,actress,1
nm3052337,tt9387352,actor,9
nm1028885,tt9387520,actress,4
nm1116142,tt9387520,actress,6
nm4551047,tt9387520,actress,7
nm10154951,tt9387568,actor,5
nm1195931,tt9389924,actor,10
nm1863008,tt9390190,actress,9
nm10306722,tt9391146,actor,9
nm1189725,tt9391864,actor,6
nm0014955,tt9391920,actress,1
nm6271072,tt9392082,actor,10
nm7730296,tt9392082,actor,8
nm1357627,tt9392618,actress,10
nm10308108,tt9395528,actor,7
nm8311520,tt9395768,actor,1
nm7855374,tt9396050,actor,2
nm9069975,tt9396198,actor,3
nm0620172,tt9397550,actor,6
nm0757299,tt9397550,actress,8
nm0535295,tt9398222,actor,5
nm1125711,tt9398222,actor,3
nm4363130,tt9398640,actress,3
nm0864720,tt9399192,actress,5
nm1220531,tt9399192,actor,3
nm1432432,tt9405490,actress,3
nm7359323,tt9407558,actor,1
nm0492924,tt9408462,actor,1
nm4907734,tt9408490,actress,6
nm10183171,tt9408568,actor,1
nm11274852,tt9408568,actress,6
nm5574325,tt9408568,actor,7
nm10418807,tt9408742,actor,4
nm4763789,tt9409854,actor,1
nm0897510,tt9411912,actress,4
nm10816379,tt9412088,actress,6
nm2469669,tt9414024,actor,4
nm3518466,tt9415058,actress,1
nm2418329,tt9415560,actor,1
nm8812795,tt9416282,actress,7
nm0370574,tt9419794,actor,3
nm10555859,tt9420024,actor,10
nm0261218,tt9422468,actor,8
nm10322437,tt9423080,actor,10
nm3849011,tt9425078,actor,9
nm10321662,tt9426210,actor,1
nm2316240,tt9426210,actor,9
nm2569233,tt9426210,actor,6
nm9036839,tt9426944,actress,8
nm1071554,tt9427166,actress,2
nm0287168,tt9428746,actress,9
nm17128681,tt9430518,actor,9
nm0968838,tt9430524,actor,6
nm0222144,tt9430578,actor,2
nm12151643,tt9430578,actor,7
nm1500446,tt9431080,actor,3
nm6848039,tt9431740,actress,6
nm1268681,tt9432968,actor,9
nm0157374,tt9433064,actress,4
nm1796242,tt9433064,actor,3
nm9714815,tt9434968,actor,10
nm0236043,tt9436204,actor,1
nm5393378,tt9436204,actor,4
nm10326800,tt9436682,actor,7
nm10350258,tt9437052,actor,6
nm10350260,tt9437052,actor,5
nm3850259,tt9437152,actress,1
nm9477328,tt9437360,actress,10
nm3106945,tt9439344,actor,3
nm10327040,tt9439360,actor,5
nm0284655,tt9440660,actor,4
nm10327826,tt9440738,actor,9
nm1628079,tt9441638,actress,5
nm0403951,tt9441934,actor,4
nm0871141,tt9441972,actor,2
nm5408347,tt9441978,actor,6
nm0347276,tt9442780,actor,6
nm5780243,tt9442920,actor,3
nm2611007,tt9443892,actor,8
nm3571967,tt9445930,actor,8
nm2260168,tt9446952,actor,7
nm0324845,tt9447444,actor,4
nm5228009,tt9447444,actor,6
nm10747722,tt9447588,actress,9
nm7742005,tt9447594,actor,4
nm0066583,tt9448686,actor,2
nm4021557,tt9451096,actor,3
nm0891350,tt9452304,actor,3
nm3246926,tt9452846,actor,3
nm10345118,tt9454176,actor,8
nm1413394,tt9454554,actress,7
nm0508293,tt9454778,actor,2
nm2117556,tt9455436,actor,6
nm3174873,tt9455436,actor,5
nm12474856,tt9455468,actor,9
nm1745545,tt9455528,actor,5
nm2361483,tt9455528,actor,4
nm0154146,tt9460430,actor,5
nm11469679,tt9461496,actor,4
nm2740594,tt9464000,actor,10
nm0298020,tt9465518,actor,8
nm10339326,tt9466070,actor,4
nm5954280,tt9466114,actor,2
nm6045109,tt9466320,actress,7
nm9533542,tt9466320,actor,4
nm2273524,tt9466410,actress,3
nm2827538,tt9466498,actress,8
nm2754475,tt9468400,actor,9
nm0046522,tt9469296,actor,1
nm0949433,tt9470144,actor,2
nm0694843,tt9471816,actor,1
nm7839325,tt9472208,actress,3
nm0035395,tt9476068,actress,4
nm0695177,tt9477520,actor,3
nm11671412,tt9477532,actor,7
nm10344900,tt9479454,actor,5
nm2239927,tt9480330,actress,6
nm5724419,tt9480692,actor,9
nm8715338,tt9480692,actor,7
nm2384746,tt9484812,actor,2
nm1488876,tt9485062,actor,6
nm1280699,tt9485306,actress,7
nm10348969,tt9487802,actress,6
nm10349598,tt9489714,actor,9
nm6963925,tt9489714,actor,1
nm2852415,tt9490042,actress,2
nm0001272,tt9490456,actress,2
nm10350182,tt9490508,actor,7
nm8590202,tt9492214,actor,7
nm2686231,tt9493038,actress,2
nm6491406,tt9493038,actress,9
nm0968532,tt9494300,actress,6
nm9657375,tt9494300,actor,2
nm0451174,tt9495690,actor,4
nm3257879,tt9496212,actress,6
nm0398713,tt9496866,actor,6
nm12482555,tt9497760,actor,3
nm10809092,tt9500358,actor,10
nm0468711,tt9501310,actor,4
nm0649026,tt9501310,actress,9
nm1320600,tt9501950,actor,4
nm4277248,tt9503722,actress,3
nm10577934,tt9504952,actor,6
nm1357740,tt9506480,actress,6
nm2273418,tt9506724,actress,6
nm1269719,tt9506820,actor,6
nm0757076,tt9507234,actress,9
nm8016955,tt9511204,actress,7
nm9134282,tt9515298,actress,9
nm1668786,tt9515792,actress,2
nm10362192,tt9519872,actor,3
nm3623569,tt9520084,actress,1
nm10234886,tt9520714,actress,8
nm0297793,tt9522000,actor,1
nm10363322,tt9522080,actress,3
nm8497569,tt9522080,actor,6
nm11916996,tt9522162,actor,9
nm0162911,tt9523206,actor,3
nm10364607,tt9525708,actor,7
nm7938836,tt9525792,actor,8
nm6506497,tt9526152,actress,9
nm0276758,tt9526784,actress,6
nm0760866,tt9526822,actress,5
nm11102317,tt9526826,actor,10
nm1164771,tt9528930,actor,4
nm10365867,tt9529302,actor,5
nm1092369,tt9529740,actor,6
nm10367757,tt9533342,actor,8
nm0001218,tt9534808,actor,1
nm0002326,tt9534808,actor,7
nm2894585,tt9535950,actor,9
nm10369268,tt9536636,actor,5
nm12875601,tt9536636,actor,11
nm10369309,tt9536664,actor,4
nm10369424,tt9536804,actor,1
nm10734161,tt9537068,actor,8
nm3387450,tt9537068,actress,7
nm3442218,tt9538008,actor,1
nm4466003,tt9538008,actress,5
nm10355361,tt9538188,actor,9
nm0613590,tt9541470,actress,8
nm2788001,tt9542918,actor,5
nm11263782,tt9543780,actress,10
nm6483271,tt9543780,actor,7
nm1273029,tt9546082,actor,1
nm10402757,tt9547318,actor,7
nm4457317,tt9548134,actor,5
nm2454994,tt9551936,actor,9
nm9836528,tt9551936,actor,10
nm0251139,tt9552258,actor,8
nm0156974,tt9556104,actor,5
nm3492877,tt9556198,actor,7
nm5276242,tt9556438,actor,3
nm2047955,tt9557416,actress,6
nm10379060,tt9557672,actress,2
nm7387710,tt9558468,actress,3
nm10641637,tt9560092,actor,10
nm0046217,tt9561388,actress,5
nm10384676,tt9561744,actor,9
nm5095124,tt9561756,actress,4
nm11142367,tt9561782,actor,2
nm0250757,tt9563872,actor,2
nm1493896,tt9564748,actor,3
nm1298052,tt9564774,actor,8
nm3513717,tt9566084,actor,2
nm2673512,tt9567472,actor,8
nm6700498,tt9568074,actress,6
nm0001625,tt9568230,actress,4
nm7104320,tt9568486,actress,6
nm0990640,tt9569610,actor,4
nm3457543,tt9571756,actress,4
nm7165463,tt9572420,actress,1
nm0654726,tt9573138,actor,5
nm10386336,tt9573180,actor,4
nm10386337,tt9573180,actress,6
nm4048608,tt9573468,actress,5
nm1758562,tt9574444,actor,1
nm5027149,tt9574444,actress,10
nm0001530,tt9575438,actor,2
nm10388310,tt9575498,actress,1
nm10436708,tt9576232,actor,7
nm5885804,tt9576232,actor,6
nm5493729,tt9576824,actress,2
nm5687735,tt9578746,actor,3
nm0393291,tt9578952,actor,4
nm10866517,tt9579634,actress,10
nm3856319,tt9579786,actor,2
nm7953451,tt9580502,actor,1
nm0460697,tt9581560,actor,5
nm1383799,tt9581840,actor,2
nm5952104,tt9581844,actor,10
nm1033554,tt9584730,actor,3
nm0201669,tt9584814,actor,2
nm6686759,tt9585116,actor,2
nm2145366,tt9585724,actress,6
nm6982756,tt9587604,actress,2
nm1261987,tt9588024,actor,12
nm10395063,tt9591698,actor,5
nm10395065,tt9591698,actor,7
nm2777800,tt9591766,actress,6
nm3252731,tt9592292,actor,4
nm10365156,tt9592364,actress,8
nm1133214,tt9592364,actress,9
nm1511891,tt9592364,actor,5
nm8612305,tt9592496,actress,2
nm3180472,tt9592522,actor,3
nm9445747,tt9592892,actor,5
nm9160448,tt9595666,actor,3
nm11163699,tt9597404,actor,7
nm10139646,tt9597902,actor,8
nm8890163,tt9597902,actress,1
nm9721564,tt9598594,actor,8
nm9466547,tt9600960,actress,8
nm11314153,tt9602258,actor,8
nm3319531,tt9602472,actor,8
nm8715162,tt9602712,actress,1
nm9866578,tt9602712,actress,9
nm9808682,tt9603216,actor,6
nm1734745,tt9603330,actor,10
nm2546411,tt9604790,actor,1
nm8608183,tt9604790,actress,3
nm0482970,tt9609726,actor,4
nm0651506,tt9610246,actor,4
nm1428706,tt9610246,actress,7
nm0138067,tt9610250,actor,9
nm3545407,tt9610838,actress,6
nm4523607,tt9614040,actress,9
nm4101208,tt9614440,actor,4
nm3833490,tt9614460,actress,3
nm10407244,tt9616290,actor,4
nm4272368,tt9616290,actor,6
nm2024943,tt9616700,actor,2
nm10407319,tt9616786,actor,2
nm0047962,tt9618478,actress,1
nm1980137,tt9618524,actor,4
nm4514409,tt9619010,actor,4
nm8502390,tt9619402,actress,9
nm10408829,tt9619578,actor,2
nm0001705,tt9619798,actor,9
nm0267656,tt9619798,actor,10
nm4815306,tt9620288,actress,9
nm3029960,tt9621286,actor,6
nm11682653,tt9622618,actor,8
nm10410349,tt9624570,actor,1
nm6545385,tt9624766,actor,6
nm2530687,tt9625632,actor,8
nm10045309,tt9625664,actor,9
nm3933278,tt9626278,actor,8
nm5325732,tt9632182,actress,5
nm5664543,tt9632182,actor,4
nm4043111,tt9633480,actor,4
nm7892854,tt9634958,actress,9
nm9967504,tt9634958,actress,7
nm1552768,tt9635448,actress,2
nm6869208,tt9636120,actor,7
nm0434595,tt9637640,actor,7
nm6194795,tt9638668,actor,6
nm1186230,tt9639274,actor,4
nm7508996,tt9641602,actor,8
nm1238589,tt9642010,actor,5
nm3780240,tt9642010,actress,1
nm10418688,tt9642870,actor,5
nm7406451,tt9643300,actor,9
nm10419379,tt9643832,actor,3
nm1379894,tt9646716,actor,3
nm2686231,tt9646716,actress,4
nm10827605,tt9647022,actor,8
nm2204070,tt9647330,actress,5
nm15693343,tt9648078,actor,6
nm1549889,tt9648162,actor,4
nm6038392,tt9648598,actress,3
nm8874429,tt9648598,actress,9
nm0997881,tt9648952,actor,9
nm10422898,tt9652322,actress,8
nm9803346,tt9652322,actress,1
nm0060934,tt9652550,actor,3
nm10177469,tt9652984,actor,8
nm0394670,tt9652990,actor,2
nm0548133,tt9653960,actor,4
nm10999640,tt9654782,actress,10
nm0767929,tt9657076,actress,5
nm5104332,tt9657076,actor,2
nm4466582,tt9657158,actor,4
nm3593036,tt9657764,actor,5
nm0468699,tt9657840,actress,6
nm10425795,tt9657946,actor,2
nm10425799,tt9657946,actor,5
nm10425800,tt9657946,actress,9
nm11075415,tt9658034,actor,10
nm4305421,tt9658100,actor,6
nm9367321,tt9658288,actor,10
nm5163456,tt9659926,actor,10
nm4978650,tt9660502,actor,7
nm10427467,tt9662266,actor,8
nm7368006,tt9662722,actress,7
nm8541750,tt9663098,actor,9
nm6345400,tt9663100,actress,4
nm0006820,tt9663382,actor,6
nm0607325,tt9663764,actor,7
nm8531599,tt9668564,actress,3
nm2525754,tt9668966,actor,1
nm10430746,tt9670284,actress,4
nm10430777,tt9670302,actor,8
nm0417309,tt9670540,actress,5
nm1022725,tt9672824,actor,11
nm2746789,tt9673176,actor,4
nm5223294,tt9674172,actor,5
nm2594993,tt9674904,actor,5
nm8531116,tt9674904,actor,9
nm0490375,tt9676102,actor,6
nm1154350,tt9676274,actress,4
nm2292615,tt9676274,actor,1
nm4590837,tt9679528,actor,2
nm1106067,tt9680136,actress,8
nm1617256,tt9680136,actor,9
nm0155401,tt9680630,actress,8
nm11052849,tt9680630,actor,7
nm7023533,tt9680802,actress,6
nm3004249,tt9681250,actress,10
nm1603145,tt9682428,actor,7
nm10437230,tt9683772,actress,1
nm0538568,tt9683836,actress,9
nm10430756,tt9684016,actor,5
nm13445593,tt9685686,actor,8
nm9392635,tt9685692,actress,5
nm5068444,tt9685828,actress,8
nm7393874,tt9685828,actor,3
nm10438514,tt9686154,actress,4
nm7868231,tt9686708,actor,4
nm4686699,tt9687560,actor,1
nm8266609,tt9687584,actor,9
nm0359842,tt9689922,actor,6
nm7853681,tt9689930,actor,8
nm10440440,tt9690776,actress,3
nm10532006,tt9691348,actress,6
nm0477209,tt9692040,actor,4
nm0947447,tt9692040,actor,1
nm6910675,tt9692890,actress,11
nm4570325,tt9693022,actress,11
nm4323053,tt9693686,actor,5
nm0442955,tt9694012,actor,9
nm10439875,tt9694682,actor,1
nm2681362,tt9695156,actor,4
nm2709365,tt9697324,actress,7
nm10443352,tt9697476,actor,6
nm7192601,tt9697780,actor,6
nm9409104,tt9697960,actress,11
nm10851760,tt9700984,actor,11
nm3909882,tt9701676,actor,7
nm0027984,tt9701934,actor,8
nm0844142,tt9701934,actress,7
nm1719790,tt9702850,actor,6
nm10446125,tt9703960,actor,4
nm10425075,tt9712476,actress,10
nm6466346,tt9716054,actor,6
nm10449220,tt9716470,actor,6
nm3320209,tt9717144,actress,9
nm10450153,tt9719864,actress,1
nm10450000,tt9720440,actor,6
nm6935095,tt9720696,actress,5
nm5862455,tt9721798,actress,3
nm5025250,tt9721830,actress,3
nm1063407,tt9723262,actor,2
nm9051285,tt9723262,actress,3
nm5143666,tt9724492,actor,8
nm6150808,tt9725830,actor,6
nm6916108,tt9726522,actor,8
nm10452946,tt9726796,actor,9
nm10453504,tt9728406,actress,7
nm0592882,tt9728836,actress,9
nm0372023,tt9729768,actress,1
nm5026180,tt9730794,actor,9
nm7499818,tt9731048,actor,10
nm10454823,tt9731556,actor,3
nm3025595,tt9732214,actor,8
nm2876284,tt9733886,actress,7
nm0305334,tt9734342,actor,9
nm3859790,tt9734692,actor,5
nm2293453,tt9735232,actress,3
nm0275637,tt9735462,actress,3
nm0239768,tt9735976,actor,4
nm1047726,tt9737876,actor,8
nm10455733,tt9738302,actor,10
nm1909076,tt9738784,actor,3
nm0251122,tt9739232,actor,10
nm2552308,tt9739232,actress,1
nm0594348,tt9740508,actor,10
nm6213877,tt9740730,actress,10
nm10526022,tt9741016,actress,10
nm1471547,tt9741442,actress,2
nm3337275,tt9741948,actress,9
nm4417920,tt9741948,actor,4
nm1796032,tt9742208,actor,8
nm12562660,tt9742438,actor,7
nm12885248,tt9742642,actor,2
nm9447652,tt9742732,actor,9
nm0390486,tt9742794,actor,9
nm10465367,tt9746392,actor,2
nm0380521,tt9747160,actor,7
nm3175451,tt9747230,actor,3
nm10461997,tt9747396,actor,1
nm5267697,tt9747894,actress,9
nm2099367,tt9748424,actor,10
nm8696173,tt9748424,actor,6
nm0558898,tt9750288,actor,5
nm3803047,tt9750288,actor,4
nm5521549,tt9755024,actress,9
nm3554130,tt9755806,actress,4
nm0407174,tt9758500,actor,6
nm3184137,tt9759754,actress,7
nm0708023,tt9760426,actress,4
nm14523947,tt9760960,actress,9
nm8801234,tt9760960,actress,3
nm4772266,tt9762608,actor,9
nm4574737,tt9763402,actor,3
nm4630173,tt9763402,actor,2
nm0297956,tt9763792,actor,8
nm0725079,tt9765840,actor,6
nm4167126,tt9765842,actor,4
nm5672764,tt9765842,actor,6
nm7846445,tt9765900,actor,2
nm12376185,tt9766294,actress,5
nm4244312,tt9766310,actor,6
nm4790249,tt9767556,actress,8
nm6745676,tt9767556,actor,6
nm9521992,tt9767556,actor,2
nm0594652,tt9767724,actress,8
nm11894473,tt9770150,actor,8
nm15739660,tt9772312,actor,10
nm3298803,tt9772312,actor,5
nm10472979,tt9775932,actress,10
nm10999806,tt9775996,actor,9
nm9309073,tt9779804,actor,8
nm7782141,tt9783204,actor,2
nm3768337,tt9783600,actor,9
nm10002747,tt9783730,actress,1
nm6284745,tt9784068,actor,9
nm9061449,tt9784088,actor,1
nm0687146,tt9784798,actor,3
nm5480894,tt9784798,actor,5
nm0819079,tt9789042,actress,3
nm1631311,tt9789182,actress,3
nm10890808,tt9789440,actress,10
nm8387572,tt9789440,actress,2
nm7577430,tt9789556,actor,7
nm10480888,tt9792940,actor,5
nm7575303,tt9792940,actress,10
nm2445419,tt9793334,actress,5
nm10486875,tt9795052,actor,8
nm10690680,tt9795174,actor,5
nm0457953,tt9795238,actress,9
nm0451318,tt9795264,actor,3
nm13763737,tt9795686,actress,7
nm10500786,tt9795856,actor,7
nm10500788,tt9795856,actress,5
nm6577829,tt9798310,actor,6
nm10483670,tt9798638,actress,5
nm9640230,tt9798638,actor,2
nm1459739,tt9800234,actor,6
nm3684772,tt9800234,actor,9
nm9864876,tt9800694,actor,5
nm0703725,tt9803316,actress,6
nm0872997,tt9803316,actor,4
nm3684772,tt9804110,actor,9
nm2989948,tt9804432,actress,8
nm5333987,tt9805110,actor,10
nm8358339,tt9805498,actor,9
nm6512505,tt9805754,actress,5
nm8290747,tt9805754,actress,4
nm0297891,tt9805784,actor,3
nm8452127,tt9805984,actress,3
nm1065900,tt9806192,actress,6
nm10488674,tt9808686,actor,7
nm0352646,tt9809140,actor,2
nm1465166,tt9809432,actress,3
nm9632514,tt9812236,actress,5
nm6458099,tt9814562,actress,6
nm1184348,tt9814918,actor,5
nm10494475,tt9815010,actress,8
nm2269906,tt9815156,actor,1
nm0497691,tt9815160,actor,10
nm0001283,tt9815554,actor,2
nm0882577,tt9816816,actor,1
nm5070845,tt9816970,actress,5
nm10649339,tt9816988,actor,6
nm4812613,tt9816988,actress,8
nm1471547,tt9817044,actress,1
nm7685635,tt9817070,actor,5
nm9605278,tt9817466,actor,3
nm10493752,tt9817680,actor,3
nm0622186,tt9817760,actor,5
nm0632757,tt9817814,actor,9
nm0419660,tt9817938,actress,8
nm0422623,tt9818000,actor,4
nm8662914,tt9818102,actress,1
nm0462387,tt9820550,actor,10
nm4906203,tt9820550,actress,8
nm10496617,tt9823554,actor,6
nm9582860,tt9823634,actor,1
nm9377887,tt9826820,actor,7
nm4818220,tt9827784,actress,10
nm8587084,tt9828208,actor,6
nm2729779,tt9828344,actor,9
nm0099561,tt9828802,actress,5
nm10498862,tt9828814,actor,6
nm9757995,tt9829006,actress,9
nm1883509,tt9829092,actress,5
nm2668139,tt9829092,actor,1
nm3048050,tt9831136,actress,5
nm4955588,tt9831136,actress,3
nm0386252,tt9832396,actor,9
nm10500176,tt9832954,actor,7
nm1655500,tt9832954,actor,10
nm7151926,tt9833044,actress,8
nm3056725,tt9834062,actor,4
nm0365303,tt9834210,actor,12
nm5212072,tt9834210,actor,1
nm8490776,tt9834210,actor,9
nm2983614,tt9834506,actor,1
nm10502256,tt9837752,actor,10
nm10849968,tt9838980,actress,2
nm0409384,tt9840382,actor,6
nm7405876,tt9840806,actor,3
nm0837098,tt9842544,actor,1
nm10505085,tt9843292,actress,7
nm2061734,tt9843292,actor,4
nm0302916,tt9844322,actor,3
nm10506097,tt9844420,actress,10
nm10506102,tt9844420,actress,6
nm10506112,tt9844420,actor,1
nm0725526,tt9844944,actor,1
nm11042869,tt9845110,actor,6
nm11330621,tt9848668,actor,5
nm7435641,tt9850050,actress,9
nm5215308,tt9850084,actor,9
nm5215308,tt9851426,actor,9
nm9574731,tt9851426,actor,2
nm0720763,tt9851854,actress,4
nm2791178,tt9851990,actor,8
nm0020739,tt9854058,actress,1
nm2964387,tt9854706,actress,4
nm4296325,tt9854844,actor,2
nm10511273,tt9855002,actor,6
nm10511355,tt9855090,actor,9
nm10395075,tt9855170,actor,1
nm9565790,tt9855984,actor,9
nm10513496,tt9859504,actor,10
nm7224067,tt9860728,actor,9
nm13916854,tt9860858,actor,10
nm10514449,tt9861192,actress,9
nm0440368,tt9861214,actor,1
nm11878136,tt9861220,actor,10
nm2102062,tt9861316,actor,9
nm0257826,tt9861522,actor,5
nm10516440,tt9866208,actor,4
nm10516631,tt9866394,actor,8
nm0359129,tt9867130,actor,3
nm2921856,tt9867130,actor,10
nm0263209,tt9867478,actress,1
nm4710099,tt9867628,actor,4
nm10517486,tt9869228,actor,1
nm5545145,tt9869668,actress,2
nm7519259,tt9869994,actress,10
nm3964972,tt9871628,actor,9
nm10676139,tt9873376,actor,8
nm4655049,tt9873376,actor,9
nm7309160,tt9873376,actress,4
nm10985729,tt9873652,actor,4
nm7456138,tt9873930,actor,2
nm10518655,tt9874290,actor,2
nm10530468,tt9875452,actor,7
nm7931755,tt9875852,actress,8
nm0358825,tt9876150,actor,8
nm1253802,tt9876160,actress,5
nm7744878,tt9876298,actor,9
nm12110161,tt9877138,actor,8
nm8890455,tt9877170,actor,10
nm1428724,tt9878242,actor,1
nm9705526,tt9878650,actress,1
nm0475872,tt9881974,actor,1
nm9059181,tt9883020,actor,10
nm9059182,tt9883020,actress,6
nm11163514,tt9884388,actress,7
nm6470822,tt9884388,actor,8
nm10529003,tt9887180,actor,4
nm7557914,tt9887180,actress,6
nm0289105,tt9887580,actor,2
nm1252904,tt9889218,actor,4
nm0945693,tt9890758,actor,7
nm7927064,tt9890758,actress,11
nm10527335,tt9890870,actor,5
nm3460923,tt9891874,actor,3
nm9692022,tt9891874,actor,9
nm3793902,tt9893130,actor,2
nm3459865,tt9893266,actor,7
nm7846596,tt9893266,actor,8
nm0087281,tt9893878,actor,8
nm10528949,tt9893922,actor,4
nm10571929,tt9894418,actor,9
nm11521185,tt9894450,actor,9
nm4166709,tt9894450,actress,3
nm1270165,tt9894486,actor,5
nm1767186,tt9894486,actor,10
nm1399885,tt9894894,actor,7
nm0000616,tt9896768,actor,1
nm5006540,tt9897258,actor,9
nm0582257,tt9898328,actor,5
nm4392718,tt9898858,actor,7
nm1890585,tt9899938,actress,1
nm10583457,tt9900388,actor,10
nm1004978,tt9900614,actor,1
nm0998350,tt9900688,actor,8
nm0910040,tt9902160,actress,6
nm4975560,tt9903920,actor,2
nm1047838,tt9904648,actor,3
nm0216117,tt9904802,actor,8
nm10533894,tt9905412,actor,8
nm3843863,tt9906644,actor,10
nm2933542,tt9907782,actor,1
nm1428724,tt9911306,actor,7
nm7467399,tt9913936,actor,2
nm13080862,tt9914942,actress,7
nm0149826,tt9915790,actor,9
nm0406305,tt9916170,actress,1
nm0225766,tt9301556,actress,4
nm0526675,tt9303508,actor,9
nm2984738,tt9303772,actress,4
nm10269163,tt9303968,actor,6
nm1235318,tt9313264,actor,2
nm10192526,tt9313558,actress,4
nm10235692,tt9313780,actress,7
nm10273747,tt9315574,actor,6
nm0782627,tt9316574,actor,2
nm12180649,tt9316574,actor,5
nm1818245,tt9318280,actor,4
nm4734130,tt9319840,actress,3
nm10347926,tt9319868,actor,2
nm3412322,tt9319882,actor,4
nm11166418,tt9319884,actress,9
nm6489058,tt9319896,actor,4
nm2397307,tt9328744,actor,6
nm3597462,tt9330112,actor,1
nm5657405,tt9331556,actress,6
nm0329697,tt9332664,actor,5
nm0274277,tt9336434,actress,5
nm3941330,tt9342622,actor,10
nm0051765,tt9343700,actor,1
nm5269143,tt9347730,actor,5
nm10561889,tt9349898,actress,3
nm10269481,tt9349928,actor,10
nm2141804,tt9351112,actor,4
nm0129812,tt9358160,actor,5
nm4785267,tt9358422,actress,5
nm10292987,tt9359204,actor,11
nm0904967,tt9362722,actress,4
nm2912119,tt9364276,actress,8
nm2745688,tt9364436,actor,2
nm5547533,tt9364684,actor,3
nm10295738,tt9365604,actor,5
nm1113550,tt9365800,actress,6
nm1828813,tt9366716,actor,4
nm1301857,tt9372388,actor,8
nm10300083,tt9376118,actress,5
nm4402043,tt9378692,actor,9
nm0387363,tt9378850,actor,8
nm12012457,tt9382140,actress,6
nm10303954,tt9383772,actor,8
nm6527269,tt9387520,actor,9
nm5839529,tt9390202,actress,4
nm10306945,tt9391920,actor,10
nm10308436,tt9396174,actress,4
nm4263987,tt9398640,actor,5
nm3175230,tt9399712,actor,4
nm3370295,tt9409854,actor,9
nm0050698,tt9414024,actor,9
nm0157374,tt9415530,actress,4
nm4622567,tt9415552,actor,7
nm8408568,tt9419628,actress,8
nm5396228,tt9420024,actor,2
nm10319163,tt9421442,actress,8
nm0612616,tt9422724,actress,5
nm0220240,tt9428746,actor,4
nm7703577,tt9430518,actor,10
nm3001807,tt9430578,actor,4
nm9236419,tt9431740,actor,9
nm5392151,tt9443316,actor,4
nm9113372,tt9445114,actor,5
nm0180774,tt9448340,actor,6
nm10627026,tt9450384,actress,3
nm7509308,tt9453278,actor,1
nm3952521,tt9454778,actress,9
nm0831257,tt9458062,actor,8
nm5764181,tt9460472,actress,9
nm12385566,tt9460478,actor,9
nm3013500,tt9460610,actress,5
nm9680891,tt9460914,actress,2
nm2183298,tt9464000,actress,9
nm10339103,tt9465812,actor,7
nm8042819,tt9471424,actor,2
nm1559617,tt9471786,actor,5
nm10584287,tt9474614,actor,8
nm10235828,tt9479806,actor,9
nm0395953,tt9486162,actress,4
nm2506048,tt9490122,actor,8
nm16427676,tt9490150,actor,1
nm9209415,tt9491338,actor,1
nm0788903,tt9496212,actor,5
nm6512505,tt9501678,actress,2
nm0194553,tt9501950,actor,1
nm10362811,tt9503764,actor,5
nm10427384,tt9505224,actor,9
nm0311476,tt9505874,actress,8
nm0001542,tt9506000,actor,4
nm6025378,tt9506474,actor,9
nm4447609,tt9511022,actress,2
nm10666412,tt9514970,actor,10
nm0246931,tt9516994,actor,7
nm7973284,tt9522162,actress,5
nm2423976,tt9526134,actor,4
nm10377829,tt9526156,actor,7
nm1092369,tt9528596,actor,6
nm3834378,tt9529640,actress,1
nm9898003,tt9533342,actress,10
nm5477626,tt9552352,actor,1
nm10377026,tt9553096,actor,8
nm10377914,tt9555974,actor,9
nm0945999,tt9556104,actress,4
nm10378909,tt9557390,actor,4
nm10379174,tt9557820,actress,3
nm0282982,tt9558602,actor,6
nm10382308,tt9564712,actress,7
nm10182371,tt9568168,actor,5
nm1177397,tt9569190,actress,2
nm8243159,tt9569306,actress,8
nm5846801,tt9569484,actor,8
nm10385406,tt9571090,actor,2
nm10228382,tt9574324,actor,7
nm3353502,tt9574444,actress,3
nm4404182,tt9574912,actor,10
nm10373943,tt9583876,actress,3
nm8462013,tt9584128,actor,3
nm4404428,tt9584786,actress,4
nm5083230,tt9585798,actor,8
nm8398797,tt9588846,actor,5
nm3164292,tt9592496,actor,3
nm5141883,tt9596658,actor,6
nm8473458,tt9600568,actor,8
nm1041023,tt9601292,actor,8
nm2680912,tt9603470,actor,8
nm0482695,tt9609716,actor,2
nm11480117,tt9612136,actress,8
nm0260470,tt9615112,actor,3
nm3011659,tt9615856,actress,6
nm0457953,tt9617892,actress,5
nm1220945,tt9617892,actor,4
nm10407951,tt9618524,actor,10
nm10409080,tt9619962,actor,6
nm0419710,tt9619984,actor,2
nm10693286,tt9620288,actress,7
nm6854277,tt9620474,actor,1
nm2338933,tt9621290,actress,2
nm2673123,tt9623404,actor,8
nm14333924,tt9625242,actor,10
nm8448992,tt9625632,actor,9
nm11972147,tt9628630,actress,7
nm10022068,tt9630832,actor,6
nm1416640,tt9632182,actor,2
nm0517638,tt9633612,actor,1
nm4592524,tt9635616,actor,6
nm3994838,tt9638206,actress,7
nm10476376,tt9641242,actor,9
nm11087821,tt9641602,actor,3
nm0701180,tt9642686,actor,8
nm6700297,tt9645476,actor,6
nm4498129,tt9646768,actress,3
nm10421125,tt9647776,actress,2
nm18223690,tt9648078,actress,5
nm7910915,tt9648672,actor,7
nm1379894,tt9658966,actor,5
nm1925918,tt9658966,actor,1
nm0869718,tt9660666,actor,6
nm10427692,tt9662722,actress,11
nm0788918,tt9664732,actor,12
nm2834209,tt9670458,actor,7
nm11455238,tt9676242,actress,5
nm7025759,tt9676940,actor,7
nm6528259,tt9678162,actor,3
nm10977338,tt9680090,actor,9
nm9875211,tt9683542,actor,10
nm2546649,tt9685652,actor,1
nm14650630,tt9685782,actress,8
nm4377242,tt9686596,actress,1
nm0000673,tt9686708,actress,7
nm3762697,tt9691282,actress,1
nm10441025,tt9691324,actor,2
nm1649780,tt9692040,actor,6
nm10441908,tt9694012,actor,10
nm10444356,tt9700984,actor,4
nm0831127,tt9701934,actor,4
nm0879888,tt9701934,actress,3
nm1580957,tt9707456,actor,6
nm0594909,tt9708284,actress,5
nm5917283,tt9711868,actor,7
nm0100460,tt9713418,actor,5
nm3668855,tt9716084,actor,3
nm6524359,tt9716342,actor,3
nm5862036,tt9719452,actress,11
nm0043678,tt9721798,actor,4
nm0892680,tt9723262,actor,5
nm10051374,tt9724068,actor,6
nm9448266,tt9726794,actor,5
nm10555658,tt9728306,actor,10
nm10454898,tt9731752,actress,7
nm0453440,tt9735232,actor,5
nm14214691,tt9737568,actor,7
nm10472095,tt9738302,actor,4
nm5871788,tt9739416,actress,8
nm10866343,tt9741186,actor,11
nm10890568,tt9742334,actor,7
nm0147978,tt9747894,actor,6
nm10828061,tt9748424,actor,2
nm1509057,tt9748424,actress,1
nm6626840,tt9750028,actress,5
nm10462688,tt9752248,actress,10
nm4986686,tt9765480,actress,2
nm11181726,tt9765604,actor,2
nm4347120,tt9772374,actress,10
nm10471874,tt9773182,actor,4
nm0685033,tt9773244,actor,7
nm3453866,tt9777820,actress,2
nm8690230,tt9778060,actress,8
nm6978918,tt9778348,actor,1
nm12149834,tt9783730,actor,4
nm1908800,tt9784088,actor,10
nm10402964,tt9784404,actress,8
nm9265715,tt9789232,actress,4
nm10479920,tt9789686,actor,5
nm1163857,tt9794942,actor,7
nm2076603,tt9799640,actor,6
nm4402518,tt9800670,actress,8
nm11127862,tt9806192,actor,4
nm4770230,tt9809230,actor,6
nm0951216,tt9826484,actress,6
nm3158948,tt9826820,actor,4
nm9549064,tt9829006,actor,2
nm8269687,tt9829092,actor,6
nm10499341,tt9830862,actor,9
nm8590992,tt9831136,actress,7
nm0762807,tt9832954,actress,2
nm6686622,tt9834798,actor,7
nm10701006,tt9842404,actor,5
nm10511555,tt9844086,actor,7
nm0230483,tt9845036,actress,2
nm1929945,tt9845564,actor,5
nm1221047,tt9848626,actor,8
nm5230093,tt9849644,actor,3
nm9438310,tt9851990,actor,12
nm9447652,tt9852508,actor,5
nm0847302,tt9856128,actress,4
nm0928296,tt9856606,actor,1
nm9443664,tt9856680,actor,1
nm0451600,tt9859574,actor,1
nm0297149,tt9860350,actress,5
nm1701024,tt9860858,actress,1
nm0046619,tt9861230,actor,10
nm10520201,tt9866700,actor,10
nm1760156,tt9866916,actress,6
nm0813278,tt9873376,actor,7
nm9498864,tt9875128,actor,9
nm9571986,tt9876544,actress,9
nm0202804,tt9883996,actor,3
nm0680795,tt9883996,actress,11
nm6886823,tt9887154,actress,9
nm7584343,tt9892094,actress,7
nm5957931,tt9893160,actor,7
nm0304265,tt9894418,actor,5
nm2666409,tt9898086,actor,1
nm6030469,tt9900782,actor,7
nm10532930,tt9904010,actor,9
nm7511275,tt9904820,actor,3
nm7562994,tt9904820,actress,8
nm1184348,tt9905224,actor,5
nm6755001,tt9908960,actress,8
nm6497684,tt9910238,actress,4
nm9955536,tt9910530,actor,4
nm2952127,tt9916190,actor,7
