movieId,title,year,runtimeMinutes,genres,castSize
tt9294056,Van Zùmmere en nie Baang,2019,,Drama,10
tt9310544,Afterlife,2019,93,"Adventure,Drama,Family",10
tt9315684,Summerlight... and Then Comes the Night,2022,111,"Comedy,Drama",10
tt9326956,La vitrine du plaisir,1978,62,Adult,10
tt9336300,Starwars: Goretech,2018,90,"Action,Comedy,Sci-Fi",10
tt9350746,Evan's Gambit,2019,121,Drama,10
tt9351854,Claudia,2019,86,Comedy,10
tt9359774,Ex,2020,85,"Comedy,Drama",10
tt9362722,Spider-Man: Across the Spider-Verse,2023,140,"Action,Adventure,Animation",10
tt9363502,Last Night in Rozzie,2021,80,Drama,10
tt9364848,Born Beautiful,2019,96,Comedy,10
tt9367926,Escape Room: Quest of Fear,2018,111,Horror,10
tt9377978,Encena: O Jogo dos Atos,2019,139,Drama,10
tt9378850,Kung Fu Monster,2018,104,"Action,Fantasy",10
tt9383706,Our Scene,2018,,Documentary,10
tt9385130,Enoken no bikkuri shakkuri jidai,1948,72,Drama,10
tt9389444,Hope Has a Name,2017,147,Documentary,10
tt9392532,Neighbors,2018,90,"Comedy,Drama",10
tt9407706,Red Blade,2018,86,Action,10
tt9412514,Blind Spot,2019,104,Drama,10
tt9422468,Bikes,2018,92,"Animation,Family,Sport",10
tt9426210,Weathering with You,2019,112,"Animation,Drama,Fantasy",10
tt9429948,Hana no jô ôbachi seikyôran,1975,65,\N,10
tt9433872,Blood Sacrifice,2021,87,Drama,10
tt9437052,Wedy Atkalam,2018,73,"Comedy,Drama",10
tt9440660,Marcelo,2019,118,Comedy,10
tt9442146,Hüddam 2,2019,92,"Drama,Horror,Thriller",10
tt9442890,Iganosuke to Tenichibo,1926,,Drama,10
tt9470296,Secure the Bag,2019,73,"Crime,Drama",10
tt9471378,Second Thoughts,2019,77,"Drama,Romance",10
tt9471424,Hell's Bells,2020,80,"Comedy,Horror",10
tt9471988,Goodbye Soviet Union,2020,91,"Comedy,Drama",10
tt9477066,Little Kingdom,2019,98,"Drama,War",10
tt9477594,Legends of the Three Kingdoms,2018,94,"Action,Romance",10
tt9486076,Easter Bunny Assassin: Chapter 2 - Santa Claus Crack Dealer,2017,,"Action,Comedy,Crime",10
tt9486128,We'll Rise at Dawn,2019,96,"Comedy,Drama",10
tt9503722,About a Teacher,2020,112,Drama,10
tt9504976,El Triunfo de Vivir,2019,94,"Comedy,Drama",10
tt9505212,Kenjû o migaku otoko: Ano on'na o sagase,1959,61,"Action,Drama",10
tt9512188,Hudutlarin Kartali,1974,,\N,10
tt9522074,Wakakî onna no shi,1926,,Drama,10
tt9526154,Tsumetai onna: Yami ni hibiku yogarigoe,2018,,\N,10
tt9533434,Tango Bar,2024,100,Drama,10
tt9537352,Nikka Zaildar 3,2019,117,Comedy,10
tt9537532,Play or Die,2019,89,"Horror,Mystery,Thriller",10
tt9540792,El Encanto del Regreso,1991,80,Drama,10
tt9563632,The Wonderland,2019,115,"Adventure,Animation,Family",10
tt9564712,New York Girls TV: The Movie,2017,68,Drama,10
tt9565748,The Lucky General,1962,87,Comedy,10
tt9569512,Kigeki joshi gakusei: hanayakana chôsen,1975,86,Comedy,10
tt9569732,Jackie and the Genie,2018,120,"Family,Fantasy",10
tt9571090,Zuwanderung nach Siebenbürgen. Erfolgsgeschichten (Dreams come true in Transylvania),2018,45,Documentary,10
tt9573468,"Events Transpiring Before, During, and After a High School Basketball Game",2020,75,Comedy,10
tt9586294,Better Days,2019,135,"Crime,Drama,Romance",10
tt9601292,The Fix,2026,142,"Action,Thriller",10
tt9603060,Star Trek: Section 31,2025,95,"Action,Adventure,Drama",10
tt9612164,Saak,2019,121,"Comedy,Drama,Family",10
tt9614416,Blackia,2019,141,"Crime,Drama",10
tt9634252,Martinko Klingác,2004,56,Fantasy,10
tt9635540,Darbar,2020,159,"Action,Crime,Thriller",10
tt9637754,Iku-san ga,1946,65,\N,10
tt9643058,Paris to Paris,2010,80,Drama,10
tt9646136,The Dancer and the Two Warriors,1955,89,Drama,10
tt9657764,Fall In Love At First Kiss,2019,122,"Comedy,Romance",10
tt9661164,No Ordinary Heist,2026,99,"Crime,Drama,Thriller",10
tt9673224,Making a Deal with the Devil,2019,75,Drama,10
tt9675118,The Revospect Collection: Blue,2018,46,\N,10
tt9680256,"Stolcek, prestri sa!",2001,51,Fantasy,10
tt9682768,Darodekhor,1980,149,Drama,10
tt9690328,Paper Spiders,2020,109,Drama,10
tt9699640,Thalasso,2019,93,Comedy,10
tt9722952,O Is Bende,2019,,Comedy,10
tt9722984,Contra Corriente,2019,106,Drama,10
tt9723328,My Culture,2019,73,Romance,10
tt9735878,Love Behind Karaoke,2019,80,Comedy,10
tt9742122,Wilderness Journey,2019,,Drama,10
tt9750864,Castle of Dreams,2019,82,Drama,10
tt9752488,African Violet,2019,93,Drama,10
tt9752544,Samurai Shifters,2019,120,"Comedy,History",10
tt9753990,Star Trek First Frontier,2020,85,Sci-Fi,10
tt9760960,Welcome to the Moon,2026,105,"Comedy,Thriller",10
tt9765604,Pour mieux t'aimer,2019,104,Drama,10
tt9775932,Trip to the Tax Paradise - Rumbo al Paraiso Fiscal,2015,74,Musical,10
tt9795950,Homelessness is not a Crime,2020,,Documentary,10
tt9799984,Falaknuma Das,2019,145,"Action,Thriller",10
tt9803614,Neozhidannoye ryadom,1971,,Crime,10
tt9812236,Love Station,2019,,"Drama,Romance",10
tt9823634,Dhawala Pawura,2011,125,Drama,10
tt9848968,Same But Different: A True New Zealand Love Story,2019,95,"Comedy,Drama,Romance",10
tt9855984,Sinasuna Adaren,2009,123,"Drama,Romance",10
tt9870726,Gholamreza Takhti,2019,105,"Biography,Drama,Sport",10
tt9873376,Stranded,2023,81,Horror,10
tt9875852,The House Elf,2019,90,"Comedy,Family,Fantasy",10
tt9891874,Scarecrow County,2019,75,"Horror,Mystery,Thriller",10
tt9891882,Elements Quest,2017,,"Comedy,Fantasy",10
tt9894098,Sathru,2019,129,Thriller,10
tt9897744,"Duga, les charognards",2019,92,"Comedy,Drama",10
tt9903802,Dosage Volume I,2002,,"Action,Documentary,Sport",10
tt9913872,De la piel del Diablo,2019,75,Thriller,10
tt9296808,Echo,2019,79,Drama,10
tt9298196,Roll'em,2019,90,Drama,10
tt9302994,A Soldier's Revenge,2020,140,"Drama,Western",10
tt9308022,Driver's Ed,2025,102,"Action,Comedy,Romance",10
tt9310280,Mulshi Pattern,2018,155,"Action,Crime,Drama",10
tt9324774,A Woman Is a Woman,2018,85,Drama,10
tt9328742,Daddy & Son's,2018,,Musical,10
tt9328744,Love Under House Arrest,2019,90,"Comedy,Drama,Romance",10
tt9330332,A.S. (25),2019,72,"Crime,Drama,Thriller",10
tt9332664,Samaksham,2018,120,Drama,10
tt9333346,Moeru fuji: zenpen tokaisanka no maki,1933,,Drama,10
tt9350934,The Outside Story,2020,85,Drama,10
tt9377066,The Rollover,2019,67,Drama,10
tt9387380,A Christmas Carol,2018,121,"Drama,Family,Musical",10
tt9389132,The Demon of Eagle Rock,2018,60,Horror,10
tt9415560,Kageê no gotoku: kôhen,1926,,Drama,10
tt9427218,Charbon,2018,78,Documentary,10
tt9435162,DreadOut,2019,97,"Adventure,Fantasy,Horror",10
tt9436946,Bhawatharana,2021,,"Drama,History",10
tt9437744,Kimura nagatonkami,1928,,Drama,10
tt9440450,Out of Luck,2015,106,Thriller,10
tt9455030,Solo Secuencias,2016,,Drama,10
tt9473050,The House Behind the Wall,2014,94,Horror,10
tt9486162,Only the Cat Knows,2019,104,"Comedy,Drama,Romance",10
tt9490150,Behind the Peace,2018,84,War,10
tt9496212,22 Yards,2019,126,Sport,10
tt9515792,Party Fi Harty,2016,,Comedy,10
tt9522080,Papicha,2019,108,Drama,10
tt9527682,Condition of Return,2023,93,"Crime,Mystery,Thriller",10
tt9531094,Saheb,2019,142,Drama,10
tt9536810,Randhawa,2019,130,Drama,10
tt9542918,Onmitsu kunoichi ninpô-chô: Gaki shimai,2004,77,Action,10
tt9574922,By a Sharp Knife,2019,89,Drama,10
tt9586922,Tamayura,2018,80,Drama,10
tt9609886,Kasala!,2018,84,Comedy,10
tt9615028,Jugni Yaaran Di,2019,118,"Comedy,Drama",10
tt9615610,To Bloom at Night,2019,,Drama,10
tt9619824,Final Destination: Bloodlines,2025,110,"Horror,Thriller",10
tt9620986,Monster,2019,90,Drama,10
tt9626764,The Team,2019,96,"Comedy,Crime",10
tt9646400,Pájaros Rojos,2019,91,Drama,10
tt9668280,Cold Words,2019,93,Drama,10
tt9682578,Vivir Ilesos,2019,79,"Drama,Thriller",10
tt9684016,Alive,2016,95,"Adventure,Biography,Drama",10
tt9716728,Bewitched,2018,86,"Comedy,Mystery,Romance",10
tt9731386,Rogue Agent,2022,115,"Action,Adventure,Drama",10
tt9737688,Friend Zone,2019,118,"Comedy,Romance",10
tt9741948,"Murdersville, USA",2021,120,"Comedy,Thriller",10
tt9750288,Eleven Eleven,2019,90,"Animation,Sci-Fi",10
tt9759754,Apple of My Eye,2019,81,"Drama,Romance",10
tt9759978,The Dude in Me,2019,122,"Action,Comedy,Fantasy",10
tt9765144,Zombie for Sale,2019,112,"Comedy,Horror,Sci-Fi",10
tt9766294,Fauji Calling,2021,134,Drama,10
tt9777820,Urfi,2015,,"Romance,Thriller",10
tt9816636,Koyver Gitsin,2018,89,Comedy,10
tt9817040,Silently Controlled,2019,70,Drama,10
tt9827834,Sylvie's Love,2020,116,"Drama,Music,Romance",10
tt9828208,Only Mr Mehdi Can,1977,,\N,10
tt9832396,Sakigake!! Otokojuku Movie,1988,71,"Action,Animation,Comedy",10
tt9834112,Yojinbô ichiba,1963,86,\N,10
tt9839038,Jim Button and the Wild 13,2020,110,"Adventure,Family,Fantasy",10
tt9840958,Love Struck Sick,2019,92,Romance,10
tt9856128,Koyoi chikainu,1954,88,\N,10
tt9871628,Vamp,2019,86,"Drama,Horror",10
tt9877170,Malang: Unleash the Madness,2020,135,"Action,Crime,Drama",10
tt9877340,Nalpathiyonnu,2019,134,"Drama,Romance",10
tt9893922,The Great Reunion,1948,88,Drama,10
tt9903920,Dosage Volume II,2003,,"Action,Documentary,Sport",10
tt9910502,Hayatta Olmaz,2019,97,Comedy,10
tt9913660,No Apology,2019,102,Drama,10
tt9307666,Ave Maryam,2018,85,"Drama,Romance",10
tt9308170,Özgür Dünya,2019,122,"Action,Adventure,Family",10
tt9314862,Getaway,2020,80,Horror,10
tt9326498,Bitter Years,2019,112,"Biography,Drama",10
tt9328726,Appena un minuto,2019,93,Comedy,10
tt9330648,You Will Remember Me,2020,108,Drama,10
tt9342356,Back to Lyla,2022,95,"Comedy,Romance",10
tt9343754,Eeb Allay Ooo!,2019,98,"Comedy,Drama",10
tt9343758,Second Door to the Right,2019,70,Comedy,10
tt9347730,Candyman,2021,91,"Horror,Thriller",10
tt9348578,Runner,2021,87,"Drama,Romance,Thriller",10
tt9351112,Amnestie,2019,130,Thriller,10
tt9357050,Dear Evan Hansen,2021,137,"Drama,Musical",10
tt9359754,Klassi Ghalina: Mission Moscow,2017,98,Drama,10
tt9366176,Switch,2016,101,Drama,10
tt9366994,Tornare,2019,107,Thriller,10
tt9370232,Saranam Ayyappa,1980,118,Drama,10
tt9383680,Everybody Loves Baby Wendy,2018,87,"Comedy,Romance",10
tt9390026,706,2019,120,"Drama,Horror,Thriller",10
tt9396050,Hushaaru,2018,140,Comedy,10
tt9432338,Now Is Now,2019,90,"Comedy,Romance",10
tt9452900,Hercules Houdini Holmes,2019,79,Family,10
tt9455100,The Day After I'm Gone,2019,98,Drama,10
tt9477056,Pitasakwala Abirahasa,2011,108,"Fantasy,Horror,Sci-Fi",10
tt9484812,Matsumaeya Gorozô,1926,,Drama,10
tt9485392,The Road to Trepanation,2012,110,"Drama,Mystery,Sci-Fi",10
tt9490456,Stay at Conder Beach,2023,87,Drama,10
tt9491338,Baby N The Hood,2019,49,Drama,10
tt9537246,Ubermensch 2: Wille zur Macht,2019,,Sci-Fi,10
tt9537292,Ala Vaikunthapurramuloo,2020,163,"Action,Comedy,Drama",10
tt9538216,The Bachelors of Broken Hill Farm,2018,75,Documentary,10
tt9552352,According to Our Butler,2019,113,"Crime,Drama",10
tt9554846,"He Won't Kill, She Won't Die",2019,123,"Drama,Romance",10
tt9568318,Chest,2022,95,"Crime,Horror,Sci-Fi",10
tt9578952,Hondara kenpô,1965,86,Comedy,10
tt9578984,Secret Within the Sphere,2024,73,Sci-Fi,10
tt9579786,Third Act,2022,120,Comedy,10
tt9580502,20 Minutes,2023,93,Thriller,10
tt9581840,Praner Manush,2003,148,"Drama,Family,Romance",10
tt9597838,Chak dan juen ga 2,2020,120,"Action,Crime,Thriller",10
tt9620292,Promising Young Woman,2020,113,"Crime,Drama,Mystery",10
tt9623404,Los Amigos - La Pinícula,2018,65,Comedy,10
tt9636630,Home Sweet Home,2020,84,"Comedy,Drama,Romance",10
tt9643832,Gho Gho Rani,2019,105,"History,Romance",10
tt9653960,Liewe Lisa,2019,96,"Drama,Romance",10
tt9668556,Vallikkettu,2019,114,"Drama,Romance",10
tt9670480,Gaddalakonda Ganesh,2019,130,"Action,Comedy,Crime",10
tt9674172,What We Don't Say,2019,92,"Drama,Romance",10
tt9675092,Family Slavery,2018,120,Drama,10
tt9680512,God Calling,2018,120,Drama,10
tt9682428,Night Swim,2024,98,"Horror,Mystery,Thriller",10
tt9683250,Nearby,2019,80,"Comedy,Drama,Romance",10
tt9683854,Heart of Lucifer,2018,83,Horror,10
tt9694682,Rapture in Blue,2020,49,"Drama,Horror,Thriller",10
tt9716470,Strangers in the Night,2019,71,"Drama,Thriller",10
tt9733362,Full Gas,2019,113,\N,10
tt9741310,Slaxx,2020,77,"Comedy,Horror",10
tt9742106,The Cat in Their Arms,2018,109,\N,10
tt9747276,Aadi Lakshmi Puraana,2019,,"Comedy,Drama,Romance",10
tt9755608,The 23,2019,101,"Drama,War",10
tt9766528,Anak Hoki,2019,97,Drama,10
tt9772164,Pig Blood Vampire,2020,66,Comedy,10
tt9784518,Samsam,2019,77,"Action,Adventure,Animation",10
tt9794412,Morine,2018,115,"Drama,History",10
tt9795856,Fakebook Dhamaal,2019,128,Comedy,10
tt9804296,Ecstasy Fight: Fleshy Lips,1980,65,\N,10
tt9806300,Waga ai no ki,1941,99,Drama,10
tt9816188,The Curfew,2021,120,"Drama,Thriller",10
tt9816258,Joyland,2019,74,"Action,Comedy,Crime",10
tt9824016,Roy Kiyoshi: The Untold Story,2019,86,Horror,10
tt9828814,MatiAnak,2019,85,Horror,10
tt9841750,The Tale of a Thousand and One Lives,2018,92,"Comedy,Drama",10
tt9842874,Nothing Left - Just That Summer,2018,154,"Comedy,Drama,History",10
tt9843172,Seytanla 24 saat,2019,88,Horror,10
tt9844322,Kaamelott: First Installment,2021,120,"Adventure,Comedy,Fantasy",10
tt9850050,Charter,2020,94,Drama,10
tt9852508,Viyapath Bambara,2010,120,Drama,10
tt9878414,Yonin no haha,1954,95,\N,10
tt9881488,Divine on Fire,2019,,Drama,10
tt9894108,vajau ka?,1996,126,Comedy,10
tt9894418,Goko Mako,2019,96,"Adventure,Comedy,Drama",10
tt9900688,Big Three Dragons,2019,111,Comedy,10
tt9916170,The Rehearsal,2019,51,Drama,10
tt9298624,Secret Lover: A Rock n Roll Musical,2019,71,Musical,10
tt9308340,Naag Muni,1972,128,"Adventure,Fantasy,Musical",10
tt9315574,Namamu Kata Pertamaku,2018,94,Drama,10
tt9318772,Fukushima 50,2020,122,"Action,Drama,Thriller",10
tt9340916,She Will,2021,95,"Drama,Horror,Mystery",10
tt9346816,Scorpion,2018,94,"Action,Drama,Thriller",10
tt9348848,The Crossing,2020,96,"Adventure,Drama,Family",10
tt9349928,Nezumikozô Jirokichi,1927,,Drama,10
tt9355222,Midnight,1987,82,Drama,10
tt9364210,Fatal Getaway,2019,90,Thriller,10
tt9365634,O Beijo no Asfalto,2018,98,"Crime,Drama,Romance",10
tt9365762,Sette lune e un palmo di neve,2021,,Drama,10
tt9369990,Tsukigata hanpeita,1931,,Drama,10
tt9378692,Freedom's Path,2022,131,"Drama,History,War",10
tt9386648,Tammy's Always Dying,2019,85,Drama,10
tt9392324,Clowna Nostra,2019,90,Comedy,10
tt9414574,TKG: The Kids of Grove,2020,115,Thriller,10
tt9432968,Thaala,2019,120,"Drama,Family,Musical",10
tt9442978,Cold Turkey,2019,,"Crime,Drama,Thriller",10
tt9448340,Harmonie,2020,,Drama,10
tt9455436,O Ano da Morte de Ricardo Reis,2020,129,Drama,10
tt9479644,Shin dobugawa gakkyu,1976,113,\N,10
tt9482230,Tommaso,2019,115,Drama,10
tt9495224,Black Mirror: Bandersnatch,2018,90,"Drama,Fantasy,Mystery",10
tt9505874,Geister der Weihnacht,2018,,Family,10
tt9525926,Burritos and Coke,2018,52,Comedy,10
tt9526134,Lovely Chubby,2018,,"Comedy,Drama,Romance",10
tt9526156,College Diary,2019,151,Action,10
tt9529656,Mutchiri uchiiri: Momoiro chûshingura,2018,70,"Comedy,Drama",10
tt9537346,Ardaas Karaan,2019,140,Drama,10
tt9543488,Too Handsome to Handle,2019,106,"Comedy,Drama",10
tt9557810,Romeo + Rinjani,2015,85,"Adventure,Drama,Romance",10
tt9568640,Advent,2024,119,"Adventure,Comedy,Drama",10
tt9581978,Calon Bini,2019,96,"Comedy,Drama",10
tt9584972,Before We Grow Old,2019,93,Drama,10
tt9611484,Quezon's Game,2018,127,"Biography,Drama,History",10
tt9611542,Goree,2019,124,"Action,Drama",10
tt9614064,Dust Nuggets,2020,89,"Comedy,Drama",10
tt9618604,Shark Island,2024,81,"Action,Horror,Mystery",10
tt9625242,Mission H2O,2017,94,"Adventure,Animation,Comedy",10
tt9626774,Amar,2019,132,"Action,Drama,Romance",10
tt9630832,Breakup Masters,2021,101,Comedy,10
tt9634958,The Haunting,2020,70,Horror,10
tt9636256,Sindhubaadh,2019,133,Action,10
tt9647022,Kokdu: A Story of Guardian Angels,2018,73,"Family,Fantasy",10
tt9657382,Managing Problem People. Behavioral Skills for Leaders,1988,93,"Comedy,Documentary",10
tt9665402,Sita,2019,161,Romance,10
tt9676520,Waga ai o hoshi ni inorite,1966,84,Drama,10
tt9683478,The Half of It,2020,104,"Comedy,Drama",10
tt9685342,A Writer's Odyssey,2021,130,"Action,Adventure,Fantasy",10
tt9717004,Weerya,2024,,"Action,Comedy,Thriller",10
tt9729768,June Again,2020,99,Drama,10
tt9731442,C'è tempo,2019,107,Comedy,10
tt9733388,Sublet,2020,89,"Comedy,Drama,Romance",10
tt9747160,Alyas Boy Ama: Tirador,1994,,Action,10
tt9762608,The Merry Flutist,1955,90,Comedy,10
tt9764362,The Menu,2022,107,"Comedy,Horror,Thriller",10
tt9764832,Foreshadow,2019,,Action,10
tt9765480,Elise,2019,105,"Comedy,Romance",10
tt9773244,Labour Power Plant,2019,85,Drama,10
tt9794942,Smiling Bracelet,2008,,Drama,10
tt9795368,The Conquest of Siberia,2019,108,"Action,Crime,Drama",10
tt9804432,Cofradía,2018,112,Drama,10
tt9805610,Seetha Man Awa,2013,90,Comedy,10
tt9809140,All the Freckles in the World,2019,91,"Comedy,Romance,Sport",10
tt9815160,Kinmontô ni kakeru hashi,1962,107,"Action,War",10
tt9817070,Law of Tehran,2019,131,"Action,Crime,Drama",10
tt9820556,Breach,2020,92,"Action,Horror,Sci-Fi",10
tt9828810,Angara Dangara,2011,117,Drama,10
tt9842792,Fun.,2020,,Horror,10
tt9843742,Zenda Swabhimanacha,2017,,Drama,10
tt9853264,Chorar de Rir,2019,104,"Comedy,Drama",10
tt9855832,Sihina Devduwa,2009,,"Drama,Thriller",10
tt9861204,The Love Europe Project,2019,99,Drama,10
tt9876944,The Passion of Love,2018,80,"Drama,Romance",10
tt9884388,The Mux,2023,65,Drama,10
tt9887154,Jessie: The Golden Heart,2019,93,"Drama,History,Romance",10
tt9889716,Lost in Paradise: Luchsinger and the Gods,2022,90,Comedy,10
tt9890326,The Line,2020,,"Crime,Thriller",10
tt9893878,Confidencias,1996,,\N,10
tt9301556,All the Pretty Little Horses,2020,107,Drama,10
tt9311308,Arwah Tumbal Nyai the Trilogy: Part Nyai,2018,99,Horror,10
tt9314340,Heroes,2022,70,"Adventure,Drama,History",10
tt9330400,Dolphin Moves,2017,,"Drama,Fantasy",10
tt9347654,Mother Mountain,2022,90,"Adventure,Drama",10
tt9354814,Outcry,1998,60,Horror,10
tt9356304,The Signs,2018,82,Thriller,10
tt9358040,The Low Price of Fame,1970,,Drama,10
tt9364494,The Run Saga: Breathe,2017,110,"Crime,Drama",10
tt9398222,Super Bobrovs 2,2018,90,"Comedy,Family,Fantasy",10
tt9399712,An International Local Story,2019,123,"Comedy,Family",10
tt9409096,Hengen shichibusai: zenpen,1932,,Drama,10
tt9409660,Nö,2021,119,"Comedy,Romance",10
tt9420344,Bukê giri monogatari,1926,,Drama,10
tt9425650,The Poet,2018,123,"Drama,Romance",10
tt9426944,Mono Deux,2019,,"Comedy,Sci-Fi,Western",10
tt9436204,Dolls,2019,85,Horror,10
tt9459988,Xabungle Graffiti,1983,84,"Action,Adventure,Animation",10
tt9470144,Gotta Get Down to It,2019,95,Drama,10
tt9489714,The Ballad of Cop Connor,2018,,Musical,10
tt9490414,Mojin: The Worm Valley,2018,110,"Action,Adventure,Fantasy",10
tt9525878,Sheepdog,2024,122,Drama,10
tt9525958,Antoni Gaudí,2019,,"Biography,Drama,Romance",10
tt9529740,Fortune Noodles,2018,85,\N,10
tt9540702,Capitão Astúcia,2022,90,"Adventure,Drama,Fantasy",10
tt9552564,Baishun group: Hana no yobigun,1977,56,\N,10
tt9565196,A Place Called Home,2022,103,Drama,10
tt9568486,Mine de rien,2020,85,Comedy,10
tt9598834,The Xrossing,2020,108,"Crime,Drama,Thriller",10
tt9600568,The Shell,2020,73,"Action,Drama,Sci-Fi",10
tt9614994,Rabb Da Radio 2,2019,129,Drama,10
tt9617892,Enoken no tengoku to jigoku,1954,88,Comedy,10
tt9618524,Psycho Sisters: Possessed!,2019,,Horror,10
tt9620822,4 na daigdig ng lagim,1967,,Horror,10
tt9630428,Do Not Get a Reward from the President,2009,,\N,10
tt9635616,The Climbers,2019,125,"Action,Adventure,Drama",10
tt9640414,Lost Heart,2020,98,"Comedy,Drama,Mystery",10
tt9643542,Me and the Devil,2019,88,Horror,10
tt9646844,Dream Round,2020,90,"Comedy,Drama,Sport",10
tt9647330,G Affairs,2018,105,"Animation,Crime,Drama",10
tt9663666,Same Boat,2019,83,Comedy,10
tt9668564,Sir-Ayet,2019,95,Horror,10
tt9675464,Gang Leader,2019,155,"Action,Comedy,Thriller",10
tt9679552,"Win, Lose, or Draw Straws",2020,82,Documentary,10
tt9680064,Walter,2019,90,"Action,Adventure,Comedy",10
tt9685282,Tiger Robbers,2021,107,Drama,10
tt9711868,The Newspaper,2020,90,Drama,10
tt9731752,Confession,2019,75,Drama,10
tt9739712,It Adasi,1975,,Drama,10
tt9746718,Things Like This,2025,99,Comedy,10
tt9750368,It Comes at Night,2020,104,Mystery,10
tt9771012,D-Lane: Life in the Fast Lane,2019,94,Comedy,10
tt9773182,Aatli Batli Phutli,2015,111,Drama,10
tt9786896,Implanted,2021,93,"Sci-Fi,Thriller",10
tt9802634,Bad Business,2019,,Drama,10
tt9805784,Bôken daikatsugeki: Ôgon no touzoku,1966,90,"Action,History",10
tt9809432,Zenigata Heiji torimono hikae: Bijin-gumo,1960,94,"Mystery,Thriller",10
tt9818148,Dans Madame Rose,1980,51,Adult,10
tt9848668,Sea of Time,2022,116,Drama,10
tt9849160,Black Crow 1,2019,73,\N,10
tt9851990,Tikiri Suwanda,2010,,"Drama,Family",10
tt9861288,Boutchou,2020,78,Comedy,10
tt9872556,Ordinary Happiness,2019,93,"Comedy,Drama,Fantasy",10
tt9879482,Second Coming,2019,85,Horror,10
tt9880982,Dulce familia,2019,101,"Comedy,Romance",10
tt9916706,Dankyavar Danka,2013,,Comedy,10
tt9299590,Full Moon,2019,85,Drama,10
tt9305634,Surge,2020,105,Thriller,10
tt9309774,The Starter Marriage,2021,96,Comedy,10
tt9314596,The Wanderings of Ivan,2018,75,Drama,10
tt9324808,aTypical Wednesday,2020,91,"Comedy,Drama",10
tt9335892,Coasters,2018,,Comedy,10
tt9340700,Agent 114,1966,,\N,10
tt9362492,Restore Point,2023,115,"Crime,Drama,Sci-Fi",10
tt9366716,DaGram,2018,75,Comedy,10
tt9367348,Diversify,2020,73,"Comedy,Drama,Romance",10
tt9376362,Loved to Death,2019,90,Drama,10
tt9419752,Froth and Bubble,2019,,"Comedy,Drama",10
tt9422166,Snow in Sea Breeze,2015,108,"Drama,Romance",10
tt9427166,Father There Is Only One,2019,98,"Comedy,Family",10
tt9430524,The Greatest Gift,2018,107,"Comedy,Drama,Western",10
tt9440738,The Evil Within - Lured,2019,84,Horror,10
tt9442766,Gonza to Sukejû,1926,,Drama,10
tt9455028,Middle of Beyond,2018,85,Drama,10
tt9460610,Sarpanch Bhagirath,2016,,Drama,10
tt9466032,Gorets,1992,,"Action,Adventure,History",10
tt9471828,Wandering Heart,2021,112,Drama,10
tt9477532,Greta,2019,97,Drama,10
tt9496232,Jing Xiang Ren·ming Ri Qing Chun,2018,,Drama,10
tt9501234,The Faithful,2018,104,"Drama,History,War",10
tt9516956,Sevgili Halam,1975,83,"Comedy,Romance",10
tt9517348,Abatement,2019,,Thriller,10
tt9537122,Chhappan Bhai,2018,98,Comedy,10
tt9576808,Plan B,2019,60,"Comedy,Romance",10
tt9603090,Home Plate,2024,85,"Drama,Family,Sport",10
tt9614772,Geetha,2019,148,"Drama,Romance",10
tt9619798,The Wrong Missy,2020,90,"Comedy,Romance",10
tt9629494,Irasma,2003,,Drama,10
tt9638206,Missbehavior,2019,90,Comedy,10
tt9642696,After the Reign,2020,95,Comedy,10
tt9648598,Kiri and the Girl,2021,,Drama,10
tt9651918,What Love Looks Like,2020,88,"Comedy,Drama,Romance",10
tt9657910,Trileçe,2018,104,Drama,10
tt9670284,Kingdom of Swords,2018,100,"Action,Adventure,History",10
tt9675274,Cinayet Süsü,2019,112,"Comedy,Crime,Mystery",10
tt9675786,Appearances,2020,108,"Crime,Drama,Thriller",10
tt9680802,Guys at Parties Like It,2024,79,"Drama,Horror,Thriller",10
tt9697324,Dossier de ausencias,2020,80,Drama,10
tt9720596,Sexy sa Labanan,1966,,"Action,Comedy",10
tt9731598,Bros,2022,115,"Comedy,Romance",10
tt9742206,Kevin Walter's Tower Rats,2020,,"Adventure,Comedy",10
tt9742628,Something's More Than One Thing,2024,110,"Comedy,Drama",10
tt9744922,Aathma Warusha,2015,,Drama,10
tt9760590,Vakathirivu,2019,122,Drama,10
tt9780140,Love Story,2019,110,"Comedy,Drama,Romance",10
tt9788168,SM ketteiban: Kusari to mesu inu,1980,61,\N,10
tt9815010,Ever Fallen,2019,,"Drama,Romance",10
tt9815990,Feng che yu huo che,1983,,"Drama,Romance",10
tt9817674,Swarna Malsyangal,2019,118,Drama,10
tt9843470,The Island of Lies,2020,93,Drama,10
tt9854058,Shadows,2022,101,"Action,Crime",10
tt9860350,The Asadas,2020,127,"Biography,Comedy,Drama",10
tt9860566,Brothers,2024,89,"Action,Comedy,Crime",10
tt9876160,Convoy 48,2019,140,"Drama,War",10
tt9876994,Aamako Man,2018,60,"Drama,Family",10
tt9878242,Shubharathri,2019,130,"Drama,Romance",10
tt9899344,GodHead,2026,96,Drama,10
tt9900782,Kaithi,2019,145,"Action,Crime,Thriller",10
tt9916428,The Secret of China,2019,,"Adventure,History,War",10
tt9302986,Tijuana I Love You,2021,88,Drama,10
tt9303778,Good as New,2019,90,Comedy,10
tt9308452,Zeenat,1975,135,"Drama,Musical",10
tt9312830,The Friendly Man,2019,85,"Drama,Thriller",10
tt9326772,Submission,2020,117,Drama,10
tt9349050,Moments,2018,93,Drama,10
tt9368628,The New King of Comedy,2019,90,"Comedy,Drama",10
tt9371576,The Divine Fight,1983,,"Adventure,Fantasy",10
tt9372388,Stay Off the App,2020,88,Thriller,10
tt9390254,Baby Dolls,2019,127,"Comedy,Drama",10
tt9391166,Chronicles of Shpongle,2025,,"Fantasy,Horror",10
tt9392618,Willow,2019,101,Drama,10
tt9396174,Como Todo Comenzó,2017,76,History,10
tt9404442,Nina Wu,2019,102,"Drama,Thriller",10
tt9414690,"Rebobinado, la película",2018,96,"Adventure,Comedy",10
tt9417730,Yuki Fujin ezu,1975,90,\N,10
tt9418812,Hello World,2019,97,"Animation,Comedy,Drama",10
tt9420024,1906,2019,,Drama,10
tt9433064,Îkon no komageta: zenpen,1926,,Drama,10
tt9436636,The Unexpressed,2025,,"Comedy,Drama",10
tt9445930,We Too Together,2021,94,"Drama,Romance",10
tt9448686,La Boheme,2011,,Music,10
tt9453278,Teenagers vs. the Horde,2018,75,Thriller,10
tt9466320,The Injected,2018,110,"Drama,Horror,Mystery",10
tt9472074,Müsaadenizle Büyükler,2018,100,"Adventure,Comedy,Family",10
tt9472532,The Intergalactic Adventures of Max Cloud,2020,88,"Action,Comedy,Sci-Fi",10
tt9474340,Cyborg: Deadly Machine,2020,50,"Action,Sci-Fi",10
tt9485772,Chikan man'in densha,1976,60,\N,10
tt9489598,Our Ladies,2019,106,"Comedy,Drama",10
tt9496866,V rannej hmle,1991,94,"Crime,Drama",10
tt9514116,Darkroom,2019,89,"Crime,Drama",10
tt9528930,Milionerhaye Gorosneh,1967,,"Crime,Drama",10
tt9531772,Sooryavanshi,2021,145,"Action,Crime,Drama",10
tt9540232,Anna 2,2019,97,Horror,10
tt9556438,Sweet Dreams,2026,104,Horror,10
tt9558602,Tambour battant,2019,90,"Comedy,Music",10
tt9560092,Time To Retaliate: MASOOM,2019,113,Crime,10
tt9571542,Tange Sazen: Kokezaru no tsubo,1954,87,Drama,10
tt9573668,Ureta fujin no midarezaki,1977,62,\N,10
tt9584128,Alone,2021,120,Thriller,10
tt9584814,Gloria Mundi,2019,106,Drama,10
tt9588404,Regue Chicken,2015,91,"Animation,Comedy,Family",10
tt9593000,Chances Equality,2019,54,Documentary,10
tt9602712,Here I Am,2020,74,Drama,10
tt9610838,Cha deng sheng Qiao Xi,2019,104,"Comedy,Drama",10
tt9619402,Loving Is Losing,2019,90,"Comedy,Romance",10
tt9620474,Love Triangle,2019,70,"Comedy,Romance",10
tt9635448,El-Shaqqah men Haqq el-Zogah,1985,97,"Comedy,Drama",10
tt9637132,Samrat Prithviraj,2022,135,"Action,Drama,History",10
tt9642870,E,2003,,\N,10
tt9643286,Kaddish,2019,87,"Drama,History,War",10
tt9657452,Young Boss: Overcoming Adversity,1966,83,Drama,10
tt9663764,Aquaman and the Lost Kingdom,2023,124,"Action,Adventure,Fantasy",10
tt9680076,Bhai - Vyakti Ki Valli 2,2019,130,Biography,10
tt9685652,Greyhound Attack,2019,80,"Action,Drama,War",10
tt9690790,Paradise Cove,2021,103,"Horror,Thriller",10
tt9690832,Sisters,2023,100,"Crime,Drama,Thriller",10
tt9697476,Virgin Rope Makeover,1979,60,\N,10
tt9698430,Delirijum tremens,2019,112,"Comedy,Drama",10
tt9700334,Dosti Zindabad,2019,130,Comedy,10
tt9726796,Sinterklaas en het gouden kompas,2019,,Family,10
tt9733060,Mithatenet,2022,100,"Comedy,Drama,Romance",10
tt9735470,Little Fish,2020,101,"Drama,Romance,Sci-Fi",10
tt9738436,Yalvaris,1987,83,"Adventure,Drama,Romance",10
tt9742372,Kalles Adam,1979,,Drama,10
tt9749604,Kill Me If You Dare,2019,104,"Comedy,Romance",10
tt9770208,Polo Coat,2019,91,Comedy,10
tt9777394,Dating Down Under,2019,,Comedy,10
tt9805498,Ira Laga Wadi,2013,97,Drama,10
tt9815124,Mami Jarum,2002,95,"Comedy,Drama",10
tt9815360,4 Letters,2019,121,"Comedy,Drama,Romance",10
tt9819258,Texas Red,2021,83,"Action,Drama,History",10
tt9823772,A Small Gold Fish,1982,89,Drama,10
tt9826484,Trinity Seven The Movie 2: Heavens Library & Crimson Lord,2019,63,"Action,Animation,Comedy",10
tt9830862,Suseema,2011,90,"Drama,Musical,Romance",10
tt9838752,Minan o koshô: Hitokiri hikosei,1955,93,\N,10
tt9844944,Exit Point,2019,96,Action,10
tt9854002,Musume jûroku jazz matsuri,1954,92,Musical,10
tt9859574,Shiv Shastri Balboa,2022,130,"Comedy,Drama",10
tt9871328,Ai no sakyû,1953,94,\N,10
tt9881330,The Theatre of Terror,2019,90,Horror,10
tt9900354,Anak Sulung Tujuh Keturunan,1982,110,"Action,Drama",10
tt9906644,Manoharam,2019,122,"Comedy,Drama",10
tt9308382,The High Note,2020,113,"Drama,Music,Romance",10
tt9313264,Ass Clowns: Constipated,2021,,Comedy,10
tt9343062,The Dark Side of Opulent II,2021,,Drama,10
tt9351062,Diary of Love,2021,94,Drama,10
tt9351598,Made in China,2019,87,"Comedy,Drama",10
tt9360688,Yami,1928,,Drama,10
tt9371810,The Dad with a Mole,1975,,\N,10
tt9372374,Broken Down,2020,92,Drama,10
tt9391864,Kane no naru oka - Dai nihen: Shukichi no maki,1949,83,Drama,10
tt9397742,Otome no shinsatsushitsu,1953,98,Drama,10
tt9420744,Tembang Lingsir,2019,90,Horror,10
tt9426802,Konets filma,2020,110,Comedy,10
tt9446888,The Fall,2019,100,"Drama,Romance",10
tt9448332,Ishq,2019,134,"Drama,Romance,Thriller",10
tt9461492,Ramarajya,2018,135,Drama,10
tt9461496,Anaganaga O Premakatha,2018,125,Drama,10
tt9466096,Seventeen Ninja 2: The Great Battle,1966,97,"Action,Drama",10
tt9466644,Damlelya Babachi Kahani,2016,115,Drama,10
tt9476430,The Manson Brothers Midnight Zombie Massacre,2021,92,"Comedy,Horror",10
tt9495044,Torve fantasie,2019,,"Comedy,Thriller",10
tt9496860,Jiang bei hao ren,2007,79,Drama,10
tt9536804,Blessed,2018,83,Documentary,10
tt9543062,Hosts,2020,89,Horror,10
tt9555284,Bekar Bekir,2017,94,Comedy,10
tt9555974,Haunted School,2001,85,Horror,10
tt9557672,Porakhel,2019,125,Drama,10
tt9562694,Alien Warfare,2019,88,"Action,Mystery,Sci-Fi",10
tt9581560,New Gods Outta Munich,2019,,Comedy,10
tt9587950,Free Skate,2022,120,"Drama,Thriller",10
tt9604142,The Young Lord,1955,83,Drama,10
tt9614428,Sikander 2,2019,131,Drama,10
tt9614460,Chhapaak,2020,120,"Biography,Drama",10
tt9616786,Sefarad,2019,94,Drama,10
tt9619008,Ekimae fudôsan: Bijo mo assenshimasu,1978,69,\N,10
tt9625010,Daily Betrayal,1958,,Drama,10
tt9635902,A Lifetime Treasure,2019,90,Comedy,10
tt9647642,The Confederate,2018,99,History,10
tt9680136,Pati Patni Aur Woh,2019,126,"Comedy,Romance",10
tt9691290,Sharmajee Ki Beti,2024,116,"Comedy,Drama",10
tt9691348,Jamraud,2021,140,Drama,10
tt9691846,Neon Tank,2022,,"Drama,Sci-Fi",10
tt9733150,Snowland,2020,85,Drama,10
tt9735790,Me You Madness,2021,98,Comedy,10
tt9760934,Villain,2018,132,Action,10
tt9761572,Death Rink,2019,74,Horror,10
tt9766280,Bhangra Paa Le,2020,131,"Comedy,Drama,Music",10
tt9767390,Exquisite Corpse,2021,91,"Drama,Horror,Thriller",10
tt9770150,Nomadland,2020,107,Drama,10
tt9774640,The Young Swordsman,1954,89,Drama,10
tt9806336,Rising High,2020,94,"Comedy,Drama",10
tt9807914,Mosaïque,2010,,Fantasy,10
tt9809230,Santa in Training,2019,95,"Comedy,Family",10
tt9815014,Trap City,2024,93,Drama,10
tt9817044,The Oath,2019,84,Drama,10
tt9840806,Kryonik,2016,47,"Action,Sci-Fi,Thriller",10
tt9845564,Below Zero,2021,106,"Action,Adventure,Crime",10
tt9850740,Sold Out,2021,91,"Drama,Music,Romance",10
tt9865310,Legend of the Demon Seal,2019,90,"Action,Drama,Fantasy",10
tt9873652,Wet Dog,2021,103,"Crime,Drama",10
tt9881616,La filla d'algú,2019,71,Drama,10
tt9883860,Nezumi kozô iro zange: Tsuki yo zakura,1954,90,\N,10
tt9889218,Spring Quicken Fruit Ripe,1961,91,Drama,10
tt9890052,Thai Curry,2019,127,Comedy,10
tt9890758,Ultraman R/B: Select! The Crystal of Bond,2019,72,"Action,Sci-Fi",10
tt9317286,Motel Acqua,2020,100,Thriller,10
tt9321408,Being Impossible,2018,97,Drama,10
tt9331072,44 Days,2018,52,Mystery,10
tt9335620,Royal Shakespeare Company: The Two Gentlemen of Verona,2014,142,"Comedy,Drama,Romance",10
tt9336434,Más Allá de la Herencia,2020,97,"Adventure,Drama,Family",10
tt9359224,Khulyancha Bazaar,1992,,Comedy,10
tt9360280,Ginja,1928,,Drama,10
tt9361322,The Annunciation,2018,45,Drama,10
tt9362736,Die My Love,2025,118,"Drama,Thriller",10
tt9367402,Dead Dicks,2019,83,"Comedy,Horror,Mystery",10
tt9371344,Knowing the Score,2019,70,Drama,10
tt9391986,Emulator,2019,90,"Crime,Thriller",10
tt9396112,Sathyam Paranja Viswasikuvo,2019,130,"Comedy,Drama",10
tt9403584,Pipe Dreams,2018,120,Drama,10
tt9419976,Triggered,2020,94,"Action,Comedy,Horror",10
tt9425000,Drive-In Grindhouse,2018,,Horror,10
tt9430574,Ranveer,2019,,"Action,Comedy,Drama",10
tt9441638,The Big Ugly,2020,106,"Crime,Drama,Thriller",10
tt9447594,The Gambler,2019,121,"Action,Sci-Fi,Thriller",10
tt9454646,Every Secret Thing: The Making of KKKillers,2019,,"Documentary,Horror",10
tt9458220,Shadow Island,2023,90,"Mystery,Thriller",10
tt9466498,Real Talk,2021,98,Drama,10
tt9468378,Mujahid,1965,,"Drama,History,War",10
tt9472208,Battalion 609,2019,131,War,10
tt9476372,After Met You,2019,107,Drama,10
tt9477520,Asuran,2019,141,"Action,Drama",10
tt9481776,Terimakasih Cinta,2019,101,Drama,10
tt9514970,Sons of Denmark,2019,123,"Drama,Thriller",10
tt9515298,Pandamonium,2020,86,"Comedy,Horror",10
tt9529302,Belalilar,2017,76,"Comedy,Western",10
tt9535950,No Mercy,2019,94,"Action,Crime,Thriller",10
tt9552258,The Confidence Man JP: The Movie,2019,116,"Comedy,Crime",10
tt9561744,The King of Disaster,2025,129,"Action,Adventure,Fantasy",10
tt9562296,Asking for It,2020,81,Comedy,10
tt9563348,Palyadawasi,2017,,Drama,10
tt9575160,Integrity,2019,114,"Crime,Drama,Mystery",10
tt9580036,The Art of Acting,2019,58,"Comedy,Drama",10
tt9608858,Street Connected,2023,51,Action,10
tt9612982,The Assent,2019,93,"Horror,Thriller",10
tt9614452,The Big Bull,2021,153,"Biography,Crime,Drama",10
tt9614988,Sillu Karuppatti,2019,153,"Drama,Romance",10
tt9621286,Kain Kafan Hitam,2019,76,Horror,10
tt9627092,Casino.sk,2019,90,\N,10
tt9630868,No Ordinary Love,2019,99,"Romance,Thriller",10
tt9632068,Hathara Denama Surayo,1971,,"Action,Drama",10
tt9639470,Last Night in Soho,2021,116,"Drama,Horror,Mystery",10
tt9642686,Villa Eva,2019,89,"Comedy,Drama",10
tt9642950,Darkhoongah,2019,104,Drama,10
tt9653108,Free by Noon,2021,85,Comedy,10
tt9660170,Inventura,2021,106,Drama,10
tt9668680,Mordkommission Calw - Schattenkrieger,2019,92,Thriller,10
tt9668748,Madinat AlMalahi,2020,72,Drama,10
tt9674904,Megh Bijlee Badal,1983,,"Drama,Family,Romance",10
tt9687560,The Land,2019,88,Drama,10
tt9695524,Dom,2023,91,"Action,Horror",10
tt9699784,Anutopto,1993,157,Romance,10
tt9701676,Prodigal,2019,96,Drama,10
tt9719864,"Calamity, a Childhood of Martha Jane Cannary",2020,85,"Adventure,Animation,Comedy",10
tt9724734,Sabre Dance,2019,93,"Biography,Drama",10
tt9728816,Debt,2019,103,Crime,10
tt9735758,Get Duked!,2019,87,"Comedy,Horror,Music",10
tt9742208,Michi no sex,1979,60,\N,10
tt9755660,A Hairy Tale,2019,102,"Comedy,Crime,Fantasy",10
tt9764958,The Legend of Lake Hollow,2024,88,Horror,10
tt9767724,Before and After the Rains,1956,100,Romance,10
tt9778348,The Winter Lake,2020,92,"Drama,Mystery,Thriller",10
tt9783658,Joshû ijô seiai,1980,60,\N,10
tt9783778,Adventures of Aladdin,2019,87,"Adventure,Family,Fantasy",10
tt9787468,Death Blood 4: Revenge of the Killer Nano-Robotic Blood Virus,2019,95,"Adventure,Comedy,Horror",10
tt9801368,"Top Models, Um Conto de Fadas Brasileiro",2011,90,Documentary,10
tt9816988,Gold,2019,83,Drama,10
tt9831136,The Banana Splits Movie,2019,89,"Comedy,Horror,Thriller",10
tt9833860,Asakusa no hi: Odoriko monogatari,1964,91,Drama,10
tt9834506,Post Mortem,2020,115,"Horror,Mystery,Thriller",10
tt9840382,Se mi vuoi bene,2019,100,Comedy,10
tt9843028,Kago de iku no wa,1955,49,History,10
tt9844892,Time & Again,2019,84,"Drama,Romance",10
tt9846922,Sudu Hansi,2010,120,Drama,10
tt9848962,Soldier Boy,2019,86,"Drama,War",10
tt9854782,Water Makes Us Wet: An Ecosexual Adventure,2019,80,Documentary,10
tt9856574,The Spore,2021,91,"Horror,Thriller",10
tt9858950,Kartallar,1972,,\N,10
tt9864800,Like Dogs,2021,94,"Horror,Thriller",10
tt9872618,The Happy Prisoner,2019,108,\N,10
tt9876298,O Segredo de Sara,2020,70,"Horror,Thriller",10
tt9876412,Star Trek: The Final Darkness,2004,85,Sci-Fi,10
tt9900570,Spicy Teacher,2018,,Comedy,10
tt9910102,The Agency of International Affairs,2019,,"Action,Drama",10
tt9913936,Paradise,2019,135,"Crime,Drama",10
tt9915790,Bobbyr Bondhura,2019,106,Family,10
tt9303508,#Moscow on the Beach,2018,83,Comedy,10
tt9303968,Tairiku no kanata,1926,,Drama,10
tt9316710,Sounding of Snow,2023,,Fantasy,10
tt9319728,Jaber,2019,,Adventure,10
tt9331322,Achille Tarallo,2018,103,Comedy,10
tt9341628,End of the World,2018,88,"Action,Adventure,Drama",10
tt9347518,Stick To The Status Quo,2016,,\N,10
tt9349898,Mallard's Road,2023,87,"Comedy,Romance",10
tt9358444,Moonbow,2019,84,Horror,10
tt9359560,Blizanci,2022,,Drama,10
tt9363990,Take a Stan,2019,96,Drama,10
tt9376172,The Least of These: The Graham Staines Story,2019,112,Drama,10
tt9378416,Maayon,2022,131,"Mystery,Thriller",10
tt9379530,Max Bishop,2021,,"Comedy,Crime",10
tt9394826,Lena,2022,76,"Horror,Thriller",10
tt9395528,Athuru Mithuru Hari Apuru,2018,104,"Drama,Family",10
tt9397550,Toshigoro,1958,82,Drama,10
tt9404258,Shubhalekha+lu,2018,,Drama,10
tt9422682,"The Author, the Star, and the Keeper",2020,108,"Drama,Family",10
tt9460386,Transference: A Love Story,2020,90,"Drama,Romance",10
tt9462578,Azmat-e-Islam,1965,,"Action,History,War",10
tt9463434,Silence of the Rain,2020,96,"Crime,Mystery,Thriller",10
tt9464000,Incident at Guilt Ridge,2020,75,"Drama,Western",10
tt9476068,Her Mind in Pieces,2019,92,Drama,10
tt9490972,PSP: Gaya Mahasiswa,2019,96,Comedy,10
tt9496886,Goddesses in the Flames of War,2018,,War,10
tt9506480,Saturn,2024,100,"Drama,Sci-Fi",10
tt9507234,Digimon Adventure: Last Evolution Kizuna,2020,94,"Action,Adventure,Animation",10
tt9516390,Vesyolyy kaleidoskop,1974,,Comedy,10
tt9528890,Malam Minggu Miko Movie,2014,90,Comedy,10
tt9541602,Extreme Job,2019,111,"Action,Comedy,Crime",10
tt9548134,Shundori Bodhu,2002,132,Family,10
tt9552932,CR: Complete Reality,2020,,"Action,Drama,Sci-Fi",10
tt9569610,Kaagaz,2021,109,"Biography,Comedy,Drama",10
tt9573686,Your Bones and Your Eyes,2019,118,Drama,10
tt9591698,MilzaMan,2018,61,"Comedy,Crime",10
tt9592292,Hitlist,2006,,"Action,Crime,Drama",10
tt9597190,Pegasus,2019,98,"Comedy,Sport",10
tt9613380,Liang xiang hao,1962,94,Comedy,10
tt9615856,Mom + Mom,2018,81,"Biography,Comedy,Romance",10
tt9616290,Das verrückteste Ende der Welt,2019,109,Comedy,10
tt9624438,Bazaar,2019,,"Action,Crime",10
tt9629946,The Text,2023,143,"Drama,Family",10
tt9654806,2 Band Radio,2019,,Comedy,10
tt9659926,A Barge on the Ocean,2020,95,"Drama,Romance",10
tt9660472,Monpe-san,1944,80,\N,10
tt9662266,Closer to God,2019,77,Drama,10
tt9665968,Small Country: An African Childhood,2020,112,Drama,10
tt9674196,Extraction Point,2021,72,"Action,Sci-Fi",10
tt9675318,Thiththa Aththa,2019,,Comedy,10
tt9678460,Destini,2019,90,Comedy,10
tt9680090,Thipparaa Meesam,2019,152,Romance,10
tt9717498,One for All,2020,91,Drama,10
tt9720696,Here to Mars,2018,90,"Drama,Fantasy",10
tt9731436,L'Atlantide,1932,89,"Adventure,Drama",10
tt9736978,One Against the House,2019,87,"Crime,Drama,Thriller",10
tt9742794,The Vault,2021,118,"Action,Thriller",10
tt9765900,DTC -Yukemuri Junjou Hen- from HiGH & LOW,2018,102,"Comedy,Drama",10
tt9773400,"Maisha, Maisha Tu",2015,57,Drama,10
tt9777644,Da 5 Bloods,2020,154,"Adventure,Drama,War",10
tt9784088,Target Kolkata,2013,119,"Action,Drama,Romance",10
tt9795052,What Would Linnea Do?,2019,,"Comedy,Horror",10
tt9805996,Kumanthong,2019,100,"Horror,Thriller",10
tt9808842,Speak Your Mind,2019,105,"Comedy,Drama",10
tt9816396,Kaguya-sama: Love Is War,2019,113,"Comedy,Drama,Romance",10
tt9826668,The Mysterious Note,2019,87,Adventure,10
tt9829108,Pha Dam Kam Ai,2024,,Comedy,10
tt9838916,Nohadan Amme,2004,107,Drama,10
tt9850084,Hadawatha Mal Yayai,2010,115,"Drama,Romance",10
tt9855782,Tujhi Majhi Love Story,2014,,Romance,10
tt9856710,Trafficked--Africa,2019,,"Action,Drama",10
tt9861316,Çakma Hayat,2013,,Comedy,10
tt9866916,Mitra,2021,107,Drama,10
tt9869228,Star Trek: Dark Horizon,2015,89,Sci-Fi,10
tt9870502,Star Trek: The Infinite Chain,1994,108,Sci-Fi,10
tt9872038,Twinkle Twinkle,2019,148,Horror,10
tt9900388,Hansa: Ek Sanyog,2019,135,Drama,10
tt9900940,Scrapper,2021,87,"Crime,Drama,Thriller",10
tt9911046,The Saving,2020,,"Action,Drama",10
tt9309546,Jesamui chujeog,1979,82,Action,10
tt9309950,Now Again,2021,110,Drama,10
tt9319896,Airaa,2019,142,"Drama,Horror",10
tt9332680,Neeyum Njanum,2019,161,"Drama,Romance",10
tt9348566,Strong Hawk: My Sister's Keeper,2022,95,"Action,Adventure,Sci-Fi",10
tt9349056,Netaji,2019,,Drama,10
tt9355162,Pomegranate Stew,2016,75,Comedy,10
tt9356708,Raja Shiv Chhatrapati,1974,,Action,10
tt9365768,Konomura Daikichi,1929,,Drama,10
tt9372746,Got my Hustle Up,2018,134,Drama,10
tt9378826,The Droving,2020,80,"Crime,Mystery,Thriller",10
tt9383658,Insite,2022,110,Drama,10
tt9389562,Mujeres Cabronas,2018,101,Action,10
tt9389598,Destino Mortal,2019,90,Action,10
tt9416478,Kegeê no gotoku: zenpen,1926,,Drama,10
tt9431072,Objectos de Luz,2022,67,Documentary,10
tt9458062,Enhanced,2019,99,"Action,Sci-Fi",10
tt9460430,Bagh Bandi Khela,2018,156,Thriller,10
tt9461104,Motel Acacia,2019,92,Horror,10
tt9465624,Blur,2022,100,"Horror,Thriller",10
tt9471786,Creatures of the Night,2022,95,"Horror,Sci-Fi",10
tt9472442,Bamse and the Thunderbell,2018,65,"Adventure,Animation,Comedy",10
tt9477178,El Caballero del Antifaz,2010,102,"Adventure,Comedy",10
tt9490122,Perspectives,2020,,"Action,Crime,Drama",10
tt9495690,Pagalpanti,2019,149,"Action,Comedy",10
tt9500358,Confessions of a Teenage Satanist,2019,84,Horror,10
tt9503764,La Venganza,2018,,Action,10
tt9515732,Xane: The Vampire God,2020,118,"Adventure,Drama,Fantasy",10
tt9522162,Sing A Love Song to Me,2019,116,Drama,10
tt9526784,Never Gonna Snow Again,2020,116,"Comedy,Drama,Mystery",10
tt9528596,Abnormal family: Niizumana buri,2018,,\N,10
tt9556198,Raiga: The Monster from the Deep Sea,2009,80,"Action,Fantasy,Sci-Fi",10
tt9557034,Union Bridge,2019,91,Thriller,10
tt9591766,White Forehead 3,2019,83,"Adventure,Comedy,Family",10
tt9593626,Batman: Seeds of Fear,2020,,Fantasy,10
tt9598594,Üç Harfliler: Adak,2019,91,"Horror,Thriller",10
tt9603216,Lines,2021,77,Drama,10
tt9611068,Save Your Soul,2019,88,Drama,10
tt9612368,An English Haunting,2020,89,Horror,10
tt9617560,The Wall of Mexico,2019,104,"Comedy,Drama",10
tt9619464,Nikudan mibôjin,1978,64,\N,10
tt9636120,Famous,2019,,Comedy,10
tt9652550,Delusional,2022,113,Thriller,10
tt9652888,Along Came the Devil 2,2019,87,"Horror,Thriller",10
tt9673548,Tujha Tu Majha Mi,2017,124,Drama,10
tt9674226,A Dog Barking at the Moon,2019,107,Drama,10
tt9680092,Prema Katha Chithram 2,2019,130,"Drama,Horror",10
tt9681686,Last Film Show,2021,110,Drama,10
tt9686610,Pranaya Meenukalude Kadal,2019,135,"Drama,Romance",10
tt9692040,The Monkey King: The Legend Begins,2022,90,"Adventure,Fantasy",10
tt9695404,The Club of Ugly Children,2019,91,"Action,Adventure,Family",10
tt9697398,Nozoki ibiri,1979,69,\N,10
tt9697780,Slalom,2020,92,"Drama,Sport",10
tt9711018,Ice Cream,2025,,Drama,10
tt9716054,Paai: The Mat,2021,,\N,10
tt9725058,Lateef to laden,2018,92,Comedy,10
tt9726146,Weerawarna,2016,121,"Drama,Mystery",10
tt9726522,Monkey King and City of Demons,2018,90,"Action,Adventure,Comedy",10
tt9735672,Doraemon: Nobita's Chronicle of the Moon Exploration,2019,111,"Action,Adventure,Animation",10
tt9741186,Verde,2020,88,Drama,10
tt9741588,Couple of Days,2016,102,Drama,10
tt9755822,When the Light Burns Out,2019,,Drama,10
tt9765760,Deathboard,2020,74,Horror,10
tt9774568,Moyuru uzumaki - zenpen,1924,,Drama,10
tt9799992,Sang Krasue,2019,122,"Drama,Horror,Romance",10
tt9803620,Tributaries,2021,101,"Drama,Sci-Fi",10
tt9805504,Break,2019,85,"Adventure,Drama,Horror",10
tt9808510,Vellam,2021,154,"Biography,Drama",10
tt9810436,Gunwali Dulhaniya,2019,114,"Comedy,Romance",10
tt9827352,AIDS Diva: The Legend of Connie Norman,2021,60,"Documentary,History",10
tt9828344,Ecosophia,2024,77,Documentary,10
tt9832110,Mooncussers,1962,85,"Adventure,Biography,Drama",10
tt9859508,Raiu,1946,80,\N,10
tt9867130,Sari Öküz Parasi,1972,66,Drama,10
tt9877274,Yarareru!,1981,60,\N,10
tt9887580,Bulletproof 2,2020,97,"Action,Comedy",10
tt9893158,Clowning,2022,96,"Crime,Romance",10
tt9902160,Herself,2020,97,Drama,10
tt9909656,Hentai mibôjin,1981,60,\N,10
tt9911196,The Marriage Escape,2020,103,"Comedy,Drama",10
tt9292378,El Cartel Del Diablo,2018,,Action,10
tt9312100,A Model Kidnapping,2019,85,Thriller,10
tt9312588,Topragin Oglu Sabuha,1978,82,"Drama,Romance",10
tt9313004,Coat,2023,122,"Drama,Family",10
tt9313474,Sayounara,2018,86,Drama,10
tt9315904,The Year of Fury,2020,102,Thriller,10
tt9319840,Iruttu,2019,133,"Drama,Horror,Mystery",10
tt9320140,The Man with the Answers,2021,80,"Drama,Romance",10
tt9344454,Expansivas,2020,95,"Drama,Thriller",10
tt9345754,The Occupant,2020,103,"Drama,Thriller",10
tt9346636,The Truth of IT,2018,,Horror,10
tt9347474,Gu feng shuang chu,1963,112,Drama,10
tt9361104,Thunder Road,1957,78,Drama,10
tt9364276,Unbreakable,2019,,Drama,10
tt9364436,Chun xi,1989,,Drama,10
tt9369268,BabeWatch: Wild Pool Parties,1999,,Fantasy,10
tt9379072,Mask,2019,131,"Comedy,Thriller",10
tt9386508,Saijoke no Kyoen,1951,98,Drama,10
tt9395400,Kahit ayaw mo na,2018,107,Drama,10
tt9402676,Door Lock,2018,102,"Horror,Mystery,Thriller",10
tt9437294,Chûboku tamesukê,1927,,Drama,10
tt9448932,Love Sarah,2020,97,"Comedy,Drama,Romance",10
tt9449952,Barun Rai and the House on the Cliff,2021,118,"Horror,Thriller",10
tt9451096,Workforce,2019,82,Drama,10
tt9465024,Camp Terror,2024,110,Horror,10
tt9474614,Shred of Decency,2020,60,"Drama,War",10
tt9475430,Por un puñado de pesos,2015,95,"Crime,Drama",10
tt9480692,O Auto da Boa Mentira,2021,100,Comedy,10
tt9485592,Girl Blood Sport,2019,354,"Action,Adventure,Fantasy",10
tt9487802,Lolotte,1921,,Drama,10
tt9493034,Till The Final Caprice,2022,,"Drama,Thriller",10
tt9502538,Caged Birds,2020,118,"Crime,Drama,History",10
tt9505224,This Place,2022,87,Drama,10
tt9515150,The Viking Sisters,2022,95,"Drama,History",10
tt9520084,Walk,2018,52,Drama,10
tt9523206,Letto numero 6,2019,117,"Drama,Horror,Thriller",10
tt9525682,Dare ni demo iyarashii himitsu ga aru,2018,,\N,10
tt9526152,Is It Wrong to Try to Pick Up Girls in a Dungeon - Arrow of the Orion,2019,82,"Action,Adventure,Animation",10
tt9529752,Makuko,2019,108,"Family,Sci-Fi",10
tt9537278,Naadodigal 2,2020,136,Drama,10
tt9551936,Charlotte The Return,2019,76,Horror,10
tt9557332,Yucca Fest,2021,85,\N,10
tt9564676,Un'avventura,2019,105,Musical,10
tt9572626,Broken Hearted,2019,122,"Drama,Romance",10
tt9574912,Toxic Obsession,2019,75,\N,10
tt9579106,Silent Partners,2025,82,"Crime,Drama",10
tt9581076,"So Long, My Son",2019,185,Drama,10
tt9598214,Naked Singularity,2021,93,"Comedy,Crime,Drama",10
tt9615112,Cinema i Utopia,2018,58,Documentary,10
tt9664514,Chains,2019,62,Drama,10
tt9676102,So Bad It's Good,2019,52,Documentary,10
tt9712136,Kathuru Mithuru,2023,115,Comedy,10
tt9721798,Family of Strangers,2019,117,"Crime,Drama",10
tt9733158,"Ticket d'amour, tarif étudiant",1992,103,\N,10
tt9735462,Aline,2020,126,"Biography,Comedy,Drama",10
tt9774762,Moyuru uzumaki - kôhen,1924,,Drama,10
tt9783204,Ante Up,2019,70,Thriller,10
tt9798638,High School Dance Off,2019,,Drama,10
tt9800234,Ninjutsu sanada-jô,1961,75,"Action,History",10
tt9805984,Marés,2018,84,Drama,10
tt9808564,Happy Sardar,2019,153,"Comedy,Romance",10
tt9812474,Lamb,2021,106,"Drama,Fantasy,Horror",10
tt9820352,Villain,2020,97,"Action,Crime,Drama",10
tt9822864,Saat Zaman,2019,98,"Action,Adventure,Drama",10
tt9833044,Sed de Venganza,2019,90,Action,10
tt9838780,Hidden Dragon Battle,2019,95,Action,10
tt9847844,Papers XIII: Blood Currency,2019,100,Comedy,10
tt9854706,Lost Objects: Three Encounters with the Gaze,2022,,Documentary,10
tt9866208,Beyond the Line,2019,78,"Action,Drama,War",10
tt9881852,Nanatsu no seiza,1951,88,\N,10
tt9883020,P over D,2019,100,"Comedy,Drama,Romance",10
tt9893266,These Streets We Haunt,2021,107,"Drama,Fantasy",10
tt9904820,American Terror Story,2019,76,Horror,10
tt9914286,Sokagin Çocuklari,2019,98,"Drama,Family",10
tt9914942,Life Without Sara Amat,2019,74,Drama,10
tt9304360,Ayogya,2019,146,"Action,Crime,Drama",10
tt9327584,À tous ceux qui ne me lisent pas,2018,107,Drama,10
tt9331556,Amber and Grace,2021,,Drama,10
tt9339796,Snowflake,2018,117,Drama,10
tt9341098,Enigma,2019,73,"Crime,Mystery",10
tt9341136,D5R de film,2017,85,Family,10
tt9342360,Magic To Do,2015,,\N,10
tt9345778,Twelve Thousand,2019,111,Drama,10
tt9364228,Que Leones,2019,96,"Comedy,Romance",10
tt9365604,Hikoza to kyuma,1935,,Drama,10
tt9369332,Halloween Horror Tales,2018,77,"Drama,Horror,Mystery",10
tt9387352,How I Became Russian,2019,94,Comedy,10
tt9389998,Pushpa: The Rise - Part 1,2021,179,"Action,Crime,Drama",10
tt9398640,Between Two Ferns: The Movie,2019,82,Comedy,10
tt9399168,Roam Rome Mein,2019,107,Drama,10
tt9408114,Revenge in the Great World,1989,89,"Action,Drama",10
tt9419834,Secret Obsession,2019,97,"Crime,Drama,Mystery",10
tt9421200,A Perfect Enemy,2020,89,"Drama,Thriller",10
tt9431520,Kiz Babasi,2018,110,"Comedy,Family",10
tt9441972,The Big Bank Theory,2004,122,Comedy,10
tt9443892,Degistir Bakalim,2016,103,Comedy,10
tt9445306,Tum-Pabi-Dum,2018,95,Family,10
tt9446952,Chahato Mi Tula,2016,143,Romance,10
tt9448688,Hard Luck Number,1978,56,Adult,10
tt9452846,Like Blood,2019,81,"Crime,Drama,Mystery",10
tt9454756,Grad,2010,146,Comedy,10
tt9460478,Picasso,2019,74,Drama,10
tt9466786,Luckee,2019,,"Comedy,Drama",10
tt9490990,"My Retirement, My Life",2018,109,"Drama,Romance",10
tt9506820,Garuda Superhero,2015,85,"Action,Fantasy",10
tt9510324,Death of a Fool,2020,84,"Adventure,Fantasy,Mystery",10
tt9519872,Purple Monster,2019,,Comedy,10
tt9525792,The Requiem Boogie,2024,,"Comedy,Drama",10
tt9530586,Cult of Nightmares,2020,87,"Horror,Sci-Fi",10
tt9531776,Shou hu tong nian,2009,96,Drama,10
tt9533342,Kids on the Block,2019,103,"Comedy,Family",10
tt9537082,Ranarangam,2019,138,"Action,Crime,Drama",10
tt9572674,Desert Wolf,2019,89,Horror,10
tt9586670,Fly at Last,1991,,War,10
tt9600960,Computer Hackers,2019,90,Sci-Fi,10
tt9618098,Courage,2022,90,Drama,10
tt9620056,Spring Breakaway,2019,45,Family,10
tt9621284,The Last Right,2019,106,"Comedy,Drama",10
tt9622618,Opera Mundi: Rigoletto Experientia,2020,100,Music,10
tt9636302,Snow Blinded,2022,96,"Drama,Horror,Thriller",10
tt9647776,Almost a Miracle,2019,120,"Comedy,Drama,Romance",10
tt9652730,All About Eve,2019,148,Drama,10
tt9663100,El Equipito,2019,93,Comedy,10
tt9669176,Accident Man: Hitman's Holiday,2022,96,"Action,Comedy,Crime",10
tt9679538,To Hell with Harvey,2019,88,Comedy,10
tt9697774,Treasure Lies,2020,107,Drama,10
tt9712476,Behind the Legend,2019,,"Drama,Family,Music",10
tt9735976,Wheels of Fortune,2020,106,Comedy,10
tt9767556,Of Love and Lies,2019,105,"Comedy,Drama",10
tt9784816,Ema,2018,70,Drama,10
tt9787140,The 400 Bravers,2018,122,Action,10
tt9811528,Lukisan Ratu Kidul,2019,90,Horror,10
tt9827784,Farewell Song,2019,116,"Drama,Music,Romance",10
tt9839040,Murphy's Law,2019,98,"Action,Comedy,Fantasy",10
tt9844522,Escape Room: Tournament of Champions,2021,88,"Action,Adventure,Horror",10
tt9850488,Tigers,2020,116,"Biography,Drama,Sport",10
tt9856080,Mezozoy Ahvalati,1976,66,"Drama,History",10
tt9873892,They Cloned Tyrone,2023,122,"Comedy,Mystery,Sci-Fi",10
tt9899880,Columbus,2018,82,"Comedy,Drama",10
tt9903952,BADMEN (with a good behavior),2018,87,"Comedy,Horror",10
tt9911750,Chambu Gabale,1989,131,Comedy,10
tt9291866,Rebelyon,1988,96,"Action,War",10
tt9308390,Margrete: Queen of the North,2021,120,"Biography,Drama,History",10
tt9309968,Suspense,2019,111,Mystery,10
tt9315672,Tezuka's Barbara,2019,100,"Drama,Fantasy,Mystery",10
tt9318768,Chiroptera,2019,131,"Action,Horror,Thriller",10
tt9327264,Recipe for Love,2018,97,Drama,10
tt9342622,La Seductora,2020,96,Drama,10
tt9347732,Root Letter,2022,87,"Drama,Mystery,Thriller",10
tt9354842,To All the Boys: P.S. I Still Love You,2020,101,"Comedy,Drama,Romance",10
tt9356952,The Death of Dick Long,2019,100,"Comedy,Crime,Drama",10
tt9359204,Wengi: Anak Mayit,2018,76,Horror,10
tt9364382,Gritty Romance,2022,,"Comedy,Romance",10
tt9383554,Bootlegger of the Damned,2007,,"Action,Horror,Thriller",10
tt9387250,Skylines,2020,113,"Action,Adventure,Sci-Fi",10
tt9390240,Shakeela,2020,126,"Biography,Drama",10
tt9392082,Magnolia,2019,49,"Drama,Music",10
tt9395384,One Great Love,2018,115,"Drama,Romance",10
tt9398530,The Goocher,2020,86,Horror,10
tt9405490,El-Zalem wa el-Mazloom,1999,,Drama,10
tt9412202,Who Cares?,1977,60,Comedy,10
tt9440520,Zimniy kruiz,2012,93,"Action,Crime,Mystery",10
tt9466854,Girgitle,2019,148,"Action,Comedy",10
tt9471784,The DVD,2019,86,"Drama,Horror",10
tt9485062,Beni azami,1926,,Drama,10
tt9485064,Reign Supreme,2020,100,Crime,10
tt9500068,Chia danshi!!,2019,118,Sport,10
tt9501950,Lobos,2019,91,"Crime,Drama,Thriller",10
tt9511468,Love-All,2023,132,Sport,10
tt9526392,The King of Laughter,2021,133,Biography,10
tt9529640,Dance with Me,2019,103,"Adventure,Comedy,Musical",10
tt9536664,"JD Lawrence's Martin, Malcolm & Me",2019,54,"Drama,History",10
tt9558612,PM Narendra Modi,2019,136,"Biography,Drama",10
tt9574324,Chicago,2019,,"Comedy,Crime,Drama",10
tt9602258,The Secret Mission,2019,135,"Comedy,Drama,History",10
tt9612136,Madha,2020,113,"Mystery,Thriller",10
tt9612892,The Black Emperor of Broadway,2020,98,Drama,10
tt9630940,Depaato girl: Kôkotsu sanshimai,1978,63,\N,10
tt9641092,Mount Hideaway Mysteries: Exes and Oh No's,2018,103,"Crime,Drama,Mystery",10
tt9642010,Go to Hell and Turn Left,2019,82,Comedy,10
tt9648092,La Despedida,1976,,Comedy,10
tt9653184,Ulan,2019,96,"Drama,Fantasy,Mystery",10
tt9654782,Adamstown,2019,88,"Drama,Western",10
tt9675716,Nerkonda Paarvai,2019,157,"Action,Crime,Drama",10
tt9676274,Ámbar,2020,83,Drama,10
tt9678892,Camille,2019,90,"Biography,Drama,War",10
tt9679368,Jûdai: Keiko no baai,1979,80,\N,10
tt9679528,Combat Wombat,2020,90,"Action,Adventure,Animation",10
tt9686350,Off the Rails,2021,94,Comedy,10
tt9721830,Hensô shikima,1979,70,\N,10
tt9733108,Playdurizm,2020,88,"Drama,Fantasy,Horror",10
tt9739486,Cherish Love,2019,,Comedy,10
tt9748034,Parallels Lost,2019,139,Drama,10
tt9764556,Sadako,2019,99,Horror,10
tt9764654,Race to Freedom: Um Bok Dong,2019,118,"Biography,Drama,History",10
tt9770432,The Incredible Jake Parker,2020,71,"Drama,Musical",10
tt9779804,15 Years,2019,89,Drama,10
tt9784638,Hakuchô,1966,79,Romance,10
tt9788898,VHS Violence,2021,,Horror,10
tt9789182,Portrait of a Young Man,2022,,Drama,10
tt9797630,Queen of the China Sea,1959,80,\N,10
tt9819664,Abstractions,2019,68,"Horror,Thriller",10
tt9825006,Before We Explode,2019,108,Comedy,10
tt9828908,Muthu Salamba,2011,105,Drama,10
tt9832954,Odoriko monogatari,1947,80,Drama,10
tt9834318,Ethumai Methumai,2011,,Comedy,10
tt9850344,Night Shift,2020,98,"Crime,Drama,Thriller",10
tt9876748,The Crystal Heist 2,2017,57,"Action,Comedy,Mystery",10
tt9880212,"I Love You, LC!",2019,105,Comedy,10
tt9881586,Rascal Does Not Dream of a Dreaming Girl,2019,89,"Animation,Drama,Fantasy",10
tt9881974,Jûrokumon karasudô: Sennin higan,1951,77,\N,10
tt9896768,The Immortal Wars: Rebirth,2021,84,Sci-Fi,10
tt9327540,Letters to Daniel,2020,,Drama,10
tt9347750,Final Kill,2020,80,Action,10
tt9348296,Oh Baby,2019,161,"Comedy,Drama,Fantasy",10
tt9349770,Ang pangarap kong holdap,2018,107,"Action,Comedy",10
tt9351220,My Great Grandfather,2019,122,Drama,10
tt9353656,A Night at the School,2019,80,"Action,Adventure,Comedy",10
tt9364806,Kenka Yasubei,1928,,Drama,10
tt9371730,I Thought You Knew,2022,90,Thriller,10
tt9378658,Some of Our Stallions,2021,89,"Comedy,Drama",10
tt9392248,The Best Years,2020,129,Drama,10
tt9408648,Dear Molly,2022,91,Drama,10
tt9414024,The Soviet Sleep Experiment,2019,79,Thriller,10
tt9436682,Podsnezhniki,1974,,"Adventure,Family",10
tt9439344,The Rise of Sir Longbottom,2021,73,"Action,Comedy,Sci-Fi",10
tt9442046,New Dawn,2018,,Sci-Fi,10
tt9442324,Kunisada Chûji edo iri,1926,,Drama,10
tt9447768,Tawme iskole,2018,114,"Drama,Family",10
tt9460914,Nadoy,2015,58,Comedy,10
tt9465518,Ninja Chushingura,1965,84,"Action,Adventure",10
tt9469842,Devil's Revenge,2019,98,Horror,10
tt9477132,Snakes,2018,80,"Adventure,Fantasy,Horror",10
tt9481962,I Do,2020,71,Drama,10
tt9496420,Deep Web,2020,80,"Crime,Horror,Thriller",10
tt9497760,Sol en el Agua,2021,88,Thriller,10
tt9519034,Onna sakazaki,1926,,Drama,10
tt9546054,How to Live in This World,2019,102,"Comedy,Drama,Romance",10
tt9551424,Await the Dawn,2020,90,"Horror,Sci-Fi",10
tt9569104,Chapulin: El Hijo De La Leyenda,2012,,Action,10
tt9573068,Slow Burn,2019,80,Drama,10
tt9578462,Crying Sky,2001,85,Drama,10
tt9592364,Mumbai Apli Ahe,2019,132,Drama,10
tt9620254,Bonikka,2015,119,"Drama,Horror",10
tt9621580,Bamboo Dogs,2018,81,"Crime,Drama,Thriller",10
tt9622950,Iroha Elegy,1955,80,Drama,10
tt9625298,Everyday But Christmas,2019,90,Comedy,10
tt9632182,Hathara Denama Surayo,2008,,"Action,Drama,Romance",10
tt9645472,Bato: The Gen. Ronald Dela Rosa Story,2019,90,"Action,Biography",10
tt9645476,Wildcat,2021,93,"Drama,Thriller",10
tt9649548,Gongzhu de zhanfu,2019,99,"Fantasy,History,Romance",10
tt9661960,Super Bomberos,2019,,Comedy,10
tt9663642,Expresos,2019,,Drama,10
tt9668598,Musabbar,2019,98,"Horror,Thriller",10
tt9679806,"Exist, Not Exist: Zero Tolerance for Silence",2022,122,"Biography,Drama,Fantasy",10
tt9686596,Permitted,2021,,Thriller,10
tt9693022,Wolf Boy,2021,,"Comedy,Horror",10
tt9707456,Nightshade,2022,90,"Crime,Fantasy,Horror",10
tt9727546,Numb,2026,102,Drama,10
tt9732072,None Mage Sudu None,2015,92,Comedy,10
tt9767908,A Gang of Five,1955,123,Action,10
tt9789042,Small Engine Repair,2021,102,"Crime,Drama,Thriller",10
tt9791552,Rosa,2019,80,Drama,10
tt9792940,The Broken Bridge,2018,100,Drama,10
tt9800034,Heidi,2019,96,Drama,10
tt9800604,Sathiyakata Mata Rata Baara Denna,2014,,Drama,10
tt9803454,Candela,2021,93,"Drama,Thriller",10
tt9811798,0009: The Sharks Make Contact,2019,133,"Animation,Comedy,Musical",10
tt9834062,Ahaa Re,2019,150,Drama,10
tt9834492,Yalda: A Night for Forgivness,2019,89,"Drama,Thriller",10
tt9848452,27 Rue de Fleurus,2019,,Comedy,10
tt9860728,Falling Inn Love,2019,98,"Comedy,Romance",10
tt9878598,No Such Thing as Housewives 2,2019,105,Comedy,10
tt9887130,The Human Comedy,2019,90,Comedy,10
tt9888560,Angel and the Mailman,2019,85,Drama,10
tt9892908,A Brand New Kitchen,2019,90,"Drama,Romance",10
tt9894470,VFW,2019,92,"Action,Crime,Horror",10
tt9296782,Brugklas: De tijd van m'n leven,2019,85,"Comedy,Drama,Family",10
tt9319194,Careful What You Wish For,2017,85,Horror,10
tt9319878,By Sheer Valour,1927,,History,10
tt9319960,"Just Sex, Nothing Personal",2018,94,Comedy,10
tt9324428,Two Autumns in Paris,2019,100,Drama,10
tt9333256,Moeru fuji shura gyoan no maki,1933,,Drama,10
tt9335444,Rantô no chimata,1926,,Drama,10
tt9349020,I figli dello stupore - La beat generation italiana,2018,,Documentary,10
tt9354422,El inconveniente,2020,94,Drama,10
tt9358088,Doorway,2019,,"Drama,Horror,Mystery",10
tt9365950,Kenshi katsurâ kogorô,1933,,Drama,10
tt9371706,Bunseî kênkajin Nogitsune Sanji,1934,,Drama,10
tt9387568,A Family Christmas,2018,,Comedy,10
tt9390222,72 Hours: Martyr Who Never Died,2019,130,"Biography,War",10
tt9422624,Silvio,2024,114,"Biography,Crime,Thriller",10
tt9426974,Patrick,2019,103,Drama,10
tt9428746,Aristotle and Dante Discover the Secrets of the Universe,2022,98,Drama,10
tt9457036,Changing the Rules II: The Movie,2019,,Drama,10
tt9461484,Ghazi Bin Abbas,1961,,"Biography,History,War",10
tt9522000,Ohatsu kichinosuke,1926,,Drama,10
tt9537342,Tara Mira,2019,120,Drama,10
tt9547318,Through Darkness I See You,2019,,Drama,10
tt9563872,Kengô tai gôketsu: Homare no kessen,1956,88,Action,10
tt9586162,Sincere Love,2009,90,Action,10
tt9595816,What She Said,2021,99,Drama,10
tt9598172,Saving Leningrad,2019,96,"Action,Drama,War",10
tt9600964,Lukewarm Christian,2019,90,"Adventure,Comedy",10
tt9624766,Jiu Jitsu,2020,102,"Action,Sci-Fi,Thriller",10
tt9625240,Nevia,2019,86,Drama,10
tt9643300,The Son of Vera Cruz,1968,,Action,10
tt9654308,Onatsu and Seijuro,1954,100,\N,10
tt9658022,Magdasal ka na... Gonzalvo!,1994,,"Action,War",10
tt9660502,Close,2022,104,Drama,10
tt9660666,Wishlist,2020,102,"Comedy,Drama",10
tt9675366,Joutuk,1979,,Drama,10
tt9690818,Tag Team Truckers,2018,77,"Comedy,Drama,Family",10
tt9695722,Vanguard,2020,107,"Action,Adventure,Comedy",10
tt9702850,Bandeira de Retalhos,2018,90,Drama,10
tt9704488,Through the Eye,2017,90,"Horror,Mystery",10
tt9710558,Agent 11,2020,67,"Action,Adventure,Sci-Fi",10
tt9714030,France,2021,133,"Comedy,Drama",10
tt9730744,Reality,2020,,Sci-Fi,10
tt9731534,The Night House,2020,107,"Horror,Mystery,Thriller",10
tt9738392,Acilar,1988,,"Adventure,Drama,Romance",10
tt9740730,Soothrakkaran,2019,147,"Family,Thriller",10
tt9742166,Cozpar: All for One,2017,57,Sci-Fi,10
tt9742642,Turtle,2018,75,Drama,10
tt9748136,To Nowhere,2020,85,Drama,10
tt9752892,Cozpar: Dark Beginning,2018,68,Sci-Fi,10
tt9761088,- M - Sono solo un ragazzo,2019,,"Action,Adventure,Drama",10
tt9777766,Citizen,2015,,Drama,10
tt9779352,Tôkaidô no yarô domo,1958,90,Drama,10
tt9787228,Maior que o Mundo,2022,,Comedy,10
tt9795552,Vanquished Foes,1964,87,"Action,Drama,History",10
tt9811452,Chikati Gadilo Chithakotudu,2019,152,"Comedy,Horror",10
tt9814730,The Flare,2017,63,Sport,10
tt9814918,Jafar Jenni and His Beloved,1973,,\N,10
tt9829092,Inocencia,2018,121,Drama,10
tt9848972,Bilched,2019,99,"Comedy,Drama",10
tt9850264,Paradise War: The Story of Bruno Manser,2019,142,"Adventure,Biography,Drama",10
tt9855510,Oildale,2019,97,"Drama,Family,Music",10
tt9855990,Nightmare Tenant,2018,90,Thriller,10
tt9859528,DNA,2019,,Action,10
tt9861254,Altin Horoz,2014,,Comedy,10
tt9867478,Approaching Shadows,2021,85,Horror,10
tt9892094,Mogul Mowgli,2020,89,"Drama,Music",10
tt9913594,Bacchanalia,2017,72,"Drama,Mystery,Thriller",10
tt9292510,A Stone Cold Christmas,2018,90,"Comedy,Romance",10
tt9296590,The Noblemen: Alpha Rift,2021,94,"Action,Comedy,Fantasy",10
tt9296734,Huo shu yin hua,1947,,Comedy,10
tt9309046,"Sincerely, Brenda",2018,87,Drama,10
tt9309408,Stray Dog,2019,89,"Crime,Drama",10
tt9313558,Coming Home,2018,50,Family,10
tt9315112,Baap Re Baap,2019,120,"Comedy,Drama",10
tt9318310,Vieniga Fotografija,2008,52,"Drama,History",10
tt9319826,Jungle Cry,2022,117,"Drama,Sport",10
tt9337248,"Mary, Marry Me",2018,105,"Comedy,Drama,Family",10
tt9357404,Dying Embers,2018,76,"Crime,Drama,Thriller",10
tt9371672,Kaikyô Kôchiyama Sôshun gôtanhen,1933,,Drama,10
tt9372172,Ballsy Girl,2020,95,Comedy,10
tt9373218,Kinnoto,1934,,Drama,10
tt9381742,Hellbound,2018,,Thriller,10
tt9391146,Kurotegumi Sukeroku: zenpen,1926,,Drama,10
tt9414684,Ueta mesuneko,1975,64,\N,10
tt9420648,Bala,2019,133,Comedy,10
tt9422724,Nizam Daku,1979,,"Action,Biography,Drama",10
tt9423096,Yoru hiraku midara bana,1975,60,\N,10
tt9436632,Old-Timers,2019,85,"Comedy,Crime,Drama",10
tt9441934,Pita Putro,1970,,"Drama,Family",10
tt9441978,Ikka,2018,97,Drama,10
tt9454554,Ashawari,2022,127,"Drama,Romance",10
tt9456222,The Very Last Day,2018,123,Thriller,10
tt9471128,Anna Karenina: Musical,2018,132,Musical,10
tt9482402,Where Is the Venkatalakshmi,2019,139,"Comedy,Horror",10
tt9482620,Onna ronin,1926,,Drama,10
tt9516994,Darbe,1984,74,Drama,10
tt9522946,Harvest,2026,118,Drama,10
tt9526124,Timur and the Squad,2014,72,Family,10
tt9529756,Not-So Amazing,2020,138,Comedy,10
tt9530954,Laundry Show,2019,97,"Comedy,Drama",10
tt9531138,Han Dan,2019,125,"Drama,Family,Romance",10
tt9553096,Los Cuatro de Mr.M,2017,48,Action,10
tt9564364,Maboroshi no satsui,1971,100,Drama,10
tt9569096,Sharp Corner,2024,110,"Drama,Thriller",10
tt9569306,Bad Girl Avenue,2018,81,Comedy,10
tt9571216,Valek,2018,131,Documentary,10
tt9576824,Estuary,1961,88,Drama,10
tt9581844,Where Is St. Nicholas' Big Book?,2019,67,Family,10
tt9582810,Der erste Schnee,1979,90,Drama,10
tt9592892,Mangrove Forests on the Sea,2008,93,Drama,10
tt9600076,Namida no wataridori,1933,,Drama,10
tt9602716,Fatally Flawless,2022,110,Drama,10
tt9633264,Win My Baby Back,2019,102,"Comedy,Family,Romance",10
tt9635772,Nanatsu no kao,1946,80,Mystery,10
tt9641602,The Harbour Rose,2019,50,Drama,10
tt9646624,Haha o tazunete iku-san ga,1954,63,\N,10
tt9664206,The Acrobat,2019,134,Drama,10
tt9669242,La máquina del diablo,2017,80,Horror,10
tt9670540,Shiksha,1985,,Drama,10
tt9670890,Tensione superficiale,2019,90,Drama,10
tt9677100,Soul Reaper,2019,84,Horror,10
tt9680630,Jade Dynasty,2019,101,"Action,Fantasy,Romance",10
tt9686790,Shotgun Wedding,2022,101,"Action,Comedy,Romance",10
tt9689930,Zombie Universe 2,2012,56,"Action,Comedy,Horror",10
tt9722174,Pettytine's Day,2020,60,Drama,10
tt9737798,Needle Park Baby,2020,98,Drama,10
tt9741016,Tails of Iceland,2019,65,Documentary,10
tt9752076,Ljubljanski fantom,2012,,Comedy,10
tt9764248,Petak 13. II,2019,75,"Comedy,Fantasy",10
tt9765352,Regresa,2026,,"Drama,Horror,Thriller",10
tt9772812,Lord of Shingnapur,2016,,\N,10
tt9783868,Ôoku in: No ran - Hanabira moyu,2006,,Drama,10
tt9784798,Judas and the Black Messiah,2021,126,"Biography,Crime,Drama",10
tt9800694,The Wolf Pack,2019,95,"Action,War",10
tt9801322,The Right Pocket of the Robe,2018,100,Drama,10
tt9804272,Crime Story,2021,98,"Crime,Drama,Thriller",10
tt9804514,Para toda la muerte,2020,76,Comedy,10
tt9806322,Isi & Ossi,2020,113,"Comedy,Romance",10
tt9834736,The Birth of Deceit,2019,85,"Mystery,Thriller",10
tt9838980,Vampire Clay 2,2019,100,Horror,10
tt9849644,Mind Thief,2022,108,"Comedy,Mystery,Sci-Fi",10
tt9853500,Bandit,2022,126,"Biography,Crime,Drama",10
tt9861200,The Swedish Torpedo,2024,120,"Drama,Romance,Sport",10
tt9861214,Drie dagen vis,2024,85,"Comedy,Drama",10
tt9861522,Ali,2019,110,Drama,10
tt9863566,Urbanus: De Vuilnisheld,2019,72,"Animation,Comedy",10
tt9865452,Before It's Too Late,2019,73,"Drama,Thriller",10
tt9881312,Brise glace,2023,97,Drama,10
tt9887290,The Vested Astrologer,2019,135,"Drama,Musical",10
tt9892546,Aladdin,2022,104,"Drama,Musical,Romance",10
tt9900390,Jahanam,1971,,"Action,Adventure,Drama",10
tt9900614,Lady Boss,2005,111,"Comedy,Family,Romance",10
tt9905412,Ottam,2019,120,Drama,10
tt9910238,Be 5min. vede,2017,80,"Comedy,Romance",10
tt9301428,Deathcember,2019,145,"Comedy,Horror",10
tt9303696,Tudo Acaba em Festa,2018,100,Comedy,10
tt9310606,The Odd-Job Men,2021,85,Comedy,10
tt9318730,The Fugitives,2019,135,"Action,Comedy,Romance",10
tt9319812,Hum Chaar,2019,143,Drama,10
tt9327378,The Woods of Purgatory,2018,100,"Horror,Mystery,Thriller",10
tt9332398,Believe in You,2020,120,"Adventure,Drama,Musical",10
tt9364684,Debt Fees,2019,90,Comedy,10
tt9365800,Slayers,2022,88,"Comedy,Fantasy,Horror",10
tt9368552,Some Like It Hot 2,2019,134,Comedy,10
tt9378134,Startup Girls,2019,94,"Comedy,Drama",10
tt9415530,Kurotegumi Sukeroku chuhen,1926,,Drama,10
tt9426186,Revenger,2018,101,"Action,Crime,Thriller",10
tt9437224,Îkon no komageta: kôhen,1926,,Drama,10
tt9460422,Navazhdenie,2008,,Drama,10
tt9468644,Suryakantham,2019,139,"Comedy,Romance",10
tt9489944,Brigitte Bardot Forever,2021,122,Drama,10
tt9505396,Adrian,2024,,"Adventure,Drama,Horror",10
tt9510356,Mito komon manyuki,1954,93,"Adventure,Fantasy",10
tt9513644,Saymadim Kaç Yil Oldu,1975,,Romance,10
tt9526090,Pravila geymera,2018,100,"Adventure,Drama",10
tt9529556,198 Grand,2019,105,Crime,10
tt9557390,Bemidji,2018,70,"Comedy,Crime,Drama",10
tt9558468,iSmart Shankar,2019,140,"Action,Sci-Fi",10
tt9559504,Dealer,2021,104,"Crime,Drama",10
tt9568074,Lõbus perekond,2018,95,Comedy,10
tt9569504,Macbeth,2011,,Drama,10
tt9577694,Soulless,2018,,Drama,10
tt9584730,No soy tu mami,2019,108,"Comedy,Romance",10
tt9602472,Sissy,2022,102,"Comedy,Drama,Horror",10
tt9604418,Jubilate Trego: The Choral Legacy of William Trego,2019,97,"Documentary,Music",10
tt9624686,Force of Habit,2019,75,"Comedy,Drama",10
tt9625664,Trauma Center,2019,87,"Action,Thriller",10
tt9648952,Gharar-e Badi Haman Ja,2014,,Drama,10
tt9670458,The Gift of A-Fu,1984,95,Drama,10
tt9671188,My Way,2019,60,Crime,10
tt9683836,Roman a La Mode,1958,96,Drama,10
tt9685692,Flexed,2012,83,Drama,10
tt9686586,Order Order Out of Order,2019,134,Drama,10
tt9699686,Last Chancers,2020,78,"Comedy,Crime",10
tt9701082,The Bee-eaters,2020,85,Drama,10
tt9729774,Sapthagiri LLB,2017,138,"Comedy,Drama",10
tt9730822,Natural Disasters,2020,105,"Comedy,Drama",10
tt9730866,Spriggan,2019,80,Fantasy,10
tt9733036,The Deacon of Doom,2020,,Horror,10
tt9740414,Dadda: Donald and Daisy Duck Adventure,2019,,"Comedy,Western",10
tt9751002,The Available Wife,2020,100,Drama,10
tt9752158,Appointed - The Story of George H. Murray,2020,90,"Biography,Drama,History",10
tt9762398,Teenage Badass,2020,98,Comedy,10
tt9765226,1 Night in San Diego,2020,85,Comedy,10
tt9765542,ANi,2019,120,"Drama,Fantasy,Sci-Fi",10
tt9765902,Discolocos,2016,102,Documentary,10
tt9766332,Atrangi Re,2021,138,"Comedy,Drama,Fantasy",10
tt9777886,Carry on Deshpande,2015,,Comedy,10
tt9789670,Porinju Mariyam Jose,2019,148,"Action,Comedy,Drama",10
tt9798310,#Odindenleta,2018,100,Comedy,10
tt9810236,Apophis 2029,2026,96,Drama,10
tt9810420,A Second Chance: Rivals!,2019,89,"Drama,Family,Sport",10
tt9815554,Not to Forget,2021,84,Drama,10
tt9818102,Yowis Ben II,2019,109,"Comedy,Drama,Music",10
tt9839636,The Perfect Wedding,2019,110,"Comedy,Romance",10
tt9848626,Hotel Transylvania 4: Transformania,2022,87,"Adventure,Animation,Comedy",10
tt9861220,Is She Raju?,2019,155,Comedy,10
tt9874290,Star Trek: Incident at Beta 9,2002,57,Sci-Fi,10
tt9898636,Pertarongan,1960,105,"Action,Drama,Romance",10
tt9899860,Watching This Movie Is a Crime,2019,91,"Drama,Thriller",10
tt9900398,Love Lives Here,2019,94,Drama,10
tt9904098,Dosage Volume V,2008,,"Action,Documentary,Sport",10
tt9916270,Il talento del calabrone,2020,84,Thriller,10
tt9293926,In the Time of Hangover,2018,93,"Comedy,Drama",10
tt9296214,Zwinglis Erbe,2018,57,"Biography,Drama,History",10
tt9302026,Lost in Separation,2019,89,"Comedy,Drama,Family",10
tt9303040,Patio,2018,79,"Drama,Romance",10
tt9303782,Carte de visite,2019,140,\N,10
tt9343826,Ananthu v/s Nusrath,2018,149,"Comedy,Drama,Family",10
tt9348546,Cat Sticks,2019,94,Drama,10
tt9354432,Alberto and the Concrete Jungle,2020,99,"Adventure,Comedy,Drama",10
tt9354674,Ganagandharvan,2019,140,"Comedy,Drama,Music",10
tt9359344,"Te quiero, imbécil",2020,87,Comedy,10
tt9373894,Farda w'lkat okht'ha,1978,80,Comedy,10
tt9376612,Shang-Chi and the Legend of the Ten Rings,2021,132,"Action,Adventure,Fantasy",10
tt9387520,Pervers ordinaire,2018,105,Crime,10
tt9406926,Leaving the Scene,2019,127,Drama,10
tt9407490,Freies Land,2019,129,"Crime,Drama,Mystery",10
tt9408568,Battle of Defense,2020,90,"Adventure,War",10
tt9479806,Endless Loop,2018,97,"Crime,Mystery",10
tt9493038,The Girl in the Orange Dress,2018,100,"Comedy,Romance",10
tt9519642,The Wedding Unplanner,2020,110,"Comedy,Romance",10
tt9523112,Honey Bee,2018,93,Drama,10
tt9525200,Sex Adventure: Wonder Eros,2018,,\N,10
tt9525352,The Adventure of Magical Michiko,2018,70,"Comedy,Fantasy",10
tt9568230,Night Raiders,2021,101,"Action,Sci-Fi,Thriller",10
tt9579634,S.P.A.R.K.,2019,66,"Drama,Romance",10
tt9580442,Chikan nozoki no gokuhi,1977,60,\N,10
tt9585724,Devil Has Humanity,2009,82,"Action,Crime,Drama",10
tt9615020,Natpe Thunai,2019,154,"Comedy,Drama,Sport",10
tt9618764,Haha zukiyo,1951,86,Drama,10
tt9620288,King Richard,2021,144,"Biography,Drama,Sport",10
tt9626278,Fourteen,2019,94,Drama,10
tt9626392,Rameshan Oru Peralla,2019,120,"Drama,Thriller",10
tt9631052,Lamh el-Basar,2012,90,"Crime,Drama,Thriller",10
tt9631944,Bingo,2019,84,Comedy,10
tt9633480,Uppena,2021,147,"Drama,Romance",10
tt9662722,Pinky,2020,100,Fantasy,10
tt9672824,Timescape,2022,80,Sci-Fi,10
tt9677416,Misfit,2019,82,Comedy,10
tt9695308,The Columnist,2019,88,"Comedy,Crime,Drama",10
tt9700984,Para Além da Memória,2019,90,Drama,10
tt9701230,We Are Horror,2019,,"Documentary,Horror",10
tt9708416,Revenge Inc.,2007,,Action,10
tt9717144,I nomi del signor Sulcic,2018,80,Documentary,10
tt9723262,Ang sikreto ng piso,2019,,Comedy,10
tt9740064,Broken Bonds,2018,45,Drama,10
tt9753002,My Grand Farewell,2020,80,Drama,10
tt9760426,Romantic,2021,135,"Action,Drama,Romance",10
tt9765840,Lena and Snowball,2021,90,"Adventure,Comedy,Family",10
tt9765842,Kaddu Mucchi,2021,138,Drama,10
tt9779658,Master Cheng,2019,114,"Comedy,Drama,Romance",10
tt9782800,Cheers to the Sky,1966,96,Romance,10
tt9788706,An Enemy Within,2025,98,Thriller,10
tt9789390,Okore sanpei,1953,86,\N,10
tt9806468,It Snows in Benidorm,2020,117,"Drama,Thriller",10
tt9816970,Midday Event: Trace of Blood,2019,130,"Action,Drama,History",10
tt9817466,Wassanaye Senehasa,2012,120,"Drama,Romance",10
tt9844420,Star High,2011,66,Sci-Fi,10
tt9866736,Rise: Ini Kalilah,2018,100,"Crime,Drama,History",10
tt9878246,The Deserter,2022,82,"Crime,Fantasy,Sci-Fi",10
tt9890870,Antonio María Valencia: Música en Cámara,1987,87,Documentary,10
tt9894894,Caviar,2019,93,Comedy,10
tt9898086,Carol of the Bells,2019,100,Drama,10
tt9903716,Jessie,2019,106,"Horror,Thriller",10
tt9294426,Blind Confession,2022,,"Crime,Drama,Romance",10
tt9296084,Non scommettere mai con il cielo,1987,90,Comedy,10
tt9302912,Motif,2019,85,"Crime,Drama,Family",10
tt9303032,Avengers: Legacy,2020,87,Sci-Fi,10
tt9331776,Giantess Attack vs. Mecha Fembot (2019),2019,67,Comedy,10
tt9333076,Gopi,2019,121,Drama,10
tt9333358,A Hét Föben Járó Bünös,2018,100,"Action,Comedy",10
tt9340872,The Bike Thief,2020,79,"Drama,Thriller",10
tt9348690,The Breitner Commando,2019,109,"Drama,War",10
tt9368384,Menno's Reins,1976,60,Documentary,10
tt9371734,Edô no hekogumî onna kinseî,1934,,Drama,10
tt9372116,Would I Lie to You: The Beginning,2019,110,Comedy,10
tt9373258,Âmida shigure,1934,,Drama,10
tt9389584,Kismath,2018,,Action,10
tt9408282,Hell's Gift,2019,72,Drama,10
tt9409854,Airpocalypse,2018,105,"Action,Adventure,Comedy",10
tt9413114,Tôzai seigôiro kurabe,1975,61,\N,10
tt9442780,Technoboss,2019,112,"Comedy,Musical,Romance",10
tt9448946,Babloo Bachelor,2021,130,Comedy,10
tt9454070,Matt & Mou,2019,96,"Comedy,Romance",10
tt9460472,Jindari,2018,129,Drama,10
tt9460596,About Youth,2018,87,Romance,10
tt9465812,Reel Dead,2018,72,Horror,10
tt9487526,Finlandia,2021,97,"Drama,Fantasy",10
tt9493708,Underdog,2019,116,"Action,Drama,Sport",10
tt9494300,Otlum,2018,90,Horror,10
tt9495080,Fisheye,2020,97,Drama,10
tt9506474,The Hater,2020,135,"Drama,Thriller",10
tt9517374,Torimono gohen gohenso no maki,1925,,Drama,10
tt9526262,Tôkyô jôka: Furueru chikubi,2018,,\N,10
tt9537148,Premnath,2021,,Action,10
tt9545516,The Sparrow,2022,92,Drama,10
tt9555530,Bahtiyar Bahtikara,2017,110,Comedy,10
tt9564774,Venky Mama,2019,149,Drama,10
tt9578420,"Entatsu, Achako and Torazo: Chuji Kunisada's First Smile of the New Year",1939,63,Comedy,10
tt9581478,Pineboxfast,2003,88,Action,10
tt9594140,Boy Tokwa: Lodi ng Gapo,2019,103,Comedy,10
tt9606700,Shôkon no okite,1959,70,"Action,Crime",10
tt9609716,House of the Invisibles,2007,90,Horror,10
tt9614440,Mickey and the Bear,2019,88,Drama,10
tt9617280,Mountain Cat Woman,1948,85,Drama,10
tt9619984,Bonikka,1983,84,"Drama,Horror",10
tt9622380,Marriage Japanese Style,1969,84,Comedy,10
tt9626928,Autumn Fairy Tale,2019,105,"Drama,Romance",10
tt9638084,National Theatre Live: Small Island,2019,210,Drama,10
tt9641242,Modern Loves,2019,83,"Comedy,Drama",10
tt9643330,Pemburu Mayat,1972,73,"Horror,Mystery,Thriller",10
tt9649974,Secret Letter of the Crescent Moon,1957,52,Drama,10
tt9652322,Chief Daddy,2018,99,Comedy,10
tt9654108,The Scary House,2020,100,"Drama,Horror,Mystery",10
tt9658388,Praise This,2023,101,"Musical,Romance",10
tt9663146,Talented Woman,1959,87,Comedy,10
tt9665786,Un tour chez ma fille,2021,88,Comedy,10
tt9679044,Kaf Dagini Terk Edenler,1971,,\N,10
tt9685686,Last Visit,2019,76,Drama,10
tt9686154,You Will Die at 20,2019,103,Drama,10
tt9687584,Operation Teddybear,2020,65,Drama,10
tt9693686,The Man in Purple,2018,50,Drama,10
tt9695258,So My Grandma's a Lesbian!,2019,94,Comedy,10
tt9739410,Anatha Dupatha,2015,107,"Horror,Mystery,Thriller",10
tt9741362,A Stranger Among the Living,2019,94,"Drama,Horror,Thriller",10
tt9747894,Voice Over,2018,85,Drama,10
tt9777790,What's with This Granny!?,2019,99,Comedy,10
tt9783722,Was I Really Kidnapped?,2019,86,"Mystery,Thriller",10
tt9786512,Adiós,2019,111,"Action,Adventure,Drama",10
tt9789266,Taufiq: Lelaki yang Menantang Badai,2019,,Drama,10
tt9795686,Holy Cow,2022,120,Comedy,10
tt9800048,Spagat,2020,110,Drama,10
tt9800096,The Prisoner of Sakura,2019,111,"Drama,History,Romance",10
tt9801736,"A White, White Day",2019,109,"Drama,Mystery,Thriller",10
tt9802538,The Teacher,2021,80,"Action,Comedy,Family",10
tt9805110,Sangkar,2019,112,"Action,Drama,Sport",10
tt9811374,A Very Bad Friend,2019,94,Comedy,10
tt9815072,Pontianak Menjerit,2005,105,"Comedy,Horror,Mystery",10
tt9815998,Hooking Up,2020,104,"Comedy,Drama",10
tt9820628,Film Fest,2020,96,"Comedy,Drama",10
tt9823546,Ghungarachya Nadat,2014,,Thriller,10
tt9826126,Scion,2018,81,"Fantasy,Thriller",10
tt9828918,#Iamhere,2019,97,Comedy,10
tt9834798,That's the Way You Love,2019,96,Drama,10
tt9840936,Forbidden Lips,1958,78,Romance,10
tt9842544,Jonás II. aneb Jak je dulezité míti Melicharovou,1988,74,"Comedy,Musical",10
tt9846462,Todo,2019,86,\N,10
tt9853452,Veszett idök,2001,62,Fantasy,10
tt9855578,L'impasse,2016,,\N,10
tt9865492,Curse of the Hag,2018,73,Horror,10
tt9866700,Paranormal Investigation,2018,92,"Horror,Thriller",10
tt9869668,The Final Ride,2019,79,"Comedy,Horror",10
tt9876584,Duele Decidir,2024,,Drama,10
tt9881678,Chapter X,2023,100,"Drama,Fantasy,Horror",10
tt9908636,Das Spiel der Hoffnung,2017,100,Fantasy,10
tt9290986,The Infinity Project,2018,86,"Action,Sci-Fi,Thriller",10
tt9291476,Welcome to the Strange,2018,61,Horror,10
tt9313908,Simon Calls,2020,84,Drama,10
tt9322350,Tu Tithe Asave,2018,132,"Drama,Romance",10
tt9337038,Cashing Checks for Salvation,2014,145,Crime,10
tt9340486,A Little More Homework,2015,,\N,10
tt9350110,Jakon mado,1927,,Drama,10
tt9358480,Dimming Lights,2025,128,Drama,10
tt9363192,The Ghost Trap,2024,106,Drama,10
tt9368006,Iwane: Sword of Serenity,2019,121,Drama,10
tt9368200,Stoned Sex Cinema,2019,90,Drama,10
tt9375730,Onna yu hyakunen-shi,1974,64,\N,10
tt9382140,Too Far Away,2019,89,"Drama,Family",10
tt9394786,The Bunker,2018,46,Drama,10
tt9405714,Toy Box Killers,2021,75,"Crime,Horror",10
tt9413792,75 South,2019,,Thriller,10
tt9418306,Trucker,2024,85,"Action,Horror,Thriller",10
tt9437360,Impossible Crimes,2019,95,"Crime,Horror,Mystery",10
tt9450384,Docu-Dance 2018,2018,64,Documentary,10
tt9460808,Ek Hoti Rani,2016,137,Romance,10
tt9466132,Shinma Yeda,2016,134,Drama,10
tt9466424,Oru Kaatil Oru Paykappal,2018,122,Romance,10
tt9500346,Knifecorp,2021,87,Horror,10
tt9500864,Flesher,2019,,Horror,10
tt9501678,Suparna,2020,101,"Action,Drama,Sci-Fi",10
tt9511550,Weli Pawuru,2019,123,Drama,10
tt9514690,Kiran Kulkarni VS Kiran Kulkarni,2016,143,Drama,10
tt9531538,The Glory of Emptiness,2022,100,"Crime,Drama,Thriller",10
tt9548438,Jasei no in,1960,78,Horror,10
tt9556104,Fo fa wu bian,1978,,"Adventure,Fantasy",10
tt9561782,Vajra Kavachadhara Govinda,2019,140,Action,10
tt9585116,Virt,2022,106,"Action,Sci-Fi",10
tt9596092,Como el viento,2023,104,Drama,10
tt9610422,Onirica,2019,98,Crime,10
tt9613316,Frances Ferguson,2019,74,Comedy,10
tt9644250,Leave the Journey to the Whimsical Wind,1958,78,Comedy,10
tt9647880,Weekend Warriors,2021,93,"Action,Adventure,Thriller",10
tt9648162,Õigus õnnele,2018,95,Drama,10
tt9648668,Wedding Cha Shinema,2019,137,Comedy,10
tt9648672,Street Dancer 3D,2020,146,"Drama,Music",10
tt9657950,JK Rock,2019,92,Music,10
tt9660688,Black Beach,2020,110,"Action,Crime,Drama",10
tt9663168,The Devil Conspiracy,2022,111,"Horror,Sci-Fi,Thriller",10
tt9685782,Plight,2023,81,Thriller,10
tt9688874,Tiger Nageswara Rao,2023,172,"Action,Crime,Drama",10
tt9703070,Asa Mee Ashi Tee,2013,,Romance,10
tt9703398,Arumosam Wahi,2002,100,Drama,10
tt9723240,Running Against the Wind,2019,116,"Crime,Drama,Sport",10
tt9724068,Avenger Dogs,2019,71,Animation,10
tt9726172,The Flower Brothers,1956,74,Drama,10
tt9730794,Martha Betterfield's Sweet Southern Attitude,2015,,Comedy,10
tt9736774,Masked Mutilator,2019,76,Horror,10
tt9740508,Wedding Day,1956,89,Drama,10
tt9741442,Suddenly a Tree,2019,92,"Drama,Fantasy,Romance",10
tt9741478,Something Wicked,2017,99,Thriller,10
tt9755806,Big Shark,2023,99,"Adventure,Comedy,Horror",10
tt9764272,The Adventures of June Bug,2019,,Adventure,10
tt9764804,La isla de las Muñecas,2026,,Horror,10
tt9765968,Shobuj Sathi,1982,,Drama,10
tt9789440,Ninnu Veedani Needanu Nene,2019,123,"Romance,Thriller",10
tt9795238,Hobo Village,1958,109,Comedy,10
tt9805350,Kauda Machan Alice,2013,,Comedy,10
tt9806304,Klubare,2018,100,"Comedy,Crime,Music",10
tt9808838,Ruthless Souls,2019,84,Drama,10
tt9817680,Stories of the Dead - Die Farm,2019,107,"Horror,Thriller",10
tt9821834,Re-Elected,2020,82,"Comedy,Horror",10
tt9832350,She the Creator,2022,,"Drama,Thriller",10
tt9848804,"May 13th, Night of Sorrow",1965,97,Drama,10
tt9866344,Mon Ami Walid,2019,72,"Comedy,Drama",10
tt9873930,Unwitting Deceit,2020,72,Thriller,10
tt9883996,Dream Horse,2020,113,"Biography,Comedy,Drama",10
tt9893160,No Way Out,2022,89,"Action,Crime,Thriller",10
tt9900396,Alpha Male,2019,,Comedy,10
tt9914522,The Holden Family Plan,2019,,"Drama,Family",10
tt9916190,Safeguard,2020,95,"Action,Adventure,Thriller",10
tt9297754,A Bigger Game,2018,90,"Drama,Horror,Mystery",10
tt9313424,From the Vine,2019,97,"Comedy,Drama",10
tt9319884,Lakshmi's NTR,2019,152,"Biography,Drama",10
tt9330112,Ninaithale Inikkum,2009,120,"Drama,Mystery",10
tt9335210,Terra de telers,2020,116,Drama,10
tt9345114,Thirty,2008,105,"Biography,Drama,History",10
tt9347672,Escola das Artes - o Filme,2018,95,Family,10
tt9354438,Rain Was Falling,2016,90,Drama,10
tt9358486,Como Novio de Pueblo,2019,121,Comedy,10
tt9361292,Conflict,2015,95,"Drama,History",10
tt9371598,This Time Next Year I'll Be Famous,2026,95,"Comedy,Drama,Romance",10
tt9383758,Dhappa,2018,,Crime,10
tt9386422,Goats from the Underground,2018,45,"Action,Adventure,Fantasy",10
tt9389802,Generation Aami,2018,118,Drama,10
tt9396198,No Refuge,2018,95,Crime,10
tt9448362,Thottappan,2019,140,Drama,10
tt9471816,Lei mi parla ancora,2021,100,Drama,10
tt9485306,Shining with Bounddless Radiance,1949,79,Drama,10
tt9496830,Loyalty and Betrayal,2012,,"Drama,History",10
tt9516312,Vozdushnye peshekhody,1980,,Drama,10
tt9524764,Zoku mibôjin geshuku? Ero sugichatte gomen nasai,2018,,\N,10
tt9534808,Acceleration,2019,85,"Action,Thriller",10
tt9536636,A Little Long in the Tooth,2018,67,Horror,10
tt9541470,Onsen jochû,1963,78,Comedy,10
tt9554316,The Flowers of Evil,2019,127,"Drama,Romance,Thriller",10
tt9567458,#AMFAD: All My Friends Are Dead,2024,91,"Horror,Mystery,Thriller",10
tt9575498,The Haunting of the Suicide House,2019,63,Horror,10
tt9580138,Mortal Kombat Legends: Scorpion's Revenge,2020,80,"Action,Adventure,Animation",10
tt9588846,Hentai kekkon,1977,60,\N,10
tt9598270,Code Geass: Lelouch of the Rebellion II - Transgression,2018,132,"Action,Animation,Sci-Fi",10
tt9614414,Attaiya VS Handi Kayolu,2019,128,Thriller,10
tt9619962,Hi-Tops,1985,103,"Comedy,Musical",10
tt9625632,My Days of Glory,2019,98,"Comedy,Drama",10
tt9628392,Mayabazar 2016,2020,133,"Comedy,Crime,Drama",10
tt9637640,Ginji of the Seven Faces,1955,88,Drama,10
tt9648806,Virtual Vendetta,2019,52,Sci-Fi,10
tt9648886,Arab Blues,2019,88,"Comedy,Drama",10
tt9652984,Hidden Treasures in the Mountain,2018,113,"Comedy,Drama",10
tt9657946,Homing,2019,90,Drama,10
tt9664948,Apparitions,2021,85,"Horror,Thriller",10
tt9675320,About Some Meaningless Events,1974,76,"Crime,Documentary,Drama",10
tt9678750,Nihon mitsukan gômonshi,1979,61,\N,10
tt9680174,Kitty Party,2019,134,"Action,Comedy",10
tt9680520,Paintings in the Dark,2020,90,Drama,10
tt9690184,The Dose,2020,93,"Drama,Thriller",10
tt9710572,Inpû jigoku-zeme,1979,61,\N,10
tt9715318,For Whom the Alchemist Exists: The Movie,2019,118,"Action,Adventure,Animation",10
tt9715438,The Fixer,2019,95,"Crime,Drama,Thriller",10
tt9742392,Kindred,2020,101,"Drama,Horror,Mystery",10
tt9748042,Chemical 8,2019,104,Sci-Fi,10
tt9754992,Astrogauchos,2019,80,Comedy,10
tt9763402,The Misadventures of Mistress Maneater,2020,111,"Action,Comedy,Romance",10
tt9766160,Damayanthi,2019,161,"Drama,Horror",10
tt9777796,Aika jonka sain,2020,104,"Biography,Drama,Sport",10
tt9786162,Kimi ni sasageshi inochi nariseba,1953,96,Drama,10
tt9789180,Pendulum (Pandul),2019,,Drama,10
tt9795264,Risknamaa,2019,123,Thriller,10
tt9806222,How I Taught Myself to Be a Child,2019,140,"Adventure,Drama,Family",10
tt9812530,Warriors of the Nation,2018,95,Action,10
tt9815280,Black Diamond,2019,114,Drama,10
tt9831814,Sacred Mask,2023,98,"Action,Drama,Family",10
tt9851426,Suba,2010,,Drama,10
tt9856680,Puffs: Filmed Live Off Broadway,2018,118,"Adventure,Comedy",10
tt9861192,Manko Babari,2017,115,Drama,10
tt9875452,Midnight Montage,2019,80,Horror,10
tt9881924,El cuidado de los otros,2019,72,Drama,10
tt9893012,The Black Minutes,2021,96,"Crime,Thriller",10
tt9893250,I Care a Lot,2020,118,"Comedy,Crime,Drama",10
tt9899840,Auntie Frog,2018,81,"Adventure,Comedy,Family",10
tt9899850,The Agitation,2019,86,"Crime,Mystery,Thriller",10
tt9904802,Enemy Lines,2020,92,"Action,Drama,War",10
tt9292336,The Root of Perfection,2022,,"Comedy,Drama,Sci-Fi",10
tt9296106,The Puppet,2021,118,"Horror,Mystery,Thriller",10
tt9315438,Yajamana,2019,164,Action,10
tt9317274,Harka,2022,87,Drama,10
tt9319868,The Covered Time Traveler,2019,,Documentary,10
tt9326646,Honorable Sins,2019,,Action,10
tt9333202,Moeru fuji odosenka no maki,1933,,Drama,10
tt9334814,Il Regno,2020,99,Comedy,10
tt9351610,Road Meat,1988,76,"Comedy,Horror",10
tt9358106,Slodki koniec dnia,2019,92,Drama,10
tt9367742,Tryst with Destiny,2021,129,Drama,10
tt9382358,Queen of the Andes,2020,96,Drama,10
tt9383572,The Skies That Bleed,2019,80,"Horror,Sci-Fi,Thriller",10
tt9384516,Long Night in Pexington,2025,,"Drama,Sci-Fi",10
tt9392374,Girl,2020,92,"Mystery,Thriller",10
tt9411866,The Roads Not Taken,2020,85,Drama,10
tt9419730,Otoko vs. onna: Kaikan no takamari,1975,62,\N,10
tt9429914,Kinpatsu Toruko-jô maruhi sex kyôen,1975,64,\N,10
tt9445114,Bus Stop,2017,125,Romance,10
tt9462066,Baghawat,1963,,"Drama,History,War",10
tt9466814,Cobra,2022,183,"Action,Crime,Thriller",10
tt9526884,All Inclusive,2024,103,\N,10
tt9534784,Mooch,2025,91,"Comedy,Crime",10
tt9537316,Swartharatna,2018,,Comedy,10
tt9540566,Everything That Glitters,2018,81,Drama,10
tt9554862,Girl in Golden Gate Park,2021,94,"Drama,Mystery",10
tt9554958,Ecinni,2018,84,Horror,10
tt9569190,Kigeki Ijiwaru Daishôgai,1971,79,Comedy,10
tt9572006,My Sweet Monster,2021,98,"Adventure,Animation,Comedy",10
tt9573220,Spa Town Elegy,1949,61,Drama,10
tt9610262,Chaal Jeevi Laiye,2019,137,Drama,10
tt9624570,Copy Paste Delete,2018,78,Drama,10
tt9639274,Bangla,2019,84,Comedy,10
tt9642962,Underworld,2019,93,"Comedy,Crime,Drama",10
tt9646364,The Pack,2009,88,Drama,10
tt9680148,Popoluska,2002,81,Fantasy,10
tt9695462,Undead Silence,2016,93,Horror,10
tt9701598,The Return of the Yuletide Kid,2019,70,Comedy,10
tt9707780,Going Forth by Day,2002,180,\N,10
tt9716342,Timbertown,2019,90,"Comedy,Drama,Mystery",10
tt9716782,21st Century Girl,2019,117,Drama,10
tt9728306,The Stranger,2022,79,"Horror,Mystery",10
tt9731360,I Met a Girl,2020,108,"Drama,Romance",10
tt9746392,Sayonara and Marshmallow,2013,90,Drama,10
tt9755680,Jolly Boys,2004,,Comedy,10
tt9758500,The Juniors y La Fórmula Imperial,2023,,"Comedy,Fantasy,Sci-Fi",10
tt9784456,The Kissing Booth 2,2020,134,"Comedy,Romance",10
tt9804534,Wakazuma 24-jikan bôkô,1980,60,\N,10
tt9816958,Deuka... the wings,2024,124,Romance,10
tt9817814,Kono ni uruwashi,1962,89,\N,10
tt9817924,The Taverna,2019,86,Comedy,10
tt9817938,Prathiroo,2012,113,"Drama,War",10
tt9826820,The Connection,2021,86,Sci-Fi,10
tt9834446,Selvam,2011,105,"Drama,War",10
tt9844938,"Onoda: 10,000 Nights in the Jungle",2021,173,"Adventure,Drama,History",10
tt9853118,KYrYoyekh,2014,78,Crime,10
tt9854844,Familia Blondina,2019,106,Comedy,10
tt9893130,"2025: Blood, White & Blue",2022,135,"Action,Comedy,Horror",10
tt9894394,Upin & Ipin: Keris Siamang Tunggal,2019,100,"Adventure,Animation,Comedy",10
tt9903890,The Curse of EVE,2019,107,"Drama,Horror",10
tt9299568,Hymns of Abarise - Megan,2019,,Horror,10
tt9309568,Krazy Meets Karma,2019,97,Comedy,10
tt9316594,The Kamagasaki Cauldron War,2018,115,Drama,10
tt9319544,Bury Me Twice,2022,93,"Action,Horror",10
tt9319874,Maara,2021,149,"Adventure,Mystery,Romance",10
tt9323034,Kayseri Aslani: Çin Isi,2017,92,Comedy,10
tt9323784,Evrensel Döngü: Zamansal Yolculuk,2019,,"Drama,Mystery,Sci-Fi",10
tt9331550,"Loves Me, Loves Me Not",2019,81,"Drama,Romance",10
tt9334830,Turma da Mônica em O Bicho-Papão e Outras Histórias,1987,52,"Animation,Comedy,Family",10
tt9347530,Fat Sam Grand Slam,2016,,\N,10
tt9357782,The Path of the Shadows,2018,58,Drama,10
tt9358422,According to Otto,2025,85,Comedy,10
tt9359348,Vijayaba Kollaya,2019,136,"Drama,History,Romance",10
tt9371666,As Far as I Can Walk,2021,92,Drama,10
tt9379416,Mississippi Scholar,2024,85,Drama,10
tt9385320,Kageê no gotoku chuhen,1926,,Drama,10
tt9386884,Happiness Is ... Part 2,2019,100,Family,10
tt9405352,El Tahweela,1996,,Drama,10
tt9407156,The Cursed,2018,86,"Horror,Thriller",10
tt9408490,Kill Mobile,2018,90,Drama,10
tt9409448,Baumbacher Syndrome,2019,85,"Comedy,Drama",10
tt9415058,Blackout,2019,,"Crime,Drama",10
tt9416854,A Christmas Carol,2018,51,Animation,10
tt9419056,The Unholy,2021,99,"Drama,Horror,Mystery",10
tt9421570,The Guilty,2021,90,"Crime,Drama,Thriller",10
tt9425078,Verotika,2019,90,Horror,10
tt9428050,Junk Love,2019,74,"Drama,Romance",10
tt9429444,Il gioco è fatto?,2011,,Family,10
tt9430780,Bell Bottom,2019,130,"Comedy,Drama,Thriller",10
tt9444800,Crappy Mother's Day,2021,82,Comedy,10
tt9447600,Raktabeez,2018,127,"Action,Drama",10
tt9465600,3022,2019,91,Sci-Fi,10
tt9468400,Shah Jahan Regency,2019,156,Drama,10
tt9471678,Ultraman: Rising,2024,117,"Action,Adventure,Animation",10
tt9471930,Havel,2020,104,"Biography,Drama,History",10
tt9492214,The Problem of Patty Melt,1980,,Mystery,10
tt9506724,Kenjû o migaku otoko: Norowareta kao,1960,61,"Action,Drama",10
tt9514782,Oy Emine,1975,,Romance,10
tt9557704,Wo Jo Tha EK Messiah Maulana Azad,2019,122,Biography,10
tt9567472,The 13th Cross,2020,107,Thriller,10
tt9567902,The Beautiful Fantasy of Final Purpose,2020,52,"Drama,Fantasy",10
tt9583950,Futura,2021,97,Drama,10
tt9595738,Mansukh Chaturvedi Ki Atmakatha,2019,90,Drama,10
tt9603470,El hijo del hombre perseguido por un O.V.N.I.,2020,105,Sci-Fi,10
tt9607270,The Blue Bird,2015,84,Drama,10
tt9643108,Off Highway 20,2007,77,Drama,10
tt9646716,'Tol,2019,95,Comedy,10
tt9648078,The Relative Worlds,2019,93,"Animation,Drama,Fantasy",10
tt9658100,Comrade in Arms,2016,51,Comedy,10
tt9663702,The Secret Men Club,2019,105,Comedy,10
tt9670278,Smiles Leading to Happiness,2018,84,\N,10
tt9670414,Flinch,2021,99,"Crime,Drama,Thriller",10
tt9675804,Ridge,2019,71,"Adventure,Drama",10
tt9676318,Deery: Off the Wall,2019,79,"Action,Comedy,Romance",10
tt9694312,Stardust,2020,109,"Biography,Drama,Music",10
tt9735232,Trade Your Love,2019,87,"Comedy,Family,Romance",10
tt9747230,Zakhmi,1996,,"Drama,Romance",10
tt9773698,Baldío,2019,78,Drama,10
tt9784048,Alive,2019,100,Drama,10
tt9796718,Haus im Süden,1984,90,Drama,10
tt9800124,Halav,2021,93,"Crime,Mystery,Thriller",10
tt9800356,Api Marenne Na,2014,115,"Comedy,Drama",10
tt9800670,Lovers,2020,102,"Drama,Romance,Thriller",10
tt9803724,Small Town Relics,2018,102,Drama,10
tt9812884,The Second Son,1955,75,Drama,10
tt9824114,Original Gangster,2020,110,Crime,10
tt9834564,Oshidori kenkagasa,1957,95,\N,10
tt9844086,Ronnie's Quest: The Search for Victoria's Treasure,2020,,"Adventure,Comedy",10
tt9850564,Modus Vivendi,2005,,Drama,10
tt9855210,An Actress' Dream,1985,91,"Crime,Drama",10
tt9866202,A Clear Shot,2019,87,"Drama,Thriller",10
tt9866738,Adara Meena,2008,,Drama,10
tt9871736,Bôya monogatari,1951,79,\N,10
tt9878422,Za kulisami,2019,76,"Comedy,Drama",10
tt9882532,"Get Paid, Get Laid & Get Lucky",2019,86,"Crime,Drama,Romance",10
tt9894486,Shina no yoru (mae),1940,74,Drama,10
tt9894660,Baby Done,2020,91,Comedy,10
tt9898858,Coffee & Kareem,2020,88,"Action,Comedy,Crime",10
tt9899828,Frankie's Redemption,2021,,"Action,Drama",10
tt9916124,The Taste Is Mine,1997,108,Documentary,10
tt9916538,I'll Take My Heart Again,2019,123,Drama,10
tt9314164,Sosefina,2022,,Drama,10
tt9318230,The Mehlman Brothers,2022,80,Drama,10
tt9330502,It Wants Blood!,2019,103,Thriller,10
tt9332734,Ippozhum Eppozhum Sthuthiyayirikatte,2018,122,Drama,10
tt9337518,Gossamer Folds,2020,96,Drama,10
tt9339936,Desert Shadows,2022,94,Horror,10
tt9340860,Let Him Go,2020,113,"Crime,Drama,Thriller",10
tt9342250,There Is a Santa Claus,2015,,\N,10
tt9347476,Believe,2016,,\N,10
tt9348720,Raven the Little Rascal: Hunt for the Lost Treasure,2019,73,"Animation,Family",10
tt9359680,Fit in with the App,2018,89,Comedy,10
tt9384126,When Ghost Meets Zombie,2019,102,"Comedy,Fantasy,Romance",10
tt9389916,Digger,2020,101,Drama,10
tt9389924,Rainbow's Sunset,2018,110,"Drama,Family",10
tt9390058,Lengthy Night,2018,100,Drama,10
tt9390190,Madhaveeyam,2019,137,"Drama,Thriller",10
tt9396994,Unagitori,1957,48,Drama,10
tt9411972,Where the Crawdads Sing,2022,125,"Drama,Mystery,Romance",10
tt9412088,Todd,2021,91,"Drama,Mystery,Thriller",10
tt9412726,Poliorkia,2019,101,"Adventure,Biography,History",10
tt9416094,Violent Strip Tease,2018,51,Drama,10
tt9416282,Being Dead,2020,99,Drama,10
tt9443316,A Pure Place,2021,91,"Drama,Horror,Mystery",10
tt9447662,Suspended Inspector Boro,2018,100,"Action,Crime,Thriller",10
tt9472334,Malum,2023,92,"Drama,Horror,Mystery",10
tt9484998,Palm Springs,2020,90,"Comedy,Fantasy,Mystery",10
tt9500372,Pocket Hercules: Naim Süleymanoglu,2019,141,"Biography,Drama,History",10
tt9506000,Drowning,2019,82,Drama,10
tt9507276,Saga of Tanya the Evil: The Movie,2019,115,"Action,Adventure,Animation",10
tt9511022,Rescue,2019,80,Drama,10
tt9562978,Chikan shintai kensa,1977,64,\N,10
tt9569484,The Photo Camera,2022,78,Drama,10
tt9569544,As You Like It,2010,160,Comedy,10
tt9590554,Banat Haretna,1987,,Comedy,10
tt9592522,Knucks,2021,66,"Crime,Fantasy,Mystery",10
tt9595666,The Light We Save,2019,,"Action,Adventure",10
tt9596638,The Big Shot,2019,107,"Action,Crime,Thriller",10
tt9597922,Back to the Goode Life,2019,84,Comedy,10
tt9602804,The Last Color,2019,90,Drama,10
tt9609726,A Journey of Happiness,2019,92,Comedy,10
tt9615680,Yolki 7,2018,92,"Comedy,Drama,Family",10
tt9621290,Son Saka,2020,92,"Action,Comedy",10
tt9632590,An Easy Girl,2019,92,"Comedy,Drama",10
tt9658140,The Last to See Them,2019,79,"Drama,Horror",10
tt9658288,Bone Cold,2022,109,Thriller,10
tt9668966,Firardayiz,2017,85,Comedy,10
tt9676940,Kral Midas'in Hazinesi,2019,103,"Action,Comedy",10
tt9678162,Big Life,2023,94,Drama,10
tt9682188,Defending Honour,1975,,\N,10
tt9684994,The Tale of a Corporate Slave,2019,100,Drama,10
tt9695156,27 Steps of May,2018,112,Drama,10
tt9713802,Sellam Nathnam Lellam,2017,,Comedy,10
tt9720690,Lazare,2020,108,"Drama,Fantasy,Musical",10
tt9725830,Oloture,2019,106,"Crime,Drama",10
tt9726794,Raja Mamai,2016,,Comedy,10
tt9729060,You're Hired!,2021,92,Comedy,10
tt9731172,Faithful,2020,92,"Biography,Drama,History",10
tt9733886,They're Outside,2020,83,"Drama,Fantasy,Horror",10
tt9739232,Gülom,1989,,Drama,10
tt9739386,Kinali Hanzo,1989,88,Comedy,10
tt9742334,Brochevarevarura,2019,138,Comedy,10
tt9742362,Mallesham,2019,131,Biography,10
tt9747338,Die Törichte Jungfrau,1919,,Drama,10
tt9750028,Great Poetry,2019,123,Drama,10
tt9754442,Dream Journey 5: Legendary Treasure,2019,93,"Adventure,Comedy,Romance",10
tt9778190,The Journalist,2019,113,Drama,10
tt9797920,"Blood, Frets & Tears",2019,75,Documentary,10
tt9799640,At Dusk,2019,128,Drama,10
tt9816214,The Journey of 3 Women,2019,91,Drama,10
tt9817190,Sakvithi Dadayama,2012,,Comedy,10
tt9833412,Stille,2019,71,Drama,10
tt9842404,Dream Journey 2: Princess Iron Fan,2017,91,"Adventure,Fantasy",10
tt9855002,Bomarzo 2007,2007,150,Music,10
tt9855214,Kisan,2006,114,"Drama,Sport",10
tt9875128,Halahal,2020,97,"Crime,Drama,Mystery",10
tt9876150,Hanan,1944,101,"Drama,Musical",10
tt9892338,Dare to Surf,2019,150,Drama,10
tt9893824,Bright Hill Road,2020,91,Horror,10
tt9896876,India Sweets and Spices,2021,101,Comedy,10
tt9898844,The Hunting,2021,93,"Crime,Horror,Mystery",10
tt9297172,The Ungulate,2019,74,Horror,10
tt9303772,Divorce Club,2020,108,Comedy,10
tt9313910,Betrayal,2020,50,"Crime,Drama,Thriller",10
tt9316574,Forgotten Christmas,2019,70,"Drama,Family,Fantasy",10
tt9320184,"Blind Willow, Sleeping Woman",2022,108,"Animation,Drama,Sci-Fi",10
tt9327782,Levantate Papito,2018,84,Comedy,10
tt9342390,Hanging Tree,2015,,\N,10
tt9348908,Our Men,2021,106,Drama,10
tt9351856,Holiday Twist,2023,105,"Comedy,Family,Romance",10
tt9352262,The Defender,2018,88,Drama,10
tt9355126,Dharti Maiya,1981,,"Action,Drama,Family",10
tt9381904,Tough Guy,2023,82,"Action,Drama,Sport",10
tt9392402,Bos Bony Lobo Por Liebre,2017,72,Animation,10
tt9403928,Astigmatism,2018,82,Drama,10
tt9427636,Maryam of Tsyon - Cap I Escape to Ephesus,2019,140,History,10
tt9434968,One Love Two Lives,2019,106,"Drama,Romance",10
tt9447588,The Office Job,2020,,Comedy,10
tt9453616,Breaking Even,2020,73,Drama,10
tt9464654,Berlin - Akkurgan,2018,,"History,War",10
tt9466070,Battle of Cuju,2016,102,"Action,Adventure,Drama",10
tt9469296,Oto,2018,110,Drama,10
tt9490042,Salome Tsunoda no monzetsu tama-kuzushi,1976,59,\N,10
tt9491292,"In Venice, Like Rome-Milan-Turin, the Spiral of Crime",1974,103,"Crime,Thriller",10
tt9511204,Eason's Gold,2019,,Thriller,10
tt9520714,Hentai kazoku: Aoi umi ni idakarete,2018,,\N,10
tt9521582,Damasarete pero-pero: Wakarete moraimasu,2018,,"Drama,Romance",10
tt9526826,Android Kunjappan Ver 5.25,2019,140,"Comedy,Drama,Sci-Fi",10
tt9537068,Durgeshgorer Guptodhon,2019,133,"Adventure,Comedy,Drama",10
tt9540862,Underworld's Number One,1963,92,"Action,Crime",10
tt9543176,Pair Down,2019,90,"Adventure,Comedy,Drama",10
tt9543780,London Sweeties,2019,92,"Comedy,Romance",10
tt9557296,Tehranto,2022,92,"Comedy,Drama,Romance",10
tt9557416,Psycho Granny,2019,86,Thriller,10
tt9572534,Golden Arm,2020,91,Comedy,10
tt9575206,Private,2010,90,Drama,10
tt9584786,Infamous Six,2020,110,"Horror,Thriller",10
tt9585798,Intô shôjo no kokuhaku,1977,60,\N,10
tt9590954,This World Won't Break,2019,148,"Drama,Musical",10
tt9601220,Black Bear,2020,104,Drama,10
tt9608818,Our Friend,2019,124,"Drama,Romance",10
tt9610246,"Arigataya bushi: ah, arigataya, arigataya",1961,67,Musical,10
tt9611872,Spider,2022,,Horror,10
tt9646240,The Man Without Gravity,2019,107,"Comedy,Drama,Fantasy",10
tt9654134,Kings Battle,2009,,Drama,10
tt9660006,"She Said, He Said",2019,78,"Comedy,Family,Romance",10
tt9660606,"Smíchov pláce, Brooklyn spí",2011,100,\N,10
tt9663258,Crack,2019,111,"Drama,Horror,Mystery",10
tt9663382,The Age of Adulting,2018,102,Drama,10
tt9668358,Sessiz Terapi,2018,,Thriller,10
tt9670302,Karma Chakra,2019,,Horror,10
tt9671918,Adventure Boyz,2019,93,"Adventure,Comedy,Family",10
tt9683772,The Fey,2014,,Drama,10
tt9686708,The King of Staten Island,2020,136,"Comedy,Drama",10
tt9691282,Jora: The Second Chapter,2020,121,"Action,Drama",10
tt9720440,The Rise of Kibwetere,2019,,Thriller,10
tt9736288,Like Clockwork,2019,,"Comedy,Crime,Drama",10
tt9738302,GNANAM,2019,95,Family,10
tt9740198,Sanjana,2015,,Drama,10
tt9779380,Broken Halos,2020,91,"Drama,Thriller",10
tt9779516,I Still Believe,2020,116,"Biography,Drama,Music",10
tt9784954,Una escalera hacia la Luna,2019,110,"Drama,War",10
tt9814562,The Mephistophiliac,2026,,Thriller,10
tt9818000,Girl Dorm,2019,88,Thriller,10
tt9828802,Vaya luna de miel,1980,94,"Adventure,Comedy",10
tt9837320,The Potato Venture,2020,109,Comedy,10
tt9844256,Code Geass: Lelouch of the Rebellion - Emperor,2018,141,"Action,Animation,Sci-Fi",10
tt9848404,When a Woman Loves a Man,2019,90,Drama,10
tt9855090,Bloom,2023,84,"Drama,Thriller",10
tt9859372,Plastic Crack Documentary,2019,,Documentary,10
tt9859504,Men of Hard Skin,2019,96,Drama,10
tt9876296,Tricksters,1967,,\N,10
tt9890308,Nasir,2020,85,Drama,10
tt9897520,12 Days to Destiny,2019,56,Romance,10
tt9899938,Journey of the Sky Goddess,2019,116,"Comedy,Drama",10
tt9903968,Dosage Volume III,2005,,"Action,Documentary,Sport",10
tt9904004,Your Iron Lady,2020,92,Drama,10
tt9904530,Scream Returns,2018,48,"Horror,Thriller",10
tt9905252,The Secret of the Red Spring,1992,,Fantasy,10
tt9311532,Lucas,2021,92,Drama,10
tt9318280,Driveways,2019,83,Drama,10
tt9334342,Doctrina El pecat original i la reinserció,2018,180,Drama,10
tt9336816,¡Asu Mare! 3,2018,100,Comedy,10
tt9340512,Pandemonium,2015,,\N,10
tt9342618,A fool's errand,2020,,Crime,10
tt9354944,Jexi,2019,84,"Comedy,Romance,Sci-Fi",10
tt9355200,Koko-di Koko-da,2019,89,"Drama,Fantasy,Horror",10
tt9369410,Atrako por Joder,2019,90,"Comedy,Crime",10
tt9376118,Don't Heal Me,2021,88,Comedy,10
tt9381682,Diabolik,2021,134,"Action,Crime,Mystery",10
tt9386290,Duff McGuffy,1997,107,Comedy,10
tt9390390,The Miracle Centre,2020,105,Comedy,10
tt9395768,Rapto,2019,97,"Crime,Mystery,Thriller",10
tt9408742,Esame di lealtà,2018,90,"Biography,Documentary",10
tt9415108,The Auschwitz Report,2021,94,"Drama,History,War",10
tt9423080,Runaway Woods,2018,59,Horror,10
tt9431096,Dulcineia,2023,88,Drama,10
tt9437152,Miss Osaka,2021,90,Drama,10
tt9452878,The Wrong Ferarri,2011,73,"Comedy,Drama,Music",10
tt9462944,Treasure,2024,111,"Comedy,Drama",10
tt9466410,Athang,2016,115,Drama,10
tt9480146,Mont Foster,2019,105,"Drama,Mystery",10
tt9486594,Easter Bunny Assassin: Chapter 3 - Tooth Fairy Mafia Don,2018,,"Action,Comedy,Crime",10
tt9526044,Ellis in Freedomland,1952,82,\N,10
tt9529786,King James,2019,,Thriller,10
tt9534714,The Wrong Husband,2019,84,Thriller,10
tt9535160,Green Flake,2020,105,"Drama,Western",10
tt9566084,Estanislao,2020,95,Drama,10
tt9574444,The Gift,2019,86,"Drama,Romance",10
tt9581258,The Switch Up,2022,,"Comedy,Drama,Family",10
tt9615718,Futurus - Robot contro uomini,2019,50,Sci-Fi,10
tt9616558,Thushara,2009,113,"Drama,Romance",10
tt9631948,Tengu hikyaku,1949,77,\N,10
tt9635956,Tareek Al Sahitan,1993,,Drama,10
tt9652990,Rin,2019,83,"Drama,Mystery",10
tt9655758,A Lost Song: The Mystery Man,2020,,Drama,10
tt9657158,Chousar Firangi,2019,95,"Comedy,Drama",10
tt9664732,Disco Raja,2020,141,"Action,Sci-Fi,Thriller",10
tt9683268,Chatrapati Shashan,2019,,Action,10
tt9683542,A Karate Christmas Miracle,2019,90,"Action,Family",10
tt9685996,Nihanda Sewanali,2021,,Horror,10
tt9689922,Love Is Love,1986,100,"Comedy,Fantasy,Romance",10
tt9690776,Ekta Ek Power,2014,,Action,10
tt9691136,Shadow in the Cloud,2020,83,"Action,Horror,War",10
tt9691324,Sab Kushal Mangal,2020,132,Romance,10
tt9703362,Thank U Vitthala,2017,,\N,10
tt9717270,Punchi Apith Baya Na Dan,2017,,"Adventure,Comedy,Family",10
tt9731556,Kalshekar Aahet Ka?,2010,,Thriller,10
tt9734342,Sós e Abandonados,1953,79,"Drama,Family",10
tt9735830,The Deliverance of Amy Stronghold,2018,97,Drama,10
tt9738400,Bone Breaker,2020,74,"Drama,Thriller",10
tt9747622,Lumber Baron: Season Two - The Movie,2019,96,Comedy,10
tt9748424,Voodoo Macbeth,2021,108,Drama,10
tt9763792,We Make Antiques! Kyoto Rendezvous,2020,106,Mystery,10
tt9776102,Oskara,2018,80,Documentary,10
tt9783600,Spiderhead,2022,106,"Action,Crime,Drama",10
tt9789556,Adnan Sempit Sawadikap,2014,78,"Action,Adventure,Comedy",10
tt9790808,Aino,2018,,Drama,10
tt9794630,The Vanished,2020,115,"Action,Crime,Thriller",10
tt9795174,Chennai Palani Mars,2019,120,"Adventure,Comedy,Drama",10
tt9804110,Ninjutsu ôsaka-jô,1961,76,"Action,History",10
tt9813338,An Assortment of Christmas Tales in No Particular Order,2019,92,Drama,10
tt9822880,Qarmat Beyitmarmat,2019,108,Comedy,10
tt9823170,Black Mercedes,2019,110,"Crime,Drama,Mystery",10
tt9828278,Miss Jenis,2020,111,Drama,10
tt9829006,Sweet Angel,2011,103,"Drama,Romance",10
tt9837752,Furisode kyô enroku,1955,91,\N,10
tt9850116,Hot Scent,2018,83,"Drama,Thriller",10
tt9861230,The Quiet Migration,2023,102,Drama,10
tt9865282,13 Needles,2019,75,"Adventure,Fantasy",10
tt9876544,Reality Therapy,2019,93,Drama,10
tt9877138,Caught in Time,2020,95,"Action,Crime,Drama",10
tt9886872,Munthiri Monchan,2019,130,"Comedy,Romance",10
tt9897258,Rose Stone Star,2020,94,Drama,10
tt9910530,Svartklubb,2020,79,Horror,10
tt9331932,Prévan,2018,,History,10
tt9339958,I Want to Live,2018,110,"Drama,Romance",10
tt9352210,Killer Looks,2018,79,Crime,10
tt9363342,The Stalker,2020,60,"Crime,Horror,Mystery",10
tt9364406,TKKG,2019,95,"Adventure,Comedy,Crime",10
tt9378320,Watchman,2019,95,Thriller,10
tt9381994,Hellbilly Hollow,2026,84,Horror,10
tt9382172,Dreamcatcher,2021,108,"Horror,Mystery,Thriller",10
tt9382596,The Car: Road to Revenge,2019,89,"Action,Horror,Thriller",10
tt9402530,First Night Nerves,2018,100,Drama,10
tt9403944,The Atmosphere Station,2017,89,Drama,10
tt9419884,Doctor Strange in the Multiverse of Madness,2022,126,"Action,Adventure,Fantasy",10
tt9433466,Have You Seen This Person,2020,,"Drama,Thriller",10
tt9442920,Lagi-Lagi Ateng,2019,108,"Comedy,Family",10
tt9447676,Yo-kai Watch the Movie: Forever Friends,2018,100,"Action,Adventure,Family",10
tt9452520,Holiday Unplugged,2019,,Drama,10
tt9454740,Our Body of Work,2018,,"Action,Comedy,Drama",10
tt9455468,Pamfir,2022,107,"Action,Drama,Thriller",10
tt9461494,Bibaho Obhijaan,2019,117,"Comedy,Drama",10
tt9479454,U kathe hero,2018,118,Thriller,10
tt9490508,ThinkBack,2018,80,Drama,10
tt9499850,Aizô Ketsurui,1928,,Drama,10
tt9504952,Breaking Point,2022,95,"Drama,Mystery",10
tt9511256,Preman Pensiun,2019,94,"Comedy,Crime,Drama",10
tt9525708,Sex Detective Hatenashi,2018,85,"Comedy,Fantasy",10
tt9542460,King Kong - FAN FILM,2016,140,"Action,Adventure,Comedy",10
tt9546624,Legions,2019,140,"Drama,History,Romance",10
tt9551682,Promise to Meet,2004,,\N,10
tt9573058,Song for the Wounded,2019,105,"Comedy,Drama",10
tt9576232,"Seaper Powers, In Search of Bleu Jay's Treasure",2021,92,Animation,10
tt9581704,Premwaari,2019,144,Drama,10
tt9583840,The Young Arsonists,2022,97,Drama,10
tt9590592,Naassaf Lehaza Al Khataa,1986,95,Drama,10
tt9595360,"Matando Cabos 2, La Máscara del Máscara",2021,102,Comedy,10
tt9603330,Bekarliga Feda,2019,105,"Comedy,Romance",10
tt9605894,Nishabdham,2020,120,"Horror,Mystery,Thriller",10
tt9618478,Our Happiness Alone,1964,96,Drama,10
tt9628630,King Fish,2022,122,"Drama,Thriller",10
tt9638668,Single Street,2019,90,"Comedy,Drama,Romance",10
tt9643092,Gold Carrier,2018,86,Drama,10
tt9647178,Kyôhaku bôkan,1978,71,\N,10
tt9648942,Dilan 1991,2019,121,"Drama,Romance",10
tt9653352,Indak,2019,117,"Drama,Musical,Romance",10
tt9654830,The Answer,2018,86,Action,10
tt9658034,The Bride and the Zombies,2019,84,"Comedy,Horror",10
tt9667988,Faith Force,2019,62,Drama,10
tt9681728,A Russian Youth,2019,72,"Drama,War",10
tt9692890,Half a Mile Out on the Night,2020,102,Drama,10
tt9697468,Sour Patch,2018,120,\N,10
tt9698552,Soldier in the Barn,2022,,"Drama,Fantasy,History",10
tt9707580,Break Even,2020,95,Action,10
tt9741180,The Last Thing Mary Saw,2021,89,"Drama,Horror,Thriller",10
tt9747396,Mi Amigo Alexis,2019,100,"Adventure,Comedy,Drama",10
tt9749174,Pawns,2019,,Drama,10
tt9784404,Hans en Grietje,2019,,Comedy,10
tt9788418,Mister Mayfair: The Spyce of Life,2021,90,"Action,Crime,Drama",10
tt9808874,Back Home,2019,105,Drama,10
tt9816550,Hentai seihanzai,1980,62,\N,10
tt9821108,Abare andon,1956,83,\N,10
tt9838372,The Lady Improper,2019,108,"Drama,Romance",10
tt9843224,Penance,2019,47,Drama,10
tt9843292,Fisch lernt fliegen,2019,65,Drama,10
tt9843390,VampyrZ on a Boat,2022,72,"Horror,Romance",10
tt9843632,We Didn't Know Love During First Love,1987,98,"Drama,Romance",10
tt9845036,Carturan,2019,90,Drama,10
tt9845110,Two of Us,2019,99,"Drama,Romance",10
tt9860858,"Costa Brava, Lebanon",2021,106,Drama,10
tt9867628,Thuramukham,2023,175,"Action,Drama,Thriller",10
tt9887180,No Love No Pain,2021,100,Drama,10
tt9889918,2 Friends,2018,134,"Comedy,Drama,Romance",10
tt9899716,Star Trek Enterprise II: Der Anfang vom Ende,2016,58,"Animation,Sci-Fi",10
tt9899972,Spring Comes Late,1980,81,Drama,10
tt9901532,Slutdestination dödssjuk,2019,,Comedy,10
tt9905536,Female Teacher: Chain and Bondage,1981,60,\N,10
tt9908960,Pliusas,2018,90,Comedy,10
tt9911306,Kalikkoottukar,2019,145,"Drama,Romance",10
tt9916362,Coven,2020,92,"Drama,History,Horror",10
tt9293690,Ma,2018,72,"Drama,Horror",10
tt9303658,Lala Taaalat,2013,,History,10
tt9311062,Samurai Marathon,2019,103,"Action,Adventure,History",10
tt9314984,The Power,2021,92,"Horror,Mystery,Thriller",10
tt9341668,The Deadbeats,2019,84,Thriller,10
tt9348752,Into Dad's Woods,2019,90,Drama,10
tt9349882,The Milkmaid,2020,136,Drama,10
tt9373782,That Is All,2019,107,"Drama,Romance",10
tt9374682,HEAT -Incandescence- PART II,2004,110,"Crime,Drama",10
tt9378950,Ghost,2019,130,"Horror,Thriller",10
tt9383772,Schwarz Weiss Bunt,2020,85,Drama,10
tt9390218,English Ki Taay Taay Fisss ...,2020,137,"Comedy,Romance",10
tt9419794,Mother and Child,1938,89,Drama,10
tt9420624,Newly Rich,2019,96,"Comedy,Drama,Family",10
tt9430578,Rocky,2019,,"Action,Drama,Romance",10
tt9431080,Notre Dame,2019,88,Comedy,10
tt9431740,Homeward,2019,96,Drama,10
tt9487594,Compulsive Liar,2019,111,Comedy,10
tt9495122,The Iron Bridge,2019,85,Drama,10
tt9501310,Detective Conan: The Fist of Blue Sapphire,2019,109,"Action,Adventure,Animation",10
tt9514882,People Don't Die in the Comics Anymore,2019,78,Drama,10
tt9526822,Alone/Together,2019,103,"Drama,Romance",10
tt9534948,Fate/Grand Order the Movie: Divine Realm of the Round Table: Camelot,2020,90,"Action,Animation,Drama",10
tt9538188,Pulk,2020,86,"Crime,Drama,Horror",10
tt9542116,A Feral World,2020,104,"Drama,Sci-Fi",10
tt9546082,Johannes Pääsukese tõeline elu,2019,104,"Adventure,Biography,Comedy",10
tt9551760,Adorer Sontan,1995,150,"Drama,Family",10
tt9557854,The Curse of the Handsome Man,2020,90,Comedy,10
tt9558604,Seelavathi,2018,86,Horror,10
tt9571756,Cowgirls vs. Pterodactyls,2021,73,"Action,Drama,Sci-Fi",10
tt9573138,Kigeki: onna no naki-dokoro,1975,92,Comedy,10
tt9587244,Take Home Pay,2019,105,"Action,Comedy",10
tt9587604,How to Stop a Recurring Dream,2020,82,Drama,10
tt9600274,Colonials,2023,80,"Action,Adventure,Sci-Fi",10
tt9603208,Mission: Impossible - The Final Reckoning,2025,169,"Action,Adventure,Thriller",10
tt9604790,Navvab,1972,108,Drama,10
tt9614040,Kitty Mammas,2020,93,Comedy,10
tt9625986,Shiva,2019,,"Action,Drama",10
tt9631700,"Me, My Dog, and I",2019,56,Documentary,10
tt9646768,In the Heart of the World,2019,121,Drama,10
tt9647154,Okasare zuma,1978,71,\N,10
tt9652782,Bait,2019,89,Drama,10
tt9657904,A Long Goodbye,2019,127,"Drama,Family",10
tt9663098,Súper Familia,2022,92,Comedy,10
tt9663896,Asphalt City,2023,125,"Drama,Thriller",10
tt9668552,Village People - Tod aus dem All,2018,71,"Comedy,Horror",10
tt9669470,Blackmail,2020,,Drama,10
tt9672244,Le fils de Marie,1973,81,Drama,10
tt9690868,The Last White Man,2020,98,"Comedy,Drama,Romance",10
tt9692366,Manhunt,2019,105,Horror,10
tt9698796,Otoko o sabaku onna,1948,74,Drama,10
tt9699620,23 Walks,2020,102,"Comedy,Drama,Romance",10
tt9701934,Final Report,2020,118,Drama,10
tt9701940,Fear Street: Part Two - 1978,2021,109,"Drama,Horror,Mystery",10
tt9719452,Heks,2020,82,"Drama,Horror,Mystery",10
tt9729206,Diner,2019,117,Crime,10
tt9731682,Crisis,2021,118,"Drama,Thriller",10
tt9737258,Garo: The Fleeting Cherry Blossom,2018,82,"Action,Animation,Fantasy",10
tt9737876,Narvik: Hitler's First Defeat,2022,108,"Drama,History,War",10
tt9738784,Persian Lessons,2020,127,"Drama,War",10
tt9739416,Eternity,2020,45,Drama,10
tt9755024,Bigfoot!,2019,85,"Comedy,Horror",10
tt9764634,Three Women Gambling Experts,1967,87,\N,10
tt9772300,Catrachos and Kings,2019,,"Drama,Western",10
tt9777882,Mahanayak- Vastant Tu,2015,,Drama,10
tt9783730,On the Come Up,2022,116,"Comedy,Drama,Music",10
tt9784950,Kapan,2019,116,"Action,Drama",10
tt9789232,Hannah: And Other Misadventures,2020,82,Comedy,10
tt9805208,I Do Not Know What City Happens in His Eyes,2019,74,"Biography,Documentary,Family",10
tt9805754,Double Trouble,2013,99,"Comedy,Family",10
tt9809006,A Genie's Tail,2022,89,"Comedy,Family",10
tt9820550,Die for a Dollar,2019,117,Action,10
tt9834210,Putha Mage Suraya,2011,90,Drama,10
tt9850064,Children of the Sea,2019,111,"Adventure,Animation,Fantasy",10
tt9850646,Doorbeen,2019,126,"Adventure,Comedy,Drama",10
tt9853664,Luz,2025,102,Drama,10
tt9866204,All Those Small Things,2021,107,Drama,10
tt9866394,Dame un Chance,2017,62,"Crime,Drama",10
tt9884202,Zindagi Zindabaad,2023,130,"Action,Biography,Drama",10
tt9898328,Cash Collectors,2025,84,Comedy,10
tt9900280,Raden Mas,1959,111,Drama,10
tt9904648,The Contrast,2022,82,Comedy,10
tt9313780,Idol Madness,2019,63,Sci-Fi,10
tt9319836,Ondh Kathe Hella,2019,127,Thriller,10
tt9337566,Kyoketsu,1926,,Drama,10
tt9339850,Jezabel,2022,108,"Crime,Thriller",10
tt9340744,Mr. Etemad's Trouble,1977,,\N,10
tt9352178,The Primevals,2023,91,"Adventure,Sci-Fi",10
tt9357860,The Hopeful,2024,90,Drama,10
tt9358120,We Are Little Zombies,2019,120,"Comedy,Drama,Music",10
tt9362694,Deadly Assistant,2019,90,Drama,10
tt9367136,Dancers Wanted,2005,66,Drama,10
tt9367850,Adrift in Time,2020,54,Drama,10
tt9383986,The Man Who Drew God,2022,100,Drama,10
tt9384038,Narusitel,2019,,Drama,10
tt9390202,Mindo Taseeldarni,2019,121,Drama,10
tt9395776,Something Wrong,2021,110,Horror,10
tt9399192,Pech to nie grzech,2018,82,"Comedy,Romance",10
tt9415552,Tankers,2018,90,"Action,Drama,History",10
tt9421456,You Came Back,2020,98,"Drama,Thriller",10
tt9428246,Lakhimi,2009,79,"Musical,Romance",10
tt9439360,Scars That Bleed,2018,,Drama,10
tt9460580,Daddy Issues,2018,113,"Comedy,Drama,Fantasy",10
tt9471660,Fever Dream,2021,93,"Drama,Horror,Mystery",10
tt9472142,El tamaño si importa,2018,99,Comedy,10
tt9486184,Positive,2020,94,Comedy,10
tt9497146,Mobile Suit Gundam: NT - Narrative,2018,88,"Action,Animation,Drama",10
tt9537888,Ella Bella Bingo,2020,75,"Animation,Family,Musical",10
tt9537936,Tank Cleaner,2021,155,"Crime,Thriller",10
tt9540556,Mal Mahu Jibana Mati,2019,,Comedy,10
tt9553136,Thirteen Blue Doors,1971,104,Adult,10
tt9562268,Kakkun chô tokkyû,1959,65,Comedy,10
tt9562564,The Shuroo Process,2021,95,"Comedy,Drama",10
tt9563330,Goodbye Monster,2022,99,"Adventure,Animation,Comedy",10
tt9583876,Enoken's Homerun King,1948,76,Comedy,10
tt9584830,Dark Intentions: The Movie,2019,90,"Action,Crime,Drama",10
tt9604202,Mandala: The UFO Incident,2023,,"Drama,Sci-Fi",10
tt9629114,Music Hole,2021,80,"Comedy,Crime",10
tt9630444,Transition,1989,,War,10
tt9632014,Niizuma kaigi,1949,93,\N,10
tt9632180,Kare to kanojo iku,1946,84,\N,10
tt9636294,Haunted Cries,2019,,Horror,10
tt9647298,God of the Piano,2019,80,Drama,10
tt9647768,The Wild Goose Lake,2019,113,"Crime,Drama",10
tt9666970,Alma Pura,2020,,"Drama,Thriller",10
tt9680562,Satyashodhak,2024,145,Biography,10
tt9684220,Bad Trip,2021,86,Comedy,10
tt9697340,Rogue Cell,2019,76,"Action,Drama,Sci-Fi",10
tt9697792,Roads 2 Zion,2019,,Crime,10
tt9703960,Zifir-i Azap,2018,79,"Horror,Thriller",10
tt9722418,The Martial Artist,2025,117,Drama,10
tt9728836,Sakon torimonocho: Senketsu no tegata,1950,91,Drama,10
tt9731048,A Man without a Shadow,2019,85,"Crime,Drama,Mystery",10
tt9735186,Aniyankunjum Thannalayathu,2019,113,Drama,10
tt9737568,Amparo,2021,95,Drama,10
tt9742732,Singa Machan Charlie,2015,131,Comedy,10
tt9772312,Bäxt üzüyü 2,2018,,Comedy,10
tt9777462,Two Sisters,2019,87,"Drama,Horror,Mystery",10
tt9777666,The Tomorrow War,2021,138,"Action,Adventure,Drama",10
tt9778060,A Matter of Causality,2021,98,Thriller,10
tt9783626,Creating Champions,2019,,Documentary,10
tt9815156,Dr. Gama,2021,92,"Action,Biography,Drama",10
tt9819206,Ordinary People,2021,,Drama,10
tt9838656,The Euphonious One and the Nice one,1977,,"Adventure,Crime",10
tt9844368,Out of Liberty,2019,111,"Drama,Western",10
tt9844772,Windcatcher Dream,2019,90,"Biography,Drama",10
tt9855170,"Blood, Passion & Coffee",2019,123,Drama,10
tt9856606,Mister T.,2019,103,"Comedy,Drama",10
tt9869994,"The Match, the Annie Tyler Story",2018,81,"Comedy,Drama",10
tt9871454,Samhalinchha Kahile Mann,2022,,"Action,Drama,Romance",10
tt9877460,Thenkasikkatu,2019,129,"Action,Drama",10
tt9881364,Gaja,2008,152,"Action,Comedy,Romance",10
tt9892770,Il mare della nostra storia,2018,70,"Documentary,History",10
tt9900180,Aavahayami,2017,97,Mystery,10
tt9914828,The War of Godzilla,2015,102,"Action,Comedy,Family",10
tt9296810,Die Gewissensfrage,2018,,Drama,10
tt9319890,Bhai - Vyakti Ki Valli,2019,153,"Biography,Comedy,Drama",10
tt9320170,The Beautiful Summer,2023,112,Drama,10
tt9336032,Amazing Elisa,2022,104,"Drama,Fantasy,Thriller",10
tt9358160,Light from Light,2019,83,Drama,10
tt9361810,Red Letters,2019,86,Horror,10
tt9370218,Hitokiri inomatsu,1934,,Drama,10
tt9372344,Desafió Urbano,2018,,Musical,10
tt9377994,Suburban Legends: Life on Rainbow Road,2019,93,Comedy,10
tt9378600,Noise,2019,100,"Sci-Fi,Thriller",10
tt9385870,The Travelling Songstress,1950,87,Drama,10
tt9390194,Yaar Belly,2018,127,Musical,10
tt9391920,Kane no naru oka - Dai sanhen: Kuro no maki,1949,87,Drama,10
tt9395714,"Aitziber, Urdiaingo gaztedia",2017,,Documentary,10
tt9407558,Betrayal,2023,87,War,10
tt9408462,Our Church Thinks We're Dating,2024,102,"Comedy,Family,Romance",10
tt9410034,The Last Bus,2021,86,Drama,10
tt9445256,Ty menya slyshish?,2007,,Family,10
tt9472658,V.I.P. Cop New Year's Eve Mayhem,2018,90,Comedy,10
tt9480330,John Wynn's Mirror Mirror,2019,78,"Drama,Thriller",10
tt9521590,Violet,2020,89,"Drama,Horror",10
tt9527778,Doblemente Embarazada,2019,98,Comedy,10
tt9552452,The Dark End of the Street,2020,69,Drama,10
tt9554692,Listen to the Universe,2019,119,"Drama,Music",10
tt9557068,Grotesque,2022,83,"Comedy,Horror",10
tt9561388,Kart Ahmar,1994,92,Drama,10
tt9561756,Hentai fujin ka-i,1977,61,\N,10
tt9568718,Pink Puzzle,2023,85,"Crime,Thriller",10
tt9574846,Unspeakable Acts,2018,100,Horror,10
tt9596084,Liu fu cha lou,1971,90,War,10
tt9596658,The Texas RailRoad Killer,2020,,Action,10
tt9603432,Dalavere,2019,83,Comedy,10
tt9606374,On the Rocks,2020,96,"Comedy,Drama,Romance",10
tt9610250,Kaptajn Bimse,2019,75,"Adventure,Family,Fantasy",10
tt9614936,Ek Nirnay... Swatahacha Swatasathi,2019,141,Drama,10
tt9618458,Night Blooms,2022,98,Drama,10
tt9619792,The Clock of Redha,2019,97,"Comedy,Fantasy,Romance",10
tt9625672,Safe Space,2022,93,"Drama,Mystery,Thriller",10
tt9632080,Kamen butokai,1949,86,\N,10
tt9647798,Typhoon Family,2019,108,Crime,10
tt9648382,The disciples of Marcel Duchamp,2018,57,Documentary,10
tt9657840,Nigedashita endan,1957,95,Drama,10
tt9670282,Zoombies 2,2019,84,"Action,Adventure,Comedy",10
tt9676194,Der Sprung von der Brücke,1980,94,Drama,10
tt9676242,ModelsBasketball Documentary,2020,48,"Documentary,Drama,Sport",10
tt9681250,Occurrence at Mills Creek,2020,84,"Drama,Horror,Thriller",10
tt9684806,Girls' Night In,2021,91,"Comedy,Drama",10
tt9685948,Deweni Yuddhaya,2023,,"Drama,Thriller",10
tt9686514,The Hero in Northeast,1987,99,"Drama,War",10
tt9697960,Nommara 17,1989,107,"Action,Drama",10
tt9716084,The Forge Reclamation,2019,98,Thriller,10
tt9722898,Genroku suikoden,1952,86,\N,10
tt9724114,Kamen Rider Build New World: Kamen Rider Cross-Z,2019,60,"Action,Fantasy,Sci-Fi",10
tt9724492,Puthandiya,2016,,"Action,Thriller",10
tt9731034,Adem's Hand,2018,85,Drama,10
tt9734692,Day of Terror: Zombie Attacks Satire,2019,60,Comedy,10
tt9738716,The World to Come,2020,105,"Drama,History,Romance",10
tt9740770,Getäuscht,1920,,Drama,10
tt9742582,Tatu,2017,101,Adventure,10
tt9753764,Zustrich odnoklasnykiv,2019,90,Comedy,10
tt9769668,Tughlaq Durbar,2021,145,"Comedy,Drama,Thriller",10
tt9772374,Bloody Hell,2020,93,"Comedy,Horror,Mystery",10
tt9775996,Twisted,2022,85,Thriller,10
tt9777352,Kanan Kiri OK,1989,,Comedy,10
tt9778888,The Mayor of Rione Sanità,2019,115,"Crime,Drama",10
tt9783698,The Uncanny,2023,,"Drama,Thriller",10
tt9784068,Time Apart,2020,80,"Drama,Romance,Sci-Fi",10
tt9793334,Athiran,2019,136,"Drama,Mystery,Romance",10
tt9803316,Riley Parra: Better Angels,2019,111,"Drama,Sci-Fi",10
tt9806258,Shadowtown,2020,84,"Drama,Mystery,Thriller",10
tt9811300,The Key,2022,90,Action,10
tt9812614,Hope,2019,125,"Drama,Romance",10
tt9816816,Shitto,1962,76,"Mystery,Thriller",10
tt9823562,Khatre Da Ghuggu,2020,118,"Comedy,Drama",10
tt9827060,No Turning Back,2017,,"Action,Crime",10
tt9837502,Merry Men: The Real Yoruba Demons,2018,106,"Action,Comedy",10
tt9838374,The Peers,2019,99,\N,10
tt9839686,Schlussklappe,2022,93,"Comedy,Drama",10
tt9844650,Fighting Men of China,2018,123,Drama,10
tt9851854,Major,2022,150,"Action,Biography,Drama",10
tt9852492,Irohanihoheto,1960,109,Drama,10
tt9857850,A Guide to Gunfighters of the Wild West,2021,74,"Comedy,Drama,Western",10
tt9860694,Super Star,2008,,"Comedy,Drama",10
tt9865010,Una chica invisible,2026,80,Comedy,10
tt9878650,Surviving the Storm,2023,113,Drama,10
tt9881572,Noose,2019,100,"Comedy,Drama,Mystery",10
tt9894440,Min pappa Marianne,2020,110,"Comedy,Drama",10
tt9894450,Felicità,2020,81,"Comedy,Drama",10
tt9895024,Heiko's World,2021,118,"Comedy,Drama,Sport",10
tt9900060,Lupin the Third: Fujiko's Lie,2019,58,"Adventure,Animation,Crime",10
tt9905224,The Shooter,1975,,"Adventure,Drama",10
tt9908390,Le lion,2020,95,Comedy,10
tt9293752,Saem,2017,107,"Comedy,Drama,Romance",10
tt9309756,Gather,2020,74,Documentary,10
tt9319882,Hatyapuri,2022,122,"Adventure,Drama,Mystery",10
tt9322476,Fragile,2022,98,"Comedy,Drama,Musical",10
tt9337590,Il fait jour ce matin,2018,50,Drama,10
tt9337862,Yaara Ve,2019,118,"Drama,Family",10
tt9343700,Kurueru ningyo,1926,,Drama,10
tt9343780,Gokoku no onî,1927,,Drama,10
tt9352926,The Sound of Silence,2019,88,Drama,10
tt9354118,Our Father's Keeper,2020,92,Drama,10
tt9354450,Golden Time,2017,115,Drama,10
tt9358398,Open Borders,2019,82,"Action,Adventure,Drama",10
tt9359942,Calcutta. Tutti in piedi,2018,91,"Documentary,Music",10
tt9362930,Blue Beetle,2023,127,"Action,Adventure,Sci-Fi",10
tt9364862,Kamaitachi,1932,,Drama,10
tt9382638,Possessões,2018,91,Horror,10
tt9411912,Far Too Personal,2020,102,"Comedy,Drama",10
tt9412268,Furie,2019,98,"Action,Drama,Thriller",10
tt9415480,Kutoteguni Sukeroku: kôhen,1926,,Drama,10
tt9425856,One More Shot,2025,88,"Comedy,Drama",10
tt9430518,Ringa Ringa Mon,2005,82,"Musical,Romance",10
tt9448656,Çinar,2018,99,Drama,10
tt9451848,A Fiend's Love,2019,86,Fantasy,10
tt9454176,Aamhi Befikar,2019,,Romance,10
tt9458110,Luka,2023,94,"Drama,Sci-Fi",10
tt9466114,The Idea of You,2024,115,"Comedy,Drama,Music",10
tt9471502,Kitchen Talk,2020,89,Family,10
tt9488378,April Again,2019,50,Drama,10
tt9503782,Spetter! en het Romanov Raadsel,2007,,Family,10
tt9506678,Kenjû o migaku otoko,1959,61,Action,10
tt9526760,Bola Alakh Niranjan,2019,,Family,10
tt9538090,La leyenda del payaso asesino,2021,,Horror,10
tt9552162,Kakegurui: The Movie,2019,119,"Drama,Mystery,Thriller",10
tt9557820,Girls Don't Cry,2018,99,Drama,10
tt9578746,The Adventure of A.R.I.: My Robot Friend,2020,89,"Family,Sci-Fi",10
tt9588024,The Hart-Break Killer,2019,66,"Horror,Thriller",10
tt9592496,Pogaru,2021,160,Action,10
tt9597404,Hanggang kailan?,2019,110,"Drama,Romance",10
tt9597902,D'étoile en étoile,2020,86,Comedy,10
tt9603212,Mission: Impossible - Dead Reckoning Part One,2023,163,"Action,Adventure,Thriller",10
tt9633612,Facade,2020,88,Thriller,10
tt9654240,Monty and the Street Party,2019,80,"Animation,Comedy,Family",10
tt9660326,Bridge,2023,,Drama,10
tt9673176,Winners,2022,85,"Drama,Family",10
tt9675374,Two Dogs,2021,82,Drama,10
tt9685828,Anubhab,1977,,Drama,10
tt9686730,Feral,2019,74,"Adventure,Drama,Thriller",10
tt9689664,Ajapa tengoku,1953,85,Comedy,10
tt9689696,Wander,2020,94,Thriller,10
tt9691336,Jaanu,2020,151,"Drama,Romance",10
tt9692046,The Lost Scene V: Retribution,2020,52,Action,10
tt9694012,Whirlwind,1963,89,Comedy,10
tt9713418,The Last Front,2024,98,"Action,Adventure,Drama",10
tt9720866,Hora Police,2016,,Comedy,10
tt9732214,La rivincita,2020,,"Comedy,Drama",10
tt9740272,Naukar Vahuti Da,2019,120,Comedy,10
tt9752248,Silent Night,2020,93,"Crime,Thriller",10
tt9753314,The Shepherd's Supper,2023,,Drama,10
tt9755252,Climate of the Hunter,2019,82,"Horror,Mystery",10
tt9760512,D/O Parvathamma,2019,110,Action,10
tt9766310,Kanpuriye,2019,103,Drama,10
tt9789346,Fûsha no aru machi,1966,90,"Drama,Romance",10
tt9789686,The Blonde One,2019,108,"Drama,Romance",10
tt9790536,Light in the Tropics,2020,260,Drama,10
tt9800752,Till drömmarnas land,2019,88,"Comedy,Drama",10
tt9815714,The Hard Way,2019,92,Action,10
tt9817216,Gosok,2004,136,Comedy,10
tt9861480,Atlas,2021,90,Drama,10
tt9866072,Holidate,2020,104,"Comedy,Romance",10
tt9892604,Divine Decision: Double Down,2021,86,"Drama,Romance",10
tt9893084,Italian Studies,2021,81,Drama,10
tt9907782,The Cursed,2021,111,"Fantasy,Horror,Mystery",10
tt9311360,Mottitta Mullakal,2018,112,Drama,10
tt9313816,The Unlikely Encounter,2017,107,"Drama,Family",10
tt9319918,Sanju Weds Geetha 2,2025,122,Romance,10
tt9320226,Yuvarathnaa,2021,161,"Action,Drama",10
tt9331416,Dear Frank,2019,93,"Comedy,Drama,Thriller",10
tt9379404,Gernail Singh,1987,165,"Action,History,Romance",10
tt9389622,Sakaling maging tayo,2019,90,"Comedy,Romance",10
tt9396984,Kaibutsu-kun: Invitation to Monster Land,1981,75,"Adventure,Animation,Comedy",10
tt9404596,Rajawali,2022,87,"Action,Horror,Mystery",10
tt9418878,A Tale of Three Sisters,2019,108,Drama,10
tt9419628,Sarva Line Vyasta Aahet,2019,126,Comedy,10
tt9421442,The Image,2018,95,Drama,10
tt9447444,Marathi Tigers,2016,134,Action,10
tt9452304,I Mirsini den einai moni,2018,82,Drama,10
tt9454778,Joyeuse retraite!,2019,97,Comedy,10
tt9455528,Sakanaya honda,1929,,Drama,10
tt9467386,Life as It Should Be,2020,108,"Comedy,Drama",10
tt9471952,Sükut Evi,2018,97,Drama,10
tt9499932,Out & Out,2018,106,"Crime,Drama",10
tt9517188,3 Bahadur: Rise of the Warriors,2018,94,"Action,Adventure,Animation",10
tt9520140,Portrait of Beauty,2019,127,"Drama,Horror,Thriller",10
tt9531890,The Spring of Baoyintu,2011,91,Drama,10
tt9536816,Saadi Marzi,2019,118,Comedy,10
tt9538008,Mär - A German Tale,2019,72,Drama,10
tt9543092,Eye Without a Face,2021,98,"Horror,Thriller",10
tt9552208,Lotte and the Lost Dragons,2019,78,Animation,10
tt9564748,Le roi d'ici,2019,,Comedy,10
tt9568168,Waiting for the Godmother,2019,96,Comedy,10
tt9572420,The Game,2017,95,"Action,Adventure,Comedy",10
tt9573180,Beware of Children,2019,157,Drama,10
tt9575164,From Miyamoto to You,2019,129,Romance,10
tt9575388,Krutant,2019,116,"Drama,Thriller",10
tt9575438,The Beginning: Feel the Dead,2019,98,"Adventure,Horror",10
tt9575726,And All Their Men,2019,108,"Comedy,Drama,Romance",10
tt9585676,Body Brokers,2021,111,"Drama,Thriller",10
tt9591082,"Tarp musu, mergaiciu",2018,90,Comedy,10
tt9598328,All the Men in My Life,2022,77,\N,10
tt9600178,Mnahi,2008,100,Comedy,10
tt9615016,Dhilluku Dhuddu 2,2019,119,"Comedy,Horror",10
tt9616700,Adu,2020,119,Drama,10
tt9619010,Mesaia Genya no toki,2018,,Action,10
tt9619578,Sizzla and Judgement Yard - From the Garrison to the Stage,2019,219,Documentary,10
tt9621104,Forgotten Journeys,2019,,Drama,10
tt9657076,Keeping Company,2021,82,"Comedy,Crime,Horror",10
tt9658966,Allergy in Love,2019,89,"Comedy,Romance",10
tt9664108,Voyagers,2021,108,"Adventure,Mystery,Sci-Fi",10
tt9708284,"I Love You, You're Perfect, Now Change!",2019,89,Comedy,10
tt9716724,Legs,2019,108,"Action,Adventure,Comedy",10
tt9718474,The Princes,2018,92,Drama,10
tt9723286,Legion. Chronicle of the Ukrainian Galician Army 1918-1919,2015,49,Documentary,10
tt9723326,N.I.N.J.A.S,2020,,Action,10
tt9728406,Ghosts Under the Water,2019,,Thriller,10
tt9731750,Die Abrissbirnen,2019,76,"Comedy,Drama",10
tt9742438,Ajuwaya,2017,,"Drama,Mystery",10
tt9742588,Helene,2020,121,"Biography,Drama,Romance",10
tt9747594,Beasts Clawing at Straws,2020,108,"Crime,Drama,Mystery",10
tt9764180,Mach,2016,,Action,10
tt9778622,Pudy oder Die Lilie blüht auf dem Boden der Flasche,1981,87,Drama,10
tt9806192,I Lost My Body,2019,81,"Animation,Drama,Fantasy",10
tt9808686,Bagpat Ka Dulha,2019,137,Drama,10
tt9812258,G-Loc,2020,92,Sci-Fi,10
tt9815616,Still Got Joy,2020,105,"Biography,Drama",10
tt9817018,When the Moon Was Full,2019,131,"Biography,Crime,Drama",10
tt9817760,Jai Mummy Di,2020,103,"Comedy,Drama,Romance",10
tt9823554,The Lost Generation,2019,,Drama,10
tt9827998,Pearl Part 2,2019,128,Thriller,10
tt9849004,Happily,2021,96,"Comedy,Crime,Romance",10
tt9869564,"April 7, 1980",2020,85,"Action,Drama",10
tt9877846,Prashna Parihara Shala,2019,125,"Action,Drama",10
tt9887520,Season of Love,2019,105,"Comedy,Romance",10
tt9900552,The Sacred Riana: Beginning,2019,111,Horror,10
tt9904010,Dosage Volume IV,2006,,"Action,Documentary,Sport",10
tt9915592,A Husband to Rent,1974,,Comedy,10
